$ /Users/marcovizcarra/miniforge3/envs/procgen-augmented-rl/bin/python -u scripts/train_bc_min.py --dataset-root data/stage1_datasets_L40/shift4_scale_0p8_1p2 --run-name stage1_datasets_L40_stepsweep/bc_shift4_scale_0p8_1p2_steps20000_tr1 --steps 20000 --batch-size 256 --lr 0.0003 --seed 1 --device auto

Device: mps
Run: stage1_datasets_L40_stepsweep/bc_shift4_scale_0p8_1p2_steps20000_tr1 | steps=20000 | batch_size=256 | lr=0.0003 | seed=1
Data: NPZ(manifest=data/stage1_datasets_L40/shift4_scale_0p8_1p2/manifest.json)

BC[stage1_datasets_L40_stepsweep/bc_shift4_scale_0p8_1p2_steps20000_tr1]:   0%|          | 0/20000 [00:00<?, ?it/s]
BC[stage1_datasets_L40_stepsweep/bc_shift4_scale_0p8_1p2_steps20000_tr1]:   0%|          | 0/20000 [00:00<?, ?it/s, acc=0.070, device=mps, eta=3h15m17s, loss=2.7111, sps=1.7]
BC[stage1_datasets_L40_stepsweep/bc_shift4_scale_0p8_1p2_steps20000_tr1]:   0%|          | 1/20000 [00:00<3:10:42,  1.75it/s, acc=0.070, device=mps, eta=3h15m17s, loss=2.7111, sps=1.7]
BC[stage1_datasets_L40_stepsweep/bc_shift4_scale_0p8_1p2_steps20000_tr1]:   0%|          | 7/20000 [00:00<25:17, 13.17it/s, acc=0.070, device=mps, eta=3h15m17s, loss=2.7111, sps=1.7]  
BC[stage1_datasets_L40_stepsweep/bc_shift4_scale_0p8_1p2_steps20000_tr1]:   0%|          | 15/20000 [00:00<12:11, 27.32it/s, acc=0.070, device=mps, eta=3h15m17s, loss=2.7111, sps=1.7]
BC[stage1_datasets_L40_stepsweep/bc_shift4_scale_0p8_1p2_steps20000_tr1]:   0%|          | 21/20000 [00:01<15:44, 21.16it/s, acc=0.070, device=mps, eta=3h15m17s, loss=2.7111, sps=1.7]
BC[stage1_datasets_L40_stepsweep/bc_shift4_scale_0p8_1p2_steps20000_tr1]:   0%|          | 30/20000 [00:01<10:17, 32.35it/s, acc=0.070, device=mps, eta=3h15m17s, loss=2.7111, sps=1.7]
BC[stage1_datasets_L40_stepsweep/bc_shift4_scale_0p8_1p2_steps20000_tr1]:   0%|          | 38/20000 [00:01<08:10, 40.71it/s, acc=0.070, device=mps, eta=3h15m17s, loss=2.7111, sps=1.7]
BC[stage1_datasets_L40_stepsweep/bc_shift4_scale_0p8_1p2_steps20000_tr1]:   0%|          | 45/20000 [00:01<10:06, 32.90it/s, acc=0.070, device=mps, eta=3h15m17s, loss=2.7111, sps=1.7]
BC[stage1_datasets_L40_stepsweep/bc_shift4_scale_0p8_1p2_steps20000_tr1]:   0%|          | 51/20000 [00:01<09:04, 36.66it/s, acc=0.070, device=mps, eta=3h15m17s, loss=2.7111, sps=1.7]
BC[stage1_datasets_L40_stepsweep/bc_shift4_scale_0p8_1p2_steps20000_tr1]:   0%|          | 58/20000 [00:01<07:52, 42.18it/s, acc=0.070, device=mps, eta=3h15m17s, loss=2.7111, sps=1.7]
BC[stage1_datasets_L40_stepsweep/bc_shift4_scale_0p8_1p2_steps20000_tr1]:   0%|          | 64/20000 [00:02<10:14, 32.44it/s, acc=0.070, device=mps, eta=3h15m17s, loss=2.7111, sps=1.7]
BC[stage1_datasets_L40_stepsweep/bc_shift4_scale_0p8_1p2_steps20000_tr1]:   0%|          | 70/20000 [00:02<09:01, 36.84it/s, acc=0.070, device=mps, eta=3h15m17s, loss=2.7111, sps=1.7]
BC[stage1_datasets_L40_stepsweep/bc_shift4_scale_0p8_1p2_steps20000_tr1]:   0%|          | 77/20000 [00:02<07:49, 42.46it/s, acc=0.070, device=mps, eta=3h15m17s, loss=2.7111, sps=1.7]
BC[stage1_datasets_L40_stepsweep/bc_shift4_scale_0p8_1p2_steps20000_tr1]:   0%|          | 83/20000 [00:02<10:02, 33.08it/s, acc=0.070, device=mps, eta=3h15m17s, loss=2.7111, sps=1.7]
BC[stage1_datasets_L40_stepsweep/bc_shift4_scale_0p8_1p2_steps20000_tr1]:   0%|          | 91/20000 [00:02<08:05, 40.98it/s, acc=0.070, device=mps, eta=3h15m17s, loss=2.7111, sps=1.7]
BC[stage1_datasets_L40_stepsweep/bc_shift4_scale_0p8_1p2_steps20000_tr1]:   0%|          | 99/20000 [00:02<06:55, 47.89it/s, acc=0.070, device=mps, eta=3h15m17s, loss=2.7111, sps=1.7]
BC[stage1_datasets_L40_stepsweep/bc_shift4_scale_0p8_1p2_steps20000_tr1]:   1%|          | 105/20000 [00:03<09:04, 36.52it/s, acc=0.070, device=mps, eta=3h15m17s, loss=2.7111, sps=1.7]
BC[stage1_datasets_L40_stepsweep/bc_shift4_scale_0p8_1p2_steps20000_tr1]:   1%|          | 113/20000 [00:03<07:32, 43.94it/s, acc=0.070, device=mps, eta=3h15m17s, loss=2.7111, sps=1.7]
BC[stage1_datasets_L40_stepsweep/bc_shift4_scale_0p8_1p2_steps20000_tr1]:   1%|          | 121/20000 [00:03<09:11, 36.06it/s, acc=0.070, device=mps, eta=3h15m17s, loss=2.7111, sps=1.7]
BC[stage1_datasets_L40_stepsweep/bc_shift4_scale_0p8_1p2_steps20000_tr1]:   1%|          | 129/20000 [00:03<07:41, 43.02it/s, acc=0.070, device=mps, eta=3h15m17s, loss=2.7111, sps=1.7]
BC[stage1_datasets_L40_stepsweep/bc_shift4_scale_0p8_1p2_steps20000_tr1]:   1%|          | 137/20000 [00:03<06:43, 49.26it/s, acc=0.070, device=mps, eta=3h15m17s, loss=2.7111, sps=1.7]
BC[stage1_datasets_L40_stepsweep/bc_shift4_scale_0p8_1p2_steps20000_tr1]:   1%|          | 144/20000 [00:04<08:39, 38.21it/s, acc=0.070, device=mps, eta=3h15m17s, loss=2.7111, sps=1.7]
BC[stage1_datasets_L40_stepsweep/bc_shift4_scale_0p8_1p2_steps20000_tr1]:   1%|          | 152/20000 [00:04<07:20, 45.03it/s, acc=0.070, device=mps, eta=3h15m17s, loss=2.7111, sps=1.7]
BC[stage1_datasets_L40_stepsweep/bc_shift4_scale_0p8_1p2_steps20000_tr1]:   1%|          | 160/20000 [00:04<06:24, 51.61it/s, acc=0.070, device=mps, eta=3h15m17s, loss=2.7111, sps=1.7]
BC[stage1_datasets_L40_stepsweep/bc_shift4_scale_0p8_1p2_steps20000_tr1]:   1%|          | 167/20000 [00:04<08:27, 39.05it/s, acc=0.070, device=mps, eta=3h15m17s, loss=2.7111, sps=1.7]
BC[stage1_datasets_L40_stepsweep/bc_shift4_scale_0p8_1p2_steps20000_tr1]:   1%|          | 175/20000 [00:04<07:13, 45.73it/s, acc=0.070, device=mps, eta=3h15m17s, loss=2.7111, sps=1.7]
BC[stage1_datasets_L40_stepsweep/bc_shift4_scale_0p8_1p2_steps20000_tr1]:   1%|          | 181/20000 [00:05<09:07, 36.21it/s, acc=0.070, device=mps, eta=3h15m17s, loss=2.7111, sps=1.7]
BC[stage1_datasets_L40_stepsweep/bc_shift4_scale_0p8_1p2_steps20000_tr1]:   1%|          | 189/20000 [00:05<07:36, 43.44it/s, acc=0.070, device=mps, eta=3h15m17s, loss=2.7111, sps=1.7]
BC[stage1_datasets_L40_stepsweep/bc_shift4_scale_0p8_1p2_steps20000_tr1]:   1%|          | 197/20000 [00:05<06:37, 49.85it/s, acc=0.070, device=mps, eta=3h15m17s, loss=2.7111, sps=1.7]
BC[stage1_datasets_L40_stepsweep/bc_shift4_scale_0p8_1p2_steps20000_tr1]:   1%|          | 197/20000 [00:05<06:37, 49.85it/s, acc=0.253, device=mps, eta=8m42s, loss=2.1546, sps=37.9]  
BC[stage1_datasets_L40_stepsweep/bc_shift4_scale_0p8_1p2_steps20000_tr1]:   1%|          | 204/20000 [00:05<08:42, 37.90it/s, acc=0.253, device=mps, eta=8m42s, loss=2.1546, sps=37.9]
BC[stage1_datasets_L40_stepsweep/bc_shift4_scale_0p8_1p2_steps20000_tr1]:   1%|          | 212/20000 [00:05<07:21, 44.84it/s, acc=0.253, device=mps, eta=8m42s, loss=2.1546, sps=37.9]
BC[stage1_datasets_L40_stepsweep/bc_shift4_scale_0p8_1p2_steps20000_tr1]:   1%|          | 220/20000 [00:05<06:24, 51.43it/s, acc=0.253, device=mps, eta=8m42s, loss=2.1546, sps=37.9]
BC[stage1_datasets_L40_stepsweep/bc_shift4_scale_0p8_1p2_steps20000_tr1]:   1%|          | 227/20000 [00:06<08:30, 38.73it/s, acc=0.253, device=mps, eta=8m42s, loss=2.1546, sps=37.9]
BC[stage1_datasets_L40_stepsweep/bc_shift4_scale_0p8_1p2_steps20000_tr1]:   1%|          | 235/20000 [00:06<07:14, 45.50it/s, acc=0.253, device=mps, eta=8m42s, loss=2.1546, sps=37.9]
BC[stage1_datasets_L40_stepsweep/bc_shift4_scale_0p8_1p2_steps20000_tr1]:   1%|          | 241/20000 [00:06<09:15, 35.56it/s, acc=0.253, device=mps, eta=8m42s, loss=2.1546, sps=37.9]
BC[stage1_datasets_L40_stepsweep/bc_shift4_scale_0p8_1p2_steps20000_tr1]:   1%|          | 249/20000 [00:06<07:40, 42.85it/s, acc=0.253, device=mps, eta=8m42s, loss=2.1546, sps=37.9]
BC[stage1_datasets_L40_stepsweep/bc_shift4_scale_0p8_1p2_steps20000_tr1]:   1%|▏         | 257/20000 [00:06<06:41, 49.22it/s, acc=0.253, device=mps, eta=8m42s, loss=2.1546, sps=37.9]
BC[stage1_datasets_L40_stepsweep/bc_shift4_scale_0p8_1p2_steps20000_tr1]:   1%|▏         | 264/20000 [00:06<08:39, 37.98it/s, acc=0.253, device=mps, eta=8m42s, loss=2.1546, sps=37.9]
BC[stage1_datasets_L40_stepsweep/bc_shift4_scale_0p8_1p2_steps20000_tr1]:   1%|▏         | 272/20000 [00:07<07:19, 44.90it/s, acc=0.253, device=mps, eta=8m42s, loss=2.1546, sps=37.9]
BC[stage1_datasets_L40_stepsweep/bc_shift4_scale_0p8_1p2_steps20000_tr1]:   1%|▏         | 280/20000 [00:07<06:22, 51.52it/s, acc=0.253, device=mps, eta=8m42s, loss=2.1546, sps=37.9]
BC[stage1_datasets_L40_stepsweep/bc_shift4_scale_0p8_1p2_steps20000_tr1]:   1%|▏         | 287/20000 [00:07<08:27, 38.85it/s, acc=0.253, device=mps, eta=8m42s, loss=2.1546, sps=37.9]
BC[stage1_datasets_L40_stepsweep/bc_shift4_scale_0p8_1p2_steps20000_tr1]:   1%|▏         | 295/20000 [00:07<07:11, 45.62it/s, acc=0.253, device=mps, eta=8m42s, loss=2.1546, sps=37.9]
BC[stage1_datasets_L40_stepsweep/bc_shift4_scale_0p8_1p2_steps20000_tr1]:   2%|▏         | 301/20000 [00:07<09:13, 35.58it/s, acc=0.253, device=mps, eta=8m42s, loss=2.1546, sps=37.9]
BC[stage1_datasets_L40_stepsweep/bc_shift4_scale_0p8_1p2_steps20000_tr1]:   2%|▏         | 309/20000 [00:07<07:38, 42.93it/s, acc=0.253, device=mps, eta=8m42s, loss=2.1546, sps=37.9]
BC[stage1_datasets_L40_stepsweep/bc_shift4_scale_0p8_1p2_steps20000_tr1]:   2%|▏         | 317/20000 [00:08<06:38, 49.37it/s, acc=0.253, device=mps, eta=8m42s, loss=2.1546, sps=37.9]
BC[stage1_datasets_L40_stepsweep/bc_shift4_scale_0p8_1p2_steps20000_tr1]:   2%|▏         | 324/20000 [00:08<08:28, 38.71it/s, acc=0.253, device=mps, eta=8m42s, loss=2.1546, sps=37.9]
BC[stage1_datasets_L40_stepsweep/bc_shift4_scale_0p8_1p2_steps20000_tr1]:   2%|▏         | 332/20000 [00:08<07:10, 45.64it/s, acc=0.253, device=mps, eta=8m42s, loss=2.1546, sps=37.9]
BC[stage1_datasets_L40_stepsweep/bc_shift4_scale_0p8_1p2_steps20000_tr1]:   2%|▏         | 340/20000 [00:08<06:15, 52.32it/s, acc=0.253, device=mps, eta=8m42s, loss=2.1546, sps=37.9]
BC[stage1_datasets_L40_stepsweep/bc_shift4_scale_0p8_1p2_steps20000_tr1]:   2%|▏         | 347/20000 [00:08<08:23, 38.99it/s, acc=0.253, device=mps, eta=8m42s, loss=2.1546, sps=37.9]
BC[stage1_datasets_L40_stepsweep/bc_shift4_scale_0p8_1p2_steps20000_tr1]:   2%|▏         | 353/20000 [00:08<07:49, 41.82it/s, acc=0.253, device=mps, eta=8m42s, loss=2.1546, sps=37.9]
BC[stage1_datasets_L40_stepsweep/bc_shift4_scale_0p8_1p2_steps20000_tr1]:   2%|▏         | 360/20000 [00:09<06:58, 46.93it/s, acc=0.253, device=mps, eta=8m42s, loss=2.1546, sps=37.9]
BC[stage1_datasets_L40_stepsweep/bc_shift4_scale_0p8_1p2_steps20000_tr1]:   2%|▏         | 366/20000 [00:09<09:21, 34.95it/s, acc=0.253, device=mps, eta=8m42s, loss=2.1546, sps=37.9]
BC[stage1_datasets_L40_stepsweep/bc_shift4_scale_0p8_1p2_steps20000_tr1]:   2%|▏         | 372/20000 [00:09<08:19, 39.29it/s, acc=0.253, device=mps, eta=8m42s, loss=2.1546, sps=37.9]
BC[stage1_datasets_L40_stepsweep/bc_shift4_scale_0p8_1p2_steps20000_tr1]:   2%|▏         | 378/20000 [00:09<07:39, 42.74it/s, acc=0.253, device=mps, eta=8m42s, loss=2.1546, sps=37.9]
BC[stage1_datasets_L40_stepsweep/bc_shift4_scale_0p8_1p2_steps20000_tr1]:   2%|▏         | 384/20000 [00:09<10:07, 32.31it/s, acc=0.253, device=mps, eta=8m42s, loss=2.1546, sps=37.9]
BC[stage1_datasets_L40_stepsweep/bc_shift4_scale_0p8_1p2_steps20000_tr1]:   2%|▏         | 392/20000 [00:09<08:07, 40.19it/s, acc=0.253, device=mps, eta=8m42s, loss=2.1546, sps=37.9]
BC[stage1_datasets_L40_stepsweep/bc_shift4_scale_0p8_1p2_steps20000_tr1]:   2%|▏         | 392/20000 [00:10<08:07, 40.19it/s, acc=0.279, device=mps, eta=8m13s, loss=2.0640, sps=39.7]
BC[stage1_datasets_L40_stepsweep/bc_shift4_scale_0p8_1p2_steps20000_tr1]:   2%|▏         | 400/20000 [00:10<06:47, 48.15it/s, acc=0.279, device=mps, eta=8m13s, loss=2.0640, sps=39.7]
BC[stage1_datasets_L40_stepsweep/bc_shift4_scale_0p8_1p2_steps20000_tr1]:   2%|▏         | 406/20000 [00:10<10:54, 29.95it/s, acc=0.279, device=mps, eta=8m13s, loss=2.0640, sps=39.7]
BC[stage1_datasets_L40_stepsweep/bc_shift4_scale_0p8_1p2_steps20000_tr1]:   2%|▏         | 412/20000 [00:10<09:36, 33.96it/s, acc=0.279, device=mps, eta=8m13s, loss=2.0640, sps=39.7]
BC[stage1_datasets_L40_stepsweep/bc_shift4_scale_0p8_1p2_steps20000_tr1]:   2%|▏         | 419/20000 [00:10<08:16, 39.46it/s, acc=0.279, device=mps, eta=8m13s, loss=2.0640, sps=39.7]
BC[stage1_datasets_L40_stepsweep/bc_shift4_scale_0p8_1p2_steps20000_tr1]:   2%|▏         | 425/20000 [00:10<10:08, 32.17it/s, acc=0.279, device=mps, eta=8m13s, loss=2.0640, sps=39.7]
BC[stage1_datasets_L40_stepsweep/bc_shift4_scale_0p8_1p2_steps20000_tr1]:   2%|▏         | 433/20000 [00:11<08:09, 39.99it/s, acc=0.279, device=mps, eta=8m13s, loss=2.0640, sps=39.7]
BC[stage1_datasets_L40_stepsweep/bc_shift4_scale_0p8_1p2_steps20000_tr1]:   2%|▏         | 441/20000 [00:11<09:34, 34.04it/s, acc=0.279, device=mps, eta=8m13s, loss=2.0640, sps=39.7]
BC[stage1_datasets_L40_stepsweep/bc_shift4_scale_0p8_1p2_steps20000_tr1]:   2%|▏         | 449/20000 [00:11<07:53, 41.25it/s, acc=0.279, device=mps, eta=8m13s, loss=2.0640, sps=39.7]
BC[stage1_datasets_L40_stepsweep/bc_shift4_scale_0p8_1p2_steps20000_tr1]:   2%|▏         | 457/20000 [00:11<06:48, 47.90it/s, acc=0.279, device=mps, eta=8m13s, loss=2.0640, sps=39.7]
BC[stage1_datasets_L40_stepsweep/bc_shift4_scale_0p8_1p2_steps20000_tr1]:   2%|▏         | 463/20000 [00:11<08:53, 36.62it/s, acc=0.279, device=mps, eta=8m13s, loss=2.0640, sps=39.7]
BC[stage1_datasets_L40_stepsweep/bc_shift4_scale_0p8_1p2_steps20000_tr1]:   2%|▏         | 471/20000 [00:11<07:26, 43.78it/s, acc=0.279, device=mps, eta=8m13s, loss=2.0640, sps=39.7]
BC[stage1_datasets_L40_stepsweep/bc_shift4_scale_0p8_1p2_steps20000_tr1]:   2%|▏         | 479/20000 [00:12<06:30, 50.05it/s, acc=0.279, device=mps, eta=8m13s, loss=2.0640, sps=39.7]
BC[stage1_datasets_L40_stepsweep/bc_shift4_scale_0p8_1p2_steps20000_tr1]:   2%|▏         | 486/20000 [00:12<08:57, 36.32it/s, acc=0.279, device=mps, eta=8m13s, loss=2.0640, sps=39.7]
BC[stage1_datasets_L40_stepsweep/bc_shift4_scale_0p8_1p2_steps20000_tr1]:   2%|▏         | 492/20000 [00:12<08:09, 39.83it/s, acc=0.279, device=mps, eta=8m13s, loss=2.0640, sps=39.7]
BC[stage1_datasets_L40_stepsweep/bc_shift4_scale_0p8_1p2_steps20000_tr1]:   2%|▏         | 499/20000 [00:12<07:12, 45.08it/s, acc=0.279, device=mps, eta=8m13s, loss=2.0640, sps=39.7]
BC[stage1_datasets_L40_stepsweep/bc_shift4_scale_0p8_1p2_steps20000_tr1]:   3%|▎         | 505/20000 [00:12<09:20, 34.80it/s, acc=0.279, device=mps, eta=8m13s, loss=2.0640, sps=39.7]
BC[stage1_datasets_L40_stepsweep/bc_shift4_scale_0p8_1p2_steps20000_tr1]:   3%|▎         | 513/20000 [00:13<07:39, 42.42it/s, acc=0.279, device=mps, eta=8m13s, loss=2.0640, sps=39.7]
BC[stage1_datasets_L40_stepsweep/bc_shift4_scale_0p8_1p2_steps20000_tr1]:   3%|▎         | 521/20000 [00:13<09:13, 35.21it/s, acc=0.279, device=mps, eta=8m13s, loss=2.0640, sps=39.7]
BC[stage1_datasets_L40_stepsweep/bc_shift4_scale_0p8_1p2_steps20000_tr1]:   3%|▎         | 529/20000 [00:13<07:40, 42.25it/s, acc=0.279, device=mps, eta=8m13s, loss=2.0640, sps=39.7]
BC[stage1_datasets_L40_stepsweep/bc_shift4_scale_0p8_1p2_steps20000_tr1]:   3%|▎         | 537/20000 [00:13<06:41, 48.45it/s, acc=0.279, device=mps, eta=8m13s, loss=2.0640, sps=39.7]
BC[stage1_datasets_L40_stepsweep/bc_shift4_scale_0p8_1p2_steps20000_tr1]:   3%|▎         | 543/20000 [00:13<09:11, 35.30it/s, acc=0.279, device=mps, eta=8m13s, loss=2.0640, sps=39.7]
BC[stage1_datasets_L40_stepsweep/bc_shift4_scale_0p8_1p2_steps20000_tr1]:   3%|▎         | 548/20000 [00:13<08:34, 37.78it/s, acc=0.279, device=mps, eta=8m13s, loss=2.0640, sps=39.7]
BC[stage1_datasets_L40_stepsweep/bc_shift4_scale_0p8_1p2_steps20000_tr1]:   3%|▎         | 555/20000 [00:14<07:29, 43.21it/s, acc=0.279, device=mps, eta=8m13s, loss=2.0640, sps=39.7]
BC[stage1_datasets_L40_stepsweep/bc_shift4_scale_0p8_1p2_steps20000_tr1]:   3%|▎         | 561/20000 [00:14<09:35, 33.80it/s, acc=0.279, device=mps, eta=8m13s, loss=2.0640, sps=39.7]
BC[stage1_datasets_L40_stepsweep/bc_shift4_scale_0p8_1p2_steps20000_tr1]:   3%|▎         | 569/20000 [00:14<07:46, 41.66it/s, acc=0.279, device=mps, eta=8m13s, loss=2.0640, sps=39.7]
BC[stage1_datasets_L40_stepsweep/bc_shift4_scale_0p8_1p2_steps20000_tr1]:   3%|▎         | 577/20000 [00:14<06:41, 48.41it/s, acc=0.279, device=mps, eta=8m13s, loss=2.0640, sps=39.7]
BC[stage1_datasets_L40_stepsweep/bc_shift4_scale_0p8_1p2_steps20000_tr1]:   3%|▎         | 583/20000 [00:14<08:59, 35.96it/s, acc=0.279, device=mps, eta=8m13s, loss=2.0640, sps=39.7]
BC[stage1_datasets_L40_stepsweep/bc_shift4_scale_0p8_1p2_steps20000_tr1]:   3%|▎         | 591/20000 [00:14<07:27, 43.33it/s, acc=0.279, device=mps, eta=8m13s, loss=2.0640, sps=39.7]
BC[stage1_datasets_L40_stepsweep/bc_shift4_scale_0p8_1p2_steps20000_tr1]:   3%|▎         | 599/20000 [00:15<06:29, 49.80it/s, acc=0.279, device=mps, eta=8m13s, loss=2.0640, sps=39.7]
BC[stage1_datasets_L40_stepsweep/bc_shift4_scale_0p8_1p2_steps20000_tr1]:   3%|▎         | 599/20000 [00:15<06:29, 49.80it/s, acc=0.287, device=mps, eta=8m08s, loss=2.0436, sps=39.7]
BC[stage1_datasets_L40_stepsweep/bc_shift4_scale_0p8_1p2_steps20000_tr1]:   3%|▎         | 606/20000 [00:15<08:27, 38.21it/s, acc=0.287, device=mps, eta=8m08s, loss=2.0436, sps=39.7]
BC[stage1_datasets_L40_stepsweep/bc_shift4_scale_0p8_1p2_steps20000_tr1]:   3%|▎         | 614/20000 [00:15<07:09, 45.16it/s, acc=0.287, device=mps, eta=8m08s, loss=2.0436, sps=39.7]
BC[stage1_datasets_L40_stepsweep/bc_shift4_scale_0p8_1p2_steps20000_tr1]:   3%|▎         | 621/20000 [00:15<08:57, 36.04it/s, acc=0.287, device=mps, eta=8m08s, loss=2.0436, sps=39.7]
BC[stage1_datasets_L40_stepsweep/bc_shift4_scale_0p8_1p2_steps20000_tr1]:   3%|▎         | 629/20000 [00:15<07:29, 43.07it/s, acc=0.287, device=mps, eta=8m08s, loss=2.0436, sps=39.7]
BC[stage1_datasets_L40_stepsweep/bc_shift4_scale_0p8_1p2_steps20000_tr1]:   3%|▎         | 637/20000 [00:15<06:33, 49.18it/s, acc=0.287, device=mps, eta=8m08s, loss=2.0436, sps=39.7]
BC[stage1_datasets_L40_stepsweep/bc_shift4_scale_0p8_1p2_steps20000_tr1]:   3%|▎         | 644/20000 [00:16<08:59, 35.85it/s, acc=0.287, device=mps, eta=8m08s, loss=2.0436, sps=39.7]
BC[stage1_datasets_L40_stepsweep/bc_shift4_scale_0p8_1p2_steps20000_tr1]:   3%|▎         | 650/20000 [00:16<08:11, 39.36it/s, acc=0.287, device=mps, eta=8m08s, loss=2.0436, sps=39.7]
BC[stage1_datasets_L40_stepsweep/bc_shift4_scale_0p8_1p2_steps20000_tr1]:   3%|▎         | 657/20000 [00:16<07:15, 44.41it/s, acc=0.287, device=mps, eta=8m08s, loss=2.0436, sps=39.7]
BC[stage1_datasets_L40_stepsweep/bc_shift4_scale_0p8_1p2_steps20000_tr1]:   3%|▎         | 663/20000 [00:16<09:44, 33.08it/s, acc=0.287, device=mps, eta=8m08s, loss=2.0436, sps=39.7]
BC[stage1_datasets_L40_stepsweep/bc_shift4_scale_0p8_1p2_steps20000_tr1]:   3%|▎         | 668/20000 [00:16<09:01, 35.68it/s, acc=0.287, device=mps, eta=8m08s, loss=2.0436, sps=39.7]
BC[stage1_datasets_L40_stepsweep/bc_shift4_scale_0p8_1p2_steps20000_tr1]:   3%|▎         | 675/20000 [00:17<07:47, 41.33it/s, acc=0.287, device=mps, eta=8m08s, loss=2.0436, sps=39.7]
BC[stage1_datasets_L40_stepsweep/bc_shift4_scale_0p8_1p2_steps20000_tr1]:   3%|▎         | 681/20000 [00:17<09:56, 32.38it/s, acc=0.287, device=mps, eta=8m08s, loss=2.0436, sps=39.7]
BC[stage1_datasets_L40_stepsweep/bc_shift4_scale_0p8_1p2_steps20000_tr1]:   3%|▎         | 689/20000 [00:17<07:57, 40.41it/s, acc=0.287, device=mps, eta=8m08s, loss=2.0436, sps=39.7]
BC[stage1_datasets_L40_stepsweep/bc_shift4_scale_0p8_1p2_steps20000_tr1]:   3%|▎         | 697/20000 [00:17<06:47, 47.31it/s, acc=0.287, device=mps, eta=8m08s, loss=2.0436, sps=39.7]
BC[stage1_datasets_L40_stepsweep/bc_shift4_scale_0p8_1p2_steps20000_tr1]:   4%|▎         | 703/20000 [00:17<09:19, 34.50it/s, acc=0.287, device=mps, eta=8m08s, loss=2.0436, sps=39.7]
BC[stage1_datasets_L40_stepsweep/bc_shift4_scale_0p8_1p2_steps20000_tr1]:   4%|▎         | 708/20000 [00:17<08:39, 37.14it/s, acc=0.287, device=mps, eta=8m08s, loss=2.0436, sps=39.7]
BC[stage1_datasets_L40_stepsweep/bc_shift4_scale_0p8_1p2_steps20000_tr1]:   4%|▎         | 715/20000 [00:18<07:26, 43.15it/s, acc=0.287, device=mps, eta=8m08s, loss=2.0436, sps=39.7]
BC[stage1_datasets_L40_stepsweep/bc_shift4_scale_0p8_1p2_steps20000_tr1]:   4%|▎         | 721/20000 [00:18<09:35, 33.47it/s, acc=0.287, device=mps, eta=8m08s, loss=2.0436, sps=39.7]
BC[stage1_datasets_L40_stepsweep/bc_shift4_scale_0p8_1p2_steps20000_tr1]:   4%|▎         | 729/20000 [00:18<07:44, 41.52it/s, acc=0.287, device=mps, eta=8m08s, loss=2.0436, sps=39.7]
BC[stage1_datasets_L40_stepsweep/bc_shift4_scale_0p8_1p2_steps20000_tr1]:   4%|▎         | 737/20000 [00:18<06:37, 48.47it/s, acc=0.287, device=mps, eta=8m08s, loss=2.0436, sps=39.7]
BC[stage1_datasets_L40_stepsweep/bc_shift4_scale_0p8_1p2_steps20000_tr1]:   4%|▎         | 743/20000 [00:18<08:48, 36.47it/s, acc=0.287, device=mps, eta=8m08s, loss=2.0436, sps=39.7]
BC[stage1_datasets_L40_stepsweep/bc_shift4_scale_0p8_1p2_steps20000_tr1]:   4%|▍         | 751/20000 [00:18<07:18, 43.90it/s, acc=0.287, device=mps, eta=8m08s, loss=2.0436, sps=39.7]
BC[stage1_datasets_L40_stepsweep/bc_shift4_scale_0p8_1p2_steps20000_tr1]:   4%|▍         | 759/20000 [00:19<06:24, 50.04it/s, acc=0.287, device=mps, eta=8m08s, loss=2.0436, sps=39.7]
BC[stage1_datasets_L40_stepsweep/bc_shift4_scale_0p8_1p2_steps20000_tr1]:   4%|▍         | 766/20000 [00:19<08:30, 37.70it/s, acc=0.287, device=mps, eta=8m08s, loss=2.0436, sps=39.7]
BC[stage1_datasets_L40_stepsweep/bc_shift4_scale_0p8_1p2_steps20000_tr1]:   4%|▍         | 774/20000 [00:19<07:09, 44.71it/s, acc=0.287, device=mps, eta=8m08s, loss=2.0436, sps=39.7]
BC[stage1_datasets_L40_stepsweep/bc_shift4_scale_0p8_1p2_steps20000_tr1]:   4%|▍         | 781/20000 [00:19<08:57, 35.76it/s, acc=0.287, device=mps, eta=8m08s, loss=2.0436, sps=39.7]
BC[stage1_datasets_L40_stepsweep/bc_shift4_scale_0p8_1p2_steps20000_tr1]:   4%|▍         | 789/20000 [00:19<07:27, 42.89it/s, acc=0.287, device=mps, eta=8m08s, loss=2.0436, sps=39.7]
BC[stage1_datasets_L40_stepsweep/bc_shift4_scale_0p8_1p2_steps20000_tr1]:   4%|▍         | 797/20000 [00:19<06:29, 49.26it/s, acc=0.287, device=mps, eta=8m08s, loss=2.0436, sps=39.7]
BC[stage1_datasets_L40_stepsweep/bc_shift4_scale_0p8_1p2_steps20000_tr1]:   4%|▍         | 797/20000 [00:20<06:29, 49.26it/s, acc=0.290, device=mps, eta=8m01s, loss=2.0347, sps=39.9]
BC[stage1_datasets_L40_stepsweep/bc_shift4_scale_0p8_1p2_steps20000_tr1]:   4%|▍         | 804/20000 [00:20<08:25, 38.00it/s, acc=0.290, device=mps, eta=8m01s, loss=2.0347, sps=39.9]
BC[stage1_datasets_L40_stepsweep/bc_shift4_scale_0p8_1p2_steps20000_tr1]:   4%|▍         | 812/20000 [00:20<07:06, 44.98it/s, acc=0.290, device=mps, eta=8m01s, loss=2.0347, sps=39.9]
BC[stage1_datasets_L40_stepsweep/bc_shift4_scale_0p8_1p2_steps20000_tr1]:   4%|▍         | 820/20000 [00:20<06:10, 51.72it/s, acc=0.290, device=mps, eta=8m01s, loss=2.0347, sps=39.9]
BC[stage1_datasets_L40_stepsweep/bc_shift4_scale_0p8_1p2_steps20000_tr1]:   4%|▍         | 827/20000 [00:20<08:13, 38.86it/s, acc=0.290, device=mps, eta=8m01s, loss=2.0347, sps=39.9]
BC[stage1_datasets_L40_stepsweep/bc_shift4_scale_0p8_1p2_steps20000_tr1]:   4%|▍         | 835/20000 [00:20<07:00, 45.62it/s, acc=0.290, device=mps, eta=8m01s, loss=2.0347, sps=39.9]
BC[stage1_datasets_L40_stepsweep/bc_shift4_scale_0p8_1p2_steps20000_tr1]:   4%|▍         | 841/20000 [00:21<08:58, 35.56it/s, acc=0.290, device=mps, eta=8m01s, loss=2.0347, sps=39.9]
BC[stage1_datasets_L40_stepsweep/bc_shift4_scale_0p8_1p2_steps20000_tr1]:   4%|▍         | 849/20000 [00:21<07:26, 42.85it/s, acc=0.290, device=mps, eta=8m01s, loss=2.0347, sps=39.9]
BC[stage1_datasets_L40_stepsweep/bc_shift4_scale_0p8_1p2_steps20000_tr1]:   4%|▍         | 857/20000 [00:21<06:29, 49.16it/s, acc=0.290, device=mps, eta=8m01s, loss=2.0347, sps=39.9]
BC[stage1_datasets_L40_stepsweep/bc_shift4_scale_0p8_1p2_steps20000_tr1]:   4%|▍         | 864/20000 [00:21<08:23, 38.02it/s, acc=0.290, device=mps, eta=8m01s, loss=2.0347, sps=39.9]
BC[stage1_datasets_L40_stepsweep/bc_shift4_scale_0p8_1p2_steps20000_tr1]:   4%|▍         | 872/20000 [00:21<07:07, 44.74it/s, acc=0.290, device=mps, eta=8m01s, loss=2.0347, sps=39.9]
BC[stage1_datasets_L40_stepsweep/bc_shift4_scale_0p8_1p2_steps20000_tr1]:   4%|▍         | 880/20000 [00:21<06:13, 51.26it/s, acc=0.290, device=mps, eta=8m01s, loss=2.0347, sps=39.9]
BC[stage1_datasets_L40_stepsweep/bc_shift4_scale_0p8_1p2_steps20000_tr1]:   4%|▍         | 887/20000 [00:22<08:34, 37.12it/s, acc=0.290, device=mps, eta=8m01s, loss=2.0347, sps=39.9]
BC[stage1_datasets_L40_stepsweep/bc_shift4_scale_0p8_1p2_steps20000_tr1]:   4%|▍         | 893/20000 [00:22<07:54, 40.25it/s, acc=0.290, device=mps, eta=8m01s, loss=2.0347, sps=39.9]
BC[stage1_datasets_L40_stepsweep/bc_shift4_scale_0p8_1p2_steps20000_tr1]:   4%|▍         | 900/20000 [00:22<07:02, 45.23it/s, acc=0.290, device=mps, eta=8m01s, loss=2.0347, sps=39.9]
BC[stage1_datasets_L40_stepsweep/bc_shift4_scale_0p8_1p2_steps20000_tr1]:   5%|▍         | 906/20000 [00:22<09:09, 34.78it/s, acc=0.290, device=mps, eta=8m01s, loss=2.0347, sps=39.9]
BC[stage1_datasets_L40_stepsweep/bc_shift4_scale_0p8_1p2_steps20000_tr1]:   5%|▍         | 914/20000 [00:22<07:31, 42.29it/s, acc=0.290, device=mps, eta=8m01s, loss=2.0347, sps=39.9]
BC[stage1_datasets_L40_stepsweep/bc_shift4_scale_0p8_1p2_steps20000_tr1]:   5%|▍         | 921/20000 [00:23<09:13, 34.47it/s, acc=0.290, device=mps, eta=8m01s, loss=2.0347, sps=39.9]
BC[stage1_datasets_L40_stepsweep/bc_shift4_scale_0p8_1p2_steps20000_tr1]:   5%|▍         | 929/20000 [00:23<07:35, 41.83it/s, acc=0.290, device=mps, eta=8m01s, loss=2.0347, sps=39.9]
BC[stage1_datasets_L40_stepsweep/bc_shift4_scale_0p8_1p2_steps20000_tr1]:   5%|▍         | 937/20000 [00:23<06:35, 48.22it/s, acc=0.290, device=mps, eta=8m01s, loss=2.0347, sps=39.9]
BC[stage1_datasets_L40_stepsweep/bc_shift4_scale_0p8_1p2_steps20000_tr1]:   5%|▍         | 943/20000 [00:23<09:00, 35.26it/s, acc=0.290, device=mps, eta=8m01s, loss=2.0347, sps=39.9]
BC[stage1_datasets_L40_stepsweep/bc_shift4_scale_0p8_1p2_steps20000_tr1]:   5%|▍         | 951/20000 [00:23<07:27, 42.59it/s, acc=0.290, device=mps, eta=8m01s, loss=2.0347, sps=39.9]
BC[stage1_datasets_L40_stepsweep/bc_shift4_scale_0p8_1p2_steps20000_tr1]:   5%|▍         | 959/20000 [00:23<06:27, 49.12it/s, acc=0.290, device=mps, eta=8m01s, loss=2.0347, sps=39.9]
BC[stage1_datasets_L40_stepsweep/bc_shift4_scale_0p8_1p2_steps20000_tr1]:   5%|▍         | 966/20000 [00:24<08:22, 37.88it/s, acc=0.290, device=mps, eta=8m01s, loss=2.0347, sps=39.9]
BC[stage1_datasets_L40_stepsweep/bc_shift4_scale_0p8_1p2_steps20000_tr1]:   5%|▍         | 974/20000 [00:24<07:03, 44.92it/s, acc=0.290, device=mps, eta=8m01s, loss=2.0347, sps=39.9]
BC[stage1_datasets_L40_stepsweep/bc_shift4_scale_0p8_1p2_steps20000_tr1]:   5%|▍         | 981/20000 [00:24<08:49, 35.91it/s, acc=0.290, device=mps, eta=8m01s, loss=2.0347, sps=39.9]
BC[stage1_datasets_L40_stepsweep/bc_shift4_scale_0p8_1p2_steps20000_tr1]:   5%|▍         | 989/20000 [00:24<07:21, 43.03it/s, acc=0.290, device=mps, eta=8m01s, loss=2.0347, sps=39.9]
BC[stage1_datasets_L40_stepsweep/bc_shift4_scale_0p8_1p2_steps20000_tr1]:   5%|▍         | 996/20000 [00:24<06:33, 48.26it/s, acc=0.290, device=mps, eta=8m01s, loss=2.0347, sps=39.9]
BC[stage1_datasets_L40_stepsweep/bc_shift4_scale_0p8_1p2_steps20000_tr1]:   5%|▍         | 996/20000 [00:24<06:33, 48.26it/s, acc=0.292, device=mps, eta=7m52s, loss=2.0286, sps=40.3]
BC[stage1_datasets_L40_stepsweep/bc_shift4_scale_0p8_1p2_steps20000_tr1]:   5%|▌         | 1002/20000 [00:25<09:07, 34.70it/s, acc=0.292, device=mps, eta=7m52s, loss=2.0286, sps=40.3]
BC[stage1_datasets_L40_stepsweep/bc_shift4_scale_0p8_1p2_steps20000_tr1]:   5%|▌         | 1008/20000 [00:25<08:09, 38.79it/s, acc=0.292, device=mps, eta=7m52s, loss=2.0286, sps=40.3]
BC[stage1_datasets_L40_stepsweep/bc_shift4_scale_0p8_1p2_steps20000_tr1]:   5%|▌         | 1015/20000 [00:25<07:05, 44.62it/s, acc=0.292, device=mps, eta=7m52s, loss=2.0286, sps=40.3]
BC[stage1_datasets_L40_stepsweep/bc_shift4_scale_0p8_1p2_steps20000_tr1]:   5%|▌         | 1021/20000 [00:25<09:19, 33.92it/s, acc=0.292, device=mps, eta=7m52s, loss=2.0286, sps=40.3]
BC[stage1_datasets_L40_stepsweep/bc_shift4_scale_0p8_1p2_steps20000_tr1]:   5%|▌         | 1029/20000 [00:25<07:35, 41.61it/s, acc=0.292, device=mps, eta=7m52s, loss=2.0286, sps=40.3]
BC[stage1_datasets_L40_stepsweep/bc_shift4_scale_0p8_1p2_steps20000_tr1]:   5%|▌         | 1037/20000 [00:25<06:31, 48.41it/s, acc=0.292, device=mps, eta=7m52s, loss=2.0286, sps=40.3]
BC[stage1_datasets_L40_stepsweep/bc_shift4_scale_0p8_1p2_steps20000_tr1]:   5%|▌         | 1043/20000 [00:26<09:03, 34.87it/s, acc=0.292, device=mps, eta=7m52s, loss=2.0286, sps=40.3]
BC[stage1_datasets_L40_stepsweep/bc_shift4_scale_0p8_1p2_steps20000_tr1]:   5%|▌         | 1049/20000 [00:26<08:12, 38.45it/s, acc=0.292, device=mps, eta=7m52s, loss=2.0286, sps=40.3]
BC[stage1_datasets_L40_stepsweep/bc_shift4_scale_0p8_1p2_steps20000_tr1]:   5%|▌         | 1055/20000 [00:26<07:23, 42.71it/s, acc=0.292, device=mps, eta=7m52s, loss=2.0286, sps=40.3]
BC[stage1_datasets_L40_stepsweep/bc_shift4_scale_0p8_1p2_steps20000_tr1]:   5%|▌         | 1061/20000 [00:26<09:37, 32.78it/s, acc=0.292, device=mps, eta=7m52s, loss=2.0286, sps=40.3]
BC[stage1_datasets_L40_stepsweep/bc_shift4_scale_0p8_1p2_steps20000_tr1]:   5%|▌         | 1066/20000 [00:26<08:55, 35.36it/s, acc=0.292, device=mps, eta=7m52s, loss=2.0286, sps=40.3]
BC[stage1_datasets_L40_stepsweep/bc_shift4_scale_0p8_1p2_steps20000_tr1]:   5%|▌         | 1072/20000 [00:26<07:56, 39.76it/s, acc=0.292, device=mps, eta=7m52s, loss=2.0286, sps=40.3]
BC[stage1_datasets_L40_stepsweep/bc_shift4_scale_0p8_1p2_steps20000_tr1]:   5%|▌         | 1079/20000 [00:26<06:57, 45.31it/s, acc=0.292, device=mps, eta=7m52s, loss=2.0286, sps=40.3]
BC[stage1_datasets_L40_stepsweep/bc_shift4_scale_0p8_1p2_steps20000_tr1]:   5%|▌         | 1085/20000 [00:27<09:05, 34.66it/s, acc=0.292, device=mps, eta=7m52s, loss=2.0286, sps=40.3]
BC[stage1_datasets_L40_stepsweep/bc_shift4_scale_0p8_1p2_steps20000_tr1]:   5%|▌         | 1093/20000 [00:27<07:21, 42.85it/s, acc=0.292, device=mps, eta=7m52s, loss=2.0286, sps=40.3]
BC[stage1_datasets_L40_stepsweep/bc_shift4_scale_0p8_1p2_steps20000_tr1]:   6%|▌         | 1101/20000 [00:27<09:00, 34.97it/s, acc=0.292, device=mps, eta=7m52s, loss=2.0286, sps=40.3]
BC[stage1_datasets_L40_stepsweep/bc_shift4_scale_0p8_1p2_steps20000_tr1]:   6%|▌         | 1106/20000 [00:27<08:24, 37.49it/s, acc=0.292, device=mps, eta=7m52s, loss=2.0286, sps=40.3]
BC[stage1_datasets_L40_stepsweep/bc_shift4_scale_0p8_1p2_steps20000_tr1]:   6%|▌         | 1113/20000 [00:27<07:20, 42.84it/s, acc=0.292, device=mps, eta=7m52s, loss=2.0286, sps=40.3]
BC[stage1_datasets_L40_stepsweep/bc_shift4_scale_0p8_1p2_steps20000_tr1]:   6%|▌         | 1121/20000 [00:28<08:47, 35.81it/s, acc=0.292, device=mps, eta=7m52s, loss=2.0286, sps=40.3]
BC[stage1_datasets_L40_stepsweep/bc_shift4_scale_0p8_1p2_steps20000_tr1]:   6%|▌         | 1129/20000 [00:28<07:17, 43.08it/s, acc=0.292, device=mps, eta=7m52s, loss=2.0286, sps=40.3]
BC[stage1_datasets_L40_stepsweep/bc_shift4_scale_0p8_1p2_steps20000_tr1]:   6%|▌         | 1137/20000 [00:28<06:21, 49.46it/s, acc=0.292, device=mps, eta=7m52s, loss=2.0286, sps=40.3]
BC[stage1_datasets_L40_stepsweep/bc_shift4_scale_0p8_1p2_steps20000_tr1]:   6%|▌         | 1143/20000 [00:28<08:29, 37.01it/s, acc=0.292, device=mps, eta=7m52s, loss=2.0286, sps=40.3]
BC[stage1_datasets_L40_stepsweep/bc_shift4_scale_0p8_1p2_steps20000_tr1]:   6%|▌         | 1151/20000 [00:28<07:06, 44.21it/s, acc=0.292, device=mps, eta=7m52s, loss=2.0286, sps=40.3]
BC[stage1_datasets_L40_stepsweep/bc_shift4_scale_0p8_1p2_steps20000_tr1]:   6%|▌         | 1159/20000 [00:28<06:13, 50.40it/s, acc=0.292, device=mps, eta=7m52s, loss=2.0286, sps=40.3]
BC[stage1_datasets_L40_stepsweep/bc_shift4_scale_0p8_1p2_steps20000_tr1]:   6%|▌         | 1166/20000 [00:29<08:50, 35.49it/s, acc=0.292, device=mps, eta=7m52s, loss=2.0286, sps=40.3]
BC[stage1_datasets_L40_stepsweep/bc_shift4_scale_0p8_1p2_steps20000_tr1]:   6%|▌         | 1172/20000 [00:29<08:00, 39.17it/s, acc=0.292, device=mps, eta=7m52s, loss=2.0286, sps=40.3]
BC[stage1_datasets_L40_stepsweep/bc_shift4_scale_0p8_1p2_steps20000_tr1]:   6%|▌         | 1179/20000 [00:29<07:03, 44.48it/s, acc=0.292, device=mps, eta=7m52s, loss=2.0286, sps=40.3]
BC[stage1_datasets_L40_stepsweep/bc_shift4_scale_0p8_1p2_steps20000_tr1]:   6%|▌         | 1185/20000 [00:29<09:05, 34.51it/s, acc=0.292, device=mps, eta=7m52s, loss=2.0286, sps=40.3]
BC[stage1_datasets_L40_stepsweep/bc_shift4_scale_0p8_1p2_steps20000_tr1]:   6%|▌         | 1193/20000 [00:29<07:26, 42.10it/s, acc=0.292, device=mps, eta=7m52s, loss=2.0286, sps=40.3]
BC[stage1_datasets_L40_stepsweep/bc_shift4_scale_0p8_1p2_steps20000_tr1]:   6%|▌         | 1193/20000 [00:29<07:26, 42.10it/s, acc=0.291, device=mps, eta=7m49s, loss=2.0257, sps=40.1]
BC[stage1_datasets_L40_stepsweep/bc_shift4_scale_0p8_1p2_steps20000_tr1]:   6%|▌         | 1201/20000 [00:30<08:57, 35.01it/s, acc=0.291, device=mps, eta=7m49s, loss=2.0257, sps=40.1]
BC[stage1_datasets_L40_stepsweep/bc_shift4_scale_0p8_1p2_steps20000_tr1]:   6%|▌         | 1209/20000 [00:30<07:25, 42.13it/s, acc=0.291, device=mps, eta=7m49s, loss=2.0257, sps=40.1]
BC[stage1_datasets_L40_stepsweep/bc_shift4_scale_0p8_1p2_steps20000_tr1]:   6%|▌         | 1217/20000 [00:30<06:27, 48.45it/s, acc=0.291, device=mps, eta=7m49s, loss=2.0257, sps=40.1]
BC[stage1_datasets_L40_stepsweep/bc_shift4_scale_0p8_1p2_steps20000_tr1]:   6%|▌         | 1223/20000 [00:30<08:37, 36.30it/s, acc=0.291, device=mps, eta=7m49s, loss=2.0257, sps=40.1]
BC[stage1_datasets_L40_stepsweep/bc_shift4_scale_0p8_1p2_steps20000_tr1]:   6%|▌         | 1231/20000 [00:30<07:13, 43.33it/s, acc=0.291, device=mps, eta=7m49s, loss=2.0257, sps=40.1]
BC[stage1_datasets_L40_stepsweep/bc_shift4_scale_0p8_1p2_steps20000_tr1]:   6%|▌         | 1239/20000 [00:30<06:19, 49.49it/s, acc=0.291, device=mps, eta=7m49s, loss=2.0257, sps=40.1]
BC[stage1_datasets_L40_stepsweep/bc_shift4_scale_0p8_1p2_steps20000_tr1]:   6%|▌         | 1246/20000 [00:31<08:02, 38.87it/s, acc=0.291, device=mps, eta=7m49s, loss=2.0257, sps=40.1]
BC[stage1_datasets_L40_stepsweep/bc_shift4_scale_0p8_1p2_steps20000_tr1]:   6%|▋         | 1254/20000 [00:31<06:49, 45.79it/s, acc=0.291, device=mps, eta=7m49s, loss=2.0257, sps=40.1]
BC[stage1_datasets_L40_stepsweep/bc_shift4_scale_0p8_1p2_steps20000_tr1]:   6%|▋         | 1261/20000 [00:31<08:37, 36.19it/s, acc=0.291, device=mps, eta=7m49s, loss=2.0257, sps=40.1]
BC[stage1_datasets_L40_stepsweep/bc_shift4_scale_0p8_1p2_steps20000_tr1]:   6%|▋         | 1266/20000 [00:31<08:12, 38.06it/s, acc=0.291, device=mps, eta=7m49s, loss=2.0257, sps=40.1]
BC[stage1_datasets_L40_stepsweep/bc_shift4_scale_0p8_1p2_steps20000_tr1]:   6%|▋         | 1273/20000 [00:31<07:10, 43.54it/s, acc=0.291, device=mps, eta=7m49s, loss=2.0257, sps=40.1]
BC[stage1_datasets_L40_stepsweep/bc_shift4_scale_0p8_1p2_steps20000_tr1]:   6%|▋         | 1281/20000 [00:32<08:45, 35.60it/s, acc=0.291, device=mps, eta=7m49s, loss=2.0257, sps=40.1]
BC[stage1_datasets_L40_stepsweep/bc_shift4_scale_0p8_1p2_steps20000_tr1]:   6%|▋         | 1289/20000 [00:32<07:17, 42.81it/s, acc=0.291, device=mps, eta=7m49s, loss=2.0257, sps=40.1]
BC[stage1_datasets_L40_stepsweep/bc_shift4_scale_0p8_1p2_steps20000_tr1]:   6%|▋         | 1297/20000 [00:32<06:20, 49.19it/s, acc=0.291, device=mps, eta=7m49s, loss=2.0257, sps=40.1]
BC[stage1_datasets_L40_stepsweep/bc_shift4_scale_0p8_1p2_steps20000_tr1]:   7%|▋         | 1303/20000 [00:32<08:21, 37.25it/s, acc=0.291, device=mps, eta=7m49s, loss=2.0257, sps=40.1]
BC[stage1_datasets_L40_stepsweep/bc_shift4_scale_0p8_1p2_steps20000_tr1]:   7%|▋         | 1311/20000 [00:32<07:00, 44.46it/s, acc=0.291, device=mps, eta=7m49s, loss=2.0257, sps=40.1]
BC[stage1_datasets_L40_stepsweep/bc_shift4_scale_0p8_1p2_steps20000_tr1]:   7%|▋         | 1319/20000 [00:32<06:06, 50.97it/s, acc=0.291, device=mps, eta=7m49s, loss=2.0257, sps=40.1]
BC[stage1_datasets_L40_stepsweep/bc_shift4_scale_0p8_1p2_steps20000_tr1]:   7%|▋         | 1326/20000 [00:33<08:01, 38.75it/s, acc=0.291, device=mps, eta=7m49s, loss=2.0257, sps=40.1]
BC[stage1_datasets_L40_stepsweep/bc_shift4_scale_0p8_1p2_steps20000_tr1]:   7%|▋         | 1334/20000 [00:33<06:48, 45.65it/s, acc=0.291, device=mps, eta=7m49s, loss=2.0257, sps=40.1]
BC[stage1_datasets_L40_stepsweep/bc_shift4_scale_0p8_1p2_steps20000_tr1]:   7%|▋         | 1341/20000 [00:33<08:34, 36.26it/s, acc=0.291, device=mps, eta=7m49s, loss=2.0257, sps=40.1]
BC[stage1_datasets_L40_stepsweep/bc_shift4_scale_0p8_1p2_steps20000_tr1]:   7%|▋         | 1349/20000 [00:33<07:10, 43.29it/s, acc=0.291, device=mps, eta=7m49s, loss=2.0257, sps=40.1]
BC[stage1_datasets_L40_stepsweep/bc_shift4_scale_0p8_1p2_steps20000_tr1]:   7%|▋         | 1357/20000 [00:33<06:16, 49.49it/s, acc=0.291, device=mps, eta=7m49s, loss=2.0257, sps=40.1]
BC[stage1_datasets_L40_stepsweep/bc_shift4_scale_0p8_1p2_steps20000_tr1]:   7%|▋         | 1364/20000 [00:33<08:28, 36.64it/s, acc=0.291, device=mps, eta=7m49s, loss=2.0257, sps=40.1]
BC[stage1_datasets_L40_stepsweep/bc_shift4_scale_0p8_1p2_steps20000_tr1]:   7%|▋         | 1369/20000 [00:34<08:08, 38.14it/s, acc=0.291, device=mps, eta=7m49s, loss=2.0257, sps=40.1]
BC[stage1_datasets_L40_stepsweep/bc_shift4_scale_0p8_1p2_steps20000_tr1]:   7%|▋         | 1375/20000 [00:34<07:28, 41.49it/s, acc=0.291, device=mps, eta=7m49s, loss=2.0257, sps=40.1]
BC[stage1_datasets_L40_stepsweep/bc_shift4_scale_0p8_1p2_steps20000_tr1]:   7%|▋         | 1381/20000 [00:34<09:36, 32.31it/s, acc=0.291, device=mps, eta=7m49s, loss=2.0257, sps=40.1]
BC[stage1_datasets_L40_stepsweep/bc_shift4_scale_0p8_1p2_steps20000_tr1]:   7%|▋         | 1389/20000 [00:34<07:44, 40.04it/s, acc=0.291, device=mps, eta=7m49s, loss=2.0257, sps=40.1]
BC[stage1_datasets_L40_stepsweep/bc_shift4_scale_0p8_1p2_steps20000_tr1]:   7%|▋         | 1397/20000 [00:34<06:35, 47.06it/s, acc=0.291, device=mps, eta=7m49s, loss=2.0257, sps=40.1]
BC[stage1_datasets_L40_stepsweep/bc_shift4_scale_0p8_1p2_steps20000_tr1]:   7%|▋         | 1397/20000 [00:34<06:35, 47.06it/s, acc=0.293, device=mps, eta=7m42s, loss=2.0261, sps=40.3]
BC[stage1_datasets_L40_stepsweep/bc_shift4_scale_0p8_1p2_steps20000_tr1]:   7%|▋         | 1403/20000 [00:35<08:45, 35.40it/s, acc=0.293, device=mps, eta=7m42s, loss=2.0261, sps=40.3]
BC[stage1_datasets_L40_stepsweep/bc_shift4_scale_0p8_1p2_steps20000_tr1]:   7%|▋         | 1411/20000 [00:35<07:14, 42.79it/s, acc=0.293, device=mps, eta=7m42s, loss=2.0261, sps=40.3]
BC[stage1_datasets_L40_stepsweep/bc_shift4_scale_0p8_1p2_steps20000_tr1]:   7%|▋         | 1419/20000 [00:35<06:17, 49.21it/s, acc=0.293, device=mps, eta=7m42s, loss=2.0261, sps=40.3]
BC[stage1_datasets_L40_stepsweep/bc_shift4_scale_0p8_1p2_steps20000_tr1]:   7%|▋         | 1425/20000 [00:35<08:44, 35.41it/s, acc=0.293, device=mps, eta=7m42s, loss=2.0261, sps=40.3]
BC[stage1_datasets_L40_stepsweep/bc_shift4_scale_0p8_1p2_steps20000_tr1]:   7%|▋         | 1431/20000 [00:35<08:00, 38.65it/s, acc=0.293, device=mps, eta=7m42s, loss=2.0261, sps=40.3]
BC[stage1_datasets_L40_stepsweep/bc_shift4_scale_0p8_1p2_steps20000_tr1]:   7%|▋         | 1437/20000 [00:35<07:15, 42.63it/s, acc=0.293, device=mps, eta=7m42s, loss=2.0261, sps=40.3]
BC[stage1_datasets_L40_stepsweep/bc_shift4_scale_0p8_1p2_steps20000_tr1]:   7%|▋         | 1443/20000 [00:36<09:22, 32.98it/s, acc=0.293, device=mps, eta=7m42s, loss=2.0261, sps=40.3]
BC[stage1_datasets_L40_stepsweep/bc_shift4_scale_0p8_1p2_steps20000_tr1]:   7%|▋         | 1451/20000 [00:36<07:34, 40.78it/s, acc=0.293, device=mps, eta=7m42s, loss=2.0261, sps=40.3]
BC[stage1_datasets_L40_stepsweep/bc_shift4_scale_0p8_1p2_steps20000_tr1]:   7%|▋         | 1459/20000 [00:36<06:27, 47.88it/s, acc=0.293, device=mps, eta=7m42s, loss=2.0261, sps=40.3]
BC[stage1_datasets_L40_stepsweep/bc_shift4_scale_0p8_1p2_steps20000_tr1]:   7%|▋         | 1465/20000 [00:36<08:41, 35.53it/s, acc=0.293, device=mps, eta=7m42s, loss=2.0261, sps=40.3]
BC[stage1_datasets_L40_stepsweep/bc_shift4_scale_0p8_1p2_steps20000_tr1]:   7%|▋         | 1470/20000 [00:36<08:17, 37.26it/s, acc=0.293, device=mps, eta=7m42s, loss=2.0261, sps=40.3]
BC[stage1_datasets_L40_stepsweep/bc_shift4_scale_0p8_1p2_steps20000_tr1]:   7%|▋         | 1477/20000 [00:36<07:10, 42.98it/s, acc=0.293, device=mps, eta=7m42s, loss=2.0261, sps=40.3]
BC[stage1_datasets_L40_stepsweep/bc_shift4_scale_0p8_1p2_steps20000_tr1]:   7%|▋         | 1483/20000 [00:37<09:15, 33.33it/s, acc=0.293, device=mps, eta=7m42s, loss=2.0261, sps=40.3]
BC[stage1_datasets_L40_stepsweep/bc_shift4_scale_0p8_1p2_steps20000_tr1]:   7%|▋         | 1491/20000 [00:37<07:27, 41.39it/s, acc=0.293, device=mps, eta=7m42s, loss=2.0261, sps=40.3]
BC[stage1_datasets_L40_stepsweep/bc_shift4_scale_0p8_1p2_steps20000_tr1]:   7%|▋         | 1499/20000 [00:37<06:23, 48.27it/s, acc=0.293, device=mps, eta=7m42s, loss=2.0261, sps=40.3]
BC[stage1_datasets_L40_stepsweep/bc_shift4_scale_0p8_1p2_steps20000_tr1]:   8%|▊         | 1505/20000 [00:37<08:28, 36.39it/s, acc=0.293, device=mps, eta=7m42s, loss=2.0261, sps=40.3]
BC[stage1_datasets_L40_stepsweep/bc_shift4_scale_0p8_1p2_steps20000_tr1]:   8%|▊         | 1513/20000 [00:37<07:02, 43.75it/s, acc=0.293, device=mps, eta=7m42s, loss=2.0261, sps=40.3]
BC[stage1_datasets_L40_stepsweep/bc_shift4_scale_0p8_1p2_steps20000_tr1]:   8%|▊         | 1521/20000 [00:37<08:33, 36.00it/s, acc=0.293, device=mps, eta=7m42s, loss=2.0261, sps=40.3]
BC[stage1_datasets_L40_stepsweep/bc_shift4_scale_0p8_1p2_steps20000_tr1]:   8%|▊         | 1529/20000 [00:38<07:09, 42.99it/s, acc=0.293, device=mps, eta=7m42s, loss=2.0261, sps=40.3]
BC[stage1_datasets_L40_stepsweep/bc_shift4_scale_0p8_1p2_steps20000_tr1]:   8%|▊         | 1537/20000 [00:38<06:15, 49.21it/s, acc=0.293, device=mps, eta=7m42s, loss=2.0261, sps=40.3]
BC[stage1_datasets_L40_stepsweep/bc_shift4_scale_0p8_1p2_steps20000_tr1]:   8%|▊         | 1544/20000 [00:38<08:03, 38.21it/s, acc=0.293, device=mps, eta=7m42s, loss=2.0261, sps=40.3]
BC[stage1_datasets_L40_stepsweep/bc_shift4_scale_0p8_1p2_steps20000_tr1]:   8%|▊         | 1552/20000 [00:38<06:49, 45.01it/s, acc=0.293, device=mps, eta=7m42s, loss=2.0261, sps=40.3]
BC[stage1_datasets_L40_stepsweep/bc_shift4_scale_0p8_1p2_steps20000_tr1]:   8%|▊         | 1560/20000 [00:38<05:58, 51.49it/s, acc=0.293, device=mps, eta=7m42s, loss=2.0261, sps=40.3]
BC[stage1_datasets_L40_stepsweep/bc_shift4_scale_0p8_1p2_steps20000_tr1]:   8%|▊         | 1567/20000 [00:39<08:26, 36.40it/s, acc=0.293, device=mps, eta=7m42s, loss=2.0261, sps=40.3]
BC[stage1_datasets_L40_stepsweep/bc_shift4_scale_0p8_1p2_steps20000_tr1]:   8%|▊         | 1573/20000 [00:39<07:44, 39.66it/s, acc=0.293, device=mps, eta=7m42s, loss=2.0261, sps=40.3]
BC[stage1_datasets_L40_stepsweep/bc_shift4_scale_0p8_1p2_steps20000_tr1]:   8%|▊         | 1580/20000 [00:39<06:46, 45.28it/s, acc=0.293, device=mps, eta=7m42s, loss=2.0261, sps=40.3]
BC[stage1_datasets_L40_stepsweep/bc_shift4_scale_0p8_1p2_steps20000_tr1]:   8%|▊         | 1586/20000 [00:39<08:55, 34.42it/s, acc=0.293, device=mps, eta=7m42s, loss=2.0261, sps=40.3]
BC[stage1_datasets_L40_stepsweep/bc_shift4_scale_0p8_1p2_steps20000_tr1]:   8%|▊         | 1594/20000 [00:39<07:19, 41.83it/s, acc=0.293, device=mps, eta=7m42s, loss=2.0261, sps=40.3]
BC[stage1_datasets_L40_stepsweep/bc_shift4_scale_0p8_1p2_steps20000_tr1]:   8%|▊         | 1594/20000 [00:39<07:19, 41.83it/s, acc=0.295, device=mps, eta=7m37s, loss=2.0169, sps=40.3]
BC[stage1_datasets_L40_stepsweep/bc_shift4_scale_0p8_1p2_steps20000_tr1]:   8%|▊         | 1601/20000 [00:39<08:58, 34.15it/s, acc=0.295, device=mps, eta=7m37s, loss=2.0169, sps=40.3]
BC[stage1_datasets_L40_stepsweep/bc_shift4_scale_0p8_1p2_steps20000_tr1]:   8%|▊         | 1609/20000 [00:40<07:23, 41.45it/s, acc=0.295, device=mps, eta=7m37s, loss=2.0169, sps=40.3]
BC[stage1_datasets_L40_stepsweep/bc_shift4_scale_0p8_1p2_steps20000_tr1]:   8%|▊         | 1617/20000 [00:40<06:23, 47.92it/s, acc=0.295, device=mps, eta=7m37s, loss=2.0169, sps=40.3]
BC[stage1_datasets_L40_stepsweep/bc_shift4_scale_0p8_1p2_steps20000_tr1]:   8%|▊         | 1623/20000 [00:40<08:48, 34.80it/s, acc=0.295, device=mps, eta=7m37s, loss=2.0169, sps=40.3]
BC[stage1_datasets_L40_stepsweep/bc_shift4_scale_0p8_1p2_steps20000_tr1]:   8%|▊         | 1629/20000 [00:40<08:01, 38.16it/s, acc=0.295, device=mps, eta=7m37s, loss=2.0169, sps=40.3]
BC[stage1_datasets_L40_stepsweep/bc_shift4_scale_0p8_1p2_steps20000_tr1]:   8%|▊         | 1636/20000 [00:40<07:04, 43.24it/s, acc=0.295, device=mps, eta=7m37s, loss=2.0169, sps=40.3]
BC[stage1_datasets_L40_stepsweep/bc_shift4_scale_0p8_1p2_steps20000_tr1]:   8%|▊         | 1642/20000 [00:40<09:08, 33.45it/s, acc=0.295, device=mps, eta=7m37s, loss=2.0169, sps=40.3]
BC[stage1_datasets_L40_stepsweep/bc_shift4_scale_0p8_1p2_steps20000_tr1]:   8%|▊         | 1650/20000 [00:41<07:25, 41.22it/s, acc=0.295, device=mps, eta=7m37s, loss=2.0169, sps=40.3]
BC[stage1_datasets_L40_stepsweep/bc_shift4_scale_0p8_1p2_steps20000_tr1]:   8%|▊         | 1658/20000 [00:41<06:21, 48.06it/s, acc=0.295, device=mps, eta=7m37s, loss=2.0169, sps=40.3]
BC[stage1_datasets_L40_stepsweep/bc_shift4_scale_0p8_1p2_steps20000_tr1]:   8%|▊         | 1664/20000 [00:41<08:22, 36.51it/s, acc=0.295, device=mps, eta=7m37s, loss=2.0169, sps=40.3]
BC[stage1_datasets_L40_stepsweep/bc_shift4_scale_0p8_1p2_steps20000_tr1]:   8%|▊         | 1672/20000 [00:41<06:58, 43.83it/s, acc=0.295, device=mps, eta=7m37s, loss=2.0169, sps=40.3]
BC[stage1_datasets_L40_stepsweep/bc_shift4_scale_0p8_1p2_steps20000_tr1]:   8%|▊         | 1680/20000 [00:41<06:02, 50.60it/s, acc=0.295, device=mps, eta=7m37s, loss=2.0169, sps=40.3]
BC[stage1_datasets_L40_stepsweep/bc_shift4_scale_0p8_1p2_steps20000_tr1]:   8%|▊         | 1687/20000 [00:42<08:22, 36.45it/s, acc=0.295, device=mps, eta=7m37s, loss=2.0169, sps=40.3]
BC[stage1_datasets_L40_stepsweep/bc_shift4_scale_0p8_1p2_steps20000_tr1]:   8%|▊         | 1693/20000 [00:42<07:40, 39.78it/s, acc=0.295, device=mps, eta=7m37s, loss=2.0169, sps=40.3]
BC[stage1_datasets_L40_stepsweep/bc_shift4_scale_0p8_1p2_steps20000_tr1]:   8%|▊         | 1700/20000 [00:42<06:46, 45.04it/s, acc=0.295, device=mps, eta=7m37s, loss=2.0169, sps=40.3]
BC[stage1_datasets_L40_stepsweep/bc_shift4_scale_0p8_1p2_steps20000_tr1]:   9%|▊         | 1706/20000 [00:42<08:49, 34.54it/s, acc=0.295, device=mps, eta=7m37s, loss=2.0169, sps=40.3]
BC[stage1_datasets_L40_stepsweep/bc_shift4_scale_0p8_1p2_steps20000_tr1]:   9%|▊         | 1714/20000 [00:42<07:13, 42.15it/s, acc=0.295, device=mps, eta=7m37s, loss=2.0169, sps=40.3]
BC[stage1_datasets_L40_stepsweep/bc_shift4_scale_0p8_1p2_steps20000_tr1]:   9%|▊         | 1721/20000 [00:42<08:51, 34.38it/s, acc=0.295, device=mps, eta=7m37s, loss=2.0169, sps=40.3]
BC[stage1_datasets_L40_stepsweep/bc_shift4_scale_0p8_1p2_steps20000_tr1]:   9%|▊         | 1729/20000 [00:43<07:18, 41.69it/s, acc=0.295, device=mps, eta=7m37s, loss=2.0169, sps=40.3]
BC[stage1_datasets_L40_stepsweep/bc_shift4_scale_0p8_1p2_steps20000_tr1]:   9%|▊         | 1737/20000 [00:43<06:15, 48.63it/s, acc=0.295, device=mps, eta=7m37s, loss=2.0169, sps=40.3]
BC[stage1_datasets_L40_stepsweep/bc_shift4_scale_0p8_1p2_steps20000_tr1]:   9%|▊         | 1744/20000 [00:43<08:04, 37.71it/s, acc=0.295, device=mps, eta=7m37s, loss=2.0169, sps=40.3]
BC[stage1_datasets_L40_stepsweep/bc_shift4_scale_0p8_1p2_steps20000_tr1]:   9%|▉         | 1752/20000 [00:43<06:48, 44.63it/s, acc=0.295, device=mps, eta=7m37s, loss=2.0169, sps=40.3]
BC[stage1_datasets_L40_stepsweep/bc_shift4_scale_0p8_1p2_steps20000_tr1]:   9%|▉         | 1760/20000 [00:43<05:55, 51.24it/s, acc=0.295, device=mps, eta=7m37s, loss=2.0169, sps=40.3]
BC[stage1_datasets_L40_stepsweep/bc_shift4_scale_0p8_1p2_steps20000_tr1]:   9%|▉         | 1767/20000 [00:43<07:51, 38.68it/s, acc=0.295, device=mps, eta=7m37s, loss=2.0169, sps=40.3]
BC[stage1_datasets_L40_stepsweep/bc_shift4_scale_0p8_1p2_steps20000_tr1]:   9%|▉         | 1775/20000 [00:44<06:40, 45.46it/s, acc=0.295, device=mps, eta=7m37s, loss=2.0169, sps=40.3]
BC[stage1_datasets_L40_stepsweep/bc_shift4_scale_0p8_1p2_steps20000_tr1]:   9%|▉         | 1781/20000 [00:44<08:32, 35.54it/s, acc=0.295, device=mps, eta=7m37s, loss=2.0169, sps=40.3]
BC[stage1_datasets_L40_stepsweep/bc_shift4_scale_0p8_1p2_steps20000_tr1]:   9%|▉         | 1789/20000 [00:44<07:03, 42.98it/s, acc=0.295, device=mps, eta=7m37s, loss=2.0169, sps=40.3]
BC[stage1_datasets_L40_stepsweep/bc_shift4_scale_0p8_1p2_steps20000_tr1]:   9%|▉         | 1797/20000 [00:44<06:08, 49.35it/s, acc=0.295, device=mps, eta=7m37s, loss=2.0169, sps=40.3]
BC[stage1_datasets_L40_stepsweep/bc_shift4_scale_0p8_1p2_steps20000_tr1]:   9%|▉         | 1797/20000 [00:44<06:08, 49.35it/s, acc=0.294, device=mps, eta=7m31s, loss=2.0154, sps=40.4]
BC[stage1_datasets_L40_stepsweep/bc_shift4_scale_0p8_1p2_steps20000_tr1]:   9%|▉         | 1804/20000 [00:44<07:58, 38.02it/s, acc=0.294, device=mps, eta=7m31s, loss=2.0154, sps=40.4]
BC[stage1_datasets_L40_stepsweep/bc_shift4_scale_0p8_1p2_steps20000_tr1]:   9%|▉         | 1812/20000 [00:44<06:45, 44.84it/s, acc=0.294, device=mps, eta=7m31s, loss=2.0154, sps=40.4]
BC[stage1_datasets_L40_stepsweep/bc_shift4_scale_0p8_1p2_steps20000_tr1]:   9%|▉         | 1820/20000 [00:45<05:54, 51.28it/s, acc=0.294, device=mps, eta=7m31s, loss=2.0154, sps=40.4]
BC[stage1_datasets_L40_stepsweep/bc_shift4_scale_0p8_1p2_steps20000_tr1]:   9%|▉         | 1827/20000 [00:45<08:21, 36.25it/s, acc=0.294, device=mps, eta=7m31s, loss=2.0154, sps=40.4]
BC[stage1_datasets_L40_stepsweep/bc_shift4_scale_0p8_1p2_steps20000_tr1]:   9%|▉         | 1833/20000 [00:45<07:36, 39.84it/s, acc=0.294, device=mps, eta=7m31s, loss=2.0154, sps=40.4]
BC[stage1_datasets_L40_stepsweep/bc_shift4_scale_0p8_1p2_steps20000_tr1]:   9%|▉         | 1840/20000 [00:45<06:41, 45.23it/s, acc=0.294, device=mps, eta=7m31s, loss=2.0154, sps=40.4]
BC[stage1_datasets_L40_stepsweep/bc_shift4_scale_0p8_1p2_steps20000_tr1]:   9%|▉         | 1846/20000 [00:45<08:46, 34.50it/s, acc=0.294, device=mps, eta=7m31s, loss=2.0154, sps=40.4]
BC[stage1_datasets_L40_stepsweep/bc_shift4_scale_0p8_1p2_steps20000_tr1]:   9%|▉         | 1854/20000 [00:45<07:10, 42.20it/s, acc=0.294, device=mps, eta=7m31s, loss=2.0154, sps=40.4]
BC[stage1_datasets_L40_stepsweep/bc_shift4_scale_0p8_1p2_steps20000_tr1]:   9%|▉         | 1861/20000 [00:46<08:49, 34.27it/s, acc=0.294, device=mps, eta=7m31s, loss=2.0154, sps=40.4]
BC[stage1_datasets_L40_stepsweep/bc_shift4_scale_0p8_1p2_steps20000_tr1]:   9%|▉         | 1868/20000 [00:46<07:42, 39.20it/s, acc=0.294, device=mps, eta=7m31s, loss=2.0154, sps=40.4]
BC[stage1_datasets_L40_stepsweep/bc_shift4_scale_0p8_1p2_steps20000_tr1]:   9%|▉         | 1874/20000 [00:46<07:07, 42.40it/s, acc=0.294, device=mps, eta=7m31s, loss=2.0154, sps=40.4]
BC[stage1_datasets_L40_stepsweep/bc_shift4_scale_0p8_1p2_steps20000_tr1]:   9%|▉         | 1881/20000 [00:46<09:03, 33.35it/s, acc=0.294, device=mps, eta=7m31s, loss=2.0154, sps=40.4]
BC[stage1_datasets_L40_stepsweep/bc_shift4_scale_0p8_1p2_steps20000_tr1]:   9%|▉         | 1889/20000 [00:46<07:22, 40.91it/s, acc=0.294, device=mps, eta=7m31s, loss=2.0154, sps=40.4]
BC[stage1_datasets_L40_stepsweep/bc_shift4_scale_0p8_1p2_steps20000_tr1]:   9%|▉         | 1897/20000 [00:47<06:20, 47.60it/s, acc=0.294, device=mps, eta=7m31s, loss=2.0154, sps=40.4]
BC[stage1_datasets_L40_stepsweep/bc_shift4_scale_0p8_1p2_steps20000_tr1]:  10%|▉         | 1903/20000 [00:47<08:27, 35.64it/s, acc=0.294, device=mps, eta=7m31s, loss=2.0154, sps=40.4]
BC[stage1_datasets_L40_stepsweep/bc_shift4_scale_0p8_1p2_steps20000_tr1]:  10%|▉         | 1909/20000 [00:47<07:35, 39.71it/s, acc=0.294, device=mps, eta=7m31s, loss=2.0154, sps=40.4]
BC[stage1_datasets_L40_stepsweep/bc_shift4_scale_0p8_1p2_steps20000_tr1]:  10%|▉         | 1916/20000 [00:47<06:45, 44.61it/s, acc=0.294, device=mps, eta=7m31s, loss=2.0154, sps=40.4]
BC[stage1_datasets_L40_stepsweep/bc_shift4_scale_0p8_1p2_steps20000_tr1]:  10%|▉         | 1922/20000 [00:47<08:50, 34.09it/s, acc=0.294, device=mps, eta=7m31s, loss=2.0154, sps=40.4]
BC[stage1_datasets_L40_stepsweep/bc_shift4_scale_0p8_1p2_steps20000_tr1]:  10%|▉         | 1930/20000 [00:47<07:10, 42.02it/s, acc=0.294, device=mps, eta=7m31s, loss=2.0154, sps=40.4]
BC[stage1_datasets_L40_stepsweep/bc_shift4_scale_0p8_1p2_steps20000_tr1]:  10%|▉         | 1938/20000 [00:48<06:06, 49.22it/s, acc=0.294, device=mps, eta=7m31s, loss=2.0154, sps=40.4]
BC[stage1_datasets_L40_stepsweep/bc_shift4_scale_0p8_1p2_steps20000_tr1]:  10%|▉         | 1945/20000 [00:48<08:00, 37.59it/s, acc=0.294, device=mps, eta=7m31s, loss=2.0154, sps=40.4]
BC[stage1_datasets_L40_stepsweep/bc_shift4_scale_0p8_1p2_steps20000_tr1]:  10%|▉         | 1953/20000 [00:48<06:43, 44.72it/s, acc=0.294, device=mps, eta=7m31s, loss=2.0154, sps=40.4]
BC[stage1_datasets_L40_stepsweep/bc_shift4_scale_0p8_1p2_steps20000_tr1]:  10%|▉         | 1961/20000 [00:48<08:14, 36.45it/s, acc=0.294, device=mps, eta=7m31s, loss=2.0154, sps=40.4]
BC[stage1_datasets_L40_stepsweep/bc_shift4_scale_0p8_1p2_steps20000_tr1]:  10%|▉         | 1969/20000 [00:48<06:57, 43.15it/s, acc=0.294, device=mps, eta=7m31s, loss=2.0154, sps=40.4]
BC[stage1_datasets_L40_stepsweep/bc_shift4_scale_0p8_1p2_steps20000_tr1]:  10%|▉         | 1977/20000 [00:48<06:06, 49.24it/s, acc=0.294, device=mps, eta=7m31s, loss=2.0154, sps=40.4]
BC[stage1_datasets_L40_stepsweep/bc_shift4_scale_0p8_1p2_steps20000_tr1]:  10%|▉         | 1984/20000 [00:49<08:08, 36.90it/s, acc=0.294, device=mps, eta=7m31s, loss=2.0154, sps=40.4]
BC[stage1_datasets_L40_stepsweep/bc_shift4_scale_0p8_1p2_steps20000_tr1]:  10%|▉         | 1990/20000 [00:49<07:33, 39.73it/s, acc=0.294, device=mps, eta=7m31s, loss=2.0154, sps=40.4]
BC[stage1_datasets_L40_stepsweep/bc_shift4_scale_0p8_1p2_steps20000_tr1]:  10%|▉         | 1996/20000 [00:49<07:04, 42.40it/s, acc=0.294, device=mps, eta=7m31s, loss=2.0154, sps=40.4]
BC[stage1_datasets_L40_stepsweep/bc_shift4_scale_0p8_1p2_steps20000_tr1]:  10%|▉         | 1996/20000 [00:49<07:04, 42.40it/s, acc=0.295, device=mps, eta=7m26s, loss=2.0198, sps=40.3]
BC[stage1_datasets_L40_stepsweep/bc_shift4_scale_0p8_1p2_steps20000_tr1]:  10%|█         | 2002/20000 [00:49<09:19, 32.14it/s, acc=0.295, device=mps, eta=7m26s, loss=2.0198, sps=40.3]
BC[stage1_datasets_L40_stepsweep/bc_shift4_scale_0p8_1p2_steps20000_tr1]:  10%|█         | 2008/20000 [00:49<08:15, 36.34it/s, acc=0.295, device=mps, eta=7m26s, loss=2.0198, sps=40.3]
BC[stage1_datasets_L40_stepsweep/bc_shift4_scale_0p8_1p2_steps20000_tr1]:  10%|█         | 2014/20000 [00:50<07:31, 39.87it/s, acc=0.295, device=mps, eta=7m26s, loss=2.0198, sps=40.3]
BC[stage1_datasets_L40_stepsweep/bc_shift4_scale_0p8_1p2_steps20000_tr1]:  10%|█         | 2021/20000 [00:50<09:31, 31.48it/s, acc=0.295, device=mps, eta=7m26s, loss=2.0198, sps=40.3]
BC[stage1_datasets_L40_stepsweep/bc_shift4_scale_0p8_1p2_steps20000_tr1]:  10%|█         | 2029/20000 [00:50<07:37, 39.27it/s, acc=0.295, device=mps, eta=7m26s, loss=2.0198, sps=40.3]
BC[stage1_datasets_L40_stepsweep/bc_shift4_scale_0p8_1p2_steps20000_tr1]:  10%|█         | 2037/20000 [00:50<06:27, 46.32it/s, acc=0.295, device=mps, eta=7m26s, loss=2.0198, sps=40.3]
BC[stage1_datasets_L40_stepsweep/bc_shift4_scale_0p8_1p2_steps20000_tr1]:  10%|█         | 2043/20000 [00:50<08:36, 34.74it/s, acc=0.295, device=mps, eta=7m26s, loss=2.0198, sps=40.3]
BC[stage1_datasets_L40_stepsweep/bc_shift4_scale_0p8_1p2_steps20000_tr1]:  10%|█         | 2050/20000 [00:50<07:22, 40.54it/s, acc=0.295, device=mps, eta=7m26s, loss=2.0198, sps=40.3]
BC[stage1_datasets_L40_stepsweep/bc_shift4_scale_0p8_1p2_steps20000_tr1]:  10%|█         | 2056/20000 [00:51<06:57, 43.00it/s, acc=0.295, device=mps, eta=7m26s, loss=2.0198, sps=40.3]
BC[stage1_datasets_L40_stepsweep/bc_shift4_scale_0p8_1p2_steps20000_tr1]:  10%|█         | 2062/20000 [00:51<09:05, 32.89it/s, acc=0.295, device=mps, eta=7m26s, loss=2.0198, sps=40.3]
BC[stage1_datasets_L40_stepsweep/bc_shift4_scale_0p8_1p2_steps20000_tr1]:  10%|█         | 2070/20000 [00:51<07:18, 40.89it/s, acc=0.295, device=mps, eta=7m26s, loss=2.0198, sps=40.3]
BC[stage1_datasets_L40_stepsweep/bc_shift4_scale_0p8_1p2_steps20000_tr1]:  10%|█         | 2078/20000 [00:51<06:12, 48.16it/s, acc=0.295, device=mps, eta=7m26s, loss=2.0198, sps=40.3]
BC[stage1_datasets_L40_stepsweep/bc_shift4_scale_0p8_1p2_steps20000_tr1]:  10%|█         | 2084/20000 [00:51<08:20, 35.79it/s, acc=0.295, device=mps, eta=7m26s, loss=2.0198, sps=40.3]
BC[stage1_datasets_L40_stepsweep/bc_shift4_scale_0p8_1p2_steps20000_tr1]:  10%|█         | 2090/20000 [00:52<07:38, 39.07it/s, acc=0.295, device=mps, eta=7m26s, loss=2.0198, sps=40.3]
BC[stage1_datasets_L40_stepsweep/bc_shift4_scale_0p8_1p2_steps20000_tr1]:  10%|█         | 2096/20000 [00:52<07:03, 42.29it/s, acc=0.295, device=mps, eta=7m26s, loss=2.0198, sps=40.3]
BC[stage1_datasets_L40_stepsweep/bc_shift4_scale_0p8_1p2_steps20000_tr1]:  11%|█         | 2102/20000 [00:52<09:20, 31.91it/s, acc=0.295, device=mps, eta=7m26s, loss=2.0198, sps=40.3]
BC[stage1_datasets_L40_stepsweep/bc_shift4_scale_0p8_1p2_steps20000_tr1]:  11%|█         | 2110/20000 [00:52<07:28, 39.90it/s, acc=0.295, device=mps, eta=7m26s, loss=2.0198, sps=40.3]
BC[stage1_datasets_L40_stepsweep/bc_shift4_scale_0p8_1p2_steps20000_tr1]:  11%|█         | 2118/20000 [00:52<06:21, 46.89it/s, acc=0.295, device=mps, eta=7m26s, loss=2.0198, sps=40.3]
BC[stage1_datasets_L40_stepsweep/bc_shift4_scale_0p8_1p2_steps20000_tr1]:  11%|█         | 2124/20000 [00:52<08:17, 35.91it/s, acc=0.295, device=mps, eta=7m26s, loss=2.0198, sps=40.3]
BC[stage1_datasets_L40_stepsweep/bc_shift4_scale_0p8_1p2_steps20000_tr1]:  11%|█         | 2132/20000 [00:53<06:51, 43.42it/s, acc=0.295, device=mps, eta=7m26s, loss=2.0198, sps=40.3]
BC[stage1_datasets_L40_stepsweep/bc_shift4_scale_0p8_1p2_steps20000_tr1]:  11%|█         | 2140/20000 [00:53<05:53, 50.52it/s, acc=0.295, device=mps, eta=7m26s, loss=2.0198, sps=40.3]
BC[stage1_datasets_L40_stepsweep/bc_shift4_scale_0p8_1p2_steps20000_tr1]:  11%|█         | 2147/20000 [00:53<07:46, 38.25it/s, acc=0.295, device=mps, eta=7m26s, loss=2.0198, sps=40.3]
BC[stage1_datasets_L40_stepsweep/bc_shift4_scale_0p8_1p2_steps20000_tr1]:  11%|█         | 2155/20000 [00:53<06:34, 45.21it/s, acc=0.295, device=mps, eta=7m26s, loss=2.0198, sps=40.3]
BC[stage1_datasets_L40_stepsweep/bc_shift4_scale_0p8_1p2_steps20000_tr1]:  11%|█         | 2161/20000 [00:53<08:25, 35.27it/s, acc=0.295, device=mps, eta=7m26s, loss=2.0198, sps=40.3]
BC[stage1_datasets_L40_stepsweep/bc_shift4_scale_0p8_1p2_steps20000_tr1]:  11%|█         | 2169/20000 [00:53<06:57, 42.76it/s, acc=0.295, device=mps, eta=7m26s, loss=2.0198, sps=40.3]
BC[stage1_datasets_L40_stepsweep/bc_shift4_scale_0p8_1p2_steps20000_tr1]:  11%|█         | 2177/20000 [00:54<06:00, 49.44it/s, acc=0.295, device=mps, eta=7m26s, loss=2.0198, sps=40.3]
BC[stage1_datasets_L40_stepsweep/bc_shift4_scale_0p8_1p2_steps20000_tr1]:  11%|█         | 2184/20000 [00:54<07:49, 37.94it/s, acc=0.295, device=mps, eta=7m26s, loss=2.0198, sps=40.3]
BC[stage1_datasets_L40_stepsweep/bc_shift4_scale_0p8_1p2_steps20000_tr1]:  11%|█         | 2192/20000 [00:54<06:35, 45.07it/s, acc=0.295, device=mps, eta=7m26s, loss=2.0198, sps=40.3]
BC[stage1_datasets_L40_stepsweep/bc_shift4_scale_0p8_1p2_steps20000_tr1]:  11%|█         | 2192/20000 [00:54<06:35, 45.07it/s, acc=0.297, device=mps, eta=7m21s, loss=2.0093, sps=40.3]
BC[stage1_datasets_L40_stepsweep/bc_shift4_scale_0p8_1p2_steps20000_tr1]:  11%|█         | 2200/20000 [00:54<05:43, 51.83it/s, acc=0.297, device=mps, eta=7m21s, loss=2.0093, sps=40.3]
BC[stage1_datasets_L40_stepsweep/bc_shift4_scale_0p8_1p2_steps20000_tr1]:  11%|█         | 2207/20000 [00:54<07:39, 38.72it/s, acc=0.297, device=mps, eta=7m21s, loss=2.0093, sps=40.3]
BC[stage1_datasets_L40_stepsweep/bc_shift4_scale_0p8_1p2_steps20000_tr1]:  11%|█         | 2215/20000 [00:54<06:30, 45.54it/s, acc=0.297, device=mps, eta=7m21s, loss=2.0093, sps=40.3]
BC[stage1_datasets_L40_stepsweep/bc_shift4_scale_0p8_1p2_steps20000_tr1]:  11%|█         | 2221/20000 [00:55<08:20, 35.50it/s, acc=0.297, device=mps, eta=7m21s, loss=2.0093, sps=40.3]
BC[stage1_datasets_L40_stepsweep/bc_shift4_scale_0p8_1p2_steps20000_tr1]:  11%|█         | 2229/20000 [00:55<06:55, 42.82it/s, acc=0.297, device=mps, eta=7m21s, loss=2.0093, sps=40.3]
BC[stage1_datasets_L40_stepsweep/bc_shift4_scale_0p8_1p2_steps20000_tr1]:  11%|█         | 2237/20000 [00:55<05:57, 49.65it/s, acc=0.297, device=mps, eta=7m21s, loss=2.0093, sps=40.3]
BC[stage1_datasets_L40_stepsweep/bc_shift4_scale_0p8_1p2_steps20000_tr1]:  11%|█         | 2244/20000 [00:55<07:46, 38.09it/s, acc=0.297, device=mps, eta=7m21s, loss=2.0093, sps=40.3]
BC[stage1_datasets_L40_stepsweep/bc_shift4_scale_0p8_1p2_steps20000_tr1]:  11%|█▏        | 2252/20000 [00:55<06:33, 45.07it/s, acc=0.297, device=mps, eta=7m21s, loss=2.0093, sps=40.3]
BC[stage1_datasets_L40_stepsweep/bc_shift4_scale_0p8_1p2_steps20000_tr1]:  11%|█▏        | 2260/20000 [00:55<05:41, 52.01it/s, acc=0.297, device=mps, eta=7m21s, loss=2.0093, sps=40.3]
BC[stage1_datasets_L40_stepsweep/bc_shift4_scale_0p8_1p2_steps20000_tr1]:  11%|█▏        | 2267/20000 [00:56<07:36, 38.87it/s, acc=0.297, device=mps, eta=7m21s, loss=2.0093, sps=40.3]
BC[stage1_datasets_L40_stepsweep/bc_shift4_scale_0p8_1p2_steps20000_tr1]:  11%|█▏        | 2275/20000 [00:56<06:28, 45.64it/s, acc=0.297, device=mps, eta=7m21s, loss=2.0093, sps=40.3]
BC[stage1_datasets_L40_stepsweep/bc_shift4_scale_0p8_1p2_steps20000_tr1]:  11%|█▏        | 2281/20000 [00:56<08:19, 35.49it/s, acc=0.297, device=mps, eta=7m21s, loss=2.0093, sps=40.3]
BC[stage1_datasets_L40_stepsweep/bc_shift4_scale_0p8_1p2_steps20000_tr1]:  11%|█▏        | 2289/20000 [00:56<06:51, 43.02it/s, acc=0.297, device=mps, eta=7m21s, loss=2.0093, sps=40.3]
BC[stage1_datasets_L40_stepsweep/bc_shift4_scale_0p8_1p2_steps20000_tr1]:  11%|█▏        | 2297/20000 [00:56<05:56, 49.69it/s, acc=0.297, device=mps, eta=7m21s, loss=2.0093, sps=40.3]
BC[stage1_datasets_L40_stepsweep/bc_shift4_scale_0p8_1p2_steps20000_tr1]:  12%|█▏        | 2304/20000 [00:57<07:46, 37.97it/s, acc=0.297, device=mps, eta=7m21s, loss=2.0093, sps=40.3]
BC[stage1_datasets_L40_stepsweep/bc_shift4_scale_0p8_1p2_steps20000_tr1]:  12%|█▏        | 2312/20000 [00:57<06:33, 44.97it/s, acc=0.297, device=mps, eta=7m21s, loss=2.0093, sps=40.3]
BC[stage1_datasets_L40_stepsweep/bc_shift4_scale_0p8_1p2_steps20000_tr1]:  12%|█▏        | 2320/20000 [00:57<05:41, 51.82it/s, acc=0.297, device=mps, eta=7m21s, loss=2.0093, sps=40.3]
BC[stage1_datasets_L40_stepsweep/bc_shift4_scale_0p8_1p2_steps20000_tr1]:  12%|█▏        | 2327/20000 [00:57<07:34, 38.86it/s, acc=0.297, device=mps, eta=7m21s, loss=2.0093, sps=40.3]
BC[stage1_datasets_L40_stepsweep/bc_shift4_scale_0p8_1p2_steps20000_tr1]:  12%|█▏        | 2335/20000 [00:57<06:26, 45.66it/s, acc=0.297, device=mps, eta=7m21s, loss=2.0093, sps=40.3]
BC[stage1_datasets_L40_stepsweep/bc_shift4_scale_0p8_1p2_steps20000_tr1]:  12%|█▏        | 2341/20000 [00:58<08:18, 35.46it/s, acc=0.297, device=mps, eta=7m21s, loss=2.0093, sps=40.3]
BC[stage1_datasets_L40_stepsweep/bc_shift4_scale_0p8_1p2_steps20000_tr1]:  12%|█▏        | 2349/20000 [00:58<06:51, 42.88it/s, acc=0.297, device=mps, eta=7m21s, loss=2.0093, sps=40.3]
BC[stage1_datasets_L40_stepsweep/bc_shift4_scale_0p8_1p2_steps20000_tr1]:  12%|█▏        | 2357/20000 [00:58<05:55, 49.61it/s, acc=0.297, device=mps, eta=7m21s, loss=2.0093, sps=40.3]
BC[stage1_datasets_L40_stepsweep/bc_shift4_scale_0p8_1p2_steps20000_tr1]:  12%|█▏        | 2364/20000 [00:58<07:44, 37.99it/s, acc=0.297, device=mps, eta=7m21s, loss=2.0093, sps=40.3]
BC[stage1_datasets_L40_stepsweep/bc_shift4_scale_0p8_1p2_steps20000_tr1]:  12%|█▏        | 2372/20000 [00:58<06:32, 44.95it/s, acc=0.297, device=mps, eta=7m21s, loss=2.0093, sps=40.3]
BC[stage1_datasets_L40_stepsweep/bc_shift4_scale_0p8_1p2_steps20000_tr1]:  12%|█▏        | 2380/20000 [00:58<05:42, 51.43it/s, acc=0.297, device=mps, eta=7m21s, loss=2.0093, sps=40.3]
BC[stage1_datasets_L40_stepsweep/bc_shift4_scale_0p8_1p2_steps20000_tr1]:  12%|█▏        | 2387/20000 [00:59<07:33, 38.84it/s, acc=0.297, device=mps, eta=7m21s, loss=2.0093, sps=40.3]
BC[stage1_datasets_L40_stepsweep/bc_shift4_scale_0p8_1p2_steps20000_tr1]:  12%|█▏        | 2395/20000 [00:59<06:23, 45.90it/s, acc=0.297, device=mps, eta=7m21s, loss=2.0093, sps=40.3]
BC[stage1_datasets_L40_stepsweep/bc_shift4_scale_0p8_1p2_steps20000_tr1]:  12%|█▏        | 2395/20000 [00:59<06:23, 45.90it/s, acc=0.296, device=mps, eta=7m14s, loss=2.0184, sps=40.5]
BC[stage1_datasets_L40_stepsweep/bc_shift4_scale_0p8_1p2_steps20000_tr1]:  12%|█▏        | 2401/20000 [00:59<08:14, 35.59it/s, acc=0.296, device=mps, eta=7m14s, loss=2.0184, sps=40.5]
BC[stage1_datasets_L40_stepsweep/bc_shift4_scale_0p8_1p2_steps20000_tr1]:  12%|█▏        | 2409/20000 [00:59<06:50, 42.87it/s, acc=0.296, device=mps, eta=7m14s, loss=2.0184, sps=40.5]
BC[stage1_datasets_L40_stepsweep/bc_shift4_scale_0p8_1p2_steps20000_tr1]:  12%|█▏        | 2417/20000 [00:59<05:56, 49.34it/s, acc=0.296, device=mps, eta=7m14s, loss=2.0184, sps=40.5]
BC[stage1_datasets_L40_stepsweep/bc_shift4_scale_0p8_1p2_steps20000_tr1]:  12%|█▏        | 2424/20000 [00:59<07:43, 37.93it/s, acc=0.296, device=mps, eta=7m14s, loss=2.0184, sps=40.5]
BC[stage1_datasets_L40_stepsweep/bc_shift4_scale_0p8_1p2_steps20000_tr1]:  12%|█▏        | 2432/20000 [01:00<06:31, 44.86it/s, acc=0.296, device=mps, eta=7m14s, loss=2.0184, sps=40.5]
BC[stage1_datasets_L40_stepsweep/bc_shift4_scale_0p8_1p2_steps20000_tr1]:  12%|█▏        | 2440/20000 [01:00<05:40, 51.56it/s, acc=0.296, device=mps, eta=7m14s, loss=2.0184, sps=40.5]
BC[stage1_datasets_L40_stepsweep/bc_shift4_scale_0p8_1p2_steps20000_tr1]:  12%|█▏        | 2447/20000 [01:00<07:30, 38.94it/s, acc=0.296, device=mps, eta=7m14s, loss=2.0184, sps=40.5]
BC[stage1_datasets_L40_stepsweep/bc_shift4_scale_0p8_1p2_steps20000_tr1]:  12%|█▏        | 2455/20000 [01:00<06:21, 45.93it/s, acc=0.296, device=mps, eta=7m14s, loss=2.0184, sps=40.5]
BC[stage1_datasets_L40_stepsweep/bc_shift4_scale_0p8_1p2_steps20000_tr1]:  12%|█▏        | 2461/20000 [01:00<08:12, 35.62it/s, acc=0.296, device=mps, eta=7m14s, loss=2.0184, sps=40.5]
BC[stage1_datasets_L40_stepsweep/bc_shift4_scale_0p8_1p2_steps20000_tr1]:  12%|█▏        | 2469/20000 [01:00<06:47, 43.03it/s, acc=0.296, device=mps, eta=7m14s, loss=2.0184, sps=40.5]
BC[stage1_datasets_L40_stepsweep/bc_shift4_scale_0p8_1p2_steps20000_tr1]:  12%|█▏        | 2477/20000 [01:01<05:53, 49.62it/s, acc=0.296, device=mps, eta=7m14s, loss=2.0184, sps=40.5]
BC[stage1_datasets_L40_stepsweep/bc_shift4_scale_0p8_1p2_steps20000_tr1]:  12%|█▏        | 2484/20000 [01:01<07:41, 37.99it/s, acc=0.296, device=mps, eta=7m14s, loss=2.0184, sps=40.5]
BC[stage1_datasets_L40_stepsweep/bc_shift4_scale_0p8_1p2_steps20000_tr1]:  12%|█▏        | 2492/20000 [01:01<06:28, 45.03it/s, acc=0.296, device=mps, eta=7m14s, loss=2.0184, sps=40.5]
BC[stage1_datasets_L40_stepsweep/bc_shift4_scale_0p8_1p2_steps20000_tr1]:  13%|█▎        | 2501/20000 [01:01<07:46, 37.48it/s, acc=0.296, device=mps, eta=7m14s, loss=2.0184, sps=40.5]
BC[stage1_datasets_L40_stepsweep/bc_shift4_scale_0p8_1p2_steps20000_tr1]:  13%|█▎        | 2509/20000 [01:01<06:36, 44.14it/s, acc=0.296, device=mps, eta=7m14s, loss=2.0184, sps=40.5]
BC[stage1_datasets_L40_stepsweep/bc_shift4_scale_0p8_1p2_steps20000_tr1]:  13%|█▎        | 2517/20000 [01:01<05:47, 50.37it/s, acc=0.296, device=mps, eta=7m14s, loss=2.0184, sps=40.5]
BC[stage1_datasets_L40_stepsweep/bc_shift4_scale_0p8_1p2_steps20000_tr1]:  13%|█▎        | 2524/20000 [01:02<07:32, 38.61it/s, acc=0.296, device=mps, eta=7m14s, loss=2.0184, sps=40.5]
BC[stage1_datasets_L40_stepsweep/bc_shift4_scale_0p8_1p2_steps20000_tr1]:  13%|█▎        | 2532/20000 [01:02<06:24, 45.43it/s, acc=0.296, device=mps, eta=7m14s, loss=2.0184, sps=40.5]
BC[stage1_datasets_L40_stepsweep/bc_shift4_scale_0p8_1p2_steps20000_tr1]:  13%|█▎        | 2540/20000 [01:02<05:35, 51.97it/s, acc=0.296, device=mps, eta=7m14s, loss=2.0184, sps=40.5]
BC[stage1_datasets_L40_stepsweep/bc_shift4_scale_0p8_1p2_steps20000_tr1]:  13%|█▎        | 2547/20000 [01:02<07:27, 39.04it/s, acc=0.296, device=mps, eta=7m14s, loss=2.0184, sps=40.5]
BC[stage1_datasets_L40_stepsweep/bc_shift4_scale_0p8_1p2_steps20000_tr1]:  13%|█▎        | 2555/20000 [01:02<06:19, 45.93it/s, acc=0.296, device=mps, eta=7m14s, loss=2.0184, sps=40.5]
BC[stage1_datasets_L40_stepsweep/bc_shift4_scale_0p8_1p2_steps20000_tr1]:  13%|█▎        | 2561/20000 [01:03<08:09, 35.60it/s, acc=0.296, device=mps, eta=7m14s, loss=2.0184, sps=40.5]
BC[stage1_datasets_L40_stepsweep/bc_shift4_scale_0p8_1p2_steps20000_tr1]:  13%|█▎        | 2569/20000 [01:03<06:46, 42.91it/s, acc=0.296, device=mps, eta=7m14s, loss=2.0184, sps=40.5]
BC[stage1_datasets_L40_stepsweep/bc_shift4_scale_0p8_1p2_steps20000_tr1]:  13%|█▎        | 2577/20000 [01:03<05:52, 49.48it/s, acc=0.296, device=mps, eta=7m14s, loss=2.0184, sps=40.5]
BC[stage1_datasets_L40_stepsweep/bc_shift4_scale_0p8_1p2_steps20000_tr1]:  13%|█▎        | 2584/20000 [01:03<07:38, 37.94it/s, acc=0.296, device=mps, eta=7m14s, loss=2.0184, sps=40.5]
BC[stage1_datasets_L40_stepsweep/bc_shift4_scale_0p8_1p2_steps20000_tr1]:  13%|█▎        | 2592/20000 [01:03<06:27, 44.95it/s, acc=0.296, device=mps, eta=7m14s, loss=2.0184, sps=40.5]
BC[stage1_datasets_L40_stepsweep/bc_shift4_scale_0p8_1p2_steps20000_tr1]:  13%|█▎        | 2592/20000 [01:03<06:27, 44.95it/s, acc=0.299, device=mps, eta=7m07s, loss=2.0067, sps=40.7]
BC[stage1_datasets_L40_stepsweep/bc_shift4_scale_0p8_1p2_steps20000_tr1]:  13%|█▎        | 2600/20000 [01:03<05:34, 52.03it/s, acc=0.299, device=mps, eta=7m07s, loss=2.0067, sps=40.7]
BC[stage1_datasets_L40_stepsweep/bc_shift4_scale_0p8_1p2_steps20000_tr1]:  13%|█▎        | 2607/20000 [01:04<07:25, 39.04it/s, acc=0.299, device=mps, eta=7m07s, loss=2.0067, sps=40.7]
BC[stage1_datasets_L40_stepsweep/bc_shift4_scale_0p8_1p2_steps20000_tr1]:  13%|█▎        | 2615/20000 [01:04<06:16, 46.12it/s, acc=0.299, device=mps, eta=7m07s, loss=2.0067, sps=40.7]
BC[stage1_datasets_L40_stepsweep/bc_shift4_scale_0p8_1p2_steps20000_tr1]:  13%|█▎        | 2621/20000 [01:04<08:01, 36.13it/s, acc=0.299, device=mps, eta=7m07s, loss=2.0067, sps=40.7]
BC[stage1_datasets_L40_stepsweep/bc_shift4_scale_0p8_1p2_steps20000_tr1]:  13%|█▎        | 2629/20000 [01:04<06:39, 43.45it/s, acc=0.299, device=mps, eta=7m07s, loss=2.0067, sps=40.7]
BC[stage1_datasets_L40_stepsweep/bc_shift4_scale_0p8_1p2_steps20000_tr1]:  13%|█▎        | 2637/20000 [01:04<05:48, 49.87it/s, acc=0.299, device=mps, eta=7m07s, loss=2.0067, sps=40.7]
BC[stage1_datasets_L40_stepsweep/bc_shift4_scale_0p8_1p2_steps20000_tr1]:  13%|█▎        | 2644/20000 [01:05<07:33, 38.29it/s, acc=0.299, device=mps, eta=7m07s, loss=2.0067, sps=40.7]
BC[stage1_datasets_L40_stepsweep/bc_shift4_scale_0p8_1p2_steps20000_tr1]:  13%|█▎        | 2652/20000 [01:05<06:21, 45.47it/s, acc=0.299, device=mps, eta=7m07s, loss=2.0067, sps=40.7]
BC[stage1_datasets_L40_stepsweep/bc_shift4_scale_0p8_1p2_steps20000_tr1]:  13%|█▎        | 2661/20000 [01:05<07:38, 37.85it/s, acc=0.299, device=mps, eta=7m07s, loss=2.0067, sps=40.7]
BC[stage1_datasets_L40_stepsweep/bc_shift4_scale_0p8_1p2_steps20000_tr1]:  13%|█▎        | 2669/20000 [01:05<06:34, 43.92it/s, acc=0.299, device=mps, eta=7m07s, loss=2.0067, sps=40.7]
BC[stage1_datasets_L40_stepsweep/bc_shift4_scale_0p8_1p2_steps20000_tr1]:  13%|█▎        | 2675/20000 [01:05<06:27, 44.74it/s, acc=0.299, device=mps, eta=7m07s, loss=2.0067, sps=40.7]
BC[stage1_datasets_L40_stepsweep/bc_shift4_scale_0p8_1p2_steps20000_tr1]:  13%|█▎        | 2681/20000 [01:06<08:30, 33.92it/s, acc=0.299, device=mps, eta=7m07s, loss=2.0067, sps=40.7]
BC[stage1_datasets_L40_stepsweep/bc_shift4_scale_0p8_1p2_steps20000_tr1]:  13%|█▎        | 2689/20000 [01:06<06:58, 41.36it/s, acc=0.299, device=mps, eta=7m07s, loss=2.0067, sps=40.7]
BC[stage1_datasets_L40_stepsweep/bc_shift4_scale_0p8_1p2_steps20000_tr1]:  13%|█▎        | 2697/20000 [01:06<05:56, 48.55it/s, acc=0.299, device=mps, eta=7m07s, loss=2.0067, sps=40.7]
BC[stage1_datasets_L40_stepsweep/bc_shift4_scale_0p8_1p2_steps20000_tr1]:  14%|█▎        | 2703/20000 [01:06<07:50, 36.75it/s, acc=0.299, device=mps, eta=7m07s, loss=2.0067, sps=40.7]
BC[stage1_datasets_L40_stepsweep/bc_shift4_scale_0p8_1p2_steps20000_tr1]:  14%|█▎        | 2711/20000 [01:06<06:30, 44.32it/s, acc=0.299, device=mps, eta=7m07s, loss=2.0067, sps=40.7]
BC[stage1_datasets_L40_stepsweep/bc_shift4_scale_0p8_1p2_steps20000_tr1]:  14%|█▎        | 2719/20000 [01:06<05:38, 51.12it/s, acc=0.299, device=mps, eta=7m07s, loss=2.0067, sps=40.7]
BC[stage1_datasets_L40_stepsweep/bc_shift4_scale_0p8_1p2_steps20000_tr1]:  14%|█▎        | 2726/20000 [01:07<07:51, 36.64it/s, acc=0.299, device=mps, eta=7m07s, loss=2.0067, sps=40.7]
BC[stage1_datasets_L40_stepsweep/bc_shift4_scale_0p8_1p2_steps20000_tr1]:  14%|█▎        | 2732/20000 [01:07<07:13, 39.86it/s, acc=0.299, device=mps, eta=7m07s, loss=2.0067, sps=40.7]
BC[stage1_datasets_L40_stepsweep/bc_shift4_scale_0p8_1p2_steps20000_tr1]:  14%|█▎        | 2738/20000 [01:07<06:35, 43.61it/s, acc=0.299, device=mps, eta=7m07s, loss=2.0067, sps=40.7]
BC[stage1_datasets_L40_stepsweep/bc_shift4_scale_0p8_1p2_steps20000_tr1]:  14%|█▎        | 2744/20000 [01:07<08:30, 33.79it/s, acc=0.299, device=mps, eta=7m07s, loss=2.0067, sps=40.7]
BC[stage1_datasets_L40_stepsweep/bc_shift4_scale_0p8_1p2_steps20000_tr1]:  14%|█▍        | 2752/20000 [01:07<06:54, 41.60it/s, acc=0.299, device=mps, eta=7m07s, loss=2.0067, sps=40.7]
BC[stage1_datasets_L40_stepsweep/bc_shift4_scale_0p8_1p2_steps20000_tr1]:  14%|█▍        | 2760/20000 [01:07<05:51, 49.02it/s, acc=0.299, device=mps, eta=7m07s, loss=2.0067, sps=40.7]
BC[stage1_datasets_L40_stepsweep/bc_shift4_scale_0p8_1p2_steps20000_tr1]:  14%|█▍        | 2766/20000 [01:08<07:48, 36.77it/s, acc=0.299, device=mps, eta=7m07s, loss=2.0067, sps=40.7]
BC[stage1_datasets_L40_stepsweep/bc_shift4_scale_0p8_1p2_steps20000_tr1]:  14%|█▍        | 2774/20000 [01:08<06:29, 44.23it/s, acc=0.299, device=mps, eta=7m07s, loss=2.0067, sps=40.7]
BC[stage1_datasets_L40_stepsweep/bc_shift4_scale_0p8_1p2_steps20000_tr1]:  14%|█▍        | 2781/20000 [01:08<08:07, 35.32it/s, acc=0.299, device=mps, eta=7m07s, loss=2.0067, sps=40.7]
BC[stage1_datasets_L40_stepsweep/bc_shift4_scale_0p8_1p2_steps20000_tr1]:  14%|█▍        | 2789/20000 [01:08<06:42, 42.75it/s, acc=0.299, device=mps, eta=7m07s, loss=2.0067, sps=40.7]
BC[stage1_datasets_L40_stepsweep/bc_shift4_scale_0p8_1p2_steps20000_tr1]:  14%|█▍        | 2797/20000 [01:08<05:47, 49.55it/s, acc=0.299, device=mps, eta=7m07s, loss=2.0067, sps=40.7]
BC[stage1_datasets_L40_stepsweep/bc_shift4_scale_0p8_1p2_steps20000_tr1]:  14%|█▍        | 2797/20000 [01:08<05:47, 49.55it/s, acc=0.299, device=mps, eta=7m02s, loss=2.0125, sps=40.8]
BC[stage1_datasets_L40_stepsweep/bc_shift4_scale_0p8_1p2_steps20000_tr1]:  14%|█▍        | 2804/20000 [01:08<07:32, 38.02it/s, acc=0.299, device=mps, eta=7m02s, loss=2.0125, sps=40.8]
BC[stage1_datasets_L40_stepsweep/bc_shift4_scale_0p8_1p2_steps20000_tr1]:  14%|█▍        | 2812/20000 [01:09<06:22, 44.96it/s, acc=0.299, device=mps, eta=7m02s, loss=2.0125, sps=40.8]
BC[stage1_datasets_L40_stepsweep/bc_shift4_scale_0p8_1p2_steps20000_tr1]:  14%|█▍        | 2821/20000 [01:09<07:38, 37.44it/s, acc=0.299, device=mps, eta=7m02s, loss=2.0125, sps=40.8]
BC[stage1_datasets_L40_stepsweep/bc_shift4_scale_0p8_1p2_steps20000_tr1]:  14%|█▍        | 2829/20000 [01:09<06:27, 44.34it/s, acc=0.299, device=mps, eta=7m02s, loss=2.0125, sps=40.8]
BC[stage1_datasets_L40_stepsweep/bc_shift4_scale_0p8_1p2_steps20000_tr1]:  14%|█▍        | 2837/20000 [01:09<05:35, 51.11it/s, acc=0.299, device=mps, eta=7m02s, loss=2.0125, sps=40.8]
BC[stage1_datasets_L40_stepsweep/bc_shift4_scale_0p8_1p2_steps20000_tr1]:  14%|█▍        | 2844/20000 [01:09<07:17, 39.25it/s, acc=0.299, device=mps, eta=7m02s, loss=2.0125, sps=40.8]
BC[stage1_datasets_L40_stepsweep/bc_shift4_scale_0p8_1p2_steps20000_tr1]:  14%|█▍        | 2852/20000 [01:09<06:12, 45.99it/s, acc=0.299, device=mps, eta=7m02s, loss=2.0125, sps=40.8]
BC[stage1_datasets_L40_stepsweep/bc_shift4_scale_0p8_1p2_steps20000_tr1]:  14%|█▍        | 2860/20000 [01:10<05:27, 52.38it/s, acc=0.299, device=mps, eta=7m02s, loss=2.0125, sps=40.8]
BC[stage1_datasets_L40_stepsweep/bc_shift4_scale_0p8_1p2_steps20000_tr1]:  14%|█▍        | 2867/20000 [01:10<07:15, 39.37it/s, acc=0.299, device=mps, eta=7m02s, loss=2.0125, sps=40.8]
BC[stage1_datasets_L40_stepsweep/bc_shift4_scale_0p8_1p2_steps20000_tr1]:  14%|█▍        | 2875/20000 [01:10<06:11, 46.05it/s, acc=0.299, device=mps, eta=7m02s, loss=2.0125, sps=40.8]
BC[stage1_datasets_L40_stepsweep/bc_shift4_scale_0p8_1p2_steps20000_tr1]:  14%|█▍        | 2881/20000 [01:10<07:58, 35.77it/s, acc=0.299, device=mps, eta=7m02s, loss=2.0125, sps=40.8]
BC[stage1_datasets_L40_stepsweep/bc_shift4_scale_0p8_1p2_steps20000_tr1]:  14%|█▍        | 2889/20000 [01:10<06:37, 43.05it/s, acc=0.299, device=mps, eta=7m02s, loss=2.0125, sps=40.8]
BC[stage1_datasets_L40_stepsweep/bc_shift4_scale_0p8_1p2_steps20000_tr1]:  14%|█▍        | 2897/20000 [01:10<05:40, 50.23it/s, acc=0.299, device=mps, eta=7m02s, loss=2.0125, sps=40.8]
BC[stage1_datasets_L40_stepsweep/bc_shift4_scale_0p8_1p2_steps20000_tr1]:  15%|█▍        | 2904/20000 [01:11<07:29, 38.05it/s, acc=0.299, device=mps, eta=7m02s, loss=2.0125, sps=40.8]
BC[stage1_datasets_L40_stepsweep/bc_shift4_scale_0p8_1p2_steps20000_tr1]:  15%|█▍        | 2910/20000 [01:11<06:53, 41.33it/s, acc=0.299, device=mps, eta=7m02s, loss=2.0125, sps=40.8]
BC[stage1_datasets_L40_stepsweep/bc_shift4_scale_0p8_1p2_steps20000_tr1]:  15%|█▍        | 2917/20000 [01:11<06:09, 46.29it/s, acc=0.299, device=mps, eta=7m02s, loss=2.0125, sps=40.8]
BC[stage1_datasets_L40_stepsweep/bc_shift4_scale_0p8_1p2_steps20000_tr1]:  15%|█▍        | 2923/20000 [01:11<08:08, 34.99it/s, acc=0.299, device=mps, eta=7m02s, loss=2.0125, sps=40.8]
BC[stage1_datasets_L40_stepsweep/bc_shift4_scale_0p8_1p2_steps20000_tr1]:  15%|█▍        | 2931/20000 [01:11<06:39, 42.68it/s, acc=0.299, device=mps, eta=7m02s, loss=2.0125, sps=40.8]
BC[stage1_datasets_L40_stepsweep/bc_shift4_scale_0p8_1p2_steps20000_tr1]:  15%|█▍        | 2939/20000 [01:11<05:44, 49.56it/s, acc=0.299, device=mps, eta=7m02s, loss=2.0125, sps=40.8]
BC[stage1_datasets_L40_stepsweep/bc_shift4_scale_0p8_1p2_steps20000_tr1]:  15%|█▍        | 2946/20000 [01:12<07:29, 37.93it/s, acc=0.299, device=mps, eta=7m02s, loss=2.0125, sps=40.8]
BC[stage1_datasets_L40_stepsweep/bc_shift4_scale_0p8_1p2_steps20000_tr1]:  15%|█▍        | 2954/20000 [01:12<06:19, 44.98it/s, acc=0.299, device=mps, eta=7m02s, loss=2.0125, sps=40.8]
BC[stage1_datasets_L40_stepsweep/bc_shift4_scale_0p8_1p2_steps20000_tr1]:  15%|█▍        | 2961/20000 [01:12<07:54, 35.87it/s, acc=0.299, device=mps, eta=7m02s, loss=2.0125, sps=40.8]
BC[stage1_datasets_L40_stepsweep/bc_shift4_scale_0p8_1p2_steps20000_tr1]:  15%|█▍        | 2969/20000 [01:12<06:34, 43.17it/s, acc=0.299, device=mps, eta=7m02s, loss=2.0125, sps=40.8]
BC[stage1_datasets_L40_stepsweep/bc_shift4_scale_0p8_1p2_steps20000_tr1]:  15%|█▍        | 2977/20000 [01:12<05:41, 49.80it/s, acc=0.299, device=mps, eta=7m02s, loss=2.0125, sps=40.8]
BC[stage1_datasets_L40_stepsweep/bc_shift4_scale_0p8_1p2_steps20000_tr1]:  15%|█▍        | 2984/20000 [01:13<07:26, 38.14it/s, acc=0.299, device=mps, eta=7m02s, loss=2.0125, sps=40.8]
BC[stage1_datasets_L40_stepsweep/bc_shift4_scale_0p8_1p2_steps20000_tr1]:  15%|█▍        | 2992/20000 [01:13<06:17, 45.08it/s, acc=0.299, device=mps, eta=7m02s, loss=2.0125, sps=40.8]
BC[stage1_datasets_L40_stepsweep/bc_shift4_scale_0p8_1p2_steps20000_tr1]:  15%|█▍        | 2992/20000 [01:13<06:17, 45.08it/s, acc=0.299, device=mps, eta=6m56s, loss=2.0078, sps=40.9]
BC[stage1_datasets_L40_stepsweep/bc_shift4_scale_0p8_1p2_steps20000_tr1]:  15%|█▌        | 3001/20000 [01:13<07:33, 37.47it/s, acc=0.299, device=mps, eta=6m56s, loss=2.0078, sps=40.9]
BC[stage1_datasets_L40_stepsweep/bc_shift4_scale_0p8_1p2_steps20000_tr1]:  15%|█▌        | 3008/20000 [01:13<06:47, 41.72it/s, acc=0.299, device=mps, eta=6m56s, loss=2.0078, sps=40.9]
BC[stage1_datasets_L40_stepsweep/bc_shift4_scale_0p8_1p2_steps20000_tr1]:  15%|█▌        | 3015/20000 [01:13<06:09, 46.03it/s, acc=0.299, device=mps, eta=6m56s, loss=2.0078, sps=40.9]
BC[stage1_datasets_L40_stepsweep/bc_shift4_scale_0p8_1p2_steps20000_tr1]:  15%|█▌        | 3021/20000 [01:14<08:03, 35.14it/s, acc=0.299, device=mps, eta=6m56s, loss=2.0078, sps=40.9]
BC[stage1_datasets_L40_stepsweep/bc_shift4_scale_0p8_1p2_steps20000_tr1]:  15%|█▌        | 3029/20000 [01:14<06:38, 42.60it/s, acc=0.299, device=mps, eta=6m56s, loss=2.0078, sps=40.9]
BC[stage1_datasets_L40_stepsweep/bc_shift4_scale_0p8_1p2_steps20000_tr1]:  15%|█▌        | 3037/20000 [01:14<05:42, 49.51it/s, acc=0.299, device=mps, eta=6m56s, loss=2.0078, sps=40.9]
BC[stage1_datasets_L40_stepsweep/bc_shift4_scale_0p8_1p2_steps20000_tr1]:  15%|█▌        | 3044/20000 [01:14<07:28, 37.79it/s, acc=0.299, device=mps, eta=6m56s, loss=2.0078, sps=40.9]
BC[stage1_datasets_L40_stepsweep/bc_shift4_scale_0p8_1p2_steps20000_tr1]:  15%|█▌        | 3052/20000 [01:14<06:17, 44.87it/s, acc=0.299, device=mps, eta=6m56s, loss=2.0078, sps=40.9]
BC[stage1_datasets_L40_stepsweep/bc_shift4_scale_0p8_1p2_steps20000_tr1]:  15%|█▌        | 3060/20000 [01:14<05:28, 51.64it/s, acc=0.299, device=mps, eta=6m56s, loss=2.0078, sps=40.9]
BC[stage1_datasets_L40_stepsweep/bc_shift4_scale_0p8_1p2_steps20000_tr1]:  15%|█▌        | 3067/20000 [01:15<07:16, 38.81it/s, acc=0.299, device=mps, eta=6m56s, loss=2.0078, sps=40.9]
BC[stage1_datasets_L40_stepsweep/bc_shift4_scale_0p8_1p2_steps20000_tr1]:  15%|█▌        | 3075/20000 [01:15<06:10, 45.67it/s, acc=0.299, device=mps, eta=6m56s, loss=2.0078, sps=40.9]
BC[stage1_datasets_L40_stepsweep/bc_shift4_scale_0p8_1p2_steps20000_tr1]:  15%|█▌        | 3081/20000 [01:15<07:57, 35.47it/s, acc=0.299, device=mps, eta=6m56s, loss=2.0078, sps=40.9]
BC[stage1_datasets_L40_stepsweep/bc_shift4_scale_0p8_1p2_steps20000_tr1]:  15%|█▌        | 3089/20000 [01:15<06:34, 42.92it/s, acc=0.299, device=mps, eta=6m56s, loss=2.0078, sps=40.9]
BC[stage1_datasets_L40_stepsweep/bc_shift4_scale_0p8_1p2_steps20000_tr1]:  15%|█▌        | 3097/20000 [01:15<05:41, 49.56it/s, acc=0.299, device=mps, eta=6m56s, loss=2.0078, sps=40.9]
BC[stage1_datasets_L40_stepsweep/bc_shift4_scale_0p8_1p2_steps20000_tr1]:  16%|█▌        | 3104/20000 [01:16<07:25, 37.94it/s, acc=0.299, device=mps, eta=6m56s, loss=2.0078, sps=40.9]
BC[stage1_datasets_L40_stepsweep/bc_shift4_scale_0p8_1p2_steps20000_tr1]:  16%|█▌        | 3112/20000 [01:16<06:15, 45.01it/s, acc=0.299, device=mps, eta=6m56s, loss=2.0078, sps=40.9]
BC[stage1_datasets_L40_stepsweep/bc_shift4_scale_0p8_1p2_steps20000_tr1]:  16%|█▌        | 3120/20000 [01:16<05:25, 51.82it/s, acc=0.299, device=mps, eta=6m56s, loss=2.0078, sps=40.9]
BC[stage1_datasets_L40_stepsweep/bc_shift4_scale_0p8_1p2_steps20000_tr1]:  16%|█▌        | 3127/20000 [01:16<07:15, 38.78it/s, acc=0.299, device=mps, eta=6m56s, loss=2.0078, sps=40.9]
BC[stage1_datasets_L40_stepsweep/bc_shift4_scale_0p8_1p2_steps20000_tr1]:  16%|█▌        | 3135/20000 [01:16<06:10, 45.55it/s, acc=0.299, device=mps, eta=6m56s, loss=2.0078, sps=40.9]
BC[stage1_datasets_L40_stepsweep/bc_shift4_scale_0p8_1p2_steps20000_tr1]:  16%|█▌        | 3141/20000 [01:16<07:55, 35.46it/s, acc=0.299, device=mps, eta=6m56s, loss=2.0078, sps=40.9]
BC[stage1_datasets_L40_stepsweep/bc_shift4_scale_0p8_1p2_steps20000_tr1]:  16%|█▌        | 3149/20000 [01:17<06:33, 42.80it/s, acc=0.299, device=mps, eta=6m56s, loss=2.0078, sps=40.9]
BC[stage1_datasets_L40_stepsweep/bc_shift4_scale_0p8_1p2_steps20000_tr1]:  16%|█▌        | 3157/20000 [01:17<05:39, 49.56it/s, acc=0.299, device=mps, eta=6m56s, loss=2.0078, sps=40.9]
BC[stage1_datasets_L40_stepsweep/bc_shift4_scale_0p8_1p2_steps20000_tr1]:  16%|█▌        | 3164/20000 [01:17<07:22, 38.02it/s, acc=0.299, device=mps, eta=6m56s, loss=2.0078, sps=40.9]
BC[stage1_datasets_L40_stepsweep/bc_shift4_scale_0p8_1p2_steps20000_tr1]:  16%|█▌        | 3172/20000 [01:17<06:13, 45.03it/s, acc=0.299, device=mps, eta=6m56s, loss=2.0078, sps=40.9]
BC[stage1_datasets_L40_stepsweep/bc_shift4_scale_0p8_1p2_steps20000_tr1]:  16%|█▌        | 3180/20000 [01:17<05:25, 51.60it/s, acc=0.299, device=mps, eta=6m56s, loss=2.0078, sps=40.9]
BC[stage1_datasets_L40_stepsweep/bc_shift4_scale_0p8_1p2_steps20000_tr1]:  16%|█▌        | 3187/20000 [01:17<07:12, 38.84it/s, acc=0.299, device=mps, eta=6m56s, loss=2.0078, sps=40.9]
BC[stage1_datasets_L40_stepsweep/bc_shift4_scale_0p8_1p2_steps20000_tr1]:  16%|█▌        | 3195/20000 [01:18<06:07, 45.68it/s, acc=0.299, device=mps, eta=6m56s, loss=2.0078, sps=40.9]
BC[stage1_datasets_L40_stepsweep/bc_shift4_scale_0p8_1p2_steps20000_tr1]:  16%|█▌        | 3195/20000 [01:18<06:07, 45.68it/s, acc=0.300, device=mps, eta=6m50s, loss=2.0089, sps=41.0]
BC[stage1_datasets_L40_stepsweep/bc_shift4_scale_0p8_1p2_steps20000_tr1]:  16%|█▌        | 3201/20000 [01:18<07:52, 35.53it/s, acc=0.300, device=mps, eta=6m50s, loss=2.0089, sps=41.0]
BC[stage1_datasets_L40_stepsweep/bc_shift4_scale_0p8_1p2_steps20000_tr1]:  16%|█▌        | 3209/20000 [01:18<06:31, 42.87it/s, acc=0.300, device=mps, eta=6m50s, loss=2.0089, sps=41.0]
BC[stage1_datasets_L40_stepsweep/bc_shift4_scale_0p8_1p2_steps20000_tr1]:  16%|█▌        | 3217/20000 [01:18<05:37, 49.68it/s, acc=0.300, device=mps, eta=6m50s, loss=2.0089, sps=41.0]
BC[stage1_datasets_L40_stepsweep/bc_shift4_scale_0p8_1p2_steps20000_tr1]:  16%|█▌        | 3224/20000 [01:18<07:20, 38.10it/s, acc=0.300, device=mps, eta=6m50s, loss=2.0089, sps=41.0]
BC[stage1_datasets_L40_stepsweep/bc_shift4_scale_0p8_1p2_steps20000_tr1]:  16%|█▌        | 3232/20000 [01:18<06:12, 45.07it/s, acc=0.300, device=mps, eta=6m50s, loss=2.0089, sps=41.0]
BC[stage1_datasets_L40_stepsweep/bc_shift4_scale_0p8_1p2_steps20000_tr1]:  16%|█▌        | 3240/20000 [01:19<05:23, 51.84it/s, acc=0.300, device=mps, eta=6m50s, loss=2.0089, sps=41.0]
BC[stage1_datasets_L40_stepsweep/bc_shift4_scale_0p8_1p2_steps20000_tr1]:  16%|█▌        | 3247/20000 [01:19<07:11, 38.87it/s, acc=0.300, device=mps, eta=6m50s, loss=2.0089, sps=41.0]
BC[stage1_datasets_L40_stepsweep/bc_shift4_scale_0p8_1p2_steps20000_tr1]:  16%|█▋        | 3255/20000 [01:19<06:06, 45.72it/s, acc=0.300, device=mps, eta=6m50s, loss=2.0089, sps=41.0]
BC[stage1_datasets_L40_stepsweep/bc_shift4_scale_0p8_1p2_steps20000_tr1]:  16%|█▋        | 3261/20000 [01:19<07:51, 35.51it/s, acc=0.300, device=mps, eta=6m50s, loss=2.0089, sps=41.0]
BC[stage1_datasets_L40_stepsweep/bc_shift4_scale_0p8_1p2_steps20000_tr1]:  16%|█▋        | 3269/20000 [01:19<06:30, 42.85it/s, acc=0.300, device=mps, eta=6m50s, loss=2.0089, sps=41.0]
BC[stage1_datasets_L40_stepsweep/bc_shift4_scale_0p8_1p2_steps20000_tr1]:  16%|█▋        | 3277/20000 [01:19<05:37, 49.60it/s, acc=0.300, device=mps, eta=6m50s, loss=2.0089, sps=41.0]
BC[stage1_datasets_L40_stepsweep/bc_shift4_scale_0p8_1p2_steps20000_tr1]:  16%|█▋        | 3284/20000 [01:20<07:19, 38.04it/s, acc=0.300, device=mps, eta=6m50s, loss=2.0089, sps=41.0]
BC[stage1_datasets_L40_stepsweep/bc_shift4_scale_0p8_1p2_steps20000_tr1]:  16%|█▋        | 3292/20000 [01:20<06:10, 45.08it/s, acc=0.300, device=mps, eta=6m50s, loss=2.0089, sps=41.0]
BC[stage1_datasets_L40_stepsweep/bc_shift4_scale_0p8_1p2_steps20000_tr1]:  16%|█▋        | 3300/20000 [01:20<05:22, 51.86it/s, acc=0.300, device=mps, eta=6m50s, loss=2.0089, sps=41.0]
BC[stage1_datasets_L40_stepsweep/bc_shift4_scale_0p8_1p2_steps20000_tr1]:  17%|█▋        | 3307/20000 [01:20<07:09, 38.86it/s, acc=0.300, device=mps, eta=6m50s, loss=2.0089, sps=41.0]
BC[stage1_datasets_L40_stepsweep/bc_shift4_scale_0p8_1p2_steps20000_tr1]:  17%|█▋        | 3315/20000 [01:20<06:05, 45.69it/s, acc=0.300, device=mps, eta=6m50s, loss=2.0089, sps=41.0]
BC[stage1_datasets_L40_stepsweep/bc_shift4_scale_0p8_1p2_steps20000_tr1]:  17%|█▋        | 3321/20000 [01:21<07:49, 35.50it/s, acc=0.300, device=mps, eta=6m50s, loss=2.0089, sps=41.0]
BC[stage1_datasets_L40_stepsweep/bc_shift4_scale_0p8_1p2_steps20000_tr1]:  17%|█▋        | 3329/20000 [01:21<06:28, 42.88it/s, acc=0.300, device=mps, eta=6m50s, loss=2.0089, sps=41.0]
BC[stage1_datasets_L40_stepsweep/bc_shift4_scale_0p8_1p2_steps20000_tr1]:  17%|█▋        | 3337/20000 [01:21<05:35, 49.69it/s, acc=0.300, device=mps, eta=6m50s, loss=2.0089, sps=41.0]
BC[stage1_datasets_L40_stepsweep/bc_shift4_scale_0p8_1p2_steps20000_tr1]:  17%|█▋        | 3344/20000 [01:21<07:19, 37.94it/s, acc=0.300, device=mps, eta=6m50s, loss=2.0089, sps=41.0]
BC[stage1_datasets_L40_stepsweep/bc_shift4_scale_0p8_1p2_steps20000_tr1]:  17%|█▋        | 3352/20000 [01:21<06:09, 45.02it/s, acc=0.300, device=mps, eta=6m50s, loss=2.0089, sps=41.0]
BC[stage1_datasets_L40_stepsweep/bc_shift4_scale_0p8_1p2_steps20000_tr1]:  17%|█▋        | 3360/20000 [01:21<05:22, 51.60it/s, acc=0.300, device=mps, eta=6m50s, loss=2.0089, sps=41.0]
BC[stage1_datasets_L40_stepsweep/bc_shift4_scale_0p8_1p2_steps20000_tr1]:  17%|█▋        | 3367/20000 [01:22<07:08, 38.83it/s, acc=0.300, device=mps, eta=6m50s, loss=2.0089, sps=41.0]
BC[stage1_datasets_L40_stepsweep/bc_shift4_scale_0p8_1p2_steps20000_tr1]:  17%|█▋        | 3375/20000 [01:22<06:04, 45.59it/s, acc=0.300, device=mps, eta=6m50s, loss=2.0089, sps=41.0]
BC[stage1_datasets_L40_stepsweep/bc_shift4_scale_0p8_1p2_steps20000_tr1]:  17%|█▋        | 3381/20000 [01:22<07:48, 35.47it/s, acc=0.300, device=mps, eta=6m50s, loss=2.0089, sps=41.0]
BC[stage1_datasets_L40_stepsweep/bc_shift4_scale_0p8_1p2_steps20000_tr1]:  17%|█▋        | 3389/20000 [01:22<06:28, 42.75it/s, acc=0.300, device=mps, eta=6m50s, loss=2.0089, sps=41.0]
BC[stage1_datasets_L40_stepsweep/bc_shift4_scale_0p8_1p2_steps20000_tr1]:  17%|█▋        | 3397/20000 [01:22<05:34, 49.60it/s, acc=0.300, device=mps, eta=6m50s, loss=2.0089, sps=41.0]
BC[stage1_datasets_L40_stepsweep/bc_shift4_scale_0p8_1p2_steps20000_tr1]:  17%|█▋        | 3397/20000 [01:22<05:34, 49.60it/s, acc=0.303, device=mps, eta=6m44s, loss=1.9952, sps=41.1]
BC[stage1_datasets_L40_stepsweep/bc_shift4_scale_0p8_1p2_steps20000_tr1]:  17%|█▋        | 3404/20000 [01:23<07:15, 38.09it/s, acc=0.303, device=mps, eta=6m44s, loss=1.9952, sps=41.1]
BC[stage1_datasets_L40_stepsweep/bc_shift4_scale_0p8_1p2_steps20000_tr1]:  17%|█▋        | 3412/20000 [01:23<06:06, 45.21it/s, acc=0.303, device=mps, eta=6m44s, loss=1.9952, sps=41.1]
BC[stage1_datasets_L40_stepsweep/bc_shift4_scale_0p8_1p2_steps20000_tr1]:  17%|█▋        | 3420/20000 [01:23<05:19, 51.89it/s, acc=0.303, device=mps, eta=6m44s, loss=1.9952, sps=41.1]
BC[stage1_datasets_L40_stepsweep/bc_shift4_scale_0p8_1p2_steps20000_tr1]:  17%|█▋        | 3427/20000 [01:23<07:06, 38.88it/s, acc=0.303, device=mps, eta=6m44s, loss=1.9952, sps=41.1]
BC[stage1_datasets_L40_stepsweep/bc_shift4_scale_0p8_1p2_steps20000_tr1]:  17%|█▋        | 3435/20000 [01:23<06:01, 45.79it/s, acc=0.303, device=mps, eta=6m44s, loss=1.9952, sps=41.1]
BC[stage1_datasets_L40_stepsweep/bc_shift4_scale_0p8_1p2_steps20000_tr1]:  17%|█▋        | 3441/20000 [01:23<07:46, 35.49it/s, acc=0.303, device=mps, eta=6m44s, loss=1.9952, sps=41.1]
BC[stage1_datasets_L40_stepsweep/bc_shift4_scale_0p8_1p2_steps20000_tr1]:  17%|█▋        | 3449/20000 [01:24<06:25, 42.90it/s, acc=0.303, device=mps, eta=6m44s, loss=1.9952, sps=41.1]
BC[stage1_datasets_L40_stepsweep/bc_shift4_scale_0p8_1p2_steps20000_tr1]:  17%|█▋        | 3457/20000 [01:24<05:33, 49.67it/s, acc=0.303, device=mps, eta=6m44s, loss=1.9952, sps=41.1]
BC[stage1_datasets_L40_stepsweep/bc_shift4_scale_0p8_1p2_steps20000_tr1]:  17%|█▋        | 3464/20000 [01:24<07:15, 37.95it/s, acc=0.303, device=mps, eta=6m44s, loss=1.9952, sps=41.1]
BC[stage1_datasets_L40_stepsweep/bc_shift4_scale_0p8_1p2_steps20000_tr1]:  17%|█▋        | 3472/20000 [01:24<06:07, 44.99it/s, acc=0.303, device=mps, eta=6m44s, loss=1.9952, sps=41.1]
BC[stage1_datasets_L40_stepsweep/bc_shift4_scale_0p8_1p2_steps20000_tr1]:  17%|█▋        | 3480/20000 [01:24<05:19, 51.67it/s, acc=0.303, device=mps, eta=6m44s, loss=1.9952, sps=41.1]
BC[stage1_datasets_L40_stepsweep/bc_shift4_scale_0p8_1p2_steps20000_tr1]:  17%|█▋        | 3487/20000 [01:24<07:06, 38.71it/s, acc=0.303, device=mps, eta=6m44s, loss=1.9952, sps=41.1]
BC[stage1_datasets_L40_stepsweep/bc_shift4_scale_0p8_1p2_steps20000_tr1]:  17%|█▋        | 3495/20000 [01:25<05:59, 45.86it/s, acc=0.303, device=mps, eta=6m44s, loss=1.9952, sps=41.1]
BC[stage1_datasets_L40_stepsweep/bc_shift4_scale_0p8_1p2_steps20000_tr1]:  18%|█▊        | 3501/20000 [01:25<07:44, 35.54it/s, acc=0.303, device=mps, eta=6m44s, loss=1.9952, sps=41.1]
BC[stage1_datasets_L40_stepsweep/bc_shift4_scale_0p8_1p2_steps20000_tr1]:  18%|█▊        | 3508/20000 [01:25<06:49, 40.32it/s, acc=0.303, device=mps, eta=6m44s, loss=1.9952, sps=41.1]
BC[stage1_datasets_L40_stepsweep/bc_shift4_scale_0p8_1p2_steps20000_tr1]:  18%|█▊        | 3514/20000 [01:25<06:16, 43.82it/s, acc=0.303, device=mps, eta=6m44s, loss=1.9952, sps=41.1]
BC[stage1_datasets_L40_stepsweep/bc_shift4_scale_0p8_1p2_steps20000_tr1]:  18%|█▊        | 3521/20000 [01:25<08:05, 33.97it/s, acc=0.303, device=mps, eta=6m44s, loss=1.9952, sps=41.1]
BC[stage1_datasets_L40_stepsweep/bc_shift4_scale_0p8_1p2_steps20000_tr1]:  18%|█▊        | 3529/20000 [01:25<06:36, 41.56it/s, acc=0.303, device=mps, eta=6m44s, loss=1.9952, sps=41.1]
BC[stage1_datasets_L40_stepsweep/bc_shift4_scale_0p8_1p2_steps20000_tr1]:  18%|█▊        | 3537/20000 [01:26<05:40, 48.42it/s, acc=0.303, device=mps, eta=6m44s, loss=1.9952, sps=41.1]
BC[stage1_datasets_L40_stepsweep/bc_shift4_scale_0p8_1p2_steps20000_tr1]:  18%|█▊        | 3543/20000 [01:26<07:30, 36.55it/s, acc=0.303, device=mps, eta=6m44s, loss=1.9952, sps=41.1]
BC[stage1_datasets_L40_stepsweep/bc_shift4_scale_0p8_1p2_steps20000_tr1]:  18%|█▊        | 3551/20000 [01:26<06:13, 44.09it/s, acc=0.303, device=mps, eta=6m44s, loss=1.9952, sps=41.1]
BC[stage1_datasets_L40_stepsweep/bc_shift4_scale_0p8_1p2_steps20000_tr1]:  18%|█▊        | 3559/20000 [01:26<05:20, 51.33it/s, acc=0.303, device=mps, eta=6m44s, loss=1.9952, sps=41.1]
BC[stage1_datasets_L40_stepsweep/bc_shift4_scale_0p8_1p2_steps20000_tr1]:  18%|█▊        | 3566/20000 [01:26<07:15, 37.69it/s, acc=0.303, device=mps, eta=6m44s, loss=1.9952, sps=41.1]
BC[stage1_datasets_L40_stepsweep/bc_shift4_scale_0p8_1p2_steps20000_tr1]:  18%|█▊        | 3572/20000 [01:26<06:48, 40.21it/s, acc=0.303, device=mps, eta=6m44s, loss=1.9952, sps=41.1]
BC[stage1_datasets_L40_stepsweep/bc_shift4_scale_0p8_1p2_steps20000_tr1]:  18%|█▊        | 3579/20000 [01:27<06:05, 44.97it/s, acc=0.303, device=mps, eta=6m44s, loss=1.9952, sps=41.1]
BC[stage1_datasets_L40_stepsweep/bc_shift4_scale_0p8_1p2_steps20000_tr1]:  18%|█▊        | 3585/20000 [01:27<07:51, 34.81it/s, acc=0.303, device=mps, eta=6m44s, loss=1.9952, sps=41.1]
BC[stage1_datasets_L40_stepsweep/bc_shift4_scale_0p8_1p2_steps20000_tr1]:  18%|█▊        | 3593/20000 [01:27<06:25, 42.51it/s, acc=0.303, device=mps, eta=6m44s, loss=1.9952, sps=41.1]
BC[stage1_datasets_L40_stepsweep/bc_shift4_scale_0p8_1p2_steps20000_tr1]:  18%|█▊        | 3593/20000 [01:27<06:25, 42.51it/s, acc=0.297, device=mps, eta=6m39s, loss=2.0140, sps=41.1]
BC[stage1_datasets_L40_stepsweep/bc_shift4_scale_0p8_1p2_steps20000_tr1]:  18%|█▊        | 3601/20000 [01:27<07:45, 35.25it/s, acc=0.297, device=mps, eta=6m39s, loss=2.0140, sps=41.1]
BC[stage1_datasets_L40_stepsweep/bc_shift4_scale_0p8_1p2_steps20000_tr1]:  18%|█▊        | 3609/20000 [01:27<06:25, 42.50it/s, acc=0.297, device=mps, eta=6m39s, loss=2.0140, sps=41.1]
BC[stage1_datasets_L40_stepsweep/bc_shift4_scale_0p8_1p2_steps20000_tr1]:  18%|█▊        | 3617/20000 [01:27<05:31, 49.41it/s, acc=0.297, device=mps, eta=6m39s, loss=2.0140, sps=41.1]
BC[stage1_datasets_L40_stepsweep/bc_shift4_scale_0p8_1p2_steps20000_tr1]:  18%|█▊        | 3624/20000 [01:28<07:22, 36.99it/s, acc=0.297, device=mps, eta=6m39s, loss=2.0140, sps=41.1]
BC[stage1_datasets_L40_stepsweep/bc_shift4_scale_0p8_1p2_steps20000_tr1]:  18%|█▊        | 3630/20000 [01:28<06:46, 40.26it/s, acc=0.297, device=mps, eta=6m39s, loss=2.0140, sps=41.1]
BC[stage1_datasets_L40_stepsweep/bc_shift4_scale_0p8_1p2_steps20000_tr1]:  18%|█▊        | 3637/20000 [01:28<06:01, 45.30it/s, acc=0.297, device=mps, eta=6m39s, loss=2.0140, sps=41.1]
BC[stage1_datasets_L40_stepsweep/bc_shift4_scale_0p8_1p2_steps20000_tr1]:  18%|█▊        | 3643/20000 [01:28<07:51, 34.69it/s, acc=0.297, device=mps, eta=6m39s, loss=2.0140, sps=41.1]
BC[stage1_datasets_L40_stepsweep/bc_shift4_scale_0p8_1p2_steps20000_tr1]:  18%|█▊        | 3651/20000 [01:28<06:24, 42.49it/s, acc=0.297, device=mps, eta=6m39s, loss=2.0140, sps=41.1]
BC[stage1_datasets_L40_stepsweep/bc_shift4_scale_0p8_1p2_steps20000_tr1]:  18%|█▊        | 3659/20000 [01:28<05:28, 49.76it/s, acc=0.297, device=mps, eta=6m39s, loss=2.0140, sps=41.1]
BC[stage1_datasets_L40_stepsweep/bc_shift4_scale_0p8_1p2_steps20000_tr1]:  18%|█▊        | 3666/20000 [01:29<07:34, 35.92it/s, acc=0.297, device=mps, eta=6m39s, loss=2.0140, sps=41.1]
BC[stage1_datasets_L40_stepsweep/bc_shift4_scale_0p8_1p2_steps20000_tr1]:  18%|█▊        | 3671/20000 [01:29<07:05, 38.37it/s, acc=0.297, device=mps, eta=6m39s, loss=2.0140, sps=41.1]
BC[stage1_datasets_L40_stepsweep/bc_shift4_scale_0p8_1p2_steps20000_tr1]:  18%|█▊        | 3677/20000 [01:29<06:29, 41.88it/s, acc=0.297, device=mps, eta=6m39s, loss=2.0140, sps=41.1]
BC[stage1_datasets_L40_stepsweep/bc_shift4_scale_0p8_1p2_steps20000_tr1]:  18%|█▊        | 3683/20000 [01:29<08:15, 32.91it/s, acc=0.297, device=mps, eta=6m39s, loss=2.0140, sps=41.1]
BC[stage1_datasets_L40_stepsweep/bc_shift4_scale_0p8_1p2_steps20000_tr1]:  18%|█▊        | 3691/20000 [01:29<06:37, 41.02it/s, acc=0.297, device=mps, eta=6m39s, loss=2.0140, sps=41.1]
BC[stage1_datasets_L40_stepsweep/bc_shift4_scale_0p8_1p2_steps20000_tr1]:  18%|█▊        | 3699/20000 [01:30<05:37, 48.37it/s, acc=0.297, device=mps, eta=6m39s, loss=2.0140, sps=41.1]
BC[stage1_datasets_L40_stepsweep/bc_shift4_scale_0p8_1p2_steps20000_tr1]:  19%|█▊        | 3705/20000 [01:30<07:23, 36.75it/s, acc=0.297, device=mps, eta=6m39s, loss=2.0140, sps=41.1]
BC[stage1_datasets_L40_stepsweep/bc_shift4_scale_0p8_1p2_steps20000_tr1]:  19%|█▊        | 3713/20000 [01:30<06:07, 44.32it/s, acc=0.297, device=mps, eta=6m39s, loss=2.0140, sps=41.1]
BC[stage1_datasets_L40_stepsweep/bc_shift4_scale_0p8_1p2_steps20000_tr1]:  19%|█▊        | 3721/20000 [01:30<07:29, 36.21it/s, acc=0.297, device=mps, eta=6m39s, loss=2.0140, sps=41.1]
BC[stage1_datasets_L40_stepsweep/bc_shift4_scale_0p8_1p2_steps20000_tr1]:  19%|█▊        | 3729/20000 [01:30<06:15, 43.35it/s, acc=0.297, device=mps, eta=6m39s, loss=2.0140, sps=41.1]
BC[stage1_datasets_L40_stepsweep/bc_shift4_scale_0p8_1p2_steps20000_tr1]:  19%|█▊        | 3737/20000 [01:30<05:26, 49.78it/s, acc=0.297, device=mps, eta=6m39s, loss=2.0140, sps=41.1]
BC[stage1_datasets_L40_stepsweep/bc_shift4_scale_0p8_1p2_steps20000_tr1]:  19%|█▊        | 3744/20000 [01:31<07:05, 38.17it/s, acc=0.297, device=mps, eta=6m39s, loss=2.0140, sps=41.1]
BC[stage1_datasets_L40_stepsweep/bc_shift4_scale_0p8_1p2_steps20000_tr1]:  19%|█▉        | 3752/20000 [01:31<06:00, 45.07it/s, acc=0.297, device=mps, eta=6m39s, loss=2.0140, sps=41.1]
BC[stage1_datasets_L40_stepsweep/bc_shift4_scale_0p8_1p2_steps20000_tr1]:  19%|█▉        | 3760/20000 [01:31<05:13, 51.83it/s, acc=0.297, device=mps, eta=6m39s, loss=2.0140, sps=41.1]
BC[stage1_datasets_L40_stepsweep/bc_shift4_scale_0p8_1p2_steps20000_tr1]:  19%|█▉        | 3767/20000 [01:31<06:54, 39.12it/s, acc=0.297, device=mps, eta=6m39s, loss=2.0140, sps=41.1]
BC[stage1_datasets_L40_stepsweep/bc_shift4_scale_0p8_1p2_steps20000_tr1]:  19%|█▉        | 3775/20000 [01:31<05:52, 46.06it/s, acc=0.297, device=mps, eta=6m39s, loss=2.0140, sps=41.1]
BC[stage1_datasets_L40_stepsweep/bc_shift4_scale_0p8_1p2_steps20000_tr1]:  19%|█▉        | 3781/20000 [01:32<07:35, 35.59it/s, acc=0.297, device=mps, eta=6m39s, loss=2.0140, sps=41.1]
BC[stage1_datasets_L40_stepsweep/bc_shift4_scale_0p8_1p2_steps20000_tr1]:  19%|█▉        | 3787/20000 [01:32<06:58, 38.74it/s, acc=0.297, device=mps, eta=6m39s, loss=2.0140, sps=41.1]
BC[stage1_datasets_L40_stepsweep/bc_shift4_scale_0p8_1p2_steps20000_tr1]:  19%|█▉        | 3793/20000 [01:32<06:24, 42.14it/s, acc=0.297, device=mps, eta=6m39s, loss=2.0140, sps=41.1]
BC[stage1_datasets_L40_stepsweep/bc_shift4_scale_0p8_1p2_steps20000_tr1]:  19%|█▉        | 3793/20000 [01:32<06:24, 42.14it/s, acc=0.303, device=mps, eta=6m34s, loss=2.0016, sps=41.1]
BC[stage1_datasets_L40_stepsweep/bc_shift4_scale_0p8_1p2_steps20000_tr1]:  19%|█▉        | 3800/20000 [01:32<05:42, 47.25it/s, acc=0.303, device=mps, eta=6m34s, loss=2.0016, sps=41.1]
BC[stage1_datasets_L40_stepsweep/bc_shift4_scale_0p8_1p2_steps20000_tr1]:  19%|█▉        | 3806/20000 [01:32<07:40, 35.13it/s, acc=0.303, device=mps, eta=6m34s, loss=2.0016, sps=41.1]
BC[stage1_datasets_L40_stepsweep/bc_shift4_scale_0p8_1p2_steps20000_tr1]:  19%|█▉        | 3814/20000 [01:32<06:16, 42.94it/s, acc=0.303, device=mps, eta=6m34s, loss=2.0016, sps=41.1]
BC[stage1_datasets_L40_stepsweep/bc_shift4_scale_0p8_1p2_steps20000_tr1]:  19%|█▉        | 3821/20000 [01:33<07:46, 34.66it/s, acc=0.303, device=mps, eta=6m34s, loss=2.0016, sps=41.1]
BC[stage1_datasets_L40_stepsweep/bc_shift4_scale_0p8_1p2_steps20000_tr1]:  19%|█▉        | 3829/20000 [01:33<06:24, 42.10it/s, acc=0.303, device=mps, eta=6m34s, loss=2.0016, sps=41.1]
BC[stage1_datasets_L40_stepsweep/bc_shift4_scale_0p8_1p2_steps20000_tr1]:  19%|█▉        | 3837/20000 [01:33<05:32, 48.64it/s, acc=0.303, device=mps, eta=6m34s, loss=2.0016, sps=41.1]
BC[stage1_datasets_L40_stepsweep/bc_shift4_scale_0p8_1p2_steps20000_tr1]:  19%|█▉        | 3843/20000 [01:33<07:17, 36.93it/s, acc=0.303, device=mps, eta=6m34s, loss=2.0016, sps=41.1]
BC[stage1_datasets_L40_stepsweep/bc_shift4_scale_0p8_1p2_steps20000_tr1]:  19%|█▉        | 3851/20000 [01:33<06:05, 44.17it/s, acc=0.303, device=mps, eta=6m34s, loss=2.0016, sps=41.1]
BC[stage1_datasets_L40_stepsweep/bc_shift4_scale_0p8_1p2_steps20000_tr1]:  19%|█▉        | 3859/20000 [01:33<05:19, 50.44it/s, acc=0.303, device=mps, eta=6m34s, loss=2.0016, sps=41.1]
BC[stage1_datasets_L40_stepsweep/bc_shift4_scale_0p8_1p2_steps20000_tr1]:  19%|█▉        | 3866/20000 [01:34<07:12, 37.28it/s, acc=0.303, device=mps, eta=6m34s, loss=2.0016, sps=41.1]
BC[stage1_datasets_L40_stepsweep/bc_shift4_scale_0p8_1p2_steps20000_tr1]:  19%|█▉        | 3871/20000 [01:34<06:49, 39.39it/s, acc=0.303, device=mps, eta=6m34s, loss=2.0016, sps=41.1]
BC[stage1_datasets_L40_stepsweep/bc_shift4_scale_0p8_1p2_steps20000_tr1]:  19%|█▉        | 3877/20000 [01:34<06:12, 43.31it/s, acc=0.303, device=mps, eta=6m34s, loss=2.0016, sps=41.1]
BC[stage1_datasets_L40_stepsweep/bc_shift4_scale_0p8_1p2_steps20000_tr1]:  19%|█▉        | 3883/20000 [01:34<08:02, 33.42it/s, acc=0.303, device=mps, eta=6m34s, loss=2.0016, sps=41.1]
BC[stage1_datasets_L40_stepsweep/bc_shift4_scale_0p8_1p2_steps20000_tr1]:  19%|█▉        | 3891/20000 [01:34<06:25, 41.74it/s, acc=0.303, device=mps, eta=6m34s, loss=2.0016, sps=41.1]
BC[stage1_datasets_L40_stepsweep/bc_shift4_scale_0p8_1p2_steps20000_tr1]:  19%|█▉        | 3899/20000 [01:34<05:25, 49.39it/s, acc=0.303, device=mps, eta=6m34s, loss=2.0016, sps=41.1]
BC[stage1_datasets_L40_stepsweep/bc_shift4_scale_0p8_1p2_steps20000_tr1]:  20%|█▉        | 3906/20000 [01:35<07:17, 36.75it/s, acc=0.303, device=mps, eta=6m34s, loss=2.0016, sps=41.1]
BC[stage1_datasets_L40_stepsweep/bc_shift4_scale_0p8_1p2_steps20000_tr1]:  20%|█▉        | 3912/20000 [01:35<06:39, 40.28it/s, acc=0.303, device=mps, eta=6m34s, loss=2.0016, sps=41.1]
BC[stage1_datasets_L40_stepsweep/bc_shift4_scale_0p8_1p2_steps20000_tr1]:  20%|█▉        | 3919/20000 [01:35<05:54, 45.36it/s, acc=0.303, device=mps, eta=6m34s, loss=2.0016, sps=41.1]
BC[stage1_datasets_L40_stepsweep/bc_shift4_scale_0p8_1p2_steps20000_tr1]:  20%|█▉        | 3925/20000 [01:35<08:06, 33.06it/s, acc=0.303, device=mps, eta=6m34s, loss=2.0016, sps=41.1]
BC[stage1_datasets_L40_stepsweep/bc_shift4_scale_0p8_1p2_steps20000_tr1]:  20%|█▉        | 3931/20000 [01:35<07:18, 36.68it/s, acc=0.303, device=mps, eta=6m34s, loss=2.0016, sps=41.1]
BC[stage1_datasets_L40_stepsweep/bc_shift4_scale_0p8_1p2_steps20000_tr1]:  20%|█▉        | 3937/20000 [01:35<06:29, 41.24it/s, acc=0.303, device=mps, eta=6m34s, loss=2.0016, sps=41.1]
BC[stage1_datasets_L40_stepsweep/bc_shift4_scale_0p8_1p2_steps20000_tr1]:  20%|█▉        | 3943/20000 [01:36<08:17, 32.24it/s, acc=0.303, device=mps, eta=6m34s, loss=2.0016, sps=41.1]
BC[stage1_datasets_L40_stepsweep/bc_shift4_scale_0p8_1p2_steps20000_tr1]:  20%|█▉        | 3951/20000 [01:36<06:35, 40.58it/s, acc=0.303, device=mps, eta=6m34s, loss=2.0016, sps=41.1]
BC[stage1_datasets_L40_stepsweep/bc_shift4_scale_0p8_1p2_steps20000_tr1]:  20%|█▉        | 3959/20000 [01:36<05:32, 48.20it/s, acc=0.303, device=mps, eta=6m34s, loss=2.0016, sps=41.1]
BC[stage1_datasets_L40_stepsweep/bc_shift4_scale_0p8_1p2_steps20000_tr1]:  20%|█▉        | 3965/20000 [01:36<07:22, 36.25it/s, acc=0.303, device=mps, eta=6m34s, loss=2.0016, sps=41.1]
BC[stage1_datasets_L40_stepsweep/bc_shift4_scale_0p8_1p2_steps20000_tr1]:  20%|█▉        | 3973/20000 [01:36<06:05, 43.85it/s, acc=0.303, device=mps, eta=6m34s, loss=2.0016, sps=41.1]
BC[stage1_datasets_L40_stepsweep/bc_shift4_scale_0p8_1p2_steps20000_tr1]:  20%|█▉        | 3981/20000 [01:37<07:27, 35.81it/s, acc=0.303, device=mps, eta=6m34s, loss=2.0016, sps=41.1]
BC[stage1_datasets_L40_stepsweep/bc_shift4_scale_0p8_1p2_steps20000_tr1]:  20%|█▉        | 3989/20000 [01:37<06:12, 42.98it/s, acc=0.303, device=mps, eta=6m34s, loss=2.0016, sps=41.1]
BC[stage1_datasets_L40_stepsweep/bc_shift4_scale_0p8_1p2_steps20000_tr1]:  20%|█▉        | 3997/20000 [01:37<05:23, 49.39it/s, acc=0.303, device=mps, eta=6m34s, loss=2.0016, sps=41.1]
BC[stage1_datasets_L40_stepsweep/bc_shift4_scale_0p8_1p2_steps20000_tr1]:  20%|█▉        | 3997/20000 [01:37<05:23, 49.39it/s, acc=0.297, device=mps, eta=6m29s, loss=2.0061, sps=41.1]
BC[stage1_datasets_L40_stepsweep/bc_shift4_scale_0p8_1p2_steps20000_tr1]:  20%|██        | 4004/20000 [01:37<07:01, 37.99it/s, acc=0.297, device=mps, eta=6m29s, loss=2.0061, sps=41.1]
BC[stage1_datasets_L40_stepsweep/bc_shift4_scale_0p8_1p2_steps20000_tr1]:  20%|██        | 4012/20000 [01:37<05:55, 44.92it/s, acc=0.297, device=mps, eta=6m29s, loss=2.0061, sps=41.1]
BC[stage1_datasets_L40_stepsweep/bc_shift4_scale_0p8_1p2_steps20000_tr1]:  20%|██        | 4020/20000 [01:37<05:09, 51.57it/s, acc=0.297, device=mps, eta=6m29s, loss=2.0061, sps=41.1]
BC[stage1_datasets_L40_stepsweep/bc_shift4_scale_0p8_1p2_steps20000_tr1]:  20%|██        | 4027/20000 [01:38<06:50, 38.91it/s, acc=0.297, device=mps, eta=6m29s, loss=2.0061, sps=41.1]
BC[stage1_datasets_L40_stepsweep/bc_shift4_scale_0p8_1p2_steps20000_tr1]:  20%|██        | 4035/20000 [01:38<05:49, 45.74it/s, acc=0.297, device=mps, eta=6m29s, loss=2.0061, sps=41.1]
BC[stage1_datasets_L40_stepsweep/bc_shift4_scale_0p8_1p2_steps20000_tr1]:  20%|██        | 4041/20000 [01:38<07:29, 35.53it/s, acc=0.297, device=mps, eta=6m29s, loss=2.0061, sps=41.1]
BC[stage1_datasets_L40_stepsweep/bc_shift4_scale_0p8_1p2_steps20000_tr1]:  20%|██        | 4049/20000 [01:38<06:12, 42.88it/s, acc=0.297, device=mps, eta=6m29s, loss=2.0061, sps=41.1]
BC[stage1_datasets_L40_stepsweep/bc_shift4_scale_0p8_1p2_steps20000_tr1]:  20%|██        | 4057/20000 [01:38<05:20, 49.79it/s, acc=0.297, device=mps, eta=6m29s, loss=2.0061, sps=41.1]
BC[stage1_datasets_L40_stepsweep/bc_shift4_scale_0p8_1p2_steps20000_tr1]:  20%|██        | 4064/20000 [01:39<06:58, 38.11it/s, acc=0.297, device=mps, eta=6m29s, loss=2.0061, sps=41.1]
BC[stage1_datasets_L40_stepsweep/bc_shift4_scale_0p8_1p2_steps20000_tr1]:  20%|██        | 4072/20000 [01:39<05:52, 45.16it/s, acc=0.297, device=mps, eta=6m29s, loss=2.0061, sps=41.1]
BC[stage1_datasets_L40_stepsweep/bc_shift4_scale_0p8_1p2_steps20000_tr1]:  20%|██        | 4081/20000 [01:39<06:58, 38.06it/s, acc=0.297, device=mps, eta=6m29s, loss=2.0061, sps=41.1]
BC[stage1_datasets_L40_stepsweep/bc_shift4_scale_0p8_1p2_steps20000_tr1]:  20%|██        | 4089/20000 [01:39<05:56, 44.69it/s, acc=0.297, device=mps, eta=6m29s, loss=2.0061, sps=41.1]
BC[stage1_datasets_L40_stepsweep/bc_shift4_scale_0p8_1p2_steps20000_tr1]:  20%|██        | 4097/20000 [01:39<05:12, 50.93it/s, acc=0.297, device=mps, eta=6m29s, loss=2.0061, sps=41.1]
BC[stage1_datasets_L40_stepsweep/bc_shift4_scale_0p8_1p2_steps20000_tr1]:  21%|██        | 4104/20000 [01:39<06:47, 38.97it/s, acc=0.297, device=mps, eta=6m29s, loss=2.0061, sps=41.1]
BC[stage1_datasets_L40_stepsweep/bc_shift4_scale_0p8_1p2_steps20000_tr1]:  21%|██        | 4112/20000 [01:40<05:47, 45.75it/s, acc=0.297, device=mps, eta=6m29s, loss=2.0061, sps=41.1]
BC[stage1_datasets_L40_stepsweep/bc_shift4_scale_0p8_1p2_steps20000_tr1]:  21%|██        | 4120/20000 [01:40<05:03, 52.26it/s, acc=0.297, device=mps, eta=6m29s, loss=2.0061, sps=41.1]
BC[stage1_datasets_L40_stepsweep/bc_shift4_scale_0p8_1p2_steps20000_tr1]:  21%|██        | 4127/20000 [01:40<06:44, 39.26it/s, acc=0.297, device=mps, eta=6m29s, loss=2.0061, sps=41.1]
BC[stage1_datasets_L40_stepsweep/bc_shift4_scale_0p8_1p2_steps20000_tr1]:  21%|██        | 4135/20000 [01:40<05:44, 46.04it/s, acc=0.297, device=mps, eta=6m29s, loss=2.0061, sps=41.1]
BC[stage1_datasets_L40_stepsweep/bc_shift4_scale_0p8_1p2_steps20000_tr1]:  21%|██        | 4141/20000 [01:40<07:24, 35.72it/s, acc=0.297, device=mps, eta=6m29s, loss=2.0061, sps=41.1]
BC[stage1_datasets_L40_stepsweep/bc_shift4_scale_0p8_1p2_steps20000_tr1]:  21%|██        | 4149/20000 [01:40<06:07, 43.08it/s, acc=0.297, device=mps, eta=6m29s, loss=2.0061, sps=41.1]
BC[stage1_datasets_L40_stepsweep/bc_shift4_scale_0p8_1p2_steps20000_tr1]:  21%|██        | 4157/20000 [01:41<05:18, 49.69it/s, acc=0.297, device=mps, eta=6m29s, loss=2.0061, sps=41.1]
BC[stage1_datasets_L40_stepsweep/bc_shift4_scale_0p8_1p2_steps20000_tr1]:  21%|██        | 4164/20000 [01:41<06:56, 38.01it/s, acc=0.297, device=mps, eta=6m29s, loss=2.0061, sps=41.1]
BC[stage1_datasets_L40_stepsweep/bc_shift4_scale_0p8_1p2_steps20000_tr1]:  21%|██        | 4172/20000 [01:41<05:48, 45.47it/s, acc=0.297, device=mps, eta=6m29s, loss=2.0061, sps=41.1]
BC[stage1_datasets_L40_stepsweep/bc_shift4_scale_0p8_1p2_steps20000_tr1]:  21%|██        | 4181/20000 [01:41<06:54, 38.20it/s, acc=0.297, device=mps, eta=6m29s, loss=2.0061, sps=41.1]
BC[stage1_datasets_L40_stepsweep/bc_shift4_scale_0p8_1p2_steps20000_tr1]:  21%|██        | 4189/20000 [01:41<05:52, 44.89it/s, acc=0.297, device=mps, eta=6m29s, loss=2.0061, sps=41.1]
BC[stage1_datasets_L40_stepsweep/bc_shift4_scale_0p8_1p2_steps20000_tr1]:  21%|██        | 4197/20000 [01:41<05:08, 51.27it/s, acc=0.297, device=mps, eta=6m29s, loss=2.0061, sps=41.1]
BC[stage1_datasets_L40_stepsweep/bc_shift4_scale_0p8_1p2_steps20000_tr1]:  21%|██        | 4197/20000 [01:41<05:08, 51.27it/s, acc=0.302, device=mps, eta=6m24s, loss=2.0029, sps=41.2]
BC[stage1_datasets_L40_stepsweep/bc_shift4_scale_0p8_1p2_steps20000_tr1]:  21%|██        | 4204/20000 [01:42<06:44, 39.01it/s, acc=0.302, device=mps, eta=6m24s, loss=2.0029, sps=41.2]
BC[stage1_datasets_L40_stepsweep/bc_shift4_scale_0p8_1p2_steps20000_tr1]:  21%|██        | 4212/20000 [01:42<05:43, 45.91it/s, acc=0.302, device=mps, eta=6m24s, loss=2.0029, sps=41.2]
BC[stage1_datasets_L40_stepsweep/bc_shift4_scale_0p8_1p2_steps20000_tr1]:  21%|██        | 4220/20000 [01:42<04:59, 52.77it/s, acc=0.302, device=mps, eta=6m24s, loss=2.0029, sps=41.2]
BC[stage1_datasets_L40_stepsweep/bc_shift4_scale_0p8_1p2_steps20000_tr1]:  21%|██        | 4227/20000 [01:42<07:07, 36.92it/s, acc=0.302, device=mps, eta=6m24s, loss=2.0029, sps=41.2]
BC[stage1_datasets_L40_stepsweep/bc_shift4_scale_0p8_1p2_steps20000_tr1]:  21%|██        | 4233/20000 [01:42<06:26, 40.77it/s, acc=0.302, device=mps, eta=6m24s, loss=2.0029, sps=41.2]
BC[stage1_datasets_L40_stepsweep/bc_shift4_scale_0p8_1p2_steps20000_tr1]:  21%|██        | 4241/20000 [01:43<07:44, 33.96it/s, acc=0.302, device=mps, eta=6m24s, loss=2.0029, sps=41.2]
BC[stage1_datasets_L40_stepsweep/bc_shift4_scale_0p8_1p2_steps20000_tr1]:  21%|██        | 4249/20000 [01:43<06:23, 41.11it/s, acc=0.302, device=mps, eta=6m24s, loss=2.0029, sps=41.2]
BC[stage1_datasets_L40_stepsweep/bc_shift4_scale_0p8_1p2_steps20000_tr1]:  21%|██▏       | 4257/20000 [01:43<05:26, 48.16it/s, acc=0.302, device=mps, eta=6m24s, loss=2.0029, sps=41.2]
BC[stage1_datasets_L40_stepsweep/bc_shift4_scale_0p8_1p2_steps20000_tr1]:  21%|██▏       | 4264/20000 [01:43<07:01, 37.35it/s, acc=0.302, device=mps, eta=6m24s, loss=2.0029, sps=41.2]
BC[stage1_datasets_L40_stepsweep/bc_shift4_scale_0p8_1p2_steps20000_tr1]:  21%|██▏       | 4270/20000 [01:43<06:26, 40.70it/s, acc=0.302, device=mps, eta=6m24s, loss=2.0029, sps=41.2]
BC[stage1_datasets_L40_stepsweep/bc_shift4_scale_0p8_1p2_steps20000_tr1]:  21%|██▏       | 4276/20000 [01:43<05:56, 44.05it/s, acc=0.302, device=mps, eta=6m24s, loss=2.0029, sps=41.2]
BC[stage1_datasets_L40_stepsweep/bc_shift4_scale_0p8_1p2_steps20000_tr1]:  21%|██▏       | 4282/20000 [01:44<07:50, 33.41it/s, acc=0.302, device=mps, eta=6m24s, loss=2.0029, sps=41.2]
BC[stage1_datasets_L40_stepsweep/bc_shift4_scale_0p8_1p2_steps20000_tr1]:  21%|██▏       | 4290/20000 [01:44<06:18, 41.49it/s, acc=0.302, device=mps, eta=6m24s, loss=2.0029, sps=41.2]
BC[stage1_datasets_L40_stepsweep/bc_shift4_scale_0p8_1p2_steps20000_tr1]:  21%|██▏       | 4298/20000 [01:44<05:19, 49.12it/s, acc=0.302, device=mps, eta=6m24s, loss=2.0029, sps=41.2]
BC[stage1_datasets_L40_stepsweep/bc_shift4_scale_0p8_1p2_steps20000_tr1]:  22%|██▏       | 4305/20000 [01:44<06:57, 37.58it/s, acc=0.302, device=mps, eta=6m24s, loss=2.0029, sps=41.2]
BC[stage1_datasets_L40_stepsweep/bc_shift4_scale_0p8_1p2_steps20000_tr1]:  22%|██▏       | 4311/20000 [01:44<06:22, 41.02it/s, acc=0.302, device=mps, eta=6m24s, loss=2.0029, sps=41.2]
BC[stage1_datasets_L40_stepsweep/bc_shift4_scale_0p8_1p2_steps20000_tr1]:  22%|██▏       | 4317/20000 [01:44<05:55, 44.15it/s, acc=0.302, device=mps, eta=6m24s, loss=2.0029, sps=41.2]
BC[stage1_datasets_L40_stepsweep/bc_shift4_scale_0p8_1p2_steps20000_tr1]:  22%|██▏       | 4323/20000 [01:45<07:43, 33.85it/s, acc=0.302, device=mps, eta=6m24s, loss=2.0029, sps=41.2]
BC[stage1_datasets_L40_stepsweep/bc_shift4_scale_0p8_1p2_steps20000_tr1]:  22%|██▏       | 4331/20000 [01:45<06:13, 41.91it/s, acc=0.302, device=mps, eta=6m24s, loss=2.0029, sps=41.2]
BC[stage1_datasets_L40_stepsweep/bc_shift4_scale_0p8_1p2_steps20000_tr1]:  22%|██▏       | 4339/20000 [01:45<05:19, 49.03it/s, acc=0.302, device=mps, eta=6m24s, loss=2.0029, sps=41.2]
BC[stage1_datasets_L40_stepsweep/bc_shift4_scale_0p8_1p2_steps20000_tr1]:  22%|██▏       | 4345/20000 [01:45<07:05, 36.83it/s, acc=0.302, device=mps, eta=6m24s, loss=2.0029, sps=41.2]
BC[stage1_datasets_L40_stepsweep/bc_shift4_scale_0p8_1p2_steps20000_tr1]:  22%|██▏       | 4353/20000 [01:45<05:52, 44.38it/s, acc=0.302, device=mps, eta=6m24s, loss=2.0029, sps=41.2]
BC[stage1_datasets_L40_stepsweep/bc_shift4_scale_0p8_1p2_steps20000_tr1]:  22%|██▏       | 4361/20000 [01:46<07:12, 36.17it/s, acc=0.302, device=mps, eta=6m24s, loss=2.0029, sps=41.2]
BC[stage1_datasets_L40_stepsweep/bc_shift4_scale_0p8_1p2_steps20000_tr1]:  22%|██▏       | 4369/20000 [01:46<06:00, 43.42it/s, acc=0.302, device=mps, eta=6m24s, loss=2.0029, sps=41.2]
BC[stage1_datasets_L40_stepsweep/bc_shift4_scale_0p8_1p2_steps20000_tr1]:  22%|██▏       | 4377/20000 [01:46<05:12, 49.94it/s, acc=0.302, device=mps, eta=6m24s, loss=2.0029, sps=41.2]
BC[stage1_datasets_L40_stepsweep/bc_shift4_scale_0p8_1p2_steps20000_tr1]:  22%|██▏       | 4384/20000 [01:46<06:49, 38.14it/s, acc=0.302, device=mps, eta=6m24s, loss=2.0029, sps=41.2]
BC[stage1_datasets_L40_stepsweep/bc_shift4_scale_0p8_1p2_steps20000_tr1]:  22%|██▏       | 4392/20000 [01:46<05:45, 45.12it/s, acc=0.302, device=mps, eta=6m24s, loss=2.0029, sps=41.2]
BC[stage1_datasets_L40_stepsweep/bc_shift4_scale_0p8_1p2_steps20000_tr1]:  22%|██▏       | 4392/20000 [01:46<05:45, 45.12it/s, acc=0.303, device=mps, eta=6m19s, loss=1.9977, sps=41.2]
BC[stage1_datasets_L40_stepsweep/bc_shift4_scale_0p8_1p2_steps20000_tr1]:  22%|██▏       | 4400/20000 [01:46<04:59, 52.15it/s, acc=0.303, device=mps, eta=6m19s, loss=1.9977, sps=41.2]
BC[stage1_datasets_L40_stepsweep/bc_shift4_scale_0p8_1p2_steps20000_tr1]:  22%|██▏       | 4407/20000 [01:47<06:53, 37.73it/s, acc=0.303, device=mps, eta=6m19s, loss=1.9977, sps=41.2]
BC[stage1_datasets_L40_stepsweep/bc_shift4_scale_0p8_1p2_steps20000_tr1]:  22%|██▏       | 4413/20000 [01:47<06:17, 41.33it/s, acc=0.303, device=mps, eta=6m19s, loss=1.9977, sps=41.2]
BC[stage1_datasets_L40_stepsweep/bc_shift4_scale_0p8_1p2_steps20000_tr1]:  22%|██▏       | 4420/20000 [01:47<05:33, 46.72it/s, acc=0.303, device=mps, eta=6m19s, loss=1.9977, sps=41.2]
BC[stage1_datasets_L40_stepsweep/bc_shift4_scale_0p8_1p2_steps20000_tr1]:  22%|██▏       | 4426/20000 [01:47<07:32, 34.42it/s, acc=0.303, device=mps, eta=6m19s, loss=1.9977, sps=41.2]
BC[stage1_datasets_L40_stepsweep/bc_shift4_scale_0p8_1p2_steps20000_tr1]:  22%|██▏       | 4432/20000 [01:47<06:47, 38.19it/s, acc=0.303, device=mps, eta=6m19s, loss=1.9977, sps=41.2]
BC[stage1_datasets_L40_stepsweep/bc_shift4_scale_0p8_1p2_steps20000_tr1]:  22%|██▏       | 4439/20000 [01:47<05:53, 44.03it/s, acc=0.303, device=mps, eta=6m19s, loss=1.9977, sps=41.2]
BC[stage1_datasets_L40_stepsweep/bc_shift4_scale_0p8_1p2_steps20000_tr1]:  22%|██▏       | 4445/20000 [01:48<07:36, 34.06it/s, acc=0.303, device=mps, eta=6m19s, loss=1.9977, sps=41.2]
BC[stage1_datasets_L40_stepsweep/bc_shift4_scale_0p8_1p2_steps20000_tr1]:  22%|██▏       | 4453/20000 [01:48<06:09, 42.05it/s, acc=0.303, device=mps, eta=6m19s, loss=1.9977, sps=41.2]
BC[stage1_datasets_L40_stepsweep/bc_shift4_scale_0p8_1p2_steps20000_tr1]:  22%|██▏       | 4461/20000 [01:48<07:24, 34.96it/s, acc=0.303, device=mps, eta=6m19s, loss=1.9977, sps=41.2]
BC[stage1_datasets_L40_stepsweep/bc_shift4_scale_0p8_1p2_steps20000_tr1]:  22%|██▏       | 4469/20000 [01:48<06:03, 42.67it/s, acc=0.303, device=mps, eta=6m19s, loss=1.9977, sps=41.2]
BC[stage1_datasets_L40_stepsweep/bc_shift4_scale_0p8_1p2_steps20000_tr1]:  22%|██▏       | 4477/20000 [01:48<05:11, 49.84it/s, acc=0.303, device=mps, eta=6m19s, loss=1.9977, sps=41.2]
BC[stage1_datasets_L40_stepsweep/bc_shift4_scale_0p8_1p2_steps20000_tr1]:  22%|██▏       | 4484/20000 [01:49<06:43, 38.45it/s, acc=0.303, device=mps, eta=6m19s, loss=1.9977, sps=41.2]
BC[stage1_datasets_L40_stepsweep/bc_shift4_scale_0p8_1p2_steps20000_tr1]:  22%|██▏       | 4490/20000 [01:49<06:07, 42.16it/s, acc=0.303, device=mps, eta=6m19s, loss=1.9977, sps=41.2]
BC[stage1_datasets_L40_stepsweep/bc_shift4_scale_0p8_1p2_steps20000_tr1]:  22%|██▏       | 4496/20000 [01:49<05:40, 45.47it/s, acc=0.303, device=mps, eta=6m19s, loss=1.9977, sps=41.2]
BC[stage1_datasets_L40_stepsweep/bc_shift4_scale_0p8_1p2_steps20000_tr1]:  23%|██▎       | 4502/20000 [01:49<07:40, 33.67it/s, acc=0.303, device=mps, eta=6m19s, loss=1.9977, sps=41.2]
BC[stage1_datasets_L40_stepsweep/bc_shift4_scale_0p8_1p2_steps20000_tr1]:  23%|██▎       | 4510/20000 [01:49<06:11, 41.69it/s, acc=0.303, device=mps, eta=6m19s, loss=1.9977, sps=41.2]
BC[stage1_datasets_L40_stepsweep/bc_shift4_scale_0p8_1p2_steps20000_tr1]:  23%|██▎       | 4518/20000 [01:49<05:15, 49.02it/s, acc=0.303, device=mps, eta=6m19s, loss=1.9977, sps=41.2]
BC[stage1_datasets_L40_stepsweep/bc_shift4_scale_0p8_1p2_steps20000_tr1]:  23%|██▎       | 4525/20000 [01:50<06:58, 36.98it/s, acc=0.303, device=mps, eta=6m19s, loss=1.9977, sps=41.2]
BC[stage1_datasets_L40_stepsweep/bc_shift4_scale_0p8_1p2_steps20000_tr1]:  23%|██▎       | 4531/20000 [01:50<06:23, 40.32it/s, acc=0.303, device=mps, eta=6m19s, loss=1.9977, sps=41.2]
BC[stage1_datasets_L40_stepsweep/bc_shift4_scale_0p8_1p2_steps20000_tr1]:  23%|██▎       | 4538/20000 [01:50<05:39, 45.54it/s, acc=0.303, device=mps, eta=6m19s, loss=1.9977, sps=41.2]
BC[stage1_datasets_L40_stepsweep/bc_shift4_scale_0p8_1p2_steps20000_tr1]:  23%|██▎       | 4544/20000 [01:50<07:24, 34.78it/s, acc=0.303, device=mps, eta=6m19s, loss=1.9977, sps=41.2]
BC[stage1_datasets_L40_stepsweep/bc_shift4_scale_0p8_1p2_steps20000_tr1]:  23%|██▎       | 4552/20000 [01:50<06:02, 42.59it/s, acc=0.303, device=mps, eta=6m19s, loss=1.9977, sps=41.2]
BC[stage1_datasets_L40_stepsweep/bc_shift4_scale_0p8_1p2_steps20000_tr1]:  23%|██▎       | 4560/20000 [01:50<05:08, 49.98it/s, acc=0.303, device=mps, eta=6m19s, loss=1.9977, sps=41.2]
BC[stage1_datasets_L40_stepsweep/bc_shift4_scale_0p8_1p2_steps20000_tr1]:  23%|██▎       | 4567/20000 [01:51<06:47, 37.86it/s, acc=0.303, device=mps, eta=6m19s, loss=1.9977, sps=41.2]
BC[stage1_datasets_L40_stepsweep/bc_shift4_scale_0p8_1p2_steps20000_tr1]:  23%|██▎       | 4575/20000 [01:51<05:43, 44.95it/s, acc=0.303, device=mps, eta=6m19s, loss=1.9977, sps=41.2]
BC[stage1_datasets_L40_stepsweep/bc_shift4_scale_0p8_1p2_steps20000_tr1]:  23%|██▎       | 4581/20000 [01:51<07:20, 34.99it/s, acc=0.303, device=mps, eta=6m19s, loss=1.9977, sps=41.2]
BC[stage1_datasets_L40_stepsweep/bc_shift4_scale_0p8_1p2_steps20000_tr1]:  23%|██▎       | 4589/20000 [01:51<06:02, 42.50it/s, acc=0.303, device=mps, eta=6m19s, loss=1.9977, sps=41.2]
BC[stage1_datasets_L40_stepsweep/bc_shift4_scale_0p8_1p2_steps20000_tr1]:  23%|██▎       | 4597/20000 [01:51<05:11, 49.50it/s, acc=0.303, device=mps, eta=6m19s, loss=1.9977, sps=41.2]
BC[stage1_datasets_L40_stepsweep/bc_shift4_scale_0p8_1p2_steps20000_tr1]:  23%|██▎       | 4597/20000 [01:51<05:11, 49.50it/s, acc=0.302, device=mps, eta=6m14s, loss=2.0025, sps=41.2]
BC[stage1_datasets_L40_stepsweep/bc_shift4_scale_0p8_1p2_steps20000_tr1]:  23%|██▎       | 4604/20000 [01:51<06:46, 37.89it/s, acc=0.302, device=mps, eta=6m14s, loss=2.0025, sps=41.2]
BC[stage1_datasets_L40_stepsweep/bc_shift4_scale_0p8_1p2_steps20000_tr1]:  23%|██▎       | 4612/20000 [01:52<05:41, 45.04it/s, acc=0.302, device=mps, eta=6m14s, loss=2.0025, sps=41.2]
BC[stage1_datasets_L40_stepsweep/bc_shift4_scale_0p8_1p2_steps20000_tr1]:  23%|██▎       | 4620/20000 [01:52<04:55, 52.00it/s, acc=0.302, device=mps, eta=6m14s, loss=2.0025, sps=41.2]
BC[stage1_datasets_L40_stepsweep/bc_shift4_scale_0p8_1p2_steps20000_tr1]:  23%|██▎       | 4627/20000 [01:52<06:49, 37.59it/s, acc=0.302, device=mps, eta=6m14s, loss=2.0025, sps=41.2]
BC[stage1_datasets_L40_stepsweep/bc_shift4_scale_0p8_1p2_steps20000_tr1]:  23%|██▎       | 4633/20000 [01:52<06:13, 41.19it/s, acc=0.302, device=mps, eta=6m14s, loss=2.0025, sps=41.2]
BC[stage1_datasets_L40_stepsweep/bc_shift4_scale_0p8_1p2_steps20000_tr1]:  23%|██▎       | 4640/20000 [01:52<05:27, 46.93it/s, acc=0.302, device=mps, eta=6m14s, loss=2.0025, sps=41.2]
BC[stage1_datasets_L40_stepsweep/bc_shift4_scale_0p8_1p2_steps20000_tr1]:  23%|██▎       | 4646/20000 [01:52<07:12, 35.51it/s, acc=0.302, device=mps, eta=6m14s, loss=2.0025, sps=41.2]
BC[stage1_datasets_L40_stepsweep/bc_shift4_scale_0p8_1p2_steps20000_tr1]:  23%|██▎       | 4654/20000 [01:53<05:55, 43.16it/s, acc=0.302, device=mps, eta=6m14s, loss=2.0025, sps=41.2]
BC[stage1_datasets_L40_stepsweep/bc_shift4_scale_0p8_1p2_steps20000_tr1]:  23%|██▎       | 4661/20000 [01:53<07:20, 34.78it/s, acc=0.302, device=mps, eta=6m14s, loss=2.0025, sps=41.2]
BC[stage1_datasets_L40_stepsweep/bc_shift4_scale_0p8_1p2_steps20000_tr1]:  23%|██▎       | 4669/20000 [01:53<06:02, 42.30it/s, acc=0.302, device=mps, eta=6m14s, loss=2.0025, sps=41.2]
BC[stage1_datasets_L40_stepsweep/bc_shift4_scale_0p8_1p2_steps20000_tr1]:  23%|██▎       | 4677/20000 [01:53<05:12, 49.01it/s, acc=0.302, device=mps, eta=6m14s, loss=2.0025, sps=41.2]
BC[stage1_datasets_L40_stepsweep/bc_shift4_scale_0p8_1p2_steps20000_tr1]:  23%|██▎       | 4684/20000 [01:53<06:45, 37.79it/s, acc=0.302, device=mps, eta=6m14s, loss=2.0025, sps=41.2]
BC[stage1_datasets_L40_stepsweep/bc_shift4_scale_0p8_1p2_steps20000_tr1]:  23%|██▎       | 4692/20000 [01:53<05:40, 44.97it/s, acc=0.302, device=mps, eta=6m14s, loss=2.0025, sps=41.2]
BC[stage1_datasets_L40_stepsweep/bc_shift4_scale_0p8_1p2_steps20000_tr1]:  24%|██▎       | 4700/20000 [01:54<04:55, 51.80it/s, acc=0.302, device=mps, eta=6m14s, loss=2.0025, sps=41.2]
BC[stage1_datasets_L40_stepsweep/bc_shift4_scale_0p8_1p2_steps20000_tr1]:  24%|██▎       | 4707/20000 [01:54<06:34, 38.80it/s, acc=0.302, device=mps, eta=6m14s, loss=2.0025, sps=41.2]
BC[stage1_datasets_L40_stepsweep/bc_shift4_scale_0p8_1p2_steps20000_tr1]:  24%|██▎       | 4715/20000 [01:54<05:34, 45.71it/s, acc=0.302, device=mps, eta=6m14s, loss=2.0025, sps=41.2]
BC[stage1_datasets_L40_stepsweep/bc_shift4_scale_0p8_1p2_steps20000_tr1]:  24%|██▎       | 4721/20000 [01:54<07:11, 35.43it/s, acc=0.302, device=mps, eta=6m14s, loss=2.0025, sps=41.2]
BC[stage1_datasets_L40_stepsweep/bc_shift4_scale_0p8_1p2_steps20000_tr1]:  24%|██▎       | 4729/20000 [01:54<05:55, 42.97it/s, acc=0.302, device=mps, eta=6m14s, loss=2.0025, sps=41.2]
BC[stage1_datasets_L40_stepsweep/bc_shift4_scale_0p8_1p2_steps20000_tr1]:  24%|██▎       | 4737/20000 [01:54<05:07, 49.71it/s, acc=0.302, device=mps, eta=6m14s, loss=2.0025, sps=41.2]
BC[stage1_datasets_L40_stepsweep/bc_shift4_scale_0p8_1p2_steps20000_tr1]:  24%|██▎       | 4744/20000 [01:55<06:42, 37.91it/s, acc=0.302, device=mps, eta=6m14s, loss=2.0025, sps=41.2]
BC[stage1_datasets_L40_stepsweep/bc_shift4_scale_0p8_1p2_steps20000_tr1]:  24%|██▍       | 4752/20000 [01:55<05:37, 45.14it/s, acc=0.302, device=mps, eta=6m14s, loss=2.0025, sps=41.2]
BC[stage1_datasets_L40_stepsweep/bc_shift4_scale_0p8_1p2_steps20000_tr1]:  24%|██▍       | 4760/20000 [01:55<04:53, 51.91it/s, acc=0.302, device=mps, eta=6m14s, loss=2.0025, sps=41.2]
BC[stage1_datasets_L40_stepsweep/bc_shift4_scale_0p8_1p2_steps20000_tr1]:  24%|██▍       | 4767/20000 [01:55<06:32, 38.77it/s, acc=0.302, device=mps, eta=6m14s, loss=2.0025, sps=41.2]
BC[stage1_datasets_L40_stepsweep/bc_shift4_scale_0p8_1p2_steps20000_tr1]:  24%|██▍       | 4775/20000 [01:55<05:33, 45.69it/s, acc=0.302, device=mps, eta=6m14s, loss=2.0025, sps=41.2]
BC[stage1_datasets_L40_stepsweep/bc_shift4_scale_0p8_1p2_steps20000_tr1]:  24%|██▍       | 4781/20000 [01:56<07:09, 35.41it/s, acc=0.302, device=mps, eta=6m14s, loss=2.0025, sps=41.2]
BC[stage1_datasets_L40_stepsweep/bc_shift4_scale_0p8_1p2_steps20000_tr1]:  24%|██▍       | 4789/20000 [01:56<05:55, 42.80it/s, acc=0.302, device=mps, eta=6m14s, loss=2.0025, sps=41.2]
BC[stage1_datasets_L40_stepsweep/bc_shift4_scale_0p8_1p2_steps20000_tr1]:  24%|██▍       | 4797/20000 [01:56<05:06, 49.60it/s, acc=0.302, device=mps, eta=6m14s, loss=2.0025, sps=41.2]
BC[stage1_datasets_L40_stepsweep/bc_shift4_scale_0p8_1p2_steps20000_tr1]:  24%|██▍       | 4797/20000 [01:56<05:06, 49.60it/s, acc=0.303, device=mps, eta=6m09s, loss=1.9950, sps=41.2]
BC[stage1_datasets_L40_stepsweep/bc_shift4_scale_0p8_1p2_steps20000_tr1]:  24%|██▍       | 4804/20000 [01:56<06:40, 37.97it/s, acc=0.303, device=mps, eta=6m09s, loss=1.9950, sps=41.2]
BC[stage1_datasets_L40_stepsweep/bc_shift4_scale_0p8_1p2_steps20000_tr1]:  24%|██▍       | 4812/20000 [01:56<05:36, 45.08it/s, acc=0.303, device=mps, eta=6m09s, loss=1.9950, sps=41.2]
BC[stage1_datasets_L40_stepsweep/bc_shift4_scale_0p8_1p2_steps20000_tr1]:  24%|██▍       | 4820/20000 [01:56<04:51, 52.13it/s, acc=0.303, device=mps, eta=6m09s, loss=1.9950, sps=41.2]
BC[stage1_datasets_L40_stepsweep/bc_shift4_scale_0p8_1p2_steps20000_tr1]:  24%|██▍       | 4827/20000 [01:57<06:30, 38.89it/s, acc=0.303, device=mps, eta=6m09s, loss=1.9950, sps=41.2]
BC[stage1_datasets_L40_stepsweep/bc_shift4_scale_0p8_1p2_steps20000_tr1]:  24%|██▍       | 4833/20000 [01:57<05:59, 42.13it/s, acc=0.303, device=mps, eta=6m09s, loss=1.9950, sps=41.2]
BC[stage1_datasets_L40_stepsweep/bc_shift4_scale_0p8_1p2_steps20000_tr1]:  24%|██▍       | 4839/20000 [01:57<05:33, 45.45it/s, acc=0.303, device=mps, eta=6m09s, loss=1.9950, sps=41.2]
BC[stage1_datasets_L40_stepsweep/bc_shift4_scale_0p8_1p2_steps20000_tr1]:  24%|██▍       | 4845/20000 [01:57<07:17, 34.61it/s, acc=0.303, device=mps, eta=6m09s, loss=1.9950, sps=41.2]
BC[stage1_datasets_L40_stepsweep/bc_shift4_scale_0p8_1p2_steps20000_tr1]:  24%|██▍       | 4853/20000 [01:57<05:55, 42.56it/s, acc=0.303, device=mps, eta=6m09s, loss=1.9950, sps=41.2]
BC[stage1_datasets_L40_stepsweep/bc_shift4_scale_0p8_1p2_steps20000_tr1]:  24%|██▍       | 4861/20000 [01:58<07:11, 35.10it/s, acc=0.303, device=mps, eta=6m09s, loss=1.9950, sps=41.2]
BC[stage1_datasets_L40_stepsweep/bc_shift4_scale_0p8_1p2_steps20000_tr1]:  24%|██▍       | 4869/20000 [01:58<05:56, 42.38it/s, acc=0.303, device=mps, eta=6m09s, loss=1.9950, sps=41.2]
BC[stage1_datasets_L40_stepsweep/bc_shift4_scale_0p8_1p2_steps20000_tr1]:  24%|██▍       | 4877/20000 [01:58<05:07, 49.20it/s, acc=0.303, device=mps, eta=6m09s, loss=1.9950, sps=41.2]
BC[stage1_datasets_L40_stepsweep/bc_shift4_scale_0p8_1p2_steps20000_tr1]:  24%|██▍       | 4884/20000 [01:58<06:40, 37.78it/s, acc=0.303, device=mps, eta=6m09s, loss=1.9950, sps=41.2]
BC[stage1_datasets_L40_stepsweep/bc_shift4_scale_0p8_1p2_steps20000_tr1]:  24%|██▍       | 4892/20000 [01:58<05:36, 44.85it/s, acc=0.303, device=mps, eta=6m09s, loss=1.9950, sps=41.2]
BC[stage1_datasets_L40_stepsweep/bc_shift4_scale_0p8_1p2_steps20000_tr1]:  24%|██▍       | 4900/20000 [01:58<04:51, 51.79it/s, acc=0.303, device=mps, eta=6m09s, loss=1.9950, sps=41.2]
BC[stage1_datasets_L40_stepsweep/bc_shift4_scale_0p8_1p2_steps20000_tr1]:  25%|██▍       | 4907/20000 [01:59<06:29, 38.80it/s, acc=0.303, device=mps, eta=6m09s, loss=1.9950, sps=41.2]
BC[stage1_datasets_L40_stepsweep/bc_shift4_scale_0p8_1p2_steps20000_tr1]:  25%|██▍       | 4915/20000 [01:59<05:29, 45.72it/s, acc=0.303, device=mps, eta=6m09s, loss=1.9950, sps=41.2]
BC[stage1_datasets_L40_stepsweep/bc_shift4_scale_0p8_1p2_steps20000_tr1]:  25%|██▍       | 4921/20000 [01:59<07:05, 35.42it/s, acc=0.303, device=mps, eta=6m09s, loss=1.9950, sps=41.2]
BC[stage1_datasets_L40_stepsweep/bc_shift4_scale_0p8_1p2_steps20000_tr1]:  25%|██▍       | 4929/20000 [01:59<05:51, 42.86it/s, acc=0.303, device=mps, eta=6m09s, loss=1.9950, sps=41.2]
BC[stage1_datasets_L40_stepsweep/bc_shift4_scale_0p8_1p2_steps20000_tr1]:  25%|██▍       | 4937/20000 [01:59<05:03, 49.56it/s, acc=0.303, device=mps, eta=6m09s, loss=1.9950, sps=41.2]
BC[stage1_datasets_L40_stepsweep/bc_shift4_scale_0p8_1p2_steps20000_tr1]:  25%|██▍       | 4944/20000 [02:00<06:36, 37.96it/s, acc=0.303, device=mps, eta=6m09s, loss=1.9950, sps=41.2]
BC[stage1_datasets_L40_stepsweep/bc_shift4_scale_0p8_1p2_steps20000_tr1]:  25%|██▍       | 4952/20000 [02:00<05:33, 45.10it/s, acc=0.303, device=mps, eta=6m09s, loss=1.9950, sps=41.2]
BC[stage1_datasets_L40_stepsweep/bc_shift4_scale_0p8_1p2_steps20000_tr1]:  25%|██▍       | 4960/20000 [02:00<04:49, 52.01it/s, acc=0.303, device=mps, eta=6m09s, loss=1.9950, sps=41.2]
BC[stage1_datasets_L40_stepsweep/bc_shift4_scale_0p8_1p2_steps20000_tr1]:  25%|██▍       | 4967/20000 [02:00<06:27, 38.78it/s, acc=0.303, device=mps, eta=6m09s, loss=1.9950, sps=41.2]
BC[stage1_datasets_L40_stepsweep/bc_shift4_scale_0p8_1p2_steps20000_tr1]:  25%|██▍       | 4975/20000 [02:00<05:27, 45.81it/s, acc=0.303, device=mps, eta=6m09s, loss=1.9950, sps=41.2]
BC[stage1_datasets_L40_stepsweep/bc_shift4_scale_0p8_1p2_steps20000_tr1]:  25%|██▍       | 4981/20000 [02:00<07:03, 35.50it/s, acc=0.303, device=mps, eta=6m09s, loss=1.9950, sps=41.2]
BC[stage1_datasets_L40_stepsweep/bc_shift4_scale_0p8_1p2_steps20000_tr1]:  25%|██▍       | 4988/20000 [02:01<06:12, 40.35it/s, acc=0.303, device=mps, eta=6m09s, loss=1.9950, sps=41.2]
BC[stage1_datasets_L40_stepsweep/bc_shift4_scale_0p8_1p2_steps20000_tr1]:  25%|██▍       | 4995/20000 [02:01<05:32, 45.19it/s, acc=0.303, device=mps, eta=6m09s, loss=1.9950, sps=41.2]
BC[stage1_datasets_L40_stepsweep/bc_shift4_scale_0p8_1p2_steps20000_tr1]:  25%|██▍       | 4995/20000 [02:01<05:32, 45.19it/s, acc=0.303, device=mps, eta=6m04s, loss=1.9996, sps=41.3]
BC[stage1_datasets_L40_stepsweep/bc_shift4_scale_0p8_1p2_steps20000_tr1]:  25%|██▌       | 5001/20000 [02:01<07:15, 34.42it/s, acc=0.303, device=mps, eta=6m04s, loss=1.9996, sps=41.3]
BC[stage1_datasets_L40_stepsweep/bc_shift4_scale_0p8_1p2_steps20000_tr1]:  25%|██▌       | 5008/20000 [02:01<06:18, 39.59it/s, acc=0.303, device=mps, eta=6m04s, loss=1.9996, sps=41.3]
BC[stage1_datasets_L40_stepsweep/bc_shift4_scale_0p8_1p2_steps20000_tr1]:  25%|██▌       | 5015/20000 [02:01<05:34, 44.76it/s, acc=0.303, device=mps, eta=6m04s, loss=1.9996, sps=41.3]
BC[stage1_datasets_L40_stepsweep/bc_shift4_scale_0p8_1p2_steps20000_tr1]:  25%|██▌       | 5021/20000 [02:01<07:20, 34.04it/s, acc=0.303, device=mps, eta=6m04s, loss=1.9996, sps=41.3]
BC[stage1_datasets_L40_stepsweep/bc_shift4_scale_0p8_1p2_steps20000_tr1]:  25%|██▌       | 5027/20000 [02:02<06:26, 38.72it/s, acc=0.303, device=mps, eta=6m04s, loss=1.9996, sps=41.3]
BC[stage1_datasets_L40_stepsweep/bc_shift4_scale_0p8_1p2_steps20000_tr1]:  25%|██▌       | 5033/20000 [02:02<05:52, 42.46it/s, acc=0.303, device=mps, eta=6m04s, loss=1.9996, sps=41.3]
BC[stage1_datasets_L40_stepsweep/bc_shift4_scale_0p8_1p2_steps20000_tr1]:  25%|██▌       | 5040/20000 [02:02<05:12, 47.94it/s, acc=0.303, device=mps, eta=6m04s, loss=1.9996, sps=41.3]
BC[stage1_datasets_L40_stepsweep/bc_shift4_scale_0p8_1p2_steps20000_tr1]:  25%|██▌       | 5046/20000 [02:02<07:06, 35.10it/s, acc=0.303, device=mps, eta=6m04s, loss=1.9996, sps=41.3]
BC[stage1_datasets_L40_stepsweep/bc_shift4_scale_0p8_1p2_steps20000_tr1]:  25%|██▌       | 5054/20000 [02:02<05:44, 43.35it/s, acc=0.303, device=mps, eta=6m04s, loss=1.9996, sps=41.3]
BC[stage1_datasets_L40_stepsweep/bc_shift4_scale_0p8_1p2_steps20000_tr1]:  25%|██▌       | 5061/20000 [02:02<07:11, 34.61it/s, acc=0.303, device=mps, eta=6m04s, loss=1.9996, sps=41.3]
BC[stage1_datasets_L40_stepsweep/bc_shift4_scale_0p8_1p2_steps20000_tr1]:  25%|██▌       | 5067/20000 [02:03<06:23, 38.93it/s, acc=0.303, device=mps, eta=6m04s, loss=1.9996, sps=41.3]
BC[stage1_datasets_L40_stepsweep/bc_shift4_scale_0p8_1p2_steps20000_tr1]:  25%|██▌       | 5073/20000 [02:03<05:54, 42.14it/s, acc=0.303, device=mps, eta=6m04s, loss=1.9996, sps=41.3]
BC[stage1_datasets_L40_stepsweep/bc_shift4_scale_0p8_1p2_steps20000_tr1]:  25%|██▌       | 5080/20000 [02:03<05:12, 47.79it/s, acc=0.303, device=mps, eta=6m04s, loss=1.9996, sps=41.3]
BC[stage1_datasets_L40_stepsweep/bc_shift4_scale_0p8_1p2_steps20000_tr1]:  25%|██▌       | 5086/20000 [02:03<07:01, 35.34it/s, acc=0.303, device=mps, eta=6m04s, loss=1.9996, sps=41.3]
BC[stage1_datasets_L40_stepsweep/bc_shift4_scale_0p8_1p2_steps20000_tr1]:  25%|██▌       | 5094/20000 [02:03<05:44, 43.31it/s, acc=0.303, device=mps, eta=6m04s, loss=1.9996, sps=41.3]
BC[stage1_datasets_L40_stepsweep/bc_shift4_scale_0p8_1p2_steps20000_tr1]:  26%|██▌       | 5101/20000 [02:03<07:09, 34.68it/s, acc=0.303, device=mps, eta=6m04s, loss=1.9996, sps=41.3]
BC[stage1_datasets_L40_stepsweep/bc_shift4_scale_0p8_1p2_steps20000_tr1]:  26%|██▌       | 5109/20000 [02:04<05:51, 42.31it/s, acc=0.303, device=mps, eta=6m04s, loss=1.9996, sps=41.3]
BC[stage1_datasets_L40_stepsweep/bc_shift4_scale_0p8_1p2_steps20000_tr1]:  26%|██▌       | 5117/20000 [02:04<05:02, 49.15it/s, acc=0.303, device=mps, eta=6m04s, loss=1.9996, sps=41.3]
BC[stage1_datasets_L40_stepsweep/bc_shift4_scale_0p8_1p2_steps20000_tr1]:  26%|██▌       | 5124/20000 [02:04<06:34, 37.72it/s, acc=0.303, device=mps, eta=6m04s, loss=1.9996, sps=41.3]
BC[stage1_datasets_L40_stepsweep/bc_shift4_scale_0p8_1p2_steps20000_tr1]:  26%|██▌       | 5132/20000 [02:04<05:30, 44.94it/s, acc=0.303, device=mps, eta=6m04s, loss=1.9996, sps=41.3]
BC[stage1_datasets_L40_stepsweep/bc_shift4_scale_0p8_1p2_steps20000_tr1]:  26%|██▌       | 5141/20000 [02:04<06:37, 37.35it/s, acc=0.303, device=mps, eta=6m04s, loss=1.9996, sps=41.3]
BC[stage1_datasets_L40_stepsweep/bc_shift4_scale_0p8_1p2_steps20000_tr1]:  26%|██▌       | 5147/20000 [02:04<06:01, 41.08it/s, acc=0.303, device=mps, eta=6m04s, loss=1.9996, sps=41.3]
BC[stage1_datasets_L40_stepsweep/bc_shift4_scale_0p8_1p2_steps20000_tr1]:  26%|██▌       | 5153/20000 [02:05<05:32, 44.63it/s, acc=0.303, device=mps, eta=6m04s, loss=1.9996, sps=41.3]
BC[stage1_datasets_L40_stepsweep/bc_shift4_scale_0p8_1p2_steps20000_tr1]:  26%|██▌       | 5160/20000 [02:05<04:57, 49.93it/s, acc=0.303, device=mps, eta=6m04s, loss=1.9996, sps=41.3]
BC[stage1_datasets_L40_stepsweep/bc_shift4_scale_0p8_1p2_steps20000_tr1]:  26%|██▌       | 5166/20000 [02:05<06:44, 36.63it/s, acc=0.303, device=mps, eta=6m04s, loss=1.9996, sps=41.3]
BC[stage1_datasets_L40_stepsweep/bc_shift4_scale_0p8_1p2_steps20000_tr1]:  26%|██▌       | 5174/20000 [02:05<05:34, 44.36it/s, acc=0.303, device=mps, eta=6m04s, loss=1.9996, sps=41.3]
BC[stage1_datasets_L40_stepsweep/bc_shift4_scale_0p8_1p2_steps20000_tr1]:  26%|██▌       | 5181/20000 [02:05<07:00, 35.27it/s, acc=0.303, device=mps, eta=6m04s, loss=1.9996, sps=41.3]
BC[stage1_datasets_L40_stepsweep/bc_shift4_scale_0p8_1p2_steps20000_tr1]:  26%|██▌       | 5189/20000 [02:05<05:46, 42.78it/s, acc=0.303, device=mps, eta=6m04s, loss=1.9996, sps=41.3]
BC[stage1_datasets_L40_stepsweep/bc_shift4_scale_0p8_1p2_steps20000_tr1]:  26%|██▌       | 5197/20000 [02:06<04:59, 49.46it/s, acc=0.303, device=mps, eta=6m04s, loss=1.9996, sps=41.3]
BC[stage1_datasets_L40_stepsweep/bc_shift4_scale_0p8_1p2_steps20000_tr1]:  26%|██▌       | 5197/20000 [02:06<04:59, 49.46it/s, acc=0.304, device=mps, eta=5m59s, loss=1.9918, sps=41.2]
BC[stage1_datasets_L40_stepsweep/bc_shift4_scale_0p8_1p2_steps20000_tr1]:  26%|██▌       | 5204/20000 [02:06<06:30, 37.91it/s, acc=0.304, device=mps, eta=5m59s, loss=1.9918, sps=41.2]
BC[stage1_datasets_L40_stepsweep/bc_shift4_scale_0p8_1p2_steps20000_tr1]:  26%|██▌       | 5212/20000 [02:06<05:28, 45.06it/s, acc=0.304, device=mps, eta=5m59s, loss=1.9918, sps=41.2]
BC[stage1_datasets_L40_stepsweep/bc_shift4_scale_0p8_1p2_steps20000_tr1]:  26%|██▌       | 5220/20000 [02:06<04:44, 51.87it/s, acc=0.304, device=mps, eta=5m59s, loss=1.9918, sps=41.2]
BC[stage1_datasets_L40_stepsweep/bc_shift4_scale_0p8_1p2_steps20000_tr1]:  26%|██▌       | 5227/20000 [02:06<06:20, 38.84it/s, acc=0.304, device=mps, eta=5m59s, loss=1.9918, sps=41.2]
BC[stage1_datasets_L40_stepsweep/bc_shift4_scale_0p8_1p2_steps20000_tr1]:  26%|██▌       | 5235/20000 [02:06<05:20, 46.06it/s, acc=0.304, device=mps, eta=5m59s, loss=1.9918, sps=41.2]
BC[stage1_datasets_L40_stepsweep/bc_shift4_scale_0p8_1p2_steps20000_tr1]:  26%|██▌       | 5241/20000 [02:07<06:54, 35.63it/s, acc=0.304, device=mps, eta=5m59s, loss=1.9918, sps=41.2]
BC[stage1_datasets_L40_stepsweep/bc_shift4_scale_0p8_1p2_steps20000_tr1]:  26%|██▌       | 5248/20000 [02:07<06:05, 40.35it/s, acc=0.304, device=mps, eta=5m59s, loss=1.9918, sps=41.2]
BC[stage1_datasets_L40_stepsweep/bc_shift4_scale_0p8_1p2_steps20000_tr1]:  26%|██▋       | 5254/20000 [02:07<05:39, 43.38it/s, acc=0.304, device=mps, eta=5m59s, loss=1.9918, sps=41.2]
BC[stage1_datasets_L40_stepsweep/bc_shift4_scale_0p8_1p2_steps20000_tr1]:  26%|██▋       | 5261/20000 [02:07<07:15, 33.86it/s, acc=0.304, device=mps, eta=5m59s, loss=1.9918, sps=41.2]
BC[stage1_datasets_L40_stepsweep/bc_shift4_scale_0p8_1p2_steps20000_tr1]:  26%|██▋       | 5269/20000 [02:07<05:54, 41.56it/s, acc=0.304, device=mps, eta=5m59s, loss=1.9918, sps=41.2]
BC[stage1_datasets_L40_stepsweep/bc_shift4_scale_0p8_1p2_steps20000_tr1]:  26%|██▋       | 5277/20000 [02:07<05:02, 48.75it/s, acc=0.304, device=mps, eta=5m59s, loss=1.9918, sps=41.2]
BC[stage1_datasets_L40_stepsweep/bc_shift4_scale_0p8_1p2_steps20000_tr1]:  26%|██▋       | 5284/20000 [02:08<06:34, 37.34it/s, acc=0.304, device=mps, eta=5m59s, loss=1.9918, sps=41.2]
BC[stage1_datasets_L40_stepsweep/bc_shift4_scale_0p8_1p2_steps20000_tr1]:  26%|██▋       | 5290/20000 [02:08<06:02, 40.63it/s, acc=0.304, device=mps, eta=5m59s, loss=1.9918, sps=41.2]
BC[stage1_datasets_L40_stepsweep/bc_shift4_scale_0p8_1p2_steps20000_tr1]:  26%|██▋       | 5297/20000 [02:08<05:21, 45.78it/s, acc=0.304, device=mps, eta=5m59s, loss=1.9918, sps=41.2]
BC[stage1_datasets_L40_stepsweep/bc_shift4_scale_0p8_1p2_steps20000_tr1]:  27%|██▋       | 5303/20000 [02:08<07:02, 34.82it/s, acc=0.304, device=mps, eta=5m59s, loss=1.9918, sps=41.2]
BC[stage1_datasets_L40_stepsweep/bc_shift4_scale_0p8_1p2_steps20000_tr1]:  27%|██▋       | 5311/20000 [02:08<05:44, 42.62it/s, acc=0.304, device=mps, eta=5m59s, loss=1.9918, sps=41.2]
BC[stage1_datasets_L40_stepsweep/bc_shift4_scale_0p8_1p2_steps20000_tr1]:  27%|██▋       | 5319/20000 [02:08<04:54, 49.89it/s, acc=0.304, device=mps, eta=5m59s, loss=1.9918, sps=41.2]
BC[stage1_datasets_L40_stepsweep/bc_shift4_scale_0p8_1p2_steps20000_tr1]:  27%|██▋       | 5326/20000 [02:09<06:28, 37.79it/s, acc=0.304, device=mps, eta=5m59s, loss=1.9918, sps=41.2]
BC[stage1_datasets_L40_stepsweep/bc_shift4_scale_0p8_1p2_steps20000_tr1]:  27%|██▋       | 5333/20000 [02:09<05:45, 42.41it/s, acc=0.304, device=mps, eta=5m59s, loss=1.9918, sps=41.2]
BC[stage1_datasets_L40_stepsweep/bc_shift4_scale_0p8_1p2_steps20000_tr1]:  27%|██▋       | 5340/20000 [02:09<05:07, 47.66it/s, acc=0.304, device=mps, eta=5m59s, loss=1.9918, sps=41.2]
BC[stage1_datasets_L40_stepsweep/bc_shift4_scale_0p8_1p2_steps20000_tr1]:  27%|██▋       | 5346/20000 [02:09<06:48, 35.85it/s, acc=0.304, device=mps, eta=5m59s, loss=1.9918, sps=41.2]
BC[stage1_datasets_L40_stepsweep/bc_shift4_scale_0p8_1p2_steps20000_tr1]:  27%|██▋       | 5354/20000 [02:09<05:37, 43.45it/s, acc=0.304, device=mps, eta=5m59s, loss=1.9918, sps=41.2]
BC[stage1_datasets_L40_stepsweep/bc_shift4_scale_0p8_1p2_steps20000_tr1]:  27%|██▋       | 5361/20000 [02:10<06:58, 34.95it/s, acc=0.304, device=mps, eta=5m59s, loss=1.9918, sps=41.2]
BC[stage1_datasets_L40_stepsweep/bc_shift4_scale_0p8_1p2_steps20000_tr1]:  27%|██▋       | 5369/20000 [02:10<05:45, 42.39it/s, acc=0.304, device=mps, eta=5m59s, loss=1.9918, sps=41.2]
BC[stage1_datasets_L40_stepsweep/bc_shift4_scale_0p8_1p2_steps20000_tr1]:  27%|██▋       | 5377/20000 [02:10<04:57, 49.13it/s, acc=0.304, device=mps, eta=5m59s, loss=1.9918, sps=41.2]
BC[stage1_datasets_L40_stepsweep/bc_shift4_scale_0p8_1p2_steps20000_tr1]:  27%|██▋       | 5384/20000 [02:10<06:26, 37.82it/s, acc=0.304, device=mps, eta=5m59s, loss=1.9918, sps=41.2]
BC[stage1_datasets_L40_stepsweep/bc_shift4_scale_0p8_1p2_steps20000_tr1]:  27%|██▋       | 5392/20000 [02:10<05:24, 44.99it/s, acc=0.304, device=mps, eta=5m59s, loss=1.9918, sps=41.2]
BC[stage1_datasets_L40_stepsweep/bc_shift4_scale_0p8_1p2_steps20000_tr1]:  27%|██▋       | 5392/20000 [02:10<05:24, 44.99it/s, acc=0.308, device=mps, eta=5m54s, loss=1.9878, sps=41.2]
BC[stage1_datasets_L40_stepsweep/bc_shift4_scale_0p8_1p2_steps20000_tr1]:  27%|██▋       | 5400/20000 [02:10<04:42, 51.75it/s, acc=0.308, device=mps, eta=5m54s, loss=1.9878, sps=41.2]
BC[stage1_datasets_L40_stepsweep/bc_shift4_scale_0p8_1p2_steps20000_tr1]:  27%|██▋       | 5407/20000 [02:11<06:16, 38.75it/s, acc=0.308, device=mps, eta=5m54s, loss=1.9878, sps=41.2]
BC[stage1_datasets_L40_stepsweep/bc_shift4_scale_0p8_1p2_steps20000_tr1]:  27%|██▋       | 5415/20000 [02:11<05:16, 46.07it/s, acc=0.308, device=mps, eta=5m54s, loss=1.9878, sps=41.2]
BC[stage1_datasets_L40_stepsweep/bc_shift4_scale_0p8_1p2_steps20000_tr1]:  27%|██▋       | 5421/20000 [02:11<06:43, 36.12it/s, acc=0.308, device=mps, eta=5m54s, loss=1.9878, sps=41.2]
BC[stage1_datasets_L40_stepsweep/bc_shift4_scale_0p8_1p2_steps20000_tr1]:  27%|██▋       | 5429/20000 [02:11<05:35, 43.49it/s, acc=0.308, device=mps, eta=5m54s, loss=1.9878, sps=41.2]
BC[stage1_datasets_L40_stepsweep/bc_shift4_scale_0p8_1p2_steps20000_tr1]:  27%|██▋       | 5437/20000 [02:11<04:48, 50.49it/s, acc=0.308, device=mps, eta=5m54s, loss=1.9878, sps=41.2]
BC[stage1_datasets_L40_stepsweep/bc_shift4_scale_0p8_1p2_steps20000_tr1]:  27%|██▋       | 5444/20000 [02:12<06:19, 38.35it/s, acc=0.308, device=mps, eta=5m54s, loss=1.9878, sps=41.2]
BC[stage1_datasets_L40_stepsweep/bc_shift4_scale_0p8_1p2_steps20000_tr1]:  27%|██▋       | 5452/20000 [02:12<05:19, 45.48it/s, acc=0.308, device=mps, eta=5m54s, loss=1.9878, sps=41.2]
BC[stage1_datasets_L40_stepsweep/bc_shift4_scale_0p8_1p2_steps20000_tr1]:  27%|██▋       | 5460/20000 [02:12<04:37, 52.43it/s, acc=0.308, device=mps, eta=5m54s, loss=1.9878, sps=41.2]
BC[stage1_datasets_L40_stepsweep/bc_shift4_scale_0p8_1p2_steps20000_tr1]:  27%|██▋       | 5467/20000 [02:12<06:27, 37.55it/s, acc=0.308, device=mps, eta=5m54s, loss=1.9878, sps=41.2]
BC[stage1_datasets_L40_stepsweep/bc_shift4_scale_0p8_1p2_steps20000_tr1]:  27%|██▋       | 5473/20000 [02:12<05:54, 40.99it/s, acc=0.308, device=mps, eta=5m54s, loss=1.9878, sps=41.2]
BC[stage1_datasets_L40_stepsweep/bc_shift4_scale_0p8_1p2_steps20000_tr1]:  27%|██▋       | 5480/20000 [02:12<05:12, 46.49it/s, acc=0.308, device=mps, eta=5m54s, loss=1.9878, sps=41.2]
BC[stage1_datasets_L40_stepsweep/bc_shift4_scale_0p8_1p2_steps20000_tr1]:  27%|██▋       | 5486/20000 [02:13<06:54, 35.05it/s, acc=0.308, device=mps, eta=5m54s, loss=1.9878, sps=41.2]
BC[stage1_datasets_L40_stepsweep/bc_shift4_scale_0p8_1p2_steps20000_tr1]:  27%|██▋       | 5494/20000 [02:13<05:39, 42.77it/s, acc=0.308, device=mps, eta=5m54s, loss=1.9878, sps=41.2]
BC[stage1_datasets_L40_stepsweep/bc_shift4_scale_0p8_1p2_steps20000_tr1]:  28%|██▊       | 5501/20000 [02:13<06:59, 34.52it/s, acc=0.308, device=mps, eta=5m54s, loss=1.9878, sps=41.2]
BC[stage1_datasets_L40_stepsweep/bc_shift4_scale_0p8_1p2_steps20000_tr1]:  28%|██▊       | 5507/20000 [02:13<06:12, 38.92it/s, acc=0.308, device=mps, eta=5m54s, loss=1.9878, sps=41.2]
BC[stage1_datasets_L40_stepsweep/bc_shift4_scale_0p8_1p2_steps20000_tr1]:  28%|██▊       | 5514/20000 [02:13<05:31, 43.73it/s, acc=0.308, device=mps, eta=5m54s, loss=1.9878, sps=41.2]
BC[stage1_datasets_L40_stepsweep/bc_shift4_scale_0p8_1p2_steps20000_tr1]:  28%|██▊       | 5521/20000 [02:14<07:00, 34.41it/s, acc=0.308, device=mps, eta=5m54s, loss=1.9878, sps=41.2]
BC[stage1_datasets_L40_stepsweep/bc_shift4_scale_0p8_1p2_steps20000_tr1]:  28%|██▊       | 5529/20000 [02:14<05:43, 42.14it/s, acc=0.308, device=mps, eta=5m54s, loss=1.9878, sps=41.2]
BC[stage1_datasets_L40_stepsweep/bc_shift4_scale_0p8_1p2_steps20000_tr1]:  28%|██▊       | 5537/20000 [02:14<04:54, 49.07it/s, acc=0.308, device=mps, eta=5m54s, loss=1.9878, sps=41.2]
BC[stage1_datasets_L40_stepsweep/bc_shift4_scale_0p8_1p2_steps20000_tr1]:  28%|██▊       | 5544/20000 [02:14<06:24, 37.61it/s, acc=0.308, device=mps, eta=5m54s, loss=1.9878, sps=41.2]
BC[stage1_datasets_L40_stepsweep/bc_shift4_scale_0p8_1p2_steps20000_tr1]:  28%|██▊       | 5552/20000 [02:14<05:22, 44.82it/s, acc=0.308, device=mps, eta=5m54s, loss=1.9878, sps=41.2]
BC[stage1_datasets_L40_stepsweep/bc_shift4_scale_0p8_1p2_steps20000_tr1]:  28%|██▊       | 5560/20000 [02:14<04:38, 51.79it/s, acc=0.308, device=mps, eta=5m54s, loss=1.9878, sps=41.2]
BC[stage1_datasets_L40_stepsweep/bc_shift4_scale_0p8_1p2_steps20000_tr1]:  28%|██▊       | 5567/20000 [02:15<06:13, 38.64it/s, acc=0.308, device=mps, eta=5m54s, loss=1.9878, sps=41.2]
BC[stage1_datasets_L40_stepsweep/bc_shift4_scale_0p8_1p2_steps20000_tr1]:  28%|██▊       | 5575/20000 [02:15<05:14, 45.86it/s, acc=0.308, device=mps, eta=5m54s, loss=1.9878, sps=41.2]
BC[stage1_datasets_L40_stepsweep/bc_shift4_scale_0p8_1p2_steps20000_tr1]:  28%|██▊       | 5581/20000 [02:15<06:46, 35.44it/s, acc=0.308, device=mps, eta=5m54s, loss=1.9878, sps=41.2]
BC[stage1_datasets_L40_stepsweep/bc_shift4_scale_0p8_1p2_steps20000_tr1]:  28%|██▊       | 5588/20000 [02:15<05:51, 41.01it/s, acc=0.308, device=mps, eta=5m54s, loss=1.9878, sps=41.2]
BC[stage1_datasets_L40_stepsweep/bc_shift4_scale_0p8_1p2_steps20000_tr1]:  28%|██▊       | 5594/20000 [02:15<05:27, 43.92it/s, acc=0.308, device=mps, eta=5m54s, loss=1.9878, sps=41.2]
BC[stage1_datasets_L40_stepsweep/bc_shift4_scale_0p8_1p2_steps20000_tr1]:  28%|██▊       | 5594/20000 [02:15<05:27, 43.92it/s, acc=0.303, device=mps, eta=5m49s, loss=1.9962, sps=41.3]
BC[stage1_datasets_L40_stepsweep/bc_shift4_scale_0p8_1p2_steps20000_tr1]:  28%|██▊       | 5601/20000 [02:15<07:00, 34.27it/s, acc=0.303, device=mps, eta=5m49s, loss=1.9962, sps=41.3]
BC[stage1_datasets_L40_stepsweep/bc_shift4_scale_0p8_1p2_steps20000_tr1]:  28%|██▊       | 5609/20000 [02:16<05:42, 42.01it/s, acc=0.303, device=mps, eta=5m49s, loss=1.9962, sps=41.3]
BC[stage1_datasets_L40_stepsweep/bc_shift4_scale_0p8_1p2_steps20000_tr1]:  28%|██▊       | 5617/20000 [02:16<04:52, 49.22it/s, acc=0.303, device=mps, eta=5m49s, loss=1.9962, sps=41.3]
BC[stage1_datasets_L40_stepsweep/bc_shift4_scale_0p8_1p2_steps20000_tr1]:  28%|██▊       | 5624/20000 [02:16<06:21, 37.73it/s, acc=0.303, device=mps, eta=5m49s, loss=1.9962, sps=41.3]
BC[stage1_datasets_L40_stepsweep/bc_shift4_scale_0p8_1p2_steps20000_tr1]:  28%|██▊       | 5632/20000 [02:16<05:17, 45.25it/s, acc=0.303, device=mps, eta=5m49s, loss=1.9962, sps=41.3]
BC[stage1_datasets_L40_stepsweep/bc_shift4_scale_0p8_1p2_steps20000_tr1]:  28%|██▊       | 5641/20000 [02:16<06:18, 37.97it/s, acc=0.303, device=mps, eta=5m49s, loss=1.9962, sps=41.3]
BC[stage1_datasets_L40_stepsweep/bc_shift4_scale_0p8_1p2_steps20000_tr1]:  28%|██▊       | 5649/20000 [02:16<05:21, 44.70it/s, acc=0.303, device=mps, eta=5m49s, loss=1.9962, sps=41.3]
BC[stage1_datasets_L40_stepsweep/bc_shift4_scale_0p8_1p2_steps20000_tr1]:  28%|██▊       | 5657/20000 [02:17<04:40, 51.10it/s, acc=0.303, device=mps, eta=5m49s, loss=1.9962, sps=41.3]
BC[stage1_datasets_L40_stepsweep/bc_shift4_scale_0p8_1p2_steps20000_tr1]:  28%|██▊       | 5664/20000 [02:17<06:09, 38.77it/s, acc=0.303, device=mps, eta=5m49s, loss=1.9962, sps=41.3]
BC[stage1_datasets_L40_stepsweep/bc_shift4_scale_0p8_1p2_steps20000_tr1]:  28%|██▊       | 5670/20000 [02:17<05:41, 41.90it/s, acc=0.303, device=mps, eta=5m49s, loss=1.9962, sps=41.3]
BC[stage1_datasets_L40_stepsweep/bc_shift4_scale_0p8_1p2_steps20000_tr1]:  28%|██▊       | 5677/20000 [02:17<05:07, 46.56it/s, acc=0.303, device=mps, eta=5m49s, loss=1.9962, sps=41.3]
BC[stage1_datasets_L40_stepsweep/bc_shift4_scale_0p8_1p2_steps20000_tr1]:  28%|██▊       | 5683/20000 [02:17<06:45, 35.30it/s, acc=0.303, device=mps, eta=5m49s, loss=1.9962, sps=41.3]
BC[stage1_datasets_L40_stepsweep/bc_shift4_scale_0p8_1p2_steps20000_tr1]:  28%|██▊       | 5691/20000 [02:17<05:30, 43.31it/s, acc=0.303, device=mps, eta=5m49s, loss=1.9962, sps=41.3]
BC[stage1_datasets_L40_stepsweep/bc_shift4_scale_0p8_1p2_steps20000_tr1]:  28%|██▊       | 5699/20000 [02:18<04:56, 48.16it/s, acc=0.303, device=mps, eta=5m49s, loss=1.9962, sps=41.3]
BC[stage1_datasets_L40_stepsweep/bc_shift4_scale_0p8_1p2_steps20000_tr1]:  29%|██▊       | 5705/20000 [02:18<06:31, 36.53it/s, acc=0.303, device=mps, eta=5m49s, loss=1.9962, sps=41.3]
BC[stage1_datasets_L40_stepsweep/bc_shift4_scale_0p8_1p2_steps20000_tr1]:  29%|██▊       | 5713/20000 [02:18<05:24, 44.07it/s, acc=0.303, device=mps, eta=5m49s, loss=1.9962, sps=41.3]
BC[stage1_datasets_L40_stepsweep/bc_shift4_scale_0p8_1p2_steps20000_tr1]:  29%|██▊       | 5721/20000 [02:18<06:36, 36.03it/s, acc=0.303, device=mps, eta=5m49s, loss=1.9962, sps=41.3]
BC[stage1_datasets_L40_stepsweep/bc_shift4_scale_0p8_1p2_steps20000_tr1]:  29%|██▊       | 5727/20000 [02:18<05:56, 40.08it/s, acc=0.303, device=mps, eta=5m49s, loss=1.9962, sps=41.3]
BC[stage1_datasets_L40_stepsweep/bc_shift4_scale_0p8_1p2_steps20000_tr1]:  29%|██▊       | 5734/20000 [02:19<05:17, 44.98it/s, acc=0.303, device=mps, eta=5m49s, loss=1.9962, sps=41.3]
BC[stage1_datasets_L40_stepsweep/bc_shift4_scale_0p8_1p2_steps20000_tr1]:  29%|██▊       | 5741/20000 [02:19<06:41, 35.55it/s, acc=0.303, device=mps, eta=5m49s, loss=1.9962, sps=41.3]
BC[stage1_datasets_L40_stepsweep/bc_shift4_scale_0p8_1p2_steps20000_tr1]:  29%|██▊       | 5749/20000 [02:19<05:31, 43.03it/s, acc=0.303, device=mps, eta=5m49s, loss=1.9962, sps=41.3]
BC[stage1_datasets_L40_stepsweep/bc_shift4_scale_0p8_1p2_steps20000_tr1]:  29%|██▉       | 5757/20000 [02:19<04:44, 50.06it/s, acc=0.303, device=mps, eta=5m49s, loss=1.9962, sps=41.3]
BC[stage1_datasets_L40_stepsweep/bc_shift4_scale_0p8_1p2_steps20000_tr1]:  29%|██▉       | 5764/20000 [02:19<06:12, 38.21it/s, acc=0.303, device=mps, eta=5m49s, loss=1.9962, sps=41.3]
BC[stage1_datasets_L40_stepsweep/bc_shift4_scale_0p8_1p2_steps20000_tr1]:  29%|██▉       | 5772/20000 [02:19<05:12, 45.46it/s, acc=0.303, device=mps, eta=5m49s, loss=1.9962, sps=41.3]
BC[stage1_datasets_L40_stepsweep/bc_shift4_scale_0p8_1p2_steps20000_tr1]:  29%|██▉       | 5781/20000 [02:20<06:18, 37.57it/s, acc=0.303, device=mps, eta=5m49s, loss=1.9962, sps=41.3]
BC[stage1_datasets_L40_stepsweep/bc_shift4_scale_0p8_1p2_steps20000_tr1]:  29%|██▉       | 5787/20000 [02:20<05:53, 40.23it/s, acc=0.303, device=mps, eta=5m49s, loss=1.9962, sps=41.3]
BC[stage1_datasets_L40_stepsweep/bc_shift4_scale_0p8_1p2_steps20000_tr1]:  29%|██▉       | 5794/20000 [02:20<05:17, 44.68it/s, acc=0.303, device=mps, eta=5m49s, loss=1.9962, sps=41.3]
BC[stage1_datasets_L40_stepsweep/bc_shift4_scale_0p8_1p2_steps20000_tr1]:  29%|██▉       | 5794/20000 [02:20<05:17, 44.68it/s, acc=0.304, device=mps, eta=5m44s, loss=1.9944, sps=41.3]
BC[stage1_datasets_L40_stepsweep/bc_shift4_scale_0p8_1p2_steps20000_tr1]:  29%|██▉       | 5801/20000 [02:20<06:45, 35.02it/s, acc=0.304, device=mps, eta=5m44s, loss=1.9944, sps=41.3]
BC[stage1_datasets_L40_stepsweep/bc_shift4_scale_0p8_1p2_steps20000_tr1]:  29%|██▉       | 5807/20000 [02:20<06:01, 39.24it/s, acc=0.304, device=mps, eta=5m44s, loss=1.9944, sps=41.3]
BC[stage1_datasets_L40_stepsweep/bc_shift4_scale_0p8_1p2_steps20000_tr1]:  29%|██▉       | 5813/20000 [02:20<05:27, 43.26it/s, acc=0.304, device=mps, eta=5m44s, loss=1.9944, sps=41.3]
BC[stage1_datasets_L40_stepsweep/bc_shift4_scale_0p8_1p2_steps20000_tr1]:  29%|██▉       | 5821/20000 [02:21<06:47, 34.79it/s, acc=0.304, device=mps, eta=5m44s, loss=1.9944, sps=41.3]
BC[stage1_datasets_L40_stepsweep/bc_shift4_scale_0p8_1p2_steps20000_tr1]:  29%|██▉       | 5829/20000 [02:21<05:35, 42.29it/s, acc=0.304, device=mps, eta=5m44s, loss=1.9944, sps=41.3]
BC[stage1_datasets_L40_stepsweep/bc_shift4_scale_0p8_1p2_steps20000_tr1]:  29%|██▉       | 5837/20000 [02:21<04:48, 49.04it/s, acc=0.304, device=mps, eta=5m44s, loss=1.9944, sps=41.3]
BC[stage1_datasets_L40_stepsweep/bc_shift4_scale_0p8_1p2_steps20000_tr1]:  29%|██▉       | 5843/20000 [02:21<06:23, 36.90it/s, acc=0.304, device=mps, eta=5m44s, loss=1.9944, sps=41.3]
BC[stage1_datasets_L40_stepsweep/bc_shift4_scale_0p8_1p2_steps20000_tr1]:  29%|██▉       | 5851/20000 [02:21<05:18, 44.45it/s, acc=0.304, device=mps, eta=5m44s, loss=1.9944, sps=41.3]
BC[stage1_datasets_L40_stepsweep/bc_shift4_scale_0p8_1p2_steps20000_tr1]:  29%|██▉       | 5859/20000 [02:21<04:35, 51.26it/s, acc=0.304, device=mps, eta=5m44s, loss=1.9944, sps=41.3]
BC[stage1_datasets_L40_stepsweep/bc_shift4_scale_0p8_1p2_steps20000_tr1]:  29%|██▉       | 5866/20000 [02:22<06:21, 37.08it/s, acc=0.304, device=mps, eta=5m44s, loss=1.9944, sps=41.3]
BC[stage1_datasets_L40_stepsweep/bc_shift4_scale_0p8_1p2_steps20000_tr1]:  29%|██▉       | 5872/20000 [02:22<05:43, 41.12it/s, acc=0.304, device=mps, eta=5m44s, loss=1.9944, sps=41.3]
BC[stage1_datasets_L40_stepsweep/bc_shift4_scale_0p8_1p2_steps20000_tr1]:  29%|██▉       | 5880/20000 [02:22<04:51, 48.39it/s, acc=0.304, device=mps, eta=5m44s, loss=1.9944, sps=41.3]
BC[stage1_datasets_L40_stepsweep/bc_shift4_scale_0p8_1p2_steps20000_tr1]:  29%|██▉       | 5886/20000 [02:22<06:29, 36.19it/s, acc=0.304, device=mps, eta=5m44s, loss=1.9944, sps=41.3]
BC[stage1_datasets_L40_stepsweep/bc_shift4_scale_0p8_1p2_steps20000_tr1]:  29%|██▉       | 5894/20000 [02:22<05:22, 43.71it/s, acc=0.304, device=mps, eta=5m44s, loss=1.9944, sps=41.3]
BC[stage1_datasets_L40_stepsweep/bc_shift4_scale_0p8_1p2_steps20000_tr1]:  30%|██▉       | 5901/20000 [02:23<06:43, 34.98it/s, acc=0.304, device=mps, eta=5m44s, loss=1.9944, sps=41.3]
BC[stage1_datasets_L40_stepsweep/bc_shift4_scale_0p8_1p2_steps20000_tr1]:  30%|██▉       | 5909/20000 [02:23<05:32, 42.40it/s, acc=0.304, device=mps, eta=5m44s, loss=1.9944, sps=41.3]
BC[stage1_datasets_L40_stepsweep/bc_shift4_scale_0p8_1p2_steps20000_tr1]:  30%|██▉       | 5917/20000 [02:23<04:46, 49.21it/s, acc=0.304, device=mps, eta=5m44s, loss=1.9944, sps=41.3]
BC[stage1_datasets_L40_stepsweep/bc_shift4_scale_0p8_1p2_steps20000_tr1]:  30%|██▉       | 5924/20000 [02:23<06:12, 37.79it/s, acc=0.304, device=mps, eta=5m44s, loss=1.9944, sps=41.3]
BC[stage1_datasets_L40_stepsweep/bc_shift4_scale_0p8_1p2_steps20000_tr1]:  30%|██▉       | 5932/20000 [02:23<05:12, 44.96it/s, acc=0.304, device=mps, eta=5m44s, loss=1.9944, sps=41.3]
BC[stage1_datasets_L40_stepsweep/bc_shift4_scale_0p8_1p2_steps20000_tr1]:  30%|██▉       | 5940/20000 [02:23<04:31, 51.75it/s, acc=0.304, device=mps, eta=5m44s, loss=1.9944, sps=41.3]
BC[stage1_datasets_L40_stepsweep/bc_shift4_scale_0p8_1p2_steps20000_tr1]:  30%|██▉       | 5947/20000 [02:24<06:02, 38.78it/s, acc=0.304, device=mps, eta=5m44s, loss=1.9944, sps=41.3]
BC[stage1_datasets_L40_stepsweep/bc_shift4_scale_0p8_1p2_steps20000_tr1]:  30%|██▉       | 5955/20000 [02:24<05:07, 45.64it/s, acc=0.304, device=mps, eta=5m44s, loss=1.9944, sps=41.3]
BC[stage1_datasets_L40_stepsweep/bc_shift4_scale_0p8_1p2_steps20000_tr1]:  30%|██▉       | 5961/20000 [02:24<06:36, 35.41it/s, acc=0.304, device=mps, eta=5m44s, loss=1.9944, sps=41.3]
BC[stage1_datasets_L40_stepsweep/bc_shift4_scale_0p8_1p2_steps20000_tr1]:  30%|██▉       | 5969/20000 [02:24<05:27, 42.80it/s, acc=0.304, device=mps, eta=5m44s, loss=1.9944, sps=41.3]
BC[stage1_datasets_L40_stepsweep/bc_shift4_scale_0p8_1p2_steps20000_tr1]:  30%|██▉       | 5977/20000 [02:24<04:47, 48.82it/s, acc=0.304, device=mps, eta=5m44s, loss=1.9944, sps=41.3]
BC[stage1_datasets_L40_stepsweep/bc_shift4_scale_0p8_1p2_steps20000_tr1]:  30%|██▉       | 5984/20000 [02:25<06:09, 37.93it/s, acc=0.304, device=mps, eta=5m44s, loss=1.9944, sps=41.3]
BC[stage1_datasets_L40_stepsweep/bc_shift4_scale_0p8_1p2_steps20000_tr1]:  30%|██▉       | 5992/20000 [02:25<05:08, 45.41it/s, acc=0.304, device=mps, eta=5m44s, loss=1.9944, sps=41.3]
BC[stage1_datasets_L40_stepsweep/bc_shift4_scale_0p8_1p2_steps20000_tr1]:  30%|██▉       | 5992/20000 [02:25<05:08, 45.41it/s, acc=0.306, device=mps, eta=5m39s, loss=1.9838, sps=41.3]
BC[stage1_datasets_L40_stepsweep/bc_shift4_scale_0p8_1p2_steps20000_tr1]:  30%|███       | 6001/20000 [02:25<06:05, 38.25it/s, acc=0.306, device=mps, eta=5m39s, loss=1.9838, sps=41.3]
BC[stage1_datasets_L40_stepsweep/bc_shift4_scale_0p8_1p2_steps20000_tr1]:  30%|███       | 6009/20000 [02:25<05:11, 44.95it/s, acc=0.306, device=mps, eta=5m39s, loss=1.9838, sps=41.3]
BC[stage1_datasets_L40_stepsweep/bc_shift4_scale_0p8_1p2_steps20000_tr1]:  30%|███       | 6017/20000 [02:25<04:34, 50.97it/s, acc=0.306, device=mps, eta=5m39s, loss=1.9838, sps=41.3]
BC[stage1_datasets_L40_stepsweep/bc_shift4_scale_0p8_1p2_steps20000_tr1]:  30%|███       | 6024/20000 [02:26<05:59, 38.92it/s, acc=0.306, device=mps, eta=5m39s, loss=1.9838, sps=41.3]
BC[stage1_datasets_L40_stepsweep/bc_shift4_scale_0p8_1p2_steps20000_tr1]:  30%|███       | 6032/20000 [02:26<05:05, 45.75it/s, acc=0.306, device=mps, eta=5m39s, loss=1.9838, sps=41.3]
BC[stage1_datasets_L40_stepsweep/bc_shift4_scale_0p8_1p2_steps20000_tr1]:  30%|███       | 6041/20000 [02:26<06:08, 37.90it/s, acc=0.306, device=mps, eta=5m39s, loss=1.9838, sps=41.3]
BC[stage1_datasets_L40_stepsweep/bc_shift4_scale_0p8_1p2_steps20000_tr1]:  30%|███       | 6047/20000 [02:26<05:43, 40.58it/s, acc=0.306, device=mps, eta=5m39s, loss=1.9838, sps=41.3]
BC[stage1_datasets_L40_stepsweep/bc_shift4_scale_0p8_1p2_steps20000_tr1]:  30%|███       | 6054/20000 [02:26<05:07, 45.37it/s, acc=0.306, device=mps, eta=5m39s, loss=1.9838, sps=41.3]
BC[stage1_datasets_L40_stepsweep/bc_shift4_scale_0p8_1p2_steps20000_tr1]:  30%|███       | 6061/20000 [02:26<06:28, 35.86it/s, acc=0.306, device=mps, eta=5m39s, loss=1.9838, sps=41.3]
BC[stage1_datasets_L40_stepsweep/bc_shift4_scale_0p8_1p2_steps20000_tr1]:  30%|███       | 6069/20000 [02:27<05:22, 43.19it/s, acc=0.306, device=mps, eta=5m39s, loss=1.9838, sps=41.3]
BC[stage1_datasets_L40_stepsweep/bc_shift4_scale_0p8_1p2_steps20000_tr1]:  30%|███       | 6077/20000 [02:27<04:38, 49.99it/s, acc=0.306, device=mps, eta=5m39s, loss=1.9838, sps=41.3]
BC[stage1_datasets_L40_stepsweep/bc_shift4_scale_0p8_1p2_steps20000_tr1]:  30%|███       | 6084/20000 [02:27<06:04, 38.20it/s, acc=0.306, device=mps, eta=5m39s, loss=1.9838, sps=41.3]
BC[stage1_datasets_L40_stepsweep/bc_shift4_scale_0p8_1p2_steps20000_tr1]:  30%|███       | 6092/20000 [02:27<05:06, 45.34it/s, acc=0.306, device=mps, eta=5m39s, loss=1.9838, sps=41.3]
BC[stage1_datasets_L40_stepsweep/bc_shift4_scale_0p8_1p2_steps20000_tr1]:  30%|███       | 6100/20000 [02:27<04:26, 52.15it/s, acc=0.306, device=mps, eta=5m39s, loss=1.9838, sps=41.3]
BC[stage1_datasets_L40_stepsweep/bc_shift4_scale_0p8_1p2_steps20000_tr1]:  31%|███       | 6107/20000 [02:27<06:10, 37.51it/s, acc=0.306, device=mps, eta=5m39s, loss=1.9838, sps=41.3]
BC[stage1_datasets_L40_stepsweep/bc_shift4_scale_0p8_1p2_steps20000_tr1]:  31%|███       | 6113/20000 [02:28<05:38, 41.04it/s, acc=0.306, device=mps, eta=5m39s, loss=1.9838, sps=41.3]
BC[stage1_datasets_L40_stepsweep/bc_shift4_scale_0p8_1p2_steps20000_tr1]:  31%|███       | 6120/20000 [02:28<04:57, 46.69it/s, acc=0.306, device=mps, eta=5m39s, loss=1.9838, sps=41.3]
BC[stage1_datasets_L40_stepsweep/bc_shift4_scale_0p8_1p2_steps20000_tr1]:  31%|███       | 6126/20000 [02:28<06:42, 34.50it/s, acc=0.306, device=mps, eta=5m39s, loss=1.9838, sps=41.3]
BC[stage1_datasets_L40_stepsweep/bc_shift4_scale_0p8_1p2_steps20000_tr1]:  31%|███       | 6132/20000 [02:28<05:59, 38.60it/s, acc=0.306, device=mps, eta=5m39s, loss=1.9838, sps=41.3]
BC[stage1_datasets_L40_stepsweep/bc_shift4_scale_0p8_1p2_steps20000_tr1]:  31%|███       | 6139/20000 [02:28<05:11, 44.53it/s, acc=0.306, device=mps, eta=5m39s, loss=1.9838, sps=41.3]
BC[stage1_datasets_L40_stepsweep/bc_shift4_scale_0p8_1p2_steps20000_tr1]:  31%|███       | 6145/20000 [02:29<06:54, 33.41it/s, acc=0.306, device=mps, eta=5m39s, loss=1.9838, sps=41.3]
BC[stage1_datasets_L40_stepsweep/bc_shift4_scale_0p8_1p2_steps20000_tr1]:  31%|███       | 6151/20000 [02:29<06:03, 38.13it/s, acc=0.306, device=mps, eta=5m39s, loss=1.9838, sps=41.3]
BC[stage1_datasets_L40_stepsweep/bc_shift4_scale_0p8_1p2_steps20000_tr1]:  31%|███       | 6158/20000 [02:29<05:14, 43.97it/s, acc=0.306, device=mps, eta=5m39s, loss=1.9838, sps=41.3]
BC[stage1_datasets_L40_stepsweep/bc_shift4_scale_0p8_1p2_steps20000_tr1]:  31%|███       | 6164/20000 [02:29<06:49, 33.77it/s, acc=0.306, device=mps, eta=5m39s, loss=1.9838, sps=41.3]
BC[stage1_datasets_L40_stepsweep/bc_shift4_scale_0p8_1p2_steps20000_tr1]:  31%|███       | 6172/20000 [02:29<05:30, 41.90it/s, acc=0.306, device=mps, eta=5m39s, loss=1.9838, sps=41.3]
BC[stage1_datasets_L40_stepsweep/bc_shift4_scale_0p8_1p2_steps20000_tr1]:  31%|███       | 6181/20000 [02:29<06:28, 35.59it/s, acc=0.306, device=mps, eta=5m39s, loss=1.9838, sps=41.3]
BC[stage1_datasets_L40_stepsweep/bc_shift4_scale_0p8_1p2_steps20000_tr1]:  31%|███       | 6189/20000 [02:30<05:24, 42.58it/s, acc=0.306, device=mps, eta=5m39s, loss=1.9838, sps=41.3]
BC[stage1_datasets_L40_stepsweep/bc_shift4_scale_0p8_1p2_steps20000_tr1]:  31%|███       | 6195/20000 [02:30<05:05, 45.24it/s, acc=0.306, device=mps, eta=5m39s, loss=1.9838, sps=41.3]
BC[stage1_datasets_L40_stepsweep/bc_shift4_scale_0p8_1p2_steps20000_tr1]:  31%|███       | 6195/20000 [02:30<05:05, 45.24it/s, acc=0.309, device=mps, eta=5m34s, loss=1.9798, sps=41.3]
BC[stage1_datasets_L40_stepsweep/bc_shift4_scale_0p8_1p2_steps20000_tr1]:  31%|███       | 6201/20000 [02:30<06:39, 34.53it/s, acc=0.309, device=mps, eta=5m34s, loss=1.9798, sps=41.3]
BC[stage1_datasets_L40_stepsweep/bc_shift4_scale_0p8_1p2_steps20000_tr1]:  31%|███       | 6209/20000 [02:30<05:26, 42.29it/s, acc=0.309, device=mps, eta=5m34s, loss=1.9798, sps=41.3]
BC[stage1_datasets_L40_stepsweep/bc_shift4_scale_0p8_1p2_steps20000_tr1]:  31%|███       | 6217/20000 [02:30<04:39, 49.31it/s, acc=0.309, device=mps, eta=5m34s, loss=1.9798, sps=41.3]
BC[stage1_datasets_L40_stepsweep/bc_shift4_scale_0p8_1p2_steps20000_tr1]:  31%|███       | 6224/20000 [02:30<06:05, 37.71it/s, acc=0.309, device=mps, eta=5m34s, loss=1.9798, sps=41.3]
BC[stage1_datasets_L40_stepsweep/bc_shift4_scale_0p8_1p2_steps20000_tr1]:  31%|███       | 6232/20000 [02:31<05:06, 44.93it/s, acc=0.309, device=mps, eta=5m34s, loss=1.9798, sps=41.3]
BC[stage1_datasets_L40_stepsweep/bc_shift4_scale_0p8_1p2_steps20000_tr1]:  31%|███       | 6240/20000 [02:31<04:25, 51.76it/s, acc=0.309, device=mps, eta=5m34s, loss=1.9798, sps=41.3]
BC[stage1_datasets_L40_stepsweep/bc_shift4_scale_0p8_1p2_steps20000_tr1]:  31%|███       | 6247/20000 [02:31<05:54, 38.78it/s, acc=0.309, device=mps, eta=5m34s, loss=1.9798, sps=41.3]
BC[stage1_datasets_L40_stepsweep/bc_shift4_scale_0p8_1p2_steps20000_tr1]:  31%|███▏      | 6255/20000 [02:31<05:00, 45.72it/s, acc=0.309, device=mps, eta=5m34s, loss=1.9798, sps=41.3]
BC[stage1_datasets_L40_stepsweep/bc_shift4_scale_0p8_1p2_steps20000_tr1]:  31%|███▏      | 6261/20000 [02:31<06:27, 35.41it/s, acc=0.309, device=mps, eta=5m34s, loss=1.9798, sps=41.3]
BC[stage1_datasets_L40_stepsweep/bc_shift4_scale_0p8_1p2_steps20000_tr1]:  31%|███▏      | 6269/20000 [02:31<05:20, 42.85it/s, acc=0.309, device=mps, eta=5m34s, loss=1.9798, sps=41.3]
BC[stage1_datasets_L40_stepsweep/bc_shift4_scale_0p8_1p2_steps20000_tr1]:  31%|███▏      | 6277/20000 [02:32<04:37, 49.46it/s, acc=0.309, device=mps, eta=5m34s, loss=1.9798, sps=41.3]
BC[stage1_datasets_L40_stepsweep/bc_shift4_scale_0p8_1p2_steps20000_tr1]:  31%|███▏      | 6284/20000 [02:32<06:01, 37.96it/s, acc=0.309, device=mps, eta=5m34s, loss=1.9798, sps=41.3]
BC[stage1_datasets_L40_stepsweep/bc_shift4_scale_0p8_1p2_steps20000_tr1]:  31%|███▏      | 6292/20000 [02:32<05:04, 45.04it/s, acc=0.309, device=mps, eta=5m34s, loss=1.9798, sps=41.3]
BC[stage1_datasets_L40_stepsweep/bc_shift4_scale_0p8_1p2_steps20000_tr1]:  32%|███▏      | 6301/20000 [02:32<06:06, 37.42it/s, acc=0.309, device=mps, eta=5m34s, loss=1.9798, sps=41.3]
BC[stage1_datasets_L40_stepsweep/bc_shift4_scale_0p8_1p2_steps20000_tr1]:  32%|███▏      | 6309/20000 [02:32<05:10, 44.10it/s, acc=0.309, device=mps, eta=5m34s, loss=1.9798, sps=41.3]
BC[stage1_datasets_L40_stepsweep/bc_shift4_scale_0p8_1p2_steps20000_tr1]:  32%|███▏      | 6317/20000 [02:32<04:31, 50.32it/s, acc=0.309, device=mps, eta=5m34s, loss=1.9798, sps=41.3]
BC[stage1_datasets_L40_stepsweep/bc_shift4_scale_0p8_1p2_steps20000_tr1]:  32%|███▏      | 6324/20000 [02:33<05:54, 38.63it/s, acc=0.309, device=mps, eta=5m34s, loss=1.9798, sps=41.3]
BC[stage1_datasets_L40_stepsweep/bc_shift4_scale_0p8_1p2_steps20000_tr1]:  32%|███▏      | 6332/20000 [02:33<05:00, 45.47it/s, acc=0.309, device=mps, eta=5m34s, loss=1.9798, sps=41.3]
BC[stage1_datasets_L40_stepsweep/bc_shift4_scale_0p8_1p2_steps20000_tr1]:  32%|███▏      | 6340/20000 [02:33<04:22, 52.00it/s, acc=0.309, device=mps, eta=5m34s, loss=1.9798, sps=41.3]
BC[stage1_datasets_L40_stepsweep/bc_shift4_scale_0p8_1p2_steps20000_tr1]:  32%|███▏      | 6347/20000 [02:33<05:49, 39.08it/s, acc=0.309, device=mps, eta=5m34s, loss=1.9798, sps=41.3]
BC[stage1_datasets_L40_stepsweep/bc_shift4_scale_0p8_1p2_steps20000_tr1]:  32%|███▏      | 6355/20000 [02:33<04:57, 45.87it/s, acc=0.309, device=mps, eta=5m34s, loss=1.9798, sps=41.3]
BC[stage1_datasets_L40_stepsweep/bc_shift4_scale_0p8_1p2_steps20000_tr1]:  32%|███▏      | 6361/20000 [02:34<06:23, 35.56it/s, acc=0.309, device=mps, eta=5m34s, loss=1.9798, sps=41.3]
BC[stage1_datasets_L40_stepsweep/bc_shift4_scale_0p8_1p2_steps20000_tr1]:  32%|███▏      | 6369/20000 [02:34<05:17, 42.89it/s, acc=0.309, device=mps, eta=5m34s, loss=1.9798, sps=41.3]
BC[stage1_datasets_L40_stepsweep/bc_shift4_scale_0p8_1p2_steps20000_tr1]:  32%|███▏      | 6377/20000 [02:34<04:34, 49.56it/s, acc=0.309, device=mps, eta=5m34s, loss=1.9798, sps=41.3]
BC[stage1_datasets_L40_stepsweep/bc_shift4_scale_0p8_1p2_steps20000_tr1]:  32%|███▏      | 6384/20000 [02:34<05:57, 38.07it/s, acc=0.309, device=mps, eta=5m34s, loss=1.9798, sps=41.3]
BC[stage1_datasets_L40_stepsweep/bc_shift4_scale_0p8_1p2_steps20000_tr1]:  32%|███▏      | 6392/20000 [02:34<05:01, 45.19it/s, acc=0.309, device=mps, eta=5m34s, loss=1.9798, sps=41.3]
BC[stage1_datasets_L40_stepsweep/bc_shift4_scale_0p8_1p2_steps20000_tr1]:  32%|███▏      | 6392/20000 [02:34<05:01, 45.19it/s, acc=0.306, device=mps, eta=5m29s, loss=1.9900, sps=41.3]
BC[stage1_datasets_L40_stepsweep/bc_shift4_scale_0p8_1p2_steps20000_tr1]:  32%|███▏      | 6400/20000 [02:34<04:20, 52.18it/s, acc=0.306, device=mps, eta=5m29s, loss=1.9900, sps=41.3]
BC[stage1_datasets_L40_stepsweep/bc_shift4_scale_0p8_1p2_steps20000_tr1]:  32%|███▏      | 6407/20000 [02:35<05:49, 38.94it/s, acc=0.306, device=mps, eta=5m29s, loss=1.9900, sps=41.3]
BC[stage1_datasets_L40_stepsweep/bc_shift4_scale_0p8_1p2_steps20000_tr1]:  32%|███▏      | 6413/20000 [02:35<05:22, 42.17it/s, acc=0.306, device=mps, eta=5m29s, loss=1.9900, sps=41.3]
BC[stage1_datasets_L40_stepsweep/bc_shift4_scale_0p8_1p2_steps20000_tr1]:  32%|███▏      | 6420/20000 [02:35<04:46, 47.47it/s, acc=0.306, device=mps, eta=5m29s, loss=1.9900, sps=41.3]
BC[stage1_datasets_L40_stepsweep/bc_shift4_scale_0p8_1p2_steps20000_tr1]:  32%|███▏      | 6426/20000 [02:35<06:13, 36.31it/s, acc=0.306, device=mps, eta=5m29s, loss=1.9900, sps=41.3]
BC[stage1_datasets_L40_stepsweep/bc_shift4_scale_0p8_1p2_steps20000_tr1]:  32%|███▏      | 6434/20000 [02:35<05:08, 43.97it/s, acc=0.306, device=mps, eta=5m29s, loss=1.9900, sps=41.3]
BC[stage1_datasets_L40_stepsweep/bc_shift4_scale_0p8_1p2_steps20000_tr1]:  32%|███▏      | 6441/20000 [02:36<06:22, 35.47it/s, acc=0.306, device=mps, eta=5m29s, loss=1.9900, sps=41.3]
BC[stage1_datasets_L40_stepsweep/bc_shift4_scale_0p8_1p2_steps20000_tr1]:  32%|███▏      | 6449/20000 [02:36<05:15, 42.99it/s, acc=0.306, device=mps, eta=5m29s, loss=1.9900, sps=41.3]
BC[stage1_datasets_L40_stepsweep/bc_shift4_scale_0p8_1p2_steps20000_tr1]:  32%|███▏      | 6457/20000 [02:36<04:30, 50.01it/s, acc=0.306, device=mps, eta=5m29s, loss=1.9900, sps=41.3]
BC[stage1_datasets_L40_stepsweep/bc_shift4_scale_0p8_1p2_steps20000_tr1]:  32%|███▏      | 6464/20000 [02:36<06:02, 37.34it/s, acc=0.306, device=mps, eta=5m29s, loss=1.9900, sps=41.3]
BC[stage1_datasets_L40_stepsweep/bc_shift4_scale_0p8_1p2_steps20000_tr1]:  32%|███▏      | 6470/20000 [02:36<05:34, 40.40it/s, acc=0.306, device=mps, eta=5m29s, loss=1.9900, sps=41.3]
BC[stage1_datasets_L40_stepsweep/bc_shift4_scale_0p8_1p2_steps20000_tr1]:  32%|███▏      | 6477/20000 [02:36<04:57, 45.38it/s, acc=0.306, device=mps, eta=5m29s, loss=1.9900, sps=41.3]
BC[stage1_datasets_L40_stepsweep/bc_shift4_scale_0p8_1p2_steps20000_tr1]:  32%|███▏      | 6483/20000 [02:37<06:30, 34.61it/s, acc=0.306, device=mps, eta=5m29s, loss=1.9900, sps=41.3]
BC[stage1_datasets_L40_stepsweep/bc_shift4_scale_0p8_1p2_steps20000_tr1]:  32%|███▏      | 6491/20000 [02:37<05:18, 42.46it/s, acc=0.306, device=mps, eta=5m29s, loss=1.9900, sps=41.3]
BC[stage1_datasets_L40_stepsweep/bc_shift4_scale_0p8_1p2_steps20000_tr1]:  32%|███▏      | 6499/20000 [02:37<04:31, 49.68it/s, acc=0.306, device=mps, eta=5m29s, loss=1.9900, sps=41.3]
BC[stage1_datasets_L40_stepsweep/bc_shift4_scale_0p8_1p2_steps20000_tr1]:  33%|███▎      | 6506/20000 [02:37<05:59, 37.51it/s, acc=0.306, device=mps, eta=5m29s, loss=1.9900, sps=41.3]
BC[stage1_datasets_L40_stepsweep/bc_shift4_scale_0p8_1p2_steps20000_tr1]:  33%|███▎      | 6512/20000 [02:37<05:25, 41.43it/s, acc=0.306, device=mps, eta=5m29s, loss=1.9900, sps=41.3]
BC[stage1_datasets_L40_stepsweep/bc_shift4_scale_0p8_1p2_steps20000_tr1]:  33%|███▎      | 6518/20000 [02:37<05:01, 44.73it/s, acc=0.306, device=mps, eta=5m29s, loss=1.9900, sps=41.3]
BC[stage1_datasets_L40_stepsweep/bc_shift4_scale_0p8_1p2_steps20000_tr1]:  33%|███▎      | 6524/20000 [02:38<06:42, 33.48it/s, acc=0.306, device=mps, eta=5m29s, loss=1.9900, sps=41.3]
BC[stage1_datasets_L40_stepsweep/bc_shift4_scale_0p8_1p2_steps20000_tr1]:  33%|███▎      | 6529/20000 [02:38<06:13, 36.08it/s, acc=0.306, device=mps, eta=5m29s, loss=1.9900, sps=41.3]
BC[stage1_datasets_L40_stepsweep/bc_shift4_scale_0p8_1p2_steps20000_tr1]:  33%|███▎      | 6535/20000 [02:38<05:30, 40.68it/s, acc=0.306, device=mps, eta=5m29s, loss=1.9900, sps=41.3]
BC[stage1_datasets_L40_stepsweep/bc_shift4_scale_0p8_1p2_steps20000_tr1]:  33%|███▎      | 6541/20000 [02:38<07:05, 31.62it/s, acc=0.306, device=mps, eta=5m29s, loss=1.9900, sps=41.3]
BC[stage1_datasets_L40_stepsweep/bc_shift4_scale_0p8_1p2_steps20000_tr1]:  33%|███▎      | 6549/20000 [02:38<05:34, 40.16it/s, acc=0.306, device=mps, eta=5m29s, loss=1.9900, sps=41.3]
BC[stage1_datasets_L40_stepsweep/bc_shift4_scale_0p8_1p2_steps20000_tr1]:  33%|███▎      | 6557/20000 [02:38<04:40, 47.91it/s, acc=0.306, device=mps, eta=5m29s, loss=1.9900, sps=41.3]
BC[stage1_datasets_L40_stepsweep/bc_shift4_scale_0p8_1p2_steps20000_tr1]:  33%|███▎      | 6563/20000 [02:39<06:13, 35.98it/s, acc=0.306, device=mps, eta=5m29s, loss=1.9900, sps=41.3]
BC[stage1_datasets_L40_stepsweep/bc_shift4_scale_0p8_1p2_steps20000_tr1]:  33%|███▎      | 6571/20000 [02:39<05:04, 44.09it/s, acc=0.306, device=mps, eta=5m29s, loss=1.9900, sps=41.3]
BC[stage1_datasets_L40_stepsweep/bc_shift4_scale_0p8_1p2_steps20000_tr1]:  33%|███▎      | 6580/20000 [02:39<04:12, 53.06it/s, acc=0.306, device=mps, eta=5m29s, loss=1.9900, sps=41.3]
BC[stage1_datasets_L40_stepsweep/bc_shift4_scale_0p8_1p2_steps20000_tr1]:  33%|███▎      | 6587/20000 [02:39<05:41, 39.33it/s, acc=0.306, device=mps, eta=5m29s, loss=1.9900, sps=41.3]
BC[stage1_datasets_L40_stepsweep/bc_shift4_scale_0p8_1p2_steps20000_tr1]:  33%|███▎      | 6595/20000 [02:39<04:48, 46.47it/s, acc=0.306, device=mps, eta=5m29s, loss=1.9900, sps=41.3]
BC[stage1_datasets_L40_stepsweep/bc_shift4_scale_0p8_1p2_steps20000_tr1]:  33%|███▎      | 6595/20000 [02:39<04:48, 46.47it/s, acc=0.309, device=mps, eta=5m24s, loss=1.9733, sps=41.3]
BC[stage1_datasets_L40_stepsweep/bc_shift4_scale_0p8_1p2_steps20000_tr1]:  33%|███▎      | 6601/20000 [02:39<06:14, 35.76it/s, acc=0.309, device=mps, eta=5m24s, loss=1.9733, sps=41.3]
BC[stage1_datasets_L40_stepsweep/bc_shift4_scale_0p8_1p2_steps20000_tr1]:  33%|███▎      | 6609/20000 [02:40<05:09, 43.25it/s, acc=0.309, device=mps, eta=5m24s, loss=1.9733, sps=41.3]
BC[stage1_datasets_L40_stepsweep/bc_shift4_scale_0p8_1p2_steps20000_tr1]:  33%|███▎      | 6617/20000 [02:40<04:28, 49.93it/s, acc=0.309, device=mps, eta=5m24s, loss=1.9733, sps=41.3]
BC[stage1_datasets_L40_stepsweep/bc_shift4_scale_0p8_1p2_steps20000_tr1]:  33%|███▎      | 6624/20000 [02:40<05:51, 38.09it/s, acc=0.309, device=mps, eta=5m24s, loss=1.9733, sps=41.3]
BC[stage1_datasets_L40_stepsweep/bc_shift4_scale_0p8_1p2_steps20000_tr1]:  33%|███▎      | 6632/20000 [02:40<04:55, 45.18it/s, acc=0.309, device=mps, eta=5m24s, loss=1.9733, sps=41.3]
BC[stage1_datasets_L40_stepsweep/bc_shift4_scale_0p8_1p2_steps20000_tr1]:  33%|███▎      | 6640/20000 [02:40<04:16, 52.15it/s, acc=0.309, device=mps, eta=5m24s, loss=1.9733, sps=41.3]
BC[stage1_datasets_L40_stepsweep/bc_shift4_scale_0p8_1p2_steps20000_tr1]:  33%|███▎      | 6647/20000 [02:40<05:52, 37.89it/s, acc=0.309, device=mps, eta=5m24s, loss=1.9733, sps=41.3]
BC[stage1_datasets_L40_stepsweep/bc_shift4_scale_0p8_1p2_steps20000_tr1]:  33%|███▎      | 6653/20000 [02:41<05:22, 41.37it/s, acc=0.309, device=mps, eta=5m24s, loss=1.9733, sps=41.3]
BC[stage1_datasets_L40_stepsweep/bc_shift4_scale_0p8_1p2_steps20000_tr1]:  33%|███▎      | 6660/20000 [02:41<04:44, 46.94it/s, acc=0.309, device=mps, eta=5m24s, loss=1.9733, sps=41.3]
BC[stage1_datasets_L40_stepsweep/bc_shift4_scale_0p8_1p2_steps20000_tr1]:  33%|███▎      | 6666/20000 [02:41<06:16, 35.41it/s, acc=0.309, device=mps, eta=5m24s, loss=1.9733, sps=41.3]
BC[stage1_datasets_L40_stepsweep/bc_shift4_scale_0p8_1p2_steps20000_tr1]:  33%|███▎      | 6674/20000 [02:41<05:09, 43.11it/s, acc=0.309, device=mps, eta=5m24s, loss=1.9733, sps=41.3]
BC[stage1_datasets_L40_stepsweep/bc_shift4_scale_0p8_1p2_steps20000_tr1]:  33%|███▎      | 6681/20000 [02:41<06:23, 34.71it/s, acc=0.309, device=mps, eta=5m24s, loss=1.9733, sps=41.3]
BC[stage1_datasets_L40_stepsweep/bc_shift4_scale_0p8_1p2_steps20000_tr1]:  33%|███▎      | 6689/20000 [02:41<05:14, 42.26it/s, acc=0.309, device=mps, eta=5m24s, loss=1.9733, sps=41.3]
BC[stage1_datasets_L40_stepsweep/bc_shift4_scale_0p8_1p2_steps20000_tr1]:  33%|███▎      | 6697/20000 [02:42<04:30, 49.15it/s, acc=0.309, device=mps, eta=5m24s, loss=1.9733, sps=41.3]
BC[stage1_datasets_L40_stepsweep/bc_shift4_scale_0p8_1p2_steps20000_tr1]:  34%|███▎      | 6704/20000 [02:42<05:52, 37.74it/s, acc=0.309, device=mps, eta=5m24s, loss=1.9733, sps=41.3]
BC[stage1_datasets_L40_stepsweep/bc_shift4_scale_0p8_1p2_steps20000_tr1]:  34%|███▎      | 6712/20000 [02:42<04:56, 44.88it/s, acc=0.309, device=mps, eta=5m24s, loss=1.9733, sps=41.3]
BC[stage1_datasets_L40_stepsweep/bc_shift4_scale_0p8_1p2_steps20000_tr1]:  34%|███▎      | 6720/20000 [02:42<04:16, 51.77it/s, acc=0.309, device=mps, eta=5m24s, loss=1.9733, sps=41.3]
BC[stage1_datasets_L40_stepsweep/bc_shift4_scale_0p8_1p2_steps20000_tr1]:  34%|███▎      | 6727/20000 [02:42<05:42, 38.73it/s, acc=0.309, device=mps, eta=5m24s, loss=1.9733, sps=41.3]
BC[stage1_datasets_L40_stepsweep/bc_shift4_scale_0p8_1p2_steps20000_tr1]:  34%|███▎      | 6735/20000 [02:42<04:50, 45.64it/s, acc=0.309, device=mps, eta=5m24s, loss=1.9733, sps=41.3]
BC[stage1_datasets_L40_stepsweep/bc_shift4_scale_0p8_1p2_steps20000_tr1]:  34%|███▎      | 6741/20000 [02:43<06:14, 35.44it/s, acc=0.309, device=mps, eta=5m24s, loss=1.9733, sps=41.3]
BC[stage1_datasets_L40_stepsweep/bc_shift4_scale_0p8_1p2_steps20000_tr1]:  34%|███▎      | 6749/20000 [02:43<05:08, 42.91it/s, acc=0.309, device=mps, eta=5m24s, loss=1.9733, sps=41.3]
BC[stage1_datasets_L40_stepsweep/bc_shift4_scale_0p8_1p2_steps20000_tr1]:  34%|███▍      | 6757/20000 [02:43<04:26, 49.65it/s, acc=0.309, device=mps, eta=5m24s, loss=1.9733, sps=41.3]
BC[stage1_datasets_L40_stepsweep/bc_shift4_scale_0p8_1p2_steps20000_tr1]:  34%|███▍      | 6764/20000 [02:43<05:49, 37.92it/s, acc=0.309, device=mps, eta=5m24s, loss=1.9733, sps=41.3]
BC[stage1_datasets_L40_stepsweep/bc_shift4_scale_0p8_1p2_steps20000_tr1]:  34%|███▍      | 6772/20000 [02:43<04:53, 45.14it/s, acc=0.309, device=mps, eta=5m24s, loss=1.9733, sps=41.3]
BC[stage1_datasets_L40_stepsweep/bc_shift4_scale_0p8_1p2_steps20000_tr1]:  34%|███▍      | 6780/20000 [02:43<04:14, 51.93it/s, acc=0.309, device=mps, eta=5m24s, loss=1.9733, sps=41.3]
BC[stage1_datasets_L40_stepsweep/bc_shift4_scale_0p8_1p2_steps20000_tr1]:  34%|███▍      | 6787/20000 [02:44<05:40, 38.75it/s, acc=0.309, device=mps, eta=5m24s, loss=1.9733, sps=41.3]
BC[stage1_datasets_L40_stepsweep/bc_shift4_scale_0p8_1p2_steps20000_tr1]:  34%|███▍      | 6795/20000 [02:44<04:49, 45.68it/s, acc=0.309, device=mps, eta=5m24s, loss=1.9733, sps=41.3]
BC[stage1_datasets_L40_stepsweep/bc_shift4_scale_0p8_1p2_steps20000_tr1]:  34%|███▍      | 6795/20000 [02:44<04:49, 45.68it/s, acc=0.307, device=mps, eta=5m19s, loss=1.9887, sps=41.3]
BC[stage1_datasets_L40_stepsweep/bc_shift4_scale_0p8_1p2_steps20000_tr1]:  34%|███▍      | 6801/20000 [02:44<06:12, 35.45it/s, acc=0.307, device=mps, eta=5m19s, loss=1.9887, sps=41.3]
BC[stage1_datasets_L40_stepsweep/bc_shift4_scale_0p8_1p2_steps20000_tr1]:  34%|███▍      | 6809/20000 [02:44<05:07, 42.84it/s, acc=0.307, device=mps, eta=5m19s, loss=1.9887, sps=41.3]
BC[stage1_datasets_L40_stepsweep/bc_shift4_scale_0p8_1p2_steps20000_tr1]:  34%|███▍      | 6817/20000 [02:44<04:25, 49.64it/s, acc=0.307, device=mps, eta=5m19s, loss=1.9887, sps=41.3]
BC[stage1_datasets_L40_stepsweep/bc_shift4_scale_0p8_1p2_steps20000_tr1]:  34%|███▍      | 6824/20000 [02:45<05:46, 38.00it/s, acc=0.307, device=mps, eta=5m19s, loss=1.9887, sps=41.3]
BC[stage1_datasets_L40_stepsweep/bc_shift4_scale_0p8_1p2_steps20000_tr1]:  34%|███▍      | 6832/20000 [02:45<04:52, 45.09it/s, acc=0.307, device=mps, eta=5m19s, loss=1.9887, sps=41.3]
BC[stage1_datasets_L40_stepsweep/bc_shift4_scale_0p8_1p2_steps20000_tr1]:  34%|███▍      | 6840/20000 [02:45<04:13, 51.97it/s, acc=0.307, device=mps, eta=5m19s, loss=1.9887, sps=41.3]
BC[stage1_datasets_L40_stepsweep/bc_shift4_scale_0p8_1p2_steps20000_tr1]:  34%|███▍      | 6847/20000 [02:45<05:40, 38.65it/s, acc=0.307, device=mps, eta=5m19s, loss=1.9887, sps=41.3]
BC[stage1_datasets_L40_stepsweep/bc_shift4_scale_0p8_1p2_steps20000_tr1]:  34%|███▍      | 6853/20000 [02:45<05:11, 42.17it/s, acc=0.307, device=mps, eta=5m19s, loss=1.9887, sps=41.3]
BC[stage1_datasets_L40_stepsweep/bc_shift4_scale_0p8_1p2_steps20000_tr1]:  34%|███▍      | 6860/20000 [02:45<04:38, 47.25it/s, acc=0.307, device=mps, eta=5m19s, loss=1.9887, sps=41.3]
BC[stage1_datasets_L40_stepsweep/bc_shift4_scale_0p8_1p2_steps20000_tr1]:  34%|███▍      | 6866/20000 [02:46<06:20, 34.53it/s, acc=0.307, device=mps, eta=5m19s, loss=1.9887, sps=41.3]
BC[stage1_datasets_L40_stepsweep/bc_shift4_scale_0p8_1p2_steps20000_tr1]:  34%|███▍      | 6872/20000 [02:46<05:40, 38.54it/s, acc=0.307, device=mps, eta=5m19s, loss=1.9887, sps=41.3]
BC[stage1_datasets_L40_stepsweep/bc_shift4_scale_0p8_1p2_steps20000_tr1]:  34%|███▍      | 6879/20000 [02:46<04:56, 44.21it/s, acc=0.307, device=mps, eta=5m19s, loss=1.9887, sps=41.3]
BC[stage1_datasets_L40_stepsweep/bc_shift4_scale_0p8_1p2_steps20000_tr1]:  34%|███▍      | 6885/20000 [02:46<06:24, 34.14it/s, acc=0.307, device=mps, eta=5m19s, loss=1.9887, sps=41.3]
BC[stage1_datasets_L40_stepsweep/bc_shift4_scale_0p8_1p2_steps20000_tr1]:  34%|███▍      | 6893/20000 [02:46<05:11, 42.12it/s, acc=0.307, device=mps, eta=5m19s, loss=1.9887, sps=41.3]
BC[stage1_datasets_L40_stepsweep/bc_shift4_scale_0p8_1p2_steps20000_tr1]:  35%|███▍      | 6901/20000 [02:47<06:14, 35.02it/s, acc=0.307, device=mps, eta=5m19s, loss=1.9887, sps=41.3]
BC[stage1_datasets_L40_stepsweep/bc_shift4_scale_0p8_1p2_steps20000_tr1]:  35%|███▍      | 6909/20000 [02:47<05:08, 42.45it/s, acc=0.307, device=mps, eta=5m19s, loss=1.9887, sps=41.3]
BC[stage1_datasets_L40_stepsweep/bc_shift4_scale_0p8_1p2_steps20000_tr1]:  35%|███▍      | 6917/20000 [02:47<04:25, 49.21it/s, acc=0.307, device=mps, eta=5m19s, loss=1.9887, sps=41.3]
BC[stage1_datasets_L40_stepsweep/bc_shift4_scale_0p8_1p2_steps20000_tr1]:  35%|███▍      | 6924/20000 [02:47<05:46, 37.76it/s, acc=0.307, device=mps, eta=5m19s, loss=1.9887, sps=41.3]
BC[stage1_datasets_L40_stepsweep/bc_shift4_scale_0p8_1p2_steps20000_tr1]:  35%|███▍      | 6932/20000 [02:47<04:51, 44.84it/s, acc=0.307, device=mps, eta=5m19s, loss=1.9887, sps=41.3]
BC[stage1_datasets_L40_stepsweep/bc_shift4_scale_0p8_1p2_steps20000_tr1]:  35%|███▍      | 6940/20000 [02:47<04:11, 51.84it/s, acc=0.307, device=mps, eta=5m19s, loss=1.9887, sps=41.3]
BC[stage1_datasets_L40_stepsweep/bc_shift4_scale_0p8_1p2_steps20000_tr1]:  35%|███▍      | 6947/20000 [02:48<05:47, 37.55it/s, acc=0.307, device=mps, eta=5m19s, loss=1.9887, sps=41.3]
BC[stage1_datasets_L40_stepsweep/bc_shift4_scale_0p8_1p2_steps20000_tr1]:  35%|███▍      | 6953/20000 [02:48<05:17, 41.07it/s, acc=0.307, device=mps, eta=5m19s, loss=1.9887, sps=41.3]
BC[stage1_datasets_L40_stepsweep/bc_shift4_scale_0p8_1p2_steps20000_tr1]:  35%|███▍      | 6960/20000 [02:48<04:40, 46.50it/s, acc=0.307, device=mps, eta=5m19s, loss=1.9887, sps=41.3]
BC[stage1_datasets_L40_stepsweep/bc_shift4_scale_0p8_1p2_steps20000_tr1]:  35%|███▍      | 6966/20000 [02:48<06:16, 34.58it/s, acc=0.307, device=mps, eta=5m19s, loss=1.9887, sps=41.3]
BC[stage1_datasets_L40_stepsweep/bc_shift4_scale_0p8_1p2_steps20000_tr1]:  35%|███▍      | 6972/20000 [02:48<05:33, 39.02it/s, acc=0.307, device=mps, eta=5m19s, loss=1.9887, sps=41.3]
BC[stage1_datasets_L40_stepsweep/bc_shift4_scale_0p8_1p2_steps20000_tr1]:  35%|███▍      | 6978/20000 [02:48<05:07, 42.39it/s, acc=0.307, device=mps, eta=5m19s, loss=1.9887, sps=41.3]
BC[stage1_datasets_L40_stepsweep/bc_shift4_scale_0p8_1p2_steps20000_tr1]:  35%|███▍      | 6984/20000 [02:49<06:41, 32.39it/s, acc=0.307, device=mps, eta=5m19s, loss=1.9887, sps=41.3]
BC[stage1_datasets_L40_stepsweep/bc_shift4_scale_0p8_1p2_steps20000_tr1]:  35%|███▍      | 6992/20000 [02:49<05:21, 40.51it/s, acc=0.307, device=mps, eta=5m19s, loss=1.9887, sps=41.3]
BC[stage1_datasets_L40_stepsweep/bc_shift4_scale_0p8_1p2_steps20000_tr1]:  35%|███▍      | 6992/20000 [02:49<05:21, 40.51it/s, acc=0.312, device=mps, eta=5m15s, loss=1.9772, sps=41.3]
BC[stage1_datasets_L40_stepsweep/bc_shift4_scale_0p8_1p2_steps20000_tr1]:  35%|███▌      | 7000/20000 [02:49<04:29, 48.18it/s, acc=0.312, device=mps, eta=5m15s, loss=1.9772, sps=41.3]
BC[stage1_datasets_L40_stepsweep/bc_shift4_scale_0p8_1p2_steps20000_tr1]:  35%|███▌      | 7006/20000 [02:49<06:04, 35.62it/s, acc=0.312, device=mps, eta=5m15s, loss=1.9772, sps=41.3]
BC[stage1_datasets_L40_stepsweep/bc_shift4_scale_0p8_1p2_steps20000_tr1]:  35%|███▌      | 7012/20000 [02:49<05:25, 39.85it/s, acc=0.312, device=mps, eta=5m15s, loss=1.9772, sps=41.3]
BC[stage1_datasets_L40_stepsweep/bc_shift4_scale_0p8_1p2_steps20000_tr1]:  35%|███▌      | 7019/20000 [02:49<04:50, 44.74it/s, acc=0.312, device=mps, eta=5m15s, loss=1.9772, sps=41.3]
BC[stage1_datasets_L40_stepsweep/bc_shift4_scale_0p8_1p2_steps20000_tr1]:  35%|███▌      | 7025/20000 [02:50<06:16, 34.50it/s, acc=0.312, device=mps, eta=5m15s, loss=1.9772, sps=41.3]
BC[stage1_datasets_L40_stepsweep/bc_shift4_scale_0p8_1p2_steps20000_tr1]:  35%|███▌      | 7033/20000 [02:50<05:05, 42.48it/s, acc=0.312, device=mps, eta=5m15s, loss=1.9772, sps=41.3]
BC[stage1_datasets_L40_stepsweep/bc_shift4_scale_0p8_1p2_steps20000_tr1]:  35%|███▌      | 7041/20000 [02:50<06:08, 35.16it/s, acc=0.312, device=mps, eta=5m15s, loss=1.9772, sps=41.3]
BC[stage1_datasets_L40_stepsweep/bc_shift4_scale_0p8_1p2_steps20000_tr1]:  35%|███▌      | 7049/20000 [02:50<05:05, 42.43it/s, acc=0.312, device=mps, eta=5m15s, loss=1.9772, sps=41.3]
BC[stage1_datasets_L40_stepsweep/bc_shift4_scale_0p8_1p2_steps20000_tr1]:  35%|███▌      | 7057/20000 [02:50<04:21, 49.43it/s, acc=0.312, device=mps, eta=5m15s, loss=1.9772, sps=41.3]
BC[stage1_datasets_L40_stepsweep/bc_shift4_scale_0p8_1p2_steps20000_tr1]:  35%|███▌      | 7064/20000 [02:51<05:45, 37.46it/s, acc=0.312, device=mps, eta=5m15s, loss=1.9772, sps=41.3]
BC[stage1_datasets_L40_stepsweep/bc_shift4_scale_0p8_1p2_steps20000_tr1]:  35%|███▌      | 7071/20000 [02:51<05:02, 42.77it/s, acc=0.312, device=mps, eta=5m15s, loss=1.9772, sps=41.3]
BC[stage1_datasets_L40_stepsweep/bc_shift4_scale_0p8_1p2_steps20000_tr1]:  35%|███▌      | 7077/20000 [02:51<04:46, 45.16it/s, acc=0.312, device=mps, eta=5m15s, loss=1.9772, sps=41.3]
BC[stage1_datasets_L40_stepsweep/bc_shift4_scale_0p8_1p2_steps20000_tr1]:  35%|███▌      | 7083/20000 [02:51<06:24, 33.55it/s, acc=0.312, device=mps, eta=5m15s, loss=1.9772, sps=41.3]
BC[stage1_datasets_L40_stepsweep/bc_shift4_scale_0p8_1p2_steps20000_tr1]:  35%|███▌      | 7089/20000 [02:51<05:46, 37.21it/s, acc=0.312, device=mps, eta=5m15s, loss=1.9772, sps=41.3]
BC[stage1_datasets_L40_stepsweep/bc_shift4_scale_0p8_1p2_steps20000_tr1]:  35%|███▌      | 7096/20000 [02:51<05:00, 42.97it/s, acc=0.312, device=mps, eta=5m15s, loss=1.9772, sps=41.3]
BC[stage1_datasets_L40_stepsweep/bc_shift4_scale_0p8_1p2_steps20000_tr1]:  36%|███▌      | 7102/20000 [02:52<06:30, 33.04it/s, acc=0.312, device=mps, eta=5m15s, loss=1.9772, sps=41.3]
BC[stage1_datasets_L40_stepsweep/bc_shift4_scale_0p8_1p2_steps20000_tr1]:  36%|███▌      | 7109/20000 [02:52<05:25, 39.60it/s, acc=0.312, device=mps, eta=5m15s, loss=1.9772, sps=41.3]
BC[stage1_datasets_L40_stepsweep/bc_shift4_scale_0p8_1p2_steps20000_tr1]:  36%|███▌      | 7116/20000 [02:52<04:48, 44.59it/s, acc=0.312, device=mps, eta=5m15s, loss=1.9772, sps=41.3]
BC[stage1_datasets_L40_stepsweep/bc_shift4_scale_0p8_1p2_steps20000_tr1]:  36%|███▌      | 7122/20000 [02:52<06:18, 34.00it/s, acc=0.312, device=mps, eta=5m15s, loss=1.9772, sps=41.3]
BC[stage1_datasets_L40_stepsweep/bc_shift4_scale_0p8_1p2_steps20000_tr1]:  36%|███▌      | 7130/20000 [02:52<05:05, 42.07it/s, acc=0.312, device=mps, eta=5m15s, loss=1.9772, sps=41.3]
BC[stage1_datasets_L40_stepsweep/bc_shift4_scale_0p8_1p2_steps20000_tr1]:  36%|███▌      | 7138/20000 [02:52<04:21, 49.12it/s, acc=0.312, device=mps, eta=5m15s, loss=1.9772, sps=41.3]
BC[stage1_datasets_L40_stepsweep/bc_shift4_scale_0p8_1p2_steps20000_tr1]:  36%|███▌      | 7144/20000 [02:53<05:49, 36.78it/s, acc=0.312, device=mps, eta=5m15s, loss=1.9772, sps=41.3]
BC[stage1_datasets_L40_stepsweep/bc_shift4_scale_0p8_1p2_steps20000_tr1]:  36%|███▌      | 7152/20000 [02:53<04:49, 44.31it/s, acc=0.312, device=mps, eta=5m15s, loss=1.9772, sps=41.3]
BC[stage1_datasets_L40_stepsweep/bc_shift4_scale_0p8_1p2_steps20000_tr1]:  36%|███▌      | 7161/20000 [02:53<05:47, 36.92it/s, acc=0.312, device=mps, eta=5m15s, loss=1.9772, sps=41.3]
BC[stage1_datasets_L40_stepsweep/bc_shift4_scale_0p8_1p2_steps20000_tr1]:  36%|███▌      | 7169/20000 [02:53<04:51, 43.98it/s, acc=0.312, device=mps, eta=5m15s, loss=1.9772, sps=41.3]
BC[stage1_datasets_L40_stepsweep/bc_shift4_scale_0p8_1p2_steps20000_tr1]:  36%|███▌      | 7177/20000 [02:53<04:13, 50.58it/s, acc=0.312, device=mps, eta=5m15s, loss=1.9772, sps=41.3]
BC[stage1_datasets_L40_stepsweep/bc_shift4_scale_0p8_1p2_steps20000_tr1]:  36%|███▌      | 7184/20000 [02:54<05:28, 39.06it/s, acc=0.312, device=mps, eta=5m15s, loss=1.9772, sps=41.3]
BC[stage1_datasets_L40_stepsweep/bc_shift4_scale_0p8_1p2_steps20000_tr1]:  36%|███▌      | 7192/20000 [02:54<04:37, 46.20it/s, acc=0.312, device=mps, eta=5m15s, loss=1.9772, sps=41.3]
BC[stage1_datasets_L40_stepsweep/bc_shift4_scale_0p8_1p2_steps20000_tr1]:  36%|███▌      | 7192/20000 [02:54<04:37, 46.20it/s, acc=0.309, device=mps, eta=5m10s, loss=1.9740, sps=41.3]
BC[stage1_datasets_L40_stepsweep/bc_shift4_scale_0p8_1p2_steps20000_tr1]:  36%|███▌      | 7201/20000 [02:54<05:35, 38.19it/s, acc=0.309, device=mps, eta=5m10s, loss=1.9740, sps=41.3]
BC[stage1_datasets_L40_stepsweep/bc_shift4_scale_0p8_1p2_steps20000_tr1]:  36%|███▌      | 7207/20000 [02:54<05:06, 41.73it/s, acc=0.309, device=mps, eta=5m10s, loss=1.9740, sps=41.3]
BC[stage1_datasets_L40_stepsweep/bc_shift4_scale_0p8_1p2_steps20000_tr1]:  36%|███▌      | 7213/20000 [02:54<04:50, 44.09it/s, acc=0.309, device=mps, eta=5m10s, loss=1.9740, sps=41.3]
BC[stage1_datasets_L40_stepsweep/bc_shift4_scale_0p8_1p2_steps20000_tr1]:  36%|███▌      | 7220/20000 [02:54<04:21, 48.96it/s, acc=0.309, device=mps, eta=5m10s, loss=1.9740, sps=41.3]
BC[stage1_datasets_L40_stepsweep/bc_shift4_scale_0p8_1p2_steps20000_tr1]:  36%|███▌      | 7226/20000 [02:55<05:52, 36.29it/s, acc=0.309, device=mps, eta=5m10s, loss=1.9740, sps=41.3]
BC[stage1_datasets_L40_stepsweep/bc_shift4_scale_0p8_1p2_steps20000_tr1]:  36%|███▌      | 7234/20000 [02:55<04:50, 43.93it/s, acc=0.309, device=mps, eta=5m10s, loss=1.9740, sps=41.3]
BC[stage1_datasets_L40_stepsweep/bc_shift4_scale_0p8_1p2_steps20000_tr1]:  36%|███▌      | 7241/20000 [02:55<06:03, 35.08it/s, acc=0.309, device=mps, eta=5m10s, loss=1.9740, sps=41.3]
BC[stage1_datasets_L40_stepsweep/bc_shift4_scale_0p8_1p2_steps20000_tr1]:  36%|███▌      | 7249/20000 [02:55<04:59, 42.52it/s, acc=0.309, device=mps, eta=5m10s, loss=1.9740, sps=41.3]
BC[stage1_datasets_L40_stepsweep/bc_shift4_scale_0p8_1p2_steps20000_tr1]:  36%|███▋      | 7257/20000 [02:55<04:16, 49.69it/s, acc=0.309, device=mps, eta=5m10s, loss=1.9740, sps=41.3]
BC[stage1_datasets_L40_stepsweep/bc_shift4_scale_0p8_1p2_steps20000_tr1]:  36%|███▋      | 7264/20000 [02:55<05:39, 37.49it/s, acc=0.309, device=mps, eta=5m10s, loss=1.9740, sps=41.3]
BC[stage1_datasets_L40_stepsweep/bc_shift4_scale_0p8_1p2_steps20000_tr1]:  36%|███▋      | 7271/20000 [02:56<04:56, 43.00it/s, acc=0.309, device=mps, eta=5m10s, loss=1.9740, sps=41.3]
BC[stage1_datasets_L40_stepsweep/bc_shift4_scale_0p8_1p2_steps20000_tr1]:  36%|███▋      | 7278/20000 [02:56<04:28, 47.30it/s, acc=0.309, device=mps, eta=5m10s, loss=1.9740, sps=41.3]
BC[stage1_datasets_L40_stepsweep/bc_shift4_scale_0p8_1p2_steps20000_tr1]:  36%|███▋      | 7284/20000 [02:56<05:54, 35.90it/s, acc=0.309, device=mps, eta=5m10s, loss=1.9740, sps=41.3]
BC[stage1_datasets_L40_stepsweep/bc_shift4_scale_0p8_1p2_steps20000_tr1]:  36%|███▋      | 7292/20000 [02:56<04:52, 43.49it/s, acc=0.309, device=mps, eta=5m10s, loss=1.9740, sps=41.3]
BC[stage1_datasets_L40_stepsweep/bc_shift4_scale_0p8_1p2_steps20000_tr1]:  37%|███▋      | 7301/20000 [02:56<05:46, 36.60it/s, acc=0.309, device=mps, eta=5m10s, loss=1.9740, sps=41.3]
BC[stage1_datasets_L40_stepsweep/bc_shift4_scale_0p8_1p2_steps20000_tr1]:  37%|███▋      | 7309/20000 [02:56<04:51, 43.48it/s, acc=0.309, device=mps, eta=5m10s, loss=1.9740, sps=41.3]
BC[stage1_datasets_L40_stepsweep/bc_shift4_scale_0p8_1p2_steps20000_tr1]:  37%|███▋      | 7317/20000 [02:57<04:14, 49.89it/s, acc=0.309, device=mps, eta=5m10s, loss=1.9740, sps=41.3]
BC[stage1_datasets_L40_stepsweep/bc_shift4_scale_0p8_1p2_steps20000_tr1]:  37%|███▋      | 7324/20000 [02:57<05:31, 38.27it/s, acc=0.309, device=mps, eta=5m10s, loss=1.9740, sps=41.3]
BC[stage1_datasets_L40_stepsweep/bc_shift4_scale_0p8_1p2_steps20000_tr1]:  37%|███▋      | 7332/20000 [02:57<04:40, 45.16it/s, acc=0.309, device=mps, eta=5m10s, loss=1.9740, sps=41.3]
BC[stage1_datasets_L40_stepsweep/bc_shift4_scale_0p8_1p2_steps20000_tr1]:  37%|███▋      | 7341/20000 [02:57<05:36, 37.62it/s, acc=0.309, device=mps, eta=5m10s, loss=1.9740, sps=41.3]
BC[stage1_datasets_L40_stepsweep/bc_shift4_scale_0p8_1p2_steps20000_tr1]:  37%|███▋      | 7349/20000 [02:57<04:45, 44.33it/s, acc=0.309, device=mps, eta=5m10s, loss=1.9740, sps=41.3]
BC[stage1_datasets_L40_stepsweep/bc_shift4_scale_0p8_1p2_steps20000_tr1]:  37%|███▋      | 7357/20000 [02:58<04:10, 50.55it/s, acc=0.309, device=mps, eta=5m10s, loss=1.9740, sps=41.3]
BC[stage1_datasets_L40_stepsweep/bc_shift4_scale_0p8_1p2_steps20000_tr1]:  37%|███▋      | 7364/20000 [02:58<05:26, 38.64it/s, acc=0.309, device=mps, eta=5m10s, loss=1.9740, sps=41.3]
BC[stage1_datasets_L40_stepsweep/bc_shift4_scale_0p8_1p2_steps20000_tr1]:  37%|███▋      | 7372/20000 [02:58<04:37, 45.54it/s, acc=0.309, device=mps, eta=5m10s, loss=1.9740, sps=41.3]
BC[stage1_datasets_L40_stepsweep/bc_shift4_scale_0p8_1p2_steps20000_tr1]:  37%|███▋      | 7380/20000 [02:58<04:01, 52.21it/s, acc=0.309, device=mps, eta=5m10s, loss=1.9740, sps=41.3]
BC[stage1_datasets_L40_stepsweep/bc_shift4_scale_0p8_1p2_steps20000_tr1]:  37%|███▋      | 7387/20000 [02:58<05:24, 38.81it/s, acc=0.309, device=mps, eta=5m10s, loss=1.9740, sps=41.3]
BC[stage1_datasets_L40_stepsweep/bc_shift4_scale_0p8_1p2_steps20000_tr1]:  37%|███▋      | 7393/20000 [02:58<04:56, 42.57it/s, acc=0.309, device=mps, eta=5m10s, loss=1.9740, sps=41.3]
BC[stage1_datasets_L40_stepsweep/bc_shift4_scale_0p8_1p2_steps20000_tr1]:  37%|███▋      | 7393/20000 [02:59<04:56, 42.57it/s, acc=0.313, device=mps, eta=5m05s, loss=1.9679, sps=41.3]
BC[stage1_datasets_L40_stepsweep/bc_shift4_scale_0p8_1p2_steps20000_tr1]:  37%|███▋      | 7400/20000 [02:59<04:22, 48.09it/s, acc=0.313, device=mps, eta=5m05s, loss=1.9679, sps=41.3]
BC[stage1_datasets_L40_stepsweep/bc_shift4_scale_0p8_1p2_steps20000_tr1]:  37%|███▋      | 7406/20000 [02:59<05:50, 35.92it/s, acc=0.313, device=mps, eta=5m05s, loss=1.9679, sps=41.3]
BC[stage1_datasets_L40_stepsweep/bc_shift4_scale_0p8_1p2_steps20000_tr1]:  37%|███▋      | 7414/20000 [02:59<04:49, 43.55it/s, acc=0.313, device=mps, eta=5m05s, loss=1.9679, sps=41.3]
BC[stage1_datasets_L40_stepsweep/bc_shift4_scale_0p8_1p2_steps20000_tr1]:  37%|███▋      | 7421/20000 [02:59<06:00, 34.93it/s, acc=0.313, device=mps, eta=5m05s, loss=1.9679, sps=41.3]
BC[stage1_datasets_L40_stepsweep/bc_shift4_scale_0p8_1p2_steps20000_tr1]:  37%|███▋      | 7429/20000 [02:59<04:56, 42.42it/s, acc=0.313, device=mps, eta=5m05s, loss=1.9679, sps=41.3]
BC[stage1_datasets_L40_stepsweep/bc_shift4_scale_0p8_1p2_steps20000_tr1]:  37%|███▋      | 7437/20000 [02:59<04:15, 49.25it/s, acc=0.313, device=mps, eta=5m05s, loss=1.9679, sps=41.3]
BC[stage1_datasets_L40_stepsweep/bc_shift4_scale_0p8_1p2_steps20000_tr1]:  37%|███▋      | 7444/20000 [03:00<05:32, 37.75it/s, acc=0.313, device=mps, eta=5m05s, loss=1.9679, sps=41.3]
BC[stage1_datasets_L40_stepsweep/bc_shift4_scale_0p8_1p2_steps20000_tr1]:  37%|███▋      | 7452/20000 [03:00<04:39, 44.88it/s, acc=0.313, device=mps, eta=5m05s, loss=1.9679, sps=41.3]
BC[stage1_datasets_L40_stepsweep/bc_shift4_scale_0p8_1p2_steps20000_tr1]:  37%|███▋      | 7461/20000 [03:00<05:35, 37.42it/s, acc=0.313, device=mps, eta=5m05s, loss=1.9679, sps=41.3]
BC[stage1_datasets_L40_stepsweep/bc_shift4_scale_0p8_1p2_steps20000_tr1]:  37%|███▋      | 7467/20000 [03:00<05:05, 41.02it/s, acc=0.313, device=mps, eta=5m05s, loss=1.9679, sps=41.3]
BC[stage1_datasets_L40_stepsweep/bc_shift4_scale_0p8_1p2_steps20000_tr1]:  37%|███▋      | 7473/20000 [03:00<04:43, 44.12it/s, acc=0.313, device=mps, eta=5m05s, loss=1.9679, sps=41.3]
BC[stage1_datasets_L40_stepsweep/bc_shift4_scale_0p8_1p2_steps20000_tr1]:  37%|███▋      | 7480/20000 [03:00<04:13, 49.34it/s, acc=0.313, device=mps, eta=5m05s, loss=1.9679, sps=41.3]
BC[stage1_datasets_L40_stepsweep/bc_shift4_scale_0p8_1p2_steps20000_tr1]:  37%|███▋      | 7486/20000 [03:01<05:53, 35.35it/s, acc=0.313, device=mps, eta=5m05s, loss=1.9679, sps=41.3]
BC[stage1_datasets_L40_stepsweep/bc_shift4_scale_0p8_1p2_steps20000_tr1]:  37%|███▋      | 7492/20000 [03:01<05:19, 39.10it/s, acc=0.313, device=mps, eta=5m05s, loss=1.9679, sps=41.3]
BC[stage1_datasets_L40_stepsweep/bc_shift4_scale_0p8_1p2_steps20000_tr1]:  37%|███▋      | 7499/20000 [03:01<04:41, 44.48it/s, acc=0.313, device=mps, eta=5m05s, loss=1.9679, sps=41.3]
BC[stage1_datasets_L40_stepsweep/bc_shift4_scale_0p8_1p2_steps20000_tr1]:  38%|███▊      | 7505/20000 [03:01<06:12, 33.53it/s, acc=0.313, device=mps, eta=5m05s, loss=1.9679, sps=41.3]
BC[stage1_datasets_L40_stepsweep/bc_shift4_scale_0p8_1p2_steps20000_tr1]:  38%|███▊      | 7511/20000 [03:01<05:32, 37.57it/s, acc=0.313, device=mps, eta=5m05s, loss=1.9679, sps=41.3]
BC[stage1_datasets_L40_stepsweep/bc_shift4_scale_0p8_1p2_steps20000_tr1]:  38%|███▊      | 7518/20000 [03:01<04:47, 43.40it/s, acc=0.313, device=mps, eta=5m05s, loss=1.9679, sps=41.3]
BC[stage1_datasets_L40_stepsweep/bc_shift4_scale_0p8_1p2_steps20000_tr1]:  38%|███▊      | 7524/20000 [03:02<06:11, 33.62it/s, acc=0.313, device=mps, eta=5m05s, loss=1.9679, sps=41.3]
BC[stage1_datasets_L40_stepsweep/bc_shift4_scale_0p8_1p2_steps20000_tr1]:  38%|███▊      | 7532/20000 [03:02<04:58, 41.71it/s, acc=0.313, device=mps, eta=5m05s, loss=1.9679, sps=41.3]
BC[stage1_datasets_L40_stepsweep/bc_shift4_scale_0p8_1p2_steps20000_tr1]:  38%|███▊      | 7541/20000 [03:02<05:50, 35.57it/s, acc=0.313, device=mps, eta=5m05s, loss=1.9679, sps=41.3]
BC[stage1_datasets_L40_stepsweep/bc_shift4_scale_0p8_1p2_steps20000_tr1]:  38%|███▊      | 7549/20000 [03:02<04:51, 42.73it/s, acc=0.313, device=mps, eta=5m05s, loss=1.9679, sps=41.3]
BC[stage1_datasets_L40_stepsweep/bc_shift4_scale_0p8_1p2_steps20000_tr1]:  38%|███▊      | 7557/20000 [03:02<04:12, 49.33it/s, acc=0.313, device=mps, eta=5m05s, loss=1.9679, sps=41.3]
BC[stage1_datasets_L40_stepsweep/bc_shift4_scale_0p8_1p2_steps20000_tr1]:  38%|███▊      | 7564/20000 [03:03<05:27, 37.96it/s, acc=0.313, device=mps, eta=5m05s, loss=1.9679, sps=41.3]
BC[stage1_datasets_L40_stepsweep/bc_shift4_scale_0p8_1p2_steps20000_tr1]:  38%|███▊      | 7572/20000 [03:03<04:36, 45.01it/s, acc=0.313, device=mps, eta=5m05s, loss=1.9679, sps=41.3]
BC[stage1_datasets_L40_stepsweep/bc_shift4_scale_0p8_1p2_steps20000_tr1]:  38%|███▊      | 7580/20000 [03:03<03:58, 51.97it/s, acc=0.313, device=mps, eta=5m05s, loss=1.9679, sps=41.3]
BC[stage1_datasets_L40_stepsweep/bc_shift4_scale_0p8_1p2_steps20000_tr1]:  38%|███▊      | 7587/20000 [03:03<05:20, 38.77it/s, acc=0.313, device=mps, eta=5m05s, loss=1.9679, sps=41.3]
BC[stage1_datasets_L40_stepsweep/bc_shift4_scale_0p8_1p2_steps20000_tr1]:  38%|███▊      | 7595/20000 [03:03<04:31, 45.61it/s, acc=0.313, device=mps, eta=5m05s, loss=1.9679, sps=41.3]
BC[stage1_datasets_L40_stepsweep/bc_shift4_scale_0p8_1p2_steps20000_tr1]:  38%|███▊      | 7595/20000 [03:03<04:31, 45.61it/s, acc=0.312, device=mps, eta=5m00s, loss=1.9726, sps=41.3]
BC[stage1_datasets_L40_stepsweep/bc_shift4_scale_0p8_1p2_steps20000_tr1]:  38%|███▊      | 7601/20000 [03:04<05:49, 35.44it/s, acc=0.312, device=mps, eta=5m00s, loss=1.9726, sps=41.3]
BC[stage1_datasets_L40_stepsweep/bc_shift4_scale_0p8_1p2_steps20000_tr1]:  38%|███▊      | 7609/20000 [03:04<04:49, 42.82it/s, acc=0.312, device=mps, eta=5m00s, loss=1.9726, sps=41.3]
BC[stage1_datasets_L40_stepsweep/bc_shift4_scale_0p8_1p2_steps20000_tr1]:  38%|███▊      | 7617/20000 [03:04<04:10, 49.48it/s, acc=0.312, device=mps, eta=5m00s, loss=1.9726, sps=41.3]
BC[stage1_datasets_L40_stepsweep/bc_shift4_scale_0p8_1p2_steps20000_tr1]:  38%|███▊      | 7624/20000 [03:04<05:25, 37.99it/s, acc=0.312, device=mps, eta=5m00s, loss=1.9726, sps=41.3]
BC[stage1_datasets_L40_stepsweep/bc_shift4_scale_0p8_1p2_steps20000_tr1]:  38%|███▊      | 7632/20000 [03:04<04:34, 45.09it/s, acc=0.312, device=mps, eta=5m00s, loss=1.9726, sps=41.3]
BC[stage1_datasets_L40_stepsweep/bc_shift4_scale_0p8_1p2_steps20000_tr1]:  38%|███▊      | 7641/20000 [03:05<05:29, 37.46it/s, acc=0.312, device=mps, eta=5m00s, loss=1.9726, sps=41.3]
BC[stage1_datasets_L40_stepsweep/bc_shift4_scale_0p8_1p2_steps20000_tr1]:  38%|███▊      | 7649/20000 [03:05<04:42, 43.72it/s, acc=0.312, device=mps, eta=5m00s, loss=1.9726, sps=41.3]
BC[stage1_datasets_L40_stepsweep/bc_shift4_scale_0p8_1p2_steps20000_tr1]:  38%|███▊      | 7655/20000 [03:05<04:30, 45.65it/s, acc=0.312, device=mps, eta=5m00s, loss=1.9726, sps=41.3]
BC[stage1_datasets_L40_stepsweep/bc_shift4_scale_0p8_1p2_steps20000_tr1]:  38%|███▊      | 7661/20000 [03:05<05:57, 34.53it/s, acc=0.312, device=mps, eta=5m00s, loss=1.9726, sps=41.3]
BC[stage1_datasets_L40_stepsweep/bc_shift4_scale_0p8_1p2_steps20000_tr1]:  38%|███▊      | 7669/20000 [03:05<04:53, 42.06it/s, acc=0.312, device=mps, eta=5m00s, loss=1.9726, sps=41.3]
BC[stage1_datasets_L40_stepsweep/bc_shift4_scale_0p8_1p2_steps20000_tr1]:  38%|███▊      | 7677/20000 [03:05<04:10, 49.25it/s, acc=0.312, device=mps, eta=5m00s, loss=1.9726, sps=41.3]
BC[stage1_datasets_L40_stepsweep/bc_shift4_scale_0p8_1p2_steps20000_tr1]:  38%|███▊      | 7684/20000 [03:06<05:27, 37.57it/s, acc=0.312, device=mps, eta=5m00s, loss=1.9726, sps=41.3]
BC[stage1_datasets_L40_stepsweep/bc_shift4_scale_0p8_1p2_steps20000_tr1]:  38%|███▊      | 7690/20000 [03:06<05:04, 40.43it/s, acc=0.312, device=mps, eta=5m00s, loss=1.9726, sps=41.3]
BC[stage1_datasets_L40_stepsweep/bc_shift4_scale_0p8_1p2_steps20000_tr1]:  38%|███▊      | 7696/20000 [03:06<04:40, 43.91it/s, acc=0.312, device=mps, eta=5m00s, loss=1.9726, sps=41.3]
BC[stage1_datasets_L40_stepsweep/bc_shift4_scale_0p8_1p2_steps20000_tr1]:  39%|███▊      | 7702/20000 [03:06<06:05, 33.66it/s, acc=0.312, device=mps, eta=5m00s, loss=1.9726, sps=41.3]
BC[stage1_datasets_L40_stepsweep/bc_shift4_scale_0p8_1p2_steps20000_tr1]:  39%|███▊      | 7710/20000 [03:06<04:52, 41.95it/s, acc=0.312, device=mps, eta=5m00s, loss=1.9726, sps=41.3]
BC[stage1_datasets_L40_stepsweep/bc_shift4_scale_0p8_1p2_steps20000_tr1]:  39%|███▊      | 7718/20000 [03:06<04:08, 49.43it/s, acc=0.312, device=mps, eta=5m00s, loss=1.9726, sps=41.3]
BC[stage1_datasets_L40_stepsweep/bc_shift4_scale_0p8_1p2_steps20000_tr1]:  39%|███▊      | 7725/20000 [03:07<05:21, 38.13it/s, acc=0.312, device=mps, eta=5m00s, loss=1.9726, sps=41.3]
BC[stage1_datasets_L40_stepsweep/bc_shift4_scale_0p8_1p2_steps20000_tr1]:  39%|███▊      | 7733/20000 [03:07<04:30, 45.41it/s, acc=0.312, device=mps, eta=5m00s, loss=1.9726, sps=41.3]
BC[stage1_datasets_L40_stepsweep/bc_shift4_scale_0p8_1p2_steps20000_tr1]:  39%|███▊      | 7741/20000 [03:07<05:33, 36.78it/s, acc=0.312, device=mps, eta=5m00s, loss=1.9726, sps=41.3]
BC[stage1_datasets_L40_stepsweep/bc_shift4_scale_0p8_1p2_steps20000_tr1]:  39%|███▊      | 7749/20000 [03:07<04:38, 43.91it/s, acc=0.312, device=mps, eta=5m00s, loss=1.9726, sps=41.3]
BC[stage1_datasets_L40_stepsweep/bc_shift4_scale_0p8_1p2_steps20000_tr1]:  39%|███▉      | 7757/20000 [03:07<04:03, 50.28it/s, acc=0.312, device=mps, eta=5m00s, loss=1.9726, sps=41.3]
BC[stage1_datasets_L40_stepsweep/bc_shift4_scale_0p8_1p2_steps20000_tr1]:  39%|███▉      | 7764/20000 [03:07<05:17, 38.54it/s, acc=0.312, device=mps, eta=5m00s, loss=1.9726, sps=41.3]
BC[stage1_datasets_L40_stepsweep/bc_shift4_scale_0p8_1p2_steps20000_tr1]:  39%|███▉      | 7772/20000 [03:08<04:28, 45.50it/s, acc=0.312, device=mps, eta=5m00s, loss=1.9726, sps=41.3]
BC[stage1_datasets_L40_stepsweep/bc_shift4_scale_0p8_1p2_steps20000_tr1]:  39%|███▉      | 7781/20000 [03:08<05:23, 37.76it/s, acc=0.312, device=mps, eta=5m00s, loss=1.9726, sps=41.3]
BC[stage1_datasets_L40_stepsweep/bc_shift4_scale_0p8_1p2_steps20000_tr1]:  39%|███▉      | 7788/20000 [03:08<04:53, 41.64it/s, acc=0.312, device=mps, eta=5m00s, loss=1.9726, sps=41.3]
BC[stage1_datasets_L40_stepsweep/bc_shift4_scale_0p8_1p2_steps20000_tr1]:  39%|███▉      | 7794/20000 [03:08<04:32, 44.74it/s, acc=0.312, device=mps, eta=5m00s, loss=1.9726, sps=41.3]
BC[stage1_datasets_L40_stepsweep/bc_shift4_scale_0p8_1p2_steps20000_tr1]:  39%|███▉      | 7794/20000 [03:08<04:32, 44.74it/s, acc=0.315, device=mps, eta=4m55s, loss=1.9636, sps=41.3]
BC[stage1_datasets_L40_stepsweep/bc_shift4_scale_0p8_1p2_steps20000_tr1]:  39%|███▉      | 7801/20000 [03:08<05:50, 34.83it/s, acc=0.315, device=mps, eta=4m55s, loss=1.9636, sps=41.3]
BC[stage1_datasets_L40_stepsweep/bc_shift4_scale_0p8_1p2_steps20000_tr1]:  39%|███▉      | 7807/20000 [03:09<05:14, 38.83it/s, acc=0.315, device=mps, eta=4m55s, loss=1.9636, sps=41.3]
BC[stage1_datasets_L40_stepsweep/bc_shift4_scale_0p8_1p2_steps20000_tr1]:  39%|███▉      | 7813/20000 [03:09<04:50, 42.00it/s, acc=0.315, device=mps, eta=4m55s, loss=1.9636, sps=41.3]
BC[stage1_datasets_L40_stepsweep/bc_shift4_scale_0p8_1p2_steps20000_tr1]:  39%|███▉      | 7820/20000 [03:09<04:17, 47.39it/s, acc=0.315, device=mps, eta=4m55s, loss=1.9636, sps=41.3]
BC[stage1_datasets_L40_stepsweep/bc_shift4_scale_0p8_1p2_steps20000_tr1]:  39%|███▉      | 7826/20000 [03:09<05:43, 35.40it/s, acc=0.315, device=mps, eta=4m55s, loss=1.9636, sps=41.3]
BC[stage1_datasets_L40_stepsweep/bc_shift4_scale_0p8_1p2_steps20000_tr1]:  39%|███▉      | 7834/20000 [03:09<04:40, 43.33it/s, acc=0.315, device=mps, eta=4m55s, loss=1.9636, sps=41.3]
BC[stage1_datasets_L40_stepsweep/bc_shift4_scale_0p8_1p2_steps20000_tr1]:  39%|███▉      | 7841/20000 [03:09<05:49, 34.78it/s, acc=0.315, device=mps, eta=4m55s, loss=1.9636, sps=41.3]
BC[stage1_datasets_L40_stepsweep/bc_shift4_scale_0p8_1p2_steps20000_tr1]:  39%|███▉      | 7849/20000 [03:10<04:46, 42.48it/s, acc=0.315, device=mps, eta=4m55s, loss=1.9636, sps=41.3]
BC[stage1_datasets_L40_stepsweep/bc_shift4_scale_0p8_1p2_steps20000_tr1]:  39%|███▉      | 7857/20000 [03:10<04:06, 49.26it/s, acc=0.315, device=mps, eta=4m55s, loss=1.9636, sps=41.3]
BC[stage1_datasets_L40_stepsweep/bc_shift4_scale_0p8_1p2_steps20000_tr1]:  39%|███▉      | 7864/20000 [03:10<05:21, 37.75it/s, acc=0.315, device=mps, eta=4m55s, loss=1.9636, sps=41.3]
BC[stage1_datasets_L40_stepsweep/bc_shift4_scale_0p8_1p2_steps20000_tr1]:  39%|███▉      | 7872/20000 [03:10<04:29, 45.01it/s, acc=0.315, device=mps, eta=4m55s, loss=1.9636, sps=41.3]
BC[stage1_datasets_L40_stepsweep/bc_shift4_scale_0p8_1p2_steps20000_tr1]:  39%|███▉      | 7881/20000 [03:10<05:24, 37.36it/s, acc=0.315, device=mps, eta=4m55s, loss=1.9636, sps=41.3]
BC[stage1_datasets_L40_stepsweep/bc_shift4_scale_0p8_1p2_steps20000_tr1]:  39%|███▉      | 7887/20000 [03:10<05:03, 39.91it/s, acc=0.315, device=mps, eta=4m55s, loss=1.9636, sps=41.3]
BC[stage1_datasets_L40_stepsweep/bc_shift4_scale_0p8_1p2_steps20000_tr1]:  39%|███▉      | 7893/20000 [03:11<04:40, 43.20it/s, acc=0.315, device=mps, eta=4m55s, loss=1.9636, sps=41.3]
BC[stage1_datasets_L40_stepsweep/bc_shift4_scale_0p8_1p2_steps20000_tr1]:  40%|███▉      | 7900/20000 [03:11<04:09, 48.52it/s, acc=0.315, device=mps, eta=4m55s, loss=1.9636, sps=41.3]
BC[stage1_datasets_L40_stepsweep/bc_shift4_scale_0p8_1p2_steps20000_tr1]:  40%|███▉      | 7906/20000 [03:11<05:38, 35.70it/s, acc=0.315, device=mps, eta=4m55s, loss=1.9636, sps=41.3]
BC[stage1_datasets_L40_stepsweep/bc_shift4_scale_0p8_1p2_steps20000_tr1]:  40%|███▉      | 7914/20000 [03:11<04:37, 43.61it/s, acc=0.315, device=mps, eta=4m55s, loss=1.9636, sps=41.3]
BC[stage1_datasets_L40_stepsweep/bc_shift4_scale_0p8_1p2_steps20000_tr1]:  40%|███▉      | 7921/20000 [03:11<05:46, 34.90it/s, acc=0.315, device=mps, eta=4m55s, loss=1.9636, sps=41.3]
BC[stage1_datasets_L40_stepsweep/bc_shift4_scale_0p8_1p2_steps20000_tr1]:  40%|███▉      | 7929/20000 [03:11<04:49, 41.64it/s, acc=0.315, device=mps, eta=4m55s, loss=1.9636, sps=41.3]
BC[stage1_datasets_L40_stepsweep/bc_shift4_scale_0p8_1p2_steps20000_tr1]:  40%|███▉      | 7935/20000 [03:12<04:42, 42.77it/s, acc=0.315, device=mps, eta=4m55s, loss=1.9636, sps=41.3]
BC[stage1_datasets_L40_stepsweep/bc_shift4_scale_0p8_1p2_steps20000_tr1]:  40%|███▉      | 7941/20000 [03:12<06:08, 32.74it/s, acc=0.315, device=mps, eta=4m55s, loss=1.9636, sps=41.3]
BC[stage1_datasets_L40_stepsweep/bc_shift4_scale_0p8_1p2_steps20000_tr1]:  40%|███▉      | 7948/20000 [03:12<05:17, 37.92it/s, acc=0.315, device=mps, eta=4m55s, loss=1.9636, sps=41.3]
BC[stage1_datasets_L40_stepsweep/bc_shift4_scale_0p8_1p2_steps20000_tr1]:  40%|███▉      | 7953/20000 [03:12<05:00, 40.08it/s, acc=0.315, device=mps, eta=4m55s, loss=1.9636, sps=41.3]
BC[stage1_datasets_L40_stepsweep/bc_shift4_scale_0p8_1p2_steps20000_tr1]:  40%|███▉      | 7959/20000 [03:12<04:31, 44.28it/s, acc=0.315, device=mps, eta=4m55s, loss=1.9636, sps=41.3]
BC[stage1_datasets_L40_stepsweep/bc_shift4_scale_0p8_1p2_steps20000_tr1]:  40%|███▉      | 7965/20000 [03:13<06:03, 33.12it/s, acc=0.315, device=mps, eta=4m55s, loss=1.9636, sps=41.3]
BC[stage1_datasets_L40_stepsweep/bc_shift4_scale_0p8_1p2_steps20000_tr1]:  40%|███▉      | 7971/20000 [03:13<05:20, 37.57it/s, acc=0.315, device=mps, eta=4m55s, loss=1.9636, sps=41.3]
BC[stage1_datasets_L40_stepsweep/bc_shift4_scale_0p8_1p2_steps20000_tr1]:  40%|███▉      | 7978/20000 [03:13<04:35, 43.65it/s, acc=0.315, device=mps, eta=4m55s, loss=1.9636, sps=41.3]
BC[stage1_datasets_L40_stepsweep/bc_shift4_scale_0p8_1p2_steps20000_tr1]:  40%|███▉      | 7984/20000 [03:13<06:00, 33.37it/s, acc=0.315, device=mps, eta=4m55s, loss=1.9636, sps=41.3]
BC[stage1_datasets_L40_stepsweep/bc_shift4_scale_0p8_1p2_steps20000_tr1]:  40%|███▉      | 7990/20000 [03:13<05:18, 37.69it/s, acc=0.315, device=mps, eta=4m55s, loss=1.9636, sps=41.3]
BC[stage1_datasets_L40_stepsweep/bc_shift4_scale_0p8_1p2_steps20000_tr1]:  40%|███▉      | 7997/20000 [03:13<04:37, 43.32it/s, acc=0.315, device=mps, eta=4m55s, loss=1.9636, sps=41.3]
BC[stage1_datasets_L40_stepsweep/bc_shift4_scale_0p8_1p2_steps20000_tr1]:  40%|███▉      | 7997/20000 [03:13<04:37, 43.32it/s, acc=0.312, device=mps, eta=4m51s, loss=1.9685, sps=41.3]
BC[stage1_datasets_L40_stepsweep/bc_shift4_scale_0p8_1p2_steps20000_tr1]:  40%|████      | 8003/20000 [03:14<06:00, 33.30it/s, acc=0.312, device=mps, eta=4m51s, loss=1.9685, sps=41.3]
BC[stage1_datasets_L40_stepsweep/bc_shift4_scale_0p8_1p2_steps20000_tr1]:  40%|████      | 8011/20000 [03:14<04:49, 41.46it/s, acc=0.312, device=mps, eta=4m51s, loss=1.9685, sps=41.3]
BC[stage1_datasets_L40_stepsweep/bc_shift4_scale_0p8_1p2_steps20000_tr1]:  40%|████      | 8019/20000 [03:14<04:06, 48.57it/s, acc=0.312, device=mps, eta=4m51s, loss=1.9685, sps=41.3]
BC[stage1_datasets_L40_stepsweep/bc_shift4_scale_0p8_1p2_steps20000_tr1]:  40%|████      | 8025/20000 [03:14<05:27, 36.57it/s, acc=0.312, device=mps, eta=4m51s, loss=1.9685, sps=41.3]
BC[stage1_datasets_L40_stepsweep/bc_shift4_scale_0p8_1p2_steps20000_tr1]:  40%|████      | 8033/20000 [03:14<04:31, 44.15it/s, acc=0.312, device=mps, eta=4m51s, loss=1.9685, sps=41.3]
BC[stage1_datasets_L40_stepsweep/bc_shift4_scale_0p8_1p2_steps20000_tr1]:  40%|████      | 8041/20000 [03:14<05:31, 36.04it/s, acc=0.312, device=mps, eta=4m51s, loss=1.9685, sps=41.3]
BC[stage1_datasets_L40_stepsweep/bc_shift4_scale_0p8_1p2_steps20000_tr1]:  40%|████      | 8049/20000 [03:15<04:36, 43.23it/s, acc=0.312, device=mps, eta=4m51s, loss=1.9685, sps=41.3]
BC[stage1_datasets_L40_stepsweep/bc_shift4_scale_0p8_1p2_steps20000_tr1]:  40%|████      | 8057/20000 [03:15<03:59, 49.85it/s, acc=0.312, device=mps, eta=4m51s, loss=1.9685, sps=41.3]
BC[stage1_datasets_L40_stepsweep/bc_shift4_scale_0p8_1p2_steps20000_tr1]:  40%|████      | 8064/20000 [03:15<05:13, 38.11it/s, acc=0.312, device=mps, eta=4m51s, loss=1.9685, sps=41.3]
BC[stage1_datasets_L40_stepsweep/bc_shift4_scale_0p8_1p2_steps20000_tr1]:  40%|████      | 8072/20000 [03:15<04:24, 45.12it/s, acc=0.312, device=mps, eta=4m51s, loss=1.9685, sps=41.3]
BC[stage1_datasets_L40_stepsweep/bc_shift4_scale_0p8_1p2_steps20000_tr1]:  40%|████      | 8080/20000 [03:15<03:50, 51.82it/s, acc=0.312, device=mps, eta=4m51s, loss=1.9685, sps=41.3]
BC[stage1_datasets_L40_stepsweep/bc_shift4_scale_0p8_1p2_steps20000_tr1]:  40%|████      | 8087/20000 [03:15<05:06, 38.91it/s, acc=0.312, device=mps, eta=4m51s, loss=1.9685, sps=41.3]
BC[stage1_datasets_L40_stepsweep/bc_shift4_scale_0p8_1p2_steps20000_tr1]:  40%|████      | 8095/20000 [03:16<04:19, 45.84it/s, acc=0.312, device=mps, eta=4m51s, loss=1.9685, sps=41.3]
BC[stage1_datasets_L40_stepsweep/bc_shift4_scale_0p8_1p2_steps20000_tr1]:  41%|████      | 8101/20000 [03:16<05:35, 35.50it/s, acc=0.312, device=mps, eta=4m51s, loss=1.9685, sps=41.3]
BC[stage1_datasets_L40_stepsweep/bc_shift4_scale_0p8_1p2_steps20000_tr1]:  41%|████      | 8109/20000 [03:16<04:36, 42.93it/s, acc=0.312, device=mps, eta=4m51s, loss=1.9685, sps=41.3]
BC[stage1_datasets_L40_stepsweep/bc_shift4_scale_0p8_1p2_steps20000_tr1]:  41%|████      | 8117/20000 [03:16<03:58, 49.73it/s, acc=0.312, device=mps, eta=4m51s, loss=1.9685, sps=41.3]
BC[stage1_datasets_L40_stepsweep/bc_shift4_scale_0p8_1p2_steps20000_tr1]:  41%|████      | 8124/20000 [03:16<05:13, 37.94it/s, acc=0.312, device=mps, eta=4m51s, loss=1.9685, sps=41.3]
BC[stage1_datasets_L40_stepsweep/bc_shift4_scale_0p8_1p2_steps20000_tr1]:  41%|████      | 8132/20000 [03:16<04:23, 45.11it/s, acc=0.312, device=mps, eta=4m51s, loss=1.9685, sps=41.3]
BC[stage1_datasets_L40_stepsweep/bc_shift4_scale_0p8_1p2_steps20000_tr1]:  41%|████      | 8140/20000 [03:17<03:47, 52.06it/s, acc=0.312, device=mps, eta=4m51s, loss=1.9685, sps=41.3]
BC[stage1_datasets_L40_stepsweep/bc_shift4_scale_0p8_1p2_steps20000_tr1]:  41%|████      | 8147/20000 [03:17<05:05, 38.81it/s, acc=0.312, device=mps, eta=4m51s, loss=1.9685, sps=41.3]
BC[stage1_datasets_L40_stepsweep/bc_shift4_scale_0p8_1p2_steps20000_tr1]:  41%|████      | 8155/20000 [03:17<04:19, 45.68it/s, acc=0.312, device=mps, eta=4m51s, loss=1.9685, sps=41.3]
BC[stage1_datasets_L40_stepsweep/bc_shift4_scale_0p8_1p2_steps20000_tr1]:  41%|████      | 8161/20000 [03:17<05:34, 35.43it/s, acc=0.312, device=mps, eta=4m51s, loss=1.9685, sps=41.3]
BC[stage1_datasets_L40_stepsweep/bc_shift4_scale_0p8_1p2_steps20000_tr1]:  41%|████      | 8169/20000 [03:17<04:35, 42.92it/s, acc=0.312, device=mps, eta=4m51s, loss=1.9685, sps=41.3]
BC[stage1_datasets_L40_stepsweep/bc_shift4_scale_0p8_1p2_steps20000_tr1]:  41%|████      | 8177/20000 [03:17<03:57, 49.70it/s, acc=0.312, device=mps, eta=4m51s, loss=1.9685, sps=41.3]
BC[stage1_datasets_L40_stepsweep/bc_shift4_scale_0p8_1p2_steps20000_tr1]:  41%|████      | 8184/20000 [03:18<05:11, 37.90it/s, acc=0.312, device=mps, eta=4m51s, loss=1.9685, sps=41.3]
BC[stage1_datasets_L40_stepsweep/bc_shift4_scale_0p8_1p2_steps20000_tr1]:  41%|████      | 8192/20000 [03:18<04:22, 45.03it/s, acc=0.312, device=mps, eta=4m51s, loss=1.9685, sps=41.3]
BC[stage1_datasets_L40_stepsweep/bc_shift4_scale_0p8_1p2_steps20000_tr1]:  41%|████      | 8192/20000 [03:18<04:22, 45.03it/s, acc=0.316, device=mps, eta=4m46s, loss=1.9569, sps=41.3]
BC[stage1_datasets_L40_stepsweep/bc_shift4_scale_0p8_1p2_steps20000_tr1]:  41%|████      | 8201/20000 [03:18<05:15, 37.39it/s, acc=0.316, device=mps, eta=4m46s, loss=1.9569, sps=41.3]
BC[stage1_datasets_L40_stepsweep/bc_shift4_scale_0p8_1p2_steps20000_tr1]:  41%|████      | 8208/20000 [03:18<04:43, 41.65it/s, acc=0.316, device=mps, eta=4m46s, loss=1.9569, sps=41.3]
BC[stage1_datasets_L40_stepsweep/bc_shift4_scale_0p8_1p2_steps20000_tr1]:  41%|████      | 8215/20000 [03:18<04:17, 45.78it/s, acc=0.316, device=mps, eta=4m46s, loss=1.9569, sps=41.3]
BC[stage1_datasets_L40_stepsweep/bc_shift4_scale_0p8_1p2_steps20000_tr1]:  41%|████      | 8221/20000 [03:19<05:35, 35.11it/s, acc=0.316, device=mps, eta=4m46s, loss=1.9569, sps=41.3]
BC[stage1_datasets_L40_stepsweep/bc_shift4_scale_0p8_1p2_steps20000_tr1]:  41%|████      | 8229/20000 [03:19<04:36, 42.64it/s, acc=0.316, device=mps, eta=4m46s, loss=1.9569, sps=41.3]
BC[stage1_datasets_L40_stepsweep/bc_shift4_scale_0p8_1p2_steps20000_tr1]:  41%|████      | 8237/20000 [03:19<03:57, 49.47it/s, acc=0.316, device=mps, eta=4m46s, loss=1.9569, sps=41.3]
BC[stage1_datasets_L40_stepsweep/bc_shift4_scale_0p8_1p2_steps20000_tr1]:  41%|████      | 8244/20000 [03:19<05:10, 37.84it/s, acc=0.316, device=mps, eta=4m46s, loss=1.9569, sps=41.3]
BC[stage1_datasets_L40_stepsweep/bc_shift4_scale_0p8_1p2_steps20000_tr1]:  41%|████▏     | 8252/20000 [03:19<04:21, 45.00it/s, acc=0.316, device=mps, eta=4m46s, loss=1.9569, sps=41.3]
BC[stage1_datasets_L40_stepsweep/bc_shift4_scale_0p8_1p2_steps20000_tr1]:  41%|████▏     | 8260/20000 [03:19<03:46, 51.78it/s, acc=0.316, device=mps, eta=4m46s, loss=1.9569, sps=41.3]
BC[stage1_datasets_L40_stepsweep/bc_shift4_scale_0p8_1p2_steps20000_tr1]:  41%|████▏     | 8267/20000 [03:20<05:02, 38.77it/s, acc=0.316, device=mps, eta=4m46s, loss=1.9569, sps=41.3]
BC[stage1_datasets_L40_stepsweep/bc_shift4_scale_0p8_1p2_steps20000_tr1]:  41%|████▏     | 8275/20000 [03:20<04:16, 45.68it/s, acc=0.316, device=mps, eta=4m46s, loss=1.9569, sps=41.3]
BC[stage1_datasets_L40_stepsweep/bc_shift4_scale_0p8_1p2_steps20000_tr1]:  41%|████▏     | 8281/20000 [03:20<05:30, 35.47it/s, acc=0.316, device=mps, eta=4m46s, loss=1.9569, sps=41.3]
BC[stage1_datasets_L40_stepsweep/bc_shift4_scale_0p8_1p2_steps20000_tr1]:  41%|████▏     | 8289/20000 [03:20<04:32, 42.94it/s, acc=0.316, device=mps, eta=4m46s, loss=1.9569, sps=41.3]
BC[stage1_datasets_L40_stepsweep/bc_shift4_scale_0p8_1p2_steps20000_tr1]:  41%|████▏     | 8297/20000 [03:20<03:55, 49.77it/s, acc=0.316, device=mps, eta=4m46s, loss=1.9569, sps=41.3]
BC[stage1_datasets_L40_stepsweep/bc_shift4_scale_0p8_1p2_steps20000_tr1]:  42%|████▏     | 8304/20000 [03:21<05:07, 38.03it/s, acc=0.316, device=mps, eta=4m46s, loss=1.9569, sps=41.3]
BC[stage1_datasets_L40_stepsweep/bc_shift4_scale_0p8_1p2_steps20000_tr1]:  42%|████▏     | 8311/20000 [03:21<04:32, 42.91it/s, acc=0.316, device=mps, eta=4m46s, loss=1.9569, sps=41.3]
BC[stage1_datasets_L40_stepsweep/bc_shift4_scale_0p8_1p2_steps20000_tr1]:  42%|████▏     | 8318/20000 [03:21<04:06, 47.33it/s, acc=0.316, device=mps, eta=4m46s, loss=1.9569, sps=41.3]
BC[stage1_datasets_L40_stepsweep/bc_shift4_scale_0p8_1p2_steps20000_tr1]:  42%|████▏     | 8324/20000 [03:21<05:25, 35.84it/s, acc=0.316, device=mps, eta=4m46s, loss=1.9569, sps=41.3]
BC[stage1_datasets_L40_stepsweep/bc_shift4_scale_0p8_1p2_steps20000_tr1]:  42%|████▏     | 8332/20000 [03:21<04:28, 43.47it/s, acc=0.316, device=mps, eta=4m46s, loss=1.9569, sps=41.3]
BC[stage1_datasets_L40_stepsweep/bc_shift4_scale_0p8_1p2_steps20000_tr1]:  42%|████▏     | 8340/20000 [03:21<03:50, 50.69it/s, acc=0.316, device=mps, eta=4m46s, loss=1.9569, sps=41.3]
BC[stage1_datasets_L40_stepsweep/bc_shift4_scale_0p8_1p2_steps20000_tr1]:  42%|████▏     | 8347/20000 [03:22<05:05, 38.19it/s, acc=0.316, device=mps, eta=4m46s, loss=1.9569, sps=41.3]
BC[stage1_datasets_L40_stepsweep/bc_shift4_scale_0p8_1p2_steps20000_tr1]:  42%|████▏     | 8355/20000 [03:22<04:16, 45.36it/s, acc=0.316, device=mps, eta=4m46s, loss=1.9569, sps=41.3]
BC[stage1_datasets_L40_stepsweep/bc_shift4_scale_0p8_1p2_steps20000_tr1]:  42%|████▏     | 8361/20000 [03:22<05:30, 35.16it/s, acc=0.316, device=mps, eta=4m46s, loss=1.9569, sps=41.3]
BC[stage1_datasets_L40_stepsweep/bc_shift4_scale_0p8_1p2_steps20000_tr1]:  42%|████▏     | 8369/20000 [03:22<04:33, 42.56it/s, acc=0.316, device=mps, eta=4m46s, loss=1.9569, sps=41.3]
BC[stage1_datasets_L40_stepsweep/bc_shift4_scale_0p8_1p2_steps20000_tr1]:  42%|████▏     | 8377/20000 [03:22<03:55, 49.41it/s, acc=0.316, device=mps, eta=4m46s, loss=1.9569, sps=41.3]
BC[stage1_datasets_L40_stepsweep/bc_shift4_scale_0p8_1p2_steps20000_tr1]:  42%|████▏     | 8384/20000 [03:23<05:07, 37.82it/s, acc=0.316, device=mps, eta=4m46s, loss=1.9569, sps=41.3]
BC[stage1_datasets_L40_stepsweep/bc_shift4_scale_0p8_1p2_steps20000_tr1]:  42%|████▏     | 8392/20000 [03:23<04:18, 44.92it/s, acc=0.316, device=mps, eta=4m46s, loss=1.9569, sps=41.3]
BC[stage1_datasets_L40_stepsweep/bc_shift4_scale_0p8_1p2_steps20000_tr1]:  42%|████▏     | 8392/20000 [03:23<04:18, 44.92it/s, acc=0.315, device=mps, eta=4m41s, loss=1.9592, sps=41.3]
BC[stage1_datasets_L40_stepsweep/bc_shift4_scale_0p8_1p2_steps20000_tr1]:  42%|████▏     | 8400/20000 [03:23<03:43, 51.81it/s, acc=0.315, device=mps, eta=4m41s, loss=1.9592, sps=41.3]
BC[stage1_datasets_L40_stepsweep/bc_shift4_scale_0p8_1p2_steps20000_tr1]:  42%|████▏     | 8407/20000 [03:23<04:58, 38.85it/s, acc=0.315, device=mps, eta=4m41s, loss=1.9592, sps=41.3]
BC[stage1_datasets_L40_stepsweep/bc_shift4_scale_0p8_1p2_steps20000_tr1]:  42%|████▏     | 8415/20000 [03:23<04:14, 45.59it/s, acc=0.315, device=mps, eta=4m41s, loss=1.9592, sps=41.3]
BC[stage1_datasets_L40_stepsweep/bc_shift4_scale_0p8_1p2_steps20000_tr1]:  42%|████▏     | 8421/20000 [03:23<05:27, 35.40it/s, acc=0.315, device=mps, eta=4m41s, loss=1.9592, sps=41.3]
BC[stage1_datasets_L40_stepsweep/bc_shift4_scale_0p8_1p2_steps20000_tr1]:  42%|████▏     | 8429/20000 [03:24<04:30, 42.80it/s, acc=0.315, device=mps, eta=4m41s, loss=1.9592, sps=41.3]
BC[stage1_datasets_L40_stepsweep/bc_shift4_scale_0p8_1p2_steps20000_tr1]:  42%|████▏     | 8437/20000 [03:24<03:52, 49.78it/s, acc=0.315, device=mps, eta=4m41s, loss=1.9592, sps=41.3]
BC[stage1_datasets_L40_stepsweep/bc_shift4_scale_0p8_1p2_steps20000_tr1]:  42%|████▏     | 8444/20000 [03:24<05:04, 37.99it/s, acc=0.315, device=mps, eta=4m41s, loss=1.9592, sps=41.3]
BC[stage1_datasets_L40_stepsweep/bc_shift4_scale_0p8_1p2_steps20000_tr1]:  42%|████▏     | 8452/20000 [03:24<04:16, 45.08it/s, acc=0.315, device=mps, eta=4m41s, loss=1.9592, sps=41.3]
BC[stage1_datasets_L40_stepsweep/bc_shift4_scale_0p8_1p2_steps20000_tr1]:  42%|████▏     | 8460/20000 [03:24<03:41, 52.07it/s, acc=0.315, device=mps, eta=4m41s, loss=1.9592, sps=41.3]
BC[stage1_datasets_L40_stepsweep/bc_shift4_scale_0p8_1p2_steps20000_tr1]:  42%|████▏     | 8467/20000 [03:24<04:57, 38.82it/s, acc=0.315, device=mps, eta=4m41s, loss=1.9592, sps=41.3]
BC[stage1_datasets_L40_stepsweep/bc_shift4_scale_0p8_1p2_steps20000_tr1]:  42%|████▏     | 8475/20000 [03:25<04:11, 45.85it/s, acc=0.315, device=mps, eta=4m41s, loss=1.9592, sps=41.3]
BC[stage1_datasets_L40_stepsweep/bc_shift4_scale_0p8_1p2_steps20000_tr1]:  42%|████▏     | 8481/20000 [03:25<05:24, 35.48it/s, acc=0.315, device=mps, eta=4m41s, loss=1.9592, sps=41.3]
BC[stage1_datasets_L40_stepsweep/bc_shift4_scale_0p8_1p2_steps20000_tr1]:  42%|████▏     | 8487/20000 [03:25<04:49, 39.75it/s, acc=0.315, device=mps, eta=4m41s, loss=1.9592, sps=41.3]
BC[stage1_datasets_L40_stepsweep/bc_shift4_scale_0p8_1p2_steps20000_tr1]:  42%|████▏     | 8493/20000 [03:25<04:24, 43.48it/s, acc=0.315, device=mps, eta=4m41s, loss=1.9592, sps=41.3]
BC[stage1_datasets_L40_stepsweep/bc_shift4_scale_0p8_1p2_steps20000_tr1]:  42%|████▎     | 8500/20000 [03:25<03:53, 49.30it/s, acc=0.315, device=mps, eta=4m41s, loss=1.9592, sps=41.3]
BC[stage1_datasets_L40_stepsweep/bc_shift4_scale_0p8_1p2_steps20000_tr1]:  43%|████▎     | 8506/20000 [03:25<05:17, 36.19it/s, acc=0.315, device=mps, eta=4m41s, loss=1.9592, sps=41.3]
BC[stage1_datasets_L40_stepsweep/bc_shift4_scale_0p8_1p2_steps20000_tr1]:  43%|████▎     | 8514/20000 [03:25<04:20, 44.08it/s, acc=0.315, device=mps, eta=4m41s, loss=1.9592, sps=41.3]
BC[stage1_datasets_L40_stepsweep/bc_shift4_scale_0p8_1p2_steps20000_tr1]:  43%|████▎     | 8521/20000 [03:26<05:27, 35.05it/s, acc=0.315, device=mps, eta=4m41s, loss=1.9592, sps=41.3]
BC[stage1_datasets_L40_stepsweep/bc_shift4_scale_0p8_1p2_steps20000_tr1]:  43%|████▎     | 8529/20000 [03:26<04:28, 42.68it/s, acc=0.315, device=mps, eta=4m41s, loss=1.9592, sps=41.3]
BC[stage1_datasets_L40_stepsweep/bc_shift4_scale_0p8_1p2_steps20000_tr1]:  43%|████▎     | 8537/20000 [03:26<03:51, 49.51it/s, acc=0.315, device=mps, eta=4m41s, loss=1.9592, sps=41.3]
BC[stage1_datasets_L40_stepsweep/bc_shift4_scale_0p8_1p2_steps20000_tr1]:  43%|████▎     | 8544/20000 [03:26<05:02, 37.87it/s, acc=0.315, device=mps, eta=4m41s, loss=1.9592, sps=41.3]
BC[stage1_datasets_L40_stepsweep/bc_shift4_scale_0p8_1p2_steps20000_tr1]:  43%|████▎     | 8552/20000 [03:26<04:14, 45.04it/s, acc=0.315, device=mps, eta=4m41s, loss=1.9592, sps=41.3]
BC[stage1_datasets_L40_stepsweep/bc_shift4_scale_0p8_1p2_steps20000_tr1]:  43%|████▎     | 8561/20000 [03:27<05:05, 37.42it/s, acc=0.315, device=mps, eta=4m41s, loss=1.9592, sps=41.3]
BC[stage1_datasets_L40_stepsweep/bc_shift4_scale_0p8_1p2_steps20000_tr1]:  43%|████▎     | 8567/20000 [03:27<04:37, 41.15it/s, acc=0.315, device=mps, eta=4m41s, loss=1.9592, sps=41.3]
BC[stage1_datasets_L40_stepsweep/bc_shift4_scale_0p8_1p2_steps20000_tr1]:  43%|████▎     | 8574/20000 [03:27<04:11, 45.36it/s, acc=0.315, device=mps, eta=4m41s, loss=1.9592, sps=41.3]
BC[stage1_datasets_L40_stepsweep/bc_shift4_scale_0p8_1p2_steps20000_tr1]:  43%|████▎     | 8581/20000 [03:27<05:22, 35.40it/s, acc=0.315, device=mps, eta=4m41s, loss=1.9592, sps=41.3]
BC[stage1_datasets_L40_stepsweep/bc_shift4_scale_0p8_1p2_steps20000_tr1]:  43%|████▎     | 8589/20000 [03:27<04:27, 42.72it/s, acc=0.315, device=mps, eta=4m41s, loss=1.9592, sps=41.3]
BC[stage1_datasets_L40_stepsweep/bc_shift4_scale_0p8_1p2_steps20000_tr1]:  43%|████▎     | 8597/20000 [03:27<03:50, 49.52it/s, acc=0.315, device=mps, eta=4m41s, loss=1.9592, sps=41.3]
BC[stage1_datasets_L40_stepsweep/bc_shift4_scale_0p8_1p2_steps20000_tr1]:  43%|████▎     | 8597/20000 [03:27<03:50, 49.52it/s, acc=0.317, device=mps, eta=4m36s, loss=1.9470, sps=41.3]
BC[stage1_datasets_L40_stepsweep/bc_shift4_scale_0p8_1p2_steps20000_tr1]:  43%|████▎     | 8604/20000 [03:28<04:59, 38.02it/s, acc=0.317, device=mps, eta=4m36s, loss=1.9470, sps=41.3]
BC[stage1_datasets_L40_stepsweep/bc_shift4_scale_0p8_1p2_steps20000_tr1]:  43%|████▎     | 8612/20000 [03:28<04:12, 45.06it/s, acc=0.317, device=mps, eta=4m36s, loss=1.9470, sps=41.3]
BC[stage1_datasets_L40_stepsweep/bc_shift4_scale_0p8_1p2_steps20000_tr1]:  43%|████▎     | 8620/20000 [03:28<03:39, 51.88it/s, acc=0.317, device=mps, eta=4m36s, loss=1.9470, sps=41.3]
BC[stage1_datasets_L40_stepsweep/bc_shift4_scale_0p8_1p2_steps20000_tr1]:  43%|████▎     | 8627/20000 [03:28<04:52, 38.82it/s, acc=0.317, device=mps, eta=4m36s, loss=1.9470, sps=41.3]
BC[stage1_datasets_L40_stepsweep/bc_shift4_scale_0p8_1p2_steps20000_tr1]:  43%|████▎     | 8635/20000 [03:28<04:08, 45.77it/s, acc=0.317, device=mps, eta=4m36s, loss=1.9470, sps=41.3]
BC[stage1_datasets_L40_stepsweep/bc_shift4_scale_0p8_1p2_steps20000_tr1]:  43%|████▎     | 8641/20000 [03:29<05:19, 35.52it/s, acc=0.317, device=mps, eta=4m36s, loss=1.9470, sps=41.3]
BC[stage1_datasets_L40_stepsweep/bc_shift4_scale_0p8_1p2_steps20000_tr1]:  43%|████▎     | 8649/20000 [03:29<04:24, 42.92it/s, acc=0.317, device=mps, eta=4m36s, loss=1.9470, sps=41.3]
BC[stage1_datasets_L40_stepsweep/bc_shift4_scale_0p8_1p2_steps20000_tr1]:  43%|████▎     | 8657/20000 [03:29<03:48, 49.65it/s, acc=0.317, device=mps, eta=4m36s, loss=1.9470, sps=41.3]
BC[stage1_datasets_L40_stepsweep/bc_shift4_scale_0p8_1p2_steps20000_tr1]:  43%|████▎     | 8664/20000 [03:29<04:58, 38.01it/s, acc=0.317, device=mps, eta=4m36s, loss=1.9470, sps=41.3]
BC[stage1_datasets_L40_stepsweep/bc_shift4_scale_0p8_1p2_steps20000_tr1]:  43%|████▎     | 8672/20000 [03:29<04:11, 44.99it/s, acc=0.317, device=mps, eta=4m36s, loss=1.9470, sps=41.3]
BC[stage1_datasets_L40_stepsweep/bc_shift4_scale_0p8_1p2_steps20000_tr1]:  43%|████▎     | 8680/20000 [03:29<03:38, 51.85it/s, acc=0.317, device=mps, eta=4m36s, loss=1.9470, sps=41.3]
BC[stage1_datasets_L40_stepsweep/bc_shift4_scale_0p8_1p2_steps20000_tr1]:  43%|████▎     | 8687/20000 [03:30<04:51, 38.86it/s, acc=0.317, device=mps, eta=4m36s, loss=1.9470, sps=41.3]
BC[stage1_datasets_L40_stepsweep/bc_shift4_scale_0p8_1p2_steps20000_tr1]:  43%|████▎     | 8695/20000 [03:30<04:07, 45.69it/s, acc=0.317, device=mps, eta=4m36s, loss=1.9470, sps=41.3]
BC[stage1_datasets_L40_stepsweep/bc_shift4_scale_0p8_1p2_steps20000_tr1]:  44%|████▎     | 8701/20000 [03:30<05:18, 35.48it/s, acc=0.317, device=mps, eta=4m36s, loss=1.9470, sps=41.3]
BC[stage1_datasets_L40_stepsweep/bc_shift4_scale_0p8_1p2_steps20000_tr1]:  44%|████▎     | 8709/20000 [03:30<04:23, 42.93it/s, acc=0.317, device=mps, eta=4m36s, loss=1.9470, sps=41.3]
BC[stage1_datasets_L40_stepsweep/bc_shift4_scale_0p8_1p2_steps20000_tr1]:  44%|████▎     | 8717/20000 [03:30<03:47, 49.60it/s, acc=0.317, device=mps, eta=4m36s, loss=1.9470, sps=41.3]
BC[stage1_datasets_L40_stepsweep/bc_shift4_scale_0p8_1p2_steps20000_tr1]:  44%|████▎     | 8724/20000 [03:31<04:57, 37.93it/s, acc=0.317, device=mps, eta=4m36s, loss=1.9470, sps=41.3]
BC[stage1_datasets_L40_stepsweep/bc_shift4_scale_0p8_1p2_steps20000_tr1]:  44%|████▎     | 8732/20000 [03:31<04:10, 45.01it/s, acc=0.317, device=mps, eta=4m36s, loss=1.9470, sps=41.3]
BC[stage1_datasets_L40_stepsweep/bc_shift4_scale_0p8_1p2_steps20000_tr1]:  44%|████▎     | 8740/20000 [03:31<03:37, 51.76it/s, acc=0.317, device=mps, eta=4m36s, loss=1.9470, sps=41.3]
BC[stage1_datasets_L40_stepsweep/bc_shift4_scale_0p8_1p2_steps20000_tr1]:  44%|████▎     | 8747/20000 [03:31<04:49, 38.88it/s, acc=0.317, device=mps, eta=4m36s, loss=1.9470, sps=41.3]
BC[stage1_datasets_L40_stepsweep/bc_shift4_scale_0p8_1p2_steps20000_tr1]:  44%|████▍     | 8755/20000 [03:31<04:05, 45.81it/s, acc=0.317, device=mps, eta=4m36s, loss=1.9470, sps=41.3]
BC[stage1_datasets_L40_stepsweep/bc_shift4_scale_0p8_1p2_steps20000_tr1]:  44%|████▍     | 8761/20000 [03:31<05:16, 35.47it/s, acc=0.317, device=mps, eta=4m36s, loss=1.9470, sps=41.3]
BC[stage1_datasets_L40_stepsweep/bc_shift4_scale_0p8_1p2_steps20000_tr1]:  44%|████▍     | 8769/20000 [03:32<04:21, 42.92it/s, acc=0.317, device=mps, eta=4m36s, loss=1.9470, sps=41.3]
BC[stage1_datasets_L40_stepsweep/bc_shift4_scale_0p8_1p2_steps20000_tr1]:  44%|████▍     | 8777/20000 [03:32<03:46, 49.52it/s, acc=0.317, device=mps, eta=4m36s, loss=1.9470, sps=41.3]
BC[stage1_datasets_L40_stepsweep/bc_shift4_scale_0p8_1p2_steps20000_tr1]:  44%|████▍     | 8784/20000 [03:32<04:55, 37.93it/s, acc=0.317, device=mps, eta=4m36s, loss=1.9470, sps=41.3]
BC[stage1_datasets_L40_stepsweep/bc_shift4_scale_0p8_1p2_steps20000_tr1]:  44%|████▍     | 8792/20000 [03:32<04:08, 45.13it/s, acc=0.317, device=mps, eta=4m36s, loss=1.9470, sps=41.3]
BC[stage1_datasets_L40_stepsweep/bc_shift4_scale_0p8_1p2_steps20000_tr1]:  44%|████▍     | 8792/20000 [03:32<04:08, 45.13it/s, acc=0.317, device=mps, eta=4m31s, loss=1.9552, sps=41.4]
BC[stage1_datasets_L40_stepsweep/bc_shift4_scale_0p8_1p2_steps20000_tr1]:  44%|████▍     | 8800/20000 [03:32<03:34, 52.15it/s, acc=0.317, device=mps, eta=4m31s, loss=1.9552, sps=41.4]
BC[stage1_datasets_L40_stepsweep/bc_shift4_scale_0p8_1p2_steps20000_tr1]:  44%|████▍     | 8807/20000 [03:32<05:06, 36.57it/s, acc=0.317, device=mps, eta=4m31s, loss=1.9552, sps=41.4]
BC[stage1_datasets_L40_stepsweep/bc_shift4_scale_0p8_1p2_steps20000_tr1]:  44%|████▍     | 8813/20000 [03:33<04:40, 39.91it/s, acc=0.317, device=mps, eta=4m31s, loss=1.9552, sps=41.4]
BC[stage1_datasets_L40_stepsweep/bc_shift4_scale_0p8_1p2_steps20000_tr1]:  44%|████▍     | 8820/20000 [03:33<04:07, 45.12it/s, acc=0.317, device=mps, eta=4m31s, loss=1.9552, sps=41.4]
BC[stage1_datasets_L40_stepsweep/bc_shift4_scale_0p8_1p2_steps20000_tr1]:  44%|████▍     | 8826/20000 [03:33<05:22, 34.64it/s, acc=0.317, device=mps, eta=4m31s, loss=1.9552, sps=41.4]
BC[stage1_datasets_L40_stepsweep/bc_shift4_scale_0p8_1p2_steps20000_tr1]:  44%|████▍     | 8834/20000 [03:33<04:23, 42.32it/s, acc=0.317, device=mps, eta=4m31s, loss=1.9552, sps=41.4]
BC[stage1_datasets_L40_stepsweep/bc_shift4_scale_0p8_1p2_steps20000_tr1]:  44%|████▍     | 8841/20000 [03:33<05:23, 34.45it/s, acc=0.317, device=mps, eta=4m31s, loss=1.9552, sps=41.4]
BC[stage1_datasets_L40_stepsweep/bc_shift4_scale_0p8_1p2_steps20000_tr1]:  44%|████▍     | 8849/20000 [03:33<04:25, 41.96it/s, acc=0.317, device=mps, eta=4m31s, loss=1.9552, sps=41.4]
BC[stage1_datasets_L40_stepsweep/bc_shift4_scale_0p8_1p2_steps20000_tr1]:  44%|████▍     | 8857/20000 [03:34<03:48, 48.81it/s, acc=0.317, device=mps, eta=4m31s, loss=1.9552, sps=41.4]
BC[stage1_datasets_L40_stepsweep/bc_shift4_scale_0p8_1p2_steps20000_tr1]:  44%|████▍     | 8864/20000 [03:34<04:56, 37.58it/s, acc=0.317, device=mps, eta=4m31s, loss=1.9552, sps=41.4]
BC[stage1_datasets_L40_stepsweep/bc_shift4_scale_0p8_1p2_steps20000_tr1]:  44%|████▍     | 8872/20000 [03:34<04:08, 44.78it/s, acc=0.317, device=mps, eta=4m31s, loss=1.9552, sps=41.4]
BC[stage1_datasets_L40_stepsweep/bc_shift4_scale_0p8_1p2_steps20000_tr1]:  44%|████▍     | 8880/20000 [03:34<03:35, 51.59it/s, acc=0.317, device=mps, eta=4m31s, loss=1.9552, sps=41.4]
BC[stage1_datasets_L40_stepsweep/bc_shift4_scale_0p8_1p2_steps20000_tr1]:  44%|████▍     | 8887/20000 [03:34<04:46, 38.73it/s, acc=0.317, device=mps, eta=4m31s, loss=1.9552, sps=41.4]
BC[stage1_datasets_L40_stepsweep/bc_shift4_scale_0p8_1p2_steps20000_tr1]:  44%|████▍     | 8895/20000 [03:34<04:03, 45.60it/s, acc=0.317, device=mps, eta=4m31s, loss=1.9552, sps=41.4]
BC[stage1_datasets_L40_stepsweep/bc_shift4_scale_0p8_1p2_steps20000_tr1]:  45%|████▍     | 8901/20000 [03:35<05:13, 35.37it/s, acc=0.317, device=mps, eta=4m31s, loss=1.9552, sps=41.4]
BC[stage1_datasets_L40_stepsweep/bc_shift4_scale_0p8_1p2_steps20000_tr1]:  45%|████▍     | 8909/20000 [03:35<04:18, 42.88it/s, acc=0.317, device=mps, eta=4m31s, loss=1.9552, sps=41.4]
BC[stage1_datasets_L40_stepsweep/bc_shift4_scale_0p8_1p2_steps20000_tr1]:  45%|████▍     | 8917/20000 [03:35<03:43, 49.58it/s, acc=0.317, device=mps, eta=4m31s, loss=1.9552, sps=41.4]
BC[stage1_datasets_L40_stepsweep/bc_shift4_scale_0p8_1p2_steps20000_tr1]:  45%|████▍     | 8924/20000 [03:35<04:51, 37.94it/s, acc=0.317, device=mps, eta=4m31s, loss=1.9552, sps=41.4]
BC[stage1_datasets_L40_stepsweep/bc_shift4_scale_0p8_1p2_steps20000_tr1]:  45%|████▍     | 8932/20000 [03:35<04:05, 45.08it/s, acc=0.317, device=mps, eta=4m31s, loss=1.9552, sps=41.4]
BC[stage1_datasets_L40_stepsweep/bc_shift4_scale_0p8_1p2_steps20000_tr1]:  45%|████▍     | 8940/20000 [03:35<03:32, 52.00it/s, acc=0.317, device=mps, eta=4m31s, loss=1.9552, sps=41.4]
BC[stage1_datasets_L40_stepsweep/bc_shift4_scale_0p8_1p2_steps20000_tr1]:  45%|████▍     | 8947/20000 [03:36<04:44, 38.83it/s, acc=0.317, device=mps, eta=4m31s, loss=1.9552, sps=41.4]
BC[stage1_datasets_L40_stepsweep/bc_shift4_scale_0p8_1p2_steps20000_tr1]:  45%|████▍     | 8955/20000 [03:36<04:01, 45.78it/s, acc=0.317, device=mps, eta=4m31s, loss=1.9552, sps=41.4]
BC[stage1_datasets_L40_stepsweep/bc_shift4_scale_0p8_1p2_steps20000_tr1]:  45%|████▍     | 8961/20000 [03:36<05:11, 35.43it/s, acc=0.317, device=mps, eta=4m31s, loss=1.9552, sps=41.4]
BC[stage1_datasets_L40_stepsweep/bc_shift4_scale_0p8_1p2_steps20000_tr1]:  45%|████▍     | 8969/20000 [03:36<04:16, 42.97it/s, acc=0.317, device=mps, eta=4m31s, loss=1.9552, sps=41.4]
BC[stage1_datasets_L40_stepsweep/bc_shift4_scale_0p8_1p2_steps20000_tr1]:  45%|████▍     | 8977/20000 [03:36<03:40, 49.94it/s, acc=0.317, device=mps, eta=4m31s, loss=1.9552, sps=41.4]
BC[stage1_datasets_L40_stepsweep/bc_shift4_scale_0p8_1p2_steps20000_tr1]:  45%|████▍     | 8984/20000 [03:37<04:45, 38.59it/s, acc=0.317, device=mps, eta=4m31s, loss=1.9552, sps=41.4]
BC[stage1_datasets_L40_stepsweep/bc_shift4_scale_0p8_1p2_steps20000_tr1]:  45%|████▍     | 8992/20000 [03:37<04:00, 45.84it/s, acc=0.317, device=mps, eta=4m31s, loss=1.9552, sps=41.4]
BC[stage1_datasets_L40_stepsweep/bc_shift4_scale_0p8_1p2_steps20000_tr1]:  45%|████▍     | 8992/20000 [03:37<04:00, 45.84it/s, acc=0.323, device=mps, eta=4m26s, loss=1.9351, sps=41.4]
BC[stage1_datasets_L40_stepsweep/bc_shift4_scale_0p8_1p2_steps20000_tr1]:  45%|████▌     | 9001/20000 [03:37<04:50, 37.84it/s, acc=0.323, device=mps, eta=4m26s, loss=1.9351, sps=41.4]
BC[stage1_datasets_L40_stepsweep/bc_shift4_scale_0p8_1p2_steps20000_tr1]:  45%|████▌     | 9007/20000 [03:37<04:32, 40.36it/s, acc=0.323, device=mps, eta=4m26s, loss=1.9351, sps=41.4]
BC[stage1_datasets_L40_stepsweep/bc_shift4_scale_0p8_1p2_steps20000_tr1]:  45%|████▌     | 9013/20000 [03:37<04:13, 43.36it/s, acc=0.323, device=mps, eta=4m26s, loss=1.9351, sps=41.4]
BC[stage1_datasets_L40_stepsweep/bc_shift4_scale_0p8_1p2_steps20000_tr1]:  45%|████▌     | 9020/20000 [03:37<03:47, 48.37it/s, acc=0.323, device=mps, eta=4m26s, loss=1.9351, sps=41.4]
BC[stage1_datasets_L40_stepsweep/bc_shift4_scale_0p8_1p2_steps20000_tr1]:  45%|████▌     | 9026/20000 [03:38<05:06, 35.86it/s, acc=0.323, device=mps, eta=4m26s, loss=1.9351, sps=41.4]
BC[stage1_datasets_L40_stepsweep/bc_shift4_scale_0p8_1p2_steps20000_tr1]:  45%|████▌     | 9034/20000 [03:38<04:09, 43.89it/s, acc=0.323, device=mps, eta=4m26s, loss=1.9351, sps=41.4]
BC[stage1_datasets_L40_stepsweep/bc_shift4_scale_0p8_1p2_steps20000_tr1]:  45%|████▌     | 9041/20000 [03:38<05:12, 35.12it/s, acc=0.323, device=mps, eta=4m26s, loss=1.9351, sps=41.4]
BC[stage1_datasets_L40_stepsweep/bc_shift4_scale_0p8_1p2_steps20000_tr1]:  45%|████▌     | 9047/20000 [03:38<04:38, 39.39it/s, acc=0.323, device=mps, eta=4m26s, loss=1.9351, sps=41.4]
BC[stage1_datasets_L40_stepsweep/bc_shift4_scale_0p8_1p2_steps20000_tr1]:  45%|████▌     | 9053/20000 [03:38<04:18, 42.34it/s, acc=0.323, device=mps, eta=4m26s, loss=1.9351, sps=41.4]
BC[stage1_datasets_L40_stepsweep/bc_shift4_scale_0p8_1p2_steps20000_tr1]:  45%|████▌     | 9060/20000 [03:38<03:47, 48.02it/s, acc=0.323, device=mps, eta=4m26s, loss=1.9351, sps=41.4]
BC[stage1_datasets_L40_stepsweep/bc_shift4_scale_0p8_1p2_steps20000_tr1]:  45%|████▌     | 9066/20000 [03:39<05:09, 35.37it/s, acc=0.323, device=mps, eta=4m26s, loss=1.9351, sps=41.4]
BC[stage1_datasets_L40_stepsweep/bc_shift4_scale_0p8_1p2_steps20000_tr1]:  45%|████▌     | 9074/20000 [03:39<04:12, 43.28it/s, acc=0.323, device=mps, eta=4m26s, loss=1.9351, sps=41.4]
BC[stage1_datasets_L40_stepsweep/bc_shift4_scale_0p8_1p2_steps20000_tr1]:  45%|████▌     | 9081/20000 [03:39<05:14, 34.74it/s, acc=0.323, device=mps, eta=4m26s, loss=1.9351, sps=41.4]
BC[stage1_datasets_L40_stepsweep/bc_shift4_scale_0p8_1p2_steps20000_tr1]:  45%|████▌     | 9089/20000 [03:39<04:17, 42.41it/s, acc=0.323, device=mps, eta=4m26s, loss=1.9351, sps=41.4]
BC[stage1_datasets_L40_stepsweep/bc_shift4_scale_0p8_1p2_steps20000_tr1]:  45%|████▌     | 9097/20000 [03:39<03:41, 49.33it/s, acc=0.323, device=mps, eta=4m26s, loss=1.9351, sps=41.4]
BC[stage1_datasets_L40_stepsweep/bc_shift4_scale_0p8_1p2_steps20000_tr1]:  46%|████▌     | 9104/20000 [03:40<04:55, 36.84it/s, acc=0.323, device=mps, eta=4m26s, loss=1.9351, sps=41.4]
BC[stage1_datasets_L40_stepsweep/bc_shift4_scale_0p8_1p2_steps20000_tr1]:  46%|████▌     | 9110/20000 [03:40<04:31, 40.11it/s, acc=0.323, device=mps, eta=4m26s, loss=1.9351, sps=41.4]
BC[stage1_datasets_L40_stepsweep/bc_shift4_scale_0p8_1p2_steps20000_tr1]:  46%|████▌     | 9117/20000 [03:40<04:00, 45.33it/s, acc=0.323, device=mps, eta=4m26s, loss=1.9351, sps=41.4]
BC[stage1_datasets_L40_stepsweep/bc_shift4_scale_0p8_1p2_steps20000_tr1]:  46%|████▌     | 9123/20000 [03:40<05:15, 34.51it/s, acc=0.323, device=mps, eta=4m26s, loss=1.9351, sps=41.4]
BC[stage1_datasets_L40_stepsweep/bc_shift4_scale_0p8_1p2_steps20000_tr1]:  46%|████▌     | 9131/20000 [03:40<04:16, 42.32it/s, acc=0.323, device=mps, eta=4m26s, loss=1.9351, sps=41.4]
BC[stage1_datasets_L40_stepsweep/bc_shift4_scale_0p8_1p2_steps20000_tr1]:  46%|████▌     | 9139/20000 [03:40<03:39, 49.54it/s, acc=0.323, device=mps, eta=4m26s, loss=1.9351, sps=41.4]
BC[stage1_datasets_L40_stepsweep/bc_shift4_scale_0p8_1p2_steps20000_tr1]:  46%|████▌     | 9146/20000 [03:41<04:56, 36.64it/s, acc=0.323, device=mps, eta=4m26s, loss=1.9351, sps=41.4]
BC[stage1_datasets_L40_stepsweep/bc_shift4_scale_0p8_1p2_steps20000_tr1]:  46%|████▌     | 9153/20000 [03:41<04:21, 41.47it/s, acc=0.323, device=mps, eta=4m26s, loss=1.9351, sps=41.4]
BC[stage1_datasets_L40_stepsweep/bc_shift4_scale_0p8_1p2_steps20000_tr1]:  46%|████▌     | 9161/20000 [03:41<05:15, 34.40it/s, acc=0.323, device=mps, eta=4m26s, loss=1.9351, sps=41.4]
BC[stage1_datasets_L40_stepsweep/bc_shift4_scale_0p8_1p2_steps20000_tr1]:  46%|████▌     | 9168/20000 [03:41<04:36, 39.19it/s, acc=0.323, device=mps, eta=4m26s, loss=1.9351, sps=41.4]
BC[stage1_datasets_L40_stepsweep/bc_shift4_scale_0p8_1p2_steps20000_tr1]:  46%|████▌     | 9174/20000 [03:41<04:19, 41.68it/s, acc=0.323, device=mps, eta=4m26s, loss=1.9351, sps=41.4]
BC[stage1_datasets_L40_stepsweep/bc_shift4_scale_0p8_1p2_steps20000_tr1]:  46%|████▌     | 9181/20000 [03:42<05:29, 32.84it/s, acc=0.323, device=mps, eta=4m26s, loss=1.9351, sps=41.4]
BC[stage1_datasets_L40_stepsweep/bc_shift4_scale_0p8_1p2_steps20000_tr1]:  46%|████▌     | 9189/20000 [03:42<04:25, 40.73it/s, acc=0.323, device=mps, eta=4m26s, loss=1.9351, sps=41.4]
BC[stage1_datasets_L40_stepsweep/bc_shift4_scale_0p8_1p2_steps20000_tr1]:  46%|████▌     | 9197/20000 [03:42<03:43, 48.27it/s, acc=0.323, device=mps, eta=4m26s, loss=1.9351, sps=41.4]
BC[stage1_datasets_L40_stepsweep/bc_shift4_scale_0p8_1p2_steps20000_tr1]:  46%|████▌     | 9197/20000 [03:42<03:43, 48.27it/s, acc=0.320, device=mps, eta=4m21s, loss=1.9490, sps=41.4]
BC[stage1_datasets_L40_stepsweep/bc_shift4_scale_0p8_1p2_steps20000_tr1]:  46%|████▌     | 9204/20000 [03:42<04:46, 37.70it/s, acc=0.320, device=mps, eta=4m21s, loss=1.9490, sps=41.4]
BC[stage1_datasets_L40_stepsweep/bc_shift4_scale_0p8_1p2_steps20000_tr1]:  46%|████▌     | 9212/20000 [03:42<04:00, 44.84it/s, acc=0.320, device=mps, eta=4m21s, loss=1.9490, sps=41.4]
BC[stage1_datasets_L40_stepsweep/bc_shift4_scale_0p8_1p2_steps20000_tr1]:  46%|████▌     | 9220/20000 [03:42<03:27, 51.95it/s, acc=0.320, device=mps, eta=4m21s, loss=1.9490, sps=41.4]
BC[stage1_datasets_L40_stepsweep/bc_shift4_scale_0p8_1p2_steps20000_tr1]:  46%|████▌     | 9227/20000 [03:43<04:40, 38.41it/s, acc=0.320, device=mps, eta=4m21s, loss=1.9490, sps=41.4]
BC[stage1_datasets_L40_stepsweep/bc_shift4_scale_0p8_1p2_steps20000_tr1]:  46%|████▌     | 9233/20000 [03:43<04:17, 41.75it/s, acc=0.320, device=mps, eta=4m21s, loss=1.9490, sps=41.4]
BC[stage1_datasets_L40_stepsweep/bc_shift4_scale_0p8_1p2_steps20000_tr1]:  46%|████▌     | 9239/20000 [03:43<03:56, 45.41it/s, acc=0.320, device=mps, eta=4m21s, loss=1.9490, sps=41.4]
BC[stage1_datasets_L40_stepsweep/bc_shift4_scale_0p8_1p2_steps20000_tr1]:  46%|████▌     | 9245/20000 [03:43<05:10, 34.66it/s, acc=0.320, device=mps, eta=4m21s, loss=1.9490, sps=41.4]
BC[stage1_datasets_L40_stepsweep/bc_shift4_scale_0p8_1p2_steps20000_tr1]:  46%|████▋     | 9253/20000 [03:43<04:12, 42.56it/s, acc=0.320, device=mps, eta=4m21s, loss=1.9490, sps=41.4]
BC[stage1_datasets_L40_stepsweep/bc_shift4_scale_0p8_1p2_steps20000_tr1]:  46%|████▋     | 9261/20000 [03:44<05:05, 35.20it/s, acc=0.320, device=mps, eta=4m21s, loss=1.9490, sps=41.4]
BC[stage1_datasets_L40_stepsweep/bc_shift4_scale_0p8_1p2_steps20000_tr1]:  46%|████▋     | 9269/20000 [03:44<04:12, 42.45it/s, acc=0.320, device=mps, eta=4m21s, loss=1.9490, sps=41.4]
BC[stage1_datasets_L40_stepsweep/bc_shift4_scale_0p8_1p2_steps20000_tr1]:  46%|████▋     | 9277/20000 [03:44<03:38, 49.17it/s, acc=0.320, device=mps, eta=4m21s, loss=1.9490, sps=41.4]
BC[stage1_datasets_L40_stepsweep/bc_shift4_scale_0p8_1p2_steps20000_tr1]:  46%|████▋     | 9284/20000 [03:44<04:43, 37.84it/s, acc=0.320, device=mps, eta=4m21s, loss=1.9490, sps=41.4]
BC[stage1_datasets_L40_stepsweep/bc_shift4_scale_0p8_1p2_steps20000_tr1]:  46%|████▋     | 9292/20000 [03:44<03:58, 44.95it/s, acc=0.320, device=mps, eta=4m21s, loss=1.9490, sps=41.4]
BC[stage1_datasets_L40_stepsweep/bc_shift4_scale_0p8_1p2_steps20000_tr1]:  46%|████▋     | 9300/20000 [03:44<03:27, 51.65it/s, acc=0.320, device=mps, eta=4m21s, loss=1.9490, sps=41.4]
BC[stage1_datasets_L40_stepsweep/bc_shift4_scale_0p8_1p2_steps20000_tr1]:  47%|████▋     | 9307/20000 [03:45<04:35, 38.78it/s, acc=0.320, device=mps, eta=4m21s, loss=1.9490, sps=41.4]
BC[stage1_datasets_L40_stepsweep/bc_shift4_scale_0p8_1p2_steps20000_tr1]:  47%|████▋     | 9315/20000 [03:45<03:51, 46.14it/s, acc=0.320, device=mps, eta=4m21s, loss=1.9490, sps=41.4]
BC[stage1_datasets_L40_stepsweep/bc_shift4_scale_0p8_1p2_steps20000_tr1]:  47%|████▋     | 9321/20000 [03:45<04:55, 36.16it/s, acc=0.320, device=mps, eta=4m21s, loss=1.9490, sps=41.4]
BC[stage1_datasets_L40_stepsweep/bc_shift4_scale_0p8_1p2_steps20000_tr1]:  47%|████▋     | 9329/20000 [03:45<04:05, 43.50it/s, acc=0.320, device=mps, eta=4m21s, loss=1.9490, sps=41.4]
BC[stage1_datasets_L40_stepsweep/bc_shift4_scale_0p8_1p2_steps20000_tr1]:  47%|████▋     | 9337/20000 [03:45<03:31, 50.49it/s, acc=0.320, device=mps, eta=4m21s, loss=1.9490, sps=41.4]
BC[stage1_datasets_L40_stepsweep/bc_shift4_scale_0p8_1p2_steps20000_tr1]:  47%|████▋     | 9344/20000 [03:45<04:37, 38.37it/s, acc=0.320, device=mps, eta=4m21s, loss=1.9490, sps=41.4]
BC[stage1_datasets_L40_stepsweep/bc_shift4_scale_0p8_1p2_steps20000_tr1]:  47%|████▋     | 9352/20000 [03:46<03:53, 45.51it/s, acc=0.320, device=mps, eta=4m21s, loss=1.9490, sps=41.4]
BC[stage1_datasets_L40_stepsweep/bc_shift4_scale_0p8_1p2_steps20000_tr1]:  47%|████▋     | 9361/20000 [03:46<04:42, 37.64it/s, acc=0.320, device=mps, eta=4m21s, loss=1.9490, sps=41.4]
BC[stage1_datasets_L40_stepsweep/bc_shift4_scale_0p8_1p2_steps20000_tr1]:  47%|████▋     | 9367/20000 [03:46<04:19, 40.92it/s, acc=0.320, device=mps, eta=4m21s, loss=1.9490, sps=41.4]
BC[stage1_datasets_L40_stepsweep/bc_shift4_scale_0p8_1p2_steps20000_tr1]:  47%|████▋     | 9373/20000 [03:46<04:02, 43.74it/s, acc=0.320, device=mps, eta=4m21s, loss=1.9490, sps=41.4]
BC[stage1_datasets_L40_stepsweep/bc_shift4_scale_0p8_1p2_steps20000_tr1]:  47%|████▋     | 9380/20000 [03:46<03:36, 48.97it/s, acc=0.320, device=mps, eta=4m21s, loss=1.9490, sps=41.4]
BC[stage1_datasets_L40_stepsweep/bc_shift4_scale_0p8_1p2_steps20000_tr1]:  47%|████▋     | 9386/20000 [03:46<04:53, 36.18it/s, acc=0.320, device=mps, eta=4m21s, loss=1.9490, sps=41.4]
BC[stage1_datasets_L40_stepsweep/bc_shift4_scale_0p8_1p2_steps20000_tr1]:  47%|████▋     | 9394/20000 [03:47<04:01, 43.88it/s, acc=0.320, device=mps, eta=4m21s, loss=1.9490, sps=41.4]
BC[stage1_datasets_L40_stepsweep/bc_shift4_scale_0p8_1p2_steps20000_tr1]:  47%|████▋     | 9394/20000 [03:47<04:01, 43.88it/s, acc=0.322, device=mps, eta=4m16s, loss=1.9342, sps=41.4]
BC[stage1_datasets_L40_stepsweep/bc_shift4_scale_0p8_1p2_steps20000_tr1]:  47%|████▋     | 9401/20000 [03:47<05:02, 35.08it/s, acc=0.322, device=mps, eta=4m16s, loss=1.9342, sps=41.4]
BC[stage1_datasets_L40_stepsweep/bc_shift4_scale_0p8_1p2_steps20000_tr1]:  47%|████▋     | 9409/20000 [03:47<04:08, 42.69it/s, acc=0.322, device=mps, eta=4m16s, loss=1.9342, sps=41.4]
BC[stage1_datasets_L40_stepsweep/bc_shift4_scale_0p8_1p2_steps20000_tr1]:  47%|████▋     | 9417/20000 [03:47<03:33, 49.47it/s, acc=0.322, device=mps, eta=4m16s, loss=1.9342, sps=41.4]
BC[stage1_datasets_L40_stepsweep/bc_shift4_scale_0p8_1p2_steps20000_tr1]:  47%|████▋     | 9424/20000 [03:47<04:39, 37.85it/s, acc=0.322, device=mps, eta=4m16s, loss=1.9342, sps=41.4]
BC[stage1_datasets_L40_stepsweep/bc_shift4_scale_0p8_1p2_steps20000_tr1]:  47%|████▋     | 9432/20000 [03:47<03:54, 45.02it/s, acc=0.322, device=mps, eta=4m16s, loss=1.9342, sps=41.4]
BC[stage1_datasets_L40_stepsweep/bc_shift4_scale_0p8_1p2_steps20000_tr1]:  47%|████▋     | 9440/20000 [03:48<03:22, 52.03it/s, acc=0.322, device=mps, eta=4m16s, loss=1.9342, sps=41.4]
BC[stage1_datasets_L40_stepsweep/bc_shift4_scale_0p8_1p2_steps20000_tr1]:  47%|████▋     | 9447/20000 [03:48<04:40, 37.68it/s, acc=0.322, device=mps, eta=4m16s, loss=1.9342, sps=41.4]
BC[stage1_datasets_L40_stepsweep/bc_shift4_scale_0p8_1p2_steps20000_tr1]:  47%|████▋     | 9453/20000 [03:48<04:16, 41.14it/s, acc=0.322, device=mps, eta=4m16s, loss=1.9342, sps=41.4]
BC[stage1_datasets_L40_stepsweep/bc_shift4_scale_0p8_1p2_steps20000_tr1]:  47%|████▋     | 9460/20000 [03:48<03:45, 46.75it/s, acc=0.322, device=mps, eta=4m16s, loss=1.9342, sps=41.4]
BC[stage1_datasets_L40_stepsweep/bc_shift4_scale_0p8_1p2_steps20000_tr1]:  47%|████▋     | 9466/20000 [03:48<05:05, 34.51it/s, acc=0.322, device=mps, eta=4m16s, loss=1.9342, sps=41.4]
BC[stage1_datasets_L40_stepsweep/bc_shift4_scale_0p8_1p2_steps20000_tr1]:  47%|████▋     | 9471/20000 [03:49<04:44, 37.07it/s, acc=0.322, device=mps, eta=4m16s, loss=1.9342, sps=41.4]
BC[stage1_datasets_L40_stepsweep/bc_shift4_scale_0p8_1p2_steps20000_tr1]:  47%|████▋     | 9477/20000 [03:49<04:17, 40.86it/s, acc=0.322, device=mps, eta=4m16s, loss=1.9342, sps=41.4]
BC[stage1_datasets_L40_stepsweep/bc_shift4_scale_0p8_1p2_steps20000_tr1]:  47%|████▋     | 9482/20000 [03:49<05:42, 30.73it/s, acc=0.322, device=mps, eta=4m16s, loss=1.9342, sps=41.4]
BC[stage1_datasets_L40_stepsweep/bc_shift4_scale_0p8_1p2_steps20000_tr1]:  47%|████▋     | 9488/20000 [03:49<04:57, 35.37it/s, acc=0.322, device=mps, eta=4m16s, loss=1.9342, sps=41.4]
BC[stage1_datasets_L40_stepsweep/bc_shift4_scale_0p8_1p2_steps20000_tr1]:  47%|████▋     | 9494/20000 [03:49<04:23, 39.87it/s, acc=0.322, device=mps, eta=4m16s, loss=1.9342, sps=41.4]
BC[stage1_datasets_L40_stepsweep/bc_shift4_scale_0p8_1p2_steps20000_tr1]:  48%|████▊     | 9501/20000 [03:49<05:34, 31.37it/s, acc=0.322, device=mps, eta=4m16s, loss=1.9342, sps=41.4]
BC[stage1_datasets_L40_stepsweep/bc_shift4_scale_0p8_1p2_steps20000_tr1]:  48%|████▊     | 9507/20000 [03:50<04:47, 36.45it/s, acc=0.322, device=mps, eta=4m16s, loss=1.9342, sps=41.4]
BC[stage1_datasets_L40_stepsweep/bc_shift4_scale_0p8_1p2_steps20000_tr1]:  48%|████▊     | 9513/20000 [03:50<04:23, 39.87it/s, acc=0.322, device=mps, eta=4m16s, loss=1.9342, sps=41.4]
BC[stage1_datasets_L40_stepsweep/bc_shift4_scale_0p8_1p2_steps20000_tr1]:  48%|████▊     | 9520/20000 [03:50<03:48, 45.95it/s, acc=0.322, device=mps, eta=4m16s, loss=1.9342, sps=41.4]
BC[stage1_datasets_L40_stepsweep/bc_shift4_scale_0p8_1p2_steps20000_tr1]:  48%|████▊     | 9526/20000 [03:50<05:04, 34.34it/s, acc=0.322, device=mps, eta=4m16s, loss=1.9342, sps=41.4]
BC[stage1_datasets_L40_stepsweep/bc_shift4_scale_0p8_1p2_steps20000_tr1]:  48%|████▊     | 9534/20000 [03:50<04:07, 42.29it/s, acc=0.322, device=mps, eta=4m16s, loss=1.9342, sps=41.4]
BC[stage1_datasets_L40_stepsweep/bc_shift4_scale_0p8_1p2_steps20000_tr1]:  48%|████▊     | 9541/20000 [03:50<05:04, 34.30it/s, acc=0.322, device=mps, eta=4m16s, loss=1.9342, sps=41.4]
BC[stage1_datasets_L40_stepsweep/bc_shift4_scale_0p8_1p2_steps20000_tr1]:  48%|████▊     | 9549/20000 [03:51<04:10, 41.77it/s, acc=0.322, device=mps, eta=4m16s, loss=1.9342, sps=41.4]
BC[stage1_datasets_L40_stepsweep/bc_shift4_scale_0p8_1p2_steps20000_tr1]:  48%|████▊     | 9557/20000 [03:51<03:35, 48.38it/s, acc=0.322, device=mps, eta=4m16s, loss=1.9342, sps=41.4]
BC[stage1_datasets_L40_stepsweep/bc_shift4_scale_0p8_1p2_steps20000_tr1]:  48%|████▊     | 9563/20000 [03:51<04:48, 36.17it/s, acc=0.322, device=mps, eta=4m16s, loss=1.9342, sps=41.4]
BC[stage1_datasets_L40_stepsweep/bc_shift4_scale_0p8_1p2_steps20000_tr1]:  48%|████▊     | 9569/20000 [03:51<04:21, 39.91it/s, acc=0.322, device=mps, eta=4m16s, loss=1.9342, sps=41.4]
BC[stage1_datasets_L40_stepsweep/bc_shift4_scale_0p8_1p2_steps20000_tr1]:  48%|████▊     | 9575/20000 [03:51<03:58, 43.74it/s, acc=0.322, device=mps, eta=4m16s, loss=1.9342, sps=41.4]
BC[stage1_datasets_L40_stepsweep/bc_shift4_scale_0p8_1p2_steps20000_tr1]:  48%|████▊     | 9581/20000 [03:51<05:15, 32.99it/s, acc=0.322, device=mps, eta=4m16s, loss=1.9342, sps=41.4]
BC[stage1_datasets_L40_stepsweep/bc_shift4_scale_0p8_1p2_steps20000_tr1]:  48%|████▊     | 9587/20000 [03:52<04:43, 36.70it/s, acc=0.322, device=mps, eta=4m16s, loss=1.9342, sps=41.4]
BC[stage1_datasets_L40_stepsweep/bc_shift4_scale_0p8_1p2_steps20000_tr1]:  48%|████▊     | 9593/20000 [03:52<04:15, 40.74it/s, acc=0.322, device=mps, eta=4m16s, loss=1.9342, sps=41.4]
BC[stage1_datasets_L40_stepsweep/bc_shift4_scale_0p8_1p2_steps20000_tr1]:  48%|████▊     | 9593/20000 [03:52<04:15, 40.74it/s, acc=0.322, device=mps, eta=4m12s, loss=1.9401, sps=41.3]
BC[stage1_datasets_L40_stepsweep/bc_shift4_scale_0p8_1p2_steps20000_tr1]:  48%|████▊     | 9600/20000 [03:52<03:43, 46.64it/s, acc=0.322, device=mps, eta=4m12s, loss=1.9401, sps=41.3]
BC[stage1_datasets_L40_stepsweep/bc_shift4_scale_0p8_1p2_steps20000_tr1]:  48%|████▊     | 9606/20000 [03:52<05:00, 34.56it/s, acc=0.322, device=mps, eta=4m12s, loss=1.9401, sps=41.3]
BC[stage1_datasets_L40_stepsweep/bc_shift4_scale_0p8_1p2_steps20000_tr1]:  48%|████▊     | 9614/20000 [03:52<04:04, 42.46it/s, acc=0.322, device=mps, eta=4m12s, loss=1.9401, sps=41.3]
BC[stage1_datasets_L40_stepsweep/bc_shift4_scale_0p8_1p2_steps20000_tr1]:  48%|████▊     | 9621/20000 [03:52<05:03, 34.25it/s, acc=0.322, device=mps, eta=4m12s, loss=1.9401, sps=41.3]
BC[stage1_datasets_L40_stepsweep/bc_shift4_scale_0p8_1p2_steps20000_tr1]:  48%|████▊     | 9629/20000 [03:53<04:08, 41.76it/s, acc=0.322, device=mps, eta=4m12s, loss=1.9401, sps=41.3]
BC[stage1_datasets_L40_stepsweep/bc_shift4_scale_0p8_1p2_steps20000_tr1]:  48%|████▊     | 9637/20000 [03:53<03:32, 48.69it/s, acc=0.322, device=mps, eta=4m12s, loss=1.9401, sps=41.3]
BC[stage1_datasets_L40_stepsweep/bc_shift4_scale_0p8_1p2_steps20000_tr1]:  48%|████▊     | 9643/20000 [03:53<04:41, 36.79it/s, acc=0.322, device=mps, eta=4m12s, loss=1.9401, sps=41.3]
BC[stage1_datasets_L40_stepsweep/bc_shift4_scale_0p8_1p2_steps20000_tr1]:  48%|████▊     | 9651/20000 [03:53<03:52, 44.49it/s, acc=0.322, device=mps, eta=4m12s, loss=1.9401, sps=41.3]
BC[stage1_datasets_L40_stepsweep/bc_shift4_scale_0p8_1p2_steps20000_tr1]:  48%|████▊     | 9660/20000 [03:53<03:14, 53.13it/s, acc=0.322, device=mps, eta=4m12s, loss=1.9401, sps=41.3]
BC[stage1_datasets_L40_stepsweep/bc_shift4_scale_0p8_1p2_steps20000_tr1]:  48%|████▊     | 9667/20000 [03:53<04:21, 39.58it/s, acc=0.322, device=mps, eta=4m12s, loss=1.9401, sps=41.3]
BC[stage1_datasets_L40_stepsweep/bc_shift4_scale_0p8_1p2_steps20000_tr1]:  48%|████▊     | 9675/20000 [03:54<03:43, 46.28it/s, acc=0.322, device=mps, eta=4m12s, loss=1.9401, sps=41.3]
BC[stage1_datasets_L40_stepsweep/bc_shift4_scale_0p8_1p2_steps20000_tr1]:  48%|████▊     | 9681/20000 [03:54<04:47, 35.95it/s, acc=0.322, device=mps, eta=4m12s, loss=1.9401, sps=41.3]
BC[stage1_datasets_L40_stepsweep/bc_shift4_scale_0p8_1p2_steps20000_tr1]:  48%|████▊     | 9689/20000 [03:54<03:58, 43.27it/s, acc=0.322, device=mps, eta=4m12s, loss=1.9401, sps=41.3]
BC[stage1_datasets_L40_stepsweep/bc_shift4_scale_0p8_1p2_steps20000_tr1]:  48%|████▊     | 9697/20000 [03:54<03:26, 49.88it/s, acc=0.322, device=mps, eta=4m12s, loss=1.9401, sps=41.3]
BC[stage1_datasets_L40_stepsweep/bc_shift4_scale_0p8_1p2_steps20000_tr1]:  49%|████▊     | 9704/20000 [03:54<04:29, 38.21it/s, acc=0.322, device=mps, eta=4m12s, loss=1.9401, sps=41.3]
BC[stage1_datasets_L40_stepsweep/bc_shift4_scale_0p8_1p2_steps20000_tr1]:  49%|████▊     | 9712/20000 [03:54<03:47, 45.25it/s, acc=0.322, device=mps, eta=4m12s, loss=1.9401, sps=41.3]
BC[stage1_datasets_L40_stepsweep/bc_shift4_scale_0p8_1p2_steps20000_tr1]:  49%|████▊     | 9720/20000 [03:55<03:17, 52.12it/s, acc=0.322, device=mps, eta=4m12s, loss=1.9401, sps=41.3]
BC[stage1_datasets_L40_stepsweep/bc_shift4_scale_0p8_1p2_steps20000_tr1]:  49%|████▊     | 9727/20000 [03:55<04:23, 39.03it/s, acc=0.322, device=mps, eta=4m12s, loss=1.9401, sps=41.3]
BC[stage1_datasets_L40_stepsweep/bc_shift4_scale_0p8_1p2_steps20000_tr1]:  49%|████▊     | 9735/20000 [03:55<03:43, 45.87it/s, acc=0.322, device=mps, eta=4m12s, loss=1.9401, sps=41.3]
BC[stage1_datasets_L40_stepsweep/bc_shift4_scale_0p8_1p2_steps20000_tr1]:  49%|████▊     | 9741/20000 [03:55<04:48, 35.56it/s, acc=0.322, device=mps, eta=4m12s, loss=1.9401, sps=41.3]
BC[stage1_datasets_L40_stepsweep/bc_shift4_scale_0p8_1p2_steps20000_tr1]:  49%|████▊     | 9749/20000 [03:55<03:59, 42.86it/s, acc=0.322, device=mps, eta=4m12s, loss=1.9401, sps=41.3]
BC[stage1_datasets_L40_stepsweep/bc_shift4_scale_0p8_1p2_steps20000_tr1]:  49%|████▉     | 9757/20000 [03:55<03:26, 49.49it/s, acc=0.322, device=mps, eta=4m12s, loss=1.9401, sps=41.3]
BC[stage1_datasets_L40_stepsweep/bc_shift4_scale_0p8_1p2_steps20000_tr1]:  49%|████▉     | 9764/20000 [03:56<04:28, 38.13it/s, acc=0.322, device=mps, eta=4m12s, loss=1.9401, sps=41.3]
BC[stage1_datasets_L40_stepsweep/bc_shift4_scale_0p8_1p2_steps20000_tr1]:  49%|████▉     | 9772/20000 [03:56<03:46, 45.24it/s, acc=0.322, device=mps, eta=4m12s, loss=1.9401, sps=41.3]
BC[stage1_datasets_L40_stepsweep/bc_shift4_scale_0p8_1p2_steps20000_tr1]:  49%|████▉     | 9781/20000 [03:56<04:32, 37.51it/s, acc=0.322, device=mps, eta=4m12s, loss=1.9401, sps=41.3]
BC[stage1_datasets_L40_stepsweep/bc_shift4_scale_0p8_1p2_steps20000_tr1]:  49%|████▉     | 9787/20000 [03:56<04:07, 41.24it/s, acc=0.322, device=mps, eta=4m12s, loss=1.9401, sps=41.3]
BC[stage1_datasets_L40_stepsweep/bc_shift4_scale_0p8_1p2_steps20000_tr1]:  49%|████▉     | 9793/20000 [03:56<03:48, 44.63it/s, acc=0.322, device=mps, eta=4m12s, loss=1.9401, sps=41.3]
BC[stage1_datasets_L40_stepsweep/bc_shift4_scale_0p8_1p2_steps20000_tr1]:  49%|████▉     | 9793/20000 [03:56<03:48, 44.63it/s, acc=0.328, device=mps, eta=4m07s, loss=1.9206, sps=41.4]
BC[stage1_datasets_L40_stepsweep/bc_shift4_scale_0p8_1p2_steps20000_tr1]:  49%|████▉     | 9800/20000 [03:56<03:24, 49.97it/s, acc=0.328, device=mps, eta=4m07s, loss=1.9206, sps=41.4]
BC[stage1_datasets_L40_stepsweep/bc_shift4_scale_0p8_1p2_steps20000_tr1]:  49%|████▉     | 9806/20000 [03:57<04:37, 36.67it/s, acc=0.328, device=mps, eta=4m07s, loss=1.9206, sps=41.4]
BC[stage1_datasets_L40_stepsweep/bc_shift4_scale_0p8_1p2_steps20000_tr1]:  49%|████▉     | 9814/20000 [03:57<03:49, 44.37it/s, acc=0.328, device=mps, eta=4m07s, loss=1.9206, sps=41.4]
BC[stage1_datasets_L40_stepsweep/bc_shift4_scale_0p8_1p2_steps20000_tr1]:  49%|████▉     | 9821/20000 [03:57<04:48, 35.25it/s, acc=0.328, device=mps, eta=4m07s, loss=1.9206, sps=41.4]
BC[stage1_datasets_L40_stepsweep/bc_shift4_scale_0p8_1p2_steps20000_tr1]:  49%|████▉     | 9829/20000 [03:57<03:58, 42.67it/s, acc=0.328, device=mps, eta=4m07s, loss=1.9206, sps=41.4]
BC[stage1_datasets_L40_stepsweep/bc_shift4_scale_0p8_1p2_steps20000_tr1]:  49%|████▉     | 9837/20000 [03:57<03:24, 49.69it/s, acc=0.328, device=mps, eta=4m07s, loss=1.9206, sps=41.4]
BC[stage1_datasets_L40_stepsweep/bc_shift4_scale_0p8_1p2_steps20000_tr1]:  49%|████▉     | 9844/20000 [03:58<04:27, 38.00it/s, acc=0.328, device=mps, eta=4m07s, loss=1.9206, sps=41.4]
BC[stage1_datasets_L40_stepsweep/bc_shift4_scale_0p8_1p2_steps20000_tr1]:  49%|████▉     | 9852/20000 [03:58<03:44, 45.13it/s, acc=0.328, device=mps, eta=4m07s, loss=1.9206, sps=41.4]
BC[stage1_datasets_L40_stepsweep/bc_shift4_scale_0p8_1p2_steps20000_tr1]:  49%|████▉     | 9860/20000 [03:58<03:14, 52.13it/s, acc=0.328, device=mps, eta=4m07s, loss=1.9206, sps=41.4]
BC[stage1_datasets_L40_stepsweep/bc_shift4_scale_0p8_1p2_steps20000_tr1]:  49%|████▉     | 9867/20000 [03:58<04:36, 36.59it/s, acc=0.328, device=mps, eta=4m07s, loss=1.9206, sps=41.4]
BC[stage1_datasets_L40_stepsweep/bc_shift4_scale_0p8_1p2_steps20000_tr1]:  49%|████▉     | 9873/20000 [03:58<04:13, 39.90it/s, acc=0.328, device=mps, eta=4m07s, loss=1.9206, sps=41.4]
BC[stage1_datasets_L40_stepsweep/bc_shift4_scale_0p8_1p2_steps20000_tr1]:  49%|████▉     | 9880/20000 [03:58<03:42, 45.49it/s, acc=0.328, device=mps, eta=4m07s, loss=1.9206, sps=41.4]
BC[stage1_datasets_L40_stepsweep/bc_shift4_scale_0p8_1p2_steps20000_tr1]:  49%|████▉     | 9886/20000 [03:59<04:51, 34.72it/s, acc=0.328, device=mps, eta=4m07s, loss=1.9206, sps=41.4]
BC[stage1_datasets_L40_stepsweep/bc_shift4_scale_0p8_1p2_steps20000_tr1]:  49%|████▉     | 9894/20000 [03:59<03:57, 42.58it/s, acc=0.328, device=mps, eta=4m07s, loss=1.9206, sps=41.4]
BC[stage1_datasets_L40_stepsweep/bc_shift4_scale_0p8_1p2_steps20000_tr1]:  50%|████▉     | 9901/20000 [03:59<04:53, 34.46it/s, acc=0.328, device=mps, eta=4m07s, loss=1.9206, sps=41.4]
BC[stage1_datasets_L40_stepsweep/bc_shift4_scale_0p8_1p2_steps20000_tr1]:  50%|████▉     | 9907/20000 [03:59<04:21, 38.59it/s, acc=0.328, device=mps, eta=4m07s, loss=1.9206, sps=41.4]
BC[stage1_datasets_L40_stepsweep/bc_shift4_scale_0p8_1p2_steps20000_tr1]:  50%|████▉     | 9913/20000 [03:59<04:01, 41.77it/s, acc=0.328, device=mps, eta=4m07s, loss=1.9206, sps=41.4]
BC[stage1_datasets_L40_stepsweep/bc_shift4_scale_0p8_1p2_steps20000_tr1]:  50%|████▉     | 9920/20000 [03:59<03:33, 47.18it/s, acc=0.328, device=mps, eta=4m07s, loss=1.9206, sps=41.4]
BC[stage1_datasets_L40_stepsweep/bc_shift4_scale_0p8_1p2_steps20000_tr1]:  50%|████▉     | 9926/20000 [04:00<04:54, 34.20it/s, acc=0.328, device=mps, eta=4m07s, loss=1.9206, sps=41.4]
BC[stage1_datasets_L40_stepsweep/bc_shift4_scale_0p8_1p2_steps20000_tr1]:  50%|████▉     | 9931/20000 [04:00<04:36, 36.37it/s, acc=0.328, device=mps, eta=4m07s, loss=1.9206, sps=41.4]
BC[stage1_datasets_L40_stepsweep/bc_shift4_scale_0p8_1p2_steps20000_tr1]:  50%|████▉     | 9937/20000 [04:00<04:07, 40.66it/s, acc=0.328, device=mps, eta=4m07s, loss=1.9206, sps=41.4]
BC[stage1_datasets_L40_stepsweep/bc_shift4_scale_0p8_1p2_steps20000_tr1]:  50%|████▉     | 9942/20000 [04:00<05:28, 30.63it/s, acc=0.328, device=mps, eta=4m07s, loss=1.9206, sps=41.4]
BC[stage1_datasets_L40_stepsweep/bc_shift4_scale_0p8_1p2_steps20000_tr1]:  50%|████▉     | 9950/20000 [04:00<04:14, 39.45it/s, acc=0.328, device=mps, eta=4m07s, loss=1.9206, sps=41.4]
BC[stage1_datasets_L40_stepsweep/bc_shift4_scale_0p8_1p2_steps20000_tr1]:  50%|████▉     | 9958/20000 [04:00<03:32, 47.18it/s, acc=0.328, device=mps, eta=4m07s, loss=1.9206, sps=41.4]
BC[stage1_datasets_L40_stepsweep/bc_shift4_scale_0p8_1p2_steps20000_tr1]:  50%|████▉     | 9964/20000 [04:01<04:41, 35.66it/s, acc=0.328, device=mps, eta=4m07s, loss=1.9206, sps=41.4]
BC[stage1_datasets_L40_stepsweep/bc_shift4_scale_0p8_1p2_steps20000_tr1]:  50%|████▉     | 9972/20000 [04:01<03:50, 43.55it/s, acc=0.328, device=mps, eta=4m07s, loss=1.9206, sps=41.4]
BC[stage1_datasets_L40_stepsweep/bc_shift4_scale_0p8_1p2_steps20000_tr1]:  50%|████▉     | 9981/20000 [04:01<04:34, 36.44it/s, acc=0.328, device=mps, eta=4m07s, loss=1.9206, sps=41.4]
BC[stage1_datasets_L40_stepsweep/bc_shift4_scale_0p8_1p2_steps20000_tr1]:  50%|████▉     | 9987/20000 [04:01<04:13, 39.49it/s, acc=0.328, device=mps, eta=4m07s, loss=1.9206, sps=41.4]
BC[stage1_datasets_L40_stepsweep/bc_shift4_scale_0p8_1p2_steps20000_tr1]:  50%|████▉     | 9993/20000 [04:01<03:51, 43.16it/s, acc=0.328, device=mps, eta=4m07s, loss=1.9206, sps=41.4]
BC[stage1_datasets_L40_stepsweep/bc_shift4_scale_0p8_1p2_steps20000_tr1]:  50%|████▉     | 9993/20000 [04:01<03:51, 43.16it/s, acc=0.324, device=mps, eta=4m02s, loss=1.9328, sps=41.3]
BC[stage1_datasets_L40_stepsweep/bc_shift4_scale_0p8_1p2_steps20000_tr1]:  50%|█████     | 10000/20000 [04:01<03:25, 48.78it/s, acc=0.324, device=mps, eta=4m02s, loss=1.9328, sps=41.3]
BC[stage1_datasets_L40_stepsweep/bc_shift4_scale_0p8_1p2_steps20000_tr1]:  50%|█████     | 10006/20000 [04:02<04:37, 36.05it/s, acc=0.324, device=mps, eta=4m02s, loss=1.9328, sps=41.3]
BC[stage1_datasets_L40_stepsweep/bc_shift4_scale_0p8_1p2_steps20000_tr1]:  50%|█████     | 10014/20000 [04:02<03:47, 43.83it/s, acc=0.324, device=mps, eta=4m02s, loss=1.9328, sps=41.3]
BC[stage1_datasets_L40_stepsweep/bc_shift4_scale_0p8_1p2_steps20000_tr1]:  50%|█████     | 10021/20000 [04:02<04:45, 34.97it/s, acc=0.324, device=mps, eta=4m02s, loss=1.9328, sps=41.3]
BC[stage1_datasets_L40_stepsweep/bc_shift4_scale_0p8_1p2_steps20000_tr1]:  50%|█████     | 10029/20000 [04:02<03:54, 42.59it/s, acc=0.324, device=mps, eta=4m02s, loss=1.9328, sps=41.3]
BC[stage1_datasets_L40_stepsweep/bc_shift4_scale_0p8_1p2_steps20000_tr1]:  50%|█████     | 10037/20000 [04:02<03:21, 49.38it/s, acc=0.324, device=mps, eta=4m02s, loss=1.9328, sps=41.3]
BC[stage1_datasets_L40_stepsweep/bc_shift4_scale_0p8_1p2_steps20000_tr1]:  50%|█████     | 10044/20000 [04:03<04:23, 37.84it/s, acc=0.324, device=mps, eta=4m02s, loss=1.9328, sps=41.3]
BC[stage1_datasets_L40_stepsweep/bc_shift4_scale_0p8_1p2_steps20000_tr1]:  50%|█████     | 10052/20000 [04:03<03:41, 44.97it/s, acc=0.324, device=mps, eta=4m02s, loss=1.9328, sps=41.3]
BC[stage1_datasets_L40_stepsweep/bc_shift4_scale_0p8_1p2_steps20000_tr1]:  50%|█████     | 10060/20000 [04:03<03:11, 52.03it/s, acc=0.324, device=mps, eta=4m02s, loss=1.9328, sps=41.3]
BC[stage1_datasets_L40_stepsweep/bc_shift4_scale_0p8_1p2_steps20000_tr1]:  50%|█████     | 10067/20000 [04:03<04:15, 38.90it/s, acc=0.324, device=mps, eta=4m02s, loss=1.9328, sps=41.3]
BC[stage1_datasets_L40_stepsweep/bc_shift4_scale_0p8_1p2_steps20000_tr1]:  50%|█████     | 10075/20000 [04:03<03:36, 45.79it/s, acc=0.324, device=mps, eta=4m02s, loss=1.9328, sps=41.3]
BC[stage1_datasets_L40_stepsweep/bc_shift4_scale_0p8_1p2_steps20000_tr1]:  50%|█████     | 10081/20000 [04:04<04:39, 35.43it/s, acc=0.324, device=mps, eta=4m02s, loss=1.9328, sps=41.3]
BC[stage1_datasets_L40_stepsweep/bc_shift4_scale_0p8_1p2_steps20000_tr1]:  50%|█████     | 10089/20000 [04:04<03:49, 43.17it/s, acc=0.324, device=mps, eta=4m02s, loss=1.9328, sps=41.3]
BC[stage1_datasets_L40_stepsweep/bc_shift4_scale_0p8_1p2_steps20000_tr1]:  50%|█████     | 10097/20000 [04:04<03:16, 50.48it/s, acc=0.324, device=mps, eta=4m02s, loss=1.9328, sps=41.3]
BC[stage1_datasets_L40_stepsweep/bc_shift4_scale_0p8_1p2_steps20000_tr1]:  51%|█████     | 10104/20000 [04:04<04:16, 38.62it/s, acc=0.324, device=mps, eta=4m02s, loss=1.9328, sps=41.3]
BC[stage1_datasets_L40_stepsweep/bc_shift4_scale_0p8_1p2_steps20000_tr1]:  51%|█████     | 10112/20000 [04:04<03:35, 45.78it/s, acc=0.324, device=mps, eta=4m02s, loss=1.9328, sps=41.3]
BC[stage1_datasets_L40_stepsweep/bc_shift4_scale_0p8_1p2_steps20000_tr1]:  51%|█████     | 10120/20000 [04:04<03:07, 52.72it/s, acc=0.324, device=mps, eta=4m02s, loss=1.9328, sps=41.3]
BC[stage1_datasets_L40_stepsweep/bc_shift4_scale_0p8_1p2_steps20000_tr1]:  51%|█████     | 10127/20000 [04:05<04:12, 39.05it/s, acc=0.324, device=mps, eta=4m02s, loss=1.9328, sps=41.3]
BC[stage1_datasets_L40_stepsweep/bc_shift4_scale_0p8_1p2_steps20000_tr1]:  51%|█████     | 10135/20000 [04:05<03:34, 45.91it/s, acc=0.324, device=mps, eta=4m02s, loss=1.9328, sps=41.3]
BC[stage1_datasets_L40_stepsweep/bc_shift4_scale_0p8_1p2_steps20000_tr1]:  51%|█████     | 10141/20000 [04:05<04:37, 35.58it/s, acc=0.324, device=mps, eta=4m02s, loss=1.9328, sps=41.3]
BC[stage1_datasets_L40_stepsweep/bc_shift4_scale_0p8_1p2_steps20000_tr1]:  51%|█████     | 10149/20000 [04:05<03:48, 43.05it/s, acc=0.324, device=mps, eta=4m02s, loss=1.9328, sps=41.3]
BC[stage1_datasets_L40_stepsweep/bc_shift4_scale_0p8_1p2_steps20000_tr1]:  51%|█████     | 10157/20000 [04:05<03:17, 49.92it/s, acc=0.324, device=mps, eta=4m02s, loss=1.9328, sps=41.3]
BC[stage1_datasets_L40_stepsweep/bc_shift4_scale_0p8_1p2_steps20000_tr1]:  51%|█████     | 10164/20000 [04:05<04:19, 37.92it/s, acc=0.324, device=mps, eta=4m02s, loss=1.9328, sps=41.3]
BC[stage1_datasets_L40_stepsweep/bc_shift4_scale_0p8_1p2_steps20000_tr1]:  51%|█████     | 10170/20000 [04:06<04:00, 40.80it/s, acc=0.324, device=mps, eta=4m02s, loss=1.9328, sps=41.3]
BC[stage1_datasets_L40_stepsweep/bc_shift4_scale_0p8_1p2_steps20000_tr1]:  51%|█████     | 10176/20000 [04:06<03:41, 44.31it/s, acc=0.324, device=mps, eta=4m02s, loss=1.9328, sps=41.3]
BC[stage1_datasets_L40_stepsweep/bc_shift4_scale_0p8_1p2_steps20000_tr1]:  51%|█████     | 10182/20000 [04:06<04:51, 33.63it/s, acc=0.324, device=mps, eta=4m02s, loss=1.9328, sps=41.3]
BC[stage1_datasets_L40_stepsweep/bc_shift4_scale_0p8_1p2_steps20000_tr1]:  51%|█████     | 10190/20000 [04:06<03:53, 42.03it/s, acc=0.324, device=mps, eta=4m02s, loss=1.9328, sps=41.3]
BC[stage1_datasets_L40_stepsweep/bc_shift4_scale_0p8_1p2_steps20000_tr1]:  51%|█████     | 10199/20000 [04:06<03:11, 51.26it/s, acc=0.324, device=mps, eta=4m02s, loss=1.9328, sps=41.3]
BC[stage1_datasets_L40_stepsweep/bc_shift4_scale_0p8_1p2_steps20000_tr1]:  51%|█████     | 10199/20000 [04:06<03:11, 51.26it/s, acc=0.328, device=mps, eta=3m57s, loss=1.9160, sps=41.4]
BC[stage1_datasets_L40_stepsweep/bc_shift4_scale_0p8_1p2_steps20000_tr1]:  51%|█████     | 10206/20000 [04:06<04:17, 38.08it/s, acc=0.328, device=mps, eta=3m57s, loss=1.9160, sps=41.4]
BC[stage1_datasets_L40_stepsweep/bc_shift4_scale_0p8_1p2_steps20000_tr1]:  51%|█████     | 10212/20000 [04:07<03:56, 41.37it/s, acc=0.328, device=mps, eta=3m57s, loss=1.9160, sps=41.4]
BC[stage1_datasets_L40_stepsweep/bc_shift4_scale_0p8_1p2_steps20000_tr1]:  51%|█████     | 10219/20000 [04:07<03:30, 46.42it/s, acc=0.328, device=mps, eta=3m57s, loss=1.9160, sps=41.4]
BC[stage1_datasets_L40_stepsweep/bc_shift4_scale_0p8_1p2_steps20000_tr1]:  51%|█████     | 10225/20000 [04:07<04:36, 35.42it/s, acc=0.328, device=mps, eta=3m57s, loss=1.9160, sps=41.4]
BC[stage1_datasets_L40_stepsweep/bc_shift4_scale_0p8_1p2_steps20000_tr1]:  51%|█████     | 10233/20000 [04:07<03:46, 43.15it/s, acc=0.328, device=mps, eta=3m57s, loss=1.9160, sps=41.4]
BC[stage1_datasets_L40_stepsweep/bc_shift4_scale_0p8_1p2_steps20000_tr1]:  51%|█████     | 10241/20000 [04:07<04:34, 35.54it/s, acc=0.328, device=mps, eta=3m57s, loss=1.9160, sps=41.4]
BC[stage1_datasets_L40_stepsweep/bc_shift4_scale_0p8_1p2_steps20000_tr1]:  51%|█████     | 10249/20000 [04:07<03:47, 42.79it/s, acc=0.328, device=mps, eta=3m57s, loss=1.9160, sps=41.4]
BC[stage1_datasets_L40_stepsweep/bc_shift4_scale_0p8_1p2_steps20000_tr1]:  51%|█████▏    | 10257/20000 [04:08<03:17, 49.40it/s, acc=0.328, device=mps, eta=3m57s, loss=1.9160, sps=41.4]
BC[stage1_datasets_L40_stepsweep/bc_shift4_scale_0p8_1p2_steps20000_tr1]:  51%|█████▏    | 10264/20000 [04:08<04:16, 37.96it/s, acc=0.328, device=mps, eta=3m57s, loss=1.9160, sps=41.4]
BC[stage1_datasets_L40_stepsweep/bc_shift4_scale_0p8_1p2_steps20000_tr1]:  51%|█████▏    | 10272/20000 [04:08<03:35, 45.06it/s, acc=0.328, device=mps, eta=3m57s, loss=1.9160, sps=41.4]
BC[stage1_datasets_L40_stepsweep/bc_shift4_scale_0p8_1p2_steps20000_tr1]:  51%|█████▏    | 10280/20000 [04:08<03:06, 52.10it/s, acc=0.328, device=mps, eta=3m57s, loss=1.9160, sps=41.4]
BC[stage1_datasets_L40_stepsweep/bc_shift4_scale_0p8_1p2_steps20000_tr1]:  51%|█████▏    | 10287/20000 [04:08<04:18, 37.60it/s, acc=0.328, device=mps, eta=3m57s, loss=1.9160, sps=41.4]
BC[stage1_datasets_L40_stepsweep/bc_shift4_scale_0p8_1p2_steps20000_tr1]:  51%|█████▏    | 10293/20000 [04:08<03:55, 41.20it/s, acc=0.328, device=mps, eta=3m57s, loss=1.9160, sps=41.4]
BC[stage1_datasets_L40_stepsweep/bc_shift4_scale_0p8_1p2_steps20000_tr1]:  52%|█████▏    | 10300/20000 [04:09<03:27, 46.76it/s, acc=0.328, device=mps, eta=3m57s, loss=1.9160, sps=41.4]
BC[stage1_datasets_L40_stepsweep/bc_shift4_scale_0p8_1p2_steps20000_tr1]:  52%|█████▏    | 10306/20000 [04:09<04:33, 35.50it/s, acc=0.328, device=mps, eta=3m57s, loss=1.9160, sps=41.4]
BC[stage1_datasets_L40_stepsweep/bc_shift4_scale_0p8_1p2_steps20000_tr1]:  52%|█████▏    | 10314/20000 [04:09<03:44, 43.21it/s, acc=0.328, device=mps, eta=3m57s, loss=1.9160, sps=41.4]
BC[stage1_datasets_L40_stepsweep/bc_shift4_scale_0p8_1p2_steps20000_tr1]:  52%|█████▏    | 10321/20000 [04:09<04:37, 34.88it/s, acc=0.328, device=mps, eta=3m57s, loss=1.9160, sps=41.4]
BC[stage1_datasets_L40_stepsweep/bc_shift4_scale_0p8_1p2_steps20000_tr1]:  52%|█████▏    | 10329/20000 [04:09<03:49, 42.16it/s, acc=0.328, device=mps, eta=3m57s, loss=1.9160, sps=41.4]
BC[stage1_datasets_L40_stepsweep/bc_shift4_scale_0p8_1p2_steps20000_tr1]:  52%|█████▏    | 10337/20000 [04:09<03:18, 48.67it/s, acc=0.328, device=mps, eta=3m57s, loss=1.9160, sps=41.4]
BC[stage1_datasets_L40_stepsweep/bc_shift4_scale_0p8_1p2_steps20000_tr1]:  52%|█████▏    | 10343/20000 [04:10<04:21, 36.96it/s, acc=0.328, device=mps, eta=3m57s, loss=1.9160, sps=41.4]
BC[stage1_datasets_L40_stepsweep/bc_shift4_scale_0p8_1p2_steps20000_tr1]:  52%|█████▏    | 10351/20000 [04:10<03:36, 44.52it/s, acc=0.328, device=mps, eta=3m57s, loss=1.9160, sps=41.4]
BC[stage1_datasets_L40_stepsweep/bc_shift4_scale_0p8_1p2_steps20000_tr1]:  52%|█████▏    | 10359/20000 [04:10<03:07, 51.49it/s, acc=0.328, device=mps, eta=3m57s, loss=1.9160, sps=41.4]
BC[stage1_datasets_L40_stepsweep/bc_shift4_scale_0p8_1p2_steps20000_tr1]:  52%|█████▏    | 10366/20000 [04:10<04:07, 38.85it/s, acc=0.328, device=mps, eta=3m57s, loss=1.9160, sps=41.4]
BC[stage1_datasets_L40_stepsweep/bc_shift4_scale_0p8_1p2_steps20000_tr1]:  52%|█████▏    | 10372/20000 [04:10<03:48, 42.13it/s, acc=0.328, device=mps, eta=3m57s, loss=1.9160, sps=41.4]
BC[stage1_datasets_L40_stepsweep/bc_shift4_scale_0p8_1p2_steps20000_tr1]:  52%|█████▏    | 10379/20000 [04:10<03:26, 46.58it/s, acc=0.328, device=mps, eta=3m57s, loss=1.9160, sps=41.4]
BC[stage1_datasets_L40_stepsweep/bc_shift4_scale_0p8_1p2_steps20000_tr1]:  52%|█████▏    | 10385/20000 [04:11<04:36, 34.77it/s, acc=0.328, device=mps, eta=3m57s, loss=1.9160, sps=41.4]
BC[stage1_datasets_L40_stepsweep/bc_shift4_scale_0p8_1p2_steps20000_tr1]:  52%|█████▏    | 10391/20000 [04:11<04:10, 38.41it/s, acc=0.328, device=mps, eta=3m57s, loss=1.9160, sps=41.4]
BC[stage1_datasets_L40_stepsweep/bc_shift4_scale_0p8_1p2_steps20000_tr1]:  52%|█████▏    | 10398/20000 [04:11<03:39, 43.80it/s, acc=0.328, device=mps, eta=3m57s, loss=1.9160, sps=41.4]
BC[stage1_datasets_L40_stepsweep/bc_shift4_scale_0p8_1p2_steps20000_tr1]:  52%|█████▏    | 10398/20000 [04:11<03:39, 43.80it/s, acc=0.327, device=mps, eta=3m52s, loss=1.9178, sps=41.3]
BC[stage1_datasets_L40_stepsweep/bc_shift4_scale_0p8_1p2_steps20000_tr1]:  52%|█████▏    | 10404/20000 [04:11<05:02, 31.73it/s, acc=0.327, device=mps, eta=3m52s, loss=1.9178, sps=41.3]
BC[stage1_datasets_L40_stepsweep/bc_shift4_scale_0p8_1p2_steps20000_tr1]:  52%|█████▏    | 10410/20000 [04:11<04:28, 35.70it/s, acc=0.327, device=mps, eta=3m52s, loss=1.9178, sps=41.3]
BC[stage1_datasets_L40_stepsweep/bc_shift4_scale_0p8_1p2_steps20000_tr1]:  52%|█████▏    | 10417/20000 [04:12<03:52, 41.20it/s, acc=0.327, device=mps, eta=3m52s, loss=1.9178, sps=41.3]
BC[stage1_datasets_L40_stepsweep/bc_shift4_scale_0p8_1p2_steps20000_tr1]:  52%|█████▏    | 10422/20000 [04:12<05:06, 31.24it/s, acc=0.327, device=mps, eta=3m52s, loss=1.9178, sps=41.3]
BC[stage1_datasets_L40_stepsweep/bc_shift4_scale_0p8_1p2_steps20000_tr1]:  52%|█████▏    | 10430/20000 [04:12<04:00, 39.82it/s, acc=0.327, device=mps, eta=3m52s, loss=1.9178, sps=41.3]
BC[stage1_datasets_L40_stepsweep/bc_shift4_scale_0p8_1p2_steps20000_tr1]:  52%|█████▏    | 10438/20000 [04:12<03:21, 47.52it/s, acc=0.327, device=mps, eta=3m52s, loss=1.9178, sps=41.3]
BC[stage1_datasets_L40_stepsweep/bc_shift4_scale_0p8_1p2_steps20000_tr1]:  52%|█████▏    | 10444/20000 [04:12<04:33, 34.93it/s, acc=0.327, device=mps, eta=3m52s, loss=1.9178, sps=41.3]
BC[stage1_datasets_L40_stepsweep/bc_shift4_scale_0p8_1p2_steps20000_tr1]:  52%|█████▏    | 10450/20000 [04:12<04:05, 38.88it/s, acc=0.327, device=mps, eta=3m52s, loss=1.9178, sps=41.3]
BC[stage1_datasets_L40_stepsweep/bc_shift4_scale_0p8_1p2_steps20000_tr1]:  52%|█████▏    | 10457/20000 [04:13<03:35, 44.32it/s, acc=0.327, device=mps, eta=3m52s, loss=1.9178, sps=41.3]
BC[stage1_datasets_L40_stepsweep/bc_shift4_scale_0p8_1p2_steps20000_tr1]:  52%|█████▏    | 10463/20000 [04:13<04:43, 33.65it/s, acc=0.327, device=mps, eta=3m52s, loss=1.9178, sps=41.3]
BC[stage1_datasets_L40_stepsweep/bc_shift4_scale_0p8_1p2_steps20000_tr1]:  52%|█████▏    | 10470/20000 [04:13<03:59, 39.84it/s, acc=0.327, device=mps, eta=3m52s, loss=1.9178, sps=41.3]
BC[stage1_datasets_L40_stepsweep/bc_shift4_scale_0p8_1p2_steps20000_tr1]:  52%|█████▏    | 10476/20000 [04:13<03:38, 43.49it/s, acc=0.327, device=mps, eta=3m52s, loss=1.9178, sps=41.3]
BC[stage1_datasets_L40_stepsweep/bc_shift4_scale_0p8_1p2_steps20000_tr1]:  52%|█████▏    | 10482/20000 [04:13<04:48, 33.00it/s, acc=0.327, device=mps, eta=3m52s, loss=1.9178, sps=41.3]
BC[stage1_datasets_L40_stepsweep/bc_shift4_scale_0p8_1p2_steps20000_tr1]:  52%|█████▏    | 10490/20000 [04:13<03:50, 41.28it/s, acc=0.327, device=mps, eta=3m52s, loss=1.9178, sps=41.3]
BC[stage1_datasets_L40_stepsweep/bc_shift4_scale_0p8_1p2_steps20000_tr1]:  52%|█████▏    | 10498/20000 [04:14<03:15, 48.66it/s, acc=0.327, device=mps, eta=3m52s, loss=1.9178, sps=41.3]
BC[stage1_datasets_L40_stepsweep/bc_shift4_scale_0p8_1p2_steps20000_tr1]:  53%|█████▎    | 10504/20000 [04:14<04:21, 36.34it/s, acc=0.327, device=mps, eta=3m52s, loss=1.9178, sps=41.3]
BC[stage1_datasets_L40_stepsweep/bc_shift4_scale_0p8_1p2_steps20000_tr1]:  53%|█████▎    | 10512/20000 [04:14<03:35, 44.01it/s, acc=0.327, device=mps, eta=3m52s, loss=1.9178, sps=41.3]
BC[stage1_datasets_L40_stepsweep/bc_shift4_scale_0p8_1p2_steps20000_tr1]:  53%|█████▎    | 10520/20000 [04:14<03:04, 51.28it/s, acc=0.327, device=mps, eta=3m52s, loss=1.9178, sps=41.3]
BC[stage1_datasets_L40_stepsweep/bc_shift4_scale_0p8_1p2_steps20000_tr1]:  53%|█████▎    | 10527/20000 [04:14<04:07, 38.26it/s, acc=0.327, device=mps, eta=3m52s, loss=1.9178, sps=41.3]
BC[stage1_datasets_L40_stepsweep/bc_shift4_scale_0p8_1p2_steps20000_tr1]:  53%|█████▎    | 10535/20000 [04:14<03:28, 45.46it/s, acc=0.327, device=mps, eta=3m52s, loss=1.9178, sps=41.3]
BC[stage1_datasets_L40_stepsweep/bc_shift4_scale_0p8_1p2_steps20000_tr1]:  53%|█████▎    | 10541/20000 [04:15<04:24, 35.76it/s, acc=0.327, device=mps, eta=3m52s, loss=1.9178, sps=41.3]
BC[stage1_datasets_L40_stepsweep/bc_shift4_scale_0p8_1p2_steps20000_tr1]:  53%|█████▎    | 10547/20000 [04:15<03:56, 39.98it/s, acc=0.327, device=mps, eta=3m52s, loss=1.9178, sps=41.3]
BC[stage1_datasets_L40_stepsweep/bc_shift4_scale_0p8_1p2_steps20000_tr1]:  53%|█████▎    | 10553/20000 [04:15<03:40, 42.91it/s, acc=0.327, device=mps, eta=3m52s, loss=1.9178, sps=41.3]
BC[stage1_datasets_L40_stepsweep/bc_shift4_scale_0p8_1p2_steps20000_tr1]:  53%|█████▎    | 10559/20000 [04:15<03:26, 45.70it/s, acc=0.327, device=mps, eta=3m52s, loss=1.9178, sps=41.3]
BC[stage1_datasets_L40_stepsweep/bc_shift4_scale_0p8_1p2_steps20000_tr1]:  53%|█████▎    | 10565/20000 [04:15<04:40, 33.68it/s, acc=0.327, device=mps, eta=3m52s, loss=1.9178, sps=41.3]
BC[stage1_datasets_L40_stepsweep/bc_shift4_scale_0p8_1p2_steps20000_tr1]:  53%|█████▎    | 10572/20000 [04:15<03:56, 39.81it/s, acc=0.327, device=mps, eta=3m52s, loss=1.9178, sps=41.3]
BC[stage1_datasets_L40_stepsweep/bc_shift4_scale_0p8_1p2_steps20000_tr1]:  53%|█████▎    | 10579/20000 [04:16<03:28, 45.23it/s, acc=0.327, device=mps, eta=3m52s, loss=1.9178, sps=41.3]
BC[stage1_datasets_L40_stepsweep/bc_shift4_scale_0p8_1p2_steps20000_tr1]:  53%|█████▎    | 10585/20000 [04:16<04:32, 34.57it/s, acc=0.327, device=mps, eta=3m52s, loss=1.9178, sps=41.3]
BC[stage1_datasets_L40_stepsweep/bc_shift4_scale_0p8_1p2_steps20000_tr1]:  53%|█████▎    | 10593/20000 [04:16<03:40, 42.60it/s, acc=0.327, device=mps, eta=3m52s, loss=1.9178, sps=41.3]
BC[stage1_datasets_L40_stepsweep/bc_shift4_scale_0p8_1p2_steps20000_tr1]:  53%|█████▎    | 10593/20000 [04:16<03:40, 42.60it/s, acc=0.331, device=mps, eta=3m48s, loss=1.9039, sps=41.3]
BC[stage1_datasets_L40_stepsweep/bc_shift4_scale_0p8_1p2_steps20000_tr1]:  53%|█████▎    | 10601/20000 [04:16<04:26, 35.21it/s, acc=0.331, device=mps, eta=3m48s, loss=1.9039, sps=41.3]
BC[stage1_datasets_L40_stepsweep/bc_shift4_scale_0p8_1p2_steps20000_tr1]:  53%|█████▎    | 10609/20000 [04:16<03:40, 42.56it/s, acc=0.331, device=mps, eta=3m48s, loss=1.9039, sps=41.3]
BC[stage1_datasets_L40_stepsweep/bc_shift4_scale_0p8_1p2_steps20000_tr1]:  53%|█████▎    | 10617/20000 [04:16<03:09, 49.42it/s, acc=0.331, device=mps, eta=3m48s, loss=1.9039, sps=41.3]
BC[stage1_datasets_L40_stepsweep/bc_shift4_scale_0p8_1p2_steps20000_tr1]:  53%|█████▎    | 10624/20000 [04:17<04:08, 37.75it/s, acc=0.331, device=mps, eta=3m48s, loss=1.9039, sps=41.3]
BC[stage1_datasets_L40_stepsweep/bc_shift4_scale_0p8_1p2_steps20000_tr1]:  53%|█████▎    | 10630/20000 [04:17<03:47, 41.10it/s, acc=0.331, device=mps, eta=3m48s, loss=1.9039, sps=41.3]
BC[stage1_datasets_L40_stepsweep/bc_shift4_scale_0p8_1p2_steps20000_tr1]:  53%|█████▎    | 10637/20000 [04:17<03:21, 46.53it/s, acc=0.331, device=mps, eta=3m48s, loss=1.9039, sps=41.3]
BC[stage1_datasets_L40_stepsweep/bc_shift4_scale_0p8_1p2_steps20000_tr1]:  53%|█████▎    | 10643/20000 [04:17<04:23, 35.56it/s, acc=0.331, device=mps, eta=3m48s, loss=1.9039, sps=41.3]
BC[stage1_datasets_L40_stepsweep/bc_shift4_scale_0p8_1p2_steps20000_tr1]:  53%|█████▎    | 10651/20000 [04:17<03:34, 43.55it/s, acc=0.331, device=mps, eta=3m48s, loss=1.9039, sps=41.3]
BC[stage1_datasets_L40_stepsweep/bc_shift4_scale_0p8_1p2_steps20000_tr1]:  53%|█████▎    | 10660/20000 [04:17<02:57, 52.74it/s, acc=0.331, device=mps, eta=3m48s, loss=1.9039, sps=41.3]
BC[stage1_datasets_L40_stepsweep/bc_shift4_scale_0p8_1p2_steps20000_tr1]:  53%|█████▎    | 10667/20000 [04:18<03:56, 39.41it/s, acc=0.331, device=mps, eta=3m48s, loss=1.9039, sps=41.3]
BC[stage1_datasets_L40_stepsweep/bc_shift4_scale_0p8_1p2_steps20000_tr1]:  53%|█████▎    | 10675/20000 [04:18<03:21, 46.32it/s, acc=0.331, device=mps, eta=3m48s, loss=1.9039, sps=41.3]
BC[stage1_datasets_L40_stepsweep/bc_shift4_scale_0p8_1p2_steps20000_tr1]:  53%|█████▎    | 10681/20000 [04:18<04:20, 35.76it/s, acc=0.331, device=mps, eta=3m48s, loss=1.9039, sps=41.3]
BC[stage1_datasets_L40_stepsweep/bc_shift4_scale_0p8_1p2_steps20000_tr1]:  53%|█████▎    | 10689/20000 [04:18<03:35, 43.14it/s, acc=0.331, device=mps, eta=3m48s, loss=1.9039, sps=41.3]
BC[stage1_datasets_L40_stepsweep/bc_shift4_scale_0p8_1p2_steps20000_tr1]:  53%|█████▎    | 10697/20000 [04:18<03:06, 49.84it/s, acc=0.331, device=mps, eta=3m48s, loss=1.9039, sps=41.3]
BC[stage1_datasets_L40_stepsweep/bc_shift4_scale_0p8_1p2_steps20000_tr1]:  54%|█████▎    | 10704/20000 [04:19<04:04, 38.10it/s, acc=0.331, device=mps, eta=3m48s, loss=1.9039, sps=41.3]
BC[stage1_datasets_L40_stepsweep/bc_shift4_scale_0p8_1p2_steps20000_tr1]:  54%|█████▎    | 10712/20000 [04:19<03:25, 45.21it/s, acc=0.331, device=mps, eta=3m48s, loss=1.9039, sps=41.3]
BC[stage1_datasets_L40_stepsweep/bc_shift4_scale_0p8_1p2_steps20000_tr1]:  54%|█████▎    | 10721/20000 [04:19<04:07, 37.52it/s, acc=0.331, device=mps, eta=3m48s, loss=1.9039, sps=41.3]
BC[stage1_datasets_L40_stepsweep/bc_shift4_scale_0p8_1p2_steps20000_tr1]:  54%|█████▎    | 10727/20000 [04:19<03:45, 41.17it/s, acc=0.331, device=mps, eta=3m48s, loss=1.9039, sps=41.3]
BC[stage1_datasets_L40_stepsweep/bc_shift4_scale_0p8_1p2_steps20000_tr1]:  54%|█████▎    | 10734/20000 [04:19<03:24, 45.40it/s, acc=0.331, device=mps, eta=3m48s, loss=1.9039, sps=41.3]
BC[stage1_datasets_L40_stepsweep/bc_shift4_scale_0p8_1p2_steps20000_tr1]:  54%|█████▎    | 10741/20000 [04:20<04:20, 35.48it/s, acc=0.331, device=mps, eta=3m48s, loss=1.9039, sps=41.3]
BC[stage1_datasets_L40_stepsweep/bc_shift4_scale_0p8_1p2_steps20000_tr1]:  54%|█████▎    | 10749/20000 [04:20<03:35, 42.94it/s, acc=0.331, device=mps, eta=3m48s, loss=1.9039, sps=41.3]
BC[stage1_datasets_L40_stepsweep/bc_shift4_scale_0p8_1p2_steps20000_tr1]:  54%|█████▍    | 10757/20000 [04:20<03:06, 49.64it/s, acc=0.331, device=mps, eta=3m48s, loss=1.9039, sps=41.3]
BC[stage1_datasets_L40_stepsweep/bc_shift4_scale_0p8_1p2_steps20000_tr1]:  54%|█████▍    | 10764/20000 [04:20<04:03, 37.97it/s, acc=0.331, device=mps, eta=3m48s, loss=1.9039, sps=41.3]
BC[stage1_datasets_L40_stepsweep/bc_shift4_scale_0p8_1p2_steps20000_tr1]:  54%|█████▍    | 10772/20000 [04:20<03:24, 45.07it/s, acc=0.331, device=mps, eta=3m48s, loss=1.9039, sps=41.3]
BC[stage1_datasets_L40_stepsweep/bc_shift4_scale_0p8_1p2_steps20000_tr1]:  54%|█████▍    | 10781/20000 [04:21<04:05, 37.48it/s, acc=0.331, device=mps, eta=3m48s, loss=1.9039, sps=41.3]
BC[stage1_datasets_L40_stepsweep/bc_shift4_scale_0p8_1p2_steps20000_tr1]:  54%|█████▍    | 10789/20000 [04:21<03:31, 43.63it/s, acc=0.331, device=mps, eta=3m48s, loss=1.9039, sps=41.3]
BC[stage1_datasets_L40_stepsweep/bc_shift4_scale_0p8_1p2_steps20000_tr1]:  54%|█████▍    | 10795/20000 [04:21<03:20, 45.84it/s, acc=0.331, device=mps, eta=3m48s, loss=1.9039, sps=41.3]
BC[stage1_datasets_L40_stepsweep/bc_shift4_scale_0p8_1p2_steps20000_tr1]:  54%|█████▍    | 10795/20000 [04:21<03:20, 45.84it/s, acc=0.332, device=mps, eta=3m43s, loss=1.9080, sps=41.3]
BC[stage1_datasets_L40_stepsweep/bc_shift4_scale_0p8_1p2_steps20000_tr1]:  54%|█████▍    | 10801/20000 [04:21<04:25, 34.62it/s, acc=0.332, device=mps, eta=3m43s, loss=1.9080, sps=41.3]
BC[stage1_datasets_L40_stepsweep/bc_shift4_scale_0p8_1p2_steps20000_tr1]:  54%|█████▍    | 10808/20000 [04:21<03:50, 39.86it/s, acc=0.332, device=mps, eta=3m43s, loss=1.9080, sps=41.3]
BC[stage1_datasets_L40_stepsweep/bc_shift4_scale_0p8_1p2_steps20000_tr1]:  54%|█████▍    | 10814/20000 [04:21<03:32, 43.14it/s, acc=0.332, device=mps, eta=3m43s, loss=1.9080, sps=41.3]
BC[stage1_datasets_L40_stepsweep/bc_shift4_scale_0p8_1p2_steps20000_tr1]:  54%|█████▍    | 10821/20000 [04:22<04:33, 33.55it/s, acc=0.332, device=mps, eta=3m43s, loss=1.9080, sps=41.3]
BC[stage1_datasets_L40_stepsweep/bc_shift4_scale_0p8_1p2_steps20000_tr1]:  54%|█████▍    | 10829/20000 [04:22<03:42, 41.28it/s, acc=0.332, device=mps, eta=3m43s, loss=1.9080, sps=41.3]
BC[stage1_datasets_L40_stepsweep/bc_shift4_scale_0p8_1p2_steps20000_tr1]:  54%|█████▍    | 10837/20000 [04:22<03:09, 48.25it/s, acc=0.332, device=mps, eta=3m43s, loss=1.9080, sps=41.3]
BC[stage1_datasets_L40_stepsweep/bc_shift4_scale_0p8_1p2_steps20000_tr1]:  54%|█████▍    | 10843/20000 [04:22<04:11, 36.42it/s, acc=0.332, device=mps, eta=3m43s, loss=1.9080, sps=41.3]
BC[stage1_datasets_L40_stepsweep/bc_shift4_scale_0p8_1p2_steps20000_tr1]:  54%|█████▍    | 10851/20000 [04:22<03:29, 43.70it/s, acc=0.332, device=mps, eta=3m43s, loss=1.9080, sps=41.3]
BC[stage1_datasets_L40_stepsweep/bc_shift4_scale_0p8_1p2_steps20000_tr1]:  54%|█████▍    | 10859/20000 [04:22<03:02, 50.15it/s, acc=0.332, device=mps, eta=3m43s, loss=1.9080, sps=41.3]
BC[stage1_datasets_L40_stepsweep/bc_shift4_scale_0p8_1p2_steps20000_tr1]:  54%|█████▍    | 10866/20000 [04:23<03:58, 38.35it/s, acc=0.332, device=mps, eta=3m43s, loss=1.9080, sps=41.3]
BC[stage1_datasets_L40_stepsweep/bc_shift4_scale_0p8_1p2_steps20000_tr1]:  54%|█████▍    | 10874/20000 [04:23<03:21, 45.36it/s, acc=0.332, device=mps, eta=3m43s, loss=1.9080, sps=41.3]
BC[stage1_datasets_L40_stepsweep/bc_shift4_scale_0p8_1p2_steps20000_tr1]:  54%|█████▍    | 10881/20000 [04:23<04:11, 36.20it/s, acc=0.332, device=mps, eta=3m43s, loss=1.9080, sps=41.3]
BC[stage1_datasets_L40_stepsweep/bc_shift4_scale_0p8_1p2_steps20000_tr1]:  54%|█████▍    | 10889/20000 [04:23<03:29, 43.42it/s, acc=0.332, device=mps, eta=3m43s, loss=1.9080, sps=41.3]
BC[stage1_datasets_L40_stepsweep/bc_shift4_scale_0p8_1p2_steps20000_tr1]:  54%|█████▍    | 10897/20000 [04:23<03:02, 49.97it/s, acc=0.332, device=mps, eta=3m43s, loss=1.9080, sps=41.3]
BC[stage1_datasets_L40_stepsweep/bc_shift4_scale_0p8_1p2_steps20000_tr1]:  55%|█████▍    | 10904/20000 [04:23<03:58, 38.21it/s, acc=0.332, device=mps, eta=3m43s, loss=1.9080, sps=41.3]
BC[stage1_datasets_L40_stepsweep/bc_shift4_scale_0p8_1p2_steps20000_tr1]:  55%|█████▍    | 10912/20000 [04:24<03:20, 45.24it/s, acc=0.332, device=mps, eta=3m43s, loss=1.9080, sps=41.3]
BC[stage1_datasets_L40_stepsweep/bc_shift4_scale_0p8_1p2_steps20000_tr1]:  55%|█████▍    | 10920/20000 [04:24<02:54, 51.90it/s, acc=0.332, device=mps, eta=3m43s, loss=1.9080, sps=41.3]
BC[stage1_datasets_L40_stepsweep/bc_shift4_scale_0p8_1p2_steps20000_tr1]:  55%|█████▍    | 10927/20000 [04:24<03:53, 38.90it/s, acc=0.332, device=mps, eta=3m43s, loss=1.9080, sps=41.3]
BC[stage1_datasets_L40_stepsweep/bc_shift4_scale_0p8_1p2_steps20000_tr1]:  55%|█████▍    | 10935/20000 [04:24<03:18, 45.67it/s, acc=0.332, device=mps, eta=3m43s, loss=1.9080, sps=41.3]
BC[stage1_datasets_L40_stepsweep/bc_shift4_scale_0p8_1p2_steps20000_tr1]:  55%|█████▍    | 10941/20000 [04:24<04:15, 35.45it/s, acc=0.332, device=mps, eta=3m43s, loss=1.9080, sps=41.3]
BC[stage1_datasets_L40_stepsweep/bc_shift4_scale_0p8_1p2_steps20000_tr1]:  55%|█████▍    | 10949/20000 [04:24<03:31, 42.73it/s, acc=0.332, device=mps, eta=3m43s, loss=1.9080, sps=41.3]
BC[stage1_datasets_L40_stepsweep/bc_shift4_scale_0p8_1p2_steps20000_tr1]:  55%|█████▍    | 10957/20000 [04:25<03:03, 49.25it/s, acc=0.332, device=mps, eta=3m43s, loss=1.9080, sps=41.3]
BC[stage1_datasets_L40_stepsweep/bc_shift4_scale_0p8_1p2_steps20000_tr1]:  55%|█████▍    | 10964/20000 [04:25<03:54, 38.59it/s, acc=0.332, device=mps, eta=3m43s, loss=1.9080, sps=41.3]
BC[stage1_datasets_L40_stepsweep/bc_shift4_scale_0p8_1p2_steps20000_tr1]:  55%|█████▍    | 10972/20000 [04:25<03:18, 45.46it/s, acc=0.332, device=mps, eta=3m43s, loss=1.9080, sps=41.3]
BC[stage1_datasets_L40_stepsweep/bc_shift4_scale_0p8_1p2_steps20000_tr1]:  55%|█████▍    | 10980/20000 [04:25<02:51, 52.50it/s, acc=0.332, device=mps, eta=3m43s, loss=1.9080, sps=41.3]
BC[stage1_datasets_L40_stepsweep/bc_shift4_scale_0p8_1p2_steps20000_tr1]:  55%|█████▍    | 10987/20000 [04:25<03:48, 39.44it/s, acc=0.332, device=mps, eta=3m43s, loss=1.9080, sps=41.3]
BC[stage1_datasets_L40_stepsweep/bc_shift4_scale_0p8_1p2_steps20000_tr1]:  55%|█████▍    | 10995/20000 [04:25<03:14, 46.28it/s, acc=0.332, device=mps, eta=3m43s, loss=1.9080, sps=41.3]
BC[stage1_datasets_L40_stepsweep/bc_shift4_scale_0p8_1p2_steps20000_tr1]:  55%|█████▍    | 10995/20000 [04:26<03:14, 46.28it/s, acc=0.337, device=mps, eta=3m38s, loss=1.8920, sps=41.3]
BC[stage1_datasets_L40_stepsweep/bc_shift4_scale_0p8_1p2_steps20000_tr1]:  55%|█████▌    | 11001/20000 [04:26<04:11, 35.84it/s, acc=0.337, device=mps, eta=3m38s, loss=1.8920, sps=41.3]
BC[stage1_datasets_L40_stepsweep/bc_shift4_scale_0p8_1p2_steps20000_tr1]:  55%|█████▌    | 11009/20000 [04:26<03:28, 43.21it/s, acc=0.337, device=mps, eta=3m38s, loss=1.8920, sps=41.3]
BC[stage1_datasets_L40_stepsweep/bc_shift4_scale_0p8_1p2_steps20000_tr1]:  55%|█████▌    | 11017/20000 [04:26<02:58, 50.27it/s, acc=0.337, device=mps, eta=3m38s, loss=1.8920, sps=41.3]
BC[stage1_datasets_L40_stepsweep/bc_shift4_scale_0p8_1p2_steps20000_tr1]:  55%|█████▌    | 11024/20000 [04:26<03:55, 38.12it/s, acc=0.337, device=mps, eta=3m38s, loss=1.8920, sps=41.3]
BC[stage1_datasets_L40_stepsweep/bc_shift4_scale_0p8_1p2_steps20000_tr1]:  55%|█████▌    | 11030/20000 [04:26<03:36, 41.41it/s, acc=0.337, device=mps, eta=3m38s, loss=1.8920, sps=41.3]
BC[stage1_datasets_L40_stepsweep/bc_shift4_scale_0p8_1p2_steps20000_tr1]:  55%|█████▌    | 11037/20000 [04:26<03:14, 46.19it/s, acc=0.337, device=mps, eta=3m38s, loss=1.8920, sps=41.3]
BC[stage1_datasets_L40_stepsweep/bc_shift4_scale_0p8_1p2_steps20000_tr1]:  55%|█████▌    | 11043/20000 [04:27<04:16, 34.98it/s, acc=0.337, device=mps, eta=3m38s, loss=1.8920, sps=41.3]
BC[stage1_datasets_L40_stepsweep/bc_shift4_scale_0p8_1p2_steps20000_tr1]:  55%|█████▌    | 11051/20000 [04:27<03:29, 42.81it/s, acc=0.337, device=mps, eta=3m38s, loss=1.8920, sps=41.3]
BC[stage1_datasets_L40_stepsweep/bc_shift4_scale_0p8_1p2_steps20000_tr1]:  55%|█████▌    | 11059/20000 [04:27<03:00, 49.60it/s, acc=0.337, device=mps, eta=3m38s, loss=1.8920, sps=41.3]
BC[stage1_datasets_L40_stepsweep/bc_shift4_scale_0p8_1p2_steps20000_tr1]:  55%|█████▌    | 11066/20000 [04:27<03:55, 37.95it/s, acc=0.337, device=mps, eta=3m38s, loss=1.8920, sps=41.3]
BC[stage1_datasets_L40_stepsweep/bc_shift4_scale_0p8_1p2_steps20000_tr1]:  55%|█████▌    | 11074/20000 [04:27<03:19, 44.83it/s, acc=0.337, device=mps, eta=3m38s, loss=1.8920, sps=41.3]
BC[stage1_datasets_L40_stepsweep/bc_shift4_scale_0p8_1p2_steps20000_tr1]:  55%|█████▌    | 11081/20000 [04:28<04:08, 35.82it/s, acc=0.337, device=mps, eta=3m38s, loss=1.8920, sps=41.3]
BC[stage1_datasets_L40_stepsweep/bc_shift4_scale_0p8_1p2_steps20000_tr1]:  55%|█████▌    | 11089/20000 [04:28<03:27, 42.98it/s, acc=0.337, device=mps, eta=3m38s, loss=1.8920, sps=41.3]
BC[stage1_datasets_L40_stepsweep/bc_shift4_scale_0p8_1p2_steps20000_tr1]:  55%|█████▌    | 11097/20000 [04:28<02:59, 49.70it/s, acc=0.337, device=mps, eta=3m38s, loss=1.8920, sps=41.3]
BC[stage1_datasets_L40_stepsweep/bc_shift4_scale_0p8_1p2_steps20000_tr1]:  56%|█████▌    | 11104/20000 [04:28<03:53, 38.17it/s, acc=0.337, device=mps, eta=3m38s, loss=1.8920, sps=41.3]
BC[stage1_datasets_L40_stepsweep/bc_shift4_scale_0p8_1p2_steps20000_tr1]:  56%|█████▌    | 11112/20000 [04:28<03:16, 45.14it/s, acc=0.337, device=mps, eta=3m38s, loss=1.8920, sps=41.3]
BC[stage1_datasets_L40_stepsweep/bc_shift4_scale_0p8_1p2_steps20000_tr1]:  56%|█████▌    | 11120/20000 [04:28<02:51, 51.90it/s, acc=0.337, device=mps, eta=3m38s, loss=1.8920, sps=41.3]
BC[stage1_datasets_L40_stepsweep/bc_shift4_scale_0p8_1p2_steps20000_tr1]:  56%|█████▌    | 11127/20000 [04:29<03:47, 38.96it/s, acc=0.337, device=mps, eta=3m38s, loss=1.8920, sps=41.3]
BC[stage1_datasets_L40_stepsweep/bc_shift4_scale_0p8_1p2_steps20000_tr1]:  56%|█████▌    | 11135/20000 [04:29<03:13, 45.76it/s, acc=0.337, device=mps, eta=3m38s, loss=1.8920, sps=41.3]
BC[stage1_datasets_L40_stepsweep/bc_shift4_scale_0p8_1p2_steps20000_tr1]:  56%|█████▌    | 11141/20000 [04:29<04:09, 35.54it/s, acc=0.337, device=mps, eta=3m38s, loss=1.8920, sps=41.3]
BC[stage1_datasets_L40_stepsweep/bc_shift4_scale_0p8_1p2_steps20000_tr1]:  56%|█████▌    | 11149/20000 [04:29<03:25, 42.98it/s, acc=0.337, device=mps, eta=3m38s, loss=1.8920, sps=41.3]
BC[stage1_datasets_L40_stepsweep/bc_shift4_scale_0p8_1p2_steps20000_tr1]:  56%|█████▌    | 11157/20000 [04:29<02:58, 49.56it/s, acc=0.337, device=mps, eta=3m38s, loss=1.8920, sps=41.3]
BC[stage1_datasets_L40_stepsweep/bc_shift4_scale_0p8_1p2_steps20000_tr1]:  56%|█████▌    | 11164/20000 [04:30<03:52, 37.96it/s, acc=0.337, device=mps, eta=3m38s, loss=1.8920, sps=41.3]
BC[stage1_datasets_L40_stepsweep/bc_shift4_scale_0p8_1p2_steps20000_tr1]:  56%|█████▌    | 11172/20000 [04:30<03:16, 44.98it/s, acc=0.337, device=mps, eta=3m38s, loss=1.8920, sps=41.3]
BC[stage1_datasets_L40_stepsweep/bc_shift4_scale_0p8_1p2_steps20000_tr1]:  56%|█████▌    | 11180/20000 [04:30<02:49, 51.98it/s, acc=0.337, device=mps, eta=3m38s, loss=1.8920, sps=41.3]
BC[stage1_datasets_L40_stepsweep/bc_shift4_scale_0p8_1p2_steps20000_tr1]:  56%|█████▌    | 11187/20000 [04:30<03:46, 39.00it/s, acc=0.337, device=mps, eta=3m38s, loss=1.8920, sps=41.3]
BC[stage1_datasets_L40_stepsweep/bc_shift4_scale_0p8_1p2_steps20000_tr1]:  56%|█████▌    | 11195/20000 [04:30<03:12, 45.84it/s, acc=0.337, device=mps, eta=3m38s, loss=1.8920, sps=41.3]
BC[stage1_datasets_L40_stepsweep/bc_shift4_scale_0p8_1p2_steps20000_tr1]:  56%|█████▌    | 11195/20000 [04:30<03:12, 45.84it/s, acc=0.333, device=mps, eta=3m33s, loss=1.8974, sps=41.4]
BC[stage1_datasets_L40_stepsweep/bc_shift4_scale_0p8_1p2_steps20000_tr1]:  56%|█████▌    | 11201/20000 [04:30<04:08, 35.47it/s, acc=0.333, device=mps, eta=3m33s, loss=1.8974, sps=41.4]
BC[stage1_datasets_L40_stepsweep/bc_shift4_scale_0p8_1p2_steps20000_tr1]:  56%|█████▌    | 11207/20000 [04:31<03:41, 39.74it/s, acc=0.333, device=mps, eta=3m33s, loss=1.8974, sps=41.4]
BC[stage1_datasets_L40_stepsweep/bc_shift4_scale_0p8_1p2_steps20000_tr1]:  56%|█████▌    | 11213/20000 [04:31<03:20, 43.76it/s, acc=0.333, device=mps, eta=3m33s, loss=1.8974, sps=41.4]
BC[stage1_datasets_L40_stepsweep/bc_shift4_scale_0p8_1p2_steps20000_tr1]:  56%|█████▌    | 11221/20000 [04:31<04:11, 34.91it/s, acc=0.333, device=mps, eta=3m33s, loss=1.8974, sps=41.4]
BC[stage1_datasets_L40_stepsweep/bc_shift4_scale_0p8_1p2_steps20000_tr1]:  56%|█████▌    | 11229/20000 [04:31<03:26, 42.38it/s, acc=0.333, device=mps, eta=3m33s, loss=1.8974, sps=41.4]
BC[stage1_datasets_L40_stepsweep/bc_shift4_scale_0p8_1p2_steps20000_tr1]:  56%|█████▌    | 11237/20000 [04:31<02:59, 48.95it/s, acc=0.333, device=mps, eta=3m33s, loss=1.8974, sps=41.4]
BC[stage1_datasets_L40_stepsweep/bc_shift4_scale_0p8_1p2_steps20000_tr1]:  56%|█████▌    | 11243/20000 [04:31<03:56, 36.96it/s, acc=0.333, device=mps, eta=3m33s, loss=1.8974, sps=41.4]
BC[stage1_datasets_L40_stepsweep/bc_shift4_scale_0p8_1p2_steps20000_tr1]:  56%|█████▋    | 11251/20000 [04:32<03:17, 44.20it/s, acc=0.333, device=mps, eta=3m33s, loss=1.8974, sps=41.4]
BC[stage1_datasets_L40_stepsweep/bc_shift4_scale_0p8_1p2_steps20000_tr1]:  56%|█████▋    | 11259/20000 [04:32<02:52, 50.57it/s, acc=0.333, device=mps, eta=3m33s, loss=1.8974, sps=41.4]
BC[stage1_datasets_L40_stepsweep/bc_shift4_scale_0p8_1p2_steps20000_tr1]:  56%|█████▋    | 11266/20000 [04:32<03:42, 39.26it/s, acc=0.333, device=mps, eta=3m33s, loss=1.8974, sps=41.4]
BC[stage1_datasets_L40_stepsweep/bc_shift4_scale_0p8_1p2_steps20000_tr1]:  56%|█████▋    | 11274/20000 [04:32<03:09, 46.14it/s, acc=0.333, device=mps, eta=3m33s, loss=1.8974, sps=41.4]
BC[stage1_datasets_L40_stepsweep/bc_shift4_scale_0p8_1p2_steps20000_tr1]:  56%|█████▋    | 11281/20000 [04:32<04:00, 36.22it/s, acc=0.333, device=mps, eta=3m33s, loss=1.8974, sps=41.4]
BC[stage1_datasets_L40_stepsweep/bc_shift4_scale_0p8_1p2_steps20000_tr1]:  56%|█████▋    | 11287/20000 [04:32<03:36, 40.25it/s, acc=0.333, device=mps, eta=3m33s, loss=1.8974, sps=41.4]
BC[stage1_datasets_L40_stepsweep/bc_shift4_scale_0p8_1p2_steps20000_tr1]:  56%|█████▋    | 11293/20000 [04:33<03:17, 43.98it/s, acc=0.333, device=mps, eta=3m33s, loss=1.8974, sps=41.4]
BC[stage1_datasets_L40_stepsweep/bc_shift4_scale_0p8_1p2_steps20000_tr1]:  57%|█████▋    | 11301/20000 [04:33<04:07, 35.14it/s, acc=0.333, device=mps, eta=3m33s, loss=1.8974, sps=41.4]
BC[stage1_datasets_L40_stepsweep/bc_shift4_scale_0p8_1p2_steps20000_tr1]:  57%|█████▋    | 11309/20000 [04:33<03:24, 42.54it/s, acc=0.333, device=mps, eta=3m33s, loss=1.8974, sps=41.4]
BC[stage1_datasets_L40_stepsweep/bc_shift4_scale_0p8_1p2_steps20000_tr1]:  57%|█████▋    | 11317/20000 [04:33<02:56, 49.10it/s, acc=0.333, device=mps, eta=3m33s, loss=1.8974, sps=41.4]
BC[stage1_datasets_L40_stepsweep/bc_shift4_scale_0p8_1p2_steps20000_tr1]:  57%|█████▋    | 11323/20000 [04:33<03:50, 37.59it/s, acc=0.333, device=mps, eta=3m33s, loss=1.8974, sps=41.4]
BC[stage1_datasets_L40_stepsweep/bc_shift4_scale_0p8_1p2_steps20000_tr1]:  57%|█████▋    | 11331/20000 [04:34<03:13, 44.89it/s, acc=0.333, device=mps, eta=3m33s, loss=1.8974, sps=41.4]
BC[stage1_datasets_L40_stepsweep/bc_shift4_scale_0p8_1p2_steps20000_tr1]:  57%|█████▋    | 11339/20000 [04:34<02:48, 51.35it/s, acc=0.333, device=mps, eta=3m33s, loss=1.8974, sps=41.4]
BC[stage1_datasets_L40_stepsweep/bc_shift4_scale_0p8_1p2_steps20000_tr1]:  57%|█████▋    | 11346/20000 [04:34<03:49, 37.64it/s, acc=0.333, device=mps, eta=3m33s, loss=1.8974, sps=41.4]
BC[stage1_datasets_L40_stepsweep/bc_shift4_scale_0p8_1p2_steps20000_tr1]:  57%|█████▋    | 11352/20000 [04:34<03:37, 39.68it/s, acc=0.333, device=mps, eta=3m33s, loss=1.8974, sps=41.4]
BC[stage1_datasets_L40_stepsweep/bc_shift4_scale_0p8_1p2_steps20000_tr1]:  57%|█████▋    | 11358/20000 [04:34<03:18, 43.52it/s, acc=0.333, device=mps, eta=3m33s, loss=1.8974, sps=41.4]
BC[stage1_datasets_L40_stepsweep/bc_shift4_scale_0p8_1p2_steps20000_tr1]:  57%|█████▋    | 11364/20000 [04:34<04:17, 33.60it/s, acc=0.333, device=mps, eta=3m33s, loss=1.8974, sps=41.4]
BC[stage1_datasets_L40_stepsweep/bc_shift4_scale_0p8_1p2_steps20000_tr1]:  57%|█████▋    | 11372/20000 [04:35<03:27, 41.48it/s, acc=0.333, device=mps, eta=3m33s, loss=1.8974, sps=41.4]
BC[stage1_datasets_L40_stepsweep/bc_shift4_scale_0p8_1p2_steps20000_tr1]:  57%|█████▋    | 11380/20000 [04:35<02:56, 48.85it/s, acc=0.333, device=mps, eta=3m33s, loss=1.8974, sps=41.4]
BC[stage1_datasets_L40_stepsweep/bc_shift4_scale_0p8_1p2_steps20000_tr1]:  57%|█████▋    | 11386/20000 [04:35<03:55, 36.56it/s, acc=0.333, device=mps, eta=3m33s, loss=1.8974, sps=41.4]
BC[stage1_datasets_L40_stepsweep/bc_shift4_scale_0p8_1p2_steps20000_tr1]:  57%|█████▋    | 11394/20000 [04:35<03:15, 44.02it/s, acc=0.333, device=mps, eta=3m33s, loss=1.8974, sps=41.4]
BC[stage1_datasets_L40_stepsweep/bc_shift4_scale_0p8_1p2_steps20000_tr1]:  57%|█████▋    | 11394/20000 [04:35<03:15, 44.02it/s, acc=0.343, device=mps, eta=3m28s, loss=1.8733, sps=41.4]
BC[stage1_datasets_L40_stepsweep/bc_shift4_scale_0p8_1p2_steps20000_tr1]:  57%|█████▋    | 11401/20000 [04:35<04:04, 35.22it/s, acc=0.343, device=mps, eta=3m28s, loss=1.8733, sps=41.4]
BC[stage1_datasets_L40_stepsweep/bc_shift4_scale_0p8_1p2_steps20000_tr1]:  57%|█████▋    | 11409/20000 [04:35<03:22, 42.45it/s, acc=0.343, device=mps, eta=3m28s, loss=1.8733, sps=41.4]
BC[stage1_datasets_L40_stepsweep/bc_shift4_scale_0p8_1p2_steps20000_tr1]:  57%|█████▋    | 11417/20000 [04:36<02:56, 48.50it/s, acc=0.343, device=mps, eta=3m28s, loss=1.8733, sps=41.4]
BC[stage1_datasets_L40_stepsweep/bc_shift4_scale_0p8_1p2_steps20000_tr1]:  57%|█████▋    | 11423/20000 [04:36<03:54, 36.51it/s, acc=0.343, device=mps, eta=3m28s, loss=1.8733, sps=41.4]
BC[stage1_datasets_L40_stepsweep/bc_shift4_scale_0p8_1p2_steps20000_tr1]:  57%|█████▋    | 11431/20000 [04:36<03:15, 43.90it/s, acc=0.343, device=mps, eta=3m28s, loss=1.8733, sps=41.4]
BC[stage1_datasets_L40_stepsweep/bc_shift4_scale_0p8_1p2_steps20000_tr1]:  57%|█████▋    | 11439/20000 [04:36<02:49, 50.51it/s, acc=0.343, device=mps, eta=3m28s, loss=1.8733, sps=41.4]
BC[stage1_datasets_L40_stepsweep/bc_shift4_scale_0p8_1p2_steps20000_tr1]:  57%|█████▋    | 11446/20000 [04:36<03:42, 38.42it/s, acc=0.343, device=mps, eta=3m28s, loss=1.8733, sps=41.4]
BC[stage1_datasets_L40_stepsweep/bc_shift4_scale_0p8_1p2_steps20000_tr1]:  57%|█████▋    | 11454/20000 [04:36<03:08, 45.43it/s, acc=0.343, device=mps, eta=3m28s, loss=1.8733, sps=41.4]
BC[stage1_datasets_L40_stepsweep/bc_shift4_scale_0p8_1p2_steps20000_tr1]:  57%|█████▋    | 11461/20000 [04:37<03:57, 36.03it/s, acc=0.343, device=mps, eta=3m28s, loss=1.8733, sps=41.4]
BC[stage1_datasets_L40_stepsweep/bc_shift4_scale_0p8_1p2_steps20000_tr1]:  57%|█████▋    | 11469/20000 [04:37<03:17, 43.12it/s, acc=0.343, device=mps, eta=3m28s, loss=1.8733, sps=41.4]
BC[stage1_datasets_L40_stepsweep/bc_shift4_scale_0p8_1p2_steps20000_tr1]:  57%|█████▋    | 11477/20000 [04:37<02:51, 49.68it/s, acc=0.343, device=mps, eta=3m28s, loss=1.8733, sps=41.4]
BC[stage1_datasets_L40_stepsweep/bc_shift4_scale_0p8_1p2_steps20000_tr1]:  57%|█████▋    | 11484/20000 [04:37<03:43, 38.12it/s, acc=0.343, device=mps, eta=3m28s, loss=1.8733, sps=41.4]
BC[stage1_datasets_L40_stepsweep/bc_shift4_scale_0p8_1p2_steps20000_tr1]:  57%|█████▋    | 11492/20000 [04:37<03:08, 45.09it/s, acc=0.343, device=mps, eta=3m28s, loss=1.8733, sps=41.4]
BC[stage1_datasets_L40_stepsweep/bc_shift4_scale_0p8_1p2_steps20000_tr1]:  57%|█████▊    | 11500/20000 [04:37<02:43, 51.83it/s, acc=0.343, device=mps, eta=3m28s, loss=1.8733, sps=41.4]
BC[stage1_datasets_L40_stepsweep/bc_shift4_scale_0p8_1p2_steps20000_tr1]:  58%|█████▊    | 11507/20000 [04:38<03:37, 38.96it/s, acc=0.343, device=mps, eta=3m28s, loss=1.8733, sps=41.4]
BC[stage1_datasets_L40_stepsweep/bc_shift4_scale_0p8_1p2_steps20000_tr1]:  58%|█████▊    | 11515/20000 [04:38<03:05, 45.67it/s, acc=0.343, device=mps, eta=3m28s, loss=1.8733, sps=41.4]
BC[stage1_datasets_L40_stepsweep/bc_shift4_scale_0p8_1p2_steps20000_tr1]:  58%|█████▊    | 11521/20000 [04:38<03:58, 35.52it/s, acc=0.343, device=mps, eta=3m28s, loss=1.8733, sps=41.4]
BC[stage1_datasets_L40_stepsweep/bc_shift4_scale_0p8_1p2_steps20000_tr1]:  58%|█████▊    | 11529/20000 [04:38<03:17, 42.79it/s, acc=0.343, device=mps, eta=3m28s, loss=1.8733, sps=41.4]
BC[stage1_datasets_L40_stepsweep/bc_shift4_scale_0p8_1p2_steps20000_tr1]:  58%|█████▊    | 11537/20000 [04:38<02:51, 49.31it/s, acc=0.343, device=mps, eta=3m28s, loss=1.8733, sps=41.4]
BC[stage1_datasets_L40_stepsweep/bc_shift4_scale_0p8_1p2_steps20000_tr1]:  58%|█████▊    | 11544/20000 [04:39<03:42, 37.98it/s, acc=0.343, device=mps, eta=3m28s, loss=1.8733, sps=41.4]
BC[stage1_datasets_L40_stepsweep/bc_shift4_scale_0p8_1p2_steps20000_tr1]:  58%|█████▊    | 11552/20000 [04:39<03:07, 44.99it/s, acc=0.343, device=mps, eta=3m28s, loss=1.8733, sps=41.4]
BC[stage1_datasets_L40_stepsweep/bc_shift4_scale_0p8_1p2_steps20000_tr1]:  58%|█████▊    | 11560/20000 [04:39<02:43, 51.66it/s, acc=0.343, device=mps, eta=3m28s, loss=1.8733, sps=41.4]
BC[stage1_datasets_L40_stepsweep/bc_shift4_scale_0p8_1p2_steps20000_tr1]:  58%|█████▊    | 11567/20000 [04:39<03:36, 38.92it/s, acc=0.343, device=mps, eta=3m28s, loss=1.8733, sps=41.4]
BC[stage1_datasets_L40_stepsweep/bc_shift4_scale_0p8_1p2_steps20000_tr1]:  58%|█████▊    | 11575/20000 [04:39<03:03, 45.80it/s, acc=0.343, device=mps, eta=3m28s, loss=1.8733, sps=41.4]
BC[stage1_datasets_L40_stepsweep/bc_shift4_scale_0p8_1p2_steps20000_tr1]:  58%|█████▊    | 11581/20000 [04:40<03:56, 35.61it/s, acc=0.343, device=mps, eta=3m28s, loss=1.8733, sps=41.4]
BC[stage1_datasets_L40_stepsweep/bc_shift4_scale_0p8_1p2_steps20000_tr1]:  58%|█████▊    | 11589/20000 [04:40<03:16, 42.87it/s, acc=0.343, device=mps, eta=3m28s, loss=1.8733, sps=41.4]
BC[stage1_datasets_L40_stepsweep/bc_shift4_scale_0p8_1p2_steps20000_tr1]:  58%|█████▊    | 11597/20000 [04:40<02:50, 49.40it/s, acc=0.343, device=mps, eta=3m28s, loss=1.8733, sps=41.4]
BC[stage1_datasets_L40_stepsweep/bc_shift4_scale_0p8_1p2_steps20000_tr1]:  58%|█████▊    | 11597/20000 [04:40<02:50, 49.40it/s, acc=0.339, device=mps, eta=3m23s, loss=1.8908, sps=41.4]
BC[stage1_datasets_L40_stepsweep/bc_shift4_scale_0p8_1p2_steps20000_tr1]:  58%|█████▊    | 11604/20000 [04:40<03:40, 38.02it/s, acc=0.339, device=mps, eta=3m23s, loss=1.8908, sps=41.4]
BC[stage1_datasets_L40_stepsweep/bc_shift4_scale_0p8_1p2_steps20000_tr1]:  58%|█████▊    | 11612/20000 [04:40<03:06, 45.03it/s, acc=0.339, device=mps, eta=3m23s, loss=1.8908, sps=41.4]
BC[stage1_datasets_L40_stepsweep/bc_shift4_scale_0p8_1p2_steps20000_tr1]:  58%|█████▊    | 11620/20000 [04:40<02:41, 51.80it/s, acc=0.339, device=mps, eta=3m23s, loss=1.8908, sps=41.4]
BC[stage1_datasets_L40_stepsweep/bc_shift4_scale_0p8_1p2_steps20000_tr1]:  58%|█████▊    | 11627/20000 [04:41<03:35, 38.91it/s, acc=0.339, device=mps, eta=3m23s, loss=1.8908, sps=41.4]
BC[stage1_datasets_L40_stepsweep/bc_shift4_scale_0p8_1p2_steps20000_tr1]:  58%|█████▊    | 11635/20000 [04:41<03:02, 45.74it/s, acc=0.339, device=mps, eta=3m23s, loss=1.8908, sps=41.4]
BC[stage1_datasets_L40_stepsweep/bc_shift4_scale_0p8_1p2_steps20000_tr1]:  58%|█████▊    | 11641/20000 [04:41<03:55, 35.52it/s, acc=0.339, device=mps, eta=3m23s, loss=1.8908, sps=41.4]
BC[stage1_datasets_L40_stepsweep/bc_shift4_scale_0p8_1p2_steps20000_tr1]:  58%|█████▊    | 11649/20000 [04:41<03:14, 42.86it/s, acc=0.339, device=mps, eta=3m23s, loss=1.8908, sps=41.4]
BC[stage1_datasets_L40_stepsweep/bc_shift4_scale_0p8_1p2_steps20000_tr1]:  58%|█████▊    | 11657/20000 [04:41<02:48, 49.41it/s, acc=0.339, device=mps, eta=3m23s, loss=1.8908, sps=41.4]
BC[stage1_datasets_L40_stepsweep/bc_shift4_scale_0p8_1p2_steps20000_tr1]:  58%|█████▊    | 11664/20000 [04:41<03:39, 37.98it/s, acc=0.339, device=mps, eta=3m23s, loss=1.8908, sps=41.4]
BC[stage1_datasets_L40_stepsweep/bc_shift4_scale_0p8_1p2_steps20000_tr1]:  58%|█████▊    | 11672/20000 [04:42<03:04, 45.02it/s, acc=0.339, device=mps, eta=3m23s, loss=1.8908, sps=41.4]
BC[stage1_datasets_L40_stepsweep/bc_shift4_scale_0p8_1p2_steps20000_tr1]:  58%|█████▊    | 11680/20000 [04:42<02:40, 51.71it/s, acc=0.339, device=mps, eta=3m23s, loss=1.8908, sps=41.4]
BC[stage1_datasets_L40_stepsweep/bc_shift4_scale_0p8_1p2_steps20000_tr1]:  58%|█████▊    | 11687/20000 [04:42<03:33, 38.91it/s, acc=0.339, device=mps, eta=3m23s, loss=1.8908, sps=41.4]
BC[stage1_datasets_L40_stepsweep/bc_shift4_scale_0p8_1p2_steps20000_tr1]:  58%|█████▊    | 11695/20000 [04:42<03:01, 45.69it/s, acc=0.339, device=mps, eta=3m23s, loss=1.8908, sps=41.4]
BC[stage1_datasets_L40_stepsweep/bc_shift4_scale_0p8_1p2_steps20000_tr1]:  59%|█████▊    | 11701/20000 [04:42<03:53, 35.54it/s, acc=0.339, device=mps, eta=3m23s, loss=1.8908, sps=41.4]
BC[stage1_datasets_L40_stepsweep/bc_shift4_scale_0p8_1p2_steps20000_tr1]:  59%|█████▊    | 11709/20000 [04:42<03:13, 42.94it/s, acc=0.339, device=mps, eta=3m23s, loss=1.8908, sps=41.4]
BC[stage1_datasets_L40_stepsweep/bc_shift4_scale_0p8_1p2_steps20000_tr1]:  59%|█████▊    | 11717/20000 [04:43<02:46, 49.60it/s, acc=0.339, device=mps, eta=3m23s, loss=1.8908, sps=41.4]
BC[stage1_datasets_L40_stepsweep/bc_shift4_scale_0p8_1p2_steps20000_tr1]:  59%|█████▊    | 11724/20000 [04:43<03:37, 38.01it/s, acc=0.339, device=mps, eta=3m23s, loss=1.8908, sps=41.4]
BC[stage1_datasets_L40_stepsweep/bc_shift4_scale_0p8_1p2_steps20000_tr1]:  59%|█████▊    | 11732/20000 [04:43<03:03, 45.05it/s, acc=0.339, device=mps, eta=3m23s, loss=1.8908, sps=41.4]
BC[stage1_datasets_L40_stepsweep/bc_shift4_scale_0p8_1p2_steps20000_tr1]:  59%|█████▊    | 11741/20000 [04:43<03:40, 37.48it/s, acc=0.339, device=mps, eta=3m23s, loss=1.8908, sps=41.4]
BC[stage1_datasets_L40_stepsweep/bc_shift4_scale_0p8_1p2_steps20000_tr1]:  59%|█████▊    | 11749/20000 [04:43<03:06, 44.17it/s, acc=0.339, device=mps, eta=3m23s, loss=1.8908, sps=41.4]
BC[stage1_datasets_L40_stepsweep/bc_shift4_scale_0p8_1p2_steps20000_tr1]:  59%|█████▉    | 11757/20000 [04:43<02:43, 50.33it/s, acc=0.339, device=mps, eta=3m23s, loss=1.8908, sps=41.4]
BC[stage1_datasets_L40_stepsweep/bc_shift4_scale_0p8_1p2_steps20000_tr1]:  59%|█████▉    | 11764/20000 [04:44<03:33, 38.56it/s, acc=0.339, device=mps, eta=3m23s, loss=1.8908, sps=41.4]
BC[stage1_datasets_L40_stepsweep/bc_shift4_scale_0p8_1p2_steps20000_tr1]:  59%|█████▉    | 11772/20000 [04:44<03:00, 45.50it/s, acc=0.339, device=mps, eta=3m23s, loss=1.8908, sps=41.4]
BC[stage1_datasets_L40_stepsweep/bc_shift4_scale_0p8_1p2_steps20000_tr1]:  59%|█████▉    | 11781/20000 [04:44<03:36, 37.90it/s, acc=0.339, device=mps, eta=3m23s, loss=1.8908, sps=41.4]
BC[stage1_datasets_L40_stepsweep/bc_shift4_scale_0p8_1p2_steps20000_tr1]:  59%|█████▉    | 11789/20000 [04:44<03:06, 43.95it/s, acc=0.339, device=mps, eta=3m23s, loss=1.8908, sps=41.4]
BC[stage1_datasets_L40_stepsweep/bc_shift4_scale_0p8_1p2_steps20000_tr1]:  59%|█████▉    | 11795/20000 [04:44<03:03, 44.67it/s, acc=0.339, device=mps, eta=3m23s, loss=1.8908, sps=41.4]
BC[stage1_datasets_L40_stepsweep/bc_shift4_scale_0p8_1p2_steps20000_tr1]:  59%|█████▉    | 11795/20000 [04:45<03:03, 44.67it/s, acc=0.348, device=mps, eta=3m18s, loss=1.8572, sps=41.4]
BC[stage1_datasets_L40_stepsweep/bc_shift4_scale_0p8_1p2_steps20000_tr1]:  59%|█████▉    | 11801/20000 [04:45<04:01, 33.96it/s, acc=0.348, device=mps, eta=3m18s, loss=1.8572, sps=41.4]
BC[stage1_datasets_L40_stepsweep/bc_shift4_scale_0p8_1p2_steps20000_tr1]:  59%|█████▉    | 11809/20000 [04:45<03:17, 41.41it/s, acc=0.348, device=mps, eta=3m18s, loss=1.8572, sps=41.4]
BC[stage1_datasets_L40_stepsweep/bc_shift4_scale_0p8_1p2_steps20000_tr1]:  59%|█████▉    | 11817/20000 [04:45<02:49, 48.36it/s, acc=0.348, device=mps, eta=3m18s, loss=1.8572, sps=41.4]
BC[stage1_datasets_L40_stepsweep/bc_shift4_scale_0p8_1p2_steps20000_tr1]:  59%|█████▉    | 11823/20000 [04:45<03:42, 36.67it/s, acc=0.348, device=mps, eta=3m18s, loss=1.8572, sps=41.4]
BC[stage1_datasets_L40_stepsweep/bc_shift4_scale_0p8_1p2_steps20000_tr1]:  59%|█████▉    | 11831/20000 [04:45<03:05, 44.00it/s, acc=0.348, device=mps, eta=3m18s, loss=1.8572, sps=41.4]
BC[stage1_datasets_L40_stepsweep/bc_shift4_scale_0p8_1p2_steps20000_tr1]:  59%|█████▉    | 11839/20000 [04:45<02:41, 50.42it/s, acc=0.348, device=mps, eta=3m18s, loss=1.8572, sps=41.4]
BC[stage1_datasets_L40_stepsweep/bc_shift4_scale_0p8_1p2_steps20000_tr1]:  59%|█████▉    | 11846/20000 [04:46<03:31, 38.54it/s, acc=0.348, device=mps, eta=3m18s, loss=1.8572, sps=41.4]
BC[stage1_datasets_L40_stepsweep/bc_shift4_scale_0p8_1p2_steps20000_tr1]:  59%|█████▉    | 11854/20000 [04:46<02:58, 45.53it/s, acc=0.348, device=mps, eta=3m18s, loss=1.8572, sps=41.4]
BC[stage1_datasets_L40_stepsweep/bc_shift4_scale_0p8_1p2_steps20000_tr1]:  59%|█████▉    | 11861/20000 [04:46<03:44, 36.20it/s, acc=0.348, device=mps, eta=3m18s, loss=1.8572, sps=41.4]
BC[stage1_datasets_L40_stepsweep/bc_shift4_scale_0p8_1p2_steps20000_tr1]:  59%|█████▉    | 11869/20000 [04:46<03:06, 43.57it/s, acc=0.348, device=mps, eta=3m18s, loss=1.8572, sps=41.4]
BC[stage1_datasets_L40_stepsweep/bc_shift4_scale_0p8_1p2_steps20000_tr1]:  59%|█████▉    | 11877/20000 [04:46<02:42, 50.12it/s, acc=0.348, device=mps, eta=3m18s, loss=1.8572, sps=41.4]
BC[stage1_datasets_L40_stepsweep/bc_shift4_scale_0p8_1p2_steps20000_tr1]:  59%|█████▉    | 11884/20000 [04:47<03:32, 38.19it/s, acc=0.348, device=mps, eta=3m18s, loss=1.8572, sps=41.4]
BC[stage1_datasets_L40_stepsweep/bc_shift4_scale_0p8_1p2_steps20000_tr1]:  59%|█████▉    | 11892/20000 [04:47<02:59, 45.14it/s, acc=0.348, device=mps, eta=3m18s, loss=1.8572, sps=41.4]
BC[stage1_datasets_L40_stepsweep/bc_shift4_scale_0p8_1p2_steps20000_tr1]:  60%|█████▉    | 11900/20000 [04:47<02:36, 51.68it/s, acc=0.348, device=mps, eta=3m18s, loss=1.8572, sps=41.4]
BC[stage1_datasets_L40_stepsweep/bc_shift4_scale_0p8_1p2_steps20000_tr1]:  60%|█████▉    | 11907/20000 [04:47<03:28, 38.90it/s, acc=0.348, device=mps, eta=3m18s, loss=1.8572, sps=41.4]
BC[stage1_datasets_L40_stepsweep/bc_shift4_scale_0p8_1p2_steps20000_tr1]:  60%|█████▉    | 11915/20000 [04:47<02:56, 45.68it/s, acc=0.348, device=mps, eta=3m18s, loss=1.8572, sps=41.4]
BC[stage1_datasets_L40_stepsweep/bc_shift4_scale_0p8_1p2_steps20000_tr1]:  60%|█████▉    | 11921/20000 [04:48<03:47, 35.51it/s, acc=0.348, device=mps, eta=3m18s, loss=1.8572, sps=41.4]
BC[stage1_datasets_L40_stepsweep/bc_shift4_scale_0p8_1p2_steps20000_tr1]:  60%|█████▉    | 11929/20000 [04:48<03:08, 42.86it/s, acc=0.348, device=mps, eta=3m18s, loss=1.8572, sps=41.4]
BC[stage1_datasets_L40_stepsweep/bc_shift4_scale_0p8_1p2_steps20000_tr1]:  60%|█████▉    | 11937/20000 [04:48<02:42, 49.58it/s, acc=0.348, device=mps, eta=3m18s, loss=1.8572, sps=41.4]
BC[stage1_datasets_L40_stepsweep/bc_shift4_scale_0p8_1p2_steps20000_tr1]:  60%|█████▉    | 11944/20000 [04:48<03:31, 38.07it/s, acc=0.348, device=mps, eta=3m18s, loss=1.8572, sps=41.4]
BC[stage1_datasets_L40_stepsweep/bc_shift4_scale_0p8_1p2_steps20000_tr1]:  60%|█████▉    | 11952/20000 [04:48<02:58, 45.02it/s, acc=0.348, device=mps, eta=3m18s, loss=1.8572, sps=41.4]
BC[stage1_datasets_L40_stepsweep/bc_shift4_scale_0p8_1p2_steps20000_tr1]:  60%|█████▉    | 11960/20000 [04:48<02:36, 51.41it/s, acc=0.348, device=mps, eta=3m18s, loss=1.8572, sps=41.4]
BC[stage1_datasets_L40_stepsweep/bc_shift4_scale_0p8_1p2_steps20000_tr1]:  60%|█████▉    | 11967/20000 [04:49<03:36, 37.13it/s, acc=0.348, device=mps, eta=3m18s, loss=1.8572, sps=41.4]
BC[stage1_datasets_L40_stepsweep/bc_shift4_scale_0p8_1p2_steps20000_tr1]:  60%|█████▉    | 11973/20000 [04:49<03:18, 40.52it/s, acc=0.348, device=mps, eta=3m18s, loss=1.8572, sps=41.4]
BC[stage1_datasets_L40_stepsweep/bc_shift4_scale_0p8_1p2_steps20000_tr1]:  60%|█████▉    | 11979/20000 [04:49<03:01, 44.28it/s, acc=0.348, device=mps, eta=3m18s, loss=1.8572, sps=41.4]
BC[stage1_datasets_L40_stepsweep/bc_shift4_scale_0p8_1p2_steps20000_tr1]:  60%|█████▉    | 11985/20000 [04:49<04:03, 32.89it/s, acc=0.348, device=mps, eta=3m18s, loss=1.8572, sps=41.4]
BC[stage1_datasets_L40_stepsweep/bc_shift4_scale_0p8_1p2_steps20000_tr1]:  60%|█████▉    | 11990/20000 [04:49<03:43, 35.79it/s, acc=0.348, device=mps, eta=3m18s, loss=1.8572, sps=41.4]
BC[stage1_datasets_L40_stepsweep/bc_shift4_scale_0p8_1p2_steps20000_tr1]:  60%|█████▉    | 11996/20000 [04:49<03:20, 39.93it/s, acc=0.348, device=mps, eta=3m18s, loss=1.8572, sps=41.4]
BC[stage1_datasets_L40_stepsweep/bc_shift4_scale_0p8_1p2_steps20000_tr1]:  60%|█████▉    | 11996/20000 [04:49<03:20, 39.93it/s, acc=0.337, device=mps, eta=3m13s, loss=1.8887, sps=41.4]
BC[stage1_datasets_L40_stepsweep/bc_shift4_scale_0p8_1p2_steps20000_tr1]:  60%|██████    | 12001/20000 [04:50<04:26, 30.05it/s, acc=0.337, device=mps, eta=3m13s, loss=1.8887, sps=41.4]
BC[stage1_datasets_L40_stepsweep/bc_shift4_scale_0p8_1p2_steps20000_tr1]:  60%|██████    | 12009/20000 [04:50<03:26, 38.77it/s, acc=0.337, device=mps, eta=3m13s, loss=1.8887, sps=41.4]
BC[stage1_datasets_L40_stepsweep/bc_shift4_scale_0p8_1p2_steps20000_tr1]:  60%|██████    | 12017/20000 [04:50<02:50, 46.83it/s, acc=0.337, device=mps, eta=3m13s, loss=1.8887, sps=41.4]
BC[stage1_datasets_L40_stepsweep/bc_shift4_scale_0p8_1p2_steps20000_tr1]:  60%|██████    | 12023/20000 [04:50<03:45, 35.42it/s, acc=0.337, device=mps, eta=3m13s, loss=1.8887, sps=41.4]
BC[stage1_datasets_L40_stepsweep/bc_shift4_scale_0p8_1p2_steps20000_tr1]:  60%|██████    | 12031/20000 [04:50<03:03, 43.35it/s, acc=0.337, device=mps, eta=3m13s, loss=1.8887, sps=41.4]
BC[stage1_datasets_L40_stepsweep/bc_shift4_scale_0p8_1p2_steps20000_tr1]:  60%|██████    | 12039/20000 [04:50<02:37, 50.42it/s, acc=0.337, device=mps, eta=3m13s, loss=1.8887, sps=41.4]
BC[stage1_datasets_L40_stepsweep/bc_shift4_scale_0p8_1p2_steps20000_tr1]:  60%|██████    | 12046/20000 [04:51<03:33, 37.32it/s, acc=0.337, device=mps, eta=3m13s, loss=1.8887, sps=41.4]
BC[stage1_datasets_L40_stepsweep/bc_shift4_scale_0p8_1p2_steps20000_tr1]:  60%|██████    | 12052/20000 [04:51<03:14, 40.78it/s, acc=0.337, device=mps, eta=3m13s, loss=1.8887, sps=41.4]
BC[stage1_datasets_L40_stepsweep/bc_shift4_scale_0p8_1p2_steps20000_tr1]:  60%|██████    | 12059/20000 [04:51<02:52, 45.99it/s, acc=0.337, device=mps, eta=3m13s, loss=1.8887, sps=41.4]
BC[stage1_datasets_L40_stepsweep/bc_shift4_scale_0p8_1p2_steps20000_tr1]:  60%|██████    | 12065/20000 [04:51<03:45, 35.20it/s, acc=0.337, device=mps, eta=3m13s, loss=1.8887, sps=41.4]
BC[stage1_datasets_L40_stepsweep/bc_shift4_scale_0p8_1p2_steps20000_tr1]:  60%|██████    | 12073/20000 [04:51<03:05, 42.68it/s, acc=0.337, device=mps, eta=3m13s, loss=1.8887, sps=41.4]
BC[stage1_datasets_L40_stepsweep/bc_shift4_scale_0p8_1p2_steps20000_tr1]:  60%|██████    | 12081/20000 [04:52<03:43, 35.37it/s, acc=0.337, device=mps, eta=3m13s, loss=1.8887, sps=41.4]
BC[stage1_datasets_L40_stepsweep/bc_shift4_scale_0p8_1p2_steps20000_tr1]:  60%|██████    | 12089/20000 [04:52<03:06, 42.43it/s, acc=0.337, device=mps, eta=3m13s, loss=1.8887, sps=41.4]
BC[stage1_datasets_L40_stepsweep/bc_shift4_scale_0p8_1p2_steps20000_tr1]:  60%|██████    | 12097/20000 [04:52<02:42, 48.74it/s, acc=0.337, device=mps, eta=3m13s, loss=1.8887, sps=41.4]
BC[stage1_datasets_L40_stepsweep/bc_shift4_scale_0p8_1p2_steps20000_tr1]:  61%|██████    | 12103/20000 [04:52<03:32, 37.24it/s, acc=0.337, device=mps, eta=3m13s, loss=1.8887, sps=41.4]
BC[stage1_datasets_L40_stepsweep/bc_shift4_scale_0p8_1p2_steps20000_tr1]:  61%|██████    | 12111/20000 [04:52<02:57, 44.32it/s, acc=0.337, device=mps, eta=3m13s, loss=1.8887, sps=41.4]
BC[stage1_datasets_L40_stepsweep/bc_shift4_scale_0p8_1p2_steps20000_tr1]:  61%|██████    | 12119/20000 [04:52<02:36, 50.48it/s, acc=0.337, device=mps, eta=3m13s, loss=1.8887, sps=41.4]
BC[stage1_datasets_L40_stepsweep/bc_shift4_scale_0p8_1p2_steps20000_tr1]:  61%|██████    | 12126/20000 [04:53<03:25, 38.28it/s, acc=0.337, device=mps, eta=3m13s, loss=1.8887, sps=41.4]
BC[stage1_datasets_L40_stepsweep/bc_shift4_scale_0p8_1p2_steps20000_tr1]:  61%|██████    | 12132/20000 [04:53<03:10, 41.26it/s, acc=0.337, device=mps, eta=3m13s, loss=1.8887, sps=41.4]
BC[stage1_datasets_L40_stepsweep/bc_shift4_scale_0p8_1p2_steps20000_tr1]:  61%|██████    | 12138/20000 [04:53<02:55, 44.75it/s, acc=0.337, device=mps, eta=3m13s, loss=1.8887, sps=41.4]
BC[stage1_datasets_L40_stepsweep/bc_shift4_scale_0p8_1p2_steps20000_tr1]:  61%|██████    | 12144/20000 [04:53<03:45, 34.80it/s, acc=0.337, device=mps, eta=3m13s, loss=1.8887, sps=41.4]
BC[stage1_datasets_L40_stepsweep/bc_shift4_scale_0p8_1p2_steps20000_tr1]:  61%|██████    | 12152/20000 [04:53<03:04, 42.58it/s, acc=0.337, device=mps, eta=3m13s, loss=1.8887, sps=41.4]
BC[stage1_datasets_L40_stepsweep/bc_shift4_scale_0p8_1p2_steps20000_tr1]:  61%|██████    | 12160/20000 [04:53<02:36, 50.18it/s, acc=0.337, device=mps, eta=3m13s, loss=1.8887, sps=41.4]
BC[stage1_datasets_L40_stepsweep/bc_shift4_scale_0p8_1p2_steps20000_tr1]:  61%|██████    | 12167/20000 [04:54<03:34, 36.55it/s, acc=0.337, device=mps, eta=3m13s, loss=1.8887, sps=41.4]
BC[stage1_datasets_L40_stepsweep/bc_shift4_scale_0p8_1p2_steps20000_tr1]:  61%|██████    | 12173/20000 [04:54<03:15, 39.96it/s, acc=0.337, device=mps, eta=3m13s, loss=1.8887, sps=41.4]
BC[stage1_datasets_L40_stepsweep/bc_shift4_scale_0p8_1p2_steps20000_tr1]:  61%|██████    | 12180/20000 [04:54<02:53, 45.13it/s, acc=0.337, device=mps, eta=3m13s, loss=1.8887, sps=41.4]
BC[stage1_datasets_L40_stepsweep/bc_shift4_scale_0p8_1p2_steps20000_tr1]:  61%|██████    | 12186/20000 [04:54<03:47, 34.39it/s, acc=0.337, device=mps, eta=3m13s, loss=1.8887, sps=41.4]
BC[stage1_datasets_L40_stepsweep/bc_shift4_scale_0p8_1p2_steps20000_tr1]:  61%|██████    | 12194/20000 [04:54<03:05, 42.07it/s, acc=0.337, device=mps, eta=3m13s, loss=1.8887, sps=41.4]
BC[stage1_datasets_L40_stepsweep/bc_shift4_scale_0p8_1p2_steps20000_tr1]:  61%|██████    | 12194/20000 [04:54<03:05, 42.07it/s, acc=0.349, device=mps, eta=3m08s, loss=1.8506, sps=41.4]
BC[stage1_datasets_L40_stepsweep/bc_shift4_scale_0p8_1p2_steps20000_tr1]:  61%|██████    | 12201/20000 [04:54<03:47, 34.21it/s, acc=0.349, device=mps, eta=3m08s, loss=1.8506, sps=41.4]
BC[stage1_datasets_L40_stepsweep/bc_shift4_scale_0p8_1p2_steps20000_tr1]:  61%|██████    | 12209/20000 [04:55<03:06, 41.78it/s, acc=0.349, device=mps, eta=3m08s, loss=1.8506, sps=41.4]
BC[stage1_datasets_L40_stepsweep/bc_shift4_scale_0p8_1p2_steps20000_tr1]:  61%|██████    | 12217/20000 [04:55<02:39, 48.67it/s, acc=0.349, device=mps, eta=3m08s, loss=1.8506, sps=41.4]
BC[stage1_datasets_L40_stepsweep/bc_shift4_scale_0p8_1p2_steps20000_tr1]:  61%|██████    | 12224/20000 [04:55<03:27, 37.55it/s, acc=0.349, device=mps, eta=3m08s, loss=1.8506, sps=41.4]
BC[stage1_datasets_L40_stepsweep/bc_shift4_scale_0p8_1p2_steps20000_tr1]:  61%|██████    | 12232/20000 [04:55<02:54, 44.63it/s, acc=0.349, device=mps, eta=3m08s, loss=1.8506, sps=41.4]
BC[stage1_datasets_L40_stepsweep/bc_shift4_scale_0p8_1p2_steps20000_tr1]:  61%|██████    | 12240/20000 [04:55<02:30, 51.72it/s, acc=0.349, device=mps, eta=3m08s, loss=1.8506, sps=41.4]
BC[stage1_datasets_L40_stepsweep/bc_shift4_scale_0p8_1p2_steps20000_tr1]:  61%|██████    | 12247/20000 [04:55<03:20, 38.74it/s, acc=0.349, device=mps, eta=3m08s, loss=1.8506, sps=41.4]
BC[stage1_datasets_L40_stepsweep/bc_shift4_scale_0p8_1p2_steps20000_tr1]:  61%|██████▏   | 12255/20000 [04:56<02:49, 45.62it/s, acc=0.349, device=mps, eta=3m08s, loss=1.8506, sps=41.4]
BC[stage1_datasets_L40_stepsweep/bc_shift4_scale_0p8_1p2_steps20000_tr1]:  61%|██████▏   | 12261/20000 [04:56<03:38, 35.41it/s, acc=0.349, device=mps, eta=3m08s, loss=1.8506, sps=41.4]
BC[stage1_datasets_L40_stepsweep/bc_shift4_scale_0p8_1p2_steps20000_tr1]:  61%|██████▏   | 12269/20000 [04:56<03:00, 42.88it/s, acc=0.349, device=mps, eta=3m08s, loss=1.8506, sps=41.4]
BC[stage1_datasets_L40_stepsweep/bc_shift4_scale_0p8_1p2_steps20000_tr1]:  61%|██████▏   | 12277/20000 [04:56<02:35, 49.68it/s, acc=0.349, device=mps, eta=3m08s, loss=1.8506, sps=41.4]
BC[stage1_datasets_L40_stepsweep/bc_shift4_scale_0p8_1p2_steps20000_tr1]:  61%|██████▏   | 12284/20000 [04:56<03:23, 37.96it/s, acc=0.349, device=mps, eta=3m08s, loss=1.8506, sps=41.4]
BC[stage1_datasets_L40_stepsweep/bc_shift4_scale_0p8_1p2_steps20000_tr1]:  61%|██████▏   | 12292/20000 [04:56<02:50, 45.17it/s, acc=0.349, device=mps, eta=3m08s, loss=1.8506, sps=41.4]
BC[stage1_datasets_L40_stepsweep/bc_shift4_scale_0p8_1p2_steps20000_tr1]:  62%|██████▏   | 12300/20000 [04:57<02:28, 51.92it/s, acc=0.349, device=mps, eta=3m08s, loss=1.8506, sps=41.4]
BC[stage1_datasets_L40_stepsweep/bc_shift4_scale_0p8_1p2_steps20000_tr1]:  62%|██████▏   | 12307/20000 [04:57<03:18, 38.75it/s, acc=0.349, device=mps, eta=3m08s, loss=1.8506, sps=41.4]
BC[stage1_datasets_L40_stepsweep/bc_shift4_scale_0p8_1p2_steps20000_tr1]:  62%|██████▏   | 12315/20000 [04:57<02:48, 45.65it/s, acc=0.349, device=mps, eta=3m08s, loss=1.8506, sps=41.4]
BC[stage1_datasets_L40_stepsweep/bc_shift4_scale_0p8_1p2_steps20000_tr1]:  62%|██████▏   | 12321/20000 [04:57<03:36, 35.47it/s, acc=0.349, device=mps, eta=3m08s, loss=1.8506, sps=41.4]
BC[stage1_datasets_L40_stepsweep/bc_shift4_scale_0p8_1p2_steps20000_tr1]:  62%|██████▏   | 12330/20000 [04:57<02:53, 44.12it/s, acc=0.349, device=mps, eta=3m08s, loss=1.8506, sps=41.4]
BC[stage1_datasets_L40_stepsweep/bc_shift4_scale_0p8_1p2_steps20000_tr1]:  62%|██████▏   | 12339/20000 [04:57<02:26, 52.13it/s, acc=0.349, device=mps, eta=3m08s, loss=1.8506, sps=41.4]
BC[stage1_datasets_L40_stepsweep/bc_shift4_scale_0p8_1p2_steps20000_tr1]:  62%|██████▏   | 12346/20000 [04:58<03:13, 39.46it/s, acc=0.349, device=mps, eta=3m08s, loss=1.8506, sps=41.4]
BC[stage1_datasets_L40_stepsweep/bc_shift4_scale_0p8_1p2_steps20000_tr1]:  62%|██████▏   | 12352/20000 [04:58<03:01, 42.03it/s, acc=0.349, device=mps, eta=3m08s, loss=1.8506, sps=41.4]
BC[stage1_datasets_L40_stepsweep/bc_shift4_scale_0p8_1p2_steps20000_tr1]:  62%|██████▏   | 12359/20000 [04:58<02:45, 46.22it/s, acc=0.349, device=mps, eta=3m08s, loss=1.8506, sps=41.4]
BC[stage1_datasets_L40_stepsweep/bc_shift4_scale_0p8_1p2_steps20000_tr1]:  62%|██████▏   | 12365/20000 [04:58<03:34, 35.54it/s, acc=0.349, device=mps, eta=3m08s, loss=1.8506, sps=41.4]
BC[stage1_datasets_L40_stepsweep/bc_shift4_scale_0p8_1p2_steps20000_tr1]:  62%|██████▏   | 12373/20000 [04:58<02:56, 43.17it/s, acc=0.349, device=mps, eta=3m08s, loss=1.8506, sps=41.4]
BC[stage1_datasets_L40_stepsweep/bc_shift4_scale_0p8_1p2_steps20000_tr1]:  62%|██████▏   | 12381/20000 [04:59<03:33, 35.67it/s, acc=0.349, device=mps, eta=3m08s, loss=1.8506, sps=41.4]
BC[stage1_datasets_L40_stepsweep/bc_shift4_scale_0p8_1p2_steps20000_tr1]:  62%|██████▏   | 12389/20000 [04:59<02:57, 42.85it/s, acc=0.349, device=mps, eta=3m08s, loss=1.8506, sps=41.4]
BC[stage1_datasets_L40_stepsweep/bc_shift4_scale_0p8_1p2_steps20000_tr1]:  62%|██████▏   | 12397/20000 [04:59<02:33, 49.43it/s, acc=0.349, device=mps, eta=3m08s, loss=1.8506, sps=41.4]
BC[stage1_datasets_L40_stepsweep/bc_shift4_scale_0p8_1p2_steps20000_tr1]:  62%|██████▏   | 12397/20000 [04:59<02:33, 49.43it/s, acc=0.346, device=mps, eta=3m04s, loss=1.8638, sps=41.4]
BC[stage1_datasets_L40_stepsweep/bc_shift4_scale_0p8_1p2_steps20000_tr1]:  62%|██████▏   | 12404/20000 [04:59<03:19, 38.07it/s, acc=0.346, device=mps, eta=3m04s, loss=1.8638, sps=41.4]
BC[stage1_datasets_L40_stepsweep/bc_shift4_scale_0p8_1p2_steps20000_tr1]:  62%|██████▏   | 12412/20000 [04:59<02:48, 45.12it/s, acc=0.346, device=mps, eta=3m04s, loss=1.8638, sps=41.4]
BC[stage1_datasets_L40_stepsweep/bc_shift4_scale_0p8_1p2_steps20000_tr1]:  62%|██████▏   | 12421/20000 [05:00<03:21, 37.55it/s, acc=0.346, device=mps, eta=3m04s, loss=1.8638, sps=41.4]
BC[stage1_datasets_L40_stepsweep/bc_shift4_scale_0p8_1p2_steps20000_tr1]:  62%|██████▏   | 12426/20000 [05:00<03:13, 39.17it/s, acc=0.346, device=mps, eta=3m04s, loss=1.8638, sps=41.4]
BC[stage1_datasets_L40_stepsweep/bc_shift4_scale_0p8_1p2_steps20000_tr1]:  62%|██████▏   | 12432/20000 [05:00<02:58, 42.40it/s, acc=0.346, device=mps, eta=3m04s, loss=1.8638, sps=41.4]
BC[stage1_datasets_L40_stepsweep/bc_shift4_scale_0p8_1p2_steps20000_tr1]:  62%|██████▏   | 12439/20000 [05:00<02:37, 47.86it/s, acc=0.346, device=mps, eta=3m04s, loss=1.8638, sps=41.4]
BC[stage1_datasets_L40_stepsweep/bc_shift4_scale_0p8_1p2_steps20000_tr1]:  62%|██████▏   | 12445/20000 [05:00<03:40, 34.33it/s, acc=0.346, device=mps, eta=3m04s, loss=1.8638, sps=41.4]
BC[stage1_datasets_L40_stepsweep/bc_shift4_scale_0p8_1p2_steps20000_tr1]:  62%|██████▏   | 12451/20000 [05:00<03:18, 38.07it/s, acc=0.346, device=mps, eta=3m04s, loss=1.8638, sps=41.4]
BC[stage1_datasets_L40_stepsweep/bc_shift4_scale_0p8_1p2_steps20000_tr1]:  62%|██████▏   | 12458/20000 [05:00<02:52, 43.82it/s, acc=0.346, device=mps, eta=3m04s, loss=1.8638, sps=41.4]
BC[stage1_datasets_L40_stepsweep/bc_shift4_scale_0p8_1p2_steps20000_tr1]:  62%|██████▏   | 12464/20000 [05:01<03:42, 33.87it/s, acc=0.346, device=mps, eta=3m04s, loss=1.8638, sps=41.4]
BC[stage1_datasets_L40_stepsweep/bc_shift4_scale_0p8_1p2_steps20000_tr1]:  62%|██████▏   | 12472/20000 [05:01<02:58, 42.16it/s, acc=0.346, device=mps, eta=3m04s, loss=1.8638, sps=41.4]
BC[stage1_datasets_L40_stepsweep/bc_shift4_scale_0p8_1p2_steps20000_tr1]:  62%|██████▏   | 12481/20000 [05:01<03:29, 35.86it/s, acc=0.346, device=mps, eta=3m04s, loss=1.8638, sps=41.4]
BC[stage1_datasets_L40_stepsweep/bc_shift4_scale_0p8_1p2_steps20000_tr1]:  62%|██████▏   | 12486/20000 [05:01<03:17, 38.04it/s, acc=0.346, device=mps, eta=3m04s, loss=1.8638, sps=41.4]
BC[stage1_datasets_L40_stepsweep/bc_shift4_scale_0p8_1p2_steps20000_tr1]:  62%|██████▏   | 12492/20000 [05:01<02:59, 41.82it/s, acc=0.346, device=mps, eta=3m04s, loss=1.8638, sps=41.4]
BC[stage1_datasets_L40_stepsweep/bc_shift4_scale_0p8_1p2_steps20000_tr1]:  62%|██████▏   | 12499/20000 [05:01<02:38, 47.37it/s, acc=0.346, device=mps, eta=3m04s, loss=1.8638, sps=41.4]
BC[stage1_datasets_L40_stepsweep/bc_shift4_scale_0p8_1p2_steps20000_tr1]:  63%|██████▎   | 12505/20000 [05:02<03:30, 35.57it/s, acc=0.346, device=mps, eta=3m04s, loss=1.8638, sps=41.4]
BC[stage1_datasets_L40_stepsweep/bc_shift4_scale_0p8_1p2_steps20000_tr1]:  63%|██████▎   | 12513/20000 [05:02<02:51, 43.56it/s, acc=0.346, device=mps, eta=3m04s, loss=1.8638, sps=41.4]
BC[stage1_datasets_L40_stepsweep/bc_shift4_scale_0p8_1p2_steps20000_tr1]:  63%|██████▎   | 12521/20000 [05:02<03:29, 35.65it/s, acc=0.346, device=mps, eta=3m04s, loss=1.8638, sps=41.4]
BC[stage1_datasets_L40_stepsweep/bc_shift4_scale_0p8_1p2_steps20000_tr1]:  63%|██████▎   | 12529/20000 [05:02<02:53, 43.03it/s, acc=0.346, device=mps, eta=3m04s, loss=1.8638, sps=41.4]
BC[stage1_datasets_L40_stepsweep/bc_shift4_scale_0p8_1p2_steps20000_tr1]:  63%|██████▎   | 12537/20000 [05:02<02:30, 49.75it/s, acc=0.346, device=mps, eta=3m04s, loss=1.8638, sps=41.4]
BC[stage1_datasets_L40_stepsweep/bc_shift4_scale_0p8_1p2_steps20000_tr1]:  63%|██████▎   | 12544/20000 [05:03<03:15, 38.05it/s, acc=0.346, device=mps, eta=3m04s, loss=1.8638, sps=41.4]
BC[stage1_datasets_L40_stepsweep/bc_shift4_scale_0p8_1p2_steps20000_tr1]:  63%|██████▎   | 12552/20000 [05:03<02:44, 45.16it/s, acc=0.346, device=mps, eta=3m04s, loss=1.8638, sps=41.4]
BC[stage1_datasets_L40_stepsweep/bc_shift4_scale_0p8_1p2_steps20000_tr1]:  63%|██████▎   | 12560/20000 [05:03<02:22, 52.18it/s, acc=0.346, device=mps, eta=3m04s, loss=1.8638, sps=41.4]
BC[stage1_datasets_L40_stepsweep/bc_shift4_scale_0p8_1p2_steps20000_tr1]:  63%|██████▎   | 12567/20000 [05:03<03:12, 38.60it/s, acc=0.346, device=mps, eta=3m04s, loss=1.8638, sps=41.4]
BC[stage1_datasets_L40_stepsweep/bc_shift4_scale_0p8_1p2_steps20000_tr1]:  63%|██████▎   | 12573/20000 [05:03<02:55, 42.43it/s, acc=0.346, device=mps, eta=3m04s, loss=1.8638, sps=41.4]
BC[stage1_datasets_L40_stepsweep/bc_shift4_scale_0p8_1p2_steps20000_tr1]:  63%|██████▎   | 12580/20000 [05:03<02:34, 47.89it/s, acc=0.346, device=mps, eta=3m04s, loss=1.8638, sps=41.4]
BC[stage1_datasets_L40_stepsweep/bc_shift4_scale_0p8_1p2_steps20000_tr1]:  63%|██████▎   | 12586/20000 [05:04<03:27, 35.80it/s, acc=0.346, device=mps, eta=3m04s, loss=1.8638, sps=41.4]
BC[stage1_datasets_L40_stepsweep/bc_shift4_scale_0p8_1p2_steps20000_tr1]:  63%|██████▎   | 12594/20000 [05:04<02:50, 43.41it/s, acc=0.346, device=mps, eta=3m04s, loss=1.8638, sps=41.4]
BC[stage1_datasets_L40_stepsweep/bc_shift4_scale_0p8_1p2_steps20000_tr1]:  63%|██████▎   | 12594/20000 [05:04<02:50, 43.41it/s, acc=0.356, device=mps, eta=2m59s, loss=1.8345, sps=41.4]
BC[stage1_datasets_L40_stepsweep/bc_shift4_scale_0p8_1p2_steps20000_tr1]:  63%|██████▎   | 12601/20000 [05:04<03:31, 34.92it/s, acc=0.356, device=mps, eta=2m59s, loss=1.8345, sps=41.4]
BC[stage1_datasets_L40_stepsweep/bc_shift4_scale_0p8_1p2_steps20000_tr1]:  63%|██████▎   | 12609/20000 [05:04<02:54, 42.40it/s, acc=0.356, device=mps, eta=2m59s, loss=1.8345, sps=41.4]
BC[stage1_datasets_L40_stepsweep/bc_shift4_scale_0p8_1p2_steps20000_tr1]:  63%|██████▎   | 12617/20000 [05:04<02:30, 49.11it/s, acc=0.356, device=mps, eta=2m59s, loss=1.8345, sps=41.4]
BC[stage1_datasets_L40_stepsweep/bc_shift4_scale_0p8_1p2_steps20000_tr1]:  63%|██████▎   | 12624/20000 [05:05<03:14, 37.85it/s, acc=0.356, device=mps, eta=2m59s, loss=1.8345, sps=41.4]
BC[stage1_datasets_L40_stepsweep/bc_shift4_scale_0p8_1p2_steps20000_tr1]:  63%|██████▎   | 12632/20000 [05:05<02:44, 44.92it/s, acc=0.356, device=mps, eta=2m59s, loss=1.8345, sps=41.4]
BC[stage1_datasets_L40_stepsweep/bc_shift4_scale_0p8_1p2_steps20000_tr1]:  63%|██████▎   | 12641/20000 [05:05<03:16, 37.38it/s, acc=0.356, device=mps, eta=2m59s, loss=1.8345, sps=41.4]
BC[stage1_datasets_L40_stepsweep/bc_shift4_scale_0p8_1p2_steps20000_tr1]:  63%|██████▎   | 12649/20000 [05:05<02:48, 43.64it/s, acc=0.356, device=mps, eta=2m59s, loss=1.8345, sps=41.4]
BC[stage1_datasets_L40_stepsweep/bc_shift4_scale_0p8_1p2_steps20000_tr1]:  63%|██████▎   | 12655/20000 [05:05<02:37, 46.57it/s, acc=0.356, device=mps, eta=2m59s, loss=1.8345, sps=41.4]
BC[stage1_datasets_L40_stepsweep/bc_shift4_scale_0p8_1p2_steps20000_tr1]:  63%|██████▎   | 12661/20000 [05:05<03:27, 35.29it/s, acc=0.356, device=mps, eta=2m59s, loss=1.8345, sps=41.4]
BC[stage1_datasets_L40_stepsweep/bc_shift4_scale_0p8_1p2_steps20000_tr1]:  63%|██████▎   | 12669/20000 [05:06<02:51, 42.84it/s, acc=0.356, device=mps, eta=2m59s, loss=1.8345, sps=41.4]
BC[stage1_datasets_L40_stepsweep/bc_shift4_scale_0p8_1p2_steps20000_tr1]:  63%|██████▎   | 12677/20000 [05:06<02:27, 49.59it/s, acc=0.356, device=mps, eta=2m59s, loss=1.8345, sps=41.4]
BC[stage1_datasets_L40_stepsweep/bc_shift4_scale_0p8_1p2_steps20000_tr1]:  63%|██████▎   | 12684/20000 [05:06<03:13, 37.89it/s, acc=0.356, device=mps, eta=2m59s, loss=1.8345, sps=41.4]
BC[stage1_datasets_L40_stepsweep/bc_shift4_scale_0p8_1p2_steps20000_tr1]:  63%|██████▎   | 12692/20000 [05:06<02:42, 45.00it/s, acc=0.356, device=mps, eta=2m59s, loss=1.8345, sps=41.4]
BC[stage1_datasets_L40_stepsweep/bc_shift4_scale_0p8_1p2_steps20000_tr1]:  64%|██████▎   | 12700/20000 [05:06<02:20, 52.12it/s, acc=0.356, device=mps, eta=2m59s, loss=1.8345, sps=41.4]
BC[stage1_datasets_L40_stepsweep/bc_shift4_scale_0p8_1p2_steps20000_tr1]:  64%|██████▎   | 12707/20000 [05:07<03:07, 38.87it/s, acc=0.356, device=mps, eta=2m59s, loss=1.8345, sps=41.4]
BC[stage1_datasets_L40_stepsweep/bc_shift4_scale_0p8_1p2_steps20000_tr1]:  64%|██████▎   | 12715/20000 [05:07<02:39, 45.76it/s, acc=0.356, device=mps, eta=2m59s, loss=1.8345, sps=41.4]
BC[stage1_datasets_L40_stepsweep/bc_shift4_scale_0p8_1p2_steps20000_tr1]:  64%|██████▎   | 12721/20000 [05:07<03:25, 35.44it/s, acc=0.356, device=mps, eta=2m59s, loss=1.8345, sps=41.4]
BC[stage1_datasets_L40_stepsweep/bc_shift4_scale_0p8_1p2_steps20000_tr1]:  64%|██████▎   | 12729/20000 [05:07<02:49, 42.86it/s, acc=0.356, device=mps, eta=2m59s, loss=1.8345, sps=41.4]
BC[stage1_datasets_L40_stepsweep/bc_shift4_scale_0p8_1p2_steps20000_tr1]:  64%|██████▎   | 12737/20000 [05:07<02:26, 49.58it/s, acc=0.356, device=mps, eta=2m59s, loss=1.8345, sps=41.4]
BC[stage1_datasets_L40_stepsweep/bc_shift4_scale_0p8_1p2_steps20000_tr1]:  64%|██████▎   | 12744/20000 [05:07<03:11, 37.96it/s, acc=0.356, device=mps, eta=2m59s, loss=1.8345, sps=41.4]
BC[stage1_datasets_L40_stepsweep/bc_shift4_scale_0p8_1p2_steps20000_tr1]:  64%|██████▍   | 12752/20000 [05:08<02:40, 45.08it/s, acc=0.356, device=mps, eta=2m59s, loss=1.8345, sps=41.4]
BC[stage1_datasets_L40_stepsweep/bc_shift4_scale_0p8_1p2_steps20000_tr1]:  64%|██████▍   | 12761/20000 [05:08<03:13, 37.42it/s, acc=0.356, device=mps, eta=2m59s, loss=1.8345, sps=41.4]
BC[stage1_datasets_L40_stepsweep/bc_shift4_scale_0p8_1p2_steps20000_tr1]:  64%|██████▍   | 12768/20000 [05:08<02:49, 42.57it/s, acc=0.356, device=mps, eta=2m59s, loss=1.8345, sps=41.4]
BC[stage1_datasets_L40_stepsweep/bc_shift4_scale_0p8_1p2_steps20000_tr1]:  64%|██████▍   | 12774/20000 [05:08<02:41, 44.81it/s, acc=0.356, device=mps, eta=2m59s, loss=1.8345, sps=41.4]
BC[stage1_datasets_L40_stepsweep/bc_shift4_scale_0p8_1p2_steps20000_tr1]:  64%|██████▍   | 12781/20000 [05:08<03:26, 35.04it/s, acc=0.356, device=mps, eta=2m59s, loss=1.8345, sps=41.4]
BC[stage1_datasets_L40_stepsweep/bc_shift4_scale_0p8_1p2_steps20000_tr1]:  64%|██████▍   | 12789/20000 [05:08<02:49, 42.43it/s, acc=0.356, device=mps, eta=2m59s, loss=1.8345, sps=41.4]
BC[stage1_datasets_L40_stepsweep/bc_shift4_scale_0p8_1p2_steps20000_tr1]:  64%|██████▍   | 12797/20000 [05:09<02:26, 49.26it/s, acc=0.356, device=mps, eta=2m59s, loss=1.8345, sps=41.4]
BC[stage1_datasets_L40_stepsweep/bc_shift4_scale_0p8_1p2_steps20000_tr1]:  64%|██████▍   | 12797/20000 [05:09<02:26, 49.26it/s, acc=0.350, device=mps, eta=2m54s, loss=1.8498, sps=41.4]
BC[stage1_datasets_L40_stepsweep/bc_shift4_scale_0p8_1p2_steps20000_tr1]:  64%|██████▍   | 12804/20000 [05:09<03:09, 37.96it/s, acc=0.350, device=mps, eta=2m54s, loss=1.8498, sps=41.4]
BC[stage1_datasets_L40_stepsweep/bc_shift4_scale_0p8_1p2_steps20000_tr1]:  64%|██████▍   | 12812/20000 [05:09<02:39, 45.04it/s, acc=0.350, device=mps, eta=2m54s, loss=1.8498, sps=41.4]
BC[stage1_datasets_L40_stepsweep/bc_shift4_scale_0p8_1p2_steps20000_tr1]:  64%|██████▍   | 12820/20000 [05:09<02:18, 51.81it/s, acc=0.350, device=mps, eta=2m54s, loss=1.8498, sps=41.4]
BC[stage1_datasets_L40_stepsweep/bc_shift4_scale_0p8_1p2_steps20000_tr1]:  64%|██████▍   | 12827/20000 [05:09<03:04, 38.82it/s, acc=0.350, device=mps, eta=2m54s, loss=1.8498, sps=41.4]
BC[stage1_datasets_L40_stepsweep/bc_shift4_scale_0p8_1p2_steps20000_tr1]:  64%|██████▍   | 12835/20000 [05:09<02:36, 45.64it/s, acc=0.350, device=mps, eta=2m54s, loss=1.8498, sps=41.4]
BC[stage1_datasets_L40_stepsweep/bc_shift4_scale_0p8_1p2_steps20000_tr1]:  64%|██████▍   | 12841/20000 [05:10<03:21, 35.51it/s, acc=0.350, device=mps, eta=2m54s, loss=1.8498, sps=41.4]
BC[stage1_datasets_L40_stepsweep/bc_shift4_scale_0p8_1p2_steps20000_tr1]:  64%|██████▍   | 12849/20000 [05:10<02:46, 42.93it/s, acc=0.350, device=mps, eta=2m54s, loss=1.8498, sps=41.4]
BC[stage1_datasets_L40_stepsweep/bc_shift4_scale_0p8_1p2_steps20000_tr1]:  64%|██████▍   | 12857/20000 [05:10<02:24, 49.38it/s, acc=0.350, device=mps, eta=2m54s, loss=1.8498, sps=41.4]
BC[stage1_datasets_L40_stepsweep/bc_shift4_scale_0p8_1p2_steps20000_tr1]:  64%|██████▍   | 12864/20000 [05:10<03:08, 37.95it/s, acc=0.350, device=mps, eta=2m54s, loss=1.8498, sps=41.4]
BC[stage1_datasets_L40_stepsweep/bc_shift4_scale_0p8_1p2_steps20000_tr1]:  64%|██████▍   | 12872/20000 [05:10<02:38, 45.04it/s, acc=0.350, device=mps, eta=2m54s, loss=1.8498, sps=41.4]
BC[stage1_datasets_L40_stepsweep/bc_shift4_scale_0p8_1p2_steps20000_tr1]:  64%|██████▍   | 12880/20000 [05:10<02:17, 51.84it/s, acc=0.350, device=mps, eta=2m54s, loss=1.8498, sps=41.4]
BC[stage1_datasets_L40_stepsweep/bc_shift4_scale_0p8_1p2_steps20000_tr1]:  64%|██████▍   | 12887/20000 [05:11<03:02, 38.88it/s, acc=0.350, device=mps, eta=2m54s, loss=1.8498, sps=41.4]
BC[stage1_datasets_L40_stepsweep/bc_shift4_scale_0p8_1p2_steps20000_tr1]:  64%|██████▍   | 12895/20000 [05:11<02:35, 45.75it/s, acc=0.350, device=mps, eta=2m54s, loss=1.8498, sps=41.4]
BC[stage1_datasets_L40_stepsweep/bc_shift4_scale_0p8_1p2_steps20000_tr1]:  65%|██████▍   | 12901/20000 [05:11<03:19, 35.53it/s, acc=0.350, device=mps, eta=2m54s, loss=1.8498, sps=41.4]
BC[stage1_datasets_L40_stepsweep/bc_shift4_scale_0p8_1p2_steps20000_tr1]:  65%|██████▍   | 12909/20000 [05:11<02:45, 42.89it/s, acc=0.350, device=mps, eta=2m54s, loss=1.8498, sps=41.4]
BC[stage1_datasets_L40_stepsweep/bc_shift4_scale_0p8_1p2_steps20000_tr1]:  65%|██████▍   | 12917/20000 [05:11<02:22, 49.56it/s, acc=0.350, device=mps, eta=2m54s, loss=1.8498, sps=41.4]
BC[stage1_datasets_L40_stepsweep/bc_shift4_scale_0p8_1p2_steps20000_tr1]:  65%|██████▍   | 12924/20000 [05:12<03:06, 38.04it/s, acc=0.350, device=mps, eta=2m54s, loss=1.8498, sps=41.4]
BC[stage1_datasets_L40_stepsweep/bc_shift4_scale_0p8_1p2_steps20000_tr1]:  65%|██████▍   | 12932/20000 [05:12<02:36, 45.24it/s, acc=0.350, device=mps, eta=2m54s, loss=1.8498, sps=41.4]
BC[stage1_datasets_L40_stepsweep/bc_shift4_scale_0p8_1p2_steps20000_tr1]:  65%|██████▍   | 12940/20000 [05:12<02:15, 52.04it/s, acc=0.350, device=mps, eta=2m54s, loss=1.8498, sps=41.4]
BC[stage1_datasets_L40_stepsweep/bc_shift4_scale_0p8_1p2_steps20000_tr1]:  65%|██████▍   | 12947/20000 [05:12<03:01, 38.81it/s, acc=0.350, device=mps, eta=2m54s, loss=1.8498, sps=41.4]
BC[stage1_datasets_L40_stepsweep/bc_shift4_scale_0p8_1p2_steps20000_tr1]:  65%|██████▍   | 12955/20000 [05:12<02:34, 45.65it/s, acc=0.350, device=mps, eta=2m54s, loss=1.8498, sps=41.4]
BC[stage1_datasets_L40_stepsweep/bc_shift4_scale_0p8_1p2_steps20000_tr1]:  65%|██████▍   | 12961/20000 [05:13<03:18, 35.46it/s, acc=0.350, device=mps, eta=2m54s, loss=1.8498, sps=41.4]
BC[stage1_datasets_L40_stepsweep/bc_shift4_scale_0p8_1p2_steps20000_tr1]:  65%|██████▍   | 12969/20000 [05:13<02:44, 42.81it/s, acc=0.350, device=mps, eta=2m54s, loss=1.8498, sps=41.4]
BC[stage1_datasets_L40_stepsweep/bc_shift4_scale_0p8_1p2_steps20000_tr1]:  65%|██████▍   | 12977/20000 [05:13<02:21, 49.57it/s, acc=0.350, device=mps, eta=2m54s, loss=1.8498, sps=41.4]
BC[stage1_datasets_L40_stepsweep/bc_shift4_scale_0p8_1p2_steps20000_tr1]:  65%|██████▍   | 12984/20000 [05:13<03:04, 37.99it/s, acc=0.350, device=mps, eta=2m54s, loss=1.8498, sps=41.4]
BC[stage1_datasets_L40_stepsweep/bc_shift4_scale_0p8_1p2_steps20000_tr1]:  65%|██████▍   | 12992/20000 [05:13<02:35, 45.08it/s, acc=0.350, device=mps, eta=2m54s, loss=1.8498, sps=41.4]
BC[stage1_datasets_L40_stepsweep/bc_shift4_scale_0p8_1p2_steps20000_tr1]:  65%|██████▍   | 12992/20000 [05:13<02:35, 45.08it/s, acc=0.362, device=mps, eta=2m49s, loss=1.8131, sps=41.4]
BC[stage1_datasets_L40_stepsweep/bc_shift4_scale_0p8_1p2_steps20000_tr1]:  65%|██████▌   | 13000/20000 [05:13<02:14, 52.13it/s, acc=0.362, device=mps, eta=2m49s, loss=1.8131, sps=41.4]
BC[stage1_datasets_L40_stepsweep/bc_shift4_scale_0p8_1p2_steps20000_tr1]:  65%|██████▌   | 13007/20000 [05:14<03:04, 37.95it/s, acc=0.362, device=mps, eta=2m49s, loss=1.8131, sps=41.4]
BC[stage1_datasets_L40_stepsweep/bc_shift4_scale_0p8_1p2_steps20000_tr1]:  65%|██████▌   | 13013/20000 [05:14<02:48, 41.49it/s, acc=0.362, device=mps, eta=2m49s, loss=1.8131, sps=41.4]
BC[stage1_datasets_L40_stepsweep/bc_shift4_scale_0p8_1p2_steps20000_tr1]:  65%|██████▌   | 13020/20000 [05:14<02:28, 47.11it/s, acc=0.362, device=mps, eta=2m49s, loss=1.8131, sps=41.4]
BC[stage1_datasets_L40_stepsweep/bc_shift4_scale_0p8_1p2_steps20000_tr1]:  65%|██████▌   | 13026/20000 [05:14<03:16, 35.44it/s, acc=0.362, device=mps, eta=2m49s, loss=1.8131, sps=41.4]
BC[stage1_datasets_L40_stepsweep/bc_shift4_scale_0p8_1p2_steps20000_tr1]:  65%|██████▌   | 13034/20000 [05:14<02:41, 43.25it/s, acc=0.362, device=mps, eta=2m49s, loss=1.8131, sps=41.4]
BC[stage1_datasets_L40_stepsweep/bc_shift4_scale_0p8_1p2_steps20000_tr1]:  65%|██████▌   | 13041/20000 [05:14<03:20, 34.74it/s, acc=0.362, device=mps, eta=2m49s, loss=1.8131, sps=41.4]
BC[stage1_datasets_L40_stepsweep/bc_shift4_scale_0p8_1p2_steps20000_tr1]:  65%|██████▌   | 13049/20000 [05:15<02:43, 42.50it/s, acc=0.362, device=mps, eta=2m49s, loss=1.8131, sps=41.4]
BC[stage1_datasets_L40_stepsweep/bc_shift4_scale_0p8_1p2_steps20000_tr1]:  65%|██████▌   | 13057/20000 [05:15<02:19, 49.90it/s, acc=0.362, device=mps, eta=2m49s, loss=1.8131, sps=41.4]
BC[stage1_datasets_L40_stepsweep/bc_shift4_scale_0p8_1p2_steps20000_tr1]:  65%|██████▌   | 13064/20000 [05:15<03:00, 38.32it/s, acc=0.362, device=mps, eta=2m49s, loss=1.8131, sps=41.4]
BC[stage1_datasets_L40_stepsweep/bc_shift4_scale_0p8_1p2_steps20000_tr1]:  65%|██████▌   | 13072/20000 [05:15<02:32, 45.41it/s, acc=0.362, device=mps, eta=2m49s, loss=1.8131, sps=41.4]
BC[stage1_datasets_L40_stepsweep/bc_shift4_scale_0p8_1p2_steps20000_tr1]:  65%|██████▌   | 13080/20000 [05:15<02:12, 52.35it/s, acc=0.362, device=mps, eta=2m49s, loss=1.8131, sps=41.4]
BC[stage1_datasets_L40_stepsweep/bc_shift4_scale_0p8_1p2_steps20000_tr1]:  65%|██████▌   | 13087/20000 [05:15<02:57, 39.05it/s, acc=0.362, device=mps, eta=2m49s, loss=1.8131, sps=41.4]
BC[stage1_datasets_L40_stepsweep/bc_shift4_scale_0p8_1p2_steps20000_tr1]:  65%|██████▌   | 13095/20000 [05:16<02:29, 46.05it/s, acc=0.362, device=mps, eta=2m49s, loss=1.8131, sps=41.4]
BC[stage1_datasets_L40_stepsweep/bc_shift4_scale_0p8_1p2_steps20000_tr1]:  66%|██████▌   | 13101/20000 [05:16<03:13, 35.58it/s, acc=0.362, device=mps, eta=2m49s, loss=1.8131, sps=41.4]
BC[stage1_datasets_L40_stepsweep/bc_shift4_scale_0p8_1p2_steps20000_tr1]:  66%|██████▌   | 13109/20000 [05:16<02:40, 42.95it/s, acc=0.362, device=mps, eta=2m49s, loss=1.8131, sps=41.4]
BC[stage1_datasets_L40_stepsweep/bc_shift4_scale_0p8_1p2_steps20000_tr1]:  66%|██████▌   | 13117/20000 [05:16<02:18, 49.74it/s, acc=0.362, device=mps, eta=2m49s, loss=1.8131, sps=41.4]
BC[stage1_datasets_L40_stepsweep/bc_shift4_scale_0p8_1p2_steps20000_tr1]:  66%|██████▌   | 13124/20000 [05:16<03:01, 37.97it/s, acc=0.362, device=mps, eta=2m49s, loss=1.8131, sps=41.4]
BC[stage1_datasets_L40_stepsweep/bc_shift4_scale_0p8_1p2_steps20000_tr1]:  66%|██████▌   | 13132/20000 [05:16<02:32, 45.11it/s, acc=0.362, device=mps, eta=2m49s, loss=1.8131, sps=41.4]
BC[stage1_datasets_L40_stepsweep/bc_shift4_scale_0p8_1p2_steps20000_tr1]:  66%|██████▌   | 13140/20000 [05:17<02:12, 51.93it/s, acc=0.362, device=mps, eta=2m49s, loss=1.8131, sps=41.4]
BC[stage1_datasets_L40_stepsweep/bc_shift4_scale_0p8_1p2_steps20000_tr1]:  66%|██████▌   | 13147/20000 [05:17<02:56, 38.84it/s, acc=0.362, device=mps, eta=2m49s, loss=1.8131, sps=41.4]
BC[stage1_datasets_L40_stepsweep/bc_shift4_scale_0p8_1p2_steps20000_tr1]:  66%|██████▌   | 13155/20000 [05:17<02:29, 45.75it/s, acc=0.362, device=mps, eta=2m49s, loss=1.8131, sps=41.4]
BC[stage1_datasets_L40_stepsweep/bc_shift4_scale_0p8_1p2_steps20000_tr1]:  66%|██████▌   | 13161/20000 [05:17<03:12, 35.47it/s, acc=0.362, device=mps, eta=2m49s, loss=1.8131, sps=41.4]
BC[stage1_datasets_L40_stepsweep/bc_shift4_scale_0p8_1p2_steps20000_tr1]:  66%|██████▌   | 13169/20000 [05:17<02:39, 42.90it/s, acc=0.362, device=mps, eta=2m49s, loss=1.8131, sps=41.4]
BC[stage1_datasets_L40_stepsweep/bc_shift4_scale_0p8_1p2_steps20000_tr1]:  66%|██████▌   | 13175/20000 [05:17<02:30, 45.39it/s, acc=0.362, device=mps, eta=2m49s, loss=1.8131, sps=41.4]
BC[stage1_datasets_L40_stepsweep/bc_shift4_scale_0p8_1p2_steps20000_tr1]:  66%|██████▌   | 13181/20000 [05:18<03:18, 34.43it/s, acc=0.362, device=mps, eta=2m49s, loss=1.8131, sps=41.4]
BC[stage1_datasets_L40_stepsweep/bc_shift4_scale_0p8_1p2_steps20000_tr1]:  66%|██████▌   | 13189/20000 [05:18<02:41, 42.28it/s, acc=0.362, device=mps, eta=2m49s, loss=1.8131, sps=41.4]
BC[stage1_datasets_L40_stepsweep/bc_shift4_scale_0p8_1p2_steps20000_tr1]:  66%|██████▌   | 13197/20000 [05:18<02:16, 49.81it/s, acc=0.362, device=mps, eta=2m49s, loss=1.8131, sps=41.4]
BC[stage1_datasets_L40_stepsweep/bc_shift4_scale_0p8_1p2_steps20000_tr1]:  66%|██████▌   | 13197/20000 [05:18<02:16, 49.81it/s, acc=0.354, device=mps, eta=2m44s, loss=1.8386, sps=41.4]
BC[stage1_datasets_L40_stepsweep/bc_shift4_scale_0p8_1p2_steps20000_tr1]:  66%|██████▌   | 13204/20000 [05:18<02:59, 37.80it/s, acc=0.354, device=mps, eta=2m44s, loss=1.8386, sps=41.4]
BC[stage1_datasets_L40_stepsweep/bc_shift4_scale_0p8_1p2_steps20000_tr1]:  66%|██████▌   | 13210/20000 [05:18<02:47, 40.43it/s, acc=0.354, device=mps, eta=2m44s, loss=1.8386, sps=41.4]
BC[stage1_datasets_L40_stepsweep/bc_shift4_scale_0p8_1p2_steps20000_tr1]:  66%|██████▌   | 13216/20000 [05:18<02:35, 43.61it/s, acc=0.354, device=mps, eta=2m44s, loss=1.8386, sps=41.4]
BC[stage1_datasets_L40_stepsweep/bc_shift4_scale_0p8_1p2_steps20000_tr1]:  66%|██████▌   | 13222/20000 [05:19<03:27, 32.71it/s, acc=0.354, device=mps, eta=2m44s, loss=1.8386, sps=41.4]
BC[stage1_datasets_L40_stepsweep/bc_shift4_scale_0p8_1p2_steps20000_tr1]:  66%|██████▌   | 13228/20000 [05:19<03:03, 36.85it/s, acc=0.354, device=mps, eta=2m44s, loss=1.8386, sps=41.4]
BC[stage1_datasets_L40_stepsweep/bc_shift4_scale_0p8_1p2_steps20000_tr1]:  66%|██████▌   | 13235/20000 [05:19<02:40, 42.26it/s, acc=0.354, device=mps, eta=2m44s, loss=1.8386, sps=41.4]
BC[stage1_datasets_L40_stepsweep/bc_shift4_scale_0p8_1p2_steps20000_tr1]:  66%|██████▌   | 13241/20000 [05:19<03:27, 32.64it/s, acc=0.354, device=mps, eta=2m44s, loss=1.8386, sps=41.4]
BC[stage1_datasets_L40_stepsweep/bc_shift4_scale_0p8_1p2_steps20000_tr1]:  66%|██████▌   | 13247/20000 [05:19<03:05, 36.50it/s, acc=0.354, device=mps, eta=2m44s, loss=1.8386, sps=41.4]
BC[stage1_datasets_L40_stepsweep/bc_shift4_scale_0p8_1p2_steps20000_tr1]:  66%|██████▋   | 13254/20000 [05:20<02:39, 42.19it/s, acc=0.354, device=mps, eta=2m44s, loss=1.8386, sps=41.4]
BC[stage1_datasets_L40_stepsweep/bc_shift4_scale_0p8_1p2_steps20000_tr1]:  66%|██████▋   | 13261/20000 [05:20<03:22, 33.35it/s, acc=0.354, device=mps, eta=2m44s, loss=1.8386, sps=41.4]
BC[stage1_datasets_L40_stepsweep/bc_shift4_scale_0p8_1p2_steps20000_tr1]:  66%|██████▋   | 13267/20000 [05:20<02:56, 38.05it/s, acc=0.354, device=mps, eta=2m44s, loss=1.8386, sps=41.4]
BC[stage1_datasets_L40_stepsweep/bc_shift4_scale_0p8_1p2_steps20000_tr1]:  66%|██████▋   | 13273/20000 [05:20<02:38, 42.37it/s, acc=0.354, device=mps, eta=2m44s, loss=1.8386, sps=41.4]
BC[stage1_datasets_L40_stepsweep/bc_shift4_scale_0p8_1p2_steps20000_tr1]:  66%|██████▋   | 13281/20000 [05:20<03:16, 34.21it/s, acc=0.354, device=mps, eta=2m44s, loss=1.8386, sps=41.4]
BC[stage1_datasets_L40_stepsweep/bc_shift4_scale_0p8_1p2_steps20000_tr1]:  66%|██████▋   | 13289/20000 [05:20<02:40, 41.92it/s, acc=0.354, device=mps, eta=2m44s, loss=1.8386, sps=41.4]
BC[stage1_datasets_L40_stepsweep/bc_shift4_scale_0p8_1p2_steps20000_tr1]:  66%|██████▋   | 13297/20000 [05:21<02:17, 48.88it/s, acc=0.354, device=mps, eta=2m44s, loss=1.8386, sps=41.4]
BC[stage1_datasets_L40_stepsweep/bc_shift4_scale_0p8_1p2_steps20000_tr1]:  67%|██████▋   | 13303/20000 [05:21<03:02, 36.74it/s, acc=0.354, device=mps, eta=2m44s, loss=1.8386, sps=41.4]
BC[stage1_datasets_L40_stepsweep/bc_shift4_scale_0p8_1p2_steps20000_tr1]:  67%|██████▋   | 13311/20000 [05:21<02:29, 44.60it/s, acc=0.354, device=mps, eta=2m44s, loss=1.8386, sps=41.4]
BC[stage1_datasets_L40_stepsweep/bc_shift4_scale_0p8_1p2_steps20000_tr1]:  67%|██████▋   | 13319/20000 [05:21<02:08, 51.94it/s, acc=0.354, device=mps, eta=2m44s, loss=1.8386, sps=41.4]
BC[stage1_datasets_L40_stepsweep/bc_shift4_scale_0p8_1p2_steps20000_tr1]:  67%|██████▋   | 13326/20000 [05:21<02:50, 39.17it/s, acc=0.354, device=mps, eta=2m44s, loss=1.8386, sps=41.4]
BC[stage1_datasets_L40_stepsweep/bc_shift4_scale_0p8_1p2_steps20000_tr1]:  67%|██████▋   | 13334/20000 [05:21<02:24, 46.24it/s, acc=0.354, device=mps, eta=2m44s, loss=1.8386, sps=41.4]
BC[stage1_datasets_L40_stepsweep/bc_shift4_scale_0p8_1p2_steps20000_tr1]:  67%|██████▋   | 13341/20000 [05:22<03:02, 36.44it/s, acc=0.354, device=mps, eta=2m44s, loss=1.8386, sps=41.4]
BC[stage1_datasets_L40_stepsweep/bc_shift4_scale_0p8_1p2_steps20000_tr1]:  67%|██████▋   | 13349/20000 [05:22<02:32, 43.70it/s, acc=0.354, device=mps, eta=2m44s, loss=1.8386, sps=41.4]
BC[stage1_datasets_L40_stepsweep/bc_shift4_scale_0p8_1p2_steps20000_tr1]:  67%|██████▋   | 13357/20000 [05:22<02:12, 50.09it/s, acc=0.354, device=mps, eta=2m44s, loss=1.8386, sps=41.4]
BC[stage1_datasets_L40_stepsweep/bc_shift4_scale_0p8_1p2_steps20000_tr1]:  67%|██████▋   | 13364/20000 [05:22<02:53, 38.24it/s, acc=0.354, device=mps, eta=2m44s, loss=1.8386, sps=41.4]
BC[stage1_datasets_L40_stepsweep/bc_shift4_scale_0p8_1p2_steps20000_tr1]:  67%|██████▋   | 13372/20000 [05:22<02:26, 45.32it/s, acc=0.354, device=mps, eta=2m44s, loss=1.8386, sps=41.4]
BC[stage1_datasets_L40_stepsweep/bc_shift4_scale_0p8_1p2_steps20000_tr1]:  67%|██████▋   | 13381/20000 [05:23<02:55, 37.63it/s, acc=0.354, device=mps, eta=2m44s, loss=1.8386, sps=41.4]
BC[stage1_datasets_L40_stepsweep/bc_shift4_scale_0p8_1p2_steps20000_tr1]:  67%|██████▋   | 13387/20000 [05:23<02:44, 40.30it/s, acc=0.354, device=mps, eta=2m44s, loss=1.8386, sps=41.4]
BC[stage1_datasets_L40_stepsweep/bc_shift4_scale_0p8_1p2_steps20000_tr1]:  67%|██████▋   | 13394/20000 [05:23<02:27, 44.93it/s, acc=0.354, device=mps, eta=2m44s, loss=1.8386, sps=41.4]
BC[stage1_datasets_L40_stepsweep/bc_shift4_scale_0p8_1p2_steps20000_tr1]:  67%|██████▋   | 13394/20000 [05:23<02:27, 44.93it/s, acc=0.368, device=mps, eta=2m39s, loss=1.7950, sps=41.4]
BC[stage1_datasets_L40_stepsweep/bc_shift4_scale_0p8_1p2_steps20000_tr1]:  67%|██████▋   | 13401/20000 [05:23<03:07, 35.19it/s, acc=0.368, device=mps, eta=2m39s, loss=1.7950, sps=41.4]
BC[stage1_datasets_L40_stepsweep/bc_shift4_scale_0p8_1p2_steps20000_tr1]:  67%|██████▋   | 13408/20000 [05:23<02:44, 40.01it/s, acc=0.368, device=mps, eta=2m39s, loss=1.7950, sps=41.4]
BC[stage1_datasets_L40_stepsweep/bc_shift4_scale_0p8_1p2_steps20000_tr1]:  67%|██████▋   | 13413/20000 [05:23<02:39, 41.18it/s, acc=0.368, device=mps, eta=2m39s, loss=1.7950, sps=41.4]
BC[stage1_datasets_L40_stepsweep/bc_shift4_scale_0p8_1p2_steps20000_tr1]:  67%|██████▋   | 13419/20000 [05:24<02:27, 44.52it/s, acc=0.368, device=mps, eta=2m39s, loss=1.7950, sps=41.4]
BC[stage1_datasets_L40_stepsweep/bc_shift4_scale_0p8_1p2_steps20000_tr1]:  67%|██████▋   | 13425/20000 [05:24<03:23, 32.26it/s, acc=0.368, device=mps, eta=2m39s, loss=1.7950, sps=41.4]
BC[stage1_datasets_L40_stepsweep/bc_shift4_scale_0p8_1p2_steps20000_tr1]:  67%|██████▋   | 13431/20000 [05:24<03:00, 36.31it/s, acc=0.368, device=mps, eta=2m39s, loss=1.7950, sps=41.4]
BC[stage1_datasets_L40_stepsweep/bc_shift4_scale_0p8_1p2_steps20000_tr1]:  67%|██████▋   | 13437/20000 [05:24<02:40, 40.79it/s, acc=0.368, device=mps, eta=2m39s, loss=1.7950, sps=41.4]
BC[stage1_datasets_L40_stepsweep/bc_shift4_scale_0p8_1p2_steps20000_tr1]:  67%|██████▋   | 13442/20000 [05:24<03:31, 31.00it/s, acc=0.368, device=mps, eta=2m39s, loss=1.7950, sps=41.4]
BC[stage1_datasets_L40_stepsweep/bc_shift4_scale_0p8_1p2_steps20000_tr1]:  67%|██████▋   | 13450/20000 [05:24<02:44, 39.73it/s, acc=0.368, device=mps, eta=2m39s, loss=1.7950, sps=41.4]
BC[stage1_datasets_L40_stepsweep/bc_shift4_scale_0p8_1p2_steps20000_tr1]:  67%|██████▋   | 13458/20000 [05:25<02:18, 47.29it/s, acc=0.368, device=mps, eta=2m39s, loss=1.7950, sps=41.4]
BC[stage1_datasets_L40_stepsweep/bc_shift4_scale_0p8_1p2_steps20000_tr1]:  67%|██████▋   | 13464/20000 [05:25<03:02, 35.82it/s, acc=0.368, device=mps, eta=2m39s, loss=1.7950, sps=41.4]
BC[stage1_datasets_L40_stepsweep/bc_shift4_scale_0p8_1p2_steps20000_tr1]:  67%|██████▋   | 13472/20000 [05:25<02:29, 43.67it/s, acc=0.368, device=mps, eta=2m39s, loss=1.7950, sps=41.4]
BC[stage1_datasets_L40_stepsweep/bc_shift4_scale_0p8_1p2_steps20000_tr1]:  67%|██████▋   | 13480/20000 [05:25<02:07, 51.16it/s, acc=0.368, device=mps, eta=2m39s, loss=1.7950, sps=41.4]
BC[stage1_datasets_L40_stepsweep/bc_shift4_scale_0p8_1p2_steps20000_tr1]:  67%|██████▋   | 13487/20000 [05:25<02:50, 38.18it/s, acc=0.368, device=mps, eta=2m39s, loss=1.7950, sps=41.4]
BC[stage1_datasets_L40_stepsweep/bc_shift4_scale_0p8_1p2_steps20000_tr1]:  67%|██████▋   | 13495/20000 [05:25<02:22, 45.66it/s, acc=0.368, device=mps, eta=2m39s, loss=1.7950, sps=41.4]
BC[stage1_datasets_L40_stepsweep/bc_shift4_scale_0p8_1p2_steps20000_tr1]:  68%|██████▊   | 13501/20000 [05:26<03:01, 35.79it/s, acc=0.368, device=mps, eta=2m39s, loss=1.7950, sps=41.4]
BC[stage1_datasets_L40_stepsweep/bc_shift4_scale_0p8_1p2_steps20000_tr1]:  68%|██████▊   | 13509/20000 [05:26<02:30, 43.24it/s, acc=0.368, device=mps, eta=2m39s, loss=1.7950, sps=41.4]
BC[stage1_datasets_L40_stepsweep/bc_shift4_scale_0p8_1p2_steps20000_tr1]:  68%|██████▊   | 13517/20000 [05:26<02:09, 50.25it/s, acc=0.368, device=mps, eta=2m39s, loss=1.7950, sps=41.4]
BC[stage1_datasets_L40_stepsweep/bc_shift4_scale_0p8_1p2_steps20000_tr1]:  68%|██████▊   | 13524/20000 [05:26<02:48, 38.38it/s, acc=0.368, device=mps, eta=2m39s, loss=1.7950, sps=41.4]
BC[stage1_datasets_L40_stepsweep/bc_shift4_scale_0p8_1p2_steps20000_tr1]:  68%|██████▊   | 13532/20000 [05:26<02:22, 45.45it/s, acc=0.368, device=mps, eta=2m39s, loss=1.7950, sps=41.4]
BC[stage1_datasets_L40_stepsweep/bc_shift4_scale_0p8_1p2_steps20000_tr1]:  68%|██████▊   | 13541/20000 [05:27<02:49, 38.20it/s, acc=0.368, device=mps, eta=2m39s, loss=1.7950, sps=41.4]
BC[stage1_datasets_L40_stepsweep/bc_shift4_scale_0p8_1p2_steps20000_tr1]:  68%|██████▊   | 13549/20000 [05:27<02:23, 44.91it/s, acc=0.368, device=mps, eta=2m39s, loss=1.7950, sps=41.4]
BC[stage1_datasets_L40_stepsweep/bc_shift4_scale_0p8_1p2_steps20000_tr1]:  68%|██████▊   | 13557/20000 [05:27<02:06, 50.93it/s, acc=0.368, device=mps, eta=2m39s, loss=1.7950, sps=41.4]
BC[stage1_datasets_L40_stepsweep/bc_shift4_scale_0p8_1p2_steps20000_tr1]:  68%|██████▊   | 13564/20000 [05:27<02:44, 39.05it/s, acc=0.368, device=mps, eta=2m39s, loss=1.7950, sps=41.4]
BC[stage1_datasets_L40_stepsweep/bc_shift4_scale_0p8_1p2_steps20000_tr1]:  68%|██████▊   | 13572/20000 [05:27<02:20, 45.80it/s, acc=0.368, device=mps, eta=2m39s, loss=1.7950, sps=41.4]
BC[stage1_datasets_L40_stepsweep/bc_shift4_scale_0p8_1p2_steps20000_tr1]:  68%|██████▊   | 13580/20000 [05:27<02:01, 52.67it/s, acc=0.368, device=mps, eta=2m39s, loss=1.7950, sps=41.4]
BC[stage1_datasets_L40_stepsweep/bc_shift4_scale_0p8_1p2_steps20000_tr1]:  68%|██████▊   | 13587/20000 [05:28<02:43, 39.25it/s, acc=0.368, device=mps, eta=2m39s, loss=1.7950, sps=41.4]
BC[stage1_datasets_L40_stepsweep/bc_shift4_scale_0p8_1p2_steps20000_tr1]:  68%|██████▊   | 13595/20000 [05:28<02:18, 46.19it/s, acc=0.368, device=mps, eta=2m39s, loss=1.7950, sps=41.4]
BC[stage1_datasets_L40_stepsweep/bc_shift4_scale_0p8_1p2_steps20000_tr1]:  68%|██████▊   | 13595/20000 [05:28<02:18, 46.19it/s, acc=0.359, device=mps, eta=2m34s, loss=1.8253, sps=41.4]
BC[stage1_datasets_L40_stepsweep/bc_shift4_scale_0p8_1p2_steps20000_tr1]:  68%|██████▊   | 13601/20000 [05:28<02:59, 35.71it/s, acc=0.359, device=mps, eta=2m34s, loss=1.8253, sps=41.4]
BC[stage1_datasets_L40_stepsweep/bc_shift4_scale_0p8_1p2_steps20000_tr1]:  68%|██████▊   | 13610/20000 [05:28<02:24, 44.27it/s, acc=0.359, device=mps, eta=2m34s, loss=1.8253, sps=41.4]
BC[stage1_datasets_L40_stepsweep/bc_shift4_scale_0p8_1p2_steps20000_tr1]:  68%|██████▊   | 13618/20000 [05:28<02:05, 50.90it/s, acc=0.359, device=mps, eta=2m34s, loss=1.8253, sps=41.4]
BC[stage1_datasets_L40_stepsweep/bc_shift4_scale_0p8_1p2_steps20000_tr1]:  68%|██████▊   | 13625/20000 [05:29<02:43, 39.02it/s, acc=0.359, device=mps, eta=2m34s, loss=1.8253, sps=41.4]
BC[stage1_datasets_L40_stepsweep/bc_shift4_scale_0p8_1p2_steps20000_tr1]:  68%|██████▊   | 13633/20000 [05:29<02:18, 45.92it/s, acc=0.359, device=mps, eta=2m34s, loss=1.8253, sps=41.4]
BC[stage1_datasets_L40_stepsweep/bc_shift4_scale_0p8_1p2_steps20000_tr1]:  68%|██████▊   | 13641/20000 [05:29<02:51, 37.14it/s, acc=0.359, device=mps, eta=2m34s, loss=1.8253, sps=41.4]
BC[stage1_datasets_L40_stepsweep/bc_shift4_scale_0p8_1p2_steps20000_tr1]:  68%|██████▊   | 13649/20000 [05:29<02:24, 44.05it/s, acc=0.359, device=mps, eta=2m34s, loss=1.8253, sps=41.4]
BC[stage1_datasets_L40_stepsweep/bc_shift4_scale_0p8_1p2_steps20000_tr1]:  68%|██████▊   | 13657/20000 [05:29<02:06, 50.31it/s, acc=0.359, device=mps, eta=2m34s, loss=1.8253, sps=41.4]
BC[stage1_datasets_L40_stepsweep/bc_shift4_scale_0p8_1p2_steps20000_tr1]:  68%|██████▊   | 13664/20000 [05:29<02:44, 38.62it/s, acc=0.359, device=mps, eta=2m34s, loss=1.8253, sps=41.4]
BC[stage1_datasets_L40_stepsweep/bc_shift4_scale_0p8_1p2_steps20000_tr1]:  68%|██████▊   | 13672/20000 [05:30<02:18, 45.61it/s, acc=0.359, device=mps, eta=2m34s, loss=1.8253, sps=41.4]
BC[stage1_datasets_L40_stepsweep/bc_shift4_scale_0p8_1p2_steps20000_tr1]:  68%|██████▊   | 13681/20000 [05:30<02:47, 37.80it/s, acc=0.359, device=mps, eta=2m34s, loss=1.8253, sps=41.4]
BC[stage1_datasets_L40_stepsweep/bc_shift4_scale_0p8_1p2_steps20000_tr1]:  68%|██████▊   | 13687/20000 [05:30<02:32, 41.28it/s, acc=0.359, device=mps, eta=2m34s, loss=1.8253, sps=41.4]
BC[stage1_datasets_L40_stepsweep/bc_shift4_scale_0p8_1p2_steps20000_tr1]:  68%|██████▊   | 13693/20000 [05:30<02:22, 44.25it/s, acc=0.359, device=mps, eta=2m34s, loss=1.8253, sps=41.4]
BC[stage1_datasets_L40_stepsweep/bc_shift4_scale_0p8_1p2_steps20000_tr1]:  69%|██████▊   | 13701/20000 [05:30<02:58, 35.25it/s, acc=0.359, device=mps, eta=2m34s, loss=1.8253, sps=41.4]
BC[stage1_datasets_L40_stepsweep/bc_shift4_scale_0p8_1p2_steps20000_tr1]:  69%|██████▊   | 13707/20000 [05:30<02:41, 39.01it/s, acc=0.359, device=mps, eta=2m34s, loss=1.8253, sps=41.4]
BC[stage1_datasets_L40_stepsweep/bc_shift4_scale_0p8_1p2_steps20000_tr1]:  69%|██████▊   | 13713/20000 [05:31<02:29, 42.15it/s, acc=0.359, device=mps, eta=2m34s, loss=1.8253, sps=41.4]
BC[stage1_datasets_L40_stepsweep/bc_shift4_scale_0p8_1p2_steps20000_tr1]:  69%|██████▊   | 13720/20000 [05:31<02:10, 48.05it/s, acc=0.359, device=mps, eta=2m34s, loss=1.8253, sps=41.4]
BC[stage1_datasets_L40_stepsweep/bc_shift4_scale_0p8_1p2_steps20000_tr1]:  69%|██████▊   | 13726/20000 [05:31<02:56, 35.56it/s, acc=0.359, device=mps, eta=2m34s, loss=1.8253, sps=41.4]
BC[stage1_datasets_L40_stepsweep/bc_shift4_scale_0p8_1p2_steps20000_tr1]:  69%|██████▊   | 13734/20000 [05:31<02:24, 43.38it/s, acc=0.359, device=mps, eta=2m34s, loss=1.8253, sps=41.4]
BC[stage1_datasets_L40_stepsweep/bc_shift4_scale_0p8_1p2_steps20000_tr1]:  69%|██████▊   | 13741/20000 [05:31<03:00, 34.71it/s, acc=0.359, device=mps, eta=2m34s, loss=1.8253, sps=41.4]
BC[stage1_datasets_L40_stepsweep/bc_shift4_scale_0p8_1p2_steps20000_tr1]:  69%|██████▊   | 13749/20000 [05:32<02:27, 42.31it/s, acc=0.359, device=mps, eta=2m34s, loss=1.8253, sps=41.4]
BC[stage1_datasets_L40_stepsweep/bc_shift4_scale_0p8_1p2_steps20000_tr1]:  69%|██████▉   | 13757/20000 [05:32<02:07, 49.14it/s, acc=0.359, device=mps, eta=2m34s, loss=1.8253, sps=41.4]
BC[stage1_datasets_L40_stepsweep/bc_shift4_scale_0p8_1p2_steps20000_tr1]:  69%|██████▉   | 13764/20000 [05:32<02:45, 37.73it/s, acc=0.359, device=mps, eta=2m34s, loss=1.8253, sps=41.4]
BC[stage1_datasets_L40_stepsweep/bc_shift4_scale_0p8_1p2_steps20000_tr1]:  69%|██████▉   | 13772/20000 [05:32<02:18, 44.97it/s, acc=0.359, device=mps, eta=2m34s, loss=1.8253, sps=41.4]
BC[stage1_datasets_L40_stepsweep/bc_shift4_scale_0p8_1p2_steps20000_tr1]:  69%|██████▉   | 13781/20000 [05:32<02:46, 37.37it/s, acc=0.359, device=mps, eta=2m34s, loss=1.8253, sps=41.4]
BC[stage1_datasets_L40_stepsweep/bc_shift4_scale_0p8_1p2_steps20000_tr1]:  69%|██████▉   | 13789/20000 [05:32<02:22, 43.55it/s, acc=0.359, device=mps, eta=2m34s, loss=1.8253, sps=41.4]
BC[stage1_datasets_L40_stepsweep/bc_shift4_scale_0p8_1p2_steps20000_tr1]:  69%|██████▉   | 13795/20000 [05:33<02:13, 46.38it/s, acc=0.359, device=mps, eta=2m34s, loss=1.8253, sps=41.4]
BC[stage1_datasets_L40_stepsweep/bc_shift4_scale_0p8_1p2_steps20000_tr1]:  69%|██████▉   | 13795/20000 [05:33<02:13, 46.38it/s, acc=0.372, device=mps, eta=2m30s, loss=1.7826, sps=41.4]
BC[stage1_datasets_L40_stepsweep/bc_shift4_scale_0p8_1p2_steps20000_tr1]:  69%|██████▉   | 13801/20000 [05:33<02:54, 35.54it/s, acc=0.372, device=mps, eta=2m30s, loss=1.7826, sps=41.4]
BC[stage1_datasets_L40_stepsweep/bc_shift4_scale_0p8_1p2_steps20000_tr1]:  69%|██████▉   | 13808/20000 [05:33<02:31, 40.91it/s, acc=0.372, device=mps, eta=2m30s, loss=1.7826, sps=41.4]
BC[stage1_datasets_L40_stepsweep/bc_shift4_scale_0p8_1p2_steps20000_tr1]:  69%|██████▉   | 13815/20000 [05:33<02:15, 45.64it/s, acc=0.372, device=mps, eta=2m30s, loss=1.7826, sps=41.4]
BC[stage1_datasets_L40_stepsweep/bc_shift4_scale_0p8_1p2_steps20000_tr1]:  69%|██████▉   | 13821/20000 [05:33<03:01, 34.13it/s, acc=0.372, device=mps, eta=2m30s, loss=1.7826, sps=41.4]
BC[stage1_datasets_L40_stepsweep/bc_shift4_scale_0p8_1p2_steps20000_tr1]:  69%|██████▉   | 13828/20000 [05:33<02:36, 39.34it/s, acc=0.372, device=mps, eta=2m30s, loss=1.7826, sps=41.4]
BC[stage1_datasets_L40_stepsweep/bc_shift4_scale_0p8_1p2_steps20000_tr1]:  69%|██████▉   | 13835/20000 [05:34<02:19, 44.33it/s, acc=0.372, device=mps, eta=2m30s, loss=1.7826, sps=41.4]
BC[stage1_datasets_L40_stepsweep/bc_shift4_scale_0p8_1p2_steps20000_tr1]:  69%|██████▉   | 13841/20000 [05:34<03:01, 33.85it/s, acc=0.372, device=mps, eta=2m30s, loss=1.7826, sps=41.4]
BC[stage1_datasets_L40_stepsweep/bc_shift4_scale_0p8_1p2_steps20000_tr1]:  69%|██████▉   | 13849/20000 [05:34<02:27, 41.69it/s, acc=0.372, device=mps, eta=2m30s, loss=1.7826, sps=41.4]
BC[stage1_datasets_L40_stepsweep/bc_shift4_scale_0p8_1p2_steps20000_tr1]:  69%|██████▉   | 13857/20000 [05:34<02:05, 49.08it/s, acc=0.372, device=mps, eta=2m30s, loss=1.7826, sps=41.4]
BC[stage1_datasets_L40_stepsweep/bc_shift4_scale_0p8_1p2_steps20000_tr1]:  69%|██████▉   | 13864/20000 [05:34<02:43, 37.50it/s, acc=0.372, device=mps, eta=2m30s, loss=1.7826, sps=41.4]
BC[stage1_datasets_L40_stepsweep/bc_shift4_scale_0p8_1p2_steps20000_tr1]:  69%|██████▉   | 13870/20000 [05:34<02:30, 40.87it/s, acc=0.372, device=mps, eta=2m30s, loss=1.7826, sps=41.4]
BC[stage1_datasets_L40_stepsweep/bc_shift4_scale_0p8_1p2_steps20000_tr1]:  69%|██████▉   | 13876/20000 [05:35<02:18, 44.18it/s, acc=0.372, device=mps, eta=2m30s, loss=1.7826, sps=41.4]
BC[stage1_datasets_L40_stepsweep/bc_shift4_scale_0p8_1p2_steps20000_tr1]:  69%|██████▉   | 13882/20000 [05:35<03:02, 33.45it/s, acc=0.372, device=mps, eta=2m30s, loss=1.7826, sps=41.4]
BC[stage1_datasets_L40_stepsweep/bc_shift4_scale_0p8_1p2_steps20000_tr1]:  69%|██████▉   | 13891/20000 [05:35<02:22, 42.85it/s, acc=0.372, device=mps, eta=2m30s, loss=1.7826, sps=41.4]
BC[stage1_datasets_L40_stepsweep/bc_shift4_scale_0p8_1p2_steps20000_tr1]:  70%|██████▉   | 13900/20000 [05:35<01:57, 52.09it/s, acc=0.372, device=mps, eta=2m30s, loss=1.7826, sps=41.4]
BC[stage1_datasets_L40_stepsweep/bc_shift4_scale_0p8_1p2_steps20000_tr1]:  70%|██████▉   | 13907/20000 [05:35<02:45, 36.86it/s, acc=0.372, device=mps, eta=2m30s, loss=1.7826, sps=41.4]
BC[stage1_datasets_L40_stepsweep/bc_shift4_scale_0p8_1p2_steps20000_tr1]:  70%|██████▉   | 13913/20000 [05:36<02:30, 40.52it/s, acc=0.372, device=mps, eta=2m30s, loss=1.7826, sps=41.4]
BC[stage1_datasets_L40_stepsweep/bc_shift4_scale_0p8_1p2_steps20000_tr1]:  70%|██████▉   | 13920/20000 [05:36<02:12, 45.98it/s, acc=0.372, device=mps, eta=2m30s, loss=1.7826, sps=41.4]
BC[stage1_datasets_L40_stepsweep/bc_shift4_scale_0p8_1p2_steps20000_tr1]:  70%|██████▉   | 13926/20000 [05:36<02:50, 35.68it/s, acc=0.372, device=mps, eta=2m30s, loss=1.7826, sps=41.4]
BC[stage1_datasets_L40_stepsweep/bc_shift4_scale_0p8_1p2_steps20000_tr1]:  70%|██████▉   | 13934/20000 [05:36<02:19, 43.39it/s, acc=0.372, device=mps, eta=2m30s, loss=1.7826, sps=41.4]
BC[stage1_datasets_L40_stepsweep/bc_shift4_scale_0p8_1p2_steps20000_tr1]:  70%|██████▉   | 13941/20000 [05:36<02:52, 35.19it/s, acc=0.372, device=mps, eta=2m30s, loss=1.7826, sps=41.4]
BC[stage1_datasets_L40_stepsweep/bc_shift4_scale_0p8_1p2_steps20000_tr1]:  70%|██████▉   | 13949/20000 [05:36<02:22, 42.54it/s, acc=0.372, device=mps, eta=2m30s, loss=1.7826, sps=41.4]
BC[stage1_datasets_L40_stepsweep/bc_shift4_scale_0p8_1p2_steps20000_tr1]:  70%|██████▉   | 13957/20000 [05:37<02:02, 49.53it/s, acc=0.372, device=mps, eta=2m30s, loss=1.7826, sps=41.4]
BC[stage1_datasets_L40_stepsweep/bc_shift4_scale_0p8_1p2_steps20000_tr1]:  70%|██████▉   | 13964/20000 [05:37<02:38, 38.04it/s, acc=0.372, device=mps, eta=2m30s, loss=1.7826, sps=41.4]
BC[stage1_datasets_L40_stepsweep/bc_shift4_scale_0p8_1p2_steps20000_tr1]:  70%|██████▉   | 13972/20000 [05:37<02:13, 45.05it/s, acc=0.372, device=mps, eta=2m30s, loss=1.7826, sps=41.4]
BC[stage1_datasets_L40_stepsweep/bc_shift4_scale_0p8_1p2_steps20000_tr1]:  70%|██████▉   | 13980/20000 [05:37<01:55, 52.04it/s, acc=0.372, device=mps, eta=2m30s, loss=1.7826, sps=41.4]
BC[stage1_datasets_L40_stepsweep/bc_shift4_scale_0p8_1p2_steps20000_tr1]:  70%|██████▉   | 13987/20000 [05:37<02:34, 38.86it/s, acc=0.372, device=mps, eta=2m30s, loss=1.7826, sps=41.4]
BC[stage1_datasets_L40_stepsweep/bc_shift4_scale_0p8_1p2_steps20000_tr1]:  70%|██████▉   | 13995/20000 [05:37<02:10, 46.03it/s, acc=0.372, device=mps, eta=2m30s, loss=1.7826, sps=41.4]
BC[stage1_datasets_L40_stepsweep/bc_shift4_scale_0p8_1p2_steps20000_tr1]:  70%|██████▉   | 13995/20000 [05:37<02:10, 46.03it/s, acc=0.361, device=mps, eta=2m25s, loss=1.8060, sps=41.4]
BC[stage1_datasets_L40_stepsweep/bc_shift4_scale_0p8_1p2_steps20000_tr1]:  70%|███████   | 14001/20000 [05:38<02:48, 35.59it/s, acc=0.361, device=mps, eta=2m25s, loss=1.8060, sps=41.4]
BC[stage1_datasets_L40_stepsweep/bc_shift4_scale_0p8_1p2_steps20000_tr1]:  70%|███████   | 14007/20000 [05:38<02:32, 39.40it/s, acc=0.361, device=mps, eta=2m25s, loss=1.8060, sps=41.4]
BC[stage1_datasets_L40_stepsweep/bc_shift4_scale_0p8_1p2_steps20000_tr1]:  70%|███████   | 14013/20000 [05:38<02:20, 42.70it/s, acc=0.361, device=mps, eta=2m25s, loss=1.8060, sps=41.4]
BC[stage1_datasets_L40_stepsweep/bc_shift4_scale_0p8_1p2_steps20000_tr1]:  70%|███████   | 14020/20000 [05:38<02:03, 48.60it/s, acc=0.361, device=mps, eta=2m25s, loss=1.8060, sps=41.4]
BC[stage1_datasets_L40_stepsweep/bc_shift4_scale_0p8_1p2_steps20000_tr1]:  70%|███████   | 14026/20000 [05:38<02:47, 35.70it/s, acc=0.361, device=mps, eta=2m25s, loss=1.8060, sps=41.4]
BC[stage1_datasets_L40_stepsweep/bc_shift4_scale_0p8_1p2_steps20000_tr1]:  70%|███████   | 14034/20000 [05:38<02:16, 43.71it/s, acc=0.361, device=mps, eta=2m25s, loss=1.8060, sps=41.4]
BC[stage1_datasets_L40_stepsweep/bc_shift4_scale_0p8_1p2_steps20000_tr1]:  70%|███████   | 14041/20000 [05:39<02:51, 34.85it/s, acc=0.361, device=mps, eta=2m25s, loss=1.8060, sps=41.4]
BC[stage1_datasets_L40_stepsweep/bc_shift4_scale_0p8_1p2_steps20000_tr1]:  70%|███████   | 14047/20000 [05:39<02:36, 38.09it/s, acc=0.361, device=mps, eta=2m25s, loss=1.8060, sps=41.4]
BC[stage1_datasets_L40_stepsweep/bc_shift4_scale_0p8_1p2_steps20000_tr1]:  70%|███████   | 14054/20000 [05:39<02:17, 43.28it/s, acc=0.361, device=mps, eta=2m25s, loss=1.8060, sps=41.4]
BC[stage1_datasets_L40_stepsweep/bc_shift4_scale_0p8_1p2_steps20000_tr1]:  70%|███████   | 14061/20000 [05:39<02:54, 34.10it/s, acc=0.361, device=mps, eta=2m25s, loss=1.8060, sps=41.4]
BC[stage1_datasets_L40_stepsweep/bc_shift4_scale_0p8_1p2_steps20000_tr1]:  70%|███████   | 14069/20000 [05:39<02:21, 41.86it/s, acc=0.361, device=mps, eta=2m25s, loss=1.8060, sps=41.4]
BC[stage1_datasets_L40_stepsweep/bc_shift4_scale_0p8_1p2_steps20000_tr1]:  70%|███████   | 14077/20000 [05:39<02:01, 48.89it/s, acc=0.361, device=mps, eta=2m25s, loss=1.8060, sps=41.4]
BC[stage1_datasets_L40_stepsweep/bc_shift4_scale_0p8_1p2_steps20000_tr1]:  70%|███████   | 14083/20000 [05:40<02:42, 36.30it/s, acc=0.361, device=mps, eta=2m25s, loss=1.8060, sps=41.4]
BC[stage1_datasets_L40_stepsweep/bc_shift4_scale_0p8_1p2_steps20000_tr1]:  70%|███████   | 14089/20000 [05:40<02:26, 40.37it/s, acc=0.361, device=mps, eta=2m25s, loss=1.8060, sps=41.4]
BC[stage1_datasets_L40_stepsweep/bc_shift4_scale_0p8_1p2_steps20000_tr1]:  70%|███████   | 14095/20000 [05:40<02:14, 44.06it/s, acc=0.361, device=mps, eta=2m25s, loss=1.8060, sps=41.4]
BC[stage1_datasets_L40_stepsweep/bc_shift4_scale_0p8_1p2_steps20000_tr1]:  71%|███████   | 14101/20000 [05:40<02:58, 33.13it/s, acc=0.361, device=mps, eta=2m25s, loss=1.8060, sps=41.4]
BC[stage1_datasets_L40_stepsweep/bc_shift4_scale_0p8_1p2_steps20000_tr1]:  71%|███████   | 14109/20000 [05:40<02:22, 41.38it/s, acc=0.361, device=mps, eta=2m25s, loss=1.8060, sps=41.4]
BC[stage1_datasets_L40_stepsweep/bc_shift4_scale_0p8_1p2_steps20000_tr1]:  71%|███████   | 14117/20000 [05:40<02:01, 48.49it/s, acc=0.361, device=mps, eta=2m25s, loss=1.8060, sps=41.4]
BC[stage1_datasets_L40_stepsweep/bc_shift4_scale_0p8_1p2_steps20000_tr1]:  71%|███████   | 14123/20000 [05:41<02:41, 36.35it/s, acc=0.361, device=mps, eta=2m25s, loss=1.8060, sps=41.4]
BC[stage1_datasets_L40_stepsweep/bc_shift4_scale_0p8_1p2_steps20000_tr1]:  71%|███████   | 14131/20000 [05:41<02:13, 44.00it/s, acc=0.361, device=mps, eta=2m25s, loss=1.8060, sps=41.4]
BC[stage1_datasets_L40_stepsweep/bc_shift4_scale_0p8_1p2_steps20000_tr1]:  71%|███████   | 14139/20000 [05:41<01:55, 50.77it/s, acc=0.361, device=mps, eta=2m25s, loss=1.8060, sps=41.4]
BC[stage1_datasets_L40_stepsweep/bc_shift4_scale_0p8_1p2_steps20000_tr1]:  71%|███████   | 14146/20000 [05:41<02:33, 38.06it/s, acc=0.361, device=mps, eta=2m25s, loss=1.8060, sps=41.4]
BC[stage1_datasets_L40_stepsweep/bc_shift4_scale_0p8_1p2_steps20000_tr1]:  71%|███████   | 14152/20000 [05:41<02:21, 41.19it/s, acc=0.361, device=mps, eta=2m25s, loss=1.8060, sps=41.4]
BC[stage1_datasets_L40_stepsweep/bc_shift4_scale_0p8_1p2_steps20000_tr1]:  71%|███████   | 14158/20000 [05:41<02:12, 44.04it/s, acc=0.361, device=mps, eta=2m25s, loss=1.8060, sps=41.4]
BC[stage1_datasets_L40_stepsweep/bc_shift4_scale_0p8_1p2_steps20000_tr1]:  71%|███████   | 14164/20000 [05:42<02:55, 33.28it/s, acc=0.361, device=mps, eta=2m25s, loss=1.8060, sps=41.4]
BC[stage1_datasets_L40_stepsweep/bc_shift4_scale_0p8_1p2_steps20000_tr1]:  71%|███████   | 14171/20000 [05:42<02:31, 38.59it/s, acc=0.361, device=mps, eta=2m25s, loss=1.8060, sps=41.4]
BC[stage1_datasets_L40_stepsweep/bc_shift4_scale_0p8_1p2_steps20000_tr1]:  71%|███████   | 14177/20000 [05:42<02:18, 42.17it/s, acc=0.361, device=mps, eta=2m25s, loss=1.8060, sps=41.4]
BC[stage1_datasets_L40_stepsweep/bc_shift4_scale_0p8_1p2_steps20000_tr1]:  71%|███████   | 14182/20000 [05:42<03:07, 31.03it/s, acc=0.361, device=mps, eta=2m25s, loss=1.8060, sps=41.4]
BC[stage1_datasets_L40_stepsweep/bc_shift4_scale_0p8_1p2_steps20000_tr1]:  71%|███████   | 14190/20000 [05:42<02:29, 38.84it/s, acc=0.361, device=mps, eta=2m25s, loss=1.8060, sps=41.4]
BC[stage1_datasets_L40_stepsweep/bc_shift4_scale_0p8_1p2_steps20000_tr1]:  71%|███████   | 14196/20000 [05:42<02:17, 42.11it/s, acc=0.361, device=mps, eta=2m25s, loss=1.8060, sps=41.4]
BC[stage1_datasets_L40_stepsweep/bc_shift4_scale_0p8_1p2_steps20000_tr1]:  71%|███████   | 14196/20000 [05:43<02:17, 42.11it/s, acc=0.378, device=mps, eta=2m20s, loss=1.7631, sps=41.4]
BC[stage1_datasets_L40_stepsweep/bc_shift4_scale_0p8_1p2_steps20000_tr1]:  71%|███████   | 14202/20000 [05:43<03:00, 32.05it/s, acc=0.378, device=mps, eta=2m20s, loss=1.7631, sps=41.4]
BC[stage1_datasets_L40_stepsweep/bc_shift4_scale_0p8_1p2_steps20000_tr1]:  71%|███████   | 14208/20000 [05:43<02:40, 36.06it/s, acc=0.378, device=mps, eta=2m20s, loss=1.7631, sps=41.4]
BC[stage1_datasets_L40_stepsweep/bc_shift4_scale_0p8_1p2_steps20000_tr1]:  71%|███████   | 14214/20000 [05:43<02:24, 39.93it/s, acc=0.378, device=mps, eta=2m20s, loss=1.7631, sps=41.4]
BC[stage1_datasets_L40_stepsweep/bc_shift4_scale_0p8_1p2_steps20000_tr1]:  71%|███████   | 14221/20000 [05:43<03:01, 31.85it/s, acc=0.378, device=mps, eta=2m20s, loss=1.7631, sps=41.4]
BC[stage1_datasets_L40_stepsweep/bc_shift4_scale_0p8_1p2_steps20000_tr1]:  71%|███████   | 14229/20000 [05:43<02:23, 40.11it/s, acc=0.378, device=mps, eta=2m20s, loss=1.7631, sps=41.4]
BC[stage1_datasets_L40_stepsweep/bc_shift4_scale_0p8_1p2_steps20000_tr1]:  71%|███████   | 14237/20000 [05:44<02:01, 47.57it/s, acc=0.378, device=mps, eta=2m20s, loss=1.7631, sps=41.4]
BC[stage1_datasets_L40_stepsweep/bc_shift4_scale_0p8_1p2_steps20000_tr1]:  71%|███████   | 14243/20000 [05:44<02:43, 35.11it/s, acc=0.378, device=mps, eta=2m20s, loss=1.7631, sps=41.4]
BC[stage1_datasets_L40_stepsweep/bc_shift4_scale_0p8_1p2_steps20000_tr1]:  71%|███████   | 14249/20000 [05:44<02:28, 38.63it/s, acc=0.378, device=mps, eta=2m20s, loss=1.7631, sps=41.4]
BC[stage1_datasets_L40_stepsweep/bc_shift4_scale_0p8_1p2_steps20000_tr1]:  71%|███████▏  | 14255/20000 [05:44<02:14, 42.83it/s, acc=0.378, device=mps, eta=2m20s, loss=1.7631, sps=41.4]
BC[stage1_datasets_L40_stepsweep/bc_shift4_scale_0p8_1p2_steps20000_tr1]:  71%|███████▏  | 14261/20000 [05:44<02:56, 32.55it/s, acc=0.378, device=mps, eta=2m20s, loss=1.7631, sps=41.4]
BC[stage1_datasets_L40_stepsweep/bc_shift4_scale_0p8_1p2_steps20000_tr1]:  71%|███████▏  | 14267/20000 [05:44<02:33, 37.26it/s, acc=0.378, device=mps, eta=2m20s, loss=1.7631, sps=41.4]
BC[stage1_datasets_L40_stepsweep/bc_shift4_scale_0p8_1p2_steps20000_tr1]:  71%|███████▏  | 14273/20000 [05:45<02:18, 41.23it/s, acc=0.378, device=mps, eta=2m20s, loss=1.7631, sps=41.4]
BC[stage1_datasets_L40_stepsweep/bc_shift4_scale_0p8_1p2_steps20000_tr1]:  71%|███████▏  | 14280/20000 [05:45<02:00, 47.29it/s, acc=0.378, device=mps, eta=2m20s, loss=1.7631, sps=41.4]
BC[stage1_datasets_L40_stepsweep/bc_shift4_scale_0p8_1p2_steps20000_tr1]:  71%|███████▏  | 14286/20000 [05:45<02:43, 34.93it/s, acc=0.378, device=mps, eta=2m20s, loss=1.7631, sps=41.4]
BC[stage1_datasets_L40_stepsweep/bc_shift4_scale_0p8_1p2_steps20000_tr1]:  71%|███████▏  | 14294/20000 [05:45<02:12, 43.06it/s, acc=0.378, device=mps, eta=2m20s, loss=1.7631, sps=41.4]
BC[stage1_datasets_L40_stepsweep/bc_shift4_scale_0p8_1p2_steps20000_tr1]:  72%|███████▏  | 14301/20000 [05:45<02:45, 34.37it/s, acc=0.378, device=mps, eta=2m20s, loss=1.7631, sps=41.4]
BC[stage1_datasets_L40_stepsweep/bc_shift4_scale_0p8_1p2_steps20000_tr1]:  72%|███████▏  | 14309/20000 [05:45<02:17, 41.25it/s, acc=0.378, device=mps, eta=2m20s, loss=1.7631, sps=41.4]
BC[stage1_datasets_L40_stepsweep/bc_shift4_scale_0p8_1p2_steps20000_tr1]:  72%|███████▏  | 14315/20000 [05:46<02:10, 43.70it/s, acc=0.378, device=mps, eta=2m20s, loss=1.7631, sps=41.4]
BC[stage1_datasets_L40_stepsweep/bc_shift4_scale_0p8_1p2_steps20000_tr1]:  72%|███████▏  | 14321/20000 [05:46<02:52, 33.00it/s, acc=0.378, device=mps, eta=2m20s, loss=1.7631, sps=41.4]
BC[stage1_datasets_L40_stepsweep/bc_shift4_scale_0p8_1p2_steps20000_tr1]:  72%|███████▏  | 14327/20000 [05:46<02:31, 37.50it/s, acc=0.378, device=mps, eta=2m20s, loss=1.7631, sps=41.4]
BC[stage1_datasets_L40_stepsweep/bc_shift4_scale_0p8_1p2_steps20000_tr1]:  72%|███████▏  | 14333/20000 [05:46<02:17, 41.07it/s, acc=0.378, device=mps, eta=2m20s, loss=1.7631, sps=41.4]
BC[stage1_datasets_L40_stepsweep/bc_shift4_scale_0p8_1p2_steps20000_tr1]:  72%|███████▏  | 14340/20000 [05:46<02:01, 46.60it/s, acc=0.378, device=mps, eta=2m20s, loss=1.7631, sps=41.4]
BC[stage1_datasets_L40_stepsweep/bc_shift4_scale_0p8_1p2_steps20000_tr1]:  72%|███████▏  | 14346/20000 [05:46<02:42, 34.87it/s, acc=0.378, device=mps, eta=2m20s, loss=1.7631, sps=41.4]
BC[stage1_datasets_L40_stepsweep/bc_shift4_scale_0p8_1p2_steps20000_tr1]:  72%|███████▏  | 14354/20000 [05:47<02:11, 42.88it/s, acc=0.378, device=mps, eta=2m20s, loss=1.7631, sps=41.4]
BC[stage1_datasets_L40_stepsweep/bc_shift4_scale_0p8_1p2_steps20000_tr1]:  72%|███████▏  | 14361/20000 [05:47<02:43, 34.52it/s, acc=0.378, device=mps, eta=2m20s, loss=1.7631, sps=41.4]
BC[stage1_datasets_L40_stepsweep/bc_shift4_scale_0p8_1p2_steps20000_tr1]:  72%|███████▏  | 14369/20000 [05:47<02:13, 42.19it/s, acc=0.378, device=mps, eta=2m20s, loss=1.7631, sps=41.4]
BC[stage1_datasets_L40_stepsweep/bc_shift4_scale_0p8_1p2_steps20000_tr1]:  72%|███████▏  | 14377/20000 [05:47<01:53, 49.40it/s, acc=0.378, device=mps, eta=2m20s, loss=1.7631, sps=41.4]
BC[stage1_datasets_L40_stepsweep/bc_shift4_scale_0p8_1p2_steps20000_tr1]:  72%|███████▏  | 14384/20000 [05:47<02:28, 37.76it/s, acc=0.378, device=mps, eta=2m20s, loss=1.7631, sps=41.4]
BC[stage1_datasets_L40_stepsweep/bc_shift4_scale_0p8_1p2_steps20000_tr1]:  72%|███████▏  | 14392/20000 [05:47<02:04, 44.97it/s, acc=0.378, device=mps, eta=2m20s, loss=1.7631, sps=41.4]
BC[stage1_datasets_L40_stepsweep/bc_shift4_scale_0p8_1p2_steps20000_tr1]:  72%|███████▏  | 14392/20000 [05:48<02:04, 44.97it/s, acc=0.368, device=mps, eta=2m15s, loss=1.7900, sps=41.4]
BC[stage1_datasets_L40_stepsweep/bc_shift4_scale_0p8_1p2_steps20000_tr1]:  72%|███████▏  | 14400/20000 [05:48<01:48, 51.78it/s, acc=0.368, device=mps, eta=2m15s, loss=1.7900, sps=41.4]
BC[stage1_datasets_L40_stepsweep/bc_shift4_scale_0p8_1p2_steps20000_tr1]:  72%|███████▏  | 14407/20000 [05:48<02:24, 38.71it/s, acc=0.368, device=mps, eta=2m15s, loss=1.7900, sps=41.4]
BC[stage1_datasets_L40_stepsweep/bc_shift4_scale_0p8_1p2_steps20000_tr1]:  72%|███████▏  | 14415/20000 [05:48<02:02, 45.58it/s, acc=0.368, device=mps, eta=2m15s, loss=1.7900, sps=41.4]
BC[stage1_datasets_L40_stepsweep/bc_shift4_scale_0p8_1p2_steps20000_tr1]:  72%|███████▏  | 14421/20000 [05:48<02:37, 35.38it/s, acc=0.368, device=mps, eta=2m15s, loss=1.7900, sps=41.4]
BC[stage1_datasets_L40_stepsweep/bc_shift4_scale_0p8_1p2_steps20000_tr1]:  72%|███████▏  | 14429/20000 [05:48<02:11, 42.50it/s, acc=0.368, device=mps, eta=2m15s, loss=1.7900, sps=41.4]
BC[stage1_datasets_L40_stepsweep/bc_shift4_scale_0p8_1p2_steps20000_tr1]:  72%|███████▏  | 14437/20000 [05:48<01:53, 48.82it/s, acc=0.368, device=mps, eta=2m15s, loss=1.7900, sps=41.4]
BC[stage1_datasets_L40_stepsweep/bc_shift4_scale_0p8_1p2_steps20000_tr1]:  72%|███████▏  | 14444/20000 [05:49<02:29, 37.15it/s, acc=0.368, device=mps, eta=2m15s, loss=1.7900, sps=41.4]
BC[stage1_datasets_L40_stepsweep/bc_shift4_scale_0p8_1p2_steps20000_tr1]:  72%|███████▏  | 14450/20000 [05:49<02:18, 40.00it/s, acc=0.368, device=mps, eta=2m15s, loss=1.7900, sps=41.4]
BC[stage1_datasets_L40_stepsweep/bc_shift4_scale_0p8_1p2_steps20000_tr1]:  72%|███████▏  | 14456/20000 [05:49<02:08, 43.22it/s, acc=0.368, device=mps, eta=2m15s, loss=1.7900, sps=41.4]
BC[stage1_datasets_L40_stepsweep/bc_shift4_scale_0p8_1p2_steps20000_tr1]:  72%|███████▏  | 14462/20000 [05:49<02:48, 32.80it/s, acc=0.368, device=mps, eta=2m15s, loss=1.7900, sps=41.4]
BC[stage1_datasets_L40_stepsweep/bc_shift4_scale_0p8_1p2_steps20000_tr1]:  72%|███████▏  | 14470/20000 [05:49<02:16, 40.62it/s, acc=0.368, device=mps, eta=2m15s, loss=1.7900, sps=41.4]
BC[stage1_datasets_L40_stepsweep/bc_shift4_scale_0p8_1p2_steps20000_tr1]:  72%|███████▏  | 14478/20000 [05:50<01:56, 47.54it/s, acc=0.368, device=mps, eta=2m15s, loss=1.7900, sps=41.4]
BC[stage1_datasets_L40_stepsweep/bc_shift4_scale_0p8_1p2_steps20000_tr1]:  72%|███████▏  | 14484/20000 [05:50<02:30, 36.76it/s, acc=0.368, device=mps, eta=2m15s, loss=1.7900, sps=41.4]
BC[stage1_datasets_L40_stepsweep/bc_shift4_scale_0p8_1p2_steps20000_tr1]:  72%|███████▏  | 14492/20000 [05:50<02:04, 44.08it/s, acc=0.368, device=mps, eta=2m15s, loss=1.7900, sps=41.4]
BC[stage1_datasets_L40_stepsweep/bc_shift4_scale_0p8_1p2_steps20000_tr1]:  72%|███████▎  | 14500/20000 [05:50<01:47, 50.97it/s, acc=0.368, device=mps, eta=2m15s, loss=1.7900, sps=41.4]
BC[stage1_datasets_L40_stepsweep/bc_shift4_scale_0p8_1p2_steps20000_tr1]:  73%|███████▎  | 14507/20000 [05:50<02:24, 38.10it/s, acc=0.368, device=mps, eta=2m15s, loss=1.7900, sps=41.4]
BC[stage1_datasets_L40_stepsweep/bc_shift4_scale_0p8_1p2_steps20000_tr1]:  73%|███████▎  | 14515/20000 [05:50<02:01, 45.22it/s, acc=0.368, device=mps, eta=2m15s, loss=1.7900, sps=41.4]
BC[stage1_datasets_L40_stepsweep/bc_shift4_scale_0p8_1p2_steps20000_tr1]:  73%|███████▎  | 14521/20000 [05:51<02:35, 35.17it/s, acc=0.368, device=mps, eta=2m15s, loss=1.7900, sps=41.4]
BC[stage1_datasets_L40_stepsweep/bc_shift4_scale_0p8_1p2_steps20000_tr1]:  73%|███████▎  | 14529/20000 [05:51<02:08, 42.45it/s, acc=0.368, device=mps, eta=2m15s, loss=1.7900, sps=41.4]
BC[stage1_datasets_L40_stepsweep/bc_shift4_scale_0p8_1p2_steps20000_tr1]:  73%|███████▎  | 14537/20000 [05:51<01:51, 48.89it/s, acc=0.368, device=mps, eta=2m15s, loss=1.7900, sps=41.4]
BC[stage1_datasets_L40_stepsweep/bc_shift4_scale_0p8_1p2_steps20000_tr1]:  73%|███████▎  | 14544/20000 [05:51<02:24, 37.81it/s, acc=0.368, device=mps, eta=2m15s, loss=1.7900, sps=41.4]
BC[stage1_datasets_L40_stepsweep/bc_shift4_scale_0p8_1p2_steps20000_tr1]:  73%|███████▎  | 14552/20000 [05:51<02:01, 44.66it/s, acc=0.368, device=mps, eta=2m15s, loss=1.7900, sps=41.4]
BC[stage1_datasets_L40_stepsweep/bc_shift4_scale_0p8_1p2_steps20000_tr1]:  73%|███████▎  | 14560/20000 [05:51<01:46, 51.08it/s, acc=0.368, device=mps, eta=2m15s, loss=1.7900, sps=41.4]
BC[stage1_datasets_L40_stepsweep/bc_shift4_scale_0p8_1p2_steps20000_tr1]:  73%|███████▎  | 14567/20000 [05:52<02:25, 37.24it/s, acc=0.368, device=mps, eta=2m15s, loss=1.7900, sps=41.4]
BC[stage1_datasets_L40_stepsweep/bc_shift4_scale_0p8_1p2_steps20000_tr1]:  73%|███████▎  | 14573/20000 [05:52<02:11, 41.20it/s, acc=0.368, device=mps, eta=2m15s, loss=1.7900, sps=41.4]
BC[stage1_datasets_L40_stepsweep/bc_shift4_scale_0p8_1p2_steps20000_tr1]:  73%|███████▎  | 14581/20000 [05:52<02:39, 33.93it/s, acc=0.368, device=mps, eta=2m15s, loss=1.7900, sps=41.4]
BC[stage1_datasets_L40_stepsweep/bc_shift4_scale_0p8_1p2_steps20000_tr1]:  73%|███████▎  | 14589/20000 [05:52<02:11, 41.05it/s, acc=0.368, device=mps, eta=2m15s, loss=1.7900, sps=41.4]
BC[stage1_datasets_L40_stepsweep/bc_shift4_scale_0p8_1p2_steps20000_tr1]:  73%|███████▎  | 14597/20000 [05:52<01:53, 47.60it/s, acc=0.368, device=mps, eta=2m15s, loss=1.7900, sps=41.4]
BC[stage1_datasets_L40_stepsweep/bc_shift4_scale_0p8_1p2_steps20000_tr1]:  73%|███████▎  | 14597/20000 [05:52<01:53, 47.60it/s, acc=0.388, device=mps, eta=2m11s, loss=1.7349, sps=41.4]
BC[stage1_datasets_L40_stepsweep/bc_shift4_scale_0p8_1p2_steps20000_tr1]:  73%|███████▎  | 14603/20000 [05:53<02:27, 36.48it/s, acc=0.388, device=mps, eta=2m11s, loss=1.7349, sps=41.4]
BC[stage1_datasets_L40_stepsweep/bc_shift4_scale_0p8_1p2_steps20000_tr1]:  73%|███████▎  | 14611/20000 [05:53<02:03, 43.65it/s, acc=0.388, device=mps, eta=2m11s, loss=1.7349, sps=41.4]
BC[stage1_datasets_L40_stepsweep/bc_shift4_scale_0p8_1p2_steps20000_tr1]:  73%|███████▎  | 14619/20000 [05:53<01:47, 50.06it/s, acc=0.388, device=mps, eta=2m11s, loss=1.7349, sps=41.4]
BC[stage1_datasets_L40_stepsweep/bc_shift4_scale_0p8_1p2_steps20000_tr1]:  73%|███████▎  | 14626/20000 [05:53<02:19, 38.46it/s, acc=0.388, device=mps, eta=2m11s, loss=1.7349, sps=41.4]
BC[stage1_datasets_L40_stepsweep/bc_shift4_scale_0p8_1p2_steps20000_tr1]:  73%|███████▎  | 14634/20000 [05:53<01:58, 45.46it/s, acc=0.388, device=mps, eta=2m11s, loss=1.7349, sps=41.4]
BC[stage1_datasets_L40_stepsweep/bc_shift4_scale_0p8_1p2_steps20000_tr1]:  73%|███████▎  | 14641/20000 [05:54<02:27, 36.23it/s, acc=0.388, device=mps, eta=2m11s, loss=1.7349, sps=41.4]
BC[stage1_datasets_L40_stepsweep/bc_shift4_scale_0p8_1p2_steps20000_tr1]:  73%|███████▎  | 14649/20000 [05:54<02:03, 43.34it/s, acc=0.388, device=mps, eta=2m11s, loss=1.7349, sps=41.4]
BC[stage1_datasets_L40_stepsweep/bc_shift4_scale_0p8_1p2_steps20000_tr1]:  73%|███████▎  | 14657/20000 [05:54<01:47, 49.79it/s, acc=0.388, device=mps, eta=2m11s, loss=1.7349, sps=41.4]
BC[stage1_datasets_L40_stepsweep/bc_shift4_scale_0p8_1p2_steps20000_tr1]:  73%|███████▎  | 14664/20000 [05:54<02:19, 38.17it/s, acc=0.388, device=mps, eta=2m11s, loss=1.7349, sps=41.4]
BC[stage1_datasets_L40_stepsweep/bc_shift4_scale_0p8_1p2_steps20000_tr1]:  73%|███████▎  | 14672/20000 [05:54<01:58, 45.11it/s, acc=0.388, device=mps, eta=2m11s, loss=1.7349, sps=41.4]
BC[stage1_datasets_L40_stepsweep/bc_shift4_scale_0p8_1p2_steps20000_tr1]:  73%|███████▎  | 14680/20000 [05:54<01:42, 52.06it/s, acc=0.388, device=mps, eta=2m11s, loss=1.7349, sps=41.4]
BC[stage1_datasets_L40_stepsweep/bc_shift4_scale_0p8_1p2_steps20000_tr1]:  73%|███████▎  | 14687/20000 [05:55<02:16, 38.84it/s, acc=0.388, device=mps, eta=2m11s, loss=1.7349, sps=41.4]
BC[stage1_datasets_L40_stepsweep/bc_shift4_scale_0p8_1p2_steps20000_tr1]:  73%|███████▎  | 14695/20000 [05:55<01:56, 45.58it/s, acc=0.388, device=mps, eta=2m11s, loss=1.7349, sps=41.4]
BC[stage1_datasets_L40_stepsweep/bc_shift4_scale_0p8_1p2_steps20000_tr1]:  74%|███████▎  | 14701/20000 [05:55<02:29, 35.56it/s, acc=0.388, device=mps, eta=2m11s, loss=1.7349, sps=41.4]
BC[stage1_datasets_L40_stepsweep/bc_shift4_scale_0p8_1p2_steps20000_tr1]:  74%|███████▎  | 14709/20000 [05:55<02:03, 42.91it/s, acc=0.388, device=mps, eta=2m11s, loss=1.7349, sps=41.4]
BC[stage1_datasets_L40_stepsweep/bc_shift4_scale_0p8_1p2_steps20000_tr1]:  74%|███████▎  | 14717/20000 [05:55<01:45, 50.14it/s, acc=0.388, device=mps, eta=2m11s, loss=1.7349, sps=41.4]
BC[stage1_datasets_L40_stepsweep/bc_shift4_scale_0p8_1p2_steps20000_tr1]:  74%|███████▎  | 14724/20000 [05:55<02:19, 37.95it/s, acc=0.388, device=mps, eta=2m11s, loss=1.7349, sps=41.4]
BC[stage1_datasets_L40_stepsweep/bc_shift4_scale_0p8_1p2_steps20000_tr1]:  74%|███████▎  | 14730/20000 [05:56<02:08, 40.92it/s, acc=0.388, device=mps, eta=2m11s, loss=1.7349, sps=41.4]
BC[stage1_datasets_L40_stepsweep/bc_shift4_scale_0p8_1p2_steps20000_tr1]:  74%|███████▎  | 14736/20000 [05:56<01:58, 44.24it/s, acc=0.388, device=mps, eta=2m11s, loss=1.7349, sps=41.4]
BC[stage1_datasets_L40_stepsweep/bc_shift4_scale_0p8_1p2_steps20000_tr1]:  74%|███████▎  | 14742/20000 [05:56<02:36, 33.69it/s, acc=0.388, device=mps, eta=2m11s, loss=1.7349, sps=41.4]
BC[stage1_datasets_L40_stepsweep/bc_shift4_scale_0p8_1p2_steps20000_tr1]:  74%|███████▍  | 14750/20000 [05:56<02:05, 41.68it/s, acc=0.388, device=mps, eta=2m11s, loss=1.7349, sps=41.4]
BC[stage1_datasets_L40_stepsweep/bc_shift4_scale_0p8_1p2_steps20000_tr1]:  74%|███████▍  | 14758/20000 [05:56<01:47, 48.74it/s, acc=0.388, device=mps, eta=2m11s, loss=1.7349, sps=41.4]
BC[stage1_datasets_L40_stepsweep/bc_shift4_scale_0p8_1p2_steps20000_tr1]:  74%|███████▍  | 14764/20000 [05:56<02:22, 36.64it/s, acc=0.388, device=mps, eta=2m11s, loss=1.7349, sps=41.4]
BC[stage1_datasets_L40_stepsweep/bc_shift4_scale_0p8_1p2_steps20000_tr1]:  74%|███████▍  | 14772/20000 [05:57<01:58, 44.15it/s, acc=0.388, device=mps, eta=2m11s, loss=1.7349, sps=41.4]
BC[stage1_datasets_L40_stepsweep/bc_shift4_scale_0p8_1p2_steps20000_tr1]:  74%|███████▍  | 14780/20000 [05:57<01:41, 51.37it/s, acc=0.388, device=mps, eta=2m11s, loss=1.7349, sps=41.4]
BC[stage1_datasets_L40_stepsweep/bc_shift4_scale_0p8_1p2_steps20000_tr1]:  74%|███████▍  | 14787/20000 [05:57<02:15, 38.44it/s, acc=0.388, device=mps, eta=2m11s, loss=1.7349, sps=41.4]
BC[stage1_datasets_L40_stepsweep/bc_shift4_scale_0p8_1p2_steps20000_tr1]:  74%|███████▍  | 14795/20000 [05:57<01:54, 45.44it/s, acc=0.388, device=mps, eta=2m11s, loss=1.7349, sps=41.4]
BC[stage1_datasets_L40_stepsweep/bc_shift4_scale_0p8_1p2_steps20000_tr1]:  74%|███████▍  | 14795/20000 [05:57<01:54, 45.44it/s, acc=0.374, device=mps, eta=2m06s, loss=1.7754, sps=41.4]
BC[stage1_datasets_L40_stepsweep/bc_shift4_scale_0p8_1p2_steps20000_tr1]:  74%|███████▍  | 14801/20000 [05:57<02:27, 35.27it/s, acc=0.374, device=mps, eta=2m06s, loss=1.7754, sps=41.4]
BC[stage1_datasets_L40_stepsweep/bc_shift4_scale_0p8_1p2_steps20000_tr1]:  74%|███████▍  | 14809/20000 [05:57<02:01, 42.68it/s, acc=0.374, device=mps, eta=2m06s, loss=1.7754, sps=41.4]
BC[stage1_datasets_L40_stepsweep/bc_shift4_scale_0p8_1p2_steps20000_tr1]:  74%|███████▍  | 14817/20000 [05:58<01:44, 49.55it/s, acc=0.374, device=mps, eta=2m06s, loss=1.7754, sps=41.4]
BC[stage1_datasets_L40_stepsweep/bc_shift4_scale_0p8_1p2_steps20000_tr1]:  74%|███████▍  | 14824/20000 [05:58<02:16, 37.99it/s, acc=0.374, device=mps, eta=2m06s, loss=1.7754, sps=41.4]
BC[stage1_datasets_L40_stepsweep/bc_shift4_scale_0p8_1p2_steps20000_tr1]:  74%|███████▍  | 14832/20000 [05:58<01:54, 45.14it/s, acc=0.374, device=mps, eta=2m06s, loss=1.7754, sps=41.4]
BC[stage1_datasets_L40_stepsweep/bc_shift4_scale_0p8_1p2_steps20000_tr1]:  74%|███████▍  | 14840/20000 [05:58<01:39, 51.91it/s, acc=0.374, device=mps, eta=2m06s, loss=1.7754, sps=41.4]
BC[stage1_datasets_L40_stepsweep/bc_shift4_scale_0p8_1p2_steps20000_tr1]:  74%|███████▍  | 14847/20000 [05:58<02:12, 38.81it/s, acc=0.374, device=mps, eta=2m06s, loss=1.7754, sps=41.4]
BC[stage1_datasets_L40_stepsweep/bc_shift4_scale_0p8_1p2_steps20000_tr1]:  74%|███████▍  | 14855/20000 [05:58<01:52, 45.68it/s, acc=0.374, device=mps, eta=2m06s, loss=1.7754, sps=41.4]
BC[stage1_datasets_L40_stepsweep/bc_shift4_scale_0p8_1p2_steps20000_tr1]:  74%|███████▍  | 14861/20000 [05:59<02:24, 35.45it/s, acc=0.374, device=mps, eta=2m06s, loss=1.7754, sps=41.4]
BC[stage1_datasets_L40_stepsweep/bc_shift4_scale_0p8_1p2_steps20000_tr1]:  74%|███████▍  | 14869/20000 [05:59<01:59, 42.78it/s, acc=0.374, device=mps, eta=2m06s, loss=1.7754, sps=41.4]
BC[stage1_datasets_L40_stepsweep/bc_shift4_scale_0p8_1p2_steps20000_tr1]:  74%|███████▍  | 14877/20000 [05:59<01:43, 49.43it/s, acc=0.374, device=mps, eta=2m06s, loss=1.7754, sps=41.4]
BC[stage1_datasets_L40_stepsweep/bc_shift4_scale_0p8_1p2_steps20000_tr1]:  74%|███████▍  | 14884/20000 [05:59<02:14, 37.96it/s, acc=0.374, device=mps, eta=2m06s, loss=1.7754, sps=41.4]
BC[stage1_datasets_L40_stepsweep/bc_shift4_scale_0p8_1p2_steps20000_tr1]:  74%|███████▍  | 14892/20000 [05:59<01:53, 45.03it/s, acc=0.374, device=mps, eta=2m06s, loss=1.7754, sps=41.4]
BC[stage1_datasets_L40_stepsweep/bc_shift4_scale_0p8_1p2_steps20000_tr1]:  74%|███████▍  | 14900/20000 [05:59<01:37, 52.05it/s, acc=0.374, device=mps, eta=2m06s, loss=1.7754, sps=41.4]
BC[stage1_datasets_L40_stepsweep/bc_shift4_scale_0p8_1p2_steps20000_tr1]:  75%|███████▍  | 14907/20000 [06:00<02:11, 38.84it/s, acc=0.374, device=mps, eta=2m06s, loss=1.7754, sps=41.4]
BC[stage1_datasets_L40_stepsweep/bc_shift4_scale_0p8_1p2_steps20000_tr1]:  75%|███████▍  | 14915/20000 [06:00<01:50, 45.87it/s, acc=0.374, device=mps, eta=2m06s, loss=1.7754, sps=41.4]
BC[stage1_datasets_L40_stepsweep/bc_shift4_scale_0p8_1p2_steps20000_tr1]:  75%|███████▍  | 14921/20000 [06:00<02:22, 35.53it/s, acc=0.374, device=mps, eta=2m06s, loss=1.7754, sps=41.4]
BC[stage1_datasets_L40_stepsweep/bc_shift4_scale_0p8_1p2_steps20000_tr1]:  75%|███████▍  | 14929/20000 [06:00<01:57, 43.22it/s, acc=0.374, device=mps, eta=2m06s, loss=1.7754, sps=41.4]
BC[stage1_datasets_L40_stepsweep/bc_shift4_scale_0p8_1p2_steps20000_tr1]:  75%|███████▍  | 14937/20000 [06:00<01:40, 50.54it/s, acc=0.374, device=mps, eta=2m06s, loss=1.7754, sps=41.4]
BC[stage1_datasets_L40_stepsweep/bc_shift4_scale_0p8_1p2_steps20000_tr1]:  75%|███████▍  | 14944/20000 [06:01<02:10, 38.75it/s, acc=0.374, device=mps, eta=2m06s, loss=1.7754, sps=41.4]
BC[stage1_datasets_L40_stepsweep/bc_shift4_scale_0p8_1p2_steps20000_tr1]:  75%|███████▍  | 14952/20000 [06:01<01:50, 45.82it/s, acc=0.374, device=mps, eta=2m06s, loss=1.7754, sps=41.4]
BC[stage1_datasets_L40_stepsweep/bc_shift4_scale_0p8_1p2_steps20000_tr1]:  75%|███████▍  | 14961/20000 [06:01<02:12, 37.89it/s, acc=0.374, device=mps, eta=2m06s, loss=1.7754, sps=41.4]
BC[stage1_datasets_L40_stepsweep/bc_shift4_scale_0p8_1p2_steps20000_tr1]:  75%|███████▍  | 14967/20000 [06:01<02:02, 41.06it/s, acc=0.374, device=mps, eta=2m06s, loss=1.7754, sps=41.4]
BC[stage1_datasets_L40_stepsweep/bc_shift4_scale_0p8_1p2_steps20000_tr1]:  75%|███████▍  | 14973/20000 [06:01<01:54, 43.88it/s, acc=0.374, device=mps, eta=2m06s, loss=1.7754, sps=41.4]
BC[stage1_datasets_L40_stepsweep/bc_shift4_scale_0p8_1p2_steps20000_tr1]:  75%|███████▍  | 14980/20000 [06:01<01:42, 49.12it/s, acc=0.374, device=mps, eta=2m06s, loss=1.7754, sps=41.4]
BC[stage1_datasets_L40_stepsweep/bc_shift4_scale_0p8_1p2_steps20000_tr1]:  75%|███████▍  | 14986/20000 [06:02<02:18, 36.21it/s, acc=0.374, device=mps, eta=2m06s, loss=1.7754, sps=41.4]
BC[stage1_datasets_L40_stepsweep/bc_shift4_scale_0p8_1p2_steps20000_tr1]:  75%|███████▍  | 14994/20000 [06:02<01:54, 43.88it/s, acc=0.374, device=mps, eta=2m06s, loss=1.7754, sps=41.4]
BC[stage1_datasets_L40_stepsweep/bc_shift4_scale_0p8_1p2_steps20000_tr1]:  75%|███████▍  | 14994/20000 [06:02<01:54, 43.88it/s, acc=0.392, device=mps, eta=2m01s, loss=1.7248, sps=41.4]
BC[stage1_datasets_L40_stepsweep/bc_shift4_scale_0p8_1p2_steps20000_tr1]:  75%|███████▌  | 15001/20000 [06:02<02:22, 35.15it/s, acc=0.392, device=mps, eta=2m01s, loss=1.7248, sps=41.4]
BC[stage1_datasets_L40_stepsweep/bc_shift4_scale_0p8_1p2_steps20000_tr1]:  75%|███████▌  | 15009/20000 [06:02<01:56, 42.73it/s, acc=0.392, device=mps, eta=2m01s, loss=1.7248, sps=41.4]
BC[stage1_datasets_L40_stepsweep/bc_shift4_scale_0p8_1p2_steps20000_tr1]:  75%|███████▌  | 15017/20000 [06:02<01:40, 49.47it/s, acc=0.392, device=mps, eta=2m01s, loss=1.7248, sps=41.4]
BC[stage1_datasets_L40_stepsweep/bc_shift4_scale_0p8_1p2_steps20000_tr1]:  75%|███████▌  | 15024/20000 [06:03<02:11, 37.84it/s, acc=0.392, device=mps, eta=2m01s, loss=1.7248, sps=41.4]
BC[stage1_datasets_L40_stepsweep/bc_shift4_scale_0p8_1p2_steps20000_tr1]:  75%|███████▌  | 15032/20000 [06:03<01:50, 45.00it/s, acc=0.392, device=mps, eta=2m01s, loss=1.7248, sps=41.4]
BC[stage1_datasets_L40_stepsweep/bc_shift4_scale_0p8_1p2_steps20000_tr1]:  75%|███████▌  | 15041/20000 [06:03<02:12, 37.40it/s, acc=0.392, device=mps, eta=2m01s, loss=1.7248, sps=41.4]
BC[stage1_datasets_L40_stepsweep/bc_shift4_scale_0p8_1p2_steps20000_tr1]:  75%|███████▌  | 15047/20000 [06:03<02:03, 40.05it/s, acc=0.392, device=mps, eta=2m01s, loss=1.7248, sps=41.4]
BC[stage1_datasets_L40_stepsweep/bc_shift4_scale_0p8_1p2_steps20000_tr1]:  75%|███████▌  | 15054/20000 [06:03<01:50, 44.81it/s, acc=0.392, device=mps, eta=2m01s, loss=1.7248, sps=41.4]
BC[stage1_datasets_L40_stepsweep/bc_shift4_scale_0p8_1p2_steps20000_tr1]:  75%|███████▌  | 15061/20000 [06:04<02:20, 35.10it/s, acc=0.392, device=mps, eta=2m01s, loss=1.7248, sps=41.4]
BC[stage1_datasets_L40_stepsweep/bc_shift4_scale_0p8_1p2_steps20000_tr1]:  75%|███████▌  | 15067/20000 [06:04<02:07, 38.73it/s, acc=0.392, device=mps, eta=2m01s, loss=1.7248, sps=41.4]
BC[stage1_datasets_L40_stepsweep/bc_shift4_scale_0p8_1p2_steps20000_tr1]:  75%|███████▌  | 15073/20000 [06:04<01:57, 41.78it/s, acc=0.392, device=mps, eta=2m01s, loss=1.7248, sps=41.4]
BC[stage1_datasets_L40_stepsweep/bc_shift4_scale_0p8_1p2_steps20000_tr1]:  75%|███████▌  | 15080/20000 [06:04<01:44, 47.24it/s, acc=0.392, device=mps, eta=2m01s, loss=1.7248, sps=41.4]
BC[stage1_datasets_L40_stepsweep/bc_shift4_scale_0p8_1p2_steps20000_tr1]:  75%|███████▌  | 15086/20000 [06:04<02:20, 34.91it/s, acc=0.392, device=mps, eta=2m01s, loss=1.7248, sps=41.4]
BC[stage1_datasets_L40_stepsweep/bc_shift4_scale_0p8_1p2_steps20000_tr1]:  75%|███████▌  | 15094/20000 [06:04<01:54, 42.96it/s, acc=0.392, device=mps, eta=2m01s, loss=1.7248, sps=41.4]
BC[stage1_datasets_L40_stepsweep/bc_shift4_scale_0p8_1p2_steps20000_tr1]:  76%|███████▌  | 15101/20000 [06:05<02:22, 34.50it/s, acc=0.392, device=mps, eta=2m01s, loss=1.7248, sps=41.4]
BC[stage1_datasets_L40_stepsweep/bc_shift4_scale_0p8_1p2_steps20000_tr1]:  76%|███████▌  | 15108/20000 [06:05<02:03, 39.52it/s, acc=0.392, device=mps, eta=2m01s, loss=1.7248, sps=41.4]
BC[stage1_datasets_L40_stepsweep/bc_shift4_scale_0p8_1p2_steps20000_tr1]:  76%|███████▌  | 15115/20000 [06:05<01:50, 44.32it/s, acc=0.392, device=mps, eta=2m01s, loss=1.7248, sps=41.4]
BC[stage1_datasets_L40_stepsweep/bc_shift4_scale_0p8_1p2_steps20000_tr1]:  76%|███████▌  | 15121/20000 [06:05<02:23, 33.93it/s, acc=0.392, device=mps, eta=2m01s, loss=1.7248, sps=41.4]
BC[stage1_datasets_L40_stepsweep/bc_shift4_scale_0p8_1p2_steps20000_tr1]:  76%|███████▌  | 15129/20000 [06:05<01:56, 41.79it/s, acc=0.392, device=mps, eta=2m01s, loss=1.7248, sps=41.4]
BC[stage1_datasets_L40_stepsweep/bc_shift4_scale_0p8_1p2_steps20000_tr1]:  76%|███████▌  | 15137/20000 [06:05<01:39, 48.83it/s, acc=0.392, device=mps, eta=2m01s, loss=1.7248, sps=41.4]
BC[stage1_datasets_L40_stepsweep/bc_shift4_scale_0p8_1p2_steps20000_tr1]:  76%|███████▌  | 15143/20000 [06:06<02:15, 35.81it/s, acc=0.392, device=mps, eta=2m01s, loss=1.7248, sps=41.4]
BC[stage1_datasets_L40_stepsweep/bc_shift4_scale_0p8_1p2_steps20000_tr1]:  76%|███████▌  | 15151/20000 [06:06<01:52, 43.04it/s, acc=0.392, device=mps, eta=2m01s, loss=1.7248, sps=41.4]
BC[stage1_datasets_L40_stepsweep/bc_shift4_scale_0p8_1p2_steps20000_tr1]:  76%|███████▌  | 15159/20000 [06:06<01:38, 49.38it/s, acc=0.392, device=mps, eta=2m01s, loss=1.7248, sps=41.4]
BC[stage1_datasets_L40_stepsweep/bc_shift4_scale_0p8_1p2_steps20000_tr1]:  76%|███████▌  | 15166/20000 [06:06<02:06, 38.13it/s, acc=0.392, device=mps, eta=2m01s, loss=1.7248, sps=41.4]
BC[stage1_datasets_L40_stepsweep/bc_shift4_scale_0p8_1p2_steps20000_tr1]:  76%|███████▌  | 15174/20000 [06:06<01:46, 45.18it/s, acc=0.392, device=mps, eta=2m01s, loss=1.7248, sps=41.4]
BC[stage1_datasets_L40_stepsweep/bc_shift4_scale_0p8_1p2_steps20000_tr1]:  76%|███████▌  | 15181/20000 [06:07<02:13, 35.98it/s, acc=0.392, device=mps, eta=2m01s, loss=1.7248, sps=41.4]
BC[stage1_datasets_L40_stepsweep/bc_shift4_scale_0p8_1p2_steps20000_tr1]:  76%|███████▌  | 15189/20000 [06:07<01:51, 43.08it/s, acc=0.392, device=mps, eta=2m01s, loss=1.7248, sps=41.4]
BC[stage1_datasets_L40_stepsweep/bc_shift4_scale_0p8_1p2_steps20000_tr1]:  76%|███████▌  | 15197/20000 [06:07<01:37, 49.50it/s, acc=0.392, device=mps, eta=2m01s, loss=1.7248, sps=41.4]
BC[stage1_datasets_L40_stepsweep/bc_shift4_scale_0p8_1p2_steps20000_tr1]:  76%|███████▌  | 15197/20000 [06:07<01:37, 49.50it/s, acc=0.377, device=mps, eta=1m56s, loss=1.7600, sps=41.4]
BC[stage1_datasets_L40_stepsweep/bc_shift4_scale_0p8_1p2_steps20000_tr1]:  76%|███████▌  | 15204/20000 [06:07<02:05, 38.20it/s, acc=0.377, device=mps, eta=1m56s, loss=1.7600, sps=41.4]
BC[stage1_datasets_L40_stepsweep/bc_shift4_scale_0p8_1p2_steps20000_tr1]:  76%|███████▌  | 15212/20000 [06:07<01:45, 45.18it/s, acc=0.377, device=mps, eta=1m56s, loss=1.7600, sps=41.4]
BC[stage1_datasets_L40_stepsweep/bc_shift4_scale_0p8_1p2_steps20000_tr1]:  76%|███████▌  | 15220/20000 [06:07<01:31, 51.97it/s, acc=0.377, device=mps, eta=1m56s, loss=1.7600, sps=41.4]
BC[stage1_datasets_L40_stepsweep/bc_shift4_scale_0p8_1p2_steps20000_tr1]:  76%|███████▌  | 15227/20000 [06:08<02:02, 39.07it/s, acc=0.377, device=mps, eta=1m56s, loss=1.7600, sps=41.4]
BC[stage1_datasets_L40_stepsweep/bc_shift4_scale_0p8_1p2_steps20000_tr1]:  76%|███████▌  | 15235/20000 [06:08<01:43, 45.87it/s, acc=0.377, device=mps, eta=1m56s, loss=1.7600, sps=41.4]
BC[stage1_datasets_L40_stepsweep/bc_shift4_scale_0p8_1p2_steps20000_tr1]:  76%|███████▌  | 15241/20000 [06:08<02:13, 35.58it/s, acc=0.377, device=mps, eta=1m56s, loss=1.7600, sps=41.4]
BC[stage1_datasets_L40_stepsweep/bc_shift4_scale_0p8_1p2_steps20000_tr1]:  76%|███████▌  | 15249/20000 [06:08<01:50, 42.91it/s, acc=0.377, device=mps, eta=1m56s, loss=1.7600, sps=41.4]
BC[stage1_datasets_L40_stepsweep/bc_shift4_scale_0p8_1p2_steps20000_tr1]:  76%|███████▋  | 15257/20000 [06:08<01:35, 49.70it/s, acc=0.377, device=mps, eta=1m56s, loss=1.7600, sps=41.4]
BC[stage1_datasets_L40_stepsweep/bc_shift4_scale_0p8_1p2_steps20000_tr1]:  76%|███████▋  | 15264/20000 [06:08<02:04, 38.03it/s, acc=0.377, device=mps, eta=1m56s, loss=1.7600, sps=41.4]
BC[stage1_datasets_L40_stepsweep/bc_shift4_scale_0p8_1p2_steps20000_tr1]:  76%|███████▋  | 15272/20000 [06:09<01:44, 45.15it/s, acc=0.377, device=mps, eta=1m56s, loss=1.7600, sps=41.4]
BC[stage1_datasets_L40_stepsweep/bc_shift4_scale_0p8_1p2_steps20000_tr1]:  76%|███████▋  | 15280/20000 [06:09<01:30, 51.89it/s, acc=0.377, device=mps, eta=1m56s, loss=1.7600, sps=41.4]
BC[stage1_datasets_L40_stepsweep/bc_shift4_scale_0p8_1p2_steps20000_tr1]:  76%|███████▋  | 15287/20000 [06:09<02:01, 38.87it/s, acc=0.377, device=mps, eta=1m56s, loss=1.7600, sps=41.4]
BC[stage1_datasets_L40_stepsweep/bc_shift4_scale_0p8_1p2_steps20000_tr1]:  76%|███████▋  | 15295/20000 [06:09<01:42, 45.76it/s, acc=0.377, device=mps, eta=1m56s, loss=1.7600, sps=41.4]
BC[stage1_datasets_L40_stepsweep/bc_shift4_scale_0p8_1p2_steps20000_tr1]:  77%|███████▋  | 15301/20000 [06:09<02:12, 35.48it/s, acc=0.377, device=mps, eta=1m56s, loss=1.7600, sps=41.4]
BC[stage1_datasets_L40_stepsweep/bc_shift4_scale_0p8_1p2_steps20000_tr1]:  77%|███████▋  | 15309/20000 [06:09<01:49, 42.87it/s, acc=0.377, device=mps, eta=1m56s, loss=1.7600, sps=41.4]
BC[stage1_datasets_L40_stepsweep/bc_shift4_scale_0p8_1p2_steps20000_tr1]:  77%|███████▋  | 15317/20000 [06:10<01:34, 49.51it/s, acc=0.377, device=mps, eta=1m56s, loss=1.7600, sps=41.4]
BC[stage1_datasets_L40_stepsweep/bc_shift4_scale_0p8_1p2_steps20000_tr1]:  77%|███████▋  | 15324/20000 [06:10<02:03, 37.96it/s, acc=0.377, device=mps, eta=1m56s, loss=1.7600, sps=41.4]
BC[stage1_datasets_L40_stepsweep/bc_shift4_scale_0p8_1p2_steps20000_tr1]:  77%|███████▋  | 15332/20000 [06:10<01:43, 44.95it/s, acc=0.377, device=mps, eta=1m56s, loss=1.7600, sps=41.4]
BC[stage1_datasets_L40_stepsweep/bc_shift4_scale_0p8_1p2_steps20000_tr1]:  77%|███████▋  | 15340/20000 [06:10<01:30, 51.74it/s, acc=0.377, device=mps, eta=1m56s, loss=1.7600, sps=41.4]
BC[stage1_datasets_L40_stepsweep/bc_shift4_scale_0p8_1p2_steps20000_tr1]:  77%|███████▋  | 15347/20000 [06:10<01:59, 38.82it/s, acc=0.377, device=mps, eta=1m56s, loss=1.7600, sps=41.4]
BC[stage1_datasets_L40_stepsweep/bc_shift4_scale_0p8_1p2_steps20000_tr1]:  77%|███████▋  | 15355/20000 [06:10<01:41, 45.68it/s, acc=0.377, device=mps, eta=1m56s, loss=1.7600, sps=41.4]
BC[stage1_datasets_L40_stepsweep/bc_shift4_scale_0p8_1p2_steps20000_tr1]:  77%|███████▋  | 15361/20000 [06:11<02:10, 35.50it/s, acc=0.377, device=mps, eta=1m56s, loss=1.7600, sps=41.4]
BC[stage1_datasets_L40_stepsweep/bc_shift4_scale_0p8_1p2_steps20000_tr1]:  77%|███████▋  | 15369/20000 [06:11<01:48, 42.84it/s, acc=0.377, device=mps, eta=1m56s, loss=1.7600, sps=41.4]
BC[stage1_datasets_L40_stepsweep/bc_shift4_scale_0p8_1p2_steps20000_tr1]:  77%|███████▋  | 15377/20000 [06:11<01:33, 49.60it/s, acc=0.377, device=mps, eta=1m56s, loss=1.7600, sps=41.4]
BC[stage1_datasets_L40_stepsweep/bc_shift4_scale_0p8_1p2_steps20000_tr1]:  77%|███████▋  | 15384/20000 [06:11<02:01, 38.06it/s, acc=0.377, device=mps, eta=1m56s, loss=1.7600, sps=41.4]
BC[stage1_datasets_L40_stepsweep/bc_shift4_scale_0p8_1p2_steps20000_tr1]:  77%|███████▋  | 15392/20000 [06:11<01:42, 45.14it/s, acc=0.377, device=mps, eta=1m56s, loss=1.7600, sps=41.4]
BC[stage1_datasets_L40_stepsweep/bc_shift4_scale_0p8_1p2_steps20000_tr1]:  77%|███████▋  | 15392/20000 [06:11<01:42, 45.14it/s, acc=0.395, device=mps, eta=1m51s, loss=1.7181, sps=41.4]
BC[stage1_datasets_L40_stepsweep/bc_shift4_scale_0p8_1p2_steps20000_tr1]:  77%|███████▋  | 15400/20000 [06:11<01:28, 51.92it/s, acc=0.395, device=mps, eta=1m51s, loss=1.7181, sps=41.4]
BC[stage1_datasets_L40_stepsweep/bc_shift4_scale_0p8_1p2_steps20000_tr1]:  77%|███████▋  | 15407/20000 [06:12<01:58, 38.84it/s, acc=0.395, device=mps, eta=1m51s, loss=1.7181, sps=41.4]
BC[stage1_datasets_L40_stepsweep/bc_shift4_scale_0p8_1p2_steps20000_tr1]:  77%|███████▋  | 15415/20000 [06:12<01:40, 45.65it/s, acc=0.395, device=mps, eta=1m51s, loss=1.7181, sps=41.4]
BC[stage1_datasets_L40_stepsweep/bc_shift4_scale_0p8_1p2_steps20000_tr1]:  77%|███████▋  | 15421/20000 [06:12<02:09, 35.46it/s, acc=0.395, device=mps, eta=1m51s, loss=1.7181, sps=41.4]
BC[stage1_datasets_L40_stepsweep/bc_shift4_scale_0p8_1p2_steps20000_tr1]:  77%|███████▋  | 15429/20000 [06:12<01:46, 42.74it/s, acc=0.395, device=mps, eta=1m51s, loss=1.7181, sps=41.4]
BC[stage1_datasets_L40_stepsweep/bc_shift4_scale_0p8_1p2_steps20000_tr1]:  77%|███████▋  | 15437/20000 [06:12<01:32, 49.55it/s, acc=0.395, device=mps, eta=1m51s, loss=1.7181, sps=41.4]
BC[stage1_datasets_L40_stepsweep/bc_shift4_scale_0p8_1p2_steps20000_tr1]:  77%|███████▋  | 15444/20000 [06:13<01:59, 38.01it/s, acc=0.395, device=mps, eta=1m51s, loss=1.7181, sps=41.4]
BC[stage1_datasets_L40_stepsweep/bc_shift4_scale_0p8_1p2_steps20000_tr1]:  77%|███████▋  | 15452/20000 [06:13<01:40, 45.05it/s, acc=0.395, device=mps, eta=1m51s, loss=1.7181, sps=41.4]
BC[stage1_datasets_L40_stepsweep/bc_shift4_scale_0p8_1p2_steps20000_tr1]:  77%|███████▋  | 15460/20000 [06:13<01:27, 51.62it/s, acc=0.395, device=mps, eta=1m51s, loss=1.7181, sps=41.4]
BC[stage1_datasets_L40_stepsweep/bc_shift4_scale_0p8_1p2_steps20000_tr1]:  77%|███████▋  | 15467/20000 [06:13<01:56, 38.96it/s, acc=0.395, device=mps, eta=1m51s, loss=1.7181, sps=41.4]
BC[stage1_datasets_L40_stepsweep/bc_shift4_scale_0p8_1p2_steps20000_tr1]:  77%|███████▋  | 15475/20000 [06:13<01:38, 45.89it/s, acc=0.395, device=mps, eta=1m51s, loss=1.7181, sps=41.4]
BC[stage1_datasets_L40_stepsweep/bc_shift4_scale_0p8_1p2_steps20000_tr1]:  77%|███████▋  | 15481/20000 [06:14<02:07, 35.48it/s, acc=0.395, device=mps, eta=1m51s, loss=1.7181, sps=41.4]
BC[stage1_datasets_L40_stepsweep/bc_shift4_scale_0p8_1p2_steps20000_tr1]:  77%|███████▋  | 15489/20000 [06:14<01:45, 42.87it/s, acc=0.395, device=mps, eta=1m51s, loss=1.7181, sps=41.4]
BC[stage1_datasets_L40_stepsweep/bc_shift4_scale_0p8_1p2_steps20000_tr1]:  77%|███████▋  | 15497/20000 [06:14<01:30, 49.67it/s, acc=0.395, device=mps, eta=1m51s, loss=1.7181, sps=41.4]
BC[stage1_datasets_L40_stepsweep/bc_shift4_scale_0p8_1p2_steps20000_tr1]:  78%|███████▊  | 15504/20000 [06:14<01:58, 37.98it/s, acc=0.395, device=mps, eta=1m51s, loss=1.7181, sps=41.4]
BC[stage1_datasets_L40_stepsweep/bc_shift4_scale_0p8_1p2_steps20000_tr1]:  78%|███████▊  | 15512/20000 [06:14<01:39, 45.11it/s, acc=0.395, device=mps, eta=1m51s, loss=1.7181, sps=41.4]
BC[stage1_datasets_L40_stepsweep/bc_shift4_scale_0p8_1p2_steps20000_tr1]:  78%|███████▊  | 15520/20000 [06:14<01:26, 52.05it/s, acc=0.395, device=mps, eta=1m51s, loss=1.7181, sps=41.4]
BC[stage1_datasets_L40_stepsweep/bc_shift4_scale_0p8_1p2_steps20000_tr1]:  78%|███████▊  | 15527/20000 [06:15<01:55, 38.81it/s, acc=0.395, device=mps, eta=1m51s, loss=1.7181, sps=41.4]
BC[stage1_datasets_L40_stepsweep/bc_shift4_scale_0p8_1p2_steps20000_tr1]:  78%|███████▊  | 15535/20000 [06:15<01:37, 45.64it/s, acc=0.395, device=mps, eta=1m51s, loss=1.7181, sps=41.4]
BC[stage1_datasets_L40_stepsweep/bc_shift4_scale_0p8_1p2_steps20000_tr1]:  78%|███████▊  | 15541/20000 [06:15<02:05, 35.42it/s, acc=0.395, device=mps, eta=1m51s, loss=1.7181, sps=41.4]
BC[stage1_datasets_L40_stepsweep/bc_shift4_scale_0p8_1p2_steps20000_tr1]:  78%|███████▊  | 15549/20000 [06:15<01:44, 42.77it/s, acc=0.395, device=mps, eta=1m51s, loss=1.7181, sps=41.4]
BC[stage1_datasets_L40_stepsweep/bc_shift4_scale_0p8_1p2_steps20000_tr1]:  78%|███████▊  | 15557/20000 [06:15<01:29, 49.58it/s, acc=0.395, device=mps, eta=1m51s, loss=1.7181, sps=41.4]
BC[stage1_datasets_L40_stepsweep/bc_shift4_scale_0p8_1p2_steps20000_tr1]:  78%|███████▊  | 15564/20000 [06:15<01:56, 38.02it/s, acc=0.395, device=mps, eta=1m51s, loss=1.7181, sps=41.4]
BC[stage1_datasets_L40_stepsweep/bc_shift4_scale_0p8_1p2_steps20000_tr1]:  78%|███████▊  | 15572/20000 [06:16<01:38, 45.06it/s, acc=0.395, device=mps, eta=1m51s, loss=1.7181, sps=41.4]
BC[stage1_datasets_L40_stepsweep/bc_shift4_scale_0p8_1p2_steps20000_tr1]:  78%|███████▊  | 15580/20000 [06:16<01:25, 51.97it/s, acc=0.395, device=mps, eta=1m51s, loss=1.7181, sps=41.4]
BC[stage1_datasets_L40_stepsweep/bc_shift4_scale_0p8_1p2_steps20000_tr1]:  78%|███████▊  | 15587/20000 [06:16<01:53, 38.79it/s, acc=0.395, device=mps, eta=1m51s, loss=1.7181, sps=41.4]
BC[stage1_datasets_L40_stepsweep/bc_shift4_scale_0p8_1p2_steps20000_tr1]:  78%|███████▊  | 15595/20000 [06:16<01:36, 45.63it/s, acc=0.395, device=mps, eta=1m51s, loss=1.7181, sps=41.4]
BC[stage1_datasets_L40_stepsweep/bc_shift4_scale_0p8_1p2_steps20000_tr1]:  78%|███████▊  | 15595/20000 [06:16<01:36, 45.63it/s, acc=0.385, device=mps, eta=1m46s, loss=1.7388, sps=41.4]
BC[stage1_datasets_L40_stepsweep/bc_shift4_scale_0p8_1p2_steps20000_tr1]:  78%|███████▊  | 15601/20000 [06:16<02:03, 35.48it/s, acc=0.385, device=mps, eta=1m46s, loss=1.7388, sps=41.4]
BC[stage1_datasets_L40_stepsweep/bc_shift4_scale_0p8_1p2_steps20000_tr1]:  78%|███████▊  | 15609/20000 [06:16<01:42, 42.82it/s, acc=0.385, device=mps, eta=1m46s, loss=1.7388, sps=41.4]
BC[stage1_datasets_L40_stepsweep/bc_shift4_scale_0p8_1p2_steps20000_tr1]:  78%|███████▊  | 15617/20000 [06:17<01:28, 49.51it/s, acc=0.385, device=mps, eta=1m46s, loss=1.7388, sps=41.4]
BC[stage1_datasets_L40_stepsweep/bc_shift4_scale_0p8_1p2_steps20000_tr1]:  78%|███████▊  | 15624/20000 [06:17<01:55, 38.03it/s, acc=0.385, device=mps, eta=1m46s, loss=1.7388, sps=41.4]
BC[stage1_datasets_L40_stepsweep/bc_shift4_scale_0p8_1p2_steps20000_tr1]:  78%|███████▊  | 15632/20000 [06:17<01:36, 45.13it/s, acc=0.385, device=mps, eta=1m46s, loss=1.7388, sps=41.4]
BC[stage1_datasets_L40_stepsweep/bc_shift4_scale_0p8_1p2_steps20000_tr1]:  78%|███████▊  | 15641/20000 [06:17<01:56, 37.49it/s, acc=0.385, device=mps, eta=1m46s, loss=1.7388, sps=41.4]
BC[stage1_datasets_L40_stepsweep/bc_shift4_scale_0p8_1p2_steps20000_tr1]:  78%|███████▊  | 15648/20000 [06:17<01:44, 41.80it/s, acc=0.385, device=mps, eta=1m46s, loss=1.7388, sps=41.4]
BC[stage1_datasets_L40_stepsweep/bc_shift4_scale_0p8_1p2_steps20000_tr1]:  78%|███████▊  | 15654/20000 [06:17<01:37, 44.45it/s, acc=0.385, device=mps, eta=1m46s, loss=1.7388, sps=41.4]
BC[stage1_datasets_L40_stepsweep/bc_shift4_scale_0p8_1p2_steps20000_tr1]:  78%|███████▊  | 15661/20000 [06:18<02:05, 34.48it/s, acc=0.385, device=mps, eta=1m46s, loss=1.7388, sps=41.4]
BC[stage1_datasets_L40_stepsweep/bc_shift4_scale_0p8_1p2_steps20000_tr1]:  78%|███████▊  | 15669/20000 [06:18<01:43, 41.89it/s, acc=0.385, device=mps, eta=1m46s, loss=1.7388, sps=41.4]
BC[stage1_datasets_L40_stepsweep/bc_shift4_scale_0p8_1p2_steps20000_tr1]:  78%|███████▊  | 15677/20000 [06:18<01:27, 49.14it/s, acc=0.385, device=mps, eta=1m46s, loss=1.7388, sps=41.4]
BC[stage1_datasets_L40_stepsweep/bc_shift4_scale_0p8_1p2_steps20000_tr1]:  78%|███████▊  | 15684/20000 [06:18<01:52, 38.38it/s, acc=0.385, device=mps, eta=1m46s, loss=1.7388, sps=41.4]
BC[stage1_datasets_L40_stepsweep/bc_shift4_scale_0p8_1p2_steps20000_tr1]:  78%|███████▊  | 15692/20000 [06:18<01:34, 45.66it/s, acc=0.385, device=mps, eta=1m46s, loss=1.7388, sps=41.4]
BC[stage1_datasets_L40_stepsweep/bc_shift4_scale_0p8_1p2_steps20000_tr1]:  79%|███████▊  | 15701/20000 [06:19<01:53, 37.78it/s, acc=0.385, device=mps, eta=1m46s, loss=1.7388, sps=41.4]
BC[stage1_datasets_L40_stepsweep/bc_shift4_scale_0p8_1p2_steps20000_tr1]:  79%|███████▊  | 15707/20000 [06:19<01:43, 41.45it/s, acc=0.385, device=mps, eta=1m46s, loss=1.7388, sps=41.4]
BC[stage1_datasets_L40_stepsweep/bc_shift4_scale_0p8_1p2_steps20000_tr1]:  79%|███████▊  | 15714/20000 [06:19<01:33, 45.64it/s, acc=0.385, device=mps, eta=1m46s, loss=1.7388, sps=41.4]
BC[stage1_datasets_L40_stepsweep/bc_shift4_scale_0p8_1p2_steps20000_tr1]:  79%|███████▊  | 15721/20000 [06:19<02:00, 35.54it/s, acc=0.385, device=mps, eta=1m46s, loss=1.7388, sps=41.4]
BC[stage1_datasets_L40_stepsweep/bc_shift4_scale_0p8_1p2_steps20000_tr1]:  79%|███████▊  | 15729/20000 [06:19<01:39, 42.91it/s, acc=0.385, device=mps, eta=1m46s, loss=1.7388, sps=41.4]
BC[stage1_datasets_L40_stepsweep/bc_shift4_scale_0p8_1p2_steps20000_tr1]:  79%|███████▊  | 15737/20000 [06:19<01:26, 49.41it/s, acc=0.385, device=mps, eta=1m46s, loss=1.7388, sps=41.4]
BC[stage1_datasets_L40_stepsweep/bc_shift4_scale_0p8_1p2_steps20000_tr1]:  79%|███████▊  | 15744/20000 [06:20<01:52, 37.85it/s, acc=0.385, device=mps, eta=1m46s, loss=1.7388, sps=41.4]
BC[stage1_datasets_L40_stepsweep/bc_shift4_scale_0p8_1p2_steps20000_tr1]:  79%|███████▉  | 15751/20000 [06:20<01:40, 42.32it/s, acc=0.385, device=mps, eta=1m46s, loss=1.7388, sps=41.4]
BC[stage1_datasets_L40_stepsweep/bc_shift4_scale_0p8_1p2_steps20000_tr1]:  79%|███████▉  | 15758/20000 [06:20<01:30, 46.63it/s, acc=0.385, device=mps, eta=1m46s, loss=1.7388, sps=41.4]
BC[stage1_datasets_L40_stepsweep/bc_shift4_scale_0p8_1p2_steps20000_tr1]:  79%|███████▉  | 15764/20000 [06:20<01:59, 35.41it/s, acc=0.385, device=mps, eta=1m46s, loss=1.7388, sps=41.4]
BC[stage1_datasets_L40_stepsweep/bc_shift4_scale_0p8_1p2_steps20000_tr1]:  79%|███████▉  | 15772/20000 [06:20<01:38, 43.04it/s, acc=0.385, device=mps, eta=1m46s, loss=1.7388, sps=41.4]
BC[stage1_datasets_L40_stepsweep/bc_shift4_scale_0p8_1p2_steps20000_tr1]:  79%|███████▉  | 15781/20000 [06:21<01:56, 36.31it/s, acc=0.385, device=mps, eta=1m46s, loss=1.7388, sps=41.4]
BC[stage1_datasets_L40_stepsweep/bc_shift4_scale_0p8_1p2_steps20000_tr1]:  79%|███████▉  | 15789/20000 [06:21<01:37, 43.40it/s, acc=0.385, device=mps, eta=1m46s, loss=1.7388, sps=41.4]
BC[stage1_datasets_L40_stepsweep/bc_shift4_scale_0p8_1p2_steps20000_tr1]:  79%|███████▉  | 15797/20000 [06:21<01:24, 50.01it/s, acc=0.385, device=mps, eta=1m46s, loss=1.7388, sps=41.4]
BC[stage1_datasets_L40_stepsweep/bc_shift4_scale_0p8_1p2_steps20000_tr1]:  79%|███████▉  | 15797/20000 [06:21<01:24, 50.01it/s, acc=0.403, device=mps, eta=1m41s, loss=1.6874, sps=41.4]
BC[stage1_datasets_L40_stepsweep/bc_shift4_scale_0p8_1p2_steps20000_tr1]:  79%|███████▉  | 15804/20000 [06:21<01:47, 38.86it/s, acc=0.403, device=mps, eta=1m41s, loss=1.6874, sps=41.4]
BC[stage1_datasets_L40_stepsweep/bc_shift4_scale_0p8_1p2_steps20000_tr1]:  79%|███████▉  | 15812/20000 [06:21<01:31, 45.86it/s, acc=0.403, device=mps, eta=1m41s, loss=1.6874, sps=41.4]
BC[stage1_datasets_L40_stepsweep/bc_shift4_scale_0p8_1p2_steps20000_tr1]:  79%|███████▉  | 15820/20000 [06:21<01:19, 52.58it/s, acc=0.403, device=mps, eta=1m41s, loss=1.6874, sps=41.4]
BC[stage1_datasets_L40_stepsweep/bc_shift4_scale_0p8_1p2_steps20000_tr1]:  79%|███████▉  | 15827/20000 [06:22<01:46, 39.31it/s, acc=0.403, device=mps, eta=1m41s, loss=1.6874, sps=41.4]
BC[stage1_datasets_L40_stepsweep/bc_shift4_scale_0p8_1p2_steps20000_tr1]:  79%|███████▉  | 15835/20000 [06:22<01:29, 46.30it/s, acc=0.403, device=mps, eta=1m41s, loss=1.6874, sps=41.4]
BC[stage1_datasets_L40_stepsweep/bc_shift4_scale_0p8_1p2_steps20000_tr1]:  79%|███████▉  | 15841/20000 [06:22<01:56, 35.70it/s, acc=0.403, device=mps, eta=1m41s, loss=1.6874, sps=41.4]
BC[stage1_datasets_L40_stepsweep/bc_shift4_scale_0p8_1p2_steps20000_tr1]:  79%|███████▉  | 15847/20000 [06:22<01:47, 38.79it/s, acc=0.403, device=mps, eta=1m41s, loss=1.6874, sps=41.4]
BC[stage1_datasets_L40_stepsweep/bc_shift4_scale_0p8_1p2_steps20000_tr1]:  79%|███████▉  | 15853/20000 [06:22<01:37, 42.62it/s, acc=0.403, device=mps, eta=1m41s, loss=1.6874, sps=41.4]
BC[stage1_datasets_L40_stepsweep/bc_shift4_scale_0p8_1p2_steps20000_tr1]:  79%|███████▉  | 15860/20000 [06:22<01:25, 48.53it/s, acc=0.403, device=mps, eta=1m41s, loss=1.6874, sps=41.4]
BC[stage1_datasets_L40_stepsweep/bc_shift4_scale_0p8_1p2_steps20000_tr1]:  79%|███████▉  | 15866/20000 [06:23<01:54, 35.95it/s, acc=0.403, device=mps, eta=1m41s, loss=1.6874, sps=41.4]
BC[stage1_datasets_L40_stepsweep/bc_shift4_scale_0p8_1p2_steps20000_tr1]:  79%|███████▉  | 15874/20000 [06:23<01:34, 43.73it/s, acc=0.403, device=mps, eta=1m41s, loss=1.6874, sps=41.4]
BC[stage1_datasets_L40_stepsweep/bc_shift4_scale_0p8_1p2_steps20000_tr1]:  79%|███████▉  | 15881/20000 [06:23<01:57, 34.94it/s, acc=0.403, device=mps, eta=1m41s, loss=1.6874, sps=41.4]
BC[stage1_datasets_L40_stepsweep/bc_shift4_scale_0p8_1p2_steps20000_tr1]:  79%|███████▉  | 15889/20000 [06:23<01:36, 42.57it/s, acc=0.403, device=mps, eta=1m41s, loss=1.6874, sps=41.4]
BC[stage1_datasets_L40_stepsweep/bc_shift4_scale_0p8_1p2_steps20000_tr1]:  79%|███████▉  | 15897/20000 [06:23<01:23, 49.36it/s, acc=0.403, device=mps, eta=1m41s, loss=1.6874, sps=41.4]
BC[stage1_datasets_L40_stepsweep/bc_shift4_scale_0p8_1p2_steps20000_tr1]:  80%|███████▉  | 15904/20000 [06:24<01:48, 37.84it/s, acc=0.403, device=mps, eta=1m41s, loss=1.6874, sps=41.4]
BC[stage1_datasets_L40_stepsweep/bc_shift4_scale_0p8_1p2_steps20000_tr1]:  80%|███████▉  | 15912/20000 [06:24<01:31, 44.86it/s, acc=0.403, device=mps, eta=1m41s, loss=1.6874, sps=41.4]
BC[stage1_datasets_L40_stepsweep/bc_shift4_scale_0p8_1p2_steps20000_tr1]:  80%|███████▉  | 15920/20000 [06:24<01:19, 51.51it/s, acc=0.403, device=mps, eta=1m41s, loss=1.6874, sps=41.4]
BC[stage1_datasets_L40_stepsweep/bc_shift4_scale_0p8_1p2_steps20000_tr1]:  80%|███████▉  | 15927/20000 [06:24<01:44, 38.87it/s, acc=0.403, device=mps, eta=1m41s, loss=1.6874, sps=41.4]
BC[stage1_datasets_L40_stepsweep/bc_shift4_scale_0p8_1p2_steps20000_tr1]:  80%|███████▉  | 15935/20000 [06:24<01:29, 45.62it/s, acc=0.403, device=mps, eta=1m41s, loss=1.6874, sps=41.4]
BC[stage1_datasets_L40_stepsweep/bc_shift4_scale_0p8_1p2_steps20000_tr1]:  80%|███████▉  | 15941/20000 [06:24<01:54, 35.44it/s, acc=0.403, device=mps, eta=1m41s, loss=1.6874, sps=41.4]
BC[stage1_datasets_L40_stepsweep/bc_shift4_scale_0p8_1p2_steps20000_tr1]:  80%|███████▉  | 15949/20000 [06:25<01:34, 42.76it/s, acc=0.403, device=mps, eta=1m41s, loss=1.6874, sps=41.4]
BC[stage1_datasets_L40_stepsweep/bc_shift4_scale_0p8_1p2_steps20000_tr1]:  80%|███████▉  | 15955/20000 [06:25<01:27, 46.11it/s, acc=0.403, device=mps, eta=1m41s, loss=1.6874, sps=41.4]
BC[stage1_datasets_L40_stepsweep/bc_shift4_scale_0p8_1p2_steps20000_tr1]:  80%|███████▉  | 15961/20000 [06:25<01:56, 34.67it/s, acc=0.403, device=mps, eta=1m41s, loss=1.6874, sps=41.4]
BC[stage1_datasets_L40_stepsweep/bc_shift4_scale_0p8_1p2_steps20000_tr1]:  80%|███████▉  | 15969/20000 [06:25<01:35, 42.35it/s, acc=0.403, device=mps, eta=1m41s, loss=1.6874, sps=41.4]
BC[stage1_datasets_L40_stepsweep/bc_shift4_scale_0p8_1p2_steps20000_tr1]:  80%|███████▉  | 15977/20000 [06:25<01:21, 49.22it/s, acc=0.403, device=mps, eta=1m41s, loss=1.6874, sps=41.4]
BC[stage1_datasets_L40_stepsweep/bc_shift4_scale_0p8_1p2_steps20000_tr1]:  80%|███████▉  | 15984/20000 [06:25<01:46, 37.69it/s, acc=0.403, device=mps, eta=1m41s, loss=1.6874, sps=41.4]
BC[stage1_datasets_L40_stepsweep/bc_shift4_scale_0p8_1p2_steps20000_tr1]:  80%|███████▉  | 15992/20000 [06:26<01:29, 44.78it/s, acc=0.403, device=mps, eta=1m41s, loss=1.6874, sps=41.4]
BC[stage1_datasets_L40_stepsweep/bc_shift4_scale_0p8_1p2_steps20000_tr1]:  80%|███████▉  | 15992/20000 [06:26<01:29, 44.78it/s, acc=0.389, device=mps, eta=1m37s, loss=1.7222, sps=41.4]
BC[stage1_datasets_L40_stepsweep/bc_shift4_scale_0p8_1p2_steps20000_tr1]:  80%|████████  | 16000/20000 [06:26<01:17, 51.40it/s, acc=0.389, device=mps, eta=1m37s, loss=1.7222, sps=41.4]
BC[stage1_datasets_L40_stepsweep/bc_shift4_scale_0p8_1p2_steps20000_tr1]:  80%|████████  | 16007/20000 [06:26<01:43, 38.66it/s, acc=0.389, device=mps, eta=1m37s, loss=1.7222, sps=41.4]
BC[stage1_datasets_L40_stepsweep/bc_shift4_scale_0p8_1p2_steps20000_tr1]:  80%|████████  | 16015/20000 [06:26<01:27, 45.44it/s, acc=0.389, device=mps, eta=1m37s, loss=1.7222, sps=41.4]
BC[stage1_datasets_L40_stepsweep/bc_shift4_scale_0p8_1p2_steps20000_tr1]:  80%|████████  | 16021/20000 [06:26<01:53, 34.98it/s, acc=0.389, device=mps, eta=1m37s, loss=1.7222, sps=41.4]
BC[stage1_datasets_L40_stepsweep/bc_shift4_scale_0p8_1p2_steps20000_tr1]:  80%|████████  | 16027/20000 [06:26<01:41, 39.22it/s, acc=0.389, device=mps, eta=1m37s, loss=1.7222, sps=41.4]
BC[stage1_datasets_L40_stepsweep/bc_shift4_scale_0p8_1p2_steps20000_tr1]:  80%|████████  | 16033/20000 [06:27<01:35, 41.71it/s, acc=0.389, device=mps, eta=1m37s, loss=1.7222, sps=41.4]
BC[stage1_datasets_L40_stepsweep/bc_shift4_scale_0p8_1p2_steps20000_tr1]:  80%|████████  | 16040/20000 [06:27<01:24, 47.09it/s, acc=0.389, device=mps, eta=1m37s, loss=1.7222, sps=41.4]
BC[stage1_datasets_L40_stepsweep/bc_shift4_scale_0p8_1p2_steps20000_tr1]:  80%|████████  | 16046/20000 [06:27<01:53, 34.76it/s, acc=0.389, device=mps, eta=1m37s, loss=1.7222, sps=41.4]
BC[stage1_datasets_L40_stepsweep/bc_shift4_scale_0p8_1p2_steps20000_tr1]:  80%|████████  | 16054/20000 [06:27<01:32, 42.49it/s, acc=0.389, device=mps, eta=1m37s, loss=1.7222, sps=41.4]
BC[stage1_datasets_L40_stepsweep/bc_shift4_scale_0p8_1p2_steps20000_tr1]:  80%|████████  | 16061/20000 [06:27<01:54, 34.35it/s, acc=0.389, device=mps, eta=1m37s, loss=1.7222, sps=41.4]
BC[stage1_datasets_L40_stepsweep/bc_shift4_scale_0p8_1p2_steps20000_tr1]:  80%|████████  | 16069/20000 [06:27<01:34, 41.74it/s, acc=0.389, device=mps, eta=1m37s, loss=1.7222, sps=41.4]
BC[stage1_datasets_L40_stepsweep/bc_shift4_scale_0p8_1p2_steps20000_tr1]:  80%|████████  | 16077/20000 [06:28<01:20, 48.57it/s, acc=0.389, device=mps, eta=1m37s, loss=1.7222, sps=41.4]
BC[stage1_datasets_L40_stepsweep/bc_shift4_scale_0p8_1p2_steps20000_tr1]:  80%|████████  | 16083/20000 [06:28<01:46, 36.77it/s, acc=0.389, device=mps, eta=1m37s, loss=1.7222, sps=41.4]
BC[stage1_datasets_L40_stepsweep/bc_shift4_scale_0p8_1p2_steps20000_tr1]:  80%|████████  | 16091/20000 [06:28<01:28, 44.06it/s, acc=0.389, device=mps, eta=1m37s, loss=1.7222, sps=41.4]
BC[stage1_datasets_L40_stepsweep/bc_shift4_scale_0p8_1p2_steps20000_tr1]:  80%|████████  | 16099/20000 [06:28<01:17, 50.27it/s, acc=0.389, device=mps, eta=1m37s, loss=1.7222, sps=41.4]
BC[stage1_datasets_L40_stepsweep/bc_shift4_scale_0p8_1p2_steps20000_tr1]:  81%|████████  | 16106/20000 [06:28<01:41, 38.54it/s, acc=0.389, device=mps, eta=1m37s, loss=1.7222, sps=41.4]
BC[stage1_datasets_L40_stepsweep/bc_shift4_scale_0p8_1p2_steps20000_tr1]:  81%|████████  | 16114/20000 [06:28<01:25, 45.36it/s, acc=0.389, device=mps, eta=1m37s, loss=1.7222, sps=41.4]
BC[stage1_datasets_L40_stepsweep/bc_shift4_scale_0p8_1p2_steps20000_tr1]:  81%|████████  | 16121/20000 [06:29<01:47, 36.15it/s, acc=0.389, device=mps, eta=1m37s, loss=1.7222, sps=41.4]
BC[stage1_datasets_L40_stepsweep/bc_shift4_scale_0p8_1p2_steps20000_tr1]:  81%|████████  | 16129/20000 [06:29<01:29, 43.21it/s, acc=0.389, device=mps, eta=1m37s, loss=1.7222, sps=41.4]
BC[stage1_datasets_L40_stepsweep/bc_shift4_scale_0p8_1p2_steps20000_tr1]:  81%|████████  | 16137/20000 [06:29<01:17, 49.74it/s, acc=0.389, device=mps, eta=1m37s, loss=1.7222, sps=41.4]
BC[stage1_datasets_L40_stepsweep/bc_shift4_scale_0p8_1p2_steps20000_tr1]:  81%|████████  | 16144/20000 [06:29<01:40, 38.31it/s, acc=0.389, device=mps, eta=1m37s, loss=1.7222, sps=41.4]
BC[stage1_datasets_L40_stepsweep/bc_shift4_scale_0p8_1p2_steps20000_tr1]:  81%|████████  | 16152/20000 [06:29<01:25, 45.15it/s, acc=0.389, device=mps, eta=1m37s, loss=1.7222, sps=41.4]
BC[stage1_datasets_L40_stepsweep/bc_shift4_scale_0p8_1p2_steps20000_tr1]:  81%|████████  | 16160/20000 [06:29<01:13, 51.91it/s, acc=0.389, device=mps, eta=1m37s, loss=1.7222, sps=41.4]
BC[stage1_datasets_L40_stepsweep/bc_shift4_scale_0p8_1p2_steps20000_tr1]:  81%|████████  | 16167/20000 [06:30<01:38, 38.97it/s, acc=0.389, device=mps, eta=1m37s, loss=1.7222, sps=41.4]
BC[stage1_datasets_L40_stepsweep/bc_shift4_scale_0p8_1p2_steps20000_tr1]:  81%|████████  | 16175/20000 [06:30<01:23, 45.63it/s, acc=0.389, device=mps, eta=1m37s, loss=1.7222, sps=41.4]
BC[stage1_datasets_L40_stepsweep/bc_shift4_scale_0p8_1p2_steps20000_tr1]:  81%|████████  | 16181/20000 [06:30<01:47, 35.62it/s, acc=0.389, device=mps, eta=1m37s, loss=1.7222, sps=41.4]
BC[stage1_datasets_L40_stepsweep/bc_shift4_scale_0p8_1p2_steps20000_tr1]:  81%|████████  | 16189/20000 [06:30<01:28, 42.87it/s, acc=0.389, device=mps, eta=1m37s, loss=1.7222, sps=41.4]
BC[stage1_datasets_L40_stepsweep/bc_shift4_scale_0p8_1p2_steps20000_tr1]:  81%|████████  | 16197/20000 [06:30<01:17, 49.26it/s, acc=0.389, device=mps, eta=1m37s, loss=1.7222, sps=41.4]
BC[stage1_datasets_L40_stepsweep/bc_shift4_scale_0p8_1p2_steps20000_tr1]:  81%|████████  | 16197/20000 [06:30<01:17, 49.26it/s, acc=0.408, device=mps, eta=1m32s, loss=1.6638, sps=41.4]
BC[stage1_datasets_L40_stepsweep/bc_shift4_scale_0p8_1p2_steps20000_tr1]:  81%|████████  | 16204/20000 [06:31<01:39, 38.05it/s, acc=0.408, device=mps, eta=1m32s, loss=1.6638, sps=41.4]
BC[stage1_datasets_L40_stepsweep/bc_shift4_scale_0p8_1p2_steps20000_tr1]:  81%|████████  | 16212/20000 [06:31<01:24, 44.86it/s, acc=0.408, device=mps, eta=1m32s, loss=1.6638, sps=41.4]
BC[stage1_datasets_L40_stepsweep/bc_shift4_scale_0p8_1p2_steps20000_tr1]:  81%|████████  | 16220/20000 [06:31<01:13, 51.39it/s, acc=0.408, device=mps, eta=1m32s, loss=1.6638, sps=41.4]
BC[stage1_datasets_L40_stepsweep/bc_shift4_scale_0p8_1p2_steps20000_tr1]:  81%|████████  | 16227/20000 [06:31<01:42, 36.69it/s, acc=0.408, device=mps, eta=1m32s, loss=1.6638, sps=41.4]
BC[stage1_datasets_L40_stepsweep/bc_shift4_scale_0p8_1p2_steps20000_tr1]:  81%|████████  | 16233/20000 [06:31<01:35, 39.50it/s, acc=0.408, device=mps, eta=1m32s, loss=1.6638, sps=41.4]
BC[stage1_datasets_L40_stepsweep/bc_shift4_scale_0p8_1p2_steps20000_tr1]:  81%|████████  | 16240/20000 [06:31<01:23, 44.89it/s, acc=0.408, device=mps, eta=1m32s, loss=1.6638, sps=41.4]
BC[stage1_datasets_L40_stepsweep/bc_shift4_scale_0p8_1p2_steps20000_tr1]:  81%|████████  | 16246/20000 [06:32<01:49, 34.39it/s, acc=0.408, device=mps, eta=1m32s, loss=1.6638, sps=41.4]
BC[stage1_datasets_L40_stepsweep/bc_shift4_scale_0p8_1p2_steps20000_tr1]:  81%|████████▏ | 16254/20000 [06:32<01:29, 41.94it/s, acc=0.408, device=mps, eta=1m32s, loss=1.6638, sps=41.4]
BC[stage1_datasets_L40_stepsweep/bc_shift4_scale_0p8_1p2_steps20000_tr1]:  81%|████████▏ | 16261/20000 [06:32<01:49, 34.20it/s, acc=0.408, device=mps, eta=1m32s, loss=1.6638, sps=41.4]
BC[stage1_datasets_L40_stepsweep/bc_shift4_scale_0p8_1p2_steps20000_tr1]:  81%|████████▏ | 16269/20000 [06:32<01:29, 41.58it/s, acc=0.408, device=mps, eta=1m32s, loss=1.6638, sps=41.4]
BC[stage1_datasets_L40_stepsweep/bc_shift4_scale_0p8_1p2_steps20000_tr1]:  81%|████████▏ | 16277/20000 [06:32<01:16, 48.58it/s, acc=0.408, device=mps, eta=1m32s, loss=1.6638, sps=41.4]
BC[stage1_datasets_L40_stepsweep/bc_shift4_scale_0p8_1p2_steps20000_tr1]:  81%|████████▏ | 16284/20000 [06:33<01:38, 37.55it/s, acc=0.408, device=mps, eta=1m32s, loss=1.6638, sps=41.4]
BC[stage1_datasets_L40_stepsweep/bc_shift4_scale_0p8_1p2_steps20000_tr1]:  81%|████████▏ | 16292/20000 [06:33<01:23, 44.57it/s, acc=0.408, device=mps, eta=1m32s, loss=1.6638, sps=41.4]
BC[stage1_datasets_L40_stepsweep/bc_shift4_scale_0p8_1p2_steps20000_tr1]:  82%|████████▏ | 16300/20000 [06:33<01:12, 51.30it/s, acc=0.408, device=mps, eta=1m32s, loss=1.6638, sps=41.4]
BC[stage1_datasets_L40_stepsweep/bc_shift4_scale_0p8_1p2_steps20000_tr1]:  82%|████████▏ | 16307/20000 [06:33<01:35, 38.67it/s, acc=0.408, device=mps, eta=1m32s, loss=1.6638, sps=41.4]
BC[stage1_datasets_L40_stepsweep/bc_shift4_scale_0p8_1p2_steps20000_tr1]:  82%|████████▏ | 16315/20000 [06:33<01:21, 45.42it/s, acc=0.408, device=mps, eta=1m32s, loss=1.6638, sps=41.4]
BC[stage1_datasets_L40_stepsweep/bc_shift4_scale_0p8_1p2_steps20000_tr1]:  82%|████████▏ | 16321/20000 [06:34<01:43, 35.42it/s, acc=0.408, device=mps, eta=1m32s, loss=1.6638, sps=41.4]
BC[stage1_datasets_L40_stepsweep/bc_shift4_scale_0p8_1p2_steps20000_tr1]:  82%|████████▏ | 16329/20000 [06:34<01:26, 42.62it/s, acc=0.408, device=mps, eta=1m32s, loss=1.6638, sps=41.4]
BC[stage1_datasets_L40_stepsweep/bc_shift4_scale_0p8_1p2_steps20000_tr1]:  82%|████████▏ | 16337/20000 [06:34<01:14, 48.95it/s, acc=0.408, device=mps, eta=1m32s, loss=1.6638, sps=41.4]
BC[stage1_datasets_L40_stepsweep/bc_shift4_scale_0p8_1p2_steps20000_tr1]:  82%|████████▏ | 16344/20000 [06:34<01:37, 37.34it/s, acc=0.408, device=mps, eta=1m32s, loss=1.6638, sps=41.4]
BC[stage1_datasets_L40_stepsweep/bc_shift4_scale_0p8_1p2_steps20000_tr1]:  82%|████████▏ | 16351/20000 [06:34<01:27, 41.93it/s, acc=0.408, device=mps, eta=1m32s, loss=1.6638, sps=41.4]
BC[stage1_datasets_L40_stepsweep/bc_shift4_scale_0p8_1p2_steps20000_tr1]:  82%|████████▏ | 16357/20000 [06:34<01:21, 44.63it/s, acc=0.408, device=mps, eta=1m32s, loss=1.6638, sps=41.4]
BC[stage1_datasets_L40_stepsweep/bc_shift4_scale_0p8_1p2_steps20000_tr1]:  82%|████████▏ | 16363/20000 [06:35<01:47, 33.74it/s, acc=0.408, device=mps, eta=1m32s, loss=1.6638, sps=41.4]
BC[stage1_datasets_L40_stepsweep/bc_shift4_scale_0p8_1p2_steps20000_tr1]:  82%|████████▏ | 16371/20000 [06:35<01:26, 41.87it/s, acc=0.408, device=mps, eta=1m32s, loss=1.6638, sps=41.4]
BC[stage1_datasets_L40_stepsweep/bc_shift4_scale_0p8_1p2_steps20000_tr1]:  82%|████████▏ | 16379/20000 [06:35<01:13, 49.34it/s, acc=0.408, device=mps, eta=1m32s, loss=1.6638, sps=41.4]
BC[stage1_datasets_L40_stepsweep/bc_shift4_scale_0p8_1p2_steps20000_tr1]:  82%|████████▏ | 16386/20000 [06:35<01:35, 37.94it/s, acc=0.408, device=mps, eta=1m32s, loss=1.6638, sps=41.4]
BC[stage1_datasets_L40_stepsweep/bc_shift4_scale_0p8_1p2_steps20000_tr1]:  82%|████████▏ | 16394/20000 [06:35<01:20, 44.86it/s, acc=0.408, device=mps, eta=1m32s, loss=1.6638, sps=41.4]
BC[stage1_datasets_L40_stepsweep/bc_shift4_scale_0p8_1p2_steps20000_tr1]:  82%|████████▏ | 16394/20000 [06:35<01:20, 44.86it/s, acc=0.399, device=mps, eta=1m27s, loss=1.6992, sps=41.4]
BC[stage1_datasets_L40_stepsweep/bc_shift4_scale_0p8_1p2_steps20000_tr1]:  82%|████████▏ | 16401/20000 [06:35<01:41, 35.33it/s, acc=0.399, device=mps, eta=1m27s, loss=1.6992, sps=41.4]
BC[stage1_datasets_L40_stepsweep/bc_shift4_scale_0p8_1p2_steps20000_tr1]:  82%|████████▏ | 16409/20000 [06:36<01:25, 41.90it/s, acc=0.399, device=mps, eta=1m27s, loss=1.6992, sps=41.4]
BC[stage1_datasets_L40_stepsweep/bc_shift4_scale_0p8_1p2_steps20000_tr1]:  82%|████████▏ | 16415/20000 [06:36<01:19, 45.07it/s, acc=0.399, device=mps, eta=1m27s, loss=1.6992, sps=41.4]
BC[stage1_datasets_L40_stepsweep/bc_shift4_scale_0p8_1p2_steps20000_tr1]:  82%|████████▏ | 16421/20000 [06:36<01:43, 34.47it/s, acc=0.399, device=mps, eta=1m27s, loss=1.6992, sps=41.4]
BC[stage1_datasets_L40_stepsweep/bc_shift4_scale_0p8_1p2_steps20000_tr1]:  82%|████████▏ | 16429/20000 [06:36<01:24, 42.06it/s, acc=0.399, device=mps, eta=1m27s, loss=1.6992, sps=41.4]
BC[stage1_datasets_L40_stepsweep/bc_shift4_scale_0p8_1p2_steps20000_tr1]:  82%|████████▏ | 16437/20000 [06:36<01:12, 48.83it/s, acc=0.399, device=mps, eta=1m27s, loss=1.6992, sps=41.4]
BC[stage1_datasets_L40_stepsweep/bc_shift4_scale_0p8_1p2_steps20000_tr1]:  82%|████████▏ | 16443/20000 [06:36<01:34, 37.57it/s, acc=0.399, device=mps, eta=1m27s, loss=1.6992, sps=41.4]
BC[stage1_datasets_L40_stepsweep/bc_shift4_scale_0p8_1p2_steps20000_tr1]:  82%|████████▏ | 16451/20000 [06:37<01:19, 44.82it/s, acc=0.399, device=mps, eta=1m27s, loss=1.6992, sps=41.4]
BC[stage1_datasets_L40_stepsweep/bc_shift4_scale_0p8_1p2_steps20000_tr1]:  82%|████████▏ | 16459/20000 [06:37<01:09, 50.95it/s, acc=0.399, device=mps, eta=1m27s, loss=1.6992, sps=41.4]
BC[stage1_datasets_L40_stepsweep/bc_shift4_scale_0p8_1p2_steps20000_tr1]:  82%|████████▏ | 16466/20000 [06:37<01:31, 38.50it/s, acc=0.399, device=mps, eta=1m27s, loss=1.6992, sps=41.4]
BC[stage1_datasets_L40_stepsweep/bc_shift4_scale_0p8_1p2_steps20000_tr1]:  82%|████████▏ | 16474/20000 [06:37<01:17, 45.33it/s, acc=0.399, device=mps, eta=1m27s, loss=1.6992, sps=41.4]
BC[stage1_datasets_L40_stepsweep/bc_shift4_scale_0p8_1p2_steps20000_tr1]:  82%|████████▏ | 16481/20000 [06:37<01:37, 36.04it/s, acc=0.399, device=mps, eta=1m27s, loss=1.6992, sps=41.4]
BC[stage1_datasets_L40_stepsweep/bc_shift4_scale_0p8_1p2_steps20000_tr1]:  82%|████████▏ | 16489/20000 [06:38<01:21, 43.18it/s, acc=0.399, device=mps, eta=1m27s, loss=1.6992, sps=41.4]
BC[stage1_datasets_L40_stepsweep/bc_shift4_scale_0p8_1p2_steps20000_tr1]:  82%|████████▏ | 16497/20000 [06:38<01:10, 49.71it/s, acc=0.399, device=mps, eta=1m27s, loss=1.6992, sps=41.4]
BC[stage1_datasets_L40_stepsweep/bc_shift4_scale_0p8_1p2_steps20000_tr1]:  83%|████████▎ | 16504/20000 [06:38<01:31, 38.23it/s, acc=0.399, device=mps, eta=1m27s, loss=1.6992, sps=41.4]
BC[stage1_datasets_L40_stepsweep/bc_shift4_scale_0p8_1p2_steps20000_tr1]:  83%|████████▎ | 16512/20000 [06:38<01:17, 45.13it/s, acc=0.399, device=mps, eta=1m27s, loss=1.6992, sps=41.4]
BC[stage1_datasets_L40_stepsweep/bc_shift4_scale_0p8_1p2_steps20000_tr1]:  83%|████████▎ | 16520/20000 [06:38<01:07, 51.51it/s, acc=0.399, device=mps, eta=1m27s, loss=1.6992, sps=41.4]
BC[stage1_datasets_L40_stepsweep/bc_shift4_scale_0p8_1p2_steps20000_tr1]:  83%|████████▎ | 16527/20000 [06:38<01:29, 38.92it/s, acc=0.399, device=mps, eta=1m27s, loss=1.6992, sps=41.4]
BC[stage1_datasets_L40_stepsweep/bc_shift4_scale_0p8_1p2_steps20000_tr1]:  83%|████████▎ | 16535/20000 [06:39<01:16, 45.50it/s, acc=0.399, device=mps, eta=1m27s, loss=1.6992, sps=41.4]
BC[stage1_datasets_L40_stepsweep/bc_shift4_scale_0p8_1p2_steps20000_tr1]:  83%|████████▎ | 16541/20000 [06:39<01:37, 35.57it/s, acc=0.399, device=mps, eta=1m27s, loss=1.6992, sps=41.4]
BC[stage1_datasets_L40_stepsweep/bc_shift4_scale_0p8_1p2_steps20000_tr1]:  83%|████████▎ | 16549/20000 [06:39<01:20, 42.79it/s, acc=0.399, device=mps, eta=1m27s, loss=1.6992, sps=41.4]
BC[stage1_datasets_L40_stepsweep/bc_shift4_scale_0p8_1p2_steps20000_tr1]:  83%|████████▎ | 16557/20000 [06:39<01:09, 49.49it/s, acc=0.399, device=mps, eta=1m27s, loss=1.6992, sps=41.4]
BC[stage1_datasets_L40_stepsweep/bc_shift4_scale_0p8_1p2_steps20000_tr1]:  83%|████████▎ | 16564/20000 [06:39<01:30, 38.08it/s, acc=0.399, device=mps, eta=1m27s, loss=1.6992, sps=41.4]
BC[stage1_datasets_L40_stepsweep/bc_shift4_scale_0p8_1p2_steps20000_tr1]:  83%|████████▎ | 16572/20000 [06:39<01:16, 44.75it/s, acc=0.399, device=mps, eta=1m27s, loss=1.6992, sps=41.4]
BC[stage1_datasets_L40_stepsweep/bc_shift4_scale_0p8_1p2_steps20000_tr1]:  83%|████████▎ | 16580/20000 [06:40<01:06, 51.06it/s, acc=0.399, device=mps, eta=1m27s, loss=1.6992, sps=41.4]
BC[stage1_datasets_L40_stepsweep/bc_shift4_scale_0p8_1p2_steps20000_tr1]:  83%|████████▎ | 16587/20000 [06:40<01:29, 38.24it/s, acc=0.399, device=mps, eta=1m27s, loss=1.6992, sps=41.4]
BC[stage1_datasets_L40_stepsweep/bc_shift4_scale_0p8_1p2_steps20000_tr1]:  83%|████████▎ | 16595/20000 [06:40<01:15, 44.91it/s, acc=0.399, device=mps, eta=1m27s, loss=1.6992, sps=41.4]
BC[stage1_datasets_L40_stepsweep/bc_shift4_scale_0p8_1p2_steps20000_tr1]:  83%|████████▎ | 16595/20000 [06:40<01:15, 44.91it/s, acc=0.418, device=mps, eta=1m22s, loss=1.6403, sps=41.4]
BC[stage1_datasets_L40_stepsweep/bc_shift4_scale_0p8_1p2_steps20000_tr1]:  83%|████████▎ | 16601/20000 [06:40<01:36, 35.21it/s, acc=0.418, device=mps, eta=1m22s, loss=1.6403, sps=41.4]
BC[stage1_datasets_L40_stepsweep/bc_shift4_scale_0p8_1p2_steps20000_tr1]:  83%|████████▎ | 16609/20000 [06:40<01:20, 42.23it/s, acc=0.418, device=mps, eta=1m22s, loss=1.6403, sps=41.4]
BC[stage1_datasets_L40_stepsweep/bc_shift4_scale_0p8_1p2_steps20000_tr1]:  83%|████████▎ | 16617/20000 [06:40<01:09, 48.94it/s, acc=0.418, device=mps, eta=1m22s, loss=1.6403, sps=41.4]
BC[stage1_datasets_L40_stepsweep/bc_shift4_scale_0p8_1p2_steps20000_tr1]:  83%|████████▎ | 16624/20000 [06:41<01:28, 37.98it/s, acc=0.418, device=mps, eta=1m22s, loss=1.6403, sps=41.4]
BC[stage1_datasets_L40_stepsweep/bc_shift4_scale_0p8_1p2_steps20000_tr1]:  83%|████████▎ | 16632/20000 [06:41<01:14, 44.96it/s, acc=0.418, device=mps, eta=1m22s, loss=1.6403, sps=41.4]
BC[stage1_datasets_L40_stepsweep/bc_shift4_scale_0p8_1p2_steps20000_tr1]:  83%|████████▎ | 16640/20000 [06:41<01:04, 51.77it/s, acc=0.418, device=mps, eta=1m22s, loss=1.6403, sps=41.4]
BC[stage1_datasets_L40_stepsweep/bc_shift4_scale_0p8_1p2_steps20000_tr1]:  83%|████████▎ | 16647/20000 [06:41<01:25, 39.00it/s, acc=0.418, device=mps, eta=1m22s, loss=1.6403, sps=41.4]
BC[stage1_datasets_L40_stepsweep/bc_shift4_scale_0p8_1p2_steps20000_tr1]:  83%|████████▎ | 16655/20000 [06:41<01:13, 45.70it/s, acc=0.418, device=mps, eta=1m22s, loss=1.6403, sps=41.4]
BC[stage1_datasets_L40_stepsweep/bc_shift4_scale_0p8_1p2_steps20000_tr1]:  83%|████████▎ | 16661/20000 [06:42<01:33, 35.54it/s, acc=0.418, device=mps, eta=1m22s, loss=1.6403, sps=41.4]
BC[stage1_datasets_L40_stepsweep/bc_shift4_scale_0p8_1p2_steps20000_tr1]:  83%|████████▎ | 16669/20000 [06:42<01:17, 42.84it/s, acc=0.418, device=mps, eta=1m22s, loss=1.6403, sps=41.4]
BC[stage1_datasets_L40_stepsweep/bc_shift4_scale_0p8_1p2_steps20000_tr1]:  83%|████████▎ | 16677/20000 [06:42<01:07, 49.56it/s, acc=0.418, device=mps, eta=1m22s, loss=1.6403, sps=41.4]
BC[stage1_datasets_L40_stepsweep/bc_shift4_scale_0p8_1p2_steps20000_tr1]:  83%|████████▎ | 16684/20000 [06:42<01:27, 38.02it/s, acc=0.418, device=mps, eta=1m22s, loss=1.6403, sps=41.4]
BC[stage1_datasets_L40_stepsweep/bc_shift4_scale_0p8_1p2_steps20000_tr1]:  83%|████████▎ | 16692/20000 [06:42<01:13, 45.10it/s, acc=0.418, device=mps, eta=1m22s, loss=1.6403, sps=41.4]
BC[stage1_datasets_L40_stepsweep/bc_shift4_scale_0p8_1p2_steps20000_tr1]:  84%|████████▎ | 16700/20000 [06:42<01:03, 52.15it/s, acc=0.418, device=mps, eta=1m22s, loss=1.6403, sps=41.4]
BC[stage1_datasets_L40_stepsweep/bc_shift4_scale_0p8_1p2_steps20000_tr1]:  84%|████████▎ | 16707/20000 [06:43<01:24, 38.93it/s, acc=0.418, device=mps, eta=1m22s, loss=1.6403, sps=41.4]
BC[stage1_datasets_L40_stepsweep/bc_shift4_scale_0p8_1p2_steps20000_tr1]:  84%|████████▎ | 16715/20000 [06:43<01:11, 45.63it/s, acc=0.418, device=mps, eta=1m22s, loss=1.6403, sps=41.4]
BC[stage1_datasets_L40_stepsweep/bc_shift4_scale_0p8_1p2_steps20000_tr1]:  84%|████████▎ | 16721/20000 [06:43<01:32, 35.49it/s, acc=0.418, device=mps, eta=1m22s, loss=1.6403, sps=41.4]
BC[stage1_datasets_L40_stepsweep/bc_shift4_scale_0p8_1p2_steps20000_tr1]:  84%|████████▎ | 16729/20000 [06:43<01:16, 42.75it/s, acc=0.418, device=mps, eta=1m22s, loss=1.6403, sps=41.4]
BC[stage1_datasets_L40_stepsweep/bc_shift4_scale_0p8_1p2_steps20000_tr1]:  84%|████████▎ | 16737/20000 [06:43<01:05, 49.44it/s, acc=0.418, device=mps, eta=1m22s, loss=1.6403, sps=41.4]
BC[stage1_datasets_L40_stepsweep/bc_shift4_scale_0p8_1p2_steps20000_tr1]:  84%|████████▎ | 16744/20000 [06:44<01:25, 37.98it/s, acc=0.418, device=mps, eta=1m22s, loss=1.6403, sps=41.4]
BC[stage1_datasets_L40_stepsweep/bc_shift4_scale_0p8_1p2_steps20000_tr1]:  84%|████████▍ | 16752/20000 [06:44<01:12, 45.02it/s, acc=0.418, device=mps, eta=1m22s, loss=1.6403, sps=41.4]
BC[stage1_datasets_L40_stepsweep/bc_shift4_scale_0p8_1p2_steps20000_tr1]:  84%|████████▍ | 16760/20000 [06:44<01:02, 51.94it/s, acc=0.418, device=mps, eta=1m22s, loss=1.6403, sps=41.4]
BC[stage1_datasets_L40_stepsweep/bc_shift4_scale_0p8_1p2_steps20000_tr1]:  84%|████████▍ | 16767/20000 [06:44<01:23, 38.83it/s, acc=0.418, device=mps, eta=1m22s, loss=1.6403, sps=41.4]
BC[stage1_datasets_L40_stepsweep/bc_shift4_scale_0p8_1p2_steps20000_tr1]:  84%|████████▍ | 16775/20000 [06:44<01:10, 45.47it/s, acc=0.418, device=mps, eta=1m22s, loss=1.6403, sps=41.4]
BC[stage1_datasets_L40_stepsweep/bc_shift4_scale_0p8_1p2_steps20000_tr1]:  84%|████████▍ | 16781/20000 [06:44<01:30, 35.51it/s, acc=0.418, device=mps, eta=1m22s, loss=1.6403, sps=41.4]
BC[stage1_datasets_L40_stepsweep/bc_shift4_scale_0p8_1p2_steps20000_tr1]:  84%|████████▍ | 16789/20000 [06:45<01:15, 42.81it/s, acc=0.418, device=mps, eta=1m22s, loss=1.6403, sps=41.4]
BC[stage1_datasets_L40_stepsweep/bc_shift4_scale_0p8_1p2_steps20000_tr1]:  84%|████████▍ | 16797/20000 [06:45<01:04, 49.39it/s, acc=0.418, device=mps, eta=1m22s, loss=1.6403, sps=41.4]
BC[stage1_datasets_L40_stepsweep/bc_shift4_scale_0p8_1p2_steps20000_tr1]:  84%|████████▍ | 16797/20000 [06:45<01:04, 49.39it/s, acc=0.403, device=mps, eta=1m17s, loss=1.6854, sps=41.5]
BC[stage1_datasets_L40_stepsweep/bc_shift4_scale_0p8_1p2_steps20000_tr1]:  84%|████████▍ | 16804/20000 [06:45<01:24, 38.04it/s, acc=0.403, device=mps, eta=1m17s, loss=1.6854, sps=41.5]
BC[stage1_datasets_L40_stepsweep/bc_shift4_scale_0p8_1p2_steps20000_tr1]:  84%|████████▍ | 16812/20000 [06:45<01:11, 44.84it/s, acc=0.403, device=mps, eta=1m17s, loss=1.6854, sps=41.5]
BC[stage1_datasets_L40_stepsweep/bc_shift4_scale_0p8_1p2_steps20000_tr1]:  84%|████████▍ | 16820/20000 [06:45<01:01, 51.43it/s, acc=0.403, device=mps, eta=1m17s, loss=1.6854, sps=41.5]
BC[stage1_datasets_L40_stepsweep/bc_shift4_scale_0p8_1p2_steps20000_tr1]:  84%|████████▍ | 16827/20000 [06:45<01:21, 38.86it/s, acc=0.403, device=mps, eta=1m17s, loss=1.6854, sps=41.5]
BC[stage1_datasets_L40_stepsweep/bc_shift4_scale_0p8_1p2_steps20000_tr1]:  84%|████████▍ | 16835/20000 [06:46<01:09, 45.57it/s, acc=0.403, device=mps, eta=1m17s, loss=1.6854, sps=41.5]
BC[stage1_datasets_L40_stepsweep/bc_shift4_scale_0p8_1p2_steps20000_tr1]:  84%|████████▍ | 16841/20000 [06:46<01:28, 35.62it/s, acc=0.403, device=mps, eta=1m17s, loss=1.6854, sps=41.5]
BC[stage1_datasets_L40_stepsweep/bc_shift4_scale_0p8_1p2_steps20000_tr1]:  84%|████████▍ | 16849/20000 [06:46<01:13, 42.87it/s, acc=0.403, device=mps, eta=1m17s, loss=1.6854, sps=41.5]
BC[stage1_datasets_L40_stepsweep/bc_shift4_scale_0p8_1p2_steps20000_tr1]:  84%|████████▍ | 16857/20000 [06:46<01:03, 49.58it/s, acc=0.403, device=mps, eta=1m17s, loss=1.6854, sps=41.5]
BC[stage1_datasets_L40_stepsweep/bc_shift4_scale_0p8_1p2_steps20000_tr1]:  84%|████████▍ | 16864/20000 [06:46<01:22, 38.13it/s, acc=0.403, device=mps, eta=1m17s, loss=1.6854, sps=41.5]
BC[stage1_datasets_L40_stepsweep/bc_shift4_scale_0p8_1p2_steps20000_tr1]:  84%|████████▍ | 16872/20000 [06:46<01:09, 45.02it/s, acc=0.403, device=mps, eta=1m17s, loss=1.6854, sps=41.5]
BC[stage1_datasets_L40_stepsweep/bc_shift4_scale_0p8_1p2_steps20000_tr1]:  84%|████████▍ | 16880/20000 [06:47<01:00, 51.65it/s, acc=0.403, device=mps, eta=1m17s, loss=1.6854, sps=41.5]
BC[stage1_datasets_L40_stepsweep/bc_shift4_scale_0p8_1p2_steps20000_tr1]:  84%|████████▍ | 16887/20000 [06:47<01:19, 38.94it/s, acc=0.403, device=mps, eta=1m17s, loss=1.6854, sps=41.5]
BC[stage1_datasets_L40_stepsweep/bc_shift4_scale_0p8_1p2_steps20000_tr1]:  84%|████████▍ | 16895/20000 [06:47<01:08, 45.62it/s, acc=0.403, device=mps, eta=1m17s, loss=1.6854, sps=41.5]
BC[stage1_datasets_L40_stepsweep/bc_shift4_scale_0p8_1p2_steps20000_tr1]:  85%|████████▍ | 16901/20000 [06:47<01:27, 35.60it/s, acc=0.403, device=mps, eta=1m17s, loss=1.6854, sps=41.5]
BC[stage1_datasets_L40_stepsweep/bc_shift4_scale_0p8_1p2_steps20000_tr1]:  85%|████████▍ | 16909/20000 [06:47<01:12, 42.82it/s, acc=0.403, device=mps, eta=1m17s, loss=1.6854, sps=41.5]
BC[stage1_datasets_L40_stepsweep/bc_shift4_scale_0p8_1p2_steps20000_tr1]:  85%|████████▍ | 16917/20000 [06:47<01:02, 49.32it/s, acc=0.403, device=mps, eta=1m17s, loss=1.6854, sps=41.5]
BC[stage1_datasets_L40_stepsweep/bc_shift4_scale_0p8_1p2_steps20000_tr1]:  85%|████████▍ | 16924/20000 [06:48<01:20, 38.04it/s, acc=0.403, device=mps, eta=1m17s, loss=1.6854, sps=41.5]
BC[stage1_datasets_L40_stepsweep/bc_shift4_scale_0p8_1p2_steps20000_tr1]:  85%|████████▍ | 16932/20000 [06:48<01:08, 44.83it/s, acc=0.403, device=mps, eta=1m17s, loss=1.6854, sps=41.5]
BC[stage1_datasets_L40_stepsweep/bc_shift4_scale_0p8_1p2_steps20000_tr1]:  85%|████████▍ | 16940/20000 [06:48<00:59, 51.14it/s, acc=0.403, device=mps, eta=1m17s, loss=1.6854, sps=41.5]
BC[stage1_datasets_L40_stepsweep/bc_shift4_scale_0p8_1p2_steps20000_tr1]:  85%|████████▍ | 16947/20000 [06:48<01:24, 36.17it/s, acc=0.403, device=mps, eta=1m17s, loss=1.6854, sps=41.5]
BC[stage1_datasets_L40_stepsweep/bc_shift4_scale_0p8_1p2_steps20000_tr1]:  85%|████████▍ | 16953/20000 [06:48<01:15, 40.19it/s, acc=0.403, device=mps, eta=1m17s, loss=1.6854, sps=41.5]
BC[stage1_datasets_L40_stepsweep/bc_shift4_scale_0p8_1p2_steps20000_tr1]:  85%|████████▍ | 16960/20000 [06:48<01:06, 45.84it/s, acc=0.403, device=mps, eta=1m17s, loss=1.6854, sps=41.5]
BC[stage1_datasets_L40_stepsweep/bc_shift4_scale_0p8_1p2_steps20000_tr1]:  85%|████████▍ | 16966/20000 [06:49<01:27, 34.63it/s, acc=0.403, device=mps, eta=1m17s, loss=1.6854, sps=41.5]
BC[stage1_datasets_L40_stepsweep/bc_shift4_scale_0p8_1p2_steps20000_tr1]:  85%|████████▍ | 16973/20000 [06:49<01:14, 40.37it/s, acc=0.403, device=mps, eta=1m17s, loss=1.6854, sps=41.5]
BC[stage1_datasets_L40_stepsweep/bc_shift4_scale_0p8_1p2_steps20000_tr1]:  85%|████████▍ | 16980/20000 [06:49<01:05, 45.90it/s, acc=0.403, device=mps, eta=1m17s, loss=1.6854, sps=41.5]
BC[stage1_datasets_L40_stepsweep/bc_shift4_scale_0p8_1p2_steps20000_tr1]:  85%|████████▍ | 16986/20000 [06:49<01:30, 33.15it/s, acc=0.403, device=mps, eta=1m17s, loss=1.6854, sps=41.5]
BC[stage1_datasets_L40_stepsweep/bc_shift4_scale_0p8_1p2_steps20000_tr1]:  85%|████████▍ | 16992/20000 [06:49<01:21, 37.02it/s, acc=0.403, device=mps, eta=1m17s, loss=1.6854, sps=41.5]
BC[stage1_datasets_L40_stepsweep/bc_shift4_scale_0p8_1p2_steps20000_tr1]:  85%|████████▍ | 16998/20000 [06:50<01:12, 41.24it/s, acc=0.403, device=mps, eta=1m17s, loss=1.6854, sps=41.5]
BC[stage1_datasets_L40_stepsweep/bc_shift4_scale_0p8_1p2_steps20000_tr1]:  85%|████████▍ | 16998/20000 [06:50<01:12, 41.24it/s, acc=0.421, device=mps, eta=1m12s, loss=1.6323, sps=41.5]
BC[stage1_datasets_L40_stepsweep/bc_shift4_scale_0p8_1p2_steps20000_tr1]:  85%|████████▌ | 17004/20000 [06:50<01:33, 32.19it/s, acc=0.421, device=mps, eta=1m12s, loss=1.6323, sps=41.5]
BC[stage1_datasets_L40_stepsweep/bc_shift4_scale_0p8_1p2_steps20000_tr1]:  85%|████████▌ | 17012/20000 [06:50<01:14, 40.20it/s, acc=0.421, device=mps, eta=1m12s, loss=1.6323, sps=41.5]
BC[stage1_datasets_L40_stepsweep/bc_shift4_scale_0p8_1p2_steps20000_tr1]:  85%|████████▌ | 17020/20000 [06:50<01:02, 47.74it/s, acc=0.421, device=mps, eta=1m12s, loss=1.6323, sps=41.5]
BC[stage1_datasets_L40_stepsweep/bc_shift4_scale_0p8_1p2_steps20000_tr1]:  85%|████████▌ | 17026/20000 [06:50<01:22, 36.05it/s, acc=0.421, device=mps, eta=1m12s, loss=1.6323, sps=41.5]
BC[stage1_datasets_L40_stepsweep/bc_shift4_scale_0p8_1p2_steps20000_tr1]:  85%|████████▌ | 17034/20000 [06:50<01:08, 43.39it/s, acc=0.421, device=mps, eta=1m12s, loss=1.6323, sps=41.5]
BC[stage1_datasets_L40_stepsweep/bc_shift4_scale_0p8_1p2_steps20000_tr1]:  85%|████████▌ | 17041/20000 [06:51<01:25, 34.51it/s, acc=0.421, device=mps, eta=1m12s, loss=1.6323, sps=41.5]
BC[stage1_datasets_L40_stepsweep/bc_shift4_scale_0p8_1p2_steps20000_tr1]:  85%|████████▌ | 17047/20000 [06:51<01:16, 38.80it/s, acc=0.421, device=mps, eta=1m12s, loss=1.6323, sps=41.5]
BC[stage1_datasets_L40_stepsweep/bc_shift4_scale_0p8_1p2_steps20000_tr1]:  85%|████████▌ | 17053/20000 [06:51<01:08, 42.95it/s, acc=0.421, device=mps, eta=1m12s, loss=1.6323, sps=41.5]
BC[stage1_datasets_L40_stepsweep/bc_shift4_scale_0p8_1p2_steps20000_tr1]:  85%|████████▌ | 17061/20000 [06:51<01:24, 34.59it/s, acc=0.421, device=mps, eta=1m12s, loss=1.6323, sps=41.5]
BC[stage1_datasets_L40_stepsweep/bc_shift4_scale_0p8_1p2_steps20000_tr1]:  85%|████████▌ | 17069/20000 [06:51<01:09, 41.92it/s, acc=0.421, device=mps, eta=1m12s, loss=1.6323, sps=41.5]
BC[stage1_datasets_L40_stepsweep/bc_shift4_scale_0p8_1p2_steps20000_tr1]:  85%|████████▌ | 17077/20000 [06:51<01:00, 48.45it/s, acc=0.421, device=mps, eta=1m12s, loss=1.6323, sps=41.5]
BC[stage1_datasets_L40_stepsweep/bc_shift4_scale_0p8_1p2_steps20000_tr1]:  85%|████████▌ | 17083/20000 [06:52<01:19, 36.83it/s, acc=0.421, device=mps, eta=1m12s, loss=1.6323, sps=41.5]
BC[stage1_datasets_L40_stepsweep/bc_shift4_scale_0p8_1p2_steps20000_tr1]:  85%|████████▌ | 17091/20000 [06:52<01:05, 44.37it/s, acc=0.421, device=mps, eta=1m12s, loss=1.6323, sps=41.5]
BC[stage1_datasets_L40_stepsweep/bc_shift4_scale_0p8_1p2_steps20000_tr1]:  85%|████████▌ | 17099/20000 [06:52<00:56, 51.60it/s, acc=0.421, device=mps, eta=1m12s, loss=1.6323, sps=41.5]
BC[stage1_datasets_L40_stepsweep/bc_shift4_scale_0p8_1p2_steps20000_tr1]:  86%|████████▌ | 17106/20000 [06:52<01:18, 36.93it/s, acc=0.421, device=mps, eta=1m12s, loss=1.6323, sps=41.5]
BC[stage1_datasets_L40_stepsweep/bc_shift4_scale_0p8_1p2_steps20000_tr1]:  86%|████████▌ | 17112/20000 [06:52<01:11, 40.53it/s, acc=0.421, device=mps, eta=1m12s, loss=1.6323, sps=41.5]
BC[stage1_datasets_L40_stepsweep/bc_shift4_scale_0p8_1p2_steps20000_tr1]:  86%|████████▌ | 17119/20000 [06:52<01:03, 45.55it/s, acc=0.421, device=mps, eta=1m12s, loss=1.6323, sps=41.5]
BC[stage1_datasets_L40_stepsweep/bc_shift4_scale_0p8_1p2_steps20000_tr1]:  86%|████████▌ | 17125/20000 [06:53<01:22, 35.01it/s, acc=0.421, device=mps, eta=1m12s, loss=1.6323, sps=41.5]
BC[stage1_datasets_L40_stepsweep/bc_shift4_scale_0p8_1p2_steps20000_tr1]:  86%|████████▌ | 17133/20000 [06:53<01:07, 42.64it/s, acc=0.421, device=mps, eta=1m12s, loss=1.6323, sps=41.5]
BC[stage1_datasets_L40_stepsweep/bc_shift4_scale_0p8_1p2_steps20000_tr1]:  86%|████████▌ | 17141/20000 [06:53<01:20, 35.41it/s, acc=0.421, device=mps, eta=1m12s, loss=1.6323, sps=41.5]
BC[stage1_datasets_L40_stepsweep/bc_shift4_scale_0p8_1p2_steps20000_tr1]:  86%|████████▌ | 17149/20000 [06:53<01:07, 42.45it/s, acc=0.421, device=mps, eta=1m12s, loss=1.6323, sps=41.5]
BC[stage1_datasets_L40_stepsweep/bc_shift4_scale_0p8_1p2_steps20000_tr1]:  86%|████████▌ | 17157/20000 [06:53<00:57, 49.09it/s, acc=0.421, device=mps, eta=1m12s, loss=1.6323, sps=41.5]
BC[stage1_datasets_L40_stepsweep/bc_shift4_scale_0p8_1p2_steps20000_tr1]:  86%|████████▌ | 17164/20000 [06:54<01:14, 38.00it/s, acc=0.421, device=mps, eta=1m12s, loss=1.6323, sps=41.5]
BC[stage1_datasets_L40_stepsweep/bc_shift4_scale_0p8_1p2_steps20000_tr1]:  86%|████████▌ | 17172/20000 [06:54<01:02, 44.91it/s, acc=0.421, device=mps, eta=1m12s, loss=1.6323, sps=41.5]
BC[stage1_datasets_L40_stepsweep/bc_shift4_scale_0p8_1p2_steps20000_tr1]:  86%|████████▌ | 17180/20000 [06:54<00:54, 51.38it/s, acc=0.421, device=mps, eta=1m12s, loss=1.6323, sps=41.5]
BC[stage1_datasets_L40_stepsweep/bc_shift4_scale_0p8_1p2_steps20000_tr1]:  86%|████████▌ | 17187/20000 [06:54<01:12, 38.88it/s, acc=0.421, device=mps, eta=1m12s, loss=1.6323, sps=41.5]
BC[stage1_datasets_L40_stepsweep/bc_shift4_scale_0p8_1p2_steps20000_tr1]:  86%|████████▌ | 17195/20000 [06:54<01:01, 45.75it/s, acc=0.421, device=mps, eta=1m12s, loss=1.6323, sps=41.5]
BC[stage1_datasets_L40_stepsweep/bc_shift4_scale_0p8_1p2_steps20000_tr1]:  86%|████████▌ | 17195/20000 [06:54<01:01, 45.75it/s, acc=0.410, device=mps, eta=1m08s, loss=1.6620, sps=41.5]
BC[stage1_datasets_L40_stepsweep/bc_shift4_scale_0p8_1p2_steps20000_tr1]:  86%|████████▌ | 17201/20000 [06:55<01:18, 35.57it/s, acc=0.410, device=mps, eta=1m08s, loss=1.6620, sps=41.5]
BC[stage1_datasets_L40_stepsweep/bc_shift4_scale_0p8_1p2_steps20000_tr1]:  86%|████████▌ | 17209/20000 [06:55<01:05, 42.75it/s, acc=0.410, device=mps, eta=1m08s, loss=1.6620, sps=41.5]
BC[stage1_datasets_L40_stepsweep/bc_shift4_scale_0p8_1p2_steps20000_tr1]:  86%|████████▌ | 17217/20000 [06:55<00:56, 49.08it/s, acc=0.410, device=mps, eta=1m08s, loss=1.6620, sps=41.5]
BC[stage1_datasets_L40_stepsweep/bc_shift4_scale_0p8_1p2_steps20000_tr1]:  86%|████████▌ | 17224/20000 [06:55<01:12, 38.05it/s, acc=0.410, device=mps, eta=1m08s, loss=1.6620, sps=41.5]
BC[stage1_datasets_L40_stepsweep/bc_shift4_scale_0p8_1p2_steps20000_tr1]:  86%|████████▌ | 17232/20000 [06:55<01:01, 45.29it/s, acc=0.410, device=mps, eta=1m08s, loss=1.6620, sps=41.5]
BC[stage1_datasets_L40_stepsweep/bc_shift4_scale_0p8_1p2_steps20000_tr1]:  86%|████████▌ | 17241/20000 [06:55<01:13, 37.62it/s, acc=0.410, device=mps, eta=1m08s, loss=1.6620, sps=41.5]
BC[stage1_datasets_L40_stepsweep/bc_shift4_scale_0p8_1p2_steps20000_tr1]:  86%|████████▌ | 17249/20000 [06:56<01:02, 44.00it/s, acc=0.410, device=mps, eta=1m08s, loss=1.6620, sps=41.5]
BC[stage1_datasets_L40_stepsweep/bc_shift4_scale_0p8_1p2_steps20000_tr1]:  86%|████████▋ | 17255/20000 [06:56<00:58, 46.56it/s, acc=0.410, device=mps, eta=1m08s, loss=1.6620, sps=41.5]
BC[stage1_datasets_L40_stepsweep/bc_shift4_scale_0p8_1p2_steps20000_tr1]:  86%|████████▋ | 17261/20000 [06:56<01:17, 35.29it/s, acc=0.410, device=mps, eta=1m08s, loss=1.6620, sps=41.5]
BC[stage1_datasets_L40_stepsweep/bc_shift4_scale_0p8_1p2_steps20000_tr1]:  86%|████████▋ | 17269/20000 [06:56<01:03, 42.80it/s, acc=0.410, device=mps, eta=1m08s, loss=1.6620, sps=41.5]
BC[stage1_datasets_L40_stepsweep/bc_shift4_scale_0p8_1p2_steps20000_tr1]:  86%|████████▋ | 17277/20000 [06:56<00:54, 49.82it/s, acc=0.410, device=mps, eta=1m08s, loss=1.6620, sps=41.5]
BC[stage1_datasets_L40_stepsweep/bc_shift4_scale_0p8_1p2_steps20000_tr1]:  86%|████████▋ | 17284/20000 [06:56<01:11, 38.11it/s, acc=0.410, device=mps, eta=1m08s, loss=1.6620, sps=41.5]
BC[stage1_datasets_L40_stepsweep/bc_shift4_scale_0p8_1p2_steps20000_tr1]:  86%|████████▋ | 17292/20000 [06:57<00:59, 45.28it/s, acc=0.410, device=mps, eta=1m08s, loss=1.6620, sps=41.5]
BC[stage1_datasets_L40_stepsweep/bc_shift4_scale_0p8_1p2_steps20000_tr1]:  87%|████████▋ | 17301/20000 [06:57<01:11, 37.58it/s, acc=0.410, device=mps, eta=1m08s, loss=1.6620, sps=41.5]
BC[stage1_datasets_L40_stepsweep/bc_shift4_scale_0p8_1p2_steps20000_tr1]:  87%|████████▋ | 17309/20000 [06:57<01:01, 43.50it/s, acc=0.410, device=mps, eta=1m08s, loss=1.6620, sps=41.5]
BC[stage1_datasets_L40_stepsweep/bc_shift4_scale_0p8_1p2_steps20000_tr1]:  87%|████████▋ | 17315/20000 [06:57<01:00, 44.68it/s, acc=0.410, device=mps, eta=1m08s, loss=1.6620, sps=41.5]
BC[stage1_datasets_L40_stepsweep/bc_shift4_scale_0p8_1p2_steps20000_tr1]:  87%|████████▋ | 17321/20000 [06:57<01:18, 33.93it/s, acc=0.410, device=mps, eta=1m08s, loss=1.6620, sps=41.5]
BC[stage1_datasets_L40_stepsweep/bc_shift4_scale_0p8_1p2_steps20000_tr1]:  87%|████████▋ | 17329/20000 [06:58<01:04, 41.45it/s, acc=0.410, device=mps, eta=1m08s, loss=1.6620, sps=41.5]
BC[stage1_datasets_L40_stepsweep/bc_shift4_scale_0p8_1p2_steps20000_tr1]:  87%|████████▋ | 17337/20000 [06:58<00:54, 48.82it/s, acc=0.410, device=mps, eta=1m08s, loss=1.6620, sps=41.5]
BC[stage1_datasets_L40_stepsweep/bc_shift4_scale_0p8_1p2_steps20000_tr1]:  87%|████████▋ | 17344/20000 [06:58<01:12, 36.76it/s, acc=0.410, device=mps, eta=1m08s, loss=1.6620, sps=41.5]
BC[stage1_datasets_L40_stepsweep/bc_shift4_scale_0p8_1p2_steps20000_tr1]:  87%|████████▋ | 17349/20000 [06:58<01:08, 38.82it/s, acc=0.410, device=mps, eta=1m08s, loss=1.6620, sps=41.5]
BC[stage1_datasets_L40_stepsweep/bc_shift4_scale_0p8_1p2_steps20000_tr1]:  87%|████████▋ | 17355/20000 [06:58<01:02, 42.45it/s, acc=0.410, device=mps, eta=1m08s, loss=1.6620, sps=41.5]
BC[stage1_datasets_L40_stepsweep/bc_shift4_scale_0p8_1p2_steps20000_tr1]:  87%|████████▋ | 17361/20000 [06:58<01:20, 32.64it/s, acc=0.410, device=mps, eta=1m08s, loss=1.6620, sps=41.5]
BC[stage1_datasets_L40_stepsweep/bc_shift4_scale_0p8_1p2_steps20000_tr1]:  87%|████████▋ | 17369/20000 [06:59<01:04, 40.76it/s, acc=0.410, device=mps, eta=1m08s, loss=1.6620, sps=41.5]
BC[stage1_datasets_L40_stepsweep/bc_shift4_scale_0p8_1p2_steps20000_tr1]:  87%|████████▋ | 17377/20000 [06:59<00:54, 47.94it/s, acc=0.410, device=mps, eta=1m08s, loss=1.6620, sps=41.5]
BC[stage1_datasets_L40_stepsweep/bc_shift4_scale_0p8_1p2_steps20000_tr1]:  87%|████████▋ | 17383/20000 [06:59<01:12, 36.23it/s, acc=0.410, device=mps, eta=1m08s, loss=1.6620, sps=41.5]
BC[stage1_datasets_L40_stepsweep/bc_shift4_scale_0p8_1p2_steps20000_tr1]:  87%|████████▋ | 17391/20000 [06:59<00:59, 44.18it/s, acc=0.410, device=mps, eta=1m08s, loss=1.6620, sps=41.5]
BC[stage1_datasets_L40_stepsweep/bc_shift4_scale_0p8_1p2_steps20000_tr1]:  87%|████████▋ | 17399/20000 [06:59<00:50, 51.56it/s, acc=0.410, device=mps, eta=1m08s, loss=1.6620, sps=41.5]
BC[stage1_datasets_L40_stepsweep/bc_shift4_scale_0p8_1p2_steps20000_tr1]:  87%|████████▋ | 17399/20000 [06:59<00:50, 51.56it/s, acc=0.432, device=mps, eta=1m03s, loss=1.6047, sps=41.5]
BC[stage1_datasets_L40_stepsweep/bc_shift4_scale_0p8_1p2_steps20000_tr1]:  87%|████████▋ | 17406/20000 [06:59<01:06, 39.11it/s, acc=0.432, device=mps, eta=1m03s, loss=1.6047, sps=41.5]
BC[stage1_datasets_L40_stepsweep/bc_shift4_scale_0p8_1p2_steps20000_tr1]:  87%|████████▋ | 17414/20000 [07:00<00:56, 46.11it/s, acc=0.432, device=mps, eta=1m03s, loss=1.6047, sps=41.5]
BC[stage1_datasets_L40_stepsweep/bc_shift4_scale_0p8_1p2_steps20000_tr1]:  87%|████████▋ | 17421/20000 [07:00<01:10, 36.38it/s, acc=0.432, device=mps, eta=1m03s, loss=1.6047, sps=41.5]
BC[stage1_datasets_L40_stepsweep/bc_shift4_scale_0p8_1p2_steps20000_tr1]:  87%|████████▋ | 17429/20000 [07:00<00:59, 43.57it/s, acc=0.432, device=mps, eta=1m03s, loss=1.6047, sps=41.5]
BC[stage1_datasets_L40_stepsweep/bc_shift4_scale_0p8_1p2_steps20000_tr1]:  87%|████████▋ | 17437/20000 [07:00<00:50, 50.26it/s, acc=0.432, device=mps, eta=1m03s, loss=1.6047, sps=41.5]
BC[stage1_datasets_L40_stepsweep/bc_shift4_scale_0p8_1p2_steps20000_tr1]:  87%|████████▋ | 17444/20000 [07:00<01:06, 38.38it/s, acc=0.432, device=mps, eta=1m03s, loss=1.6047, sps=41.5]
BC[stage1_datasets_L40_stepsweep/bc_shift4_scale_0p8_1p2_steps20000_tr1]:  87%|████████▋ | 17452/20000 [07:00<00:56, 45.34it/s, acc=0.432, device=mps, eta=1m03s, loss=1.6047, sps=41.5]
BC[stage1_datasets_L40_stepsweep/bc_shift4_scale_0p8_1p2_steps20000_tr1]:  87%|████████▋ | 17460/20000 [07:01<00:48, 52.25it/s, acc=0.432, device=mps, eta=1m03s, loss=1.6047, sps=41.5]
BC[stage1_datasets_L40_stepsweep/bc_shift4_scale_0p8_1p2_steps20000_tr1]:  87%|████████▋ | 17467/20000 [07:01<01:04, 39.07it/s, acc=0.432, device=mps, eta=1m03s, loss=1.6047, sps=41.5]
BC[stage1_datasets_L40_stepsweep/bc_shift4_scale_0p8_1p2_steps20000_tr1]:  87%|████████▋ | 17475/20000 [07:01<00:54, 45.96it/s, acc=0.432, device=mps, eta=1m03s, loss=1.6047, sps=41.5]
BC[stage1_datasets_L40_stepsweep/bc_shift4_scale_0p8_1p2_steps20000_tr1]:  87%|████████▋ | 17481/20000 [07:01<01:10, 35.56it/s, acc=0.432, device=mps, eta=1m03s, loss=1.6047, sps=41.5]
BC[stage1_datasets_L40_stepsweep/bc_shift4_scale_0p8_1p2_steps20000_tr1]:  87%|████████▋ | 17489/20000 [07:01<00:58, 43.04it/s, acc=0.432, device=mps, eta=1m03s, loss=1.6047, sps=41.5]
BC[stage1_datasets_L40_stepsweep/bc_shift4_scale_0p8_1p2_steps20000_tr1]:  87%|████████▋ | 17497/20000 [07:01<00:50, 50.03it/s, acc=0.432, device=mps, eta=1m03s, loss=1.6047, sps=41.5]
BC[stage1_datasets_L40_stepsweep/bc_shift4_scale_0p8_1p2_steps20000_tr1]:  88%|████████▊ | 17504/20000 [07:02<01:05, 38.02it/s, acc=0.432, device=mps, eta=1m03s, loss=1.6047, sps=41.5]
BC[stage1_datasets_L40_stepsweep/bc_shift4_scale_0p8_1p2_steps20000_tr1]:  88%|████████▊ | 17511/20000 [07:02<00:58, 42.61it/s, acc=0.432, device=mps, eta=1m03s, loss=1.6047, sps=41.5]
BC[stage1_datasets_L40_stepsweep/bc_shift4_scale_0p8_1p2_steps20000_tr1]:  88%|████████▊ | 17517/20000 [07:02<00:54, 45.74it/s, acc=0.432, device=mps, eta=1m03s, loss=1.6047, sps=41.5]
BC[stage1_datasets_L40_stepsweep/bc_shift4_scale_0p8_1p2_steps20000_tr1]:  88%|████████▊ | 17523/20000 [07:02<01:11, 34.55it/s, acc=0.432, device=mps, eta=1m03s, loss=1.6047, sps=41.5]
BC[stage1_datasets_L40_stepsweep/bc_shift4_scale_0p8_1p2_steps20000_tr1]:  88%|████████▊ | 17531/20000 [07:02<00:58, 42.47it/s, acc=0.432, device=mps, eta=1m03s, loss=1.6047, sps=41.5]
BC[stage1_datasets_L40_stepsweep/bc_shift4_scale_0p8_1p2_steps20000_tr1]:  88%|████████▊ | 17539/20000 [07:02<00:49, 49.66it/s, acc=0.432, device=mps, eta=1m03s, loss=1.6047, sps=41.5]
BC[stage1_datasets_L40_stepsweep/bc_shift4_scale_0p8_1p2_steps20000_tr1]:  88%|████████▊ | 17546/20000 [07:03<01:08, 35.93it/s, acc=0.432, device=mps, eta=1m03s, loss=1.6047, sps=41.5]
BC[stage1_datasets_L40_stepsweep/bc_shift4_scale_0p8_1p2_steps20000_tr1]:  88%|████████▊ | 17552/20000 [07:03<01:02, 39.23it/s, acc=0.432, device=mps, eta=1m03s, loss=1.6047, sps=41.5]
BC[stage1_datasets_L40_stepsweep/bc_shift4_scale_0p8_1p2_steps20000_tr1]:  88%|████████▊ | 17558/20000 [07:03<00:56, 43.22it/s, acc=0.432, device=mps, eta=1m03s, loss=1.6047, sps=41.5]
BC[stage1_datasets_L40_stepsweep/bc_shift4_scale_0p8_1p2_steps20000_tr1]:  88%|████████▊ | 17564/20000 [07:03<01:13, 32.95it/s, acc=0.432, device=mps, eta=1m03s, loss=1.6047, sps=41.5]
BC[stage1_datasets_L40_stepsweep/bc_shift4_scale_0p8_1p2_steps20000_tr1]:  88%|████████▊ | 17569/20000 [07:03<01:08, 35.50it/s, acc=0.432, device=mps, eta=1m03s, loss=1.6047, sps=41.5]
BC[stage1_datasets_L40_stepsweep/bc_shift4_scale_0p8_1p2_steps20000_tr1]:  88%|████████▊ | 17575/20000 [07:04<01:00, 40.35it/s, acc=0.432, device=mps, eta=1m03s, loss=1.6047, sps=41.5]
BC[stage1_datasets_L40_stepsweep/bc_shift4_scale_0p8_1p2_steps20000_tr1]:  88%|████████▊ | 17581/20000 [07:04<01:16, 31.47it/s, acc=0.432, device=mps, eta=1m03s, loss=1.6047, sps=41.5]
BC[stage1_datasets_L40_stepsweep/bc_shift4_scale_0p8_1p2_steps20000_tr1]:  88%|████████▊ | 17589/20000 [07:04<01:00, 39.97it/s, acc=0.432, device=mps, eta=1m03s, loss=1.6047, sps=41.5]
BC[stage1_datasets_L40_stepsweep/bc_shift4_scale_0p8_1p2_steps20000_tr1]:  88%|████████▊ | 17597/20000 [07:04<00:50, 47.55it/s, acc=0.432, device=mps, eta=1m03s, loss=1.6047, sps=41.5]
BC[stage1_datasets_L40_stepsweep/bc_shift4_scale_0p8_1p2_steps20000_tr1]:  88%|████████▊ | 17597/20000 [07:04<00:50, 47.55it/s, acc=0.413, device=mps, eta=58s, loss=1.6527, sps=41.5]  
BC[stage1_datasets_L40_stepsweep/bc_shift4_scale_0p8_1p2_steps20000_tr1]:  88%|████████▊ | 17603/20000 [07:04<01:06, 35.85it/s, acc=0.413, device=mps, eta=58s, loss=1.6527, sps=41.5]
BC[stage1_datasets_L40_stepsweep/bc_shift4_scale_0p8_1p2_steps20000_tr1]:  88%|████████▊ | 17611/20000 [07:04<00:54, 43.74it/s, acc=0.413, device=mps, eta=58s, loss=1.6527, sps=41.5]
BC[stage1_datasets_L40_stepsweep/bc_shift4_scale_0p8_1p2_steps20000_tr1]:  88%|████████▊ | 17619/20000 [07:05<00:46, 50.68it/s, acc=0.413, device=mps, eta=58s, loss=1.6527, sps=41.5]
BC[stage1_datasets_L40_stepsweep/bc_shift4_scale_0p8_1p2_steps20000_tr1]:  88%|████████▊ | 17626/20000 [07:05<01:02, 37.69it/s, acc=0.413, device=mps, eta=58s, loss=1.6527, sps=41.5]
BC[stage1_datasets_L40_stepsweep/bc_shift4_scale_0p8_1p2_steps20000_tr1]:  88%|████████▊ | 17632/20000 [07:05<00:57, 41.23it/s, acc=0.413, device=mps, eta=58s, loss=1.6527, sps=41.5]
BC[stage1_datasets_L40_stepsweep/bc_shift4_scale_0p8_1p2_steps20000_tr1]:  88%|████████▊ | 17639/20000 [07:05<00:50, 46.44it/s, acc=0.413, device=mps, eta=58s, loss=1.6527, sps=41.5]
BC[stage1_datasets_L40_stepsweep/bc_shift4_scale_0p8_1p2_steps20000_tr1]:  88%|████████▊ | 17645/20000 [07:05<01:06, 35.28it/s, acc=0.413, device=mps, eta=58s, loss=1.6527, sps=41.5]
BC[stage1_datasets_L40_stepsweep/bc_shift4_scale_0p8_1p2_steps20000_tr1]:  88%|████████▊ | 17653/20000 [07:05<00:54, 43.10it/s, acc=0.413, device=mps, eta=58s, loss=1.6527, sps=41.5]
BC[stage1_datasets_L40_stepsweep/bc_shift4_scale_0p8_1p2_steps20000_tr1]:  88%|████████▊ | 17661/20000 [07:06<01:05, 35.47it/s, acc=0.413, device=mps, eta=58s, loss=1.6527, sps=41.5]
BC[stage1_datasets_L40_stepsweep/bc_shift4_scale_0p8_1p2_steps20000_tr1]:  88%|████████▊ | 17667/20000 [07:06<01:00, 38.52it/s, acc=0.413, device=mps, eta=58s, loss=1.6527, sps=41.5]
BC[stage1_datasets_L40_stepsweep/bc_shift4_scale_0p8_1p2_steps20000_tr1]:  88%|████████▊ | 17673/20000 [07:06<00:55, 42.30it/s, acc=0.413, device=mps, eta=58s, loss=1.6527, sps=41.5]
BC[stage1_datasets_L40_stepsweep/bc_shift4_scale_0p8_1p2_steps20000_tr1]:  88%|████████▊ | 17680/20000 [07:06<00:48, 47.81it/s, acc=0.413, device=mps, eta=58s, loss=1.6527, sps=41.5]
BC[stage1_datasets_L40_stepsweep/bc_shift4_scale_0p8_1p2_steps20000_tr1]:  88%|████████▊ | 17686/20000 [07:06<01:07, 34.35it/s, acc=0.413, device=mps, eta=58s, loss=1.6527, sps=41.5]
BC[stage1_datasets_L40_stepsweep/bc_shift4_scale_0p8_1p2_steps20000_tr1]:  88%|████████▊ | 17692/20000 [07:06<01:00, 38.46it/s, acc=0.413, device=mps, eta=58s, loss=1.6527, sps=41.5]
BC[stage1_datasets_L40_stepsweep/bc_shift4_scale_0p8_1p2_steps20000_tr1]:  88%|████████▊ | 17699/20000 [07:07<00:52, 44.16it/s, acc=0.413, device=mps, eta=58s, loss=1.6527, sps=41.5]
BC[stage1_datasets_L40_stepsweep/bc_shift4_scale_0p8_1p2_steps20000_tr1]:  89%|████████▊ | 17705/20000 [07:07<01:07, 34.16it/s, acc=0.413, device=mps, eta=58s, loss=1.6527, sps=41.5]
BC[stage1_datasets_L40_stepsweep/bc_shift4_scale_0p8_1p2_steps20000_tr1]:  89%|████████▊ | 17713/20000 [07:07<00:54, 42.21it/s, acc=0.413, device=mps, eta=58s, loss=1.6527, sps=41.5]
BC[stage1_datasets_L40_stepsweep/bc_shift4_scale_0p8_1p2_steps20000_tr1]:  89%|████████▊ | 17721/20000 [07:07<01:05, 35.05it/s, acc=0.413, device=mps, eta=58s, loss=1.6527, sps=41.5]
BC[stage1_datasets_L40_stepsweep/bc_shift4_scale_0p8_1p2_steps20000_tr1]:  89%|████████▊ | 17729/20000 [07:07<00:53, 42.41it/s, acc=0.413, device=mps, eta=58s, loss=1.6527, sps=41.5]
BC[stage1_datasets_L40_stepsweep/bc_shift4_scale_0p8_1p2_steps20000_tr1]:  89%|████████▊ | 17737/20000 [07:07<00:46, 49.09it/s, acc=0.413, device=mps, eta=58s, loss=1.6527, sps=41.5]
BC[stage1_datasets_L40_stepsweep/bc_shift4_scale_0p8_1p2_steps20000_tr1]:  89%|████████▊ | 17744/20000 [07:08<00:59, 37.84it/s, acc=0.413, device=mps, eta=58s, loss=1.6527, sps=41.5]
BC[stage1_datasets_L40_stepsweep/bc_shift4_scale_0p8_1p2_steps20000_tr1]:  89%|████████▉ | 17752/20000 [07:08<00:50, 44.83it/s, acc=0.413, device=mps, eta=58s, loss=1.6527, sps=41.5]
BC[stage1_datasets_L40_stepsweep/bc_shift4_scale_0p8_1p2_steps20000_tr1]:  89%|████████▉ | 17760/20000 [07:08<00:43, 51.83it/s, acc=0.413, device=mps, eta=58s, loss=1.6527, sps=41.5]
BC[stage1_datasets_L40_stepsweep/bc_shift4_scale_0p8_1p2_steps20000_tr1]:  89%|████████▉ | 17767/20000 [07:08<00:57, 38.89it/s, acc=0.413, device=mps, eta=58s, loss=1.6527, sps=41.5]
BC[stage1_datasets_L40_stepsweep/bc_shift4_scale_0p8_1p2_steps20000_tr1]:  89%|████████▉ | 17775/20000 [07:08<00:48, 45.79it/s, acc=0.413, device=mps, eta=58s, loss=1.6527, sps=41.5]
BC[stage1_datasets_L40_stepsweep/bc_shift4_scale_0p8_1p2_steps20000_tr1]:  89%|████████▉ | 17781/20000 [07:09<01:02, 35.43it/s, acc=0.413, device=mps, eta=58s, loss=1.6527, sps=41.5]
BC[stage1_datasets_L40_stepsweep/bc_shift4_scale_0p8_1p2_steps20000_tr1]:  89%|████████▉ | 17789/20000 [07:09<00:52, 42.28it/s, acc=0.413, device=mps, eta=58s, loss=1.6527, sps=41.5]
BC[stage1_datasets_L40_stepsweep/bc_shift4_scale_0p8_1p2_steps20000_tr1]:  89%|████████▉ | 17795/20000 [07:09<00:49, 44.91it/s, acc=0.413, device=mps, eta=58s, loss=1.6527, sps=41.5]
BC[stage1_datasets_L40_stepsweep/bc_shift4_scale_0p8_1p2_steps20000_tr1]:  89%|████████▉ | 17795/20000 [07:09<00:49, 44.91it/s, acc=0.441, device=mps, eta=53s, loss=1.5786, sps=41.4]
BC[stage1_datasets_L40_stepsweep/bc_shift4_scale_0p8_1p2_steps20000_tr1]:  89%|████████▉ | 17801/20000 [07:09<01:04, 33.85it/s, acc=0.441, device=mps, eta=53s, loss=1.5786, sps=41.4]
BC[stage1_datasets_L40_stepsweep/bc_shift4_scale_0p8_1p2_steps20000_tr1]:  89%|████████▉ | 17809/20000 [07:09<00:52, 41.61it/s, acc=0.441, device=mps, eta=53s, loss=1.5786, sps=41.4]
BC[stage1_datasets_L40_stepsweep/bc_shift4_scale_0p8_1p2_steps20000_tr1]:  89%|████████▉ | 17817/20000 [07:09<00:45, 48.48it/s, acc=0.441, device=mps, eta=53s, loss=1.5786, sps=41.4]
BC[stage1_datasets_L40_stepsweep/bc_shift4_scale_0p8_1p2_steps20000_tr1]:  89%|████████▉ | 17823/20000 [07:10<00:59, 36.66it/s, acc=0.441, device=mps, eta=53s, loss=1.5786, sps=41.4]
BC[stage1_datasets_L40_stepsweep/bc_shift4_scale_0p8_1p2_steps20000_tr1]:  89%|████████▉ | 17831/20000 [07:10<00:49, 44.08it/s, acc=0.441, device=mps, eta=53s, loss=1.5786, sps=41.4]
BC[stage1_datasets_L40_stepsweep/bc_shift4_scale_0p8_1p2_steps20000_tr1]:  89%|████████▉ | 17839/20000 [07:10<00:42, 50.69it/s, acc=0.441, device=mps, eta=53s, loss=1.5786, sps=41.4]
BC[stage1_datasets_L40_stepsweep/bc_shift4_scale_0p8_1p2_steps20000_tr1]:  89%|████████▉ | 17846/20000 [07:10<00:55, 38.59it/s, acc=0.441, device=mps, eta=53s, loss=1.5786, sps=41.4]
BC[stage1_datasets_L40_stepsweep/bc_shift4_scale_0p8_1p2_steps20000_tr1]:  89%|████████▉ | 17854/20000 [07:10<00:47, 45.55it/s, acc=0.441, device=mps, eta=53s, loss=1.5786, sps=41.4]
BC[stage1_datasets_L40_stepsweep/bc_shift4_scale_0p8_1p2_steps20000_tr1]:  89%|████████▉ | 17861/20000 [07:11<00:59, 36.16it/s, acc=0.441, device=mps, eta=53s, loss=1.5786, sps=41.4]
BC[stage1_datasets_L40_stepsweep/bc_shift4_scale_0p8_1p2_steps20000_tr1]:  89%|████████▉ | 17869/20000 [07:11<00:49, 43.32it/s, acc=0.441, device=mps, eta=53s, loss=1.5786, sps=41.4]
BC[stage1_datasets_L40_stepsweep/bc_shift4_scale_0p8_1p2_steps20000_tr1]:  89%|████████▉ | 17877/20000 [07:11<00:42, 49.80it/s, acc=0.441, device=mps, eta=53s, loss=1.5786, sps=41.4]
BC[stage1_datasets_L40_stepsweep/bc_shift4_scale_0p8_1p2_steps20000_tr1]:  89%|████████▉ | 17884/20000 [07:11<00:55, 38.21it/s, acc=0.441, device=mps, eta=53s, loss=1.5786, sps=41.4]
BC[stage1_datasets_L40_stepsweep/bc_shift4_scale_0p8_1p2_steps20000_tr1]:  89%|████████▉ | 17892/20000 [07:11<00:46, 45.22it/s, acc=0.441, device=mps, eta=53s, loss=1.5786, sps=41.4]
BC[stage1_datasets_L40_stepsweep/bc_shift4_scale_0p8_1p2_steps20000_tr1]:  90%|████████▉ | 17901/20000 [07:12<00:55, 37.59it/s, acc=0.441, device=mps, eta=53s, loss=1.5786, sps=41.4]
BC[stage1_datasets_L40_stepsweep/bc_shift4_scale_0p8_1p2_steps20000_tr1]:  90%|████████▉ | 17909/20000 [07:12<00:48, 43.53it/s, acc=0.441, device=mps, eta=53s, loss=1.5786, sps=41.4]
BC[stage1_datasets_L40_stepsweep/bc_shift4_scale_0p8_1p2_steps20000_tr1]:  90%|████████▉ | 17915/20000 [07:12<00:45, 45.57it/s, acc=0.441, device=mps, eta=53s, loss=1.5786, sps=41.4]
BC[stage1_datasets_L40_stepsweep/bc_shift4_scale_0p8_1p2_steps20000_tr1]:  90%|████████▉ | 17921/20000 [07:12<01:01, 34.04it/s, acc=0.441, device=mps, eta=53s, loss=1.5786, sps=41.4]
BC[stage1_datasets_L40_stepsweep/bc_shift4_scale_0p8_1p2_steps20000_tr1]:  90%|████████▉ | 17927/20000 [07:12<00:55, 37.40it/s, acc=0.441, device=mps, eta=53s, loss=1.5786, sps=41.4]
BC[stage1_datasets_L40_stepsweep/bc_shift4_scale_0p8_1p2_steps20000_tr1]:  90%|████████▉ | 17934/20000 [07:12<00:48, 42.75it/s, acc=0.441, device=mps, eta=53s, loss=1.5786, sps=41.4]
BC[stage1_datasets_L40_stepsweep/bc_shift4_scale_0p8_1p2_steps20000_tr1]:  90%|████████▉ | 17941/20000 [07:13<01:00, 33.91it/s, acc=0.441, device=mps, eta=53s, loss=1.5786, sps=41.4]
BC[stage1_datasets_L40_stepsweep/bc_shift4_scale_0p8_1p2_steps20000_tr1]:  90%|████████▉ | 17947/20000 [07:13<00:54, 37.99it/s, acc=0.441, device=mps, eta=53s, loss=1.5786, sps=41.4]
BC[stage1_datasets_L40_stepsweep/bc_shift4_scale_0p8_1p2_steps20000_tr1]:  90%|████████▉ | 17952/20000 [07:13<00:50, 40.30it/s, acc=0.441, device=mps, eta=53s, loss=1.5786, sps=41.4]
BC[stage1_datasets_L40_stepsweep/bc_shift4_scale_0p8_1p2_steps20000_tr1]:  90%|████████▉ | 17958/20000 [07:13<00:46, 43.71it/s, acc=0.441, device=mps, eta=53s, loss=1.5786, sps=41.4]
BC[stage1_datasets_L40_stepsweep/bc_shift4_scale_0p8_1p2_steps20000_tr1]:  90%|████████▉ | 17963/20000 [07:13<01:04, 31.72it/s, acc=0.441, device=mps, eta=53s, loss=1.5786, sps=41.4]
BC[stage1_datasets_L40_stepsweep/bc_shift4_scale_0p8_1p2_steps20000_tr1]:  90%|████████▉ | 17971/20000 [07:13<00:49, 40.71it/s, acc=0.441, device=mps, eta=53s, loss=1.5786, sps=41.4]
BC[stage1_datasets_L40_stepsweep/bc_shift4_scale_0p8_1p2_steps20000_tr1]:  90%|████████▉ | 17979/20000 [07:13<00:41, 49.04it/s, acc=0.441, device=mps, eta=53s, loss=1.5786, sps=41.4]
BC[stage1_datasets_L40_stepsweep/bc_shift4_scale_0p8_1p2_steps20000_tr1]:  90%|████████▉ | 17985/20000 [07:14<00:54, 36.72it/s, acc=0.441, device=mps, eta=53s, loss=1.5786, sps=41.4]
BC[stage1_datasets_L40_stepsweep/bc_shift4_scale_0p8_1p2_steps20000_tr1]:  90%|████████▉ | 17993/20000 [07:14<00:45, 44.41it/s, acc=0.441, device=mps, eta=53s, loss=1.5786, sps=41.4]
BC[stage1_datasets_L40_stepsweep/bc_shift4_scale_0p8_1p2_steps20000_tr1]:  90%|████████▉ | 17993/20000 [07:14<00:45, 44.41it/s, acc=0.422, device=mps, eta=48s, loss=1.6282, sps=41.4]
BC[stage1_datasets_L40_stepsweep/bc_shift4_scale_0p8_1p2_steps20000_tr1]:  90%|█████████ | 18001/20000 [07:14<00:55, 36.12it/s, acc=0.422, device=mps, eta=48s, loss=1.6282, sps=41.4]
BC[stage1_datasets_L40_stepsweep/bc_shift4_scale_0p8_1p2_steps20000_tr1]:  90%|█████████ | 18009/20000 [07:14<00:46, 43.25it/s, acc=0.422, device=mps, eta=48s, loss=1.6282, sps=41.4]
BC[stage1_datasets_L40_stepsweep/bc_shift4_scale_0p8_1p2_steps20000_tr1]:  90%|█████████ | 18017/20000 [07:14<00:39, 50.05it/s, acc=0.422, device=mps, eta=48s, loss=1.6282, sps=41.4]
BC[stage1_datasets_L40_stepsweep/bc_shift4_scale_0p8_1p2_steps20000_tr1]:  90%|█████████ | 18024/20000 [07:15<00:51, 38.34it/s, acc=0.422, device=mps, eta=48s, loss=1.6282, sps=41.4]
BC[stage1_datasets_L40_stepsweep/bc_shift4_scale_0p8_1p2_steps20000_tr1]:  90%|█████████ | 18032/20000 [07:15<00:43, 45.28it/s, acc=0.422, device=mps, eta=48s, loss=1.6282, sps=41.4]
BC[stage1_datasets_L40_stepsweep/bc_shift4_scale_0p8_1p2_steps20000_tr1]:  90%|█████████ | 18040/20000 [07:15<00:37, 52.31it/s, acc=0.422, device=mps, eta=48s, loss=1.6282, sps=41.4]
BC[stage1_datasets_L40_stepsweep/bc_shift4_scale_0p8_1p2_steps20000_tr1]:  90%|█████████ | 18047/20000 [07:15<00:53, 36.76it/s, acc=0.422, device=mps, eta=48s, loss=1.6282, sps=41.4]
BC[stage1_datasets_L40_stepsweep/bc_shift4_scale_0p8_1p2_steps20000_tr1]:  90%|█████████ | 18053/20000 [07:15<00:48, 40.13it/s, acc=0.422, device=mps, eta=48s, loss=1.6282, sps=41.4]
BC[stage1_datasets_L40_stepsweep/bc_shift4_scale_0p8_1p2_steps20000_tr1]:  90%|█████████ | 18060/20000 [07:15<00:42, 45.30it/s, acc=0.422, device=mps, eta=48s, loss=1.6282, sps=41.4]
BC[stage1_datasets_L40_stepsweep/bc_shift4_scale_0p8_1p2_steps20000_tr1]:  90%|█████████ | 18066/20000 [07:16<00:55, 34.71it/s, acc=0.422, device=mps, eta=48s, loss=1.6282, sps=41.4]
BC[stage1_datasets_L40_stepsweep/bc_shift4_scale_0p8_1p2_steps20000_tr1]:  90%|█████████ | 18074/20000 [07:16<00:45, 42.31it/s, acc=0.422, device=mps, eta=48s, loss=1.6282, sps=41.4]
BC[stage1_datasets_L40_stepsweep/bc_shift4_scale_0p8_1p2_steps20000_tr1]:  90%|█████████ | 18081/20000 [07:16<00:55, 34.42it/s, acc=0.422, device=mps, eta=48s, loss=1.6282, sps=41.4]
BC[stage1_datasets_L40_stepsweep/bc_shift4_scale_0p8_1p2_steps20000_tr1]:  90%|█████████ | 18089/20000 [07:16<00:45, 41.87it/s, acc=0.422, device=mps, eta=48s, loss=1.6282, sps=41.4]
BC[stage1_datasets_L40_stepsweep/bc_shift4_scale_0p8_1p2_steps20000_tr1]:  90%|█████████ | 18097/20000 [07:16<00:39, 48.59it/s, acc=0.422, device=mps, eta=48s, loss=1.6282, sps=41.4]
BC[stage1_datasets_L40_stepsweep/bc_shift4_scale_0p8_1p2_steps20000_tr1]:  91%|█████████ | 18104/20000 [07:17<00:50, 37.58it/s, acc=0.422, device=mps, eta=48s, loss=1.6282, sps=41.4]
BC[stage1_datasets_L40_stepsweep/bc_shift4_scale_0p8_1p2_steps20000_tr1]:  91%|█████████ | 18112/20000 [07:17<00:42, 44.67it/s, acc=0.422, device=mps, eta=48s, loss=1.6282, sps=41.4]
BC[stage1_datasets_L40_stepsweep/bc_shift4_scale_0p8_1p2_steps20000_tr1]:  91%|█████████ | 18120/20000 [07:17<00:36, 51.32it/s, acc=0.422, device=mps, eta=48s, loss=1.6282, sps=41.4]
BC[stage1_datasets_L40_stepsweep/bc_shift4_scale_0p8_1p2_steps20000_tr1]:  91%|█████████ | 18127/20000 [07:17<00:48, 38.66it/s, acc=0.422, device=mps, eta=48s, loss=1.6282, sps=41.4]
BC[stage1_datasets_L40_stepsweep/bc_shift4_scale_0p8_1p2_steps20000_tr1]:  91%|█████████ | 18135/20000 [07:17<00:40, 45.78it/s, acc=0.422, device=mps, eta=48s, loss=1.6282, sps=41.4]
BC[stage1_datasets_L40_stepsweep/bc_shift4_scale_0p8_1p2_steps20000_tr1]:  91%|█████████ | 18141/20000 [07:17<00:52, 35.58it/s, acc=0.422, device=mps, eta=48s, loss=1.6282, sps=41.4]
BC[stage1_datasets_L40_stepsweep/bc_shift4_scale_0p8_1p2_steps20000_tr1]:  91%|█████████ | 18147/20000 [07:18<00:46, 39.55it/s, acc=0.422, device=mps, eta=48s, loss=1.6282, sps=41.4]
BC[stage1_datasets_L40_stepsweep/bc_shift4_scale_0p8_1p2_steps20000_tr1]:  91%|█████████ | 18153/20000 [07:18<00:43, 42.93it/s, acc=0.422, device=mps, eta=48s, loss=1.6282, sps=41.4]
BC[stage1_datasets_L40_stepsweep/bc_shift4_scale_0p8_1p2_steps20000_tr1]:  91%|█████████ | 18160/20000 [07:18<00:38, 48.28it/s, acc=0.422, device=mps, eta=48s, loss=1.6282, sps=41.4]
BC[stage1_datasets_L40_stepsweep/bc_shift4_scale_0p8_1p2_steps20000_tr1]:  91%|█████████ | 18166/20000 [07:18<00:51, 35.61it/s, acc=0.422, device=mps, eta=48s, loss=1.6282, sps=41.4]
BC[stage1_datasets_L40_stepsweep/bc_shift4_scale_0p8_1p2_steps20000_tr1]:  91%|█████████ | 18174/20000 [07:18<00:41, 43.49it/s, acc=0.422, device=mps, eta=48s, loss=1.6282, sps=41.4]
BC[stage1_datasets_L40_stepsweep/bc_shift4_scale_0p8_1p2_steps20000_tr1]:  91%|█████████ | 18181/20000 [07:18<00:52, 34.82it/s, acc=0.422, device=mps, eta=48s, loss=1.6282, sps=41.4]
BC[stage1_datasets_L40_stepsweep/bc_shift4_scale_0p8_1p2_steps20000_tr1]:  91%|█████████ | 18189/20000 [07:19<00:42, 42.38it/s, acc=0.422, device=mps, eta=48s, loss=1.6282, sps=41.4]
BC[stage1_datasets_L40_stepsweep/bc_shift4_scale_0p8_1p2_steps20000_tr1]:  91%|█████████ | 18197/20000 [07:19<00:36, 49.20it/s, acc=0.422, device=mps, eta=48s, loss=1.6282, sps=41.4]
BC[stage1_datasets_L40_stepsweep/bc_shift4_scale_0p8_1p2_steps20000_tr1]:  91%|█████████ | 18197/20000 [07:19<00:36, 49.20it/s, acc=0.446, device=mps, eta=43s, loss=1.5557, sps=41.4]
BC[stage1_datasets_L40_stepsweep/bc_shift4_scale_0p8_1p2_steps20000_tr1]:  91%|█████████ | 18204/20000 [07:19<00:47, 37.72it/s, acc=0.446, device=mps, eta=43s, loss=1.5557, sps=41.4]
BC[stage1_datasets_L40_stepsweep/bc_shift4_scale_0p8_1p2_steps20000_tr1]:  91%|█████████ | 18212/20000 [07:19<00:39, 44.78it/s, acc=0.446, device=mps, eta=43s, loss=1.5557, sps=41.4]
BC[stage1_datasets_L40_stepsweep/bc_shift4_scale_0p8_1p2_steps20000_tr1]:  91%|█████████ | 18220/20000 [07:19<00:34, 51.30it/s, acc=0.446, device=mps, eta=43s, loss=1.5557, sps=41.4]
BC[stage1_datasets_L40_stepsweep/bc_shift4_scale_0p8_1p2_steps20000_tr1]:  91%|█████████ | 18227/20000 [07:19<00:45, 38.87it/s, acc=0.446, device=mps, eta=43s, loss=1.5557, sps=41.4]
BC[stage1_datasets_L40_stepsweep/bc_shift4_scale_0p8_1p2_steps20000_tr1]:  91%|█████████ | 18235/20000 [07:20<00:38, 45.76it/s, acc=0.446, device=mps, eta=43s, loss=1.5557, sps=41.4]
BC[stage1_datasets_L40_stepsweep/bc_shift4_scale_0p8_1p2_steps20000_tr1]:  91%|█████████ | 18241/20000 [07:20<00:49, 35.54it/s, acc=0.446, device=mps, eta=43s, loss=1.5557, sps=41.4]
BC[stage1_datasets_L40_stepsweep/bc_shift4_scale_0p8_1p2_steps20000_tr1]:  91%|█████████ | 18249/20000 [07:20<00:40, 42.94it/s, acc=0.446, device=mps, eta=43s, loss=1.5557, sps=41.4]
BC[stage1_datasets_L40_stepsweep/bc_shift4_scale_0p8_1p2_steps20000_tr1]:  91%|█████████▏| 18257/20000 [07:20<00:35, 49.68it/s, acc=0.446, device=mps, eta=43s, loss=1.5557, sps=41.4]
BC[stage1_datasets_L40_stepsweep/bc_shift4_scale_0p8_1p2_steps20000_tr1]:  91%|█████████▏| 18264/20000 [07:20<00:45, 38.02it/s, acc=0.446, device=mps, eta=43s, loss=1.5557, sps=41.4]
BC[stage1_datasets_L40_stepsweep/bc_shift4_scale_0p8_1p2_steps20000_tr1]:  91%|█████████▏| 18272/20000 [07:20<00:38, 45.03it/s, acc=0.446, device=mps, eta=43s, loss=1.5557, sps=41.4]
BC[stage1_datasets_L40_stepsweep/bc_shift4_scale_0p8_1p2_steps20000_tr1]:  91%|█████████▏| 18280/20000 [07:21<00:33, 51.73it/s, acc=0.446, device=mps, eta=43s, loss=1.5557, sps=41.4]
BC[stage1_datasets_L40_stepsweep/bc_shift4_scale_0p8_1p2_steps20000_tr1]:  91%|█████████▏| 18287/20000 [07:21<00:44, 38.91it/s, acc=0.446, device=mps, eta=43s, loss=1.5557, sps=41.4]
BC[stage1_datasets_L40_stepsweep/bc_shift4_scale_0p8_1p2_steps20000_tr1]:  91%|█████████▏| 18295/20000 [07:21<00:37, 45.72it/s, acc=0.446, device=mps, eta=43s, loss=1.5557, sps=41.4]
BC[stage1_datasets_L40_stepsweep/bc_shift4_scale_0p8_1p2_steps20000_tr1]:  92%|█████████▏| 18301/20000 [07:21<00:47, 35.51it/s, acc=0.446, device=mps, eta=43s, loss=1.5557, sps=41.4]
BC[stage1_datasets_L40_stepsweep/bc_shift4_scale_0p8_1p2_steps20000_tr1]:  92%|█████████▏| 18309/20000 [07:21<00:39, 42.81it/s, acc=0.446, device=mps, eta=43s, loss=1.5557, sps=41.4]
BC[stage1_datasets_L40_stepsweep/bc_shift4_scale_0p8_1p2_steps20000_tr1]:  92%|█████████▏| 18317/20000 [07:21<00:33, 49.68it/s, acc=0.446, device=mps, eta=43s, loss=1.5557, sps=41.4]
BC[stage1_datasets_L40_stepsweep/bc_shift4_scale_0p8_1p2_steps20000_tr1]:  92%|█████████▏| 18324/20000 [07:22<00:44, 38.01it/s, acc=0.446, device=mps, eta=43s, loss=1.5557, sps=41.4]
BC[stage1_datasets_L40_stepsweep/bc_shift4_scale_0p8_1p2_steps20000_tr1]:  92%|█████████▏| 18332/20000 [07:22<00:37, 45.03it/s, acc=0.446, device=mps, eta=43s, loss=1.5557, sps=41.4]
BC[stage1_datasets_L40_stepsweep/bc_shift4_scale_0p8_1p2_steps20000_tr1]:  92%|█████████▏| 18340/20000 [07:22<00:32, 51.76it/s, acc=0.446, device=mps, eta=43s, loss=1.5557, sps=41.4]
BC[stage1_datasets_L40_stepsweep/bc_shift4_scale_0p8_1p2_steps20000_tr1]:  92%|█████████▏| 18347/20000 [07:22<00:42, 38.90it/s, acc=0.446, device=mps, eta=43s, loss=1.5557, sps=41.4]
BC[stage1_datasets_L40_stepsweep/bc_shift4_scale_0p8_1p2_steps20000_tr1]:  92%|█████████▏| 18355/20000 [07:22<00:35, 46.07it/s, acc=0.446, device=mps, eta=43s, loss=1.5557, sps=41.4]
BC[stage1_datasets_L40_stepsweep/bc_shift4_scale_0p8_1p2_steps20000_tr1]:  92%|█████████▏| 18361/20000 [07:23<00:45, 36.16it/s, acc=0.446, device=mps, eta=43s, loss=1.5557, sps=41.4]
BC[stage1_datasets_L40_stepsweep/bc_shift4_scale_0p8_1p2_steps20000_tr1]:  92%|█████████▏| 18369/20000 [07:23<00:37, 43.47it/s, acc=0.446, device=mps, eta=43s, loss=1.5557, sps=41.4]
BC[stage1_datasets_L40_stepsweep/bc_shift4_scale_0p8_1p2_steps20000_tr1]:  92%|█████████▏| 18377/20000 [07:23<00:32, 50.37it/s, acc=0.446, device=mps, eta=43s, loss=1.5557, sps=41.4]
BC[stage1_datasets_L40_stepsweep/bc_shift4_scale_0p8_1p2_steps20000_tr1]:  92%|█████████▏| 18384/20000 [07:23<00:42, 38.39it/s, acc=0.446, device=mps, eta=43s, loss=1.5557, sps=41.4]
BC[stage1_datasets_L40_stepsweep/bc_shift4_scale_0p8_1p2_steps20000_tr1]:  92%|█████████▏| 18392/20000 [07:23<00:35, 45.38it/s, acc=0.446, device=mps, eta=43s, loss=1.5557, sps=41.4]
BC[stage1_datasets_L40_stepsweep/bc_shift4_scale_0p8_1p2_steps20000_tr1]:  92%|█████████▏| 18392/20000 [07:23<00:35, 45.38it/s, acc=0.425, device=mps, eta=39s, loss=1.6194, sps=41.5]
BC[stage1_datasets_L40_stepsweep/bc_shift4_scale_0p8_1p2_steps20000_tr1]:  92%|█████████▏| 18400/20000 [07:23<00:30, 52.04it/s, acc=0.425, device=mps, eta=39s, loss=1.6194, sps=41.5]
BC[stage1_datasets_L40_stepsweep/bc_shift4_scale_0p8_1p2_steps20000_tr1]:  92%|█████████▏| 18407/20000 [07:24<00:40, 38.95it/s, acc=0.425, device=mps, eta=39s, loss=1.6194, sps=41.5]
BC[stage1_datasets_L40_stepsweep/bc_shift4_scale_0p8_1p2_steps20000_tr1]:  92%|█████████▏| 18415/20000 [07:24<00:34, 46.08it/s, acc=0.425, device=mps, eta=39s, loss=1.6194, sps=41.5]
BC[stage1_datasets_L40_stepsweep/bc_shift4_scale_0p8_1p2_steps20000_tr1]:  92%|█████████▏| 18421/20000 [07:24<00:44, 35.63it/s, acc=0.425, device=mps, eta=39s, loss=1.6194, sps=41.5]
BC[stage1_datasets_L40_stepsweep/bc_shift4_scale_0p8_1p2_steps20000_tr1]:  92%|█████████▏| 18429/20000 [07:24<00:36, 42.61it/s, acc=0.425, device=mps, eta=39s, loss=1.6194, sps=41.5]
BC[stage1_datasets_L40_stepsweep/bc_shift4_scale_0p8_1p2_steps20000_tr1]:  92%|█████████▏| 18435/20000 [07:24<00:34, 45.55it/s, acc=0.425, device=mps, eta=39s, loss=1.6194, sps=41.5]
BC[stage1_datasets_L40_stepsweep/bc_shift4_scale_0p8_1p2_steps20000_tr1]:  92%|█████████▏| 18441/20000 [07:24<00:45, 34.55it/s, acc=0.425, device=mps, eta=39s, loss=1.6194, sps=41.5]
BC[stage1_datasets_L40_stepsweep/bc_shift4_scale_0p8_1p2_steps20000_tr1]:  92%|█████████▏| 18449/20000 [07:25<00:36, 42.45it/s, acc=0.425, device=mps, eta=39s, loss=1.6194, sps=41.5]
BC[stage1_datasets_L40_stepsweep/bc_shift4_scale_0p8_1p2_steps20000_tr1]:  92%|█████████▏| 18457/20000 [07:25<00:31, 49.61it/s, acc=0.425, device=mps, eta=39s, loss=1.6194, sps=41.5]
BC[stage1_datasets_L40_stepsweep/bc_shift4_scale_0p8_1p2_steps20000_tr1]:  92%|█████████▏| 18464/20000 [07:25<00:40, 37.80it/s, acc=0.425, device=mps, eta=39s, loss=1.6194, sps=41.5]
BC[stage1_datasets_L40_stepsweep/bc_shift4_scale_0p8_1p2_steps20000_tr1]:  92%|█████████▏| 18472/20000 [07:25<00:33, 45.08it/s, acc=0.425, device=mps, eta=39s, loss=1.6194, sps=41.5]
BC[stage1_datasets_L40_stepsweep/bc_shift4_scale_0p8_1p2_steps20000_tr1]:  92%|█████████▏| 18480/20000 [07:25<00:29, 52.10it/s, acc=0.425, device=mps, eta=39s, loss=1.6194, sps=41.5]
BC[stage1_datasets_L40_stepsweep/bc_shift4_scale_0p8_1p2_steps20000_tr1]:  92%|█████████▏| 18487/20000 [07:26<00:38, 38.82it/s, acc=0.425, device=mps, eta=39s, loss=1.6194, sps=41.5]
BC[stage1_datasets_L40_stepsweep/bc_shift4_scale_0p8_1p2_steps20000_tr1]:  92%|█████████▏| 18495/20000 [07:26<00:32, 45.78it/s, acc=0.425, device=mps, eta=39s, loss=1.6194, sps=41.5]
BC[stage1_datasets_L40_stepsweep/bc_shift4_scale_0p8_1p2_steps20000_tr1]:  93%|█████████▎| 18501/20000 [07:26<00:42, 35.41it/s, acc=0.425, device=mps, eta=39s, loss=1.6194, sps=41.5]
BC[stage1_datasets_L40_stepsweep/bc_shift4_scale_0p8_1p2_steps20000_tr1]:  93%|█████████▎| 18509/20000 [07:26<00:34, 43.04it/s, acc=0.425, device=mps, eta=39s, loss=1.6194, sps=41.5]
BC[stage1_datasets_L40_stepsweep/bc_shift4_scale_0p8_1p2_steps20000_tr1]:  93%|█████████▎| 18517/20000 [07:26<00:29, 50.19it/s, acc=0.425, device=mps, eta=39s, loss=1.6194, sps=41.5]
BC[stage1_datasets_L40_stepsweep/bc_shift4_scale_0p8_1p2_steps20000_tr1]:  93%|█████████▎| 18524/20000 [07:26<00:38, 38.59it/s, acc=0.425, device=mps, eta=39s, loss=1.6194, sps=41.5]
BC[stage1_datasets_L40_stepsweep/bc_shift4_scale_0p8_1p2_steps20000_tr1]:  93%|█████████▎| 18532/20000 [07:26<00:32, 45.68it/s, acc=0.425, device=mps, eta=39s, loss=1.6194, sps=41.5]
BC[stage1_datasets_L40_stepsweep/bc_shift4_scale_0p8_1p2_steps20000_tr1]:  93%|█████████▎| 18540/20000 [07:27<00:27, 52.37it/s, acc=0.425, device=mps, eta=39s, loss=1.6194, sps=41.5]
BC[stage1_datasets_L40_stepsweep/bc_shift4_scale_0p8_1p2_steps20000_tr1]:  93%|█████████▎| 18547/20000 [07:27<00:37, 39.18it/s, acc=0.425, device=mps, eta=39s, loss=1.6194, sps=41.5]
BC[stage1_datasets_L40_stepsweep/bc_shift4_scale_0p8_1p2_steps20000_tr1]:  93%|█████████▎| 18555/20000 [07:27<00:31, 46.03it/s, acc=0.425, device=mps, eta=39s, loss=1.6194, sps=41.5]
BC[stage1_datasets_L40_stepsweep/bc_shift4_scale_0p8_1p2_steps20000_tr1]:  93%|█████████▎| 18561/20000 [07:27<00:40, 35.65it/s, acc=0.425, device=mps, eta=39s, loss=1.6194, sps=41.5]
BC[stage1_datasets_L40_stepsweep/bc_shift4_scale_0p8_1p2_steps20000_tr1]:  93%|█████████▎| 18569/20000 [07:27<00:33, 43.13it/s, acc=0.425, device=mps, eta=39s, loss=1.6194, sps=41.5]
BC[stage1_datasets_L40_stepsweep/bc_shift4_scale_0p8_1p2_steps20000_tr1]:  93%|█████████▎| 18577/20000 [07:27<00:28, 49.87it/s, acc=0.425, device=mps, eta=39s, loss=1.6194, sps=41.5]
BC[stage1_datasets_L40_stepsweep/bc_shift4_scale_0p8_1p2_steps20000_tr1]:  93%|█████████▎| 18584/20000 [07:28<00:37, 38.02it/s, acc=0.425, device=mps, eta=39s, loss=1.6194, sps=41.5]
BC[stage1_datasets_L40_stepsweep/bc_shift4_scale_0p8_1p2_steps20000_tr1]:  93%|█████████▎| 18592/20000 [07:28<00:31, 45.08it/s, acc=0.425, device=mps, eta=39s, loss=1.6194, sps=41.5]
BC[stage1_datasets_L40_stepsweep/bc_shift4_scale_0p8_1p2_steps20000_tr1]:  93%|█████████▎| 18592/20000 [07:28<00:31, 45.08it/s, acc=0.444, device=mps, eta=34s, loss=1.5542, sps=41.5]
BC[stage1_datasets_L40_stepsweep/bc_shift4_scale_0p8_1p2_steps20000_tr1]:  93%|█████████▎| 18600/20000 [07:28<00:27, 51.79it/s, acc=0.444, device=mps, eta=34s, loss=1.5542, sps=41.5]
BC[stage1_datasets_L40_stepsweep/bc_shift4_scale_0p8_1p2_steps20000_tr1]:  93%|█████████▎| 18607/20000 [07:28<00:35, 38.96it/s, acc=0.444, device=mps, eta=34s, loss=1.5542, sps=41.5]
BC[stage1_datasets_L40_stepsweep/bc_shift4_scale_0p8_1p2_steps20000_tr1]:  93%|█████████▎| 18615/20000 [07:28<00:30, 45.89it/s, acc=0.444, device=mps, eta=34s, loss=1.5542, sps=41.5]
BC[stage1_datasets_L40_stepsweep/bc_shift4_scale_0p8_1p2_steps20000_tr1]:  93%|█████████▎| 18621/20000 [07:29<00:38, 35.52it/s, acc=0.444, device=mps, eta=34s, loss=1.5542, sps=41.5]
BC[stage1_datasets_L40_stepsweep/bc_shift4_scale_0p8_1p2_steps20000_tr1]:  93%|█████████▎| 18627/20000 [07:29<00:35, 38.62it/s, acc=0.444, device=mps, eta=34s, loss=1.5542, sps=41.5]
BC[stage1_datasets_L40_stepsweep/bc_shift4_scale_0p8_1p2_steps20000_tr1]:  93%|█████████▎| 18633/20000 [07:29<00:32, 42.59it/s, acc=0.444, device=mps, eta=34s, loss=1.5542, sps=41.5]
BC[stage1_datasets_L40_stepsweep/bc_shift4_scale_0p8_1p2_steps20000_tr1]:  93%|█████████▎| 18640/20000 [07:29<00:28, 48.40it/s, acc=0.444, device=mps, eta=34s, loss=1.5542, sps=41.5]
BC[stage1_datasets_L40_stepsweep/bc_shift4_scale_0p8_1p2_steps20000_tr1]:  93%|█████████▎| 18646/20000 [07:29<00:37, 35.85it/s, acc=0.444, device=mps, eta=34s, loss=1.5542, sps=41.5]
BC[stage1_datasets_L40_stepsweep/bc_shift4_scale_0p8_1p2_steps20000_tr1]:  93%|█████████▎| 18654/20000 [07:29<00:30, 43.70it/s, acc=0.444, device=mps, eta=34s, loss=1.5542, sps=41.5]
BC[stage1_datasets_L40_stepsweep/bc_shift4_scale_0p8_1p2_steps20000_tr1]:  93%|█████████▎| 18661/20000 [07:30<00:38, 34.90it/s, acc=0.444, device=mps, eta=34s, loss=1.5542, sps=41.5]
BC[stage1_datasets_L40_stepsweep/bc_shift4_scale_0p8_1p2_steps20000_tr1]:  93%|█████████▎| 18669/20000 [07:30<00:31, 42.60it/s, acc=0.444, device=mps, eta=34s, loss=1.5542, sps=41.5]
BC[stage1_datasets_L40_stepsweep/bc_shift4_scale_0p8_1p2_steps20000_tr1]:  93%|█████████▎| 18677/20000 [07:30<00:26, 49.54it/s, acc=0.444, device=mps, eta=34s, loss=1.5542, sps=41.5]
BC[stage1_datasets_L40_stepsweep/bc_shift4_scale_0p8_1p2_steps20000_tr1]:  93%|█████████▎| 18684/20000 [07:30<00:34, 37.82it/s, acc=0.444, device=mps, eta=34s, loss=1.5542, sps=41.5]
BC[stage1_datasets_L40_stepsweep/bc_shift4_scale_0p8_1p2_steps20000_tr1]:  93%|█████████▎| 18692/20000 [07:30<00:29, 45.05it/s, acc=0.444, device=mps, eta=34s, loss=1.5542, sps=41.5]
BC[stage1_datasets_L40_stepsweep/bc_shift4_scale_0p8_1p2_steps20000_tr1]:  94%|█████████▎| 18700/20000 [07:30<00:25, 51.96it/s, acc=0.444, device=mps, eta=34s, loss=1.5542, sps=41.5]
BC[stage1_datasets_L40_stepsweep/bc_shift4_scale_0p8_1p2_steps20000_tr1]:  94%|█████████▎| 18707/20000 [07:31<00:35, 36.53it/s, acc=0.444, device=mps, eta=34s, loss=1.5542, sps=41.5]
BC[stage1_datasets_L40_stepsweep/bc_shift4_scale_0p8_1p2_steps20000_tr1]:  94%|█████████▎| 18713/20000 [07:31<00:32, 40.07it/s, acc=0.444, device=mps, eta=34s, loss=1.5542, sps=41.5]
BC[stage1_datasets_L40_stepsweep/bc_shift4_scale_0p8_1p2_steps20000_tr1]:  94%|█████████▎| 18720/20000 [07:31<00:28, 45.52it/s, acc=0.444, device=mps, eta=34s, loss=1.5542, sps=41.5]
BC[stage1_datasets_L40_stepsweep/bc_shift4_scale_0p8_1p2_steps20000_tr1]:  94%|█████████▎| 18726/20000 [07:31<00:36, 34.67it/s, acc=0.444, device=mps, eta=34s, loss=1.5542, sps=41.5]
BC[stage1_datasets_L40_stepsweep/bc_shift4_scale_0p8_1p2_steps20000_tr1]:  94%|█████████▎| 18734/20000 [07:31<00:29, 42.55it/s, acc=0.444, device=mps, eta=34s, loss=1.5542, sps=41.5]
BC[stage1_datasets_L40_stepsweep/bc_shift4_scale_0p8_1p2_steps20000_tr1]:  94%|█████████▎| 18741/20000 [07:32<00:36, 34.40it/s, acc=0.444, device=mps, eta=34s, loss=1.5542, sps=41.5]
BC[stage1_datasets_L40_stepsweep/bc_shift4_scale_0p8_1p2_steps20000_tr1]:  94%|█████████▎| 18747/20000 [07:32<00:32, 38.62it/s, acc=0.444, device=mps, eta=34s, loss=1.5542, sps=41.5]
BC[stage1_datasets_L40_stepsweep/bc_shift4_scale_0p8_1p2_steps20000_tr1]:  94%|█████████▍| 18753/20000 [07:32<00:29, 42.27it/s, acc=0.444, device=mps, eta=34s, loss=1.5542, sps=41.5]
BC[stage1_datasets_L40_stepsweep/bc_shift4_scale_0p8_1p2_steps20000_tr1]:  94%|█████████▍| 18760/20000 [07:32<00:25, 47.89it/s, acc=0.444, device=mps, eta=34s, loss=1.5542, sps=41.5]
BC[stage1_datasets_L40_stepsweep/bc_shift4_scale_0p8_1p2_steps20000_tr1]:  94%|█████████▍| 18766/20000 [07:32<00:35, 35.21it/s, acc=0.444, device=mps, eta=34s, loss=1.5542, sps=41.5]
BC[stage1_datasets_L40_stepsweep/bc_shift4_scale_0p8_1p2_steps20000_tr1]:  94%|█████████▍| 18774/20000 [07:32<00:28, 43.39it/s, acc=0.444, device=mps, eta=34s, loss=1.5542, sps=41.5]
BC[stage1_datasets_L40_stepsweep/bc_shift4_scale_0p8_1p2_steps20000_tr1]:  94%|█████████▍| 18781/20000 [07:33<00:35, 34.67it/s, acc=0.444, device=mps, eta=34s, loss=1.5542, sps=41.5]
BC[stage1_datasets_L40_stepsweep/bc_shift4_scale_0p8_1p2_steps20000_tr1]:  94%|█████████▍| 18789/20000 [07:33<00:29, 41.72it/s, acc=0.444, device=mps, eta=34s, loss=1.5542, sps=41.5]
BC[stage1_datasets_L40_stepsweep/bc_shift4_scale_0p8_1p2_steps20000_tr1]:  94%|█████████▍| 18795/20000 [07:33<00:26, 44.95it/s, acc=0.444, device=mps, eta=34s, loss=1.5542, sps=41.5]
BC[stage1_datasets_L40_stepsweep/bc_shift4_scale_0p8_1p2_steps20000_tr1]:  94%|█████████▍| 18795/20000 [07:33<00:26, 44.95it/s, acc=0.434, device=mps, eta=29s, loss=1.5952, sps=41.5]
BC[stage1_datasets_L40_stepsweep/bc_shift4_scale_0p8_1p2_steps20000_tr1]:  94%|█████████▍| 18801/20000 [07:33<00:35, 34.19it/s, acc=0.434, device=mps, eta=29s, loss=1.5952, sps=41.5]
BC[stage1_datasets_L40_stepsweep/bc_shift4_scale_0p8_1p2_steps20000_tr1]:  94%|█████████▍| 18809/20000 [07:33<00:28, 42.05it/s, acc=0.434, device=mps, eta=29s, loss=1.5952, sps=41.5]
BC[stage1_datasets_L40_stepsweep/bc_shift4_scale_0p8_1p2_steps20000_tr1]:  94%|█████████▍| 18817/20000 [07:33<00:23, 49.64it/s, acc=0.434, device=mps, eta=29s, loss=1.5952, sps=41.5]
BC[stage1_datasets_L40_stepsweep/bc_shift4_scale_0p8_1p2_steps20000_tr1]:  94%|█████████▍| 18824/20000 [07:34<00:31, 36.82it/s, acc=0.434, device=mps, eta=29s, loss=1.5952, sps=41.5]
BC[stage1_datasets_L40_stepsweep/bc_shift4_scale_0p8_1p2_steps20000_tr1]:  94%|█████████▍| 18830/20000 [07:34<00:29, 40.21it/s, acc=0.434, device=mps, eta=29s, loss=1.5952, sps=41.5]
BC[stage1_datasets_L40_stepsweep/bc_shift4_scale_0p8_1p2_steps20000_tr1]:  94%|█████████▍| 18837/20000 [07:34<00:25, 45.27it/s, acc=0.434, device=mps, eta=29s, loss=1.5952, sps=41.5]
BC[stage1_datasets_L40_stepsweep/bc_shift4_scale_0p8_1p2_steps20000_tr1]:  94%|█████████▍| 18843/20000 [07:34<00:33, 34.43it/s, acc=0.434, device=mps, eta=29s, loss=1.5952, sps=41.5]
BC[stage1_datasets_L40_stepsweep/bc_shift4_scale_0p8_1p2_steps20000_tr1]:  94%|█████████▍| 18851/20000 [07:34<00:27, 42.49it/s, acc=0.434, device=mps, eta=29s, loss=1.5952, sps=41.5]
BC[stage1_datasets_L40_stepsweep/bc_shift4_scale_0p8_1p2_steps20000_tr1]:  94%|█████████▍| 18859/20000 [07:34<00:22, 49.97it/s, acc=0.434, device=mps, eta=29s, loss=1.5952, sps=41.5]
BC[stage1_datasets_L40_stepsweep/bc_shift4_scale_0p8_1p2_steps20000_tr1]:  94%|█████████▍| 18866/20000 [07:35<00:29, 38.37it/s, acc=0.434, device=mps, eta=29s, loss=1.5952, sps=41.5]
BC[stage1_datasets_L40_stepsweep/bc_shift4_scale_0p8_1p2_steps20000_tr1]:  94%|█████████▍| 18874/20000 [07:35<00:24, 45.55it/s, acc=0.434, device=mps, eta=29s, loss=1.5952, sps=41.5]
BC[stage1_datasets_L40_stepsweep/bc_shift4_scale_0p8_1p2_steps20000_tr1]:  94%|█████████▍| 18881/20000 [07:35<00:30, 36.11it/s, acc=0.434, device=mps, eta=29s, loss=1.5952, sps=41.5]
BC[stage1_datasets_L40_stepsweep/bc_shift4_scale_0p8_1p2_steps20000_tr1]:  94%|█████████▍| 18889/20000 [07:35<00:25, 43.46it/s, acc=0.434, device=mps, eta=29s, loss=1.5952, sps=41.5]
BC[stage1_datasets_L40_stepsweep/bc_shift4_scale_0p8_1p2_steps20000_tr1]:  94%|█████████▍| 18897/20000 [07:35<00:22, 50.08it/s, acc=0.434, device=mps, eta=29s, loss=1.5952, sps=41.5]
BC[stage1_datasets_L40_stepsweep/bc_shift4_scale_0p8_1p2_steps20000_tr1]:  95%|█████████▍| 18904/20000 [07:36<00:28, 38.23it/s, acc=0.434, device=mps, eta=29s, loss=1.5952, sps=41.5]
BC[stage1_datasets_L40_stepsweep/bc_shift4_scale_0p8_1p2_steps20000_tr1]:  95%|█████████▍| 18912/20000 [07:36<00:24, 45.18it/s, acc=0.434, device=mps, eta=29s, loss=1.5952, sps=41.5]
BC[stage1_datasets_L40_stepsweep/bc_shift4_scale_0p8_1p2_steps20000_tr1]:  95%|█████████▍| 18921/20000 [07:36<00:28, 37.57it/s, acc=0.434, device=mps, eta=29s, loss=1.5952, sps=41.5]
BC[stage1_datasets_L40_stepsweep/bc_shift4_scale_0p8_1p2_steps20000_tr1]:  95%|█████████▍| 18929/20000 [07:36<00:24, 43.79it/s, acc=0.434, device=mps, eta=29s, loss=1.5952, sps=41.5]
BC[stage1_datasets_L40_stepsweep/bc_shift4_scale_0p8_1p2_steps20000_tr1]:  95%|█████████▍| 18935/20000 [07:36<00:23, 45.92it/s, acc=0.434, device=mps, eta=29s, loss=1.5952, sps=41.5]
BC[stage1_datasets_L40_stepsweep/bc_shift4_scale_0p8_1p2_steps20000_tr1]:  95%|█████████▍| 18941/20000 [07:36<00:30, 34.59it/s, acc=0.434, device=mps, eta=29s, loss=1.5952, sps=41.5]
BC[stage1_datasets_L40_stepsweep/bc_shift4_scale_0p8_1p2_steps20000_tr1]:  95%|█████████▍| 18949/20000 [07:37<00:24, 42.22it/s, acc=0.434, device=mps, eta=29s, loss=1.5952, sps=41.5]
BC[stage1_datasets_L40_stepsweep/bc_shift4_scale_0p8_1p2_steps20000_tr1]:  95%|█████████▍| 18957/20000 [07:37<00:21, 49.00it/s, acc=0.434, device=mps, eta=29s, loss=1.5952, sps=41.5]
BC[stage1_datasets_L40_stepsweep/bc_shift4_scale_0p8_1p2_steps20000_tr1]:  95%|█████████▍| 18964/20000 [07:37<00:27, 37.68it/s, acc=0.434, device=mps, eta=29s, loss=1.5952, sps=41.5]
BC[stage1_datasets_L40_stepsweep/bc_shift4_scale_0p8_1p2_steps20000_tr1]:  95%|█████████▍| 18972/20000 [07:37<00:22, 44.81it/s, acc=0.434, device=mps, eta=29s, loss=1.5952, sps=41.5]
BC[stage1_datasets_L40_stepsweep/bc_shift4_scale_0p8_1p2_steps20000_tr1]:  95%|█████████▍| 18980/20000 [07:37<00:19, 51.50it/s, acc=0.434, device=mps, eta=29s, loss=1.5952, sps=41.5]
BC[stage1_datasets_L40_stepsweep/bc_shift4_scale_0p8_1p2_steps20000_tr1]:  95%|█████████▍| 18987/20000 [07:38<00:26, 38.72it/s, acc=0.434, device=mps, eta=29s, loss=1.5952, sps=41.5]
BC[stage1_datasets_L40_stepsweep/bc_shift4_scale_0p8_1p2_steps20000_tr1]:  95%|█████████▍| 18995/20000 [07:38<00:22, 45.62it/s, acc=0.434, device=mps, eta=29s, loss=1.5952, sps=41.5]
BC[stage1_datasets_L40_stepsweep/bc_shift4_scale_0p8_1p2_steps20000_tr1]:  95%|█████████▍| 18995/20000 [07:38<00:22, 45.62it/s, acc=0.451, device=mps, eta=24s, loss=1.5390, sps=41.5]
BC[stage1_datasets_L40_stepsweep/bc_shift4_scale_0p8_1p2_steps20000_tr1]:  95%|█████████▌| 19001/20000 [07:38<00:28, 35.48it/s, acc=0.451, device=mps, eta=24s, loss=1.5390, sps=41.5]
BC[stage1_datasets_L40_stepsweep/bc_shift4_scale_0p8_1p2_steps20000_tr1]:  95%|█████████▌| 19009/20000 [07:38<00:23, 42.95it/s, acc=0.451, device=mps, eta=24s, loss=1.5390, sps=41.5]
BC[stage1_datasets_L40_stepsweep/bc_shift4_scale_0p8_1p2_steps20000_tr1]:  95%|█████████▌| 19017/20000 [07:38<00:19, 49.64it/s, acc=0.451, device=mps, eta=24s, loss=1.5390, sps=41.5]
BC[stage1_datasets_L40_stepsweep/bc_shift4_scale_0p8_1p2_steps20000_tr1]:  95%|█████████▌| 19024/20000 [07:38<00:25, 38.01it/s, acc=0.451, device=mps, eta=24s, loss=1.5390, sps=41.5]
BC[stage1_datasets_L40_stepsweep/bc_shift4_scale_0p8_1p2_steps20000_tr1]:  95%|█████████▌| 19032/20000 [07:39<00:21, 45.19it/s, acc=0.451, device=mps, eta=24s, loss=1.5390, sps=41.5]
BC[stage1_datasets_L40_stepsweep/bc_shift4_scale_0p8_1p2_steps20000_tr1]:  95%|█████████▌| 19041/20000 [07:39<00:25, 37.45it/s, acc=0.451, device=mps, eta=24s, loss=1.5390, sps=41.5]
BC[stage1_datasets_L40_stepsweep/bc_shift4_scale_0p8_1p2_steps20000_tr1]:  95%|█████████▌| 19046/20000 [07:39<00:24, 39.46it/s, acc=0.451, device=mps, eta=24s, loss=1.5390, sps=41.5]
BC[stage1_datasets_L40_stepsweep/bc_shift4_scale_0p8_1p2_steps20000_tr1]:  95%|█████████▌| 19052/20000 [07:39<00:22, 42.85it/s, acc=0.451, device=mps, eta=24s, loss=1.5390, sps=41.5]
BC[stage1_datasets_L40_stepsweep/bc_shift4_scale_0p8_1p2_steps20000_tr1]:  95%|█████████▌| 19059/20000 [07:39<00:19, 47.82it/s, acc=0.451, device=mps, eta=24s, loss=1.5390, sps=41.5]
BC[stage1_datasets_L40_stepsweep/bc_shift4_scale_0p8_1p2_steps20000_tr1]:  95%|█████████▌| 19065/20000 [07:39<00:26, 35.20it/s, acc=0.451, device=mps, eta=24s, loss=1.5390, sps=41.5]
BC[stage1_datasets_L40_stepsweep/bc_shift4_scale_0p8_1p2_steps20000_tr1]:  95%|█████████▌| 19071/20000 [07:40<00:23, 39.11it/s, acc=0.451, device=mps, eta=24s, loss=1.5390, sps=41.5]
BC[stage1_datasets_L40_stepsweep/bc_shift4_scale_0p8_1p2_steps20000_tr1]:  95%|█████████▌| 19078/20000 [07:40<00:20, 44.92it/s, acc=0.451, device=mps, eta=24s, loss=1.5390, sps=41.5]
BC[stage1_datasets_L40_stepsweep/bc_shift4_scale_0p8_1p2_steps20000_tr1]:  95%|█████████▌| 19084/20000 [07:40<00:27, 33.32it/s, acc=0.451, device=mps, eta=24s, loss=1.5390, sps=41.5]
BC[stage1_datasets_L40_stepsweep/bc_shift4_scale_0p8_1p2_steps20000_tr1]:  95%|█████████▌| 19090/20000 [07:40<00:24, 37.40it/s, acc=0.451, device=mps, eta=24s, loss=1.5390, sps=41.5]
BC[stage1_datasets_L40_stepsweep/bc_shift4_scale_0p8_1p2_steps20000_tr1]:  95%|█████████▌| 19097/20000 [07:40<00:20, 43.11it/s, acc=0.451, device=mps, eta=24s, loss=1.5390, sps=41.5]
BC[stage1_datasets_L40_stepsweep/bc_shift4_scale_0p8_1p2_steps20000_tr1]:  96%|█████████▌| 19103/20000 [07:40<00:27, 33.21it/s, acc=0.451, device=mps, eta=24s, loss=1.5390, sps=41.5]
BC[stage1_datasets_L40_stepsweep/bc_shift4_scale_0p8_1p2_steps20000_tr1]:  96%|█████████▌| 19111/20000 [07:41<00:21, 41.32it/s, acc=0.451, device=mps, eta=24s, loss=1.5390, sps=41.5]
BC[stage1_datasets_L40_stepsweep/bc_shift4_scale_0p8_1p2_steps20000_tr1]:  96%|█████████▌| 19119/20000 [07:41<00:18, 48.69it/s, acc=0.451, device=mps, eta=24s, loss=1.5390, sps=41.5]
BC[stage1_datasets_L40_stepsweep/bc_shift4_scale_0p8_1p2_steps20000_tr1]:  96%|█████████▌| 19125/20000 [07:41<00:23, 36.76it/s, acc=0.451, device=mps, eta=24s, loss=1.5390, sps=41.5]
BC[stage1_datasets_L40_stepsweep/bc_shift4_scale_0p8_1p2_steps20000_tr1]:  96%|█████████▌| 19133/20000 [07:41<00:19, 44.44it/s, acc=0.451, device=mps, eta=24s, loss=1.5390, sps=41.5]
BC[stage1_datasets_L40_stepsweep/bc_shift4_scale_0p8_1p2_steps20000_tr1]:  96%|█████████▌| 19141/20000 [07:41<00:23, 36.05it/s, acc=0.451, device=mps, eta=24s, loss=1.5390, sps=41.5]
BC[stage1_datasets_L40_stepsweep/bc_shift4_scale_0p8_1p2_steps20000_tr1]:  96%|█████████▌| 19148/20000 [07:41<00:20, 40.92it/s, acc=0.451, device=mps, eta=24s, loss=1.5390, sps=41.5]
BC[stage1_datasets_L40_stepsweep/bc_shift4_scale_0p8_1p2_steps20000_tr1]:  96%|█████████▌| 19155/20000 [07:42<00:18, 45.37it/s, acc=0.451, device=mps, eta=24s, loss=1.5390, sps=41.5]
BC[stage1_datasets_L40_stepsweep/bc_shift4_scale_0p8_1p2_steps20000_tr1]:  96%|█████████▌| 19161/20000 [07:42<00:24, 34.48it/s, acc=0.451, device=mps, eta=24s, loss=1.5390, sps=41.5]
BC[stage1_datasets_L40_stepsweep/bc_shift4_scale_0p8_1p2_steps20000_tr1]:  96%|█████████▌| 19167/20000 [07:42<00:21, 38.77it/s, acc=0.451, device=mps, eta=24s, loss=1.5390, sps=41.5]
BC[stage1_datasets_L40_stepsweep/bc_shift4_scale_0p8_1p2_steps20000_tr1]:  96%|█████████▌| 19173/20000 [07:42<00:19, 42.33it/s, acc=0.451, device=mps, eta=24s, loss=1.5390, sps=41.5]
BC[stage1_datasets_L40_stepsweep/bc_shift4_scale_0p8_1p2_steps20000_tr1]:  96%|█████████▌| 19180/20000 [07:42<00:16, 48.25it/s, acc=0.451, device=mps, eta=24s, loss=1.5390, sps=41.5]
BC[stage1_datasets_L40_stepsweep/bc_shift4_scale_0p8_1p2_steps20000_tr1]:  96%|█████████▌| 19186/20000 [07:42<00:23, 35.34it/s, acc=0.451, device=mps, eta=24s, loss=1.5390, sps=41.5]
BC[stage1_datasets_L40_stepsweep/bc_shift4_scale_0p8_1p2_steps20000_tr1]:  96%|█████████▌| 19194/20000 [07:43<00:18, 43.51it/s, acc=0.451, device=mps, eta=24s, loss=1.5390, sps=41.5]
BC[stage1_datasets_L40_stepsweep/bc_shift4_scale_0p8_1p2_steps20000_tr1]:  96%|█████████▌| 19194/20000 [07:43<00:18, 43.51it/s, acc=0.440, device=mps, eta=19s, loss=1.5701, sps=41.5]
BC[stage1_datasets_L40_stepsweep/bc_shift4_scale_0p8_1p2_steps20000_tr1]:  96%|█████████▌| 19201/20000 [07:43<00:23, 34.62it/s, acc=0.440, device=mps, eta=19s, loss=1.5701, sps=41.5]
BC[stage1_datasets_L40_stepsweep/bc_shift4_scale_0p8_1p2_steps20000_tr1]:  96%|█████████▌| 19208/20000 [07:43<00:19, 40.22it/s, acc=0.440, device=mps, eta=19s, loss=1.5701, sps=41.5]
BC[stage1_datasets_L40_stepsweep/bc_shift4_scale_0p8_1p2_steps20000_tr1]:  96%|█████████▌| 19214/20000 [07:43<00:18, 43.50it/s, acc=0.440, device=mps, eta=19s, loss=1.5701, sps=41.5]
BC[stage1_datasets_L40_stepsweep/bc_shift4_scale_0p8_1p2_steps20000_tr1]:  96%|█████████▌| 19221/20000 [07:43<00:22, 34.05it/s, acc=0.440, device=mps, eta=19s, loss=1.5701, sps=41.5]
BC[stage1_datasets_L40_stepsweep/bc_shift4_scale_0p8_1p2_steps20000_tr1]:  96%|█████████▌| 19229/20000 [07:44<00:18, 41.78it/s, acc=0.440, device=mps, eta=19s, loss=1.5701, sps=41.5]
BC[stage1_datasets_L40_stepsweep/bc_shift4_scale_0p8_1p2_steps20000_tr1]:  96%|█████████▌| 19237/20000 [07:44<00:15, 48.93it/s, acc=0.440, device=mps, eta=19s, loss=1.5701, sps=41.5]
BC[stage1_datasets_L40_stepsweep/bc_shift4_scale_0p8_1p2_steps20000_tr1]:  96%|█████████▌| 19244/20000 [07:44<00:20, 37.60it/s, acc=0.440, device=mps, eta=19s, loss=1.5701, sps=41.5]
BC[stage1_datasets_L40_stepsweep/bc_shift4_scale_0p8_1p2_steps20000_tr1]:  96%|█████████▋| 19252/20000 [07:44<00:16, 44.79it/s, acc=0.440, device=mps, eta=19s, loss=1.5701, sps=41.5]
BC[stage1_datasets_L40_stepsweep/bc_shift4_scale_0p8_1p2_steps20000_tr1]:  96%|█████████▋| 19261/20000 [07:44<00:19, 37.31it/s, acc=0.440, device=mps, eta=19s, loss=1.5701, sps=41.5]
BC[stage1_datasets_L40_stepsweep/bc_shift4_scale_0p8_1p2_steps20000_tr1]:  96%|█████████▋| 19268/20000 [07:44<00:17, 41.62it/s, acc=0.440, device=mps, eta=19s, loss=1.5701, sps=41.5]
BC[stage1_datasets_L40_stepsweep/bc_shift4_scale_0p8_1p2_steps20000_tr1]:  96%|█████████▋| 19275/20000 [07:45<00:15, 46.12it/s, acc=0.440, device=mps, eta=19s, loss=1.5701, sps=41.5]
BC[stage1_datasets_L40_stepsweep/bc_shift4_scale_0p8_1p2_steps20000_tr1]:  96%|█████████▋| 19281/20000 [07:45<00:20, 35.16it/s, acc=0.440, device=mps, eta=19s, loss=1.5701, sps=41.5]
BC[stage1_datasets_L40_stepsweep/bc_shift4_scale_0p8_1p2_steps20000_tr1]:  96%|█████████▋| 19288/20000 [07:45<00:17, 40.11it/s, acc=0.440, device=mps, eta=19s, loss=1.5701, sps=41.5]
BC[stage1_datasets_L40_stepsweep/bc_shift4_scale_0p8_1p2_steps20000_tr1]:  96%|█████████▋| 19293/20000 [07:45<00:16, 41.65it/s, acc=0.440, device=mps, eta=19s, loss=1.5701, sps=41.5]
BC[stage1_datasets_L40_stepsweep/bc_shift4_scale_0p8_1p2_steps20000_tr1]:  96%|█████████▋| 19299/20000 [07:45<00:15, 45.11it/s, acc=0.440, device=mps, eta=19s, loss=1.5701, sps=41.5]
BC[stage1_datasets_L40_stepsweep/bc_shift4_scale_0p8_1p2_steps20000_tr1]:  97%|█████████▋| 19305/20000 [07:45<00:20, 34.68it/s, acc=0.440, device=mps, eta=19s, loss=1.5701, sps=41.5]
BC[stage1_datasets_L40_stepsweep/bc_shift4_scale_0p8_1p2_steps20000_tr1]:  97%|█████████▋| 19313/20000 [07:46<00:16, 42.94it/s, acc=0.440, device=mps, eta=19s, loss=1.5701, sps=41.5]
BC[stage1_datasets_L40_stepsweep/bc_shift4_scale_0p8_1p2_steps20000_tr1]:  97%|█████████▋| 19321/20000 [07:46<00:19, 35.52it/s, acc=0.440, device=mps, eta=19s, loss=1.5701, sps=41.5]
BC[stage1_datasets_L40_stepsweep/bc_shift4_scale_0p8_1p2_steps20000_tr1]:  97%|█████████▋| 19329/20000 [07:46<00:15, 42.91it/s, acc=0.440, device=mps, eta=19s, loss=1.5701, sps=41.5]
BC[stage1_datasets_L40_stepsweep/bc_shift4_scale_0p8_1p2_steps20000_tr1]:  97%|█████████▋| 19337/20000 [07:46<00:13, 49.85it/s, acc=0.440, device=mps, eta=19s, loss=1.5701, sps=41.5]
BC[stage1_datasets_L40_stepsweep/bc_shift4_scale_0p8_1p2_steps20000_tr1]:  97%|█████████▋| 19344/20000 [07:46<00:17, 38.20it/s, acc=0.440, device=mps, eta=19s, loss=1.5701, sps=41.5]
BC[stage1_datasets_L40_stepsweep/bc_shift4_scale_0p8_1p2_steps20000_tr1]:  97%|█████████▋| 19352/20000 [07:46<00:14, 45.32it/s, acc=0.440, device=mps, eta=19s, loss=1.5701, sps=41.5]
BC[stage1_datasets_L40_stepsweep/bc_shift4_scale_0p8_1p2_steps20000_tr1]:  97%|█████████▋| 19360/20000 [07:47<00:12, 52.32it/s, acc=0.440, device=mps, eta=19s, loss=1.5701, sps=41.5]
BC[stage1_datasets_L40_stepsweep/bc_shift4_scale_0p8_1p2_steps20000_tr1]:  97%|█████████▋| 19367/20000 [07:47<00:16, 38.72it/s, acc=0.440, device=mps, eta=19s, loss=1.5701, sps=41.5]
BC[stage1_datasets_L40_stepsweep/bc_shift4_scale_0p8_1p2_steps20000_tr1]:  97%|█████████▋| 19373/20000 [07:47<00:14, 42.12it/s, acc=0.440, device=mps, eta=19s, loss=1.5701, sps=41.5]
BC[stage1_datasets_L40_stepsweep/bc_shift4_scale_0p8_1p2_steps20000_tr1]:  97%|█████████▋| 19380/20000 [07:47<00:13, 47.36it/s, acc=0.440, device=mps, eta=19s, loss=1.5701, sps=41.5]
BC[stage1_datasets_L40_stepsweep/bc_shift4_scale_0p8_1p2_steps20000_tr1]:  97%|█████████▋| 19386/20000 [07:47<00:17, 35.84it/s, acc=0.440, device=mps, eta=19s, loss=1.5701, sps=41.5]
BC[stage1_datasets_L40_stepsweep/bc_shift4_scale_0p8_1p2_steps20000_tr1]:  97%|█████████▋| 19394/20000 [07:47<00:13, 43.53it/s, acc=0.440, device=mps, eta=19s, loss=1.5701, sps=41.5]
BC[stage1_datasets_L40_stepsweep/bc_shift4_scale_0p8_1p2_steps20000_tr1]:  97%|█████████▋| 19394/20000 [07:48<00:13, 43.53it/s, acc=0.459, device=mps, eta=14s, loss=1.5138, sps=41.4]
BC[stage1_datasets_L40_stepsweep/bc_shift4_scale_0p8_1p2_steps20000_tr1]:  97%|█████████▋| 19401/20000 [07:48<00:17, 34.95it/s, acc=0.459, device=mps, eta=14s, loss=1.5138, sps=41.4]
BC[stage1_datasets_L40_stepsweep/bc_shift4_scale_0p8_1p2_steps20000_tr1]:  97%|█████████▋| 19409/20000 [07:48<00:13, 42.40it/s, acc=0.459, device=mps, eta=14s, loss=1.5138, sps=41.4]
BC[stage1_datasets_L40_stepsweep/bc_shift4_scale_0p8_1p2_steps20000_tr1]:  97%|█████████▋| 19417/20000 [07:48<00:11, 49.15it/s, acc=0.459, device=mps, eta=14s, loss=1.5138, sps=41.4]
BC[stage1_datasets_L40_stepsweep/bc_shift4_scale_0p8_1p2_steps20000_tr1]:  97%|█████████▋| 19424/20000 [07:48<00:15, 37.76it/s, acc=0.459, device=mps, eta=14s, loss=1.5138, sps=41.4]
BC[stage1_datasets_L40_stepsweep/bc_shift4_scale_0p8_1p2_steps20000_tr1]:  97%|█████████▋| 19432/20000 [07:48<00:12, 44.83it/s, acc=0.459, device=mps, eta=14s, loss=1.5138, sps=41.4]
BC[stage1_datasets_L40_stepsweep/bc_shift4_scale_0p8_1p2_steps20000_tr1]:  97%|█████████▋| 19440/20000 [07:48<00:10, 51.77it/s, acc=0.459, device=mps, eta=14s, loss=1.5138, sps=41.4]
BC[stage1_datasets_L40_stepsweep/bc_shift4_scale_0p8_1p2_steps20000_tr1]:  97%|█████████▋| 19447/20000 [07:49<00:14, 37.75it/s, acc=0.459, device=mps, eta=14s, loss=1.5138, sps=41.4]
BC[stage1_datasets_L40_stepsweep/bc_shift4_scale_0p8_1p2_steps20000_tr1]:  97%|█████████▋| 19453/20000 [07:49<00:13, 41.18it/s, acc=0.459, device=mps, eta=14s, loss=1.5138, sps=41.4]
BC[stage1_datasets_L40_stepsweep/bc_shift4_scale_0p8_1p2_steps20000_tr1]:  97%|█████████▋| 19459/20000 [07:49<00:12, 44.05it/s, acc=0.459, device=mps, eta=14s, loss=1.5138, sps=41.4]
BC[stage1_datasets_L40_stepsweep/bc_shift4_scale_0p8_1p2_steps20000_tr1]:  97%|█████████▋| 19465/20000 [07:49<00:15, 33.63it/s, acc=0.459, device=mps, eta=14s, loss=1.5138, sps=41.4]
BC[stage1_datasets_L40_stepsweep/bc_shift4_scale_0p8_1p2_steps20000_tr1]:  97%|█████████▋| 19473/20000 [07:49<00:12, 41.48it/s, acc=0.459, device=mps, eta=14s, loss=1.5138, sps=41.4]
BC[stage1_datasets_L40_stepsweep/bc_shift4_scale_0p8_1p2_steps20000_tr1]:  97%|█████████▋| 19481/20000 [07:50<00:14, 35.30it/s, acc=0.459, device=mps, eta=14s, loss=1.5138, sps=41.4]
BC[stage1_datasets_L40_stepsweep/bc_shift4_scale_0p8_1p2_steps20000_tr1]:  97%|█████████▋| 19488/20000 [07:50<00:12, 40.43it/s, acc=0.459, device=mps, eta=14s, loss=1.5138, sps=41.4]
BC[stage1_datasets_L40_stepsweep/bc_shift4_scale_0p8_1p2_steps20000_tr1]:  97%|█████████▋| 19495/20000 [07:50<00:11, 45.02it/s, acc=0.459, device=mps, eta=14s, loss=1.5138, sps=41.4]
BC[stage1_datasets_L40_stepsweep/bc_shift4_scale_0p8_1p2_steps20000_tr1]:  98%|█████████▊| 19501/20000 [07:50<00:14, 33.76it/s, acc=0.459, device=mps, eta=14s, loss=1.5138, sps=41.4]
BC[stage1_datasets_L40_stepsweep/bc_shift4_scale_0p8_1p2_steps20000_tr1]:  98%|█████████▊| 19509/20000 [07:50<00:11, 41.43it/s, acc=0.459, device=mps, eta=14s, loss=1.5138, sps=41.4]
BC[stage1_datasets_L40_stepsweep/bc_shift4_scale_0p8_1p2_steps20000_tr1]:  98%|█████████▊| 19517/20000 [07:50<00:10, 48.23it/s, acc=0.459, device=mps, eta=14s, loss=1.5138, sps=41.4]
BC[stage1_datasets_L40_stepsweep/bc_shift4_scale_0p8_1p2_steps20000_tr1]:  98%|█████████▊| 19523/20000 [07:51<00:13, 36.47it/s, acc=0.459, device=mps, eta=14s, loss=1.5138, sps=41.4]
BC[stage1_datasets_L40_stepsweep/bc_shift4_scale_0p8_1p2_steps20000_tr1]:  98%|█████████▊| 19531/20000 [07:51<00:10, 43.96it/s, acc=0.459, device=mps, eta=14s, loss=1.5138, sps=41.4]
BC[stage1_datasets_L40_stepsweep/bc_shift4_scale_0p8_1p2_steps20000_tr1]:  98%|█████████▊| 19539/20000 [07:51<00:09, 50.55it/s, acc=0.459, device=mps, eta=14s, loss=1.5138, sps=41.4]
BC[stage1_datasets_L40_stepsweep/bc_shift4_scale_0p8_1p2_steps20000_tr1]:  98%|█████████▊| 19546/20000 [07:51<00:11, 38.54it/s, acc=0.459, device=mps, eta=14s, loss=1.5138, sps=41.4]
BC[stage1_datasets_L40_stepsweep/bc_shift4_scale_0p8_1p2_steps20000_tr1]:  98%|█████████▊| 19554/20000 [07:51<00:09, 45.25it/s, acc=0.459, device=mps, eta=14s, loss=1.5138, sps=41.4]
BC[stage1_datasets_L40_stepsweep/bc_shift4_scale_0p8_1p2_steps20000_tr1]:  98%|█████████▊| 19561/20000 [07:52<00:12, 35.99it/s, acc=0.459, device=mps, eta=14s, loss=1.5138, sps=41.4]
BC[stage1_datasets_L40_stepsweep/bc_shift4_scale_0p8_1p2_steps20000_tr1]:  98%|█████████▊| 19569/20000 [07:52<00:10, 43.01it/s, acc=0.459, device=mps, eta=14s, loss=1.5138, sps=41.4]
BC[stage1_datasets_L40_stepsweep/bc_shift4_scale_0p8_1p2_steps20000_tr1]:  98%|█████████▊| 19577/20000 [07:52<00:08, 49.21it/s, acc=0.459, device=mps, eta=14s, loss=1.5138, sps=41.4]
BC[stage1_datasets_L40_stepsweep/bc_shift4_scale_0p8_1p2_steps20000_tr1]:  98%|█████████▊| 19584/20000 [07:52<00:11, 37.40it/s, acc=0.459, device=mps, eta=14s, loss=1.5138, sps=41.4]
BC[stage1_datasets_L40_stepsweep/bc_shift4_scale_0p8_1p2_steps20000_tr1]:  98%|█████████▊| 19590/20000 [07:52<00:10, 40.71it/s, acc=0.459, device=mps, eta=14s, loss=1.5138, sps=41.4]
BC[stage1_datasets_L40_stepsweep/bc_shift4_scale_0p8_1p2_steps20000_tr1]:  98%|█████████▊| 19597/20000 [07:52<00:08, 45.21it/s, acc=0.459, device=mps, eta=14s, loss=1.5138, sps=41.4]
BC[stage1_datasets_L40_stepsweep/bc_shift4_scale_0p8_1p2_steps20000_tr1]:  98%|█████████▊| 19597/20000 [07:52<00:08, 45.21it/s, acc=0.442, device=mps, eta=10s, loss=1.5620, sps=41.4]
BC[stage1_datasets_L40_stepsweep/bc_shift4_scale_0p8_1p2_steps20000_tr1]:  98%|█████████▊| 19603/20000 [07:53<00:11, 34.10it/s, acc=0.442, device=mps, eta=10s, loss=1.5620, sps=41.4]
BC[stage1_datasets_L40_stepsweep/bc_shift4_scale_0p8_1p2_steps20000_tr1]:  98%|█████████▊| 19609/20000 [07:53<00:10, 38.18it/s, acc=0.442, device=mps, eta=10s, loss=1.5620, sps=41.4]
BC[stage1_datasets_L40_stepsweep/bc_shift4_scale_0p8_1p2_steps20000_tr1]:  98%|█████████▊| 19616/20000 [07:53<00:08, 43.59it/s, acc=0.442, device=mps, eta=10s, loss=1.5620, sps=41.4]
BC[stage1_datasets_L40_stepsweep/bc_shift4_scale_0p8_1p2_steps20000_tr1]:  98%|█████████▊| 19622/20000 [07:53<00:11, 33.50it/s, acc=0.442, device=mps, eta=10s, loss=1.5620, sps=41.4]
BC[stage1_datasets_L40_stepsweep/bc_shift4_scale_0p8_1p2_steps20000_tr1]:  98%|█████████▊| 19630/20000 [07:53<00:08, 41.56it/s, acc=0.442, device=mps, eta=10s, loss=1.5620, sps=41.4]
BC[stage1_datasets_L40_stepsweep/bc_shift4_scale_0p8_1p2_steps20000_tr1]:  98%|█████████▊| 19638/20000 [07:53<00:07, 48.55it/s, acc=0.442, device=mps, eta=10s, loss=1.5620, sps=41.4]
BC[stage1_datasets_L40_stepsweep/bc_shift4_scale_0p8_1p2_steps20000_tr1]:  98%|█████████▊| 19644/20000 [07:54<00:09, 36.54it/s, acc=0.442, device=mps, eta=10s, loss=1.5620, sps=41.4]
BC[stage1_datasets_L40_stepsweep/bc_shift4_scale_0p8_1p2_steps20000_tr1]:  98%|█████████▊| 19652/20000 [07:54<00:07, 44.02it/s, acc=0.442, device=mps, eta=10s, loss=1.5620, sps=41.4]
BC[stage1_datasets_L40_stepsweep/bc_shift4_scale_0p8_1p2_steps20000_tr1]:  98%|█████████▊| 19660/20000 [07:54<00:06, 51.01it/s, acc=0.442, device=mps, eta=10s, loss=1.5620, sps=41.4]
BC[stage1_datasets_L40_stepsweep/bc_shift4_scale_0p8_1p2_steps20000_tr1]:  98%|█████████▊| 19667/20000 [07:54<00:08, 38.36it/s, acc=0.442, device=mps, eta=10s, loss=1.5620, sps=41.4]
BC[stage1_datasets_L40_stepsweep/bc_shift4_scale_0p8_1p2_steps20000_tr1]:  98%|█████████▊| 19675/20000 [07:54<00:07, 45.37it/s, acc=0.442, device=mps, eta=10s, loss=1.5620, sps=41.4]
BC[stage1_datasets_L40_stepsweep/bc_shift4_scale_0p8_1p2_steps20000_tr1]:  98%|█████████▊| 19681/20000 [07:55<00:09, 35.29it/s, acc=0.442, device=mps, eta=10s, loss=1.5620, sps=41.4]
BC[stage1_datasets_L40_stepsweep/bc_shift4_scale_0p8_1p2_steps20000_tr1]:  98%|█████████▊| 19689/20000 [07:55<00:07, 42.66it/s, acc=0.442, device=mps, eta=10s, loss=1.5620, sps=41.4]
BC[stage1_datasets_L40_stepsweep/bc_shift4_scale_0p8_1p2_steps20000_tr1]:  98%|█████████▊| 19697/20000 [07:55<00:06, 49.14it/s, acc=0.442, device=mps, eta=10s, loss=1.5620, sps=41.4]
BC[stage1_datasets_L40_stepsweep/bc_shift4_scale_0p8_1p2_steps20000_tr1]:  99%|█████████▊| 19704/20000 [07:55<00:07, 37.93it/s, acc=0.442, device=mps, eta=10s, loss=1.5620, sps=41.4]
BC[stage1_datasets_L40_stepsweep/bc_shift4_scale_0p8_1p2_steps20000_tr1]:  99%|█████████▊| 19712/20000 [07:55<00:06, 44.97it/s, acc=0.442, device=mps, eta=10s, loss=1.5620, sps=41.4]
BC[stage1_datasets_L40_stepsweep/bc_shift4_scale_0p8_1p2_steps20000_tr1]:  99%|█████████▊| 19720/20000 [07:55<00:05, 51.81it/s, acc=0.442, device=mps, eta=10s, loss=1.5620, sps=41.4]
BC[stage1_datasets_L40_stepsweep/bc_shift4_scale_0p8_1p2_steps20000_tr1]:  99%|█████████▊| 19727/20000 [07:56<00:07, 38.97it/s, acc=0.442, device=mps, eta=10s, loss=1.5620, sps=41.4]
BC[stage1_datasets_L40_stepsweep/bc_shift4_scale_0p8_1p2_steps20000_tr1]:  99%|█████████▊| 19735/20000 [07:56<00:05, 45.95it/s, acc=0.442, device=mps, eta=10s, loss=1.5620, sps=41.4]
BC[stage1_datasets_L40_stepsweep/bc_shift4_scale_0p8_1p2_steps20000_tr1]:  99%|█████████▊| 19741/20000 [07:56<00:07, 35.62it/s, acc=0.442, device=mps, eta=10s, loss=1.5620, sps=41.4]
BC[stage1_datasets_L40_stepsweep/bc_shift4_scale_0p8_1p2_steps20000_tr1]:  99%|█████████▊| 19749/20000 [07:56<00:05, 42.97it/s, acc=0.442, device=mps, eta=10s, loss=1.5620, sps=41.4]
BC[stage1_datasets_L40_stepsweep/bc_shift4_scale_0p8_1p2_steps20000_tr1]:  99%|█████████▉| 19757/20000 [07:56<00:04, 49.56it/s, acc=0.442, device=mps, eta=10s, loss=1.5620, sps=41.4]
BC[stage1_datasets_L40_stepsweep/bc_shift4_scale_0p8_1p2_steps20000_tr1]:  99%|█████████▉| 19764/20000 [07:56<00:06, 37.96it/s, acc=0.442, device=mps, eta=10s, loss=1.5620, sps=41.4]
BC[stage1_datasets_L40_stepsweep/bc_shift4_scale_0p8_1p2_steps20000_tr1]:  99%|█████████▉| 19772/20000 [07:57<00:05, 44.96it/s, acc=0.442, device=mps, eta=10s, loss=1.5620, sps=41.4]
BC[stage1_datasets_L40_stepsweep/bc_shift4_scale_0p8_1p2_steps20000_tr1]:  99%|█████████▉| 19781/20000 [07:57<00:05, 37.45it/s, acc=0.442, device=mps, eta=10s, loss=1.5620, sps=41.4]
BC[stage1_datasets_L40_stepsweep/bc_shift4_scale_0p8_1p2_steps20000_tr1]:  99%|█████████▉| 19789/20000 [07:57<00:04, 43.54it/s, acc=0.442, device=mps, eta=10s, loss=1.5620, sps=41.4]
BC[stage1_datasets_L40_stepsweep/bc_shift4_scale_0p8_1p2_steps20000_tr1]:  99%|█████████▉| 19795/20000 [07:57<00:04, 45.58it/s, acc=0.442, device=mps, eta=10s, loss=1.5620, sps=41.4]
BC[stage1_datasets_L40_stepsweep/bc_shift4_scale_0p8_1p2_steps20000_tr1]:  99%|█████████▉| 19795/20000 [07:57<00:04, 45.58it/s, acc=0.471, device=mps, eta=5s, loss=1.4803, sps=41.4] 
BC[stage1_datasets_L40_stepsweep/bc_shift4_scale_0p8_1p2_steps20000_tr1]:  99%|█████████▉| 19801/20000 [07:57<00:05, 34.01it/s, acc=0.471, device=mps, eta=5s, loss=1.4803, sps=41.4]
BC[stage1_datasets_L40_stepsweep/bc_shift4_scale_0p8_1p2_steps20000_tr1]:  99%|█████████▉| 19807/20000 [07:58<00:05, 38.44it/s, acc=0.471, device=mps, eta=5s, loss=1.4803, sps=41.4]
BC[stage1_datasets_L40_stepsweep/bc_shift4_scale_0p8_1p2_steps20000_tr1]:  99%|█████████▉| 19813/20000 [07:58<00:04, 42.14it/s, acc=0.471, device=mps, eta=5s, loss=1.4803, sps=41.4]
BC[stage1_datasets_L40_stepsweep/bc_shift4_scale_0p8_1p2_steps20000_tr1]:  99%|█████████▉| 19820/20000 [07:58<00:03, 47.86it/s, acc=0.471, device=mps, eta=5s, loss=1.4803, sps=41.4]
BC[stage1_datasets_L40_stepsweep/bc_shift4_scale_0p8_1p2_steps20000_tr1]:  99%|█████████▉| 19826/20000 [07:58<00:04, 35.09it/s, acc=0.471, device=mps, eta=5s, loss=1.4803, sps=41.4]
BC[stage1_datasets_L40_stepsweep/bc_shift4_scale_0p8_1p2_steps20000_tr1]:  99%|█████████▉| 19834/20000 [07:58<00:03, 43.03it/s, acc=0.471, device=mps, eta=5s, loss=1.4803, sps=41.4]
BC[stage1_datasets_L40_stepsweep/bc_shift4_scale_0p8_1p2_steps20000_tr1]:  99%|█████████▉| 19841/20000 [07:58<00:04, 34.53it/s, acc=0.471, device=mps, eta=5s, loss=1.4803, sps=41.4]
BC[stage1_datasets_L40_stepsweep/bc_shift4_scale_0p8_1p2_steps20000_tr1]:  99%|█████████▉| 19849/20000 [07:59<00:03, 42.09it/s, acc=0.471, device=mps, eta=5s, loss=1.4803, sps=41.4]
BC[stage1_datasets_L40_stepsweep/bc_shift4_scale_0p8_1p2_steps20000_tr1]:  99%|█████████▉| 19857/20000 [07:59<00:02, 49.04it/s, acc=0.471, device=mps, eta=5s, loss=1.4803, sps=41.4]
BC[stage1_datasets_L40_stepsweep/bc_shift4_scale_0p8_1p2_steps20000_tr1]:  99%|█████████▉| 19864/20000 [07:59<00:03, 35.88it/s, acc=0.471, device=mps, eta=5s, loss=1.4803, sps=41.4]
BC[stage1_datasets_L40_stepsweep/bc_shift4_scale_0p8_1p2_steps20000_tr1]:  99%|█████████▉| 19870/20000 [07:59<00:03, 39.08it/s, acc=0.471, device=mps, eta=5s, loss=1.4803, sps=41.4]
BC[stage1_datasets_L40_stepsweep/bc_shift4_scale_0p8_1p2_steps20000_tr1]:  99%|█████████▉| 19877/20000 [07:59<00:02, 44.11it/s, acc=0.471, device=mps, eta=5s, loss=1.4803, sps=41.4]
BC[stage1_datasets_L40_stepsweep/bc_shift4_scale_0p8_1p2_steps20000_tr1]:  99%|█████████▉| 19883/20000 [07:59<00:03, 34.18it/s, acc=0.471, device=mps, eta=5s, loss=1.4803, sps=41.4]
BC[stage1_datasets_L40_stepsweep/bc_shift4_scale_0p8_1p2_steps20000_tr1]:  99%|█████████▉| 19891/20000 [08:00<00:02, 42.16it/s, acc=0.471, device=mps, eta=5s, loss=1.4803, sps=41.4]
BC[stage1_datasets_L40_stepsweep/bc_shift4_scale_0p8_1p2_steps20000_tr1]:  99%|█████████▉| 19899/20000 [08:00<00:02, 49.51it/s, acc=0.471, device=mps, eta=5s, loss=1.4803, sps=41.4]
BC[stage1_datasets_L40_stepsweep/bc_shift4_scale_0p8_1p2_steps20000_tr1]: 100%|█████████▉| 19906/20000 [08:00<00:02, 36.24it/s, acc=0.471, device=mps, eta=5s, loss=1.4803, sps=41.4]
BC[stage1_datasets_L40_stepsweep/bc_shift4_scale_0p8_1p2_steps20000_tr1]: 100%|█████████▉| 19912/20000 [08:00<00:02, 39.93it/s, acc=0.471, device=mps, eta=5s, loss=1.4803, sps=41.4]
BC[stage1_datasets_L40_stepsweep/bc_shift4_scale_0p8_1p2_steps20000_tr1]: 100%|█████████▉| 19919/20000 [08:00<00:01, 45.00it/s, acc=0.471, device=mps, eta=5s, loss=1.4803, sps=41.4]
BC[stage1_datasets_L40_stepsweep/bc_shift4_scale_0p8_1p2_steps20000_tr1]: 100%|█████████▉| 19925/20000 [08:00<00:02, 34.65it/s, acc=0.471, device=mps, eta=5s, loss=1.4803, sps=41.4]
BC[stage1_datasets_L40_stepsweep/bc_shift4_scale_0p8_1p2_steps20000_tr1]: 100%|█████████▉| 19933/20000 [08:01<00:01, 42.41it/s, acc=0.471, device=mps, eta=5s, loss=1.4803, sps=41.4]
BC[stage1_datasets_L40_stepsweep/bc_shift4_scale_0p8_1p2_steps20000_tr1]: 100%|█████████▉| 19941/20000 [08:01<00:01, 35.26it/s, acc=0.471, device=mps, eta=5s, loss=1.4803, sps=41.4]
BC[stage1_datasets_L40_stepsweep/bc_shift4_scale_0p8_1p2_steps20000_tr1]: 100%|█████████▉| 19949/20000 [08:01<00:01, 42.55it/s, acc=0.471, device=mps, eta=5s, loss=1.4803, sps=41.4]
BC[stage1_datasets_L40_stepsweep/bc_shift4_scale_0p8_1p2_steps20000_tr1]: 100%|█████████▉| 19957/20000 [08:01<00:00, 49.16it/s, acc=0.471, device=mps, eta=5s, loss=1.4803, sps=41.4]
BC[stage1_datasets_L40_stepsweep/bc_shift4_scale_0p8_1p2_steps20000_tr1]: 100%|█████████▉| 19964/20000 [08:01<00:00, 37.84it/s, acc=0.471, device=mps, eta=5s, loss=1.4803, sps=41.4]
BC[stage1_datasets_L40_stepsweep/bc_shift4_scale_0p8_1p2_steps20000_tr1]: 100%|█████████▉| 19972/20000 [08:02<00:00, 44.89it/s, acc=0.471, device=mps, eta=5s, loss=1.4803, sps=41.4]
BC[stage1_datasets_L40_stepsweep/bc_shift4_scale_0p8_1p2_steps20000_tr1]: 100%|█████████▉| 19981/20000 [08:02<00:00, 37.43it/s, acc=0.471, device=mps, eta=5s, loss=1.4803, sps=41.4]
BC[stage1_datasets_L40_stepsweep/bc_shift4_scale_0p8_1p2_steps20000_tr1]: 100%|█████████▉| 19987/20000 [08:02<00:00, 40.43it/s, acc=0.471, device=mps, eta=5s, loss=1.4803, sps=41.4]
BC[stage1_datasets_L40_stepsweep/bc_shift4_scale_0p8_1p2_steps20000_tr1]: 100%|█████████▉| 19993/20000 [08:02<00:00, 43.90it/s, acc=0.471, device=mps, eta=5s, loss=1.4803, sps=41.4]
BC[stage1_datasets_L40_stepsweep/bc_shift4_scale_0p8_1p2_steps20000_tr1]: 100%|█████████▉| 19993/20000 [08:02<00:00, 43.90it/s, acc=0.448, device=mps, eta=0s, loss=1.5417, sps=41.4]
BC[stage1_datasets_L40_stepsweep/bc_shift4_scale_0p8_1p2_steps20000_tr1]: 100%|██████████| 20000/20000 [08:02<00:00, 49.43it/s, acc=0.448, device=mps, eta=0s, loss=1.5417, sps=41.4]
BC[stage1_datasets_L40_stepsweep/bc_shift4_scale_0p8_1p2_steps20000_tr1]: 100%|██████████| 20000/20000 [08:02<00:00, 41.44it/s, acc=0.448, device=mps, eta=0s, loss=1.5417, sps=41.4]
Saved checkpoint: runs/stage1_datasets_L40_stepsweep/bc_shift4_scale_0p8_1p2_steps20000_tr1/bc_ckpt.pt (elapsed 8m03s)
