$ /Users/marcovizcarra/miniforge3/envs/procgen-augmented-rl/bin/python -u scripts/train_bc_min.py --dataset-root data/stage1_datasets_L40/baseline_none --run-name stage1_datasets_L40_stepsweep/bc_baseline_none_steps20000_tr2 --steps 20000 --batch-size 256 --lr 0.0003 --seed 2 --device auto

Device: mps
Run: stage1_datasets_L40_stepsweep/bc_baseline_none_steps20000_tr2 | steps=20000 | batch_size=256 | lr=0.0003 | seed=2
Data: NPZ(manifest=data/stage1_datasets_L40/baseline_none/manifest.json)

BC[stage1_datasets_L40_stepsweep/bc_baseline_none_steps20000_tr2]:   0%|          | 0/20000 [00:00<?, ?it/s]
BC[stage1_datasets_L40_stepsweep/bc_baseline_none_steps20000_tr2]:   0%|          | 0/20000 [00:00<?, ?it/s, acc=0.176, device=mps, eta=2h49m19s, loss=2.6958, sps=2.0]
BC[stage1_datasets_L40_stepsweep/bc_baseline_none_steps20000_tr2]:   0%|          | 1/20000 [00:00<2:44:52,  2.02it/s, acc=0.176, device=mps, eta=2h49m19s, loss=2.6958, sps=2.0]
BC[stage1_datasets_L40_stepsweep/bc_baseline_none_steps20000_tr2]:   0%|          | 6/20000 [00:00<26:16, 12.68it/s, acc=0.176, device=mps, eta=2h49m19s, loss=2.6958, sps=2.0]  
BC[stage1_datasets_L40_stepsweep/bc_baseline_none_steps20000_tr2]:   0%|          | 14/20000 [00:00<11:33, 28.80it/s, acc=0.176, device=mps, eta=2h49m19s, loss=2.6958, sps=2.0]
BC[stage1_datasets_L40_stepsweep/bc_baseline_none_steps20000_tr2]:   0%|          | 20/20000 [00:00<10:36, 31.41it/s, acc=0.176, device=mps, eta=2h49m19s, loss=2.6958, sps=2.0]
BC[stage1_datasets_L40_stepsweep/bc_baseline_none_steps20000_tr2]:   0%|          | 25/20000 [00:01<11:08, 29.90it/s, acc=0.176, device=mps, eta=2h49m19s, loss=2.6958, sps=2.0]
BC[stage1_datasets_L40_stepsweep/bc_baseline_none_steps20000_tr2]:   0%|          | 32/20000 [00:01<08:38, 38.53it/s, acc=0.176, device=mps, eta=2h49m19s, loss=2.6958, sps=2.0]
BC[stage1_datasets_L40_stepsweep/bc_baseline_none_steps20000_tr2]:   0%|          | 37/20000 [00:01<08:09, 40.77it/s, acc=0.176, device=mps, eta=2h49m19s, loss=2.6958, sps=2.0]
BC[stage1_datasets_L40_stepsweep/bc_baseline_none_steps20000_tr2]:   0%|          | 42/20000 [00:01<09:36, 34.63it/s, acc=0.176, device=mps, eta=2h49m19s, loss=2.6958, sps=2.0]
BC[stage1_datasets_L40_stepsweep/bc_baseline_none_steps20000_tr2]:   0%|          | 50/20000 [00:01<07:34, 43.88it/s, acc=0.176, device=mps, eta=2h49m19s, loss=2.6958, sps=2.0]
BC[stage1_datasets_L40_stepsweep/bc_baseline_none_steps20000_tr2]:   0%|          | 58/20000 [00:01<06:26, 51.58it/s, acc=0.176, device=mps, eta=2h49m19s, loss=2.6958, sps=2.0]
BC[stage1_datasets_L40_stepsweep/bc_baseline_none_steps20000_tr2]:   0%|          | 64/20000 [00:01<07:30, 44.21it/s, acc=0.176, device=mps, eta=2h49m19s, loss=2.6958, sps=2.0]
BC[stage1_datasets_L40_stepsweep/bc_baseline_none_steps20000_tr2]:   0%|          | 71/20000 [00:01<06:39, 49.94it/s, acc=0.176, device=mps, eta=2h49m19s, loss=2.6958, sps=2.0]
BC[stage1_datasets_L40_stepsweep/bc_baseline_none_steps20000_tr2]:   0%|          | 78/20000 [00:02<06:08, 54.04it/s, acc=0.176, device=mps, eta=2h49m19s, loss=2.6958, sps=2.0]
BC[stage1_datasets_L40_stepsweep/bc_baseline_none_steps20000_tr2]:   0%|          | 84/20000 [00:02<07:33, 43.95it/s, acc=0.176, device=mps, eta=2h49m19s, loss=2.6958, sps=2.0]
BC[stage1_datasets_L40_stepsweep/bc_baseline_none_steps20000_tr2]:   0%|          | 90/20000 [00:02<07:03, 47.05it/s, acc=0.176, device=mps, eta=2h49m19s, loss=2.6958, sps=2.0]
BC[stage1_datasets_L40_stepsweep/bc_baseline_none_steps20000_tr2]:   0%|          | 96/20000 [00:02<06:39, 49.83it/s, acc=0.176, device=mps, eta=2h49m19s, loss=2.6958, sps=2.0]
BC[stage1_datasets_L40_stepsweep/bc_baseline_none_steps20000_tr2]:   1%|          | 102/20000 [00:02<08:07, 40.81it/s, acc=0.176, device=mps, eta=2h49m19s, loss=2.6958, sps=2.0]
BC[stage1_datasets_L40_stepsweep/bc_baseline_none_steps20000_tr2]:   1%|          | 110/20000 [00:02<06:47, 48.78it/s, acc=0.176, device=mps, eta=2h49m19s, loss=2.6958, sps=2.0]
BC[stage1_datasets_L40_stepsweep/bc_baseline_none_steps20000_tr2]:   1%|          | 118/20000 [00:02<05:59, 55.26it/s, acc=0.176, device=mps, eta=2h49m19s, loss=2.6958, sps=2.0]
BC[stage1_datasets_L40_stepsweep/bc_baseline_none_steps20000_tr2]:   1%|          | 125/20000 [00:03<07:05, 46.74it/s, acc=0.176, device=mps, eta=2h49m19s, loss=2.6958, sps=2.0]
BC[stage1_datasets_L40_stepsweep/bc_baseline_none_steps20000_tr2]:   1%|          | 132/20000 [00:03<06:36, 50.16it/s, acc=0.176, device=mps, eta=2h49m19s, loss=2.6958, sps=2.0]
BC[stage1_datasets_L40_stepsweep/bc_baseline_none_steps20000_tr2]:   1%|          | 138/20000 [00:03<06:20, 52.15it/s, acc=0.176, device=mps, eta=2h49m19s, loss=2.6958, sps=2.0]
BC[stage1_datasets_L40_stepsweep/bc_baseline_none_steps20000_tr2]:   1%|          | 144/20000 [00:03<07:48, 42.35it/s, acc=0.176, device=mps, eta=2h49m19s, loss=2.6958, sps=2.0]
BC[stage1_datasets_L40_stepsweep/bc_baseline_none_steps20000_tr2]:   1%|          | 150/20000 [00:03<07:22, 44.83it/s, acc=0.176, device=mps, eta=2h49m19s, loss=2.6958, sps=2.0]
BC[stage1_datasets_L40_stepsweep/bc_baseline_none_steps20000_tr2]:   1%|          | 156/20000 [00:03<06:58, 47.47it/s, acc=0.176, device=mps, eta=2h49m19s, loss=2.6958, sps=2.0]
BC[stage1_datasets_L40_stepsweep/bc_baseline_none_steps20000_tr2]:   1%|          | 162/20000 [00:03<08:22, 39.50it/s, acc=0.176, device=mps, eta=2h49m19s, loss=2.6958, sps=2.0]
BC[stage1_datasets_L40_stepsweep/bc_baseline_none_steps20000_tr2]:   1%|          | 170/20000 [00:04<06:57, 47.46it/s, acc=0.176, device=mps, eta=2h49m19s, loss=2.6958, sps=2.0]
BC[stage1_datasets_L40_stepsweep/bc_baseline_none_steps20000_tr2]:   1%|          | 178/20000 [00:04<06:08, 53.80it/s, acc=0.176, device=mps, eta=2h49m19s, loss=2.6958, sps=2.0]
BC[stage1_datasets_L40_stepsweep/bc_baseline_none_steps20000_tr2]:   1%|          | 184/20000 [00:04<07:19, 45.05it/s, acc=0.176, device=mps, eta=2h49m19s, loss=2.6958, sps=2.0]
BC[stage1_datasets_L40_stepsweep/bc_baseline_none_steps20000_tr2]:   1%|          | 190/20000 [00:04<06:51, 48.11it/s, acc=0.176, device=mps, eta=2h49m19s, loss=2.6958, sps=2.0]
BC[stage1_datasets_L40_stepsweep/bc_baseline_none_steps20000_tr2]:   1%|          | 196/20000 [00:04<06:33, 50.33it/s, acc=0.176, device=mps, eta=2h49m19s, loss=2.6958, sps=2.0]
BC[stage1_datasets_L40_stepsweep/bc_baseline_none_steps20000_tr2]:   1%|          | 196/20000 [00:04<06:33, 50.33it/s, acc=0.274, device=mps, eta=7m42s, loss=2.1066, sps=42.9]  
BC[stage1_datasets_L40_stepsweep/bc_baseline_none_steps20000_tr2]:   1%|          | 202/20000 [00:04<07:57, 41.49it/s, acc=0.274, device=mps, eta=7m42s, loss=2.1066, sps=42.9]
BC[stage1_datasets_L40_stepsweep/bc_baseline_none_steps20000_tr2]:   1%|          | 208/20000 [00:04<07:24, 44.52it/s, acc=0.274, device=mps, eta=7m42s, loss=2.1066, sps=42.9]
BC[stage1_datasets_L40_stepsweep/bc_baseline_none_steps20000_tr2]:   1%|          | 215/20000 [00:05<06:44, 48.86it/s, acc=0.274, device=mps, eta=7m42s, loss=2.1066, sps=42.9]
BC[stage1_datasets_L40_stepsweep/bc_baseline_none_steps20000_tr2]:   1%|          | 221/20000 [00:05<08:03, 40.90it/s, acc=0.274, device=mps, eta=7m42s, loss=2.1066, sps=42.9]
BC[stage1_datasets_L40_stepsweep/bc_baseline_none_steps20000_tr2]:   1%|          | 229/20000 [00:05<06:45, 48.81it/s, acc=0.274, device=mps, eta=7m42s, loss=2.1066, sps=42.9]
BC[stage1_datasets_L40_stepsweep/bc_baseline_none_steps20000_tr2]:   1%|          | 237/20000 [00:05<05:59, 55.04it/s, acc=0.274, device=mps, eta=7m42s, loss=2.1066, sps=42.9]
BC[stage1_datasets_L40_stepsweep/bc_baseline_none_steps20000_tr2]:   1%|          | 244/20000 [00:05<07:08, 46.07it/s, acc=0.274, device=mps, eta=7m42s, loss=2.1066, sps=42.9]
BC[stage1_datasets_L40_stepsweep/bc_baseline_none_steps20000_tr2]:   1%|▏         | 251/20000 [00:05<06:31, 50.42it/s, acc=0.274, device=mps, eta=7m42s, loss=2.1066, sps=42.9]
BC[stage1_datasets_L40_stepsweep/bc_baseline_none_steps20000_tr2]:   1%|▏         | 258/20000 [00:05<06:06, 53.88it/s, acc=0.274, device=mps, eta=7m42s, loss=2.1066, sps=42.9]
BC[stage1_datasets_L40_stepsweep/bc_baseline_none_steps20000_tr2]:   1%|▏         | 264/20000 [00:06<07:23, 44.48it/s, acc=0.274, device=mps, eta=7m42s, loss=2.1066, sps=42.9]
BC[stage1_datasets_L40_stepsweep/bc_baseline_none_steps20000_tr2]:   1%|▏         | 270/20000 [00:06<06:52, 47.88it/s, acc=0.274, device=mps, eta=7m42s, loss=2.1066, sps=42.9]
BC[stage1_datasets_L40_stepsweep/bc_baseline_none_steps20000_tr2]:   1%|▏         | 277/20000 [00:06<06:24, 51.31it/s, acc=0.274, device=mps, eta=7m42s, loss=2.1066, sps=42.9]
BC[stage1_datasets_L40_stepsweep/bc_baseline_none_steps20000_tr2]:   1%|▏         | 283/20000 [00:06<07:42, 42.60it/s, acc=0.274, device=mps, eta=7m42s, loss=2.1066, sps=42.9]
BC[stage1_datasets_L40_stepsweep/bc_baseline_none_steps20000_tr2]:   1%|▏         | 290/20000 [00:06<06:59, 46.98it/s, acc=0.274, device=mps, eta=7m42s, loss=2.1066, sps=42.9]
BC[stage1_datasets_L40_stepsweep/bc_baseline_none_steps20000_tr2]:   1%|▏         | 297/20000 [00:06<06:27, 50.87it/s, acc=0.274, device=mps, eta=7m42s, loss=2.1066, sps=42.9]
BC[stage1_datasets_L40_stepsweep/bc_baseline_none_steps20000_tr2]:   2%|▏         | 303/20000 [00:06<07:42, 42.62it/s, acc=0.274, device=mps, eta=7m42s, loss=2.1066, sps=42.9]
BC[stage1_datasets_L40_stepsweep/bc_baseline_none_steps20000_tr2]:   2%|▏         | 309/20000 [00:07<07:08, 46.01it/s, acc=0.274, device=mps, eta=7m42s, loss=2.1066, sps=42.9]
BC[stage1_datasets_L40_stepsweep/bc_baseline_none_steps20000_tr2]:   2%|▏         | 316/20000 [00:07<06:32, 50.09it/s, acc=0.274, device=mps, eta=7m42s, loss=2.1066, sps=42.9]
BC[stage1_datasets_L40_stepsweep/bc_baseline_none_steps20000_tr2]:   2%|▏         | 322/20000 [00:07<07:45, 42.29it/s, acc=0.274, device=mps, eta=7m42s, loss=2.1066, sps=42.9]
BC[stage1_datasets_L40_stepsweep/bc_baseline_none_steps20000_tr2]:   2%|▏         | 329/20000 [00:07<07:00, 46.73it/s, acc=0.274, device=mps, eta=7m42s, loss=2.1066, sps=42.9]
BC[stage1_datasets_L40_stepsweep/bc_baseline_none_steps20000_tr2]:   2%|▏         | 335/20000 [00:07<06:36, 49.62it/s, acc=0.274, device=mps, eta=7m42s, loss=2.1066, sps=42.9]
BC[stage1_datasets_L40_stepsweep/bc_baseline_none_steps20000_tr2]:   2%|▏         | 341/20000 [00:07<08:00, 40.90it/s, acc=0.274, device=mps, eta=7m42s, loss=2.1066, sps=42.9]
BC[stage1_datasets_L40_stepsweep/bc_baseline_none_steps20000_tr2]:   2%|▏         | 349/20000 [00:07<06:42, 48.88it/s, acc=0.274, device=mps, eta=7m42s, loss=2.1066, sps=42.9]
BC[stage1_datasets_L40_stepsweep/bc_baseline_none_steps20000_tr2]:   2%|▏         | 357/20000 [00:07<05:53, 55.61it/s, acc=0.274, device=mps, eta=7m42s, loss=2.1066, sps=42.9]
BC[stage1_datasets_L40_stepsweep/bc_baseline_none_steps20000_tr2]:   2%|▏         | 364/20000 [00:08<07:01, 46.56it/s, acc=0.274, device=mps, eta=7m42s, loss=2.1066, sps=42.9]
BC[stage1_datasets_L40_stepsweep/bc_baseline_none_steps20000_tr2]:   2%|▏         | 372/20000 [00:08<06:09, 53.11it/s, acc=0.274, device=mps, eta=7m42s, loss=2.1066, sps=42.9]
BC[stage1_datasets_L40_stepsweep/bc_baseline_none_steps20000_tr2]:   2%|▏         | 381/20000 [00:08<06:51, 47.73it/s, acc=0.274, device=mps, eta=7m42s, loss=2.1066, sps=42.9]
BC[stage1_datasets_L40_stepsweep/bc_baseline_none_steps20000_tr2]:   2%|▏         | 389/20000 [00:08<06:05, 53.73it/s, acc=0.274, device=mps, eta=7m42s, loss=2.1066, sps=42.9]
BC[stage1_datasets_L40_stepsweep/bc_baseline_none_steps20000_tr2]:   2%|▏         | 397/20000 [00:08<05:30, 59.23it/s, acc=0.274, device=mps, eta=7m42s, loss=2.1066, sps=42.9]
BC[stage1_datasets_L40_stepsweep/bc_baseline_none_steps20000_tr2]:   2%|▏         | 397/20000 [00:08<05:30, 59.23it/s, acc=0.295, device=mps, eta=7m10s, loss=2.0166, sps=45.6]
BC[stage1_datasets_L40_stepsweep/bc_baseline_none_steps20000_tr2]:   2%|▏         | 404/20000 [00:08<06:31, 50.00it/s, acc=0.295, device=mps, eta=7m10s, loss=2.0166, sps=45.6]
BC[stage1_datasets_L40_stepsweep/bc_baseline_none_steps20000_tr2]:   2%|▏         | 412/20000 [00:09<05:52, 55.50it/s, acc=0.295, device=mps, eta=7m10s, loss=2.0166, sps=45.6]
BC[stage1_datasets_L40_stepsweep/bc_baseline_none_steps20000_tr2]:   2%|▏         | 420/20000 [00:09<05:22, 60.81it/s, acc=0.295, device=mps, eta=7m10s, loss=2.0166, sps=45.6]
BC[stage1_datasets_L40_stepsweep/bc_baseline_none_steps20000_tr2]:   2%|▏         | 427/20000 [00:09<06:45, 48.26it/s, acc=0.295, device=mps, eta=7m10s, loss=2.0166, sps=45.6]
BC[stage1_datasets_L40_stepsweep/bc_baseline_none_steps20000_tr2]:   2%|▏         | 434/20000 [00:09<06:21, 51.35it/s, acc=0.295, device=mps, eta=7m10s, loss=2.0166, sps=45.6]
BC[stage1_datasets_L40_stepsweep/bc_baseline_none_steps20000_tr2]:   2%|▏         | 441/20000 [00:09<07:32, 43.21it/s, acc=0.295, device=mps, eta=7m10s, loss=2.0166, sps=45.6]
BC[stage1_datasets_L40_stepsweep/bc_baseline_none_steps20000_tr2]:   2%|▏         | 449/20000 [00:09<06:30, 50.05it/s, acc=0.295, device=mps, eta=7m10s, loss=2.0166, sps=45.6]
BC[stage1_datasets_L40_stepsweep/bc_baseline_none_steps20000_tr2]:   2%|▏         | 457/20000 [00:09<05:47, 56.20it/s, acc=0.295, device=mps, eta=7m10s, loss=2.0166, sps=45.6]
BC[stage1_datasets_L40_stepsweep/bc_baseline_none_steps20000_tr2]:   2%|▏         | 464/20000 [00:10<06:57, 46.83it/s, acc=0.295, device=mps, eta=7m10s, loss=2.0166, sps=45.6]
BC[stage1_datasets_L40_stepsweep/bc_baseline_none_steps20000_tr2]:   2%|▏         | 470/20000 [00:10<06:41, 48.63it/s, acc=0.295, device=mps, eta=7m10s, loss=2.0166, sps=45.6]
BC[stage1_datasets_L40_stepsweep/bc_baseline_none_steps20000_tr2]:   2%|▏         | 477/20000 [00:10<06:11, 52.56it/s, acc=0.295, device=mps, eta=7m10s, loss=2.0166, sps=45.6]
BC[stage1_datasets_L40_stepsweep/bc_baseline_none_steps20000_tr2]:   2%|▏         | 483/20000 [00:10<07:26, 43.70it/s, acc=0.295, device=mps, eta=7m10s, loss=2.0166, sps=45.6]
BC[stage1_datasets_L40_stepsweep/bc_baseline_none_steps20000_tr2]:   2%|▏         | 491/20000 [00:10<06:23, 50.93it/s, acc=0.295, device=mps, eta=7m10s, loss=2.0166, sps=45.6]
BC[stage1_datasets_L40_stepsweep/bc_baseline_none_steps20000_tr2]:   2%|▏         | 499/20000 [00:10<05:40, 57.25it/s, acc=0.295, device=mps, eta=7m10s, loss=2.0166, sps=45.6]
BC[stage1_datasets_L40_stepsweep/bc_baseline_none_steps20000_tr2]:   3%|▎         | 506/20000 [00:10<06:46, 47.98it/s, acc=0.295, device=mps, eta=7m10s, loss=2.0166, sps=45.6]
BC[stage1_datasets_L40_stepsweep/bc_baseline_none_steps20000_tr2]:   3%|▎         | 513/20000 [00:11<06:11, 52.51it/s, acc=0.295, device=mps, eta=7m10s, loss=2.0166, sps=45.6]
BC[stage1_datasets_L40_stepsweep/bc_baseline_none_steps20000_tr2]:   3%|▎         | 521/20000 [00:11<07:08, 45.42it/s, acc=0.295, device=mps, eta=7m10s, loss=2.0166, sps=45.6]
BC[stage1_datasets_L40_stepsweep/bc_baseline_none_steps20000_tr2]:   3%|▎         | 529/20000 [00:11<06:13, 52.09it/s, acc=0.295, device=mps, eta=7m10s, loss=2.0166, sps=45.6]
BC[stage1_datasets_L40_stepsweep/bc_baseline_none_steps20000_tr2]:   3%|▎         | 537/20000 [00:11<05:44, 56.55it/s, acc=0.295, device=mps, eta=7m10s, loss=2.0166, sps=45.6]
BC[stage1_datasets_L40_stepsweep/bc_baseline_none_steps20000_tr2]:   3%|▎         | 544/20000 [00:11<07:43, 41.96it/s, acc=0.295, device=mps, eta=7m10s, loss=2.0166, sps=45.6]
BC[stage1_datasets_L40_stepsweep/bc_baseline_none_steps20000_tr2]:   3%|▎         | 550/20000 [00:11<07:21, 44.07it/s, acc=0.295, device=mps, eta=7m10s, loss=2.0166, sps=45.6]
BC[stage1_datasets_L40_stepsweep/bc_baseline_none_steps20000_tr2]:   3%|▎         | 556/20000 [00:12<08:10, 39.63it/s, acc=0.295, device=mps, eta=7m10s, loss=2.0166, sps=45.6]
BC[stage1_datasets_L40_stepsweep/bc_baseline_none_steps20000_tr2]:   3%|▎         | 561/20000 [00:12<09:26, 34.33it/s, acc=0.295, device=mps, eta=7m10s, loss=2.0166, sps=45.6]
BC[stage1_datasets_L40_stepsweep/bc_baseline_none_steps20000_tr2]:   3%|▎         | 569/20000 [00:12<07:38, 42.40it/s, acc=0.295, device=mps, eta=7m10s, loss=2.0166, sps=45.6]
BC[stage1_datasets_L40_stepsweep/bc_baseline_none_steps20000_tr2]:   3%|▎         | 577/20000 [00:12<06:33, 49.37it/s, acc=0.295, device=mps, eta=7m10s, loss=2.0166, sps=45.6]
BC[stage1_datasets_L40_stepsweep/bc_baseline_none_steps20000_tr2]:   3%|▎         | 583/20000 [00:12<07:35, 42.67it/s, acc=0.295, device=mps, eta=7m10s, loss=2.0166, sps=45.6]
BC[stage1_datasets_L40_stepsweep/bc_baseline_none_steps20000_tr2]:   3%|▎         | 591/20000 [00:12<06:29, 49.81it/s, acc=0.295, device=mps, eta=7m10s, loss=2.0166, sps=45.6]
BC[stage1_datasets_L40_stepsweep/bc_baseline_none_steps20000_tr2]:   3%|▎         | 599/20000 [00:12<05:49, 55.52it/s, acc=0.295, device=mps, eta=7m10s, loss=2.0166, sps=45.6]
BC[stage1_datasets_L40_stepsweep/bc_baseline_none_steps20000_tr2]:   3%|▎         | 599/20000 [00:12<05:49, 55.52it/s, acc=0.295, device=mps, eta=6m58s, loss=2.0073, sps=46.4]
BC[stage1_datasets_L40_stepsweep/bc_baseline_none_steps20000_tr2]:   3%|▎         | 606/20000 [00:13<07:04, 45.68it/s, acc=0.295, device=mps, eta=6m58s, loss=2.0073, sps=46.4]
BC[stage1_datasets_L40_stepsweep/bc_baseline_none_steps20000_tr2]:   3%|▎         | 612/20000 [00:13<06:41, 48.28it/s, acc=0.295, device=mps, eta=6m58s, loss=2.0073, sps=46.4]
BC[stage1_datasets_L40_stepsweep/bc_baseline_none_steps20000_tr2]:   3%|▎         | 618/20000 [00:13<06:33, 49.25it/s, acc=0.295, device=mps, eta=6m58s, loss=2.0073, sps=46.4]
BC[stage1_datasets_L40_stepsweep/bc_baseline_none_steps20000_tr2]:   3%|▎         | 624/20000 [00:13<08:13, 39.23it/s, acc=0.295, device=mps, eta=6m58s, loss=2.0073, sps=46.4]
BC[stage1_datasets_L40_stepsweep/bc_baseline_none_steps20000_tr2]:   3%|▎         | 630/20000 [00:13<07:36, 42.43it/s, acc=0.295, device=mps, eta=6m58s, loss=2.0073, sps=46.4]
BC[stage1_datasets_L40_stepsweep/bc_baseline_none_steps20000_tr2]:   3%|▎         | 636/20000 [00:13<07:00, 46.06it/s, acc=0.295, device=mps, eta=6m58s, loss=2.0073, sps=46.4]
BC[stage1_datasets_L40_stepsweep/bc_baseline_none_steps20000_tr2]:   3%|▎         | 642/20000 [00:14<08:06, 39.83it/s, acc=0.295, device=mps, eta=6m58s, loss=2.0073, sps=46.4]
BC[stage1_datasets_L40_stepsweep/bc_baseline_none_steps20000_tr2]:   3%|▎         | 650/20000 [00:14<06:46, 47.61it/s, acc=0.295, device=mps, eta=6m58s, loss=2.0073, sps=46.4]
BC[stage1_datasets_L40_stepsweep/bc_baseline_none_steps20000_tr2]:   3%|▎         | 657/20000 [00:14<06:06, 52.72it/s, acc=0.295, device=mps, eta=6m58s, loss=2.0073, sps=46.4]
BC[stage1_datasets_L40_stepsweep/bc_baseline_none_steps20000_tr2]:   3%|▎         | 663/20000 [00:14<07:22, 43.66it/s, acc=0.295, device=mps, eta=6m58s, loss=2.0073, sps=46.4]
BC[stage1_datasets_L40_stepsweep/bc_baseline_none_steps20000_tr2]:   3%|▎         | 671/20000 [00:14<06:21, 50.70it/s, acc=0.295, device=mps, eta=6m58s, loss=2.0073, sps=46.4]
BC[stage1_datasets_L40_stepsweep/bc_baseline_none_steps20000_tr2]:   3%|▎         | 679/20000 [00:14<05:44, 56.06it/s, acc=0.295, device=mps, eta=6m58s, loss=2.0073, sps=46.4]
BC[stage1_datasets_L40_stepsweep/bc_baseline_none_steps20000_tr2]:   3%|▎         | 686/20000 [00:14<07:00, 45.98it/s, acc=0.295, device=mps, eta=6m58s, loss=2.0073, sps=46.4]
BC[stage1_datasets_L40_stepsweep/bc_baseline_none_steps20000_tr2]:   3%|▎         | 692/20000 [00:14<06:48, 47.24it/s, acc=0.295, device=mps, eta=6m58s, loss=2.0073, sps=46.4]
BC[stage1_datasets_L40_stepsweep/bc_baseline_none_steps20000_tr2]:   3%|▎         | 698/20000 [00:15<06:32, 49.12it/s, acc=0.295, device=mps, eta=6m58s, loss=2.0073, sps=46.4]
BC[stage1_datasets_L40_stepsweep/bc_baseline_none_steps20000_tr2]:   4%|▎         | 704/20000 [00:15<07:43, 41.65it/s, acc=0.295, device=mps, eta=6m58s, loss=2.0073, sps=46.4]
BC[stage1_datasets_L40_stepsweep/bc_baseline_none_steps20000_tr2]:   4%|▎         | 712/20000 [00:15<06:34, 48.94it/s, acc=0.295, device=mps, eta=6m58s, loss=2.0073, sps=46.4]
BC[stage1_datasets_L40_stepsweep/bc_baseline_none_steps20000_tr2]:   4%|▎         | 720/20000 [00:15<05:49, 55.18it/s, acc=0.295, device=mps, eta=6m58s, loss=2.0073, sps=46.4]
BC[stage1_datasets_L40_stepsweep/bc_baseline_none_steps20000_tr2]:   4%|▎         | 727/20000 [00:15<07:05, 45.34it/s, acc=0.295, device=mps, eta=6m58s, loss=2.0073, sps=46.4]
BC[stage1_datasets_L40_stepsweep/bc_baseline_none_steps20000_tr2]:   4%|▎         | 733/20000 [00:15<06:45, 47.49it/s, acc=0.295, device=mps, eta=6m58s, loss=2.0073, sps=46.4]
BC[stage1_datasets_L40_stepsweep/bc_baseline_none_steps20000_tr2]:   4%|▎         | 739/20000 [00:15<06:29, 49.43it/s, acc=0.295, device=mps, eta=6m58s, loss=2.0073, sps=46.4]
BC[stage1_datasets_L40_stepsweep/bc_baseline_none_steps20000_tr2]:   4%|▎         | 745/20000 [00:16<07:52, 40.79it/s, acc=0.295, device=mps, eta=6m58s, loss=2.0073, sps=46.4]
BC[stage1_datasets_L40_stepsweep/bc_baseline_none_steps20000_tr2]:   4%|▍         | 751/20000 [00:16<07:11, 44.62it/s, acc=0.295, device=mps, eta=6m58s, loss=2.0073, sps=46.4]
BC[stage1_datasets_L40_stepsweep/bc_baseline_none_steps20000_tr2]:   4%|▍         | 758/20000 [00:16<06:33, 48.95it/s, acc=0.295, device=mps, eta=6m58s, loss=2.0073, sps=46.4]
BC[stage1_datasets_L40_stepsweep/bc_baseline_none_steps20000_tr2]:   4%|▍         | 764/20000 [00:16<07:44, 41.37it/s, acc=0.295, device=mps, eta=6m58s, loss=2.0073, sps=46.4]
BC[stage1_datasets_L40_stepsweep/bc_baseline_none_steps20000_tr2]:   4%|▍         | 770/20000 [00:16<07:06, 45.10it/s, acc=0.295, device=mps, eta=6m58s, loss=2.0073, sps=46.4]
BC[stage1_datasets_L40_stepsweep/bc_baseline_none_steps20000_tr2]:   4%|▍         | 776/20000 [00:16<06:44, 47.51it/s, acc=0.295, device=mps, eta=6m58s, loss=2.0073, sps=46.4]
BC[stage1_datasets_L40_stepsweep/bc_baseline_none_steps20000_tr2]:   4%|▍         | 782/20000 [00:16<07:59, 40.08it/s, acc=0.295, device=mps, eta=6m58s, loss=2.0073, sps=46.4]
BC[stage1_datasets_L40_stepsweep/bc_baseline_none_steps20000_tr2]:   4%|▍         | 790/20000 [00:17<06:40, 47.95it/s, acc=0.295, device=mps, eta=6m58s, loss=2.0073, sps=46.4]
BC[stage1_datasets_L40_stepsweep/bc_baseline_none_steps20000_tr2]:   4%|▍         | 798/20000 [00:17<05:55, 54.03it/s, acc=0.295, device=mps, eta=6m58s, loss=2.0073, sps=46.4]
BC[stage1_datasets_L40_stepsweep/bc_baseline_none_steps20000_tr2]:   4%|▍         | 798/20000 [00:17<05:55, 54.03it/s, acc=0.301, device=mps, eta=6m54s, loss=2.0200, sps=46.4]
BC[stage1_datasets_L40_stepsweep/bc_baseline_none_steps20000_tr2]:   4%|▍         | 804/20000 [00:17<07:05, 45.13it/s, acc=0.301, device=mps, eta=6m54s, loss=2.0200, sps=46.4]
BC[stage1_datasets_L40_stepsweep/bc_baseline_none_steps20000_tr2]:   4%|▍         | 811/20000 [00:17<06:31, 48.98it/s, acc=0.301, device=mps, eta=6m54s, loss=2.0200, sps=46.4]
BC[stage1_datasets_L40_stepsweep/bc_baseline_none_steps20000_tr2]:   4%|▍         | 817/20000 [00:17<06:13, 51.39it/s, acc=0.301, device=mps, eta=6m54s, loss=2.0200, sps=46.4]
BC[stage1_datasets_L40_stepsweep/bc_baseline_none_steps20000_tr2]:   4%|▍         | 823/20000 [00:17<07:26, 42.92it/s, acc=0.301, device=mps, eta=6m54s, loss=2.0200, sps=46.4]
BC[stage1_datasets_L40_stepsweep/bc_baseline_none_steps20000_tr2]:   4%|▍         | 831/20000 [00:17<06:21, 50.29it/s, acc=0.301, device=mps, eta=6m54s, loss=2.0200, sps=46.4]
BC[stage1_datasets_L40_stepsweep/bc_baseline_none_steps20000_tr2]:   4%|▍         | 839/20000 [00:18<05:42, 56.01it/s, acc=0.301, device=mps, eta=6m54s, loss=2.0200, sps=46.4]
BC[stage1_datasets_L40_stepsweep/bc_baseline_none_steps20000_tr2]:   4%|▍         | 846/20000 [00:18<06:56, 45.98it/s, acc=0.301, device=mps, eta=6m54s, loss=2.0200, sps=46.4]
BC[stage1_datasets_L40_stepsweep/bc_baseline_none_steps20000_tr2]:   4%|▍         | 852/20000 [00:18<06:37, 48.20it/s, acc=0.301, device=mps, eta=6m54s, loss=2.0200, sps=46.4]
BC[stage1_datasets_L40_stepsweep/bc_baseline_none_steps20000_tr2]:   4%|▍         | 858/20000 [00:18<06:24, 49.84it/s, acc=0.301, device=mps, eta=6m54s, loss=2.0200, sps=46.4]
BC[stage1_datasets_L40_stepsweep/bc_baseline_none_steps20000_tr2]:   4%|▍         | 864/20000 [00:18<08:08, 39.19it/s, acc=0.301, device=mps, eta=6m54s, loss=2.0200, sps=46.4]
BC[stage1_datasets_L40_stepsweep/bc_baseline_none_steps20000_tr2]:   4%|▍         | 870/20000 [00:18<07:26, 42.81it/s, acc=0.301, device=mps, eta=6m54s, loss=2.0200, sps=46.4]
BC[stage1_datasets_L40_stepsweep/bc_baseline_none_steps20000_tr2]:   4%|▍         | 877/20000 [00:18<06:39, 47.83it/s, acc=0.301, device=mps, eta=6m54s, loss=2.0200, sps=46.4]
BC[stage1_datasets_L40_stepsweep/bc_baseline_none_steps20000_tr2]:   4%|▍         | 883/20000 [00:19<07:37, 41.83it/s, acc=0.301, device=mps, eta=6m54s, loss=2.0200, sps=46.4]
BC[stage1_datasets_L40_stepsweep/bc_baseline_none_steps20000_tr2]:   4%|▍         | 890/20000 [00:19<06:39, 47.84it/s, acc=0.301, device=mps, eta=6m54s, loss=2.0200, sps=46.4]
BC[stage1_datasets_L40_stepsweep/bc_baseline_none_steps20000_tr2]:   4%|▍         | 898/20000 [00:19<05:52, 54.15it/s, acc=0.301, device=mps, eta=6m54s, loss=2.0200, sps=46.4]
BC[stage1_datasets_L40_stepsweep/bc_baseline_none_steps20000_tr2]:   5%|▍         | 904/20000 [00:19<06:58, 45.65it/s, acc=0.301, device=mps, eta=6m54s, loss=2.0200, sps=46.4]
BC[stage1_datasets_L40_stepsweep/bc_baseline_none_steps20000_tr2]:   5%|▍         | 911/20000 [00:19<06:14, 50.96it/s, acc=0.301, device=mps, eta=6m54s, loss=2.0200, sps=46.4]
BC[stage1_datasets_L40_stepsweep/bc_baseline_none_steps20000_tr2]:   5%|▍         | 918/20000 [00:19<05:45, 55.25it/s, acc=0.301, device=mps, eta=6m54s, loss=2.0200, sps=46.4]
BC[stage1_datasets_L40_stepsweep/bc_baseline_none_steps20000_tr2]:   5%|▍         | 924/20000 [00:19<07:00, 45.32it/s, acc=0.301, device=mps, eta=6m54s, loss=2.0200, sps=46.4]
BC[stage1_datasets_L40_stepsweep/bc_baseline_none_steps20000_tr2]:   5%|▍         | 932/20000 [00:20<06:08, 51.80it/s, acc=0.301, device=mps, eta=6m54s, loss=2.0200, sps=46.4]
BC[stage1_datasets_L40_stepsweep/bc_baseline_none_steps20000_tr2]:   5%|▍         | 940/20000 [00:20<05:28, 58.09it/s, acc=0.301, device=mps, eta=6m54s, loss=2.0200, sps=46.4]
BC[stage1_datasets_L40_stepsweep/bc_baseline_none_steps20000_tr2]:   5%|▍         | 947/20000 [00:20<06:44, 47.16it/s, acc=0.301, device=mps, eta=6m54s, loss=2.0200, sps=46.4]
BC[stage1_datasets_L40_stepsweep/bc_baseline_none_steps20000_tr2]:   5%|▍         | 953/20000 [00:20<06:22, 49.75it/s, acc=0.301, device=mps, eta=6m54s, loss=2.0200, sps=46.4]
BC[stage1_datasets_L40_stepsweep/bc_baseline_none_steps20000_tr2]:   5%|▍         | 959/20000 [00:20<06:11, 51.25it/s, acc=0.301, device=mps, eta=6m54s, loss=2.0200, sps=46.4]
BC[stage1_datasets_L40_stepsweep/bc_baseline_none_steps20000_tr2]:   5%|▍         | 965/20000 [00:20<07:57, 39.89it/s, acc=0.301, device=mps, eta=6m54s, loss=2.0200, sps=46.4]
BC[stage1_datasets_L40_stepsweep/bc_baseline_none_steps20000_tr2]:   5%|▍         | 971/20000 [00:20<07:15, 43.70it/s, acc=0.301, device=mps, eta=6m54s, loss=2.0200, sps=46.4]
BC[stage1_datasets_L40_stepsweep/bc_baseline_none_steps20000_tr2]:   5%|▍         | 978/20000 [00:21<06:27, 49.11it/s, acc=0.301, device=mps, eta=6m54s, loss=2.0200, sps=46.4]
BC[stage1_datasets_L40_stepsweep/bc_baseline_none_steps20000_tr2]:   5%|▍         | 984/20000 [00:21<07:27, 42.53it/s, acc=0.301, device=mps, eta=6m54s, loss=2.0200, sps=46.4]
BC[stage1_datasets_L40_stepsweep/bc_baseline_none_steps20000_tr2]:   5%|▍         | 992/20000 [00:21<06:22, 49.65it/s, acc=0.301, device=mps, eta=6m54s, loss=2.0200, sps=46.4]
BC[stage1_datasets_L40_stepsweep/bc_baseline_none_steps20000_tr2]:   5%|▍         | 992/20000 [00:21<06:22, 49.65it/s, acc=0.302, device=mps, eta=6m47s, loss=2.0065, sps=46.7]
BC[stage1_datasets_L40_stepsweep/bc_baseline_none_steps20000_tr2]:   5%|▌         | 1000/20000 [00:21<05:35, 56.57it/s, acc=0.302, device=mps, eta=6m47s, loss=2.0065, sps=46.7]
BC[stage1_datasets_L40_stepsweep/bc_baseline_none_steps20000_tr2]:   5%|▌         | 1007/20000 [00:21<06:45, 46.81it/s, acc=0.302, device=mps, eta=6m47s, loss=2.0065, sps=46.7]
BC[stage1_datasets_L40_stepsweep/bc_baseline_none_steps20000_tr2]:   5%|▌         | 1014/20000 [00:21<06:09, 51.45it/s, acc=0.302, device=mps, eta=6m47s, loss=2.0065, sps=46.7]
BC[stage1_datasets_L40_stepsweep/bc_baseline_none_steps20000_tr2]:   5%|▌         | 1021/20000 [00:21<07:16, 43.50it/s, acc=0.302, device=mps, eta=6m47s, loss=2.0065, sps=46.7]
BC[stage1_datasets_L40_stepsweep/bc_baseline_none_steps20000_tr2]:   5%|▌         | 1029/20000 [00:22<06:16, 50.35it/s, acc=0.302, device=mps, eta=6m47s, loss=2.0065, sps=46.7]
BC[stage1_datasets_L40_stepsweep/bc_baseline_none_steps20000_tr2]:   5%|▌         | 1037/20000 [00:22<05:40, 55.66it/s, acc=0.302, device=mps, eta=6m47s, loss=2.0065, sps=46.7]
BC[stage1_datasets_L40_stepsweep/bc_baseline_none_steps20000_tr2]:   5%|▌         | 1044/20000 [00:22<06:42, 47.12it/s, acc=0.302, device=mps, eta=6m47s, loss=2.0065, sps=46.7]
BC[stage1_datasets_L40_stepsweep/bc_baseline_none_steps20000_tr2]:   5%|▌         | 1052/20000 [00:22<05:55, 53.24it/s, acc=0.302, device=mps, eta=6m47s, loss=2.0065, sps=46.7]
BC[stage1_datasets_L40_stepsweep/bc_baseline_none_steps20000_tr2]:   5%|▌         | 1060/20000 [00:22<05:22, 58.64it/s, acc=0.302, device=mps, eta=6m47s, loss=2.0065, sps=46.7]
BC[stage1_datasets_L40_stepsweep/bc_baseline_none_steps20000_tr2]:   5%|▌         | 1067/20000 [00:22<06:43, 46.91it/s, acc=0.302, device=mps, eta=6m47s, loss=2.0065, sps=46.7]
BC[stage1_datasets_L40_stepsweep/bc_baseline_none_steps20000_tr2]:   5%|▌         | 1073/20000 [00:22<06:26, 48.92it/s, acc=0.302, device=mps, eta=6m47s, loss=2.0065, sps=46.7]
BC[stage1_datasets_L40_stepsweep/bc_baseline_none_steps20000_tr2]:   5%|▌         | 1079/20000 [00:23<06:19, 49.83it/s, acc=0.302, device=mps, eta=6m47s, loss=2.0065, sps=46.7]
BC[stage1_datasets_L40_stepsweep/bc_baseline_none_steps20000_tr2]:   5%|▌         | 1085/20000 [00:23<07:29, 42.08it/s, acc=0.302, device=mps, eta=6m47s, loss=2.0065, sps=46.7]
BC[stage1_datasets_L40_stepsweep/bc_baseline_none_steps20000_tr2]:   5%|▌         | 1093/20000 [00:23<06:27, 48.84it/s, acc=0.302, device=mps, eta=6m47s, loss=2.0065, sps=46.7]
BC[stage1_datasets_L40_stepsweep/bc_baseline_none_steps20000_tr2]:   6%|▌         | 1101/20000 [00:23<07:10, 43.88it/s, acc=0.302, device=mps, eta=6m47s, loss=2.0065, sps=46.7]
BC[stage1_datasets_L40_stepsweep/bc_baseline_none_steps20000_tr2]:   6%|▌         | 1109/20000 [00:23<06:12, 50.75it/s, acc=0.302, device=mps, eta=6m47s, loss=2.0065, sps=46.7]
BC[stage1_datasets_L40_stepsweep/bc_baseline_none_steps20000_tr2]:   6%|▌         | 1117/20000 [00:23<05:31, 57.05it/s, acc=0.302, device=mps, eta=6m47s, loss=2.0065, sps=46.7]
BC[stage1_datasets_L40_stepsweep/bc_baseline_none_steps20000_tr2]:   6%|▌         | 1124/20000 [00:24<06:59, 45.05it/s, acc=0.302, device=mps, eta=6m47s, loss=2.0065, sps=46.7]
BC[stage1_datasets_L40_stepsweep/bc_baseline_none_steps20000_tr2]:   6%|▌         | 1130/20000 [00:24<06:33, 47.94it/s, acc=0.302, device=mps, eta=6m47s, loss=2.0065, sps=46.7]
BC[stage1_datasets_L40_stepsweep/bc_baseline_none_steps20000_tr2]:   6%|▌         | 1137/20000 [00:24<05:57, 52.71it/s, acc=0.302, device=mps, eta=6m47s, loss=2.0065, sps=46.7]
BC[stage1_datasets_L40_stepsweep/bc_baseline_none_steps20000_tr2]:   6%|▌         | 1143/20000 [00:24<07:03, 44.50it/s, acc=0.302, device=mps, eta=6m47s, loss=2.0065, sps=46.7]
BC[stage1_datasets_L40_stepsweep/bc_baseline_none_steps20000_tr2]:   6%|▌         | 1151/20000 [00:24<06:06, 51.39it/s, acc=0.302, device=mps, eta=6m47s, loss=2.0065, sps=46.7]
BC[stage1_datasets_L40_stepsweep/bc_baseline_none_steps20000_tr2]:   6%|▌         | 1159/20000 [00:24<05:32, 56.70it/s, acc=0.302, device=mps, eta=6m47s, loss=2.0065, sps=46.7]
BC[stage1_datasets_L40_stepsweep/bc_baseline_none_steps20000_tr2]:   6%|▌         | 1166/20000 [00:24<06:42, 46.79it/s, acc=0.302, device=mps, eta=6m47s, loss=2.0065, sps=46.7]
BC[stage1_datasets_L40_stepsweep/bc_baseline_none_steps20000_tr2]:   6%|▌         | 1173/20000 [00:24<06:16, 50.07it/s, acc=0.302, device=mps, eta=6m47s, loss=2.0065, sps=46.7]
BC[stage1_datasets_L40_stepsweep/bc_baseline_none_steps20000_tr2]:   6%|▌         | 1179/20000 [00:25<06:00, 52.22it/s, acc=0.302, device=mps, eta=6m47s, loss=2.0065, sps=46.7]
BC[stage1_datasets_L40_stepsweep/bc_baseline_none_steps20000_tr2]:   6%|▌         | 1185/20000 [00:25<07:47, 40.23it/s, acc=0.302, device=mps, eta=6m47s, loss=2.0065, sps=46.7]
BC[stage1_datasets_L40_stepsweep/bc_baseline_none_steps20000_tr2]:   6%|▌         | 1191/20000 [00:25<07:10, 43.70it/s, acc=0.302, device=mps, eta=6m47s, loss=2.0065, sps=46.7]
BC[stage1_datasets_L40_stepsweep/bc_baseline_none_steps20000_tr2]:   6%|▌         | 1198/20000 [00:25<06:25, 48.72it/s, acc=0.302, device=mps, eta=6m47s, loss=2.0065, sps=46.7]
BC[stage1_datasets_L40_stepsweep/bc_baseline_none_steps20000_tr2]:   6%|▌         | 1198/20000 [00:25<06:25, 48.72it/s, acc=0.297, device=mps, eta=6m40s, loss=2.0127, sps=47.0]
BC[stage1_datasets_L40_stepsweep/bc_baseline_none_steps20000_tr2]:   6%|▌         | 1204/20000 [00:25<07:23, 42.35it/s, acc=0.297, device=mps, eta=6m40s, loss=2.0127, sps=47.0]
BC[stage1_datasets_L40_stepsweep/bc_baseline_none_steps20000_tr2]:   6%|▌         | 1212/20000 [00:25<06:20, 49.35it/s, acc=0.297, device=mps, eta=6m40s, loss=2.0127, sps=47.0]
BC[stage1_datasets_L40_stepsweep/bc_baseline_none_steps20000_tr2]:   6%|▌         | 1220/20000 [00:25<05:34, 56.16it/s, acc=0.297, device=mps, eta=6m40s, loss=2.0127, sps=47.0]
BC[stage1_datasets_L40_stepsweep/bc_baseline_none_steps20000_tr2]:   6%|▌         | 1227/20000 [00:26<06:47, 46.07it/s, acc=0.297, device=mps, eta=6m40s, loss=2.0127, sps=47.0]
BC[stage1_datasets_L40_stepsweep/bc_baseline_none_steps20000_tr2]:   6%|▌         | 1233/20000 [00:26<06:25, 48.72it/s, acc=0.297, device=mps, eta=6m40s, loss=2.0127, sps=47.0]
BC[stage1_datasets_L40_stepsweep/bc_baseline_none_steps20000_tr2]:   6%|▌         | 1239/20000 [00:26<06:08, 50.88it/s, acc=0.297, device=mps, eta=6m40s, loss=2.0127, sps=47.0]
BC[stage1_datasets_L40_stepsweep/bc_baseline_none_steps20000_tr2]:   6%|▌         | 1245/20000 [00:26<07:33, 41.33it/s, acc=0.297, device=mps, eta=6m40s, loss=2.0127, sps=47.0]
BC[stage1_datasets_L40_stepsweep/bc_baseline_none_steps20000_tr2]:   6%|▋         | 1251/20000 [00:26<07:10, 43.57it/s, acc=0.297, device=mps, eta=6m40s, loss=2.0127, sps=47.0]
BC[stage1_datasets_L40_stepsweep/bc_baseline_none_steps20000_tr2]:   6%|▋         | 1258/20000 [00:26<06:36, 47.27it/s, acc=0.297, device=mps, eta=6m40s, loss=2.0127, sps=47.0]
BC[stage1_datasets_L40_stepsweep/bc_baseline_none_steps20000_tr2]:   6%|▋         | 1264/20000 [00:27<08:27, 36.90it/s, acc=0.297, device=mps, eta=6m40s, loss=2.0127, sps=47.0]
BC[stage1_datasets_L40_stepsweep/bc_baseline_none_steps20000_tr2]:   6%|▋         | 1270/20000 [00:27<07:47, 40.08it/s, acc=0.297, device=mps, eta=6m40s, loss=2.0127, sps=47.0]
BC[stage1_datasets_L40_stepsweep/bc_baseline_none_steps20000_tr2]:   6%|▋         | 1276/20000 [00:27<07:18, 42.71it/s, acc=0.297, device=mps, eta=6m40s, loss=2.0127, sps=47.0]
BC[stage1_datasets_L40_stepsweep/bc_baseline_none_steps20000_tr2]:   6%|▋         | 1281/20000 [00:27<08:32, 36.53it/s, acc=0.297, device=mps, eta=6m40s, loss=2.0127, sps=47.0]
BC[stage1_datasets_L40_stepsweep/bc_baseline_none_steps20000_tr2]:   6%|▋         | 1289/20000 [00:27<06:56, 44.90it/s, acc=0.297, device=mps, eta=6m40s, loss=2.0127, sps=47.0]
BC[stage1_datasets_L40_stepsweep/bc_baseline_none_steps20000_tr2]:   6%|▋         | 1297/20000 [00:27<06:03, 51.40it/s, acc=0.297, device=mps, eta=6m40s, loss=2.0127, sps=47.0]
BC[stage1_datasets_L40_stepsweep/bc_baseline_none_steps20000_tr2]:   7%|▋         | 1303/20000 [00:27<07:14, 43.05it/s, acc=0.297, device=mps, eta=6m40s, loss=2.0127, sps=47.0]
BC[stage1_datasets_L40_stepsweep/bc_baseline_none_steps20000_tr2]:   7%|▋         | 1311/20000 [00:28<06:13, 50.09it/s, acc=0.297, device=mps, eta=6m40s, loss=2.0127, sps=47.0]
BC[stage1_datasets_L40_stepsweep/bc_baseline_none_steps20000_tr2]:   7%|▋         | 1319/20000 [00:28<05:36, 55.55it/s, acc=0.297, device=mps, eta=6m40s, loss=2.0127, sps=47.0]
BC[stage1_datasets_L40_stepsweep/bc_baseline_none_steps20000_tr2]:   7%|▋         | 1326/20000 [00:28<06:45, 46.10it/s, acc=0.297, device=mps, eta=6m40s, loss=2.0127, sps=47.0]
BC[stage1_datasets_L40_stepsweep/bc_baseline_none_steps20000_tr2]:   7%|▋         | 1332/20000 [00:28<06:24, 48.60it/s, acc=0.297, device=mps, eta=6m40s, loss=2.0127, sps=47.0]
BC[stage1_datasets_L40_stepsweep/bc_baseline_none_steps20000_tr2]:   7%|▋         | 1338/20000 [00:28<06:14, 49.79it/s, acc=0.297, device=mps, eta=6m40s, loss=2.0127, sps=47.0]
BC[stage1_datasets_L40_stepsweep/bc_baseline_none_steps20000_tr2]:   7%|▋         | 1344/20000 [00:28<07:59, 38.90it/s, acc=0.297, device=mps, eta=6m40s, loss=2.0127, sps=47.0]
BC[stage1_datasets_L40_stepsweep/bc_baseline_none_steps20000_tr2]:   7%|▋         | 1350/20000 [00:28<07:22, 42.13it/s, acc=0.297, device=mps, eta=6m40s, loss=2.0127, sps=47.0]
BC[stage1_datasets_L40_stepsweep/bc_baseline_none_steps20000_tr2]:   7%|▋         | 1357/20000 [00:29<06:39, 46.62it/s, acc=0.297, device=mps, eta=6m40s, loss=2.0127, sps=47.0]
BC[stage1_datasets_L40_stepsweep/bc_baseline_none_steps20000_tr2]:   7%|▋         | 1363/20000 [00:29<07:42, 40.33it/s, acc=0.297, device=mps, eta=6m40s, loss=2.0127, sps=47.0]
BC[stage1_datasets_L40_stepsweep/bc_baseline_none_steps20000_tr2]:   7%|▋         | 1370/20000 [00:29<06:53, 45.08it/s, acc=0.297, device=mps, eta=6m40s, loss=2.0127, sps=47.0]
BC[stage1_datasets_L40_stepsweep/bc_baseline_none_steps20000_tr2]:   7%|▋         | 1376/20000 [00:29<06:24, 48.40it/s, acc=0.297, device=mps, eta=6m40s, loss=2.0127, sps=47.0]
BC[stage1_datasets_L40_stepsweep/bc_baseline_none_steps20000_tr2]:   7%|▋         | 1382/20000 [00:29<07:56, 39.11it/s, acc=0.297, device=mps, eta=6m40s, loss=2.0127, sps=47.0]
BC[stage1_datasets_L40_stepsweep/bc_baseline_none_steps20000_tr2]:   7%|▋         | 1388/20000 [00:29<07:20, 42.25it/s, acc=0.297, device=mps, eta=6m40s, loss=2.0127, sps=47.0]
BC[stage1_datasets_L40_stepsweep/bc_baseline_none_steps20000_tr2]:   7%|▋         | 1395/20000 [00:29<06:32, 47.38it/s, acc=0.297, device=mps, eta=6m40s, loss=2.0127, sps=47.0]
BC[stage1_datasets_L40_stepsweep/bc_baseline_none_steps20000_tr2]:   7%|▋         | 1395/20000 [00:29<06:32, 47.38it/s, acc=0.301, device=mps, eta=6m38s, loss=2.0062, sps=46.7]
BC[stage1_datasets_L40_stepsweep/bc_baseline_none_steps20000_tr2]:   7%|▋         | 1401/20000 [00:30<07:26, 41.69it/s, acc=0.301, device=mps, eta=6m38s, loss=2.0062, sps=46.7]
BC[stage1_datasets_L40_stepsweep/bc_baseline_none_steps20000_tr2]:   7%|▋         | 1409/20000 [00:30<06:20, 48.91it/s, acc=0.301, device=mps, eta=6m38s, loss=2.0062, sps=46.7]
BC[stage1_datasets_L40_stepsweep/bc_baseline_none_steps20000_tr2]:   7%|▋         | 1417/20000 [00:30<05:34, 55.49it/s, acc=0.301, device=mps, eta=6m38s, loss=2.0062, sps=46.7]
BC[stage1_datasets_L40_stepsweep/bc_baseline_none_steps20000_tr2]:   7%|▋         | 1424/20000 [00:30<06:30, 47.56it/s, acc=0.301, device=mps, eta=6m38s, loss=2.0062, sps=46.7]
BC[stage1_datasets_L40_stepsweep/bc_baseline_none_steps20000_tr2]:   7%|▋         | 1432/20000 [00:30<05:47, 53.51it/s, acc=0.301, device=mps, eta=6m38s, loss=2.0062, sps=46.7]
BC[stage1_datasets_L40_stepsweep/bc_baseline_none_steps20000_tr2]:   7%|▋         | 1439/20000 [00:30<05:24, 57.14it/s, acc=0.301, device=mps, eta=6m38s, loss=2.0062, sps=46.7]
BC[stage1_datasets_L40_stepsweep/bc_baseline_none_steps20000_tr2]:   7%|▋         | 1446/20000 [00:30<06:43, 45.99it/s, acc=0.301, device=mps, eta=6m38s, loss=2.0062, sps=46.7]
BC[stage1_datasets_L40_stepsweep/bc_baseline_none_steps20000_tr2]:   7%|▋         | 1452/20000 [00:31<06:36, 46.72it/s, acc=0.301, device=mps, eta=6m38s, loss=2.0062, sps=46.7]
BC[stage1_datasets_L40_stepsweep/bc_baseline_none_steps20000_tr2]:   7%|▋         | 1458/20000 [00:31<06:20, 48.68it/s, acc=0.301, device=mps, eta=6m38s, loss=2.0062, sps=46.7]
BC[stage1_datasets_L40_stepsweep/bc_baseline_none_steps20000_tr2]:   7%|▋         | 1464/20000 [00:31<07:37, 40.53it/s, acc=0.301, device=mps, eta=6m38s, loss=2.0062, sps=46.7]
BC[stage1_datasets_L40_stepsweep/bc_baseline_none_steps20000_tr2]:   7%|▋         | 1470/20000 [00:31<07:01, 44.01it/s, acc=0.301, device=mps, eta=6m38s, loss=2.0062, sps=46.7]
BC[stage1_datasets_L40_stepsweep/bc_baseline_none_steps20000_tr2]:   7%|▋         | 1476/20000 [00:31<06:34, 46.90it/s, acc=0.301, device=mps, eta=6m38s, loss=2.0062, sps=46.7]
BC[stage1_datasets_L40_stepsweep/bc_baseline_none_steps20000_tr2]:   7%|▋         | 1482/20000 [00:31<07:41, 40.09it/s, acc=0.301, device=mps, eta=6m38s, loss=2.0062, sps=46.7]
BC[stage1_datasets_L40_stepsweep/bc_baseline_none_steps20000_tr2]:   7%|▋         | 1490/20000 [00:31<06:26, 47.90it/s, acc=0.301, device=mps, eta=6m38s, loss=2.0062, sps=46.7]
BC[stage1_datasets_L40_stepsweep/bc_baseline_none_steps20000_tr2]:   7%|▋         | 1498/20000 [00:32<05:43, 53.91it/s, acc=0.301, device=mps, eta=6m38s, loss=2.0062, sps=46.7]
BC[stage1_datasets_L40_stepsweep/bc_baseline_none_steps20000_tr2]:   8%|▊         | 1504/20000 [00:32<07:23, 41.75it/s, acc=0.301, device=mps, eta=6m38s, loss=2.0062, sps=46.7]
BC[stage1_datasets_L40_stepsweep/bc_baseline_none_steps20000_tr2]:   8%|▊         | 1510/20000 [00:32<06:58, 44.22it/s, acc=0.301, device=mps, eta=6m38s, loss=2.0062, sps=46.7]
BC[stage1_datasets_L40_stepsweep/bc_baseline_none_steps20000_tr2]:   8%|▊         | 1517/20000 [00:32<06:19, 48.70it/s, acc=0.301, device=mps, eta=6m38s, loss=2.0062, sps=46.7]
BC[stage1_datasets_L40_stepsweep/bc_baseline_none_steps20000_tr2]:   8%|▊         | 1523/20000 [00:32<07:22, 41.71it/s, acc=0.301, device=mps, eta=6m38s, loss=2.0062, sps=46.7]
BC[stage1_datasets_L40_stepsweep/bc_baseline_none_steps20000_tr2]:   8%|▊         | 1531/20000 [00:32<06:17, 48.96it/s, acc=0.301, device=mps, eta=6m38s, loss=2.0062, sps=46.7]
BC[stage1_datasets_L40_stepsweep/bc_baseline_none_steps20000_tr2]:   8%|▊         | 1539/20000 [00:32<05:36, 54.85it/s, acc=0.301, device=mps, eta=6m38s, loss=2.0062, sps=46.7]
BC[stage1_datasets_L40_stepsweep/bc_baseline_none_steps20000_tr2]:   8%|▊         | 1545/20000 [00:33<06:46, 45.40it/s, acc=0.301, device=mps, eta=6m38s, loss=2.0062, sps=46.7]
BC[stage1_datasets_L40_stepsweep/bc_baseline_none_steps20000_tr2]:   8%|▊         | 1551/20000 [00:33<06:24, 47.99it/s, acc=0.301, device=mps, eta=6m38s, loss=2.0062, sps=46.7]
BC[stage1_datasets_L40_stepsweep/bc_baseline_none_steps20000_tr2]:   8%|▊         | 1557/20000 [00:33<06:16, 48.98it/s, acc=0.301, device=mps, eta=6m38s, loss=2.0062, sps=46.7]
BC[stage1_datasets_L40_stepsweep/bc_baseline_none_steps20000_tr2]:   8%|▊         | 1563/20000 [00:33<07:50, 39.16it/s, acc=0.301, device=mps, eta=6m38s, loss=2.0062, sps=46.7]
BC[stage1_datasets_L40_stepsweep/bc_baseline_none_steps20000_tr2]:   8%|▊         | 1569/20000 [00:33<07:15, 42.37it/s, acc=0.301, device=mps, eta=6m38s, loss=2.0062, sps=46.7]
BC[stage1_datasets_L40_stepsweep/bc_baseline_none_steps20000_tr2]:   8%|▊         | 1576/20000 [00:33<06:31, 47.09it/s, acc=0.301, device=mps, eta=6m38s, loss=2.0062, sps=46.7]
BC[stage1_datasets_L40_stepsweep/bc_baseline_none_steps20000_tr2]:   8%|▊         | 1582/20000 [00:33<07:24, 41.41it/s, acc=0.301, device=mps, eta=6m38s, loss=2.0062, sps=46.7]
BC[stage1_datasets_L40_stepsweep/bc_baseline_none_steps20000_tr2]:   8%|▊         | 1589/20000 [00:34<06:27, 47.48it/s, acc=0.301, device=mps, eta=6m38s, loss=2.0062, sps=46.7]
BC[stage1_datasets_L40_stepsweep/bc_baseline_none_steps20000_tr2]:   8%|▊         | 1597/20000 [00:34<05:40, 54.03it/s, acc=0.301, device=mps, eta=6m38s, loss=2.0062, sps=46.7]
BC[stage1_datasets_L40_stepsweep/bc_baseline_none_steps20000_tr2]:   8%|▊         | 1597/20000 [00:34<05:40, 54.03it/s, acc=0.301, device=mps, eta=6m33s, loss=2.0079, sps=46.8]
BC[stage1_datasets_L40_stepsweep/bc_baseline_none_steps20000_tr2]:   8%|▊         | 1603/20000 [00:34<07:13, 42.48it/s, acc=0.301, device=mps, eta=6m33s, loss=2.0079, sps=46.8]
BC[stage1_datasets_L40_stepsweep/bc_baseline_none_steps20000_tr2]:   8%|▊         | 1609/20000 [00:34<06:51, 44.69it/s, acc=0.301, device=mps, eta=6m33s, loss=2.0079, sps=46.8]
BC[stage1_datasets_L40_stepsweep/bc_baseline_none_steps20000_tr2]:   8%|▊         | 1616/20000 [00:34<06:11, 49.55it/s, acc=0.301, device=mps, eta=6m33s, loss=2.0079, sps=46.8]
BC[stage1_datasets_L40_stepsweep/bc_baseline_none_steps20000_tr2]:   8%|▊         | 1622/20000 [00:34<07:12, 42.45it/s, acc=0.301, device=mps, eta=6m33s, loss=2.0079, sps=46.8]
BC[stage1_datasets_L40_stepsweep/bc_baseline_none_steps20000_tr2]:   8%|▊         | 1630/20000 [00:34<06:09, 49.69it/s, acc=0.301, device=mps, eta=6m33s, loss=2.0079, sps=46.8]
BC[stage1_datasets_L40_stepsweep/bc_baseline_none_steps20000_tr2]:   8%|▊         | 1638/20000 [00:35<05:32, 55.29it/s, acc=0.301, device=mps, eta=6m33s, loss=2.0079, sps=46.8]
BC[stage1_datasets_L40_stepsweep/bc_baseline_none_steps20000_tr2]:   8%|▊         | 1645/20000 [00:35<06:31, 46.92it/s, acc=0.301, device=mps, eta=6m33s, loss=2.0079, sps=46.8]
BC[stage1_datasets_L40_stepsweep/bc_baseline_none_steps20000_tr2]:   8%|▊         | 1653/20000 [00:35<05:45, 53.05it/s, acc=0.301, device=mps, eta=6m33s, loss=2.0079, sps=46.8]
BC[stage1_datasets_L40_stepsweep/bc_baseline_none_steps20000_tr2]:   8%|▊         | 1661/20000 [00:35<06:44, 45.29it/s, acc=0.301, device=mps, eta=6m33s, loss=2.0079, sps=46.8]
BC[stage1_datasets_L40_stepsweep/bc_baseline_none_steps20000_tr2]:   8%|▊         | 1667/20000 [00:35<06:38, 45.95it/s, acc=0.301, device=mps, eta=6m33s, loss=2.0079, sps=46.8]
BC[stage1_datasets_L40_stepsweep/bc_baseline_none_steps20000_tr2]:   8%|▊         | 1674/20000 [00:35<06:03, 50.36it/s, acc=0.301, device=mps, eta=6m33s, loss=2.0079, sps=46.8]
BC[stage1_datasets_L40_stepsweep/bc_baseline_none_steps20000_tr2]:   8%|▊         | 1681/20000 [00:36<06:55, 44.07it/s, acc=0.301, device=mps, eta=6m33s, loss=2.0079, sps=46.8]
BC[stage1_datasets_L40_stepsweep/bc_baseline_none_steps20000_tr2]:   8%|▊         | 1689/20000 [00:36<06:00, 50.83it/s, acc=0.301, device=mps, eta=6m33s, loss=2.0079, sps=46.8]
BC[stage1_datasets_L40_stepsweep/bc_baseline_none_steps20000_tr2]:   8%|▊         | 1697/20000 [00:36<05:26, 56.08it/s, acc=0.301, device=mps, eta=6m33s, loss=2.0079, sps=46.8]
BC[stage1_datasets_L40_stepsweep/bc_baseline_none_steps20000_tr2]:   9%|▊         | 1704/20000 [00:36<06:27, 47.18it/s, acc=0.301, device=mps, eta=6m33s, loss=2.0079, sps=46.8]
BC[stage1_datasets_L40_stepsweep/bc_baseline_none_steps20000_tr2]:   9%|▊         | 1710/20000 [00:36<06:10, 49.41it/s, acc=0.301, device=mps, eta=6m33s, loss=2.0079, sps=46.8]
BC[stage1_datasets_L40_stepsweep/bc_baseline_none_steps20000_tr2]:   9%|▊         | 1716/20000 [00:36<06:06, 49.92it/s, acc=0.301, device=mps, eta=6m33s, loss=2.0079, sps=46.8]
BC[stage1_datasets_L40_stepsweep/bc_baseline_none_steps20000_tr2]:   9%|▊         | 1722/20000 [00:36<07:24, 41.10it/s, acc=0.301, device=mps, eta=6m33s, loss=2.0079, sps=46.8]
BC[stage1_datasets_L40_stepsweep/bc_baseline_none_steps20000_tr2]:   9%|▊         | 1730/20000 [00:36<06:16, 48.58it/s, acc=0.301, device=mps, eta=6m33s, loss=2.0079, sps=46.8]
BC[stage1_datasets_L40_stepsweep/bc_baseline_none_steps20000_tr2]:   9%|▊         | 1738/20000 [00:37<05:35, 54.45it/s, acc=0.301, device=mps, eta=6m33s, loss=2.0079, sps=46.8]
BC[stage1_datasets_L40_stepsweep/bc_baseline_none_steps20000_tr2]:   9%|▊         | 1744/20000 [00:37<06:43, 45.27it/s, acc=0.301, device=mps, eta=6m33s, loss=2.0079, sps=46.8]
BC[stage1_datasets_L40_stepsweep/bc_baseline_none_steps20000_tr2]:   9%|▉         | 1750/20000 [00:37<06:16, 48.48it/s, acc=0.301, device=mps, eta=6m33s, loss=2.0079, sps=46.8]
BC[stage1_datasets_L40_stepsweep/bc_baseline_none_steps20000_tr2]:   9%|▉         | 1756/20000 [00:37<05:57, 51.07it/s, acc=0.301, device=mps, eta=6m33s, loss=2.0079, sps=46.8]
BC[stage1_datasets_L40_stepsweep/bc_baseline_none_steps20000_tr2]:   9%|▉         | 1762/20000 [00:37<07:10, 42.36it/s, acc=0.301, device=mps, eta=6m33s, loss=2.0079, sps=46.8]
BC[stage1_datasets_L40_stepsweep/bc_baseline_none_steps20000_tr2]:   9%|▉         | 1770/20000 [00:37<06:05, 49.85it/s, acc=0.301, device=mps, eta=6m33s, loss=2.0079, sps=46.8]
BC[stage1_datasets_L40_stepsweep/bc_baseline_none_steps20000_tr2]:   9%|▉         | 1778/20000 [00:37<05:28, 55.53it/s, acc=0.301, device=mps, eta=6m33s, loss=2.0079, sps=46.8]
BC[stage1_datasets_L40_stepsweep/bc_baseline_none_steps20000_tr2]:   9%|▉         | 1785/20000 [00:38<06:32, 46.37it/s, acc=0.301, device=mps, eta=6m33s, loss=2.0079, sps=46.8]
BC[stage1_datasets_L40_stepsweep/bc_baseline_none_steps20000_tr2]:   9%|▉         | 1792/20000 [00:38<06:02, 50.21it/s, acc=0.301, device=mps, eta=6m33s, loss=2.0079, sps=46.8]
BC[stage1_datasets_L40_stepsweep/bc_baseline_none_steps20000_tr2]:   9%|▉         | 1799/20000 [00:38<05:42, 53.20it/s, acc=0.301, device=mps, eta=6m33s, loss=2.0079, sps=46.8]
BC[stage1_datasets_L40_stepsweep/bc_baseline_none_steps20000_tr2]:   9%|▉         | 1799/20000 [00:38<05:42, 53.20it/s, acc=0.300, device=mps, eta=6m28s, loss=2.0070, sps=46.9]
BC[stage1_datasets_L40_stepsweep/bc_baseline_none_steps20000_tr2]:   9%|▉         | 1805/20000 [00:38<06:59, 43.41it/s, acc=0.300, device=mps, eta=6m28s, loss=2.0070, sps=46.9]
BC[stage1_datasets_L40_stepsweep/bc_baseline_none_steps20000_tr2]:   9%|▉         | 1811/20000 [00:38<06:32, 46.34it/s, acc=0.300, device=mps, eta=6m28s, loss=2.0070, sps=46.9]
BC[stage1_datasets_L40_stepsweep/bc_baseline_none_steps20000_tr2]:   9%|▉         | 1817/20000 [00:38<06:11, 49.00it/s, acc=0.300, device=mps, eta=6m28s, loss=2.0070, sps=46.9]
BC[stage1_datasets_L40_stepsweep/bc_baseline_none_steps20000_tr2]:   9%|▉         | 1823/20000 [00:38<07:23, 40.97it/s, acc=0.300, device=mps, eta=6m28s, loss=2.0070, sps=46.9]
BC[stage1_datasets_L40_stepsweep/bc_baseline_none_steps20000_tr2]:   9%|▉         | 1831/20000 [00:39<06:14, 48.47it/s, acc=0.300, device=mps, eta=6m28s, loss=2.0070, sps=46.9]
BC[stage1_datasets_L40_stepsweep/bc_baseline_none_steps20000_tr2]:   9%|▉         | 1839/20000 [00:39<05:34, 54.29it/s, acc=0.300, device=mps, eta=6m28s, loss=2.0070, sps=46.9]
BC[stage1_datasets_L40_stepsweep/bc_baseline_none_steps20000_tr2]:   9%|▉         | 1845/20000 [00:39<07:16, 41.64it/s, acc=0.300, device=mps, eta=6m28s, loss=2.0070, sps=46.9]
BC[stage1_datasets_L40_stepsweep/bc_baseline_none_steps20000_tr2]:   9%|▉         | 1851/20000 [00:39<06:46, 44.63it/s, acc=0.300, device=mps, eta=6m28s, loss=2.0070, sps=46.9]
BC[stage1_datasets_L40_stepsweep/bc_baseline_none_steps20000_tr2]:   9%|▉         | 1858/20000 [00:39<06:09, 49.15it/s, acc=0.300, device=mps, eta=6m28s, loss=2.0070, sps=46.9]
BC[stage1_datasets_L40_stepsweep/bc_baseline_none_steps20000_tr2]:   9%|▉         | 1864/20000 [00:39<07:12, 41.93it/s, acc=0.300, device=mps, eta=6m28s, loss=2.0070, sps=46.9]
BC[stage1_datasets_L40_stepsweep/bc_baseline_none_steps20000_tr2]:   9%|▉         | 1872/20000 [00:39<06:07, 49.27it/s, acc=0.300, device=mps, eta=6m28s, loss=2.0070, sps=46.9]
BC[stage1_datasets_L40_stepsweep/bc_baseline_none_steps20000_tr2]:   9%|▉         | 1880/20000 [00:40<05:25, 55.65it/s, acc=0.300, device=mps, eta=6m28s, loss=2.0070, sps=46.9]
BC[stage1_datasets_L40_stepsweep/bc_baseline_none_steps20000_tr2]:   9%|▉         | 1887/20000 [00:40<06:38, 45.42it/s, acc=0.300, device=mps, eta=6m28s, loss=2.0070, sps=46.9]
BC[stage1_datasets_L40_stepsweep/bc_baseline_none_steps20000_tr2]:   9%|▉         | 1893/20000 [00:40<06:20, 47.61it/s, acc=0.300, device=mps, eta=6m28s, loss=2.0070, sps=46.9]
BC[stage1_datasets_L40_stepsweep/bc_baseline_none_steps20000_tr2]:   9%|▉         | 1899/20000 [00:40<06:12, 48.61it/s, acc=0.300, device=mps, eta=6m28s, loss=2.0070, sps=46.9]
BC[stage1_datasets_L40_stepsweep/bc_baseline_none_steps20000_tr2]:  10%|▉         | 1905/20000 [00:40<07:32, 40.01it/s, acc=0.300, device=mps, eta=6m28s, loss=2.0070, sps=46.9]
BC[stage1_datasets_L40_stepsweep/bc_baseline_none_steps20000_tr2]:  10%|▉         | 1911/20000 [00:40<06:53, 43.76it/s, acc=0.300, device=mps, eta=6m28s, loss=2.0070, sps=46.9]
BC[stage1_datasets_L40_stepsweep/bc_baseline_none_steps20000_tr2]:  10%|▉         | 1917/20000 [00:40<06:25, 46.88it/s, acc=0.300, device=mps, eta=6m28s, loss=2.0070, sps=46.9]
BC[stage1_datasets_L40_stepsweep/bc_baseline_none_steps20000_tr2]:  10%|▉         | 1923/20000 [00:41<07:19, 41.18it/s, acc=0.300, device=mps, eta=6m28s, loss=2.0070, sps=46.9]
BC[stage1_datasets_L40_stepsweep/bc_baseline_none_steps20000_tr2]:  10%|▉         | 1931/20000 [00:41<06:09, 48.94it/s, acc=0.300, device=mps, eta=6m28s, loss=2.0070, sps=46.9]
BC[stage1_datasets_L40_stepsweep/bc_baseline_none_steps20000_tr2]:  10%|▉         | 1939/20000 [00:41<05:30, 54.73it/s, acc=0.300, device=mps, eta=6m28s, loss=2.0070, sps=46.9]
BC[stage1_datasets_L40_stepsweep/bc_baseline_none_steps20000_tr2]:  10%|▉         | 1945/20000 [00:41<06:38, 45.33it/s, acc=0.300, device=mps, eta=6m28s, loss=2.0070, sps=46.9]
BC[stage1_datasets_L40_stepsweep/bc_baseline_none_steps20000_tr2]:  10%|▉         | 1951/20000 [00:41<06:11, 48.55it/s, acc=0.300, device=mps, eta=6m28s, loss=2.0070, sps=46.9]
BC[stage1_datasets_L40_stepsweep/bc_baseline_none_steps20000_tr2]:  10%|▉         | 1957/20000 [00:41<06:05, 49.39it/s, acc=0.300, device=mps, eta=6m28s, loss=2.0070, sps=46.9]
BC[stage1_datasets_L40_stepsweep/bc_baseline_none_steps20000_tr2]:  10%|▉         | 1963/20000 [00:41<07:21, 40.88it/s, acc=0.300, device=mps, eta=6m28s, loss=2.0070, sps=46.9]
BC[stage1_datasets_L40_stepsweep/bc_baseline_none_steps20000_tr2]:  10%|▉         | 1971/20000 [00:42<06:13, 48.21it/s, acc=0.300, device=mps, eta=6m28s, loss=2.0070, sps=46.9]
BC[stage1_datasets_L40_stepsweep/bc_baseline_none_steps20000_tr2]:  10%|▉         | 1978/20000 [00:42<05:39, 53.02it/s, acc=0.300, device=mps, eta=6m28s, loss=2.0070, sps=46.9]
BC[stage1_datasets_L40_stepsweep/bc_baseline_none_steps20000_tr2]:  10%|▉         | 1984/20000 [00:42<06:49, 44.04it/s, acc=0.300, device=mps, eta=6m28s, loss=2.0070, sps=46.9]
BC[stage1_datasets_L40_stepsweep/bc_baseline_none_steps20000_tr2]:  10%|▉         | 1992/20000 [00:42<05:53, 50.98it/s, acc=0.300, device=mps, eta=6m28s, loss=2.0070, sps=46.9]
BC[stage1_datasets_L40_stepsweep/bc_baseline_none_steps20000_tr2]:  10%|▉         | 1992/20000 [00:42<05:53, 50.98it/s, acc=0.302, device=mps, eta=6m23s, loss=2.0064, sps=46.9]
BC[stage1_datasets_L40_stepsweep/bc_baseline_none_steps20000_tr2]:  10%|█         | 2000/20000 [00:42<05:16, 56.86it/s, acc=0.302, device=mps, eta=6m23s, loss=2.0064, sps=46.9]
BC[stage1_datasets_L40_stepsweep/bc_baseline_none_steps20000_tr2]:  10%|█         | 2007/20000 [00:42<06:31, 45.96it/s, acc=0.302, device=mps, eta=6m23s, loss=2.0064, sps=46.9]
BC[stage1_datasets_L40_stepsweep/bc_baseline_none_steps20000_tr2]:  10%|█         | 2013/20000 [00:42<06:08, 48.86it/s, acc=0.302, device=mps, eta=6m23s, loss=2.0064, sps=46.9]
BC[stage1_datasets_L40_stepsweep/bc_baseline_none_steps20000_tr2]:  10%|█         | 2019/20000 [00:43<05:53, 50.82it/s, acc=0.302, device=mps, eta=6m23s, loss=2.0064, sps=46.9]
BC[stage1_datasets_L40_stepsweep/bc_baseline_none_steps20000_tr2]:  10%|█         | 2025/20000 [00:43<07:07, 42.00it/s, acc=0.302, device=mps, eta=6m23s, loss=2.0064, sps=46.9]
BC[stage1_datasets_L40_stepsweep/bc_baseline_none_steps20000_tr2]:  10%|█         | 2031/20000 [00:43<06:34, 45.51it/s, acc=0.302, device=mps, eta=6m23s, loss=2.0064, sps=46.9]
BC[stage1_datasets_L40_stepsweep/bc_baseline_none_steps20000_tr2]:  10%|█         | 2038/20000 [00:43<06:03, 49.36it/s, acc=0.302, device=mps, eta=6m23s, loss=2.0064, sps=46.9]
BC[stage1_datasets_L40_stepsweep/bc_baseline_none_steps20000_tr2]:  10%|█         | 2044/20000 [00:43<07:13, 41.41it/s, acc=0.302, device=mps, eta=6m23s, loss=2.0064, sps=46.9]
BC[stage1_datasets_L40_stepsweep/bc_baseline_none_steps20000_tr2]:  10%|█         | 2050/20000 [00:43<06:38, 45.00it/s, acc=0.302, device=mps, eta=6m23s, loss=2.0064, sps=46.9]
BC[stage1_datasets_L40_stepsweep/bc_baseline_none_steps20000_tr2]:  10%|█         | 2056/20000 [00:43<06:12, 48.22it/s, acc=0.302, device=mps, eta=6m23s, loss=2.0064, sps=46.9]
BC[stage1_datasets_L40_stepsweep/bc_baseline_none_steps20000_tr2]:  10%|█         | 2062/20000 [00:44<07:35, 39.38it/s, acc=0.302, device=mps, eta=6m23s, loss=2.0064, sps=46.9]
BC[stage1_datasets_L40_stepsweep/bc_baseline_none_steps20000_tr2]:  10%|█         | 2069/20000 [00:44<06:30, 45.89it/s, acc=0.302, device=mps, eta=6m23s, loss=2.0064, sps=46.9]
BC[stage1_datasets_L40_stepsweep/bc_baseline_none_steps20000_tr2]:  10%|█         | 2075/20000 [00:44<06:39, 44.88it/s, acc=0.302, device=mps, eta=6m23s, loss=2.0064, sps=46.9]
BC[stage1_datasets_L40_stepsweep/bc_baseline_none_steps20000_tr2]:  10%|█         | 2081/20000 [00:44<08:02, 37.17it/s, acc=0.302, device=mps, eta=6m23s, loss=2.0064, sps=46.9]
BC[stage1_datasets_L40_stepsweep/bc_baseline_none_steps20000_tr2]:  10%|█         | 2087/20000 [00:44<07:09, 41.69it/s, acc=0.302, device=mps, eta=6m23s, loss=2.0064, sps=46.9]
BC[stage1_datasets_L40_stepsweep/bc_baseline_none_steps20000_tr2]:  10%|█         | 2093/20000 [00:44<06:42, 44.52it/s, acc=0.302, device=mps, eta=6m23s, loss=2.0064, sps=46.9]
BC[stage1_datasets_L40_stepsweep/bc_baseline_none_steps20000_tr2]:  10%|█         | 2100/20000 [00:44<06:01, 49.53it/s, acc=0.302, device=mps, eta=6m23s, loss=2.0064, sps=46.9]
BC[stage1_datasets_L40_stepsweep/bc_baseline_none_steps20000_tr2]:  11%|█         | 2106/20000 [00:45<07:14, 41.20it/s, acc=0.302, device=mps, eta=6m23s, loss=2.0064, sps=46.9]
BC[stage1_datasets_L40_stepsweep/bc_baseline_none_steps20000_tr2]:  11%|█         | 2113/20000 [00:45<06:28, 46.09it/s, acc=0.302, device=mps, eta=6m23s, loss=2.0064, sps=46.9]
BC[stage1_datasets_L40_stepsweep/bc_baseline_none_steps20000_tr2]:  11%|█         | 2120/20000 [00:45<05:50, 50.95it/s, acc=0.302, device=mps, eta=6m23s, loss=2.0064, sps=46.9]
BC[stage1_datasets_L40_stepsweep/bc_baseline_none_steps20000_tr2]:  11%|█         | 2126/20000 [00:45<07:10, 41.48it/s, acc=0.302, device=mps, eta=6m23s, loss=2.0064, sps=46.9]
BC[stage1_datasets_L40_stepsweep/bc_baseline_none_steps20000_tr2]:  11%|█         | 2132/20000 [00:45<06:37, 45.00it/s, acc=0.302, device=mps, eta=6m23s, loss=2.0064, sps=46.9]
BC[stage1_datasets_L40_stepsweep/bc_baseline_none_steps20000_tr2]:  11%|█         | 2138/20000 [00:45<06:17, 47.36it/s, acc=0.302, device=mps, eta=6m23s, loss=2.0064, sps=46.9]
BC[stage1_datasets_L40_stepsweep/bc_baseline_none_steps20000_tr2]:  11%|█         | 2144/20000 [00:45<07:29, 39.71it/s, acc=0.302, device=mps, eta=6m23s, loss=2.0064, sps=46.9]
BC[stage1_datasets_L40_stepsweep/bc_baseline_none_steps20000_tr2]:  11%|█         | 2152/20000 [00:46<06:14, 47.60it/s, acc=0.302, device=mps, eta=6m23s, loss=2.0064, sps=46.9]
BC[stage1_datasets_L40_stepsweep/bc_baseline_none_steps20000_tr2]:  11%|█         | 2160/20000 [00:46<05:29, 54.19it/s, acc=0.302, device=mps, eta=6m23s, loss=2.0064, sps=46.9]
BC[stage1_datasets_L40_stepsweep/bc_baseline_none_steps20000_tr2]:  11%|█         | 2166/20000 [00:46<06:46, 43.89it/s, acc=0.302, device=mps, eta=6m23s, loss=2.0064, sps=46.9]
BC[stage1_datasets_L40_stepsweep/bc_baseline_none_steps20000_tr2]:  11%|█         | 2172/20000 [00:46<06:21, 46.70it/s, acc=0.302, device=mps, eta=6m23s, loss=2.0064, sps=46.9]
BC[stage1_datasets_L40_stepsweep/bc_baseline_none_steps20000_tr2]:  11%|█         | 2178/20000 [00:46<06:07, 48.55it/s, acc=0.302, device=mps, eta=6m23s, loss=2.0064, sps=46.9]
BC[stage1_datasets_L40_stepsweep/bc_baseline_none_steps20000_tr2]:  11%|█         | 2184/20000 [00:46<07:19, 40.57it/s, acc=0.302, device=mps, eta=6m23s, loss=2.0064, sps=46.9]
BC[stage1_datasets_L40_stepsweep/bc_baseline_none_steps20000_tr2]:  11%|█         | 2190/20000 [00:46<06:46, 43.83it/s, acc=0.302, device=mps, eta=6m23s, loss=2.0064, sps=46.9]
BC[stage1_datasets_L40_stepsweep/bc_baseline_none_steps20000_tr2]:  11%|█         | 2196/20000 [00:47<06:17, 47.15it/s, acc=0.302, device=mps, eta=6m23s, loss=2.0064, sps=46.9]
BC[stage1_datasets_L40_stepsweep/bc_baseline_none_steps20000_tr2]:  11%|█         | 2196/20000 [00:47<06:17, 47.15it/s, acc=0.301, device=mps, eta=6m21s, loss=2.0070, sps=46.7]
BC[stage1_datasets_L40_stepsweep/bc_baseline_none_steps20000_tr2]:  11%|█         | 2202/20000 [00:47<07:30, 39.47it/s, acc=0.301, device=mps, eta=6m21s, loss=2.0070, sps=46.7]
BC[stage1_datasets_L40_stepsweep/bc_baseline_none_steps20000_tr2]:  11%|█         | 2209/20000 [00:47<06:39, 44.53it/s, acc=0.301, device=mps, eta=6m21s, loss=2.0070, sps=46.7]
BC[stage1_datasets_L40_stepsweep/bc_baseline_none_steps20000_tr2]:  11%|█         | 2216/20000 [00:47<06:05, 48.68it/s, acc=0.301, device=mps, eta=6m21s, loss=2.0070, sps=46.7]
BC[stage1_datasets_L40_stepsweep/bc_baseline_none_steps20000_tr2]:  11%|█         | 2222/20000 [00:47<07:25, 39.88it/s, acc=0.301, device=mps, eta=6m21s, loss=2.0070, sps=46.7]
BC[stage1_datasets_L40_stepsweep/bc_baseline_none_steps20000_tr2]:  11%|█         | 2228/20000 [00:47<06:45, 43.79it/s, acc=0.301, device=mps, eta=6m21s, loss=2.0070, sps=46.7]
BC[stage1_datasets_L40_stepsweep/bc_baseline_none_steps20000_tr2]:  11%|█         | 2234/20000 [00:47<06:16, 47.15it/s, acc=0.301, device=mps, eta=6m21s, loss=2.0070, sps=46.7]
BC[stage1_datasets_L40_stepsweep/bc_baseline_none_steps20000_tr2]:  11%|█         | 2241/20000 [00:48<07:20, 40.32it/s, acc=0.301, device=mps, eta=6m21s, loss=2.0070, sps=46.7]
BC[stage1_datasets_L40_stepsweep/bc_baseline_none_steps20000_tr2]:  11%|█         | 2246/20000 [00:48<06:59, 42.28it/s, acc=0.301, device=mps, eta=6m21s, loss=2.0070, sps=46.7]
BC[stage1_datasets_L40_stepsweep/bc_baseline_none_steps20000_tr2]:  11%|█▏        | 2252/20000 [00:48<06:23, 46.24it/s, acc=0.301, device=mps, eta=6m21s, loss=2.0070, sps=46.7]
BC[stage1_datasets_L40_stepsweep/bc_baseline_none_steps20000_tr2]:  11%|█▏        | 2259/20000 [00:48<05:43, 51.71it/s, acc=0.301, device=mps, eta=6m21s, loss=2.0070, sps=46.7]
BC[stage1_datasets_L40_stepsweep/bc_baseline_none_steps20000_tr2]:  11%|█▏        | 2265/20000 [00:48<06:44, 43.85it/s, acc=0.301, device=mps, eta=6m21s, loss=2.0070, sps=46.7]
BC[stage1_datasets_L40_stepsweep/bc_baseline_none_steps20000_tr2]:  11%|█▏        | 2273/20000 [00:48<05:40, 52.00it/s, acc=0.301, device=mps, eta=6m21s, loss=2.0070, sps=46.7]
BC[stage1_datasets_L40_stepsweep/bc_baseline_none_steps20000_tr2]:  11%|█▏        | 2281/20000 [00:48<06:21, 46.41it/s, acc=0.301, device=mps, eta=6m21s, loss=2.0070, sps=46.7]
BC[stage1_datasets_L40_stepsweep/bc_baseline_none_steps20000_tr2]:  11%|█▏        | 2289/20000 [00:49<05:35, 52.71it/s, acc=0.301, device=mps, eta=6m21s, loss=2.0070, sps=46.7]
BC[stage1_datasets_L40_stepsweep/bc_baseline_none_steps20000_tr2]:  11%|█▏        | 2297/20000 [00:49<05:06, 57.81it/s, acc=0.301, device=mps, eta=6m21s, loss=2.0070, sps=46.7]
BC[stage1_datasets_L40_stepsweep/bc_baseline_none_steps20000_tr2]:  12%|█▏        | 2304/20000 [00:49<06:07, 48.10it/s, acc=0.301, device=mps, eta=6m21s, loss=2.0070, sps=46.7]
BC[stage1_datasets_L40_stepsweep/bc_baseline_none_steps20000_tr2]:  12%|█▏        | 2311/20000 [00:49<05:46, 51.06it/s, acc=0.301, device=mps, eta=6m21s, loss=2.0070, sps=46.7]
BC[stage1_datasets_L40_stepsweep/bc_baseline_none_steps20000_tr2]:  12%|█▏        | 2318/20000 [00:49<05:29, 53.63it/s, acc=0.301, device=mps, eta=6m21s, loss=2.0070, sps=46.7]
BC[stage1_datasets_L40_stepsweep/bc_baseline_none_steps20000_tr2]:  12%|█▏        | 2324/20000 [00:49<06:37, 44.41it/s, acc=0.301, device=mps, eta=6m21s, loss=2.0070, sps=46.7]
BC[stage1_datasets_L40_stepsweep/bc_baseline_none_steps20000_tr2]:  12%|█▏        | 2332/20000 [00:49<05:46, 51.06it/s, acc=0.301, device=mps, eta=6m21s, loss=2.0070, sps=46.7]
BC[stage1_datasets_L40_stepsweep/bc_baseline_none_steps20000_tr2]:  12%|█▏        | 2340/20000 [00:49<05:10, 56.87it/s, acc=0.301, device=mps, eta=6m21s, loss=2.0070, sps=46.7]
BC[stage1_datasets_L40_stepsweep/bc_baseline_none_steps20000_tr2]:  12%|█▏        | 2347/20000 [00:50<06:20, 46.37it/s, acc=0.301, device=mps, eta=6m21s, loss=2.0070, sps=46.7]
BC[stage1_datasets_L40_stepsweep/bc_baseline_none_steps20000_tr2]:  12%|█▏        | 2353/20000 [00:50<06:04, 48.37it/s, acc=0.301, device=mps, eta=6m21s, loss=2.0070, sps=46.7]
BC[stage1_datasets_L40_stepsweep/bc_baseline_none_steps20000_tr2]:  12%|█▏        | 2359/20000 [00:50<06:00, 48.92it/s, acc=0.301, device=mps, eta=6m21s, loss=2.0070, sps=46.7]
BC[stage1_datasets_L40_stepsweep/bc_baseline_none_steps20000_tr2]:  12%|█▏        | 2365/20000 [00:50<07:27, 39.41it/s, acc=0.301, device=mps, eta=6m21s, loss=2.0070, sps=46.7]
BC[stage1_datasets_L40_stepsweep/bc_baseline_none_steps20000_tr2]:  12%|█▏        | 2371/20000 [00:50<06:54, 42.53it/s, acc=0.301, device=mps, eta=6m21s, loss=2.0070, sps=46.7]
BC[stage1_datasets_L40_stepsweep/bc_baseline_none_steps20000_tr2]:  12%|█▏        | 2377/20000 [00:50<06:20, 46.27it/s, acc=0.301, device=mps, eta=6m21s, loss=2.0070, sps=46.7]
BC[stage1_datasets_L40_stepsweep/bc_baseline_none_steps20000_tr2]:  12%|█▏        | 2383/20000 [00:51<07:28, 39.30it/s, acc=0.301, device=mps, eta=6m21s, loss=2.0070, sps=46.7]
BC[stage1_datasets_L40_stepsweep/bc_baseline_none_steps20000_tr2]:  12%|█▏        | 2391/20000 [00:51<06:13, 47.11it/s, acc=0.301, device=mps, eta=6m21s, loss=2.0070, sps=46.7]
BC[stage1_datasets_L40_stepsweep/bc_baseline_none_steps20000_tr2]:  12%|█▏        | 2399/20000 [00:51<05:29, 53.44it/s, acc=0.301, device=mps, eta=6m21s, loss=2.0070, sps=46.7]
BC[stage1_datasets_L40_stepsweep/bc_baseline_none_steps20000_tr2]:  12%|█▏        | 2399/20000 [00:51<05:29, 53.44it/s, acc=0.302, device=mps, eta=6m16s, loss=2.0038, sps=46.8]
BC[stage1_datasets_L40_stepsweep/bc_baseline_none_steps20000_tr2]:  12%|█▏        | 2405/20000 [00:51<06:39, 44.01it/s, acc=0.302, device=mps, eta=6m16s, loss=2.0038, sps=46.8]
BC[stage1_datasets_L40_stepsweep/bc_baseline_none_steps20000_tr2]:  12%|█▏        | 2411/20000 [00:51<06:23, 45.84it/s, acc=0.302, device=mps, eta=6m16s, loss=2.0038, sps=46.8]
BC[stage1_datasets_L40_stepsweep/bc_baseline_none_steps20000_tr2]:  12%|█▏        | 2417/20000 [00:51<06:01, 48.62it/s, acc=0.302, device=mps, eta=6m16s, loss=2.0038, sps=46.8]
BC[stage1_datasets_L40_stepsweep/bc_baseline_none_steps20000_tr2]:  12%|█▏        | 2423/20000 [00:51<07:13, 40.59it/s, acc=0.302, device=mps, eta=6m16s, loss=2.0038, sps=46.8]
BC[stage1_datasets_L40_stepsweep/bc_baseline_none_steps20000_tr2]:  12%|█▏        | 2431/20000 [00:52<06:04, 48.19it/s, acc=0.302, device=mps, eta=6m16s, loss=2.0038, sps=46.8]
BC[stage1_datasets_L40_stepsweep/bc_baseline_none_steps20000_tr2]:  12%|█▏        | 2439/20000 [00:52<05:24, 54.17it/s, acc=0.302, device=mps, eta=6m16s, loss=2.0038, sps=46.8]
BC[stage1_datasets_L40_stepsweep/bc_baseline_none_steps20000_tr2]:  12%|█▏        | 2445/20000 [00:52<06:25, 45.52it/s, acc=0.302, device=mps, eta=6m16s, loss=2.0038, sps=46.8]
BC[stage1_datasets_L40_stepsweep/bc_baseline_none_steps20000_tr2]:  12%|█▏        | 2453/20000 [00:52<05:36, 52.16it/s, acc=0.302, device=mps, eta=6m16s, loss=2.0038, sps=46.8]
BC[stage1_datasets_L40_stepsweep/bc_baseline_none_steps20000_tr2]:  12%|█▏        | 2461/20000 [00:52<06:24, 45.60it/s, acc=0.302, device=mps, eta=6m16s, loss=2.0038, sps=46.8]
BC[stage1_datasets_L40_stepsweep/bc_baseline_none_steps20000_tr2]:  12%|█▏        | 2469/20000 [00:52<05:37, 52.00it/s, acc=0.302, device=mps, eta=6m16s, loss=2.0038, sps=46.8]
BC[stage1_datasets_L40_stepsweep/bc_baseline_none_steps20000_tr2]:  12%|█▏        | 2477/20000 [00:52<05:05, 57.30it/s, acc=0.302, device=mps, eta=6m16s, loss=2.0038, sps=46.8]
BC[stage1_datasets_L40_stepsweep/bc_baseline_none_steps20000_tr2]:  12%|█▏        | 2484/20000 [00:53<06:02, 48.30it/s, acc=0.302, device=mps, eta=6m16s, loss=2.0038, sps=46.8]
BC[stage1_datasets_L40_stepsweep/bc_baseline_none_steps20000_tr2]:  12%|█▏        | 2491/20000 [00:53<05:36, 51.97it/s, acc=0.302, device=mps, eta=6m16s, loss=2.0038, sps=46.8]
BC[stage1_datasets_L40_stepsweep/bc_baseline_none_steps20000_tr2]:  12%|█▏        | 2498/20000 [00:53<05:23, 54.10it/s, acc=0.302, device=mps, eta=6m16s, loss=2.0038, sps=46.8]
BC[stage1_datasets_L40_stepsweep/bc_baseline_none_steps20000_tr2]:  13%|█▎        | 2504/20000 [00:53<06:35, 44.19it/s, acc=0.302, device=mps, eta=6m16s, loss=2.0038, sps=46.8]
BC[stage1_datasets_L40_stepsweep/bc_baseline_none_steps20000_tr2]:  13%|█▎        | 2510/20000 [00:53<06:14, 46.69it/s, acc=0.302, device=mps, eta=6m16s, loss=2.0038, sps=46.8]
BC[stage1_datasets_L40_stepsweep/bc_baseline_none_steps20000_tr2]:  13%|█▎        | 2516/20000 [00:53<06:05, 47.87it/s, acc=0.302, device=mps, eta=6m16s, loss=2.0038, sps=46.8]
BC[stage1_datasets_L40_stepsweep/bc_baseline_none_steps20000_tr2]:  13%|█▎        | 2522/20000 [00:53<07:22, 39.49it/s, acc=0.302, device=mps, eta=6m16s, loss=2.0038, sps=46.8]
BC[stage1_datasets_L40_stepsweep/bc_baseline_none_steps20000_tr2]:  13%|█▎        | 2530/20000 [00:54<06:09, 47.30it/s, acc=0.302, device=mps, eta=6m16s, loss=2.0038, sps=46.8]
BC[stage1_datasets_L40_stepsweep/bc_baseline_none_steps20000_tr2]:  13%|█▎        | 2538/20000 [00:54<05:25, 53.63it/s, acc=0.302, device=mps, eta=6m16s, loss=2.0038, sps=46.8]
BC[stage1_datasets_L40_stepsweep/bc_baseline_none_steps20000_tr2]:  13%|█▎        | 2544/20000 [00:54<06:30, 44.74it/s, acc=0.302, device=mps, eta=6m16s, loss=2.0038, sps=46.8]
BC[stage1_datasets_L40_stepsweep/bc_baseline_none_steps20000_tr2]:  13%|█▎        | 2550/20000 [00:54<06:06, 47.63it/s, acc=0.302, device=mps, eta=6m16s, loss=2.0038, sps=46.8]
BC[stage1_datasets_L40_stepsweep/bc_baseline_none_steps20000_tr2]:  13%|█▎        | 2556/20000 [00:54<05:53, 49.39it/s, acc=0.302, device=mps, eta=6m16s, loss=2.0038, sps=46.8]
BC[stage1_datasets_L40_stepsweep/bc_baseline_none_steps20000_tr2]:  13%|█▎        | 2562/20000 [00:54<07:19, 39.64it/s, acc=0.302, device=mps, eta=6m16s, loss=2.0038, sps=46.8]
BC[stage1_datasets_L40_stepsweep/bc_baseline_none_steps20000_tr2]:  13%|█▎        | 2569/20000 [00:54<06:29, 44.78it/s, acc=0.302, device=mps, eta=6m16s, loss=2.0038, sps=46.8]
BC[stage1_datasets_L40_stepsweep/bc_baseline_none_steps20000_tr2]:  13%|█▎        | 2576/20000 [00:55<05:54, 49.20it/s, acc=0.302, device=mps, eta=6m16s, loss=2.0038, sps=46.8]
BC[stage1_datasets_L40_stepsweep/bc_baseline_none_steps20000_tr2]:  13%|█▎        | 2582/20000 [00:55<07:00, 41.42it/s, acc=0.302, device=mps, eta=6m16s, loss=2.0038, sps=46.8]
BC[stage1_datasets_L40_stepsweep/bc_baseline_none_steps20000_tr2]:  13%|█▎        | 2590/20000 [00:55<05:55, 48.99it/s, acc=0.302, device=mps, eta=6m16s, loss=2.0038, sps=46.8]
BC[stage1_datasets_L40_stepsweep/bc_baseline_none_steps20000_tr2]:  13%|█▎        | 2598/20000 [00:55<05:15, 55.20it/s, acc=0.302, device=mps, eta=6m16s, loss=2.0038, sps=46.8]
BC[stage1_datasets_L40_stepsweep/bc_baseline_none_steps20000_tr2]:  13%|█▎        | 2598/20000 [00:55<05:15, 55.20it/s, acc=0.302, device=mps, eta=6m11s, loss=2.0016, sps=46.8]
BC[stage1_datasets_L40_stepsweep/bc_baseline_none_steps20000_tr2]:  13%|█▎        | 2605/20000 [00:55<06:17, 46.07it/s, acc=0.302, device=mps, eta=6m11s, loss=2.0016, sps=46.8]
BC[stage1_datasets_L40_stepsweep/bc_baseline_none_steps20000_tr2]:  13%|█▎        | 2611/20000 [00:55<05:58, 48.48it/s, acc=0.302, device=mps, eta=6m11s, loss=2.0016, sps=46.8]
BC[stage1_datasets_L40_stepsweep/bc_baseline_none_steps20000_tr2]:  13%|█▎        | 2617/20000 [00:55<05:43, 50.62it/s, acc=0.302, device=mps, eta=6m11s, loss=2.0016, sps=46.8]
BC[stage1_datasets_L40_stepsweep/bc_baseline_none_steps20000_tr2]:  13%|█▎        | 2623/20000 [00:56<06:57, 41.63it/s, acc=0.302, device=mps, eta=6m11s, loss=2.0016, sps=46.8]
BC[stage1_datasets_L40_stepsweep/bc_baseline_none_steps20000_tr2]:  13%|█▎        | 2631/20000 [00:56<05:52, 49.31it/s, acc=0.302, device=mps, eta=6m11s, loss=2.0016, sps=46.8]
BC[stage1_datasets_L40_stepsweep/bc_baseline_none_steps20000_tr2]:  13%|█▎        | 2639/20000 [00:56<05:11, 55.74it/s, acc=0.302, device=mps, eta=6m11s, loss=2.0016, sps=46.8]
BC[stage1_datasets_L40_stepsweep/bc_baseline_none_steps20000_tr2]:  13%|█▎        | 2646/20000 [00:56<06:09, 46.95it/s, acc=0.302, device=mps, eta=6m11s, loss=2.0016, sps=46.8]
BC[stage1_datasets_L40_stepsweep/bc_baseline_none_steps20000_tr2]:  13%|█▎        | 2652/20000 [00:56<05:48, 49.72it/s, acc=0.302, device=mps, eta=6m11s, loss=2.0016, sps=46.8]
BC[stage1_datasets_L40_stepsweep/bc_baseline_none_steps20000_tr2]:  13%|█▎        | 2658/20000 [00:56<05:39, 51.12it/s, acc=0.302, device=mps, eta=6m11s, loss=2.0016, sps=46.8]
BC[stage1_datasets_L40_stepsweep/bc_baseline_none_steps20000_tr2]:  13%|█▎        | 2664/20000 [00:56<06:55, 41.77it/s, acc=0.302, device=mps, eta=6m11s, loss=2.0016, sps=46.8]
BC[stage1_datasets_L40_stepsweep/bc_baseline_none_steps20000_tr2]:  13%|█▎        | 2670/20000 [00:57<06:21, 45.40it/s, acc=0.302, device=mps, eta=6m11s, loss=2.0016, sps=46.8]
BC[stage1_datasets_L40_stepsweep/bc_baseline_none_steps20000_tr2]:  13%|█▎        | 2676/20000 [00:57<06:04, 47.47it/s, acc=0.302, device=mps, eta=6m11s, loss=2.0016, sps=46.8]
BC[stage1_datasets_L40_stepsweep/bc_baseline_none_steps20000_tr2]:  13%|█▎        | 2682/20000 [00:57<07:19, 39.44it/s, acc=0.302, device=mps, eta=6m11s, loss=2.0016, sps=46.8]
BC[stage1_datasets_L40_stepsweep/bc_baseline_none_steps20000_tr2]:  13%|█▎        | 2690/20000 [00:57<06:06, 47.29it/s, acc=0.302, device=mps, eta=6m11s, loss=2.0016, sps=46.8]
BC[stage1_datasets_L40_stepsweep/bc_baseline_none_steps20000_tr2]:  13%|█▎        | 2698/20000 [00:57<05:21, 53.80it/s, acc=0.302, device=mps, eta=6m11s, loss=2.0016, sps=46.8]
BC[stage1_datasets_L40_stepsweep/bc_baseline_none_steps20000_tr2]:  14%|█▎        | 2704/20000 [00:57<06:23, 45.15it/s, acc=0.302, device=mps, eta=6m11s, loss=2.0016, sps=46.8]
BC[stage1_datasets_L40_stepsweep/bc_baseline_none_steps20000_tr2]:  14%|█▎        | 2710/20000 [00:57<05:58, 48.17it/s, acc=0.302, device=mps, eta=6m11s, loss=2.0016, sps=46.8]
BC[stage1_datasets_L40_stepsweep/bc_baseline_none_steps20000_tr2]:  14%|█▎        | 2716/20000 [00:57<05:39, 50.93it/s, acc=0.302, device=mps, eta=6m11s, loss=2.0016, sps=46.8]
BC[stage1_datasets_L40_stepsweep/bc_baseline_none_steps20000_tr2]:  14%|█▎        | 2722/20000 [00:58<07:03, 40.79it/s, acc=0.302, device=mps, eta=6m11s, loss=2.0016, sps=46.8]
BC[stage1_datasets_L40_stepsweep/bc_baseline_none_steps20000_tr2]:  14%|█▎        | 2728/20000 [00:58<06:30, 44.19it/s, acc=0.302, device=mps, eta=6m11s, loss=2.0016, sps=46.8]
BC[stage1_datasets_L40_stepsweep/bc_baseline_none_steps20000_tr2]:  14%|█▎        | 2734/20000 [00:58<06:08, 46.82it/s, acc=0.302, device=mps, eta=6m11s, loss=2.0016, sps=46.8]
BC[stage1_datasets_L40_stepsweep/bc_baseline_none_steps20000_tr2]:  14%|█▎        | 2741/20000 [00:58<07:31, 38.19it/s, acc=0.302, device=mps, eta=6m11s, loss=2.0016, sps=46.8]
BC[stage1_datasets_L40_stepsweep/bc_baseline_none_steps20000_tr2]:  14%|█▎        | 2749/20000 [00:58<06:15, 45.96it/s, acc=0.302, device=mps, eta=6m11s, loss=2.0016, sps=46.8]
BC[stage1_datasets_L40_stepsweep/bc_baseline_none_steps20000_tr2]:  14%|█▍        | 2757/20000 [00:58<05:28, 52.45it/s, acc=0.302, device=mps, eta=6m11s, loss=2.0016, sps=46.8]
BC[stage1_datasets_L40_stepsweep/bc_baseline_none_steps20000_tr2]:  14%|█▍        | 2763/20000 [00:59<06:26, 44.58it/s, acc=0.302, device=mps, eta=6m11s, loss=2.0016, sps=46.8]
BC[stage1_datasets_L40_stepsweep/bc_baseline_none_steps20000_tr2]:  14%|█▍        | 2770/20000 [00:59<05:55, 48.45it/s, acc=0.302, device=mps, eta=6m11s, loss=2.0016, sps=46.8]
BC[stage1_datasets_L40_stepsweep/bc_baseline_none_steps20000_tr2]:  14%|█▍        | 2776/20000 [00:59<05:40, 50.53it/s, acc=0.302, device=mps, eta=6m11s, loss=2.0016, sps=46.8]
BC[stage1_datasets_L40_stepsweep/bc_baseline_none_steps20000_tr2]:  14%|█▍        | 2782/20000 [00:59<06:59, 41.07it/s, acc=0.302, device=mps, eta=6m11s, loss=2.0016, sps=46.8]
BC[stage1_datasets_L40_stepsweep/bc_baseline_none_steps20000_tr2]:  14%|█▍        | 2790/20000 [00:59<05:53, 48.67it/s, acc=0.302, device=mps, eta=6m11s, loss=2.0016, sps=46.8]
BC[stage1_datasets_L40_stepsweep/bc_baseline_none_steps20000_tr2]:  14%|█▍        | 2798/20000 [00:59<05:13, 54.80it/s, acc=0.302, device=mps, eta=6m11s, loss=2.0016, sps=46.8]
BC[stage1_datasets_L40_stepsweep/bc_baseline_none_steps20000_tr2]:  14%|█▍        | 2798/20000 [00:59<05:13, 54.80it/s, acc=0.300, device=mps, eta=6m07s, loss=2.0066, sps=46.8]
BC[stage1_datasets_L40_stepsweep/bc_baseline_none_steps20000_tr2]:  14%|█▍        | 2805/20000 [00:59<06:19, 45.33it/s, acc=0.300, device=mps, eta=6m07s, loss=2.0066, sps=46.8]
BC[stage1_datasets_L40_stepsweep/bc_baseline_none_steps20000_tr2]:  14%|█▍        | 2811/20000 [01:00<06:02, 47.45it/s, acc=0.300, device=mps, eta=6m07s, loss=2.0066, sps=46.8]
BC[stage1_datasets_L40_stepsweep/bc_baseline_none_steps20000_tr2]:  14%|█▍        | 2817/20000 [01:00<05:50, 49.07it/s, acc=0.300, device=mps, eta=6m07s, loss=2.0066, sps=46.8]
BC[stage1_datasets_L40_stepsweep/bc_baseline_none_steps20000_tr2]:  14%|█▍        | 2823/20000 [01:00<06:56, 41.20it/s, acc=0.300, device=mps, eta=6m07s, loss=2.0066, sps=46.8]
BC[stage1_datasets_L40_stepsweep/bc_baseline_none_steps20000_tr2]:  14%|█▍        | 2829/20000 [01:00<06:25, 44.52it/s, acc=0.300, device=mps, eta=6m07s, loss=2.0066, sps=46.8]
BC[stage1_datasets_L40_stepsweep/bc_baseline_none_steps20000_tr2]:  14%|█▍        | 2836/20000 [01:00<05:50, 48.94it/s, acc=0.300, device=mps, eta=6m07s, loss=2.0066, sps=46.8]
BC[stage1_datasets_L40_stepsweep/bc_baseline_none_steps20000_tr2]:  14%|█▍        | 2842/20000 [01:00<06:56, 41.19it/s, acc=0.300, device=mps, eta=6m07s, loss=2.0066, sps=46.8]
BC[stage1_datasets_L40_stepsweep/bc_baseline_none_steps20000_tr2]:  14%|█▍        | 2850/20000 [01:00<05:51, 48.79it/s, acc=0.300, device=mps, eta=6m07s, loss=2.0066, sps=46.8]
BC[stage1_datasets_L40_stepsweep/bc_baseline_none_steps20000_tr2]:  14%|█▍        | 2858/20000 [01:01<05:12, 54.82it/s, acc=0.300, device=mps, eta=6m07s, loss=2.0066, sps=46.8]
BC[stage1_datasets_L40_stepsweep/bc_baseline_none_steps20000_tr2]:  14%|█▍        | 2864/20000 [01:01<06:14, 45.74it/s, acc=0.300, device=mps, eta=6m07s, loss=2.0066, sps=46.8]
BC[stage1_datasets_L40_stepsweep/bc_baseline_none_steps20000_tr2]:  14%|█▍        | 2870/20000 [01:01<05:53, 48.51it/s, acc=0.300, device=mps, eta=6m07s, loss=2.0066, sps=46.8]
BC[stage1_datasets_L40_stepsweep/bc_baseline_none_steps20000_tr2]:  14%|█▍        | 2876/20000 [01:01<05:38, 50.62it/s, acc=0.300, device=mps, eta=6m07s, loss=2.0066, sps=46.8]
BC[stage1_datasets_L40_stepsweep/bc_baseline_none_steps20000_tr2]:  14%|█▍        | 2882/20000 [01:01<06:56, 41.15it/s, acc=0.300, device=mps, eta=6m07s, loss=2.0066, sps=46.8]
BC[stage1_datasets_L40_stepsweep/bc_baseline_none_steps20000_tr2]:  14%|█▍        | 2890/20000 [01:01<05:50, 48.75it/s, acc=0.300, device=mps, eta=6m07s, loss=2.0066, sps=46.8]
BC[stage1_datasets_L40_stepsweep/bc_baseline_none_steps20000_tr2]:  14%|█▍        | 2898/20000 [01:01<05:10, 55.14it/s, acc=0.300, device=mps, eta=6m07s, loss=2.0066, sps=46.8]
BC[stage1_datasets_L40_stepsweep/bc_baseline_none_steps20000_tr2]:  15%|█▍        | 2905/20000 [01:02<06:04, 46.88it/s, acc=0.300, device=mps, eta=6m07s, loss=2.0066, sps=46.8]
BC[stage1_datasets_L40_stepsweep/bc_baseline_none_steps20000_tr2]:  15%|█▍        | 2912/20000 [01:02<05:36, 50.83it/s, acc=0.300, device=mps, eta=6m07s, loss=2.0066, sps=46.8]
BC[stage1_datasets_L40_stepsweep/bc_baseline_none_steps20000_tr2]:  15%|█▍        | 2919/20000 [01:02<05:19, 53.46it/s, acc=0.300, device=mps, eta=6m07s, loss=2.0066, sps=46.8]
BC[stage1_datasets_L40_stepsweep/bc_baseline_none_steps20000_tr2]:  15%|█▍        | 2925/20000 [01:02<06:31, 43.57it/s, acc=0.300, device=mps, eta=6m07s, loss=2.0066, sps=46.8]
BC[stage1_datasets_L40_stepsweep/bc_baseline_none_steps20000_tr2]:  15%|█▍        | 2931/20000 [01:02<06:04, 46.77it/s, acc=0.300, device=mps, eta=6m07s, loss=2.0066, sps=46.8]
BC[stage1_datasets_L40_stepsweep/bc_baseline_none_steps20000_tr2]:  15%|█▍        | 2938/20000 [01:02<05:35, 50.88it/s, acc=0.300, device=mps, eta=6m07s, loss=2.0066, sps=46.8]
BC[stage1_datasets_L40_stepsweep/bc_baseline_none_steps20000_tr2]:  15%|█▍        | 2944/20000 [01:02<06:36, 43.06it/s, acc=0.300, device=mps, eta=6m07s, loss=2.0066, sps=46.8]
BC[stage1_datasets_L40_stepsweep/bc_baseline_none_steps20000_tr2]:  15%|█▍        | 2952/20000 [01:03<05:38, 50.30it/s, acc=0.300, device=mps, eta=6m07s, loss=2.0066, sps=46.8]
BC[stage1_datasets_L40_stepsweep/bc_baseline_none_steps20000_tr2]:  15%|█▍        | 2960/20000 [01:03<05:00, 56.77it/s, acc=0.300, device=mps, eta=6m07s, loss=2.0066, sps=46.8]
BC[stage1_datasets_L40_stepsweep/bc_baseline_none_steps20000_tr2]:  15%|█▍        | 2967/20000 [01:03<06:08, 46.24it/s, acc=0.300, device=mps, eta=6m07s, loss=2.0066, sps=46.8]
BC[stage1_datasets_L40_stepsweep/bc_baseline_none_steps20000_tr2]:  15%|█▍        | 2973/20000 [01:03<05:49, 48.71it/s, acc=0.300, device=mps, eta=6m07s, loss=2.0066, sps=46.8]
BC[stage1_datasets_L40_stepsweep/bc_baseline_none_steps20000_tr2]:  15%|█▍        | 2979/20000 [01:03<05:34, 50.91it/s, acc=0.300, device=mps, eta=6m07s, loss=2.0066, sps=46.8]
BC[stage1_datasets_L40_stepsweep/bc_baseline_none_steps20000_tr2]:  15%|█▍        | 2985/20000 [01:03<06:41, 42.38it/s, acc=0.300, device=mps, eta=6m07s, loss=2.0066, sps=46.8]
BC[stage1_datasets_L40_stepsweep/bc_baseline_none_steps20000_tr2]:  15%|█▍        | 2991/20000 [01:03<06:20, 44.74it/s, acc=0.300, device=mps, eta=6m07s, loss=2.0066, sps=46.8]
BC[stage1_datasets_L40_stepsweep/bc_baseline_none_steps20000_tr2]:  15%|█▍        | 2997/20000 [01:03<05:59, 47.24it/s, acc=0.300, device=mps, eta=6m07s, loss=2.0066, sps=46.8]
BC[stage1_datasets_L40_stepsweep/bc_baseline_none_steps20000_tr2]:  15%|█▍        | 2997/20000 [01:04<05:59, 47.24it/s, acc=0.308, device=mps, eta=6m03s, loss=1.9943, sps=46.9]
BC[stage1_datasets_L40_stepsweep/bc_baseline_none_steps20000_tr2]:  15%|█▌        | 3003/20000 [01:04<07:04, 40.07it/s, acc=0.308, device=mps, eta=6m03s, loss=1.9943, sps=46.9]
BC[stage1_datasets_L40_stepsweep/bc_baseline_none_steps20000_tr2]:  15%|█▌        | 3010/20000 [01:04<06:16, 45.17it/s, acc=0.308, device=mps, eta=6m03s, loss=1.9943, sps=46.9]
BC[stage1_datasets_L40_stepsweep/bc_baseline_none_steps20000_tr2]:  15%|█▌        | 3017/20000 [01:04<05:42, 49.58it/s, acc=0.308, device=mps, eta=6m03s, loss=1.9943, sps=46.9]
BC[stage1_datasets_L40_stepsweep/bc_baseline_none_steps20000_tr2]:  15%|█▌        | 3023/20000 [01:04<06:46, 41.72it/s, acc=0.308, device=mps, eta=6m03s, loss=1.9943, sps=46.9]
BC[stage1_datasets_L40_stepsweep/bc_baseline_none_steps20000_tr2]:  15%|█▌        | 3031/20000 [01:04<05:43, 49.37it/s, acc=0.308, device=mps, eta=6m03s, loss=1.9943, sps=46.9]
BC[stage1_datasets_L40_stepsweep/bc_baseline_none_steps20000_tr2]:  15%|█▌        | 3039/20000 [01:04<05:06, 55.40it/s, acc=0.308, device=mps, eta=6m03s, loss=1.9943, sps=46.9]
BC[stage1_datasets_L40_stepsweep/bc_baseline_none_steps20000_tr2]:  15%|█▌        | 3046/20000 [01:05<06:08, 46.01it/s, acc=0.308, device=mps, eta=6m03s, loss=1.9943, sps=46.9]
BC[stage1_datasets_L40_stepsweep/bc_baseline_none_steps20000_tr2]:  15%|█▌        | 3052/20000 [01:05<05:51, 48.23it/s, acc=0.308, device=mps, eta=6m03s, loss=1.9943, sps=46.9]
BC[stage1_datasets_L40_stepsweep/bc_baseline_none_steps20000_tr2]:  15%|█▌        | 3059/20000 [01:05<05:29, 51.38it/s, acc=0.308, device=mps, eta=6m03s, loss=1.9943, sps=46.9]
BC[stage1_datasets_L40_stepsweep/bc_baseline_none_steps20000_tr2]:  15%|█▌        | 3065/20000 [01:05<06:39, 42.40it/s, acc=0.308, device=mps, eta=6m03s, loss=1.9943, sps=46.9]
BC[stage1_datasets_L40_stepsweep/bc_baseline_none_steps20000_tr2]:  15%|█▌        | 3071/20000 [01:05<06:15, 45.12it/s, acc=0.308, device=mps, eta=6m03s, loss=1.9943, sps=46.9]
BC[stage1_datasets_L40_stepsweep/bc_baseline_none_steps20000_tr2]:  15%|█▌        | 3078/20000 [01:05<05:39, 49.78it/s, acc=0.308, device=mps, eta=6m03s, loss=1.9943, sps=46.9]
BC[stage1_datasets_L40_stepsweep/bc_baseline_none_steps20000_tr2]:  15%|█▌        | 3084/20000 [01:05<06:34, 42.87it/s, acc=0.308, device=mps, eta=6m03s, loss=1.9943, sps=46.9]
BC[stage1_datasets_L40_stepsweep/bc_baseline_none_steps20000_tr2]:  15%|█▌        | 3092/20000 [01:05<05:34, 50.53it/s, acc=0.308, device=mps, eta=6m03s, loss=1.9943, sps=46.9]
BC[stage1_datasets_L40_stepsweep/bc_baseline_none_steps20000_tr2]:  16%|█▌        | 3101/20000 [01:06<06:09, 45.76it/s, acc=0.308, device=mps, eta=6m03s, loss=1.9943, sps=46.9]
BC[stage1_datasets_L40_stepsweep/bc_baseline_none_steps20000_tr2]:  16%|█▌        | 3108/20000 [01:06<05:42, 49.34it/s, acc=0.308, device=mps, eta=6m03s, loss=1.9943, sps=46.9]
BC[stage1_datasets_L40_stepsweep/bc_baseline_none_steps20000_tr2]:  16%|█▌        | 3115/20000 [01:06<05:19, 52.81it/s, acc=0.308, device=mps, eta=6m03s, loss=1.9943, sps=46.9]
BC[stage1_datasets_L40_stepsweep/bc_baseline_none_steps20000_tr2]:  16%|█▌        | 3121/20000 [01:06<06:20, 44.39it/s, acc=0.308, device=mps, eta=6m03s, loss=1.9943, sps=46.9]
BC[stage1_datasets_L40_stepsweep/bc_baseline_none_steps20000_tr2]:  16%|█▌        | 3129/20000 [01:06<05:28, 51.35it/s, acc=0.308, device=mps, eta=6m03s, loss=1.9943, sps=46.9]
BC[stage1_datasets_L40_stepsweep/bc_baseline_none_steps20000_tr2]:  16%|█▌        | 3137/20000 [01:06<04:54, 57.34it/s, acc=0.308, device=mps, eta=6m03s, loss=1.9943, sps=46.9]
BC[stage1_datasets_L40_stepsweep/bc_baseline_none_steps20000_tr2]:  16%|█▌        | 3144/20000 [01:07<05:52, 47.75it/s, acc=0.308, device=mps, eta=6m03s, loss=1.9943, sps=46.9]
BC[stage1_datasets_L40_stepsweep/bc_baseline_none_steps20000_tr2]:  16%|█▌        | 3152/20000 [01:07<05:12, 53.98it/s, acc=0.308, device=mps, eta=6m03s, loss=1.9943, sps=46.9]
BC[stage1_datasets_L40_stepsweep/bc_baseline_none_steps20000_tr2]:  16%|█▌        | 3160/20000 [01:07<04:40, 60.07it/s, acc=0.308, device=mps, eta=6m03s, loss=1.9943, sps=46.9]
BC[stage1_datasets_L40_stepsweep/bc_baseline_none_steps20000_tr2]:  16%|█▌        | 3167/20000 [01:07<05:46, 48.58it/s, acc=0.308, device=mps, eta=6m03s, loss=1.9943, sps=46.9]
BC[stage1_datasets_L40_stepsweep/bc_baseline_none_steps20000_tr2]:  16%|█▌        | 3174/20000 [01:07<05:24, 51.79it/s, acc=0.308, device=mps, eta=6m03s, loss=1.9943, sps=46.9]
BC[stage1_datasets_L40_stepsweep/bc_baseline_none_steps20000_tr2]:  16%|█▌        | 3181/20000 [01:07<06:30, 43.09it/s, acc=0.308, device=mps, eta=6m03s, loss=1.9943, sps=46.9]
BC[stage1_datasets_L40_stepsweep/bc_baseline_none_steps20000_tr2]:  16%|█▌        | 3189/20000 [01:07<05:36, 49.90it/s, acc=0.308, device=mps, eta=6m03s, loss=1.9943, sps=46.9]
BC[stage1_datasets_L40_stepsweep/bc_baseline_none_steps20000_tr2]:  16%|█▌        | 3197/20000 [01:08<04:59, 56.09it/s, acc=0.308, device=mps, eta=6m03s, loss=1.9943, sps=46.9]
BC[stage1_datasets_L40_stepsweep/bc_baseline_none_steps20000_tr2]:  16%|█▌        | 3197/20000 [01:08<04:59, 56.09it/s, acc=0.298, device=mps, eta=5m57s, loss=2.0129, sps=47.0]
BC[stage1_datasets_L40_stepsweep/bc_baseline_none_steps20000_tr2]:  16%|█▌        | 3204/20000 [01:08<05:50, 47.90it/s, acc=0.298, device=mps, eta=5m57s, loss=2.0129, sps=47.0]
BC[stage1_datasets_L40_stepsweep/bc_baseline_none_steps20000_tr2]:  16%|█▌        | 3211/20000 [01:08<05:25, 51.61it/s, acc=0.298, device=mps, eta=5m57s, loss=2.0129, sps=47.0]
BC[stage1_datasets_L40_stepsweep/bc_baseline_none_steps20000_tr2]:  16%|█▌        | 3218/20000 [01:08<05:11, 53.91it/s, acc=0.298, device=mps, eta=5m57s, loss=2.0129, sps=47.0]
BC[stage1_datasets_L40_stepsweep/bc_baseline_none_steps20000_tr2]:  16%|█▌        | 3224/20000 [01:08<06:16, 44.51it/s, acc=0.298, device=mps, eta=5m57s, loss=2.0129, sps=47.0]
BC[stage1_datasets_L40_stepsweep/bc_baseline_none_steps20000_tr2]:  16%|█▌        | 3232/20000 [01:08<05:25, 51.49it/s, acc=0.298, device=mps, eta=5m57s, loss=2.0129, sps=47.0]
BC[stage1_datasets_L40_stepsweep/bc_baseline_none_steps20000_tr2]:  16%|█▌        | 3241/20000 [01:08<06:04, 46.00it/s, acc=0.298, device=mps, eta=5m57s, loss=2.0129, sps=47.0]
BC[stage1_datasets_L40_stepsweep/bc_baseline_none_steps20000_tr2]:  16%|█▌        | 3247/20000 [01:09<05:55, 47.18it/s, acc=0.298, device=mps, eta=5m57s, loss=2.0129, sps=47.0]
BC[stage1_datasets_L40_stepsweep/bc_baseline_none_steps20000_tr2]:  16%|█▋        | 3254/20000 [01:09<05:29, 50.84it/s, acc=0.298, device=mps, eta=5m57s, loss=2.0129, sps=47.0]
BC[stage1_datasets_L40_stepsweep/bc_baseline_none_steps20000_tr2]:  16%|█▋        | 3261/20000 [01:09<06:26, 43.30it/s, acc=0.298, device=mps, eta=5m57s, loss=2.0129, sps=47.0]
BC[stage1_datasets_L40_stepsweep/bc_baseline_none_steps20000_tr2]:  16%|█▋        | 3267/20000 [01:09<06:07, 45.49it/s, acc=0.298, device=mps, eta=5m57s, loss=2.0129, sps=47.0]
BC[stage1_datasets_L40_stepsweep/bc_baseline_none_steps20000_tr2]:  16%|█▋        | 3273/20000 [01:09<05:48, 47.93it/s, acc=0.298, device=mps, eta=5m57s, loss=2.0129, sps=47.0]
BC[stage1_datasets_L40_stepsweep/bc_baseline_none_steps20000_tr2]:  16%|█▋        | 3280/20000 [01:09<05:16, 52.82it/s, acc=0.298, device=mps, eta=5m57s, loss=2.0129, sps=47.0]
BC[stage1_datasets_L40_stepsweep/bc_baseline_none_steps20000_tr2]:  16%|█▋        | 3286/20000 [01:09<06:23, 43.55it/s, acc=0.298, device=mps, eta=5m57s, loss=2.0129, sps=47.0]
BC[stage1_datasets_L40_stepsweep/bc_baseline_none_steps20000_tr2]:  16%|█▋        | 3294/20000 [01:10<05:31, 50.34it/s, acc=0.298, device=mps, eta=5m57s, loss=2.0129, sps=47.0]
BC[stage1_datasets_L40_stepsweep/bc_baseline_none_steps20000_tr2]:  17%|█▋        | 3301/20000 [01:10<06:25, 43.28it/s, acc=0.298, device=mps, eta=5m57s, loss=2.0129, sps=47.0]
BC[stage1_datasets_L40_stepsweep/bc_baseline_none_steps20000_tr2]:  17%|█▋        | 3308/20000 [01:10<05:53, 47.21it/s, acc=0.298, device=mps, eta=5m57s, loss=2.0129, sps=47.0]
BC[stage1_datasets_L40_stepsweep/bc_baseline_none_steps20000_tr2]:  17%|█▋        | 3315/20000 [01:10<05:25, 51.20it/s, acc=0.298, device=mps, eta=5m57s, loss=2.0129, sps=47.0]
BC[stage1_datasets_L40_stepsweep/bc_baseline_none_steps20000_tr2]:  17%|█▋        | 3321/20000 [01:10<06:32, 42.50it/s, acc=0.298, device=mps, eta=5m57s, loss=2.0129, sps=47.0]
BC[stage1_datasets_L40_stepsweep/bc_baseline_none_steps20000_tr2]:  17%|█▋        | 3327/20000 [01:10<06:10, 45.02it/s, acc=0.298, device=mps, eta=5m57s, loss=2.0129, sps=47.0]
BC[stage1_datasets_L40_stepsweep/bc_baseline_none_steps20000_tr2]:  17%|█▋        | 3334/20000 [01:10<05:38, 49.30it/s, acc=0.298, device=mps, eta=5m57s, loss=2.0129, sps=47.0]
BC[stage1_datasets_L40_stepsweep/bc_baseline_none_steps20000_tr2]:  17%|█▋        | 3340/20000 [01:11<05:22, 51.73it/s, acc=0.298, device=mps, eta=5m57s, loss=2.0129, sps=47.0]
BC[stage1_datasets_L40_stepsweep/bc_baseline_none_steps20000_tr2]:  17%|█▋        | 3346/20000 [01:11<06:16, 44.19it/s, acc=0.298, device=mps, eta=5m57s, loss=2.0129, sps=47.0]
BC[stage1_datasets_L40_stepsweep/bc_baseline_none_steps20000_tr2]:  17%|█▋        | 3355/20000 [01:11<05:11, 53.46it/s, acc=0.298, device=mps, eta=5m57s, loss=2.0129, sps=47.0]
BC[stage1_datasets_L40_stepsweep/bc_baseline_none_steps20000_tr2]:  17%|█▋        | 3361/20000 [01:11<06:10, 44.93it/s, acc=0.298, device=mps, eta=5m57s, loss=2.0129, sps=47.0]
BC[stage1_datasets_L40_stepsweep/bc_baseline_none_steps20000_tr2]:  17%|█▋        | 3367/20000 [01:11<06:05, 45.45it/s, acc=0.298, device=mps, eta=5m57s, loss=2.0129, sps=47.0]
BC[stage1_datasets_L40_stepsweep/bc_baseline_none_steps20000_tr2]:  17%|█▋        | 3373/20000 [01:11<05:44, 48.26it/s, acc=0.298, device=mps, eta=5m57s, loss=2.0129, sps=47.0]
BC[stage1_datasets_L40_stepsweep/bc_baseline_none_steps20000_tr2]:  17%|█▋        | 3381/20000 [01:12<06:35, 42.04it/s, acc=0.298, device=mps, eta=5m57s, loss=2.0129, sps=47.0]
BC[stage1_datasets_L40_stepsweep/bc_baseline_none_steps20000_tr2]:  17%|█▋        | 3388/20000 [01:12<05:59, 46.14it/s, acc=0.298, device=mps, eta=5m57s, loss=2.0129, sps=47.0]
BC[stage1_datasets_L40_stepsweep/bc_baseline_none_steps20000_tr2]:  17%|█▋        | 3394/20000 [01:12<05:39, 48.84it/s, acc=0.298, device=mps, eta=5m57s, loss=2.0129, sps=47.0]
BC[stage1_datasets_L40_stepsweep/bc_baseline_none_steps20000_tr2]:  17%|█▋        | 3394/20000 [01:12<05:39, 48.84it/s, acc=0.302, device=mps, eta=5m53s, loss=1.9993, sps=47.0]
BC[stage1_datasets_L40_stepsweep/bc_baseline_none_steps20000_tr2]:  17%|█▋        | 3401/20000 [01:12<06:29, 42.61it/s, acc=0.302, device=mps, eta=5m53s, loss=1.9993, sps=47.0]
BC[stage1_datasets_L40_stepsweep/bc_baseline_none_steps20000_tr2]:  17%|█▋        | 3408/20000 [01:12<05:47, 47.74it/s, acc=0.302, device=mps, eta=5m53s, loss=1.9993, sps=47.0]
BC[stage1_datasets_L40_stepsweep/bc_baseline_none_steps20000_tr2]:  17%|█▋        | 3416/20000 [01:12<05:06, 54.08it/s, acc=0.302, device=mps, eta=5m53s, loss=1.9993, sps=47.0]
BC[stage1_datasets_L40_stepsweep/bc_baseline_none_steps20000_tr2]:  17%|█▋        | 3422/20000 [01:12<06:12, 44.53it/s, acc=0.302, device=mps, eta=5m53s, loss=1.9993, sps=47.0]
BC[stage1_datasets_L40_stepsweep/bc_baseline_none_steps20000_tr2]:  17%|█▋        | 3428/20000 [01:12<06:00, 45.99it/s, acc=0.302, device=mps, eta=5m53s, loss=1.9993, sps=47.0]
BC[stage1_datasets_L40_stepsweep/bc_baseline_none_steps20000_tr2]:  17%|█▋        | 3435/20000 [01:13<05:29, 50.26it/s, acc=0.302, device=mps, eta=5m53s, loss=1.9993, sps=47.0]
BC[stage1_datasets_L40_stepsweep/bc_baseline_none_steps20000_tr2]:  17%|█▋        | 3441/20000 [01:13<06:33, 42.04it/s, acc=0.302, device=mps, eta=5m53s, loss=1.9993, sps=47.0]
BC[stage1_datasets_L40_stepsweep/bc_baseline_none_steps20000_tr2]:  17%|█▋        | 3448/20000 [01:13<05:56, 46.39it/s, acc=0.302, device=mps, eta=5m53s, loss=1.9993, sps=47.0]
BC[stage1_datasets_L40_stepsweep/bc_baseline_none_steps20000_tr2]:  17%|█▋        | 3454/20000 [01:13<05:38, 48.91it/s, acc=0.302, device=mps, eta=5m53s, loss=1.9993, sps=47.0]
BC[stage1_datasets_L40_stepsweep/bc_baseline_none_steps20000_tr2]:  17%|█▋        | 3461/20000 [01:13<06:40, 41.26it/s, acc=0.302, device=mps, eta=5m53s, loss=1.9993, sps=47.0]
BC[stage1_datasets_L40_stepsweep/bc_baseline_none_steps20000_tr2]:  17%|█▋        | 3467/20000 [01:13<06:05, 45.19it/s, acc=0.302, device=mps, eta=5m53s, loss=1.9993, sps=47.0]
BC[stage1_datasets_L40_stepsweep/bc_baseline_none_steps20000_tr2]:  17%|█▋        | 3473/20000 [01:13<05:58, 46.11it/s, acc=0.302, device=mps, eta=5m53s, loss=1.9993, sps=47.0]
BC[stage1_datasets_L40_stepsweep/bc_baseline_none_steps20000_tr2]:  17%|█▋        | 3480/20000 [01:14<05:24, 50.95it/s, acc=0.302, device=mps, eta=5m53s, loss=1.9993, sps=47.0]
BC[stage1_datasets_L40_stepsweep/bc_baseline_none_steps20000_tr2]:  17%|█▋        | 3486/20000 [01:14<06:29, 42.44it/s, acc=0.302, device=mps, eta=5m53s, loss=1.9993, sps=47.0]
BC[stage1_datasets_L40_stepsweep/bc_baseline_none_steps20000_tr2]:  17%|█▋        | 3493/20000 [01:14<05:40, 48.44it/s, acc=0.302, device=mps, eta=5m53s, loss=1.9993, sps=47.0]
BC[stage1_datasets_L40_stepsweep/bc_baseline_none_steps20000_tr2]:  18%|█▊        | 3501/20000 [01:14<06:20, 43.34it/s, acc=0.302, device=mps, eta=5m53s, loss=1.9993, sps=47.0]
BC[stage1_datasets_L40_stepsweep/bc_baseline_none_steps20000_tr2]:  18%|█▊        | 3509/20000 [01:14<05:27, 50.40it/s, acc=0.302, device=mps, eta=5m53s, loss=1.9993, sps=47.0]
BC[stage1_datasets_L40_stepsweep/bc_baseline_none_steps20000_tr2]:  18%|█▊        | 3517/20000 [01:14<04:53, 56.23it/s, acc=0.302, device=mps, eta=5m53s, loss=1.9993, sps=47.0]
BC[stage1_datasets_L40_stepsweep/bc_baseline_none_steps20000_tr2]:  18%|█▊        | 3524/20000 [01:15<05:49, 47.18it/s, acc=0.302, device=mps, eta=5m53s, loss=1.9993, sps=47.0]
BC[stage1_datasets_L40_stepsweep/bc_baseline_none_steps20000_tr2]:  18%|█▊        | 3532/20000 [01:15<05:07, 53.53it/s, acc=0.302, device=mps, eta=5m53s, loss=1.9993, sps=47.0]
BC[stage1_datasets_L40_stepsweep/bc_baseline_none_steps20000_tr2]:  18%|█▊        | 3541/20000 [01:15<05:49, 47.12it/s, acc=0.302, device=mps, eta=5m53s, loss=1.9993, sps=47.0]
BC[stage1_datasets_L40_stepsweep/bc_baseline_none_steps20000_tr2]:  18%|█▊        | 3548/20000 [01:15<05:28, 50.03it/s, acc=0.302, device=mps, eta=5m53s, loss=1.9993, sps=47.0]
BC[stage1_datasets_L40_stepsweep/bc_baseline_none_steps20000_tr2]:  18%|█▊        | 3555/20000 [01:15<05:10, 52.97it/s, acc=0.302, device=mps, eta=5m53s, loss=1.9993, sps=47.0]
BC[stage1_datasets_L40_stepsweep/bc_baseline_none_steps20000_tr2]:  18%|█▊        | 3561/20000 [01:15<06:14, 43.86it/s, acc=0.302, device=mps, eta=5m53s, loss=1.9993, sps=47.0]
BC[stage1_datasets_L40_stepsweep/bc_baseline_none_steps20000_tr2]:  18%|█▊        | 3569/20000 [01:15<05:22, 50.98it/s, acc=0.302, device=mps, eta=5m53s, loss=1.9993, sps=47.0]
BC[stage1_datasets_L40_stepsweep/bc_baseline_none_steps20000_tr2]:  18%|█▊        | 3577/20000 [01:15<04:47, 57.03it/s, acc=0.302, device=mps, eta=5m53s, loss=1.9993, sps=47.0]
BC[stage1_datasets_L40_stepsweep/bc_baseline_none_steps20000_tr2]:  18%|█▊        | 3584/20000 [01:16<05:59, 45.65it/s, acc=0.302, device=mps, eta=5m53s, loss=1.9993, sps=47.0]
BC[stage1_datasets_L40_stepsweep/bc_baseline_none_steps20000_tr2]:  18%|█▊        | 3590/20000 [01:16<05:49, 46.91it/s, acc=0.302, device=mps, eta=5m53s, loss=1.9993, sps=47.0]
BC[stage1_datasets_L40_stepsweep/bc_baseline_none_steps20000_tr2]:  18%|█▊        | 3597/20000 [01:16<05:23, 50.69it/s, acc=0.302, device=mps, eta=5m53s, loss=1.9993, sps=47.0]
BC[stage1_datasets_L40_stepsweep/bc_baseline_none_steps20000_tr2]:  18%|█▊        | 3597/20000 [01:16<05:23, 50.69it/s, acc=0.301, device=mps, eta=5m49s, loss=2.0061, sps=47.1]
BC[stage1_datasets_L40_stepsweep/bc_baseline_none_steps20000_tr2]:  18%|█▊        | 3603/20000 [01:16<06:17, 43.43it/s, acc=0.301, device=mps, eta=5m49s, loss=2.0061, sps=47.1]
BC[stage1_datasets_L40_stepsweep/bc_baseline_none_steps20000_tr2]:  18%|█▊        | 3611/20000 [01:16<05:24, 50.50it/s, acc=0.301, device=mps, eta=5m49s, loss=2.0061, sps=47.1]
BC[stage1_datasets_L40_stepsweep/bc_baseline_none_steps20000_tr2]:  18%|█▊        | 3619/20000 [01:16<04:46, 57.20it/s, acc=0.301, device=mps, eta=5m49s, loss=2.0061, sps=47.1]
BC[stage1_datasets_L40_stepsweep/bc_baseline_none_steps20000_tr2]:  18%|█▊        | 3626/20000 [01:17<05:36, 48.61it/s, acc=0.301, device=mps, eta=5m49s, loss=2.0061, sps=47.1]
BC[stage1_datasets_L40_stepsweep/bc_baseline_none_steps20000_tr2]:  18%|█▊        | 3634/20000 [01:17<04:58, 54.81it/s, acc=0.301, device=mps, eta=5m49s, loss=2.0061, sps=47.1]
BC[stage1_datasets_L40_stepsweep/bc_baseline_none_steps20000_tr2]:  18%|█▊        | 3641/20000 [01:17<05:53, 46.34it/s, acc=0.301, device=mps, eta=5m49s, loss=2.0061, sps=47.1]
BC[stage1_datasets_L40_stepsweep/bc_baseline_none_steps20000_tr2]:  18%|█▊        | 3649/20000 [01:17<05:09, 52.85it/s, acc=0.301, device=mps, eta=5m49s, loss=2.0061, sps=47.1]
BC[stage1_datasets_L40_stepsweep/bc_baseline_none_steps20000_tr2]:  18%|█▊        | 3657/20000 [01:17<04:39, 58.38it/s, acc=0.301, device=mps, eta=5m49s, loss=2.0061, sps=47.1]
BC[stage1_datasets_L40_stepsweep/bc_baseline_none_steps20000_tr2]:  18%|█▊        | 3664/20000 [01:17<05:34, 48.83it/s, acc=0.301, device=mps, eta=5m49s, loss=2.0061, sps=47.1]
BC[stage1_datasets_L40_stepsweep/bc_baseline_none_steps20000_tr2]:  18%|█▊        | 3671/20000 [01:17<05:14, 51.96it/s, acc=0.301, device=mps, eta=5m49s, loss=2.0061, sps=47.1]
BC[stage1_datasets_L40_stepsweep/bc_baseline_none_steps20000_tr2]:  18%|█▊        | 3678/20000 [01:18<05:01, 54.18it/s, acc=0.301, device=mps, eta=5m49s, loss=2.0061, sps=47.1]
BC[stage1_datasets_L40_stepsweep/bc_baseline_none_steps20000_tr2]:  18%|█▊        | 3684/20000 [01:18<06:08, 44.30it/s, acc=0.301, device=mps, eta=5m49s, loss=2.0061, sps=47.1]
BC[stage1_datasets_L40_stepsweep/bc_baseline_none_steps20000_tr2]:  18%|█▊        | 3690/20000 [01:18<05:47, 46.93it/s, acc=0.301, device=mps, eta=5m49s, loss=2.0061, sps=47.1]
BC[stage1_datasets_L40_stepsweep/bc_baseline_none_steps20000_tr2]:  18%|█▊        | 3696/20000 [01:18<05:33, 48.94it/s, acc=0.301, device=mps, eta=5m49s, loss=2.0061, sps=47.1]
BC[stage1_datasets_L40_stepsweep/bc_baseline_none_steps20000_tr2]:  19%|█▊        | 3702/20000 [01:18<06:44, 40.31it/s, acc=0.301, device=mps, eta=5m49s, loss=2.0061, sps=47.1]
BC[stage1_datasets_L40_stepsweep/bc_baseline_none_steps20000_tr2]:  19%|█▊        | 3710/20000 [01:18<05:36, 48.42it/s, acc=0.301, device=mps, eta=5m49s, loss=2.0061, sps=47.1]
BC[stage1_datasets_L40_stepsweep/bc_baseline_none_steps20000_tr2]:  19%|█▊        | 3718/20000 [01:18<04:55, 55.08it/s, acc=0.301, device=mps, eta=5m49s, loss=2.0061, sps=47.1]
BC[stage1_datasets_L40_stepsweep/bc_baseline_none_steps20000_tr2]:  19%|█▊        | 3725/20000 [01:19<05:47, 46.81it/s, acc=0.301, device=mps, eta=5m49s, loss=2.0061, sps=47.1]
BC[stage1_datasets_L40_stepsweep/bc_baseline_none_steps20000_tr2]:  19%|█▊        | 3732/20000 [01:19<05:20, 50.75it/s, acc=0.301, device=mps, eta=5m49s, loss=2.0061, sps=47.1]
BC[stage1_datasets_L40_stepsweep/bc_baseline_none_steps20000_tr2]:  19%|█▊        | 3739/20000 [01:19<05:00, 54.06it/s, acc=0.301, device=mps, eta=5m49s, loss=2.0061, sps=47.1]
BC[stage1_datasets_L40_stepsweep/bc_baseline_none_steps20000_tr2]:  19%|█▊        | 3745/20000 [01:19<06:05, 44.43it/s, acc=0.301, device=mps, eta=5m49s, loss=2.0061, sps=47.1]
BC[stage1_datasets_L40_stepsweep/bc_baseline_none_steps20000_tr2]:  19%|█▉        | 3752/20000 [01:19<05:35, 48.44it/s, acc=0.301, device=mps, eta=5m49s, loss=2.0061, sps=47.1]
BC[stage1_datasets_L40_stepsweep/bc_baseline_none_steps20000_tr2]:  19%|█▉        | 3759/20000 [01:19<05:12, 51.94it/s, acc=0.301, device=mps, eta=5m49s, loss=2.0061, sps=47.1]
BC[stage1_datasets_L40_stepsweep/bc_baseline_none_steps20000_tr2]:  19%|█▉        | 3765/20000 [01:19<06:17, 42.98it/s, acc=0.301, device=mps, eta=5m49s, loss=2.0061, sps=47.1]
BC[stage1_datasets_L40_stepsweep/bc_baseline_none_steps20000_tr2]:  19%|█▉        | 3771/20000 [01:20<05:48, 46.62it/s, acc=0.301, device=mps, eta=5m49s, loss=2.0061, sps=47.1]
BC[stage1_datasets_L40_stepsweep/bc_baseline_none_steps20000_tr2]:  19%|█▉        | 3778/20000 [01:20<05:20, 50.58it/s, acc=0.301, device=mps, eta=5m49s, loss=2.0061, sps=47.1]
BC[stage1_datasets_L40_stepsweep/bc_baseline_none_steps20000_tr2]:  19%|█▉        | 3784/20000 [01:20<06:22, 42.38it/s, acc=0.301, device=mps, eta=5m49s, loss=2.0061, sps=47.1]
BC[stage1_datasets_L40_stepsweep/bc_baseline_none_steps20000_tr2]:  19%|█▉        | 3790/20000 [01:20<05:51, 46.11it/s, acc=0.301, device=mps, eta=5m49s, loss=2.0061, sps=47.1]
BC[stage1_datasets_L40_stepsweep/bc_baseline_none_steps20000_tr2]:  19%|█▉        | 3797/20000 [01:20<05:22, 50.17it/s, acc=0.301, device=mps, eta=5m49s, loss=2.0061, sps=47.1]
BC[stage1_datasets_L40_stepsweep/bc_baseline_none_steps20000_tr2]:  19%|█▉        | 3797/20000 [01:20<05:22, 50.17it/s, acc=0.304, device=mps, eta=5m44s, loss=1.9976, sps=47.1]
BC[stage1_datasets_L40_stepsweep/bc_baseline_none_steps20000_tr2]:  19%|█▉        | 3803/20000 [01:20<06:22, 42.38it/s, acc=0.304, device=mps, eta=5m44s, loss=1.9976, sps=47.1]
BC[stage1_datasets_L40_stepsweep/bc_baseline_none_steps20000_tr2]:  19%|█▉        | 3810/20000 [01:20<05:43, 47.16it/s, acc=0.304, device=mps, eta=5m44s, loss=1.9976, sps=47.1]
BC[stage1_datasets_L40_stepsweep/bc_baseline_none_steps20000_tr2]:  19%|█▉        | 3817/20000 [01:20<05:17, 50.95it/s, acc=0.304, device=mps, eta=5m44s, loss=1.9976, sps=47.1]
BC[stage1_datasets_L40_stepsweep/bc_baseline_none_steps20000_tr2]:  19%|█▉        | 3823/20000 [01:21<06:26, 41.86it/s, acc=0.304, device=mps, eta=5m44s, loss=1.9976, sps=47.1]
BC[stage1_datasets_L40_stepsweep/bc_baseline_none_steps20000_tr2]:  19%|█▉        | 3831/20000 [01:21<05:26, 49.53it/s, acc=0.304, device=mps, eta=5m44s, loss=1.9976, sps=47.1]
BC[stage1_datasets_L40_stepsweep/bc_baseline_none_steps20000_tr2]:  19%|█▉        | 3839/20000 [01:21<04:48, 56.01it/s, acc=0.304, device=mps, eta=5m44s, loss=1.9976, sps=47.1]
BC[stage1_datasets_L40_stepsweep/bc_baseline_none_steps20000_tr2]:  19%|█▉        | 3846/20000 [01:21<05:43, 47.02it/s, acc=0.304, device=mps, eta=5m44s, loss=1.9976, sps=47.1]
BC[stage1_datasets_L40_stepsweep/bc_baseline_none_steps20000_tr2]:  19%|█▉        | 3853/20000 [01:21<05:20, 50.36it/s, acc=0.304, device=mps, eta=5m44s, loss=1.9976, sps=47.1]
BC[stage1_datasets_L40_stepsweep/bc_baseline_none_steps20000_tr2]:  19%|█▉        | 3859/20000 [01:21<05:07, 52.47it/s, acc=0.304, device=mps, eta=5m44s, loss=1.9976, sps=47.1]
BC[stage1_datasets_L40_stepsweep/bc_baseline_none_steps20000_tr2]:  19%|█▉        | 3865/20000 [01:22<06:15, 43.00it/s, acc=0.304, device=mps, eta=5m44s, loss=1.9976, sps=47.1]
BC[stage1_datasets_L40_stepsweep/bc_baseline_none_steps20000_tr2]:  19%|█▉        | 3871/20000 [01:22<05:49, 46.15it/s, acc=0.304, device=mps, eta=5m44s, loss=1.9976, sps=47.1]
BC[stage1_datasets_L40_stepsweep/bc_baseline_none_steps20000_tr2]:  19%|█▉        | 3877/20000 [01:22<05:33, 48.41it/s, acc=0.304, device=mps, eta=5m44s, loss=1.9976, sps=47.1]
BC[stage1_datasets_L40_stepsweep/bc_baseline_none_steps20000_tr2]:  19%|█▉        | 3883/20000 [01:22<06:42, 40.09it/s, acc=0.304, device=mps, eta=5m44s, loss=1.9976, sps=47.1]
BC[stage1_datasets_L40_stepsweep/bc_baseline_none_steps20000_tr2]:  19%|█▉        | 3891/20000 [01:22<05:32, 48.38it/s, acc=0.304, device=mps, eta=5m44s, loss=1.9976, sps=47.1]
BC[stage1_datasets_L40_stepsweep/bc_baseline_none_steps20000_tr2]:  19%|█▉        | 3899/20000 [01:22<04:49, 55.59it/s, acc=0.304, device=mps, eta=5m44s, loss=1.9976, sps=47.1]
BC[stage1_datasets_L40_stepsweep/bc_baseline_none_steps20000_tr2]:  20%|█▉        | 3906/20000 [01:22<05:43, 46.83it/s, acc=0.304, device=mps, eta=5m44s, loss=1.9976, sps=47.1]
BC[stage1_datasets_L40_stepsweep/bc_baseline_none_steps20000_tr2]:  20%|█▉        | 3913/20000 [01:22<05:15, 50.94it/s, acc=0.304, device=mps, eta=5m44s, loss=1.9976, sps=47.1]
BC[stage1_datasets_L40_stepsweep/bc_baseline_none_steps20000_tr2]:  20%|█▉        | 3920/20000 [01:23<04:56, 54.15it/s, acc=0.304, device=mps, eta=5m44s, loss=1.9976, sps=47.1]
BC[stage1_datasets_L40_stepsweep/bc_baseline_none_steps20000_tr2]:  20%|█▉        | 3926/20000 [01:23<06:16, 42.71it/s, acc=0.304, device=mps, eta=5m44s, loss=1.9976, sps=47.1]
BC[stage1_datasets_L40_stepsweep/bc_baseline_none_steps20000_tr2]:  20%|█▉        | 3932/20000 [01:23<05:53, 45.44it/s, acc=0.304, device=mps, eta=5m44s, loss=1.9976, sps=47.1]
BC[stage1_datasets_L40_stepsweep/bc_baseline_none_steps20000_tr2]:  20%|█▉        | 3939/20000 [01:23<05:25, 49.39it/s, acc=0.304, device=mps, eta=5m44s, loss=1.9976, sps=47.1]
BC[stage1_datasets_L40_stepsweep/bc_baseline_none_steps20000_tr2]:  20%|█▉        | 3945/20000 [01:23<06:22, 41.98it/s, acc=0.304, device=mps, eta=5m44s, loss=1.9976, sps=47.1]
BC[stage1_datasets_L40_stepsweep/bc_baseline_none_steps20000_tr2]:  20%|█▉        | 3952/20000 [01:23<05:42, 46.83it/s, acc=0.304, device=mps, eta=5m44s, loss=1.9976, sps=47.1]
BC[stage1_datasets_L40_stepsweep/bc_baseline_none_steps20000_tr2]:  20%|█▉        | 3959/20000 [01:23<05:16, 50.71it/s, acc=0.304, device=mps, eta=5m44s, loss=1.9976, sps=47.1]
BC[stage1_datasets_L40_stepsweep/bc_baseline_none_steps20000_tr2]:  20%|█▉        | 3965/20000 [01:24<06:20, 42.18it/s, acc=0.304, device=mps, eta=5m44s, loss=1.9976, sps=47.1]
BC[stage1_datasets_L40_stepsweep/bc_baseline_none_steps20000_tr2]:  20%|█▉        | 3971/20000 [01:24<05:51, 45.63it/s, acc=0.304, device=mps, eta=5m44s, loss=1.9976, sps=47.1]
BC[stage1_datasets_L40_stepsweep/bc_baseline_none_steps20000_tr2]:  20%|█▉        | 3977/20000 [01:24<05:32, 48.24it/s, acc=0.304, device=mps, eta=5m44s, loss=1.9976, sps=47.1]
BC[stage1_datasets_L40_stepsweep/bc_baseline_none_steps20000_tr2]:  20%|█▉        | 3983/20000 [01:24<06:39, 40.09it/s, acc=0.304, device=mps, eta=5m44s, loss=1.9976, sps=47.1]
BC[stage1_datasets_L40_stepsweep/bc_baseline_none_steps20000_tr2]:  20%|█▉        | 3989/20000 [01:24<06:07, 43.60it/s, acc=0.304, device=mps, eta=5m44s, loss=1.9976, sps=47.1]
BC[stage1_datasets_L40_stepsweep/bc_baseline_none_steps20000_tr2]:  20%|█▉        | 3995/20000 [01:24<05:41, 46.85it/s, acc=0.304, device=mps, eta=5m44s, loss=1.9976, sps=47.1]
BC[stage1_datasets_L40_stepsweep/bc_baseline_none_steps20000_tr2]:  20%|█▉        | 3995/20000 [01:24<05:41, 46.85it/s, acc=0.303, device=mps, eta=5m40s, loss=2.0056, sps=47.1]
BC[stage1_datasets_L40_stepsweep/bc_baseline_none_steps20000_tr2]:  20%|██        | 4001/20000 [01:24<06:40, 39.99it/s, acc=0.303, device=mps, eta=5m40s, loss=2.0056, sps=47.1]
BC[stage1_datasets_L40_stepsweep/bc_baseline_none_steps20000_tr2]:  20%|██        | 4007/20000 [01:25<06:01, 44.25it/s, acc=0.303, device=mps, eta=5m40s, loss=2.0056, sps=47.1]
BC[stage1_datasets_L40_stepsweep/bc_baseline_none_steps20000_tr2]:  20%|██        | 4013/20000 [01:25<05:37, 47.38it/s, acc=0.303, device=mps, eta=5m40s, loss=2.0056, sps=47.1]
BC[stage1_datasets_L40_stepsweep/bc_baseline_none_steps20000_tr2]:  20%|██        | 4019/20000 [01:25<05:20, 49.90it/s, acc=0.303, device=mps, eta=5m40s, loss=2.0056, sps=47.1]
BC[stage1_datasets_L40_stepsweep/bc_baseline_none_steps20000_tr2]:  20%|██        | 4025/20000 [01:25<06:30, 40.96it/s, acc=0.303, device=mps, eta=5m40s, loss=2.0056, sps=47.1]
BC[stage1_datasets_L40_stepsweep/bc_baseline_none_steps20000_tr2]:  20%|██        | 4031/20000 [01:25<05:59, 44.40it/s, acc=0.303, device=mps, eta=5m40s, loss=2.0056, sps=47.1]
BC[stage1_datasets_L40_stepsweep/bc_baseline_none_steps20000_tr2]:  20%|██        | 4038/20000 [01:25<05:26, 48.89it/s, acc=0.303, device=mps, eta=5m40s, loss=2.0056, sps=47.1]
BC[stage1_datasets_L40_stepsweep/bc_baseline_none_steps20000_tr2]:  20%|██        | 4044/20000 [01:25<06:24, 41.54it/s, acc=0.303, device=mps, eta=5m40s, loss=2.0056, sps=47.1]
BC[stage1_datasets_L40_stepsweep/bc_baseline_none_steps20000_tr2]:  20%|██        | 4052/20000 [01:26<05:23, 49.26it/s, acc=0.303, device=mps, eta=5m40s, loss=2.0056, sps=47.1]
BC[stage1_datasets_L40_stepsweep/bc_baseline_none_steps20000_tr2]:  20%|██        | 4060/20000 [01:26<04:45, 55.91it/s, acc=0.303, device=mps, eta=5m40s, loss=2.0056, sps=47.1]
BC[stage1_datasets_L40_stepsweep/bc_baseline_none_steps20000_tr2]:  20%|██        | 4067/20000 [01:26<05:51, 45.28it/s, acc=0.303, device=mps, eta=5m40s, loss=2.0056, sps=47.1]
BC[stage1_datasets_L40_stepsweep/bc_baseline_none_steps20000_tr2]:  20%|██        | 4073/20000 [01:26<05:30, 48.14it/s, acc=0.303, device=mps, eta=5m40s, loss=2.0056, sps=47.1]
BC[stage1_datasets_L40_stepsweep/bc_baseline_none_steps20000_tr2]:  20%|██        | 4079/20000 [01:26<05:18, 49.97it/s, acc=0.303, device=mps, eta=5m40s, loss=2.0056, sps=47.1]
BC[stage1_datasets_L40_stepsweep/bc_baseline_none_steps20000_tr2]:  20%|██        | 4085/20000 [01:26<06:38, 39.96it/s, acc=0.303, device=mps, eta=5m40s, loss=2.0056, sps=47.1]
BC[stage1_datasets_L40_stepsweep/bc_baseline_none_steps20000_tr2]:  20%|██        | 4091/20000 [01:26<06:08, 43.21it/s, acc=0.303, device=mps, eta=5m40s, loss=2.0056, sps=47.1]
BC[stage1_datasets_L40_stepsweep/bc_baseline_none_steps20000_tr2]:  20%|██        | 4097/20000 [01:27<05:40, 46.76it/s, acc=0.303, device=mps, eta=5m40s, loss=2.0056, sps=47.1]
BC[stage1_datasets_L40_stepsweep/bc_baseline_none_steps20000_tr2]:  21%|██        | 4103/20000 [01:27<06:48, 38.90it/s, acc=0.303, device=mps, eta=5m40s, loss=2.0056, sps=47.1]
BC[stage1_datasets_L40_stepsweep/bc_baseline_none_steps20000_tr2]:  21%|██        | 4109/20000 [01:27<06:06, 43.37it/s, acc=0.303, device=mps, eta=5m40s, loss=2.0056, sps=47.1]
BC[stage1_datasets_L40_stepsweep/bc_baseline_none_steps20000_tr2]:  21%|██        | 4116/20000 [01:27<05:27, 48.51it/s, acc=0.303, device=mps, eta=5m40s, loss=2.0056, sps=47.1]
BC[stage1_datasets_L40_stepsweep/bc_baseline_none_steps20000_tr2]:  21%|██        | 4122/20000 [01:27<06:28, 40.84it/s, acc=0.303, device=mps, eta=5m40s, loss=2.0056, sps=47.1]
BC[stage1_datasets_L40_stepsweep/bc_baseline_none_steps20000_tr2]:  21%|██        | 4130/20000 [01:27<05:26, 48.65it/s, acc=0.303, device=mps, eta=5m40s, loss=2.0056, sps=47.1]
BC[stage1_datasets_L40_stepsweep/bc_baseline_none_steps20000_tr2]:  21%|██        | 4138/20000 [01:27<04:48, 54.96it/s, acc=0.303, device=mps, eta=5m40s, loss=2.0056, sps=47.1]
BC[stage1_datasets_L40_stepsweep/bc_baseline_none_steps20000_tr2]:  21%|██        | 4145/20000 [01:28<05:44, 46.04it/s, acc=0.303, device=mps, eta=5m40s, loss=2.0056, sps=47.1]
BC[stage1_datasets_L40_stepsweep/bc_baseline_none_steps20000_tr2]:  21%|██        | 4151/20000 [01:28<05:24, 48.78it/s, acc=0.303, device=mps, eta=5m40s, loss=2.0056, sps=47.1]
BC[stage1_datasets_L40_stepsweep/bc_baseline_none_steps20000_tr2]:  21%|██        | 4157/20000 [01:28<05:11, 50.82it/s, acc=0.303, device=mps, eta=5m40s, loss=2.0056, sps=47.1]
BC[stage1_datasets_L40_stepsweep/bc_baseline_none_steps20000_tr2]:  21%|██        | 4163/20000 [01:28<06:12, 42.50it/s, acc=0.303, device=mps, eta=5m40s, loss=2.0056, sps=47.1]
BC[stage1_datasets_L40_stepsweep/bc_baseline_none_steps20000_tr2]:  21%|██        | 4171/20000 [01:28<05:16, 49.95it/s, acc=0.303, device=mps, eta=5m40s, loss=2.0056, sps=47.1]
BC[stage1_datasets_L40_stepsweep/bc_baseline_none_steps20000_tr2]:  21%|██        | 4179/20000 [01:28<04:43, 55.73it/s, acc=0.303, device=mps, eta=5m40s, loss=2.0056, sps=47.1]
BC[stage1_datasets_L40_stepsweep/bc_baseline_none_steps20000_tr2]:  21%|██        | 4186/20000 [01:28<05:43, 45.98it/s, acc=0.303, device=mps, eta=5m40s, loss=2.0056, sps=47.1]
BC[stage1_datasets_L40_stepsweep/bc_baseline_none_steps20000_tr2]:  21%|██        | 4192/20000 [01:29<05:24, 48.68it/s, acc=0.303, device=mps, eta=5m40s, loss=2.0056, sps=47.1]
BC[stage1_datasets_L40_stepsweep/bc_baseline_none_steps20000_tr2]:  21%|██        | 4198/20000 [01:29<05:17, 49.69it/s, acc=0.303, device=mps, eta=5m40s, loss=2.0056, sps=47.1]
BC[stage1_datasets_L40_stepsweep/bc_baseline_none_steps20000_tr2]:  21%|██        | 4198/20000 [01:29<05:17, 49.69it/s, acc=0.304, device=mps, eta=5m35s, loss=1.9971, sps=47.1]
BC[stage1_datasets_L40_stepsweep/bc_baseline_none_steps20000_tr2]:  21%|██        | 4204/20000 [01:29<06:19, 41.60it/s, acc=0.304, device=mps, eta=5m35s, loss=1.9971, sps=47.1]
BC[stage1_datasets_L40_stepsweep/bc_baseline_none_steps20000_tr2]:  21%|██        | 4210/20000 [01:29<05:56, 44.33it/s, acc=0.304, device=mps, eta=5m35s, loss=1.9971, sps=47.1]
BC[stage1_datasets_L40_stepsweep/bc_baseline_none_steps20000_tr2]:  21%|██        | 4216/20000 [01:29<05:33, 47.28it/s, acc=0.304, device=mps, eta=5m35s, loss=1.9971, sps=47.1]
BC[stage1_datasets_L40_stepsweep/bc_baseline_none_steps20000_tr2]:  21%|██        | 4222/20000 [01:29<06:38, 39.59it/s, acc=0.304, device=mps, eta=5m35s, loss=1.9971, sps=47.1]
BC[stage1_datasets_L40_stepsweep/bc_baseline_none_steps20000_tr2]:  21%|██        | 4230/20000 [01:29<05:27, 48.11it/s, acc=0.304, device=mps, eta=5m35s, loss=1.9971, sps=47.1]
BC[stage1_datasets_L40_stepsweep/bc_baseline_none_steps20000_tr2]:  21%|██        | 4238/20000 [01:29<04:44, 55.41it/s, acc=0.304, device=mps, eta=5m35s, loss=1.9971, sps=47.1]
BC[stage1_datasets_L40_stepsweep/bc_baseline_none_steps20000_tr2]:  21%|██        | 4245/20000 [01:30<05:32, 47.32it/s, acc=0.304, device=mps, eta=5m35s, loss=1.9971, sps=47.1]
BC[stage1_datasets_L40_stepsweep/bc_baseline_none_steps20000_tr2]:  21%|██▏       | 4252/20000 [01:30<05:01, 52.22it/s, acc=0.304, device=mps, eta=5m35s, loss=1.9971, sps=47.1]
BC[stage1_datasets_L40_stepsweep/bc_baseline_none_steps20000_tr2]:  21%|██▏       | 4259/20000 [01:30<04:42, 55.80it/s, acc=0.304, device=mps, eta=5m35s, loss=1.9971, sps=47.1]
BC[stage1_datasets_L40_stepsweep/bc_baseline_none_steps20000_tr2]:  21%|██▏       | 4266/20000 [01:30<05:46, 45.36it/s, acc=0.304, device=mps, eta=5m35s, loss=1.9971, sps=47.1]
BC[stage1_datasets_L40_stepsweep/bc_baseline_none_steps20000_tr2]:  21%|██▏       | 4273/20000 [01:30<05:21, 48.95it/s, acc=0.304, device=mps, eta=5m35s, loss=1.9971, sps=47.1]
BC[stage1_datasets_L40_stepsweep/bc_baseline_none_steps20000_tr2]:  21%|██▏       | 4279/20000 [01:30<05:05, 51.41it/s, acc=0.304, device=mps, eta=5m35s, loss=1.9971, sps=47.1]
BC[stage1_datasets_L40_stepsweep/bc_baseline_none_steps20000_tr2]:  21%|██▏       | 4285/20000 [01:31<06:10, 42.41it/s, acc=0.304, device=mps, eta=5m35s, loss=1.9971, sps=47.1]
BC[stage1_datasets_L40_stepsweep/bc_baseline_none_steps20000_tr2]:  21%|██▏       | 4291/20000 [01:31<05:49, 44.95it/s, acc=0.304, device=mps, eta=5m35s, loss=1.9971, sps=47.1]
BC[stage1_datasets_L40_stepsweep/bc_baseline_none_steps20000_tr2]:  21%|██▏       | 4297/20000 [01:31<05:29, 47.67it/s, acc=0.304, device=mps, eta=5m35s, loss=1.9971, sps=47.1]
BC[stage1_datasets_L40_stepsweep/bc_baseline_none_steps20000_tr2]:  22%|██▏       | 4303/20000 [01:31<06:39, 39.26it/s, acc=0.304, device=mps, eta=5m35s, loss=1.9971, sps=47.1]
BC[stage1_datasets_L40_stepsweep/bc_baseline_none_steps20000_tr2]:  22%|██▏       | 4309/20000 [01:31<06:07, 42.68it/s, acc=0.304, device=mps, eta=5m35s, loss=1.9971, sps=47.1]
BC[stage1_datasets_L40_stepsweep/bc_baseline_none_steps20000_tr2]:  22%|██▏       | 4315/20000 [01:31<05:38, 46.40it/s, acc=0.304, device=mps, eta=5m35s, loss=1.9971, sps=47.1]
BC[stage1_datasets_L40_stepsweep/bc_baseline_none_steps20000_tr2]:  22%|██▏       | 4321/20000 [01:31<06:39, 39.20it/s, acc=0.304, device=mps, eta=5m35s, loss=1.9971, sps=47.1]
BC[stage1_datasets_L40_stepsweep/bc_baseline_none_steps20000_tr2]:  22%|██▏       | 4327/20000 [01:32<06:12, 42.12it/s, acc=0.304, device=mps, eta=5m35s, loss=1.9971, sps=47.1]
BC[stage1_datasets_L40_stepsweep/bc_baseline_none_steps20000_tr2]:  22%|██▏       | 4334/20000 [01:32<05:32, 47.15it/s, acc=0.304, device=mps, eta=5m35s, loss=1.9971, sps=47.1]
BC[stage1_datasets_L40_stepsweep/bc_baseline_none_steps20000_tr2]:  22%|██▏       | 4341/20000 [01:32<06:23, 40.86it/s, acc=0.304, device=mps, eta=5m35s, loss=1.9971, sps=47.1]
BC[stage1_datasets_L40_stepsweep/bc_baseline_none_steps20000_tr2]:  22%|██▏       | 4347/20000 [01:32<05:59, 43.55it/s, acc=0.304, device=mps, eta=5m35s, loss=1.9971, sps=47.1]
BC[stage1_datasets_L40_stepsweep/bc_baseline_none_steps20000_tr2]:  22%|██▏       | 4353/20000 [01:32<05:38, 46.26it/s, acc=0.304, device=mps, eta=5m35s, loss=1.9971, sps=47.1]
BC[stage1_datasets_L40_stepsweep/bc_baseline_none_steps20000_tr2]:  22%|██▏       | 4359/20000 [01:32<05:15, 49.56it/s, acc=0.304, device=mps, eta=5m35s, loss=1.9971, sps=47.1]
BC[stage1_datasets_L40_stepsweep/bc_baseline_none_steps20000_tr2]:  22%|██▏       | 4365/20000 [01:32<06:20, 41.12it/s, acc=0.304, device=mps, eta=5m35s, loss=1.9971, sps=47.1]
BC[stage1_datasets_L40_stepsweep/bc_baseline_none_steps20000_tr2]:  22%|██▏       | 4371/20000 [01:32<05:45, 45.29it/s, acc=0.304, device=mps, eta=5m35s, loss=1.9971, sps=47.1]
BC[stage1_datasets_L40_stepsweep/bc_baseline_none_steps20000_tr2]:  22%|██▏       | 4378/20000 [01:33<05:15, 49.54it/s, acc=0.304, device=mps, eta=5m35s, loss=1.9971, sps=47.1]
BC[stage1_datasets_L40_stepsweep/bc_baseline_none_steps20000_tr2]:  22%|██▏       | 4384/20000 [01:33<06:12, 41.87it/s, acc=0.304, device=mps, eta=5m35s, loss=1.9971, sps=47.1]
BC[stage1_datasets_L40_stepsweep/bc_baseline_none_steps20000_tr2]:  22%|██▏       | 4392/20000 [01:33<05:14, 49.59it/s, acc=0.304, device=mps, eta=5m35s, loss=1.9971, sps=47.1]
BC[stage1_datasets_L40_stepsweep/bc_baseline_none_steps20000_tr2]:  22%|██▏       | 4392/20000 [01:33<05:14, 49.59it/s, acc=0.304, device=mps, eta=5m32s, loss=2.0017, sps=47.1]
BC[stage1_datasets_L40_stepsweep/bc_baseline_none_steps20000_tr2]:  22%|██▏       | 4401/20000 [01:33<05:38, 46.05it/s, acc=0.304, device=mps, eta=5m32s, loss=2.0017, sps=47.1]
BC[stage1_datasets_L40_stepsweep/bc_baseline_none_steps20000_tr2]:  22%|██▏       | 4408/20000 [01:33<05:11, 50.05it/s, acc=0.304, device=mps, eta=5m32s, loss=2.0017, sps=47.1]
BC[stage1_datasets_L40_stepsweep/bc_baseline_none_steps20000_tr2]:  22%|██▏       | 4415/20000 [01:33<04:55, 52.77it/s, acc=0.304, device=mps, eta=5m32s, loss=2.0017, sps=47.1]
BC[stage1_datasets_L40_stepsweep/bc_baseline_none_steps20000_tr2]:  22%|██▏       | 4421/20000 [01:34<06:07, 42.39it/s, acc=0.304, device=mps, eta=5m32s, loss=2.0017, sps=47.1]
BC[stage1_datasets_L40_stepsweep/bc_baseline_none_steps20000_tr2]:  22%|██▏       | 4428/20000 [01:34<05:23, 48.13it/s, acc=0.304, device=mps, eta=5m32s, loss=2.0017, sps=47.1]
BC[stage1_datasets_L40_stepsweep/bc_baseline_none_steps20000_tr2]:  22%|██▏       | 4434/20000 [01:34<05:20, 48.55it/s, acc=0.304, device=mps, eta=5m32s, loss=2.0017, sps=47.1]
BC[stage1_datasets_L40_stepsweep/bc_baseline_none_steps20000_tr2]:  22%|██▏       | 4441/20000 [01:34<06:20, 40.87it/s, acc=0.304, device=mps, eta=5m32s, loss=2.0017, sps=47.1]
BC[stage1_datasets_L40_stepsweep/bc_baseline_none_steps20000_tr2]:  22%|██▏       | 4447/20000 [01:34<05:47, 44.70it/s, acc=0.304, device=mps, eta=5m32s, loss=2.0017, sps=47.1]
BC[stage1_datasets_L40_stepsweep/bc_baseline_none_steps20000_tr2]:  22%|██▏       | 4453/20000 [01:34<05:26, 47.60it/s, acc=0.304, device=mps, eta=5m32s, loss=2.0017, sps=47.1]
BC[stage1_datasets_L40_stepsweep/bc_baseline_none_steps20000_tr2]:  22%|██▏       | 4460/20000 [01:34<04:53, 52.88it/s, acc=0.304, device=mps, eta=5m32s, loss=2.0017, sps=47.1]
BC[stage1_datasets_L40_stepsweep/bc_baseline_none_steps20000_tr2]:  22%|██▏       | 4466/20000 [01:35<05:55, 43.65it/s, acc=0.304, device=mps, eta=5m32s, loss=2.0017, sps=47.1]
BC[stage1_datasets_L40_stepsweep/bc_baseline_none_steps20000_tr2]:  22%|██▏       | 4474/20000 [01:35<05:05, 50.90it/s, acc=0.304, device=mps, eta=5m32s, loss=2.0017, sps=47.1]
BC[stage1_datasets_L40_stepsweep/bc_baseline_none_steps20000_tr2]:  22%|██▏       | 4481/20000 [01:35<05:49, 44.36it/s, acc=0.304, device=mps, eta=5m32s, loss=2.0017, sps=47.1]
BC[stage1_datasets_L40_stepsweep/bc_baseline_none_steps20000_tr2]:  22%|██▏       | 4489/20000 [01:35<05:02, 51.35it/s, acc=0.304, device=mps, eta=5m32s, loss=2.0017, sps=47.1]
BC[stage1_datasets_L40_stepsweep/bc_baseline_none_steps20000_tr2]:  22%|██▏       | 4497/20000 [01:35<04:30, 57.27it/s, acc=0.304, device=mps, eta=5m32s, loss=2.0017, sps=47.1]
BC[stage1_datasets_L40_stepsweep/bc_baseline_none_steps20000_tr2]:  23%|██▎       | 4504/20000 [01:35<05:25, 47.59it/s, acc=0.304, device=mps, eta=5m32s, loss=2.0017, sps=47.1]
BC[stage1_datasets_L40_stepsweep/bc_baseline_none_steps20000_tr2]:  23%|██▎       | 4512/20000 [01:35<04:47, 53.86it/s, acc=0.304, device=mps, eta=5m32s, loss=2.0017, sps=47.1]
BC[stage1_datasets_L40_stepsweep/bc_baseline_none_steps20000_tr2]:  23%|██▎       | 4520/20000 [01:35<04:19, 59.74it/s, acc=0.304, device=mps, eta=5m32s, loss=2.0017, sps=47.1]
BC[stage1_datasets_L40_stepsweep/bc_baseline_none_steps20000_tr2]:  23%|██▎       | 4527/20000 [01:36<05:17, 48.77it/s, acc=0.304, device=mps, eta=5m32s, loss=2.0017, sps=47.1]
BC[stage1_datasets_L40_stepsweep/bc_baseline_none_steps20000_tr2]:  23%|██▎       | 4534/20000 [01:36<04:56, 52.25it/s, acc=0.304, device=mps, eta=5m32s, loss=2.0017, sps=47.1]
BC[stage1_datasets_L40_stepsweep/bc_baseline_none_steps20000_tr2]:  23%|██▎       | 4541/20000 [01:36<05:49, 44.22it/s, acc=0.304, device=mps, eta=5m32s, loss=2.0017, sps=47.1]
BC[stage1_datasets_L40_stepsweep/bc_baseline_none_steps20000_tr2]:  23%|██▎       | 4549/20000 [01:36<05:03, 50.89it/s, acc=0.304, device=mps, eta=5m32s, loss=2.0017, sps=47.1]
BC[stage1_datasets_L40_stepsweep/bc_baseline_none_steps20000_tr2]:  23%|██▎       | 4557/20000 [01:36<04:32, 56.60it/s, acc=0.304, device=mps, eta=5m32s, loss=2.0017, sps=47.1]
BC[stage1_datasets_L40_stepsweep/bc_baseline_none_steps20000_tr2]:  23%|██▎       | 4564/20000 [01:36<05:23, 47.64it/s, acc=0.304, device=mps, eta=5m32s, loss=2.0017, sps=47.1]
BC[stage1_datasets_L40_stepsweep/bc_baseline_none_steps20000_tr2]:  23%|██▎       | 4572/20000 [01:37<04:46, 53.88it/s, acc=0.304, device=mps, eta=5m32s, loss=2.0017, sps=47.1]
BC[stage1_datasets_L40_stepsweep/bc_baseline_none_steps20000_tr2]:  23%|██▎       | 4580/20000 [01:37<04:18, 59.75it/s, acc=0.304, device=mps, eta=5m32s, loss=2.0017, sps=47.1]
BC[stage1_datasets_L40_stepsweep/bc_baseline_none_steps20000_tr2]:  23%|██▎       | 4587/20000 [01:37<05:17, 48.57it/s, acc=0.304, device=mps, eta=5m32s, loss=2.0017, sps=47.1]
BC[stage1_datasets_L40_stepsweep/bc_baseline_none_steps20000_tr2]:  23%|██▎       | 4594/20000 [01:37<04:55, 52.12it/s, acc=0.304, device=mps, eta=5m32s, loss=2.0017, sps=47.1]
BC[stage1_datasets_L40_stepsweep/bc_baseline_none_steps20000_tr2]:  23%|██▎       | 4594/20000 [01:37<04:55, 52.12it/s, acc=0.305, device=mps, eta=5m27s, loss=1.9999, sps=47.2]
BC[stage1_datasets_L40_stepsweep/bc_baseline_none_steps20000_tr2]:  23%|██▎       | 4601/20000 [01:37<05:46, 44.42it/s, acc=0.305, device=mps, eta=5m27s, loss=1.9999, sps=47.2]
BC[stage1_datasets_L40_stepsweep/bc_baseline_none_steps20000_tr2]:  23%|██▎       | 4607/20000 [01:37<05:25, 47.36it/s, acc=0.305, device=mps, eta=5m27s, loss=1.9999, sps=47.2]
BC[stage1_datasets_L40_stepsweep/bc_baseline_none_steps20000_tr2]:  23%|██▎       | 4613/20000 [01:37<05:12, 49.18it/s, acc=0.305, device=mps, eta=5m27s, loss=1.9999, sps=47.2]
BC[stage1_datasets_L40_stepsweep/bc_baseline_none_steps20000_tr2]:  23%|██▎       | 4619/20000 [01:37<04:57, 51.73it/s, acc=0.305, device=mps, eta=5m27s, loss=1.9999, sps=47.2]
BC[stage1_datasets_L40_stepsweep/bc_baseline_none_steps20000_tr2]:  23%|██▎       | 4625/20000 [01:38<06:02, 42.36it/s, acc=0.305, device=mps, eta=5m27s, loss=1.9999, sps=47.2]
BC[stage1_datasets_L40_stepsweep/bc_baseline_none_steps20000_tr2]:  23%|██▎       | 4631/20000 [01:38<05:39, 45.30it/s, acc=0.305, device=mps, eta=5m27s, loss=1.9999, sps=47.2]
BC[stage1_datasets_L40_stepsweep/bc_baseline_none_steps20000_tr2]:  23%|██▎       | 4638/20000 [01:38<05:10, 49.47it/s, acc=0.305, device=mps, eta=5m27s, loss=1.9999, sps=47.2]
BC[stage1_datasets_L40_stepsweep/bc_baseline_none_steps20000_tr2]:  23%|██▎       | 4644/20000 [01:38<06:21, 40.22it/s, acc=0.305, device=mps, eta=5m27s, loss=1.9999, sps=47.2]
BC[stage1_datasets_L40_stepsweep/bc_baseline_none_steps20000_tr2]:  23%|██▎       | 4650/20000 [01:38<05:58, 42.87it/s, acc=0.305, device=mps, eta=5m27s, loss=1.9999, sps=47.2]
BC[stage1_datasets_L40_stepsweep/bc_baseline_none_steps20000_tr2]:  23%|██▎       | 4657/20000 [01:38<05:21, 47.74it/s, acc=0.305, device=mps, eta=5m27s, loss=1.9999, sps=47.2]
BC[stage1_datasets_L40_stepsweep/bc_baseline_none_steps20000_tr2]:  23%|██▎       | 4663/20000 [01:39<06:11, 41.33it/s, acc=0.305, device=mps, eta=5m27s, loss=1.9999, sps=47.2]
BC[stage1_datasets_L40_stepsweep/bc_baseline_none_steps20000_tr2]:  23%|██▎       | 4671/20000 [01:39<05:13, 48.87it/s, acc=0.305, device=mps, eta=5m27s, loss=1.9999, sps=47.2]
BC[stage1_datasets_L40_stepsweep/bc_baseline_none_steps20000_tr2]:  23%|██▎       | 4679/20000 [01:39<04:34, 55.89it/s, acc=0.305, device=mps, eta=5m27s, loss=1.9999, sps=47.2]
BC[stage1_datasets_L40_stepsweep/bc_baseline_none_steps20000_tr2]:  23%|██▎       | 4686/20000 [01:39<05:23, 47.37it/s, acc=0.305, device=mps, eta=5m27s, loss=1.9999, sps=47.2]
BC[stage1_datasets_L40_stepsweep/bc_baseline_none_steps20000_tr2]:  23%|██▎       | 4693/20000 [01:39<04:53, 52.11it/s, acc=0.305, device=mps, eta=5m27s, loss=1.9999, sps=47.2]
BC[stage1_datasets_L40_stepsweep/bc_baseline_none_steps20000_tr2]:  24%|██▎       | 4701/20000 [01:39<05:42, 44.69it/s, acc=0.305, device=mps, eta=5m27s, loss=1.9999, sps=47.2]
BC[stage1_datasets_L40_stepsweep/bc_baseline_none_steps20000_tr2]:  24%|██▎       | 4709/20000 [01:39<04:58, 51.30it/s, acc=0.305, device=mps, eta=5m27s, loss=1.9999, sps=47.2]
BC[stage1_datasets_L40_stepsweep/bc_baseline_none_steps20000_tr2]:  24%|██▎       | 4717/20000 [01:40<04:28, 56.93it/s, acc=0.305, device=mps, eta=5m27s, loss=1.9999, sps=47.2]
BC[stage1_datasets_L40_stepsweep/bc_baseline_none_steps20000_tr2]:  24%|██▎       | 4724/20000 [01:40<05:20, 47.70it/s, acc=0.305, device=mps, eta=5m27s, loss=1.9999, sps=47.2]
BC[stage1_datasets_L40_stepsweep/bc_baseline_none_steps20000_tr2]:  24%|██▎       | 4732/20000 [01:40<04:43, 53.86it/s, acc=0.305, device=mps, eta=5m27s, loss=1.9999, sps=47.2]
BC[stage1_datasets_L40_stepsweep/bc_baseline_none_steps20000_tr2]:  24%|██▎       | 4740/20000 [01:40<04:15, 59.62it/s, acc=0.305, device=mps, eta=5m27s, loss=1.9999, sps=47.2]
BC[stage1_datasets_L40_stepsweep/bc_baseline_none_steps20000_tr2]:  24%|██▎       | 4747/20000 [01:40<05:15, 48.30it/s, acc=0.305, device=mps, eta=5m27s, loss=1.9999, sps=47.2]
BC[stage1_datasets_L40_stepsweep/bc_baseline_none_steps20000_tr2]:  24%|██▍       | 4754/20000 [01:40<04:57, 51.23it/s, acc=0.305, device=mps, eta=5m27s, loss=1.9999, sps=47.2]
BC[stage1_datasets_L40_stepsweep/bc_baseline_none_steps20000_tr2]:  24%|██▍       | 4761/20000 [01:40<05:58, 42.50it/s, acc=0.305, device=mps, eta=5m27s, loss=1.9999, sps=47.2]
BC[stage1_datasets_L40_stepsweep/bc_baseline_none_steps20000_tr2]:  24%|██▍       | 4767/20000 [01:41<05:34, 45.50it/s, acc=0.305, device=mps, eta=5m27s, loss=1.9999, sps=47.2]
BC[stage1_datasets_L40_stepsweep/bc_baseline_none_steps20000_tr2]:  24%|██▍       | 4773/20000 [01:41<05:22, 47.28it/s, acc=0.305, device=mps, eta=5m27s, loss=1.9999, sps=47.2]
BC[stage1_datasets_L40_stepsweep/bc_baseline_none_steps20000_tr2]:  24%|██▍       | 4780/20000 [01:41<04:51, 52.14it/s, acc=0.305, device=mps, eta=5m27s, loss=1.9999, sps=47.2]
BC[stage1_datasets_L40_stepsweep/bc_baseline_none_steps20000_tr2]:  24%|██▍       | 4786/20000 [01:41<05:53, 43.08it/s, acc=0.305, device=mps, eta=5m27s, loss=1.9999, sps=47.2]
BC[stage1_datasets_L40_stepsweep/bc_baseline_none_steps20000_tr2]:  24%|██▍       | 4793/20000 [01:41<05:13, 48.50it/s, acc=0.305, device=mps, eta=5m27s, loss=1.9999, sps=47.2]
BC[stage1_datasets_L40_stepsweep/bc_baseline_none_steps20000_tr2]:  24%|██▍       | 4793/20000 [01:41<05:13, 48.50it/s, acc=0.302, device=mps, eta=5m22s, loss=2.0000, sps=47.2]
BC[stage1_datasets_L40_stepsweep/bc_baseline_none_steps20000_tr2]:  24%|██▍       | 4801/20000 [01:41<05:46, 43.90it/s, acc=0.302, device=mps, eta=5m22s, loss=2.0000, sps=47.2]
BC[stage1_datasets_L40_stepsweep/bc_baseline_none_steps20000_tr2]:  24%|██▍       | 4808/20000 [01:41<05:15, 48.22it/s, acc=0.302, device=mps, eta=5m22s, loss=2.0000, sps=47.2]
BC[stage1_datasets_L40_stepsweep/bc_baseline_none_steps20000_tr2]:  24%|██▍       | 4815/20000 [01:42<04:52, 51.98it/s, acc=0.302, device=mps, eta=5m22s, loss=2.0000, sps=47.2]
BC[stage1_datasets_L40_stepsweep/bc_baseline_none_steps20000_tr2]:  24%|██▍       | 4821/20000 [01:42<05:52, 43.09it/s, acc=0.302, device=mps, eta=5m22s, loss=2.0000, sps=47.2]
BC[stage1_datasets_L40_stepsweep/bc_baseline_none_steps20000_tr2]:  24%|██▍       | 4829/20000 [01:42<05:01, 50.36it/s, acc=0.302, device=mps, eta=5m22s, loss=2.0000, sps=47.2]
BC[stage1_datasets_L40_stepsweep/bc_baseline_none_steps20000_tr2]:  24%|██▍       | 4837/20000 [01:42<04:28, 56.43it/s, acc=0.302, device=mps, eta=5m22s, loss=2.0000, sps=47.2]
BC[stage1_datasets_L40_stepsweep/bc_baseline_none_steps20000_tr2]:  24%|██▍       | 4844/20000 [01:42<05:20, 47.25it/s, acc=0.302, device=mps, eta=5m22s, loss=2.0000, sps=47.2]
BC[stage1_datasets_L40_stepsweep/bc_baseline_none_steps20000_tr2]:  24%|██▍       | 4852/20000 [01:42<04:42, 53.68it/s, acc=0.302, device=mps, eta=5m22s, loss=2.0000, sps=47.2]
BC[stage1_datasets_L40_stepsweep/bc_baseline_none_steps20000_tr2]:  24%|██▍       | 4860/20000 [01:42<04:12, 59.85it/s, acc=0.302, device=mps, eta=5m22s, loss=2.0000, sps=47.2]
BC[stage1_datasets_L40_stepsweep/bc_baseline_none_steps20000_tr2]:  24%|██▍       | 4867/20000 [01:43<05:07, 49.25it/s, acc=0.302, device=mps, eta=5m22s, loss=2.0000, sps=47.2]
BC[stage1_datasets_L40_stepsweep/bc_baseline_none_steps20000_tr2]:  24%|██▍       | 4875/20000 [01:43<04:36, 54.74it/s, acc=0.302, device=mps, eta=5m22s, loss=2.0000, sps=47.2]
BC[stage1_datasets_L40_stepsweep/bc_baseline_none_steps20000_tr2]:  24%|██▍       | 4882/20000 [01:43<05:30, 45.74it/s, acc=0.302, device=mps, eta=5m22s, loss=2.0000, sps=47.2]
BC[stage1_datasets_L40_stepsweep/bc_baseline_none_steps20000_tr2]:  24%|██▍       | 4890/20000 [01:43<04:45, 52.85it/s, acc=0.302, device=mps, eta=5m22s, loss=2.0000, sps=47.2]
BC[stage1_datasets_L40_stepsweep/bc_baseline_none_steps20000_tr2]:  24%|██▍       | 4899/20000 [01:43<04:11, 60.16it/s, acc=0.302, device=mps, eta=5m22s, loss=2.0000, sps=47.2]
BC[stage1_datasets_L40_stepsweep/bc_baseline_none_steps20000_tr2]:  25%|██▍       | 4906/20000 [01:43<04:55, 51.06it/s, acc=0.302, device=mps, eta=5m22s, loss=2.0000, sps=47.2]
BC[stage1_datasets_L40_stepsweep/bc_baseline_none_steps20000_tr2]:  25%|██▍       | 4914/20000 [01:43<04:24, 57.14it/s, acc=0.302, device=mps, eta=5m22s, loss=2.0000, sps=47.2]
BC[stage1_datasets_L40_stepsweep/bc_baseline_none_steps20000_tr2]:  25%|██▍       | 4921/20000 [01:44<05:11, 48.38it/s, acc=0.302, device=mps, eta=5m22s, loss=2.0000, sps=47.2]
BC[stage1_datasets_L40_stepsweep/bc_baseline_none_steps20000_tr2]:  25%|██▍       | 4929/20000 [01:44<04:36, 54.49it/s, acc=0.302, device=mps, eta=5m22s, loss=2.0000, sps=47.2]
BC[stage1_datasets_L40_stepsweep/bc_baseline_none_steps20000_tr2]:  25%|██▍       | 4937/20000 [01:44<04:12, 59.70it/s, acc=0.302, device=mps, eta=5m22s, loss=2.0000, sps=47.2]
BC[stage1_datasets_L40_stepsweep/bc_baseline_none_steps20000_tr2]:  25%|██▍       | 4944/20000 [01:44<05:06, 49.11it/s, acc=0.302, device=mps, eta=5m22s, loss=2.0000, sps=47.2]
BC[stage1_datasets_L40_stepsweep/bc_baseline_none_steps20000_tr2]:  25%|██▍       | 4952/20000 [01:44<04:33, 55.07it/s, acc=0.302, device=mps, eta=5m22s, loss=2.0000, sps=47.2]
BC[stage1_datasets_L40_stepsweep/bc_baseline_none_steps20000_tr2]:  25%|██▍       | 4960/20000 [01:44<04:08, 60.55it/s, acc=0.302, device=mps, eta=5m22s, loss=2.0000, sps=47.2]
BC[stage1_datasets_L40_stepsweep/bc_baseline_none_steps20000_tr2]:  25%|██▍       | 4967/20000 [01:44<05:12, 48.11it/s, acc=0.302, device=mps, eta=5m22s, loss=2.0000, sps=47.2]
BC[stage1_datasets_L40_stepsweep/bc_baseline_none_steps20000_tr2]:  25%|██▍       | 4973/20000 [01:45<05:07, 48.84it/s, acc=0.302, device=mps, eta=5m22s, loss=2.0000, sps=47.2]
BC[stage1_datasets_L40_stepsweep/bc_baseline_none_steps20000_tr2]:  25%|██▍       | 4979/20000 [01:45<05:00, 49.95it/s, acc=0.302, device=mps, eta=5m22s, loss=2.0000, sps=47.2]
BC[stage1_datasets_L40_stepsweep/bc_baseline_none_steps20000_tr2]:  25%|██▍       | 4985/20000 [01:45<06:00, 41.63it/s, acc=0.302, device=mps, eta=5m22s, loss=2.0000, sps=47.2]
BC[stage1_datasets_L40_stepsweep/bc_baseline_none_steps20000_tr2]:  25%|██▍       | 4991/20000 [01:45<05:34, 44.85it/s, acc=0.302, device=mps, eta=5m22s, loss=2.0000, sps=47.2]
BC[stage1_datasets_L40_stepsweep/bc_baseline_none_steps20000_tr2]:  25%|██▍       | 4998/20000 [01:45<05:05, 49.09it/s, acc=0.302, device=mps, eta=5m22s, loss=2.0000, sps=47.2]
BC[stage1_datasets_L40_stepsweep/bc_baseline_none_steps20000_tr2]:  25%|██▍       | 4998/20000 [01:45<05:05, 49.09it/s, acc=0.305, device=mps, eta=5m17s, loss=1.9956, sps=47.3]
BC[stage1_datasets_L40_stepsweep/bc_baseline_none_steps20000_tr2]:  25%|██▌       | 5004/20000 [01:45<06:02, 41.34it/s, acc=0.305, device=mps, eta=5m17s, loss=1.9956, sps=47.3]
BC[stage1_datasets_L40_stepsweep/bc_baseline_none_steps20000_tr2]:  25%|██▌       | 5010/20000 [01:45<05:41, 43.93it/s, acc=0.305, device=mps, eta=5m17s, loss=1.9956, sps=47.3]
BC[stage1_datasets_L40_stepsweep/bc_baseline_none_steps20000_tr2]:  25%|██▌       | 5016/20000 [01:46<05:16, 47.33it/s, acc=0.305, device=mps, eta=5m17s, loss=1.9956, sps=47.3]
BC[stage1_datasets_L40_stepsweep/bc_baseline_none_steps20000_tr2]:  25%|██▌       | 5022/20000 [01:46<06:18, 39.55it/s, acc=0.305, device=mps, eta=5m17s, loss=1.9956, sps=47.3]
BC[stage1_datasets_L40_stepsweep/bc_baseline_none_steps20000_tr2]:  25%|██▌       | 5030/20000 [01:46<05:13, 47.81it/s, acc=0.305, device=mps, eta=5m17s, loss=1.9956, sps=47.3]
BC[stage1_datasets_L40_stepsweep/bc_baseline_none_steps20000_tr2]:  25%|██▌       | 5038/20000 [01:46<04:33, 54.62it/s, acc=0.305, device=mps, eta=5m17s, loss=1.9956, sps=47.3]
BC[stage1_datasets_L40_stepsweep/bc_baseline_none_steps20000_tr2]:  25%|██▌       | 5045/20000 [01:46<05:41, 43.82it/s, acc=0.305, device=mps, eta=5m17s, loss=1.9956, sps=47.3]
BC[stage1_datasets_L40_stepsweep/bc_baseline_none_steps20000_tr2]:  25%|██▌       | 5051/20000 [01:46<05:19, 46.75it/s, acc=0.305, device=mps, eta=5m17s, loss=1.9956, sps=47.3]
BC[stage1_datasets_L40_stepsweep/bc_baseline_none_steps20000_tr2]:  25%|██▌       | 5058/20000 [01:46<04:49, 51.68it/s, acc=0.305, device=mps, eta=5m17s, loss=1.9956, sps=47.3]
BC[stage1_datasets_L40_stepsweep/bc_baseline_none_steps20000_tr2]:  25%|██▌       | 5064/20000 [01:47<05:38, 44.19it/s, acc=0.305, device=mps, eta=5m17s, loss=1.9956, sps=47.3]
BC[stage1_datasets_L40_stepsweep/bc_baseline_none_steps20000_tr2]:  25%|██▌       | 5073/20000 [01:47<04:39, 53.43it/s, acc=0.305, device=mps, eta=5m17s, loss=1.9956, sps=47.3]
BC[stage1_datasets_L40_stepsweep/bc_baseline_none_steps20000_tr2]:  25%|██▌       | 5081/20000 [01:47<05:12, 47.71it/s, acc=0.305, device=mps, eta=5m17s, loss=1.9956, sps=47.3]
BC[stage1_datasets_L40_stepsweep/bc_baseline_none_steps20000_tr2]:  25%|██▌       | 5089/20000 [01:47<04:36, 53.86it/s, acc=0.305, device=mps, eta=5m17s, loss=1.9956, sps=47.3]
BC[stage1_datasets_L40_stepsweep/bc_baseline_none_steps20000_tr2]:  25%|██▌       | 5097/20000 [01:47<04:13, 58.75it/s, acc=0.305, device=mps, eta=5m17s, loss=1.9956, sps=47.3]
BC[stage1_datasets_L40_stepsweep/bc_baseline_none_steps20000_tr2]:  26%|██▌       | 5104/20000 [01:47<05:05, 48.72it/s, acc=0.305, device=mps, eta=5m17s, loss=1.9956, sps=47.3]
BC[stage1_datasets_L40_stepsweep/bc_baseline_none_steps20000_tr2]:  26%|██▌       | 5112/20000 [01:47<04:31, 54.76it/s, acc=0.305, device=mps, eta=5m17s, loss=1.9956, sps=47.3]
BC[stage1_datasets_L40_stepsweep/bc_baseline_none_steps20000_tr2]:  26%|██▌       | 5121/20000 [01:48<05:10, 47.89it/s, acc=0.305, device=mps, eta=5m17s, loss=1.9956, sps=47.3]
BC[stage1_datasets_L40_stepsweep/bc_baseline_none_steps20000_tr2]:  26%|██▌       | 5127/20000 [01:48<04:56, 50.10it/s, acc=0.305, device=mps, eta=5m17s, loss=1.9956, sps=47.3]
BC[stage1_datasets_L40_stepsweep/bc_baseline_none_steps20000_tr2]:  26%|██▌       | 5134/20000 [01:48<04:40, 52.92it/s, acc=0.305, device=mps, eta=5m17s, loss=1.9956, sps=47.3]
BC[stage1_datasets_L40_stepsweep/bc_baseline_none_steps20000_tr2]:  26%|██▌       | 5141/20000 [01:48<05:33, 44.53it/s, acc=0.305, device=mps, eta=5m17s, loss=1.9956, sps=47.3]
BC[stage1_datasets_L40_stepsweep/bc_baseline_none_steps20000_tr2]:  26%|██▌       | 5149/20000 [01:48<04:49, 51.28it/s, acc=0.305, device=mps, eta=5m17s, loss=1.9956, sps=47.3]
BC[stage1_datasets_L40_stepsweep/bc_baseline_none_steps20000_tr2]:  26%|██▌       | 5157/20000 [01:48<04:20, 56.87it/s, acc=0.305, device=mps, eta=5m17s, loss=1.9956, sps=47.3]
BC[stage1_datasets_L40_stepsweep/bc_baseline_none_steps20000_tr2]:  26%|██▌       | 5164/20000 [01:49<05:12, 47.48it/s, acc=0.305, device=mps, eta=5m17s, loss=1.9956, sps=47.3]
BC[stage1_datasets_L40_stepsweep/bc_baseline_none_steps20000_tr2]:  26%|██▌       | 5172/20000 [01:49<04:36, 53.69it/s, acc=0.305, device=mps, eta=5m17s, loss=1.9956, sps=47.3]
BC[stage1_datasets_L40_stepsweep/bc_baseline_none_steps20000_tr2]:  26%|██▌       | 5180/20000 [01:49<04:08, 59.66it/s, acc=0.305, device=mps, eta=5m17s, loss=1.9956, sps=47.3]
BC[stage1_datasets_L40_stepsweep/bc_baseline_none_steps20000_tr2]:  26%|██▌       | 5187/20000 [01:49<05:06, 48.36it/s, acc=0.305, device=mps, eta=5m17s, loss=1.9956, sps=47.3]
BC[stage1_datasets_L40_stepsweep/bc_baseline_none_steps20000_tr2]:  26%|██▌       | 5193/20000 [01:49<04:51, 50.83it/s, acc=0.305, device=mps, eta=5m17s, loss=1.9956, sps=47.3]
BC[stage1_datasets_L40_stepsweep/bc_baseline_none_steps20000_tr2]:  26%|██▌       | 5193/20000 [01:49<04:51, 50.83it/s, acc=0.304, device=mps, eta=5m12s, loss=2.0006, sps=47.4]
BC[stage1_datasets_L40_stepsweep/bc_baseline_none_steps20000_tr2]:  26%|██▌       | 5200/20000 [01:49<04:34, 53.97it/s, acc=0.304, device=mps, eta=5m12s, loss=2.0006, sps=47.4]
BC[stage1_datasets_L40_stepsweep/bc_baseline_none_steps20000_tr2]:  26%|██▌       | 5206/20000 [01:49<05:40, 43.50it/s, acc=0.304, device=mps, eta=5m12s, loss=2.0006, sps=47.4]
BC[stage1_datasets_L40_stepsweep/bc_baseline_none_steps20000_tr2]:  26%|██▌       | 5212/20000 [01:50<05:23, 45.69it/s, acc=0.304, device=mps, eta=5m12s, loss=2.0006, sps=47.4]
BC[stage1_datasets_L40_stepsweep/bc_baseline_none_steps20000_tr2]:  26%|██▌       | 5219/20000 [01:50<04:57, 49.71it/s, acc=0.304, device=mps, eta=5m12s, loss=2.0006, sps=47.4]
BC[stage1_datasets_L40_stepsweep/bc_baseline_none_steps20000_tr2]:  26%|██▌       | 5225/20000 [01:50<05:47, 42.58it/s, acc=0.304, device=mps, eta=5m12s, loss=2.0006, sps=47.4]
BC[stage1_datasets_L40_stepsweep/bc_baseline_none_steps20000_tr2]:  26%|██▌       | 5233/20000 [01:50<04:54, 50.11it/s, acc=0.304, device=mps, eta=5m12s, loss=2.0006, sps=47.4]
BC[stage1_datasets_L40_stepsweep/bc_baseline_none_steps20000_tr2]:  26%|██▌       | 5241/20000 [01:50<05:32, 44.41it/s, acc=0.304, device=mps, eta=5m12s, loss=2.0006, sps=47.4]
BC[stage1_datasets_L40_stepsweep/bc_baseline_none_steps20000_tr2]:  26%|██▌       | 5249/20000 [01:50<04:46, 51.54it/s, acc=0.304, device=mps, eta=5m12s, loss=2.0006, sps=47.4]
BC[stage1_datasets_L40_stepsweep/bc_baseline_none_steps20000_tr2]:  26%|██▋       | 5258/20000 [01:50<04:10, 58.77it/s, acc=0.304, device=mps, eta=5m12s, loss=2.0006, sps=47.4]
BC[stage1_datasets_L40_stepsweep/bc_baseline_none_steps20000_tr2]:  26%|██▋       | 5265/20000 [01:51<04:55, 49.91it/s, acc=0.304, device=mps, eta=5m12s, loss=2.0006, sps=47.4]
BC[stage1_datasets_L40_stepsweep/bc_baseline_none_steps20000_tr2]:  26%|██▋       | 5273/20000 [01:51<04:28, 54.88it/s, acc=0.304, device=mps, eta=5m12s, loss=2.0006, sps=47.4]
BC[stage1_datasets_L40_stepsweep/bc_baseline_none_steps20000_tr2]:  26%|██▋       | 5281/20000 [01:51<05:14, 46.85it/s, acc=0.304, device=mps, eta=5m12s, loss=2.0006, sps=47.4]
BC[stage1_datasets_L40_stepsweep/bc_baseline_none_steps20000_tr2]:  26%|██▋       | 5289/20000 [01:51<04:37, 53.04it/s, acc=0.304, device=mps, eta=5m12s, loss=2.0006, sps=47.4]
BC[stage1_datasets_L40_stepsweep/bc_baseline_none_steps20000_tr2]:  26%|██▋       | 5297/20000 [01:51<04:11, 58.42it/s, acc=0.304, device=mps, eta=5m12s, loss=2.0006, sps=47.4]
BC[stage1_datasets_L40_stepsweep/bc_baseline_none_steps20000_tr2]:  27%|██▋       | 5304/20000 [01:51<05:13, 46.81it/s, acc=0.304, device=mps, eta=5m12s, loss=2.0006, sps=47.4]
BC[stage1_datasets_L40_stepsweep/bc_baseline_none_steps20000_tr2]:  27%|██▋       | 5310/20000 [01:51<05:02, 48.59it/s, acc=0.304, device=mps, eta=5m12s, loss=2.0006, sps=47.4]
BC[stage1_datasets_L40_stepsweep/bc_baseline_none_steps20000_tr2]:  27%|██▋       | 5317/20000 [01:52<04:39, 52.52it/s, acc=0.304, device=mps, eta=5m12s, loss=2.0006, sps=47.4]
BC[stage1_datasets_L40_stepsweep/bc_baseline_none_steps20000_tr2]:  27%|██▋       | 5323/20000 [01:52<05:40, 43.06it/s, acc=0.304, device=mps, eta=5m12s, loss=2.0006, sps=47.4]
BC[stage1_datasets_L40_stepsweep/bc_baseline_none_steps20000_tr2]:  27%|██▋       | 5329/20000 [01:52<05:21, 45.57it/s, acc=0.304, device=mps, eta=5m12s, loss=2.0006, sps=47.4]
BC[stage1_datasets_L40_stepsweep/bc_baseline_none_steps20000_tr2]:  27%|██▋       | 5336/20000 [01:52<04:54, 49.81it/s, acc=0.304, device=mps, eta=5m12s, loss=2.0006, sps=47.4]
BC[stage1_datasets_L40_stepsweep/bc_baseline_none_steps20000_tr2]:  27%|██▋       | 5342/20000 [01:52<05:55, 41.18it/s, acc=0.304, device=mps, eta=5m12s, loss=2.0006, sps=47.4]
BC[stage1_datasets_L40_stepsweep/bc_baseline_none_steps20000_tr2]:  27%|██▋       | 5347/20000 [01:52<05:40, 43.02it/s, acc=0.304, device=mps, eta=5m12s, loss=2.0006, sps=47.4]
BC[stage1_datasets_L40_stepsweep/bc_baseline_none_steps20000_tr2]:  27%|██▋       | 5353/20000 [01:52<05:20, 45.70it/s, acc=0.304, device=mps, eta=5m12s, loss=2.0006, sps=47.4]
BC[stage1_datasets_L40_stepsweep/bc_baseline_none_steps20000_tr2]:  27%|██▋       | 5360/20000 [01:53<04:49, 50.64it/s, acc=0.304, device=mps, eta=5m12s, loss=2.0006, sps=47.4]
BC[stage1_datasets_L40_stepsweep/bc_baseline_none_steps20000_tr2]:  27%|██▋       | 5366/20000 [01:53<05:51, 41.66it/s, acc=0.304, device=mps, eta=5m12s, loss=2.0006, sps=47.4]
BC[stage1_datasets_L40_stepsweep/bc_baseline_none_steps20000_tr2]:  27%|██▋       | 5372/20000 [01:53<05:20, 45.60it/s, acc=0.304, device=mps, eta=5m12s, loss=2.0006, sps=47.4]
BC[stage1_datasets_L40_stepsweep/bc_baseline_none_steps20000_tr2]:  27%|██▋       | 5379/20000 [01:53<04:53, 49.74it/s, acc=0.304, device=mps, eta=5m12s, loss=2.0006, sps=47.4]
BC[stage1_datasets_L40_stepsweep/bc_baseline_none_steps20000_tr2]:  27%|██▋       | 5385/20000 [01:53<05:51, 41.61it/s, acc=0.304, device=mps, eta=5m12s, loss=2.0006, sps=47.4]
BC[stage1_datasets_L40_stepsweep/bc_baseline_none_steps20000_tr2]:  27%|██▋       | 5392/20000 [01:53<05:15, 46.37it/s, acc=0.304, device=mps, eta=5m12s, loss=2.0006, sps=47.4]
BC[stage1_datasets_L40_stepsweep/bc_baseline_none_steps20000_tr2]:  27%|██▋       | 5399/20000 [01:53<04:50, 50.32it/s, acc=0.304, device=mps, eta=5m12s, loss=2.0006, sps=47.4]
BC[stage1_datasets_L40_stepsweep/bc_baseline_none_steps20000_tr2]:  27%|██▋       | 5399/20000 [01:53<04:50, 50.32it/s, acc=0.307, device=mps, eta=5m08s, loss=1.9896, sps=47.4]
BC[stage1_datasets_L40_stepsweep/bc_baseline_none_steps20000_tr2]:  27%|██▋       | 5405/20000 [01:54<05:50, 41.68it/s, acc=0.307, device=mps, eta=5m08s, loss=1.9896, sps=47.4]
BC[stage1_datasets_L40_stepsweep/bc_baseline_none_steps20000_tr2]:  27%|██▋       | 5412/20000 [01:54<05:15, 46.29it/s, acc=0.307, device=mps, eta=5m08s, loss=1.9896, sps=47.4]
BC[stage1_datasets_L40_stepsweep/bc_baseline_none_steps20000_tr2]:  27%|██▋       | 5419/20000 [01:54<04:49, 50.31it/s, acc=0.307, device=mps, eta=5m08s, loss=1.9896, sps=47.4]
BC[stage1_datasets_L40_stepsweep/bc_baseline_none_steps20000_tr2]:  27%|██▋       | 5425/20000 [01:54<05:45, 42.17it/s, acc=0.307, device=mps, eta=5m08s, loss=1.9896, sps=47.4]
BC[stage1_datasets_L40_stepsweep/bc_baseline_none_steps20000_tr2]:  27%|██▋       | 5432/20000 [01:54<05:12, 46.65it/s, acc=0.307, device=mps, eta=5m08s, loss=1.9896, sps=47.4]
BC[stage1_datasets_L40_stepsweep/bc_baseline_none_steps20000_tr2]:  27%|██▋       | 5439/20000 [01:54<04:47, 50.70it/s, acc=0.307, device=mps, eta=5m08s, loss=1.9896, sps=47.4]
BC[stage1_datasets_L40_stepsweep/bc_baseline_none_steps20000_tr2]:  27%|██▋       | 5445/20000 [01:54<05:43, 42.39it/s, acc=0.307, device=mps, eta=5m08s, loss=1.9896, sps=47.4]
BC[stage1_datasets_L40_stepsweep/bc_baseline_none_steps20000_tr2]:  27%|██▋       | 5451/20000 [01:55<05:18, 45.73it/s, acc=0.307, device=mps, eta=5m08s, loss=1.9896, sps=47.4]
BC[stage1_datasets_L40_stepsweep/bc_baseline_none_steps20000_tr2]:  27%|██▋       | 5457/20000 [01:55<04:59, 48.60it/s, acc=0.307, device=mps, eta=5m08s, loss=1.9896, sps=47.4]
BC[stage1_datasets_L40_stepsweep/bc_baseline_none_steps20000_tr2]:  27%|██▋       | 5463/20000 [01:55<06:01, 40.23it/s, acc=0.307, device=mps, eta=5m08s, loss=1.9896, sps=47.4]
BC[stage1_datasets_L40_stepsweep/bc_baseline_none_steps20000_tr2]:  27%|██▋       | 5469/20000 [01:55<05:37, 43.01it/s, acc=0.307, device=mps, eta=5m08s, loss=1.9896, sps=47.4]
BC[stage1_datasets_L40_stepsweep/bc_baseline_none_steps20000_tr2]:  27%|██▋       | 5475/20000 [01:55<05:11, 46.59it/s, acc=0.307, device=mps, eta=5m08s, loss=1.9896, sps=47.4]
BC[stage1_datasets_L40_stepsweep/bc_baseline_none_steps20000_tr2]:  27%|██▋       | 5481/20000 [01:55<06:13, 38.87it/s, acc=0.307, device=mps, eta=5m08s, loss=1.9896, sps=47.4]
BC[stage1_datasets_L40_stepsweep/bc_baseline_none_steps20000_tr2]:  27%|██▋       | 5487/20000 [01:55<05:36, 43.09it/s, acc=0.307, device=mps, eta=5m08s, loss=1.9896, sps=47.4]
BC[stage1_datasets_L40_stepsweep/bc_baseline_none_steps20000_tr2]:  27%|██▋       | 5493/20000 [01:55<05:15, 46.05it/s, acc=0.307, device=mps, eta=5m08s, loss=1.9896, sps=47.4]
BC[stage1_datasets_L40_stepsweep/bc_baseline_none_steps20000_tr2]:  28%|██▊       | 5500/20000 [01:56<04:43, 51.11it/s, acc=0.307, device=mps, eta=5m08s, loss=1.9896, sps=47.4]
BC[stage1_datasets_L40_stepsweep/bc_baseline_none_steps20000_tr2]:  28%|██▊       | 5506/20000 [01:56<05:44, 42.07it/s, acc=0.307, device=mps, eta=5m08s, loss=1.9896, sps=47.4]
BC[stage1_datasets_L40_stepsweep/bc_baseline_none_steps20000_tr2]:  28%|██▊       | 5513/20000 [01:56<05:06, 47.24it/s, acc=0.307, device=mps, eta=5m08s, loss=1.9896, sps=47.4]
BC[stage1_datasets_L40_stepsweep/bc_baseline_none_steps20000_tr2]:  28%|██▊       | 5520/20000 [01:56<04:36, 52.33it/s, acc=0.307, device=mps, eta=5m08s, loss=1.9896, sps=47.4]
BC[stage1_datasets_L40_stepsweep/bc_baseline_none_steps20000_tr2]:  28%|██▊       | 5526/20000 [01:56<05:41, 42.38it/s, acc=0.307, device=mps, eta=5m08s, loss=1.9896, sps=47.4]
BC[stage1_datasets_L40_stepsweep/bc_baseline_none_steps20000_tr2]:  28%|██▊       | 5532/20000 [01:56<05:14, 46.04it/s, acc=0.307, device=mps, eta=5m08s, loss=1.9896, sps=47.4]
BC[stage1_datasets_L40_stepsweep/bc_baseline_none_steps20000_tr2]:  28%|██▊       | 5538/20000 [01:56<04:53, 49.31it/s, acc=0.307, device=mps, eta=5m08s, loss=1.9896, sps=47.4]
BC[stage1_datasets_L40_stepsweep/bc_baseline_none_steps20000_tr2]:  28%|██▊       | 5544/20000 [01:57<05:53, 40.95it/s, acc=0.307, device=mps, eta=5m08s, loss=1.9896, sps=47.4]
BC[stage1_datasets_L40_stepsweep/bc_baseline_none_steps20000_tr2]:  28%|██▊       | 5552/20000 [01:57<04:54, 48.99it/s, acc=0.307, device=mps, eta=5m08s, loss=1.9896, sps=47.4]
BC[stage1_datasets_L40_stepsweep/bc_baseline_none_steps20000_tr2]:  28%|██▊       | 5560/20000 [01:57<04:18, 55.93it/s, acc=0.307, device=mps, eta=5m08s, loss=1.9896, sps=47.4]
BC[stage1_datasets_L40_stepsweep/bc_baseline_none_steps20000_tr2]:  28%|██▊       | 5567/20000 [01:57<05:18, 45.37it/s, acc=0.307, device=mps, eta=5m08s, loss=1.9896, sps=47.4]
BC[stage1_datasets_L40_stepsweep/bc_baseline_none_steps20000_tr2]:  28%|██▊       | 5573/20000 [01:57<05:06, 47.05it/s, acc=0.307, device=mps, eta=5m08s, loss=1.9896, sps=47.4]
BC[stage1_datasets_L40_stepsweep/bc_baseline_none_steps20000_tr2]:  28%|██▊       | 5579/20000 [01:57<04:56, 48.65it/s, acc=0.307, device=mps, eta=5m08s, loss=1.9896, sps=47.4]
BC[stage1_datasets_L40_stepsweep/bc_baseline_none_steps20000_tr2]:  28%|██▊       | 5585/20000 [01:58<05:47, 41.44it/s, acc=0.307, device=mps, eta=5m08s, loss=1.9896, sps=47.4]
BC[stage1_datasets_L40_stepsweep/bc_baseline_none_steps20000_tr2]:  28%|██▊       | 5591/20000 [01:58<05:21, 44.87it/s, acc=0.307, device=mps, eta=5m08s, loss=1.9896, sps=47.4]
BC[stage1_datasets_L40_stepsweep/bc_baseline_none_steps20000_tr2]:  28%|██▊       | 5597/20000 [01:58<05:01, 47.83it/s, acc=0.307, device=mps, eta=5m08s, loss=1.9896, sps=47.4]
BC[stage1_datasets_L40_stepsweep/bc_baseline_none_steps20000_tr2]:  28%|██▊       | 5597/20000 [01:58<05:01, 47.83it/s, acc=0.302, device=mps, eta=5m04s, loss=2.0053, sps=47.3]
BC[stage1_datasets_L40_stepsweep/bc_baseline_none_steps20000_tr2]:  28%|██▊       | 5603/20000 [01:58<05:58, 40.11it/s, acc=0.302, device=mps, eta=5m04s, loss=2.0053, sps=47.3]
BC[stage1_datasets_L40_stepsweep/bc_baseline_none_steps20000_tr2]:  28%|██▊       | 5609/20000 [01:58<05:26, 44.09it/s, acc=0.302, device=mps, eta=5m04s, loss=2.0053, sps=47.3]
BC[stage1_datasets_L40_stepsweep/bc_baseline_none_steps20000_tr2]:  28%|██▊       | 5615/20000 [01:58<05:05, 47.07it/s, acc=0.302, device=mps, eta=5m04s, loss=2.0053, sps=47.3]
BC[stage1_datasets_L40_stepsweep/bc_baseline_none_steps20000_tr2]:  28%|██▊       | 5621/20000 [01:58<06:04, 39.46it/s, acc=0.302, device=mps, eta=5m04s, loss=2.0053, sps=47.3]
BC[stage1_datasets_L40_stepsweep/bc_baseline_none_steps20000_tr2]:  28%|██▊       | 5629/20000 [01:58<05:01, 47.59it/s, acc=0.302, device=mps, eta=5m04s, loss=2.0053, sps=47.3]
BC[stage1_datasets_L40_stepsweep/bc_baseline_none_steps20000_tr2]:  28%|██▊       | 5637/20000 [01:59<04:23, 54.56it/s, acc=0.302, device=mps, eta=5m04s, loss=2.0053, sps=47.3]
BC[stage1_datasets_L40_stepsweep/bc_baseline_none_steps20000_tr2]:  28%|██▊       | 5644/20000 [01:59<05:05, 46.99it/s, acc=0.302, device=mps, eta=5m04s, loss=2.0053, sps=47.3]
BC[stage1_datasets_L40_stepsweep/bc_baseline_none_steps20000_tr2]:  28%|██▊       | 5652/20000 [01:59<04:31, 52.76it/s, acc=0.302, device=mps, eta=5m04s, loss=2.0053, sps=47.3]
BC[stage1_datasets_L40_stepsweep/bc_baseline_none_steps20000_tr2]:  28%|██▊       | 5659/20000 [01:59<04:12, 56.74it/s, acc=0.302, device=mps, eta=5m04s, loss=2.0053, sps=47.3]
BC[stage1_datasets_L40_stepsweep/bc_baseline_none_steps20000_tr2]:  28%|██▊       | 5666/20000 [01:59<05:10, 46.16it/s, acc=0.302, device=mps, eta=5m04s, loss=2.0053, sps=47.3]
BC[stage1_datasets_L40_stepsweep/bc_baseline_none_steps20000_tr2]:  28%|██▊       | 5672/20000 [01:59<04:52, 49.03it/s, acc=0.302, device=mps, eta=5m04s, loss=2.0053, sps=47.3]
BC[stage1_datasets_L40_stepsweep/bc_baseline_none_steps20000_tr2]:  28%|██▊       | 5678/20000 [01:59<04:39, 51.18it/s, acc=0.302, device=mps, eta=5m04s, loss=2.0053, sps=47.3]
BC[stage1_datasets_L40_stepsweep/bc_baseline_none_steps20000_tr2]:  28%|██▊       | 5684/20000 [02:00<05:40, 42.02it/s, acc=0.302, device=mps, eta=5m04s, loss=2.0053, sps=47.3]
BC[stage1_datasets_L40_stepsweep/bc_baseline_none_steps20000_tr2]:  28%|██▊       | 5690/20000 [02:00<05:11, 45.88it/s, acc=0.302, device=mps, eta=5m04s, loss=2.0053, sps=47.3]
BC[stage1_datasets_L40_stepsweep/bc_baseline_none_steps20000_tr2]:  28%|██▊       | 5697/20000 [02:00<04:42, 50.61it/s, acc=0.302, device=mps, eta=5m04s, loss=2.0053, sps=47.3]
BC[stage1_datasets_L40_stepsweep/bc_baseline_none_steps20000_tr2]:  29%|██▊       | 5703/20000 [02:00<05:45, 41.33it/s, acc=0.302, device=mps, eta=5m04s, loss=2.0053, sps=47.3]
BC[stage1_datasets_L40_stepsweep/bc_baseline_none_steps20000_tr2]:  29%|██▊       | 5709/20000 [02:00<05:23, 44.24it/s, acc=0.302, device=mps, eta=5m04s, loss=2.0053, sps=47.3]
BC[stage1_datasets_L40_stepsweep/bc_baseline_none_steps20000_tr2]:  29%|██▊       | 5716/20000 [02:00<04:52, 48.84it/s, acc=0.302, device=mps, eta=5m04s, loss=2.0053, sps=47.3]
BC[stage1_datasets_L40_stepsweep/bc_baseline_none_steps20000_tr2]:  29%|██▊       | 5722/20000 [02:00<05:49, 40.87it/s, acc=0.302, device=mps, eta=5m04s, loss=2.0053, sps=47.3]
BC[stage1_datasets_L40_stepsweep/bc_baseline_none_steps20000_tr2]:  29%|██▊       | 5728/20000 [02:01<05:25, 43.90it/s, acc=0.302, device=mps, eta=5m04s, loss=2.0053, sps=47.3]
BC[stage1_datasets_L40_stepsweep/bc_baseline_none_steps20000_tr2]:  29%|██▊       | 5735/20000 [02:01<04:50, 49.16it/s, acc=0.302, device=mps, eta=5m04s, loss=2.0053, sps=47.3]
BC[stage1_datasets_L40_stepsweep/bc_baseline_none_steps20000_tr2]:  29%|██▊       | 5741/20000 [02:01<05:42, 41.66it/s, acc=0.302, device=mps, eta=5m04s, loss=2.0053, sps=47.3]
BC[stage1_datasets_L40_stepsweep/bc_baseline_none_steps20000_tr2]:  29%|██▊       | 5747/20000 [02:01<05:23, 44.10it/s, acc=0.302, device=mps, eta=5m04s, loss=2.0053, sps=47.3]
BC[stage1_datasets_L40_stepsweep/bc_baseline_none_steps20000_tr2]:  29%|██▉       | 5754/20000 [02:01<04:52, 48.77it/s, acc=0.302, device=mps, eta=5m04s, loss=2.0053, sps=47.3]
BC[stage1_datasets_L40_stepsweep/bc_baseline_none_steps20000_tr2]:  29%|██▉       | 5761/20000 [02:01<05:34, 42.51it/s, acc=0.302, device=mps, eta=5m04s, loss=2.0053, sps=47.3]
BC[stage1_datasets_L40_stepsweep/bc_baseline_none_steps20000_tr2]:  29%|██▉       | 5769/20000 [02:01<04:44, 50.03it/s, acc=0.302, device=mps, eta=5m04s, loss=2.0053, sps=47.3]
BC[stage1_datasets_L40_stepsweep/bc_baseline_none_steps20000_tr2]:  29%|██▉       | 5777/20000 [02:02<04:14, 55.98it/s, acc=0.302, device=mps, eta=5m04s, loss=2.0053, sps=47.3]
BC[stage1_datasets_L40_stepsweep/bc_baseline_none_steps20000_tr2]:  29%|██▉       | 5784/20000 [02:02<05:00, 47.35it/s, acc=0.302, device=mps, eta=5m04s, loss=2.0053, sps=47.3]
BC[stage1_datasets_L40_stepsweep/bc_baseline_none_steps20000_tr2]:  29%|██▉       | 5791/20000 [02:02<04:38, 51.04it/s, acc=0.302, device=mps, eta=5m04s, loss=2.0053, sps=47.3]
BC[stage1_datasets_L40_stepsweep/bc_baseline_none_steps20000_tr2]:  29%|██▉       | 5798/20000 [02:02<04:25, 53.56it/s, acc=0.302, device=mps, eta=5m04s, loss=2.0053, sps=47.3]
BC[stage1_datasets_L40_stepsweep/bc_baseline_none_steps20000_tr2]:  29%|██▉       | 5798/20000 [02:02<04:25, 53.56it/s, acc=0.303, device=mps, eta=5m00s, loss=2.0015, sps=47.3]
BC[stage1_datasets_L40_stepsweep/bc_baseline_none_steps20000_tr2]:  29%|██▉       | 5804/20000 [02:02<05:29, 43.14it/s, acc=0.303, device=mps, eta=5m00s, loss=2.0015, sps=47.3]
BC[stage1_datasets_L40_stepsweep/bc_baseline_none_steps20000_tr2]:  29%|██▉       | 5810/20000 [02:02<05:08, 46.07it/s, acc=0.303, device=mps, eta=5m00s, loss=2.0015, sps=47.3]
BC[stage1_datasets_L40_stepsweep/bc_baseline_none_steps20000_tr2]:  29%|██▉       | 5816/20000 [02:02<04:49, 48.97it/s, acc=0.303, device=mps, eta=5m00s, loss=2.0015, sps=47.3]
BC[stage1_datasets_L40_stepsweep/bc_baseline_none_steps20000_tr2]:  29%|██▉       | 5822/20000 [02:03<05:48, 40.63it/s, acc=0.303, device=mps, eta=5m00s, loss=2.0015, sps=47.3]
BC[stage1_datasets_L40_stepsweep/bc_baseline_none_steps20000_tr2]:  29%|██▉       | 5830/20000 [02:03<04:51, 48.63it/s, acc=0.303, device=mps, eta=5m00s, loss=2.0015, sps=47.3]
BC[stage1_datasets_L40_stepsweep/bc_baseline_none_steps20000_tr2]:  29%|██▉       | 5838/20000 [02:03<04:15, 55.48it/s, acc=0.303, device=mps, eta=5m00s, loss=2.0015, sps=47.3]
BC[stage1_datasets_L40_stepsweep/bc_baseline_none_steps20000_tr2]:  29%|██▉       | 5845/20000 [02:03<05:01, 46.94it/s, acc=0.303, device=mps, eta=5m00s, loss=2.0015, sps=47.3]
BC[stage1_datasets_L40_stepsweep/bc_baseline_none_steps20000_tr2]:  29%|██▉       | 5852/20000 [02:03<04:38, 50.82it/s, acc=0.303, device=mps, eta=5m00s, loss=2.0015, sps=47.3]
BC[stage1_datasets_L40_stepsweep/bc_baseline_none_steps20000_tr2]:  29%|██▉       | 5859/20000 [02:03<04:22, 53.81it/s, acc=0.303, device=mps, eta=5m00s, loss=2.0015, sps=47.3]
BC[stage1_datasets_L40_stepsweep/bc_baseline_none_steps20000_tr2]:  29%|██▉       | 5865/20000 [02:03<05:19, 44.28it/s, acc=0.303, device=mps, eta=5m00s, loss=2.0015, sps=47.3]
BC[stage1_datasets_L40_stepsweep/bc_baseline_none_steps20000_tr2]:  29%|██▉       | 5871/20000 [02:04<05:00, 47.01it/s, acc=0.303, device=mps, eta=5m00s, loss=2.0015, sps=47.3]
BC[stage1_datasets_L40_stepsweep/bc_baseline_none_steps20000_tr2]:  29%|██▉       | 5877/20000 [02:04<04:44, 49.56it/s, acc=0.303, device=mps, eta=5m00s, loss=2.0015, sps=47.3]
BC[stage1_datasets_L40_stepsweep/bc_baseline_none_steps20000_tr2]:  29%|██▉       | 5883/20000 [02:04<05:38, 41.71it/s, acc=0.303, device=mps, eta=5m00s, loss=2.0015, sps=47.3]
BC[stage1_datasets_L40_stepsweep/bc_baseline_none_steps20000_tr2]:  29%|██▉       | 5891/20000 [02:04<04:44, 49.52it/s, acc=0.303, device=mps, eta=5m00s, loss=2.0015, sps=47.3]
BC[stage1_datasets_L40_stepsweep/bc_baseline_none_steps20000_tr2]:  29%|██▉       | 5899/20000 [02:04<04:13, 55.73it/s, acc=0.303, device=mps, eta=5m00s, loss=2.0015, sps=47.3]
BC[stage1_datasets_L40_stepsweep/bc_baseline_none_steps20000_tr2]:  30%|██▉       | 5906/20000 [02:04<05:03, 46.46it/s, acc=0.303, device=mps, eta=5m00s, loss=2.0015, sps=47.3]
BC[stage1_datasets_L40_stepsweep/bc_baseline_none_steps20000_tr2]:  30%|██▉       | 5913/20000 [02:04<04:41, 49.99it/s, acc=0.303, device=mps, eta=5m00s, loss=2.0015, sps=47.3]
BC[stage1_datasets_L40_stepsweep/bc_baseline_none_steps20000_tr2]:  30%|██▉       | 5920/20000 [02:04<04:21, 53.88it/s, acc=0.303, device=mps, eta=5m00s, loss=2.0015, sps=47.3]
BC[stage1_datasets_L40_stepsweep/bc_baseline_none_steps20000_tr2]:  30%|██▉       | 5926/20000 [02:05<05:21, 43.79it/s, acc=0.303, device=mps, eta=5m00s, loss=2.0015, sps=47.3]
BC[stage1_datasets_L40_stepsweep/bc_baseline_none_steps20000_tr2]:  30%|██▉       | 5932/20000 [02:05<05:02, 46.51it/s, acc=0.303, device=mps, eta=5m00s, loss=2.0015, sps=47.3]
BC[stage1_datasets_L40_stepsweep/bc_baseline_none_steps20000_tr2]:  30%|██▉       | 5938/20000 [02:05<04:47, 48.84it/s, acc=0.303, device=mps, eta=5m00s, loss=2.0015, sps=47.3]
BC[stage1_datasets_L40_stepsweep/bc_baseline_none_steps20000_tr2]:  30%|██▉       | 5944/20000 [02:05<05:56, 39.44it/s, acc=0.303, device=mps, eta=5m00s, loss=2.0015, sps=47.3]
BC[stage1_datasets_L40_stepsweep/bc_baseline_none_steps20000_tr2]:  30%|██▉       | 5950/20000 [02:05<05:26, 42.98it/s, acc=0.303, device=mps, eta=5m00s, loss=2.0015, sps=47.3]
BC[stage1_datasets_L40_stepsweep/bc_baseline_none_steps20000_tr2]:  30%|██▉       | 5957/20000 [02:05<04:50, 48.35it/s, acc=0.303, device=mps, eta=5m00s, loss=2.0015, sps=47.3]
BC[stage1_datasets_L40_stepsweep/bc_baseline_none_steps20000_tr2]:  30%|██▉       | 5963/20000 [02:06<05:47, 40.39it/s, acc=0.303, device=mps, eta=5m00s, loss=2.0015, sps=47.3]
BC[stage1_datasets_L40_stepsweep/bc_baseline_none_steps20000_tr2]:  30%|██▉       | 5968/20000 [02:06<05:30, 42.45it/s, acc=0.303, device=mps, eta=5m00s, loss=2.0015, sps=47.3]
BC[stage1_datasets_L40_stepsweep/bc_baseline_none_steps20000_tr2]:  30%|██▉       | 5975/20000 [02:06<04:53, 47.79it/s, acc=0.303, device=mps, eta=5m00s, loss=2.0015, sps=47.3]
BC[stage1_datasets_L40_stepsweep/bc_baseline_none_steps20000_tr2]:  30%|██▉       | 5981/20000 [02:06<05:47, 40.31it/s, acc=0.303, device=mps, eta=5m00s, loss=2.0015, sps=47.3]
BC[stage1_datasets_L40_stepsweep/bc_baseline_none_steps20000_tr2]:  30%|██▉       | 5986/20000 [02:06<05:31, 42.30it/s, acc=0.303, device=mps, eta=5m00s, loss=2.0015, sps=47.3]
BC[stage1_datasets_L40_stepsweep/bc_baseline_none_steps20000_tr2]:  30%|██▉       | 5992/20000 [02:06<05:03, 46.14it/s, acc=0.303, device=mps, eta=5m00s, loss=2.0015, sps=47.3]
BC[stage1_datasets_L40_stepsweep/bc_baseline_none_steps20000_tr2]:  30%|██▉       | 5999/20000 [02:06<04:32, 51.31it/s, acc=0.303, device=mps, eta=5m00s, loss=2.0015, sps=47.3]
BC[stage1_datasets_L40_stepsweep/bc_baseline_none_steps20000_tr2]:  30%|██▉       | 5999/20000 [02:06<04:32, 51.31it/s, acc=0.306, device=mps, eta=4m56s, loss=1.9900, sps=47.3]
BC[stage1_datasets_L40_stepsweep/bc_baseline_none_steps20000_tr2]:  30%|███       | 6005/20000 [02:06<05:23, 43.31it/s, acc=0.306, device=mps, eta=4m56s, loss=1.9900, sps=47.3]
BC[stage1_datasets_L40_stepsweep/bc_baseline_none_steps20000_tr2]:  30%|███       | 6013/20000 [02:07<04:36, 50.66it/s, acc=0.306, device=mps, eta=4m56s, loss=1.9900, sps=47.3]
BC[stage1_datasets_L40_stepsweep/bc_baseline_none_steps20000_tr2]:  30%|███       | 6021/20000 [02:07<05:14, 44.46it/s, acc=0.306, device=mps, eta=4m56s, loss=1.9900, sps=47.3]
BC[stage1_datasets_L40_stepsweep/bc_baseline_none_steps20000_tr2]:  30%|███       | 6029/20000 [02:07<04:32, 51.36it/s, acc=0.306, device=mps, eta=4m56s, loss=1.9900, sps=47.3]
BC[stage1_datasets_L40_stepsweep/bc_baseline_none_steps20000_tr2]:  30%|███       | 6037/20000 [02:07<04:04, 57.00it/s, acc=0.306, device=mps, eta=4m56s, loss=1.9900, sps=47.3]
BC[stage1_datasets_L40_stepsweep/bc_baseline_none_steps20000_tr2]:  30%|███       | 6044/20000 [02:07<04:50, 48.08it/s, acc=0.306, device=mps, eta=4m56s, loss=1.9900, sps=47.3]
BC[stage1_datasets_L40_stepsweep/bc_baseline_none_steps20000_tr2]:  30%|███       | 6051/20000 [02:07<04:30, 51.49it/s, acc=0.306, device=mps, eta=4m56s, loss=1.9900, sps=47.3]
BC[stage1_datasets_L40_stepsweep/bc_baseline_none_steps20000_tr2]:  30%|███       | 6057/20000 [02:07<04:21, 53.34it/s, acc=0.306, device=mps, eta=4m56s, loss=1.9900, sps=47.3]
BC[stage1_datasets_L40_stepsweep/bc_baseline_none_steps20000_tr2]:  30%|███       | 6063/20000 [02:08<05:17, 43.94it/s, acc=0.306, device=mps, eta=4m56s, loss=1.9900, sps=47.3]
BC[stage1_datasets_L40_stepsweep/bc_baseline_none_steps20000_tr2]:  30%|███       | 6071/20000 [02:08<04:32, 51.18it/s, acc=0.306, device=mps, eta=4m56s, loss=1.9900, sps=47.3]
BC[stage1_datasets_L40_stepsweep/bc_baseline_none_steps20000_tr2]:  30%|███       | 6079/20000 [02:08<04:04, 56.91it/s, acc=0.306, device=mps, eta=4m56s, loss=1.9900, sps=47.3]
BC[stage1_datasets_L40_stepsweep/bc_baseline_none_steps20000_tr2]:  30%|███       | 6086/20000 [02:08<04:54, 47.27it/s, acc=0.306, device=mps, eta=4m56s, loss=1.9900, sps=47.3]
BC[stage1_datasets_L40_stepsweep/bc_baseline_none_steps20000_tr2]:  30%|███       | 6093/20000 [02:08<04:32, 51.01it/s, acc=0.306, device=mps, eta=4m56s, loss=1.9900, sps=47.3]
BC[stage1_datasets_L40_stepsweep/bc_baseline_none_steps20000_tr2]:  30%|███       | 6100/20000 [02:08<04:16, 54.14it/s, acc=0.306, device=mps, eta=4m56s, loss=1.9900, sps=47.3]
BC[stage1_datasets_L40_stepsweep/bc_baseline_none_steps20000_tr2]:  31%|███       | 6106/20000 [02:09<05:25, 42.69it/s, acc=0.306, device=mps, eta=4m56s, loss=1.9900, sps=47.3]
BC[stage1_datasets_L40_stepsweep/bc_baseline_none_steps20000_tr2]:  31%|███       | 6112/20000 [02:09<05:09, 44.87it/s, acc=0.306, device=mps, eta=4m56s, loss=1.9900, sps=47.3]
BC[stage1_datasets_L40_stepsweep/bc_baseline_none_steps20000_tr2]:  31%|███       | 6118/20000 [02:09<04:54, 47.19it/s, acc=0.306, device=mps, eta=4m56s, loss=1.9900, sps=47.3]
BC[stage1_datasets_L40_stepsweep/bc_baseline_none_steps20000_tr2]:  31%|███       | 6124/20000 [02:09<05:46, 40.02it/s, acc=0.306, device=mps, eta=4m56s, loss=1.9900, sps=47.3]
BC[stage1_datasets_L40_stepsweep/bc_baseline_none_steps20000_tr2]:  31%|███       | 6131/20000 [02:09<05:07, 45.07it/s, acc=0.306, device=mps, eta=4m56s, loss=1.9900, sps=47.3]
BC[stage1_datasets_L40_stepsweep/bc_baseline_none_steps20000_tr2]:  31%|███       | 6138/20000 [02:09<04:38, 49.75it/s, acc=0.306, device=mps, eta=4m56s, loss=1.9900, sps=47.3]
BC[stage1_datasets_L40_stepsweep/bc_baseline_none_steps20000_tr2]:  31%|███       | 6144/20000 [02:09<05:23, 42.79it/s, acc=0.306, device=mps, eta=4m56s, loss=1.9900, sps=47.3]
BC[stage1_datasets_L40_stepsweep/bc_baseline_none_steps20000_tr2]:  31%|███       | 6152/20000 [02:09<04:38, 49.80it/s, acc=0.306, device=mps, eta=4m56s, loss=1.9900, sps=47.3]
BC[stage1_datasets_L40_stepsweep/bc_baseline_none_steps20000_tr2]:  31%|███       | 6160/20000 [02:10<04:04, 56.58it/s, acc=0.306, device=mps, eta=4m56s, loss=1.9900, sps=47.3]
BC[stage1_datasets_L40_stepsweep/bc_baseline_none_steps20000_tr2]:  31%|███       | 6167/20000 [02:10<04:58, 46.37it/s, acc=0.306, device=mps, eta=4m56s, loss=1.9900, sps=47.3]
BC[stage1_datasets_L40_stepsweep/bc_baseline_none_steps20000_tr2]:  31%|███       | 6173/20000 [02:10<04:40, 49.31it/s, acc=0.306, device=mps, eta=4m56s, loss=1.9900, sps=47.3]
BC[stage1_datasets_L40_stepsweep/bc_baseline_none_steps20000_tr2]:  31%|███       | 6180/20000 [02:10<04:20, 52.99it/s, acc=0.306, device=mps, eta=4m56s, loss=1.9900, sps=47.3]
BC[stage1_datasets_L40_stepsweep/bc_baseline_none_steps20000_tr2]:  31%|███       | 6186/20000 [02:10<05:22, 42.82it/s, acc=0.306, device=mps, eta=4m56s, loss=1.9900, sps=47.3]
BC[stage1_datasets_L40_stepsweep/bc_baseline_none_steps20000_tr2]:  31%|███       | 6193/20000 [02:10<04:51, 47.39it/s, acc=0.306, device=mps, eta=4m56s, loss=1.9900, sps=47.3]
BC[stage1_datasets_L40_stepsweep/bc_baseline_none_steps20000_tr2]:  31%|███       | 6193/20000 [02:10<04:51, 47.39it/s, acc=0.305, device=mps, eta=4m51s, loss=1.9953, sps=47.4]
BC[stage1_datasets_L40_stepsweep/bc_baseline_none_steps20000_tr2]:  31%|███       | 6200/20000 [02:10<04:22, 52.56it/s, acc=0.305, device=mps, eta=4m51s, loss=1.9953, sps=47.4]
BC[stage1_datasets_L40_stepsweep/bc_baseline_none_steps20000_tr2]:  31%|███       | 6206/20000 [02:11<05:18, 43.29it/s, acc=0.305, device=mps, eta=4m51s, loss=1.9953, sps=47.4]
BC[stage1_datasets_L40_stepsweep/bc_baseline_none_steps20000_tr2]:  31%|███       | 6213/20000 [02:11<04:48, 47.76it/s, acc=0.305, device=mps, eta=4m51s, loss=1.9953, sps=47.4]
BC[stage1_datasets_L40_stepsweep/bc_baseline_none_steps20000_tr2]:  31%|███       | 6220/20000 [02:11<04:26, 51.64it/s, acc=0.305, device=mps, eta=4m51s, loss=1.9953, sps=47.4]
BC[stage1_datasets_L40_stepsweep/bc_baseline_none_steps20000_tr2]:  31%|███       | 6226/20000 [02:11<05:31, 41.52it/s, acc=0.305, device=mps, eta=4m51s, loss=1.9953, sps=47.4]
BC[stage1_datasets_L40_stepsweep/bc_baseline_none_steps20000_tr2]:  31%|███       | 6232/20000 [02:11<05:15, 43.70it/s, acc=0.305, device=mps, eta=4m51s, loss=1.9953, sps=47.4]
BC[stage1_datasets_L40_stepsweep/bc_baseline_none_steps20000_tr2]:  31%|███       | 6238/20000 [02:11<04:51, 47.20it/s, acc=0.305, device=mps, eta=4m51s, loss=1.9953, sps=47.4]
BC[stage1_datasets_L40_stepsweep/bc_baseline_none_steps20000_tr2]:  31%|███       | 6244/20000 [02:11<05:38, 40.60it/s, acc=0.305, device=mps, eta=4m51s, loss=1.9953, sps=47.4]
BC[stage1_datasets_L40_stepsweep/bc_baseline_none_steps20000_tr2]:  31%|███▏      | 6251/20000 [02:12<05:01, 45.68it/s, acc=0.305, device=mps, eta=4m51s, loss=1.9953, sps=47.4]
BC[stage1_datasets_L40_stepsweep/bc_baseline_none_steps20000_tr2]:  31%|███▏      | 6258/20000 [02:12<04:34, 50.01it/s, acc=0.305, device=mps, eta=4m51s, loss=1.9953, sps=47.4]
BC[stage1_datasets_L40_stepsweep/bc_baseline_none_steps20000_tr2]:  31%|███▏      | 6264/20000 [02:12<05:31, 41.47it/s, acc=0.305, device=mps, eta=4m51s, loss=1.9953, sps=47.4]
BC[stage1_datasets_L40_stepsweep/bc_baseline_none_steps20000_tr2]:  31%|███▏      | 6270/20000 [02:12<05:09, 44.37it/s, acc=0.305, device=mps, eta=4m51s, loss=1.9953, sps=47.4]
BC[stage1_datasets_L40_stepsweep/bc_baseline_none_steps20000_tr2]:  31%|███▏      | 6277/20000 [02:12<04:41, 48.67it/s, acc=0.305, device=mps, eta=4m51s, loss=1.9953, sps=47.4]
BC[stage1_datasets_L40_stepsweep/bc_baseline_none_steps20000_tr2]:  31%|███▏      | 6283/20000 [02:12<05:39, 40.46it/s, acc=0.305, device=mps, eta=4m51s, loss=1.9953, sps=47.4]
BC[stage1_datasets_L40_stepsweep/bc_baseline_none_steps20000_tr2]:  31%|███▏      | 6289/20000 [02:12<05:16, 43.28it/s, acc=0.305, device=mps, eta=4m51s, loss=1.9953, sps=47.4]
BC[stage1_datasets_L40_stepsweep/bc_baseline_none_steps20000_tr2]:  31%|███▏      | 6296/20000 [02:13<04:45, 47.95it/s, acc=0.305, device=mps, eta=4m51s, loss=1.9953, sps=47.4]
BC[stage1_datasets_L40_stepsweep/bc_baseline_none_steps20000_tr2]:  32%|███▏      | 6302/20000 [02:13<05:36, 40.71it/s, acc=0.305, device=mps, eta=4m51s, loss=1.9953, sps=47.4]
BC[stage1_datasets_L40_stepsweep/bc_baseline_none_steps20000_tr2]:  32%|███▏      | 6310/20000 [02:13<04:39, 48.95it/s, acc=0.305, device=mps, eta=4m51s, loss=1.9953, sps=47.4]
BC[stage1_datasets_L40_stepsweep/bc_baseline_none_steps20000_tr2]:  32%|███▏      | 6318/20000 [02:13<04:03, 56.20it/s, acc=0.305, device=mps, eta=4m51s, loss=1.9953, sps=47.4]
BC[stage1_datasets_L40_stepsweep/bc_baseline_none_steps20000_tr2]:  32%|███▏      | 6325/20000 [02:13<04:44, 47.99it/s, acc=0.305, device=mps, eta=4m51s, loss=1.9953, sps=47.4]
BC[stage1_datasets_L40_stepsweep/bc_baseline_none_steps20000_tr2]:  32%|███▏      | 6333/20000 [02:13<04:15, 53.55it/s, acc=0.305, device=mps, eta=4m51s, loss=1.9953, sps=47.4]
BC[stage1_datasets_L40_stepsweep/bc_baseline_none_steps20000_tr2]:  32%|███▏      | 6341/20000 [02:14<04:56, 46.05it/s, acc=0.305, device=mps, eta=4m51s, loss=1.9953, sps=47.4]
BC[stage1_datasets_L40_stepsweep/bc_baseline_none_steps20000_tr2]:  32%|███▏      | 6349/20000 [02:14<04:19, 52.54it/s, acc=0.305, device=mps, eta=4m51s, loss=1.9953, sps=47.4]
BC[stage1_datasets_L40_stepsweep/bc_baseline_none_steps20000_tr2]:  32%|███▏      | 6357/20000 [02:14<03:54, 58.12it/s, acc=0.305, device=mps, eta=4m51s, loss=1.9953, sps=47.4]
BC[stage1_datasets_L40_stepsweep/bc_baseline_none_steps20000_tr2]:  32%|███▏      | 6364/20000 [02:14<04:52, 46.63it/s, acc=0.305, device=mps, eta=4m51s, loss=1.9953, sps=47.4]
BC[stage1_datasets_L40_stepsweep/bc_baseline_none_steps20000_tr2]:  32%|███▏      | 6370/20000 [02:14<04:42, 48.22it/s, acc=0.305, device=mps, eta=4m51s, loss=1.9953, sps=47.4]
BC[stage1_datasets_L40_stepsweep/bc_baseline_none_steps20000_tr2]:  32%|███▏      | 6377/20000 [02:14<04:22, 51.85it/s, acc=0.305, device=mps, eta=4m51s, loss=1.9953, sps=47.4]
BC[stage1_datasets_L40_stepsweep/bc_baseline_none_steps20000_tr2]:  32%|███▏      | 6383/20000 [02:14<05:11, 43.65it/s, acc=0.305, device=mps, eta=4m51s, loss=1.9953, sps=47.4]
BC[stage1_datasets_L40_stepsweep/bc_baseline_none_steps20000_tr2]:  32%|███▏      | 6390/20000 [02:14<04:35, 49.32it/s, acc=0.305, device=mps, eta=4m51s, loss=1.9953, sps=47.4]
BC[stage1_datasets_L40_stepsweep/bc_baseline_none_steps20000_tr2]:  32%|███▏      | 6398/20000 [02:15<04:02, 56.12it/s, acc=0.305, device=mps, eta=4m51s, loss=1.9953, sps=47.4]
BC[stage1_datasets_L40_stepsweep/bc_baseline_none_steps20000_tr2]:  32%|███▏      | 6398/20000 [02:15<04:02, 56.12it/s, acc=0.305, device=mps, eta=4m47s, loss=1.9944, sps=47.4]
BC[stage1_datasets_L40_stepsweep/bc_baseline_none_steps20000_tr2]:  32%|███▏      | 6405/20000 [02:15<04:42, 48.12it/s, acc=0.305, device=mps, eta=4m47s, loss=1.9944, sps=47.4]
BC[stage1_datasets_L40_stepsweep/bc_baseline_none_steps20000_tr2]:  32%|███▏      | 6413/20000 [02:15<04:08, 54.67it/s, acc=0.305, device=mps, eta=4m47s, loss=1.9944, sps=47.4]
BC[stage1_datasets_L40_stepsweep/bc_baseline_none_steps20000_tr2]:  32%|███▏      | 6421/20000 [02:15<04:47, 47.22it/s, acc=0.305, device=mps, eta=4m47s, loss=1.9944, sps=47.4]
BC[stage1_datasets_L40_stepsweep/bc_baseline_none_steps20000_tr2]:  32%|███▏      | 6427/20000 [02:15<04:41, 48.18it/s, acc=0.305, device=mps, eta=4m47s, loss=1.9944, sps=47.4]
BC[stage1_datasets_L40_stepsweep/bc_baseline_none_steps20000_tr2]:  32%|███▏      | 6434/20000 [02:15<04:21, 51.82it/s, acc=0.305, device=mps, eta=4m47s, loss=1.9944, sps=47.4]
BC[stage1_datasets_L40_stepsweep/bc_baseline_none_steps20000_tr2]:  32%|███▏      | 6441/20000 [02:16<05:04, 44.49it/s, acc=0.305, device=mps, eta=4m47s, loss=1.9944, sps=47.4]
BC[stage1_datasets_L40_stepsweep/bc_baseline_none_steps20000_tr2]:  32%|███▏      | 6449/20000 [02:16<04:23, 51.37it/s, acc=0.305, device=mps, eta=4m47s, loss=1.9944, sps=47.4]
BC[stage1_datasets_L40_stepsweep/bc_baseline_none_steps20000_tr2]:  32%|███▏      | 6457/20000 [02:16<03:57, 57.00it/s, acc=0.305, device=mps, eta=4m47s, loss=1.9944, sps=47.4]
BC[stage1_datasets_L40_stepsweep/bc_baseline_none_steps20000_tr2]:  32%|███▏      | 6464/20000 [02:16<04:40, 48.33it/s, acc=0.305, device=mps, eta=4m47s, loss=1.9944, sps=47.4]
BC[stage1_datasets_L40_stepsweep/bc_baseline_none_steps20000_tr2]:  32%|███▏      | 6471/20000 [02:16<04:20, 51.88it/s, acc=0.305, device=mps, eta=4m47s, loss=1.9944, sps=47.4]
BC[stage1_datasets_L40_stepsweep/bc_baseline_none_steps20000_tr2]:  32%|███▏      | 6477/20000 [02:16<04:12, 53.53it/s, acc=0.305, device=mps, eta=4m47s, loss=1.9944, sps=47.4]
BC[stage1_datasets_L40_stepsweep/bc_baseline_none_steps20000_tr2]:  32%|███▏      | 6483/20000 [02:16<05:19, 42.36it/s, acc=0.305, device=mps, eta=4m47s, loss=1.9944, sps=47.4]
BC[stage1_datasets_L40_stepsweep/bc_baseline_none_steps20000_tr2]:  32%|███▏      | 6489/20000 [02:17<05:02, 44.68it/s, acc=0.305, device=mps, eta=4m47s, loss=1.9944, sps=47.4]
BC[stage1_datasets_L40_stepsweep/bc_baseline_none_steps20000_tr2]:  32%|███▏      | 6496/20000 [02:17<04:32, 49.50it/s, acc=0.305, device=mps, eta=4m47s, loss=1.9944, sps=47.4]
BC[stage1_datasets_L40_stepsweep/bc_baseline_none_steps20000_tr2]:  33%|███▎      | 6502/20000 [02:17<05:25, 41.46it/s, acc=0.305, device=mps, eta=4m47s, loss=1.9944, sps=47.4]
BC[stage1_datasets_L40_stepsweep/bc_baseline_none_steps20000_tr2]:  33%|███▎      | 6508/20000 [02:17<05:05, 44.13it/s, acc=0.305, device=mps, eta=4m47s, loss=1.9944, sps=47.4]
BC[stage1_datasets_L40_stepsweep/bc_baseline_none_steps20000_tr2]:  33%|███▎      | 6515/20000 [02:17<04:38, 48.47it/s, acc=0.305, device=mps, eta=4m47s, loss=1.9944, sps=47.4]
BC[stage1_datasets_L40_stepsweep/bc_baseline_none_steps20000_tr2]:  33%|███▎      | 6521/20000 [02:17<05:31, 40.70it/s, acc=0.305, device=mps, eta=4m47s, loss=1.9944, sps=47.4]
BC[stage1_datasets_L40_stepsweep/bc_baseline_none_steps20000_tr2]:  33%|███▎      | 6528/20000 [02:17<04:57, 45.29it/s, acc=0.305, device=mps, eta=4m47s, loss=1.9944, sps=47.4]
BC[stage1_datasets_L40_stepsweep/bc_baseline_none_steps20000_tr2]:  33%|███▎      | 6534/20000 [02:17<04:42, 47.67it/s, acc=0.305, device=mps, eta=4m47s, loss=1.9944, sps=47.4]
BC[stage1_datasets_L40_stepsweep/bc_baseline_none_steps20000_tr2]:  33%|███▎      | 6541/20000 [02:18<05:31, 40.56it/s, acc=0.305, device=mps, eta=4m47s, loss=1.9944, sps=47.4]
BC[stage1_datasets_L40_stepsweep/bc_baseline_none_steps20000_tr2]:  33%|███▎      | 6549/20000 [02:18<04:39, 48.21it/s, acc=0.305, device=mps, eta=4m47s, loss=1.9944, sps=47.4]
BC[stage1_datasets_L40_stepsweep/bc_baseline_none_steps20000_tr2]:  33%|███▎      | 6557/20000 [02:18<04:04, 54.93it/s, acc=0.305, device=mps, eta=4m47s, loss=1.9944, sps=47.4]
BC[stage1_datasets_L40_stepsweep/bc_baseline_none_steps20000_tr2]:  33%|███▎      | 6564/20000 [02:18<04:44, 47.18it/s, acc=0.305, device=mps, eta=4m47s, loss=1.9944, sps=47.4]
BC[stage1_datasets_L40_stepsweep/bc_baseline_none_steps20000_tr2]:  33%|███▎      | 6571/20000 [02:18<04:18, 52.04it/s, acc=0.305, device=mps, eta=4m47s, loss=1.9944, sps=47.4]
BC[stage1_datasets_L40_stepsweep/bc_baseline_none_steps20000_tr2]:  33%|███▎      | 6579/20000 [02:18<03:54, 57.22it/s, acc=0.305, device=mps, eta=4m47s, loss=1.9944, sps=47.4]
BC[stage1_datasets_L40_stepsweep/bc_baseline_none_steps20000_tr2]:  33%|███▎      | 6586/20000 [02:19<04:41, 47.57it/s, acc=0.305, device=mps, eta=4m47s, loss=1.9944, sps=47.4]
BC[stage1_datasets_L40_stepsweep/bc_baseline_none_steps20000_tr2]:  33%|███▎      | 6593/20000 [02:19<04:23, 50.85it/s, acc=0.305, device=mps, eta=4m47s, loss=1.9944, sps=47.4]
BC[stage1_datasets_L40_stepsweep/bc_baseline_none_steps20000_tr2]:  33%|███▎      | 6599/20000 [02:19<04:15, 52.40it/s, acc=0.305, device=mps, eta=4m47s, loss=1.9944, sps=47.4]
BC[stage1_datasets_L40_stepsweep/bc_baseline_none_steps20000_tr2]:  33%|███▎      | 6599/20000 [02:19<04:15, 52.40it/s, acc=0.306, device=mps, eta=4m43s, loss=1.9919, sps=47.4]
BC[stage1_datasets_L40_stepsweep/bc_baseline_none_steps20000_tr2]:  33%|███▎      | 6605/20000 [02:19<05:12, 42.83it/s, acc=0.306, device=mps, eta=4m43s, loss=1.9919, sps=47.4]
BC[stage1_datasets_L40_stepsweep/bc_baseline_none_steps20000_tr2]:  33%|███▎      | 6611/20000 [02:19<04:50, 46.05it/s, acc=0.306, device=mps, eta=4m43s, loss=1.9919, sps=47.4]
BC[stage1_datasets_L40_stepsweep/bc_baseline_none_steps20000_tr2]:  33%|███▎      | 6618/20000 [02:19<04:27, 49.97it/s, acc=0.306, device=mps, eta=4m43s, loss=1.9919, sps=47.4]
BC[stage1_datasets_L40_stepsweep/bc_baseline_none_steps20000_tr2]:  33%|███▎      | 6624/20000 [02:19<05:19, 41.93it/s, acc=0.306, device=mps, eta=4m43s, loss=1.9919, sps=47.4]
BC[stage1_datasets_L40_stepsweep/bc_baseline_none_steps20000_tr2]:  33%|███▎      | 6631/20000 [02:20<04:45, 46.78it/s, acc=0.306, device=mps, eta=4m43s, loss=1.9919, sps=47.4]
BC[stage1_datasets_L40_stepsweep/bc_baseline_none_steps20000_tr2]:  33%|███▎      | 6638/20000 [02:20<04:23, 50.73it/s, acc=0.306, device=mps, eta=4m43s, loss=1.9919, sps=47.4]
BC[stage1_datasets_L40_stepsweep/bc_baseline_none_steps20000_tr2]:  33%|███▎      | 6644/20000 [02:20<05:13, 42.63it/s, acc=0.306, device=mps, eta=4m43s, loss=1.9919, sps=47.4]
BC[stage1_datasets_L40_stepsweep/bc_baseline_none_steps20000_tr2]:  33%|███▎      | 6652/20000 [02:20<04:26, 50.09it/s, acc=0.306, device=mps, eta=4m43s, loss=1.9919, sps=47.4]
BC[stage1_datasets_L40_stepsweep/bc_baseline_none_steps20000_tr2]:  33%|███▎      | 6661/20000 [02:20<04:55, 45.11it/s, acc=0.306, device=mps, eta=4m43s, loss=1.9919, sps=47.4]
BC[stage1_datasets_L40_stepsweep/bc_baseline_none_steps20000_tr2]:  33%|███▎      | 6667/20000 [02:20<04:38, 47.88it/s, acc=0.306, device=mps, eta=4m43s, loss=1.9919, sps=47.4]
BC[stage1_datasets_L40_stepsweep/bc_baseline_none_steps20000_tr2]:  33%|███▎      | 6673/20000 [02:20<04:25, 50.14it/s, acc=0.306, device=mps, eta=4m43s, loss=1.9919, sps=47.4]
BC[stage1_datasets_L40_stepsweep/bc_baseline_none_steps20000_tr2]:  33%|███▎      | 6681/20000 [02:21<05:04, 43.77it/s, acc=0.306, device=mps, eta=4m43s, loss=1.9919, sps=47.4]
BC[stage1_datasets_L40_stepsweep/bc_baseline_none_steps20000_tr2]:  33%|███▎      | 6689/20000 [02:21<04:22, 50.69it/s, acc=0.306, device=mps, eta=4m43s, loss=1.9919, sps=47.4]
BC[stage1_datasets_L40_stepsweep/bc_baseline_none_steps20000_tr2]:  33%|███▎      | 6697/20000 [02:21<03:56, 56.37it/s, acc=0.306, device=mps, eta=4m43s, loss=1.9919, sps=47.4]
BC[stage1_datasets_L40_stepsweep/bc_baseline_none_steps20000_tr2]:  34%|███▎      | 6704/20000 [02:21<04:41, 47.26it/s, acc=0.306, device=mps, eta=4m43s, loss=1.9919, sps=47.4]
BC[stage1_datasets_L40_stepsweep/bc_baseline_none_steps20000_tr2]:  34%|███▎      | 6712/20000 [02:21<04:08, 53.56it/s, acc=0.306, device=mps, eta=4m43s, loss=1.9919, sps=47.4]
BC[stage1_datasets_L40_stepsweep/bc_baseline_none_steps20000_tr2]:  34%|███▎      | 6721/20000 [02:21<04:41, 47.25it/s, acc=0.306, device=mps, eta=4m43s, loss=1.9919, sps=47.4]
BC[stage1_datasets_L40_stepsweep/bc_baseline_none_steps20000_tr2]:  34%|███▎      | 6728/20000 [02:21<04:26, 49.82it/s, acc=0.306, device=mps, eta=4m43s, loss=1.9919, sps=47.4]
BC[stage1_datasets_L40_stepsweep/bc_baseline_none_steps20000_tr2]:  34%|███▎      | 6734/20000 [02:22<04:21, 50.64it/s, acc=0.306, device=mps, eta=4m43s, loss=1.9919, sps=47.4]
BC[stage1_datasets_L40_stepsweep/bc_baseline_none_steps20000_tr2]:  34%|███▎      | 6741/20000 [02:22<05:03, 43.65it/s, acc=0.306, device=mps, eta=4m43s, loss=1.9919, sps=47.4]
BC[stage1_datasets_L40_stepsweep/bc_baseline_none_steps20000_tr2]:  34%|███▎      | 6749/20000 [02:22<04:22, 50.52it/s, acc=0.306, device=mps, eta=4m43s, loss=1.9919, sps=47.4]
BC[stage1_datasets_L40_stepsweep/bc_baseline_none_steps20000_tr2]:  34%|███▍      | 6757/20000 [02:22<03:55, 56.26it/s, acc=0.306, device=mps, eta=4m43s, loss=1.9919, sps=47.4]
BC[stage1_datasets_L40_stepsweep/bc_baseline_none_steps20000_tr2]:  34%|███▍      | 6764/20000 [02:22<04:46, 46.25it/s, acc=0.306, device=mps, eta=4m43s, loss=1.9919, sps=47.4]
BC[stage1_datasets_L40_stepsweep/bc_baseline_none_steps20000_tr2]:  34%|███▍      | 6770/20000 [02:22<04:38, 47.44it/s, acc=0.306, device=mps, eta=4m43s, loss=1.9919, sps=47.4]
BC[stage1_datasets_L40_stepsweep/bc_baseline_none_steps20000_tr2]:  34%|███▍      | 6776/20000 [02:22<04:27, 49.42it/s, acc=0.306, device=mps, eta=4m43s, loss=1.9919, sps=47.4]
BC[stage1_datasets_L40_stepsweep/bc_baseline_none_steps20000_tr2]:  34%|███▍      | 6782/20000 [02:23<05:23, 40.84it/s, acc=0.306, device=mps, eta=4m43s, loss=1.9919, sps=47.4]
BC[stage1_datasets_L40_stepsweep/bc_baseline_none_steps20000_tr2]:  34%|███▍      | 6787/20000 [02:23<05:10, 42.57it/s, acc=0.306, device=mps, eta=4m43s, loss=1.9919, sps=47.4]
BC[stage1_datasets_L40_stepsweep/bc_baseline_none_steps20000_tr2]:  34%|███▍      | 6794/20000 [02:23<04:37, 47.61it/s, acc=0.306, device=mps, eta=4m43s, loss=1.9919, sps=47.4]
BC[stage1_datasets_L40_stepsweep/bc_baseline_none_steps20000_tr2]:  34%|███▍      | 6794/20000 [02:23<04:37, 47.61it/s, acc=0.305, device=mps, eta=4m39s, loss=1.9959, sps=47.4]
BC[stage1_datasets_L40_stepsweep/bc_baseline_none_steps20000_tr2]:  34%|███▍      | 6801/20000 [02:23<05:11, 42.37it/s, acc=0.305, device=mps, eta=4m39s, loss=1.9959, sps=47.4]
BC[stage1_datasets_L40_stepsweep/bc_baseline_none_steps20000_tr2]:  34%|███▍      | 6809/20000 [02:23<04:26, 49.54it/s, acc=0.305, device=mps, eta=4m39s, loss=1.9959, sps=47.4]
BC[stage1_datasets_L40_stepsweep/bc_baseline_none_steps20000_tr2]:  34%|███▍      | 6817/20000 [02:23<03:53, 56.56it/s, acc=0.305, device=mps, eta=4m39s, loss=1.9959, sps=47.4]
BC[stage1_datasets_L40_stepsweep/bc_baseline_none_steps20000_tr2]:  34%|███▍      | 6824/20000 [02:23<04:33, 48.11it/s, acc=0.305, device=mps, eta=4m39s, loss=1.9959, sps=47.4]
BC[stage1_datasets_L40_stepsweep/bc_baseline_none_steps20000_tr2]:  34%|███▍      | 6831/20000 [02:24<04:14, 51.80it/s, acc=0.305, device=mps, eta=4m39s, loss=1.9959, sps=47.4]
BC[stage1_datasets_L40_stepsweep/bc_baseline_none_steps20000_tr2]:  34%|███▍      | 6838/20000 [02:24<04:01, 54.56it/s, acc=0.305, device=mps, eta=4m39s, loss=1.9959, sps=47.4]
BC[stage1_datasets_L40_stepsweep/bc_baseline_none_steps20000_tr2]:  34%|███▍      | 6844/20000 [02:24<04:58, 44.07it/s, acc=0.305, device=mps, eta=4m39s, loss=1.9959, sps=47.4]
BC[stage1_datasets_L40_stepsweep/bc_baseline_none_steps20000_tr2]:  34%|███▍      | 6850/20000 [02:24<04:45, 46.02it/s, acc=0.305, device=mps, eta=4m39s, loss=1.9959, sps=47.4]
BC[stage1_datasets_L40_stepsweep/bc_baseline_none_steps20000_tr2]:  34%|███▍      | 6856/20000 [02:24<04:31, 48.40it/s, acc=0.305, device=mps, eta=4m39s, loss=1.9959, sps=47.4]
BC[stage1_datasets_L40_stepsweep/bc_baseline_none_steps20000_tr2]:  34%|███▍      | 6862/20000 [02:24<05:32, 39.48it/s, acc=0.305, device=mps, eta=4m39s, loss=1.9959, sps=47.4]
BC[stage1_datasets_L40_stepsweep/bc_baseline_none_steps20000_tr2]:  34%|███▍      | 6868/20000 [02:24<05:00, 43.75it/s, acc=0.305, device=mps, eta=4m39s, loss=1.9959, sps=47.4]
BC[stage1_datasets_L40_stepsweep/bc_baseline_none_steps20000_tr2]:  34%|███▍      | 6874/20000 [02:25<04:40, 46.72it/s, acc=0.305, device=mps, eta=4m39s, loss=1.9959, sps=47.4]
BC[stage1_datasets_L40_stepsweep/bc_baseline_none_steps20000_tr2]:  34%|███▍      | 6881/20000 [02:25<05:26, 40.21it/s, acc=0.305, device=mps, eta=4m39s, loss=1.9959, sps=47.4]
BC[stage1_datasets_L40_stepsweep/bc_baseline_none_steps20000_tr2]:  34%|███▍      | 6887/20000 [02:25<05:03, 43.15it/s, acc=0.305, device=mps, eta=4m39s, loss=1.9959, sps=47.4]
BC[stage1_datasets_L40_stepsweep/bc_baseline_none_steps20000_tr2]:  34%|███▍      | 6893/20000 [02:25<04:40, 46.65it/s, acc=0.305, device=mps, eta=4m39s, loss=1.9959, sps=47.4]
BC[stage1_datasets_L40_stepsweep/bc_baseline_none_steps20000_tr2]:  34%|███▍      | 6900/20000 [02:25<04:12, 51.96it/s, acc=0.305, device=mps, eta=4m39s, loss=1.9959, sps=47.4]
BC[stage1_datasets_L40_stepsweep/bc_baseline_none_steps20000_tr2]:  35%|███▍      | 6906/20000 [02:25<05:05, 42.86it/s, acc=0.305, device=mps, eta=4m39s, loss=1.9959, sps=47.4]
BC[stage1_datasets_L40_stepsweep/bc_baseline_none_steps20000_tr2]:  35%|███▍      | 6913/20000 [02:25<04:31, 48.18it/s, acc=0.305, device=mps, eta=4m39s, loss=1.9959, sps=47.4]
BC[stage1_datasets_L40_stepsweep/bc_baseline_none_steps20000_tr2]:  35%|███▍      | 6921/20000 [02:26<05:11, 42.00it/s, acc=0.305, device=mps, eta=4m39s, loss=1.9959, sps=47.4]
BC[stage1_datasets_L40_stepsweep/bc_baseline_none_steps20000_tr2]:  35%|███▍      | 6927/20000 [02:26<04:49, 45.09it/s, acc=0.305, device=mps, eta=4m39s, loss=1.9959, sps=47.4]
BC[stage1_datasets_L40_stepsweep/bc_baseline_none_steps20000_tr2]:  35%|███▍      | 6933/20000 [02:26<04:36, 47.30it/s, acc=0.305, device=mps, eta=4m39s, loss=1.9959, sps=47.4]
BC[stage1_datasets_L40_stepsweep/bc_baseline_none_steps20000_tr2]:  35%|███▍      | 6940/20000 [02:26<04:08, 52.64it/s, acc=0.305, device=mps, eta=4m39s, loss=1.9959, sps=47.4]
BC[stage1_datasets_L40_stepsweep/bc_baseline_none_steps20000_tr2]:  35%|███▍      | 6946/20000 [02:26<04:57, 43.85it/s, acc=0.305, device=mps, eta=4m39s, loss=1.9959, sps=47.4]
BC[stage1_datasets_L40_stepsweep/bc_baseline_none_steps20000_tr2]:  35%|███▍      | 6954/20000 [02:26<04:12, 51.73it/s, acc=0.305, device=mps, eta=4m39s, loss=1.9959, sps=47.4]
BC[stage1_datasets_L40_stepsweep/bc_baseline_none_steps20000_tr2]:  35%|███▍      | 6961/20000 [02:26<04:50, 44.89it/s, acc=0.305, device=mps, eta=4m39s, loss=1.9959, sps=47.4]
BC[stage1_datasets_L40_stepsweep/bc_baseline_none_steps20000_tr2]:  35%|███▍      | 6969/20000 [02:27<04:10, 51.92it/s, acc=0.305, device=mps, eta=4m39s, loss=1.9959, sps=47.4]
BC[stage1_datasets_L40_stepsweep/bc_baseline_none_steps20000_tr2]:  35%|███▍      | 6977/20000 [02:27<03:46, 57.61it/s, acc=0.305, device=mps, eta=4m39s, loss=1.9959, sps=47.4]
BC[stage1_datasets_L40_stepsweep/bc_baseline_none_steps20000_tr2]:  35%|███▍      | 6984/20000 [02:27<04:32, 47.68it/s, acc=0.305, device=mps, eta=4m39s, loss=1.9959, sps=47.4]
BC[stage1_datasets_L40_stepsweep/bc_baseline_none_steps20000_tr2]:  35%|███▍      | 6992/20000 [02:27<04:00, 54.06it/s, acc=0.305, device=mps, eta=4m39s, loss=1.9959, sps=47.4]
BC[stage1_datasets_L40_stepsweep/bc_baseline_none_steps20000_tr2]:  35%|███▍      | 6992/20000 [02:27<04:00, 54.06it/s, acc=0.306, device=mps, eta=4m34s, loss=1.9931, sps=47.4]
BC[stage1_datasets_L40_stepsweep/bc_baseline_none_steps20000_tr2]:  35%|███▌      | 7001/20000 [02:27<04:23, 49.28it/s, acc=0.306, device=mps, eta=4m34s, loss=1.9931, sps=47.4]
BC[stage1_datasets_L40_stepsweep/bc_baseline_none_steps20000_tr2]:  35%|███▌      | 7009/20000 [02:27<03:54, 55.29it/s, acc=0.306, device=mps, eta=4m34s, loss=1.9931, sps=47.4]
BC[stage1_datasets_L40_stepsweep/bc_baseline_none_steps20000_tr2]:  35%|███▌      | 7017/20000 [02:27<03:34, 60.43it/s, acc=0.306, device=mps, eta=4m34s, loss=1.9931, sps=47.4]
BC[stage1_datasets_L40_stepsweep/bc_baseline_none_steps20000_tr2]:  35%|███▌      | 7024/20000 [02:28<04:17, 50.32it/s, acc=0.306, device=mps, eta=4m34s, loss=1.9931, sps=47.4]
BC[stage1_datasets_L40_stepsweep/bc_baseline_none_steps20000_tr2]:  35%|███▌      | 7031/20000 [02:28<04:04, 53.09it/s, acc=0.306, device=mps, eta=4m34s, loss=1.9931, sps=47.4]
BC[stage1_datasets_L40_stepsweep/bc_baseline_none_steps20000_tr2]:  35%|███▌      | 7038/20000 [02:28<03:55, 55.13it/s, acc=0.306, device=mps, eta=4m34s, loss=1.9931, sps=47.4]
BC[stage1_datasets_L40_stepsweep/bc_baseline_none_steps20000_tr2]:  35%|███▌      | 7044/20000 [02:28<04:47, 45.07it/s, acc=0.306, device=mps, eta=4m34s, loss=1.9931, sps=47.4]
BC[stage1_datasets_L40_stepsweep/bc_baseline_none_steps20000_tr2]:  35%|███▌      | 7051/20000 [02:28<04:24, 48.96it/s, acc=0.306, device=mps, eta=4m34s, loss=1.9931, sps=47.4]
BC[stage1_datasets_L40_stepsweep/bc_baseline_none_steps20000_tr2]:  35%|███▌      | 7058/20000 [02:28<04:07, 52.39it/s, acc=0.306, device=mps, eta=4m34s, loss=1.9931, sps=47.4]
BC[stage1_datasets_L40_stepsweep/bc_baseline_none_steps20000_tr2]:  35%|███▌      | 7064/20000 [02:28<04:57, 43.50it/s, acc=0.306, device=mps, eta=4m34s, loss=1.9931, sps=47.4]
BC[stage1_datasets_L40_stepsweep/bc_baseline_none_steps20000_tr2]:  35%|███▌      | 7070/20000 [02:29<04:37, 46.51it/s, acc=0.306, device=mps, eta=4m34s, loss=1.9931, sps=47.4]
BC[stage1_datasets_L40_stepsweep/bc_baseline_none_steps20000_tr2]:  35%|███▌      | 7077/20000 [02:29<04:17, 50.15it/s, acc=0.306, device=mps, eta=4m34s, loss=1.9931, sps=47.4]
BC[stage1_datasets_L40_stepsweep/bc_baseline_none_steps20000_tr2]:  35%|███▌      | 7083/20000 [02:29<05:15, 40.90it/s, acc=0.306, device=mps, eta=4m34s, loss=1.9931, sps=47.4]
BC[stage1_datasets_L40_stepsweep/bc_baseline_none_steps20000_tr2]:  35%|███▌      | 7088/20000 [02:29<05:03, 42.56it/s, acc=0.306, device=mps, eta=4m34s, loss=1.9931, sps=47.4]
BC[stage1_datasets_L40_stepsweep/bc_baseline_none_steps20000_tr2]:  35%|███▌      | 7095/20000 [02:29<04:29, 47.82it/s, acc=0.306, device=mps, eta=4m34s, loss=1.9931, sps=47.4]
BC[stage1_datasets_L40_stepsweep/bc_baseline_none_steps20000_tr2]:  36%|███▌      | 7101/20000 [02:29<05:19, 40.34it/s, acc=0.306, device=mps, eta=4m34s, loss=1.9931, sps=47.4]
BC[stage1_datasets_L40_stepsweep/bc_baseline_none_steps20000_tr2]:  36%|███▌      | 7107/20000 [02:29<04:59, 43.01it/s, acc=0.306, device=mps, eta=4m34s, loss=1.9931, sps=47.4]
BC[stage1_datasets_L40_stepsweep/bc_baseline_none_steps20000_tr2]:  36%|███▌      | 7114/20000 [02:30<04:29, 47.89it/s, acc=0.306, device=mps, eta=4m34s, loss=1.9931, sps=47.4]
BC[stage1_datasets_L40_stepsweep/bc_baseline_none_steps20000_tr2]:  36%|███▌      | 7121/20000 [02:30<05:12, 41.21it/s, acc=0.306, device=mps, eta=4m34s, loss=1.9931, sps=47.4]
BC[stage1_datasets_L40_stepsweep/bc_baseline_none_steps20000_tr2]:  36%|███▌      | 7127/20000 [02:30<04:53, 43.87it/s, acc=0.306, device=mps, eta=4m34s, loss=1.9931, sps=47.4]
BC[stage1_datasets_L40_stepsweep/bc_baseline_none_steps20000_tr2]:  36%|███▌      | 7133/20000 [02:30<04:35, 46.73it/s, acc=0.306, device=mps, eta=4m34s, loss=1.9931, sps=47.4]
BC[stage1_datasets_L40_stepsweep/bc_baseline_none_steps20000_tr2]:  36%|███▌      | 7140/20000 [02:30<04:08, 51.66it/s, acc=0.306, device=mps, eta=4m34s, loss=1.9931, sps=47.4]
BC[stage1_datasets_L40_stepsweep/bc_baseline_none_steps20000_tr2]:  36%|███▌      | 7146/20000 [02:30<05:01, 42.57it/s, acc=0.306, device=mps, eta=4m34s, loss=1.9931, sps=47.4]
BC[stage1_datasets_L40_stepsweep/bc_baseline_none_steps20000_tr2]:  36%|███▌      | 7153/20000 [02:30<04:28, 47.80it/s, acc=0.306, device=mps, eta=4m34s, loss=1.9931, sps=47.4]
BC[stage1_datasets_L40_stepsweep/bc_baseline_none_steps20000_tr2]:  36%|███▌      | 7161/20000 [02:31<05:02, 42.41it/s, acc=0.306, device=mps, eta=4m34s, loss=1.9931, sps=47.4]
BC[stage1_datasets_L40_stepsweep/bc_baseline_none_steps20000_tr2]:  36%|███▌      | 7169/20000 [02:31<04:18, 49.61it/s, acc=0.306, device=mps, eta=4m34s, loss=1.9931, sps=47.4]
BC[stage1_datasets_L40_stepsweep/bc_baseline_none_steps20000_tr2]:  36%|███▌      | 7177/20000 [02:31<03:50, 55.62it/s, acc=0.306, device=mps, eta=4m34s, loss=1.9931, sps=47.4]
BC[stage1_datasets_L40_stepsweep/bc_baseline_none_steps20000_tr2]:  36%|███▌      | 7184/20000 [02:31<04:32, 47.09it/s, acc=0.306, device=mps, eta=4m34s, loss=1.9931, sps=47.4]
BC[stage1_datasets_L40_stepsweep/bc_baseline_none_steps20000_tr2]:  36%|███▌      | 7191/20000 [02:31<04:11, 50.91it/s, acc=0.306, device=mps, eta=4m34s, loss=1.9931, sps=47.4]
BC[stage1_datasets_L40_stepsweep/bc_baseline_none_steps20000_tr2]:  36%|███▌      | 7197/20000 [02:31<04:01, 52.92it/s, acc=0.306, device=mps, eta=4m34s, loss=1.9931, sps=47.4]
BC[stage1_datasets_L40_stepsweep/bc_baseline_none_steps20000_tr2]:  36%|███▌      | 7197/20000 [02:31<04:01, 52.92it/s, acc=0.304, device=mps, eta=4m30s, loss=1.9918, sps=47.4]
BC[stage1_datasets_L40_stepsweep/bc_baseline_none_steps20000_tr2]:  36%|███▌      | 7203/20000 [02:32<04:53, 43.65it/s, acc=0.304, device=mps, eta=4m30s, loss=1.9918, sps=47.4]
BC[stage1_datasets_L40_stepsweep/bc_baseline_none_steps20000_tr2]:  36%|███▌      | 7209/20000 [02:32<04:34, 46.62it/s, acc=0.304, device=mps, eta=4m30s, loss=1.9918, sps=47.4]
BC[stage1_datasets_L40_stepsweep/bc_baseline_none_steps20000_tr2]:  36%|███▌      | 7215/20000 [02:32<04:26, 48.03it/s, acc=0.304, device=mps, eta=4m30s, loss=1.9918, sps=47.4]
BC[stage1_datasets_L40_stepsweep/bc_baseline_none_steps20000_tr2]:  36%|███▌      | 7221/20000 [02:32<05:29, 38.80it/s, acc=0.304, device=mps, eta=4m30s, loss=1.9918, sps=47.4]
BC[stage1_datasets_L40_stepsweep/bc_baseline_none_steps20000_tr2]:  36%|███▌      | 7228/20000 [02:32<04:46, 44.59it/s, acc=0.304, device=mps, eta=4m30s, loss=1.9918, sps=47.4]
BC[stage1_datasets_L40_stepsweep/bc_baseline_none_steps20000_tr2]:  36%|███▌      | 7234/20000 [02:32<04:30, 47.28it/s, acc=0.304, device=mps, eta=4m30s, loss=1.9918, sps=47.4]
BC[stage1_datasets_L40_stepsweep/bc_baseline_none_steps20000_tr2]:  36%|███▌      | 7241/20000 [02:32<05:12, 40.82it/s, acc=0.304, device=mps, eta=4m30s, loss=1.9918, sps=47.4]
BC[stage1_datasets_L40_stepsweep/bc_baseline_none_steps20000_tr2]:  36%|███▌      | 7249/20000 [02:32<04:22, 48.56it/s, acc=0.304, device=mps, eta=4m30s, loss=1.9918, sps=47.4]
BC[stage1_datasets_L40_stepsweep/bc_baseline_none_steps20000_tr2]:  36%|███▋      | 7257/20000 [02:33<03:50, 55.19it/s, acc=0.304, device=mps, eta=4m30s, loss=1.9918, sps=47.4]
BC[stage1_datasets_L40_stepsweep/bc_baseline_none_steps20000_tr2]:  36%|███▋      | 7264/20000 [02:33<04:44, 44.76it/s, acc=0.304, device=mps, eta=4m30s, loss=1.9918, sps=47.4]
BC[stage1_datasets_L40_stepsweep/bc_baseline_none_steps20000_tr2]:  36%|███▋      | 7270/20000 [02:33<04:31, 46.91it/s, acc=0.304, device=mps, eta=4m30s, loss=1.9918, sps=47.4]
BC[stage1_datasets_L40_stepsweep/bc_baseline_none_steps20000_tr2]:  36%|███▋      | 7277/20000 [02:33<04:09, 51.00it/s, acc=0.304, device=mps, eta=4m30s, loss=1.9918, sps=47.4]
BC[stage1_datasets_L40_stepsweep/bc_baseline_none_steps20000_tr2]:  36%|███▋      | 7283/20000 [02:33<04:52, 43.46it/s, acc=0.304, device=mps, eta=4m30s, loss=1.9918, sps=47.4]
BC[stage1_datasets_L40_stepsweep/bc_baseline_none_steps20000_tr2]:  36%|███▋      | 7291/20000 [02:33<04:11, 50.47it/s, acc=0.304, device=mps, eta=4m30s, loss=1.9918, sps=47.4]
BC[stage1_datasets_L40_stepsweep/bc_baseline_none_steps20000_tr2]:  36%|███▋      | 7299/20000 [02:33<03:43, 56.92it/s, acc=0.304, device=mps, eta=4m30s, loss=1.9918, sps=47.4]
BC[stage1_datasets_L40_stepsweep/bc_baseline_none_steps20000_tr2]:  37%|███▋      | 7306/20000 [02:34<04:24, 48.07it/s, acc=0.304, device=mps, eta=4m30s, loss=1.9918, sps=47.4]
BC[stage1_datasets_L40_stepsweep/bc_baseline_none_steps20000_tr2]:  37%|███▋      | 7314/20000 [02:34<03:56, 53.70it/s, acc=0.304, device=mps, eta=4m30s, loss=1.9918, sps=47.4]
BC[stage1_datasets_L40_stepsweep/bc_baseline_none_steps20000_tr2]:  37%|███▋      | 7321/20000 [02:34<04:36, 45.82it/s, acc=0.304, device=mps, eta=4m30s, loss=1.9918, sps=47.4]
BC[stage1_datasets_L40_stepsweep/bc_baseline_none_steps20000_tr2]:  37%|███▋      | 7329/20000 [02:34<04:01, 52.38it/s, acc=0.304, device=mps, eta=4m30s, loss=1.9918, sps=47.4]
BC[stage1_datasets_L40_stepsweep/bc_baseline_none_steps20000_tr2]:  37%|███▋      | 7337/20000 [02:34<03:36, 58.54it/s, acc=0.304, device=mps, eta=4m30s, loss=1.9918, sps=47.4]
BC[stage1_datasets_L40_stepsweep/bc_baseline_none_steps20000_tr2]:  37%|███▋      | 7344/20000 [02:34<04:15, 49.54it/s, acc=0.304, device=mps, eta=4m30s, loss=1.9918, sps=47.4]
BC[stage1_datasets_L40_stepsweep/bc_baseline_none_steps20000_tr2]:  37%|███▋      | 7352/20000 [02:34<03:47, 55.50it/s, acc=0.304, device=mps, eta=4m30s, loss=1.9918, sps=47.4]
BC[stage1_datasets_L40_stepsweep/bc_baseline_none_steps20000_tr2]:  37%|███▋      | 7360/20000 [02:35<03:27, 60.88it/s, acc=0.304, device=mps, eta=4m30s, loss=1.9918, sps=47.4]
BC[stage1_datasets_L40_stepsweep/bc_baseline_none_steps20000_tr2]:  37%|███▋      | 7367/20000 [02:35<04:24, 47.74it/s, acc=0.304, device=mps, eta=4m30s, loss=1.9918, sps=47.4]
BC[stage1_datasets_L40_stepsweep/bc_baseline_none_steps20000_tr2]:  37%|███▋      | 7373/20000 [02:35<04:12, 50.10it/s, acc=0.304, device=mps, eta=4m30s, loss=1.9918, sps=47.4]
BC[stage1_datasets_L40_stepsweep/bc_baseline_none_steps20000_tr2]:  37%|███▋      | 7380/20000 [02:35<03:56, 53.43it/s, acc=0.304, device=mps, eta=4m30s, loss=1.9918, sps=47.4]
BC[stage1_datasets_L40_stepsweep/bc_baseline_none_steps20000_tr2]:  37%|███▋      | 7386/20000 [02:35<04:56, 42.54it/s, acc=0.304, device=mps, eta=4m30s, loss=1.9918, sps=47.4]
BC[stage1_datasets_L40_stepsweep/bc_baseline_none_steps20000_tr2]:  37%|███▋      | 7392/20000 [02:35<04:38, 45.33it/s, acc=0.304, device=mps, eta=4m30s, loss=1.9918, sps=47.4]
BC[stage1_datasets_L40_stepsweep/bc_baseline_none_steps20000_tr2]:  37%|███▋      | 7398/20000 [02:35<04:21, 48.19it/s, acc=0.304, device=mps, eta=4m30s, loss=1.9918, sps=47.4]
BC[stage1_datasets_L40_stepsweep/bc_baseline_none_steps20000_tr2]:  37%|███▋      | 7398/20000 [02:35<04:21, 48.19it/s, acc=0.308, device=mps, eta=4m26s, loss=1.9882, sps=47.4]
BC[stage1_datasets_L40_stepsweep/bc_baseline_none_steps20000_tr2]:  37%|███▋      | 7404/20000 [02:36<05:12, 40.37it/s, acc=0.308, device=mps, eta=4m26s, loss=1.9882, sps=47.4]
BC[stage1_datasets_L40_stepsweep/bc_baseline_none_steps20000_tr2]:  37%|███▋      | 7410/20000 [02:36<04:46, 43.90it/s, acc=0.308, device=mps, eta=4m26s, loss=1.9882, sps=47.4]
BC[stage1_datasets_L40_stepsweep/bc_baseline_none_steps20000_tr2]:  37%|███▋      | 7416/20000 [02:36<04:27, 47.12it/s, acc=0.308, device=mps, eta=4m26s, loss=1.9882, sps=47.4]
BC[stage1_datasets_L40_stepsweep/bc_baseline_none_steps20000_tr2]:  37%|███▋      | 7422/20000 [02:36<05:13, 40.10it/s, acc=0.308, device=mps, eta=4m26s, loss=1.9882, sps=47.4]
BC[stage1_datasets_L40_stepsweep/bc_baseline_none_steps20000_tr2]:  37%|███▋      | 7430/20000 [02:36<04:17, 48.82it/s, acc=0.308, device=mps, eta=4m26s, loss=1.9882, sps=47.4]
BC[stage1_datasets_L40_stepsweep/bc_baseline_none_steps20000_tr2]:  37%|███▋      | 7439/20000 [02:36<03:38, 57.59it/s, acc=0.308, device=mps, eta=4m26s, loss=1.9882, sps=47.4]
BC[stage1_datasets_L40_stepsweep/bc_baseline_none_steps20000_tr2]:  37%|███▋      | 7446/20000 [02:36<04:14, 49.41it/s, acc=0.308, device=mps, eta=4m26s, loss=1.9882, sps=47.4]
BC[stage1_datasets_L40_stepsweep/bc_baseline_none_steps20000_tr2]:  37%|███▋      | 7454/20000 [02:37<03:43, 56.01it/s, acc=0.308, device=mps, eta=4m26s, loss=1.9882, sps=47.4]
BC[stage1_datasets_L40_stepsweep/bc_baseline_none_steps20000_tr2]:  37%|███▋      | 7461/20000 [02:37<04:23, 47.60it/s, acc=0.308, device=mps, eta=4m26s, loss=1.9882, sps=47.4]
BC[stage1_datasets_L40_stepsweep/bc_baseline_none_steps20000_tr2]:  37%|███▋      | 7469/20000 [02:37<03:52, 53.97it/s, acc=0.308, device=mps, eta=4m26s, loss=1.9882, sps=47.4]
BC[stage1_datasets_L40_stepsweep/bc_baseline_none_steps20000_tr2]:  37%|███▋      | 7477/20000 [02:37<03:32, 59.03it/s, acc=0.308, device=mps, eta=4m26s, loss=1.9882, sps=47.4]
BC[stage1_datasets_L40_stepsweep/bc_baseline_none_steps20000_tr2]:  37%|███▋      | 7484/20000 [02:37<04:16, 48.76it/s, acc=0.308, device=mps, eta=4m26s, loss=1.9882, sps=47.4]
BC[stage1_datasets_L40_stepsweep/bc_baseline_none_steps20000_tr2]:  37%|███▋      | 7492/20000 [02:37<03:48, 54.80it/s, acc=0.308, device=mps, eta=4m26s, loss=1.9882, sps=47.4]
BC[stage1_datasets_L40_stepsweep/bc_baseline_none_steps20000_tr2]:  38%|███▊      | 7501/20000 [02:38<04:20, 47.89it/s, acc=0.308, device=mps, eta=4m26s, loss=1.9882, sps=47.4]
BC[stage1_datasets_L40_stepsweep/bc_baseline_none_steps20000_tr2]:  38%|███▊      | 7507/20000 [02:38<04:16, 48.65it/s, acc=0.308, device=mps, eta=4m26s, loss=1.9882, sps=47.4]
BC[stage1_datasets_L40_stepsweep/bc_baseline_none_steps20000_tr2]:  38%|███▊      | 7513/20000 [02:38<04:07, 50.48it/s, acc=0.308, device=mps, eta=4m26s, loss=1.9882, sps=47.4]
BC[stage1_datasets_L40_stepsweep/bc_baseline_none_steps20000_tr2]:  38%|███▊      | 7520/20000 [02:38<03:49, 54.32it/s, acc=0.308, device=mps, eta=4m26s, loss=1.9882, sps=47.4]
BC[stage1_datasets_L40_stepsweep/bc_baseline_none_steps20000_tr2]:  38%|███▊      | 7526/20000 [02:38<04:40, 44.41it/s, acc=0.308, device=mps, eta=4m26s, loss=1.9882, sps=47.4]
BC[stage1_datasets_L40_stepsweep/bc_baseline_none_steps20000_tr2]:  38%|███▊      | 7533/20000 [02:38<04:14, 49.00it/s, acc=0.308, device=mps, eta=4m26s, loss=1.9882, sps=47.4]
BC[stage1_datasets_L40_stepsweep/bc_baseline_none_steps20000_tr2]:  38%|███▊      | 7541/20000 [02:38<04:48, 43.16it/s, acc=0.308, device=mps, eta=4m26s, loss=1.9882, sps=47.4]
BC[stage1_datasets_L40_stepsweep/bc_baseline_none_steps20000_tr2]:  38%|███▊      | 7549/20000 [02:39<04:08, 50.12it/s, acc=0.308, device=mps, eta=4m26s, loss=1.9882, sps=47.4]
BC[stage1_datasets_L40_stepsweep/bc_baseline_none_steps20000_tr2]:  38%|███▊      | 7557/20000 [02:39<03:41, 56.09it/s, acc=0.308, device=mps, eta=4m26s, loss=1.9882, sps=47.4]
BC[stage1_datasets_L40_stepsweep/bc_baseline_none_steps20000_tr2]:  38%|███▊      | 7564/20000 [02:39<04:23, 47.27it/s, acc=0.308, device=mps, eta=4m26s, loss=1.9882, sps=47.4]
BC[stage1_datasets_L40_stepsweep/bc_baseline_none_steps20000_tr2]:  38%|███▊      | 7572/20000 [02:39<03:51, 53.65it/s, acc=0.308, device=mps, eta=4m26s, loss=1.9882, sps=47.4]
BC[stage1_datasets_L40_stepsweep/bc_baseline_none_steps20000_tr2]:  38%|███▊      | 7581/20000 [02:39<04:14, 48.87it/s, acc=0.308, device=mps, eta=4m26s, loss=1.9882, sps=47.4]
BC[stage1_datasets_L40_stepsweep/bc_baseline_none_steps20000_tr2]:  38%|███▊      | 7589/20000 [02:39<03:46, 54.68it/s, acc=0.308, device=mps, eta=4m26s, loss=1.9882, sps=47.4]
BC[stage1_datasets_L40_stepsweep/bc_baseline_none_steps20000_tr2]:  38%|███▊      | 7597/20000 [02:39<03:28, 59.61it/s, acc=0.308, device=mps, eta=4m26s, loss=1.9882, sps=47.4]
BC[stage1_datasets_L40_stepsweep/bc_baseline_none_steps20000_tr2]:  38%|███▊      | 7597/20000 [02:39<03:28, 59.61it/s, acc=0.303, device=mps, eta=4m21s, loss=1.9961, sps=47.5]
BC[stage1_datasets_L40_stepsweep/bc_baseline_none_steps20000_tr2]:  38%|███▊      | 7604/20000 [02:40<04:10, 49.57it/s, acc=0.303, device=mps, eta=4m21s, loss=1.9961, sps=47.5]
BC[stage1_datasets_L40_stepsweep/bc_baseline_none_steps20000_tr2]:  38%|███▊      | 7611/20000 [02:40<03:57, 52.17it/s, acc=0.303, device=mps, eta=4m21s, loss=1.9961, sps=47.5]
BC[stage1_datasets_L40_stepsweep/bc_baseline_none_steps20000_tr2]:  38%|███▊      | 7617/20000 [02:40<03:52, 53.35it/s, acc=0.303, device=mps, eta=4m21s, loss=1.9961, sps=47.5]
BC[stage1_datasets_L40_stepsweep/bc_baseline_none_steps20000_tr2]:  38%|███▊      | 7623/20000 [02:40<04:45, 43.42it/s, acc=0.303, device=mps, eta=4m21s, loss=1.9961, sps=47.5]
BC[stage1_datasets_L40_stepsweep/bc_baseline_none_steps20000_tr2]:  38%|███▊      | 7632/20000 [02:40<03:57, 52.03it/s, acc=0.303, device=mps, eta=4m21s, loss=1.9961, sps=47.5]
BC[stage1_datasets_L40_stepsweep/bc_baseline_none_steps20000_tr2]:  38%|███▊      | 7640/20000 [02:40<03:32, 58.11it/s, acc=0.303, device=mps, eta=4m21s, loss=1.9961, sps=47.5]
BC[stage1_datasets_L40_stepsweep/bc_baseline_none_steps20000_tr2]:  38%|███▊      | 7647/20000 [02:40<04:23, 46.94it/s, acc=0.303, device=mps, eta=4m21s, loss=1.9961, sps=47.5]
BC[stage1_datasets_L40_stepsweep/bc_baseline_none_steps20000_tr2]:  38%|███▊      | 7653/20000 [02:41<04:10, 49.36it/s, acc=0.303, device=mps, eta=4m21s, loss=1.9961, sps=47.5]
BC[stage1_datasets_L40_stepsweep/bc_baseline_none_steps20000_tr2]:  38%|███▊      | 7659/20000 [02:41<03:58, 51.75it/s, acc=0.303, device=mps, eta=4m21s, loss=1.9961, sps=47.5]
BC[stage1_datasets_L40_stepsweep/bc_baseline_none_steps20000_tr2]:  38%|███▊      | 7665/20000 [02:41<04:50, 42.42it/s, acc=0.303, device=mps, eta=4m21s, loss=1.9961, sps=47.5]
BC[stage1_datasets_L40_stepsweep/bc_baseline_none_steps20000_tr2]:  38%|███▊      | 7671/20000 [02:41<04:32, 45.32it/s, acc=0.303, device=mps, eta=4m21s, loss=1.9961, sps=47.5]
BC[stage1_datasets_L40_stepsweep/bc_baseline_none_steps20000_tr2]:  38%|███▊      | 7678/20000 [02:41<04:05, 50.17it/s, acc=0.303, device=mps, eta=4m21s, loss=1.9961, sps=47.5]
BC[stage1_datasets_L40_stepsweep/bc_baseline_none_steps20000_tr2]:  38%|███▊      | 7684/20000 [02:41<05:07, 40.08it/s, acc=0.303, device=mps, eta=4m21s, loss=1.9961, sps=47.5]
BC[stage1_datasets_L40_stepsweep/bc_baseline_none_steps20000_tr2]:  38%|███▊      | 7690/20000 [02:41<04:39, 44.10it/s, acc=0.303, device=mps, eta=4m21s, loss=1.9961, sps=47.5]
BC[stage1_datasets_L40_stepsweep/bc_baseline_none_steps20000_tr2]:  38%|███▊      | 7697/20000 [02:42<04:08, 49.47it/s, acc=0.303, device=mps, eta=4m21s, loss=1.9961, sps=47.5]
BC[stage1_datasets_L40_stepsweep/bc_baseline_none_steps20000_tr2]:  39%|███▊      | 7703/20000 [02:42<04:59, 41.13it/s, acc=0.303, device=mps, eta=4m21s, loss=1.9961, sps=47.5]
BC[stage1_datasets_L40_stepsweep/bc_baseline_none_steps20000_tr2]:  39%|███▊      | 7708/20000 [02:42<04:45, 43.05it/s, acc=0.303, device=mps, eta=4m21s, loss=1.9961, sps=47.5]
BC[stage1_datasets_L40_stepsweep/bc_baseline_none_steps20000_tr2]:  39%|███▊      | 7715/20000 [02:42<04:15, 48.18it/s, acc=0.303, device=mps, eta=4m21s, loss=1.9961, sps=47.5]
BC[stage1_datasets_L40_stepsweep/bc_baseline_none_steps20000_tr2]:  39%|███▊      | 7721/20000 [02:42<04:53, 41.86it/s, acc=0.303, device=mps, eta=4m21s, loss=1.9961, sps=47.5]
BC[stage1_datasets_L40_stepsweep/bc_baseline_none_steps20000_tr2]:  39%|███▊      | 7729/20000 [02:42<04:08, 49.43it/s, acc=0.303, device=mps, eta=4m21s, loss=1.9961, sps=47.5]
BC[stage1_datasets_L40_stepsweep/bc_baseline_none_steps20000_tr2]:  39%|███▊      | 7737/20000 [02:42<03:37, 56.47it/s, acc=0.303, device=mps, eta=4m21s, loss=1.9961, sps=47.5]
BC[stage1_datasets_L40_stepsweep/bc_baseline_none_steps20000_tr2]:  39%|███▊      | 7744/20000 [02:43<04:22, 46.71it/s, acc=0.303, device=mps, eta=4m21s, loss=1.9961, sps=47.5]
BC[stage1_datasets_L40_stepsweep/bc_baseline_none_steps20000_tr2]:  39%|███▉      | 7750/20000 [02:43<04:21, 46.90it/s, acc=0.303, device=mps, eta=4m21s, loss=1.9961, sps=47.5]
BC[stage1_datasets_L40_stepsweep/bc_baseline_none_steps20000_tr2]:  39%|███▉      | 7756/20000 [02:43<04:08, 49.35it/s, acc=0.303, device=mps, eta=4m21s, loss=1.9961, sps=47.5]
BC[stage1_datasets_L40_stepsweep/bc_baseline_none_steps20000_tr2]:  39%|███▉      | 7762/20000 [02:43<05:01, 40.61it/s, acc=0.303, device=mps, eta=4m21s, loss=1.9961, sps=47.5]
BC[stage1_datasets_L40_stepsweep/bc_baseline_none_steps20000_tr2]:  39%|███▉      | 7769/20000 [02:43<04:30, 45.18it/s, acc=0.303, device=mps, eta=4m21s, loss=1.9961, sps=47.5]
BC[stage1_datasets_L40_stepsweep/bc_baseline_none_steps20000_tr2]:  39%|███▉      | 7775/20000 [02:43<04:16, 47.63it/s, acc=0.303, device=mps, eta=4m21s, loss=1.9961, sps=47.5]
BC[stage1_datasets_L40_stepsweep/bc_baseline_none_steps20000_tr2]:  39%|███▉      | 7781/20000 [02:43<05:05, 39.98it/s, acc=0.303, device=mps, eta=4m21s, loss=1.9961, sps=47.5]
BC[stage1_datasets_L40_stepsweep/bc_baseline_none_steps20000_tr2]:  39%|███▉      | 7789/20000 [02:44<04:14, 47.97it/s, acc=0.303, device=mps, eta=4m21s, loss=1.9961, sps=47.5]
BC[stage1_datasets_L40_stepsweep/bc_baseline_none_steps20000_tr2]:  39%|███▉      | 7797/20000 [02:44<03:43, 54.67it/s, acc=0.303, device=mps, eta=4m21s, loss=1.9961, sps=47.5]
BC[stage1_datasets_L40_stepsweep/bc_baseline_none_steps20000_tr2]:  39%|███▉      | 7797/20000 [02:44<03:43, 54.67it/s, acc=0.308, device=mps, eta=4m17s, loss=1.9844, sps=47.5]
BC[stage1_datasets_L40_stepsweep/bc_baseline_none_steps20000_tr2]:  39%|███▉      | 7804/20000 [02:44<04:22, 46.46it/s, acc=0.308, device=mps, eta=4m17s, loss=1.9844, sps=47.5]
BC[stage1_datasets_L40_stepsweep/bc_baseline_none_steps20000_tr2]:  39%|███▉      | 7811/20000 [02:44<04:02, 50.20it/s, acc=0.308, device=mps, eta=4m17s, loss=1.9844, sps=47.5]
BC[stage1_datasets_L40_stepsweep/bc_baseline_none_steps20000_tr2]:  39%|███▉      | 7818/20000 [02:44<03:50, 52.85it/s, acc=0.308, device=mps, eta=4m17s, loss=1.9844, sps=47.5]
BC[stage1_datasets_L40_stepsweep/bc_baseline_none_steps20000_tr2]:  39%|███▉      | 7824/20000 [02:44<04:41, 43.30it/s, acc=0.308, device=mps, eta=4m17s, loss=1.9844, sps=47.5]
BC[stage1_datasets_L40_stepsweep/bc_baseline_none_steps20000_tr2]:  39%|███▉      | 7830/20000 [02:44<04:27, 45.49it/s, acc=0.308, device=mps, eta=4m17s, loss=1.9844, sps=47.5]
BC[stage1_datasets_L40_stepsweep/bc_baseline_none_steps20000_tr2]:  39%|███▉      | 7836/20000 [02:44<04:09, 48.76it/s, acc=0.308, device=mps, eta=4m17s, loss=1.9844, sps=47.5]
BC[stage1_datasets_L40_stepsweep/bc_baseline_none_steps20000_tr2]:  39%|███▉      | 7842/20000 [02:45<04:58, 40.67it/s, acc=0.308, device=mps, eta=4m17s, loss=1.9844, sps=47.5]
BC[stage1_datasets_L40_stepsweep/bc_baseline_none_steps20000_tr2]:  39%|███▉      | 7850/20000 [02:45<04:07, 49.04it/s, acc=0.308, device=mps, eta=4m17s, loss=1.9844, sps=47.5]
BC[stage1_datasets_L40_stepsweep/bc_baseline_none_steps20000_tr2]:  39%|███▉      | 7859/20000 [02:45<03:30, 57.59it/s, acc=0.308, device=mps, eta=4m17s, loss=1.9844, sps=47.5]
BC[stage1_datasets_L40_stepsweep/bc_baseline_none_steps20000_tr2]:  39%|███▉      | 7866/20000 [02:45<04:04, 49.53it/s, acc=0.308, device=mps, eta=4m17s, loss=1.9844, sps=47.5]
BC[stage1_datasets_L40_stepsweep/bc_baseline_none_steps20000_tr2]:  39%|███▉      | 7875/20000 [02:45<03:32, 57.03it/s, acc=0.308, device=mps, eta=4m17s, loss=1.9844, sps=47.5]
BC[stage1_datasets_L40_stepsweep/bc_baseline_none_steps20000_tr2]:  39%|███▉      | 7882/20000 [02:45<04:11, 48.14it/s, acc=0.308, device=mps, eta=4m17s, loss=1.9844, sps=47.5]
BC[stage1_datasets_L40_stepsweep/bc_baseline_none_steps20000_tr2]:  39%|███▉      | 7890/20000 [02:46<03:41, 54.56it/s, acc=0.308, device=mps, eta=4m17s, loss=1.9844, sps=47.5]
BC[stage1_datasets_L40_stepsweep/bc_baseline_none_steps20000_tr2]:  39%|███▉      | 7898/20000 [02:46<03:20, 60.45it/s, acc=0.308, device=mps, eta=4m17s, loss=1.9844, sps=47.5]
BC[stage1_datasets_L40_stepsweep/bc_baseline_none_steps20000_tr2]:  40%|███▉      | 7905/20000 [02:46<04:02, 49.93it/s, acc=0.308, device=mps, eta=4m17s, loss=1.9844, sps=47.5]
BC[stage1_datasets_L40_stepsweep/bc_baseline_none_steps20000_tr2]:  40%|███▉      | 7913/20000 [02:46<03:36, 55.78it/s, acc=0.308, device=mps, eta=4m17s, loss=1.9844, sps=47.5]
BC[stage1_datasets_L40_stepsweep/bc_baseline_none_steps20000_tr2]:  40%|███▉      | 7921/20000 [02:46<04:13, 47.61it/s, acc=0.308, device=mps, eta=4m17s, loss=1.9844, sps=47.5]
BC[stage1_datasets_L40_stepsweep/bc_baseline_none_steps20000_tr2]:  40%|███▉      | 7929/20000 [02:46<03:44, 53.69it/s, acc=0.308, device=mps, eta=4m17s, loss=1.9844, sps=47.5]
BC[stage1_datasets_L40_stepsweep/bc_baseline_none_steps20000_tr2]:  40%|███▉      | 7937/20000 [02:46<03:26, 58.55it/s, acc=0.308, device=mps, eta=4m17s, loss=1.9844, sps=47.5]
BC[stage1_datasets_L40_stepsweep/bc_baseline_none_steps20000_tr2]:  40%|███▉      | 7944/20000 [02:47<04:08, 48.50it/s, acc=0.308, device=mps, eta=4m17s, loss=1.9844, sps=47.5]
BC[stage1_datasets_L40_stepsweep/bc_baseline_none_steps20000_tr2]:  40%|███▉      | 7952/20000 [02:47<03:41, 54.51it/s, acc=0.308, device=mps, eta=4m17s, loss=1.9844, sps=47.5]
BC[stage1_datasets_L40_stepsweep/bc_baseline_none_steps20000_tr2]:  40%|███▉      | 7960/20000 [02:47<03:19, 60.26it/s, acc=0.308, device=mps, eta=4m17s, loss=1.9844, sps=47.5]
BC[stage1_datasets_L40_stepsweep/bc_baseline_none_steps20000_tr2]:  40%|███▉      | 7967/20000 [02:47<04:05, 48.93it/s, acc=0.308, device=mps, eta=4m17s, loss=1.9844, sps=47.5]
BC[stage1_datasets_L40_stepsweep/bc_baseline_none_steps20000_tr2]:  40%|███▉      | 7974/20000 [02:47<03:51, 51.91it/s, acc=0.308, device=mps, eta=4m17s, loss=1.9844, sps=47.5]
BC[stage1_datasets_L40_stepsweep/bc_baseline_none_steps20000_tr2]:  40%|███▉      | 7981/20000 [02:47<04:36, 43.44it/s, acc=0.308, device=mps, eta=4m17s, loss=1.9844, sps=47.5]
BC[stage1_datasets_L40_stepsweep/bc_baseline_none_steps20000_tr2]:  40%|███▉      | 7989/20000 [02:47<03:59, 50.20it/s, acc=0.308, device=mps, eta=4m17s, loss=1.9844, sps=47.5]
BC[stage1_datasets_L40_stepsweep/bc_baseline_none_steps20000_tr2]:  40%|███▉      | 7997/20000 [02:48<03:33, 56.26it/s, acc=0.308, device=mps, eta=4m17s, loss=1.9844, sps=47.5]
BC[stage1_datasets_L40_stepsweep/bc_baseline_none_steps20000_tr2]:  40%|███▉      | 7997/20000 [02:48<03:33, 56.26it/s, acc=0.304, device=mps, eta=4m12s, loss=1.9975, sps=47.6]
BC[stage1_datasets_L40_stepsweep/bc_baseline_none_steps20000_tr2]:  40%|████      | 8004/20000 [02:48<04:09, 48.11it/s, acc=0.304, device=mps, eta=4m12s, loss=1.9975, sps=47.6]
BC[stage1_datasets_L40_stepsweep/bc_baseline_none_steps20000_tr2]:  40%|████      | 8011/20000 [02:48<03:48, 52.54it/s, acc=0.304, device=mps, eta=4m12s, loss=1.9975, sps=47.6]
BC[stage1_datasets_L40_stepsweep/bc_baseline_none_steps20000_tr2]:  40%|████      | 8018/20000 [02:48<03:31, 56.63it/s, acc=0.304, device=mps, eta=4m12s, loss=1.9975, sps=47.6]
BC[stage1_datasets_L40_stepsweep/bc_baseline_none_steps20000_tr2]:  40%|████      | 8025/20000 [02:48<04:15, 46.93it/s, acc=0.304, device=mps, eta=4m12s, loss=1.9975, sps=47.6]
BC[stage1_datasets_L40_stepsweep/bc_baseline_none_steps20000_tr2]:  40%|████      | 8031/20000 [02:48<04:01, 49.56it/s, acc=0.304, device=mps, eta=4m12s, loss=1.9975, sps=47.6]
BC[stage1_datasets_L40_stepsweep/bc_baseline_none_steps20000_tr2]:  40%|████      | 8037/20000 [02:48<03:50, 51.98it/s, acc=0.304, device=mps, eta=4m12s, loss=1.9975, sps=47.6]
BC[stage1_datasets_L40_stepsweep/bc_baseline_none_steps20000_tr2]:  40%|████      | 8043/20000 [02:49<04:32, 43.85it/s, acc=0.304, device=mps, eta=4m12s, loss=1.9975, sps=47.6]
BC[stage1_datasets_L40_stepsweep/bc_baseline_none_steps20000_tr2]:  40%|████      | 8051/20000 [02:49<03:52, 51.34it/s, acc=0.304, device=mps, eta=4m12s, loss=1.9975, sps=47.6]
BC[stage1_datasets_L40_stepsweep/bc_baseline_none_steps20000_tr2]:  40%|████      | 8059/20000 [02:49<03:25, 57.97it/s, acc=0.304, device=mps, eta=4m12s, loss=1.9975, sps=47.6]
BC[stage1_datasets_L40_stepsweep/bc_baseline_none_steps20000_tr2]:  40%|████      | 8066/20000 [02:49<04:05, 48.58it/s, acc=0.304, device=mps, eta=4m12s, loss=1.9975, sps=47.6]
BC[stage1_datasets_L40_stepsweep/bc_baseline_none_steps20000_tr2]:  40%|████      | 8073/20000 [02:49<03:44, 53.11it/s, acc=0.304, device=mps, eta=4m12s, loss=1.9975, sps=47.6]
BC[stage1_datasets_L40_stepsweep/bc_baseline_none_steps20000_tr2]:  40%|████      | 8080/20000 [02:49<03:29, 56.81it/s, acc=0.304, device=mps, eta=4m12s, loss=1.9975, sps=47.6]
BC[stage1_datasets_L40_stepsweep/bc_baseline_none_steps20000_tr2]:  40%|████      | 8087/20000 [02:49<04:24, 44.98it/s, acc=0.304, device=mps, eta=4m12s, loss=1.9975, sps=47.6]
BC[stage1_datasets_L40_stepsweep/bc_baseline_none_steps20000_tr2]:  40%|████      | 8093/20000 [02:50<04:10, 47.52it/s, acc=0.304, device=mps, eta=4m12s, loss=1.9975, sps=47.6]
BC[stage1_datasets_L40_stepsweep/bc_baseline_none_steps20000_tr2]:  40%|████      | 8099/20000 [02:50<03:57, 50.04it/s, acc=0.304, device=mps, eta=4m12s, loss=1.9975, sps=47.6]
BC[stage1_datasets_L40_stepsweep/bc_baseline_none_steps20000_tr2]:  41%|████      | 8105/20000 [02:50<04:45, 41.72it/s, acc=0.304, device=mps, eta=4m12s, loss=1.9975, sps=47.6]
BC[stage1_datasets_L40_stepsweep/bc_baseline_none_steps20000_tr2]:  41%|████      | 8112/20000 [02:50<04:16, 46.26it/s, acc=0.304, device=mps, eta=4m12s, loss=1.9975, sps=47.6]
BC[stage1_datasets_L40_stepsweep/bc_baseline_none_steps20000_tr2]:  41%|████      | 8119/20000 [02:50<03:55, 50.36it/s, acc=0.304, device=mps, eta=4m12s, loss=1.9975, sps=47.6]
BC[stage1_datasets_L40_stepsweep/bc_baseline_none_steps20000_tr2]:  41%|████      | 8125/20000 [02:50<04:40, 42.36it/s, acc=0.304, device=mps, eta=4m12s, loss=1.9975, sps=47.6]
BC[stage1_datasets_L40_stepsweep/bc_baseline_none_steps20000_tr2]:  41%|████      | 8131/20000 [02:50<04:18, 45.94it/s, acc=0.304, device=mps, eta=4m12s, loss=1.9975, sps=47.6]
BC[stage1_datasets_L40_stepsweep/bc_baseline_none_steps20000_tr2]:  41%|████      | 8138/20000 [02:50<03:56, 50.16it/s, acc=0.304, device=mps, eta=4m12s, loss=1.9975, sps=47.6]
BC[stage1_datasets_L40_stepsweep/bc_baseline_none_steps20000_tr2]:  41%|████      | 8144/20000 [02:51<04:41, 42.17it/s, acc=0.304, device=mps, eta=4m12s, loss=1.9975, sps=47.6]
BC[stage1_datasets_L40_stepsweep/bc_baseline_none_steps20000_tr2]:  41%|████      | 8150/20000 [02:51<04:18, 45.76it/s, acc=0.304, device=mps, eta=4m12s, loss=1.9975, sps=47.6]
BC[stage1_datasets_L40_stepsweep/bc_baseline_none_steps20000_tr2]:  41%|████      | 8156/20000 [02:51<04:02, 48.82it/s, acc=0.304, device=mps, eta=4m12s, loss=1.9975, sps=47.6]
BC[stage1_datasets_L40_stepsweep/bc_baseline_none_steps20000_tr2]:  41%|████      | 8162/20000 [02:51<04:49, 40.94it/s, acc=0.304, device=mps, eta=4m12s, loss=1.9975, sps=47.6]
BC[stage1_datasets_L40_stepsweep/bc_baseline_none_steps20000_tr2]:  41%|████      | 8170/20000 [02:51<04:01, 48.96it/s, acc=0.304, device=mps, eta=4m12s, loss=1.9975, sps=47.6]
BC[stage1_datasets_L40_stepsweep/bc_baseline_none_steps20000_tr2]:  41%|████      | 8178/20000 [02:51<03:33, 55.37it/s, acc=0.304, device=mps, eta=4m12s, loss=1.9975, sps=47.6]
BC[stage1_datasets_L40_stepsweep/bc_baseline_none_steps20000_tr2]:  41%|████      | 8185/20000 [02:51<04:13, 46.69it/s, acc=0.304, device=mps, eta=4m12s, loss=1.9975, sps=47.6]
BC[stage1_datasets_L40_stepsweep/bc_baseline_none_steps20000_tr2]:  41%|████      | 8192/20000 [02:52<03:54, 50.46it/s, acc=0.304, device=mps, eta=4m12s, loss=1.9975, sps=47.6]
BC[stage1_datasets_L40_stepsweep/bc_baseline_none_steps20000_tr2]:  41%|████      | 8198/20000 [02:52<03:44, 52.56it/s, acc=0.304, device=mps, eta=4m12s, loss=1.9975, sps=47.6]
BC[stage1_datasets_L40_stepsweep/bc_baseline_none_steps20000_tr2]:  41%|████      | 8198/20000 [02:52<03:44, 52.56it/s, acc=0.311, device=mps, eta=4m08s, loss=1.9830, sps=47.6]
BC[stage1_datasets_L40_stepsweep/bc_baseline_none_steps20000_tr2]:  41%|████      | 8204/20000 [02:52<04:37, 42.58it/s, acc=0.311, device=mps, eta=4m08s, loss=1.9830, sps=47.6]
BC[stage1_datasets_L40_stepsweep/bc_baseline_none_steps20000_tr2]:  41%|████      | 8210/20000 [02:52<04:19, 45.38it/s, acc=0.311, device=mps, eta=4m08s, loss=1.9830, sps=47.6]
BC[stage1_datasets_L40_stepsweep/bc_baseline_none_steps20000_tr2]:  41%|████      | 8216/20000 [02:52<04:08, 47.50it/s, acc=0.311, device=mps, eta=4m08s, loss=1.9830, sps=47.6]
BC[stage1_datasets_L40_stepsweep/bc_baseline_none_steps20000_tr2]:  41%|████      | 8222/20000 [02:52<04:57, 39.56it/s, acc=0.311, device=mps, eta=4m08s, loss=1.9830, sps=47.6]
BC[stage1_datasets_L40_stepsweep/bc_baseline_none_steps20000_tr2]:  41%|████      | 8230/20000 [02:52<04:05, 47.88it/s, acc=0.311, device=mps, eta=4m08s, loss=1.9830, sps=47.6]
BC[stage1_datasets_L40_stepsweep/bc_baseline_none_steps20000_tr2]:  41%|████      | 8238/20000 [02:53<03:35, 54.65it/s, acc=0.311, device=mps, eta=4m08s, loss=1.9830, sps=47.6]
BC[stage1_datasets_L40_stepsweep/bc_baseline_none_steps20000_tr2]:  41%|████      | 8245/20000 [02:53<04:12, 46.54it/s, acc=0.311, device=mps, eta=4m08s, loss=1.9830, sps=47.6]
BC[stage1_datasets_L40_stepsweep/bc_baseline_none_steps20000_tr2]:  41%|████▏     | 8252/20000 [02:53<03:50, 50.89it/s, acc=0.311, device=mps, eta=4m08s, loss=1.9830, sps=47.6]
BC[stage1_datasets_L40_stepsweep/bc_baseline_none_steps20000_tr2]:  41%|████▏     | 8259/20000 [02:53<03:35, 54.50it/s, acc=0.311, device=mps, eta=4m08s, loss=1.9830, sps=47.6]
BC[stage1_datasets_L40_stepsweep/bc_baseline_none_steps20000_tr2]:  41%|████▏     | 8265/20000 [02:53<04:20, 44.97it/s, acc=0.311, device=mps, eta=4m08s, loss=1.9830, sps=47.6]
BC[stage1_datasets_L40_stepsweep/bc_baseline_none_steps20000_tr2]:  41%|████▏     | 8272/20000 [02:53<04:00, 48.72it/s, acc=0.311, device=mps, eta=4m08s, loss=1.9830, sps=47.6]
BC[stage1_datasets_L40_stepsweep/bc_baseline_none_steps20000_tr2]:  41%|████▏     | 8278/20000 [02:53<03:52, 50.34it/s, acc=0.311, device=mps, eta=4m08s, loss=1.9830, sps=47.6]
BC[stage1_datasets_L40_stepsweep/bc_baseline_none_steps20000_tr2]:  41%|████▏     | 8284/20000 [02:54<04:40, 41.71it/s, acc=0.311, device=mps, eta=4m08s, loss=1.9830, sps=47.6]
BC[stage1_datasets_L40_stepsweep/bc_baseline_none_steps20000_tr2]:  41%|████▏     | 8289/20000 [02:54<04:43, 41.28it/s, acc=0.311, device=mps, eta=4m08s, loss=1.9830, sps=47.6]
BC[stage1_datasets_L40_stepsweep/bc_baseline_none_steps20000_tr2]:  41%|████▏     | 8295/20000 [02:54<04:21, 44.78it/s, acc=0.311, device=mps, eta=4m08s, loss=1.9830, sps=47.6]
BC[stage1_datasets_L40_stepsweep/bc_baseline_none_steps20000_tr2]:  42%|████▏     | 8301/20000 [02:54<05:01, 38.76it/s, acc=0.311, device=mps, eta=4m08s, loss=1.9830, sps=47.6]
BC[stage1_datasets_L40_stepsweep/bc_baseline_none_steps20000_tr2]:  42%|████▏     | 8307/20000 [02:54<04:33, 42.76it/s, acc=0.311, device=mps, eta=4m08s, loss=1.9830, sps=47.6]
BC[stage1_datasets_L40_stepsweep/bc_baseline_none_steps20000_tr2]:  42%|████▏     | 8314/20000 [02:54<04:05, 47.65it/s, acc=0.311, device=mps, eta=4m08s, loss=1.9830, sps=47.6]
BC[stage1_datasets_L40_stepsweep/bc_baseline_none_steps20000_tr2]:  42%|████▏     | 8321/20000 [02:54<04:35, 42.34it/s, acc=0.311, device=mps, eta=4m08s, loss=1.9830, sps=47.6]
BC[stage1_datasets_L40_stepsweep/bc_baseline_none_steps20000_tr2]:  42%|████▏     | 8328/20000 [02:55<04:04, 47.74it/s, acc=0.311, device=mps, eta=4m08s, loss=1.9830, sps=47.6]
BC[stage1_datasets_L40_stepsweep/bc_baseline_none_steps20000_tr2]:  42%|████▏     | 8335/20000 [02:55<03:43, 52.26it/s, acc=0.311, device=mps, eta=4m08s, loss=1.9830, sps=47.6]
BC[stage1_datasets_L40_stepsweep/bc_baseline_none_steps20000_tr2]:  42%|████▏     | 8341/20000 [02:55<04:24, 44.08it/s, acc=0.311, device=mps, eta=4m08s, loss=1.9830, sps=47.6]
BC[stage1_datasets_L40_stepsweep/bc_baseline_none_steps20000_tr2]:  42%|████▏     | 8348/20000 [02:55<04:00, 48.39it/s, acc=0.311, device=mps, eta=4m08s, loss=1.9830, sps=47.6]
BC[stage1_datasets_L40_stepsweep/bc_baseline_none_steps20000_tr2]:  42%|████▏     | 8355/20000 [02:55<03:46, 51.49it/s, acc=0.311, device=mps, eta=4m08s, loss=1.9830, sps=47.6]
BC[stage1_datasets_L40_stepsweep/bc_baseline_none_steps20000_tr2]:  42%|████▏     | 8361/20000 [02:55<04:40, 41.52it/s, acc=0.311, device=mps, eta=4m08s, loss=1.9830, sps=47.6]
BC[stage1_datasets_L40_stepsweep/bc_baseline_none_steps20000_tr2]:  42%|████▏     | 8368/20000 [02:55<04:13, 45.94it/s, acc=0.311, device=mps, eta=4m08s, loss=1.9830, sps=47.6]
BC[stage1_datasets_L40_stepsweep/bc_baseline_none_steps20000_tr2]:  42%|████▏     | 8375/20000 [02:56<03:51, 50.29it/s, acc=0.311, device=mps, eta=4m08s, loss=1.9830, sps=47.6]
BC[stage1_datasets_L40_stepsweep/bc_baseline_none_steps20000_tr2]:  42%|████▏     | 8381/20000 [02:56<04:31, 42.85it/s, acc=0.311, device=mps, eta=4m08s, loss=1.9830, sps=47.6]
BC[stage1_datasets_L40_stepsweep/bc_baseline_none_steps20000_tr2]:  42%|████▏     | 8389/20000 [02:56<03:51, 50.25it/s, acc=0.311, device=mps, eta=4m08s, loss=1.9830, sps=47.6]
BC[stage1_datasets_L40_stepsweep/bc_baseline_none_steps20000_tr2]:  42%|████▏     | 8397/20000 [02:56<03:25, 56.54it/s, acc=0.311, device=mps, eta=4m08s, loss=1.9830, sps=47.6]
BC[stage1_datasets_L40_stepsweep/bc_baseline_none_steps20000_tr2]:  42%|████▏     | 8397/20000 [02:56<03:25, 56.54it/s, acc=0.302, device=mps, eta=4m04s, loss=1.9944, sps=47.6]
BC[stage1_datasets_L40_stepsweep/bc_baseline_none_steps20000_tr2]:  42%|████▏     | 8404/20000 [02:56<04:01, 48.00it/s, acc=0.302, device=mps, eta=4m04s, loss=1.9944, sps=47.6]
BC[stage1_datasets_L40_stepsweep/bc_baseline_none_steps20000_tr2]:  42%|████▏     | 8412/20000 [02:56<03:36, 53.48it/s, acc=0.302, device=mps, eta=4m04s, loss=1.9944, sps=47.6]
BC[stage1_datasets_L40_stepsweep/bc_baseline_none_steps20000_tr2]:  42%|████▏     | 8420/20000 [02:56<03:17, 58.54it/s, acc=0.302, device=mps, eta=4m04s, loss=1.9944, sps=47.6]
BC[stage1_datasets_L40_stepsweep/bc_baseline_none_steps20000_tr2]:  42%|████▏     | 8427/20000 [02:57<04:08, 46.66it/s, acc=0.302, device=mps, eta=4m04s, loss=1.9944, sps=47.6]
BC[stage1_datasets_L40_stepsweep/bc_baseline_none_steps20000_tr2]:  42%|████▏     | 8433/20000 [02:57<03:54, 49.38it/s, acc=0.302, device=mps, eta=4m04s, loss=1.9944, sps=47.6]
BC[stage1_datasets_L40_stepsweep/bc_baseline_none_steps20000_tr2]:  42%|████▏     | 8439/20000 [02:57<03:43, 51.65it/s, acc=0.302, device=mps, eta=4m04s, loss=1.9944, sps=47.6]
BC[stage1_datasets_L40_stepsweep/bc_baseline_none_steps20000_tr2]:  42%|████▏     | 8445/20000 [02:57<04:34, 42.06it/s, acc=0.302, device=mps, eta=4m04s, loss=1.9944, sps=47.6]
BC[stage1_datasets_L40_stepsweep/bc_baseline_none_steps20000_tr2]:  42%|████▏     | 8451/20000 [02:57<04:15, 45.18it/s, acc=0.302, device=mps, eta=4m04s, loss=1.9944, sps=47.6]
BC[stage1_datasets_L40_stepsweep/bc_baseline_none_steps20000_tr2]:  42%|████▏     | 8457/20000 [02:57<03:58, 48.44it/s, acc=0.302, device=mps, eta=4m04s, loss=1.9944, sps=47.6]
BC[stage1_datasets_L40_stepsweep/bc_baseline_none_steps20000_tr2]:  42%|████▏     | 8463/20000 [02:57<04:44, 40.50it/s, acc=0.302, device=mps, eta=4m04s, loss=1.9944, sps=47.6]
BC[stage1_datasets_L40_stepsweep/bc_baseline_none_steps20000_tr2]:  42%|████▏     | 8471/20000 [02:58<03:58, 48.36it/s, acc=0.302, device=mps, eta=4m04s, loss=1.9944, sps=47.6]
BC[stage1_datasets_L40_stepsweep/bc_baseline_none_steps20000_tr2]:  42%|████▏     | 8479/20000 [02:58<03:31, 54.36it/s, acc=0.302, device=mps, eta=4m04s, loss=1.9944, sps=47.6]
BC[stage1_datasets_L40_stepsweep/bc_baseline_none_steps20000_tr2]:  42%|████▏     | 8485/20000 [02:58<04:17, 44.72it/s, acc=0.302, device=mps, eta=4m04s, loss=1.9944, sps=47.6]
BC[stage1_datasets_L40_stepsweep/bc_baseline_none_steps20000_tr2]:  42%|████▏     | 8491/20000 [02:58<04:01, 47.63it/s, acc=0.302, device=mps, eta=4m04s, loss=1.9944, sps=47.6]
BC[stage1_datasets_L40_stepsweep/bc_baseline_none_steps20000_tr2]:  42%|████▏     | 8497/20000 [02:58<03:55, 48.90it/s, acc=0.302, device=mps, eta=4m04s, loss=1.9944, sps=47.6]
BC[stage1_datasets_L40_stepsweep/bc_baseline_none_steps20000_tr2]:  43%|████▎     | 8503/20000 [02:58<04:43, 40.57it/s, acc=0.302, device=mps, eta=4m04s, loss=1.9944, sps=47.6]
BC[stage1_datasets_L40_stepsweep/bc_baseline_none_steps20000_tr2]:  43%|████▎     | 8511/20000 [02:58<03:57, 48.36it/s, acc=0.302, device=mps, eta=4m04s, loss=1.9944, sps=47.6]
BC[stage1_datasets_L40_stepsweep/bc_baseline_none_steps20000_tr2]:  43%|████▎     | 8519/20000 [02:58<03:30, 54.57it/s, acc=0.302, device=mps, eta=4m04s, loss=1.9944, sps=47.6]
BC[stage1_datasets_L40_stepsweep/bc_baseline_none_steps20000_tr2]:  43%|████▎     | 8525/20000 [02:59<04:16, 44.75it/s, acc=0.302, device=mps, eta=4m04s, loss=1.9944, sps=47.6]
BC[stage1_datasets_L40_stepsweep/bc_baseline_none_steps20000_tr2]:  43%|████▎     | 8531/20000 [02:59<04:00, 47.71it/s, acc=0.302, device=mps, eta=4m04s, loss=1.9944, sps=47.6]
BC[stage1_datasets_L40_stepsweep/bc_baseline_none_steps20000_tr2]:  43%|████▎     | 8537/20000 [02:59<03:47, 50.30it/s, acc=0.302, device=mps, eta=4m04s, loss=1.9944, sps=47.6]
BC[stage1_datasets_L40_stepsweep/bc_baseline_none_steps20000_tr2]:  43%|████▎     | 8543/20000 [02:59<04:37, 41.27it/s, acc=0.302, device=mps, eta=4m04s, loss=1.9944, sps=47.6]
BC[stage1_datasets_L40_stepsweep/bc_baseline_none_steps20000_tr2]:  43%|████▎     | 8551/20000 [02:59<03:54, 48.92it/s, acc=0.302, device=mps, eta=4m04s, loss=1.9944, sps=47.6]
BC[stage1_datasets_L40_stepsweep/bc_baseline_none_steps20000_tr2]:  43%|████▎     | 8559/20000 [02:59<03:28, 54.86it/s, acc=0.302, device=mps, eta=4m04s, loss=1.9944, sps=47.6]
BC[stage1_datasets_L40_stepsweep/bc_baseline_none_steps20000_tr2]:  43%|████▎     | 8566/20000 [03:00<04:12, 45.29it/s, acc=0.302, device=mps, eta=4m04s, loss=1.9944, sps=47.6]
BC[stage1_datasets_L40_stepsweep/bc_baseline_none_steps20000_tr2]:  43%|████▎     | 8572/20000 [03:00<04:04, 46.76it/s, acc=0.302, device=mps, eta=4m04s, loss=1.9944, sps=47.6]
BC[stage1_datasets_L40_stepsweep/bc_baseline_none_steps20000_tr2]:  43%|████▎     | 8578/20000 [03:00<03:52, 49.20it/s, acc=0.302, device=mps, eta=4m04s, loss=1.9944, sps=47.6]
BC[stage1_datasets_L40_stepsweep/bc_baseline_none_steps20000_tr2]:  43%|████▎     | 8584/20000 [03:00<04:35, 41.49it/s, acc=0.302, device=mps, eta=4m04s, loss=1.9944, sps=47.6]
BC[stage1_datasets_L40_stepsweep/bc_baseline_none_steps20000_tr2]:  43%|████▎     | 8592/20000 [03:00<03:52, 49.15it/s, acc=0.302, device=mps, eta=4m04s, loss=1.9944, sps=47.6]
BC[stage1_datasets_L40_stepsweep/bc_baseline_none_steps20000_tr2]:  43%|████▎     | 8592/20000 [03:00<03:52, 49.15it/s, acc=0.309, device=mps, eta=4m00s, loss=1.9800, sps=47.6]
BC[stage1_datasets_L40_stepsweep/bc_baseline_none_steps20000_tr2]:  43%|████▎     | 8600/20000 [03:00<03:23, 55.90it/s, acc=0.309, device=mps, eta=4m00s, loss=1.9800, sps=47.6]
BC[stage1_datasets_L40_stepsweep/bc_baseline_none_steps20000_tr2]:  43%|████▎     | 8607/20000 [03:00<04:07, 45.97it/s, acc=0.309, device=mps, eta=4m00s, loss=1.9800, sps=47.6]
BC[stage1_datasets_L40_stepsweep/bc_baseline_none_steps20000_tr2]:  43%|████▎     | 8613/20000 [03:01<03:53, 48.69it/s, acc=0.309, device=mps, eta=4m00s, loss=1.9800, sps=47.6]
BC[stage1_datasets_L40_stepsweep/bc_baseline_none_steps20000_tr2]:  43%|████▎     | 8619/20000 [03:01<03:47, 50.06it/s, acc=0.309, device=mps, eta=4m00s, loss=1.9800, sps=47.6]
BC[stage1_datasets_L40_stepsweep/bc_baseline_none_steps20000_tr2]:  43%|████▎     | 8625/20000 [03:01<04:35, 41.36it/s, acc=0.309, device=mps, eta=4m00s, loss=1.9800, sps=47.6]
BC[stage1_datasets_L40_stepsweep/bc_baseline_none_steps20000_tr2]:  43%|████▎     | 8631/20000 [03:01<04:16, 44.34it/s, acc=0.309, device=mps, eta=4m00s, loss=1.9800, sps=47.6]
BC[stage1_datasets_L40_stepsweep/bc_baseline_none_steps20000_tr2]:  43%|████▎     | 8638/20000 [03:01<03:51, 49.17it/s, acc=0.309, device=mps, eta=4m00s, loss=1.9800, sps=47.6]
BC[stage1_datasets_L40_stepsweep/bc_baseline_none_steps20000_tr2]:  43%|████▎     | 8644/20000 [03:01<04:30, 41.95it/s, acc=0.309, device=mps, eta=4m00s, loss=1.9800, sps=47.6]
BC[stage1_datasets_L40_stepsweep/bc_baseline_none_steps20000_tr2]:  43%|████▎     | 8652/20000 [03:01<03:48, 49.62it/s, acc=0.309, device=mps, eta=4m00s, loss=1.9800, sps=47.6]
BC[stage1_datasets_L40_stepsweep/bc_baseline_none_steps20000_tr2]:  43%|████▎     | 8660/20000 [03:01<03:20, 56.68it/s, acc=0.309, device=mps, eta=4m00s, loss=1.9800, sps=47.6]
BC[stage1_datasets_L40_stepsweep/bc_baseline_none_steps20000_tr2]:  43%|████▎     | 8667/20000 [03:02<04:03, 46.47it/s, acc=0.309, device=mps, eta=4m00s, loss=1.9800, sps=47.6]
BC[stage1_datasets_L40_stepsweep/bc_baseline_none_steps20000_tr2]:  43%|████▎     | 8673/20000 [03:02<03:49, 49.36it/s, acc=0.309, device=mps, eta=4m00s, loss=1.9800, sps=47.6]
BC[stage1_datasets_L40_stepsweep/bc_baseline_none_steps20000_tr2]:  43%|████▎     | 8680/20000 [03:02<03:32, 53.20it/s, acc=0.309, device=mps, eta=4m00s, loss=1.9800, sps=47.6]
BC[stage1_datasets_L40_stepsweep/bc_baseline_none_steps20000_tr2]:  43%|████▎     | 8686/20000 [03:02<04:25, 42.58it/s, acc=0.309, device=mps, eta=4m00s, loss=1.9800, sps=47.6]
BC[stage1_datasets_L40_stepsweep/bc_baseline_none_steps20000_tr2]:  43%|████▎     | 8692/20000 [03:02<04:09, 45.23it/s, acc=0.309, device=mps, eta=4m00s, loss=1.9800, sps=47.6]
BC[stage1_datasets_L40_stepsweep/bc_baseline_none_steps20000_tr2]:  43%|████▎     | 8698/20000 [03:02<03:55, 48.00it/s, acc=0.309, device=mps, eta=4m00s, loss=1.9800, sps=47.6]
BC[stage1_datasets_L40_stepsweep/bc_baseline_none_steps20000_tr2]:  44%|████▎     | 8704/20000 [03:03<04:39, 40.47it/s, acc=0.309, device=mps, eta=4m00s, loss=1.9800, sps=47.6]
BC[stage1_datasets_L40_stepsweep/bc_baseline_none_steps20000_tr2]:  44%|████▎     | 8710/20000 [03:03<04:14, 44.29it/s, acc=0.309, device=mps, eta=4m00s, loss=1.9800, sps=47.6]
BC[stage1_datasets_L40_stepsweep/bc_baseline_none_steps20000_tr2]:  44%|████▎     | 8716/20000 [03:03<03:56, 47.66it/s, acc=0.309, device=mps, eta=4m00s, loss=1.9800, sps=47.6]
BC[stage1_datasets_L40_stepsweep/bc_baseline_none_steps20000_tr2]:  44%|████▎     | 8722/20000 [03:03<04:43, 39.78it/s, acc=0.309, device=mps, eta=4m00s, loss=1.9800, sps=47.6]
BC[stage1_datasets_L40_stepsweep/bc_baseline_none_steps20000_tr2]:  44%|████▎     | 8730/20000 [03:03<03:55, 47.94it/s, acc=0.309, device=mps, eta=4m00s, loss=1.9800, sps=47.6]
BC[stage1_datasets_L40_stepsweep/bc_baseline_none_steps20000_tr2]:  44%|████▎     | 8738/20000 [03:03<03:25, 54.80it/s, acc=0.309, device=mps, eta=4m00s, loss=1.9800, sps=47.6]
BC[stage1_datasets_L40_stepsweep/bc_baseline_none_steps20000_tr2]:  44%|████▎     | 8745/20000 [03:03<04:04, 45.95it/s, acc=0.309, device=mps, eta=4m00s, loss=1.9800, sps=47.6]
BC[stage1_datasets_L40_stepsweep/bc_baseline_none_steps20000_tr2]:  44%|████▍     | 8753/20000 [03:03<03:33, 52.60it/s, acc=0.309, device=mps, eta=4m00s, loss=1.9800, sps=47.6]
BC[stage1_datasets_L40_stepsweep/bc_baseline_none_steps20000_tr2]:  44%|████▍     | 8761/20000 [03:04<04:05, 45.70it/s, acc=0.309, device=mps, eta=4m00s, loss=1.9800, sps=47.6]
BC[stage1_datasets_L40_stepsweep/bc_baseline_none_steps20000_tr2]:  44%|████▍     | 8769/20000 [03:04<03:32, 52.76it/s, acc=0.309, device=mps, eta=4m00s, loss=1.9800, sps=47.6]
BC[stage1_datasets_L40_stepsweep/bc_baseline_none_steps20000_tr2]:  44%|████▍     | 8778/20000 [03:04<03:06, 60.11it/s, acc=0.309, device=mps, eta=4m00s, loss=1.9800, sps=47.6]
BC[stage1_datasets_L40_stepsweep/bc_baseline_none_steps20000_tr2]:  44%|████▍     | 8785/20000 [03:04<03:39, 51.17it/s, acc=0.309, device=mps, eta=4m00s, loss=1.9800, sps=47.6]
BC[stage1_datasets_L40_stepsweep/bc_baseline_none_steps20000_tr2]:  44%|████▍     | 8793/20000 [03:04<03:15, 57.19it/s, acc=0.309, device=mps, eta=4m00s, loss=1.9800, sps=47.6]
BC[stage1_datasets_L40_stepsweep/bc_baseline_none_steps20000_tr2]:  44%|████▍     | 8793/20000 [03:04<03:15, 57.19it/s, acc=0.304, device=mps, eta=3m55s, loss=1.9955, sps=47.6]
BC[stage1_datasets_L40_stepsweep/bc_baseline_none_steps20000_tr2]:  44%|████▍     | 8801/20000 [03:04<03:46, 49.49it/s, acc=0.304, device=mps, eta=3m55s, loss=1.9955, sps=47.6]
BC[stage1_datasets_L40_stepsweep/bc_baseline_none_steps20000_tr2]:  44%|████▍     | 8808/20000 [03:05<03:35, 52.04it/s, acc=0.304, device=mps, eta=3m55s, loss=1.9955, sps=47.6]
BC[stage1_datasets_L40_stepsweep/bc_baseline_none_steps20000_tr2]:  44%|████▍     | 8814/20000 [03:05<03:28, 53.72it/s, acc=0.304, device=mps, eta=3m55s, loss=1.9955, sps=47.6]
BC[stage1_datasets_L40_stepsweep/bc_baseline_none_steps20000_tr2]:  44%|████▍     | 8821/20000 [03:05<04:16, 43.50it/s, acc=0.304, device=mps, eta=3m55s, loss=1.9955, sps=47.6]
BC[stage1_datasets_L40_stepsweep/bc_baseline_none_steps20000_tr2]:  44%|████▍     | 8828/20000 [03:05<03:56, 47.24it/s, acc=0.304, device=mps, eta=3m55s, loss=1.9955, sps=47.6]
BC[stage1_datasets_L40_stepsweep/bc_baseline_none_steps20000_tr2]:  44%|████▍     | 8835/20000 [03:05<03:39, 50.82it/s, acc=0.304, device=mps, eta=3m55s, loss=1.9955, sps=47.6]
BC[stage1_datasets_L40_stepsweep/bc_baseline_none_steps20000_tr2]:  44%|████▍     | 8841/20000 [03:05<04:22, 42.53it/s, acc=0.304, device=mps, eta=3m55s, loss=1.9955, sps=47.6]
BC[stage1_datasets_L40_stepsweep/bc_baseline_none_steps20000_tr2]:  44%|████▍     | 8849/20000 [03:05<03:43, 49.91it/s, acc=0.304, device=mps, eta=3m55s, loss=1.9955, sps=47.6]
BC[stage1_datasets_L40_stepsweep/bc_baseline_none_steps20000_tr2]:  44%|████▍     | 8857/20000 [03:06<03:19, 55.91it/s, acc=0.304, device=mps, eta=3m55s, loss=1.9955, sps=47.6]
BC[stage1_datasets_L40_stepsweep/bc_baseline_none_steps20000_tr2]:  44%|████▍     | 8864/20000 [03:06<03:58, 46.78it/s, acc=0.304, device=mps, eta=3m55s, loss=1.9955, sps=47.6]
BC[stage1_datasets_L40_stepsweep/bc_baseline_none_steps20000_tr2]:  44%|████▍     | 8872/20000 [03:06<03:29, 53.15it/s, acc=0.304, device=mps, eta=3m55s, loss=1.9955, sps=47.6]
BC[stage1_datasets_L40_stepsweep/bc_baseline_none_steps20000_tr2]:  44%|████▍     | 8880/20000 [03:06<03:08, 59.14it/s, acc=0.304, device=mps, eta=3m55s, loss=1.9955, sps=47.6]
BC[stage1_datasets_L40_stepsweep/bc_baseline_none_steps20000_tr2]:  44%|████▍     | 8887/20000 [03:06<03:51, 48.02it/s, acc=0.304, device=mps, eta=3m55s, loss=1.9955, sps=47.6]
BC[stage1_datasets_L40_stepsweep/bc_baseline_none_steps20000_tr2]:  44%|████▍     | 8894/20000 [03:06<03:37, 51.08it/s, acc=0.304, device=mps, eta=3m55s, loss=1.9955, sps=47.6]
BC[stage1_datasets_L40_stepsweep/bc_baseline_none_steps20000_tr2]:  45%|████▍     | 8901/20000 [03:06<04:22, 42.35it/s, acc=0.304, device=mps, eta=3m55s, loss=1.9955, sps=47.6]
BC[stage1_datasets_L40_stepsweep/bc_baseline_none_steps20000_tr2]:  45%|████▍     | 8909/20000 [03:07<03:47, 48.74it/s, acc=0.304, device=mps, eta=3m55s, loss=1.9955, sps=47.6]
BC[stage1_datasets_L40_stepsweep/bc_baseline_none_steps20000_tr2]:  45%|████▍     | 8915/20000 [03:07<03:40, 50.31it/s, acc=0.304, device=mps, eta=3m55s, loss=1.9955, sps=47.6]
BC[stage1_datasets_L40_stepsweep/bc_baseline_none_steps20000_tr2]:  45%|████▍     | 8921/20000 [03:07<04:21, 42.32it/s, acc=0.304, device=mps, eta=3m55s, loss=1.9955, sps=47.6]
BC[stage1_datasets_L40_stepsweep/bc_baseline_none_steps20000_tr2]:  45%|████▍     | 8929/20000 [03:07<03:42, 49.76it/s, acc=0.304, device=mps, eta=3m55s, loss=1.9955, sps=47.6]
BC[stage1_datasets_L40_stepsweep/bc_baseline_none_steps20000_tr2]:  45%|████▍     | 8937/20000 [03:07<03:18, 55.68it/s, acc=0.304, device=mps, eta=3m55s, loss=1.9955, sps=47.6]
BC[stage1_datasets_L40_stepsweep/bc_baseline_none_steps20000_tr2]:  45%|████▍     | 8944/20000 [03:07<03:55, 46.97it/s, acc=0.304, device=mps, eta=3m55s, loss=1.9955, sps=47.6]
BC[stage1_datasets_L40_stepsweep/bc_baseline_none_steps20000_tr2]:  45%|████▍     | 8951/20000 [03:07<03:35, 51.18it/s, acc=0.304, device=mps, eta=3m55s, loss=1.9955, sps=47.6]
BC[stage1_datasets_L40_stepsweep/bc_baseline_none_steps20000_tr2]:  45%|████▍     | 8958/20000 [03:08<03:23, 54.38it/s, acc=0.304, device=mps, eta=3m55s, loss=1.9955, sps=47.6]
BC[stage1_datasets_L40_stepsweep/bc_baseline_none_steps20000_tr2]:  45%|████▍     | 8964/20000 [03:08<04:06, 44.79it/s, acc=0.304, device=mps, eta=3m55s, loss=1.9955, sps=47.6]
BC[stage1_datasets_L40_stepsweep/bc_baseline_none_steps20000_tr2]:  45%|████▍     | 8972/20000 [03:08<03:32, 51.88it/s, acc=0.304, device=mps, eta=3m55s, loss=1.9955, sps=47.6]
BC[stage1_datasets_L40_stepsweep/bc_baseline_none_steps20000_tr2]:  45%|████▍     | 8980/20000 [03:08<03:09, 58.29it/s, acc=0.304, device=mps, eta=3m55s, loss=1.9955, sps=47.6]
BC[stage1_datasets_L40_stepsweep/bc_baseline_none_steps20000_tr2]:  45%|████▍     | 8987/20000 [03:08<03:51, 47.58it/s, acc=0.304, device=mps, eta=3m55s, loss=1.9955, sps=47.6]
BC[stage1_datasets_L40_stepsweep/bc_baseline_none_steps20000_tr2]:  45%|████▍     | 8993/20000 [03:08<03:39, 50.23it/s, acc=0.304, device=mps, eta=3m55s, loss=1.9955, sps=47.6]
BC[stage1_datasets_L40_stepsweep/bc_baseline_none_steps20000_tr2]:  45%|████▍     | 8993/20000 [03:08<03:39, 50.23it/s, acc=0.306, device=mps, eta=3m51s, loss=1.9858, sps=47.6]
BC[stage1_datasets_L40_stepsweep/bc_baseline_none_steps20000_tr2]:  45%|████▌     | 9000/20000 [03:08<03:25, 53.56it/s, acc=0.306, device=mps, eta=3m51s, loss=1.9858, sps=47.6]
BC[stage1_datasets_L40_stepsweep/bc_baseline_none_steps20000_tr2]:  45%|████▌     | 9006/20000 [03:09<04:16, 42.92it/s, acc=0.306, device=mps, eta=3m51s, loss=1.9858, sps=47.6]
BC[stage1_datasets_L40_stepsweep/bc_baseline_none_steps20000_tr2]:  45%|████▌     | 9012/20000 [03:09<04:01, 45.56it/s, acc=0.306, device=mps, eta=3m51s, loss=1.9858, sps=47.6]
BC[stage1_datasets_L40_stepsweep/bc_baseline_none_steps20000_tr2]:  45%|████▌     | 9018/20000 [03:09<03:45, 48.81it/s, acc=0.306, device=mps, eta=3m51s, loss=1.9858, sps=47.6]
BC[stage1_datasets_L40_stepsweep/bc_baseline_none_steps20000_tr2]:  45%|████▌     | 9024/20000 [03:09<04:30, 40.62it/s, acc=0.306, device=mps, eta=3m51s, loss=1.9858, sps=47.6]
BC[stage1_datasets_L40_stepsweep/bc_baseline_none_steps20000_tr2]:  45%|████▌     | 9030/20000 [03:09<04:09, 43.90it/s, acc=0.306, device=mps, eta=3m51s, loss=1.9858, sps=47.6]
BC[stage1_datasets_L40_stepsweep/bc_baseline_none_steps20000_tr2]:  45%|████▌     | 9037/20000 [03:09<03:43, 49.14it/s, acc=0.306, device=mps, eta=3m51s, loss=1.9858, sps=47.6]
BC[stage1_datasets_L40_stepsweep/bc_baseline_none_steps20000_tr2]:  45%|████▌     | 9043/20000 [03:09<04:24, 41.39it/s, acc=0.306, device=mps, eta=3m51s, loss=1.9858, sps=47.6]
BC[stage1_datasets_L40_stepsweep/bc_baseline_none_steps20000_tr2]:  45%|████▌     | 9049/20000 [03:10<04:04, 44.72it/s, acc=0.306, device=mps, eta=3m51s, loss=1.9858, sps=47.6]
BC[stage1_datasets_L40_stepsweep/bc_baseline_none_steps20000_tr2]:  45%|████▌     | 9056/20000 [03:10<03:40, 49.52it/s, acc=0.306, device=mps, eta=3m51s, loss=1.9858, sps=47.6]
BC[stage1_datasets_L40_stepsweep/bc_baseline_none_steps20000_tr2]:  45%|████▌     | 9062/20000 [03:10<04:22, 41.60it/s, acc=0.306, device=mps, eta=3m51s, loss=1.9858, sps=47.6]
BC[stage1_datasets_L40_stepsweep/bc_baseline_none_steps20000_tr2]:  45%|████▌     | 9070/20000 [03:10<03:39, 49.70it/s, acc=0.306, device=mps, eta=3m51s, loss=1.9858, sps=47.6]
BC[stage1_datasets_L40_stepsweep/bc_baseline_none_steps20000_tr2]:  45%|████▌     | 9078/20000 [03:10<03:12, 56.70it/s, acc=0.306, device=mps, eta=3m51s, loss=1.9858, sps=47.6]
BC[stage1_datasets_L40_stepsweep/bc_baseline_none_steps20000_tr2]:  45%|████▌     | 9085/20000 [03:10<03:47, 48.00it/s, acc=0.306, device=mps, eta=3m51s, loss=1.9858, sps=47.6]
BC[stage1_datasets_L40_stepsweep/bc_baseline_none_steps20000_tr2]:  45%|████▌     | 9092/20000 [03:10<03:26, 52.74it/s, acc=0.306, device=mps, eta=3m51s, loss=1.9858, sps=47.6]
BC[stage1_datasets_L40_stepsweep/bc_baseline_none_steps20000_tr2]:  45%|████▌     | 9099/20000 [03:10<03:14, 55.96it/s, acc=0.306, device=mps, eta=3m51s, loss=1.9858, sps=47.6]
BC[stage1_datasets_L40_stepsweep/bc_baseline_none_steps20000_tr2]:  46%|████▌     | 9106/20000 [03:11<03:55, 46.19it/s, acc=0.306, device=mps, eta=3m51s, loss=1.9858, sps=47.6]
BC[stage1_datasets_L40_stepsweep/bc_baseline_none_steps20000_tr2]:  46%|████▌     | 9112/20000 [03:11<03:45, 48.28it/s, acc=0.306, device=mps, eta=3m51s, loss=1.9858, sps=47.6]
BC[stage1_datasets_L40_stepsweep/bc_baseline_none_steps20000_tr2]:  46%|████▌     | 9119/20000 [03:11<03:30, 51.80it/s, acc=0.306, device=mps, eta=3m51s, loss=1.9858, sps=47.6]
BC[stage1_datasets_L40_stepsweep/bc_baseline_none_steps20000_tr2]:  46%|████▌     | 9125/20000 [03:11<04:11, 43.26it/s, acc=0.306, device=mps, eta=3m51s, loss=1.9858, sps=47.6]
BC[stage1_datasets_L40_stepsweep/bc_baseline_none_steps20000_tr2]:  46%|████▌     | 9131/20000 [03:11<03:52, 46.78it/s, acc=0.306, device=mps, eta=3m51s, loss=1.9858, sps=47.6]
BC[stage1_datasets_L40_stepsweep/bc_baseline_none_steps20000_tr2]:  46%|████▌     | 9138/20000 [03:11<03:34, 50.62it/s, acc=0.306, device=mps, eta=3m51s, loss=1.9858, sps=47.6]
BC[stage1_datasets_L40_stepsweep/bc_baseline_none_steps20000_tr2]:  46%|████▌     | 9144/20000 [03:12<04:15, 42.57it/s, acc=0.306, device=mps, eta=3m51s, loss=1.9858, sps=47.6]
BC[stage1_datasets_L40_stepsweep/bc_baseline_none_steps20000_tr2]:  46%|████▌     | 9152/20000 [03:12<03:36, 50.11it/s, acc=0.306, device=mps, eta=3m51s, loss=1.9858, sps=47.6]
BC[stage1_datasets_L40_stepsweep/bc_baseline_none_steps20000_tr2]:  46%|████▌     | 9161/20000 [03:12<03:59, 45.22it/s, acc=0.306, device=mps, eta=3m51s, loss=1.9858, sps=47.6]
BC[stage1_datasets_L40_stepsweep/bc_baseline_none_steps20000_tr2]:  46%|████▌     | 9167/20000 [03:12<03:44, 48.20it/s, acc=0.306, device=mps, eta=3m51s, loss=1.9858, sps=47.6]
BC[stage1_datasets_L40_stepsweep/bc_baseline_none_steps20000_tr2]:  46%|████▌     | 9174/20000 [03:12<03:30, 51.36it/s, acc=0.306, device=mps, eta=3m51s, loss=1.9858, sps=47.6]
BC[stage1_datasets_L40_stepsweep/bc_baseline_none_steps20000_tr2]:  46%|████▌     | 9181/20000 [03:12<04:09, 43.45it/s, acc=0.306, device=mps, eta=3m51s, loss=1.9858, sps=47.6]
BC[stage1_datasets_L40_stepsweep/bc_baseline_none_steps20000_tr2]:  46%|████▌     | 9189/20000 [03:12<03:34, 50.42it/s, acc=0.306, device=mps, eta=3m51s, loss=1.9858, sps=47.6]
BC[stage1_datasets_L40_stepsweep/bc_baseline_none_steps20000_tr2]:  46%|████▌     | 9197/20000 [03:13<03:12, 56.15it/s, acc=0.306, device=mps, eta=3m51s, loss=1.9858, sps=47.6]
BC[stage1_datasets_L40_stepsweep/bc_baseline_none_steps20000_tr2]:  46%|████▌     | 9197/20000 [03:13<03:12, 56.15it/s, acc=0.307, device=mps, eta=3m47s, loss=1.9870, sps=47.7]
BC[stage1_datasets_L40_stepsweep/bc_baseline_none_steps20000_tr2]:  46%|████▌     | 9204/20000 [03:13<03:46, 47.61it/s, acc=0.307, device=mps, eta=3m47s, loss=1.9870, sps=47.7]
BC[stage1_datasets_L40_stepsweep/bc_baseline_none_steps20000_tr2]:  46%|████▌     | 9211/20000 [03:13<03:29, 51.54it/s, acc=0.307, device=mps, eta=3m47s, loss=1.9870, sps=47.7]
BC[stage1_datasets_L40_stepsweep/bc_baseline_none_steps20000_tr2]:  46%|████▌     | 9218/20000 [03:13<03:14, 55.49it/s, acc=0.307, device=mps, eta=3m47s, loss=1.9870, sps=47.7]
BC[stage1_datasets_L40_stepsweep/bc_baseline_none_steps20000_tr2]:  46%|████▌     | 9225/20000 [03:13<03:52, 46.42it/s, acc=0.307, device=mps, eta=3m47s, loss=1.9870, sps=47.7]
BC[stage1_datasets_L40_stepsweep/bc_baseline_none_steps20000_tr2]:  46%|████▌     | 9232/20000 [03:13<03:34, 50.26it/s, acc=0.307, device=mps, eta=3m47s, loss=1.9870, sps=47.7]
BC[stage1_datasets_L40_stepsweep/bc_baseline_none_steps20000_tr2]:  46%|████▌     | 9239/20000 [03:13<03:20, 53.54it/s, acc=0.307, device=mps, eta=3m47s, loss=1.9870, sps=47.7]
BC[stage1_datasets_L40_stepsweep/bc_baseline_none_steps20000_tr2]:  46%|████▌     | 9245/20000 [03:14<04:05, 43.82it/s, acc=0.307, device=mps, eta=3m47s, loss=1.9870, sps=47.7]
BC[stage1_datasets_L40_stepsweep/bc_baseline_none_steps20000_tr2]:  46%|████▋     | 9251/20000 [03:14<03:54, 45.81it/s, acc=0.307, device=mps, eta=3m47s, loss=1.9870, sps=47.7]
BC[stage1_datasets_L40_stepsweep/bc_baseline_none_steps20000_tr2]:  46%|████▋     | 9258/20000 [03:14<03:36, 49.52it/s, acc=0.307, device=mps, eta=3m47s, loss=1.9870, sps=47.7]
BC[stage1_datasets_L40_stepsweep/bc_baseline_none_steps20000_tr2]:  46%|████▋     | 9264/20000 [03:14<04:19, 41.41it/s, acc=0.307, device=mps, eta=3m47s, loss=1.9870, sps=47.7]
BC[stage1_datasets_L40_stepsweep/bc_baseline_none_steps20000_tr2]:  46%|████▋     | 9270/20000 [03:14<03:59, 44.78it/s, acc=0.307, device=mps, eta=3m47s, loss=1.9870, sps=47.7]
BC[stage1_datasets_L40_stepsweep/bc_baseline_none_steps20000_tr2]:  46%|████▋     | 9277/20000 [03:14<03:36, 49.52it/s, acc=0.307, device=mps, eta=3m47s, loss=1.9870, sps=47.7]
BC[stage1_datasets_L40_stepsweep/bc_baseline_none_steps20000_tr2]:  46%|████▋     | 9283/20000 [03:14<04:21, 40.96it/s, acc=0.307, device=mps, eta=3m47s, loss=1.9870, sps=47.7]
BC[stage1_datasets_L40_stepsweep/bc_baseline_none_steps20000_tr2]:  46%|████▋     | 9289/20000 [03:15<04:05, 43.62it/s, acc=0.307, device=mps, eta=3m47s, loss=1.9870, sps=47.7]
BC[stage1_datasets_L40_stepsweep/bc_baseline_none_steps20000_tr2]:  46%|████▋     | 9296/20000 [03:15<03:41, 48.26it/s, acc=0.307, device=mps, eta=3m47s, loss=1.9870, sps=47.7]
BC[stage1_datasets_L40_stepsweep/bc_baseline_none_steps20000_tr2]:  47%|████▋     | 9302/20000 [03:15<04:21, 40.89it/s, acc=0.307, device=mps, eta=3m47s, loss=1.9870, sps=47.7]
BC[stage1_datasets_L40_stepsweep/bc_baseline_none_steps20000_tr2]:  47%|████▋     | 9310/20000 [03:15<03:39, 48.74it/s, acc=0.307, device=mps, eta=3m47s, loss=1.9870, sps=47.7]
BC[stage1_datasets_L40_stepsweep/bc_baseline_none_steps20000_tr2]:  47%|████▋     | 9318/20000 [03:15<03:13, 55.12it/s, acc=0.307, device=mps, eta=3m47s, loss=1.9870, sps=47.7]
BC[stage1_datasets_L40_stepsweep/bc_baseline_none_steps20000_tr2]:  47%|████▋     | 9325/20000 [03:15<03:51, 46.21it/s, acc=0.307, device=mps, eta=3m47s, loss=1.9870, sps=47.7]
BC[stage1_datasets_L40_stepsweep/bc_baseline_none_steps20000_tr2]:  47%|████▋     | 9332/20000 [03:15<03:32, 50.10it/s, acc=0.307, device=mps, eta=3m47s, loss=1.9870, sps=47.7]
BC[stage1_datasets_L40_stepsweep/bc_baseline_none_steps20000_tr2]:  47%|████▋     | 9338/20000 [03:15<03:24, 52.22it/s, acc=0.307, device=mps, eta=3m47s, loss=1.9870, sps=47.7]
BC[stage1_datasets_L40_stepsweep/bc_baseline_none_steps20000_tr2]:  47%|████▋     | 9344/20000 [03:16<04:13, 42.09it/s, acc=0.307, device=mps, eta=3m47s, loss=1.9870, sps=47.7]
BC[stage1_datasets_L40_stepsweep/bc_baseline_none_steps20000_tr2]:  47%|████▋     | 9350/20000 [03:16<03:59, 44.40it/s, acc=0.307, device=mps, eta=3m47s, loss=1.9870, sps=47.7]
BC[stage1_datasets_L40_stepsweep/bc_baseline_none_steps20000_tr2]:  47%|████▋     | 9356/20000 [03:16<03:44, 47.38it/s, acc=0.307, device=mps, eta=3m47s, loss=1.9870, sps=47.7]
BC[stage1_datasets_L40_stepsweep/bc_baseline_none_steps20000_tr2]:  47%|████▋     | 9362/20000 [03:16<04:27, 39.75it/s, acc=0.307, device=mps, eta=3m47s, loss=1.9870, sps=47.7]
BC[stage1_datasets_L40_stepsweep/bc_baseline_none_steps20000_tr2]:  47%|████▋     | 9370/20000 [03:16<03:41, 47.94it/s, acc=0.307, device=mps, eta=3m47s, loss=1.9870, sps=47.7]
BC[stage1_datasets_L40_stepsweep/bc_baseline_none_steps20000_tr2]:  47%|████▋     | 9378/20000 [03:16<03:13, 54.90it/s, acc=0.307, device=mps, eta=3m47s, loss=1.9870, sps=47.7]
BC[stage1_datasets_L40_stepsweep/bc_baseline_none_steps20000_tr2]:  47%|████▋     | 9385/20000 [03:17<03:53, 45.51it/s, acc=0.307, device=mps, eta=3m47s, loss=1.9870, sps=47.7]
BC[stage1_datasets_L40_stepsweep/bc_baseline_none_steps20000_tr2]:  47%|████▋     | 9391/20000 [03:17<03:48, 46.45it/s, acc=0.307, device=mps, eta=3m47s, loss=1.9870, sps=47.7]
BC[stage1_datasets_L40_stepsweep/bc_baseline_none_steps20000_tr2]:  47%|████▋     | 9397/20000 [03:17<03:35, 49.27it/s, acc=0.307, device=mps, eta=3m47s, loss=1.9870, sps=47.7]
BC[stage1_datasets_L40_stepsweep/bc_baseline_none_steps20000_tr2]:  47%|████▋     | 9397/20000 [03:17<03:35, 49.27it/s, acc=0.309, device=mps, eta=3m43s, loss=1.9762, sps=47.6]
BC[stage1_datasets_L40_stepsweep/bc_baseline_none_steps20000_tr2]:  47%|████▋     | 9403/20000 [03:17<04:13, 41.77it/s, acc=0.309, device=mps, eta=3m43s, loss=1.9762, sps=47.6]
BC[stage1_datasets_L40_stepsweep/bc_baseline_none_steps20000_tr2]:  47%|████▋     | 9410/20000 [03:17<03:45, 47.01it/s, acc=0.309, device=mps, eta=3m43s, loss=1.9762, sps=47.6]
BC[stage1_datasets_L40_stepsweep/bc_baseline_none_steps20000_tr2]:  47%|████▋     | 9418/20000 [03:17<03:17, 53.46it/s, acc=0.309, device=mps, eta=3m43s, loss=1.9762, sps=47.6]
BC[stage1_datasets_L40_stepsweep/bc_baseline_none_steps20000_tr2]:  47%|████▋     | 9424/20000 [03:17<03:53, 45.24it/s, acc=0.309, device=mps, eta=3m43s, loss=1.9762, sps=47.6]
BC[stage1_datasets_L40_stepsweep/bc_baseline_none_steps20000_tr2]:  47%|████▋     | 9431/20000 [03:17<03:30, 50.19it/s, acc=0.309, device=mps, eta=3m43s, loss=1.9762, sps=47.6]
BC[stage1_datasets_L40_stepsweep/bc_baseline_none_steps20000_tr2]:  47%|████▋     | 9438/20000 [03:18<03:12, 54.96it/s, acc=0.309, device=mps, eta=3m43s, loss=1.9762, sps=47.6]
BC[stage1_datasets_L40_stepsweep/bc_baseline_none_steps20000_tr2]:  47%|████▋     | 9444/20000 [03:18<03:53, 45.28it/s, acc=0.309, device=mps, eta=3m43s, loss=1.9762, sps=47.6]
BC[stage1_datasets_L40_stepsweep/bc_baseline_none_steps20000_tr2]:  47%|████▋     | 9451/20000 [03:18<03:33, 49.50it/s, acc=0.309, device=mps, eta=3m43s, loss=1.9762, sps=47.6]
BC[stage1_datasets_L40_stepsweep/bc_baseline_none_steps20000_tr2]:  47%|████▋     | 9458/20000 [03:18<03:21, 52.43it/s, acc=0.309, device=mps, eta=3m43s, loss=1.9762, sps=47.6]
BC[stage1_datasets_L40_stepsweep/bc_baseline_none_steps20000_tr2]:  47%|████▋     | 9464/20000 [03:18<04:04, 43.08it/s, acc=0.309, device=mps, eta=3m43s, loss=1.9762, sps=47.6]
BC[stage1_datasets_L40_stepsweep/bc_baseline_none_steps20000_tr2]:  47%|████▋     | 9470/20000 [03:18<03:51, 45.56it/s, acc=0.309, device=mps, eta=3m43s, loss=1.9762, sps=47.6]
BC[stage1_datasets_L40_stepsweep/bc_baseline_none_steps20000_tr2]:  47%|████▋     | 9477/20000 [03:18<03:32, 49.63it/s, acc=0.309, device=mps, eta=3m43s, loss=1.9762, sps=47.6]
BC[stage1_datasets_L40_stepsweep/bc_baseline_none_steps20000_tr2]:  47%|████▋     | 9483/20000 [03:19<04:11, 41.85it/s, acc=0.309, device=mps, eta=3m43s, loss=1.9762, sps=47.6]
BC[stage1_datasets_L40_stepsweep/bc_baseline_none_steps20000_tr2]:  47%|████▋     | 9489/20000 [03:19<03:50, 45.68it/s, acc=0.309, device=mps, eta=3m43s, loss=1.9762, sps=47.6]
BC[stage1_datasets_L40_stepsweep/bc_baseline_none_steps20000_tr2]:  47%|████▋     | 9495/20000 [03:19<03:34, 48.92it/s, acc=0.309, device=mps, eta=3m43s, loss=1.9762, sps=47.6]
BC[stage1_datasets_L40_stepsweep/bc_baseline_none_steps20000_tr2]:  48%|████▊     | 9501/20000 [03:19<04:22, 39.96it/s, acc=0.309, device=mps, eta=3m43s, loss=1.9762, sps=47.6]
BC[stage1_datasets_L40_stepsweep/bc_baseline_none_steps20000_tr2]:  48%|████▊     | 9509/20000 [03:19<03:38, 48.05it/s, acc=0.309, device=mps, eta=3m43s, loss=1.9762, sps=47.6]
BC[stage1_datasets_L40_stepsweep/bc_baseline_none_steps20000_tr2]:  48%|████▊     | 9517/20000 [03:19<03:12, 54.57it/s, acc=0.309, device=mps, eta=3m43s, loss=1.9762, sps=47.6]
BC[stage1_datasets_L40_stepsweep/bc_baseline_none_steps20000_tr2]:  48%|████▊     | 9524/20000 [03:19<03:46, 46.28it/s, acc=0.309, device=mps, eta=3m43s, loss=1.9762, sps=47.6]
BC[stage1_datasets_L40_stepsweep/bc_baseline_none_steps20000_tr2]:  48%|████▊     | 9531/20000 [03:20<03:28, 50.17it/s, acc=0.309, device=mps, eta=3m43s, loss=1.9762, sps=47.6]
BC[stage1_datasets_L40_stepsweep/bc_baseline_none_steps20000_tr2]:  48%|████▊     | 9537/20000 [03:20<03:20, 52.28it/s, acc=0.309, device=mps, eta=3m43s, loss=1.9762, sps=47.6]
BC[stage1_datasets_L40_stepsweep/bc_baseline_none_steps20000_tr2]:  48%|████▊     | 9543/20000 [03:20<04:05, 42.51it/s, acc=0.309, device=mps, eta=3m43s, loss=1.9762, sps=47.6]
BC[stage1_datasets_L40_stepsweep/bc_baseline_none_steps20000_tr2]:  48%|████▊     | 9551/20000 [03:20<03:29, 49.97it/s, acc=0.309, device=mps, eta=3m43s, loss=1.9762, sps=47.6]
BC[stage1_datasets_L40_stepsweep/bc_baseline_none_steps20000_tr2]:  48%|████▊     | 9559/20000 [03:20<03:06, 55.99it/s, acc=0.309, device=mps, eta=3m43s, loss=1.9762, sps=47.6]
BC[stage1_datasets_L40_stepsweep/bc_baseline_none_steps20000_tr2]:  48%|████▊     | 9566/20000 [03:20<03:44, 46.42it/s, acc=0.309, device=mps, eta=3m43s, loss=1.9762, sps=47.6]
BC[stage1_datasets_L40_stepsweep/bc_baseline_none_steps20000_tr2]:  48%|████▊     | 9572/20000 [03:20<03:33, 48.87it/s, acc=0.309, device=mps, eta=3m43s, loss=1.9762, sps=47.6]
BC[stage1_datasets_L40_stepsweep/bc_baseline_none_steps20000_tr2]:  48%|████▊     | 9578/20000 [03:21<03:24, 50.96it/s, acc=0.309, device=mps, eta=3m43s, loss=1.9762, sps=47.6]
BC[stage1_datasets_L40_stepsweep/bc_baseline_none_steps20000_tr2]:  48%|████▊     | 9584/20000 [03:21<04:05, 42.47it/s, acc=0.309, device=mps, eta=3m43s, loss=1.9762, sps=47.6]
BC[stage1_datasets_L40_stepsweep/bc_baseline_none_steps20000_tr2]:  48%|████▊     | 9590/20000 [03:21<03:45, 46.08it/s, acc=0.309, device=mps, eta=3m43s, loss=1.9762, sps=47.6]
BC[stage1_datasets_L40_stepsweep/bc_baseline_none_steps20000_tr2]:  48%|████▊     | 9596/20000 [03:21<03:34, 48.58it/s, acc=0.309, device=mps, eta=3m43s, loss=1.9762, sps=47.6]
BC[stage1_datasets_L40_stepsweep/bc_baseline_none_steps20000_tr2]:  48%|████▊     | 9596/20000 [03:21<03:34, 48.58it/s, acc=0.305, device=mps, eta=3m38s, loss=1.9932, sps=47.6]
BC[stage1_datasets_L40_stepsweep/bc_baseline_none_steps20000_tr2]:  48%|████▊     | 9602/20000 [03:21<04:18, 40.17it/s, acc=0.305, device=mps, eta=3m38s, loss=1.9932, sps=47.6]
BC[stage1_datasets_L40_stepsweep/bc_baseline_none_steps20000_tr2]:  48%|████▊     | 9609/20000 [03:21<03:47, 45.67it/s, acc=0.305, device=mps, eta=3m38s, loss=1.9932, sps=47.6]
BC[stage1_datasets_L40_stepsweep/bc_baseline_none_steps20000_tr2]:  48%|████▊     | 9616/20000 [03:21<03:29, 49.68it/s, acc=0.305, device=mps, eta=3m38s, loss=1.9932, sps=47.6]
BC[stage1_datasets_L40_stepsweep/bc_baseline_none_steps20000_tr2]:  48%|████▊     | 9622/20000 [03:22<04:09, 41.65it/s, acc=0.305, device=mps, eta=3m38s, loss=1.9932, sps=47.6]
BC[stage1_datasets_L40_stepsweep/bc_baseline_none_steps20000_tr2]:  48%|████▊     | 9630/20000 [03:22<03:28, 49.62it/s, acc=0.305, device=mps, eta=3m38s, loss=1.9932, sps=47.6]
BC[stage1_datasets_L40_stepsweep/bc_baseline_none_steps20000_tr2]:  48%|████▊     | 9638/20000 [03:22<03:04, 56.28it/s, acc=0.305, device=mps, eta=3m38s, loss=1.9932, sps=47.6]
BC[stage1_datasets_L40_stepsweep/bc_baseline_none_steps20000_tr2]:  48%|████▊     | 9645/20000 [03:22<03:44, 46.12it/s, acc=0.305, device=mps, eta=3m38s, loss=1.9932, sps=47.6]
BC[stage1_datasets_L40_stepsweep/bc_baseline_none_steps20000_tr2]:  48%|████▊     | 9651/20000 [03:22<03:35, 48.13it/s, acc=0.305, device=mps, eta=3m38s, loss=1.9932, sps=47.6]
BC[stage1_datasets_L40_stepsweep/bc_baseline_none_steps20000_tr2]:  48%|████▊     | 9658/20000 [03:22<03:20, 51.70it/s, acc=0.305, device=mps, eta=3m38s, loss=1.9932, sps=47.6]
BC[stage1_datasets_L40_stepsweep/bc_baseline_none_steps20000_tr2]:  48%|████▊     | 9664/20000 [03:22<03:57, 43.53it/s, acc=0.305, device=mps, eta=3m38s, loss=1.9932, sps=47.6]
BC[stage1_datasets_L40_stepsweep/bc_baseline_none_steps20000_tr2]:  48%|████▊     | 9671/20000 [03:23<03:32, 48.71it/s, acc=0.305, device=mps, eta=3m38s, loss=1.9932, sps=47.6]
BC[stage1_datasets_L40_stepsweep/bc_baseline_none_steps20000_tr2]:  48%|████▊     | 9678/20000 [03:23<03:12, 53.66it/s, acc=0.305, device=mps, eta=3m38s, loss=1.9932, sps=47.6]
BC[stage1_datasets_L40_stepsweep/bc_baseline_none_steps20000_tr2]:  48%|████▊     | 9684/20000 [03:23<03:50, 44.70it/s, acc=0.305, device=mps, eta=3m38s, loss=1.9932, sps=47.6]
BC[stage1_datasets_L40_stepsweep/bc_baseline_none_steps20000_tr2]:  48%|████▊     | 9692/20000 [03:23<03:17, 52.17it/s, acc=0.305, device=mps, eta=3m38s, loss=1.9932, sps=47.6]
BC[stage1_datasets_L40_stepsweep/bc_baseline_none_steps20000_tr2]:  49%|████▊     | 9701/20000 [03:23<03:42, 46.37it/s, acc=0.305, device=mps, eta=3m38s, loss=1.9932, sps=47.6]
BC[stage1_datasets_L40_stepsweep/bc_baseline_none_steps20000_tr2]:  49%|████▊     | 9707/20000 [03:23<03:32, 48.53it/s, acc=0.305, device=mps, eta=3m38s, loss=1.9932, sps=47.6]
BC[stage1_datasets_L40_stepsweep/bc_baseline_none_steps20000_tr2]:  49%|████▊     | 9713/20000 [03:23<03:26, 49.82it/s, acc=0.305, device=mps, eta=3m38s, loss=1.9932, sps=47.6]
BC[stage1_datasets_L40_stepsweep/bc_baseline_none_steps20000_tr2]:  49%|████▊     | 9720/20000 [03:24<03:09, 54.35it/s, acc=0.305, device=mps, eta=3m38s, loss=1.9932, sps=47.6]
BC[stage1_datasets_L40_stepsweep/bc_baseline_none_steps20000_tr2]:  49%|████▊     | 9726/20000 [03:24<03:49, 44.75it/s, acc=0.305, device=mps, eta=3m38s, loss=1.9932, sps=47.6]
BC[stage1_datasets_L40_stepsweep/bc_baseline_none_steps20000_tr2]:  49%|████▊     | 9734/20000 [03:24<03:17, 52.07it/s, acc=0.305, device=mps, eta=3m38s, loss=1.9932, sps=47.6]
BC[stage1_datasets_L40_stepsweep/bc_baseline_none_steps20000_tr2]:  49%|████▊     | 9741/20000 [03:24<03:45, 45.41it/s, acc=0.305, device=mps, eta=3m38s, loss=1.9932, sps=47.6]
BC[stage1_datasets_L40_stepsweep/bc_baseline_none_steps20000_tr2]:  49%|████▊     | 9749/20000 [03:24<03:16, 52.25it/s, acc=0.305, device=mps, eta=3m38s, loss=1.9932, sps=47.6]
BC[stage1_datasets_L40_stepsweep/bc_baseline_none_steps20000_tr2]:  49%|████▉     | 9757/20000 [03:24<02:55, 58.22it/s, acc=0.305, device=mps, eta=3m38s, loss=1.9932, sps=47.6]
BC[stage1_datasets_L40_stepsweep/bc_baseline_none_steps20000_tr2]:  49%|████▉     | 9764/20000 [03:24<03:28, 49.16it/s, acc=0.305, device=mps, eta=3m38s, loss=1.9932, sps=47.6]
BC[stage1_datasets_L40_stepsweep/bc_baseline_none_steps20000_tr2]:  49%|████▉     | 9771/20000 [03:25<03:10, 53.59it/s, acc=0.305, device=mps, eta=3m38s, loss=1.9932, sps=47.6]
BC[stage1_datasets_L40_stepsweep/bc_baseline_none_steps20000_tr2]:  49%|████▉     | 9779/20000 [03:25<02:55, 58.08it/s, acc=0.305, device=mps, eta=3m38s, loss=1.9932, sps=47.6]
BC[stage1_datasets_L40_stepsweep/bc_baseline_none_steps20000_tr2]:  49%|████▉     | 9786/20000 [03:25<03:34, 47.51it/s, acc=0.305, device=mps, eta=3m38s, loss=1.9932, sps=47.6]
BC[stage1_datasets_L40_stepsweep/bc_baseline_none_steps20000_tr2]:  49%|████▉     | 9792/20000 [03:25<03:23, 50.22it/s, acc=0.305, device=mps, eta=3m38s, loss=1.9932, sps=47.6]
BC[stage1_datasets_L40_stepsweep/bc_baseline_none_steps20000_tr2]:  49%|████▉     | 9799/20000 [03:25<03:10, 53.61it/s, acc=0.305, device=mps, eta=3m38s, loss=1.9932, sps=47.6]
BC[stage1_datasets_L40_stepsweep/bc_baseline_none_steps20000_tr2]:  49%|████▉     | 9799/20000 [03:25<03:10, 53.61it/s, acc=0.310, device=mps, eta=3m34s, loss=1.9802, sps=47.7]
BC[stage1_datasets_L40_stepsweep/bc_baseline_none_steps20000_tr2]:  49%|████▉     | 9805/20000 [03:25<03:49, 44.37it/s, acc=0.310, device=mps, eta=3m34s, loss=1.9802, sps=47.7]
BC[stage1_datasets_L40_stepsweep/bc_baseline_none_steps20000_tr2]:  49%|████▉     | 9811/20000 [03:25<03:36, 47.05it/s, acc=0.310, device=mps, eta=3m34s, loss=1.9802, sps=47.7]
BC[stage1_datasets_L40_stepsweep/bc_baseline_none_steps20000_tr2]:  49%|████▉     | 9817/20000 [03:25<03:27, 49.13it/s, acc=0.310, device=mps, eta=3m34s, loss=1.9802, sps=47.7]
BC[stage1_datasets_L40_stepsweep/bc_baseline_none_steps20000_tr2]:  49%|████▉     | 9823/20000 [03:26<04:10, 40.59it/s, acc=0.310, device=mps, eta=3m34s, loss=1.9802, sps=47.7]
BC[stage1_datasets_L40_stepsweep/bc_baseline_none_steps20000_tr2]:  49%|████▉     | 9831/20000 [03:26<03:29, 48.64it/s, acc=0.310, device=mps, eta=3m34s, loss=1.9802, sps=47.7]
BC[stage1_datasets_L40_stepsweep/bc_baseline_none_steps20000_tr2]:  49%|████▉     | 9839/20000 [03:26<03:03, 55.28it/s, acc=0.310, device=mps, eta=3m34s, loss=1.9802, sps=47.7]
BC[stage1_datasets_L40_stepsweep/bc_baseline_none_steps20000_tr2]:  49%|████▉     | 9846/20000 [03:26<03:38, 46.47it/s, acc=0.310, device=mps, eta=3m34s, loss=1.9802, sps=47.7]
BC[stage1_datasets_L40_stepsweep/bc_baseline_none_steps20000_tr2]:  49%|████▉     | 9853/20000 [03:26<03:22, 49.99it/s, acc=0.310, device=mps, eta=3m34s, loss=1.9802, sps=47.7]
BC[stage1_datasets_L40_stepsweep/bc_baseline_none_steps20000_tr2]:  49%|████▉     | 9859/20000 [03:26<03:15, 51.91it/s, acc=0.310, device=mps, eta=3m34s, loss=1.9802, sps=47.7]
BC[stage1_datasets_L40_stepsweep/bc_baseline_none_steps20000_tr2]:  49%|████▉     | 9865/20000 [03:27<04:01, 42.04it/s, acc=0.310, device=mps, eta=3m34s, loss=1.9802, sps=47.7]
BC[stage1_datasets_L40_stepsweep/bc_baseline_none_steps20000_tr2]:  49%|████▉     | 9871/20000 [03:27<03:43, 45.41it/s, acc=0.310, device=mps, eta=3m34s, loss=1.9802, sps=47.7]
BC[stage1_datasets_L40_stepsweep/bc_baseline_none_steps20000_tr2]:  49%|████▉     | 9878/20000 [03:27<03:24, 49.45it/s, acc=0.310, device=mps, eta=3m34s, loss=1.9802, sps=47.7]
BC[stage1_datasets_L40_stepsweep/bc_baseline_none_steps20000_tr2]:  49%|████▉     | 9884/20000 [03:27<04:03, 41.51it/s, acc=0.310, device=mps, eta=3m34s, loss=1.9802, sps=47.7]
BC[stage1_datasets_L40_stepsweep/bc_baseline_none_steps20000_tr2]:  49%|████▉     | 9890/20000 [03:27<03:43, 45.31it/s, acc=0.310, device=mps, eta=3m34s, loss=1.9802, sps=47.7]
BC[stage1_datasets_L40_stepsweep/bc_baseline_none_steps20000_tr2]:  49%|████▉     | 9896/20000 [03:27<03:27, 48.65it/s, acc=0.310, device=mps, eta=3m34s, loss=1.9802, sps=47.7]
BC[stage1_datasets_L40_stepsweep/bc_baseline_none_steps20000_tr2]:  50%|████▉     | 9902/20000 [03:27<04:10, 40.39it/s, acc=0.310, device=mps, eta=3m34s, loss=1.9802, sps=47.7]
BC[stage1_datasets_L40_stepsweep/bc_baseline_none_steps20000_tr2]:  50%|████▉     | 9910/20000 [03:27<03:26, 48.90it/s, acc=0.310, device=mps, eta=3m34s, loss=1.9802, sps=47.7]
BC[stage1_datasets_L40_stepsweep/bc_baseline_none_steps20000_tr2]:  50%|████▉     | 9919/20000 [03:28<02:56, 57.09it/s, acc=0.310, device=mps, eta=3m34s, loss=1.9802, sps=47.7]
BC[stage1_datasets_L40_stepsweep/bc_baseline_none_steps20000_tr2]:  50%|████▉     | 9926/20000 [03:28<03:27, 48.51it/s, acc=0.310, device=mps, eta=3m34s, loss=1.9802, sps=47.7]
BC[stage1_datasets_L40_stepsweep/bc_baseline_none_steps20000_tr2]:  50%|████▉     | 9934/20000 [03:28<03:06, 53.96it/s, acc=0.310, device=mps, eta=3m34s, loss=1.9802, sps=47.7]
BC[stage1_datasets_L40_stepsweep/bc_baseline_none_steps20000_tr2]:  50%|████▉     | 9941/20000 [03:28<03:41, 45.47it/s, acc=0.310, device=mps, eta=3m34s, loss=1.9802, sps=47.7]
BC[stage1_datasets_L40_stepsweep/bc_baseline_none_steps20000_tr2]:  50%|████▉     | 9949/20000 [03:28<03:12, 52.14it/s, acc=0.310, device=mps, eta=3m34s, loss=1.9802, sps=47.7]
BC[stage1_datasets_L40_stepsweep/bc_baseline_none_steps20000_tr2]:  50%|████▉     | 9957/20000 [03:28<02:53, 57.87it/s, acc=0.310, device=mps, eta=3m34s, loss=1.9802, sps=47.7]
BC[stage1_datasets_L40_stepsweep/bc_baseline_none_steps20000_tr2]:  50%|████▉     | 9964/20000 [03:29<03:25, 48.78it/s, acc=0.310, device=mps, eta=3m34s, loss=1.9802, sps=47.7]
BC[stage1_datasets_L40_stepsweep/bc_baseline_none_steps20000_tr2]:  50%|████▉     | 9971/20000 [03:29<03:10, 52.58it/s, acc=0.310, device=mps, eta=3m34s, loss=1.9802, sps=47.7]
BC[stage1_datasets_L40_stepsweep/bc_baseline_none_steps20000_tr2]:  50%|████▉     | 9978/20000 [03:29<02:59, 55.78it/s, acc=0.310, device=mps, eta=3m34s, loss=1.9802, sps=47.7]
BC[stage1_datasets_L40_stepsweep/bc_baseline_none_steps20000_tr2]:  50%|████▉     | 9985/20000 [03:29<03:39, 45.71it/s, acc=0.310, device=mps, eta=3m34s, loss=1.9802, sps=47.7]
BC[stage1_datasets_L40_stepsweep/bc_baseline_none_steps20000_tr2]:  50%|████▉     | 9991/20000 [03:29<03:25, 48.74it/s, acc=0.310, device=mps, eta=3m34s, loss=1.9802, sps=47.7]
BC[stage1_datasets_L40_stepsweep/bc_baseline_none_steps20000_tr2]:  50%|████▉     | 9997/20000 [03:29<03:14, 51.38it/s, acc=0.310, device=mps, eta=3m34s, loss=1.9802, sps=47.7]
BC[stage1_datasets_L40_stepsweep/bc_baseline_none_steps20000_tr2]:  50%|████▉     | 9997/20000 [03:29<03:14, 51.38it/s, acc=0.306, device=mps, eta=3m30s, loss=1.9843, sps=47.7]
BC[stage1_datasets_L40_stepsweep/bc_baseline_none_steps20000_tr2]:  50%|█████     | 10003/20000 [03:29<03:56, 42.24it/s, acc=0.306, device=mps, eta=3m30s, loss=1.9843, sps=47.7]
BC[stage1_datasets_L40_stepsweep/bc_baseline_none_steps20000_tr2]:  50%|█████     | 10009/20000 [03:29<03:43, 44.72it/s, acc=0.306, device=mps, eta=3m30s, loss=1.9843, sps=47.7]
BC[stage1_datasets_L40_stepsweep/bc_baseline_none_steps20000_tr2]:  50%|█████     | 10015/20000 [03:30<03:30, 47.40it/s, acc=0.306, device=mps, eta=3m30s, loss=1.9843, sps=47.7]
BC[stage1_datasets_L40_stepsweep/bc_baseline_none_steps20000_tr2]:  50%|█████     | 10021/20000 [03:30<04:15, 38.99it/s, acc=0.306, device=mps, eta=3m30s, loss=1.9843, sps=47.7]
BC[stage1_datasets_L40_stepsweep/bc_baseline_none_steps20000_tr2]:  50%|█████     | 10029/20000 [03:30<03:37, 45.93it/s, acc=0.306, device=mps, eta=3m30s, loss=1.9843, sps=47.7]
BC[stage1_datasets_L40_stepsweep/bc_baseline_none_steps20000_tr2]:  50%|█████     | 10035/20000 [03:30<03:30, 47.43it/s, acc=0.306, device=mps, eta=3m30s, loss=1.9843, sps=47.7]
BC[stage1_datasets_L40_stepsweep/bc_baseline_none_steps20000_tr2]:  50%|█████     | 10041/20000 [03:30<04:11, 39.58it/s, acc=0.306, device=mps, eta=3m30s, loss=1.9843, sps=47.7]
BC[stage1_datasets_L40_stepsweep/bc_baseline_none_steps20000_tr2]:  50%|█████     | 10047/20000 [03:30<03:49, 43.46it/s, acc=0.306, device=mps, eta=3m30s, loss=1.9843, sps=47.7]
BC[stage1_datasets_L40_stepsweep/bc_baseline_none_steps20000_tr2]:  50%|█████     | 10053/20000 [03:30<03:37, 45.81it/s, acc=0.306, device=mps, eta=3m30s, loss=1.9843, sps=47.7]
BC[stage1_datasets_L40_stepsweep/bc_baseline_none_steps20000_tr2]:  50%|█████     | 10060/20000 [03:31<03:15, 50.78it/s, acc=0.306, device=mps, eta=3m30s, loss=1.9843, sps=47.7]
BC[stage1_datasets_L40_stepsweep/bc_baseline_none_steps20000_tr2]:  50%|█████     | 10066/20000 [03:31<03:56, 42.04it/s, acc=0.306, device=mps, eta=3m30s, loss=1.9843, sps=47.7]
BC[stage1_datasets_L40_stepsweep/bc_baseline_none_steps20000_tr2]:  50%|█████     | 10073/20000 [03:31<03:30, 47.16it/s, acc=0.306, device=mps, eta=3m30s, loss=1.9843, sps=47.7]
BC[stage1_datasets_L40_stepsweep/bc_baseline_none_steps20000_tr2]:  50%|█████     | 10080/20000 [03:31<03:09, 52.35it/s, acc=0.306, device=mps, eta=3m30s, loss=1.9843, sps=47.7]
BC[stage1_datasets_L40_stepsweep/bc_baseline_none_steps20000_tr2]:  50%|█████     | 10086/20000 [03:31<03:53, 42.55it/s, acc=0.306, device=mps, eta=3m30s, loss=1.9843, sps=47.7]
BC[stage1_datasets_L40_stepsweep/bc_baseline_none_steps20000_tr2]:  50%|█████     | 10092/20000 [03:31<03:34, 46.16it/s, acc=0.306, device=mps, eta=3m30s, loss=1.9843, sps=47.7]
BC[stage1_datasets_L40_stepsweep/bc_baseline_none_steps20000_tr2]:  50%|█████     | 10098/20000 [03:31<03:21, 49.24it/s, acc=0.306, device=mps, eta=3m30s, loss=1.9843, sps=47.7]
BC[stage1_datasets_L40_stepsweep/bc_baseline_none_steps20000_tr2]:  51%|█████     | 10104/20000 [03:32<04:00, 41.18it/s, acc=0.306, device=mps, eta=3m30s, loss=1.9843, sps=47.7]
BC[stage1_datasets_L40_stepsweep/bc_baseline_none_steps20000_tr2]:  51%|█████     | 10112/20000 [03:32<03:20, 49.22it/s, acc=0.306, device=mps, eta=3m30s, loss=1.9843, sps=47.7]
BC[stage1_datasets_L40_stepsweep/bc_baseline_none_steps20000_tr2]:  51%|█████     | 10120/20000 [03:32<02:54, 56.55it/s, acc=0.306, device=mps, eta=3m30s, loss=1.9843, sps=47.7]
BC[stage1_datasets_L40_stepsweep/bc_baseline_none_steps20000_tr2]:  51%|█████     | 10127/20000 [03:32<03:32, 46.40it/s, acc=0.306, device=mps, eta=3m30s, loss=1.9843, sps=47.7]
BC[stage1_datasets_L40_stepsweep/bc_baseline_none_steps20000_tr2]:  51%|█████     | 10134/20000 [03:32<03:17, 49.98it/s, acc=0.306, device=mps, eta=3m30s, loss=1.9843, sps=47.7]
BC[stage1_datasets_L40_stepsweep/bc_baseline_none_steps20000_tr2]:  51%|█████     | 10141/20000 [03:32<03:54, 41.96it/s, acc=0.306, device=mps, eta=3m30s, loss=1.9843, sps=47.7]
BC[stage1_datasets_L40_stepsweep/bc_baseline_none_steps20000_tr2]:  51%|█████     | 10149/20000 [03:32<03:20, 49.09it/s, acc=0.306, device=mps, eta=3m30s, loss=1.9843, sps=47.7]
BC[stage1_datasets_L40_stepsweep/bc_baseline_none_steps20000_tr2]:  51%|█████     | 10157/20000 [03:33<02:57, 55.37it/s, acc=0.306, device=mps, eta=3m30s, loss=1.9843, sps=47.7]
BC[stage1_datasets_L40_stepsweep/bc_baseline_none_steps20000_tr2]:  51%|█████     | 10164/20000 [03:33<03:26, 47.58it/s, acc=0.306, device=mps, eta=3m30s, loss=1.9843, sps=47.7]
BC[stage1_datasets_L40_stepsweep/bc_baseline_none_steps20000_tr2]:  51%|█████     | 10171/20000 [03:33<03:08, 52.18it/s, acc=0.306, device=mps, eta=3m30s, loss=1.9843, sps=47.7]
BC[stage1_datasets_L40_stepsweep/bc_baseline_none_steps20000_tr2]:  51%|█████     | 10178/20000 [03:33<02:56, 55.80it/s, acc=0.306, device=mps, eta=3m30s, loss=1.9843, sps=47.7]
BC[stage1_datasets_L40_stepsweep/bc_baseline_none_steps20000_tr2]:  51%|█████     | 10185/20000 [03:33<03:32, 46.09it/s, acc=0.306, device=mps, eta=3m30s, loss=1.9843, sps=47.7]
BC[stage1_datasets_L40_stepsweep/bc_baseline_none_steps20000_tr2]:  51%|█████     | 10191/20000 [03:33<03:23, 48.29it/s, acc=0.306, device=mps, eta=3m30s, loss=1.9843, sps=47.7]
BC[stage1_datasets_L40_stepsweep/bc_baseline_none_steps20000_tr2]:  51%|█████     | 10197/20000 [03:33<03:13, 50.76it/s, acc=0.306, device=mps, eta=3m30s, loss=1.9843, sps=47.7]
BC[stage1_datasets_L40_stepsweep/bc_baseline_none_steps20000_tr2]:  51%|█████     | 10197/20000 [03:33<03:13, 50.76it/s, acc=0.306, device=mps, eta=3m26s, loss=1.9827, sps=47.7]
BC[stage1_datasets_L40_stepsweep/bc_baseline_none_steps20000_tr2]:  51%|█████     | 10203/20000 [03:34<03:50, 42.57it/s, acc=0.306, device=mps, eta=3m26s, loss=1.9827, sps=47.7]
BC[stage1_datasets_L40_stepsweep/bc_baseline_none_steps20000_tr2]:  51%|█████     | 10210/20000 [03:34<03:26, 47.51it/s, acc=0.306, device=mps, eta=3m26s, loss=1.9827, sps=47.7]
BC[stage1_datasets_L40_stepsweep/bc_baseline_none_steps20000_tr2]:  51%|█████     | 10217/20000 [03:34<03:08, 51.88it/s, acc=0.306, device=mps, eta=3m26s, loss=1.9827, sps=47.7]
BC[stage1_datasets_L40_stepsweep/bc_baseline_none_steps20000_tr2]:  51%|█████     | 10223/20000 [03:34<03:46, 43.25it/s, acc=0.306, device=mps, eta=3m26s, loss=1.9827, sps=47.7]
BC[stage1_datasets_L40_stepsweep/bc_baseline_none_steps20000_tr2]:  51%|█████     | 10231/20000 [03:34<03:10, 51.33it/s, acc=0.306, device=mps, eta=3m26s, loss=1.9827, sps=47.7]
BC[stage1_datasets_L40_stepsweep/bc_baseline_none_steps20000_tr2]:  51%|█████     | 10240/20000 [03:34<02:42, 59.89it/s, acc=0.306, device=mps, eta=3m26s, loss=1.9827, sps=47.7]
BC[stage1_datasets_L40_stepsweep/bc_baseline_none_steps20000_tr2]:  51%|█████     | 10247/20000 [03:34<03:17, 49.43it/s, acc=0.306, device=mps, eta=3m26s, loss=1.9827, sps=47.7]
BC[stage1_datasets_L40_stepsweep/bc_baseline_none_steps20000_tr2]:  51%|█████▏    | 10255/20000 [03:35<02:58, 54.63it/s, acc=0.306, device=mps, eta=3m26s, loss=1.9827, sps=47.7]
BC[stage1_datasets_L40_stepsweep/bc_baseline_none_steps20000_tr2]:  51%|█████▏    | 10262/20000 [03:35<03:32, 45.90it/s, acc=0.306, device=mps, eta=3m26s, loss=1.9827, sps=47.7]
BC[stage1_datasets_L40_stepsweep/bc_baseline_none_steps20000_tr2]:  51%|█████▏    | 10270/20000 [03:35<03:04, 52.75it/s, acc=0.306, device=mps, eta=3m26s, loss=1.9827, sps=47.7]
BC[stage1_datasets_L40_stepsweep/bc_baseline_none_steps20000_tr2]:  51%|█████▏    | 10278/20000 [03:35<02:46, 58.35it/s, acc=0.306, device=mps, eta=3m26s, loss=1.9827, sps=47.7]
BC[stage1_datasets_L40_stepsweep/bc_baseline_none_steps20000_tr2]:  51%|█████▏    | 10285/20000 [03:35<03:23, 47.77it/s, acc=0.306, device=mps, eta=3m26s, loss=1.9827, sps=47.7]
BC[stage1_datasets_L40_stepsweep/bc_baseline_none_steps20000_tr2]:  51%|█████▏    | 10291/20000 [03:35<03:16, 49.30it/s, acc=0.306, device=mps, eta=3m26s, loss=1.9827, sps=47.7]
BC[stage1_datasets_L40_stepsweep/bc_baseline_none_steps20000_tr2]:  51%|█████▏    | 10298/20000 [03:35<03:03, 52.76it/s, acc=0.306, device=mps, eta=3m26s, loss=1.9827, sps=47.7]
BC[stage1_datasets_L40_stepsweep/bc_baseline_none_steps20000_tr2]:  52%|█████▏    | 10304/20000 [03:36<03:37, 44.56it/s, acc=0.306, device=mps, eta=3m26s, loss=1.9827, sps=47.7]
BC[stage1_datasets_L40_stepsweep/bc_baseline_none_steps20000_tr2]:  52%|█████▏    | 10311/20000 [03:36<03:13, 49.97it/s, acc=0.306, device=mps, eta=3m26s, loss=1.9827, sps=47.7]
BC[stage1_datasets_L40_stepsweep/bc_baseline_none_steps20000_tr2]:  52%|█████▏    | 10319/20000 [03:36<02:52, 56.04it/s, acc=0.306, device=mps, eta=3m26s, loss=1.9827, sps=47.7]
BC[stage1_datasets_L40_stepsweep/bc_baseline_none_steps20000_tr2]:  52%|█████▏    | 10326/20000 [03:36<03:26, 46.92it/s, acc=0.306, device=mps, eta=3m26s, loss=1.9827, sps=47.7]
BC[stage1_datasets_L40_stepsweep/bc_baseline_none_steps20000_tr2]:  52%|█████▏    | 10333/20000 [03:36<03:11, 50.59it/s, acc=0.306, device=mps, eta=3m26s, loss=1.9827, sps=47.7]
BC[stage1_datasets_L40_stepsweep/bc_baseline_none_steps20000_tr2]:  52%|█████▏    | 10339/20000 [03:36<03:04, 52.24it/s, acc=0.306, device=mps, eta=3m26s, loss=1.9827, sps=47.7]
BC[stage1_datasets_L40_stepsweep/bc_baseline_none_steps20000_tr2]:  52%|█████▏    | 10345/20000 [03:36<03:42, 43.31it/s, acc=0.306, device=mps, eta=3m26s, loss=1.9827, sps=47.7]
BC[stage1_datasets_L40_stepsweep/bc_baseline_none_steps20000_tr2]:  52%|█████▏    | 10353/20000 [03:37<03:10, 50.64it/s, acc=0.306, device=mps, eta=3m26s, loss=1.9827, sps=47.7]
BC[stage1_datasets_L40_stepsweep/bc_baseline_none_steps20000_tr2]:  52%|█████▏    | 10361/20000 [03:37<03:36, 44.46it/s, acc=0.306, device=mps, eta=3m26s, loss=1.9827, sps=47.7]
BC[stage1_datasets_L40_stepsweep/bc_baseline_none_steps20000_tr2]:  52%|█████▏    | 10369/20000 [03:37<03:08, 51.20it/s, acc=0.306, device=mps, eta=3m26s, loss=1.9827, sps=47.7]
BC[stage1_datasets_L40_stepsweep/bc_baseline_none_steps20000_tr2]:  52%|█████▏    | 10377/20000 [03:37<02:48, 57.08it/s, acc=0.306, device=mps, eta=3m26s, loss=1.9827, sps=47.7]
BC[stage1_datasets_L40_stepsweep/bc_baseline_none_steps20000_tr2]:  52%|█████▏    | 10384/20000 [03:37<03:18, 48.50it/s, acc=0.306, device=mps, eta=3m26s, loss=1.9827, sps=47.7]
BC[stage1_datasets_L40_stepsweep/bc_baseline_none_steps20000_tr2]:  52%|█████▏    | 10391/20000 [03:37<03:02, 52.65it/s, acc=0.306, device=mps, eta=3m26s, loss=1.9827, sps=47.7]
BC[stage1_datasets_L40_stepsweep/bc_baseline_none_steps20000_tr2]:  52%|█████▏    | 10398/20000 [03:37<02:52, 55.81it/s, acc=0.306, device=mps, eta=3m26s, loss=1.9827, sps=47.7]
BC[stage1_datasets_L40_stepsweep/bc_baseline_none_steps20000_tr2]:  52%|█████▏    | 10398/20000 [03:37<02:52, 55.81it/s, acc=0.311, device=mps, eta=3m21s, loss=1.9791, sps=47.7]
BC[stage1_datasets_L40_stepsweep/bc_baseline_none_steps20000_tr2]:  52%|█████▏    | 10405/20000 [03:38<03:30, 45.49it/s, acc=0.311, device=mps, eta=3m21s, loss=1.9791, sps=47.7]
BC[stage1_datasets_L40_stepsweep/bc_baseline_none_steps20000_tr2]:  52%|█████▏    | 10411/20000 [03:38<03:20, 47.92it/s, acc=0.311, device=mps, eta=3m21s, loss=1.9791, sps=47.7]
BC[stage1_datasets_L40_stepsweep/bc_baseline_none_steps20000_tr2]:  52%|█████▏    | 10417/20000 [03:38<03:13, 49.51it/s, acc=0.311, device=mps, eta=3m21s, loss=1.9791, sps=47.7]
BC[stage1_datasets_L40_stepsweep/bc_baseline_none_steps20000_tr2]:  52%|█████▏    | 10423/20000 [03:38<03:54, 40.84it/s, acc=0.311, device=mps, eta=3m21s, loss=1.9791, sps=47.7]
BC[stage1_datasets_L40_stepsweep/bc_baseline_none_steps20000_tr2]:  52%|█████▏    | 10431/20000 [03:38<03:16, 48.65it/s, acc=0.311, device=mps, eta=3m21s, loss=1.9791, sps=47.7]
BC[stage1_datasets_L40_stepsweep/bc_baseline_none_steps20000_tr2]:  52%|█████▏    | 10439/20000 [03:38<02:52, 55.46it/s, acc=0.311, device=mps, eta=3m21s, loss=1.9791, sps=47.7]
BC[stage1_datasets_L40_stepsweep/bc_baseline_none_steps20000_tr2]:  52%|█████▏    | 10446/20000 [03:38<03:23, 46.94it/s, acc=0.311, device=mps, eta=3m21s, loss=1.9791, sps=47.7]
BC[stage1_datasets_L40_stepsweep/bc_baseline_none_steps20000_tr2]:  52%|█████▏    | 10453/20000 [03:39<03:04, 51.77it/s, acc=0.311, device=mps, eta=3m21s, loss=1.9791, sps=47.7]
BC[stage1_datasets_L40_stepsweep/bc_baseline_none_steps20000_tr2]:  52%|█████▏    | 10461/20000 [03:39<03:32, 44.87it/s, acc=0.311, device=mps, eta=3m21s, loss=1.9791, sps=47.7]
BC[stage1_datasets_L40_stepsweep/bc_baseline_none_steps20000_tr2]:  52%|█████▏    | 10469/20000 [03:39<03:04, 51.59it/s, acc=0.311, device=mps, eta=3m21s, loss=1.9791, sps=47.7]
BC[stage1_datasets_L40_stepsweep/bc_baseline_none_steps20000_tr2]:  52%|█████▏    | 10477/20000 [03:39<02:45, 57.44it/s, acc=0.311, device=mps, eta=3m21s, loss=1.9791, sps=47.7]
BC[stage1_datasets_L40_stepsweep/bc_baseline_none_steps20000_tr2]:  52%|█████▏    | 10484/20000 [03:39<03:19, 47.81it/s, acc=0.311, device=mps, eta=3m21s, loss=1.9791, sps=47.7]
BC[stage1_datasets_L40_stepsweep/bc_baseline_none_steps20000_tr2]:  52%|█████▏    | 10492/20000 [03:39<02:55, 54.11it/s, acc=0.311, device=mps, eta=3m21s, loss=1.9791, sps=47.7]
BC[stage1_datasets_L40_stepsweep/bc_baseline_none_steps20000_tr2]:  52%|█████▎    | 10500/20000 [03:39<02:38, 59.81it/s, acc=0.311, device=mps, eta=3m21s, loss=1.9791, sps=47.7]
BC[stage1_datasets_L40_stepsweep/bc_baseline_none_steps20000_tr2]:  53%|█████▎    | 10507/20000 [03:40<03:16, 48.42it/s, acc=0.311, device=mps, eta=3m21s, loss=1.9791, sps=47.7]
BC[stage1_datasets_L40_stepsweep/bc_baseline_none_steps20000_tr2]:  53%|█████▎    | 10514/20000 [03:40<03:03, 51.60it/s, acc=0.311, device=mps, eta=3m21s, loss=1.9791, sps=47.7]
BC[stage1_datasets_L40_stepsweep/bc_baseline_none_steps20000_tr2]:  53%|█████▎    | 10521/20000 [03:40<03:39, 43.16it/s, acc=0.311, device=mps, eta=3m21s, loss=1.9791, sps=47.7]
BC[stage1_datasets_L40_stepsweep/bc_baseline_none_steps20000_tr2]:  53%|█████▎    | 10529/20000 [03:40<03:09, 50.06it/s, acc=0.311, device=mps, eta=3m21s, loss=1.9791, sps=47.7]
BC[stage1_datasets_L40_stepsweep/bc_baseline_none_steps20000_tr2]:  53%|█████▎    | 10537/20000 [03:40<02:48, 56.06it/s, acc=0.311, device=mps, eta=3m21s, loss=1.9791, sps=47.7]
BC[stage1_datasets_L40_stepsweep/bc_baseline_none_steps20000_tr2]:  53%|█████▎    | 10544/20000 [03:40<03:16, 48.19it/s, acc=0.311, device=mps, eta=3m21s, loss=1.9791, sps=47.7]
BC[stage1_datasets_L40_stepsweep/bc_baseline_none_steps20000_tr2]:  53%|█████▎    | 10552/20000 [03:40<02:52, 54.78it/s, acc=0.311, device=mps, eta=3m21s, loss=1.9791, sps=47.7]
BC[stage1_datasets_L40_stepsweep/bc_baseline_none_steps20000_tr2]:  53%|█████▎    | 10561/20000 [03:41<03:13, 48.90it/s, acc=0.311, device=mps, eta=3m21s, loss=1.9791, sps=47.7]
BC[stage1_datasets_L40_stepsweep/bc_baseline_none_steps20000_tr2]:  53%|█████▎    | 10569/20000 [03:41<02:52, 54.65it/s, acc=0.311, device=mps, eta=3m21s, loss=1.9791, sps=47.7]
BC[stage1_datasets_L40_stepsweep/bc_baseline_none_steps20000_tr2]:  53%|█████▎    | 10577/20000 [03:41<02:37, 59.93it/s, acc=0.311, device=mps, eta=3m21s, loss=1.9791, sps=47.7]
BC[stage1_datasets_L40_stepsweep/bc_baseline_none_steps20000_tr2]:  53%|█████▎    | 10584/20000 [03:41<03:07, 50.14it/s, acc=0.311, device=mps, eta=3m21s, loss=1.9791, sps=47.7]
BC[stage1_datasets_L40_stepsweep/bc_baseline_none_steps20000_tr2]:  53%|█████▎    | 10591/20000 [03:41<02:55, 53.49it/s, acc=0.311, device=mps, eta=3m21s, loss=1.9791, sps=47.7]
BC[stage1_datasets_L40_stepsweep/bc_baseline_none_steps20000_tr2]:  53%|█████▎    | 10598/20000 [03:41<02:48, 55.91it/s, acc=0.311, device=mps, eta=3m21s, loss=1.9791, sps=47.7]
BC[stage1_datasets_L40_stepsweep/bc_baseline_none_steps20000_tr2]:  53%|█████▎    | 10598/20000 [03:41<02:48, 55.91it/s, acc=0.309, device=mps, eta=3m17s, loss=1.9779, sps=47.8]
BC[stage1_datasets_L40_stepsweep/bc_baseline_none_steps20000_tr2]:  53%|█████▎    | 10605/20000 [03:42<03:29, 44.84it/s, acc=0.309, device=mps, eta=3m17s, loss=1.9779, sps=47.8]
BC[stage1_datasets_L40_stepsweep/bc_baseline_none_steps20000_tr2]:  53%|█████▎    | 10611/20000 [03:42<03:22, 46.36it/s, acc=0.309, device=mps, eta=3m17s, loss=1.9779, sps=47.8]
BC[stage1_datasets_L40_stepsweep/bc_baseline_none_steps20000_tr2]:  53%|█████▎    | 10618/20000 [03:42<03:06, 50.20it/s, acc=0.309, device=mps, eta=3m17s, loss=1.9779, sps=47.8]
BC[stage1_datasets_L40_stepsweep/bc_baseline_none_steps20000_tr2]:  53%|█████▎    | 10624/20000 [03:42<03:40, 42.46it/s, acc=0.309, device=mps, eta=3m17s, loss=1.9779, sps=47.8]
BC[stage1_datasets_L40_stepsweep/bc_baseline_none_steps20000_tr2]:  53%|█████▎    | 10631/20000 [03:42<03:19, 46.98it/s, acc=0.309, device=mps, eta=3m17s, loss=1.9779, sps=47.8]
BC[stage1_datasets_L40_stepsweep/bc_baseline_none_steps20000_tr2]:  53%|█████▎    | 10638/20000 [03:42<03:03, 51.12it/s, acc=0.309, device=mps, eta=3m17s, loss=1.9779, sps=47.8]
BC[stage1_datasets_L40_stepsweep/bc_baseline_none_steps20000_tr2]:  53%|█████▎    | 10644/20000 [03:42<03:36, 43.28it/s, acc=0.309, device=mps, eta=3m17s, loss=1.9779, sps=47.8]
BC[stage1_datasets_L40_stepsweep/bc_baseline_none_steps20000_tr2]:  53%|█████▎    | 10651/20000 [03:43<03:15, 47.73it/s, acc=0.309, device=mps, eta=3m17s, loss=1.9779, sps=47.8]
BC[stage1_datasets_L40_stepsweep/bc_baseline_none_steps20000_tr2]:  53%|█████▎    | 10658/20000 [03:43<03:00, 51.62it/s, acc=0.309, device=mps, eta=3m17s, loss=1.9779, sps=47.8]
BC[stage1_datasets_L40_stepsweep/bc_baseline_none_steps20000_tr2]:  53%|█████▎    | 10664/20000 [03:43<03:37, 43.01it/s, acc=0.309, device=mps, eta=3m17s, loss=1.9779, sps=47.8]
BC[stage1_datasets_L40_stepsweep/bc_baseline_none_steps20000_tr2]:  53%|█████▎    | 10672/20000 [03:43<03:04, 50.47it/s, acc=0.309, device=mps, eta=3m17s, loss=1.9779, sps=47.8]
BC[stage1_datasets_L40_stepsweep/bc_baseline_none_steps20000_tr2]:  53%|█████▎    | 10681/20000 [03:43<03:25, 45.38it/s, acc=0.309, device=mps, eta=3m17s, loss=1.9779, sps=47.8]
BC[stage1_datasets_L40_stepsweep/bc_baseline_none_steps20000_tr2]:  53%|█████▎    | 10687/20000 [03:43<03:15, 47.75it/s, acc=0.309, device=mps, eta=3m17s, loss=1.9779, sps=47.8]
BC[stage1_datasets_L40_stepsweep/bc_baseline_none_steps20000_tr2]:  53%|█████▎    | 10693/20000 [03:43<03:09, 49.08it/s, acc=0.309, device=mps, eta=3m17s, loss=1.9779, sps=47.8]
BC[stage1_datasets_L40_stepsweep/bc_baseline_none_steps20000_tr2]:  54%|█████▎    | 10700/20000 [03:44<02:53, 53.62it/s, acc=0.309, device=mps, eta=3m17s, loss=1.9779, sps=47.8]
BC[stage1_datasets_L40_stepsweep/bc_baseline_none_steps20000_tr2]:  54%|█████▎    | 10706/20000 [03:44<03:30, 44.19it/s, acc=0.309, device=mps, eta=3m17s, loss=1.9779, sps=47.8]
BC[stage1_datasets_L40_stepsweep/bc_baseline_none_steps20000_tr2]:  54%|█████▎    | 10713/20000 [03:44<03:07, 49.66it/s, acc=0.309, device=mps, eta=3m17s, loss=1.9779, sps=47.8]
BC[stage1_datasets_L40_stepsweep/bc_baseline_none_steps20000_tr2]:  54%|█████▎    | 10721/20000 [03:44<03:33, 43.56it/s, acc=0.309, device=mps, eta=3m17s, loss=1.9779, sps=47.8]
BC[stage1_datasets_L40_stepsweep/bc_baseline_none_steps20000_tr2]:  54%|█████▎    | 10728/20000 [03:44<03:16, 47.24it/s, acc=0.309, device=mps, eta=3m17s, loss=1.9779, sps=47.8]
BC[stage1_datasets_L40_stepsweep/bc_baseline_none_steps20000_tr2]:  54%|█████▎    | 10734/20000 [03:44<03:05, 49.86it/s, acc=0.309, device=mps, eta=3m17s, loss=1.9779, sps=47.8]
BC[stage1_datasets_L40_stepsweep/bc_baseline_none_steps20000_tr2]:  54%|█████▎    | 10741/20000 [03:44<03:36, 42.69it/s, acc=0.309, device=mps, eta=3m17s, loss=1.9779, sps=47.8]
BC[stage1_datasets_L40_stepsweep/bc_baseline_none_steps20000_tr2]:  54%|█████▎    | 10749/20000 [03:45<03:05, 49.94it/s, acc=0.309, device=mps, eta=3m17s, loss=1.9779, sps=47.8]
BC[stage1_datasets_L40_stepsweep/bc_baseline_none_steps20000_tr2]:  54%|█████▍    | 10757/20000 [03:45<02:44, 56.18it/s, acc=0.309, device=mps, eta=3m17s, loss=1.9779, sps=47.8]
BC[stage1_datasets_L40_stepsweep/bc_baseline_none_steps20000_tr2]:  54%|█████▍    | 10764/20000 [03:45<03:11, 48.16it/s, acc=0.309, device=mps, eta=3m17s, loss=1.9779, sps=47.8]
BC[stage1_datasets_L40_stepsweep/bc_baseline_none_steps20000_tr2]:  54%|█████▍    | 10772/20000 [03:45<02:49, 54.58it/s, acc=0.309, device=mps, eta=3m17s, loss=1.9779, sps=47.8]
BC[stage1_datasets_L40_stepsweep/bc_baseline_none_steps20000_tr2]:  54%|█████▍    | 10781/20000 [03:45<03:13, 47.76it/s, acc=0.309, device=mps, eta=3m17s, loss=1.9779, sps=47.8]
BC[stage1_datasets_L40_stepsweep/bc_baseline_none_steps20000_tr2]:  54%|█████▍    | 10787/20000 [03:45<03:09, 48.70it/s, acc=0.309, device=mps, eta=3m17s, loss=1.9779, sps=47.8]
BC[stage1_datasets_L40_stepsweep/bc_baseline_none_steps20000_tr2]:  54%|█████▍    | 10794/20000 [03:45<02:56, 52.19it/s, acc=0.309, device=mps, eta=3m17s, loss=1.9779, sps=47.8]
BC[stage1_datasets_L40_stepsweep/bc_baseline_none_steps20000_tr2]:  54%|█████▍    | 10794/20000 [03:46<02:56, 52.19it/s, acc=0.307, device=mps, eta=3m13s, loss=1.9814, sps=47.8]
BC[stage1_datasets_L40_stepsweep/bc_baseline_none_steps20000_tr2]:  54%|█████▍    | 10801/20000 [03:46<03:21, 45.74it/s, acc=0.307, device=mps, eta=3m13s, loss=1.9814, sps=47.8]
BC[stage1_datasets_L40_stepsweep/bc_baseline_none_steps20000_tr2]:  54%|█████▍    | 10809/20000 [03:46<02:55, 52.22it/s, acc=0.307, device=mps, eta=3m13s, loss=1.9814, sps=47.8]
BC[stage1_datasets_L40_stepsweep/bc_baseline_none_steps20000_tr2]:  54%|█████▍    | 10817/20000 [03:46<02:37, 58.36it/s, acc=0.307, device=mps, eta=3m13s, loss=1.9814, sps=47.8]
BC[stage1_datasets_L40_stepsweep/bc_baseline_none_steps20000_tr2]:  54%|█████▍    | 10824/20000 [03:46<03:06, 49.33it/s, acc=0.307, device=mps, eta=3m13s, loss=1.9814, sps=47.8]
BC[stage1_datasets_L40_stepsweep/bc_baseline_none_steps20000_tr2]:  54%|█████▍    | 10832/20000 [03:46<02:47, 54.67it/s, acc=0.307, device=mps, eta=3m13s, loss=1.9814, sps=47.8]
BC[stage1_datasets_L40_stepsweep/bc_baseline_none_steps20000_tr2]:  54%|█████▍    | 10840/20000 [03:46<02:32, 60.18it/s, acc=0.307, device=mps, eta=3m13s, loss=1.9814, sps=47.8]
BC[stage1_datasets_L40_stepsweep/bc_baseline_none_steps20000_tr2]:  54%|█████▍    | 10847/20000 [03:46<03:08, 48.55it/s, acc=0.307, device=mps, eta=3m13s, loss=1.9814, sps=47.8]
BC[stage1_datasets_L40_stepsweep/bc_baseline_none_steps20000_tr2]:  54%|█████▍    | 10854/20000 [03:47<02:56, 51.73it/s, acc=0.307, device=mps, eta=3m13s, loss=1.9814, sps=47.8]
BC[stage1_datasets_L40_stepsweep/bc_baseline_none_steps20000_tr2]:  54%|█████▍    | 10861/20000 [03:47<03:31, 43.22it/s, acc=0.307, device=mps, eta=3m13s, loss=1.9814, sps=47.8]
BC[stage1_datasets_L40_stepsweep/bc_baseline_none_steps20000_tr2]:  54%|█████▍    | 10869/20000 [03:47<03:02, 50.11it/s, acc=0.307, device=mps, eta=3m13s, loss=1.9814, sps=47.8]
BC[stage1_datasets_L40_stepsweep/bc_baseline_none_steps20000_tr2]:  54%|█████▍    | 10877/20000 [03:47<02:41, 56.33it/s, acc=0.307, device=mps, eta=3m13s, loss=1.9814, sps=47.8]
BC[stage1_datasets_L40_stepsweep/bc_baseline_none_steps20000_tr2]:  54%|█████▍    | 10884/20000 [03:47<03:13, 47.23it/s, acc=0.307, device=mps, eta=3m13s, loss=1.9814, sps=47.8]
BC[stage1_datasets_L40_stepsweep/bc_baseline_none_steps20000_tr2]:  54%|█████▍    | 10892/20000 [03:47<02:50, 53.56it/s, acc=0.307, device=mps, eta=3m13s, loss=1.9814, sps=47.8]
BC[stage1_datasets_L40_stepsweep/bc_baseline_none_steps20000_tr2]:  55%|█████▍    | 10900/20000 [03:47<02:32, 59.51it/s, acc=0.307, device=mps, eta=3m13s, loss=1.9814, sps=47.8]
BC[stage1_datasets_L40_stepsweep/bc_baseline_none_steps20000_tr2]:  55%|█████▍    | 10907/20000 [03:48<03:05, 48.90it/s, acc=0.307, device=mps, eta=3m13s, loss=1.9814, sps=47.8]
BC[stage1_datasets_L40_stepsweep/bc_baseline_none_steps20000_tr2]:  55%|█████▍    | 10914/20000 [03:48<02:50, 53.44it/s, acc=0.307, device=mps, eta=3m13s, loss=1.9814, sps=47.8]
BC[stage1_datasets_L40_stepsweep/bc_baseline_none_steps20000_tr2]:  55%|█████▍    | 10921/20000 [03:48<03:21, 45.14it/s, acc=0.307, device=mps, eta=3m13s, loss=1.9814, sps=47.8]
BC[stage1_datasets_L40_stepsweep/bc_baseline_none_steps20000_tr2]:  55%|█████▍    | 10929/20000 [03:48<02:55, 51.82it/s, acc=0.307, device=mps, eta=3m13s, loss=1.9814, sps=47.8]
BC[stage1_datasets_L40_stepsweep/bc_baseline_none_steps20000_tr2]:  55%|█████▍    | 10937/20000 [03:48<02:36, 57.83it/s, acc=0.307, device=mps, eta=3m13s, loss=1.9814, sps=47.8]
BC[stage1_datasets_L40_stepsweep/bc_baseline_none_steps20000_tr2]:  55%|█████▍    | 10944/20000 [03:48<03:09, 47.91it/s, acc=0.307, device=mps, eta=3m13s, loss=1.9814, sps=47.8]
BC[stage1_datasets_L40_stepsweep/bc_baseline_none_steps20000_tr2]:  55%|█████▍    | 10952/20000 [03:48<02:47, 54.13it/s, acc=0.307, device=mps, eta=3m13s, loss=1.9814, sps=47.8]
BC[stage1_datasets_L40_stepsweep/bc_baseline_none_steps20000_tr2]:  55%|█████▍    | 10961/20000 [03:49<03:10, 47.47it/s, acc=0.307, device=mps, eta=3m13s, loss=1.9814, sps=47.8]
BC[stage1_datasets_L40_stepsweep/bc_baseline_none_steps20000_tr2]:  55%|█████▍    | 10967/20000 [03:49<03:05, 48.58it/s, acc=0.307, device=mps, eta=3m13s, loss=1.9814, sps=47.8]
BC[stage1_datasets_L40_stepsweep/bc_baseline_none_steps20000_tr2]:  55%|█████▍    | 10973/20000 [03:49<02:57, 50.90it/s, acc=0.307, device=mps, eta=3m13s, loss=1.9814, sps=47.8]
BC[stage1_datasets_L40_stepsweep/bc_baseline_none_steps20000_tr2]:  55%|█████▍    | 10981/20000 [03:49<03:25, 43.86it/s, acc=0.307, device=mps, eta=3m13s, loss=1.9814, sps=47.8]
BC[stage1_datasets_L40_stepsweep/bc_baseline_none_steps20000_tr2]:  55%|█████▍    | 10987/20000 [03:49<03:16, 45.78it/s, acc=0.307, device=mps, eta=3m13s, loss=1.9814, sps=47.8]
BC[stage1_datasets_L40_stepsweep/bc_baseline_none_steps20000_tr2]:  55%|█████▍    | 10993/20000 [03:49<03:05, 48.58it/s, acc=0.307, device=mps, eta=3m13s, loss=1.9814, sps=47.8]
BC[stage1_datasets_L40_stepsweep/bc_baseline_none_steps20000_tr2]:  55%|█████▍    | 10993/20000 [03:50<03:05, 48.58it/s, acc=0.311, device=mps, eta=3m08s, loss=1.9746, sps=47.8]
BC[stage1_datasets_L40_stepsweep/bc_baseline_none_steps20000_tr2]:  55%|█████▌    | 11000/20000 [03:50<02:49, 53.18it/s, acc=0.311, device=mps, eta=3m08s, loss=1.9746, sps=47.8]
BC[stage1_datasets_L40_stepsweep/bc_baseline_none_steps20000_tr2]:  55%|█████▌    | 11006/20000 [03:50<03:26, 43.65it/s, acc=0.311, device=mps, eta=3m08s, loss=1.9746, sps=47.8]
BC[stage1_datasets_L40_stepsweep/bc_baseline_none_steps20000_tr2]:  55%|█████▌    | 11013/20000 [03:50<03:03, 48.98it/s, acc=0.311, device=mps, eta=3m08s, loss=1.9746, sps=47.8]
BC[stage1_datasets_L40_stepsweep/bc_baseline_none_steps20000_tr2]:  55%|█████▌    | 11021/20000 [03:50<03:27, 43.30it/s, acc=0.311, device=mps, eta=3m08s, loss=1.9746, sps=47.8]
BC[stage1_datasets_L40_stepsweep/bc_baseline_none_steps20000_tr2]:  55%|█████▌    | 11029/20000 [03:50<02:58, 50.35it/s, acc=0.311, device=mps, eta=3m08s, loss=1.9746, sps=47.8]
BC[stage1_datasets_L40_stepsweep/bc_baseline_none_steps20000_tr2]:  55%|█████▌    | 11037/20000 [03:50<02:39, 56.08it/s, acc=0.311, device=mps, eta=3m08s, loss=1.9746, sps=47.8]
BC[stage1_datasets_L40_stepsweep/bc_baseline_none_steps20000_tr2]:  55%|█████▌    | 11044/20000 [03:50<03:08, 47.45it/s, acc=0.311, device=mps, eta=3m08s, loss=1.9746, sps=47.8]
BC[stage1_datasets_L40_stepsweep/bc_baseline_none_steps20000_tr2]:  55%|█████▌    | 11051/20000 [03:51<02:55, 51.11it/s, acc=0.311, device=mps, eta=3m08s, loss=1.9746, sps=47.8]
BC[stage1_datasets_L40_stepsweep/bc_baseline_none_steps20000_tr2]:  55%|█████▌    | 11058/20000 [03:51<02:47, 53.51it/s, acc=0.311, device=mps, eta=3m08s, loss=1.9746, sps=47.8]
BC[stage1_datasets_L40_stepsweep/bc_baseline_none_steps20000_tr2]:  55%|█████▌    | 11064/20000 [03:51<03:24, 43.77it/s, acc=0.311, device=mps, eta=3m08s, loss=1.9746, sps=47.8]
BC[stage1_datasets_L40_stepsweep/bc_baseline_none_steps20000_tr2]:  55%|█████▌    | 11070/20000 [03:51<03:10, 46.78it/s, acc=0.311, device=mps, eta=3m08s, loss=1.9746, sps=47.8]
BC[stage1_datasets_L40_stepsweep/bc_baseline_none_steps20000_tr2]:  55%|█████▌    | 11076/20000 [03:51<03:01, 49.29it/s, acc=0.311, device=mps, eta=3m08s, loss=1.9746, sps=47.8]
BC[stage1_datasets_L40_stepsweep/bc_baseline_none_steps20000_tr2]:  55%|█████▌    | 11082/20000 [03:51<03:34, 41.59it/s, acc=0.311, device=mps, eta=3m08s, loss=1.9746, sps=47.8]
BC[stage1_datasets_L40_stepsweep/bc_baseline_none_steps20000_tr2]:  55%|█████▌    | 11088/20000 [03:51<03:15, 45.62it/s, acc=0.311, device=mps, eta=3m08s, loss=1.9746, sps=47.8]
BC[stage1_datasets_L40_stepsweep/bc_baseline_none_steps20000_tr2]:  55%|█████▌    | 11095/20000 [03:52<02:59, 49.58it/s, acc=0.311, device=mps, eta=3m08s, loss=1.9746, sps=47.8]
BC[stage1_datasets_L40_stepsweep/bc_baseline_none_steps20000_tr2]:  56%|█████▌    | 11101/20000 [03:52<03:39, 40.49it/s, acc=0.311, device=mps, eta=3m08s, loss=1.9746, sps=47.8]
BC[stage1_datasets_L40_stepsweep/bc_baseline_none_steps20000_tr2]:  56%|█████▌    | 11107/20000 [03:52<03:19, 44.56it/s, acc=0.311, device=mps, eta=3m08s, loss=1.9746, sps=47.8]
BC[stage1_datasets_L40_stepsweep/bc_baseline_none_steps20000_tr2]:  56%|█████▌    | 11113/20000 [03:52<03:09, 46.78it/s, acc=0.311, device=mps, eta=3m08s, loss=1.9746, sps=47.8]
BC[stage1_datasets_L40_stepsweep/bc_baseline_none_steps20000_tr2]:  56%|█████▌    | 11120/20000 [03:52<02:51, 51.83it/s, acc=0.311, device=mps, eta=3m08s, loss=1.9746, sps=47.8]
BC[stage1_datasets_L40_stepsweep/bc_baseline_none_steps20000_tr2]:  56%|█████▌    | 11126/20000 [03:52<03:25, 43.14it/s, acc=0.311, device=mps, eta=3m08s, loss=1.9746, sps=47.8]
BC[stage1_datasets_L40_stepsweep/bc_baseline_none_steps20000_tr2]:  56%|█████▌    | 11134/20000 [03:52<02:55, 50.55it/s, acc=0.311, device=mps, eta=3m08s, loss=1.9746, sps=47.8]
BC[stage1_datasets_L40_stepsweep/bc_baseline_none_steps20000_tr2]:  56%|█████▌    | 11141/20000 [03:53<03:22, 43.68it/s, acc=0.311, device=mps, eta=3m08s, loss=1.9746, sps=47.8]
BC[stage1_datasets_L40_stepsweep/bc_baseline_none_steps20000_tr2]:  56%|█████▌    | 11148/20000 [03:53<03:02, 48.41it/s, acc=0.311, device=mps, eta=3m08s, loss=1.9746, sps=47.8]
BC[stage1_datasets_L40_stepsweep/bc_baseline_none_steps20000_tr2]:  56%|█████▌    | 11154/20000 [03:53<02:56, 50.02it/s, acc=0.311, device=mps, eta=3m08s, loss=1.9746, sps=47.8]
BC[stage1_datasets_L40_stepsweep/bc_baseline_none_steps20000_tr2]:  56%|█████▌    | 11161/20000 [03:53<03:28, 42.44it/s, acc=0.311, device=mps, eta=3m08s, loss=1.9746, sps=47.8]
BC[stage1_datasets_L40_stepsweep/bc_baseline_none_steps20000_tr2]:  56%|█████▌    | 11169/20000 [03:53<02:57, 49.79it/s, acc=0.311, device=mps, eta=3m08s, loss=1.9746, sps=47.8]
BC[stage1_datasets_L40_stepsweep/bc_baseline_none_steps20000_tr2]:  56%|█████▌    | 11177/20000 [03:53<02:37, 56.09it/s, acc=0.311, device=mps, eta=3m08s, loss=1.9746, sps=47.8]
BC[stage1_datasets_L40_stepsweep/bc_baseline_none_steps20000_tr2]:  56%|█████▌    | 11184/20000 [03:53<03:05, 47.63it/s, acc=0.311, device=mps, eta=3m08s, loss=1.9746, sps=47.8]
BC[stage1_datasets_L40_stepsweep/bc_baseline_none_steps20000_tr2]:  56%|█████▌    | 11191/20000 [03:54<02:51, 51.28it/s, acc=0.311, device=mps, eta=3m08s, loss=1.9746, sps=47.8]
BC[stage1_datasets_L40_stepsweep/bc_baseline_none_steps20000_tr2]:  56%|█████▌    | 11197/20000 [03:54<02:46, 52.93it/s, acc=0.311, device=mps, eta=3m08s, loss=1.9746, sps=47.8]
BC[stage1_datasets_L40_stepsweep/bc_baseline_none_steps20000_tr2]:  56%|█████▌    | 11197/20000 [03:54<02:46, 52.93it/s, acc=0.309, device=mps, eta=3m04s, loss=1.9803, sps=47.8]
BC[stage1_datasets_L40_stepsweep/bc_baseline_none_steps20000_tr2]:  56%|█████▌    | 11203/20000 [03:54<03:22, 43.34it/s, acc=0.309, device=mps, eta=3m04s, loss=1.9803, sps=47.8]
BC[stage1_datasets_L40_stepsweep/bc_baseline_none_steps20000_tr2]:  56%|█████▌    | 11209/20000 [03:54<03:13, 45.49it/s, acc=0.309, device=mps, eta=3m04s, loss=1.9803, sps=47.8]
BC[stage1_datasets_L40_stepsweep/bc_baseline_none_steps20000_tr2]:  56%|█████▌    | 11215/20000 [03:54<03:00, 48.78it/s, acc=0.309, device=mps, eta=3m04s, loss=1.9803, sps=47.8]
BC[stage1_datasets_L40_stepsweep/bc_baseline_none_steps20000_tr2]:  56%|█████▌    | 11221/20000 [03:54<03:39, 40.04it/s, acc=0.309, device=mps, eta=3m04s, loss=1.9803, sps=47.8]
BC[stage1_datasets_L40_stepsweep/bc_baseline_none_steps20000_tr2]:  56%|█████▌    | 11229/20000 [03:54<03:03, 47.92it/s, acc=0.309, device=mps, eta=3m04s, loss=1.9803, sps=47.8]
BC[stage1_datasets_L40_stepsweep/bc_baseline_none_steps20000_tr2]:  56%|█████▌    | 11237/20000 [03:54<02:42, 54.06it/s, acc=0.309, device=mps, eta=3m04s, loss=1.9803, sps=47.8]
BC[stage1_datasets_L40_stepsweep/bc_baseline_none_steps20000_tr2]:  56%|█████▌    | 11243/20000 [03:55<03:13, 45.24it/s, acc=0.309, device=mps, eta=3m04s, loss=1.9803, sps=47.8]
BC[stage1_datasets_L40_stepsweep/bc_baseline_none_steps20000_tr2]:  56%|█████▌    | 11249/20000 [03:55<03:01, 48.24it/s, acc=0.309, device=mps, eta=3m04s, loss=1.9803, sps=47.8]
BC[stage1_datasets_L40_stepsweep/bc_baseline_none_steps20000_tr2]:  56%|█████▋    | 11255/20000 [03:55<02:52, 50.82it/s, acc=0.309, device=mps, eta=3m04s, loss=1.9803, sps=47.8]
BC[stage1_datasets_L40_stepsweep/bc_baseline_none_steps20000_tr2]:  56%|█████▋    | 11261/20000 [03:55<03:33, 40.86it/s, acc=0.309, device=mps, eta=3m04s, loss=1.9803, sps=47.8]
BC[stage1_datasets_L40_stepsweep/bc_baseline_none_steps20000_tr2]:  56%|█████▋    | 11269/20000 [03:55<02:59, 48.69it/s, acc=0.309, device=mps, eta=3m04s, loss=1.9803, sps=47.8]
BC[stage1_datasets_L40_stepsweep/bc_baseline_none_steps20000_tr2]:  56%|█████▋    | 11277/20000 [03:55<02:38, 55.01it/s, acc=0.309, device=mps, eta=3m04s, loss=1.9803, sps=47.8]
BC[stage1_datasets_L40_stepsweep/bc_baseline_none_steps20000_tr2]:  56%|█████▋    | 11284/20000 [03:56<03:05, 46.94it/s, acc=0.309, device=mps, eta=3m04s, loss=1.9803, sps=47.8]
BC[stage1_datasets_L40_stepsweep/bc_baseline_none_steps20000_tr2]:  56%|█████▋    | 11291/20000 [03:56<02:51, 50.68it/s, acc=0.309, device=mps, eta=3m04s, loss=1.9803, sps=47.8]
BC[stage1_datasets_L40_stepsweep/bc_baseline_none_steps20000_tr2]:  56%|█████▋    | 11298/20000 [03:56<02:42, 53.50it/s, acc=0.309, device=mps, eta=3m04s, loss=1.9803, sps=47.8]
BC[stage1_datasets_L40_stepsweep/bc_baseline_none_steps20000_tr2]:  57%|█████▋    | 11304/20000 [03:56<03:15, 44.38it/s, acc=0.309, device=mps, eta=3m04s, loss=1.9803, sps=47.8]
BC[stage1_datasets_L40_stepsweep/bc_baseline_none_steps20000_tr2]:  57%|█████▋    | 11310/20000 [03:56<03:03, 47.32it/s, acc=0.309, device=mps, eta=3m04s, loss=1.9803, sps=47.8]
BC[stage1_datasets_L40_stepsweep/bc_baseline_none_steps20000_tr2]:  57%|█████▋    | 11316/20000 [03:56<02:53, 49.99it/s, acc=0.309, device=mps, eta=3m04s, loss=1.9803, sps=47.8]
BC[stage1_datasets_L40_stepsweep/bc_baseline_none_steps20000_tr2]:  57%|█████▋    | 11322/20000 [03:56<03:27, 41.81it/s, acc=0.309, device=mps, eta=3m04s, loss=1.9803, sps=47.8]
BC[stage1_datasets_L40_stepsweep/bc_baseline_none_steps20000_tr2]:  57%|█████▋    | 11330/20000 [03:56<02:55, 49.50it/s, acc=0.309, device=mps, eta=3m04s, loss=1.9803, sps=47.8]
BC[stage1_datasets_L40_stepsweep/bc_baseline_none_steps20000_tr2]:  57%|█████▋    | 11338/20000 [03:57<02:35, 55.60it/s, acc=0.309, device=mps, eta=3m04s, loss=1.9803, sps=47.8]
BC[stage1_datasets_L40_stepsweep/bc_baseline_none_steps20000_tr2]:  57%|█████▋    | 11345/20000 [03:57<03:05, 46.61it/s, acc=0.309, device=mps, eta=3m04s, loss=1.9803, sps=47.8]
BC[stage1_datasets_L40_stepsweep/bc_baseline_none_steps20000_tr2]:  57%|█████▋    | 11351/20000 [03:57<02:55, 49.29it/s, acc=0.309, device=mps, eta=3m04s, loss=1.9803, sps=47.8]
BC[stage1_datasets_L40_stepsweep/bc_baseline_none_steps20000_tr2]:  57%|█████▋    | 11357/20000 [03:57<02:47, 51.53it/s, acc=0.309, device=mps, eta=3m04s, loss=1.9803, sps=47.8]
BC[stage1_datasets_L40_stepsweep/bc_baseline_none_steps20000_tr2]:  57%|█████▋    | 11363/20000 [03:57<03:28, 41.33it/s, acc=0.309, device=mps, eta=3m04s, loss=1.9803, sps=47.8]
BC[stage1_datasets_L40_stepsweep/bc_baseline_none_steps20000_tr2]:  57%|█████▋    | 11369/20000 [03:57<03:15, 44.26it/s, acc=0.309, device=mps, eta=3m04s, loss=1.9803, sps=47.8]
BC[stage1_datasets_L40_stepsweep/bc_baseline_none_steps20000_tr2]:  57%|█████▋    | 11375/20000 [03:57<03:00, 47.73it/s, acc=0.309, device=mps, eta=3m04s, loss=1.9803, sps=47.8]
BC[stage1_datasets_L40_stepsweep/bc_baseline_none_steps20000_tr2]:  57%|█████▋    | 11381/20000 [03:58<03:34, 40.22it/s, acc=0.309, device=mps, eta=3m04s, loss=1.9803, sps=47.8]
BC[stage1_datasets_L40_stepsweep/bc_baseline_none_steps20000_tr2]:  57%|█████▋    | 11387/20000 [03:58<03:13, 44.49it/s, acc=0.309, device=mps, eta=3m04s, loss=1.9803, sps=47.8]
BC[stage1_datasets_L40_stepsweep/bc_baseline_none_steps20000_tr2]:  57%|█████▋    | 11393/20000 [03:58<03:03, 46.85it/s, acc=0.309, device=mps, eta=3m04s, loss=1.9803, sps=47.8]
BC[stage1_datasets_L40_stepsweep/bc_baseline_none_steps20000_tr2]:  57%|█████▋    | 11393/20000 [03:58<03:03, 46.85it/s, acc=0.310, device=mps, eta=3m00s, loss=1.9761, sps=47.8]
BC[stage1_datasets_L40_stepsweep/bc_baseline_none_steps20000_tr2]:  57%|█████▋    | 11400/20000 [03:58<02:46, 51.59it/s, acc=0.310, device=mps, eta=3m00s, loss=1.9761, sps=47.8]
BC[stage1_datasets_L40_stepsweep/bc_baseline_none_steps20000_tr2]:  57%|█████▋    | 11406/20000 [03:58<03:23, 42.21it/s, acc=0.310, device=mps, eta=3m00s, loss=1.9761, sps=47.8]
BC[stage1_datasets_L40_stepsweep/bc_baseline_none_steps20000_tr2]:  57%|█████▋    | 11413/20000 [03:58<03:02, 46.96it/s, acc=0.310, device=mps, eta=3m00s, loss=1.9761, sps=47.8]
BC[stage1_datasets_L40_stepsweep/bc_baseline_none_steps20000_tr2]:  57%|█████▋    | 11419/20000 [03:58<02:51, 50.03it/s, acc=0.310, device=mps, eta=3m00s, loss=1.9761, sps=47.8]
BC[stage1_datasets_L40_stepsweep/bc_baseline_none_steps20000_tr2]:  57%|█████▋    | 11425/20000 [03:59<03:27, 41.31it/s, acc=0.310, device=mps, eta=3m00s, loss=1.9761, sps=47.8]
BC[stage1_datasets_L40_stepsweep/bc_baseline_none_steps20000_tr2]:  57%|█████▋    | 11431/20000 [03:59<03:10, 45.08it/s, acc=0.310, device=mps, eta=3m00s, loss=1.9761, sps=47.8]
BC[stage1_datasets_L40_stepsweep/bc_baseline_none_steps20000_tr2]:  57%|█████▋    | 11437/20000 [03:59<02:58, 47.89it/s, acc=0.310, device=mps, eta=3m00s, loss=1.9761, sps=47.8]
BC[stage1_datasets_L40_stepsweep/bc_baseline_none_steps20000_tr2]:  57%|█████▋    | 11443/20000 [03:59<03:37, 39.33it/s, acc=0.310, device=mps, eta=3m00s, loss=1.9761, sps=47.8]
BC[stage1_datasets_L40_stepsweep/bc_baseline_none_steps20000_tr2]:  57%|█████▋    | 11449/20000 [03:59<03:19, 42.88it/s, acc=0.310, device=mps, eta=3m00s, loss=1.9761, sps=47.8]
BC[stage1_datasets_L40_stepsweep/bc_baseline_none_steps20000_tr2]:  57%|█████▋    | 11455/20000 [03:59<03:07, 45.47it/s, acc=0.310, device=mps, eta=3m00s, loss=1.9761, sps=47.8]
BC[stage1_datasets_L40_stepsweep/bc_baseline_none_steps20000_tr2]:  57%|█████▋    | 11461/20000 [03:59<03:43, 38.20it/s, acc=0.310, device=mps, eta=3m00s, loss=1.9761, sps=47.8]
BC[stage1_datasets_L40_stepsweep/bc_baseline_none_steps20000_tr2]:  57%|█████▋    | 11467/20000 [04:00<03:19, 42.80it/s, acc=0.310, device=mps, eta=3m00s, loss=1.9761, sps=47.8]
BC[stage1_datasets_L40_stepsweep/bc_baseline_none_steps20000_tr2]:  57%|█████▋    | 11474/20000 [04:00<02:58, 47.71it/s, acc=0.310, device=mps, eta=3m00s, loss=1.9761, sps=47.8]
BC[stage1_datasets_L40_stepsweep/bc_baseline_none_steps20000_tr2]:  57%|█████▋    | 11481/20000 [04:00<03:27, 41.14it/s, acc=0.310, device=mps, eta=3m00s, loss=1.9761, sps=47.8]
BC[stage1_datasets_L40_stepsweep/bc_baseline_none_steps20000_tr2]:  57%|█████▋    | 11487/20000 [04:00<03:13, 43.91it/s, acc=0.310, device=mps, eta=3m00s, loss=1.9761, sps=47.8]
BC[stage1_datasets_L40_stepsweep/bc_baseline_none_steps20000_tr2]:  57%|█████▋    | 11493/20000 [04:00<03:00, 47.22it/s, acc=0.310, device=mps, eta=3m00s, loss=1.9761, sps=47.8]
BC[stage1_datasets_L40_stepsweep/bc_baseline_none_steps20000_tr2]:  57%|█████▊    | 11500/20000 [04:00<02:42, 52.25it/s, acc=0.310, device=mps, eta=3m00s, loss=1.9761, sps=47.8]
BC[stage1_datasets_L40_stepsweep/bc_baseline_none_steps20000_tr2]:  58%|█████▊    | 11506/20000 [04:00<03:19, 42.61it/s, acc=0.310, device=mps, eta=3m00s, loss=1.9761, sps=47.8]
BC[stage1_datasets_L40_stepsweep/bc_baseline_none_steps20000_tr2]:  58%|█████▊    | 11512/20000 [04:00<03:03, 46.30it/s, acc=0.310, device=mps, eta=3m00s, loss=1.9761, sps=47.8]
BC[stage1_datasets_L40_stepsweep/bc_baseline_none_steps20000_tr2]:  58%|█████▊    | 11518/20000 [04:01<02:52, 49.26it/s, acc=0.310, device=mps, eta=3m00s, loss=1.9761, sps=47.8]
BC[stage1_datasets_L40_stepsweep/bc_baseline_none_steps20000_tr2]:  58%|█████▊    | 11524/20000 [04:01<03:25, 41.21it/s, acc=0.310, device=mps, eta=3m00s, loss=1.9761, sps=47.8]
BC[stage1_datasets_L40_stepsweep/bc_baseline_none_steps20000_tr2]:  58%|█████▊    | 11530/20000 [04:01<03:06, 45.36it/s, acc=0.310, device=mps, eta=3m00s, loss=1.9761, sps=47.8]
BC[stage1_datasets_L40_stepsweep/bc_baseline_none_steps20000_tr2]:  58%|█████▊    | 11536/20000 [04:01<02:58, 47.42it/s, acc=0.310, device=mps, eta=3m00s, loss=1.9761, sps=47.8]
BC[stage1_datasets_L40_stepsweep/bc_baseline_none_steps20000_tr2]:  58%|█████▊    | 11542/20000 [04:01<03:36, 39.01it/s, acc=0.310, device=mps, eta=3m00s, loss=1.9761, sps=47.8]
BC[stage1_datasets_L40_stepsweep/bc_baseline_none_steps20000_tr2]:  58%|█████▊    | 11548/20000 [04:01<03:14, 43.42it/s, acc=0.310, device=mps, eta=3m00s, loss=1.9761, sps=47.8]
BC[stage1_datasets_L40_stepsweep/bc_baseline_none_steps20000_tr2]:  58%|█████▊    | 11555/20000 [04:01<02:55, 47.98it/s, acc=0.310, device=mps, eta=3m00s, loss=1.9761, sps=47.8]
BC[stage1_datasets_L40_stepsweep/bc_baseline_none_steps20000_tr2]:  58%|█████▊    | 11561/20000 [04:02<03:27, 40.59it/s, acc=0.310, device=mps, eta=3m00s, loss=1.9761, sps=47.8]
BC[stage1_datasets_L40_stepsweep/bc_baseline_none_steps20000_tr2]:  58%|█████▊    | 11569/20000 [04:02<02:54, 48.38it/s, acc=0.310, device=mps, eta=3m00s, loss=1.9761, sps=47.8]
BC[stage1_datasets_L40_stepsweep/bc_baseline_none_steps20000_tr2]:  58%|█████▊    | 11577/20000 [04:02<02:34, 54.69it/s, acc=0.310, device=mps, eta=3m00s, loss=1.9761, sps=47.8]
BC[stage1_datasets_L40_stepsweep/bc_baseline_none_steps20000_tr2]:  58%|█████▊    | 11583/20000 [04:02<03:05, 45.47it/s, acc=0.310, device=mps, eta=3m00s, loss=1.9761, sps=47.8]
BC[stage1_datasets_L40_stepsweep/bc_baseline_none_steps20000_tr2]:  58%|█████▊    | 11591/20000 [04:02<02:41, 52.20it/s, acc=0.310, device=mps, eta=3m00s, loss=1.9761, sps=47.8]
BC[stage1_datasets_L40_stepsweep/bc_baseline_none_steps20000_tr2]:  58%|█████▊    | 11599/20000 [04:02<02:26, 57.44it/s, acc=0.310, device=mps, eta=3m00s, loss=1.9761, sps=47.8]
BC[stage1_datasets_L40_stepsweep/bc_baseline_none_steps20000_tr2]:  58%|█████▊    | 11599/20000 [04:02<02:26, 57.44it/s, acc=0.310, device=mps, eta=2m56s, loss=1.9739, sps=47.8]
BC[stage1_datasets_L40_stepsweep/bc_baseline_none_steps20000_tr2]:  58%|█████▊    | 11606/20000 [04:03<02:59, 46.82it/s, acc=0.310, device=mps, eta=2m56s, loss=1.9739, sps=47.8]
BC[stage1_datasets_L40_stepsweep/bc_baseline_none_steps20000_tr2]:  58%|█████▊    | 11612/20000 [04:03<02:50, 49.09it/s, acc=0.310, device=mps, eta=2m56s, loss=1.9739, sps=47.8]
BC[stage1_datasets_L40_stepsweep/bc_baseline_none_steps20000_tr2]:  58%|█████▊    | 11618/20000 [04:03<02:46, 50.21it/s, acc=0.310, device=mps, eta=2m56s, loss=1.9739, sps=47.8]
BC[stage1_datasets_L40_stepsweep/bc_baseline_none_steps20000_tr2]:  58%|█████▊    | 11624/20000 [04:03<03:21, 41.57it/s, acc=0.310, device=mps, eta=2m56s, loss=1.9739, sps=47.8]
BC[stage1_datasets_L40_stepsweep/bc_baseline_none_steps20000_tr2]:  58%|█████▊    | 11630/20000 [04:03<03:06, 44.98it/s, acc=0.310, device=mps, eta=2m56s, loss=1.9739, sps=47.8]
BC[stage1_datasets_L40_stepsweep/bc_baseline_none_steps20000_tr2]:  58%|█████▊    | 11637/20000 [04:03<02:48, 49.49it/s, acc=0.310, device=mps, eta=2m56s, loss=1.9739, sps=47.8]
BC[stage1_datasets_L40_stepsweep/bc_baseline_none_steps20000_tr2]:  58%|█████▊    | 11643/20000 [04:03<03:18, 42.12it/s, acc=0.310, device=mps, eta=2m56s, loss=1.9739, sps=47.8]
BC[stage1_datasets_L40_stepsweep/bc_baseline_none_steps20000_tr2]:  58%|█████▊    | 11650/20000 [04:03<02:57, 47.06it/s, acc=0.310, device=mps, eta=2m56s, loss=1.9739, sps=47.8]
BC[stage1_datasets_L40_stepsweep/bc_baseline_none_steps20000_tr2]:  58%|█████▊    | 11657/20000 [04:04<02:43, 51.10it/s, acc=0.310, device=mps, eta=2m56s, loss=1.9739, sps=47.8]
BC[stage1_datasets_L40_stepsweep/bc_baseline_none_steps20000_tr2]:  58%|█████▊    | 11663/20000 [04:04<03:11, 43.43it/s, acc=0.310, device=mps, eta=2m56s, loss=1.9739, sps=47.8]
BC[stage1_datasets_L40_stepsweep/bc_baseline_none_steps20000_tr2]:  58%|█████▊    | 11671/20000 [04:04<02:44, 50.72it/s, acc=0.310, device=mps, eta=2m56s, loss=1.9739, sps=47.8]
BC[stage1_datasets_L40_stepsweep/bc_baseline_none_steps20000_tr2]:  58%|█████▊    | 11679/20000 [04:04<02:26, 56.98it/s, acc=0.310, device=mps, eta=2m56s, loss=1.9739, sps=47.8]
BC[stage1_datasets_L40_stepsweep/bc_baseline_none_steps20000_tr2]:  58%|█████▊    | 11686/20000 [04:04<02:55, 47.46it/s, acc=0.310, device=mps, eta=2m56s, loss=1.9739, sps=47.8]
BC[stage1_datasets_L40_stepsweep/bc_baseline_none_steps20000_tr2]:  58%|█████▊    | 11693/20000 [04:04<02:43, 50.73it/s, acc=0.310, device=mps, eta=2m56s, loss=1.9739, sps=47.8]
BC[stage1_datasets_L40_stepsweep/bc_baseline_none_steps20000_tr2]:  58%|█████▊    | 11699/20000 [04:04<02:39, 52.20it/s, acc=0.310, device=mps, eta=2m56s, loss=1.9739, sps=47.8]
BC[stage1_datasets_L40_stepsweep/bc_baseline_none_steps20000_tr2]:  59%|█████▊    | 11705/20000 [04:05<03:12, 43.03it/s, acc=0.310, device=mps, eta=2m56s, loss=1.9739, sps=47.8]
BC[stage1_datasets_L40_stepsweep/bc_baseline_none_steps20000_tr2]:  59%|█████▊    | 11710/20000 [04:05<03:10, 43.55it/s, acc=0.310, device=mps, eta=2m56s, loss=1.9739, sps=47.8]
BC[stage1_datasets_L40_stepsweep/bc_baseline_none_steps20000_tr2]:  59%|█████▊    | 11716/20000 [04:05<02:57, 46.70it/s, acc=0.310, device=mps, eta=2m56s, loss=1.9739, sps=47.8]
BC[stage1_datasets_L40_stepsweep/bc_baseline_none_steps20000_tr2]:  59%|█████▊    | 11721/20000 [04:05<03:37, 38.06it/s, acc=0.310, device=mps, eta=2m56s, loss=1.9739, sps=47.8]
BC[stage1_datasets_L40_stepsweep/bc_baseline_none_steps20000_tr2]:  59%|█████▊    | 11727/20000 [04:05<03:12, 42.87it/s, acc=0.310, device=mps, eta=2m56s, loss=1.9739, sps=47.8]
BC[stage1_datasets_L40_stepsweep/bc_baseline_none_steps20000_tr2]:  59%|█████▊    | 11734/20000 [04:05<02:53, 47.75it/s, acc=0.310, device=mps, eta=2m56s, loss=1.9739, sps=47.8]
BC[stage1_datasets_L40_stepsweep/bc_baseline_none_steps20000_tr2]:  59%|█████▊    | 11741/20000 [04:05<03:21, 41.04it/s, acc=0.310, device=mps, eta=2m56s, loss=1.9739, sps=47.8]
BC[stage1_datasets_L40_stepsweep/bc_baseline_none_steps20000_tr2]:  59%|█████▊    | 11749/20000 [04:06<02:49, 48.77it/s, acc=0.310, device=mps, eta=2m56s, loss=1.9739, sps=47.8]
BC[stage1_datasets_L40_stepsweep/bc_baseline_none_steps20000_tr2]:  59%|█████▉    | 11757/20000 [04:06<02:30, 54.92it/s, acc=0.310, device=mps, eta=2m56s, loss=1.9739, sps=47.8]
BC[stage1_datasets_L40_stepsweep/bc_baseline_none_steps20000_tr2]:  59%|█████▉    | 11764/20000 [04:06<02:58, 46.25it/s, acc=0.310, device=mps, eta=2m56s, loss=1.9739, sps=47.8]
BC[stage1_datasets_L40_stepsweep/bc_baseline_none_steps20000_tr2]:  59%|█████▉    | 11772/20000 [04:06<02:35, 52.81it/s, acc=0.310, device=mps, eta=2m56s, loss=1.9739, sps=47.8]
BC[stage1_datasets_L40_stepsweep/bc_baseline_none_steps20000_tr2]:  59%|█████▉    | 11780/20000 [04:06<02:19, 58.96it/s, acc=0.310, device=mps, eta=2m56s, loss=1.9739, sps=47.8]
BC[stage1_datasets_L40_stepsweep/bc_baseline_none_steps20000_tr2]:  59%|█████▉    | 11787/20000 [04:06<02:51, 47.88it/s, acc=0.310, device=mps, eta=2m56s, loss=1.9739, sps=47.8]
BC[stage1_datasets_L40_stepsweep/bc_baseline_none_steps20000_tr2]:  59%|█████▉    | 11794/20000 [04:06<02:41, 50.94it/s, acc=0.310, device=mps, eta=2m56s, loss=1.9739, sps=47.8]
BC[stage1_datasets_L40_stepsweep/bc_baseline_none_steps20000_tr2]:  59%|█████▉    | 11794/20000 [04:07<02:41, 50.94it/s, acc=0.308, device=mps, eta=2m52s, loss=1.9735, sps=47.8]
BC[stage1_datasets_L40_stepsweep/bc_baseline_none_steps20000_tr2]:  59%|█████▉    | 11801/20000 [04:07<03:07, 43.83it/s, acc=0.308, device=mps, eta=2m52s, loss=1.9735, sps=47.8]
BC[stage1_datasets_L40_stepsweep/bc_baseline_none_steps20000_tr2]:  59%|█████▉    | 11807/20000 [04:07<02:54, 47.05it/s, acc=0.308, device=mps, eta=2m52s, loss=1.9735, sps=47.8]
BC[stage1_datasets_L40_stepsweep/bc_baseline_none_steps20000_tr2]:  59%|█████▉    | 11814/20000 [04:07<02:41, 50.66it/s, acc=0.308, device=mps, eta=2m52s, loss=1.9735, sps=47.8]
BC[stage1_datasets_L40_stepsweep/bc_baseline_none_steps20000_tr2]:  59%|█████▉    | 11821/20000 [04:07<03:11, 42.61it/s, acc=0.308, device=mps, eta=2m52s, loss=1.9735, sps=47.8]
BC[stage1_datasets_L40_stepsweep/bc_baseline_none_steps20000_tr2]:  59%|█████▉    | 11829/20000 [04:07<02:43, 49.82it/s, acc=0.308, device=mps, eta=2m52s, loss=1.9735, sps=47.8]
BC[stage1_datasets_L40_stepsweep/bc_baseline_none_steps20000_tr2]:  59%|█████▉    | 11837/20000 [04:07<02:26, 55.89it/s, acc=0.308, device=mps, eta=2m52s, loss=1.9735, sps=47.8]
BC[stage1_datasets_L40_stepsweep/bc_baseline_none_steps20000_tr2]:  59%|█████▉    | 11844/20000 [04:07<02:51, 47.62it/s, acc=0.308, device=mps, eta=2m52s, loss=1.9735, sps=47.8]
BC[stage1_datasets_L40_stepsweep/bc_baseline_none_steps20000_tr2]:  59%|█████▉    | 11851/20000 [04:08<02:36, 52.03it/s, acc=0.308, device=mps, eta=2m52s, loss=1.9735, sps=47.8]
BC[stage1_datasets_L40_stepsweep/bc_baseline_none_steps20000_tr2]:  59%|█████▉    | 11858/20000 [04:08<02:25, 55.90it/s, acc=0.308, device=mps, eta=2m52s, loss=1.9735, sps=47.8]
BC[stage1_datasets_L40_stepsweep/bc_baseline_none_steps20000_tr2]:  59%|█████▉    | 11865/20000 [04:08<02:55, 46.38it/s, acc=0.308, device=mps, eta=2m52s, loss=1.9735, sps=47.8]
BC[stage1_datasets_L40_stepsweep/bc_baseline_none_steps20000_tr2]:  59%|█████▉    | 11871/20000 [04:08<02:46, 48.77it/s, acc=0.308, device=mps, eta=2m52s, loss=1.9735, sps=47.8]
BC[stage1_datasets_L40_stepsweep/bc_baseline_none_steps20000_tr2]:  59%|█████▉    | 11877/20000 [04:08<02:41, 50.15it/s, acc=0.308, device=mps, eta=2m52s, loss=1.9735, sps=47.8]
BC[stage1_datasets_L40_stepsweep/bc_baseline_none_steps20000_tr2]:  59%|█████▉    | 11883/20000 [04:08<03:16, 41.32it/s, acc=0.308, device=mps, eta=2m52s, loss=1.9735, sps=47.8]
BC[stage1_datasets_L40_stepsweep/bc_baseline_none_steps20000_tr2]:  59%|█████▉    | 11891/20000 [04:08<02:44, 49.21it/s, acc=0.308, device=mps, eta=2m52s, loss=1.9735, sps=47.8]
BC[stage1_datasets_L40_stepsweep/bc_baseline_none_steps20000_tr2]:  59%|█████▉    | 11899/20000 [04:09<02:24, 56.00it/s, acc=0.308, device=mps, eta=2m52s, loss=1.9735, sps=47.8]
BC[stage1_datasets_L40_stepsweep/bc_baseline_none_steps20000_tr2]:  60%|█████▉    | 11906/20000 [04:09<02:52, 46.87it/s, acc=0.308, device=mps, eta=2m52s, loss=1.9735, sps=47.8]
BC[stage1_datasets_L40_stepsweep/bc_baseline_none_steps20000_tr2]:  60%|█████▉    | 11913/20000 [04:09<02:40, 50.28it/s, acc=0.308, device=mps, eta=2m52s, loss=1.9735, sps=47.8]
BC[stage1_datasets_L40_stepsweep/bc_baseline_none_steps20000_tr2]:  60%|█████▉    | 11919/20000 [04:09<02:35, 51.80it/s, acc=0.308, device=mps, eta=2m52s, loss=1.9735, sps=47.8]
BC[stage1_datasets_L40_stepsweep/bc_baseline_none_steps20000_tr2]:  60%|█████▉    | 11925/20000 [04:09<03:12, 42.00it/s, acc=0.308, device=mps, eta=2m52s, loss=1.9735, sps=47.8]
BC[stage1_datasets_L40_stepsweep/bc_baseline_none_steps20000_tr2]:  60%|█████▉    | 11930/20000 [04:09<03:04, 43.70it/s, acc=0.308, device=mps, eta=2m52s, loss=1.9735, sps=47.8]
BC[stage1_datasets_L40_stepsweep/bc_baseline_none_steps20000_tr2]:  60%|█████▉    | 11936/20000 [04:09<02:53, 46.57it/s, acc=0.308, device=mps, eta=2m52s, loss=1.9735, sps=47.8]
BC[stage1_datasets_L40_stepsweep/bc_baseline_none_steps20000_tr2]:  60%|█████▉    | 11942/20000 [04:10<03:25, 39.18it/s, acc=0.308, device=mps, eta=2m52s, loss=1.9735, sps=47.8]
BC[stage1_datasets_L40_stepsweep/bc_baseline_none_steps20000_tr2]:  60%|█████▉    | 11950/20000 [04:10<02:49, 47.46it/s, acc=0.308, device=mps, eta=2m52s, loss=1.9735, sps=47.8]
BC[stage1_datasets_L40_stepsweep/bc_baseline_none_steps20000_tr2]:  60%|█████▉    | 11958/20000 [04:10<02:28, 54.15it/s, acc=0.308, device=mps, eta=2m52s, loss=1.9735, sps=47.8]
BC[stage1_datasets_L40_stepsweep/bc_baseline_none_steps20000_tr2]:  60%|█████▉    | 11964/20000 [04:10<02:58, 44.93it/s, acc=0.308, device=mps, eta=2m52s, loss=1.9735, sps=47.8]
BC[stage1_datasets_L40_stepsweep/bc_baseline_none_steps20000_tr2]:  60%|█████▉    | 11972/20000 [04:10<02:34, 52.10it/s, acc=0.308, device=mps, eta=2m52s, loss=1.9735, sps=47.8]
BC[stage1_datasets_L40_stepsweep/bc_baseline_none_steps20000_tr2]:  60%|█████▉    | 11981/20000 [04:10<02:53, 46.14it/s, acc=0.308, device=mps, eta=2m52s, loss=1.9735, sps=47.8]
BC[stage1_datasets_L40_stepsweep/bc_baseline_none_steps20000_tr2]:  60%|█████▉    | 11987/20000 [04:10<02:49, 47.37it/s, acc=0.308, device=mps, eta=2m52s, loss=1.9735, sps=47.8]
BC[stage1_datasets_L40_stepsweep/bc_baseline_none_steps20000_tr2]:  60%|█████▉    | 11993/20000 [04:11<02:41, 49.66it/s, acc=0.308, device=mps, eta=2m52s, loss=1.9735, sps=47.8]
BC[stage1_datasets_L40_stepsweep/bc_baseline_none_steps20000_tr2]:  60%|█████▉    | 11993/20000 [04:11<02:41, 49.66it/s, acc=0.312, device=mps, eta=2m47s, loss=1.9720, sps=47.8]
BC[stage1_datasets_L40_stepsweep/bc_baseline_none_steps20000_tr2]:  60%|██████    | 12000/20000 [04:11<02:28, 54.01it/s, acc=0.312, device=mps, eta=2m47s, loss=1.9720, sps=47.8]
BC[stage1_datasets_L40_stepsweep/bc_baseline_none_steps20000_tr2]:  60%|██████    | 12006/20000 [04:11<03:01, 44.10it/s, acc=0.312, device=mps, eta=2m47s, loss=1.9720, sps=47.8]
BC[stage1_datasets_L40_stepsweep/bc_baseline_none_steps20000_tr2]:  60%|██████    | 12013/20000 [04:11<02:43, 48.95it/s, acc=0.312, device=mps, eta=2m47s, loss=1.9720, sps=47.8]
BC[stage1_datasets_L40_stepsweep/bc_baseline_none_steps20000_tr2]:  60%|██████    | 12020/20000 [04:11<02:28, 53.83it/s, acc=0.312, device=mps, eta=2m47s, loss=1.9720, sps=47.8]
BC[stage1_datasets_L40_stepsweep/bc_baseline_none_steps20000_tr2]:  60%|██████    | 12026/20000 [04:11<03:03, 43.40it/s, acc=0.312, device=mps, eta=2m47s, loss=1.9720, sps=47.8]
BC[stage1_datasets_L40_stepsweep/bc_baseline_none_steps20000_tr2]:  60%|██████    | 12032/20000 [04:11<02:50, 46.70it/s, acc=0.312, device=mps, eta=2m47s, loss=1.9720, sps=47.8]
BC[stage1_datasets_L40_stepsweep/bc_baseline_none_steps20000_tr2]:  60%|██████    | 12039/20000 [04:12<02:37, 50.59it/s, acc=0.312, device=mps, eta=2m47s, loss=1.9720, sps=47.8]
BC[stage1_datasets_L40_stepsweep/bc_baseline_none_steps20000_tr2]:  60%|██████    | 12045/20000 [04:12<03:06, 42.68it/s, acc=0.312, device=mps, eta=2m47s, loss=1.9720, sps=47.8]
BC[stage1_datasets_L40_stepsweep/bc_baseline_none_steps20000_tr2]:  60%|██████    | 12052/20000 [04:12<02:45, 48.04it/s, acc=0.312, device=mps, eta=2m47s, loss=1.9720, sps=47.8]
BC[stage1_datasets_L40_stepsweep/bc_baseline_none_steps20000_tr2]:  60%|██████    | 12061/20000 [04:12<03:00, 44.00it/s, acc=0.312, device=mps, eta=2m47s, loss=1.9720, sps=47.8]
BC[stage1_datasets_L40_stepsweep/bc_baseline_none_steps20000_tr2]:  60%|██████    | 12068/20000 [04:12<02:47, 47.36it/s, acc=0.312, device=mps, eta=2m47s, loss=1.9720, sps=47.8]
BC[stage1_datasets_L40_stepsweep/bc_baseline_none_steps20000_tr2]:  60%|██████    | 12074/20000 [04:12<02:41, 49.04it/s, acc=0.312, device=mps, eta=2m47s, loss=1.9720, sps=47.8]
BC[stage1_datasets_L40_stepsweep/bc_baseline_none_steps20000_tr2]:  60%|██████    | 12081/20000 [04:13<03:09, 41.84it/s, acc=0.312, device=mps, eta=2m47s, loss=1.9720, sps=47.8]
BC[stage1_datasets_L40_stepsweep/bc_baseline_none_steps20000_tr2]:  60%|██████    | 12089/20000 [04:13<02:41, 49.12it/s, acc=0.312, device=mps, eta=2m47s, loss=1.9720, sps=47.8]
BC[stage1_datasets_L40_stepsweep/bc_baseline_none_steps20000_tr2]:  60%|██████    | 12097/20000 [04:13<02:23, 55.13it/s, acc=0.312, device=mps, eta=2m47s, loss=1.9720, sps=47.8]
BC[stage1_datasets_L40_stepsweep/bc_baseline_none_steps20000_tr2]:  61%|██████    | 12104/20000 [04:13<02:49, 46.70it/s, acc=0.312, device=mps, eta=2m47s, loss=1.9720, sps=47.8]
BC[stage1_datasets_L40_stepsweep/bc_baseline_none_steps20000_tr2]:  61%|██████    | 12111/20000 [04:13<02:36, 50.29it/s, acc=0.312, device=mps, eta=2m47s, loss=1.9720, sps=47.8]
BC[stage1_datasets_L40_stepsweep/bc_baseline_none_steps20000_tr2]:  61%|██████    | 12117/20000 [04:13<02:30, 52.45it/s, acc=0.312, device=mps, eta=2m47s, loss=1.9720, sps=47.8]
BC[stage1_datasets_L40_stepsweep/bc_baseline_none_steps20000_tr2]:  61%|██████    | 12123/20000 [04:13<03:03, 42.84it/s, acc=0.312, device=mps, eta=2m47s, loss=1.9720, sps=47.8]
BC[stage1_datasets_L40_stepsweep/bc_baseline_none_steps20000_tr2]:  61%|██████    | 12130/20000 [04:13<02:47, 47.09it/s, acc=0.312, device=mps, eta=2m47s, loss=1.9720, sps=47.8]
BC[stage1_datasets_L40_stepsweep/bc_baseline_none_steps20000_tr2]:  61%|██████    | 12137/20000 [04:14<02:34, 50.98it/s, acc=0.312, device=mps, eta=2m47s, loss=1.9720, sps=47.8]
BC[stage1_datasets_L40_stepsweep/bc_baseline_none_steps20000_tr2]:  61%|██████    | 12143/20000 [04:14<03:02, 43.03it/s, acc=0.312, device=mps, eta=2m47s, loss=1.9720, sps=47.8]
BC[stage1_datasets_L40_stepsweep/bc_baseline_none_steps20000_tr2]:  61%|██████    | 12150/20000 [04:14<02:45, 47.54it/s, acc=0.312, device=mps, eta=2m47s, loss=1.9720, sps=47.8]
BC[stage1_datasets_L40_stepsweep/bc_baseline_none_steps20000_tr2]:  61%|██████    | 12157/20000 [04:14<02:34, 50.85it/s, acc=0.312, device=mps, eta=2m47s, loss=1.9720, sps=47.8]
BC[stage1_datasets_L40_stepsweep/bc_baseline_none_steps20000_tr2]:  61%|██████    | 12163/20000 [04:14<03:07, 41.87it/s, acc=0.312, device=mps, eta=2m47s, loss=1.9720, sps=47.8]
BC[stage1_datasets_L40_stepsweep/bc_baseline_none_steps20000_tr2]:  61%|██████    | 12171/20000 [04:14<02:38, 49.50it/s, acc=0.312, device=mps, eta=2m47s, loss=1.9720, sps=47.8]
BC[stage1_datasets_L40_stepsweep/bc_baseline_none_steps20000_tr2]:  61%|██████    | 12179/20000 [04:14<02:19, 56.03it/s, acc=0.312, device=mps, eta=2m47s, loss=1.9720, sps=47.8]
BC[stage1_datasets_L40_stepsweep/bc_baseline_none_steps20000_tr2]:  61%|██████    | 12186/20000 [04:15<02:44, 47.37it/s, acc=0.312, device=mps, eta=2m47s, loss=1.9720, sps=47.8]
BC[stage1_datasets_L40_stepsweep/bc_baseline_none_steps20000_tr2]:  61%|██████    | 12193/20000 [04:15<02:29, 52.23it/s, acc=0.312, device=mps, eta=2m47s, loss=1.9720, sps=47.8]
BC[stage1_datasets_L40_stepsweep/bc_baseline_none_steps20000_tr2]:  61%|██████    | 12193/20000 [04:15<02:29, 52.23it/s, acc=0.310, device=mps, eta=2m43s, loss=1.9711, sps=47.8]
BC[stage1_datasets_L40_stepsweep/bc_baseline_none_steps20000_tr2]:  61%|██████    | 12201/20000 [04:15<02:50, 45.84it/s, acc=0.310, device=mps, eta=2m43s, loss=1.9711, sps=47.8]
BC[stage1_datasets_L40_stepsweep/bc_baseline_none_steps20000_tr2]:  61%|██████    | 12207/20000 [04:15<02:40, 48.48it/s, acc=0.310, device=mps, eta=2m43s, loss=1.9711, sps=47.8]
BC[stage1_datasets_L40_stepsweep/bc_baseline_none_steps20000_tr2]:  61%|██████    | 12214/20000 [04:15<02:30, 51.90it/s, acc=0.310, device=mps, eta=2m43s, loss=1.9711, sps=47.8]
BC[stage1_datasets_L40_stepsweep/bc_baseline_none_steps20000_tr2]:  61%|██████    | 12221/20000 [04:15<02:59, 43.35it/s, acc=0.310, device=mps, eta=2m43s, loss=1.9711, sps=47.8]
BC[stage1_datasets_L40_stepsweep/bc_baseline_none_steps20000_tr2]:  61%|██████    | 12227/20000 [04:15<02:46, 46.78it/s, acc=0.310, device=mps, eta=2m43s, loss=1.9711, sps=47.8]
BC[stage1_datasets_L40_stepsweep/bc_baseline_none_steps20000_tr2]:  61%|██████    | 12234/20000 [04:16<02:34, 50.42it/s, acc=0.310, device=mps, eta=2m43s, loss=1.9711, sps=47.8]
BC[stage1_datasets_L40_stepsweep/bc_baseline_none_steps20000_tr2]:  61%|██████    | 12241/20000 [04:16<03:01, 42.82it/s, acc=0.310, device=mps, eta=2m43s, loss=1.9711, sps=47.8]
BC[stage1_datasets_L40_stepsweep/bc_baseline_none_steps20000_tr2]:  61%|██████    | 12249/20000 [04:16<02:33, 50.38it/s, acc=0.310, device=mps, eta=2m43s, loss=1.9711, sps=47.8]
BC[stage1_datasets_L40_stepsweep/bc_baseline_none_steps20000_tr2]:  61%|██████▏   | 12257/20000 [04:16<02:15, 56.99it/s, acc=0.310, device=mps, eta=2m43s, loss=1.9711, sps=47.8]
BC[stage1_datasets_L40_stepsweep/bc_baseline_none_steps20000_tr2]:  61%|██████▏   | 12264/20000 [04:16<02:39, 48.41it/s, acc=0.310, device=mps, eta=2m43s, loss=1.9711, sps=47.8]
BC[stage1_datasets_L40_stepsweep/bc_baseline_none_steps20000_tr2]:  61%|██████▏   | 12271/20000 [04:16<02:27, 52.36it/s, acc=0.310, device=mps, eta=2m43s, loss=1.9711, sps=47.8]
BC[stage1_datasets_L40_stepsweep/bc_baseline_none_steps20000_tr2]:  61%|██████▏   | 12278/20000 [04:16<02:21, 54.69it/s, acc=0.310, device=mps, eta=2m43s, loss=1.9711, sps=47.8]
BC[stage1_datasets_L40_stepsweep/bc_baseline_none_steps20000_tr2]:  61%|██████▏   | 12284/20000 [04:17<02:51, 44.88it/s, acc=0.310, device=mps, eta=2m43s, loss=1.9711, sps=47.8]
BC[stage1_datasets_L40_stepsweep/bc_baseline_none_steps20000_tr2]:  61%|██████▏   | 12292/20000 [04:17<02:28, 52.03it/s, acc=0.310, device=mps, eta=2m43s, loss=1.9711, sps=47.8]
BC[stage1_datasets_L40_stepsweep/bc_baseline_none_steps20000_tr2]:  62%|██████▏   | 12300/20000 [04:17<02:11, 58.62it/s, acc=0.310, device=mps, eta=2m43s, loss=1.9711, sps=47.8]
BC[stage1_datasets_L40_stepsweep/bc_baseline_none_steps20000_tr2]:  62%|██████▏   | 12307/20000 [04:17<02:40, 48.08it/s, acc=0.310, device=mps, eta=2m43s, loss=1.9711, sps=47.8]
BC[stage1_datasets_L40_stepsweep/bc_baseline_none_steps20000_tr2]:  62%|██████▏   | 12314/20000 [04:17<02:27, 52.09it/s, acc=0.310, device=mps, eta=2m43s, loss=1.9711, sps=47.8]
BC[stage1_datasets_L40_stepsweep/bc_baseline_none_steps20000_tr2]:  62%|██████▏   | 12321/20000 [04:17<02:55, 43.78it/s, acc=0.310, device=mps, eta=2m43s, loss=1.9711, sps=47.8]
BC[stage1_datasets_L40_stepsweep/bc_baseline_none_steps20000_tr2]:  62%|██████▏   | 12329/20000 [04:17<02:31, 50.77it/s, acc=0.310, device=mps, eta=2m43s, loss=1.9711, sps=47.8]
BC[stage1_datasets_L40_stepsweep/bc_baseline_none_steps20000_tr2]:  62%|██████▏   | 12337/20000 [04:18<02:14, 56.84it/s, acc=0.310, device=mps, eta=2m43s, loss=1.9711, sps=47.8]
BC[stage1_datasets_L40_stepsweep/bc_baseline_none_steps20000_tr2]:  62%|██████▏   | 12344/20000 [04:18<02:43, 46.90it/s, acc=0.310, device=mps, eta=2m43s, loss=1.9711, sps=47.8]
BC[stage1_datasets_L40_stepsweep/bc_baseline_none_steps20000_tr2]:  62%|██████▏   | 12350/20000 [04:18<02:36, 48.73it/s, acc=0.310, device=mps, eta=2m43s, loss=1.9711, sps=47.8]
BC[stage1_datasets_L40_stepsweep/bc_baseline_none_steps20000_tr2]:  62%|██████▏   | 12357/20000 [04:18<02:26, 52.30it/s, acc=0.310, device=mps, eta=2m43s, loss=1.9711, sps=47.8]
BC[stage1_datasets_L40_stepsweep/bc_baseline_none_steps20000_tr2]:  62%|██████▏   | 12363/20000 [04:18<02:54, 43.72it/s, acc=0.310, device=mps, eta=2m43s, loss=1.9711, sps=47.8]
BC[stage1_datasets_L40_stepsweep/bc_baseline_none_steps20000_tr2]:  62%|██████▏   | 12371/20000 [04:18<02:29, 51.12it/s, acc=0.310, device=mps, eta=2m43s, loss=1.9711, sps=47.8]
BC[stage1_datasets_L40_stepsweep/bc_baseline_none_steps20000_tr2]:  62%|██████▏   | 12379/20000 [04:18<02:13, 57.29it/s, acc=0.310, device=mps, eta=2m43s, loss=1.9711, sps=47.8]
BC[stage1_datasets_L40_stepsweep/bc_baseline_none_steps20000_tr2]:  62%|██████▏   | 12386/20000 [04:19<02:39, 47.80it/s, acc=0.310, device=mps, eta=2m43s, loss=1.9711, sps=47.8]
BC[stage1_datasets_L40_stepsweep/bc_baseline_none_steps20000_tr2]:  62%|██████▏   | 12393/20000 [04:19<02:28, 51.17it/s, acc=0.310, device=mps, eta=2m43s, loss=1.9711, sps=47.8]
BC[stage1_datasets_L40_stepsweep/bc_baseline_none_steps20000_tr2]:  62%|██████▏   | 12399/20000 [04:19<02:24, 52.74it/s, acc=0.310, device=mps, eta=2m43s, loss=1.9711, sps=47.8]
BC[stage1_datasets_L40_stepsweep/bc_baseline_none_steps20000_tr2]:  62%|██████▏   | 12399/20000 [04:19<02:24, 52.74it/s, acc=0.312, device=mps, eta=2m39s, loss=1.9706, sps=47.8]
BC[stage1_datasets_L40_stepsweep/bc_baseline_none_steps20000_tr2]:  62%|██████▏   | 12405/20000 [04:19<02:55, 43.19it/s, acc=0.312, device=mps, eta=2m39s, loss=1.9706, sps=47.8]
BC[stage1_datasets_L40_stepsweep/bc_baseline_none_steps20000_tr2]:  62%|██████▏   | 12411/20000 [04:19<02:47, 45.31it/s, acc=0.312, device=mps, eta=2m39s, loss=1.9706, sps=47.8]
BC[stage1_datasets_L40_stepsweep/bc_baseline_none_steps20000_tr2]:  62%|██████▏   | 12417/20000 [04:19<02:36, 48.50it/s, acc=0.312, device=mps, eta=2m39s, loss=1.9706, sps=47.8]
BC[stage1_datasets_L40_stepsweep/bc_baseline_none_steps20000_tr2]:  62%|██████▏   | 12423/20000 [04:19<03:06, 40.53it/s, acc=0.312, device=mps, eta=2m39s, loss=1.9706, sps=47.8]
BC[stage1_datasets_L40_stepsweep/bc_baseline_none_steps20000_tr2]:  62%|██████▏   | 12431/20000 [04:20<02:36, 48.45it/s, acc=0.312, device=mps, eta=2m39s, loss=1.9706, sps=47.8]
BC[stage1_datasets_L40_stepsweep/bc_baseline_none_steps20000_tr2]:  62%|██████▏   | 12439/20000 [04:20<02:17, 54.95it/s, acc=0.312, device=mps, eta=2m39s, loss=1.9706, sps=47.8]
BC[stage1_datasets_L40_stepsweep/bc_baseline_none_steps20000_tr2]:  62%|██████▏   | 12446/20000 [04:20<02:43, 46.14it/s, acc=0.312, device=mps, eta=2m39s, loss=1.9706, sps=47.8]
BC[stage1_datasets_L40_stepsweep/bc_baseline_none_steps20000_tr2]:  62%|██████▏   | 12453/20000 [04:20<02:31, 49.86it/s, acc=0.312, device=mps, eta=2m39s, loss=1.9706, sps=47.8]
BC[stage1_datasets_L40_stepsweep/bc_baseline_none_steps20000_tr2]:  62%|██████▏   | 12460/20000 [04:20<02:21, 53.21it/s, acc=0.312, device=mps, eta=2m39s, loss=1.9706, sps=47.8]
BC[stage1_datasets_L40_stepsweep/bc_baseline_none_steps20000_tr2]:  62%|██████▏   | 12466/20000 [04:20<02:54, 43.26it/s, acc=0.312, device=mps, eta=2m39s, loss=1.9706, sps=47.8]
BC[stage1_datasets_L40_stepsweep/bc_baseline_none_steps20000_tr2]:  62%|██████▏   | 12472/20000 [04:20<02:43, 45.91it/s, acc=0.312, device=mps, eta=2m39s, loss=1.9706, sps=47.8]
BC[stage1_datasets_L40_stepsweep/bc_baseline_none_steps20000_tr2]:  62%|██████▏   | 12478/20000 [04:21<02:33, 48.88it/s, acc=0.312, device=mps, eta=2m39s, loss=1.9706, sps=47.8]
BC[stage1_datasets_L40_stepsweep/bc_baseline_none_steps20000_tr2]:  62%|██████▏   | 12484/20000 [04:21<03:00, 41.70it/s, acc=0.312, device=mps, eta=2m39s, loss=1.9706, sps=47.8]
BC[stage1_datasets_L40_stepsweep/bc_baseline_none_steps20000_tr2]:  62%|██████▏   | 12492/20000 [04:21<02:31, 49.66it/s, acc=0.312, device=mps, eta=2m39s, loss=1.9706, sps=47.8]
BC[stage1_datasets_L40_stepsweep/bc_baseline_none_steps20000_tr2]:  63%|██████▎   | 12501/20000 [04:21<02:47, 44.79it/s, acc=0.312, device=mps, eta=2m39s, loss=1.9706, sps=47.8]
BC[stage1_datasets_L40_stepsweep/bc_baseline_none_steps20000_tr2]:  63%|██████▎   | 12507/20000 [04:21<02:41, 46.34it/s, acc=0.312, device=mps, eta=2m39s, loss=1.9706, sps=47.8]
BC[stage1_datasets_L40_stepsweep/bc_baseline_none_steps20000_tr2]:  63%|██████▎   | 12513/20000 [04:21<02:32, 49.02it/s, acc=0.312, device=mps, eta=2m39s, loss=1.9706, sps=47.8]
BC[stage1_datasets_L40_stepsweep/bc_baseline_none_steps20000_tr2]:  63%|██████▎   | 12520/20000 [04:21<02:18, 54.02it/s, acc=0.312, device=mps, eta=2m39s, loss=1.9706, sps=47.8]
BC[stage1_datasets_L40_stepsweep/bc_baseline_none_steps20000_tr2]:  63%|██████▎   | 12526/20000 [04:22<02:49, 44.09it/s, acc=0.312, device=mps, eta=2m39s, loss=1.9706, sps=47.8]
BC[stage1_datasets_L40_stepsweep/bc_baseline_none_steps20000_tr2]:  63%|██████▎   | 12533/20000 [04:22<02:32, 49.07it/s, acc=0.312, device=mps, eta=2m39s, loss=1.9706, sps=47.8]
BC[stage1_datasets_L40_stepsweep/bc_baseline_none_steps20000_tr2]:  63%|██████▎   | 12541/20000 [04:22<02:55, 42.53it/s, acc=0.312, device=mps, eta=2m39s, loss=1.9706, sps=47.8]
BC[stage1_datasets_L40_stepsweep/bc_baseline_none_steps20000_tr2]:  63%|██████▎   | 12547/20000 [04:22<02:47, 44.57it/s, acc=0.312, device=mps, eta=2m39s, loss=1.9706, sps=47.8]
BC[stage1_datasets_L40_stepsweep/bc_baseline_none_steps20000_tr2]:  63%|██████▎   | 12553/20000 [04:22<02:35, 47.82it/s, acc=0.312, device=mps, eta=2m39s, loss=1.9706, sps=47.8]
BC[stage1_datasets_L40_stepsweep/bc_baseline_none_steps20000_tr2]:  63%|██████▎   | 12560/20000 [04:22<02:20, 52.87it/s, acc=0.312, device=mps, eta=2m39s, loss=1.9706, sps=47.8]
BC[stage1_datasets_L40_stepsweep/bc_baseline_none_steps20000_tr2]:  63%|██████▎   | 12566/20000 [04:22<02:50, 43.68it/s, acc=0.312, device=mps, eta=2m39s, loss=1.9706, sps=47.8]
BC[stage1_datasets_L40_stepsweep/bc_baseline_none_steps20000_tr2]:  63%|██████▎   | 12573/20000 [04:23<02:31, 49.02it/s, acc=0.312, device=mps, eta=2m39s, loss=1.9706, sps=47.8]
BC[stage1_datasets_L40_stepsweep/bc_baseline_none_steps20000_tr2]:  63%|██████▎   | 12581/20000 [04:23<02:51, 43.33it/s, acc=0.312, device=mps, eta=2m39s, loss=1.9706, sps=47.8]
BC[stage1_datasets_L40_stepsweep/bc_baseline_none_steps20000_tr2]:  63%|██████▎   | 12589/20000 [04:23<02:26, 50.53it/s, acc=0.312, device=mps, eta=2m39s, loss=1.9706, sps=47.8]
BC[stage1_datasets_L40_stepsweep/bc_baseline_none_steps20000_tr2]:  63%|██████▎   | 12597/20000 [04:23<02:11, 56.44it/s, acc=0.312, device=mps, eta=2m39s, loss=1.9706, sps=47.8]
BC[stage1_datasets_L40_stepsweep/bc_baseline_none_steps20000_tr2]:  63%|██████▎   | 12597/20000 [04:23<02:11, 56.44it/s, acc=0.313, device=mps, eta=2m35s, loss=1.9635, sps=47.8]
BC[stage1_datasets_L40_stepsweep/bc_baseline_none_steps20000_tr2]:  63%|██████▎   | 12604/20000 [04:23<02:36, 47.40it/s, acc=0.313, device=mps, eta=2m35s, loss=1.9635, sps=47.8]
BC[stage1_datasets_L40_stepsweep/bc_baseline_none_steps20000_tr2]:  63%|██████▎   | 12611/20000 [04:23<02:26, 50.56it/s, acc=0.313, device=mps, eta=2m35s, loss=1.9635, sps=47.8]
BC[stage1_datasets_L40_stepsweep/bc_baseline_none_steps20000_tr2]:  63%|██████▎   | 12617/20000 [04:23<02:22, 51.83it/s, acc=0.313, device=mps, eta=2m35s, loss=1.9635, sps=47.8]
BC[stage1_datasets_L40_stepsweep/bc_baseline_none_steps20000_tr2]:  63%|██████▎   | 12623/20000 [04:24<02:59, 41.15it/s, acc=0.313, device=mps, eta=2m35s, loss=1.9635, sps=47.8]
BC[stage1_datasets_L40_stepsweep/bc_baseline_none_steps20000_tr2]:  63%|██████▎   | 12629/20000 [04:24<02:44, 44.84it/s, acc=0.313, device=mps, eta=2m35s, loss=1.9635, sps=47.8]
BC[stage1_datasets_L40_stepsweep/bc_baseline_none_steps20000_tr2]:  63%|██████▎   | 12635/20000 [04:24<02:32, 48.24it/s, acc=0.313, device=mps, eta=2m35s, loss=1.9635, sps=47.8]
BC[stage1_datasets_L40_stepsweep/bc_baseline_none_steps20000_tr2]:  63%|██████▎   | 12641/20000 [04:24<03:02, 40.30it/s, acc=0.313, device=mps, eta=2m35s, loss=1.9635, sps=47.8]
BC[stage1_datasets_L40_stepsweep/bc_baseline_none_steps20000_tr2]:  63%|██████▎   | 12647/20000 [04:24<02:46, 44.07it/s, acc=0.313, device=mps, eta=2m35s, loss=1.9635, sps=47.8]
BC[stage1_datasets_L40_stepsweep/bc_baseline_none_steps20000_tr2]:  63%|██████▎   | 12653/20000 [04:24<02:38, 46.46it/s, acc=0.313, device=mps, eta=2m35s, loss=1.9635, sps=47.8]
BC[stage1_datasets_L40_stepsweep/bc_baseline_none_steps20000_tr2]:  63%|██████▎   | 12660/20000 [04:24<02:21, 52.00it/s, acc=0.313, device=mps, eta=2m35s, loss=1.9635, sps=47.8]
BC[stage1_datasets_L40_stepsweep/bc_baseline_none_steps20000_tr2]:  63%|██████▎   | 12666/20000 [04:25<02:49, 43.37it/s, acc=0.313, device=mps, eta=2m35s, loss=1.9635, sps=47.8]
BC[stage1_datasets_L40_stepsweep/bc_baseline_none_steps20000_tr2]:  63%|██████▎   | 12674/20000 [04:25<02:22, 51.55it/s, acc=0.313, device=mps, eta=2m35s, loss=1.9635, sps=47.8]
BC[stage1_datasets_L40_stepsweep/bc_baseline_none_steps20000_tr2]:  63%|██████▎   | 12681/20000 [04:25<02:43, 44.86it/s, acc=0.313, device=mps, eta=2m35s, loss=1.9635, sps=47.8]
BC[stage1_datasets_L40_stepsweep/bc_baseline_none_steps20000_tr2]:  63%|██████▎   | 12687/20000 [04:25<02:37, 46.55it/s, acc=0.313, device=mps, eta=2m35s, loss=1.9635, sps=47.8]
BC[stage1_datasets_L40_stepsweep/bc_baseline_none_steps20000_tr2]:  63%|██████▎   | 12693/20000 [04:25<02:27, 49.66it/s, acc=0.313, device=mps, eta=2m35s, loss=1.9635, sps=47.8]
BC[stage1_datasets_L40_stepsweep/bc_baseline_none_steps20000_tr2]:  64%|██████▎   | 12700/20000 [04:25<02:13, 54.58it/s, acc=0.313, device=mps, eta=2m35s, loss=1.9635, sps=47.8]
BC[stage1_datasets_L40_stepsweep/bc_baseline_none_steps20000_tr2]:  64%|██████▎   | 12706/20000 [04:25<02:44, 44.46it/s, acc=0.313, device=mps, eta=2m35s, loss=1.9635, sps=47.8]
BC[stage1_datasets_L40_stepsweep/bc_baseline_none_steps20000_tr2]:  64%|██████▎   | 12713/20000 [04:26<02:25, 49.96it/s, acc=0.313, device=mps, eta=2m35s, loss=1.9635, sps=47.8]
BC[stage1_datasets_L40_stepsweep/bc_baseline_none_steps20000_tr2]:  64%|██████▎   | 12721/20000 [04:26<02:47, 43.41it/s, acc=0.313, device=mps, eta=2m35s, loss=1.9635, sps=47.8]
BC[stage1_datasets_L40_stepsweep/bc_baseline_none_steps20000_tr2]:  64%|██████▎   | 12728/20000 [04:26<02:32, 47.77it/s, acc=0.313, device=mps, eta=2m35s, loss=1.9635, sps=47.8]
BC[stage1_datasets_L40_stepsweep/bc_baseline_none_steps20000_tr2]:  64%|██████▎   | 12734/20000 [04:26<02:24, 50.20it/s, acc=0.313, device=mps, eta=2m35s, loss=1.9635, sps=47.8]
BC[stage1_datasets_L40_stepsweep/bc_baseline_none_steps20000_tr2]:  64%|██████▎   | 12741/20000 [04:26<02:50, 42.62it/s, acc=0.313, device=mps, eta=2m35s, loss=1.9635, sps=47.8]
BC[stage1_datasets_L40_stepsweep/bc_baseline_none_steps20000_tr2]:  64%|██████▎   | 12749/20000 [04:26<02:25, 49.90it/s, acc=0.313, device=mps, eta=2m35s, loss=1.9635, sps=47.8]
BC[stage1_datasets_L40_stepsweep/bc_baseline_none_steps20000_tr2]:  64%|██████▍   | 12757/20000 [04:26<02:09, 55.94it/s, acc=0.313, device=mps, eta=2m35s, loss=1.9635, sps=47.8]
BC[stage1_datasets_L40_stepsweep/bc_baseline_none_steps20000_tr2]:  64%|██████▍   | 12764/20000 [04:27<02:31, 47.73it/s, acc=0.313, device=mps, eta=2m35s, loss=1.9635, sps=47.8]
BC[stage1_datasets_L40_stepsweep/bc_baseline_none_steps20000_tr2]:  64%|██████▍   | 12772/20000 [04:27<02:15, 53.17it/s, acc=0.313, device=mps, eta=2m35s, loss=1.9635, sps=47.8]
BC[stage1_datasets_L40_stepsweep/bc_baseline_none_steps20000_tr2]:  64%|██████▍   | 12779/20000 [04:27<02:07, 56.74it/s, acc=0.313, device=mps, eta=2m35s, loss=1.9635, sps=47.8]
BC[stage1_datasets_L40_stepsweep/bc_baseline_none_steps20000_tr2]:  64%|██████▍   | 12786/20000 [04:27<02:35, 46.34it/s, acc=0.313, device=mps, eta=2m35s, loss=1.9635, sps=47.8]
BC[stage1_datasets_L40_stepsweep/bc_baseline_none_steps20000_tr2]:  64%|██████▍   | 12792/20000 [04:27<02:28, 48.55it/s, acc=0.313, device=mps, eta=2m35s, loss=1.9635, sps=47.8]
BC[stage1_datasets_L40_stepsweep/bc_baseline_none_steps20000_tr2]:  64%|██████▍   | 12798/20000 [04:27<02:23, 50.18it/s, acc=0.313, device=mps, eta=2m35s, loss=1.9635, sps=47.8]
BC[stage1_datasets_L40_stepsweep/bc_baseline_none_steps20000_tr2]:  64%|██████▍   | 12798/20000 [04:27<02:23, 50.18it/s, acc=0.313, device=mps, eta=2m31s, loss=1.9738, sps=47.8]
BC[stage1_datasets_L40_stepsweep/bc_baseline_none_steps20000_tr2]:  64%|██████▍   | 12804/20000 [04:27<02:52, 41.79it/s, acc=0.313, device=mps, eta=2m31s, loss=1.9738, sps=47.8]
BC[stage1_datasets_L40_stepsweep/bc_baseline_none_steps20000_tr2]:  64%|██████▍   | 12810/20000 [04:28<02:40, 44.67it/s, acc=0.313, device=mps, eta=2m31s, loss=1.9738, sps=47.8]
BC[stage1_datasets_L40_stepsweep/bc_baseline_none_steps20000_tr2]:  64%|██████▍   | 12817/20000 [04:28<02:26, 49.18it/s, acc=0.313, device=mps, eta=2m31s, loss=1.9738, sps=47.8]
BC[stage1_datasets_L40_stepsweep/bc_baseline_none_steps20000_tr2]:  64%|██████▍   | 12823/20000 [04:28<02:52, 41.53it/s, acc=0.313, device=mps, eta=2m31s, loss=1.9738, sps=47.8]
BC[stage1_datasets_L40_stepsweep/bc_baseline_none_steps20000_tr2]:  64%|██████▍   | 12831/20000 [04:28<02:24, 49.45it/s, acc=0.313, device=mps, eta=2m31s, loss=1.9738, sps=47.8]
BC[stage1_datasets_L40_stepsweep/bc_baseline_none_steps20000_tr2]:  64%|██████▍   | 12839/20000 [04:28<02:08, 55.84it/s, acc=0.313, device=mps, eta=2m31s, loss=1.9738, sps=47.8]
BC[stage1_datasets_L40_stepsweep/bc_baseline_none_steps20000_tr2]:  64%|██████▍   | 12846/20000 [04:28<02:32, 46.81it/s, acc=0.313, device=mps, eta=2m31s, loss=1.9738, sps=47.8]
BC[stage1_datasets_L40_stepsweep/bc_baseline_none_steps20000_tr2]:  64%|██████▍   | 12853/20000 [04:28<02:19, 51.12it/s, acc=0.313, device=mps, eta=2m31s, loss=1.9738, sps=47.8]
BC[stage1_datasets_L40_stepsweep/bc_baseline_none_steps20000_tr2]:  64%|██████▍   | 12861/20000 [04:29<02:41, 44.13it/s, acc=0.313, device=mps, eta=2m31s, loss=1.9738, sps=47.8]
BC[stage1_datasets_L40_stepsweep/bc_baseline_none_steps20000_tr2]:  64%|██████▍   | 12869/20000 [04:29<02:20, 50.91it/s, acc=0.313, device=mps, eta=2m31s, loss=1.9738, sps=47.8]
BC[stage1_datasets_L40_stepsweep/bc_baseline_none_steps20000_tr2]:  64%|██████▍   | 12877/20000 [04:29<02:05, 56.91it/s, acc=0.313, device=mps, eta=2m31s, loss=1.9738, sps=47.8]
BC[stage1_datasets_L40_stepsweep/bc_baseline_none_steps20000_tr2]:  64%|██████▍   | 12884/20000 [04:29<02:35, 45.89it/s, acc=0.313, device=mps, eta=2m31s, loss=1.9738, sps=47.8]
BC[stage1_datasets_L40_stepsweep/bc_baseline_none_steps20000_tr2]:  64%|██████▍   | 12890/20000 [04:29<02:27, 48.08it/s, acc=0.313, device=mps, eta=2m31s, loss=1.9738, sps=47.8]
BC[stage1_datasets_L40_stepsweep/bc_baseline_none_steps20000_tr2]:  64%|██████▍   | 12897/20000 [04:29<02:15, 52.54it/s, acc=0.313, device=mps, eta=2m31s, loss=1.9738, sps=47.8]
BC[stage1_datasets_L40_stepsweep/bc_baseline_none_steps20000_tr2]:  65%|██████▍   | 12903/20000 [04:29<02:37, 44.93it/s, acc=0.313, device=mps, eta=2m31s, loss=1.9738, sps=47.8]
BC[stage1_datasets_L40_stepsweep/bc_baseline_none_steps20000_tr2]:  65%|██████▍   | 12912/20000 [04:30<02:11, 53.86it/s, acc=0.313, device=mps, eta=2m31s, loss=1.9738, sps=47.8]
BC[stage1_datasets_L40_stepsweep/bc_baseline_none_steps20000_tr2]:  65%|██████▍   | 12921/20000 [04:30<02:25, 48.54it/s, acc=0.313, device=mps, eta=2m31s, loss=1.9738, sps=47.8]
BC[stage1_datasets_L40_stepsweep/bc_baseline_none_steps20000_tr2]:  65%|██████▍   | 12929/20000 [04:30<02:10, 54.35it/s, acc=0.313, device=mps, eta=2m31s, loss=1.9738, sps=47.8]
BC[stage1_datasets_L40_stepsweep/bc_baseline_none_steps20000_tr2]:  65%|██████▍   | 12937/20000 [04:30<01:59, 59.13it/s, acc=0.313, device=mps, eta=2m31s, loss=1.9738, sps=47.8]
BC[stage1_datasets_L40_stepsweep/bc_baseline_none_steps20000_tr2]:  65%|██████▍   | 12944/20000 [04:30<02:24, 48.89it/s, acc=0.313, device=mps, eta=2m31s, loss=1.9738, sps=47.8]
BC[stage1_datasets_L40_stepsweep/bc_baseline_none_steps20000_tr2]:  65%|██████▍   | 12952/20000 [04:30<02:08, 54.66it/s, acc=0.313, device=mps, eta=2m31s, loss=1.9738, sps=47.8]
BC[stage1_datasets_L40_stepsweep/bc_baseline_none_steps20000_tr2]:  65%|██████▍   | 12960/20000 [04:30<01:56, 60.48it/s, acc=0.313, device=mps, eta=2m31s, loss=1.9738, sps=47.8]
BC[stage1_datasets_L40_stepsweep/bc_baseline_none_steps20000_tr2]:  65%|██████▍   | 12967/20000 [04:31<02:23, 48.96it/s, acc=0.313, device=mps, eta=2m31s, loss=1.9738, sps=47.8]
BC[stage1_datasets_L40_stepsweep/bc_baseline_none_steps20000_tr2]:  65%|██████▍   | 12974/20000 [04:31<02:15, 51.90it/s, acc=0.313, device=mps, eta=2m31s, loss=1.9738, sps=47.8]
BC[stage1_datasets_L40_stepsweep/bc_baseline_none_steps20000_tr2]:  65%|██████▍   | 12981/20000 [04:31<02:41, 43.46it/s, acc=0.313, device=mps, eta=2m31s, loss=1.9738, sps=47.8]
BC[stage1_datasets_L40_stepsweep/bc_baseline_none_steps20000_tr2]:  65%|██████▍   | 12989/20000 [04:31<02:19, 50.31it/s, acc=0.313, device=mps, eta=2m31s, loss=1.9738, sps=47.8]
BC[stage1_datasets_L40_stepsweep/bc_baseline_none_steps20000_tr2]:  65%|██████▍   | 12997/20000 [04:31<02:03, 56.77it/s, acc=0.313, device=mps, eta=2m31s, loss=1.9738, sps=47.8]
BC[stage1_datasets_L40_stepsweep/bc_baseline_none_steps20000_tr2]:  65%|██████▍   | 12997/20000 [04:31<02:03, 56.77it/s, acc=0.313, device=mps, eta=2m26s, loss=1.9713, sps=47.8]
BC[stage1_datasets_L40_stepsweep/bc_baseline_none_steps20000_tr2]:  65%|██████▌   | 13004/20000 [04:31<02:22, 48.95it/s, acc=0.313, device=mps, eta=2m26s, loss=1.9713, sps=47.8]
BC[stage1_datasets_L40_stepsweep/bc_baseline_none_steps20000_tr2]:  65%|██████▌   | 13013/20000 [04:32<02:03, 56.66it/s, acc=0.313, device=mps, eta=2m26s, loss=1.9713, sps=47.8]
BC[stage1_datasets_L40_stepsweep/bc_baseline_none_steps20000_tr2]:  65%|██████▌   | 13021/20000 [04:32<02:23, 48.64it/s, acc=0.313, device=mps, eta=2m26s, loss=1.9713, sps=47.8]
BC[stage1_datasets_L40_stepsweep/bc_baseline_none_steps20000_tr2]:  65%|██████▌   | 13028/20000 [04:32<02:16, 51.20it/s, acc=0.313, device=mps, eta=2m26s, loss=1.9713, sps=47.8]
BC[stage1_datasets_L40_stepsweep/bc_baseline_none_steps20000_tr2]:  65%|██████▌   | 13035/20000 [04:32<02:09, 53.99it/s, acc=0.313, device=mps, eta=2m26s, loss=1.9713, sps=47.8]
BC[stage1_datasets_L40_stepsweep/bc_baseline_none_steps20000_tr2]:  65%|██████▌   | 13041/20000 [04:32<02:36, 44.49it/s, acc=0.313, device=mps, eta=2m26s, loss=1.9713, sps=47.8]
BC[stage1_datasets_L40_stepsweep/bc_baseline_none_steps20000_tr2]:  65%|██████▌   | 13048/20000 [04:32<02:24, 48.19it/s, acc=0.313, device=mps, eta=2m26s, loss=1.9713, sps=47.8]
BC[stage1_datasets_L40_stepsweep/bc_baseline_none_steps20000_tr2]:  65%|██████▌   | 13055/20000 [04:32<02:14, 51.47it/s, acc=0.313, device=mps, eta=2m26s, loss=1.9713, sps=47.8]
BC[stage1_datasets_L40_stepsweep/bc_baseline_none_steps20000_tr2]:  65%|██████▌   | 13061/20000 [04:33<02:42, 42.82it/s, acc=0.313, device=mps, eta=2m26s, loss=1.9713, sps=47.8]
BC[stage1_datasets_L40_stepsweep/bc_baseline_none_steps20000_tr2]:  65%|██████▌   | 13069/20000 [04:33<02:18, 50.09it/s, acc=0.313, device=mps, eta=2m26s, loss=1.9713, sps=47.8]
BC[stage1_datasets_L40_stepsweep/bc_baseline_none_steps20000_tr2]:  65%|██████▌   | 13077/20000 [04:33<02:02, 56.46it/s, acc=0.313, device=mps, eta=2m26s, loss=1.9713, sps=47.8]
BC[stage1_datasets_L40_stepsweep/bc_baseline_none_steps20000_tr2]:  65%|██████▌   | 13084/20000 [04:33<02:24, 47.85it/s, acc=0.313, device=mps, eta=2m26s, loss=1.9713, sps=47.8]
BC[stage1_datasets_L40_stepsweep/bc_baseline_none_steps20000_tr2]:  65%|██████▌   | 13091/20000 [04:33<02:13, 51.72it/s, acc=0.313, device=mps, eta=2m26s, loss=1.9713, sps=47.8]
BC[stage1_datasets_L40_stepsweep/bc_baseline_none_steps20000_tr2]:  65%|██████▌   | 13098/20000 [04:33<02:05, 54.81it/s, acc=0.313, device=mps, eta=2m26s, loss=1.9713, sps=47.8]
BC[stage1_datasets_L40_stepsweep/bc_baseline_none_steps20000_tr2]:  66%|██████▌   | 13104/20000 [04:33<02:41, 42.79it/s, acc=0.313, device=mps, eta=2m26s, loss=1.9713, sps=47.8]
BC[stage1_datasets_L40_stepsweep/bc_baseline_none_steps20000_tr2]:  66%|██████▌   | 13109/20000 [04:34<02:38, 43.60it/s, acc=0.313, device=mps, eta=2m26s, loss=1.9713, sps=47.8]
BC[stage1_datasets_L40_stepsweep/bc_baseline_none_steps20000_tr2]:  66%|██████▌   | 13116/20000 [04:34<02:22, 48.32it/s, acc=0.313, device=mps, eta=2m26s, loss=1.9713, sps=47.8]
BC[stage1_datasets_L40_stepsweep/bc_baseline_none_steps20000_tr2]:  66%|██████▌   | 13122/20000 [04:34<02:48, 40.87it/s, acc=0.313, device=mps, eta=2m26s, loss=1.9713, sps=47.8]
BC[stage1_datasets_L40_stepsweep/bc_baseline_none_steps20000_tr2]:  66%|██████▌   | 13127/20000 [04:34<02:41, 42.54it/s, acc=0.313, device=mps, eta=2m26s, loss=1.9713, sps=47.8]
BC[stage1_datasets_L40_stepsweep/bc_baseline_none_steps20000_tr2]:  66%|██████▌   | 13134/20000 [04:34<02:23, 47.77it/s, acc=0.313, device=mps, eta=2m26s, loss=1.9713, sps=47.8]
BC[stage1_datasets_L40_stepsweep/bc_baseline_none_steps20000_tr2]:  66%|██████▌   | 13141/20000 [04:34<02:46, 41.13it/s, acc=0.313, device=mps, eta=2m26s, loss=1.9713, sps=47.8]
BC[stage1_datasets_L40_stepsweep/bc_baseline_none_steps20000_tr2]:  66%|██████▌   | 13147/20000 [04:34<02:32, 45.00it/s, acc=0.313, device=mps, eta=2m26s, loss=1.9713, sps=47.8]
BC[stage1_datasets_L40_stepsweep/bc_baseline_none_steps20000_tr2]:  66%|██████▌   | 13153/20000 [04:35<02:22, 48.21it/s, acc=0.313, device=mps, eta=2m26s, loss=1.9713, sps=47.8]
BC[stage1_datasets_L40_stepsweep/bc_baseline_none_steps20000_tr2]:  66%|██████▌   | 13161/20000 [04:35<02:42, 42.15it/s, acc=0.313, device=mps, eta=2m26s, loss=1.9713, sps=47.8]
BC[stage1_datasets_L40_stepsweep/bc_baseline_none_steps20000_tr2]:  66%|██████▌   | 13169/20000 [04:35<02:17, 49.61it/s, acc=0.313, device=mps, eta=2m26s, loss=1.9713, sps=47.8]
BC[stage1_datasets_L40_stepsweep/bc_baseline_none_steps20000_tr2]:  66%|██████▌   | 13177/20000 [04:35<02:02, 55.58it/s, acc=0.313, device=mps, eta=2m26s, loss=1.9713, sps=47.8]
BC[stage1_datasets_L40_stepsweep/bc_baseline_none_steps20000_tr2]:  66%|██████▌   | 13184/20000 [04:35<02:25, 46.78it/s, acc=0.313, device=mps, eta=2m26s, loss=1.9713, sps=47.8]
BC[stage1_datasets_L40_stepsweep/bc_baseline_none_steps20000_tr2]:  66%|██████▌   | 13192/20000 [04:35<02:07, 53.37it/s, acc=0.313, device=mps, eta=2m26s, loss=1.9713, sps=47.8]
BC[stage1_datasets_L40_stepsweep/bc_baseline_none_steps20000_tr2]:  66%|██████▌   | 13192/20000 [04:35<02:07, 53.37it/s, acc=0.313, device=mps, eta=2m22s, loss=1.9626, sps=47.8]
BC[stage1_datasets_L40_stepsweep/bc_baseline_none_steps20000_tr2]:  66%|██████▌   | 13201/20000 [04:35<02:19, 48.63it/s, acc=0.313, device=mps, eta=2m22s, loss=1.9626, sps=47.8]
BC[stage1_datasets_L40_stepsweep/bc_baseline_none_steps20000_tr2]:  66%|██████▌   | 13209/20000 [04:36<02:05, 54.11it/s, acc=0.313, device=mps, eta=2m22s, loss=1.9626, sps=47.8]
BC[stage1_datasets_L40_stepsweep/bc_baseline_none_steps20000_tr2]:  66%|██████▌   | 13217/20000 [04:36<01:55, 58.72it/s, acc=0.313, device=mps, eta=2m22s, loss=1.9626, sps=47.8]
BC[stage1_datasets_L40_stepsweep/bc_baseline_none_steps20000_tr2]:  66%|██████▌   | 13224/20000 [04:36<02:18, 49.09it/s, acc=0.313, device=mps, eta=2m22s, loss=1.9626, sps=47.8]
BC[stage1_datasets_L40_stepsweep/bc_baseline_none_steps20000_tr2]:  66%|██████▌   | 13231/20000 [04:36<02:08, 52.52it/s, acc=0.313, device=mps, eta=2m22s, loss=1.9626, sps=47.8]
BC[stage1_datasets_L40_stepsweep/bc_baseline_none_steps20000_tr2]:  66%|██████▌   | 13238/20000 [04:36<02:02, 55.12it/s, acc=0.313, device=mps, eta=2m22s, loss=1.9626, sps=47.8]
BC[stage1_datasets_L40_stepsweep/bc_baseline_none_steps20000_tr2]:  66%|██████▌   | 13244/20000 [04:36<02:29, 45.19it/s, acc=0.313, device=mps, eta=2m22s, loss=1.9626, sps=47.8]
BC[stage1_datasets_L40_stepsweep/bc_baseline_none_steps20000_tr2]:  66%|██████▋   | 13252/20000 [04:36<02:09, 52.11it/s, acc=0.313, device=mps, eta=2m22s, loss=1.9626, sps=47.8]
BC[stage1_datasets_L40_stepsweep/bc_baseline_none_steps20000_tr2]:  66%|██████▋   | 13261/20000 [04:37<02:25, 46.36it/s, acc=0.313, device=mps, eta=2m22s, loss=1.9626, sps=47.8]
BC[stage1_datasets_L40_stepsweep/bc_baseline_none_steps20000_tr2]:  66%|██████▋   | 13267/20000 [04:37<02:23, 46.77it/s, acc=0.313, device=mps, eta=2m22s, loss=1.9626, sps=47.8]
BC[stage1_datasets_L40_stepsweep/bc_baseline_none_steps20000_tr2]:  66%|██████▋   | 13273/20000 [04:37<02:17, 48.80it/s, acc=0.313, device=mps, eta=2m22s, loss=1.9626, sps=47.8]
BC[stage1_datasets_L40_stepsweep/bc_baseline_none_steps20000_tr2]:  66%|██████▋   | 13280/20000 [04:37<02:06, 53.33it/s, acc=0.313, device=mps, eta=2m22s, loss=1.9626, sps=47.8]
BC[stage1_datasets_L40_stepsweep/bc_baseline_none_steps20000_tr2]:  66%|██████▋   | 13286/20000 [04:37<02:32, 43.95it/s, acc=0.313, device=mps, eta=2m22s, loss=1.9626, sps=47.8]
BC[stage1_datasets_L40_stepsweep/bc_baseline_none_steps20000_tr2]:  66%|██████▋   | 13293/20000 [04:37<02:17, 48.73it/s, acc=0.313, device=mps, eta=2m22s, loss=1.9626, sps=47.8]
BC[stage1_datasets_L40_stepsweep/bc_baseline_none_steps20000_tr2]:  67%|██████▋   | 13301/20000 [04:38<02:35, 43.18it/s, acc=0.313, device=mps, eta=2m22s, loss=1.9626, sps=47.8]
BC[stage1_datasets_L40_stepsweep/bc_baseline_none_steps20000_tr2]:  67%|██████▋   | 13309/20000 [04:38<02:13, 50.12it/s, acc=0.313, device=mps, eta=2m22s, loss=1.9626, sps=47.8]
BC[stage1_datasets_L40_stepsweep/bc_baseline_none_steps20000_tr2]:  67%|██████▋   | 13317/20000 [04:38<01:59, 55.93it/s, acc=0.313, device=mps, eta=2m22s, loss=1.9626, sps=47.8]
BC[stage1_datasets_L40_stepsweep/bc_baseline_none_steps20000_tr2]:  67%|██████▋   | 13324/20000 [04:38<02:21, 47.18it/s, acc=0.313, device=mps, eta=2m22s, loss=1.9626, sps=47.8]
BC[stage1_datasets_L40_stepsweep/bc_baseline_none_steps20000_tr2]:  67%|██████▋   | 13332/20000 [04:38<02:04, 53.41it/s, acc=0.313, device=mps, eta=2m22s, loss=1.9626, sps=47.8]
BC[stage1_datasets_L40_stepsweep/bc_baseline_none_steps20000_tr2]:  67%|██████▋   | 13341/20000 [04:38<02:20, 47.27it/s, acc=0.313, device=mps, eta=2m22s, loss=1.9626, sps=47.8]
BC[stage1_datasets_L40_stepsweep/bc_baseline_none_steps20000_tr2]:  67%|██████▋   | 13347/20000 [04:38<02:18, 48.13it/s, acc=0.313, device=mps, eta=2m22s, loss=1.9626, sps=47.8]
BC[stage1_datasets_L40_stepsweep/bc_baseline_none_steps20000_tr2]:  67%|██████▋   | 13354/20000 [04:39<02:09, 51.42it/s, acc=0.313, device=mps, eta=2m22s, loss=1.9626, sps=47.8]
BC[stage1_datasets_L40_stepsweep/bc_baseline_none_steps20000_tr2]:  67%|██████▋   | 13361/20000 [04:39<02:32, 43.51it/s, acc=0.313, device=mps, eta=2m22s, loss=1.9626, sps=47.8]
BC[stage1_datasets_L40_stepsweep/bc_baseline_none_steps20000_tr2]:  67%|██████▋   | 13369/20000 [04:39<02:11, 50.29it/s, acc=0.313, device=mps, eta=2m22s, loss=1.9626, sps=47.8]
BC[stage1_datasets_L40_stepsweep/bc_baseline_none_steps20000_tr2]:  67%|██████▋   | 13377/20000 [04:39<01:58, 55.91it/s, acc=0.313, device=mps, eta=2m22s, loss=1.9626, sps=47.8]
BC[stage1_datasets_L40_stepsweep/bc_baseline_none_steps20000_tr2]:  67%|██████▋   | 13384/20000 [04:39<02:18, 47.62it/s, acc=0.313, device=mps, eta=2m22s, loss=1.9626, sps=47.8]
BC[stage1_datasets_L40_stepsweep/bc_baseline_none_steps20000_tr2]:  67%|██████▋   | 13391/20000 [04:39<02:08, 51.35it/s, acc=0.313, device=mps, eta=2m22s, loss=1.9626, sps=47.8]
BC[stage1_datasets_L40_stepsweep/bc_baseline_none_steps20000_tr2]:  67%|██████▋   | 13397/20000 [04:39<02:03, 53.35it/s, acc=0.313, device=mps, eta=2m22s, loss=1.9626, sps=47.8]
BC[stage1_datasets_L40_stepsweep/bc_baseline_none_steps20000_tr2]:  67%|██████▋   | 13397/20000 [04:39<02:03, 53.35it/s, acc=0.316, device=mps, eta=2m18s, loss=1.9580, sps=47.9]
BC[stage1_datasets_L40_stepsweep/bc_baseline_none_steps20000_tr2]:  67%|██████▋   | 13403/20000 [04:40<02:33, 43.00it/s, acc=0.316, device=mps, eta=2m18s, loss=1.9580, sps=47.9]
BC[stage1_datasets_L40_stepsweep/bc_baseline_none_steps20000_tr2]:  67%|██████▋   | 13409/20000 [04:40<02:23, 45.81it/s, acc=0.316, device=mps, eta=2m18s, loss=1.9580, sps=47.9]
BC[stage1_datasets_L40_stepsweep/bc_baseline_none_steps20000_tr2]:  67%|██████▋   | 13415/20000 [04:40<02:14, 48.83it/s, acc=0.316, device=mps, eta=2m18s, loss=1.9580, sps=47.9]
BC[stage1_datasets_L40_stepsweep/bc_baseline_none_steps20000_tr2]:  67%|██████▋   | 13421/20000 [04:40<02:41, 40.70it/s, acc=0.316, device=mps, eta=2m18s, loss=1.9580, sps=47.9]
BC[stage1_datasets_L40_stepsweep/bc_baseline_none_steps20000_tr2]:  67%|██████▋   | 13427/20000 [04:40<02:31, 43.34it/s, acc=0.316, device=mps, eta=2m18s, loss=1.9580, sps=47.9]
BC[stage1_datasets_L40_stepsweep/bc_baseline_none_steps20000_tr2]:  67%|██████▋   | 13433/20000 [04:40<02:20, 46.79it/s, acc=0.316, device=mps, eta=2m18s, loss=1.9580, sps=47.9]
BC[stage1_datasets_L40_stepsweep/bc_baseline_none_steps20000_tr2]:  67%|██████▋   | 13440/20000 [04:40<02:05, 52.08it/s, acc=0.316, device=mps, eta=2m18s, loss=1.9580, sps=47.9]
BC[stage1_datasets_L40_stepsweep/bc_baseline_none_steps20000_tr2]:  67%|██████▋   | 13446/20000 [04:41<02:32, 42.95it/s, acc=0.316, device=mps, eta=2m18s, loss=1.9580, sps=47.9]
BC[stage1_datasets_L40_stepsweep/bc_baseline_none_steps20000_tr2]:  67%|██████▋   | 13453/20000 [04:41<02:16, 48.09it/s, acc=0.316, device=mps, eta=2m18s, loss=1.9580, sps=47.9]
BC[stage1_datasets_L40_stepsweep/bc_baseline_none_steps20000_tr2]:  67%|██████▋   | 13461/20000 [04:41<02:36, 41.83it/s, acc=0.316, device=mps, eta=2m18s, loss=1.9580, sps=47.9]
BC[stage1_datasets_L40_stepsweep/bc_baseline_none_steps20000_tr2]:  67%|██████▋   | 13466/20000 [04:41<02:32, 42.87it/s, acc=0.316, device=mps, eta=2m18s, loss=1.9580, sps=47.9]
BC[stage1_datasets_L40_stepsweep/bc_baseline_none_steps20000_tr2]:  67%|██████▋   | 13472/20000 [04:41<02:24, 45.13it/s, acc=0.316, device=mps, eta=2m18s, loss=1.9580, sps=47.9]
BC[stage1_datasets_L40_stepsweep/bc_baseline_none_steps20000_tr2]:  67%|██████▋   | 13479/20000 [04:41<02:10, 49.86it/s, acc=0.316, device=mps, eta=2m18s, loss=1.9580, sps=47.9]
BC[stage1_datasets_L40_stepsweep/bc_baseline_none_steps20000_tr2]:  67%|██████▋   | 13485/20000 [04:41<02:32, 42.61it/s, acc=0.316, device=mps, eta=2m18s, loss=1.9580, sps=47.9]
BC[stage1_datasets_L40_stepsweep/bc_baseline_none_steps20000_tr2]:  67%|██████▋   | 13493/20000 [04:42<02:11, 49.66it/s, acc=0.316, device=mps, eta=2m18s, loss=1.9580, sps=47.9]
BC[stage1_datasets_L40_stepsweep/bc_baseline_none_steps20000_tr2]:  68%|██████▊   | 13501/20000 [04:42<02:26, 44.37it/s, acc=0.316, device=mps, eta=2m18s, loss=1.9580, sps=47.9]
BC[stage1_datasets_L40_stepsweep/bc_baseline_none_steps20000_tr2]:  68%|██████▊   | 13509/20000 [04:42<02:07, 51.09it/s, acc=0.316, device=mps, eta=2m18s, loss=1.9580, sps=47.9]
BC[stage1_datasets_L40_stepsweep/bc_baseline_none_steps20000_tr2]:  68%|██████▊   | 13517/20000 [04:42<01:54, 56.59it/s, acc=0.316, device=mps, eta=2m18s, loss=1.9580, sps=47.9]
BC[stage1_datasets_L40_stepsweep/bc_baseline_none_steps20000_tr2]:  68%|██████▊   | 13524/20000 [04:42<02:16, 47.53it/s, acc=0.316, device=mps, eta=2m18s, loss=1.9580, sps=47.9]
BC[stage1_datasets_L40_stepsweep/bc_baseline_none_steps20000_tr2]:  68%|██████▊   | 13532/20000 [04:42<02:00, 53.54it/s, acc=0.316, device=mps, eta=2m18s, loss=1.9580, sps=47.9]
BC[stage1_datasets_L40_stepsweep/bc_baseline_none_steps20000_tr2]:  68%|██████▊   | 13540/20000 [04:42<01:49, 58.94it/s, acc=0.316, device=mps, eta=2m18s, loss=1.9580, sps=47.9]
BC[stage1_datasets_L40_stepsweep/bc_baseline_none_steps20000_tr2]:  68%|██████▊   | 13547/20000 [04:43<02:16, 47.12it/s, acc=0.316, device=mps, eta=2m18s, loss=1.9580, sps=47.9]
BC[stage1_datasets_L40_stepsweep/bc_baseline_none_steps20000_tr2]:  68%|██████▊   | 13553/20000 [04:43<02:10, 49.23it/s, acc=0.316, device=mps, eta=2m18s, loss=1.9580, sps=47.9]
BC[stage1_datasets_L40_stepsweep/bc_baseline_none_steps20000_tr2]:  68%|██████▊   | 13559/20000 [04:43<02:08, 50.19it/s, acc=0.316, device=mps, eta=2m18s, loss=1.9580, sps=47.9]
BC[stage1_datasets_L40_stepsweep/bc_baseline_none_steps20000_tr2]:  68%|██████▊   | 13565/20000 [04:43<02:32, 42.07it/s, acc=0.316, device=mps, eta=2m18s, loss=1.9580, sps=47.9]
BC[stage1_datasets_L40_stepsweep/bc_baseline_none_steps20000_tr2]:  68%|██████▊   | 13571/20000 [04:43<02:24, 44.57it/s, acc=0.316, device=mps, eta=2m18s, loss=1.9580, sps=47.9]
BC[stage1_datasets_L40_stepsweep/bc_baseline_none_steps20000_tr2]:  68%|██████▊   | 13577/20000 [04:43<02:15, 47.32it/s, acc=0.316, device=mps, eta=2m18s, loss=1.9580, sps=47.9]
BC[stage1_datasets_L40_stepsweep/bc_baseline_none_steps20000_tr2]:  68%|██████▊   | 13583/20000 [04:43<02:44, 39.11it/s, acc=0.316, device=mps, eta=2m18s, loss=1.9580, sps=47.9]
BC[stage1_datasets_L40_stepsweep/bc_baseline_none_steps20000_tr2]:  68%|██████▊   | 13590/20000 [04:44<02:22, 45.11it/s, acc=0.316, device=mps, eta=2m18s, loss=1.9580, sps=47.9]
BC[stage1_datasets_L40_stepsweep/bc_baseline_none_steps20000_tr2]:  68%|██████▊   | 13596/20000 [04:44<02:12, 48.43it/s, acc=0.316, device=mps, eta=2m18s, loss=1.9580, sps=47.9]
BC[stage1_datasets_L40_stepsweep/bc_baseline_none_steps20000_tr2]:  68%|██████▊   | 13596/20000 [04:44<02:12, 48.43it/s, acc=0.311, device=mps, eta=2m14s, loss=1.9735, sps=47.8]
BC[stage1_datasets_L40_stepsweep/bc_baseline_none_steps20000_tr2]:  68%|██████▊   | 13602/20000 [04:44<02:34, 41.50it/s, acc=0.311, device=mps, eta=2m14s, loss=1.9735, sps=47.8]
BC[stage1_datasets_L40_stepsweep/bc_baseline_none_steps20000_tr2]:  68%|██████▊   | 13609/20000 [04:44<02:14, 47.47it/s, acc=0.311, device=mps, eta=2m14s, loss=1.9735, sps=47.8]
BC[stage1_datasets_L40_stepsweep/bc_baseline_none_steps20000_tr2]:  68%|██████▊   | 13617/20000 [04:44<01:57, 54.51it/s, acc=0.311, device=mps, eta=2m14s, loss=1.9735, sps=47.8]
BC[stage1_datasets_L40_stepsweep/bc_baseline_none_steps20000_tr2]:  68%|██████▊   | 13623/20000 [04:44<02:18, 46.06it/s, acc=0.311, device=mps, eta=2m14s, loss=1.9735, sps=47.8]
BC[stage1_datasets_L40_stepsweep/bc_baseline_none_steps20000_tr2]:  68%|██████▊   | 13631/20000 [04:44<02:00, 52.95it/s, acc=0.311, device=mps, eta=2m14s, loss=1.9735, sps=47.8]
BC[stage1_datasets_L40_stepsweep/bc_baseline_none_steps20000_tr2]:  68%|██████▊   | 13639/20000 [04:44<01:47, 59.14it/s, acc=0.311, device=mps, eta=2m14s, loss=1.9735, sps=47.8]
BC[stage1_datasets_L40_stepsweep/bc_baseline_none_steps20000_tr2]:  68%|██████▊   | 13646/20000 [04:45<02:09, 48.88it/s, acc=0.311, device=mps, eta=2m14s, loss=1.9735, sps=47.8]
BC[stage1_datasets_L40_stepsweep/bc_baseline_none_steps20000_tr2]:  68%|██████▊   | 13653/20000 [04:45<01:59, 52.94it/s, acc=0.311, device=mps, eta=2m14s, loss=1.9735, sps=47.8]
BC[stage1_datasets_L40_stepsweep/bc_baseline_none_steps20000_tr2]:  68%|██████▊   | 13660/20000 [04:45<01:51, 56.84it/s, acc=0.311, device=mps, eta=2m14s, loss=1.9735, sps=47.8]
BC[stage1_datasets_L40_stepsweep/bc_baseline_none_steps20000_tr2]:  68%|██████▊   | 13667/20000 [04:45<02:20, 45.03it/s, acc=0.311, device=mps, eta=2m14s, loss=1.9735, sps=47.8]
BC[stage1_datasets_L40_stepsweep/bc_baseline_none_steps20000_tr2]:  68%|██████▊   | 13673/20000 [04:45<02:16, 46.49it/s, acc=0.311, device=mps, eta=2m14s, loss=1.9735, sps=47.8]
BC[stage1_datasets_L40_stepsweep/bc_baseline_none_steps20000_tr2]:  68%|██████▊   | 13679/20000 [04:45<02:10, 48.57it/s, acc=0.311, device=mps, eta=2m14s, loss=1.9735, sps=47.8]
BC[stage1_datasets_L40_stepsweep/bc_baseline_none_steps20000_tr2]:  68%|██████▊   | 13685/20000 [04:46<02:33, 41.04it/s, acc=0.311, device=mps, eta=2m14s, loss=1.9735, sps=47.8]
BC[stage1_datasets_L40_stepsweep/bc_baseline_none_steps20000_tr2]:  68%|██████▊   | 13691/20000 [04:46<02:22, 44.24it/s, acc=0.311, device=mps, eta=2m14s, loss=1.9735, sps=47.8]
BC[stage1_datasets_L40_stepsweep/bc_baseline_none_steps20000_tr2]:  68%|██████▊   | 13698/20000 [04:46<02:09, 48.70it/s, acc=0.311, device=mps, eta=2m14s, loss=1.9735, sps=47.8]
BC[stage1_datasets_L40_stepsweep/bc_baseline_none_steps20000_tr2]:  69%|██████▊   | 13704/20000 [04:46<02:32, 41.25it/s, acc=0.311, device=mps, eta=2m14s, loss=1.9735, sps=47.8]
BC[stage1_datasets_L40_stepsweep/bc_baseline_none_steps20000_tr2]:  69%|██████▊   | 13710/20000 [04:46<02:19, 45.24it/s, acc=0.311, device=mps, eta=2m14s, loss=1.9735, sps=47.8]
BC[stage1_datasets_L40_stepsweep/bc_baseline_none_steps20000_tr2]:  69%|██████▊   | 13716/20000 [04:46<02:09, 48.59it/s, acc=0.311, device=mps, eta=2m14s, loss=1.9735, sps=47.8]
BC[stage1_datasets_L40_stepsweep/bc_baseline_none_steps20000_tr2]:  69%|██████▊   | 13722/20000 [04:46<02:36, 39.99it/s, acc=0.311, device=mps, eta=2m14s, loss=1.9735, sps=47.8]
BC[stage1_datasets_L40_stepsweep/bc_baseline_none_steps20000_tr2]:  69%|██████▊   | 13727/20000 [04:47<02:29, 42.00it/s, acc=0.311, device=mps, eta=2m14s, loss=1.9735, sps=47.8]
BC[stage1_datasets_L40_stepsweep/bc_baseline_none_steps20000_tr2]:  69%|██████▊   | 13733/20000 [04:47<02:15, 46.15it/s, acc=0.311, device=mps, eta=2m14s, loss=1.9735, sps=47.8]
BC[stage1_datasets_L40_stepsweep/bc_baseline_none_steps20000_tr2]:  69%|██████▊   | 13740/20000 [04:47<02:00, 51.91it/s, acc=0.311, device=mps, eta=2m14s, loss=1.9735, sps=47.8]
BC[stage1_datasets_L40_stepsweep/bc_baseline_none_steps20000_tr2]:  69%|██████▊   | 13746/20000 [04:47<02:29, 41.69it/s, acc=0.311, device=mps, eta=2m14s, loss=1.9735, sps=47.8]
BC[stage1_datasets_L40_stepsweep/bc_baseline_none_steps20000_tr2]:  69%|██████▉   | 13753/20000 [04:47<02:12, 47.26it/s, acc=0.311, device=mps, eta=2m14s, loss=1.9735, sps=47.8]
BC[stage1_datasets_L40_stepsweep/bc_baseline_none_steps20000_tr2]:  69%|██████▉   | 13760/20000 [04:47<01:58, 52.67it/s, acc=0.311, device=mps, eta=2m14s, loss=1.9735, sps=47.8]
BC[stage1_datasets_L40_stepsweep/bc_baseline_none_steps20000_tr2]:  69%|██████▉   | 13766/20000 [04:47<02:26, 42.65it/s, acc=0.311, device=mps, eta=2m14s, loss=1.9735, sps=47.8]
BC[stage1_datasets_L40_stepsweep/bc_baseline_none_steps20000_tr2]:  69%|██████▉   | 13772/20000 [04:47<02:15, 46.08it/s, acc=0.311, device=mps, eta=2m14s, loss=1.9735, sps=47.8]
BC[stage1_datasets_L40_stepsweep/bc_baseline_none_steps20000_tr2]:  69%|██████▉   | 13778/20000 [04:48<02:07, 48.66it/s, acc=0.311, device=mps, eta=2m14s, loss=1.9735, sps=47.8]
BC[stage1_datasets_L40_stepsweep/bc_baseline_none_steps20000_tr2]:  69%|██████▉   | 13784/20000 [04:48<02:31, 41.08it/s, acc=0.311, device=mps, eta=2m14s, loss=1.9735, sps=47.8]
BC[stage1_datasets_L40_stepsweep/bc_baseline_none_steps20000_tr2]:  69%|██████▉   | 13792/20000 [04:48<02:07, 48.86it/s, acc=0.311, device=mps, eta=2m14s, loss=1.9735, sps=47.8]
BC[stage1_datasets_L40_stepsweep/bc_baseline_none_steps20000_tr2]:  69%|██████▉   | 13792/20000 [04:48<02:07, 48.86it/s, acc=0.316, device=mps, eta=2m10s, loss=1.9616, sps=47.8]
BC[stage1_datasets_L40_stepsweep/bc_baseline_none_steps20000_tr2]:  69%|██████▉   | 13800/20000 [04:48<01:51, 55.73it/s, acc=0.316, device=mps, eta=2m10s, loss=1.9616, sps=47.8]
BC[stage1_datasets_L40_stepsweep/bc_baseline_none_steps20000_tr2]:  69%|██████▉   | 13807/20000 [04:48<02:16, 45.53it/s, acc=0.316, device=mps, eta=2m10s, loss=1.9616, sps=47.8]
BC[stage1_datasets_L40_stepsweep/bc_baseline_none_steps20000_tr2]:  69%|██████▉   | 13813/20000 [04:48<02:08, 48.02it/s, acc=0.316, device=mps, eta=2m10s, loss=1.9616, sps=47.8]
BC[stage1_datasets_L40_stepsweep/bc_baseline_none_steps20000_tr2]:  69%|██████▉   | 13819/20000 [04:48<02:03, 50.03it/s, acc=0.316, device=mps, eta=2m10s, loss=1.9616, sps=47.8]
BC[stage1_datasets_L40_stepsweep/bc_baseline_none_steps20000_tr2]:  69%|██████▉   | 13825/20000 [04:49<02:31, 40.75it/s, acc=0.316, device=mps, eta=2m10s, loss=1.9616, sps=47.8]
BC[stage1_datasets_L40_stepsweep/bc_baseline_none_steps20000_tr2]:  69%|██████▉   | 13831/20000 [04:49<02:22, 43.36it/s, acc=0.316, device=mps, eta=2m10s, loss=1.9616, sps=47.8]
BC[stage1_datasets_L40_stepsweep/bc_baseline_none_steps20000_tr2]:  69%|██████▉   | 13837/20000 [04:49<02:13, 46.15it/s, acc=0.316, device=mps, eta=2m10s, loss=1.9616, sps=47.8]
BC[stage1_datasets_L40_stepsweep/bc_baseline_none_steps20000_tr2]:  69%|██████▉   | 13842/20000 [04:49<02:42, 37.98it/s, acc=0.316, device=mps, eta=2m10s, loss=1.9616, sps=47.8]
BC[stage1_datasets_L40_stepsweep/bc_baseline_none_steps20000_tr2]:  69%|██████▉   | 13850/20000 [04:49<02:12, 46.44it/s, acc=0.316, device=mps, eta=2m10s, loss=1.9616, sps=47.8]
BC[stage1_datasets_L40_stepsweep/bc_baseline_none_steps20000_tr2]:  69%|██████▉   | 13858/20000 [04:49<01:55, 53.25it/s, acc=0.316, device=mps, eta=2m10s, loss=1.9616, sps=47.8]
BC[stage1_datasets_L40_stepsweep/bc_baseline_none_steps20000_tr2]:  69%|██████▉   | 13864/20000 [04:49<02:18, 44.34it/s, acc=0.316, device=mps, eta=2m10s, loss=1.9616, sps=47.8]
BC[stage1_datasets_L40_stepsweep/bc_baseline_none_steps20000_tr2]:  69%|██████▉   | 13872/20000 [04:50<01:59, 51.24it/s, acc=0.316, device=mps, eta=2m10s, loss=1.9616, sps=47.8]
BC[stage1_datasets_L40_stepsweep/bc_baseline_none_steps20000_tr2]:  69%|██████▉   | 13880/20000 [04:50<01:47, 57.18it/s, acc=0.316, device=mps, eta=2m10s, loss=1.9616, sps=47.8]
BC[stage1_datasets_L40_stepsweep/bc_baseline_none_steps20000_tr2]:  69%|██████▉   | 13887/20000 [04:50<02:12, 46.22it/s, acc=0.316, device=mps, eta=2m10s, loss=1.9616, sps=47.8]
BC[stage1_datasets_L40_stepsweep/bc_baseline_none_steps20000_tr2]:  69%|██████▉   | 13893/20000 [04:50<02:06, 48.32it/s, acc=0.316, device=mps, eta=2m10s, loss=1.9616, sps=47.8]
BC[stage1_datasets_L40_stepsweep/bc_baseline_none_steps20000_tr2]:  69%|██████▉   | 13899/20000 [04:50<02:03, 49.28it/s, acc=0.316, device=mps, eta=2m10s, loss=1.9616, sps=47.8]
BC[stage1_datasets_L40_stepsweep/bc_baseline_none_steps20000_tr2]:  70%|██████▉   | 13905/20000 [04:50<02:26, 41.65it/s, acc=0.316, device=mps, eta=2m10s, loss=1.9616, sps=47.8]
BC[stage1_datasets_L40_stepsweep/bc_baseline_none_steps20000_tr2]:  70%|██████▉   | 13911/20000 [04:50<02:18, 43.90it/s, acc=0.316, device=mps, eta=2m10s, loss=1.9616, sps=47.8]
BC[stage1_datasets_L40_stepsweep/bc_baseline_none_steps20000_tr2]:  70%|██████▉   | 13917/20000 [04:51<02:10, 46.79it/s, acc=0.316, device=mps, eta=2m10s, loss=1.9616, sps=47.8]
BC[stage1_datasets_L40_stepsweep/bc_baseline_none_steps20000_tr2]:  70%|██████▉   | 13923/20000 [04:51<02:36, 38.81it/s, acc=0.316, device=mps, eta=2m10s, loss=1.9616, sps=47.8]
BC[stage1_datasets_L40_stepsweep/bc_baseline_none_steps20000_tr2]:  70%|██████▉   | 13929/20000 [04:51<02:21, 43.00it/s, acc=0.316, device=mps, eta=2m10s, loss=1.9616, sps=47.8]
BC[stage1_datasets_L40_stepsweep/bc_baseline_none_steps20000_tr2]:  70%|██████▉   | 13936/20000 [04:51<02:06, 47.94it/s, acc=0.316, device=mps, eta=2m10s, loss=1.9616, sps=47.8]
BC[stage1_datasets_L40_stepsweep/bc_baseline_none_steps20000_tr2]:  70%|██████▉   | 13942/20000 [04:51<02:28, 40.78it/s, acc=0.316, device=mps, eta=2m10s, loss=1.9616, sps=47.8]
BC[stage1_datasets_L40_stepsweep/bc_baseline_none_steps20000_tr2]:  70%|██████▉   | 13950/20000 [04:51<02:03, 48.81it/s, acc=0.316, device=mps, eta=2m10s, loss=1.9616, sps=47.8]
BC[stage1_datasets_L40_stepsweep/bc_baseline_none_steps20000_tr2]:  70%|██████▉   | 13958/20000 [04:51<01:48, 55.58it/s, acc=0.316, device=mps, eta=2m10s, loss=1.9616, sps=47.8]
BC[stage1_datasets_L40_stepsweep/bc_baseline_none_steps20000_tr2]:  70%|██████▉   | 13965/20000 [04:52<02:16, 44.21it/s, acc=0.316, device=mps, eta=2m10s, loss=1.9616, sps=47.8]
BC[stage1_datasets_L40_stepsweep/bc_baseline_none_steps20000_tr2]:  70%|██████▉   | 13971/20000 [04:52<02:08, 46.84it/s, acc=0.316, device=mps, eta=2m10s, loss=1.9616, sps=47.8]
BC[stage1_datasets_L40_stepsweep/bc_baseline_none_steps20000_tr2]:  70%|██████▉   | 13978/20000 [04:52<01:57, 51.12it/s, acc=0.316, device=mps, eta=2m10s, loss=1.9616, sps=47.8]
BC[stage1_datasets_L40_stepsweep/bc_baseline_none_steps20000_tr2]:  70%|██████▉   | 13984/20000 [04:52<02:17, 43.78it/s, acc=0.316, device=mps, eta=2m10s, loss=1.9616, sps=47.8]
BC[stage1_datasets_L40_stepsweep/bc_baseline_none_steps20000_tr2]:  70%|██████▉   | 13992/20000 [04:52<01:57, 50.99it/s, acc=0.316, device=mps, eta=2m10s, loss=1.9616, sps=47.8]
BC[stage1_datasets_L40_stepsweep/bc_baseline_none_steps20000_tr2]:  70%|██████▉   | 13992/20000 [04:52<01:57, 50.99it/s, acc=0.312, device=mps, eta=2m05s, loss=1.9661, sps=47.8]
BC[stage1_datasets_L40_stepsweep/bc_baseline_none_steps20000_tr2]:  70%|███████   | 14001/20000 [04:52<02:07, 47.23it/s, acc=0.312, device=mps, eta=2m05s, loss=1.9661, sps=47.8]
BC[stage1_datasets_L40_stepsweep/bc_baseline_none_steps20000_tr2]:  70%|███████   | 14009/20000 [04:52<01:53, 53.00it/s, acc=0.312, device=mps, eta=2m05s, loss=1.9661, sps=47.8]
BC[stage1_datasets_L40_stepsweep/bc_baseline_none_steps20000_tr2]:  70%|███████   | 14017/20000 [04:53<01:43, 57.83it/s, acc=0.312, device=mps, eta=2m05s, loss=1.9661, sps=47.8]
BC[stage1_datasets_L40_stepsweep/bc_baseline_none_steps20000_tr2]:  70%|███████   | 14024/20000 [04:53<02:05, 47.58it/s, acc=0.312, device=mps, eta=2m05s, loss=1.9661, sps=47.8]
BC[stage1_datasets_L40_stepsweep/bc_baseline_none_steps20000_tr2]:  70%|███████   | 14030/20000 [04:53<02:02, 48.60it/s, acc=0.312, device=mps, eta=2m05s, loss=1.9661, sps=47.8]
BC[stage1_datasets_L40_stepsweep/bc_baseline_none_steps20000_tr2]:  70%|███████   | 14036/20000 [04:53<01:57, 50.66it/s, acc=0.312, device=mps, eta=2m05s, loss=1.9661, sps=47.8]
BC[stage1_datasets_L40_stepsweep/bc_baseline_none_steps20000_tr2]:  70%|███████   | 14042/20000 [04:53<02:20, 42.27it/s, acc=0.312, device=mps, eta=2m05s, loss=1.9661, sps=47.8]
BC[stage1_datasets_L40_stepsweep/bc_baseline_none_steps20000_tr2]:  70%|███████   | 14050/20000 [04:53<01:59, 49.60it/s, acc=0.312, device=mps, eta=2m05s, loss=1.9661, sps=47.8]
BC[stage1_datasets_L40_stepsweep/bc_baseline_none_steps20000_tr2]:  70%|███████   | 14058/20000 [04:53<01:47, 55.50it/s, acc=0.312, device=mps, eta=2m05s, loss=1.9661, sps=47.8]
BC[stage1_datasets_L40_stepsweep/bc_baseline_none_steps20000_tr2]:  70%|███████   | 14065/20000 [04:54<02:07, 46.40it/s, acc=0.312, device=mps, eta=2m05s, loss=1.9661, sps=47.8]
BC[stage1_datasets_L40_stepsweep/bc_baseline_none_steps20000_tr2]:  70%|███████   | 14071/20000 [04:54<02:00, 49.18it/s, acc=0.312, device=mps, eta=2m05s, loss=1.9661, sps=47.8]
BC[stage1_datasets_L40_stepsweep/bc_baseline_none_steps20000_tr2]:  70%|███████   | 14077/20000 [04:54<01:54, 51.55it/s, acc=0.312, device=mps, eta=2m05s, loss=1.9661, sps=47.8]
BC[stage1_datasets_L40_stepsweep/bc_baseline_none_steps20000_tr2]:  70%|███████   | 14083/20000 [04:54<02:18, 42.84it/s, acc=0.312, device=mps, eta=2m05s, loss=1.9661, sps=47.8]
BC[stage1_datasets_L40_stepsweep/bc_baseline_none_steps20000_tr2]:  70%|███████   | 14091/20000 [04:54<01:58, 49.88it/s, acc=0.312, device=mps, eta=2m05s, loss=1.9661, sps=47.8]
BC[stage1_datasets_L40_stepsweep/bc_baseline_none_steps20000_tr2]:  70%|███████   | 14098/20000 [04:54<01:48, 54.61it/s, acc=0.312, device=mps, eta=2m05s, loss=1.9661, sps=47.8]
BC[stage1_datasets_L40_stepsweep/bc_baseline_none_steps20000_tr2]:  71%|███████   | 14104/20000 [04:54<02:14, 43.89it/s, acc=0.312, device=mps, eta=2m05s, loss=1.9661, sps=47.8]
BC[stage1_datasets_L40_stepsweep/bc_baseline_none_steps20000_tr2]:  71%|███████   | 14110/20000 [04:55<02:08, 45.89it/s, acc=0.312, device=mps, eta=2m05s, loss=1.9661, sps=47.8]
BC[stage1_datasets_L40_stepsweep/bc_baseline_none_steps20000_tr2]:  71%|███████   | 14116/20000 [04:55<02:00, 48.81it/s, acc=0.312, device=mps, eta=2m05s, loss=1.9661, sps=47.8]
BC[stage1_datasets_L40_stepsweep/bc_baseline_none_steps20000_tr2]:  71%|███████   | 14122/20000 [04:55<02:27, 39.99it/s, acc=0.312, device=mps, eta=2m05s, loss=1.9661, sps=47.8]
BC[stage1_datasets_L40_stepsweep/bc_baseline_none_steps20000_tr2]:  71%|███████   | 14128/20000 [04:55<02:13, 44.05it/s, acc=0.312, device=mps, eta=2m05s, loss=1.9661, sps=47.8]
BC[stage1_datasets_L40_stepsweep/bc_baseline_none_steps20000_tr2]:  71%|███████   | 14134/20000 [04:55<02:06, 46.51it/s, acc=0.312, device=mps, eta=2m05s, loss=1.9661, sps=47.8]
BC[stage1_datasets_L40_stepsweep/bc_baseline_none_steps20000_tr2]:  71%|███████   | 14141/20000 [04:55<02:25, 40.29it/s, acc=0.312, device=mps, eta=2m05s, loss=1.9661, sps=47.8]
BC[stage1_datasets_L40_stepsweep/bc_baseline_none_steps20000_tr2]:  71%|███████   | 14147/20000 [04:55<02:15, 43.23it/s, acc=0.312, device=mps, eta=2m05s, loss=1.9661, sps=47.8]
BC[stage1_datasets_L40_stepsweep/bc_baseline_none_steps20000_tr2]:  71%|███████   | 14153/20000 [04:56<02:05, 46.50it/s, acc=0.312, device=mps, eta=2m05s, loss=1.9661, sps=47.8]
BC[stage1_datasets_L40_stepsweep/bc_baseline_none_steps20000_tr2]:  71%|███████   | 14159/20000 [04:56<01:57, 49.74it/s, acc=0.312, device=mps, eta=2m05s, loss=1.9661, sps=47.8]
BC[stage1_datasets_L40_stepsweep/bc_baseline_none_steps20000_tr2]:  71%|███████   | 14165/20000 [04:56<02:21, 41.15it/s, acc=0.312, device=mps, eta=2m05s, loss=1.9661, sps=47.8]
BC[stage1_datasets_L40_stepsweep/bc_baseline_none_steps20000_tr2]:  71%|███████   | 14171/20000 [04:56<02:08, 45.22it/s, acc=0.312, device=mps, eta=2m05s, loss=1.9661, sps=47.8]
BC[stage1_datasets_L40_stepsweep/bc_baseline_none_steps20000_tr2]:  71%|███████   | 14177/20000 [04:56<01:59, 48.56it/s, acc=0.312, device=mps, eta=2m05s, loss=1.9661, sps=47.8]
BC[stage1_datasets_L40_stepsweep/bc_baseline_none_steps20000_tr2]:  71%|███████   | 14183/20000 [04:56<02:30, 38.66it/s, acc=0.312, device=mps, eta=2m05s, loss=1.9661, sps=47.8]
BC[stage1_datasets_L40_stepsweep/bc_baseline_none_steps20000_tr2]:  71%|███████   | 14188/20000 [04:56<02:23, 40.64it/s, acc=0.312, device=mps, eta=2m05s, loss=1.9661, sps=47.8]
BC[stage1_datasets_L40_stepsweep/bc_baseline_none_steps20000_tr2]:  71%|███████   | 14194/20000 [04:56<02:10, 44.41it/s, acc=0.312, device=mps, eta=2m05s, loss=1.9661, sps=47.8]
BC[stage1_datasets_L40_stepsweep/bc_baseline_none_steps20000_tr2]:  71%|███████   | 14194/20000 [04:57<02:10, 44.41it/s, acc=0.314, device=mps, eta=2m01s, loss=1.9571, sps=47.8]
BC[stage1_datasets_L40_stepsweep/bc_baseline_none_steps20000_tr2]:  71%|███████   | 14201/20000 [04:57<02:25, 39.83it/s, acc=0.314, device=mps, eta=2m01s, loss=1.9571, sps=47.8]
BC[stage1_datasets_L40_stepsweep/bc_baseline_none_steps20000_tr2]:  71%|███████   | 14208/20000 [04:57<02:07, 45.55it/s, acc=0.314, device=mps, eta=2m01s, loss=1.9571, sps=47.8]
BC[stage1_datasets_L40_stepsweep/bc_baseline_none_steps20000_tr2]:  71%|███████   | 14215/20000 [04:57<01:53, 50.91it/s, acc=0.314, device=mps, eta=2m01s, loss=1.9571, sps=47.8]
BC[stage1_datasets_L40_stepsweep/bc_baseline_none_steps20000_tr2]:  71%|███████   | 14221/20000 [04:57<02:16, 42.38it/s, acc=0.314, device=mps, eta=2m01s, loss=1.9571, sps=47.8]
BC[stage1_datasets_L40_stepsweep/bc_baseline_none_steps20000_tr2]:  71%|███████   | 14229/20000 [04:57<01:56, 49.72it/s, acc=0.314, device=mps, eta=2m01s, loss=1.9571, sps=47.8]
BC[stage1_datasets_L40_stepsweep/bc_baseline_none_steps20000_tr2]:  71%|███████   | 14237/20000 [04:57<01:44, 55.37it/s, acc=0.314, device=mps, eta=2m01s, loss=1.9571, sps=47.8]
BC[stage1_datasets_L40_stepsweep/bc_baseline_none_steps20000_tr2]:  71%|███████   | 14244/20000 [04:58<02:03, 46.76it/s, acc=0.314, device=mps, eta=2m01s, loss=1.9571, sps=47.8]
BC[stage1_datasets_L40_stepsweep/bc_baseline_none_steps20000_tr2]:  71%|███████▏  | 14252/20000 [04:58<01:48, 52.95it/s, acc=0.314, device=mps, eta=2m01s, loss=1.9571, sps=47.8]
BC[stage1_datasets_L40_stepsweep/bc_baseline_none_steps20000_tr2]:  71%|███████▏  | 14260/20000 [04:58<01:38, 58.52it/s, acc=0.314, device=mps, eta=2m01s, loss=1.9571, sps=47.8]
BC[stage1_datasets_L40_stepsweep/bc_baseline_none_steps20000_tr2]:  71%|███████▏  | 14267/20000 [04:58<02:01, 47.26it/s, acc=0.314, device=mps, eta=2m01s, loss=1.9571, sps=47.8]
BC[stage1_datasets_L40_stepsweep/bc_baseline_none_steps20000_tr2]:  71%|███████▏  | 14274/20000 [04:58<01:53, 50.44it/s, acc=0.314, device=mps, eta=2m01s, loss=1.9571, sps=47.8]
BC[stage1_datasets_L40_stepsweep/bc_baseline_none_steps20000_tr2]:  71%|███████▏  | 14281/20000 [04:58<02:16, 41.92it/s, acc=0.314, device=mps, eta=2m01s, loss=1.9571, sps=47.8]
BC[stage1_datasets_L40_stepsweep/bc_baseline_none_steps20000_tr2]:  71%|███████▏  | 14287/20000 [04:58<02:06, 45.24it/s, acc=0.314, device=mps, eta=2m01s, loss=1.9571, sps=47.8]
BC[stage1_datasets_L40_stepsweep/bc_baseline_none_steps20000_tr2]:  71%|███████▏  | 14293/20000 [04:59<01:58, 48.33it/s, acc=0.314, device=mps, eta=2m01s, loss=1.9571, sps=47.8]
BC[stage1_datasets_L40_stepsweep/bc_baseline_none_steps20000_tr2]:  72%|███████▏  | 14301/20000 [04:59<02:14, 42.45it/s, acc=0.314, device=mps, eta=2m01s, loss=1.9571, sps=47.8]
BC[stage1_datasets_L40_stepsweep/bc_baseline_none_steps20000_tr2]:  72%|███████▏  | 14309/20000 [04:59<01:55, 49.37it/s, acc=0.314, device=mps, eta=2m01s, loss=1.9571, sps=47.8]
BC[stage1_datasets_L40_stepsweep/bc_baseline_none_steps20000_tr2]:  72%|███████▏  | 14317/20000 [04:59<01:44, 54.62it/s, acc=0.314, device=mps, eta=2m01s, loss=1.9571, sps=47.8]
BC[stage1_datasets_L40_stepsweep/bc_baseline_none_steps20000_tr2]:  72%|███████▏  | 14324/20000 [04:59<02:08, 44.18it/s, acc=0.314, device=mps, eta=2m01s, loss=1.9571, sps=47.8]
BC[stage1_datasets_L40_stepsweep/bc_baseline_none_steps20000_tr2]:  72%|███████▏  | 14330/20000 [04:59<02:03, 46.04it/s, acc=0.314, device=mps, eta=2m01s, loss=1.9571, sps=47.8]
BC[stage1_datasets_L40_stepsweep/bc_baseline_none_steps20000_tr2]:  72%|███████▏  | 14337/20000 [04:59<01:53, 49.91it/s, acc=0.314, device=mps, eta=2m01s, loss=1.9571, sps=47.8]
BC[stage1_datasets_L40_stepsweep/bc_baseline_none_steps20000_tr2]:  72%|███████▏  | 14343/20000 [05:00<02:12, 42.74it/s, acc=0.314, device=mps, eta=2m01s, loss=1.9571, sps=47.8]
BC[stage1_datasets_L40_stepsweep/bc_baseline_none_steps20000_tr2]:  72%|███████▏  | 14350/20000 [05:00<01:57, 48.14it/s, acc=0.314, device=mps, eta=2m01s, loss=1.9571, sps=47.8]
BC[stage1_datasets_L40_stepsweep/bc_baseline_none_steps20000_tr2]:  72%|███████▏  | 14358/20000 [05:00<01:44, 54.13it/s, acc=0.314, device=mps, eta=2m01s, loss=1.9571, sps=47.8]
BC[stage1_datasets_L40_stepsweep/bc_baseline_none_steps20000_tr2]:  72%|███████▏  | 14364/20000 [05:00<02:03, 45.62it/s, acc=0.314, device=mps, eta=2m01s, loss=1.9571, sps=47.8]
BC[stage1_datasets_L40_stepsweep/bc_baseline_none_steps20000_tr2]:  72%|███████▏  | 14371/20000 [05:00<01:52, 50.25it/s, acc=0.314, device=mps, eta=2m01s, loss=1.9571, sps=47.8]
BC[stage1_datasets_L40_stepsweep/bc_baseline_none_steps20000_tr2]:  72%|███████▏  | 14378/20000 [05:00<01:43, 54.23it/s, acc=0.314, device=mps, eta=2m01s, loss=1.9571, sps=47.8]
BC[stage1_datasets_L40_stepsweep/bc_baseline_none_steps20000_tr2]:  72%|███████▏  | 14384/20000 [05:00<02:06, 44.36it/s, acc=0.314, device=mps, eta=2m01s, loss=1.9571, sps=47.8]
BC[stage1_datasets_L40_stepsweep/bc_baseline_none_steps20000_tr2]:  72%|███████▏  | 14390/20000 [05:01<01:58, 47.20it/s, acc=0.314, device=mps, eta=2m01s, loss=1.9571, sps=47.8]
BC[stage1_datasets_L40_stepsweep/bc_baseline_none_steps20000_tr2]:  72%|███████▏  | 14396/20000 [05:01<01:54, 48.94it/s, acc=0.314, device=mps, eta=2m01s, loss=1.9571, sps=47.8]
BC[stage1_datasets_L40_stepsweep/bc_baseline_none_steps20000_tr2]:  72%|███████▏  | 14396/20000 [05:01<01:54, 48.94it/s, acc=0.315, device=mps, eta=1m57s, loss=1.9650, sps=47.8]
BC[stage1_datasets_L40_stepsweep/bc_baseline_none_steps20000_tr2]:  72%|███████▏  | 14402/20000 [05:01<02:17, 40.65it/s, acc=0.315, device=mps, eta=1m57s, loss=1.9650, sps=47.8]
BC[stage1_datasets_L40_stepsweep/bc_baseline_none_steps20000_tr2]:  72%|███████▏  | 14408/20000 [05:01<02:06, 44.25it/s, acc=0.315, device=mps, eta=1m57s, loss=1.9650, sps=47.8]
BC[stage1_datasets_L40_stepsweep/bc_baseline_none_steps20000_tr2]:  72%|███████▏  | 14415/20000 [05:01<01:54, 48.93it/s, acc=0.315, device=mps, eta=1m57s, loss=1.9650, sps=47.8]
BC[stage1_datasets_L40_stepsweep/bc_baseline_none_steps20000_tr2]:  72%|███████▏  | 14421/20000 [05:01<02:16, 40.85it/s, acc=0.315, device=mps, eta=1m57s, loss=1.9650, sps=47.8]
BC[stage1_datasets_L40_stepsweep/bc_baseline_none_steps20000_tr2]:  72%|███████▏  | 14429/20000 [05:01<01:53, 49.05it/s, acc=0.315, device=mps, eta=1m57s, loss=1.9650, sps=47.8]
BC[stage1_datasets_L40_stepsweep/bc_baseline_none_steps20000_tr2]:  72%|███████▏  | 14437/20000 [05:02<01:39, 55.92it/s, acc=0.315, device=mps, eta=1m57s, loss=1.9650, sps=47.8]
BC[stage1_datasets_L40_stepsweep/bc_baseline_none_steps20000_tr2]:  72%|███████▏  | 14444/20000 [05:02<01:56, 47.57it/s, acc=0.315, device=mps, eta=1m57s, loss=1.9650, sps=47.8]
BC[stage1_datasets_L40_stepsweep/bc_baseline_none_steps20000_tr2]:  72%|███████▏  | 14451/20000 [05:02<01:46, 52.24it/s, acc=0.315, device=mps, eta=1m57s, loss=1.9650, sps=47.8]
BC[stage1_datasets_L40_stepsweep/bc_baseline_none_steps20000_tr2]:  72%|███████▏  | 14458/20000 [05:02<01:39, 55.65it/s, acc=0.315, device=mps, eta=1m57s, loss=1.9650, sps=47.8]
BC[stage1_datasets_L40_stepsweep/bc_baseline_none_steps20000_tr2]:  72%|███████▏  | 14465/20000 [05:02<02:03, 44.69it/s, acc=0.315, device=mps, eta=1m57s, loss=1.9650, sps=47.8]
BC[stage1_datasets_L40_stepsweep/bc_baseline_none_steps20000_tr2]:  72%|███████▏  | 14471/20000 [05:02<02:01, 45.49it/s, acc=0.315, device=mps, eta=1m57s, loss=1.9650, sps=47.8]
BC[stage1_datasets_L40_stepsweep/bc_baseline_none_steps20000_tr2]:  72%|███████▏  | 14478/20000 [05:02<01:50, 49.85it/s, acc=0.315, device=mps, eta=1m57s, loss=1.9650, sps=47.8]
BC[stage1_datasets_L40_stepsweep/bc_baseline_none_steps20000_tr2]:  72%|███████▏  | 14484/20000 [05:03<02:09, 42.48it/s, acc=0.315, device=mps, eta=1m57s, loss=1.9650, sps=47.8]
BC[stage1_datasets_L40_stepsweep/bc_baseline_none_steps20000_tr2]:  72%|███████▏  | 14492/20000 [05:03<01:50, 49.75it/s, acc=0.315, device=mps, eta=1m57s, loss=1.9650, sps=47.8]
BC[stage1_datasets_L40_stepsweep/bc_baseline_none_steps20000_tr2]:  72%|███████▎  | 14500/20000 [05:03<01:37, 56.20it/s, acc=0.315, device=mps, eta=1m57s, loss=1.9650, sps=47.8]
BC[stage1_datasets_L40_stepsweep/bc_baseline_none_steps20000_tr2]:  73%|███████▎  | 14507/20000 [05:03<02:00, 45.46it/s, acc=0.315, device=mps, eta=1m57s, loss=1.9650, sps=47.8]
BC[stage1_datasets_L40_stepsweep/bc_baseline_none_steps20000_tr2]:  73%|███████▎  | 14513/20000 [05:03<01:54, 47.81it/s, acc=0.315, device=mps, eta=1m57s, loss=1.9650, sps=47.8]
BC[stage1_datasets_L40_stepsweep/bc_baseline_none_steps20000_tr2]:  73%|███████▎  | 14519/20000 [05:03<01:50, 49.53it/s, acc=0.315, device=mps, eta=1m57s, loss=1.9650, sps=47.8]
BC[stage1_datasets_L40_stepsweep/bc_baseline_none_steps20000_tr2]:  73%|███████▎  | 14525/20000 [05:03<02:11, 41.51it/s, acc=0.315, device=mps, eta=1m57s, loss=1.9650, sps=47.8]
BC[stage1_datasets_L40_stepsweep/bc_baseline_none_steps20000_tr2]:  73%|███████▎  | 14531/20000 [05:04<02:01, 45.10it/s, acc=0.315, device=mps, eta=1m57s, loss=1.9650, sps=47.8]
BC[stage1_datasets_L40_stepsweep/bc_baseline_none_steps20000_tr2]:  73%|███████▎  | 14537/20000 [05:04<01:52, 48.56it/s, acc=0.315, device=mps, eta=1m57s, loss=1.9650, sps=47.8]
BC[stage1_datasets_L40_stepsweep/bc_baseline_none_steps20000_tr2]:  73%|███████▎  | 14543/20000 [05:04<02:14, 40.68it/s, acc=0.315, device=mps, eta=1m57s, loss=1.9650, sps=47.8]
BC[stage1_datasets_L40_stepsweep/bc_baseline_none_steps20000_tr2]:  73%|███████▎  | 14551/20000 [05:04<01:50, 49.21it/s, acc=0.315, device=mps, eta=1m57s, loss=1.9650, sps=47.8]
BC[stage1_datasets_L40_stepsweep/bc_baseline_none_steps20000_tr2]:  73%|███████▎  | 14559/20000 [05:04<01:36, 56.37it/s, acc=0.315, device=mps, eta=1m57s, loss=1.9650, sps=47.8]
BC[stage1_datasets_L40_stepsweep/bc_baseline_none_steps20000_tr2]:  73%|███████▎  | 14566/20000 [05:04<01:55, 47.19it/s, acc=0.315, device=mps, eta=1m57s, loss=1.9650, sps=47.8]
BC[stage1_datasets_L40_stepsweep/bc_baseline_none_steps20000_tr2]:  73%|███████▎  | 14573/20000 [05:04<01:46, 51.19it/s, acc=0.315, device=mps, eta=1m57s, loss=1.9650, sps=47.8]
BC[stage1_datasets_L40_stepsweep/bc_baseline_none_steps20000_tr2]:  73%|███████▎  | 14580/20000 [05:04<01:39, 54.48it/s, acc=0.315, device=mps, eta=1m57s, loss=1.9650, sps=47.8]
BC[stage1_datasets_L40_stepsweep/bc_baseline_none_steps20000_tr2]:  73%|███████▎  | 14586/20000 [05:05<02:04, 43.39it/s, acc=0.315, device=mps, eta=1m57s, loss=1.9650, sps=47.8]
BC[stage1_datasets_L40_stepsweep/bc_baseline_none_steps20000_tr2]:  73%|███████▎  | 14591/20000 [05:05<02:01, 44.50it/s, acc=0.315, device=mps, eta=1m57s, loss=1.9650, sps=47.8]
BC[stage1_datasets_L40_stepsweep/bc_baseline_none_steps20000_tr2]:  73%|███████▎  | 14597/20000 [05:05<01:55, 46.87it/s, acc=0.315, device=mps, eta=1m57s, loss=1.9650, sps=47.8]
BC[stage1_datasets_L40_stepsweep/bc_baseline_none_steps20000_tr2]:  73%|███████▎  | 14597/20000 [05:05<01:55, 46.87it/s, acc=0.313, device=mps, eta=1m53s, loss=1.9570, sps=47.8]
BC[stage1_datasets_L40_stepsweep/bc_baseline_none_steps20000_tr2]:  73%|███████▎  | 14603/20000 [05:05<02:17, 39.27it/s, acc=0.313, device=mps, eta=1m53s, loss=1.9570, sps=47.8]
BC[stage1_datasets_L40_stepsweep/bc_baseline_none_steps20000_tr2]:  73%|███████▎  | 14610/20000 [05:05<02:01, 44.43it/s, acc=0.313, device=mps, eta=1m53s, loss=1.9570, sps=47.8]
BC[stage1_datasets_L40_stepsweep/bc_baseline_none_steps20000_tr2]:  73%|███████▎  | 14617/20000 [05:05<01:49, 49.16it/s, acc=0.313, device=mps, eta=1m53s, loss=1.9570, sps=47.8]
BC[stage1_datasets_L40_stepsweep/bc_baseline_none_steps20000_tr2]:  73%|███████▎  | 14623/20000 [05:06<02:12, 40.50it/s, acc=0.313, device=mps, eta=1m53s, loss=1.9570, sps=47.8]
BC[stage1_datasets_L40_stepsweep/bc_baseline_none_steps20000_tr2]:  73%|███████▎  | 14629/20000 [05:06<02:00, 44.52it/s, acc=0.313, device=mps, eta=1m53s, loss=1.9570, sps=47.8]
BC[stage1_datasets_L40_stepsweep/bc_baseline_none_steps20000_tr2]:  73%|███████▎  | 14635/20000 [05:06<01:53, 47.34it/s, acc=0.313, device=mps, eta=1m53s, loss=1.9570, sps=47.8]
BC[stage1_datasets_L40_stepsweep/bc_baseline_none_steps20000_tr2]:  73%|███████▎  | 14641/20000 [05:06<02:13, 40.04it/s, acc=0.313, device=mps, eta=1m53s, loss=1.9570, sps=47.8]
BC[stage1_datasets_L40_stepsweep/bc_baseline_none_steps20000_tr2]:  73%|███████▎  | 14649/20000 [05:06<01:51, 48.19it/s, acc=0.313, device=mps, eta=1m53s, loss=1.9570, sps=47.8]
BC[stage1_datasets_L40_stepsweep/bc_baseline_none_steps20000_tr2]:  73%|███████▎  | 14657/20000 [05:06<01:36, 55.17it/s, acc=0.313, device=mps, eta=1m53s, loss=1.9570, sps=47.8]
BC[stage1_datasets_L40_stepsweep/bc_baseline_none_steps20000_tr2]:  73%|███████▎  | 14664/20000 [05:06<01:56, 45.67it/s, acc=0.313, device=mps, eta=1m53s, loss=1.9570, sps=47.8]
BC[stage1_datasets_L40_stepsweep/bc_baseline_none_steps20000_tr2]:  73%|███████▎  | 14670/20000 [05:07<01:50, 48.12it/s, acc=0.313, device=mps, eta=1m53s, loss=1.9570, sps=47.8]
BC[stage1_datasets_L40_stepsweep/bc_baseline_none_steps20000_tr2]:  73%|███████▎  | 14677/20000 [05:07<01:41, 52.29it/s, acc=0.313, device=mps, eta=1m53s, loss=1.9570, sps=47.8]
BC[stage1_datasets_L40_stepsweep/bc_baseline_none_steps20000_tr2]:  73%|███████▎  | 14683/20000 [05:07<02:04, 42.87it/s, acc=0.313, device=mps, eta=1m53s, loss=1.9570, sps=47.8]
BC[stage1_datasets_L40_stepsweep/bc_baseline_none_steps20000_tr2]:  73%|███████▎  | 14688/20000 [05:07<02:00, 44.23it/s, acc=0.313, device=mps, eta=1m53s, loss=1.9570, sps=47.8]
BC[stage1_datasets_L40_stepsweep/bc_baseline_none_steps20000_tr2]:  73%|███████▎  | 14694/20000 [05:07<01:52, 47.29it/s, acc=0.313, device=mps, eta=1m53s, loss=1.9570, sps=47.8]
BC[stage1_datasets_L40_stepsweep/bc_baseline_none_steps20000_tr2]:  74%|███████▎  | 14701/20000 [05:07<02:12, 40.14it/s, acc=0.313, device=mps, eta=1m53s, loss=1.9570, sps=47.8]
BC[stage1_datasets_L40_stepsweep/bc_baseline_none_steps20000_tr2]:  74%|███████▎  | 14709/20000 [05:07<01:50, 47.97it/s, acc=0.313, device=mps, eta=1m53s, loss=1.9570, sps=47.8]
BC[stage1_datasets_L40_stepsweep/bc_baseline_none_steps20000_tr2]:  74%|███████▎  | 14717/20000 [05:07<01:36, 54.99it/s, acc=0.313, device=mps, eta=1m53s, loss=1.9570, sps=47.8]
BC[stage1_datasets_L40_stepsweep/bc_baseline_none_steps20000_tr2]:  74%|███████▎  | 14724/20000 [05:08<01:51, 47.12it/s, acc=0.313, device=mps, eta=1m53s, loss=1.9570, sps=47.8]
BC[stage1_datasets_L40_stepsweep/bc_baseline_none_steps20000_tr2]:  74%|███████▎  | 14732/20000 [05:08<01:39, 52.70it/s, acc=0.313, device=mps, eta=1m53s, loss=1.9570, sps=47.8]
BC[stage1_datasets_L40_stepsweep/bc_baseline_none_steps20000_tr2]:  74%|███████▎  | 14739/20000 [05:08<01:33, 56.46it/s, acc=0.313, device=mps, eta=1m53s, loss=1.9570, sps=47.8]
BC[stage1_datasets_L40_stepsweep/bc_baseline_none_steps20000_tr2]:  74%|███████▎  | 14746/20000 [05:08<01:54, 45.94it/s, acc=0.313, device=mps, eta=1m53s, loss=1.9570, sps=47.8]
BC[stage1_datasets_L40_stepsweep/bc_baseline_none_steps20000_tr2]:  74%|███████▍  | 14752/20000 [05:08<01:48, 48.51it/s, acc=0.313, device=mps, eta=1m53s, loss=1.9570, sps=47.8]
BC[stage1_datasets_L40_stepsweep/bc_baseline_none_steps20000_tr2]:  74%|███████▍  | 14758/20000 [05:08<01:45, 49.82it/s, acc=0.313, device=mps, eta=1m53s, loss=1.9570, sps=47.8]
BC[stage1_datasets_L40_stepsweep/bc_baseline_none_steps20000_tr2]:  74%|███████▍  | 14764/20000 [05:09<02:08, 40.77it/s, acc=0.313, device=mps, eta=1m53s, loss=1.9570, sps=47.8]
BC[stage1_datasets_L40_stepsweep/bc_baseline_none_steps20000_tr2]:  74%|███████▍  | 14771/20000 [05:09<01:52, 46.28it/s, acc=0.313, device=mps, eta=1m53s, loss=1.9570, sps=47.8]
BC[stage1_datasets_L40_stepsweep/bc_baseline_none_steps20000_tr2]:  74%|███████▍  | 14777/20000 [05:09<01:47, 48.43it/s, acc=0.313, device=mps, eta=1m53s, loss=1.9570, sps=47.8]
BC[stage1_datasets_L40_stepsweep/bc_baseline_none_steps20000_tr2]:  74%|███████▍  | 14783/20000 [05:09<02:11, 39.79it/s, acc=0.313, device=mps, eta=1m53s, loss=1.9570, sps=47.8]
BC[stage1_datasets_L40_stepsweep/bc_baseline_none_steps20000_tr2]:  74%|███████▍  | 14789/20000 [05:09<01:58, 43.82it/s, acc=0.313, device=mps, eta=1m53s, loss=1.9570, sps=47.8]
BC[stage1_datasets_L40_stepsweep/bc_baseline_none_steps20000_tr2]:  74%|███████▍  | 14795/20000 [05:09<01:49, 47.55it/s, acc=0.313, device=mps, eta=1m53s, loss=1.9570, sps=47.8]
BC[stage1_datasets_L40_stepsweep/bc_baseline_none_steps20000_tr2]:  74%|███████▍  | 14795/20000 [05:09<01:49, 47.55it/s, acc=0.315, device=mps, eta=1m49s, loss=1.9613, sps=47.8]
BC[stage1_datasets_L40_stepsweep/bc_baseline_none_steps20000_tr2]:  74%|███████▍  | 14801/20000 [05:09<02:07, 40.84it/s, acc=0.315, device=mps, eta=1m49s, loss=1.9613, sps=47.8]
BC[stage1_datasets_L40_stepsweep/bc_baseline_none_steps20000_tr2]:  74%|███████▍  | 14808/20000 [05:09<01:51, 46.63it/s, acc=0.315, device=mps, eta=1m49s, loss=1.9613, sps=47.8]
BC[stage1_datasets_L40_stepsweep/bc_baseline_none_steps20000_tr2]:  74%|███████▍  | 14816/20000 [05:10<01:37, 53.41it/s, acc=0.315, device=mps, eta=1m49s, loss=1.9613, sps=47.8]
BC[stage1_datasets_L40_stepsweep/bc_baseline_none_steps20000_tr2]:  74%|███████▍  | 14822/20000 [05:10<01:57, 44.18it/s, acc=0.315, device=mps, eta=1m49s, loss=1.9613, sps=47.8]
BC[stage1_datasets_L40_stepsweep/bc_baseline_none_steps20000_tr2]:  74%|███████▍  | 14830/20000 [05:10<01:39, 51.82it/s, acc=0.315, device=mps, eta=1m49s, loss=1.9613, sps=47.8]
BC[stage1_datasets_L40_stepsweep/bc_baseline_none_steps20000_tr2]:  74%|███████▍  | 14838/20000 [05:10<01:28, 58.17it/s, acc=0.315, device=mps, eta=1m49s, loss=1.9613, sps=47.8]
BC[stage1_datasets_L40_stepsweep/bc_baseline_none_steps20000_tr2]:  74%|███████▍  | 14845/20000 [05:10<01:45, 48.72it/s, acc=0.315, device=mps, eta=1m49s, loss=1.9613, sps=47.8]
BC[stage1_datasets_L40_stepsweep/bc_baseline_none_steps20000_tr2]:  74%|███████▍  | 14852/20000 [05:10<01:37, 52.68it/s, acc=0.315, device=mps, eta=1m49s, loss=1.9613, sps=47.8]
BC[stage1_datasets_L40_stepsweep/bc_baseline_none_steps20000_tr2]:  74%|███████▍  | 14859/20000 [05:10<01:32, 55.43it/s, acc=0.315, device=mps, eta=1m49s, loss=1.9613, sps=47.8]
BC[stage1_datasets_L40_stepsweep/bc_baseline_none_steps20000_tr2]:  74%|███████▍  | 14865/20000 [05:11<01:54, 45.03it/s, acc=0.315, device=mps, eta=1m49s, loss=1.9613, sps=47.8]
BC[stage1_datasets_L40_stepsweep/bc_baseline_none_steps20000_tr2]:  74%|███████▍  | 14871/20000 [05:11<01:49, 46.98it/s, acc=0.315, device=mps, eta=1m49s, loss=1.9613, sps=47.8]
BC[stage1_datasets_L40_stepsweep/bc_baseline_none_steps20000_tr2]:  74%|███████▍  | 14877/20000 [05:11<01:45, 48.50it/s, acc=0.315, device=mps, eta=1m49s, loss=1.9613, sps=47.8]
BC[stage1_datasets_L40_stepsweep/bc_baseline_none_steps20000_tr2]:  74%|███████▍  | 14883/20000 [05:11<02:06, 40.31it/s, acc=0.315, device=mps, eta=1m49s, loss=1.9613, sps=47.8]
BC[stage1_datasets_L40_stepsweep/bc_baseline_none_steps20000_tr2]:  74%|███████▍  | 14891/20000 [05:11<01:46, 47.87it/s, acc=0.315, device=mps, eta=1m49s, loss=1.9613, sps=47.8]
BC[stage1_datasets_L40_stepsweep/bc_baseline_none_steps20000_tr2]:  74%|███████▍  | 14899/20000 [05:11<01:33, 54.34it/s, acc=0.315, device=mps, eta=1m49s, loss=1.9613, sps=47.8]
BC[stage1_datasets_L40_stepsweep/bc_baseline_none_steps20000_tr2]:  75%|███████▍  | 14905/20000 [05:11<01:52, 45.30it/s, acc=0.315, device=mps, eta=1m49s, loss=1.9613, sps=47.8]
BC[stage1_datasets_L40_stepsweep/bc_baseline_none_steps20000_tr2]:  75%|███████▍  | 14911/20000 [05:12<01:45, 48.40it/s, acc=0.315, device=mps, eta=1m49s, loss=1.9613, sps=47.8]
BC[stage1_datasets_L40_stepsweep/bc_baseline_none_steps20000_tr2]:  75%|███████▍  | 14917/20000 [05:12<01:39, 51.04it/s, acc=0.315, device=mps, eta=1m49s, loss=1.9613, sps=47.8]
BC[stage1_datasets_L40_stepsweep/bc_baseline_none_steps20000_tr2]:  75%|███████▍  | 14923/20000 [05:12<01:59, 42.32it/s, acc=0.315, device=mps, eta=1m49s, loss=1.9613, sps=47.8]
BC[stage1_datasets_L40_stepsweep/bc_baseline_none_steps20000_tr2]:  75%|███████▍  | 14929/20000 [05:12<01:50, 45.85it/s, acc=0.315, device=mps, eta=1m49s, loss=1.9613, sps=47.8]
BC[stage1_datasets_L40_stepsweep/bc_baseline_none_steps20000_tr2]:  75%|███████▍  | 14936/20000 [05:12<01:41, 49.93it/s, acc=0.315, device=mps, eta=1m49s, loss=1.9613, sps=47.8]
BC[stage1_datasets_L40_stepsweep/bc_baseline_none_steps20000_tr2]:  75%|███████▍  | 14942/20000 [05:12<02:01, 41.66it/s, acc=0.315, device=mps, eta=1m49s, loss=1.9613, sps=47.8]
BC[stage1_datasets_L40_stepsweep/bc_baseline_none_steps20000_tr2]:  75%|███████▍  | 14950/20000 [05:12<01:41, 49.62it/s, acc=0.315, device=mps, eta=1m49s, loss=1.9613, sps=47.8]
BC[stage1_datasets_L40_stepsweep/bc_baseline_none_steps20000_tr2]:  75%|███████▍  | 14958/20000 [05:13<01:29, 56.20it/s, acc=0.315, device=mps, eta=1m49s, loss=1.9613, sps=47.8]
BC[stage1_datasets_L40_stepsweep/bc_baseline_none_steps20000_tr2]:  75%|███████▍  | 14965/20000 [05:13<01:47, 46.69it/s, acc=0.315, device=mps, eta=1m49s, loss=1.9613, sps=47.8]
BC[stage1_datasets_L40_stepsweep/bc_baseline_none_steps20000_tr2]:  75%|███████▍  | 14973/20000 [05:13<01:34, 53.34it/s, acc=0.315, device=mps, eta=1m49s, loss=1.9613, sps=47.8]
BC[stage1_datasets_L40_stepsweep/bc_baseline_none_steps20000_tr2]:  75%|███████▍  | 14981/20000 [05:13<01:48, 46.06it/s, acc=0.315, device=mps, eta=1m49s, loss=1.9613, sps=47.8]
BC[stage1_datasets_L40_stepsweep/bc_baseline_none_steps20000_tr2]:  75%|███████▍  | 14988/20000 [05:13<01:41, 49.30it/s, acc=0.315, device=mps, eta=1m49s, loss=1.9613, sps=47.8]
BC[stage1_datasets_L40_stepsweep/bc_baseline_none_steps20000_tr2]:  75%|███████▍  | 14995/20000 [05:13<01:35, 52.60it/s, acc=0.315, device=mps, eta=1m49s, loss=1.9613, sps=47.8]
BC[stage1_datasets_L40_stepsweep/bc_baseline_none_steps20000_tr2]:  75%|███████▍  | 14995/20000 [05:13<01:35, 52.60it/s, acc=0.316, device=mps, eta=1m45s, loss=1.9519, sps=47.8]
BC[stage1_datasets_L40_stepsweep/bc_baseline_none_steps20000_tr2]:  75%|███████▌  | 15001/20000 [05:13<01:51, 44.85it/s, acc=0.316, device=mps, eta=1m45s, loss=1.9519, sps=47.8]
BC[stage1_datasets_L40_stepsweep/bc_baseline_none_steps20000_tr2]:  75%|███████▌  | 15009/20000 [05:14<01:37, 51.37it/s, acc=0.316, device=mps, eta=1m45s, loss=1.9519, sps=47.8]
BC[stage1_datasets_L40_stepsweep/bc_baseline_none_steps20000_tr2]:  75%|███████▌  | 15018/20000 [05:14<01:24, 59.03it/s, acc=0.316, device=mps, eta=1m45s, loss=1.9519, sps=47.8]
BC[stage1_datasets_L40_stepsweep/bc_baseline_none_steps20000_tr2]:  75%|███████▌  | 15025/20000 [05:14<01:39, 50.17it/s, acc=0.316, device=mps, eta=1m45s, loss=1.9519, sps=47.8]
BC[stage1_datasets_L40_stepsweep/bc_baseline_none_steps20000_tr2]:  75%|███████▌  | 15034/20000 [05:14<01:26, 57.74it/s, acc=0.316, device=mps, eta=1m45s, loss=1.9519, sps=47.8]
BC[stage1_datasets_L40_stepsweep/bc_baseline_none_steps20000_tr2]:  75%|███████▌  | 15041/20000 [05:14<01:40, 49.39it/s, acc=0.316, device=mps, eta=1m45s, loss=1.9519, sps=47.8]
BC[stage1_datasets_L40_stepsweep/bc_baseline_none_steps20000_tr2]:  75%|███████▌  | 15049/20000 [05:14<01:29, 55.34it/s, acc=0.316, device=mps, eta=1m45s, loss=1.9519, sps=47.8]
BC[stage1_datasets_L40_stepsweep/bc_baseline_none_steps20000_tr2]:  75%|███████▌  | 15057/20000 [05:14<01:22, 60.13it/s, acc=0.316, device=mps, eta=1m45s, loss=1.9519, sps=47.8]
BC[stage1_datasets_L40_stepsweep/bc_baseline_none_steps20000_tr2]:  75%|███████▌  | 15064/20000 [05:15<01:40, 49.31it/s, acc=0.316, device=mps, eta=1m45s, loss=1.9519, sps=47.8]
BC[stage1_datasets_L40_stepsweep/bc_baseline_none_steps20000_tr2]:  75%|███████▌  | 15072/20000 [05:15<01:29, 55.37it/s, acc=0.316, device=mps, eta=1m45s, loss=1.9519, sps=47.8]
BC[stage1_datasets_L40_stepsweep/bc_baseline_none_steps20000_tr2]:  75%|███████▌  | 15081/20000 [05:15<01:40, 49.12it/s, acc=0.316, device=mps, eta=1m45s, loss=1.9519, sps=47.8]
BC[stage1_datasets_L40_stepsweep/bc_baseline_none_steps20000_tr2]:  75%|███████▌  | 15089/20000 [05:15<01:29, 54.81it/s, acc=0.316, device=mps, eta=1m45s, loss=1.9519, sps=47.8]
BC[stage1_datasets_L40_stepsweep/bc_baseline_none_steps20000_tr2]:  75%|███████▌  | 15097/20000 [05:15<01:21, 59.96it/s, acc=0.316, device=mps, eta=1m45s, loss=1.9519, sps=47.8]
BC[stage1_datasets_L40_stepsweep/bc_baseline_none_steps20000_tr2]:  76%|███████▌  | 15104/20000 [05:15<01:37, 50.34it/s, acc=0.316, device=mps, eta=1m45s, loss=1.9519, sps=47.8]
BC[stage1_datasets_L40_stepsweep/bc_baseline_none_steps20000_tr2]:  76%|███████▌  | 15111/20000 [05:15<01:29, 54.52it/s, acc=0.316, device=mps, eta=1m45s, loss=1.9519, sps=47.8]
BC[stage1_datasets_L40_stepsweep/bc_baseline_none_steps20000_tr2]:  76%|███████▌  | 15119/20000 [05:16<01:22, 59.03it/s, acc=0.316, device=mps, eta=1m45s, loss=1.9519, sps=47.8]
BC[stage1_datasets_L40_stepsweep/bc_baseline_none_steps20000_tr2]:  76%|███████▌  | 15126/20000 [05:16<01:40, 48.65it/s, acc=0.316, device=mps, eta=1m45s, loss=1.9519, sps=47.8]
BC[stage1_datasets_L40_stepsweep/bc_baseline_none_steps20000_tr2]:  76%|███████▌  | 15133/20000 [05:16<01:33, 51.84it/s, acc=0.316, device=mps, eta=1m45s, loss=1.9519, sps=47.8]
BC[stage1_datasets_L40_stepsweep/bc_baseline_none_steps20000_tr2]:  76%|███████▌  | 15140/20000 [05:16<01:28, 54.77it/s, acc=0.316, device=mps, eta=1m45s, loss=1.9519, sps=47.8]
BC[stage1_datasets_L40_stepsweep/bc_baseline_none_steps20000_tr2]:  76%|███████▌  | 15146/20000 [05:16<01:49, 44.49it/s, acc=0.316, device=mps, eta=1m45s, loss=1.9519, sps=47.8]
BC[stage1_datasets_L40_stepsweep/bc_baseline_none_steps20000_tr2]:  76%|███████▌  | 15152/20000 [05:16<01:41, 47.84it/s, acc=0.316, device=mps, eta=1m45s, loss=1.9519, sps=47.8]
BC[stage1_datasets_L40_stepsweep/bc_baseline_none_steps20000_tr2]:  76%|███████▌  | 15159/20000 [05:16<01:33, 51.64it/s, acc=0.316, device=mps, eta=1m45s, loss=1.9519, sps=47.8]
BC[stage1_datasets_L40_stepsweep/bc_baseline_none_steps20000_tr2]:  76%|███████▌  | 15165/20000 [05:17<01:52, 42.79it/s, acc=0.316, device=mps, eta=1m45s, loss=1.9519, sps=47.8]
BC[stage1_datasets_L40_stepsweep/bc_baseline_none_steps20000_tr2]:  76%|███████▌  | 15172/20000 [05:17<01:42, 47.19it/s, acc=0.316, device=mps, eta=1m45s, loss=1.9519, sps=47.8]
BC[stage1_datasets_L40_stepsweep/bc_baseline_none_steps20000_tr2]:  76%|███████▌  | 15179/20000 [05:17<01:33, 51.45it/s, acc=0.316, device=mps, eta=1m45s, loss=1.9519, sps=47.8]
BC[stage1_datasets_L40_stepsweep/bc_baseline_none_steps20000_tr2]:  76%|███████▌  | 15185/20000 [05:17<01:51, 43.14it/s, acc=0.316, device=mps, eta=1m45s, loss=1.9519, sps=47.8]
BC[stage1_datasets_L40_stepsweep/bc_baseline_none_steps20000_tr2]:  76%|███████▌  | 15192/20000 [05:17<01:40, 47.68it/s, acc=0.316, device=mps, eta=1m45s, loss=1.9519, sps=47.8]
BC[stage1_datasets_L40_stepsweep/bc_baseline_none_steps20000_tr2]:  76%|███████▌  | 15199/20000 [05:17<01:33, 51.51it/s, acc=0.316, device=mps, eta=1m45s, loss=1.9519, sps=47.8]
BC[stage1_datasets_L40_stepsweep/bc_baseline_none_steps20000_tr2]:  76%|███████▌  | 15199/20000 [05:17<01:33, 51.51it/s, acc=0.314, device=mps, eta=1m40s, loss=1.9624, sps=47.8]
BC[stage1_datasets_L40_stepsweep/bc_baseline_none_steps20000_tr2]:  76%|███████▌  | 15205/20000 [05:17<01:52, 42.66it/s, acc=0.314, device=mps, eta=1m40s, loss=1.9624, sps=47.8]
BC[stage1_datasets_L40_stepsweep/bc_baseline_none_steps20000_tr2]:  76%|███████▌  | 15211/20000 [05:18<01:43, 46.38it/s, acc=0.314, device=mps, eta=1m40s, loss=1.9624, sps=47.8]
BC[stage1_datasets_L40_stepsweep/bc_baseline_none_steps20000_tr2]:  76%|███████▌  | 15218/20000 [05:18<01:33, 50.92it/s, acc=0.314, device=mps, eta=1m40s, loss=1.9624, sps=47.8]
BC[stage1_datasets_L40_stepsweep/bc_baseline_none_steps20000_tr2]:  76%|███████▌  | 15224/20000 [05:18<01:55, 41.17it/s, acc=0.314, device=mps, eta=1m40s, loss=1.9624, sps=47.8]
BC[stage1_datasets_L40_stepsweep/bc_baseline_none_steps20000_tr2]:  76%|███████▌  | 15230/20000 [05:18<01:49, 43.64it/s, acc=0.314, device=mps, eta=1m40s, loss=1.9624, sps=47.8]
BC[stage1_datasets_L40_stepsweep/bc_baseline_none_steps20000_tr2]:  76%|███████▌  | 15236/20000 [05:18<01:40, 47.39it/s, acc=0.314, device=mps, eta=1m40s, loss=1.9624, sps=47.8]
BC[stage1_datasets_L40_stepsweep/bc_baseline_none_steps20000_tr2]:  76%|███████▌  | 15242/20000 [05:18<01:59, 39.93it/s, acc=0.314, device=mps, eta=1m40s, loss=1.9624, sps=47.8]
BC[stage1_datasets_L40_stepsweep/bc_baseline_none_steps20000_tr2]:  76%|███████▋  | 15250/20000 [05:18<01:38, 48.03it/s, acc=0.314, device=mps, eta=1m40s, loss=1.9624, sps=47.8]
BC[stage1_datasets_L40_stepsweep/bc_baseline_none_steps20000_tr2]:  76%|███████▋  | 15258/20000 [05:19<01:26, 54.72it/s, acc=0.314, device=mps, eta=1m40s, loss=1.9624, sps=47.8]
BC[stage1_datasets_L40_stepsweep/bc_baseline_none_steps20000_tr2]:  76%|███████▋  | 15265/20000 [05:19<01:42, 46.23it/s, acc=0.314, device=mps, eta=1m40s, loss=1.9624, sps=47.8]
BC[stage1_datasets_L40_stepsweep/bc_baseline_none_steps20000_tr2]:  76%|███████▋  | 15272/20000 [05:19<01:35, 49.69it/s, acc=0.314, device=mps, eta=1m40s, loss=1.9624, sps=47.8]
BC[stage1_datasets_L40_stepsweep/bc_baseline_none_steps20000_tr2]:  76%|███████▋  | 15279/20000 [05:19<01:29, 52.58it/s, acc=0.314, device=mps, eta=1m40s, loss=1.9624, sps=47.8]
BC[stage1_datasets_L40_stepsweep/bc_baseline_none_steps20000_tr2]:  76%|███████▋  | 15285/20000 [05:19<01:50, 42.50it/s, acc=0.314, device=mps, eta=1m40s, loss=1.9624, sps=47.8]
BC[stage1_datasets_L40_stepsweep/bc_baseline_none_steps20000_tr2]:  76%|███████▋  | 15291/20000 [05:19<01:42, 45.85it/s, acc=0.314, device=mps, eta=1m40s, loss=1.9624, sps=47.8]
BC[stage1_datasets_L40_stepsweep/bc_baseline_none_steps20000_tr2]:  76%|███████▋  | 15298/20000 [05:19<01:34, 49.71it/s, acc=0.314, device=mps, eta=1m40s, loss=1.9624, sps=47.8]
BC[stage1_datasets_L40_stepsweep/bc_baseline_none_steps20000_tr2]:  77%|███████▋  | 15304/20000 [05:20<01:52, 41.92it/s, acc=0.314, device=mps, eta=1m40s, loss=1.9624, sps=47.8]
BC[stage1_datasets_L40_stepsweep/bc_baseline_none_steps20000_tr2]:  77%|███████▋  | 15311/20000 [05:20<01:40, 46.53it/s, acc=0.314, device=mps, eta=1m40s, loss=1.9624, sps=47.8]
BC[stage1_datasets_L40_stepsweep/bc_baseline_none_steps20000_tr2]:  77%|███████▋  | 15318/20000 [05:20<01:31, 51.42it/s, acc=0.314, device=mps, eta=1m40s, loss=1.9624, sps=47.8]
BC[stage1_datasets_L40_stepsweep/bc_baseline_none_steps20000_tr2]:  77%|███████▋  | 15324/20000 [05:20<01:46, 44.07it/s, acc=0.314, device=mps, eta=1m40s, loss=1.9624, sps=47.8]
BC[stage1_datasets_L40_stepsweep/bc_baseline_none_steps20000_tr2]:  77%|███████▋  | 15333/20000 [05:20<01:27, 53.55it/s, acc=0.314, device=mps, eta=1m40s, loss=1.9624, sps=47.8]
BC[stage1_datasets_L40_stepsweep/bc_baseline_none_steps20000_tr2]:  77%|███████▋  | 15341/20000 [05:20<01:37, 47.79it/s, acc=0.314, device=mps, eta=1m40s, loss=1.9624, sps=47.8]
BC[stage1_datasets_L40_stepsweep/bc_baseline_none_steps20000_tr2]:  77%|███████▋  | 15349/20000 [05:20<01:26, 54.01it/s, acc=0.314, device=mps, eta=1m40s, loss=1.9624, sps=47.8]
BC[stage1_datasets_L40_stepsweep/bc_baseline_none_steps20000_tr2]:  77%|███████▋  | 15357/20000 [05:21<01:18, 59.02it/s, acc=0.314, device=mps, eta=1m40s, loss=1.9624, sps=47.8]
BC[stage1_datasets_L40_stepsweep/bc_baseline_none_steps20000_tr2]:  77%|███████▋  | 15364/20000 [05:21<01:35, 48.69it/s, acc=0.314, device=mps, eta=1m40s, loss=1.9624, sps=47.8]
BC[stage1_datasets_L40_stepsweep/bc_baseline_none_steps20000_tr2]:  77%|███████▋  | 15372/20000 [05:21<01:24, 54.82it/s, acc=0.314, device=mps, eta=1m40s, loss=1.9624, sps=47.8]
BC[stage1_datasets_L40_stepsweep/bc_baseline_none_steps20000_tr2]:  77%|███████▋  | 15381/20000 [05:21<01:34, 48.83it/s, acc=0.314, device=mps, eta=1m40s, loss=1.9624, sps=47.8]
BC[stage1_datasets_L40_stepsweep/bc_baseline_none_steps20000_tr2]:  77%|███████▋  | 15389/20000 [05:21<01:24, 54.57it/s, acc=0.314, device=mps, eta=1m40s, loss=1.9624, sps=47.8]
BC[stage1_datasets_L40_stepsweep/bc_baseline_none_steps20000_tr2]:  77%|███████▋  | 15397/20000 [05:21<01:17, 59.75it/s, acc=0.314, device=mps, eta=1m40s, loss=1.9624, sps=47.8]
BC[stage1_datasets_L40_stepsweep/bc_baseline_none_steps20000_tr2]:  77%|███████▋  | 15397/20000 [05:21<01:17, 59.75it/s, acc=0.313, device=mps, eta=1m36s, loss=1.9479, sps=47.9]
BC[stage1_datasets_L40_stepsweep/bc_baseline_none_steps20000_tr2]:  77%|███████▋  | 15404/20000 [05:21<01:31, 50.16it/s, acc=0.313, device=mps, eta=1m36s, loss=1.9479, sps=47.9]
BC[stage1_datasets_L40_stepsweep/bc_baseline_none_steps20000_tr2]:  77%|███████▋  | 15411/20000 [05:22<01:25, 53.92it/s, acc=0.313, device=mps, eta=1m36s, loss=1.9479, sps=47.9]
BC[stage1_datasets_L40_stepsweep/bc_baseline_none_steps20000_tr2]:  77%|███████▋  | 15418/20000 [05:22<01:20, 56.85it/s, acc=0.313, device=mps, eta=1m36s, loss=1.9479, sps=47.9]
BC[stage1_datasets_L40_stepsweep/bc_baseline_none_steps20000_tr2]:  77%|███████▋  | 15425/20000 [05:22<01:39, 46.10it/s, acc=0.313, device=mps, eta=1m36s, loss=1.9479, sps=47.9]
BC[stage1_datasets_L40_stepsweep/bc_baseline_none_steps20000_tr2]:  77%|███████▋  | 15432/20000 [05:22<01:31, 49.93it/s, acc=0.313, device=mps, eta=1m36s, loss=1.9479, sps=47.9]
BC[stage1_datasets_L40_stepsweep/bc_baseline_none_steps20000_tr2]:  77%|███████▋  | 15439/20000 [05:22<01:24, 53.93it/s, acc=0.313, device=mps, eta=1m36s, loss=1.9479, sps=47.9]
BC[stage1_datasets_L40_stepsweep/bc_baseline_none_steps20000_tr2]:  77%|███████▋  | 15445/20000 [05:22<01:42, 44.55it/s, acc=0.313, device=mps, eta=1m36s, loss=1.9479, sps=47.9]
BC[stage1_datasets_L40_stepsweep/bc_baseline_none_steps20000_tr2]:  77%|███████▋  | 15452/20000 [05:22<01:33, 48.58it/s, acc=0.313, device=mps, eta=1m36s, loss=1.9479, sps=47.9]
BC[stage1_datasets_L40_stepsweep/bc_baseline_none_steps20000_tr2]:  77%|███████▋  | 15459/20000 [05:23<01:27, 52.01it/s, acc=0.313, device=mps, eta=1m36s, loss=1.9479, sps=47.9]
BC[stage1_datasets_L40_stepsweep/bc_baseline_none_steps20000_tr2]:  77%|███████▋  | 15465/20000 [05:23<01:46, 42.78it/s, acc=0.313, device=mps, eta=1m36s, loss=1.9479, sps=47.9]
BC[stage1_datasets_L40_stepsweep/bc_baseline_none_steps20000_tr2]:  77%|███████▋  | 15472/20000 [05:23<01:36, 47.09it/s, acc=0.313, device=mps, eta=1m36s, loss=1.9479, sps=47.9]
BC[stage1_datasets_L40_stepsweep/bc_baseline_none_steps20000_tr2]:  77%|███████▋  | 15479/20000 [05:23<01:28, 51.18it/s, acc=0.313, device=mps, eta=1m36s, loss=1.9479, sps=47.9]
BC[stage1_datasets_L40_stepsweep/bc_baseline_none_steps20000_tr2]:  77%|███████▋  | 15485/20000 [05:23<01:45, 42.90it/s, acc=0.313, device=mps, eta=1m36s, loss=1.9479, sps=47.9]
BC[stage1_datasets_L40_stepsweep/bc_baseline_none_steps20000_tr2]:  77%|███████▋  | 15491/20000 [05:23<01:37, 46.12it/s, acc=0.313, device=mps, eta=1m36s, loss=1.9479, sps=47.9]
BC[stage1_datasets_L40_stepsweep/bc_baseline_none_steps20000_tr2]:  77%|███████▋  | 15497/20000 [05:23<01:31, 49.29it/s, acc=0.313, device=mps, eta=1m36s, loss=1.9479, sps=47.9]
BC[stage1_datasets_L40_stepsweep/bc_baseline_none_steps20000_tr2]:  78%|███████▊  | 15503/20000 [05:24<01:48, 41.43it/s, acc=0.313, device=mps, eta=1m36s, loss=1.9479, sps=47.9]
BC[stage1_datasets_L40_stepsweep/bc_baseline_none_steps20000_tr2]:  78%|███████▊  | 15511/20000 [05:24<01:30, 49.43it/s, acc=0.313, device=mps, eta=1m36s, loss=1.9479, sps=47.9]
BC[stage1_datasets_L40_stepsweep/bc_baseline_none_steps20000_tr2]:  78%|███████▊  | 15519/20000 [05:24<01:20, 55.97it/s, acc=0.313, device=mps, eta=1m36s, loss=1.9479, sps=47.9]
BC[stage1_datasets_L40_stepsweep/bc_baseline_none_steps20000_tr2]:  78%|███████▊  | 15526/20000 [05:24<01:35, 47.00it/s, acc=0.313, device=mps, eta=1m36s, loss=1.9479, sps=47.9]
BC[stage1_datasets_L40_stepsweep/bc_baseline_none_steps20000_tr2]:  78%|███████▊  | 15533/20000 [05:24<01:27, 50.97it/s, acc=0.313, device=mps, eta=1m36s, loss=1.9479, sps=47.9]
BC[stage1_datasets_L40_stepsweep/bc_baseline_none_steps20000_tr2]:  78%|███████▊  | 15540/20000 [05:24<01:21, 54.88it/s, acc=0.313, device=mps, eta=1m36s, loss=1.9479, sps=47.9]
BC[stage1_datasets_L40_stepsweep/bc_baseline_none_steps20000_tr2]:  78%|███████▊  | 15546/20000 [05:24<01:41, 44.06it/s, acc=0.313, device=mps, eta=1m36s, loss=1.9479, sps=47.9]
BC[stage1_datasets_L40_stepsweep/bc_baseline_none_steps20000_tr2]:  78%|███████▊  | 15552/20000 [05:25<01:39, 44.87it/s, acc=0.313, device=mps, eta=1m36s, loss=1.9479, sps=47.9]
BC[stage1_datasets_L40_stepsweep/bc_baseline_none_steps20000_tr2]:  78%|███████▊  | 15558/20000 [05:25<01:31, 48.30it/s, acc=0.313, device=mps, eta=1m36s, loss=1.9479, sps=47.9]
BC[stage1_datasets_L40_stepsweep/bc_baseline_none_steps20000_tr2]:  78%|███████▊  | 15564/20000 [05:25<01:53, 39.25it/s, acc=0.313, device=mps, eta=1m36s, loss=1.9479, sps=47.9]
BC[stage1_datasets_L40_stepsweep/bc_baseline_none_steps20000_tr2]:  78%|███████▊  | 15570/20000 [05:25<01:44, 42.48it/s, acc=0.313, device=mps, eta=1m36s, loss=1.9479, sps=47.9]
BC[stage1_datasets_L40_stepsweep/bc_baseline_none_steps20000_tr2]:  78%|███████▊  | 15577/20000 [05:25<01:32, 47.59it/s, acc=0.313, device=mps, eta=1m36s, loss=1.9479, sps=47.9]
BC[stage1_datasets_L40_stepsweep/bc_baseline_none_steps20000_tr2]:  78%|███████▊  | 15583/20000 [05:25<01:46, 41.30it/s, acc=0.313, device=mps, eta=1m36s, loss=1.9479, sps=47.9]
BC[stage1_datasets_L40_stepsweep/bc_baseline_none_steps20000_tr2]:  78%|███████▊  | 15591/20000 [05:25<01:30, 48.71it/s, acc=0.313, device=mps, eta=1m36s, loss=1.9479, sps=47.9]
BC[stage1_datasets_L40_stepsweep/bc_baseline_none_steps20000_tr2]:  78%|███████▊  | 15599/20000 [05:26<01:18, 55.79it/s, acc=0.313, device=mps, eta=1m36s, loss=1.9479, sps=47.9]
BC[stage1_datasets_L40_stepsweep/bc_baseline_none_steps20000_tr2]:  78%|███████▊  | 15599/20000 [05:26<01:18, 55.79it/s, acc=0.315, device=mps, eta=1m32s, loss=1.9646, sps=47.8]
BC[stage1_datasets_L40_stepsweep/bc_baseline_none_steps20000_tr2]:  78%|███████▊  | 15606/20000 [05:26<01:31, 47.91it/s, acc=0.315, device=mps, eta=1m32s, loss=1.9646, sps=47.8]
BC[stage1_datasets_L40_stepsweep/bc_baseline_none_steps20000_tr2]:  78%|███████▊  | 15614/20000 [05:26<01:21, 53.98it/s, acc=0.315, device=mps, eta=1m32s, loss=1.9646, sps=47.8]
BC[stage1_datasets_L40_stepsweep/bc_baseline_none_steps20000_tr2]:  78%|███████▊  | 15621/20000 [05:26<01:35, 45.64it/s, acc=0.315, device=mps, eta=1m32s, loss=1.9646, sps=47.8]
BC[stage1_datasets_L40_stepsweep/bc_baseline_none_steps20000_tr2]:  78%|███████▊  | 15629/20000 [05:26<01:23, 52.31it/s, acc=0.315, device=mps, eta=1m32s, loss=1.9646, sps=47.8]
BC[stage1_datasets_L40_stepsweep/bc_baseline_none_steps20000_tr2]:  78%|███████▊  | 15637/20000 [05:26<01:15, 57.58it/s, acc=0.315, device=mps, eta=1m32s, loss=1.9646, sps=47.8]
BC[stage1_datasets_L40_stepsweep/bc_baseline_none_steps20000_tr2]:  78%|███████▊  | 15644/20000 [05:26<01:29, 48.74it/s, acc=0.315, device=mps, eta=1m32s, loss=1.9646, sps=47.8]
BC[stage1_datasets_L40_stepsweep/bc_baseline_none_steps20000_tr2]:  78%|███████▊  | 15651/20000 [05:27<01:22, 52.61it/s, acc=0.315, device=mps, eta=1m32s, loss=1.9646, sps=47.8]
BC[stage1_datasets_L40_stepsweep/bc_baseline_none_steps20000_tr2]:  78%|███████▊  | 15658/20000 [05:27<01:18, 55.40it/s, acc=0.315, device=mps, eta=1m32s, loss=1.9646, sps=47.8]
BC[stage1_datasets_L40_stepsweep/bc_baseline_none_steps20000_tr2]:  78%|███████▊  | 15664/20000 [05:27<01:36, 44.77it/s, acc=0.315, device=mps, eta=1m32s, loss=1.9646, sps=47.8]
BC[stage1_datasets_L40_stepsweep/bc_baseline_none_steps20000_tr2]:  78%|███████▊  | 15670/20000 [05:27<01:33, 46.40it/s, acc=0.315, device=mps, eta=1m32s, loss=1.9646, sps=47.8]
BC[stage1_datasets_L40_stepsweep/bc_baseline_none_steps20000_tr2]:  78%|███████▊  | 15676/20000 [05:27<01:29, 48.40it/s, acc=0.315, device=mps, eta=1m32s, loss=1.9646, sps=47.8]
BC[stage1_datasets_L40_stepsweep/bc_baseline_none_steps20000_tr2]:  78%|███████▊  | 15682/20000 [05:27<01:48, 39.76it/s, acc=0.315, device=mps, eta=1m32s, loss=1.9646, sps=47.8]
BC[stage1_datasets_L40_stepsweep/bc_baseline_none_steps20000_tr2]:  78%|███████▊  | 15688/20000 [05:27<01:38, 43.98it/s, acc=0.315, device=mps, eta=1m32s, loss=1.9646, sps=47.8]
BC[stage1_datasets_L40_stepsweep/bc_baseline_none_steps20000_tr2]:  78%|███████▊  | 15694/20000 [05:28<01:32, 46.64it/s, acc=0.315, device=mps, eta=1m32s, loss=1.9646, sps=47.8]
BC[stage1_datasets_L40_stepsweep/bc_baseline_none_steps20000_tr2]:  79%|███████▊  | 15701/20000 [05:28<01:47, 40.01it/s, acc=0.315, device=mps, eta=1m32s, loss=1.9646, sps=47.8]
BC[stage1_datasets_L40_stepsweep/bc_baseline_none_steps20000_tr2]:  79%|███████▊  | 15709/20000 [05:28<01:29, 47.95it/s, acc=0.315, device=mps, eta=1m32s, loss=1.9646, sps=47.8]
BC[stage1_datasets_L40_stepsweep/bc_baseline_none_steps20000_tr2]:  79%|███████▊  | 15717/20000 [05:28<01:18, 54.69it/s, acc=0.315, device=mps, eta=1m32s, loss=1.9646, sps=47.8]
BC[stage1_datasets_L40_stepsweep/bc_baseline_none_steps20000_tr2]:  79%|███████▊  | 15724/20000 [05:28<01:32, 46.05it/s, acc=0.315, device=mps, eta=1m32s, loss=1.9646, sps=47.8]
BC[stage1_datasets_L40_stepsweep/bc_baseline_none_steps20000_tr2]:  79%|███████▊  | 15732/20000 [05:28<01:20, 52.71it/s, acc=0.315, device=mps, eta=1m32s, loss=1.9646, sps=47.8]
BC[stage1_datasets_L40_stepsweep/bc_baseline_none_steps20000_tr2]:  79%|███████▊  | 15740/20000 [05:28<01:12, 58.73it/s, acc=0.315, device=mps, eta=1m32s, loss=1.9646, sps=47.8]
BC[stage1_datasets_L40_stepsweep/bc_baseline_none_steps20000_tr2]:  79%|███████▊  | 15747/20000 [05:29<01:29, 47.49it/s, acc=0.315, device=mps, eta=1m32s, loss=1.9646, sps=47.8]
BC[stage1_datasets_L40_stepsweep/bc_baseline_none_steps20000_tr2]:  79%|███████▉  | 15753/20000 [05:29<01:25, 49.68it/s, acc=0.315, device=mps, eta=1m32s, loss=1.9646, sps=47.8]
BC[stage1_datasets_L40_stepsweep/bc_baseline_none_steps20000_tr2]:  79%|███████▉  | 15759/20000 [05:29<01:23, 50.79it/s, acc=0.315, device=mps, eta=1m32s, loss=1.9646, sps=47.8]
BC[stage1_datasets_L40_stepsweep/bc_baseline_none_steps20000_tr2]:  79%|███████▉  | 15765/20000 [05:29<01:42, 41.26it/s, acc=0.315, device=mps, eta=1m32s, loss=1.9646, sps=47.8]
BC[stage1_datasets_L40_stepsweep/bc_baseline_none_steps20000_tr2]:  79%|███████▉  | 15771/20000 [05:29<01:33, 45.08it/s, acc=0.315, device=mps, eta=1m32s, loss=1.9646, sps=47.8]
BC[stage1_datasets_L40_stepsweep/bc_baseline_none_steps20000_tr2]:  79%|███████▉  | 15778/20000 [05:29<01:25, 49.13it/s, acc=0.315, device=mps, eta=1m32s, loss=1.9646, sps=47.8]
BC[stage1_datasets_L40_stepsweep/bc_baseline_none_steps20000_tr2]:  79%|███████▉  | 15784/20000 [05:29<01:42, 40.98it/s, acc=0.315, device=mps, eta=1m32s, loss=1.9646, sps=47.8]
BC[stage1_datasets_L40_stepsweep/bc_baseline_none_steps20000_tr2]:  79%|███████▉  | 15790/20000 [05:30<01:35, 44.21it/s, acc=0.315, device=mps, eta=1m32s, loss=1.9646, sps=47.8]
BC[stage1_datasets_L40_stepsweep/bc_baseline_none_steps20000_tr2]:  79%|███████▉  | 15796/20000 [05:30<01:28, 47.48it/s, acc=0.315, device=mps, eta=1m32s, loss=1.9646, sps=47.8]
BC[stage1_datasets_L40_stepsweep/bc_baseline_none_steps20000_tr2]:  79%|███████▉  | 15796/20000 [05:30<01:28, 47.48it/s, acc=0.318, device=mps, eta=1m28s, loss=1.9511, sps=47.8]
BC[stage1_datasets_L40_stepsweep/bc_baseline_none_steps20000_tr2]:  79%|███████▉  | 15802/20000 [05:30<01:46, 39.58it/s, acc=0.318, device=mps, eta=1m28s, loss=1.9511, sps=47.8]
BC[stage1_datasets_L40_stepsweep/bc_baseline_none_steps20000_tr2]:  79%|███████▉  | 15808/20000 [05:30<01:35, 43.80it/s, acc=0.318, device=mps, eta=1m28s, loss=1.9511, sps=47.8]
BC[stage1_datasets_L40_stepsweep/bc_baseline_none_steps20000_tr2]:  79%|███████▉  | 15814/20000 [05:30<01:28, 47.20it/s, acc=0.318, device=mps, eta=1m28s, loss=1.9511, sps=47.8]
BC[stage1_datasets_L40_stepsweep/bc_baseline_none_steps20000_tr2]:  79%|███████▉  | 15820/20000 [05:30<01:23, 50.05it/s, acc=0.318, device=mps, eta=1m28s, loss=1.9511, sps=47.8]
BC[stage1_datasets_L40_stepsweep/bc_baseline_none_steps20000_tr2]:  79%|███████▉  | 15826/20000 [05:30<01:42, 40.54it/s, acc=0.318, device=mps, eta=1m28s, loss=1.9511, sps=47.8]
BC[stage1_datasets_L40_stepsweep/bc_baseline_none_steps20000_tr2]:  79%|███████▉  | 15831/20000 [05:31<01:38, 42.23it/s, acc=0.318, device=mps, eta=1m28s, loss=1.9511, sps=47.8]
BC[stage1_datasets_L40_stepsweep/bc_baseline_none_steps20000_tr2]:  79%|███████▉  | 15837/20000 [05:31<01:32, 45.17it/s, acc=0.318, device=mps, eta=1m28s, loss=1.9511, sps=47.8]
BC[stage1_datasets_L40_stepsweep/bc_baseline_none_steps20000_tr2]:  79%|███████▉  | 15842/20000 [05:31<01:50, 37.53it/s, acc=0.318, device=mps, eta=1m28s, loss=1.9511, sps=47.8]
BC[stage1_datasets_L40_stepsweep/bc_baseline_none_steps20000_tr2]:  79%|███████▉  | 15850/20000 [05:31<01:29, 46.18it/s, acc=0.318, device=mps, eta=1m28s, loss=1.9511, sps=47.8]
BC[stage1_datasets_L40_stepsweep/bc_baseline_none_steps20000_tr2]:  79%|███████▉  | 15858/20000 [05:31<01:18, 52.75it/s, acc=0.318, device=mps, eta=1m28s, loss=1.9511, sps=47.8]
BC[stage1_datasets_L40_stepsweep/bc_baseline_none_steps20000_tr2]:  79%|███████▉  | 15864/20000 [05:31<01:38, 42.10it/s, acc=0.318, device=mps, eta=1m28s, loss=1.9511, sps=47.8]
BC[stage1_datasets_L40_stepsweep/bc_baseline_none_steps20000_tr2]:  79%|███████▉  | 15870/20000 [05:31<01:32, 44.53it/s, acc=0.318, device=mps, eta=1m28s, loss=1.9511, sps=47.8]
BC[stage1_datasets_L40_stepsweep/bc_baseline_none_steps20000_tr2]:  79%|███████▉  | 15877/20000 [05:31<01:23, 49.26it/s, acc=0.318, device=mps, eta=1m28s, loss=1.9511, sps=47.8]
BC[stage1_datasets_L40_stepsweep/bc_baseline_none_steps20000_tr2]:  79%|███████▉  | 15883/20000 [05:32<01:37, 42.38it/s, acc=0.318, device=mps, eta=1m28s, loss=1.9511, sps=47.8]
BC[stage1_datasets_L40_stepsweep/bc_baseline_none_steps20000_tr2]:  79%|███████▉  | 15891/20000 [05:32<01:23, 49.45it/s, acc=0.318, device=mps, eta=1m28s, loss=1.9511, sps=47.8]
BC[stage1_datasets_L40_stepsweep/bc_baseline_none_steps20000_tr2]:  79%|███████▉  | 15899/20000 [05:32<01:13, 55.99it/s, acc=0.318, device=mps, eta=1m28s, loss=1.9511, sps=47.8]
BC[stage1_datasets_L40_stepsweep/bc_baseline_none_steps20000_tr2]:  80%|███████▉  | 15906/20000 [05:32<01:26, 47.12it/s, acc=0.318, device=mps, eta=1m28s, loss=1.9511, sps=47.8]
BC[stage1_datasets_L40_stepsweep/bc_baseline_none_steps20000_tr2]:  80%|███████▉  | 15913/20000 [05:32<01:19, 51.17it/s, acc=0.318, device=mps, eta=1m28s, loss=1.9511, sps=47.8]
BC[stage1_datasets_L40_stepsweep/bc_baseline_none_steps20000_tr2]:  80%|███████▉  | 15920/20000 [05:32<01:14, 54.54it/s, acc=0.318, device=mps, eta=1m28s, loss=1.9511, sps=47.8]
BC[stage1_datasets_L40_stepsweep/bc_baseline_none_steps20000_tr2]:  80%|███████▉  | 15926/20000 [05:33<01:35, 42.84it/s, acc=0.318, device=mps, eta=1m28s, loss=1.9511, sps=47.8]
BC[stage1_datasets_L40_stepsweep/bc_baseline_none_steps20000_tr2]:  80%|███████▉  | 15932/20000 [05:33<01:28, 46.14it/s, acc=0.318, device=mps, eta=1m28s, loss=1.9511, sps=47.8]
BC[stage1_datasets_L40_stepsweep/bc_baseline_none_steps20000_tr2]:  80%|███████▉  | 15938/20000 [05:33<01:23, 48.45it/s, acc=0.318, device=mps, eta=1m28s, loss=1.9511, sps=47.8]
BC[stage1_datasets_L40_stepsweep/bc_baseline_none_steps20000_tr2]:  80%|███████▉  | 15944/20000 [05:33<01:39, 40.86it/s, acc=0.318, device=mps, eta=1m28s, loss=1.9511, sps=47.8]
BC[stage1_datasets_L40_stepsweep/bc_baseline_none_steps20000_tr2]:  80%|███████▉  | 15951/20000 [05:33<01:28, 45.65it/s, acc=0.318, device=mps, eta=1m28s, loss=1.9511, sps=47.8]
BC[stage1_datasets_L40_stepsweep/bc_baseline_none_steps20000_tr2]:  80%|███████▉  | 15957/20000 [05:33<01:23, 48.68it/s, acc=0.318, device=mps, eta=1m28s, loss=1.9511, sps=47.8]
BC[stage1_datasets_L40_stepsweep/bc_baseline_none_steps20000_tr2]:  80%|███████▉  | 15963/20000 [05:33<01:39, 40.53it/s, acc=0.318, device=mps, eta=1m28s, loss=1.9511, sps=47.8]
BC[stage1_datasets_L40_stepsweep/bc_baseline_none_steps20000_tr2]:  80%|███████▉  | 15971/20000 [05:33<01:23, 48.48it/s, acc=0.318, device=mps, eta=1m28s, loss=1.9511, sps=47.8]
BC[stage1_datasets_L40_stepsweep/bc_baseline_none_steps20000_tr2]:  80%|███████▉  | 15979/20000 [05:34<01:13, 54.85it/s, acc=0.318, device=mps, eta=1m28s, loss=1.9511, sps=47.8]
BC[stage1_datasets_L40_stepsweep/bc_baseline_none_steps20000_tr2]:  80%|███████▉  | 15986/20000 [05:34<01:27, 45.82it/s, acc=0.318, device=mps, eta=1m28s, loss=1.9511, sps=47.8]
BC[stage1_datasets_L40_stepsweep/bc_baseline_none_steps20000_tr2]:  80%|███████▉  | 15992/20000 [05:34<01:22, 48.53it/s, acc=0.318, device=mps, eta=1m28s, loss=1.9511, sps=47.8]
BC[stage1_datasets_L40_stepsweep/bc_baseline_none_steps20000_tr2]:  80%|███████▉  | 15998/20000 [05:34<01:19, 50.16it/s, acc=0.318, device=mps, eta=1m28s, loss=1.9511, sps=47.8]
BC[stage1_datasets_L40_stepsweep/bc_baseline_none_steps20000_tr2]:  80%|███████▉  | 15998/20000 [05:34<01:19, 50.16it/s, acc=0.313, device=mps, eta=1m24s, loss=1.9568, sps=47.8]
BC[stage1_datasets_L40_stepsweep/bc_baseline_none_steps20000_tr2]:  80%|████████  | 16004/20000 [05:34<01:37, 41.10it/s, acc=0.313, device=mps, eta=1m24s, loss=1.9568, sps=47.8]
BC[stage1_datasets_L40_stepsweep/bc_baseline_none_steps20000_tr2]:  80%|████████  | 16011/20000 [05:34<01:25, 46.46it/s, acc=0.313, device=mps, eta=1m24s, loss=1.9568, sps=47.8]
BC[stage1_datasets_L40_stepsweep/bc_baseline_none_steps20000_tr2]:  80%|████████  | 16017/20000 [05:34<01:21, 48.65it/s, acc=0.313, device=mps, eta=1m24s, loss=1.9568, sps=47.8]
BC[stage1_datasets_L40_stepsweep/bc_baseline_none_steps20000_tr2]:  80%|████████  | 16023/20000 [05:35<01:36, 41.36it/s, acc=0.313, device=mps, eta=1m24s, loss=1.9568, sps=47.8]
BC[stage1_datasets_L40_stepsweep/bc_baseline_none_steps20000_tr2]:  80%|████████  | 16031/20000 [05:35<01:21, 49.00it/s, acc=0.313, device=mps, eta=1m24s, loss=1.9568, sps=47.8]
BC[stage1_datasets_L40_stepsweep/bc_baseline_none_steps20000_tr2]:  80%|████████  | 16039/20000 [05:35<01:12, 54.99it/s, acc=0.313, device=mps, eta=1m24s, loss=1.9568, sps=47.8]
BC[stage1_datasets_L40_stepsweep/bc_baseline_none_steps20000_tr2]:  80%|████████  | 16045/20000 [05:35<01:27, 45.05it/s, acc=0.313, device=mps, eta=1m24s, loss=1.9568, sps=47.8]
BC[stage1_datasets_L40_stepsweep/bc_baseline_none_steps20000_tr2]:  80%|████████  | 16051/20000 [05:35<01:23, 47.35it/s, acc=0.313, device=mps, eta=1m24s, loss=1.9568, sps=47.8]
BC[stage1_datasets_L40_stepsweep/bc_baseline_none_steps20000_tr2]:  80%|████████  | 16057/20000 [05:35<01:20, 49.28it/s, acc=0.313, device=mps, eta=1m24s, loss=1.9568, sps=47.8]
BC[stage1_datasets_L40_stepsweep/bc_baseline_none_steps20000_tr2]:  80%|████████  | 16063/20000 [05:35<01:36, 40.81it/s, acc=0.313, device=mps, eta=1m24s, loss=1.9568, sps=47.8]
BC[stage1_datasets_L40_stepsweep/bc_baseline_none_steps20000_tr2]:  80%|████████  | 16071/20000 [05:36<01:20, 48.52it/s, acc=0.313, device=mps, eta=1m24s, loss=1.9568, sps=47.8]
BC[stage1_datasets_L40_stepsweep/bc_baseline_none_steps20000_tr2]:  80%|████████  | 16079/20000 [05:36<01:11, 54.57it/s, acc=0.313, device=mps, eta=1m24s, loss=1.9568, sps=47.8]
BC[stage1_datasets_L40_stepsweep/bc_baseline_none_steps20000_tr2]:  80%|████████  | 16085/20000 [05:36<01:26, 45.24it/s, acc=0.313, device=mps, eta=1m24s, loss=1.9568, sps=47.8]
BC[stage1_datasets_L40_stepsweep/bc_baseline_none_steps20000_tr2]:  80%|████████  | 16091/20000 [05:36<01:21, 48.04it/s, acc=0.313, device=mps, eta=1m24s, loss=1.9568, sps=47.8]
BC[stage1_datasets_L40_stepsweep/bc_baseline_none_steps20000_tr2]:  80%|████████  | 16097/20000 [05:36<01:16, 50.85it/s, acc=0.313, device=mps, eta=1m24s, loss=1.9568, sps=47.8]
BC[stage1_datasets_L40_stepsweep/bc_baseline_none_steps20000_tr2]:  81%|████████  | 16103/20000 [05:36<01:31, 42.65it/s, acc=0.313, device=mps, eta=1m24s, loss=1.9568, sps=47.8]
BC[stage1_datasets_L40_stepsweep/bc_baseline_none_steps20000_tr2]:  81%|████████  | 16109/20000 [05:36<01:23, 46.49it/s, acc=0.313, device=mps, eta=1m24s, loss=1.9568, sps=47.8]
BC[stage1_datasets_L40_stepsweep/bc_baseline_none_steps20000_tr2]:  81%|████████  | 16115/20000 [05:37<01:18, 49.34it/s, acc=0.313, device=mps, eta=1m24s, loss=1.9568, sps=47.8]
BC[stage1_datasets_L40_stepsweep/bc_baseline_none_steps20000_tr2]:  81%|████████  | 16121/20000 [05:37<01:37, 39.89it/s, acc=0.313, device=mps, eta=1m24s, loss=1.9568, sps=47.8]
BC[stage1_datasets_L40_stepsweep/bc_baseline_none_steps20000_tr2]:  81%|████████  | 16129/20000 [05:37<01:22, 47.20it/s, acc=0.313, device=mps, eta=1m24s, loss=1.9568, sps=47.8]
BC[stage1_datasets_L40_stepsweep/bc_baseline_none_steps20000_tr2]:  81%|████████  | 16135/20000 [05:37<01:18, 49.27it/s, acc=0.313, device=mps, eta=1m24s, loss=1.9568, sps=47.8]
BC[stage1_datasets_L40_stepsweep/bc_baseline_none_steps20000_tr2]:  81%|████████  | 16141/20000 [05:37<01:34, 40.65it/s, acc=0.313, device=mps, eta=1m24s, loss=1.9568, sps=47.8]
BC[stage1_datasets_L40_stepsweep/bc_baseline_none_steps20000_tr2]:  81%|████████  | 16149/20000 [05:37<01:19, 48.35it/s, acc=0.313, device=mps, eta=1m24s, loss=1.9568, sps=47.8]
BC[stage1_datasets_L40_stepsweep/bc_baseline_none_steps20000_tr2]:  81%|████████  | 16157/20000 [05:37<01:10, 54.31it/s, acc=0.313, device=mps, eta=1m24s, loss=1.9568, sps=47.8]
BC[stage1_datasets_L40_stepsweep/bc_baseline_none_steps20000_tr2]:  81%|████████  | 16163/20000 [05:38<01:24, 45.52it/s, acc=0.313, device=mps, eta=1m24s, loss=1.9568, sps=47.8]
BC[stage1_datasets_L40_stepsweep/bc_baseline_none_steps20000_tr2]:  81%|████████  | 16169/20000 [05:38<01:19, 48.46it/s, acc=0.313, device=mps, eta=1m24s, loss=1.9568, sps=47.8]
BC[stage1_datasets_L40_stepsweep/bc_baseline_none_steps20000_tr2]:  81%|████████  | 16175/20000 [05:38<01:15, 50.37it/s, acc=0.313, device=mps, eta=1m24s, loss=1.9568, sps=47.8]
BC[stage1_datasets_L40_stepsweep/bc_baseline_none_steps20000_tr2]:  81%|████████  | 16181/20000 [05:38<01:35, 39.90it/s, acc=0.313, device=mps, eta=1m24s, loss=1.9568, sps=47.8]
BC[stage1_datasets_L40_stepsweep/bc_baseline_none_steps20000_tr2]:  81%|████████  | 16187/20000 [05:38<01:26, 44.10it/s, acc=0.313, device=mps, eta=1m24s, loss=1.9568, sps=47.8]
BC[stage1_datasets_L40_stepsweep/bc_baseline_none_steps20000_tr2]:  81%|████████  | 16193/20000 [05:38<01:19, 47.68it/s, acc=0.313, device=mps, eta=1m24s, loss=1.9568, sps=47.8]
BC[stage1_datasets_L40_stepsweep/bc_baseline_none_steps20000_tr2]:  81%|████████  | 16193/20000 [05:38<01:19, 47.68it/s, acc=0.316, device=mps, eta=1m19s, loss=1.9484, sps=47.8]
BC[stage1_datasets_L40_stepsweep/bc_baseline_none_steps20000_tr2]:  81%|████████  | 16200/20000 [05:38<01:11, 53.13it/s, acc=0.316, device=mps, eta=1m19s, loss=1.9484, sps=47.8]
BC[stage1_datasets_L40_stepsweep/bc_baseline_none_steps20000_tr2]:  81%|████████  | 16206/20000 [05:39<01:27, 43.44it/s, acc=0.316, device=mps, eta=1m19s, loss=1.9484, sps=47.8]
BC[stage1_datasets_L40_stepsweep/bc_baseline_none_steps20000_tr2]:  81%|████████  | 16213/20000 [05:39<01:17, 48.89it/s, acc=0.316, device=mps, eta=1m19s, loss=1.9484, sps=47.8]
BC[stage1_datasets_L40_stepsweep/bc_baseline_none_steps20000_tr2]:  81%|████████  | 16221/20000 [05:39<01:26, 43.84it/s, acc=0.316, device=mps, eta=1m19s, loss=1.9484, sps=47.8]
BC[stage1_datasets_L40_stepsweep/bc_baseline_none_steps20000_tr2]:  81%|████████  | 16229/20000 [05:39<01:14, 50.63it/s, acc=0.316, device=mps, eta=1m19s, loss=1.9484, sps=47.8]
BC[stage1_datasets_L40_stepsweep/bc_baseline_none_steps20000_tr2]:  81%|████████  | 16237/20000 [05:39<01:06, 56.22it/s, acc=0.316, device=mps, eta=1m19s, loss=1.9484, sps=47.8]
BC[stage1_datasets_L40_stepsweep/bc_baseline_none_steps20000_tr2]:  81%|████████  | 16244/20000 [05:39<01:20, 46.86it/s, acc=0.316, device=mps, eta=1m19s, loss=1.9484, sps=47.8]
BC[stage1_datasets_L40_stepsweep/bc_baseline_none_steps20000_tr2]:  81%|████████▏ | 16252/20000 [05:39<01:10, 53.05it/s, acc=0.316, device=mps, eta=1m19s, loss=1.9484, sps=47.8]
BC[stage1_datasets_L40_stepsweep/bc_baseline_none_steps20000_tr2]:  81%|████████▏ | 16260/20000 [05:39<01:03, 58.99it/s, acc=0.316, device=mps, eta=1m19s, loss=1.9484, sps=47.8]
BC[stage1_datasets_L40_stepsweep/bc_baseline_none_steps20000_tr2]:  81%|████████▏ | 16267/20000 [05:40<01:17, 48.01it/s, acc=0.316, device=mps, eta=1m19s, loss=1.9484, sps=47.8]
BC[stage1_datasets_L40_stepsweep/bc_baseline_none_steps20000_tr2]:  81%|████████▏ | 16274/20000 [05:40<01:13, 51.04it/s, acc=0.316, device=mps, eta=1m19s, loss=1.9484, sps=47.8]
BC[stage1_datasets_L40_stepsweep/bc_baseline_none_steps20000_tr2]:  81%|████████▏ | 16281/20000 [05:40<01:28, 42.20it/s, acc=0.316, device=mps, eta=1m19s, loss=1.9484, sps=47.8]
BC[stage1_datasets_L40_stepsweep/bc_baseline_none_steps20000_tr2]:  81%|████████▏ | 16289/20000 [05:40<01:15, 49.10it/s, acc=0.316, device=mps, eta=1m19s, loss=1.9484, sps=47.8]
BC[stage1_datasets_L40_stepsweep/bc_baseline_none_steps20000_tr2]:  81%|████████▏ | 16297/20000 [05:40<01:07, 54.83it/s, acc=0.316, device=mps, eta=1m19s, loss=1.9484, sps=47.8]
BC[stage1_datasets_L40_stepsweep/bc_baseline_none_steps20000_tr2]:  82%|████████▏ | 16304/20000 [05:40<01:19, 46.43it/s, acc=0.316, device=mps, eta=1m19s, loss=1.9484, sps=47.8]
BC[stage1_datasets_L40_stepsweep/bc_baseline_none_steps20000_tr2]:  82%|████████▏ | 16312/20000 [05:41<01:10, 52.67it/s, acc=0.316, device=mps, eta=1m19s, loss=1.9484, sps=47.8]
BC[stage1_datasets_L40_stepsweep/bc_baseline_none_steps20000_tr2]:  82%|████████▏ | 16320/20000 [05:41<01:03, 58.39it/s, acc=0.316, device=mps, eta=1m19s, loss=1.9484, sps=47.8]
BC[stage1_datasets_L40_stepsweep/bc_baseline_none_steps20000_tr2]:  82%|████████▏ | 16327/20000 [05:41<01:18, 46.72it/s, acc=0.316, device=mps, eta=1m19s, loss=1.9484, sps=47.8]
BC[stage1_datasets_L40_stepsweep/bc_baseline_none_steps20000_tr2]:  82%|████████▏ | 16333/20000 [05:41<01:14, 48.99it/s, acc=0.316, device=mps, eta=1m19s, loss=1.9484, sps=47.8]
BC[stage1_datasets_L40_stepsweep/bc_baseline_none_steps20000_tr2]:  82%|████████▏ | 16339/20000 [05:41<01:11, 51.19it/s, acc=0.316, device=mps, eta=1m19s, loss=1.9484, sps=47.8]
BC[stage1_datasets_L40_stepsweep/bc_baseline_none_steps20000_tr2]:  82%|████████▏ | 16345/20000 [05:41<01:24, 43.02it/s, acc=0.316, device=mps, eta=1m19s, loss=1.9484, sps=47.8]
BC[stage1_datasets_L40_stepsweep/bc_baseline_none_steps20000_tr2]:  82%|████████▏ | 16353/20000 [05:41<01:12, 50.20it/s, acc=0.316, device=mps, eta=1m19s, loss=1.9484, sps=47.8]
BC[stage1_datasets_L40_stepsweep/bc_baseline_none_steps20000_tr2]:  82%|████████▏ | 16361/20000 [05:42<01:22, 44.27it/s, acc=0.316, device=mps, eta=1m19s, loss=1.9484, sps=47.8]
BC[stage1_datasets_L40_stepsweep/bc_baseline_none_steps20000_tr2]:  82%|████████▏ | 16369/20000 [05:42<01:11, 50.75it/s, acc=0.316, device=mps, eta=1m19s, loss=1.9484, sps=47.8]
BC[stage1_datasets_L40_stepsweep/bc_baseline_none_steps20000_tr2]:  82%|████████▏ | 16377/20000 [05:42<01:04, 56.53it/s, acc=0.316, device=mps, eta=1m19s, loss=1.9484, sps=47.8]
BC[stage1_datasets_L40_stepsweep/bc_baseline_none_steps20000_tr2]:  82%|████████▏ | 16384/20000 [05:42<01:16, 47.48it/s, acc=0.316, device=mps, eta=1m19s, loss=1.9484, sps=47.8]
BC[stage1_datasets_L40_stepsweep/bc_baseline_none_steps20000_tr2]:  82%|████████▏ | 16392/20000 [05:42<01:07, 53.33it/s, acc=0.316, device=mps, eta=1m19s, loss=1.9484, sps=47.8]
BC[stage1_datasets_L40_stepsweep/bc_baseline_none_steps20000_tr2]:  82%|████████▏ | 16392/20000 [05:42<01:07, 53.33it/s, acc=0.315, device=mps, eta=1m15s, loss=1.9520, sps=47.8]
BC[stage1_datasets_L40_stepsweep/bc_baseline_none_steps20000_tr2]:  82%|████████▏ | 16400/20000 [05:42<01:01, 58.90it/s, acc=0.315, device=mps, eta=1m15s, loss=1.9520, sps=47.8]
BC[stage1_datasets_L40_stepsweep/bc_baseline_none_steps20000_tr2]:  82%|████████▏ | 16407/20000 [05:43<01:16, 47.03it/s, acc=0.315, device=mps, eta=1m15s, loss=1.9520, sps=47.8]
BC[stage1_datasets_L40_stepsweep/bc_baseline_none_steps20000_tr2]:  82%|████████▏ | 16413/20000 [05:43<01:12, 49.30it/s, acc=0.315, device=mps, eta=1m15s, loss=1.9520, sps=47.8]
BC[stage1_datasets_L40_stepsweep/bc_baseline_none_steps20000_tr2]:  82%|████████▏ | 16419/20000 [05:43<01:10, 50.82it/s, acc=0.315, device=mps, eta=1m15s, loss=1.9520, sps=47.8]
BC[stage1_datasets_L40_stepsweep/bc_baseline_none_steps20000_tr2]:  82%|████████▏ | 16425/20000 [05:43<01:24, 42.34it/s, acc=0.315, device=mps, eta=1m15s, loss=1.9520, sps=47.8]
BC[stage1_datasets_L40_stepsweep/bc_baseline_none_steps20000_tr2]:  82%|████████▏ | 16430/20000 [05:43<01:22, 43.38it/s, acc=0.315, device=mps, eta=1m15s, loss=1.9520, sps=47.8]
BC[stage1_datasets_L40_stepsweep/bc_baseline_none_steps20000_tr2]:  82%|████████▏ | 16436/20000 [05:43<01:16, 46.50it/s, acc=0.315, device=mps, eta=1m15s, loss=1.9520, sps=47.8]
BC[stage1_datasets_L40_stepsweep/bc_baseline_none_steps20000_tr2]:  82%|████████▏ | 16441/20000 [05:43<01:34, 37.84it/s, acc=0.315, device=mps, eta=1m15s, loss=1.9520, sps=47.8]
BC[stage1_datasets_L40_stepsweep/bc_baseline_none_steps20000_tr2]:  82%|████████▏ | 16449/20000 [05:43<01:18, 45.12it/s, acc=0.315, device=mps, eta=1m15s, loss=1.9520, sps=47.8]
BC[stage1_datasets_L40_stepsweep/bc_baseline_none_steps20000_tr2]:  82%|████████▏ | 16455/20000 [05:44<01:15, 46.92it/s, acc=0.315, device=mps, eta=1m15s, loss=1.9520, sps=47.8]
BC[stage1_datasets_L40_stepsweep/bc_baseline_none_steps20000_tr2]:  82%|████████▏ | 16461/20000 [05:44<01:30, 39.07it/s, acc=0.315, device=mps, eta=1m15s, loss=1.9520, sps=47.8]
BC[stage1_datasets_L40_stepsweep/bc_baseline_none_steps20000_tr2]:  82%|████████▏ | 16468/20000 [05:44<01:20, 43.98it/s, acc=0.315, device=mps, eta=1m15s, loss=1.9520, sps=47.8]
BC[stage1_datasets_L40_stepsweep/bc_baseline_none_steps20000_tr2]:  82%|████████▏ | 16474/20000 [05:44<01:14, 47.60it/s, acc=0.315, device=mps, eta=1m15s, loss=1.9520, sps=47.8]
BC[stage1_datasets_L40_stepsweep/bc_baseline_none_steps20000_tr2]:  82%|████████▏ | 16481/20000 [05:44<01:25, 41.09it/s, acc=0.315, device=mps, eta=1m15s, loss=1.9520, sps=47.8]
BC[stage1_datasets_L40_stepsweep/bc_baseline_none_steps20000_tr2]:  82%|████████▏ | 16489/20000 [05:44<01:12, 48.56it/s, acc=0.315, device=mps, eta=1m15s, loss=1.9520, sps=47.8]
BC[stage1_datasets_L40_stepsweep/bc_baseline_none_steps20000_tr2]:  82%|████████▏ | 16497/20000 [05:44<01:03, 55.09it/s, acc=0.315, device=mps, eta=1m15s, loss=1.9520, sps=47.8]
BC[stage1_datasets_L40_stepsweep/bc_baseline_none_steps20000_tr2]:  83%|████████▎ | 16504/20000 [05:45<01:14, 46.95it/s, acc=0.315, device=mps, eta=1m15s, loss=1.9520, sps=47.8]
BC[stage1_datasets_L40_stepsweep/bc_baseline_none_steps20000_tr2]:  83%|████████▎ | 16511/20000 [05:45<01:08, 50.98it/s, acc=0.315, device=mps, eta=1m15s, loss=1.9520, sps=47.8]
BC[stage1_datasets_L40_stepsweep/bc_baseline_none_steps20000_tr2]:  83%|████████▎ | 16518/20000 [05:45<01:05, 53.34it/s, acc=0.315, device=mps, eta=1m15s, loss=1.9520, sps=47.8]
BC[stage1_datasets_L40_stepsweep/bc_baseline_none_steps20000_tr2]:  83%|████████▎ | 16524/20000 [05:45<01:20, 43.05it/s, acc=0.315, device=mps, eta=1m15s, loss=1.9520, sps=47.8]
BC[stage1_datasets_L40_stepsweep/bc_baseline_none_steps20000_tr2]:  83%|████████▎ | 16530/20000 [05:45<01:15, 45.78it/s, acc=0.315, device=mps, eta=1m15s, loss=1.9520, sps=47.8]
BC[stage1_datasets_L40_stepsweep/bc_baseline_none_steps20000_tr2]:  83%|████████▎ | 16536/20000 [05:45<01:11, 48.74it/s, acc=0.315, device=mps, eta=1m15s, loss=1.9520, sps=47.8]
BC[stage1_datasets_L40_stepsweep/bc_baseline_none_steps20000_tr2]:  83%|████████▎ | 16542/20000 [05:46<01:25, 40.42it/s, acc=0.315, device=mps, eta=1m15s, loss=1.9520, sps=47.8]
BC[stage1_datasets_L40_stepsweep/bc_baseline_none_steps20000_tr2]:  83%|████████▎ | 16550/20000 [05:46<01:11, 48.18it/s, acc=0.315, device=mps, eta=1m15s, loss=1.9520, sps=47.8]
BC[stage1_datasets_L40_stepsweep/bc_baseline_none_steps20000_tr2]:  83%|████████▎ | 16558/20000 [05:46<01:03, 54.25it/s, acc=0.315, device=mps, eta=1m15s, loss=1.9520, sps=47.8]
BC[stage1_datasets_L40_stepsweep/bc_baseline_none_steps20000_tr2]:  83%|████████▎ | 16564/20000 [05:46<01:16, 45.05it/s, acc=0.315, device=mps, eta=1m15s, loss=1.9520, sps=47.8]
BC[stage1_datasets_L40_stepsweep/bc_baseline_none_steps20000_tr2]:  83%|████████▎ | 16570/20000 [05:46<01:11, 48.21it/s, acc=0.315, device=mps, eta=1m15s, loss=1.9520, sps=47.8]
BC[stage1_datasets_L40_stepsweep/bc_baseline_none_steps20000_tr2]:  83%|████████▎ | 16577/20000 [05:46<01:06, 51.42it/s, acc=0.315, device=mps, eta=1m15s, loss=1.9520, sps=47.8]
BC[stage1_datasets_L40_stepsweep/bc_baseline_none_steps20000_tr2]:  83%|████████▎ | 16583/20000 [05:46<01:21, 41.88it/s, acc=0.315, device=mps, eta=1m15s, loss=1.9520, sps=47.8]
BC[stage1_datasets_L40_stepsweep/bc_baseline_none_steps20000_tr2]:  83%|████████▎ | 16588/20000 [05:46<01:18, 43.24it/s, acc=0.315, device=mps, eta=1m15s, loss=1.9520, sps=47.8]
BC[stage1_datasets_L40_stepsweep/bc_baseline_none_steps20000_tr2]:  83%|████████▎ | 16593/20000 [05:47<01:16, 44.26it/s, acc=0.315, device=mps, eta=1m15s, loss=1.9520, sps=47.8]
BC[stage1_datasets_L40_stepsweep/bc_baseline_none_steps20000_tr2]:  83%|████████▎ | 16599/20000 [05:47<01:12, 46.91it/s, acc=0.315, device=mps, eta=1m15s, loss=1.9520, sps=47.8]
BC[stage1_datasets_L40_stepsweep/bc_baseline_none_steps20000_tr2]:  83%|████████▎ | 16599/20000 [05:47<01:12, 46.91it/s, acc=0.316, device=mps, eta=1m11s, loss=1.9546, sps=47.8]
BC[stage1_datasets_L40_stepsweep/bc_baseline_none_steps20000_tr2]:  83%|████████▎ | 16604/20000 [05:47<01:27, 38.80it/s, acc=0.316, device=mps, eta=1m11s, loss=1.9546, sps=47.8]
BC[stage1_datasets_L40_stepsweep/bc_baseline_none_steps20000_tr2]:  83%|████████▎ | 16610/20000 [05:47<01:19, 42.89it/s, acc=0.316, device=mps, eta=1m11s, loss=1.9546, sps=47.8]
BC[stage1_datasets_L40_stepsweep/bc_baseline_none_steps20000_tr2]:  83%|████████▎ | 16616/20000 [05:47<01:12, 46.68it/s, acc=0.316, device=mps, eta=1m11s, loss=1.9546, sps=47.8]
BC[stage1_datasets_L40_stepsweep/bc_baseline_none_steps20000_tr2]:  83%|████████▎ | 16621/20000 [05:47<01:29, 37.79it/s, acc=0.316, device=mps, eta=1m11s, loss=1.9546, sps=47.8]
BC[stage1_datasets_L40_stepsweep/bc_baseline_none_steps20000_tr2]:  83%|████████▎ | 16627/20000 [05:47<01:19, 42.47it/s, acc=0.316, device=mps, eta=1m11s, loss=1.9546, sps=47.8]
BC[stage1_datasets_L40_stepsweep/bc_baseline_none_steps20000_tr2]:  83%|████████▎ | 16633/20000 [05:48<01:14, 45.05it/s, acc=0.316, device=mps, eta=1m11s, loss=1.9546, sps=47.8]
BC[stage1_datasets_L40_stepsweep/bc_baseline_none_steps20000_tr2]:  83%|████████▎ | 16640/20000 [05:48<01:06, 50.50it/s, acc=0.316, device=mps, eta=1m11s, loss=1.9546, sps=47.8]
BC[stage1_datasets_L40_stepsweep/bc_baseline_none_steps20000_tr2]:  83%|████████▎ | 16646/20000 [05:48<01:20, 41.61it/s, acc=0.316, device=mps, eta=1m11s, loss=1.9546, sps=47.8]
BC[stage1_datasets_L40_stepsweep/bc_baseline_none_steps20000_tr2]:  83%|████████▎ | 16653/20000 [05:48<01:11, 47.01it/s, acc=0.316, device=mps, eta=1m11s, loss=1.9546, sps=47.8]
BC[stage1_datasets_L40_stepsweep/bc_baseline_none_steps20000_tr2]:  83%|████████▎ | 16661/20000 [05:48<01:20, 41.70it/s, acc=0.316, device=mps, eta=1m11s, loss=1.9546, sps=47.8]
BC[stage1_datasets_L40_stepsweep/bc_baseline_none_steps20000_tr2]:  83%|████████▎ | 16669/20000 [05:48<01:08, 48.83it/s, acc=0.316, device=mps, eta=1m11s, loss=1.9546, sps=47.8]
BC[stage1_datasets_L40_stepsweep/bc_baseline_none_steps20000_tr2]:  83%|████████▎ | 16677/20000 [05:48<00:59, 55.44it/s, acc=0.316, device=mps, eta=1m11s, loss=1.9546, sps=47.8]
BC[stage1_datasets_L40_stepsweep/bc_baseline_none_steps20000_tr2]:  83%|████████▎ | 16684/20000 [05:49<01:11, 46.57it/s, acc=0.316, device=mps, eta=1m11s, loss=1.9546, sps=47.8]
BC[stage1_datasets_L40_stepsweep/bc_baseline_none_steps20000_tr2]:  83%|████████▎ | 16692/20000 [05:49<01:02, 52.76it/s, acc=0.316, device=mps, eta=1m11s, loss=1.9546, sps=47.8]
BC[stage1_datasets_L40_stepsweep/bc_baseline_none_steps20000_tr2]:  84%|████████▎ | 16700/20000 [05:49<00:56, 58.12it/s, acc=0.316, device=mps, eta=1m11s, loss=1.9546, sps=47.8]
BC[stage1_datasets_L40_stepsweep/bc_baseline_none_steps20000_tr2]:  84%|████████▎ | 16707/20000 [05:49<01:10, 46.65it/s, acc=0.316, device=mps, eta=1m11s, loss=1.9546, sps=47.8]
BC[stage1_datasets_L40_stepsweep/bc_baseline_none_steps20000_tr2]:  84%|████████▎ | 16713/20000 [05:49<01:07, 48.44it/s, acc=0.316, device=mps, eta=1m11s, loss=1.9546, sps=47.8]
BC[stage1_datasets_L40_stepsweep/bc_baseline_none_steps20000_tr2]:  84%|████████▎ | 16719/20000 [05:49<01:05, 49.79it/s, acc=0.316, device=mps, eta=1m11s, loss=1.9546, sps=47.8]
BC[stage1_datasets_L40_stepsweep/bc_baseline_none_steps20000_tr2]:  84%|████████▎ | 16725/20000 [05:49<01:19, 41.08it/s, acc=0.316, device=mps, eta=1m11s, loss=1.9546, sps=47.8]
BC[stage1_datasets_L40_stepsweep/bc_baseline_none_steps20000_tr2]:  84%|████████▎ | 16732/20000 [05:50<01:11, 45.86it/s, acc=0.316, device=mps, eta=1m11s, loss=1.9546, sps=47.8]
BC[stage1_datasets_L40_stepsweep/bc_baseline_none_steps20000_tr2]:  84%|████████▎ | 16739/20000 [05:50<01:05, 49.81it/s, acc=0.316, device=mps, eta=1m11s, loss=1.9546, sps=47.8]
BC[stage1_datasets_L40_stepsweep/bc_baseline_none_steps20000_tr2]:  84%|████████▎ | 16745/20000 [05:50<01:17, 41.92it/s, acc=0.316, device=mps, eta=1m11s, loss=1.9546, sps=47.8]
BC[stage1_datasets_L40_stepsweep/bc_baseline_none_steps20000_tr2]:  84%|████████▍ | 16752/20000 [05:50<01:09, 46.40it/s, acc=0.316, device=mps, eta=1m11s, loss=1.9546, sps=47.8]
BC[stage1_datasets_L40_stepsweep/bc_baseline_none_steps20000_tr2]:  84%|████████▍ | 16759/20000 [05:50<01:04, 50.22it/s, acc=0.316, device=mps, eta=1m11s, loss=1.9546, sps=47.8]
BC[stage1_datasets_L40_stepsweep/bc_baseline_none_steps20000_tr2]:  84%|████████▍ | 16765/20000 [05:50<01:17, 41.91it/s, acc=0.316, device=mps, eta=1m11s, loss=1.9546, sps=47.8]
BC[stage1_datasets_L40_stepsweep/bc_baseline_none_steps20000_tr2]:  84%|████████▍ | 16771/20000 [05:50<01:11, 45.42it/s, acc=0.316, device=mps, eta=1m11s, loss=1.9546, sps=47.8]
BC[stage1_datasets_L40_stepsweep/bc_baseline_none_steps20000_tr2]:  84%|████████▍ | 16777/20000 [05:51<01:07, 47.90it/s, acc=0.316, device=mps, eta=1m11s, loss=1.9546, sps=47.8]
BC[stage1_datasets_L40_stepsweep/bc_baseline_none_steps20000_tr2]:  84%|████████▍ | 16783/20000 [05:51<01:22, 38.95it/s, acc=0.316, device=mps, eta=1m11s, loss=1.9546, sps=47.8]
BC[stage1_datasets_L40_stepsweep/bc_baseline_none_steps20000_tr2]:  84%|████████▍ | 16788/20000 [05:51<01:17, 41.19it/s, acc=0.316, device=mps, eta=1m11s, loss=1.9546, sps=47.8]
BC[stage1_datasets_L40_stepsweep/bc_baseline_none_steps20000_tr2]:  84%|████████▍ | 16795/20000 [05:51<01:08, 46.56it/s, acc=0.316, device=mps, eta=1m11s, loss=1.9546, sps=47.8]
BC[stage1_datasets_L40_stepsweep/bc_baseline_none_steps20000_tr2]:  84%|████████▍ | 16795/20000 [05:51<01:08, 46.56it/s, acc=0.318, device=mps, eta=1m07s, loss=1.9437, sps=47.8]
BC[stage1_datasets_L40_stepsweep/bc_baseline_none_steps20000_tr2]:  84%|████████▍ | 16801/20000 [05:51<01:18, 40.73it/s, acc=0.318, device=mps, eta=1m07s, loss=1.9437, sps=47.8]
BC[stage1_datasets_L40_stepsweep/bc_baseline_none_steps20000_tr2]:  84%|████████▍ | 16808/20000 [05:51<01:08, 46.92it/s, acc=0.318, device=mps, eta=1m07s, loss=1.9437, sps=47.8]
BC[stage1_datasets_L40_stepsweep/bc_baseline_none_steps20000_tr2]:  84%|████████▍ | 16816/20000 [05:51<00:59, 53.65it/s, acc=0.318, device=mps, eta=1m07s, loss=1.9437, sps=47.8]
BC[stage1_datasets_L40_stepsweep/bc_baseline_none_steps20000_tr2]:  84%|████████▍ | 16822/20000 [05:52<01:11, 44.48it/s, acc=0.318, device=mps, eta=1m07s, loss=1.9437, sps=47.8]
BC[stage1_datasets_L40_stepsweep/bc_baseline_none_steps20000_tr2]:  84%|████████▍ | 16830/20000 [05:52<01:01, 51.32it/s, acc=0.318, device=mps, eta=1m07s, loss=1.9437, sps=47.8]
BC[stage1_datasets_L40_stepsweep/bc_baseline_none_steps20000_tr2]:  84%|████████▍ | 16838/20000 [05:52<00:55, 56.63it/s, acc=0.318, device=mps, eta=1m07s, loss=1.9437, sps=47.8]
BC[stage1_datasets_L40_stepsweep/bc_baseline_none_steps20000_tr2]:  84%|████████▍ | 16845/20000 [05:52<01:06, 47.11it/s, acc=0.318, device=mps, eta=1m07s, loss=1.9437, sps=47.8]
BC[stage1_datasets_L40_stepsweep/bc_baseline_none_steps20000_tr2]:  84%|████████▍ | 16851/20000 [05:52<01:03, 49.88it/s, acc=0.318, device=mps, eta=1m07s, loss=1.9437, sps=47.8]
BC[stage1_datasets_L40_stepsweep/bc_baseline_none_steps20000_tr2]:  84%|████████▍ | 16857/20000 [05:52<01:00, 52.13it/s, acc=0.318, device=mps, eta=1m07s, loss=1.9437, sps=47.8]
BC[stage1_datasets_L40_stepsweep/bc_baseline_none_steps20000_tr2]:  84%|████████▍ | 16863/20000 [05:52<01:12, 43.19it/s, acc=0.318, device=mps, eta=1m07s, loss=1.9437, sps=47.8]
BC[stage1_datasets_L40_stepsweep/bc_baseline_none_steps20000_tr2]:  84%|████████▍ | 16871/20000 [05:53<01:01, 50.68it/s, acc=0.318, device=mps, eta=1m07s, loss=1.9437, sps=47.8]
BC[stage1_datasets_L40_stepsweep/bc_baseline_none_steps20000_tr2]:  84%|████████▍ | 16879/20000 [05:53<00:55, 56.19it/s, acc=0.318, device=mps, eta=1m07s, loss=1.9437, sps=47.8]
BC[stage1_datasets_L40_stepsweep/bc_baseline_none_steps20000_tr2]:  84%|████████▍ | 16886/20000 [05:53<01:06, 46.60it/s, acc=0.318, device=mps, eta=1m07s, loss=1.9437, sps=47.8]
BC[stage1_datasets_L40_stepsweep/bc_baseline_none_steps20000_tr2]:  84%|████████▍ | 16892/20000 [05:53<01:03, 49.00it/s, acc=0.318, device=mps, eta=1m07s, loss=1.9437, sps=47.8]
BC[stage1_datasets_L40_stepsweep/bc_baseline_none_steps20000_tr2]:  84%|████████▍ | 16898/20000 [05:53<01:01, 50.33it/s, acc=0.318, device=mps, eta=1m07s, loss=1.9437, sps=47.8]
BC[stage1_datasets_L40_stepsweep/bc_baseline_none_steps20000_tr2]:  85%|████████▍ | 16904/20000 [05:53<01:16, 40.71it/s, acc=0.318, device=mps, eta=1m07s, loss=1.9437, sps=47.8]
BC[stage1_datasets_L40_stepsweep/bc_baseline_none_steps20000_tr2]:  85%|████████▍ | 16910/20000 [05:53<01:10, 44.03it/s, acc=0.318, device=mps, eta=1m07s, loss=1.9437, sps=47.8]
BC[stage1_datasets_L40_stepsweep/bc_baseline_none_steps20000_tr2]:  85%|████████▍ | 16917/20000 [05:53<01:03, 48.71it/s, acc=0.318, device=mps, eta=1m07s, loss=1.9437, sps=47.8]
BC[stage1_datasets_L40_stepsweep/bc_baseline_none_steps20000_tr2]:  85%|████████▍ | 16923/20000 [05:54<01:14, 41.46it/s, acc=0.318, device=mps, eta=1m07s, loss=1.9437, sps=47.8]
BC[stage1_datasets_L40_stepsweep/bc_baseline_none_steps20000_tr2]:  85%|████████▍ | 16929/20000 [05:54<01:07, 45.47it/s, acc=0.318, device=mps, eta=1m07s, loss=1.9437, sps=47.8]
BC[stage1_datasets_L40_stepsweep/bc_baseline_none_steps20000_tr2]:  85%|████████▍ | 16935/20000 [05:54<01:03, 48.53it/s, acc=0.318, device=mps, eta=1m07s, loss=1.9437, sps=47.8]
BC[stage1_datasets_L40_stepsweep/bc_baseline_none_steps20000_tr2]:  85%|████████▍ | 16941/20000 [05:54<01:17, 39.70it/s, acc=0.318, device=mps, eta=1m07s, loss=1.9437, sps=47.8]
BC[stage1_datasets_L40_stepsweep/bc_baseline_none_steps20000_tr2]:  85%|████████▍ | 16949/20000 [05:54<01:04, 47.49it/s, acc=0.318, device=mps, eta=1m07s, loss=1.9437, sps=47.8]
BC[stage1_datasets_L40_stepsweep/bc_baseline_none_steps20000_tr2]:  85%|████████▍ | 16957/20000 [05:54<00:56, 53.97it/s, acc=0.318, device=mps, eta=1m07s, loss=1.9437, sps=47.8]
BC[stage1_datasets_L40_stepsweep/bc_baseline_none_steps20000_tr2]:  85%|████████▍ | 16963/20000 [05:55<01:07, 45.10it/s, acc=0.318, device=mps, eta=1m07s, loss=1.9437, sps=47.8]
BC[stage1_datasets_L40_stepsweep/bc_baseline_none_steps20000_tr2]:  85%|████████▍ | 16969/20000 [05:55<01:03, 47.64it/s, acc=0.318, device=mps, eta=1m07s, loss=1.9437, sps=47.8]
BC[stage1_datasets_L40_stepsweep/bc_baseline_none_steps20000_tr2]:  85%|████████▍ | 16975/20000 [05:55<01:02, 48.79it/s, acc=0.318, device=mps, eta=1m07s, loss=1.9437, sps=47.8]
BC[stage1_datasets_L40_stepsweep/bc_baseline_none_steps20000_tr2]:  85%|████████▍ | 16981/20000 [05:55<01:16, 39.25it/s, acc=0.318, device=mps, eta=1m07s, loss=1.9437, sps=47.8]
BC[stage1_datasets_L40_stepsweep/bc_baseline_none_steps20000_tr2]:  85%|████████▍ | 16987/20000 [05:55<01:09, 43.50it/s, acc=0.318, device=mps, eta=1m07s, loss=1.9437, sps=47.8]
BC[stage1_datasets_L40_stepsweep/bc_baseline_none_steps20000_tr2]:  85%|████████▍ | 16992/20000 [05:55<01:09, 43.28it/s, acc=0.318, device=mps, eta=1m07s, loss=1.9437, sps=47.8]
BC[stage1_datasets_L40_stepsweep/bc_baseline_none_steps20000_tr2]:  85%|████████▍ | 16998/20000 [05:55<01:05, 46.03it/s, acc=0.318, device=mps, eta=1m07s, loss=1.9437, sps=47.8]
BC[stage1_datasets_L40_stepsweep/bc_baseline_none_steps20000_tr2]:  85%|████████▍ | 16998/20000 [05:55<01:05, 46.03it/s, acc=0.318, device=mps, eta=1m03s, loss=1.9474, sps=47.8]
BC[stage1_datasets_L40_stepsweep/bc_baseline_none_steps20000_tr2]:  85%|████████▌ | 17003/20000 [05:55<01:18, 37.94it/s, acc=0.318, device=mps, eta=1m03s, loss=1.9474, sps=47.8]
BC[stage1_datasets_L40_stepsweep/bc_baseline_none_steps20000_tr2]:  85%|████████▌ | 17009/20000 [05:56<01:11, 41.84it/s, acc=0.318, device=mps, eta=1m03s, loss=1.9474, sps=47.8]
BC[stage1_datasets_L40_stepsweep/bc_baseline_none_steps20000_tr2]:  85%|████████▌ | 17015/20000 [05:56<01:05, 45.55it/s, acc=0.318, device=mps, eta=1m03s, loss=1.9474, sps=47.8]
BC[stage1_datasets_L40_stepsweep/bc_baseline_none_steps20000_tr2]:  85%|████████▌ | 17021/20000 [05:56<01:19, 37.35it/s, acc=0.318, device=mps, eta=1m03s, loss=1.9474, sps=47.8]
BC[stage1_datasets_L40_stepsweep/bc_baseline_none_steps20000_tr2]:  85%|████████▌ | 17027/20000 [05:56<01:10, 42.04it/s, acc=0.318, device=mps, eta=1m03s, loss=1.9474, sps=47.8]
BC[stage1_datasets_L40_stepsweep/bc_baseline_none_steps20000_tr2]:  85%|████████▌ | 17033/20000 [05:56<01:04, 45.84it/s, acc=0.318, device=mps, eta=1m03s, loss=1.9474, sps=47.8]
BC[stage1_datasets_L40_stepsweep/bc_baseline_none_steps20000_tr2]:  85%|████████▌ | 17040/20000 [05:56<00:57, 51.46it/s, acc=0.318, device=mps, eta=1m03s, loss=1.9474, sps=47.8]
BC[stage1_datasets_L40_stepsweep/bc_baseline_none_steps20000_tr2]:  85%|████████▌ | 17046/20000 [05:56<01:09, 42.43it/s, acc=0.318, device=mps, eta=1m03s, loss=1.9474, sps=47.8]
BC[stage1_datasets_L40_stepsweep/bc_baseline_none_steps20000_tr2]:  85%|████████▌ | 17053/20000 [05:57<01:01, 47.82it/s, acc=0.318, device=mps, eta=1m03s, loss=1.9474, sps=47.8]
BC[stage1_datasets_L40_stepsweep/bc_baseline_none_steps20000_tr2]:  85%|████████▌ | 17060/20000 [05:57<00:55, 53.07it/s, acc=0.318, device=mps, eta=1m03s, loss=1.9474, sps=47.8]
BC[stage1_datasets_L40_stepsweep/bc_baseline_none_steps20000_tr2]:  85%|████████▌ | 17066/20000 [05:57<01:09, 42.50it/s, acc=0.318, device=mps, eta=1m03s, loss=1.9474, sps=47.8]
BC[stage1_datasets_L40_stepsweep/bc_baseline_none_steps20000_tr2]:  85%|████████▌ | 17072/20000 [05:57<01:03, 46.05it/s, acc=0.318, device=mps, eta=1m03s, loss=1.9474, sps=47.8]
BC[stage1_datasets_L40_stepsweep/bc_baseline_none_steps20000_tr2]:  85%|████████▌ | 17078/20000 [05:57<01:00, 48.58it/s, acc=0.318, device=mps, eta=1m03s, loss=1.9474, sps=47.8]
BC[stage1_datasets_L40_stepsweep/bc_baseline_none_steps20000_tr2]:  85%|████████▌ | 17084/20000 [05:57<01:11, 40.92it/s, acc=0.318, device=mps, eta=1m03s, loss=1.9474, sps=47.8]
BC[stage1_datasets_L40_stepsweep/bc_baseline_none_steps20000_tr2]:  85%|████████▌ | 17092/20000 [05:57<00:59, 48.81it/s, acc=0.318, device=mps, eta=1m03s, loss=1.9474, sps=47.8]
BC[stage1_datasets_L40_stepsweep/bc_baseline_none_steps20000_tr2]:  86%|████████▌ | 17100/20000 [05:57<00:51, 56.03it/s, acc=0.318, device=mps, eta=1m03s, loss=1.9474, sps=47.8]
BC[stage1_datasets_L40_stepsweep/bc_baseline_none_steps20000_tr2]:  86%|████████▌ | 17107/20000 [05:58<01:03, 45.72it/s, acc=0.318, device=mps, eta=1m03s, loss=1.9474, sps=47.8]
BC[stage1_datasets_L40_stepsweep/bc_baseline_none_steps20000_tr2]:  86%|████████▌ | 17113/20000 [05:58<01:00, 47.97it/s, acc=0.318, device=mps, eta=1m03s, loss=1.9474, sps=47.8]
BC[stage1_datasets_L40_stepsweep/bc_baseline_none_steps20000_tr2]:  86%|████████▌ | 17119/20000 [05:58<00:59, 48.58it/s, acc=0.318, device=mps, eta=1m03s, loss=1.9474, sps=47.8]
BC[stage1_datasets_L40_stepsweep/bc_baseline_none_steps20000_tr2]:  86%|████████▌ | 17125/20000 [05:58<01:10, 40.62it/s, acc=0.318, device=mps, eta=1m03s, loss=1.9474, sps=47.8]
BC[stage1_datasets_L40_stepsweep/bc_baseline_none_steps20000_tr2]:  86%|████████▌ | 17131/20000 [05:58<01:06, 43.02it/s, acc=0.318, device=mps, eta=1m03s, loss=1.9474, sps=47.8]
BC[stage1_datasets_L40_stepsweep/bc_baseline_none_steps20000_tr2]:  86%|████████▌ | 17137/20000 [05:58<01:02, 45.81it/s, acc=0.318, device=mps, eta=1m03s, loss=1.9474, sps=47.8]
BC[stage1_datasets_L40_stepsweep/bc_baseline_none_steps20000_tr2]:  86%|████████▌ | 17142/20000 [05:59<01:14, 38.18it/s, acc=0.318, device=mps, eta=1m03s, loss=1.9474, sps=47.8]
BC[stage1_datasets_L40_stepsweep/bc_baseline_none_steps20000_tr2]:  86%|████████▌ | 17150/20000 [05:59<01:00, 46.99it/s, acc=0.318, device=mps, eta=1m03s, loss=1.9474, sps=47.8]
BC[stage1_datasets_L40_stepsweep/bc_baseline_none_steps20000_tr2]:  86%|████████▌ | 17158/20000 [05:59<00:51, 54.67it/s, acc=0.318, device=mps, eta=1m03s, loss=1.9474, sps=47.8]
BC[stage1_datasets_L40_stepsweep/bc_baseline_none_steps20000_tr2]:  86%|████████▌ | 17165/20000 [05:59<01:00, 47.05it/s, acc=0.318, device=mps, eta=1m03s, loss=1.9474, sps=47.8]
BC[stage1_datasets_L40_stepsweep/bc_baseline_none_steps20000_tr2]:  86%|████████▌ | 17173/20000 [05:59<00:53, 52.82it/s, acc=0.318, device=mps, eta=1m03s, loss=1.9474, sps=47.8]
BC[stage1_datasets_L40_stepsweep/bc_baseline_none_steps20000_tr2]:  86%|████████▌ | 17181/20000 [05:59<01:02, 44.96it/s, acc=0.318, device=mps, eta=1m03s, loss=1.9474, sps=47.8]
BC[stage1_datasets_L40_stepsweep/bc_baseline_none_steps20000_tr2]:  86%|████████▌ | 17187/20000 [05:59<00:59, 47.59it/s, acc=0.318, device=mps, eta=1m03s, loss=1.9474, sps=47.8]
BC[stage1_datasets_L40_stepsweep/bc_baseline_none_steps20000_tr2]:  86%|████████▌ | 17193/20000 [06:00<00:57, 48.96it/s, acc=0.318, device=mps, eta=1m03s, loss=1.9474, sps=47.8]
BC[stage1_datasets_L40_stepsweep/bc_baseline_none_steps20000_tr2]:  86%|████████▌ | 17193/20000 [06:00<00:57, 48.96it/s, acc=0.316, device=mps, eta=59s, loss=1.9475, sps=47.8]  
BC[stage1_datasets_L40_stepsweep/bc_baseline_none_steps20000_tr2]:  86%|████████▌ | 17200/20000 [06:00<00:52, 53.21it/s, acc=0.316, device=mps, eta=59s, loss=1.9475, sps=47.8]
BC[stage1_datasets_L40_stepsweep/bc_baseline_none_steps20000_tr2]:  86%|████████▌ | 17206/20000 [06:00<01:04, 43.47it/s, acc=0.316, device=mps, eta=59s, loss=1.9475, sps=47.8]
BC[stage1_datasets_L40_stepsweep/bc_baseline_none_steps20000_tr2]:  86%|████████▌ | 17213/20000 [06:00<00:57, 48.18it/s, acc=0.316, device=mps, eta=59s, loss=1.9475, sps=47.8]
BC[stage1_datasets_L40_stepsweep/bc_baseline_none_steps20000_tr2]:  86%|████████▌ | 17220/20000 [06:00<00:52, 53.03it/s, acc=0.316, device=mps, eta=59s, loss=1.9475, sps=47.8]
BC[stage1_datasets_L40_stepsweep/bc_baseline_none_steps20000_tr2]:  86%|████████▌ | 17226/20000 [06:00<01:04, 42.98it/s, acc=0.316, device=mps, eta=59s, loss=1.9475, sps=47.8]
BC[stage1_datasets_L40_stepsweep/bc_baseline_none_steps20000_tr2]:  86%|████████▌ | 17232/20000 [06:00<01:00, 46.01it/s, acc=0.316, device=mps, eta=59s, loss=1.9475, sps=47.8]
BC[stage1_datasets_L40_stepsweep/bc_baseline_none_steps20000_tr2]:  86%|████████▌ | 17238/20000 [06:00<00:57, 48.04it/s, acc=0.316, device=mps, eta=59s, loss=1.9475, sps=47.8]
BC[stage1_datasets_L40_stepsweep/bc_baseline_none_steps20000_tr2]:  86%|████████▌ | 17244/20000 [06:01<01:08, 40.47it/s, acc=0.316, device=mps, eta=59s, loss=1.9475, sps=47.8]
BC[stage1_datasets_L40_stepsweep/bc_baseline_none_steps20000_tr2]:  86%|████████▋ | 17250/20000 [06:01<01:03, 43.49it/s, acc=0.316, device=mps, eta=59s, loss=1.9475, sps=47.8]
BC[stage1_datasets_L40_stepsweep/bc_baseline_none_steps20000_tr2]:  86%|████████▋ | 17256/20000 [06:01<00:59, 46.10it/s, acc=0.316, device=mps, eta=59s, loss=1.9475, sps=47.8]
BC[stage1_datasets_L40_stepsweep/bc_baseline_none_steps20000_tr2]:  86%|████████▋ | 17261/20000 [06:01<01:13, 37.51it/s, acc=0.316, device=mps, eta=59s, loss=1.9475, sps=47.8]
BC[stage1_datasets_L40_stepsweep/bc_baseline_none_steps20000_tr2]:  86%|████████▋ | 17269/20000 [06:01<00:59, 46.17it/s, acc=0.316, device=mps, eta=59s, loss=1.9475, sps=47.8]
BC[stage1_datasets_L40_stepsweep/bc_baseline_none_steps20000_tr2]:  86%|████████▋ | 17277/20000 [06:01<00:51, 53.00it/s, acc=0.316, device=mps, eta=59s, loss=1.9475, sps=47.8]
BC[stage1_datasets_L40_stepsweep/bc_baseline_none_steps20000_tr2]:  86%|████████▋ | 17283/20000 [06:02<01:01, 44.22it/s, acc=0.316, device=mps, eta=59s, loss=1.9475, sps=47.8]
BC[stage1_datasets_L40_stepsweep/bc_baseline_none_steps20000_tr2]:  86%|████████▋ | 17291/20000 [06:02<00:52, 51.20it/s, acc=0.316, device=mps, eta=59s, loss=1.9475, sps=47.8]
BC[stage1_datasets_L40_stepsweep/bc_baseline_none_steps20000_tr2]:  86%|████████▋ | 17299/20000 [06:02<00:47, 56.78it/s, acc=0.316, device=mps, eta=59s, loss=1.9475, sps=47.8]
BC[stage1_datasets_L40_stepsweep/bc_baseline_none_steps20000_tr2]:  87%|████████▋ | 17306/20000 [06:02<00:57, 46.91it/s, acc=0.316, device=mps, eta=59s, loss=1.9475, sps=47.8]
BC[stage1_datasets_L40_stepsweep/bc_baseline_none_steps20000_tr2]:  87%|████████▋ | 17312/20000 [06:02<00:54, 49.44it/s, acc=0.316, device=mps, eta=59s, loss=1.9475, sps=47.8]
BC[stage1_datasets_L40_stepsweep/bc_baseline_none_steps20000_tr2]:  87%|████████▋ | 17319/20000 [06:02<00:51, 52.36it/s, acc=0.316, device=mps, eta=59s, loss=1.9475, sps=47.8]
BC[stage1_datasets_L40_stepsweep/bc_baseline_none_steps20000_tr2]:  87%|████████▋ | 17325/20000 [06:02<01:02, 43.13it/s, acc=0.316, device=mps, eta=59s, loss=1.9475, sps=47.8]
BC[stage1_datasets_L40_stepsweep/bc_baseline_none_steps20000_tr2]:  87%|████████▋ | 17331/20000 [06:02<00:58, 46.00it/s, acc=0.316, device=mps, eta=59s, loss=1.9475, sps=47.8]
BC[stage1_datasets_L40_stepsweep/bc_baseline_none_steps20000_tr2]:  87%|████████▋ | 17337/20000 [06:03<00:54, 48.47it/s, acc=0.316, device=mps, eta=59s, loss=1.9475, sps=47.8]
BC[stage1_datasets_L40_stepsweep/bc_baseline_none_steps20000_tr2]:  87%|████████▋ | 17343/20000 [06:03<01:06, 40.20it/s, acc=0.316, device=mps, eta=59s, loss=1.9475, sps=47.8]
BC[stage1_datasets_L40_stepsweep/bc_baseline_none_steps20000_tr2]:  87%|████████▋ | 17349/20000 [06:03<01:01, 42.98it/s, acc=0.316, device=mps, eta=59s, loss=1.9475, sps=47.8]
BC[stage1_datasets_L40_stepsweep/bc_baseline_none_steps20000_tr2]:  87%|████████▋ | 17355/20000 [06:03<00:56, 46.54it/s, acc=0.316, device=mps, eta=59s, loss=1.9475, sps=47.8]
BC[stage1_datasets_L40_stepsweep/bc_baseline_none_steps20000_tr2]:  87%|████████▋ | 17361/20000 [06:03<01:06, 39.57it/s, acc=0.316, device=mps, eta=59s, loss=1.9475, sps=47.8]
BC[stage1_datasets_L40_stepsweep/bc_baseline_none_steps20000_tr2]:  87%|████████▋ | 17369/20000 [06:03<00:55, 47.57it/s, acc=0.316, device=mps, eta=59s, loss=1.9475, sps=47.8]
BC[stage1_datasets_L40_stepsweep/bc_baseline_none_steps20000_tr2]:  87%|████████▋ | 17377/20000 [06:03<00:48, 54.08it/s, acc=0.316, device=mps, eta=59s, loss=1.9475, sps=47.8]
BC[stage1_datasets_L40_stepsweep/bc_baseline_none_steps20000_tr2]:  87%|████████▋ | 17383/20000 [06:04<00:57, 45.57it/s, acc=0.316, device=mps, eta=59s, loss=1.9475, sps=47.8]
BC[stage1_datasets_L40_stepsweep/bc_baseline_none_steps20000_tr2]:  87%|████████▋ | 17390/20000 [06:04<00:52, 49.37it/s, acc=0.316, device=mps, eta=59s, loss=1.9475, sps=47.8]
BC[stage1_datasets_L40_stepsweep/bc_baseline_none_steps20000_tr2]:  87%|████████▋ | 17396/20000 [06:04<00:50, 51.33it/s, acc=0.316, device=mps, eta=59s, loss=1.9475, sps=47.8]
BC[stage1_datasets_L40_stepsweep/bc_baseline_none_steps20000_tr2]:  87%|████████▋ | 17396/20000 [06:04<00:50, 51.33it/s, acc=0.321, device=mps, eta=54s, loss=1.9437, sps=47.7]
BC[stage1_datasets_L40_stepsweep/bc_baseline_none_steps20000_tr2]:  87%|████████▋ | 17402/20000 [06:04<01:03, 40.88it/s, acc=0.321, device=mps, eta=54s, loss=1.9437, sps=47.7]
BC[stage1_datasets_L40_stepsweep/bc_baseline_none_steps20000_tr2]:  87%|████████▋ | 17409/20000 [06:04<00:56, 45.67it/s, acc=0.321, device=mps, eta=54s, loss=1.9437, sps=47.7]
BC[stage1_datasets_L40_stepsweep/bc_baseline_none_steps20000_tr2]:  87%|████████▋ | 17416/20000 [06:04<00:51, 49.79it/s, acc=0.321, device=mps, eta=54s, loss=1.9437, sps=47.7]
BC[stage1_datasets_L40_stepsweep/bc_baseline_none_steps20000_tr2]:  87%|████████▋ | 17422/20000 [06:05<01:01, 41.76it/s, acc=0.321, device=mps, eta=54s, loss=1.9437, sps=47.7]
BC[stage1_datasets_L40_stepsweep/bc_baseline_none_steps20000_tr2]:  87%|████████▋ | 17430/20000 [06:05<00:52, 49.16it/s, acc=0.321, device=mps, eta=54s, loss=1.9437, sps=47.7]
BC[stage1_datasets_L40_stepsweep/bc_baseline_none_steps20000_tr2]:  87%|████████▋ | 17438/20000 [06:05<00:46, 55.11it/s, acc=0.321, device=mps, eta=54s, loss=1.9437, sps=47.7]
BC[stage1_datasets_L40_stepsweep/bc_baseline_none_steps20000_tr2]:  87%|████████▋ | 17445/20000 [06:05<00:55, 46.10it/s, acc=0.321, device=mps, eta=54s, loss=1.9437, sps=47.7]
BC[stage1_datasets_L40_stepsweep/bc_baseline_none_steps20000_tr2]:  87%|████████▋ | 17451/20000 [06:05<00:52, 48.83it/s, acc=0.321, device=mps, eta=54s, loss=1.9437, sps=47.7]
BC[stage1_datasets_L40_stepsweep/bc_baseline_none_steps20000_tr2]:  87%|████████▋ | 17457/20000 [06:05<00:49, 51.24it/s, acc=0.321, device=mps, eta=54s, loss=1.9437, sps=47.7]
BC[stage1_datasets_L40_stepsweep/bc_baseline_none_steps20000_tr2]:  87%|████████▋ | 17463/20000 [06:05<01:01, 41.16it/s, acc=0.321, device=mps, eta=54s, loss=1.9437, sps=47.7]
BC[stage1_datasets_L40_stepsweep/bc_baseline_none_steps20000_tr2]:  87%|████████▋ | 17469/20000 [06:05<00:57, 43.93it/s, acc=0.321, device=mps, eta=54s, loss=1.9437, sps=47.7]
BC[stage1_datasets_L40_stepsweep/bc_baseline_none_steps20000_tr2]:  87%|████████▋ | 17476/20000 [06:06<00:51, 49.14it/s, acc=0.321, device=mps, eta=54s, loss=1.9437, sps=47.7]
BC[stage1_datasets_L40_stepsweep/bc_baseline_none_steps20000_tr2]:  87%|████████▋ | 17482/20000 [06:06<00:59, 42.13it/s, acc=0.321, device=mps, eta=54s, loss=1.9437, sps=47.7]
BC[stage1_datasets_L40_stepsweep/bc_baseline_none_steps20000_tr2]:  87%|████████▋ | 17490/20000 [06:06<00:50, 49.96it/s, acc=0.321, device=mps, eta=54s, loss=1.9437, sps=47.7]
BC[stage1_datasets_L40_stepsweep/bc_baseline_none_steps20000_tr2]:  87%|████████▋ | 17498/20000 [06:06<00:44, 56.58it/s, acc=0.321, device=mps, eta=54s, loss=1.9437, sps=47.7]
BC[stage1_datasets_L40_stepsweep/bc_baseline_none_steps20000_tr2]:  88%|████████▊ | 17505/20000 [06:06<00:52, 47.76it/s, acc=0.321, device=mps, eta=54s, loss=1.9437, sps=47.7]
BC[stage1_datasets_L40_stepsweep/bc_baseline_none_steps20000_tr2]:  88%|████████▊ | 17512/20000 [06:06<00:47, 52.27it/s, acc=0.321, device=mps, eta=54s, loss=1.9437, sps=47.7]
BC[stage1_datasets_L40_stepsweep/bc_baseline_none_steps20000_tr2]:  88%|████████▊ | 17519/20000 [06:06<00:44, 55.77it/s, acc=0.321, device=mps, eta=54s, loss=1.9437, sps=47.7]
BC[stage1_datasets_L40_stepsweep/bc_baseline_none_steps20000_tr2]:  88%|████████▊ | 17526/20000 [06:07<00:54, 45.70it/s, acc=0.321, device=mps, eta=54s, loss=1.9437, sps=47.7]
BC[stage1_datasets_L40_stepsweep/bc_baseline_none_steps20000_tr2]:  88%|████████▊ | 17532/20000 [06:07<00:52, 47.30it/s, acc=0.321, device=mps, eta=54s, loss=1.9437, sps=47.7]
BC[stage1_datasets_L40_stepsweep/bc_baseline_none_steps20000_tr2]:  88%|████████▊ | 17538/20000 [06:07<00:50, 48.55it/s, acc=0.321, device=mps, eta=54s, loss=1.9437, sps=47.7]
BC[stage1_datasets_L40_stepsweep/bc_baseline_none_steps20000_tr2]:  88%|████████▊ | 17544/20000 [06:07<01:00, 40.62it/s, acc=0.321, device=mps, eta=54s, loss=1.9437, sps=47.7]
BC[stage1_datasets_L40_stepsweep/bc_baseline_none_steps20000_tr2]:  88%|████████▊ | 17550/20000 [06:07<00:55, 44.14it/s, acc=0.321, device=mps, eta=54s, loss=1.9437, sps=47.7]
BC[stage1_datasets_L40_stepsweep/bc_baseline_none_steps20000_tr2]:  88%|████████▊ | 17556/20000 [06:07<00:51, 47.12it/s, acc=0.321, device=mps, eta=54s, loss=1.9437, sps=47.7]
BC[stage1_datasets_L40_stepsweep/bc_baseline_none_steps20000_tr2]:  88%|████████▊ | 17562/20000 [06:07<01:01, 39.53it/s, acc=0.321, device=mps, eta=54s, loss=1.9437, sps=47.7]
BC[stage1_datasets_L40_stepsweep/bc_baseline_none_steps20000_tr2]:  88%|████████▊ | 17570/20000 [06:08<00:50, 47.75it/s, acc=0.321, device=mps, eta=54s, loss=1.9437, sps=47.7]
BC[stage1_datasets_L40_stepsweep/bc_baseline_none_steps20000_tr2]:  88%|████████▊ | 17578/20000 [06:08<00:44, 54.37it/s, acc=0.321, device=mps, eta=54s, loss=1.9437, sps=47.7]
BC[stage1_datasets_L40_stepsweep/bc_baseline_none_steps20000_tr2]:  88%|████████▊ | 17584/20000 [06:08<00:52, 45.65it/s, acc=0.321, device=mps, eta=54s, loss=1.9437, sps=47.7]
BC[stage1_datasets_L40_stepsweep/bc_baseline_none_steps20000_tr2]:  88%|████████▊ | 17591/20000 [06:08<00:48, 49.62it/s, acc=0.321, device=mps, eta=54s, loss=1.9437, sps=47.7]
BC[stage1_datasets_L40_stepsweep/bc_baseline_none_steps20000_tr2]:  88%|████████▊ | 17597/20000 [06:08<00:47, 51.01it/s, acc=0.321, device=mps, eta=54s, loss=1.9437, sps=47.7]
BC[stage1_datasets_L40_stepsweep/bc_baseline_none_steps20000_tr2]:  88%|████████▊ | 17597/20000 [06:08<00:47, 51.01it/s, acc=0.313, device=mps, eta=50s, loss=1.9481, sps=47.7]
BC[stage1_datasets_L40_stepsweep/bc_baseline_none_steps20000_tr2]:  88%|████████▊ | 17603/20000 [06:08<00:58, 40.65it/s, acc=0.313, device=mps, eta=50s, loss=1.9481, sps=47.7]
BC[stage1_datasets_L40_stepsweep/bc_baseline_none_steps20000_tr2]:  88%|████████▊ | 17608/20000 [06:08<00:56, 42.62it/s, acc=0.313, device=mps, eta=50s, loss=1.9481, sps=47.7]
BC[stage1_datasets_L40_stepsweep/bc_baseline_none_steps20000_tr2]:  88%|████████▊ | 17615/20000 [06:09<00:50, 47.51it/s, acc=0.313, device=mps, eta=50s, loss=1.9481, sps=47.7]
BC[stage1_datasets_L40_stepsweep/bc_baseline_none_steps20000_tr2]:  88%|████████▊ | 17621/20000 [06:09<00:59, 40.11it/s, acc=0.313, device=mps, eta=50s, loss=1.9481, sps=47.7]
BC[stage1_datasets_L40_stepsweep/bc_baseline_none_steps20000_tr2]:  88%|████████▊ | 17629/20000 [06:09<00:49, 48.12it/s, acc=0.313, device=mps, eta=50s, loss=1.9481, sps=47.7]
BC[stage1_datasets_L40_stepsweep/bc_baseline_none_steps20000_tr2]:  88%|████████▊ | 17637/20000 [06:09<00:43, 54.94it/s, acc=0.313, device=mps, eta=50s, loss=1.9481, sps=47.7]
BC[stage1_datasets_L40_stepsweep/bc_baseline_none_steps20000_tr2]:  88%|████████▊ | 17644/20000 [06:09<00:51, 45.83it/s, acc=0.313, device=mps, eta=50s, loss=1.9481, sps=47.7]
BC[stage1_datasets_L40_stepsweep/bc_baseline_none_steps20000_tr2]:  88%|████████▊ | 17650/20000 [06:09<00:48, 48.39it/s, acc=0.313, device=mps, eta=50s, loss=1.9481, sps=47.7]
BC[stage1_datasets_L40_stepsweep/bc_baseline_none_steps20000_tr2]:  88%|████████▊ | 17657/20000 [06:09<00:44, 53.06it/s, acc=0.313, device=mps, eta=50s, loss=1.9481, sps=47.7]
BC[stage1_datasets_L40_stepsweep/bc_baseline_none_steps20000_tr2]:  88%|████████▊ | 17663/20000 [06:10<00:51, 45.19it/s, acc=0.313, device=mps, eta=50s, loss=1.9481, sps=47.7]
BC[stage1_datasets_L40_stepsweep/bc_baseline_none_steps20000_tr2]:  88%|████████▊ | 17672/20000 [06:10<00:43, 54.13it/s, acc=0.313, device=mps, eta=50s, loss=1.9481, sps=47.7]
BC[stage1_datasets_L40_stepsweep/bc_baseline_none_steps20000_tr2]:  88%|████████▊ | 17681/20000 [06:10<00:47, 48.55it/s, acc=0.313, device=mps, eta=50s, loss=1.9481, sps=47.7]
BC[stage1_datasets_L40_stepsweep/bc_baseline_none_steps20000_tr2]:  88%|████████▊ | 17689/20000 [06:10<00:42, 54.35it/s, acc=0.313, device=mps, eta=50s, loss=1.9481, sps=47.7]
BC[stage1_datasets_L40_stepsweep/bc_baseline_none_steps20000_tr2]:  88%|████████▊ | 17697/20000 [06:10<00:39, 58.93it/s, acc=0.313, device=mps, eta=50s, loss=1.9481, sps=47.7]
BC[stage1_datasets_L40_stepsweep/bc_baseline_none_steps20000_tr2]:  89%|████████▊ | 17704/20000 [06:10<00:46, 48.86it/s, acc=0.313, device=mps, eta=50s, loss=1.9481, sps=47.7]
BC[stage1_datasets_L40_stepsweep/bc_baseline_none_steps20000_tr2]:  89%|████████▊ | 17710/20000 [06:10<00:45, 50.78it/s, acc=0.313, device=mps, eta=50s, loss=1.9481, sps=47.7]
BC[stage1_datasets_L40_stepsweep/bc_baseline_none_steps20000_tr2]:  89%|████████▊ | 17716/20000 [06:11<00:43, 52.69it/s, acc=0.313, device=mps, eta=50s, loss=1.9481, sps=47.7]
BC[stage1_datasets_L40_stepsweep/bc_baseline_none_steps20000_tr2]:  89%|████████▊ | 17722/20000 [06:11<00:53, 42.46it/s, acc=0.313, device=mps, eta=50s, loss=1.9481, sps=47.7]
BC[stage1_datasets_L40_stepsweep/bc_baseline_none_steps20000_tr2]:  89%|████████▊ | 17730/20000 [06:11<00:45, 49.84it/s, acc=0.313, device=mps, eta=50s, loss=1.9481, sps=47.7]
BC[stage1_datasets_L40_stepsweep/bc_baseline_none_steps20000_tr2]:  89%|████████▊ | 17738/20000 [06:11<00:40, 55.62it/s, acc=0.313, device=mps, eta=50s, loss=1.9481, sps=47.7]
BC[stage1_datasets_L40_stepsweep/bc_baseline_none_steps20000_tr2]:  89%|████████▊ | 17745/20000 [06:11<00:48, 46.69it/s, acc=0.313, device=mps, eta=50s, loss=1.9481, sps=47.7]
BC[stage1_datasets_L40_stepsweep/bc_baseline_none_steps20000_tr2]:  89%|████████▉ | 17752/20000 [06:11<00:44, 49.96it/s, acc=0.313, device=mps, eta=50s, loss=1.9481, sps=47.7]
BC[stage1_datasets_L40_stepsweep/bc_baseline_none_steps20000_tr2]:  89%|████████▉ | 17758/20000 [06:11<00:43, 51.49it/s, acc=0.313, device=mps, eta=50s, loss=1.9481, sps=47.7]
BC[stage1_datasets_L40_stepsweep/bc_baseline_none_steps20000_tr2]:  89%|████████▉ | 17764/20000 [06:12<00:53, 41.64it/s, acc=0.313, device=mps, eta=50s, loss=1.9481, sps=47.7]
BC[stage1_datasets_L40_stepsweep/bc_baseline_none_steps20000_tr2]:  89%|████████▉ | 17770/20000 [06:12<00:49, 44.93it/s, acc=0.313, device=mps, eta=50s, loss=1.9481, sps=47.7]
BC[stage1_datasets_L40_stepsweep/bc_baseline_none_steps20000_tr2]:  89%|████████▉ | 17777/20000 [06:12<00:44, 49.59it/s, acc=0.313, device=mps, eta=50s, loss=1.9481, sps=47.7]
BC[stage1_datasets_L40_stepsweep/bc_baseline_none_steps20000_tr2]:  89%|████████▉ | 17783/20000 [06:12<00:52, 41.98it/s, acc=0.313, device=mps, eta=50s, loss=1.9481, sps=47.7]
BC[stage1_datasets_L40_stepsweep/bc_baseline_none_steps20000_tr2]:  89%|████████▉ | 17791/20000 [06:12<00:44, 49.53it/s, acc=0.313, device=mps, eta=50s, loss=1.9481, sps=47.7]
BC[stage1_datasets_L40_stepsweep/bc_baseline_none_steps20000_tr2]:  89%|████████▉ | 17799/20000 [06:12<00:39, 55.37it/s, acc=0.313, device=mps, eta=50s, loss=1.9481, sps=47.7]
BC[stage1_datasets_L40_stepsweep/bc_baseline_none_steps20000_tr2]:  89%|████████▉ | 17799/20000 [06:12<00:39, 55.37it/s, acc=0.316, device=mps, eta=46s, loss=1.9462, sps=47.8]
BC[stage1_datasets_L40_stepsweep/bc_baseline_none_steps20000_tr2]:  89%|████████▉ | 17806/20000 [06:12<00:48, 45.50it/s, acc=0.316, device=mps, eta=46s, loss=1.9462, sps=47.8]
BC[stage1_datasets_L40_stepsweep/bc_baseline_none_steps20000_tr2]:  89%|████████▉ | 17812/20000 [06:13<00:45, 48.42it/s, acc=0.316, device=mps, eta=46s, loss=1.9462, sps=47.8]
BC[stage1_datasets_L40_stepsweep/bc_baseline_none_steps20000_tr2]:  89%|████████▉ | 17819/20000 [06:13<00:42, 51.72it/s, acc=0.316, device=mps, eta=46s, loss=1.9462, sps=47.8]
BC[stage1_datasets_L40_stepsweep/bc_baseline_none_steps20000_tr2]:  89%|████████▉ | 17825/20000 [06:13<00:50, 42.82it/s, acc=0.316, device=mps, eta=46s, loss=1.9462, sps=47.8]
BC[stage1_datasets_L40_stepsweep/bc_baseline_none_steps20000_tr2]:  89%|████████▉ | 17831/20000 [06:13<00:47, 45.92it/s, acc=0.316, device=mps, eta=46s, loss=1.9462, sps=47.8]
BC[stage1_datasets_L40_stepsweep/bc_baseline_none_steps20000_tr2]:  89%|████████▉ | 17837/20000 [06:13<00:44, 48.40it/s, acc=0.316, device=mps, eta=46s, loss=1.9462, sps=47.8]
BC[stage1_datasets_L40_stepsweep/bc_baseline_none_steps20000_tr2]:  89%|████████▉ | 17843/20000 [06:13<00:53, 40.15it/s, acc=0.316, device=mps, eta=46s, loss=1.9462, sps=47.8]
BC[stage1_datasets_L40_stepsweep/bc_baseline_none_steps20000_tr2]:  89%|████████▉ | 17849/20000 [06:13<00:49, 43.23it/s, acc=0.316, device=mps, eta=46s, loss=1.9462, sps=47.8]
BC[stage1_datasets_L40_stepsweep/bc_baseline_none_steps20000_tr2]:  89%|████████▉ | 17855/20000 [06:14<00:46, 46.43it/s, acc=0.316, device=mps, eta=46s, loss=1.9462, sps=47.8]
BC[stage1_datasets_L40_stepsweep/bc_baseline_none_steps20000_tr2]:  89%|████████▉ | 17861/20000 [06:14<00:54, 39.51it/s, acc=0.316, device=mps, eta=46s, loss=1.9462, sps=47.8]
BC[stage1_datasets_L40_stepsweep/bc_baseline_none_steps20000_tr2]:  89%|████████▉ | 17869/20000 [06:14<00:44, 47.49it/s, acc=0.316, device=mps, eta=46s, loss=1.9462, sps=47.8]
BC[stage1_datasets_L40_stepsweep/bc_baseline_none_steps20000_tr2]:  89%|████████▉ | 17877/20000 [06:14<00:39, 54.34it/s, acc=0.316, device=mps, eta=46s, loss=1.9462, sps=47.8]
BC[stage1_datasets_L40_stepsweep/bc_baseline_none_steps20000_tr2]:  89%|████████▉ | 17883/20000 [06:14<00:46, 45.98it/s, acc=0.316, device=mps, eta=46s, loss=1.9462, sps=47.8]
BC[stage1_datasets_L40_stepsweep/bc_baseline_none_steps20000_tr2]:  89%|████████▉ | 17890/20000 [06:14<00:42, 50.11it/s, acc=0.316, device=mps, eta=46s, loss=1.9462, sps=47.8]
BC[stage1_datasets_L40_stepsweep/bc_baseline_none_steps20000_tr2]:  89%|████████▉ | 17897/20000 [06:14<00:39, 53.12it/s, acc=0.316, device=mps, eta=46s, loss=1.9462, sps=47.8]
BC[stage1_datasets_L40_stepsweep/bc_baseline_none_steps20000_tr2]:  90%|████████▉ | 17903/20000 [06:15<00:47, 43.70it/s, acc=0.316, device=mps, eta=46s, loss=1.9462, sps=47.8]
BC[stage1_datasets_L40_stepsweep/bc_baseline_none_steps20000_tr2]:  90%|████████▉ | 17911/20000 [06:15<00:41, 50.80it/s, acc=0.316, device=mps, eta=46s, loss=1.9462, sps=47.8]
BC[stage1_datasets_L40_stepsweep/bc_baseline_none_steps20000_tr2]:  90%|████████▉ | 17919/20000 [06:15<00:36, 56.39it/s, acc=0.316, device=mps, eta=46s, loss=1.9462, sps=47.8]
BC[stage1_datasets_L40_stepsweep/bc_baseline_none_steps20000_tr2]:  90%|████████▉ | 17926/20000 [06:15<00:44, 46.86it/s, acc=0.316, device=mps, eta=46s, loss=1.9462, sps=47.8]
BC[stage1_datasets_L40_stepsweep/bc_baseline_none_steps20000_tr2]:  90%|████████▉ | 17932/20000 [06:15<00:42, 49.16it/s, acc=0.316, device=mps, eta=46s, loss=1.9462, sps=47.8]
BC[stage1_datasets_L40_stepsweep/bc_baseline_none_steps20000_tr2]:  90%|████████▉ | 17938/20000 [06:15<00:40, 51.16it/s, acc=0.316, device=mps, eta=46s, loss=1.9462, sps=47.8]
BC[stage1_datasets_L40_stepsweep/bc_baseline_none_steps20000_tr2]:  90%|████████▉ | 17944/20000 [06:15<00:48, 42.31it/s, acc=0.316, device=mps, eta=46s, loss=1.9462, sps=47.8]
BC[stage1_datasets_L40_stepsweep/bc_baseline_none_steps20000_tr2]:  90%|████████▉ | 17952/20000 [06:16<00:41, 49.79it/s, acc=0.316, device=mps, eta=46s, loss=1.9462, sps=47.8]
BC[stage1_datasets_L40_stepsweep/bc_baseline_none_steps20000_tr2]:  90%|████████▉ | 17960/20000 [06:16<00:36, 56.43it/s, acc=0.316, device=mps, eta=46s, loss=1.9462, sps=47.8]
BC[stage1_datasets_L40_stepsweep/bc_baseline_none_steps20000_tr2]:  90%|████████▉ | 17967/20000 [06:16<00:44, 46.10it/s, acc=0.316, device=mps, eta=46s, loss=1.9462, sps=47.8]
BC[stage1_datasets_L40_stepsweep/bc_baseline_none_steps20000_tr2]:  90%|████████▉ | 17973/20000 [06:16<00:41, 48.42it/s, acc=0.316, device=mps, eta=46s, loss=1.9462, sps=47.8]
BC[stage1_datasets_L40_stepsweep/bc_baseline_none_steps20000_tr2]:  90%|████████▉ | 17979/20000 [06:16<00:39, 50.65it/s, acc=0.316, device=mps, eta=46s, loss=1.9462, sps=47.8]
BC[stage1_datasets_L40_stepsweep/bc_baseline_none_steps20000_tr2]:  90%|████████▉ | 17985/20000 [06:16<00:48, 41.98it/s, acc=0.316, device=mps, eta=46s, loss=1.9462, sps=47.8]
BC[stage1_datasets_L40_stepsweep/bc_baseline_none_steps20000_tr2]:  90%|████████▉ | 17991/20000 [06:16<00:44, 45.35it/s, acc=0.316, device=mps, eta=46s, loss=1.9462, sps=47.8]
BC[stage1_datasets_L40_stepsweep/bc_baseline_none_steps20000_tr2]:  90%|████████▉ | 17997/20000 [06:16<00:41, 48.11it/s, acc=0.316, device=mps, eta=46s, loss=1.9462, sps=47.8]
BC[stage1_datasets_L40_stepsweep/bc_baseline_none_steps20000_tr2]:  90%|████████▉ | 17997/20000 [06:17<00:41, 48.11it/s, acc=0.322, device=mps, eta=42s, loss=1.9396, sps=47.7]
BC[stage1_datasets_L40_stepsweep/bc_baseline_none_steps20000_tr2]:  90%|█████████ | 18003/20000 [06:17<00:49, 39.97it/s, acc=0.322, device=mps, eta=42s, loss=1.9396, sps=47.7]
BC[stage1_datasets_L40_stepsweep/bc_baseline_none_steps20000_tr2]:  90%|█████████ | 18009/20000 [06:17<00:45, 43.43it/s, acc=0.322, device=mps, eta=42s, loss=1.9396, sps=47.7]
BC[stage1_datasets_L40_stepsweep/bc_baseline_none_steps20000_tr2]:  90%|█████████ | 18016/20000 [06:17<00:41, 48.00it/s, acc=0.322, device=mps, eta=42s, loss=1.9396, sps=47.7]
BC[stage1_datasets_L40_stepsweep/bc_baseline_none_steps20000_tr2]:  90%|█████████ | 18022/20000 [06:17<00:49, 39.82it/s, acc=0.322, device=mps, eta=42s, loss=1.9396, sps=47.7]
BC[stage1_datasets_L40_stepsweep/bc_baseline_none_steps20000_tr2]:  90%|█████████ | 18028/20000 [06:17<00:44, 43.88it/s, acc=0.322, device=mps, eta=42s, loss=1.9396, sps=47.7]
BC[stage1_datasets_L40_stepsweep/bc_baseline_none_steps20000_tr2]:  90%|█████████ | 18035/20000 [06:17<00:40, 48.50it/s, acc=0.322, device=mps, eta=42s, loss=1.9396, sps=47.7]
BC[stage1_datasets_L40_stepsweep/bc_baseline_none_steps20000_tr2]:  90%|█████████ | 18041/20000 [06:18<00:47, 40.91it/s, acc=0.322, device=mps, eta=42s, loss=1.9396, sps=47.7]
BC[stage1_datasets_L40_stepsweep/bc_baseline_none_steps20000_tr2]:  90%|█████████ | 18049/20000 [06:18<00:40, 48.58it/s, acc=0.322, device=mps, eta=42s, loss=1.9396, sps=47.7]
BC[stage1_datasets_L40_stepsweep/bc_baseline_none_steps20000_tr2]:  90%|█████████ | 18057/20000 [06:18<00:35, 54.77it/s, acc=0.322, device=mps, eta=42s, loss=1.9396, sps=47.7]
BC[stage1_datasets_L40_stepsweep/bc_baseline_none_steps20000_tr2]:  90%|█████████ | 18063/20000 [06:18<00:42, 45.76it/s, acc=0.322, device=mps, eta=42s, loss=1.9396, sps=47.7]
BC[stage1_datasets_L40_stepsweep/bc_baseline_none_steps20000_tr2]:  90%|█████████ | 18069/20000 [06:18<00:39, 48.68it/s, acc=0.322, device=mps, eta=42s, loss=1.9396, sps=47.7]
BC[stage1_datasets_L40_stepsweep/bc_baseline_none_steps20000_tr2]:  90%|█████████ | 18075/20000 [06:18<00:37, 51.16it/s, acc=0.322, device=mps, eta=42s, loss=1.9396, sps=47.7]
BC[stage1_datasets_L40_stepsweep/bc_baseline_none_steps20000_tr2]:  90%|█████████ | 18081/20000 [06:18<00:45, 42.10it/s, acc=0.322, device=mps, eta=42s, loss=1.9396, sps=47.7]
BC[stage1_datasets_L40_stepsweep/bc_baseline_none_steps20000_tr2]:  90%|█████████ | 18089/20000 [06:18<00:38, 49.84it/s, acc=0.322, device=mps, eta=42s, loss=1.9396, sps=47.7]
BC[stage1_datasets_L40_stepsweep/bc_baseline_none_steps20000_tr2]:  90%|█████████ | 18097/20000 [06:19<00:34, 55.86it/s, acc=0.322, device=mps, eta=42s, loss=1.9396, sps=47.7]
BC[stage1_datasets_L40_stepsweep/bc_baseline_none_steps20000_tr2]:  91%|█████████ | 18104/20000 [06:19<00:40, 46.85it/s, acc=0.322, device=mps, eta=42s, loss=1.9396, sps=47.7]
BC[stage1_datasets_L40_stepsweep/bc_baseline_none_steps20000_tr2]:  91%|█████████ | 18112/20000 [06:19<00:35, 53.50it/s, acc=0.322, device=mps, eta=42s, loss=1.9396, sps=47.7]
BC[stage1_datasets_L40_stepsweep/bc_baseline_none_steps20000_tr2]:  91%|█████████ | 18120/20000 [06:19<00:31, 59.70it/s, acc=0.322, device=mps, eta=42s, loss=1.9396, sps=47.7]
BC[stage1_datasets_L40_stepsweep/bc_baseline_none_steps20000_tr2]:  91%|█████████ | 18127/20000 [06:19<00:38, 48.25it/s, acc=0.322, device=mps, eta=42s, loss=1.9396, sps=47.7]
BC[stage1_datasets_L40_stepsweep/bc_baseline_none_steps20000_tr2]:  91%|█████████ | 18134/20000 [06:19<00:36, 51.23it/s, acc=0.322, device=mps, eta=42s, loss=1.9396, sps=47.7]
BC[stage1_datasets_L40_stepsweep/bc_baseline_none_steps20000_tr2]:  91%|█████████ | 18141/20000 [06:20<00:43, 43.15it/s, acc=0.322, device=mps, eta=42s, loss=1.9396, sps=47.7]
BC[stage1_datasets_L40_stepsweep/bc_baseline_none_steps20000_tr2]:  91%|█████████ | 18149/20000 [06:20<00:37, 49.91it/s, acc=0.322, device=mps, eta=42s, loss=1.9396, sps=47.7]
BC[stage1_datasets_L40_stepsweep/bc_baseline_none_steps20000_tr2]:  91%|█████████ | 18157/20000 [06:20<00:32, 55.96it/s, acc=0.322, device=mps, eta=42s, loss=1.9396, sps=47.7]
BC[stage1_datasets_L40_stepsweep/bc_baseline_none_steps20000_tr2]:  91%|█████████ | 18164/20000 [06:20<00:38, 47.87it/s, acc=0.322, device=mps, eta=42s, loss=1.9396, sps=47.7]
BC[stage1_datasets_L40_stepsweep/bc_baseline_none_steps20000_tr2]:  91%|█████████ | 18171/20000 [06:20<00:35, 51.68it/s, acc=0.322, device=mps, eta=42s, loss=1.9396, sps=47.7]
BC[stage1_datasets_L40_stepsweep/bc_baseline_none_steps20000_tr2]:  91%|█████████ | 18178/20000 [06:20<00:33, 53.89it/s, acc=0.322, device=mps, eta=42s, loss=1.9396, sps=47.7]
BC[stage1_datasets_L40_stepsweep/bc_baseline_none_steps20000_tr2]:  91%|█████████ | 18184/20000 [06:20<00:40, 44.46it/s, acc=0.322, device=mps, eta=42s, loss=1.9396, sps=47.7]
BC[stage1_datasets_L40_stepsweep/bc_baseline_none_steps20000_tr2]:  91%|█████████ | 18192/20000 [06:20<00:34, 51.72it/s, acc=0.322, device=mps, eta=42s, loss=1.9396, sps=47.7]
BC[stage1_datasets_L40_stepsweep/bc_baseline_none_steps20000_tr2]:  91%|█████████ | 18192/20000 [06:21<00:34, 51.72it/s, acc=0.321, device=mps, eta=38s, loss=1.9348, sps=47.8]
BC[stage1_datasets_L40_stepsweep/bc_baseline_none_steps20000_tr2]:  91%|█████████ | 18201/20000 [06:21<00:37, 47.41it/s, acc=0.321, device=mps, eta=38s, loss=1.9348, sps=47.8]
BC[stage1_datasets_L40_stepsweep/bc_baseline_none_steps20000_tr2]:  91%|█████████ | 18208/20000 [06:21<00:34, 51.52it/s, acc=0.321, device=mps, eta=38s, loss=1.9348, sps=47.8]
BC[stage1_datasets_L40_stepsweep/bc_baseline_none_steps20000_tr2]:  91%|█████████ | 18215/20000 [06:21<00:32, 54.92it/s, acc=0.321, device=mps, eta=38s, loss=1.9348, sps=47.8]
BC[stage1_datasets_L40_stepsweep/bc_baseline_none_steps20000_tr2]:  91%|█████████ | 18221/20000 [06:21<00:39, 44.65it/s, acc=0.321, device=mps, eta=38s, loss=1.9348, sps=47.8]
BC[stage1_datasets_L40_stepsweep/bc_baseline_none_steps20000_tr2]:  91%|█████████ | 18229/20000 [06:21<00:34, 51.57it/s, acc=0.321, device=mps, eta=38s, loss=1.9348, sps=47.8]
BC[stage1_datasets_L40_stepsweep/bc_baseline_none_steps20000_tr2]:  91%|█████████ | 18237/20000 [06:21<00:30, 57.22it/s, acc=0.321, device=mps, eta=38s, loss=1.9348, sps=47.8]
BC[stage1_datasets_L40_stepsweep/bc_baseline_none_steps20000_tr2]:  91%|█████████ | 18244/20000 [06:22<00:36, 47.52it/s, acc=0.321, device=mps, eta=38s, loss=1.9348, sps=47.8]
BC[stage1_datasets_L40_stepsweep/bc_baseline_none_steps20000_tr2]:  91%|█████████▏| 18252/20000 [06:22<00:32, 53.92it/s, acc=0.321, device=mps, eta=38s, loss=1.9348, sps=47.8]
BC[stage1_datasets_L40_stepsweep/bc_baseline_none_steps20000_tr2]:  91%|█████████▏| 18260/20000 [06:22<00:29, 60.00it/s, acc=0.321, device=mps, eta=38s, loss=1.9348, sps=47.8]
BC[stage1_datasets_L40_stepsweep/bc_baseline_none_steps20000_tr2]:  91%|█████████▏| 18267/20000 [06:22<00:35, 48.72it/s, acc=0.321, device=mps, eta=38s, loss=1.9348, sps=47.8]
BC[stage1_datasets_L40_stepsweep/bc_baseline_none_steps20000_tr2]:  91%|█████████▏| 18274/20000 [06:22<00:33, 52.06it/s, acc=0.321, device=mps, eta=38s, loss=1.9348, sps=47.8]
BC[stage1_datasets_L40_stepsweep/bc_baseline_none_steps20000_tr2]:  91%|█████████▏| 18281/20000 [06:22<00:39, 43.18it/s, acc=0.321, device=mps, eta=38s, loss=1.9348, sps=47.8]
BC[stage1_datasets_L40_stepsweep/bc_baseline_none_steps20000_tr2]:  91%|█████████▏| 18289/20000 [06:22<00:34, 50.08it/s, acc=0.321, device=mps, eta=38s, loss=1.9348, sps=47.8]
BC[stage1_datasets_L40_stepsweep/bc_baseline_none_steps20000_tr2]:  91%|█████████▏| 18297/20000 [06:23<00:30, 55.56it/s, acc=0.321, device=mps, eta=38s, loss=1.9348, sps=47.8]
BC[stage1_datasets_L40_stepsweep/bc_baseline_none_steps20000_tr2]:  92%|█████████▏| 18304/20000 [06:23<00:36, 46.72it/s, acc=0.321, device=mps, eta=38s, loss=1.9348, sps=47.8]
BC[stage1_datasets_L40_stepsweep/bc_baseline_none_steps20000_tr2]:  92%|█████████▏| 18310/20000 [06:23<00:34, 49.05it/s, acc=0.321, device=mps, eta=38s, loss=1.9348, sps=47.8]
BC[stage1_datasets_L40_stepsweep/bc_baseline_none_steps20000_tr2]:  92%|█████████▏| 18316/20000 [06:23<00:33, 50.82it/s, acc=0.321, device=mps, eta=38s, loss=1.9348, sps=47.8]
BC[stage1_datasets_L40_stepsweep/bc_baseline_none_steps20000_tr2]:  92%|█████████▏| 18322/20000 [06:23<00:41, 40.62it/s, acc=0.321, device=mps, eta=38s, loss=1.9348, sps=47.8]
BC[stage1_datasets_L40_stepsweep/bc_baseline_none_steps20000_tr2]:  92%|█████████▏| 18328/20000 [06:23<00:38, 43.28it/s, acc=0.321, device=mps, eta=38s, loss=1.9348, sps=47.8]
BC[stage1_datasets_L40_stepsweep/bc_baseline_none_steps20000_tr2]:  92%|█████████▏| 18334/20000 [06:23<00:36, 46.08it/s, acc=0.321, device=mps, eta=38s, loss=1.9348, sps=47.8]
BC[stage1_datasets_L40_stepsweep/bc_baseline_none_steps20000_tr2]:  92%|█████████▏| 18341/20000 [06:24<00:41, 39.84it/s, acc=0.321, device=mps, eta=38s, loss=1.9348, sps=47.8]
BC[stage1_datasets_L40_stepsweep/bc_baseline_none_steps20000_tr2]:  92%|█████████▏| 18346/20000 [06:24<00:39, 41.79it/s, acc=0.321, device=mps, eta=38s, loss=1.9348, sps=47.8]
BC[stage1_datasets_L40_stepsweep/bc_baseline_none_steps20000_tr2]:  92%|█████████▏| 18352/20000 [06:24<00:36, 45.49it/s, acc=0.321, device=mps, eta=38s, loss=1.9348, sps=47.8]
BC[stage1_datasets_L40_stepsweep/bc_baseline_none_steps20000_tr2]:  92%|█████████▏| 18359/20000 [06:24<00:32, 50.85it/s, acc=0.321, device=mps, eta=38s, loss=1.9348, sps=47.8]
BC[stage1_datasets_L40_stepsweep/bc_baseline_none_steps20000_tr2]:  92%|█████████▏| 18365/20000 [06:24<00:37, 43.27it/s, acc=0.321, device=mps, eta=38s, loss=1.9348, sps=47.8]
BC[stage1_datasets_L40_stepsweep/bc_baseline_none_steps20000_tr2]:  92%|█████████▏| 18373/20000 [06:24<00:32, 50.38it/s, acc=0.321, device=mps, eta=38s, loss=1.9348, sps=47.8]
BC[stage1_datasets_L40_stepsweep/bc_baseline_none_steps20000_tr2]:  92%|█████████▏| 18381/20000 [06:24<00:36, 44.21it/s, acc=0.321, device=mps, eta=38s, loss=1.9348, sps=47.8]
BC[stage1_datasets_L40_stepsweep/bc_baseline_none_steps20000_tr2]:  92%|█████████▏| 18389/20000 [06:25<00:31, 50.92it/s, acc=0.321, device=mps, eta=38s, loss=1.9348, sps=47.8]
BC[stage1_datasets_L40_stepsweep/bc_baseline_none_steps20000_tr2]:  92%|█████████▏| 18397/20000 [06:25<00:28, 56.28it/s, acc=0.321, device=mps, eta=38s, loss=1.9348, sps=47.8]
BC[stage1_datasets_L40_stepsweep/bc_baseline_none_steps20000_tr2]:  92%|█████████▏| 18397/20000 [06:25<00:28, 56.28it/s, acc=0.320, device=mps, eta=33s, loss=1.9444, sps=47.8]
BC[stage1_datasets_L40_stepsweep/bc_baseline_none_steps20000_tr2]:  92%|█████████▏| 18404/20000 [06:25<00:33, 47.09it/s, acc=0.320, device=mps, eta=33s, loss=1.9444, sps=47.8]
BC[stage1_datasets_L40_stepsweep/bc_baseline_none_steps20000_tr2]:  92%|█████████▏| 18410/20000 [06:25<00:32, 49.44it/s, acc=0.320, device=mps, eta=33s, loss=1.9444, sps=47.8]
BC[stage1_datasets_L40_stepsweep/bc_baseline_none_steps20000_tr2]:  92%|█████████▏| 18416/20000 [06:25<00:30, 51.39it/s, acc=0.320, device=mps, eta=33s, loss=1.9444, sps=47.8]
BC[stage1_datasets_L40_stepsweep/bc_baseline_none_steps20000_tr2]:  92%|█████████▏| 18422/20000 [06:25<00:37, 41.81it/s, acc=0.320, device=mps, eta=33s, loss=1.9444, sps=47.8]
BC[stage1_datasets_L40_stepsweep/bc_baseline_none_steps20000_tr2]:  92%|█████████▏| 18430/20000 [06:25<00:31, 49.38it/s, acc=0.320, device=mps, eta=33s, loss=1.9444, sps=47.8]
BC[stage1_datasets_L40_stepsweep/bc_baseline_none_steps20000_tr2]:  92%|█████████▏| 18438/20000 [06:26<00:28, 55.20it/s, acc=0.320, device=mps, eta=33s, loss=1.9444, sps=47.8]
BC[stage1_datasets_L40_stepsweep/bc_baseline_none_steps20000_tr2]:  92%|█████████▏| 18445/20000 [06:26<00:33, 46.41it/s, acc=0.320, device=mps, eta=33s, loss=1.9444, sps=47.8]
BC[stage1_datasets_L40_stepsweep/bc_baseline_none_steps20000_tr2]:  92%|█████████▏| 18451/20000 [06:26<00:31, 48.98it/s, acc=0.320, device=mps, eta=33s, loss=1.9444, sps=47.8]
BC[stage1_datasets_L40_stepsweep/bc_baseline_none_steps20000_tr2]:  92%|█████████▏| 18458/20000 [06:26<00:29, 52.00it/s, acc=0.320, device=mps, eta=33s, loss=1.9444, sps=47.8]
BC[stage1_datasets_L40_stepsweep/bc_baseline_none_steps20000_tr2]:  92%|█████████▏| 18464/20000 [06:26<00:35, 43.54it/s, acc=0.320, device=mps, eta=33s, loss=1.9444, sps=47.8]
BC[stage1_datasets_L40_stepsweep/bc_baseline_none_steps20000_tr2]:  92%|█████████▏| 18472/20000 [06:26<00:30, 50.43it/s, acc=0.320, device=mps, eta=33s, loss=1.9444, sps=47.8]
BC[stage1_datasets_L40_stepsweep/bc_baseline_none_steps20000_tr2]:  92%|█████████▏| 18480/20000 [06:26<00:26, 56.50it/s, acc=0.320, device=mps, eta=33s, loss=1.9444, sps=47.8]
BC[stage1_datasets_L40_stepsweep/bc_baseline_none_steps20000_tr2]:  92%|█████████▏| 18487/20000 [06:27<00:33, 45.74it/s, acc=0.320, device=mps, eta=33s, loss=1.9444, sps=47.8]
BC[stage1_datasets_L40_stepsweep/bc_baseline_none_steps20000_tr2]:  92%|█████████▏| 18493/20000 [06:27<00:31, 47.76it/s, acc=0.320, device=mps, eta=33s, loss=1.9444, sps=47.8]
BC[stage1_datasets_L40_stepsweep/bc_baseline_none_steps20000_tr2]:  92%|█████████▏| 18499/20000 [06:27<00:30, 49.89it/s, acc=0.320, device=mps, eta=33s, loss=1.9444, sps=47.8]
BC[stage1_datasets_L40_stepsweep/bc_baseline_none_steps20000_tr2]:  93%|█████████▎| 18505/20000 [06:27<00:35, 41.78it/s, acc=0.320, device=mps, eta=33s, loss=1.9444, sps=47.8]
BC[stage1_datasets_L40_stepsweep/bc_baseline_none_steps20000_tr2]:  93%|█████████▎| 18511/20000 [06:27<00:33, 44.45it/s, acc=0.320, device=mps, eta=33s, loss=1.9444, sps=47.8]
BC[stage1_datasets_L40_stepsweep/bc_baseline_none_steps20000_tr2]:  93%|█████████▎| 18517/20000 [06:27<00:31, 47.51it/s, acc=0.320, device=mps, eta=33s, loss=1.9444, sps=47.8]
BC[stage1_datasets_L40_stepsweep/bc_baseline_none_steps20000_tr2]:  93%|█████████▎| 18523/20000 [06:27<00:36, 39.96it/s, acc=0.320, device=mps, eta=33s, loss=1.9444, sps=47.8]
BC[stage1_datasets_L40_stepsweep/bc_baseline_none_steps20000_tr2]:  93%|█████████▎| 18531/20000 [06:28<00:30, 48.23it/s, acc=0.320, device=mps, eta=33s, loss=1.9444, sps=47.8]
BC[stage1_datasets_L40_stepsweep/bc_baseline_none_steps20000_tr2]:  93%|█████████▎| 18539/20000 [06:28<00:26, 55.28it/s, acc=0.320, device=mps, eta=33s, loss=1.9444, sps=47.8]
BC[stage1_datasets_L40_stepsweep/bc_baseline_none_steps20000_tr2]:  93%|█████████▎| 18546/20000 [06:28<00:31, 46.90it/s, acc=0.320, device=mps, eta=33s, loss=1.9444, sps=47.8]
BC[stage1_datasets_L40_stepsweep/bc_baseline_none_steps20000_tr2]:  93%|█████████▎| 18553/20000 [06:28<00:28, 51.64it/s, acc=0.320, device=mps, eta=33s, loss=1.9444, sps=47.8]
BC[stage1_datasets_L40_stepsweep/bc_baseline_none_steps20000_tr2]:  93%|█████████▎| 18561/20000 [06:28<00:32, 44.76it/s, acc=0.320, device=mps, eta=33s, loss=1.9444, sps=47.8]
BC[stage1_datasets_L40_stepsweep/bc_baseline_none_steps20000_tr2]:  93%|█████████▎| 18569/20000 [06:28<00:27, 51.35it/s, acc=0.320, device=mps, eta=33s, loss=1.9444, sps=47.8]
BC[stage1_datasets_L40_stepsweep/bc_baseline_none_steps20000_tr2]:  93%|█████████▎| 18577/20000 [06:28<00:25, 56.88it/s, acc=0.320, device=mps, eta=33s, loss=1.9444, sps=47.8]
BC[stage1_datasets_L40_stepsweep/bc_baseline_none_steps20000_tr2]:  93%|█████████▎| 18584/20000 [06:29<00:29, 47.86it/s, acc=0.320, device=mps, eta=33s, loss=1.9444, sps=47.8]
BC[stage1_datasets_L40_stepsweep/bc_baseline_none_steps20000_tr2]:  93%|█████████▎| 18591/20000 [06:29<00:27, 51.57it/s, acc=0.320, device=mps, eta=33s, loss=1.9444, sps=47.8]
BC[stage1_datasets_L40_stepsweep/bc_baseline_none_steps20000_tr2]:  93%|█████████▎| 18598/20000 [06:29<00:25, 54.03it/s, acc=0.320, device=mps, eta=33s, loss=1.9444, sps=47.8]
BC[stage1_datasets_L40_stepsweep/bc_baseline_none_steps20000_tr2]:  93%|█████████▎| 18598/20000 [06:29<00:25, 54.03it/s, acc=0.320, device=mps, eta=29s, loss=1.9300, sps=47.8]
BC[stage1_datasets_L40_stepsweep/bc_baseline_none_steps20000_tr2]:  93%|█████████▎| 18604/20000 [06:29<00:32, 43.62it/s, acc=0.320, device=mps, eta=29s, loss=1.9300, sps=47.8]
BC[stage1_datasets_L40_stepsweep/bc_baseline_none_steps20000_tr2]:  93%|█████████▎| 18610/20000 [06:29<00:29, 46.86it/s, acc=0.320, device=mps, eta=29s, loss=1.9300, sps=47.8]
BC[stage1_datasets_L40_stepsweep/bc_baseline_none_steps20000_tr2]:  93%|█████████▎| 18617/20000 [06:29<00:27, 51.22it/s, acc=0.320, device=mps, eta=29s, loss=1.9300, sps=47.8]
BC[stage1_datasets_L40_stepsweep/bc_baseline_none_steps20000_tr2]:  93%|█████████▎| 18623/20000 [06:29<00:33, 41.32it/s, acc=0.320, device=mps, eta=29s, loss=1.9300, sps=47.8]
BC[stage1_datasets_L40_stepsweep/bc_baseline_none_steps20000_tr2]:  93%|█████████▎| 18629/20000 [06:30<00:30, 44.31it/s, acc=0.320, device=mps, eta=29s, loss=1.9300, sps=47.8]
BC[stage1_datasets_L40_stepsweep/bc_baseline_none_steps20000_tr2]:  93%|█████████▎| 18636/20000 [06:30<00:27, 49.08it/s, acc=0.320, device=mps, eta=29s, loss=1.9300, sps=47.8]
BC[stage1_datasets_L40_stepsweep/bc_baseline_none_steps20000_tr2]:  93%|█████████▎| 18642/20000 [06:30<00:32, 41.20it/s, acc=0.320, device=mps, eta=29s, loss=1.9300, sps=47.8]
BC[stage1_datasets_L40_stepsweep/bc_baseline_none_steps20000_tr2]:  93%|█████████▎| 18647/20000 [06:30<00:31, 43.05it/s, acc=0.320, device=mps, eta=29s, loss=1.9300, sps=47.8]
BC[stage1_datasets_L40_stepsweep/bc_baseline_none_steps20000_tr2]:  93%|█████████▎| 18654/20000 [06:30<00:28, 47.84it/s, acc=0.320, device=mps, eta=29s, loss=1.9300, sps=47.8]
BC[stage1_datasets_L40_stepsweep/bc_baseline_none_steps20000_tr2]:  93%|█████████▎| 18661/20000 [06:30<00:32, 41.07it/s, acc=0.320, device=mps, eta=29s, loss=1.9300, sps=47.8]
BC[stage1_datasets_L40_stepsweep/bc_baseline_none_steps20000_tr2]:  93%|█████████▎| 18669/20000 [06:30<00:27, 48.66it/s, acc=0.320, device=mps, eta=29s, loss=1.9300, sps=47.8]
BC[stage1_datasets_L40_stepsweep/bc_baseline_none_steps20000_tr2]:  93%|█████████▎| 18677/20000 [06:31<00:24, 54.91it/s, acc=0.320, device=mps, eta=29s, loss=1.9300, sps=47.8]
BC[stage1_datasets_L40_stepsweep/bc_baseline_none_steps20000_tr2]:  93%|█████████▎| 18684/20000 [06:31<00:28, 46.27it/s, acc=0.320, device=mps, eta=29s, loss=1.9300, sps=47.8]
BC[stage1_datasets_L40_stepsweep/bc_baseline_none_steps20000_tr2]:  93%|█████████▎| 18692/20000 [06:31<00:24, 52.61it/s, acc=0.320, device=mps, eta=29s, loss=1.9300, sps=47.8]
BC[stage1_datasets_L40_stepsweep/bc_baseline_none_steps20000_tr2]:  94%|█████████▎| 18700/20000 [06:31<00:22, 58.62it/s, acc=0.320, device=mps, eta=29s, loss=1.9300, sps=47.8]
BC[stage1_datasets_L40_stepsweep/bc_baseline_none_steps20000_tr2]:  94%|█████████▎| 18707/20000 [06:31<00:27, 47.67it/s, acc=0.320, device=mps, eta=29s, loss=1.9300, sps=47.8]
BC[stage1_datasets_L40_stepsweep/bc_baseline_none_steps20000_tr2]:  94%|█████████▎| 18713/20000 [06:31<00:25, 50.26it/s, acc=0.320, device=mps, eta=29s, loss=1.9300, sps=47.8]
BC[stage1_datasets_L40_stepsweep/bc_baseline_none_steps20000_tr2]:  94%|█████████▎| 18719/20000 [06:31<00:24, 52.02it/s, acc=0.320, device=mps, eta=29s, loss=1.9300, sps=47.8]
BC[stage1_datasets_L40_stepsweep/bc_baseline_none_steps20000_tr2]:  94%|█████████▎| 18725/20000 [06:32<00:30, 41.91it/s, acc=0.320, device=mps, eta=29s, loss=1.9300, sps=47.8]
BC[stage1_datasets_L40_stepsweep/bc_baseline_none_steps20000_tr2]:  94%|█████████▎| 18731/20000 [06:32<00:28, 44.76it/s, acc=0.320, device=mps, eta=29s, loss=1.9300, sps=47.8]
BC[stage1_datasets_L40_stepsweep/bc_baseline_none_steps20000_tr2]:  94%|█████████▎| 18738/20000 [06:32<00:25, 49.00it/s, acc=0.320, device=mps, eta=29s, loss=1.9300, sps=47.8]
BC[stage1_datasets_L40_stepsweep/bc_baseline_none_steps20000_tr2]:  94%|█████████▎| 18744/20000 [06:32<00:30, 41.66it/s, acc=0.320, device=mps, eta=29s, loss=1.9300, sps=47.8]
BC[stage1_datasets_L40_stepsweep/bc_baseline_none_steps20000_tr2]:  94%|█████████▍| 18751/20000 [06:32<00:26, 46.62it/s, acc=0.320, device=mps, eta=29s, loss=1.9300, sps=47.8]
BC[stage1_datasets_L40_stepsweep/bc_baseline_none_steps20000_tr2]:  94%|█████████▍| 18758/20000 [06:32<00:24, 51.25it/s, acc=0.320, device=mps, eta=29s, loss=1.9300, sps=47.8]
BC[stage1_datasets_L40_stepsweep/bc_baseline_none_steps20000_tr2]:  94%|█████████▍| 18764/20000 [06:32<00:29, 42.29it/s, acc=0.320, device=mps, eta=29s, loss=1.9300, sps=47.8]
BC[stage1_datasets_L40_stepsweep/bc_baseline_none_steps20000_tr2]:  94%|█████████▍| 18769/20000 [06:33<00:28, 42.85it/s, acc=0.320, device=mps, eta=29s, loss=1.9300, sps=47.8]
BC[stage1_datasets_L40_stepsweep/bc_baseline_none_steps20000_tr2]:  94%|█████████▍| 18775/20000 [06:33<00:26, 46.52it/s, acc=0.320, device=mps, eta=29s, loss=1.9300, sps=47.8]
BC[stage1_datasets_L40_stepsweep/bc_baseline_none_steps20000_tr2]:  94%|█████████▍| 18781/20000 [06:33<00:31, 39.10it/s, acc=0.320, device=mps, eta=29s, loss=1.9300, sps=47.8]
BC[stage1_datasets_L40_stepsweep/bc_baseline_none_steps20000_tr2]:  94%|█████████▍| 18786/20000 [06:33<00:29, 41.41it/s, acc=0.320, device=mps, eta=29s, loss=1.9300, sps=47.8]
BC[stage1_datasets_L40_stepsweep/bc_baseline_none_steps20000_tr2]:  94%|█████████▍| 18792/20000 [06:33<00:26, 45.35it/s, acc=0.320, device=mps, eta=29s, loss=1.9300, sps=47.8]
BC[stage1_datasets_L40_stepsweep/bc_baseline_none_steps20000_tr2]:  94%|█████████▍| 18799/20000 [06:33<00:23, 50.65it/s, acc=0.320, device=mps, eta=29s, loss=1.9300, sps=47.8]
BC[stage1_datasets_L40_stepsweep/bc_baseline_none_steps20000_tr2]:  94%|█████████▍| 18799/20000 [06:33<00:23, 50.65it/s, acc=0.320, device=mps, eta=25s, loss=1.9471, sps=47.8]
BC[stage1_datasets_L40_stepsweep/bc_baseline_none_steps20000_tr2]:  94%|█████████▍| 18805/20000 [06:33<00:28, 42.61it/s, acc=0.320, device=mps, eta=25s, loss=1.9471, sps=47.8]
BC[stage1_datasets_L40_stepsweep/bc_baseline_none_steps20000_tr2]:  94%|█████████▍| 18812/20000 [06:33<00:24, 48.09it/s, acc=0.320, device=mps, eta=25s, loss=1.9471, sps=47.8]
BC[stage1_datasets_L40_stepsweep/bc_baseline_none_steps20000_tr2]:  94%|█████████▍| 18819/20000 [06:34<00:22, 52.26it/s, acc=0.320, device=mps, eta=25s, loss=1.9471, sps=47.8]
BC[stage1_datasets_L40_stepsweep/bc_baseline_none_steps20000_tr2]:  94%|█████████▍| 18825/20000 [06:34<00:27, 43.38it/s, acc=0.320, device=mps, eta=25s, loss=1.9471, sps=47.8]
BC[stage1_datasets_L40_stepsweep/bc_baseline_none_steps20000_tr2]:  94%|█████████▍| 18831/20000 [06:34<00:25, 46.27it/s, acc=0.320, device=mps, eta=25s, loss=1.9471, sps=47.8]
BC[stage1_datasets_L40_stepsweep/bc_baseline_none_steps20000_tr2]:  94%|█████████▍| 18837/20000 [06:34<00:24, 48.21it/s, acc=0.320, device=mps, eta=25s, loss=1.9471, sps=47.8]
BC[stage1_datasets_L40_stepsweep/bc_baseline_none_steps20000_tr2]:  94%|█████████▍| 18843/20000 [06:34<00:28, 40.20it/s, acc=0.320, device=mps, eta=25s, loss=1.9471, sps=47.8]
BC[stage1_datasets_L40_stepsweep/bc_baseline_none_steps20000_tr2]:  94%|█████████▍| 18850/20000 [06:34<00:25, 45.89it/s, acc=0.320, device=mps, eta=25s, loss=1.9471, sps=47.8]
BC[stage1_datasets_L40_stepsweep/bc_baseline_none_steps20000_tr2]:  94%|█████████▍| 18857/20000 [06:34<00:22, 50.34it/s, acc=0.320, device=mps, eta=25s, loss=1.9471, sps=47.8]
BC[stage1_datasets_L40_stepsweep/bc_baseline_none_steps20000_tr2]:  94%|█████████▍| 18863/20000 [06:35<00:27, 41.47it/s, acc=0.320, device=mps, eta=25s, loss=1.9471, sps=47.8]
BC[stage1_datasets_L40_stepsweep/bc_baseline_none_steps20000_tr2]:  94%|█████████▍| 18869/20000 [06:35<00:25, 44.79it/s, acc=0.320, device=mps, eta=25s, loss=1.9471, sps=47.8]
BC[stage1_datasets_L40_stepsweep/bc_baseline_none_steps20000_tr2]:  94%|█████████▍| 18876/20000 [06:35<00:22, 48.95it/s, acc=0.320, device=mps, eta=25s, loss=1.9471, sps=47.8]
BC[stage1_datasets_L40_stepsweep/bc_baseline_none_steps20000_tr2]:  94%|█████████▍| 18882/20000 [06:35<00:26, 41.41it/s, acc=0.320, device=mps, eta=25s, loss=1.9471, sps=47.8]
BC[stage1_datasets_L40_stepsweep/bc_baseline_none_steps20000_tr2]:  94%|█████████▍| 18890/20000 [06:35<00:22, 49.04it/s, acc=0.320, device=mps, eta=25s, loss=1.9471, sps=47.8]
BC[stage1_datasets_L40_stepsweep/bc_baseline_none_steps20000_tr2]:  94%|█████████▍| 18898/20000 [06:35<00:19, 55.37it/s, acc=0.320, device=mps, eta=25s, loss=1.9471, sps=47.8]
BC[stage1_datasets_L40_stepsweep/bc_baseline_none_steps20000_tr2]:  95%|█████████▍| 18905/20000 [06:35<00:23, 46.73it/s, acc=0.320, device=mps, eta=25s, loss=1.9471, sps=47.8]
BC[stage1_datasets_L40_stepsweep/bc_baseline_none_steps20000_tr2]:  95%|█████████▍| 18913/20000 [06:36<00:20, 53.05it/s, acc=0.320, device=mps, eta=25s, loss=1.9471, sps=47.8]
BC[stage1_datasets_L40_stepsweep/bc_baseline_none_steps20000_tr2]:  95%|█████████▍| 18921/20000 [06:36<00:23, 46.03it/s, acc=0.320, device=mps, eta=25s, loss=1.9471, sps=47.8]
BC[stage1_datasets_L40_stepsweep/bc_baseline_none_steps20000_tr2]:  95%|█████████▍| 18929/20000 [06:36<00:20, 52.31it/s, acc=0.320, device=mps, eta=25s, loss=1.9471, sps=47.8]
BC[stage1_datasets_L40_stepsweep/bc_baseline_none_steps20000_tr2]:  95%|█████████▍| 18937/20000 [06:36<00:18, 57.69it/s, acc=0.320, device=mps, eta=25s, loss=1.9471, sps=47.8]
BC[stage1_datasets_L40_stepsweep/bc_baseline_none_steps20000_tr2]:  95%|█████████▍| 18944/20000 [06:36<00:21, 48.11it/s, acc=0.320, device=mps, eta=25s, loss=1.9471, sps=47.8]
BC[stage1_datasets_L40_stepsweep/bc_baseline_none_steps20000_tr2]:  95%|█████████▍| 18952/20000 [06:36<00:19, 54.19it/s, acc=0.320, device=mps, eta=25s, loss=1.9471, sps=47.8]
BC[stage1_datasets_L40_stepsweep/bc_baseline_none_steps20000_tr2]:  95%|█████████▍| 18960/20000 [06:36<00:17, 59.60it/s, acc=0.320, device=mps, eta=25s, loss=1.9471, sps=47.8]
BC[stage1_datasets_L40_stepsweep/bc_baseline_none_steps20000_tr2]:  95%|█████████▍| 18967/20000 [06:37<00:21, 48.38it/s, acc=0.320, device=mps, eta=25s, loss=1.9471, sps=47.8]
BC[stage1_datasets_L40_stepsweep/bc_baseline_none_steps20000_tr2]:  95%|█████████▍| 18974/20000 [06:37<00:19, 51.46it/s, acc=0.320, device=mps, eta=25s, loss=1.9471, sps=47.8]
BC[stage1_datasets_L40_stepsweep/bc_baseline_none_steps20000_tr2]:  95%|█████████▍| 18981/20000 [06:37<00:23, 42.47it/s, acc=0.320, device=mps, eta=25s, loss=1.9471, sps=47.8]
BC[stage1_datasets_L40_stepsweep/bc_baseline_none_steps20000_tr2]:  95%|█████████▍| 18989/20000 [06:37<00:20, 49.28it/s, acc=0.320, device=mps, eta=25s, loss=1.9471, sps=47.8]
BC[stage1_datasets_L40_stepsweep/bc_baseline_none_steps20000_tr2]:  95%|█████████▍| 18997/20000 [06:37<00:18, 55.16it/s, acc=0.320, device=mps, eta=25s, loss=1.9471, sps=47.8]
BC[stage1_datasets_L40_stepsweep/bc_baseline_none_steps20000_tr2]:  95%|█████████▍| 18997/20000 [06:37<00:18, 55.16it/s, acc=0.322, device=mps, eta=21s, loss=1.9310, sps=47.8]
BC[stage1_datasets_L40_stepsweep/bc_baseline_none_steps20000_tr2]:  95%|█████████▌| 19004/20000 [06:37<00:21, 46.17it/s, acc=0.322, device=mps, eta=21s, loss=1.9310, sps=47.8]
BC[stage1_datasets_L40_stepsweep/bc_baseline_none_steps20000_tr2]:  95%|█████████▌| 19011/20000 [06:38<00:19, 50.18it/s, acc=0.322, device=mps, eta=21s, loss=1.9310, sps=47.8]
BC[stage1_datasets_L40_stepsweep/bc_baseline_none_steps20000_tr2]:  95%|█████████▌| 19018/20000 [06:38<00:18, 53.00it/s, acc=0.322, device=mps, eta=21s, loss=1.9310, sps=47.8]
BC[stage1_datasets_L40_stepsweep/bc_baseline_none_steps20000_tr2]:  95%|█████████▌| 19024/20000 [06:38<00:23, 42.30it/s, acc=0.322, device=mps, eta=21s, loss=1.9310, sps=47.8]
BC[stage1_datasets_L40_stepsweep/bc_baseline_none_steps20000_tr2]:  95%|█████████▌| 19029/20000 [06:38<00:22, 43.05it/s, acc=0.322, device=mps, eta=21s, loss=1.9310, sps=47.8]
BC[stage1_datasets_L40_stepsweep/bc_baseline_none_steps20000_tr2]:  95%|█████████▌| 19035/20000 [06:38<00:21, 45.34it/s, acc=0.322, device=mps, eta=21s, loss=1.9310, sps=47.8]
BC[stage1_datasets_L40_stepsweep/bc_baseline_none_steps20000_tr2]:  95%|█████████▌| 19041/20000 [06:38<00:25, 38.01it/s, acc=0.322, device=mps, eta=21s, loss=1.9310, sps=47.8]
BC[stage1_datasets_L40_stepsweep/bc_baseline_none_steps20000_tr2]:  95%|█████████▌| 19049/20000 [06:38<00:20, 46.10it/s, acc=0.322, device=mps, eta=21s, loss=1.9310, sps=47.8]
BC[stage1_datasets_L40_stepsweep/bc_baseline_none_steps20000_tr2]:  95%|█████████▌| 19057/20000 [06:39<00:17, 53.07it/s, acc=0.322, device=mps, eta=21s, loss=1.9310, sps=47.8]
BC[stage1_datasets_L40_stepsweep/bc_baseline_none_steps20000_tr2]:  95%|█████████▌| 19063/20000 [06:39<00:20, 45.29it/s, acc=0.322, device=mps, eta=21s, loss=1.9310, sps=47.8]
BC[stage1_datasets_L40_stepsweep/bc_baseline_none_steps20000_tr2]:  95%|█████████▌| 19070/20000 [06:39<00:18, 50.31it/s, acc=0.322, device=mps, eta=21s, loss=1.9310, sps=47.8]
BC[stage1_datasets_L40_stepsweep/bc_baseline_none_steps20000_tr2]:  95%|█████████▌| 19077/20000 [06:39<00:16, 54.69it/s, acc=0.322, device=mps, eta=21s, loss=1.9310, sps=47.8]
BC[stage1_datasets_L40_stepsweep/bc_baseline_none_steps20000_tr2]:  95%|█████████▌| 19083/20000 [06:39<00:20, 44.55it/s, acc=0.322, device=mps, eta=21s, loss=1.9310, sps=47.8]
BC[stage1_datasets_L40_stepsweep/bc_baseline_none_steps20000_tr2]:  95%|█████████▌| 19091/20000 [06:39<00:17, 51.52it/s, acc=0.322, device=mps, eta=21s, loss=1.9310, sps=47.8]
BC[stage1_datasets_L40_stepsweep/bc_baseline_none_steps20000_tr2]:  95%|█████████▌| 19099/20000 [06:39<00:15, 56.92it/s, acc=0.322, device=mps, eta=21s, loss=1.9310, sps=47.8]
BC[stage1_datasets_L40_stepsweep/bc_baseline_none_steps20000_tr2]:  96%|█████████▌| 19106/20000 [06:40<00:19, 46.50it/s, acc=0.322, device=mps, eta=21s, loss=1.9310, sps=47.8]
BC[stage1_datasets_L40_stepsweep/bc_baseline_none_steps20000_tr2]:  96%|█████████▌| 19112/20000 [06:40<00:18, 49.01it/s, acc=0.322, device=mps, eta=21s, loss=1.9310, sps=47.8]
BC[stage1_datasets_L40_stepsweep/bc_baseline_none_steps20000_tr2]:  96%|█████████▌| 19118/20000 [06:40<00:17, 50.93it/s, acc=0.322, device=mps, eta=21s, loss=1.9310, sps=47.8]
BC[stage1_datasets_L40_stepsweep/bc_baseline_none_steps20000_tr2]:  96%|█████████▌| 19124/20000 [06:40<00:21, 41.56it/s, acc=0.322, device=mps, eta=21s, loss=1.9310, sps=47.8]
BC[stage1_datasets_L40_stepsweep/bc_baseline_none_steps20000_tr2]:  96%|█████████▌| 19130/20000 [06:40<00:19, 44.32it/s, acc=0.322, device=mps, eta=21s, loss=1.9310, sps=47.8]
BC[stage1_datasets_L40_stepsweep/bc_baseline_none_steps20000_tr2]:  96%|█████████▌| 19136/20000 [06:40<00:18, 47.88it/s, acc=0.322, device=mps, eta=21s, loss=1.9310, sps=47.8]
BC[stage1_datasets_L40_stepsweep/bc_baseline_none_steps20000_tr2]:  96%|█████████▌| 19142/20000 [06:40<00:21, 39.71it/s, acc=0.322, device=mps, eta=21s, loss=1.9310, sps=47.8]
BC[stage1_datasets_L40_stepsweep/bc_baseline_none_steps20000_tr2]:  96%|█████████▌| 19148/20000 [06:41<00:19, 43.68it/s, acc=0.322, device=mps, eta=21s, loss=1.9310, sps=47.8]
BC[stage1_datasets_L40_stepsweep/bc_baseline_none_steps20000_tr2]:  96%|█████████▌| 19154/20000 [06:41<00:18, 45.78it/s, acc=0.322, device=mps, eta=21s, loss=1.9310, sps=47.8]
BC[stage1_datasets_L40_stepsweep/bc_baseline_none_steps20000_tr2]:  96%|█████████▌| 19161/20000 [06:41<00:21, 39.03it/s, acc=0.322, device=mps, eta=21s, loss=1.9310, sps=47.8]
BC[stage1_datasets_L40_stepsweep/bc_baseline_none_steps20000_tr2]:  96%|█████████▌| 19167/20000 [06:41<00:19, 43.32it/s, acc=0.322, device=mps, eta=21s, loss=1.9310, sps=47.8]
BC[stage1_datasets_L40_stepsweep/bc_baseline_none_steps20000_tr2]:  96%|█████████▌| 19173/20000 [06:41<00:17, 47.10it/s, acc=0.322, device=mps, eta=21s, loss=1.9310, sps=47.8]
BC[stage1_datasets_L40_stepsweep/bc_baseline_none_steps20000_tr2]:  96%|█████████▌| 19181/20000 [06:41<00:19, 41.65it/s, acc=0.322, device=mps, eta=21s, loss=1.9310, sps=47.8]
BC[stage1_datasets_L40_stepsweep/bc_baseline_none_steps20000_tr2]:  96%|█████████▌| 19186/20000 [06:41<00:19, 42.40it/s, acc=0.322, device=mps, eta=21s, loss=1.9310, sps=47.8]
BC[stage1_datasets_L40_stepsweep/bc_baseline_none_steps20000_tr2]:  96%|█████████▌| 19192/20000 [06:42<00:17, 45.87it/s, acc=0.322, device=mps, eta=21s, loss=1.9310, sps=47.8]
BC[stage1_datasets_L40_stepsweep/bc_baseline_none_steps20000_tr2]:  96%|█████████▌| 19199/20000 [06:42<00:15, 50.77it/s, acc=0.322, device=mps, eta=21s, loss=1.9310, sps=47.8]
BC[stage1_datasets_L40_stepsweep/bc_baseline_none_steps20000_tr2]:  96%|█████████▌| 19199/20000 [06:42<00:15, 50.77it/s, acc=0.319, device=mps, eta=17s, loss=1.9447, sps=47.7]
BC[stage1_datasets_L40_stepsweep/bc_baseline_none_steps20000_tr2]:  96%|█████████▌| 19205/20000 [06:42<00:18, 43.25it/s, acc=0.319, device=mps, eta=17s, loss=1.9447, sps=47.7]
BC[stage1_datasets_L40_stepsweep/bc_baseline_none_steps20000_tr2]:  96%|█████████▌| 19212/20000 [06:42<00:15, 49.26it/s, acc=0.319, device=mps, eta=17s, loss=1.9447, sps=47.7]
BC[stage1_datasets_L40_stepsweep/bc_baseline_none_steps20000_tr2]:  96%|█████████▌| 19220/20000 [06:42<00:13, 56.13it/s, acc=0.319, device=mps, eta=17s, loss=1.9447, sps=47.7]
BC[stage1_datasets_L40_stepsweep/bc_baseline_none_steps20000_tr2]:  96%|█████████▌| 19227/20000 [06:42<00:16, 45.92it/s, acc=0.319, device=mps, eta=17s, loss=1.9447, sps=47.7]
BC[stage1_datasets_L40_stepsweep/bc_baseline_none_steps20000_tr2]:  96%|█████████▌| 19233/20000 [06:42<00:15, 48.74it/s, acc=0.319, device=mps, eta=17s, loss=1.9447, sps=47.7]
BC[stage1_datasets_L40_stepsweep/bc_baseline_none_steps20000_tr2]:  96%|█████████▌| 19239/20000 [06:42<00:15, 50.17it/s, acc=0.319, device=mps, eta=17s, loss=1.9447, sps=47.7]
BC[stage1_datasets_L40_stepsweep/bc_baseline_none_steps20000_tr2]:  96%|█████████▌| 19245/20000 [06:43<00:18, 41.89it/s, acc=0.319, device=mps, eta=17s, loss=1.9447, sps=47.7]
BC[stage1_datasets_L40_stepsweep/bc_baseline_none_steps20000_tr2]:  96%|█████████▋| 19251/20000 [06:43<00:16, 44.51it/s, acc=0.319, device=mps, eta=17s, loss=1.9447, sps=47.7]
BC[stage1_datasets_L40_stepsweep/bc_baseline_none_steps20000_tr2]:  96%|█████████▋| 19257/20000 [06:43<00:15, 48.00it/s, acc=0.319, device=mps, eta=17s, loss=1.9447, sps=47.7]
BC[stage1_datasets_L40_stepsweep/bc_baseline_none_steps20000_tr2]:  96%|█████████▋| 19263/20000 [06:43<00:18, 39.32it/s, acc=0.319, device=mps, eta=17s, loss=1.9447, sps=47.7]
BC[stage1_datasets_L40_stepsweep/bc_baseline_none_steps20000_tr2]:  96%|█████████▋| 19270/20000 [06:43<00:16, 45.54it/s, acc=0.319, device=mps, eta=17s, loss=1.9447, sps=47.7]
BC[stage1_datasets_L40_stepsweep/bc_baseline_none_steps20000_tr2]:  96%|█████████▋| 19276/20000 [06:43<00:15, 47.89it/s, acc=0.319, device=mps, eta=17s, loss=1.9447, sps=47.7]
BC[stage1_datasets_L40_stepsweep/bc_baseline_none_steps20000_tr2]:  96%|█████████▋| 19282/20000 [06:44<00:17, 40.70it/s, acc=0.319, device=mps, eta=17s, loss=1.9447, sps=47.7]
BC[stage1_datasets_L40_stepsweep/bc_baseline_none_steps20000_tr2]:  96%|█████████▋| 19290/20000 [06:44<00:14, 48.59it/s, acc=0.319, device=mps, eta=17s, loss=1.9447, sps=47.7]
BC[stage1_datasets_L40_stepsweep/bc_baseline_none_steps20000_tr2]:  96%|█████████▋| 19298/20000 [06:44<00:12, 54.75it/s, acc=0.319, device=mps, eta=17s, loss=1.9447, sps=47.7]
BC[stage1_datasets_L40_stepsweep/bc_baseline_none_steps20000_tr2]:  97%|█████████▋| 19304/20000 [06:44<00:15, 45.29it/s, acc=0.319, device=mps, eta=17s, loss=1.9447, sps=47.7]
BC[stage1_datasets_L40_stepsweep/bc_baseline_none_steps20000_tr2]:  97%|█████████▋| 19311/20000 [06:44<00:13, 49.39it/s, acc=0.319, device=mps, eta=17s, loss=1.9447, sps=47.7]
BC[stage1_datasets_L40_stepsweep/bc_baseline_none_steps20000_tr2]:  97%|█████████▋| 19318/20000 [06:44<00:12, 53.11it/s, acc=0.319, device=mps, eta=17s, loss=1.9447, sps=47.7]
BC[stage1_datasets_L40_stepsweep/bc_baseline_none_steps20000_tr2]:  97%|█████████▋| 19324/20000 [06:44<00:15, 44.16it/s, acc=0.319, device=mps, eta=17s, loss=1.9447, sps=47.7]
BC[stage1_datasets_L40_stepsweep/bc_baseline_none_steps20000_tr2]:  97%|█████████▋| 19330/20000 [06:44<00:14, 47.32it/s, acc=0.319, device=mps, eta=17s, loss=1.9447, sps=47.7]
BC[stage1_datasets_L40_stepsweep/bc_baseline_none_steps20000_tr2]:  97%|█████████▋| 19336/20000 [06:45<00:13, 49.14it/s, acc=0.319, device=mps, eta=17s, loss=1.9447, sps=47.7]
BC[stage1_datasets_L40_stepsweep/bc_baseline_none_steps20000_tr2]:  97%|█████████▋| 19342/20000 [06:45<00:16, 40.04it/s, acc=0.319, device=mps, eta=17s, loss=1.9447, sps=47.7]
BC[stage1_datasets_L40_stepsweep/bc_baseline_none_steps20000_tr2]:  97%|█████████▋| 19348/20000 [06:45<00:14, 43.97it/s, acc=0.319, device=mps, eta=17s, loss=1.9447, sps=47.7]
BC[stage1_datasets_L40_stepsweep/bc_baseline_none_steps20000_tr2]:  97%|█████████▋| 19355/20000 [06:45<00:13, 48.59it/s, acc=0.319, device=mps, eta=17s, loss=1.9447, sps=47.7]
BC[stage1_datasets_L40_stepsweep/bc_baseline_none_steps20000_tr2]:  97%|█████████▋| 19361/20000 [06:45<00:15, 41.01it/s, acc=0.319, device=mps, eta=17s, loss=1.9447, sps=47.7]
BC[stage1_datasets_L40_stepsweep/bc_baseline_none_steps20000_tr2]:  97%|█████████▋| 19369/20000 [06:45<00:12, 48.84it/s, acc=0.319, device=mps, eta=17s, loss=1.9447, sps=47.7]
BC[stage1_datasets_L40_stepsweep/bc_baseline_none_steps20000_tr2]:  97%|█████████▋| 19377/20000 [06:45<00:11, 55.28it/s, acc=0.319, device=mps, eta=17s, loss=1.9447, sps=47.7]
BC[stage1_datasets_L40_stepsweep/bc_baseline_none_steps20000_tr2]:  97%|█████████▋| 19384/20000 [06:46<00:13, 46.91it/s, acc=0.319, device=mps, eta=17s, loss=1.9447, sps=47.7]
BC[stage1_datasets_L40_stepsweep/bc_baseline_none_steps20000_tr2]:  97%|█████████▋| 19391/20000 [06:46<00:12, 50.71it/s, acc=0.319, device=mps, eta=17s, loss=1.9447, sps=47.7]
BC[stage1_datasets_L40_stepsweep/bc_baseline_none_steps20000_tr2]:  97%|█████████▋| 19397/20000 [06:46<00:11, 52.52it/s, acc=0.319, device=mps, eta=17s, loss=1.9447, sps=47.7]
BC[stage1_datasets_L40_stepsweep/bc_baseline_none_steps20000_tr2]:  97%|█████████▋| 19397/20000 [06:46<00:11, 52.52it/s, acc=0.324, device=mps, eta=13s, loss=1.9269, sps=47.7]
BC[stage1_datasets_L40_stepsweep/bc_baseline_none_steps20000_tr2]:  97%|█████████▋| 19403/20000 [06:46<00:14, 42.40it/s, acc=0.324, device=mps, eta=13s, loss=1.9269, sps=47.7]
BC[stage1_datasets_L40_stepsweep/bc_baseline_none_steps20000_tr2]:  97%|█████████▋| 19409/20000 [06:46<00:13, 44.91it/s, acc=0.324, device=mps, eta=13s, loss=1.9269, sps=47.7]
BC[stage1_datasets_L40_stepsweep/bc_baseline_none_steps20000_tr2]:  97%|█████████▋| 19415/20000 [06:46<00:12, 47.54it/s, acc=0.324, device=mps, eta=13s, loss=1.9269, sps=47.7]
BC[stage1_datasets_L40_stepsweep/bc_baseline_none_steps20000_tr2]:  97%|█████████▋| 19421/20000 [06:46<00:14, 39.39it/s, acc=0.324, device=mps, eta=13s, loss=1.9269, sps=47.7]
BC[stage1_datasets_L40_stepsweep/bc_baseline_none_steps20000_tr2]:  97%|█████████▋| 19427/20000 [06:47<00:13, 42.27it/s, acc=0.324, device=mps, eta=13s, loss=1.9269, sps=47.7]
BC[stage1_datasets_L40_stepsweep/bc_baseline_none_steps20000_tr2]:  97%|█████████▋| 19434/20000 [06:47<00:11, 47.37it/s, acc=0.324, device=mps, eta=13s, loss=1.9269, sps=47.7]
BC[stage1_datasets_L40_stepsweep/bc_baseline_none_steps20000_tr2]:  97%|█████████▋| 19441/20000 [06:47<00:13, 41.74it/s, acc=0.324, device=mps, eta=13s, loss=1.9269, sps=47.7]
BC[stage1_datasets_L40_stepsweep/bc_baseline_none_steps20000_tr2]:  97%|█████████▋| 19449/20000 [06:47<00:11, 49.18it/s, acc=0.324, device=mps, eta=13s, loss=1.9269, sps=47.7]
BC[stage1_datasets_L40_stepsweep/bc_baseline_none_steps20000_tr2]:  97%|█████████▋| 19457/20000 [06:47<00:09, 55.13it/s, acc=0.324, device=mps, eta=13s, loss=1.9269, sps=47.7]
BC[stage1_datasets_L40_stepsweep/bc_baseline_none_steps20000_tr2]:  97%|█████████▋| 19464/20000 [06:47<00:11, 46.67it/s, acc=0.324, device=mps, eta=13s, loss=1.9269, sps=47.7]
BC[stage1_datasets_L40_stepsweep/bc_baseline_none_steps20000_tr2]:  97%|█████████▋| 19472/20000 [06:47<00:09, 53.29it/s, acc=0.324, device=mps, eta=13s, loss=1.9269, sps=47.7]
BC[stage1_datasets_L40_stepsweep/bc_baseline_none_steps20000_tr2]:  97%|█████████▋| 19480/20000 [06:48<00:08, 59.55it/s, acc=0.324, device=mps, eta=13s, loss=1.9269, sps=47.7]
BC[stage1_datasets_L40_stepsweep/bc_baseline_none_steps20000_tr2]:  97%|█████████▋| 19487/20000 [06:48<00:10, 48.58it/s, acc=0.324, device=mps, eta=13s, loss=1.9269, sps=47.7]
BC[stage1_datasets_L40_stepsweep/bc_baseline_none_steps20000_tr2]:  97%|█████████▋| 19494/20000 [06:48<00:09, 51.71it/s, acc=0.324, device=mps, eta=13s, loss=1.9269, sps=47.7]
BC[stage1_datasets_L40_stepsweep/bc_baseline_none_steps20000_tr2]:  98%|█████████▊| 19501/20000 [06:48<00:11, 43.02it/s, acc=0.324, device=mps, eta=13s, loss=1.9269, sps=47.7]
BC[stage1_datasets_L40_stepsweep/bc_baseline_none_steps20000_tr2]:  98%|█████████▊| 19509/20000 [06:48<00:09, 49.87it/s, acc=0.324, device=mps, eta=13s, loss=1.9269, sps=47.7]
BC[stage1_datasets_L40_stepsweep/bc_baseline_none_steps20000_tr2]:  98%|█████████▊| 19517/20000 [06:48<00:08, 55.97it/s, acc=0.324, device=mps, eta=13s, loss=1.9269, sps=47.7]
BC[stage1_datasets_L40_stepsweep/bc_baseline_none_steps20000_tr2]:  98%|█████████▊| 19524/20000 [06:49<00:10, 47.10it/s, acc=0.324, device=mps, eta=13s, loss=1.9269, sps=47.7]
BC[stage1_datasets_L40_stepsweep/bc_baseline_none_steps20000_tr2]:  98%|█████████▊| 19532/20000 [06:49<00:08, 53.33it/s, acc=0.324, device=mps, eta=13s, loss=1.9269, sps=47.7]
BC[stage1_datasets_L40_stepsweep/bc_baseline_none_steps20000_tr2]:  98%|█████████▊| 19540/20000 [06:49<00:07, 59.44it/s, acc=0.324, device=mps, eta=13s, loss=1.9269, sps=47.7]
BC[stage1_datasets_L40_stepsweep/bc_baseline_none_steps20000_tr2]:  98%|█████████▊| 19547/20000 [06:49<00:09, 48.33it/s, acc=0.324, device=mps, eta=13s, loss=1.9269, sps=47.7]
BC[stage1_datasets_L40_stepsweep/bc_baseline_none_steps20000_tr2]:  98%|█████████▊| 19554/20000 [06:49<00:08, 51.78it/s, acc=0.324, device=mps, eta=13s, loss=1.9269, sps=47.7]
BC[stage1_datasets_L40_stepsweep/bc_baseline_none_steps20000_tr2]:  98%|█████████▊| 19561/20000 [06:49<00:10, 43.25it/s, acc=0.324, device=mps, eta=13s, loss=1.9269, sps=47.7]
BC[stage1_datasets_L40_stepsweep/bc_baseline_none_steps20000_tr2]:  98%|█████████▊| 19569/20000 [06:49<00:08, 50.06it/s, acc=0.324, device=mps, eta=13s, loss=1.9269, sps=47.7]
BC[stage1_datasets_L40_stepsweep/bc_baseline_none_steps20000_tr2]:  98%|█████████▊| 19577/20000 [06:49<00:07, 55.73it/s, acc=0.324, device=mps, eta=13s, loss=1.9269, sps=47.7]
BC[stage1_datasets_L40_stepsweep/bc_baseline_none_steps20000_tr2]:  98%|█████████▊| 19584/20000 [06:50<00:08, 46.91it/s, acc=0.324, device=mps, eta=13s, loss=1.9269, sps=47.7]
BC[stage1_datasets_L40_stepsweep/bc_baseline_none_steps20000_tr2]:  98%|█████████▊| 19592/20000 [06:50<00:07, 53.18it/s, acc=0.324, device=mps, eta=13s, loss=1.9269, sps=47.7]
BC[stage1_datasets_L40_stepsweep/bc_baseline_none_steps20000_tr2]:  98%|█████████▊| 19592/20000 [06:50<00:07, 53.18it/s, acc=0.319, device=mps, eta=8s, loss=1.9476, sps=47.8] 
BC[stage1_datasets_L40_stepsweep/bc_baseline_none_steps20000_tr2]:  98%|█████████▊| 19600/20000 [06:50<00:06, 59.21it/s, acc=0.319, device=mps, eta=8s, loss=1.9476, sps=47.8]
BC[stage1_datasets_L40_stepsweep/bc_baseline_none_steps20000_tr2]:  98%|█████████▊| 19607/20000 [06:50<00:08, 48.31it/s, acc=0.319, device=mps, eta=8s, loss=1.9476, sps=47.8]
BC[stage1_datasets_L40_stepsweep/bc_baseline_none_steps20000_tr2]:  98%|█████████▊| 19613/20000 [06:50<00:07, 50.80it/s, acc=0.319, device=mps, eta=8s, loss=1.9476, sps=47.8]
BC[stage1_datasets_L40_stepsweep/bc_baseline_none_steps20000_tr2]:  98%|█████████▊| 19620/20000 [06:50<00:07, 54.20it/s, acc=0.319, device=mps, eta=8s, loss=1.9476, sps=47.8]
BC[stage1_datasets_L40_stepsweep/bc_baseline_none_steps20000_tr2]:  98%|█████████▊| 19626/20000 [06:51<00:08, 43.65it/s, acc=0.319, device=mps, eta=8s, loss=1.9476, sps=47.8]
BC[stage1_datasets_L40_stepsweep/bc_baseline_none_steps20000_tr2]:  98%|█████████▊| 19632/20000 [06:51<00:07, 46.66it/s, acc=0.319, device=mps, eta=8s, loss=1.9476, sps=47.8]
BC[stage1_datasets_L40_stepsweep/bc_baseline_none_steps20000_tr2]:  98%|█████████▊| 19638/20000 [06:51<00:07, 48.66it/s, acc=0.319, device=mps, eta=8s, loss=1.9476, sps=47.8]
BC[stage1_datasets_L40_stepsweep/bc_baseline_none_steps20000_tr2]:  98%|█████████▊| 19644/20000 [06:51<00:08, 40.14it/s, acc=0.319, device=mps, eta=8s, loss=1.9476, sps=47.8]
BC[stage1_datasets_L40_stepsweep/bc_baseline_none_steps20000_tr2]:  98%|█████████▊| 19650/20000 [06:51<00:08, 43.48it/s, acc=0.319, device=mps, eta=8s, loss=1.9476, sps=47.8]
BC[stage1_datasets_L40_stepsweep/bc_baseline_none_steps20000_tr2]:  98%|█████████▊| 19656/20000 [06:51<00:07, 46.57it/s, acc=0.319, device=mps, eta=8s, loss=1.9476, sps=47.8]
BC[stage1_datasets_L40_stepsweep/bc_baseline_none_steps20000_tr2]:  98%|█████████▊| 19662/20000 [06:51<00:08, 40.41it/s, acc=0.319, device=mps, eta=8s, loss=1.9476, sps=47.8]
BC[stage1_datasets_L40_stepsweep/bc_baseline_none_steps20000_tr2]:  98%|█████████▊| 19670/20000 [06:51<00:06, 48.51it/s, acc=0.319, device=mps, eta=8s, loss=1.9476, sps=47.8]
BC[stage1_datasets_L40_stepsweep/bc_baseline_none_steps20000_tr2]:  98%|█████████▊| 19678/20000 [06:52<00:05, 55.51it/s, acc=0.319, device=mps, eta=8s, loss=1.9476, sps=47.8]
BC[stage1_datasets_L40_stepsweep/bc_baseline_none_steps20000_tr2]:  98%|█████████▊| 19685/20000 [06:52<00:06, 47.36it/s, acc=0.319, device=mps, eta=8s, loss=1.9476, sps=47.8]
BC[stage1_datasets_L40_stepsweep/bc_baseline_none_steps20000_tr2]:  98%|█████████▊| 19692/20000 [06:52<00:05, 51.87it/s, acc=0.319, device=mps, eta=8s, loss=1.9476, sps=47.8]
BC[stage1_datasets_L40_stepsweep/bc_baseline_none_steps20000_tr2]:  98%|█████████▊| 19699/20000 [06:52<00:05, 54.96it/s, acc=0.319, device=mps, eta=8s, loss=1.9476, sps=47.8]
BC[stage1_datasets_L40_stepsweep/bc_baseline_none_steps20000_tr2]:  99%|█████████▊| 19705/20000 [06:52<00:06, 43.82it/s, acc=0.319, device=mps, eta=8s, loss=1.9476, sps=47.8]
BC[stage1_datasets_L40_stepsweep/bc_baseline_none_steps20000_tr2]:  99%|█████████▊| 19710/20000 [06:52<00:06, 44.51it/s, acc=0.319, device=mps, eta=8s, loss=1.9476, sps=47.8]
BC[stage1_datasets_L40_stepsweep/bc_baseline_none_steps20000_tr2]:  99%|█████████▊| 19717/20000 [06:52<00:05, 49.07it/s, acc=0.319, device=mps, eta=8s, loss=1.9476, sps=47.8]
BC[stage1_datasets_L40_stepsweep/bc_baseline_none_steps20000_tr2]:  99%|█████████▊| 19723/20000 [06:53<00:06, 41.57it/s, acc=0.319, device=mps, eta=8s, loss=1.9476, sps=47.8]
BC[stage1_datasets_L40_stepsweep/bc_baseline_none_steps20000_tr2]:  99%|█████████▊| 19731/20000 [06:53<00:05, 49.75it/s, acc=0.319, device=mps, eta=8s, loss=1.9476, sps=47.8]
BC[stage1_datasets_L40_stepsweep/bc_baseline_none_steps20000_tr2]:  99%|█████████▊| 19739/20000 [06:53<00:04, 56.79it/s, acc=0.319, device=mps, eta=8s, loss=1.9476, sps=47.8]
BC[stage1_datasets_L40_stepsweep/bc_baseline_none_steps20000_tr2]:  99%|█████████▊| 19746/20000 [06:53<00:05, 48.55it/s, acc=0.319, device=mps, eta=8s, loss=1.9476, sps=47.8]
BC[stage1_datasets_L40_stepsweep/bc_baseline_none_steps20000_tr2]:  99%|█████████▉| 19754/20000 [06:53<00:04, 54.40it/s, acc=0.319, device=mps, eta=8s, loss=1.9476, sps=47.8]
BC[stage1_datasets_L40_stepsweep/bc_baseline_none_steps20000_tr2]:  99%|█████████▉| 19761/20000 [06:53<00:05, 45.62it/s, acc=0.319, device=mps, eta=8s, loss=1.9476, sps=47.8]
BC[stage1_datasets_L40_stepsweep/bc_baseline_none_steps20000_tr2]:  99%|█████████▉| 19769/20000 [06:53<00:04, 52.21it/s, acc=0.319, device=mps, eta=8s, loss=1.9476, sps=47.8]
BC[stage1_datasets_L40_stepsweep/bc_baseline_none_steps20000_tr2]:  99%|█████████▉| 19777/20000 [06:54<00:03, 57.91it/s, acc=0.319, device=mps, eta=8s, loss=1.9476, sps=47.8]
BC[stage1_datasets_L40_stepsweep/bc_baseline_none_steps20000_tr2]:  99%|█████████▉| 19784/20000 [06:54<00:04, 46.42it/s, acc=0.319, device=mps, eta=8s, loss=1.9476, sps=47.8]
BC[stage1_datasets_L40_stepsweep/bc_baseline_none_steps20000_tr2]:  99%|█████████▉| 19790/20000 [06:54<00:04, 48.23it/s, acc=0.319, device=mps, eta=8s, loss=1.9476, sps=47.8]
BC[stage1_datasets_L40_stepsweep/bc_baseline_none_steps20000_tr2]:  99%|█████████▉| 19797/20000 [06:54<00:03, 52.15it/s, acc=0.319, device=mps, eta=8s, loss=1.9476, sps=47.8]
BC[stage1_datasets_L40_stepsweep/bc_baseline_none_steps20000_tr2]:  99%|█████████▉| 19797/20000 [06:54<00:03, 52.15it/s, acc=0.325, device=mps, eta=4s, loss=1.9264, sps=47.8]
BC[stage1_datasets_L40_stepsweep/bc_baseline_none_steps20000_tr2]:  99%|█████████▉| 19803/20000 [06:54<00:04, 44.52it/s, acc=0.325, device=mps, eta=4s, loss=1.9264, sps=47.8]
BC[stage1_datasets_L40_stepsweep/bc_baseline_none_steps20000_tr2]:  99%|█████████▉| 19811/20000 [06:54<00:03, 51.29it/s, acc=0.325, device=mps, eta=4s, loss=1.9264, sps=47.8]
BC[stage1_datasets_L40_stepsweep/bc_baseline_none_steps20000_tr2]:  99%|█████████▉| 19819/20000 [06:54<00:03, 57.54it/s, acc=0.325, device=mps, eta=4s, loss=1.9264, sps=47.8]
BC[stage1_datasets_L40_stepsweep/bc_baseline_none_steps20000_tr2]:  99%|█████████▉| 19826/20000 [06:55<00:03, 47.63it/s, acc=0.325, device=mps, eta=4s, loss=1.9264, sps=47.8]
BC[stage1_datasets_L40_stepsweep/bc_baseline_none_steps20000_tr2]:  99%|█████████▉| 19832/20000 [06:55<00:03, 49.75it/s, acc=0.325, device=mps, eta=4s, loss=1.9264, sps=47.8]
BC[stage1_datasets_L40_stepsweep/bc_baseline_none_steps20000_tr2]:  99%|█████████▉| 19838/20000 [06:55<00:03, 50.91it/s, acc=0.325, device=mps, eta=4s, loss=1.9264, sps=47.8]
BC[stage1_datasets_L40_stepsweep/bc_baseline_none_steps20000_tr2]:  99%|█████████▉| 19844/20000 [06:55<00:03, 41.87it/s, acc=0.325, device=mps, eta=4s, loss=1.9264, sps=47.8]
BC[stage1_datasets_L40_stepsweep/bc_baseline_none_steps20000_tr2]:  99%|█████████▉| 19851/20000 [06:55<00:03, 47.50it/s, acc=0.325, device=mps, eta=4s, loss=1.9264, sps=47.8]
BC[stage1_datasets_L40_stepsweep/bc_baseline_none_steps20000_tr2]:  99%|█████████▉| 19857/20000 [06:55<00:02, 50.28it/s, acc=0.325, device=mps, eta=4s, loss=1.9264, sps=47.8]
BC[stage1_datasets_L40_stepsweep/bc_baseline_none_steps20000_tr2]:  99%|█████████▉| 19863/20000 [06:55<00:03, 42.08it/s, acc=0.325, device=mps, eta=4s, loss=1.9264, sps=47.8]
BC[stage1_datasets_L40_stepsweep/bc_baseline_none_steps20000_tr2]:  99%|█████████▉| 19870/20000 [06:56<00:02, 46.77it/s, acc=0.325, device=mps, eta=4s, loss=1.9264, sps=47.8]
BC[stage1_datasets_L40_stepsweep/bc_baseline_none_steps20000_tr2]:  99%|█████████▉| 19876/20000 [06:56<00:02, 49.42it/s, acc=0.325, device=mps, eta=4s, loss=1.9264, sps=47.8]
BC[stage1_datasets_L40_stepsweep/bc_baseline_none_steps20000_tr2]:  99%|█████████▉| 19882/20000 [06:56<00:02, 40.77it/s, acc=0.325, device=mps, eta=4s, loss=1.9264, sps=47.8]
BC[stage1_datasets_L40_stepsweep/bc_baseline_none_steps20000_tr2]:  99%|█████████▉| 19890/20000 [06:56<00:02, 48.51it/s, acc=0.325, device=mps, eta=4s, loss=1.9264, sps=47.8]
BC[stage1_datasets_L40_stepsweep/bc_baseline_none_steps20000_tr2]:  99%|█████████▉| 19898/20000 [06:56<00:01, 54.57it/s, acc=0.325, device=mps, eta=4s, loss=1.9264, sps=47.8]
BC[stage1_datasets_L40_stepsweep/bc_baseline_none_steps20000_tr2]: 100%|█████████▉| 19904/20000 [06:56<00:02, 45.54it/s, acc=0.325, device=mps, eta=4s, loss=1.9264, sps=47.8]
BC[stage1_datasets_L40_stepsweep/bc_baseline_none_steps20000_tr2]: 100%|█████████▉| 19912/20000 [06:56<00:01, 52.72it/s, acc=0.325, device=mps, eta=4s, loss=1.9264, sps=47.8]
BC[stage1_datasets_L40_stepsweep/bc_baseline_none_steps20000_tr2]: 100%|█████████▉| 19920/20000 [06:57<00:01, 59.26it/s, acc=0.325, device=mps, eta=4s, loss=1.9264, sps=47.8]
BC[stage1_datasets_L40_stepsweep/bc_baseline_none_steps20000_tr2]: 100%|█████████▉| 19927/20000 [06:57<00:01, 48.37it/s, acc=0.325, device=mps, eta=4s, loss=1.9264, sps=47.8]
BC[stage1_datasets_L40_stepsweep/bc_baseline_none_steps20000_tr2]: 100%|█████████▉| 19934/20000 [06:57<00:01, 52.43it/s, acc=0.325, device=mps, eta=4s, loss=1.9264, sps=47.8]
BC[stage1_datasets_L40_stepsweep/bc_baseline_none_steps20000_tr2]: 100%|█████████▉| 19941/20000 [06:57<00:01, 43.78it/s, acc=0.325, device=mps, eta=4s, loss=1.9264, sps=47.8]
BC[stage1_datasets_L40_stepsweep/bc_baseline_none_steps20000_tr2]: 100%|█████████▉| 19949/20000 [06:57<00:01, 50.47it/s, acc=0.325, device=mps, eta=4s, loss=1.9264, sps=47.8]
BC[stage1_datasets_L40_stepsweep/bc_baseline_none_steps20000_tr2]: 100%|█████████▉| 19957/20000 [06:57<00:00, 55.65it/s, acc=0.325, device=mps, eta=4s, loss=1.9264, sps=47.8]
BC[stage1_datasets_L40_stepsweep/bc_baseline_none_steps20000_tr2]: 100%|█████████▉| 19964/20000 [06:57<00:00, 46.03it/s, acc=0.325, device=mps, eta=4s, loss=1.9264, sps=47.8]
BC[stage1_datasets_L40_stepsweep/bc_baseline_none_steps20000_tr2]: 100%|█████████▉| 19970/20000 [06:58<00:00, 46.93it/s, acc=0.325, device=mps, eta=4s, loss=1.9264, sps=47.8]
BC[stage1_datasets_L40_stepsweep/bc_baseline_none_steps20000_tr2]: 100%|█████████▉| 19976/20000 [06:58<00:00, 49.48it/s, acc=0.325, device=mps, eta=4s, loss=1.9264, sps=47.8]
BC[stage1_datasets_L40_stepsweep/bc_baseline_none_steps20000_tr2]: 100%|█████████▉| 19982/20000 [06:58<00:00, 41.78it/s, acc=0.325, device=mps, eta=4s, loss=1.9264, sps=47.8]
BC[stage1_datasets_L40_stepsweep/bc_baseline_none_steps20000_tr2]: 100%|█████████▉| 19990/20000 [06:58<00:00, 49.14it/s, acc=0.325, device=mps, eta=4s, loss=1.9264, sps=47.8]
BC[stage1_datasets_L40_stepsweep/bc_baseline_none_steps20000_tr2]: 100%|█████████▉| 19998/20000 [06:58<00:00, 54.88it/s, acc=0.325, device=mps, eta=4s, loss=1.9264, sps=47.8]
BC[stage1_datasets_L40_stepsweep/bc_baseline_none_steps20000_tr2]: 100%|█████████▉| 19998/20000 [06:58<00:00, 54.88it/s, acc=0.316, device=mps, eta=0s, loss=1.9433, sps=47.8]
BC[stage1_datasets_L40_stepsweep/bc_baseline_none_steps20000_tr2]: 100%|██████████| 20000/20000 [06:58<00:00, 47.77it/s, acc=0.316, device=mps, eta=0s, loss=1.9433, sps=47.8]
Saved checkpoint: runs/stage1_datasets_L40_stepsweep/bc_baseline_none_steps20000_tr2/bc_ckpt.pt (elapsed 6m59s)
