$ /Users/marcovizcarra/miniforge3/envs/procgen-augmented-rl/bin/python -u scripts/train_bc_min.py --dataset-root data/stage1_datasets_L40/shift4_scale_0p8_1p2 --run-name stage1_datasets_L40_stepsweep/bc_shift4_scale_0p8_1p2_steps10000_tr2 --steps 10000 --batch-size 256 --lr 0.0003 --seed 2 --device auto

Device: mps
Run: stage1_datasets_L40_stepsweep/bc_shift4_scale_0p8_1p2_steps10000_tr2 | steps=10000 | batch_size=256 | lr=0.0003 | seed=2
Data: NPZ(manifest=data/stage1_datasets_L40/shift4_scale_0p8_1p2/manifest.json)

BC[stage1_datasets_L40_stepsweep/bc_shift4_scale_0p8_1p2_steps10000_tr2]:   0%|          | 0/10000 [00:00<?, ?it/s]
BC[stage1_datasets_L40_stepsweep/bc_shift4_scale_0p8_1p2_steps10000_tr2]:   0%|          | 0/10000 [00:00<?, ?it/s, acc=0.160, device=mps, eta=1h38m29s, loss=2.6955, sps=1.7]
BC[stage1_datasets_L40_stepsweep/bc_shift4_scale_0p8_1p2_steps10000_tr2]:   0%|          | 1/10000 [00:00<1:36:19,  1.73it/s, acc=0.160, device=mps, eta=1h38m29s, loss=2.6955, sps=1.7]
BC[stage1_datasets_L40_stepsweep/bc_shift4_scale_0p8_1p2_steps10000_tr2]:   0%|          | 6/10000 [00:00<14:49, 11.24it/s, acc=0.160, device=mps, eta=1h38m29s, loss=2.6955, sps=1.7]  
BC[stage1_datasets_L40_stepsweep/bc_shift4_scale_0p8_1p2_steps10000_tr2]:   0%|          | 14/10000 [00:00<06:21, 26.18it/s, acc=0.160, device=mps, eta=1h38m29s, loss=2.6955, sps=1.7]
BC[stage1_datasets_L40_stepsweep/bc_shift4_scale_0p8_1p2_steps10000_tr2]:   0%|          | 20/10000 [00:00<05:38, 29.46it/s, acc=0.160, device=mps, eta=1h38m29s, loss=2.6955, sps=1.7]
BC[stage1_datasets_L40_stepsweep/bc_shift4_scale_0p8_1p2_steps10000_tr2]:   0%|          | 25/10000 [00:01<06:47, 24.50it/s, acc=0.160, device=mps, eta=1h38m29s, loss=2.6955, sps=1.7]
BC[stage1_datasets_L40_stepsweep/bc_shift4_scale_0p8_1p2_steps10000_tr2]:   0%|          | 33/10000 [00:01<04:47, 34.62it/s, acc=0.160, device=mps, eta=1h38m29s, loss=2.6955, sps=1.7]
BC[stage1_datasets_L40_stepsweep/bc_shift4_scale_0p8_1p2_steps10000_tr2]:   0%|          | 41/10000 [00:01<05:27, 30.45it/s, acc=0.160, device=mps, eta=1h38m29s, loss=2.6955, sps=1.7]
BC[stage1_datasets_L40_stepsweep/bc_shift4_scale_0p8_1p2_steps10000_tr2]:   0%|          | 48/10000 [00:01<04:36, 36.00it/s, acc=0.160, device=mps, eta=1h38m29s, loss=2.6955, sps=1.7]
BC[stage1_datasets_L40_stepsweep/bc_shift4_scale_0p8_1p2_steps10000_tr2]:   1%|          | 55/10000 [00:01<03:59, 41.53it/s, acc=0.160, device=mps, eta=1h38m29s, loss=2.6955, sps=1.7]
BC[stage1_datasets_L40_stepsweep/bc_shift4_scale_0p8_1p2_steps10000_tr2]:   1%|          | 61/10000 [00:02<05:06, 32.38it/s, acc=0.160, device=mps, eta=1h38m29s, loss=2.6955, sps=1.7]
BC[stage1_datasets_L40_stepsweep/bc_shift4_scale_0p8_1p2_steps10000_tr2]:   1%|          | 69/10000 [00:02<04:07, 40.14it/s, acc=0.160, device=mps, eta=1h38m29s, loss=2.6955, sps=1.7]
BC[stage1_datasets_L40_stepsweep/bc_shift4_scale_0p8_1p2_steps10000_tr2]:   1%|          | 77/10000 [00:02<03:31, 46.87it/s, acc=0.160, device=mps, eta=1h38m29s, loss=2.6955, sps=1.7]
BC[stage1_datasets_L40_stepsweep/bc_shift4_scale_0p8_1p2_steps10000_tr2]:   1%|          | 83/10000 [00:02<04:40, 35.42it/s, acc=0.160, device=mps, eta=1h38m29s, loss=2.6955, sps=1.7]
BC[stage1_datasets_L40_stepsweep/bc_shift4_scale_0p8_1p2_steps10000_tr2]:   1%|          | 89/10000 [00:02<04:13, 39.14it/s, acc=0.160, device=mps, eta=1h38m29s, loss=2.6955, sps=1.7]
BC[stage1_datasets_L40_stepsweep/bc_shift4_scale_0p8_1p2_steps10000_tr2]:   1%|          | 95/10000 [00:02<03:50, 43.01it/s, acc=0.160, device=mps, eta=1h38m29s, loss=2.6955, sps=1.7]
BC[stage1_datasets_L40_stepsweep/bc_shift4_scale_0p8_1p2_steps10000_tr2]:   1%|          | 101/10000 [00:03<05:01, 32.86it/s, acc=0.160, device=mps, eta=1h38m29s, loss=2.6955, sps=1.7]
BC[stage1_datasets_L40_stepsweep/bc_shift4_scale_0p8_1p2_steps10000_tr2]:   1%|          | 107/10000 [00:03<04:22, 37.70it/s, acc=0.160, device=mps, eta=1h38m29s, loss=2.6955, sps=1.7]
BC[stage1_datasets_L40_stepsweep/bc_shift4_scale_0p8_1p2_steps10000_tr2]:   1%|          | 113/10000 [00:03<03:58, 41.44it/s, acc=0.160, device=mps, eta=1h38m29s, loss=2.6955, sps=1.7]
BC[stage1_datasets_L40_stepsweep/bc_shift4_scale_0p8_1p2_steps10000_tr2]:   1%|          | 118/10000 [00:03<04:27, 36.89it/s, acc=0.160, device=mps, eta=1h38m29s, loss=2.6955, sps=1.7]
BC[stage1_datasets_L40_stepsweep/bc_shift4_scale_0p8_1p2_steps10000_tr2]:   1%|          | 123/10000 [00:03<05:59, 27.51it/s, acc=0.160, device=mps, eta=1h38m29s, loss=2.6955, sps=1.7]
BC[stage1_datasets_L40_stepsweep/bc_shift4_scale_0p8_1p2_steps10000_tr2]:   1%|▏         | 131/10000 [00:03<04:33, 36.10it/s, acc=0.160, device=mps, eta=1h38m29s, loss=2.6955, sps=1.7]
BC[stage1_datasets_L40_stepsweep/bc_shift4_scale_0p8_1p2_steps10000_tr2]:   1%|▏         | 139/10000 [00:04<03:45, 43.71it/s, acc=0.160, device=mps, eta=1h38m29s, loss=2.6955, sps=1.7]
BC[stage1_datasets_L40_stepsweep/bc_shift4_scale_0p8_1p2_steps10000_tr2]:   1%|▏         | 145/10000 [00:04<05:03, 32.45it/s, acc=0.160, device=mps, eta=1h38m29s, loss=2.6955, sps=1.7]
BC[stage1_datasets_L40_stepsweep/bc_shift4_scale_0p8_1p2_steps10000_tr2]:   2%|▏         | 151/10000 [00:04<04:24, 37.21it/s, acc=0.160, device=mps, eta=1h38m29s, loss=2.6955, sps=1.7]
BC[stage1_datasets_L40_stepsweep/bc_shift4_scale_0p8_1p2_steps10000_tr2]:   2%|▏         | 159/10000 [00:04<03:40, 44.72it/s, acc=0.160, device=mps, eta=1h38m29s, loss=2.6955, sps=1.7]
BC[stage1_datasets_L40_stepsweep/bc_shift4_scale_0p8_1p2_steps10000_tr2]:   2%|▏         | 165/10000 [00:04<04:44, 34.56it/s, acc=0.160, device=mps, eta=1h38m29s, loss=2.6955, sps=1.7]
BC[stage1_datasets_L40_stepsweep/bc_shift4_scale_0p8_1p2_steps10000_tr2]:   2%|▏         | 173/10000 [00:05<03:52, 42.21it/s, acc=0.160, device=mps, eta=1h38m29s, loss=2.6955, sps=1.7]
BC[stage1_datasets_L40_stepsweep/bc_shift4_scale_0p8_1p2_steps10000_tr2]:   2%|▏         | 181/10000 [00:05<04:40, 35.02it/s, acc=0.160, device=mps, eta=1h38m29s, loss=2.6955, sps=1.7]
BC[stage1_datasets_L40_stepsweep/bc_shift4_scale_0p8_1p2_steps10000_tr2]:   2%|▏         | 189/10000 [00:05<03:53, 42.09it/s, acc=0.160, device=mps, eta=1h38m29s, loss=2.6955, sps=1.7]
BC[stage1_datasets_L40_stepsweep/bc_shift4_scale_0p8_1p2_steps10000_tr2]:   2%|▏         | 197/10000 [00:05<03:22, 48.35it/s, acc=0.160, device=mps, eta=1h38m29s, loss=2.6955, sps=1.7]
BC[stage1_datasets_L40_stepsweep/bc_shift4_scale_0p8_1p2_steps10000_tr2]:   2%|▏         | 197/10000 [00:05<03:22, 48.35it/s, acc=0.256, device=mps, eta=4m34s, loss=2.1533, sps=35.8]  
BC[stage1_datasets_L40_stepsweep/bc_shift4_scale_0p8_1p2_steps10000_tr2]:   2%|▏         | 203/10000 [00:05<04:29, 36.39it/s, acc=0.256, device=mps, eta=4m34s, loss=2.1533, sps=35.8]
BC[stage1_datasets_L40_stepsweep/bc_shift4_scale_0p8_1p2_steps10000_tr2]:   2%|▏         | 211/10000 [00:05<03:44, 43.65it/s, acc=0.256, device=mps, eta=4m34s, loss=2.1533, sps=35.8]
BC[stage1_datasets_L40_stepsweep/bc_shift4_scale_0p8_1p2_steps10000_tr2]:   2%|▏         | 219/10000 [00:06<03:16, 49.87it/s, acc=0.256, device=mps, eta=4m34s, loss=2.1533, sps=35.8]
BC[stage1_datasets_L40_stepsweep/bc_shift4_scale_0p8_1p2_steps10000_tr2]:   2%|▏         | 226/10000 [00:06<04:16, 38.16it/s, acc=0.256, device=mps, eta=4m34s, loss=2.1533, sps=35.8]
BC[stage1_datasets_L40_stepsweep/bc_shift4_scale_0p8_1p2_steps10000_tr2]:   2%|▏         | 234/10000 [00:06<03:36, 45.01it/s, acc=0.256, device=mps, eta=4m34s, loss=2.1533, sps=35.8]
BC[stage1_datasets_L40_stepsweep/bc_shift4_scale_0p8_1p2_steps10000_tr2]:   2%|▏         | 241/10000 [00:06<04:30, 36.05it/s, acc=0.256, device=mps, eta=4m34s, loss=2.1533, sps=35.8]
BC[stage1_datasets_L40_stepsweep/bc_shift4_scale_0p8_1p2_steps10000_tr2]:   2%|▏         | 249/10000 [00:06<03:46, 42.99it/s, acc=0.256, device=mps, eta=4m34s, loss=2.1533, sps=35.8]
BC[stage1_datasets_L40_stepsweep/bc_shift4_scale_0p8_1p2_steps10000_tr2]:   3%|▎         | 257/10000 [00:06<03:19, 48.96it/s, acc=0.256, device=mps, eta=4m34s, loss=2.1533, sps=35.8]
BC[stage1_datasets_L40_stepsweep/bc_shift4_scale_0p8_1p2_steps10000_tr2]:   3%|▎         | 263/10000 [00:07<04:24, 36.78it/s, acc=0.256, device=mps, eta=4m34s, loss=2.1533, sps=35.8]
BC[stage1_datasets_L40_stepsweep/bc_shift4_scale_0p8_1p2_steps10000_tr2]:   3%|▎         | 271/10000 [00:07<03:41, 43.91it/s, acc=0.256, device=mps, eta=4m34s, loss=2.1533, sps=35.8]
BC[stage1_datasets_L40_stepsweep/bc_shift4_scale_0p8_1p2_steps10000_tr2]:   3%|▎         | 279/10000 [00:07<03:13, 50.12it/s, acc=0.256, device=mps, eta=4m34s, loss=2.1533, sps=35.8]
BC[stage1_datasets_L40_stepsweep/bc_shift4_scale_0p8_1p2_steps10000_tr2]:   3%|▎         | 286/10000 [00:07<04:13, 38.39it/s, acc=0.256, device=mps, eta=4m34s, loss=2.1533, sps=35.8]
BC[stage1_datasets_L40_stepsweep/bc_shift4_scale_0p8_1p2_steps10000_tr2]:   3%|▎         | 293/10000 [00:07<03:40, 44.08it/s, acc=0.256, device=mps, eta=4m34s, loss=2.1533, sps=35.8]
BC[stage1_datasets_L40_stepsweep/bc_shift4_scale_0p8_1p2_steps10000_tr2]:   3%|▎         | 301/10000 [00:08<04:29, 35.98it/s, acc=0.256, device=mps, eta=4m34s, loss=2.1533, sps=35.8]
BC[stage1_datasets_L40_stepsweep/bc_shift4_scale_0p8_1p2_steps10000_tr2]:   3%|▎         | 306/10000 [00:08<04:14, 38.06it/s, acc=0.256, device=mps, eta=4m34s, loss=2.1533, sps=35.8]
BC[stage1_datasets_L40_stepsweep/bc_shift4_scale_0p8_1p2_steps10000_tr2]:   3%|▎         | 313/10000 [00:08<03:43, 43.32it/s, acc=0.256, device=mps, eta=4m34s, loss=2.1533, sps=35.8]
BC[stage1_datasets_L40_stepsweep/bc_shift4_scale_0p8_1p2_steps10000_tr2]:   3%|▎         | 321/10000 [00:08<04:32, 35.49it/s, acc=0.256, device=mps, eta=4m34s, loss=2.1533, sps=35.8]
BC[stage1_datasets_L40_stepsweep/bc_shift4_scale_0p8_1p2_steps10000_tr2]:   3%|▎         | 329/10000 [00:08<03:46, 42.75it/s, acc=0.256, device=mps, eta=4m34s, loss=2.1533, sps=35.8]
BC[stage1_datasets_L40_stepsweep/bc_shift4_scale_0p8_1p2_steps10000_tr2]:   3%|▎         | 337/10000 [00:08<03:16, 49.18it/s, acc=0.256, device=mps, eta=4m34s, loss=2.1533, sps=35.8]
BC[stage1_datasets_L40_stepsweep/bc_shift4_scale_0p8_1p2_steps10000_tr2]:   3%|▎         | 343/10000 [00:09<04:19, 37.22it/s, acc=0.256, device=mps, eta=4m34s, loss=2.1533, sps=35.8]
BC[stage1_datasets_L40_stepsweep/bc_shift4_scale_0p8_1p2_steps10000_tr2]:   4%|▎         | 351/10000 [00:09<03:36, 44.51it/s, acc=0.256, device=mps, eta=4m34s, loss=2.1533, sps=35.8]
BC[stage1_datasets_L40_stepsweep/bc_shift4_scale_0p8_1p2_steps10000_tr2]:   4%|▎         | 359/10000 [00:09<03:09, 50.82it/s, acc=0.256, device=mps, eta=4m34s, loss=2.1533, sps=35.8]
BC[stage1_datasets_L40_stepsweep/bc_shift4_scale_0p8_1p2_steps10000_tr2]:   4%|▎         | 366/10000 [00:09<04:09, 38.60it/s, acc=0.256, device=mps, eta=4m34s, loss=2.1533, sps=35.8]
BC[stage1_datasets_L40_stepsweep/bc_shift4_scale_0p8_1p2_steps10000_tr2]:   4%|▎         | 374/10000 [00:09<03:31, 45.48it/s, acc=0.256, device=mps, eta=4m34s, loss=2.1533, sps=35.8]
BC[stage1_datasets_L40_stepsweep/bc_shift4_scale_0p8_1p2_steps10000_tr2]:   4%|▍         | 381/10000 [00:10<04:25, 36.26it/s, acc=0.256, device=mps, eta=4m34s, loss=2.1533, sps=35.8]
BC[stage1_datasets_L40_stepsweep/bc_shift4_scale_0p8_1p2_steps10000_tr2]:   4%|▍         | 389/10000 [00:10<03:41, 43.41it/s, acc=0.256, device=mps, eta=4m34s, loss=2.1533, sps=35.8]
BC[stage1_datasets_L40_stepsweep/bc_shift4_scale_0p8_1p2_steps10000_tr2]:   4%|▍         | 397/10000 [00:10<03:13, 49.68it/s, acc=0.256, device=mps, eta=4m34s, loss=2.1533, sps=35.8]
BC[stage1_datasets_L40_stepsweep/bc_shift4_scale_0p8_1p2_steps10000_tr2]:   4%|▍         | 397/10000 [00:10<03:13, 49.68it/s, acc=0.277, device=mps, eta=4m08s, loss=2.0649, sps=38.6]
BC[stage1_datasets_L40_stepsweep/bc_shift4_scale_0p8_1p2_steps10000_tr2]:   4%|▍         | 404/10000 [00:10<04:06, 38.86it/s, acc=0.277, device=mps, eta=4m08s, loss=2.0649, sps=38.6]
BC[stage1_datasets_L40_stepsweep/bc_shift4_scale_0p8_1p2_steps10000_tr2]:   4%|▍         | 412/10000 [00:10<03:29, 45.78it/s, acc=0.277, device=mps, eta=4m08s, loss=2.0649, sps=38.6]
BC[stage1_datasets_L40_stepsweep/bc_shift4_scale_0p8_1p2_steps10000_tr2]:   4%|▍         | 420/10000 [00:10<03:02, 52.36it/s, acc=0.277, device=mps, eta=4m08s, loss=2.0649, sps=38.6]
BC[stage1_datasets_L40_stepsweep/bc_shift4_scale_0p8_1p2_steps10000_tr2]:   4%|▍         | 427/10000 [00:11<04:06, 38.79it/s, acc=0.277, device=mps, eta=4m08s, loss=2.0649, sps=38.6]
BC[stage1_datasets_L40_stepsweep/bc_shift4_scale_0p8_1p2_steps10000_tr2]:   4%|▍         | 435/10000 [00:11<03:30, 45.52it/s, acc=0.277, device=mps, eta=4m08s, loss=2.0649, sps=38.6]
BC[stage1_datasets_L40_stepsweep/bc_shift4_scale_0p8_1p2_steps10000_tr2]:   4%|▍         | 441/10000 [00:11<04:29, 35.50it/s, acc=0.277, device=mps, eta=4m08s, loss=2.0649, sps=38.6]
BC[stage1_datasets_L40_stepsweep/bc_shift4_scale_0p8_1p2_steps10000_tr2]:   4%|▍         | 449/10000 [00:11<03:43, 42.82it/s, acc=0.277, device=mps, eta=4m08s, loss=2.0649, sps=38.6]
BC[stage1_datasets_L40_stepsweep/bc_shift4_scale_0p8_1p2_steps10000_tr2]:   5%|▍         | 457/10000 [00:11<03:13, 49.41it/s, acc=0.277, device=mps, eta=4m08s, loss=2.0649, sps=38.6]
BC[stage1_datasets_L40_stepsweep/bc_shift4_scale_0p8_1p2_steps10000_tr2]:   5%|▍         | 464/10000 [00:12<04:19, 36.76it/s, acc=0.277, device=mps, eta=4m08s, loss=2.0649, sps=38.6]
BC[stage1_datasets_L40_stepsweep/bc_shift4_scale_0p8_1p2_steps10000_tr2]:   5%|▍         | 470/10000 [00:12<03:55, 40.52it/s, acc=0.277, device=mps, eta=4m08s, loss=2.0649, sps=38.6]
BC[stage1_datasets_L40_stepsweep/bc_shift4_scale_0p8_1p2_steps10000_tr2]:   5%|▍         | 477/10000 [00:12<03:30, 45.15it/s, acc=0.277, device=mps, eta=4m08s, loss=2.0649, sps=38.6]
BC[stage1_datasets_L40_stepsweep/bc_shift4_scale_0p8_1p2_steps10000_tr2]:   5%|▍         | 483/10000 [00:12<04:34, 34.65it/s, acc=0.277, device=mps, eta=4m08s, loss=2.0649, sps=38.6]
BC[stage1_datasets_L40_stepsweep/bc_shift4_scale_0p8_1p2_steps10000_tr2]:   5%|▍         | 491/10000 [00:12<03:44, 42.38it/s, acc=0.277, device=mps, eta=4m08s, loss=2.0649, sps=38.6]
BC[stage1_datasets_L40_stepsweep/bc_shift4_scale_0p8_1p2_steps10000_tr2]:   5%|▍         | 499/10000 [00:12<03:13, 49.21it/s, acc=0.277, device=mps, eta=4m08s, loss=2.0649, sps=38.6]
BC[stage1_datasets_L40_stepsweep/bc_shift4_scale_0p8_1p2_steps10000_tr2]:   5%|▌         | 505/10000 [00:13<04:16, 37.00it/s, acc=0.277, device=mps, eta=4m08s, loss=2.0649, sps=38.6]
BC[stage1_datasets_L40_stepsweep/bc_shift4_scale_0p8_1p2_steps10000_tr2]:   5%|▌         | 513/10000 [00:13<03:33, 44.42it/s, acc=0.277, device=mps, eta=4m08s, loss=2.0649, sps=38.6]
BC[stage1_datasets_L40_stepsweep/bc_shift4_scale_0p8_1p2_steps10000_tr2]:   5%|▌         | 521/10000 [00:13<04:21, 36.25it/s, acc=0.277, device=mps, eta=4m08s, loss=2.0649, sps=38.6]
BC[stage1_datasets_L40_stepsweep/bc_shift4_scale_0p8_1p2_steps10000_tr2]:   5%|▌         | 529/10000 [00:13<03:38, 43.31it/s, acc=0.277, device=mps, eta=4m08s, loss=2.0649, sps=38.6]
BC[stage1_datasets_L40_stepsweep/bc_shift4_scale_0p8_1p2_steps10000_tr2]:   5%|▌         | 537/10000 [00:13<03:10, 49.62it/s, acc=0.277, device=mps, eta=4m08s, loss=2.0649, sps=38.6]
BC[stage1_datasets_L40_stepsweep/bc_shift4_scale_0p8_1p2_steps10000_tr2]:   5%|▌         | 544/10000 [00:13<04:07, 38.21it/s, acc=0.277, device=mps, eta=4m08s, loss=2.0649, sps=38.6]
BC[stage1_datasets_L40_stepsweep/bc_shift4_scale_0p8_1p2_steps10000_tr2]:   6%|▌         | 552/10000 [00:14<03:29, 45.08it/s, acc=0.277, device=mps, eta=4m08s, loss=2.0649, sps=38.6]
BC[stage1_datasets_L40_stepsweep/bc_shift4_scale_0p8_1p2_steps10000_tr2]:   6%|▌         | 560/10000 [00:14<03:02, 51.67it/s, acc=0.277, device=mps, eta=4m08s, loss=2.0649, sps=38.6]
BC[stage1_datasets_L40_stepsweep/bc_shift4_scale_0p8_1p2_steps10000_tr2]:   6%|▌         | 567/10000 [00:14<04:01, 39.02it/s, acc=0.277, device=mps, eta=4m08s, loss=2.0649, sps=38.6]
BC[stage1_datasets_L40_stepsweep/bc_shift4_scale_0p8_1p2_steps10000_tr2]:   6%|▌         | 575/10000 [00:14<03:25, 45.76it/s, acc=0.277, device=mps, eta=4m08s, loss=2.0649, sps=38.6]
BC[stage1_datasets_L40_stepsweep/bc_shift4_scale_0p8_1p2_steps10000_tr2]:   6%|▌         | 581/10000 [00:14<04:24, 35.62it/s, acc=0.277, device=mps, eta=4m08s, loss=2.0649, sps=38.6]
BC[stage1_datasets_L40_stepsweep/bc_shift4_scale_0p8_1p2_steps10000_tr2]:   6%|▌         | 589/10000 [00:14<03:39, 42.96it/s, acc=0.277, device=mps, eta=4m08s, loss=2.0649, sps=38.6]
BC[stage1_datasets_L40_stepsweep/bc_shift4_scale_0p8_1p2_steps10000_tr2]:   6%|▌         | 597/10000 [00:15<03:10, 49.45it/s, acc=0.277, device=mps, eta=4m08s, loss=2.0649, sps=38.6]
BC[stage1_datasets_L40_stepsweep/bc_shift4_scale_0p8_1p2_steps10000_tr2]:   6%|▌         | 597/10000 [00:15<03:10, 49.45it/s, acc=0.286, device=mps, eta=3m56s, loss=2.0390, sps=39.8]
BC[stage1_datasets_L40_stepsweep/bc_shift4_scale_0p8_1p2_steps10000_tr2]:   6%|▌         | 604/10000 [00:15<04:25, 35.39it/s, acc=0.286, device=mps, eta=3m56s, loss=2.0390, sps=39.8]
BC[stage1_datasets_L40_stepsweep/bc_shift4_scale_0p8_1p2_steps10000_tr2]:   6%|▌         | 610/10000 [00:15<04:01, 38.91it/s, acc=0.286, device=mps, eta=3m56s, loss=2.0390, sps=39.8]
BC[stage1_datasets_L40_stepsweep/bc_shift4_scale_0p8_1p2_steps10000_tr2]:   6%|▌         | 617/10000 [00:15<03:32, 44.17it/s, acc=0.286, device=mps, eta=3m56s, loss=2.0390, sps=39.8]
BC[stage1_datasets_L40_stepsweep/bc_shift4_scale_0p8_1p2_steps10000_tr2]:   6%|▌         | 623/10000 [00:15<04:34, 34.19it/s, acc=0.286, device=mps, eta=3m56s, loss=2.0390, sps=39.8]
BC[stage1_datasets_L40_stepsweep/bc_shift4_scale_0p8_1p2_steps10000_tr2]:   6%|▋         | 631/10000 [00:15<03:43, 41.95it/s, acc=0.286, device=mps, eta=3m56s, loss=2.0390, sps=39.8]
BC[stage1_datasets_L40_stepsweep/bc_shift4_scale_0p8_1p2_steps10000_tr2]:   6%|▋         | 639/10000 [00:16<03:12, 48.54it/s, acc=0.286, device=mps, eta=3m56s, loss=2.0390, sps=39.8]
BC[stage1_datasets_L40_stepsweep/bc_shift4_scale_0p8_1p2_steps10000_tr2]:   6%|▋         | 645/10000 [00:16<04:19, 36.02it/s, acc=0.286, device=mps, eta=3m56s, loss=2.0390, sps=39.8]
BC[stage1_datasets_L40_stepsweep/bc_shift4_scale_0p8_1p2_steps10000_tr2]:   7%|▋         | 651/10000 [00:16<03:55, 39.73it/s, acc=0.286, device=mps, eta=3m56s, loss=2.0390, sps=39.8]
BC[stage1_datasets_L40_stepsweep/bc_shift4_scale_0p8_1p2_steps10000_tr2]:   7%|▋         | 657/10000 [00:16<03:36, 43.23it/s, acc=0.286, device=mps, eta=3m56s, loss=2.0390, sps=39.8]
BC[stage1_datasets_L40_stepsweep/bc_shift4_scale_0p8_1p2_steps10000_tr2]:   7%|▋         | 663/10000 [00:16<04:53, 31.85it/s, acc=0.286, device=mps, eta=3m56s, loss=2.0390, sps=39.8]
BC[stage1_datasets_L40_stepsweep/bc_shift4_scale_0p8_1p2_steps10000_tr2]:   7%|▋         | 669/10000 [00:17<04:16, 36.40it/s, acc=0.286, device=mps, eta=3m56s, loss=2.0390, sps=39.8]
BC[stage1_datasets_L40_stepsweep/bc_shift4_scale_0p8_1p2_steps10000_tr2]:   7%|▋         | 676/10000 [00:17<03:37, 42.79it/s, acc=0.286, device=mps, eta=3m56s, loss=2.0390, sps=39.8]
BC[stage1_datasets_L40_stepsweep/bc_shift4_scale_0p8_1p2_steps10000_tr2]:   7%|▋         | 682/10000 [00:17<04:38, 33.50it/s, acc=0.286, device=mps, eta=3m56s, loss=2.0390, sps=39.8]
BC[stage1_datasets_L40_stepsweep/bc_shift4_scale_0p8_1p2_steps10000_tr2]:   7%|▋         | 690/10000 [00:17<03:43, 41.63it/s, acc=0.286, device=mps, eta=3m56s, loss=2.0390, sps=39.8]
BC[stage1_datasets_L40_stepsweep/bc_shift4_scale_0p8_1p2_steps10000_tr2]:   7%|▋         | 698/10000 [00:17<03:10, 48.79it/s, acc=0.286, device=mps, eta=3m56s, loss=2.0390, sps=39.8]
BC[stage1_datasets_L40_stepsweep/bc_shift4_scale_0p8_1p2_steps10000_tr2]:   7%|▋         | 704/10000 [00:17<04:14, 36.60it/s, acc=0.286, device=mps, eta=3m56s, loss=2.0390, sps=39.8]
BC[stage1_datasets_L40_stepsweep/bc_shift4_scale_0p8_1p2_steps10000_tr2]:   7%|▋         | 712/10000 [00:17<03:30, 44.16it/s, acc=0.286, device=mps, eta=3m56s, loss=2.0390, sps=39.8]
BC[stage1_datasets_L40_stepsweep/bc_shift4_scale_0p8_1p2_steps10000_tr2]:   7%|▋         | 719/10000 [00:18<03:08, 49.20it/s, acc=0.286, device=mps, eta=3m56s, loss=2.0390, sps=39.8]
BC[stage1_datasets_L40_stepsweep/bc_shift4_scale_0p8_1p2_steps10000_tr2]:   7%|▋         | 725/10000 [00:18<04:31, 34.12it/s, acc=0.286, device=mps, eta=3m56s, loss=2.0390, sps=39.8]
BC[stage1_datasets_L40_stepsweep/bc_shift4_scale_0p8_1p2_steps10000_tr2]:   7%|▋         | 732/10000 [00:18<03:52, 39.86it/s, acc=0.286, device=mps, eta=3m56s, loss=2.0390, sps=39.8]
BC[stage1_datasets_L40_stepsweep/bc_shift4_scale_0p8_1p2_steps10000_tr2]:   7%|▋         | 739/10000 [00:18<03:23, 45.47it/s, acc=0.286, device=mps, eta=3m56s, loss=2.0390, sps=39.8]
BC[stage1_datasets_L40_stepsweep/bc_shift4_scale_0p8_1p2_steps10000_tr2]:   7%|▋         | 745/10000 [00:18<04:35, 33.65it/s, acc=0.286, device=mps, eta=3m56s, loss=2.0390, sps=39.8]
BC[stage1_datasets_L40_stepsweep/bc_shift4_scale_0p8_1p2_steps10000_tr2]:   8%|▊         | 751/10000 [00:19<04:04, 37.79it/s, acc=0.286, device=mps, eta=3m56s, loss=2.0390, sps=39.8]
BC[stage1_datasets_L40_stepsweep/bc_shift4_scale_0p8_1p2_steps10000_tr2]:   8%|▊         | 757/10000 [00:19<03:41, 41.74it/s, acc=0.286, device=mps, eta=3m56s, loss=2.0390, sps=39.8]
BC[stage1_datasets_L40_stepsweep/bc_shift4_scale_0p8_1p2_steps10000_tr2]:   8%|▊         | 763/10000 [00:19<04:45, 32.36it/s, acc=0.286, device=mps, eta=3m56s, loss=2.0390, sps=39.8]
BC[stage1_datasets_L40_stepsweep/bc_shift4_scale_0p8_1p2_steps10000_tr2]:   8%|▊         | 771/10000 [00:19<03:47, 40.64it/s, acc=0.286, device=mps, eta=3m56s, loss=2.0390, sps=39.8]
BC[stage1_datasets_L40_stepsweep/bc_shift4_scale_0p8_1p2_steps10000_tr2]:   8%|▊         | 779/10000 [00:19<03:13, 47.71it/s, acc=0.286, device=mps, eta=3m56s, loss=2.0390, sps=39.8]
BC[stage1_datasets_L40_stepsweep/bc_shift4_scale_0p8_1p2_steps10000_tr2]:   8%|▊         | 785/10000 [00:19<04:15, 36.11it/s, acc=0.286, device=mps, eta=3m56s, loss=2.0390, sps=39.8]
BC[stage1_datasets_L40_stepsweep/bc_shift4_scale_0p8_1p2_steps10000_tr2]:   8%|▊         | 793/10000 [00:20<03:31, 43.63it/s, acc=0.286, device=mps, eta=3m56s, loss=2.0390, sps=39.8]
BC[stage1_datasets_L40_stepsweep/bc_shift4_scale_0p8_1p2_steps10000_tr2]:   8%|▊         | 793/10000 [00:20<03:31, 43.63it/s, acc=0.289, device=mps, eta=3m52s, loss=2.0433, sps=39.7]
BC[stage1_datasets_L40_stepsweep/bc_shift4_scale_0p8_1p2_steps10000_tr2]:   8%|▊         | 801/10000 [00:20<04:21, 35.16it/s, acc=0.289, device=mps, eta=3m52s, loss=2.0433, sps=39.7]
BC[stage1_datasets_L40_stepsweep/bc_shift4_scale_0p8_1p2_steps10000_tr2]:   8%|▊         | 809/10000 [00:20<03:37, 42.25it/s, acc=0.289, device=mps, eta=3m52s, loss=2.0433, sps=39.7]
BC[stage1_datasets_L40_stepsweep/bc_shift4_scale_0p8_1p2_steps10000_tr2]:   8%|▊         | 817/10000 [00:20<03:08, 48.73it/s, acc=0.289, device=mps, eta=3m52s, loss=2.0433, sps=39.7]
BC[stage1_datasets_L40_stepsweep/bc_shift4_scale_0p8_1p2_steps10000_tr2]:   8%|▊         | 824/10000 [00:20<04:03, 37.71it/s, acc=0.289, device=mps, eta=3m52s, loss=2.0433, sps=39.7]
BC[stage1_datasets_L40_stepsweep/bc_shift4_scale_0p8_1p2_steps10000_tr2]:   8%|▊         | 832/10000 [00:20<03:26, 44.39it/s, acc=0.289, device=mps, eta=3m52s, loss=2.0433, sps=39.7]
BC[stage1_datasets_L40_stepsweep/bc_shift4_scale_0p8_1p2_steps10000_tr2]:   8%|▊         | 840/10000 [00:21<02:59, 50.98it/s, acc=0.289, device=mps, eta=3m52s, loss=2.0433, sps=39.7]
BC[stage1_datasets_L40_stepsweep/bc_shift4_scale_0p8_1p2_steps10000_tr2]:   8%|▊         | 847/10000 [00:21<04:07, 36.95it/s, acc=0.289, device=mps, eta=3m52s, loss=2.0433, sps=39.7]
BC[stage1_datasets_L40_stepsweep/bc_shift4_scale_0p8_1p2_steps10000_tr2]:   9%|▊         | 853/10000 [00:21<03:54, 38.94it/s, acc=0.289, device=mps, eta=3m52s, loss=2.0433, sps=39.7]
BC[stage1_datasets_L40_stepsweep/bc_shift4_scale_0p8_1p2_steps10000_tr2]:   9%|▊         | 860/10000 [00:21<03:27, 44.10it/s, acc=0.289, device=mps, eta=3m52s, loss=2.0433, sps=39.7]
BC[stage1_datasets_L40_stepsweep/bc_shift4_scale_0p8_1p2_steps10000_tr2]:   9%|▊         | 866/10000 [00:21<04:26, 34.31it/s, acc=0.289, device=mps, eta=3m52s, loss=2.0433, sps=39.7]
BC[stage1_datasets_L40_stepsweep/bc_shift4_scale_0p8_1p2_steps10000_tr2]:   9%|▊         | 874/10000 [00:22<03:37, 41.92it/s, acc=0.289, device=mps, eta=3m52s, loss=2.0433, sps=39.7]
BC[stage1_datasets_L40_stepsweep/bc_shift4_scale_0p8_1p2_steps10000_tr2]:   9%|▉         | 881/10000 [00:22<04:25, 34.29it/s, acc=0.289, device=mps, eta=3m52s, loss=2.0433, sps=39.7]
BC[stage1_datasets_L40_stepsweep/bc_shift4_scale_0p8_1p2_steps10000_tr2]:   9%|▉         | 889/10000 [00:22<03:39, 41.57it/s, acc=0.289, device=mps, eta=3m52s, loss=2.0433, sps=39.7]
BC[stage1_datasets_L40_stepsweep/bc_shift4_scale_0p8_1p2_steps10000_tr2]:   9%|▉         | 896/10000 [00:22<03:14, 46.88it/s, acc=0.289, device=mps, eta=3m52s, loss=2.0433, sps=39.7]
BC[stage1_datasets_L40_stepsweep/bc_shift4_scale_0p8_1p2_steps10000_tr2]:   9%|▉         | 902/10000 [00:22<04:16, 35.42it/s, acc=0.289, device=mps, eta=3m52s, loss=2.0433, sps=39.7]
BC[stage1_datasets_L40_stepsweep/bc_shift4_scale_0p8_1p2_steps10000_tr2]:   9%|▉         | 910/10000 [00:22<03:32, 42.81it/s, acc=0.289, device=mps, eta=3m52s, loss=2.0433, sps=39.7]
BC[stage1_datasets_L40_stepsweep/bc_shift4_scale_0p8_1p2_steps10000_tr2]:   9%|▉         | 918/10000 [00:23<03:04, 49.36it/s, acc=0.289, device=mps, eta=3m52s, loss=2.0433, sps=39.7]
BC[stage1_datasets_L40_stepsweep/bc_shift4_scale_0p8_1p2_steps10000_tr2]:   9%|▉         | 925/10000 [00:23<04:02, 37.45it/s, acc=0.289, device=mps, eta=3m52s, loss=2.0433, sps=39.7]
BC[stage1_datasets_L40_stepsweep/bc_shift4_scale_0p8_1p2_steps10000_tr2]:   9%|▉         | 930/10000 [00:23<03:51, 39.10it/s, acc=0.289, device=mps, eta=3m52s, loss=2.0433, sps=39.7]
BC[stage1_datasets_L40_stepsweep/bc_shift4_scale_0p8_1p2_steps10000_tr2]:   9%|▉         | 936/10000 [00:23<03:34, 42.25it/s, acc=0.289, device=mps, eta=3m52s, loss=2.0433, sps=39.7]
BC[stage1_datasets_L40_stepsweep/bc_shift4_scale_0p8_1p2_steps10000_tr2]:   9%|▉         | 941/10000 [00:23<04:47, 31.54it/s, acc=0.289, device=mps, eta=3m52s, loss=2.0433, sps=39.7]
BC[stage1_datasets_L40_stepsweep/bc_shift4_scale_0p8_1p2_steps10000_tr2]:   9%|▉         | 949/10000 [00:23<03:47, 39.87it/s, acc=0.289, device=mps, eta=3m52s, loss=2.0433, sps=39.7]
BC[stage1_datasets_L40_stepsweep/bc_shift4_scale_0p8_1p2_steps10000_tr2]:  10%|▉         | 957/10000 [00:24<03:11, 47.14it/s, acc=0.289, device=mps, eta=3m52s, loss=2.0433, sps=39.7]
BC[stage1_datasets_L40_stepsweep/bc_shift4_scale_0p8_1p2_steps10000_tr2]:  10%|▉         | 963/10000 [00:24<04:16, 35.17it/s, acc=0.289, device=mps, eta=3m52s, loss=2.0433, sps=39.7]
BC[stage1_datasets_L40_stepsweep/bc_shift4_scale_0p8_1p2_steps10000_tr2]:  10%|▉         | 968/10000 [00:24<04:02, 37.24it/s, acc=0.289, device=mps, eta=3m52s, loss=2.0433, sps=39.7]
BC[stage1_datasets_L40_stepsweep/bc_shift4_scale_0p8_1p2_steps10000_tr2]:  10%|▉         | 974/10000 [00:24<03:41, 40.81it/s, acc=0.289, device=mps, eta=3m52s, loss=2.0433, sps=39.7]
BC[stage1_datasets_L40_stepsweep/bc_shift4_scale_0p8_1p2_steps10000_tr2]:  10%|▉         | 981/10000 [00:24<04:38, 32.41it/s, acc=0.289, device=mps, eta=3m52s, loss=2.0433, sps=39.7]
BC[stage1_datasets_L40_stepsweep/bc_shift4_scale_0p8_1p2_steps10000_tr2]:  10%|▉         | 989/10000 [00:24<03:43, 40.37it/s, acc=0.289, device=mps, eta=3m52s, loss=2.0433, sps=39.7]
BC[stage1_datasets_L40_stepsweep/bc_shift4_scale_0p8_1p2_steps10000_tr2]:  10%|▉         | 997/10000 [00:25<03:10, 47.32it/s, acc=0.289, device=mps, eta=3m52s, loss=2.0433, sps=39.7]
BC[stage1_datasets_L40_stepsweep/bc_shift4_scale_0p8_1p2_steps10000_tr2]:  10%|▉         | 997/10000 [00:25<03:10, 47.32it/s, acc=0.293, device=mps, eta=3m46s, loss=2.0248, sps=39.8]
BC[stage1_datasets_L40_stepsweep/bc_shift4_scale_0p8_1p2_steps10000_tr2]:  10%|█         | 1003/10000 [00:25<04:16, 35.12it/s, acc=0.293, device=mps, eta=3m46s, loss=2.0248, sps=39.8]
BC[stage1_datasets_L40_stepsweep/bc_shift4_scale_0p8_1p2_steps10000_tr2]:  10%|█         | 1008/10000 [00:25<04:03, 36.99it/s, acc=0.293, device=mps, eta=3m46s, loss=2.0248, sps=39.8]
BC[stage1_datasets_L40_stepsweep/bc_shift4_scale_0p8_1p2_steps10000_tr2]:  10%|█         | 1014/10000 [00:25<03:36, 41.48it/s, acc=0.293, device=mps, eta=3m46s, loss=2.0248, sps=39.8]
BC[stage1_datasets_L40_stepsweep/bc_shift4_scale_0p8_1p2_steps10000_tr2]:  10%|█         | 1021/10000 [00:25<04:32, 32.96it/s, acc=0.293, device=mps, eta=3m46s, loss=2.0248, sps=39.8]
BC[stage1_datasets_L40_stepsweep/bc_shift4_scale_0p8_1p2_steps10000_tr2]:  10%|█         | 1026/10000 [00:26<04:13, 35.34it/s, acc=0.293, device=mps, eta=3m46s, loss=2.0248, sps=39.8]
BC[stage1_datasets_L40_stepsweep/bc_shift4_scale_0p8_1p2_steps10000_tr2]:  10%|█         | 1032/10000 [00:26<03:45, 39.71it/s, acc=0.293, device=mps, eta=3m46s, loss=2.0248, sps=39.8]
BC[stage1_datasets_L40_stepsweep/bc_shift4_scale_0p8_1p2_steps10000_tr2]:  10%|█         | 1039/10000 [00:26<03:18, 45.23it/s, acc=0.293, device=mps, eta=3m46s, loss=2.0248, sps=39.8]
BC[stage1_datasets_L40_stepsweep/bc_shift4_scale_0p8_1p2_steps10000_tr2]:  10%|█         | 1045/10000 [00:26<04:42, 31.65it/s, acc=0.293, device=mps, eta=3m46s, loss=2.0248, sps=39.8]
BC[stage1_datasets_L40_stepsweep/bc_shift4_scale_0p8_1p2_steps10000_tr2]:  11%|█         | 1051/10000 [00:26<04:08, 36.04it/s, acc=0.293, device=mps, eta=3m46s, loss=2.0248, sps=39.8]
BC[stage1_datasets_L40_stepsweep/bc_shift4_scale_0p8_1p2_steps10000_tr2]:  11%|█         | 1058/10000 [00:26<03:31, 42.21it/s, acc=0.293, device=mps, eta=3m46s, loss=2.0248, sps=39.8]
BC[stage1_datasets_L40_stepsweep/bc_shift4_scale_0p8_1p2_steps10000_tr2]:  11%|█         | 1064/10000 [00:27<04:31, 32.94it/s, acc=0.293, device=mps, eta=3m46s, loss=2.0248, sps=39.8]
BC[stage1_datasets_L40_stepsweep/bc_shift4_scale_0p8_1p2_steps10000_tr2]:  11%|█         | 1072/10000 [00:27<03:38, 40.92it/s, acc=0.293, device=mps, eta=3m46s, loss=2.0248, sps=39.8]
BC[stage1_datasets_L40_stepsweep/bc_shift4_scale_0p8_1p2_steps10000_tr2]:  11%|█         | 1080/10000 [00:27<03:04, 48.30it/s, acc=0.293, device=mps, eta=3m46s, loss=2.0248, sps=39.8]
BC[stage1_datasets_L40_stepsweep/bc_shift4_scale_0p8_1p2_steps10000_tr2]:  11%|█         | 1086/10000 [00:27<04:05, 36.28it/s, acc=0.293, device=mps, eta=3m46s, loss=2.0248, sps=39.8]
BC[stage1_datasets_L40_stepsweep/bc_shift4_scale_0p8_1p2_steps10000_tr2]:  11%|█         | 1094/10000 [00:27<03:23, 43.68it/s, acc=0.293, device=mps, eta=3m46s, loss=2.0248, sps=39.8]
BC[stage1_datasets_L40_stepsweep/bc_shift4_scale_0p8_1p2_steps10000_tr2]:  11%|█         | 1101/10000 [00:27<04:15, 34.78it/s, acc=0.293, device=mps, eta=3m46s, loss=2.0248, sps=39.8]
BC[stage1_datasets_L40_stepsweep/bc_shift4_scale_0p8_1p2_steps10000_tr2]:  11%|█         | 1108/10000 [00:28<03:39, 40.45it/s, acc=0.293, device=mps, eta=3m46s, loss=2.0248, sps=39.8]
BC[stage1_datasets_L40_stepsweep/bc_shift4_scale_0p8_1p2_steps10000_tr2]:  11%|█         | 1116/10000 [00:28<03:07, 47.35it/s, acc=0.293, device=mps, eta=3m46s, loss=2.0248, sps=39.8]
BC[stage1_datasets_L40_stepsweep/bc_shift4_scale_0p8_1p2_steps10000_tr2]:  11%|█         | 1122/10000 [00:28<04:13, 35.01it/s, acc=0.293, device=mps, eta=3m46s, loss=2.0248, sps=39.8]
BC[stage1_datasets_L40_stepsweep/bc_shift4_scale_0p8_1p2_steps10000_tr2]:  11%|█▏        | 1128/10000 [00:28<03:51, 38.26it/s, acc=0.293, device=mps, eta=3m46s, loss=2.0248, sps=39.8]
BC[stage1_datasets_L40_stepsweep/bc_shift4_scale_0p8_1p2_steps10000_tr2]:  11%|█▏        | 1135/10000 [00:28<03:24, 43.31it/s, acc=0.293, device=mps, eta=3m46s, loss=2.0248, sps=39.8]
BC[stage1_datasets_L40_stepsweep/bc_shift4_scale_0p8_1p2_steps10000_tr2]:  11%|█▏        | 1141/10000 [00:28<04:17, 34.34it/s, acc=0.293, device=mps, eta=3m46s, loss=2.0248, sps=39.8]
BC[stage1_datasets_L40_stepsweep/bc_shift4_scale_0p8_1p2_steps10000_tr2]:  11%|█▏        | 1149/10000 [00:29<03:29, 42.20it/s, acc=0.293, device=mps, eta=3m46s, loss=2.0248, sps=39.8]
BC[stage1_datasets_L40_stepsweep/bc_shift4_scale_0p8_1p2_steps10000_tr2]:  12%|█▏        | 1157/10000 [00:29<03:00, 49.11it/s, acc=0.293, device=mps, eta=3m46s, loss=2.0248, sps=39.8]
BC[stage1_datasets_L40_stepsweep/bc_shift4_scale_0p8_1p2_steps10000_tr2]:  12%|█▏        | 1163/10000 [00:29<04:01, 36.52it/s, acc=0.293, device=mps, eta=3m46s, loss=2.0248, sps=39.8]
BC[stage1_datasets_L40_stepsweep/bc_shift4_scale_0p8_1p2_steps10000_tr2]:  12%|█▏        | 1171/10000 [00:29<03:20, 44.06it/s, acc=0.293, device=mps, eta=3m46s, loss=2.0248, sps=39.8]
BC[stage1_datasets_L40_stepsweep/bc_shift4_scale_0p8_1p2_steps10000_tr2]:  12%|█▏        | 1179/10000 [00:29<02:54, 50.50it/s, acc=0.293, device=mps, eta=3m46s, loss=2.0248, sps=39.8]
BC[stage1_datasets_L40_stepsweep/bc_shift4_scale_0p8_1p2_steps10000_tr2]:  12%|█▏        | 1186/10000 [00:29<03:50, 38.31it/s, acc=0.293, device=mps, eta=3m46s, loss=2.0248, sps=39.8]
BC[stage1_datasets_L40_stepsweep/bc_shift4_scale_0p8_1p2_steps10000_tr2]:  12%|█▏        | 1194/10000 [00:30<03:14, 45.23it/s, acc=0.293, device=mps, eta=3m46s, loss=2.0248, sps=39.8]
BC[stage1_datasets_L40_stepsweep/bc_shift4_scale_0p8_1p2_steps10000_tr2]:  12%|█▏        | 1194/10000 [00:30<03:14, 45.23it/s, acc=0.290, device=mps, eta=3m41s, loss=2.0289, sps=39.7]
BC[stage1_datasets_L40_stepsweep/bc_shift4_scale_0p8_1p2_steps10000_tr2]:  12%|█▏        | 1201/10000 [00:30<04:04, 36.04it/s, acc=0.290, device=mps, eta=3m41s, loss=2.0289, sps=39.7]
BC[stage1_datasets_L40_stepsweep/bc_shift4_scale_0p8_1p2_steps10000_tr2]:  12%|█▏        | 1209/10000 [00:30<03:23, 43.10it/s, acc=0.290, device=mps, eta=3m41s, loss=2.0289, sps=39.7]
BC[stage1_datasets_L40_stepsweep/bc_shift4_scale_0p8_1p2_steps10000_tr2]:  12%|█▏        | 1217/10000 [00:30<02:58, 49.08it/s, acc=0.290, device=mps, eta=3m41s, loss=2.0289, sps=39.7]
BC[stage1_datasets_L40_stepsweep/bc_shift4_scale_0p8_1p2_steps10000_tr2]:  12%|█▏        | 1223/10000 [00:30<03:59, 36.67it/s, acc=0.290, device=mps, eta=3m41s, loss=2.0289, sps=39.7]
BC[stage1_datasets_L40_stepsweep/bc_shift4_scale_0p8_1p2_steps10000_tr2]:  12%|█▏        | 1231/10000 [00:31<03:20, 43.74it/s, acc=0.290, device=mps, eta=3m41s, loss=2.0289, sps=39.7]
BC[stage1_datasets_L40_stepsweep/bc_shift4_scale_0p8_1p2_steps10000_tr2]:  12%|█▏        | 1239/10000 [00:31<02:55, 49.97it/s, acc=0.290, device=mps, eta=3m41s, loss=2.0289, sps=39.7]
BC[stage1_datasets_L40_stepsweep/bc_shift4_scale_0p8_1p2_steps10000_tr2]:  12%|█▏        | 1246/10000 [00:31<04:00, 36.36it/s, acc=0.290, device=mps, eta=3m41s, loss=2.0289, sps=39.7]
BC[stage1_datasets_L40_stepsweep/bc_shift4_scale_0p8_1p2_steps10000_tr2]:  13%|█▎        | 1252/10000 [00:31<03:40, 39.69it/s, acc=0.290, device=mps, eta=3m41s, loss=2.0289, sps=39.7]
BC[stage1_datasets_L40_stepsweep/bc_shift4_scale_0p8_1p2_steps10000_tr2]:  13%|█▎        | 1259/10000 [00:31<03:15, 44.78it/s, acc=0.290, device=mps, eta=3m41s, loss=2.0289, sps=39.7]
BC[stage1_datasets_L40_stepsweep/bc_shift4_scale_0p8_1p2_steps10000_tr2]:  13%|█▎        | 1265/10000 [00:31<04:11, 34.74it/s, acc=0.290, device=mps, eta=3m41s, loss=2.0289, sps=39.7]
BC[stage1_datasets_L40_stepsweep/bc_shift4_scale_0p8_1p2_steps10000_tr2]:  13%|█▎        | 1273/10000 [00:32<03:25, 42.39it/s, acc=0.290, device=mps, eta=3m41s, loss=2.0289, sps=39.7]
BC[stage1_datasets_L40_stepsweep/bc_shift4_scale_0p8_1p2_steps10000_tr2]:  13%|█▎        | 1281/10000 [00:32<04:07, 35.18it/s, acc=0.290, device=mps, eta=3m41s, loss=2.0289, sps=39.7]
BC[stage1_datasets_L40_stepsweep/bc_shift4_scale_0p8_1p2_steps10000_tr2]:  13%|█▎        | 1289/10000 [00:32<03:25, 42.30it/s, acc=0.290, device=mps, eta=3m41s, loss=2.0289, sps=39.7]
BC[stage1_datasets_L40_stepsweep/bc_shift4_scale_0p8_1p2_steps10000_tr2]:  13%|█▎        | 1297/10000 [00:32<02:59, 48.60it/s, acc=0.290, device=mps, eta=3m41s, loss=2.0289, sps=39.7]
BC[stage1_datasets_L40_stepsweep/bc_shift4_scale_0p8_1p2_steps10000_tr2]:  13%|█▎        | 1303/10000 [00:32<04:06, 35.31it/s, acc=0.290, device=mps, eta=3m41s, loss=2.0289, sps=39.7]
BC[stage1_datasets_L40_stepsweep/bc_shift4_scale_0p8_1p2_steps10000_tr2]:  13%|█▎        | 1309/10000 [00:33<03:44, 38.80it/s, acc=0.290, device=mps, eta=3m41s, loss=2.0289, sps=39.7]
BC[stage1_datasets_L40_stepsweep/bc_shift4_scale_0p8_1p2_steps10000_tr2]:  13%|█▎        | 1316/10000 [00:33<03:17, 43.99it/s, acc=0.290, device=mps, eta=3m41s, loss=2.0289, sps=39.7]
BC[stage1_datasets_L40_stepsweep/bc_shift4_scale_0p8_1p2_steps10000_tr2]:  13%|█▎        | 1322/10000 [00:33<04:13, 34.18it/s, acc=0.290, device=mps, eta=3m41s, loss=2.0289, sps=39.7]
BC[stage1_datasets_L40_stepsweep/bc_shift4_scale_0p8_1p2_steps10000_tr2]:  13%|█▎        | 1330/10000 [00:33<03:27, 41.84it/s, acc=0.290, device=mps, eta=3m41s, loss=2.0289, sps=39.7]
BC[stage1_datasets_L40_stepsweep/bc_shift4_scale_0p8_1p2_steps10000_tr2]:  13%|█▎        | 1338/10000 [00:33<02:58, 48.44it/s, acc=0.290, device=mps, eta=3m41s, loss=2.0289, sps=39.7]
BC[stage1_datasets_L40_stepsweep/bc_shift4_scale_0p8_1p2_steps10000_tr2]:  13%|█▎        | 1344/10000 [00:33<03:59, 36.18it/s, acc=0.290, device=mps, eta=3m41s, loss=2.0289, sps=39.7]
BC[stage1_datasets_L40_stepsweep/bc_shift4_scale_0p8_1p2_steps10000_tr2]:  13%|█▎        | 1349/10000 [00:34<03:45, 38.45it/s, acc=0.290, device=mps, eta=3m41s, loss=2.0289, sps=39.7]
BC[stage1_datasets_L40_stepsweep/bc_shift4_scale_0p8_1p2_steps10000_tr2]:  14%|█▎        | 1355/10000 [00:34<03:28, 41.40it/s, acc=0.290, device=mps, eta=3m41s, loss=2.0289, sps=39.7]
BC[stage1_datasets_L40_stepsweep/bc_shift4_scale_0p8_1p2_steps10000_tr2]:  14%|█▎        | 1361/10000 [00:34<04:31, 31.80it/s, acc=0.290, device=mps, eta=3m41s, loss=2.0289, sps=39.7]
BC[stage1_datasets_L40_stepsweep/bc_shift4_scale_0p8_1p2_steps10000_tr2]:  14%|█▎        | 1369/10000 [00:34<03:35, 40.03it/s, acc=0.290, device=mps, eta=3m41s, loss=2.0289, sps=39.7]
BC[stage1_datasets_L40_stepsweep/bc_shift4_scale_0p8_1p2_steps10000_tr2]:  14%|█▍        | 1377/10000 [00:34<03:01, 47.47it/s, acc=0.290, device=mps, eta=3m41s, loss=2.0289, sps=39.7]
BC[stage1_datasets_L40_stepsweep/bc_shift4_scale_0p8_1p2_steps10000_tr2]:  14%|█▍        | 1383/10000 [00:34<03:59, 36.00it/s, acc=0.290, device=mps, eta=3m41s, loss=2.0289, sps=39.7]
BC[stage1_datasets_L40_stepsweep/bc_shift4_scale_0p8_1p2_steps10000_tr2]:  14%|█▍        | 1391/10000 [00:35<03:17, 43.70it/s, acc=0.290, device=mps, eta=3m41s, loss=2.0289, sps=39.7]
BC[stage1_datasets_L40_stepsweep/bc_shift4_scale_0p8_1p2_steps10000_tr2]:  14%|█▍        | 1399/10000 [00:35<02:50, 50.38it/s, acc=0.290, device=mps, eta=3m41s, loss=2.0289, sps=39.7]
BC[stage1_datasets_L40_stepsweep/bc_shift4_scale_0p8_1p2_steps10000_tr2]:  14%|█▍        | 1399/10000 [00:35<02:50, 50.38it/s, acc=0.295, device=mps, eta=3m36s, loss=2.0185, sps=39.8]
BC[stage1_datasets_L40_stepsweep/bc_shift4_scale_0p8_1p2_steps10000_tr2]:  14%|█▍        | 1406/10000 [00:35<03:44, 38.26it/s, acc=0.295, device=mps, eta=3m36s, loss=2.0185, sps=39.8]
BC[stage1_datasets_L40_stepsweep/bc_shift4_scale_0p8_1p2_steps10000_tr2]:  14%|█▍        | 1414/10000 [00:35<03:10, 45.12it/s, acc=0.295, device=mps, eta=3m36s, loss=2.0185, sps=39.8]
BC[stage1_datasets_L40_stepsweep/bc_shift4_scale_0p8_1p2_steps10000_tr2]:  14%|█▍        | 1421/10000 [00:35<04:01, 35.49it/s, acc=0.295, device=mps, eta=3m36s, loss=2.0185, sps=39.8]
BC[stage1_datasets_L40_stepsweep/bc_shift4_scale_0p8_1p2_steps10000_tr2]:  14%|█▍        | 1427/10000 [00:35<03:36, 39.61it/s, acc=0.295, device=mps, eta=3m36s, loss=2.0185, sps=39.8]
BC[stage1_datasets_L40_stepsweep/bc_shift4_scale_0p8_1p2_steps10000_tr2]:  14%|█▍        | 1433/10000 [00:36<03:22, 42.40it/s, acc=0.295, device=mps, eta=3m36s, loss=2.0185, sps=39.8]
BC[stage1_datasets_L40_stepsweep/bc_shift4_scale_0p8_1p2_steps10000_tr2]:  14%|█▍        | 1440/10000 [00:36<03:00, 47.49it/s, acc=0.295, device=mps, eta=3m36s, loss=2.0185, sps=39.8]
BC[stage1_datasets_L40_stepsweep/bc_shift4_scale_0p8_1p2_steps10000_tr2]:  14%|█▍        | 1446/10000 [00:36<04:01, 35.49it/s, acc=0.295, device=mps, eta=3m36s, loss=2.0185, sps=39.8]
BC[stage1_datasets_L40_stepsweep/bc_shift4_scale_0p8_1p2_steps10000_tr2]:  15%|█▍        | 1454/10000 [00:36<03:17, 43.36it/s, acc=0.295, device=mps, eta=3m36s, loss=2.0185, sps=39.8]
BC[stage1_datasets_L40_stepsweep/bc_shift4_scale_0p8_1p2_steps10000_tr2]:  15%|█▍        | 1461/10000 [00:36<04:05, 34.85it/s, acc=0.295, device=mps, eta=3m36s, loss=2.0185, sps=39.8]
BC[stage1_datasets_L40_stepsweep/bc_shift4_scale_0p8_1p2_steps10000_tr2]:  15%|█▍        | 1469/10000 [00:36<03:21, 42.30it/s, acc=0.295, device=mps, eta=3m36s, loss=2.0185, sps=39.8]
BC[stage1_datasets_L40_stepsweep/bc_shift4_scale_0p8_1p2_steps10000_tr2]:  15%|█▍        | 1477/10000 [00:37<02:53, 49.05it/s, acc=0.295, device=mps, eta=3m36s, loss=2.0185, sps=39.8]
BC[stage1_datasets_L40_stepsweep/bc_shift4_scale_0p8_1p2_steps10000_tr2]:  15%|█▍        | 1484/10000 [00:37<03:45, 37.79it/s, acc=0.295, device=mps, eta=3m36s, loss=2.0185, sps=39.8]
BC[stage1_datasets_L40_stepsweep/bc_shift4_scale_0p8_1p2_steps10000_tr2]:  15%|█▍        | 1492/10000 [00:37<03:09, 44.80it/s, acc=0.295, device=mps, eta=3m36s, loss=2.0185, sps=39.8]
BC[stage1_datasets_L40_stepsweep/bc_shift4_scale_0p8_1p2_steps10000_tr2]:  15%|█▌        | 1500/10000 [00:37<02:45, 51.32it/s, acc=0.295, device=mps, eta=3m36s, loss=2.0185, sps=39.8]
BC[stage1_datasets_L40_stepsweep/bc_shift4_scale_0p8_1p2_steps10000_tr2]:  15%|█▌        | 1507/10000 [00:37<03:39, 38.70it/s, acc=0.295, device=mps, eta=3m36s, loss=2.0185, sps=39.8]
BC[stage1_datasets_L40_stepsweep/bc_shift4_scale_0p8_1p2_steps10000_tr2]:  15%|█▌        | 1515/10000 [00:37<03:05, 45.72it/s, acc=0.295, device=mps, eta=3m36s, loss=2.0185, sps=39.8]
BC[stage1_datasets_L40_stepsweep/bc_shift4_scale_0p8_1p2_steps10000_tr2]:  15%|█▌        | 1521/10000 [00:38<03:58, 35.54it/s, acc=0.295, device=mps, eta=3m36s, loss=2.0185, sps=39.8]
BC[stage1_datasets_L40_stepsweep/bc_shift4_scale_0p8_1p2_steps10000_tr2]:  15%|█▌        | 1529/10000 [00:38<03:17, 42.83it/s, acc=0.295, device=mps, eta=3m36s, loss=2.0185, sps=39.8]
BC[stage1_datasets_L40_stepsweep/bc_shift4_scale_0p8_1p2_steps10000_tr2]:  15%|█▌        | 1537/10000 [00:38<02:49, 49.80it/s, acc=0.295, device=mps, eta=3m36s, loss=2.0185, sps=39.8]
BC[stage1_datasets_L40_stepsweep/bc_shift4_scale_0p8_1p2_steps10000_tr2]:  15%|█▌        | 1544/10000 [00:38<03:41, 38.18it/s, acc=0.295, device=mps, eta=3m36s, loss=2.0185, sps=39.8]
BC[stage1_datasets_L40_stepsweep/bc_shift4_scale_0p8_1p2_steps10000_tr2]:  16%|█▌        | 1552/10000 [00:38<03:06, 45.33it/s, acc=0.295, device=mps, eta=3m36s, loss=2.0185, sps=39.8]
BC[stage1_datasets_L40_stepsweep/bc_shift4_scale_0p8_1p2_steps10000_tr2]:  16%|█▌        | 1560/10000 [00:38<02:41, 52.39it/s, acc=0.295, device=mps, eta=3m36s, loss=2.0185, sps=39.8]
BC[stage1_datasets_L40_stepsweep/bc_shift4_scale_0p8_1p2_steps10000_tr2]:  16%|█▌        | 1567/10000 [00:39<03:41, 38.04it/s, acc=0.295, device=mps, eta=3m36s, loss=2.0185, sps=39.8]
BC[stage1_datasets_L40_stepsweep/bc_shift4_scale_0p8_1p2_steps10000_tr2]:  16%|█▌        | 1573/10000 [00:39<03:25, 40.99it/s, acc=0.295, device=mps, eta=3m36s, loss=2.0185, sps=39.8]
BC[stage1_datasets_L40_stepsweep/bc_shift4_scale_0p8_1p2_steps10000_tr2]:  16%|█▌        | 1579/10000 [00:39<03:12, 43.77it/s, acc=0.295, device=mps, eta=3m36s, loss=2.0185, sps=39.8]
BC[stage1_datasets_L40_stepsweep/bc_shift4_scale_0p8_1p2_steps10000_tr2]:  16%|█▌        | 1585/10000 [00:39<04:10, 33.55it/s, acc=0.295, device=mps, eta=3m36s, loss=2.0185, sps=39.8]
BC[stage1_datasets_L40_stepsweep/bc_shift4_scale_0p8_1p2_steps10000_tr2]:  16%|█▌        | 1593/10000 [00:39<03:23, 41.39it/s, acc=0.295, device=mps, eta=3m36s, loss=2.0185, sps=39.8]
BC[stage1_datasets_L40_stepsweep/bc_shift4_scale_0p8_1p2_steps10000_tr2]:  16%|█▌        | 1593/10000 [00:39<03:23, 41.39it/s, acc=0.292, device=mps, eta=3m30s, loss=2.0206, sps=40.0]
BC[stage1_datasets_L40_stepsweep/bc_shift4_scale_0p8_1p2_steps10000_tr2]:  16%|█▌        | 1601/10000 [00:40<04:02, 34.59it/s, acc=0.292, device=mps, eta=3m30s, loss=2.0206, sps=40.0]
BC[stage1_datasets_L40_stepsweep/bc_shift4_scale_0p8_1p2_steps10000_tr2]:  16%|█▌        | 1609/10000 [00:40<03:20, 41.82it/s, acc=0.292, device=mps, eta=3m30s, loss=2.0206, sps=40.0]
BC[stage1_datasets_L40_stepsweep/bc_shift4_scale_0p8_1p2_steps10000_tr2]:  16%|█▌        | 1617/10000 [00:40<02:52, 48.56it/s, acc=0.292, device=mps, eta=3m30s, loss=2.0206, sps=40.0]
BC[stage1_datasets_L40_stepsweep/bc_shift4_scale_0p8_1p2_steps10000_tr2]:  16%|█▌        | 1624/10000 [00:40<03:42, 37.65it/s, acc=0.292, device=mps, eta=3m30s, loss=2.0206, sps=40.0]
BC[stage1_datasets_L40_stepsweep/bc_shift4_scale_0p8_1p2_steps10000_tr2]:  16%|█▋        | 1632/10000 [00:40<03:07, 44.66it/s, acc=0.292, device=mps, eta=3m30s, loss=2.0206, sps=40.0]
BC[stage1_datasets_L40_stepsweep/bc_shift4_scale_0p8_1p2_steps10000_tr2]:  16%|█▋        | 1640/10000 [00:40<02:42, 51.42it/s, acc=0.292, device=mps, eta=3m30s, loss=2.0206, sps=40.0]
BC[stage1_datasets_L40_stepsweep/bc_shift4_scale_0p8_1p2_steps10000_tr2]:  16%|█▋        | 1647/10000 [00:41<03:35, 38.72it/s, acc=0.292, device=mps, eta=3m30s, loss=2.0206, sps=40.0]
BC[stage1_datasets_L40_stepsweep/bc_shift4_scale_0p8_1p2_steps10000_tr2]:  17%|█▋        | 1655/10000 [00:41<03:03, 45.56it/s, acc=0.292, device=mps, eta=3m30s, loss=2.0206, sps=40.0]
BC[stage1_datasets_L40_stepsweep/bc_shift4_scale_0p8_1p2_steps10000_tr2]:  17%|█▋        | 1661/10000 [00:41<03:55, 35.47it/s, acc=0.292, device=mps, eta=3m30s, loss=2.0206, sps=40.0]
BC[stage1_datasets_L40_stepsweep/bc_shift4_scale_0p8_1p2_steps10000_tr2]:  17%|█▋        | 1669/10000 [00:41<03:14, 42.79it/s, acc=0.292, device=mps, eta=3m30s, loss=2.0206, sps=40.0]
BC[stage1_datasets_L40_stepsweep/bc_shift4_scale_0p8_1p2_steps10000_tr2]:  17%|█▋        | 1677/10000 [00:41<02:48, 49.30it/s, acc=0.292, device=mps, eta=3m30s, loss=2.0206, sps=40.0]
BC[stage1_datasets_L40_stepsweep/bc_shift4_scale_0p8_1p2_steps10000_tr2]:  17%|█▋        | 1684/10000 [00:42<03:39, 37.97it/s, acc=0.292, device=mps, eta=3m30s, loss=2.0206, sps=40.0]
BC[stage1_datasets_L40_stepsweep/bc_shift4_scale_0p8_1p2_steps10000_tr2]:  17%|█▋        | 1692/10000 [00:42<03:04, 45.01it/s, acc=0.292, device=mps, eta=3m30s, loss=2.0206, sps=40.0]
BC[stage1_datasets_L40_stepsweep/bc_shift4_scale_0p8_1p2_steps10000_tr2]:  17%|█▋        | 1700/10000 [00:42<02:39, 52.06it/s, acc=0.292, device=mps, eta=3m30s, loss=2.0206, sps=40.0]
BC[stage1_datasets_L40_stepsweep/bc_shift4_scale_0p8_1p2_steps10000_tr2]:  17%|█▋        | 1707/10000 [00:42<03:32, 38.94it/s, acc=0.292, device=mps, eta=3m30s, loss=2.0206, sps=40.0]
BC[stage1_datasets_L40_stepsweep/bc_shift4_scale_0p8_1p2_steps10000_tr2]:  17%|█▋        | 1715/10000 [00:42<03:01, 45.68it/s, acc=0.292, device=mps, eta=3m30s, loss=2.0206, sps=40.0]
BC[stage1_datasets_L40_stepsweep/bc_shift4_scale_0p8_1p2_steps10000_tr2]:  17%|█▋        | 1721/10000 [00:42<03:52, 35.68it/s, acc=0.292, device=mps, eta=3m30s, loss=2.0206, sps=40.0]
BC[stage1_datasets_L40_stepsweep/bc_shift4_scale_0p8_1p2_steps10000_tr2]:  17%|█▋        | 1727/10000 [00:43<03:27, 39.88it/s, acc=0.292, device=mps, eta=3m30s, loss=2.0206, sps=40.0]
BC[stage1_datasets_L40_stepsweep/bc_shift4_scale_0p8_1p2_steps10000_tr2]:  17%|█▋        | 1733/10000 [00:43<03:11, 43.21it/s, acc=0.292, device=mps, eta=3m30s, loss=2.0206, sps=40.0]
BC[stage1_datasets_L40_stepsweep/bc_shift4_scale_0p8_1p2_steps10000_tr2]:  17%|█▋        | 1739/10000 [00:43<02:58, 46.29it/s, acc=0.292, device=mps, eta=3m30s, loss=2.0206, sps=40.0]
BC[stage1_datasets_L40_stepsweep/bc_shift4_scale_0p8_1p2_steps10000_tr2]:  17%|█▋        | 1745/10000 [00:43<04:03, 33.87it/s, acc=0.292, device=mps, eta=3m30s, loss=2.0206, sps=40.0]
BC[stage1_datasets_L40_stepsweep/bc_shift4_scale_0p8_1p2_steps10000_tr2]:  18%|█▊        | 1751/10000 [00:43<03:36, 38.02it/s, acc=0.292, device=mps, eta=3m30s, loss=2.0206, sps=40.0]
BC[stage1_datasets_L40_stepsweep/bc_shift4_scale_0p8_1p2_steps10000_tr2]:  18%|█▊        | 1758/10000 [00:43<03:10, 43.33it/s, acc=0.292, device=mps, eta=3m30s, loss=2.0206, sps=40.0]
BC[stage1_datasets_L40_stepsweep/bc_shift4_scale_0p8_1p2_steps10000_tr2]:  18%|█▊        | 1764/10000 [00:44<04:08, 33.15it/s, acc=0.292, device=mps, eta=3m30s, loss=2.0206, sps=40.0]
BC[stage1_datasets_L40_stepsweep/bc_shift4_scale_0p8_1p2_steps10000_tr2]:  18%|█▊        | 1772/10000 [00:44<03:19, 41.16it/s, acc=0.292, device=mps, eta=3m30s, loss=2.0206, sps=40.0]
BC[stage1_datasets_L40_stepsweep/bc_shift4_scale_0p8_1p2_steps10000_tr2]:  18%|█▊        | 1780/10000 [00:44<02:48, 48.75it/s, acc=0.292, device=mps, eta=3m30s, loss=2.0206, sps=40.0]
BC[stage1_datasets_L40_stepsweep/bc_shift4_scale_0p8_1p2_steps10000_tr2]:  18%|█▊        | 1786/10000 [00:44<03:46, 36.25it/s, acc=0.292, device=mps, eta=3m30s, loss=2.0206, sps=40.0]
BC[stage1_datasets_L40_stepsweep/bc_shift4_scale_0p8_1p2_steps10000_tr2]:  18%|█▊        | 1794/10000 [00:44<03:07, 43.69it/s, acc=0.292, device=mps, eta=3m30s, loss=2.0206, sps=40.0]
BC[stage1_datasets_L40_stepsweep/bc_shift4_scale_0p8_1p2_steps10000_tr2]:  18%|█▊        | 1794/10000 [00:44<03:07, 43.69it/s, acc=0.295, device=mps, eta=3m24s, loss=2.0162, sps=40.2]
BC[stage1_datasets_L40_stepsweep/bc_shift4_scale_0p8_1p2_steps10000_tr2]:  18%|█▊        | 1801/10000 [00:45<03:53, 35.10it/s, acc=0.295, device=mps, eta=3m24s, loss=2.0162, sps=40.2]
BC[stage1_datasets_L40_stepsweep/bc_shift4_scale_0p8_1p2_steps10000_tr2]:  18%|█▊        | 1809/10000 [00:45<03:13, 42.44it/s, acc=0.295, device=mps, eta=3m24s, loss=2.0162, sps=40.2]
BC[stage1_datasets_L40_stepsweep/bc_shift4_scale_0p8_1p2_steps10000_tr2]:  18%|█▊        | 1817/10000 [00:45<02:45, 49.36it/s, acc=0.295, device=mps, eta=3m24s, loss=2.0162, sps=40.2]
BC[stage1_datasets_L40_stepsweep/bc_shift4_scale_0p8_1p2_steps10000_tr2]:  18%|█▊        | 1824/10000 [00:45<03:35, 37.97it/s, acc=0.295, device=mps, eta=3m24s, loss=2.0162, sps=40.2]
BC[stage1_datasets_L40_stepsweep/bc_shift4_scale_0p8_1p2_steps10000_tr2]:  18%|█▊        | 1832/10000 [00:45<03:01, 44.97it/s, acc=0.295, device=mps, eta=3m24s, loss=2.0162, sps=40.2]
BC[stage1_datasets_L40_stepsweep/bc_shift4_scale_0p8_1p2_steps10000_tr2]:  18%|█▊        | 1840/10000 [00:45<02:36, 52.03it/s, acc=0.295, device=mps, eta=3m24s, loss=2.0162, sps=40.2]
BC[stage1_datasets_L40_stepsweep/bc_shift4_scale_0p8_1p2_steps10000_tr2]:  18%|█▊        | 1847/10000 [00:46<03:29, 38.83it/s, acc=0.295, device=mps, eta=3m24s, loss=2.0162, sps=40.2]
BC[stage1_datasets_L40_stepsweep/bc_shift4_scale_0p8_1p2_steps10000_tr2]:  19%|█▊        | 1855/10000 [00:46<02:58, 45.65it/s, acc=0.295, device=mps, eta=3m24s, loss=2.0162, sps=40.2]
BC[stage1_datasets_L40_stepsweep/bc_shift4_scale_0p8_1p2_steps10000_tr2]:  19%|█▊        | 1861/10000 [00:46<03:49, 35.42it/s, acc=0.295, device=mps, eta=3m24s, loss=2.0162, sps=40.2]
BC[stage1_datasets_L40_stepsweep/bc_shift4_scale_0p8_1p2_steps10000_tr2]:  19%|█▊        | 1869/10000 [00:46<03:10, 42.76it/s, acc=0.295, device=mps, eta=3m24s, loss=2.0162, sps=40.2]
BC[stage1_datasets_L40_stepsweep/bc_shift4_scale_0p8_1p2_steps10000_tr2]:  19%|█▉        | 1877/10000 [00:46<02:43, 49.82it/s, acc=0.295, device=mps, eta=3m24s, loss=2.0162, sps=40.2]
BC[stage1_datasets_L40_stepsweep/bc_shift4_scale_0p8_1p2_steps10000_tr2]:  19%|█▉        | 1884/10000 [00:46<03:33, 38.06it/s, acc=0.295, device=mps, eta=3m24s, loss=2.0162, sps=40.2]
BC[stage1_datasets_L40_stepsweep/bc_shift4_scale_0p8_1p2_steps10000_tr2]:  19%|█▉        | 1892/10000 [00:47<02:59, 45.06it/s, acc=0.295, device=mps, eta=3m24s, loss=2.0162, sps=40.2]
BC[stage1_datasets_L40_stepsweep/bc_shift4_scale_0p8_1p2_steps10000_tr2]:  19%|█▉        | 1900/10000 [00:47<02:36, 51.70it/s, acc=0.295, device=mps, eta=3m24s, loss=2.0162, sps=40.2]
BC[stage1_datasets_L40_stepsweep/bc_shift4_scale_0p8_1p2_steps10000_tr2]:  19%|█▉        | 1907/10000 [00:47<03:28, 38.86it/s, acc=0.295, device=mps, eta=3m24s, loss=2.0162, sps=40.2]
BC[stage1_datasets_L40_stepsweep/bc_shift4_scale_0p8_1p2_steps10000_tr2]:  19%|█▉        | 1915/10000 [00:47<02:57, 45.66it/s, acc=0.295, device=mps, eta=3m24s, loss=2.0162, sps=40.2]
BC[stage1_datasets_L40_stepsweep/bc_shift4_scale_0p8_1p2_steps10000_tr2]:  19%|█▉        | 1921/10000 [00:47<03:48, 35.41it/s, acc=0.295, device=mps, eta=3m24s, loss=2.0162, sps=40.2]
BC[stage1_datasets_L40_stepsweep/bc_shift4_scale_0p8_1p2_steps10000_tr2]:  19%|█▉        | 1929/10000 [00:47<03:08, 42.81it/s, acc=0.295, device=mps, eta=3m24s, loss=2.0162, sps=40.2]
BC[stage1_datasets_L40_stepsweep/bc_shift4_scale_0p8_1p2_steps10000_tr2]:  19%|█▉        | 1937/10000 [00:48<02:43, 49.30it/s, acc=0.295, device=mps, eta=3m24s, loss=2.0162, sps=40.2]
BC[stage1_datasets_L40_stepsweep/bc_shift4_scale_0p8_1p2_steps10000_tr2]:  19%|█▉        | 1944/10000 [00:48<03:32, 37.96it/s, acc=0.295, device=mps, eta=3m24s, loss=2.0162, sps=40.2]
BC[stage1_datasets_L40_stepsweep/bc_shift4_scale_0p8_1p2_steps10000_tr2]:  20%|█▉        | 1952/10000 [00:48<02:59, 44.92it/s, acc=0.295, device=mps, eta=3m24s, loss=2.0162, sps=40.2]
BC[stage1_datasets_L40_stepsweep/bc_shift4_scale_0p8_1p2_steps10000_tr2]:  20%|█▉        | 1960/10000 [00:48<02:35, 51.75it/s, acc=0.295, device=mps, eta=3m24s, loss=2.0162, sps=40.2]
BC[stage1_datasets_L40_stepsweep/bc_shift4_scale_0p8_1p2_steps10000_tr2]:  20%|█▉        | 1967/10000 [00:48<03:26, 38.87it/s, acc=0.295, device=mps, eta=3m24s, loss=2.0162, sps=40.2]
BC[stage1_datasets_L40_stepsweep/bc_shift4_scale_0p8_1p2_steps10000_tr2]:  20%|█▉        | 1975/10000 [00:48<02:55, 45.60it/s, acc=0.295, device=mps, eta=3m24s, loss=2.0162, sps=40.2]
BC[stage1_datasets_L40_stepsweep/bc_shift4_scale_0p8_1p2_steps10000_tr2]:  20%|█▉        | 1981/10000 [00:49<03:45, 35.52it/s, acc=0.295, device=mps, eta=3m24s, loss=2.0162, sps=40.2]
BC[stage1_datasets_L40_stepsweep/bc_shift4_scale_0p8_1p2_steps10000_tr2]:  20%|█▉        | 1989/10000 [00:49<03:07, 42.83it/s, acc=0.295, device=mps, eta=3m24s, loss=2.0162, sps=40.2]
BC[stage1_datasets_L40_stepsweep/bc_shift4_scale_0p8_1p2_steps10000_tr2]:  20%|█▉        | 1997/10000 [00:49<02:41, 49.52it/s, acc=0.295, device=mps, eta=3m24s, loss=2.0162, sps=40.2]
BC[stage1_datasets_L40_stepsweep/bc_shift4_scale_0p8_1p2_steps10000_tr2]:  20%|█▉        | 1997/10000 [00:49<02:41, 49.52it/s, acc=0.297, device=mps, eta=3m18s, loss=2.0171, sps=40.4]
BC[stage1_datasets_L40_stepsweep/bc_shift4_scale_0p8_1p2_steps10000_tr2]:  20%|██        | 2004/10000 [00:49<03:30, 38.06it/s, acc=0.297, device=mps, eta=3m18s, loss=2.0171, sps=40.4]
BC[stage1_datasets_L40_stepsweep/bc_shift4_scale_0p8_1p2_steps10000_tr2]:  20%|██        | 2012/10000 [00:49<02:57, 45.10it/s, acc=0.297, device=mps, eta=3m18s, loss=2.0171, sps=40.4]
BC[stage1_datasets_L40_stepsweep/bc_shift4_scale_0p8_1p2_steps10000_tr2]:  20%|██        | 2020/10000 [00:49<02:33, 52.13it/s, acc=0.297, device=mps, eta=3m18s, loss=2.0171, sps=40.4]
BC[stage1_datasets_L40_stepsweep/bc_shift4_scale_0p8_1p2_steps10000_tr2]:  20%|██        | 2027/10000 [00:50<03:37, 36.65it/s, acc=0.297, device=mps, eta=3m18s, loss=2.0171, sps=40.4]
BC[stage1_datasets_L40_stepsweep/bc_shift4_scale_0p8_1p2_steps10000_tr2]:  20%|██        | 2033/10000 [00:50<03:20, 39.66it/s, acc=0.297, device=mps, eta=3m18s, loss=2.0171, sps=40.4]
BC[stage1_datasets_L40_stepsweep/bc_shift4_scale_0p8_1p2_steps10000_tr2]:  20%|██        | 2039/10000 [00:50<03:04, 43.25it/s, acc=0.297, device=mps, eta=3m18s, loss=2.0171, sps=40.4]
BC[stage1_datasets_L40_stepsweep/bc_shift4_scale_0p8_1p2_steps10000_tr2]:  20%|██        | 2045/10000 [00:50<03:56, 33.64it/s, acc=0.297, device=mps, eta=3m18s, loss=2.0171, sps=40.4]
BC[stage1_datasets_L40_stepsweep/bc_shift4_scale_0p8_1p2_steps10000_tr2]:  21%|██        | 2053/10000 [00:50<03:11, 41.45it/s, acc=0.297, device=mps, eta=3m18s, loss=2.0171, sps=40.4]
BC[stage1_datasets_L40_stepsweep/bc_shift4_scale_0p8_1p2_steps10000_tr2]:  21%|██        | 2061/10000 [00:51<03:49, 34.64it/s, acc=0.297, device=mps, eta=3m18s, loss=2.0171, sps=40.4]
BC[stage1_datasets_L40_stepsweep/bc_shift4_scale_0p8_1p2_steps10000_tr2]:  21%|██        | 2069/10000 [00:51<03:09, 41.91it/s, acc=0.297, device=mps, eta=3m18s, loss=2.0171, sps=40.4]
BC[stage1_datasets_L40_stepsweep/bc_shift4_scale_0p8_1p2_steps10000_tr2]:  21%|██        | 2077/10000 [00:51<02:43, 48.56it/s, acc=0.297, device=mps, eta=3m18s, loss=2.0171, sps=40.4]
BC[stage1_datasets_L40_stepsweep/bc_shift4_scale_0p8_1p2_steps10000_tr2]:  21%|██        | 2084/10000 [00:51<03:30, 37.68it/s, acc=0.297, device=mps, eta=3m18s, loss=2.0171, sps=40.4]
BC[stage1_datasets_L40_stepsweep/bc_shift4_scale_0p8_1p2_steps10000_tr2]:  21%|██        | 2092/10000 [00:51<02:56, 44.69it/s, acc=0.297, device=mps, eta=3m18s, loss=2.0171, sps=40.4]
BC[stage1_datasets_L40_stepsweep/bc_shift4_scale_0p8_1p2_steps10000_tr2]:  21%|██        | 2100/10000 [00:51<02:34, 51.17it/s, acc=0.297, device=mps, eta=3m18s, loss=2.0171, sps=40.4]
BC[stage1_datasets_L40_stepsweep/bc_shift4_scale_0p8_1p2_steps10000_tr2]:  21%|██        | 2107/10000 [00:52<03:24, 38.68it/s, acc=0.297, device=mps, eta=3m18s, loss=2.0171, sps=40.4]
BC[stage1_datasets_L40_stepsweep/bc_shift4_scale_0p8_1p2_steps10000_tr2]:  21%|██        | 2115/10000 [00:52<02:53, 45.32it/s, acc=0.297, device=mps, eta=3m18s, loss=2.0171, sps=40.4]
BC[stage1_datasets_L40_stepsweep/bc_shift4_scale_0p8_1p2_steps10000_tr2]:  21%|██        | 2121/10000 [00:52<03:45, 34.97it/s, acc=0.297, device=mps, eta=3m18s, loss=2.0171, sps=40.4]
BC[stage1_datasets_L40_stepsweep/bc_shift4_scale_0p8_1p2_steps10000_tr2]:  21%|██▏       | 2127/10000 [00:52<03:21, 39.09it/s, acc=0.297, device=mps, eta=3m18s, loss=2.0171, sps=40.4]
BC[stage1_datasets_L40_stepsweep/bc_shift4_scale_0p8_1p2_steps10000_tr2]:  21%|██▏       | 2133/10000 [00:52<03:07, 42.01it/s, acc=0.297, device=mps, eta=3m18s, loss=2.0171, sps=40.4]
BC[stage1_datasets_L40_stepsweep/bc_shift4_scale_0p8_1p2_steps10000_tr2]:  21%|██▏       | 2140/10000 [00:52<02:45, 47.35it/s, acc=0.297, device=mps, eta=3m18s, loss=2.0171, sps=40.4]
BC[stage1_datasets_L40_stepsweep/bc_shift4_scale_0p8_1p2_steps10000_tr2]:  21%|██▏       | 2146/10000 [00:53<03:44, 34.94it/s, acc=0.297, device=mps, eta=3m18s, loss=2.0171, sps=40.4]
BC[stage1_datasets_L40_stepsweep/bc_shift4_scale_0p8_1p2_steps10000_tr2]:  22%|██▏       | 2152/10000 [00:53<03:24, 38.35it/s, acc=0.297, device=mps, eta=3m18s, loss=2.0171, sps=40.4]
BC[stage1_datasets_L40_stepsweep/bc_shift4_scale_0p8_1p2_steps10000_tr2]:  22%|██▏       | 2159/10000 [00:53<02:58, 43.81it/s, acc=0.297, device=mps, eta=3m18s, loss=2.0171, sps=40.4]
BC[stage1_datasets_L40_stepsweep/bc_shift4_scale_0p8_1p2_steps10000_tr2]:  22%|██▏       | 2165/10000 [00:53<03:51, 33.77it/s, acc=0.297, device=mps, eta=3m18s, loss=2.0171, sps=40.4]
BC[stage1_datasets_L40_stepsweep/bc_shift4_scale_0p8_1p2_steps10000_tr2]:  22%|██▏       | 2173/10000 [00:53<03:08, 41.50it/s, acc=0.297, device=mps, eta=3m18s, loss=2.0171, sps=40.4]
BC[stage1_datasets_L40_stepsweep/bc_shift4_scale_0p8_1p2_steps10000_tr2]:  22%|██▏       | 2181/10000 [00:54<03:44, 34.83it/s, acc=0.297, device=mps, eta=3m18s, loss=2.0171, sps=40.4]
BC[stage1_datasets_L40_stepsweep/bc_shift4_scale_0p8_1p2_steps10000_tr2]:  22%|██▏       | 2189/10000 [00:54<03:05, 42.14it/s, acc=0.297, device=mps, eta=3m18s, loss=2.0171, sps=40.4]
BC[stage1_datasets_L40_stepsweep/bc_shift4_scale_0p8_1p2_steps10000_tr2]:  22%|██▏       | 2197/10000 [00:54<02:40, 48.64it/s, acc=0.297, device=mps, eta=3m18s, loss=2.0171, sps=40.4]
BC[stage1_datasets_L40_stepsweep/bc_shift4_scale_0p8_1p2_steps10000_tr2]:  22%|██▏       | 2197/10000 [00:54<02:40, 48.64it/s, acc=0.296, device=mps, eta=3m13s, loss=2.0142, sps=40.5]
BC[stage1_datasets_L40_stepsweep/bc_shift4_scale_0p8_1p2_steps10000_tr2]:  22%|██▏       | 2203/10000 [00:54<03:31, 36.94it/s, acc=0.296, device=mps, eta=3m13s, loss=2.0142, sps=40.5]
BC[stage1_datasets_L40_stepsweep/bc_shift4_scale_0p8_1p2_steps10000_tr2]:  22%|██▏       | 2211/10000 [00:54<02:56, 44.20it/s, acc=0.296, device=mps, eta=3m13s, loss=2.0142, sps=40.5]
BC[stage1_datasets_L40_stepsweep/bc_shift4_scale_0p8_1p2_steps10000_tr2]:  22%|██▏       | 2219/10000 [00:54<02:34, 50.49it/s, acc=0.296, device=mps, eta=3m13s, loss=2.0142, sps=40.5]
BC[stage1_datasets_L40_stepsweep/bc_shift4_scale_0p8_1p2_steps10000_tr2]:  22%|██▏       | 2226/10000 [00:55<03:21, 38.62it/s, acc=0.296, device=mps, eta=3m13s, loss=2.0142, sps=40.5]
BC[stage1_datasets_L40_stepsweep/bc_shift4_scale_0p8_1p2_steps10000_tr2]:  22%|██▏       | 2234/10000 [00:55<02:50, 45.52it/s, acc=0.296, device=mps, eta=3m13s, loss=2.0142, sps=40.5]
BC[stage1_datasets_L40_stepsweep/bc_shift4_scale_0p8_1p2_steps10000_tr2]:  22%|██▏       | 2241/10000 [00:55<03:34, 36.19it/s, acc=0.296, device=mps, eta=3m13s, loss=2.0142, sps=40.5]
BC[stage1_datasets_L40_stepsweep/bc_shift4_scale_0p8_1p2_steps10000_tr2]:  22%|██▎       | 2250/10000 [00:55<02:54, 44.52it/s, acc=0.296, device=mps, eta=3m13s, loss=2.0142, sps=40.5]
BC[stage1_datasets_L40_stepsweep/bc_shift4_scale_0p8_1p2_steps10000_tr2]:  23%|██▎       | 2258/10000 [00:55<02:33, 50.52it/s, acc=0.296, device=mps, eta=3m13s, loss=2.0142, sps=40.5]
BC[stage1_datasets_L40_stepsweep/bc_shift4_scale_0p8_1p2_steps10000_tr2]:  23%|██▎       | 2265/10000 [00:56<03:20, 38.66it/s, acc=0.296, device=mps, eta=3m13s, loss=2.0142, sps=40.5]
BC[stage1_datasets_L40_stepsweep/bc_shift4_scale_0p8_1p2_steps10000_tr2]:  23%|██▎       | 2273/10000 [00:56<02:50, 45.44it/s, acc=0.296, device=mps, eta=3m13s, loss=2.0142, sps=40.5]
BC[stage1_datasets_L40_stepsweep/bc_shift4_scale_0p8_1p2_steps10000_tr2]:  23%|██▎       | 2281/10000 [00:56<03:29, 36.91it/s, acc=0.296, device=mps, eta=3m13s, loss=2.0142, sps=40.5]
BC[stage1_datasets_L40_stepsweep/bc_shift4_scale_0p8_1p2_steps10000_tr2]:  23%|██▎       | 2289/10000 [00:56<02:56, 43.74it/s, acc=0.296, device=mps, eta=3m13s, loss=2.0142, sps=40.5]
BC[stage1_datasets_L40_stepsweep/bc_shift4_scale_0p8_1p2_steps10000_tr2]:  23%|██▎       | 2297/10000 [00:56<02:34, 49.92it/s, acc=0.296, device=mps, eta=3m13s, loss=2.0142, sps=40.5]
BC[stage1_datasets_L40_stepsweep/bc_shift4_scale_0p8_1p2_steps10000_tr2]:  23%|██▎       | 2304/10000 [00:56<03:20, 38.39it/s, acc=0.296, device=mps, eta=3m13s, loss=2.0142, sps=40.5]
BC[stage1_datasets_L40_stepsweep/bc_shift4_scale_0p8_1p2_steps10000_tr2]:  23%|██▎       | 2312/10000 [00:57<02:50, 45.19it/s, acc=0.296, device=mps, eta=3m13s, loss=2.0142, sps=40.5]
BC[stage1_datasets_L40_stepsweep/bc_shift4_scale_0p8_1p2_steps10000_tr2]:  23%|██▎       | 2320/10000 [00:57<02:27, 52.05it/s, acc=0.296, device=mps, eta=3m13s, loss=2.0142, sps=40.5]
BC[stage1_datasets_L40_stepsweep/bc_shift4_scale_0p8_1p2_steps10000_tr2]:  23%|██▎       | 2327/10000 [00:57<03:28, 36.81it/s, acc=0.296, device=mps, eta=3m13s, loss=2.0142, sps=40.5]
BC[stage1_datasets_L40_stepsweep/bc_shift4_scale_0p8_1p2_steps10000_tr2]:  23%|██▎       | 2333/10000 [00:57<03:11, 40.00it/s, acc=0.296, device=mps, eta=3m13s, loss=2.0142, sps=40.5]
BC[stage1_datasets_L40_stepsweep/bc_shift4_scale_0p8_1p2_steps10000_tr2]:  23%|██▎       | 2339/10000 [00:57<02:54, 43.84it/s, acc=0.296, device=mps, eta=3m13s, loss=2.0142, sps=40.5]
BC[stage1_datasets_L40_stepsweep/bc_shift4_scale_0p8_1p2_steps10000_tr2]:  23%|██▎       | 2345/10000 [00:58<03:52, 32.87it/s, acc=0.296, device=mps, eta=3m13s, loss=2.0142, sps=40.5]
BC[stage1_datasets_L40_stepsweep/bc_shift4_scale_0p8_1p2_steps10000_tr2]:  24%|██▎       | 2351/10000 [00:58<03:25, 37.25it/s, acc=0.296, device=mps, eta=3m13s, loss=2.0142, sps=40.5]
BC[stage1_datasets_L40_stepsweep/bc_shift4_scale_0p8_1p2_steps10000_tr2]:  24%|██▎       | 2357/10000 [00:58<03:04, 41.50it/s, acc=0.296, device=mps, eta=3m13s, loss=2.0142, sps=40.5]
BC[stage1_datasets_L40_stepsweep/bc_shift4_scale_0p8_1p2_steps10000_tr2]:  24%|██▎       | 2363/10000 [00:58<03:56, 32.28it/s, acc=0.296, device=mps, eta=3m13s, loss=2.0142, sps=40.5]
BC[stage1_datasets_L40_stepsweep/bc_shift4_scale_0p8_1p2_steps10000_tr2]:  24%|██▎       | 2371/10000 [00:58<03:08, 40.44it/s, acc=0.296, device=mps, eta=3m13s, loss=2.0142, sps=40.5]
BC[stage1_datasets_L40_stepsweep/bc_shift4_scale_0p8_1p2_steps10000_tr2]:  24%|██▍       | 2379/10000 [00:58<02:40, 47.57it/s, acc=0.296, device=mps, eta=3m13s, loss=2.0142, sps=40.5]
BC[stage1_datasets_L40_stepsweep/bc_shift4_scale_0p8_1p2_steps10000_tr2]:  24%|██▍       | 2385/10000 [00:59<03:33, 35.68it/s, acc=0.296, device=mps, eta=3m13s, loss=2.0142, sps=40.5]
BC[stage1_datasets_L40_stepsweep/bc_shift4_scale_0p8_1p2_steps10000_tr2]:  24%|██▍       | 2391/10000 [00:59<03:10, 39.86it/s, acc=0.296, device=mps, eta=3m13s, loss=2.0142, sps=40.5]
BC[stage1_datasets_L40_stepsweep/bc_shift4_scale_0p8_1p2_steps10000_tr2]:  24%|██▍       | 2398/10000 [00:59<02:48, 45.08it/s, acc=0.296, device=mps, eta=3m13s, loss=2.0142, sps=40.5]
BC[stage1_datasets_L40_stepsweep/bc_shift4_scale_0p8_1p2_steps10000_tr2]:  24%|██▍       | 2398/10000 [00:59<02:48, 45.08it/s, acc=0.297, device=mps, eta=3m08s, loss=2.0131, sps=40.5]
BC[stage1_datasets_L40_stepsweep/bc_shift4_scale_0p8_1p2_steps10000_tr2]:  24%|██▍       | 2404/10000 [00:59<03:39, 34.57it/s, acc=0.297, device=mps, eta=3m08s, loss=2.0131, sps=40.5]
BC[stage1_datasets_L40_stepsweep/bc_shift4_scale_0p8_1p2_steps10000_tr2]:  24%|██▍       | 2412/10000 [00:59<02:57, 42.80it/s, acc=0.297, device=mps, eta=3m08s, loss=2.0131, sps=40.5]
BC[stage1_datasets_L40_stepsweep/bc_shift4_scale_0p8_1p2_steps10000_tr2]:  24%|██▍       | 2421/10000 [00:59<03:29, 36.15it/s, acc=0.297, device=mps, eta=3m08s, loss=2.0131, sps=40.5]
BC[stage1_datasets_L40_stepsweep/bc_shift4_scale_0p8_1p2_steps10000_tr2]:  24%|██▍       | 2428/10000 [01:00<03:08, 40.23it/s, acc=0.297, device=mps, eta=3m08s, loss=2.0131, sps=40.5]
BC[stage1_datasets_L40_stepsweep/bc_shift4_scale_0p8_1p2_steps10000_tr2]:  24%|██▍       | 2434/10000 [01:00<02:56, 42.95it/s, acc=0.297, device=mps, eta=3m08s, loss=2.0131, sps=40.5]
BC[stage1_datasets_L40_stepsweep/bc_shift4_scale_0p8_1p2_steps10000_tr2]:  24%|██▍       | 2441/10000 [01:00<03:45, 33.53it/s, acc=0.297, device=mps, eta=3m08s, loss=2.0131, sps=40.5]
BC[stage1_datasets_L40_stepsweep/bc_shift4_scale_0p8_1p2_steps10000_tr2]:  24%|██▍       | 2449/10000 [01:00<03:04, 40.99it/s, acc=0.297, device=mps, eta=3m08s, loss=2.0131, sps=40.5]
BC[stage1_datasets_L40_stepsweep/bc_shift4_scale_0p8_1p2_steps10000_tr2]:  25%|██▍       | 2457/10000 [01:00<02:38, 47.67it/s, acc=0.297, device=mps, eta=3m08s, loss=2.0131, sps=40.5]
BC[stage1_datasets_L40_stepsweep/bc_shift4_scale_0p8_1p2_steps10000_tr2]:  25%|██▍       | 2463/10000 [01:00<03:24, 36.85it/s, acc=0.297, device=mps, eta=3m08s, loss=2.0131, sps=40.5]
BC[stage1_datasets_L40_stepsweep/bc_shift4_scale_0p8_1p2_steps10000_tr2]:  25%|██▍       | 2471/10000 [01:01<02:50, 44.15it/s, acc=0.297, device=mps, eta=3m08s, loss=2.0131, sps=40.5]
BC[stage1_datasets_L40_stepsweep/bc_shift4_scale_0p8_1p2_steps10000_tr2]:  25%|██▍       | 2479/10000 [01:01<02:29, 50.40it/s, acc=0.297, device=mps, eta=3m08s, loss=2.0131, sps=40.5]
BC[stage1_datasets_L40_stepsweep/bc_shift4_scale_0p8_1p2_steps10000_tr2]:  25%|██▍       | 2486/10000 [01:01<03:16, 38.23it/s, acc=0.297, device=mps, eta=3m08s, loss=2.0131, sps=40.5]
BC[stage1_datasets_L40_stepsweep/bc_shift4_scale_0p8_1p2_steps10000_tr2]:  25%|██▍       | 2494/10000 [01:01<02:46, 45.10it/s, acc=0.297, device=mps, eta=3m08s, loss=2.0131, sps=40.5]
BC[stage1_datasets_L40_stepsweep/bc_shift4_scale_0p8_1p2_steps10000_tr2]:  25%|██▌       | 2501/10000 [01:01<03:28, 35.95it/s, acc=0.297, device=mps, eta=3m08s, loss=2.0131, sps=40.5]
BC[stage1_datasets_L40_stepsweep/bc_shift4_scale_0p8_1p2_steps10000_tr2]:  25%|██▌       | 2509/10000 [01:01<02:54, 42.96it/s, acc=0.297, device=mps, eta=3m08s, loss=2.0131, sps=40.5]
BC[stage1_datasets_L40_stepsweep/bc_shift4_scale_0p8_1p2_steps10000_tr2]:  25%|██▌       | 2517/10000 [01:02<02:31, 49.54it/s, acc=0.297, device=mps, eta=3m08s, loss=2.0131, sps=40.5]
BC[stage1_datasets_L40_stepsweep/bc_shift4_scale_0p8_1p2_steps10000_tr2]:  25%|██▌       | 2524/10000 [01:02<03:16, 38.14it/s, acc=0.297, device=mps, eta=3m08s, loss=2.0131, sps=40.5]
BC[stage1_datasets_L40_stepsweep/bc_shift4_scale_0p8_1p2_steps10000_tr2]:  25%|██▌       | 2532/10000 [01:02<02:46, 44.90it/s, acc=0.297, device=mps, eta=3m08s, loss=2.0131, sps=40.5]
BC[stage1_datasets_L40_stepsweep/bc_shift4_scale_0p8_1p2_steps10000_tr2]:  25%|██▌       | 2540/10000 [01:02<02:25, 51.31it/s, acc=0.297, device=mps, eta=3m08s, loss=2.0131, sps=40.5]
BC[stage1_datasets_L40_stepsweep/bc_shift4_scale_0p8_1p2_steps10000_tr2]:  25%|██▌       | 2547/10000 [01:02<03:11, 38.88it/s, acc=0.297, device=mps, eta=3m08s, loss=2.0131, sps=40.5]
BC[stage1_datasets_L40_stepsweep/bc_shift4_scale_0p8_1p2_steps10000_tr2]:  26%|██▌       | 2555/10000 [01:03<02:43, 45.53it/s, acc=0.297, device=mps, eta=3m08s, loss=2.0131, sps=40.5]
BC[stage1_datasets_L40_stepsweep/bc_shift4_scale_0p8_1p2_steps10000_tr2]:  26%|██▌       | 2561/10000 [01:03<03:28, 35.66it/s, acc=0.297, device=mps, eta=3m08s, loss=2.0131, sps=40.5]
BC[stage1_datasets_L40_stepsweep/bc_shift4_scale_0p8_1p2_steps10000_tr2]:  26%|██▌       | 2569/10000 [01:03<02:53, 42.87it/s, acc=0.297, device=mps, eta=3m08s, loss=2.0131, sps=40.5]
BC[stage1_datasets_L40_stepsweep/bc_shift4_scale_0p8_1p2_steps10000_tr2]:  26%|██▌       | 2577/10000 [01:03<02:30, 49.22it/s, acc=0.297, device=mps, eta=3m08s, loss=2.0131, sps=40.5]
BC[stage1_datasets_L40_stepsweep/bc_shift4_scale_0p8_1p2_steps10000_tr2]:  26%|██▌       | 2584/10000 [01:03<03:18, 37.35it/s, acc=0.297, device=mps, eta=3m08s, loss=2.0131, sps=40.5]
BC[stage1_datasets_L40_stepsweep/bc_shift4_scale_0p8_1p2_steps10000_tr2]:  26%|██▌       | 2590/10000 [01:03<03:02, 40.62it/s, acc=0.297, device=mps, eta=3m08s, loss=2.0131, sps=40.5]
BC[stage1_datasets_L40_stepsweep/bc_shift4_scale_0p8_1p2_steps10000_tr2]:  26%|██▌       | 2597/10000 [01:04<02:43, 45.29it/s, acc=0.297, device=mps, eta=3m08s, loss=2.0131, sps=40.5]
BC[stage1_datasets_L40_stepsweep/bc_shift4_scale_0p8_1p2_steps10000_tr2]:  26%|██▌       | 2597/10000 [01:04<02:43, 45.29it/s, acc=0.299, device=mps, eta=3m02s, loss=2.0076, sps=40.6]
BC[stage1_datasets_L40_stepsweep/bc_shift4_scale_0p8_1p2_steps10000_tr2]:  26%|██▌       | 2603/10000 [01:04<03:38, 33.84it/s, acc=0.299, device=mps, eta=3m02s, loss=2.0076, sps=40.6]
BC[stage1_datasets_L40_stepsweep/bc_shift4_scale_0p8_1p2_steps10000_tr2]:  26%|██▌       | 2609/10000 [01:04<03:13, 38.19it/s, acc=0.299, device=mps, eta=3m02s, loss=2.0076, sps=40.6]
BC[stage1_datasets_L40_stepsweep/bc_shift4_scale_0p8_1p2_steps10000_tr2]:  26%|██▌       | 2615/10000 [01:04<02:53, 42.53it/s, acc=0.299, device=mps, eta=3m02s, loss=2.0076, sps=40.6]
BC[stage1_datasets_L40_stepsweep/bc_shift4_scale_0p8_1p2_steps10000_tr2]:  26%|██▌       | 2621/10000 [01:04<03:44, 32.82it/s, acc=0.299, device=mps, eta=3m02s, loss=2.0076, sps=40.6]
BC[stage1_datasets_L40_stepsweep/bc_shift4_scale_0p8_1p2_steps10000_tr2]:  26%|██▋       | 2629/10000 [01:04<03:00, 40.85it/s, acc=0.299, device=mps, eta=3m02s, loss=2.0076, sps=40.6]
BC[stage1_datasets_L40_stepsweep/bc_shift4_scale_0p8_1p2_steps10000_tr2]:  26%|██▋       | 2638/10000 [01:05<02:27, 49.84it/s, acc=0.299, device=mps, eta=3m02s, loss=2.0076, sps=40.6]
BC[stage1_datasets_L40_stepsweep/bc_shift4_scale_0p8_1p2_steps10000_tr2]:  26%|██▋       | 2645/10000 [01:05<03:10, 38.54it/s, acc=0.299, device=mps, eta=3m02s, loss=2.0076, sps=40.6]
BC[stage1_datasets_L40_stepsweep/bc_shift4_scale_0p8_1p2_steps10000_tr2]:  27%|██▋       | 2653/10000 [01:05<02:40, 45.72it/s, acc=0.299, device=mps, eta=3m02s, loss=2.0076, sps=40.6]
BC[stage1_datasets_L40_stepsweep/bc_shift4_scale_0p8_1p2_steps10000_tr2]:  27%|██▋       | 2661/10000 [01:05<03:17, 37.11it/s, acc=0.299, device=mps, eta=3m02s, loss=2.0076, sps=40.6]
BC[stage1_datasets_L40_stepsweep/bc_shift4_scale_0p8_1p2_steps10000_tr2]:  27%|██▋       | 2669/10000 [01:05<02:46, 44.03it/s, acc=0.299, device=mps, eta=3m02s, loss=2.0076, sps=40.6]
BC[stage1_datasets_L40_stepsweep/bc_shift4_scale_0p8_1p2_steps10000_tr2]:  27%|██▋       | 2677/10000 [01:05<02:25, 50.28it/s, acc=0.299, device=mps, eta=3m02s, loss=2.0076, sps=40.6]
BC[stage1_datasets_L40_stepsweep/bc_shift4_scale_0p8_1p2_steps10000_tr2]:  27%|██▋       | 2684/10000 [01:06<03:10, 38.49it/s, acc=0.299, device=mps, eta=3m02s, loss=2.0076, sps=40.6]
BC[stage1_datasets_L40_stepsweep/bc_shift4_scale_0p8_1p2_steps10000_tr2]:  27%|██▋       | 2692/10000 [01:06<02:41, 45.37it/s, acc=0.299, device=mps, eta=3m02s, loss=2.0076, sps=40.6]
BC[stage1_datasets_L40_stepsweep/bc_shift4_scale_0p8_1p2_steps10000_tr2]:  27%|██▋       | 2700/10000 [01:06<02:20, 51.99it/s, acc=0.299, device=mps, eta=3m02s, loss=2.0076, sps=40.6]
BC[stage1_datasets_L40_stepsweep/bc_shift4_scale_0p8_1p2_steps10000_tr2]:  27%|██▋       | 2707/10000 [01:06<03:06, 39.03it/s, acc=0.299, device=mps, eta=3m02s, loss=2.0076, sps=40.6]
BC[stage1_datasets_L40_stepsweep/bc_shift4_scale_0p8_1p2_steps10000_tr2]:  27%|██▋       | 2715/10000 [01:06<02:39, 45.79it/s, acc=0.299, device=mps, eta=3m02s, loss=2.0076, sps=40.6]
BC[stage1_datasets_L40_stepsweep/bc_shift4_scale_0p8_1p2_steps10000_tr2]:  27%|██▋       | 2721/10000 [01:07<03:24, 35.65it/s, acc=0.299, device=mps, eta=3m02s, loss=2.0076, sps=40.6]
BC[stage1_datasets_L40_stepsweep/bc_shift4_scale_0p8_1p2_steps10000_tr2]:  27%|██▋       | 2729/10000 [01:07<02:49, 42.93it/s, acc=0.299, device=mps, eta=3m02s, loss=2.0076, sps=40.6]
BC[stage1_datasets_L40_stepsweep/bc_shift4_scale_0p8_1p2_steps10000_tr2]:  27%|██▋       | 2737/10000 [01:07<02:25, 49.75it/s, acc=0.299, device=mps, eta=3m02s, loss=2.0076, sps=40.6]
BC[stage1_datasets_L40_stepsweep/bc_shift4_scale_0p8_1p2_steps10000_tr2]:  27%|██▋       | 2744/10000 [01:07<03:10, 38.06it/s, acc=0.299, device=mps, eta=3m02s, loss=2.0076, sps=40.6]
BC[stage1_datasets_L40_stepsweep/bc_shift4_scale_0p8_1p2_steps10000_tr2]:  28%|██▊       | 2752/10000 [01:07<02:40, 45.10it/s, acc=0.299, device=mps, eta=3m02s, loss=2.0076, sps=40.6]
BC[stage1_datasets_L40_stepsweep/bc_shift4_scale_0p8_1p2_steps10000_tr2]:  28%|██▊       | 2760/10000 [01:07<02:19, 51.91it/s, acc=0.299, device=mps, eta=3m02s, loss=2.0076, sps=40.6]
BC[stage1_datasets_L40_stepsweep/bc_shift4_scale_0p8_1p2_steps10000_tr2]:  28%|██▊       | 2767/10000 [01:08<03:06, 38.83it/s, acc=0.299, device=mps, eta=3m02s, loss=2.0076, sps=40.6]
BC[stage1_datasets_L40_stepsweep/bc_shift4_scale_0p8_1p2_steps10000_tr2]:  28%|██▊       | 2775/10000 [01:08<02:37, 45.82it/s, acc=0.299, device=mps, eta=3m02s, loss=2.0076, sps=40.6]
BC[stage1_datasets_L40_stepsweep/bc_shift4_scale_0p8_1p2_steps10000_tr2]:  28%|██▊       | 2781/10000 [01:08<03:22, 35.67it/s, acc=0.299, device=mps, eta=3m02s, loss=2.0076, sps=40.6]
BC[stage1_datasets_L40_stepsweep/bc_shift4_scale_0p8_1p2_steps10000_tr2]:  28%|██▊       | 2787/10000 [01:08<03:01, 39.71it/s, acc=0.299, device=mps, eta=3m02s, loss=2.0076, sps=40.6]
BC[stage1_datasets_L40_stepsweep/bc_shift4_scale_0p8_1p2_steps10000_tr2]:  28%|██▊       | 2793/10000 [01:08<02:49, 42.62it/s, acc=0.299, device=mps, eta=3m02s, loss=2.0076, sps=40.6]
BC[stage1_datasets_L40_stepsweep/bc_shift4_scale_0p8_1p2_steps10000_tr2]:  28%|██▊       | 2799/10000 [01:08<02:35, 46.32it/s, acc=0.299, device=mps, eta=3m02s, loss=2.0076, sps=40.6]
BC[stage1_datasets_L40_stepsweep/bc_shift4_scale_0p8_1p2_steps10000_tr2]:  28%|██▊       | 2799/10000 [01:08<02:35, 46.32it/s, acc=0.295, device=mps, eta=2m57s, loss=2.0134, sps=40.7]
BC[stage1_datasets_L40_stepsweep/bc_shift4_scale_0p8_1p2_steps10000_tr2]:  28%|██▊       | 2805/10000 [01:09<03:29, 34.42it/s, acc=0.295, device=mps, eta=2m57s, loss=2.0134, sps=40.7]
BC[stage1_datasets_L40_stepsweep/bc_shift4_scale_0p8_1p2_steps10000_tr2]:  28%|██▊       | 2813/10000 [01:09<02:49, 42.40it/s, acc=0.295, device=mps, eta=2m57s, loss=2.0134, sps=40.7]
BC[stage1_datasets_L40_stepsweep/bc_shift4_scale_0p8_1p2_steps10000_tr2]:  28%|██▊       | 2821/10000 [01:09<03:25, 34.99it/s, acc=0.295, device=mps, eta=2m57s, loss=2.0134, sps=40.7]
BC[stage1_datasets_L40_stepsweep/bc_shift4_scale_0p8_1p2_steps10000_tr2]:  28%|██▊       | 2829/10000 [01:09<02:49, 42.36it/s, acc=0.295, device=mps, eta=2m57s, loss=2.0134, sps=40.7]
BC[stage1_datasets_L40_stepsweep/bc_shift4_scale_0p8_1p2_steps10000_tr2]:  28%|██▊       | 2837/10000 [01:09<02:26, 48.96it/s, acc=0.295, device=mps, eta=2m57s, loss=2.0134, sps=40.7]
BC[stage1_datasets_L40_stepsweep/bc_shift4_scale_0p8_1p2_steps10000_tr2]:  28%|██▊       | 2843/10000 [01:10<03:13, 36.92it/s, acc=0.295, device=mps, eta=2m57s, loss=2.0134, sps=40.7]
BC[stage1_datasets_L40_stepsweep/bc_shift4_scale_0p8_1p2_steps10000_tr2]:  29%|██▊       | 2851/10000 [01:10<02:41, 44.31it/s, acc=0.295, device=mps, eta=2m57s, loss=2.0134, sps=40.7]
BC[stage1_datasets_L40_stepsweep/bc_shift4_scale_0p8_1p2_steps10000_tr2]:  29%|██▊       | 2859/10000 [01:10<02:20, 50.75it/s, acc=0.295, device=mps, eta=2m57s, loss=2.0134, sps=40.7]
BC[stage1_datasets_L40_stepsweep/bc_shift4_scale_0p8_1p2_steps10000_tr2]:  29%|██▊       | 2866/10000 [01:10<03:04, 38.61it/s, acc=0.295, device=mps, eta=2m57s, loss=2.0134, sps=40.7]
BC[stage1_datasets_L40_stepsweep/bc_shift4_scale_0p8_1p2_steps10000_tr2]:  29%|██▊       | 2874/10000 [01:10<02:36, 45.49it/s, acc=0.295, device=mps, eta=2m57s, loss=2.0134, sps=40.7]
BC[stage1_datasets_L40_stepsweep/bc_shift4_scale_0p8_1p2_steps10000_tr2]:  29%|██▉       | 2881/10000 [01:10<03:16, 36.14it/s, acc=0.295, device=mps, eta=2m57s, loss=2.0134, sps=40.7]
BC[stage1_datasets_L40_stepsweep/bc_shift4_scale_0p8_1p2_steps10000_tr2]:  29%|██▉       | 2889/10000 [01:11<02:44, 43.19it/s, acc=0.295, device=mps, eta=2m57s, loss=2.0134, sps=40.7]
BC[stage1_datasets_L40_stepsweep/bc_shift4_scale_0p8_1p2_steps10000_tr2]:  29%|██▉       | 2897/10000 [01:11<02:23, 49.65it/s, acc=0.295, device=mps, eta=2m57s, loss=2.0134, sps=40.7]
BC[stage1_datasets_L40_stepsweep/bc_shift4_scale_0p8_1p2_steps10000_tr2]:  29%|██▉       | 2904/10000 [01:11<03:05, 38.20it/s, acc=0.295, device=mps, eta=2m57s, loss=2.0134, sps=40.7]
BC[stage1_datasets_L40_stepsweep/bc_shift4_scale_0p8_1p2_steps10000_tr2]:  29%|██▉       | 2912/10000 [01:11<02:37, 45.06it/s, acc=0.295, device=mps, eta=2m57s, loss=2.0134, sps=40.7]
BC[stage1_datasets_L40_stepsweep/bc_shift4_scale_0p8_1p2_steps10000_tr2]:  29%|██▉       | 2920/10000 [01:11<02:17, 51.59it/s, acc=0.295, device=mps, eta=2m57s, loss=2.0134, sps=40.7]
BC[stage1_datasets_L40_stepsweep/bc_shift4_scale_0p8_1p2_steps10000_tr2]:  29%|██▉       | 2927/10000 [01:11<03:01, 39.02it/s, acc=0.295, device=mps, eta=2m57s, loss=2.0134, sps=40.7]
BC[stage1_datasets_L40_stepsweep/bc_shift4_scale_0p8_1p2_steps10000_tr2]:  29%|██▉       | 2935/10000 [01:12<02:34, 45.77it/s, acc=0.295, device=mps, eta=2m57s, loss=2.0134, sps=40.7]
BC[stage1_datasets_L40_stepsweep/bc_shift4_scale_0p8_1p2_steps10000_tr2]:  29%|██▉       | 2941/10000 [01:12<03:16, 35.85it/s, acc=0.295, device=mps, eta=2m57s, loss=2.0134, sps=40.7]
BC[stage1_datasets_L40_stepsweep/bc_shift4_scale_0p8_1p2_steps10000_tr2]:  29%|██▉       | 2947/10000 [01:12<02:56, 40.06it/s, acc=0.295, device=mps, eta=2m57s, loss=2.0134, sps=40.7]
BC[stage1_datasets_L40_stepsweep/bc_shift4_scale_0p8_1p2_steps10000_tr2]:  30%|██▉       | 2954/10000 [01:12<02:37, 44.74it/s, acc=0.295, device=mps, eta=2m57s, loss=2.0134, sps=40.7]
BC[stage1_datasets_L40_stepsweep/bc_shift4_scale_0p8_1p2_steps10000_tr2]:  30%|██▉       | 2961/10000 [01:12<03:26, 34.12it/s, acc=0.295, device=mps, eta=2m57s, loss=2.0134, sps=40.7]
BC[stage1_datasets_L40_stepsweep/bc_shift4_scale_0p8_1p2_steps10000_tr2]:  30%|██▉       | 2967/10000 [01:12<03:02, 38.62it/s, acc=0.295, device=mps, eta=2m57s, loss=2.0134, sps=40.7]
BC[stage1_datasets_L40_stepsweep/bc_shift4_scale_0p8_1p2_steps10000_tr2]:  30%|██▉       | 2972/10000 [01:13<02:52, 40.79it/s, acc=0.295, device=mps, eta=2m57s, loss=2.0134, sps=40.7]
BC[stage1_datasets_L40_stepsweep/bc_shift4_scale_0p8_1p2_steps10000_tr2]:  30%|██▉       | 2979/10000 [01:13<02:32, 46.03it/s, acc=0.295, device=mps, eta=2m57s, loss=2.0134, sps=40.7]
BC[stage1_datasets_L40_stepsweep/bc_shift4_scale_0p8_1p2_steps10000_tr2]:  30%|██▉       | 2985/10000 [01:13<03:22, 34.68it/s, acc=0.295, device=mps, eta=2m57s, loss=2.0134, sps=40.7]
BC[stage1_datasets_L40_stepsweep/bc_shift4_scale_0p8_1p2_steps10000_tr2]:  30%|██▉       | 2993/10000 [01:13<02:43, 42.89it/s, acc=0.295, device=mps, eta=2m57s, loss=2.0134, sps=40.7]
BC[stage1_datasets_L40_stepsweep/bc_shift4_scale_0p8_1p2_steps10000_tr2]:  30%|██▉       | 2993/10000 [01:13<02:43, 42.89it/s, acc=0.302, device=mps, eta=2m52s, loss=1.9992, sps=40.7]
BC[stage1_datasets_L40_stepsweep/bc_shift4_scale_0p8_1p2_steps10000_tr2]:  30%|███       | 3001/10000 [01:13<03:17, 35.40it/s, acc=0.302, device=mps, eta=2m52s, loss=1.9992, sps=40.7]
BC[stage1_datasets_L40_stepsweep/bc_shift4_scale_0p8_1p2_steps10000_tr2]:  30%|███       | 3009/10000 [01:13<02:43, 42.64it/s, acc=0.302, device=mps, eta=2m52s, loss=1.9992, sps=40.7]
BC[stage1_datasets_L40_stepsweep/bc_shift4_scale_0p8_1p2_steps10000_tr2]:  30%|███       | 3017/10000 [01:14<02:21, 49.42it/s, acc=0.302, device=mps, eta=2m52s, loss=1.9992, sps=40.7]
BC[stage1_datasets_L40_stepsweep/bc_shift4_scale_0p8_1p2_steps10000_tr2]:  30%|███       | 3024/10000 [01:14<03:03, 37.97it/s, acc=0.302, device=mps, eta=2m52s, loss=1.9992, sps=40.7]
BC[stage1_datasets_L40_stepsweep/bc_shift4_scale_0p8_1p2_steps10000_tr2]:  30%|███       | 3032/10000 [01:14<02:35, 44.91it/s, acc=0.302, device=mps, eta=2m52s, loss=1.9992, sps=40.7]
BC[stage1_datasets_L40_stepsweep/bc_shift4_scale_0p8_1p2_steps10000_tr2]:  30%|███       | 3038/10000 [01:14<02:28, 46.86it/s, acc=0.302, device=mps, eta=2m52s, loss=1.9992, sps=40.7]
BC[stage1_datasets_L40_stepsweep/bc_shift4_scale_0p8_1p2_steps10000_tr2]:  30%|███       | 3044/10000 [01:14<03:15, 35.60it/s, acc=0.302, device=mps, eta=2m52s, loss=1.9992, sps=40.7]
BC[stage1_datasets_L40_stepsweep/bc_shift4_scale_0p8_1p2_steps10000_tr2]:  31%|███       | 3052/10000 [01:14<02:40, 43.18it/s, acc=0.302, device=mps, eta=2m52s, loss=1.9992, sps=40.7]
BC[stage1_datasets_L40_stepsweep/bc_shift4_scale_0p8_1p2_steps10000_tr2]:  31%|███       | 3060/10000 [01:15<02:18, 50.19it/s, acc=0.302, device=mps, eta=2m52s, loss=1.9992, sps=40.7]
BC[stage1_datasets_L40_stepsweep/bc_shift4_scale_0p8_1p2_steps10000_tr2]:  31%|███       | 3067/10000 [01:15<03:02, 37.94it/s, acc=0.302, device=mps, eta=2m52s, loss=1.9992, sps=40.7]
BC[stage1_datasets_L40_stepsweep/bc_shift4_scale_0p8_1p2_steps10000_tr2]:  31%|███       | 3075/10000 [01:15<02:33, 45.03it/s, acc=0.302, device=mps, eta=2m52s, loss=1.9992, sps=40.7]
BC[stage1_datasets_L40_stepsweep/bc_shift4_scale_0p8_1p2_steps10000_tr2]:  31%|███       | 3081/10000 [01:15<03:16, 35.17it/s, acc=0.302, device=mps, eta=2m52s, loss=1.9992, sps=40.7]
BC[stage1_datasets_L40_stepsweep/bc_shift4_scale_0p8_1p2_steps10000_tr2]:  31%|███       | 3087/10000 [01:15<02:59, 38.58it/s, acc=0.302, device=mps, eta=2m52s, loss=1.9992, sps=40.7]
BC[stage1_datasets_L40_stepsweep/bc_shift4_scale_0p8_1p2_steps10000_tr2]:  31%|███       | 3093/10000 [01:16<02:44, 41.96it/s, acc=0.302, device=mps, eta=2m52s, loss=1.9992, sps=40.7]
BC[stage1_datasets_L40_stepsweep/bc_shift4_scale_0p8_1p2_steps10000_tr2]:  31%|███       | 3099/10000 [01:16<02:33, 45.05it/s, acc=0.302, device=mps, eta=2m52s, loss=1.9992, sps=40.7]
BC[stage1_datasets_L40_stepsweep/bc_shift4_scale_0p8_1p2_steps10000_tr2]:  31%|███       | 3105/10000 [01:16<03:23, 33.93it/s, acc=0.302, device=mps, eta=2m52s, loss=1.9992, sps=40.7]
BC[stage1_datasets_L40_stepsweep/bc_shift4_scale_0p8_1p2_steps10000_tr2]:  31%|███       | 3113/10000 [01:16<02:43, 42.09it/s, acc=0.302, device=mps, eta=2m52s, loss=1.9992, sps=40.7]
BC[stage1_datasets_L40_stepsweep/bc_shift4_scale_0p8_1p2_steps10000_tr2]:  31%|███       | 3121/10000 [01:16<03:17, 34.83it/s, acc=0.302, device=mps, eta=2m52s, loss=1.9992, sps=40.7]
BC[stage1_datasets_L40_stepsweep/bc_shift4_scale_0p8_1p2_steps10000_tr2]:  31%|███▏      | 3129/10000 [01:16<02:42, 42.16it/s, acc=0.302, device=mps, eta=2m52s, loss=1.9992, sps=40.7]
BC[stage1_datasets_L40_stepsweep/bc_shift4_scale_0p8_1p2_steps10000_tr2]:  31%|███▏      | 3137/10000 [01:17<02:20, 48.84it/s, acc=0.302, device=mps, eta=2m52s, loss=1.9992, sps=40.7]
BC[stage1_datasets_L40_stepsweep/bc_shift4_scale_0p8_1p2_steps10000_tr2]:  31%|███▏      | 3143/10000 [01:17<03:05, 36.95it/s, acc=0.302, device=mps, eta=2m52s, loss=1.9992, sps=40.7]
BC[stage1_datasets_L40_stepsweep/bc_shift4_scale_0p8_1p2_steps10000_tr2]:  32%|███▏      | 3151/10000 [01:17<02:34, 44.46it/s, acc=0.302, device=mps, eta=2m52s, loss=1.9992, sps=40.7]
BC[stage1_datasets_L40_stepsweep/bc_shift4_scale_0p8_1p2_steps10000_tr2]:  32%|███▏      | 3159/10000 [01:17<02:13, 51.18it/s, acc=0.302, device=mps, eta=2m52s, loss=1.9992, sps=40.7]
BC[stage1_datasets_L40_stepsweep/bc_shift4_scale_0p8_1p2_steps10000_tr2]:  32%|███▏      | 3166/10000 [01:17<02:58, 38.28it/s, acc=0.302, device=mps, eta=2m52s, loss=1.9992, sps=40.7]
BC[stage1_datasets_L40_stepsweep/bc_shift4_scale_0p8_1p2_steps10000_tr2]:  32%|███▏      | 3172/10000 [01:17<02:42, 42.14it/s, acc=0.302, device=mps, eta=2m52s, loss=1.9992, sps=40.7]
BC[stage1_datasets_L40_stepsweep/bc_shift4_scale_0p8_1p2_steps10000_tr2]:  32%|███▏      | 3178/10000 [01:18<02:30, 45.39it/s, acc=0.302, device=mps, eta=2m52s, loss=1.9992, sps=40.7]
BC[stage1_datasets_L40_stepsweep/bc_shift4_scale_0p8_1p2_steps10000_tr2]:  32%|███▏      | 3184/10000 [01:18<03:18, 34.36it/s, acc=0.302, device=mps, eta=2m52s, loss=1.9992, sps=40.7]
BC[stage1_datasets_L40_stepsweep/bc_shift4_scale_0p8_1p2_steps10000_tr2]:  32%|███▏      | 3192/10000 [01:18<02:41, 42.05it/s, acc=0.302, device=mps, eta=2m52s, loss=1.9992, sps=40.7]
BC[stage1_datasets_L40_stepsweep/bc_shift4_scale_0p8_1p2_steps10000_tr2]:  32%|███▏      | 3192/10000 [01:18<02:41, 42.05it/s, acc=0.295, device=mps, eta=2m47s, loss=2.0186, sps=40.7]
BC[stage1_datasets_L40_stepsweep/bc_shift4_scale_0p8_1p2_steps10000_tr2]:  32%|███▏      | 3200/10000 [01:18<02:17, 49.38it/s, acc=0.295, device=mps, eta=2m47s, loss=2.0186, sps=40.7]
BC[stage1_datasets_L40_stepsweep/bc_shift4_scale_0p8_1p2_steps10000_tr2]:  32%|███▏      | 3206/10000 [01:18<03:03, 36.94it/s, acc=0.295, device=mps, eta=2m47s, loss=2.0186, sps=40.7]
BC[stage1_datasets_L40_stepsweep/bc_shift4_scale_0p8_1p2_steps10000_tr2]:  32%|███▏      | 3214/10000 [01:18<02:32, 44.44it/s, acc=0.295, device=mps, eta=2m47s, loss=2.0186, sps=40.7]
BC[stage1_datasets_L40_stepsweep/bc_shift4_scale_0p8_1p2_steps10000_tr2]:  32%|███▏      | 3221/10000 [01:19<03:11, 35.47it/s, acc=0.295, device=mps, eta=2m47s, loss=2.0186, sps=40.7]
BC[stage1_datasets_L40_stepsweep/bc_shift4_scale_0p8_1p2_steps10000_tr2]:  32%|███▏      | 3229/10000 [01:19<02:38, 42.82it/s, acc=0.295, device=mps, eta=2m47s, loss=2.0186, sps=40.7]
BC[stage1_datasets_L40_stepsweep/bc_shift4_scale_0p8_1p2_steps10000_tr2]:  32%|███▏      | 3237/10000 [01:19<02:17, 49.30it/s, acc=0.295, device=mps, eta=2m47s, loss=2.0186, sps=40.7]
BC[stage1_datasets_L40_stepsweep/bc_shift4_scale_0p8_1p2_steps10000_tr2]:  32%|███▏      | 3244/10000 [01:19<02:59, 37.64it/s, acc=0.295, device=mps, eta=2m47s, loss=2.0186, sps=40.7]
BC[stage1_datasets_L40_stepsweep/bc_shift4_scale_0p8_1p2_steps10000_tr2]:  32%|███▎      | 3250/10000 [01:19<02:45, 40.68it/s, acc=0.295, device=mps, eta=2m47s, loss=2.0186, sps=40.7]
BC[stage1_datasets_L40_stepsweep/bc_shift4_scale_0p8_1p2_steps10000_tr2]:  33%|███▎      | 3256/10000 [01:19<02:31, 44.49it/s, acc=0.295, device=mps, eta=2m47s, loss=2.0186, sps=40.7]
BC[stage1_datasets_L40_stepsweep/bc_shift4_scale_0p8_1p2_steps10000_tr2]:  33%|███▎      | 3262/10000 [01:20<03:19, 33.85it/s, acc=0.295, device=mps, eta=2m47s, loss=2.0186, sps=40.7]
BC[stage1_datasets_L40_stepsweep/bc_shift4_scale_0p8_1p2_steps10000_tr2]:  33%|███▎      | 3270/10000 [01:20<02:41, 41.75it/s, acc=0.295, device=mps, eta=2m47s, loss=2.0186, sps=40.7]
BC[stage1_datasets_L40_stepsweep/bc_shift4_scale_0p8_1p2_steps10000_tr2]:  33%|███▎      | 3278/10000 [01:20<02:18, 48.69it/s, acc=0.295, device=mps, eta=2m47s, loss=2.0186, sps=40.7]
BC[stage1_datasets_L40_stepsweep/bc_shift4_scale_0p8_1p2_steps10000_tr2]:  33%|███▎      | 3284/10000 [01:20<03:03, 36.68it/s, acc=0.295, device=mps, eta=2m47s, loss=2.0186, sps=40.7]
BC[stage1_datasets_L40_stepsweep/bc_shift4_scale_0p8_1p2_steps10000_tr2]:  33%|███▎      | 3292/10000 [01:20<02:32, 44.00it/s, acc=0.295, device=mps, eta=2m47s, loss=2.0186, sps=40.7]
BC[stage1_datasets_L40_stepsweep/bc_shift4_scale_0p8_1p2_steps10000_tr2]:  33%|███▎      | 3300/10000 [01:20<02:11, 50.79it/s, acc=0.295, device=mps, eta=2m47s, loss=2.0186, sps=40.7]
BC[stage1_datasets_L40_stepsweep/bc_shift4_scale_0p8_1p2_steps10000_tr2]:  33%|███▎      | 3307/10000 [01:21<02:54, 38.41it/s, acc=0.295, device=mps, eta=2m47s, loss=2.0186, sps=40.7]
BC[stage1_datasets_L40_stepsweep/bc_shift4_scale_0p8_1p2_steps10000_tr2]:  33%|███▎      | 3315/10000 [01:21<02:27, 45.31it/s, acc=0.295, device=mps, eta=2m47s, loss=2.0186, sps=40.7]
BC[stage1_datasets_L40_stepsweep/bc_shift4_scale_0p8_1p2_steps10000_tr2]:  33%|███▎      | 3321/10000 [01:21<03:11, 34.92it/s, acc=0.295, device=mps, eta=2m47s, loss=2.0186, sps=40.7]
BC[stage1_datasets_L40_stepsweep/bc_shift4_scale_0p8_1p2_steps10000_tr2]:  33%|███▎      | 3327/10000 [01:21<02:52, 38.65it/s, acc=0.295, device=mps, eta=2m47s, loss=2.0186, sps=40.7]
BC[stage1_datasets_L40_stepsweep/bc_shift4_scale_0p8_1p2_steps10000_tr2]:  33%|███▎      | 3333/10000 [01:21<02:40, 41.52it/s, acc=0.295, device=mps, eta=2m47s, loss=2.0186, sps=40.7]
BC[stage1_datasets_L40_stepsweep/bc_shift4_scale_0p8_1p2_steps10000_tr2]:  33%|███▎      | 3340/10000 [01:21<02:21, 47.07it/s, acc=0.295, device=mps, eta=2m47s, loss=2.0186, sps=40.7]
BC[stage1_datasets_L40_stepsweep/bc_shift4_scale_0p8_1p2_steps10000_tr2]:  33%|███▎      | 3346/10000 [01:22<03:10, 34.90it/s, acc=0.295, device=mps, eta=2m47s, loss=2.0186, sps=40.7]
BC[stage1_datasets_L40_stepsweep/bc_shift4_scale_0p8_1p2_steps10000_tr2]:  34%|███▎      | 3354/10000 [01:22<02:35, 42.74it/s, acc=0.295, device=mps, eta=2m47s, loss=2.0186, sps=40.7]
BC[stage1_datasets_L40_stepsweep/bc_shift4_scale_0p8_1p2_steps10000_tr2]:  34%|███▎      | 3361/10000 [01:22<03:12, 34.43it/s, acc=0.295, device=mps, eta=2m47s, loss=2.0186, sps=40.7]
BC[stage1_datasets_L40_stepsweep/bc_shift4_scale_0p8_1p2_steps10000_tr2]:  34%|███▎      | 3369/10000 [01:22<02:37, 42.04it/s, acc=0.295, device=mps, eta=2m47s, loss=2.0186, sps=40.7]
BC[stage1_datasets_L40_stepsweep/bc_shift4_scale_0p8_1p2_steps10000_tr2]:  34%|███▍      | 3377/10000 [01:22<02:15, 48.92it/s, acc=0.295, device=mps, eta=2m47s, loss=2.0186, sps=40.7]
BC[stage1_datasets_L40_stepsweep/bc_shift4_scale_0p8_1p2_steps10000_tr2]:  34%|███▍      | 3384/10000 [01:23<02:56, 37.47it/s, acc=0.295, device=mps, eta=2m47s, loss=2.0186, sps=40.7]
BC[stage1_datasets_L40_stepsweep/bc_shift4_scale_0p8_1p2_steps10000_tr2]:  34%|███▍      | 3390/10000 [01:23<02:41, 40.84it/s, acc=0.295, device=mps, eta=2m47s, loss=2.0186, sps=40.7]
BC[stage1_datasets_L40_stepsweep/bc_shift4_scale_0p8_1p2_steps10000_tr2]:  34%|███▍      | 3396/10000 [01:23<02:30, 43.92it/s, acc=0.295, device=mps, eta=2m47s, loss=2.0186, sps=40.7]
BC[stage1_datasets_L40_stepsweep/bc_shift4_scale_0p8_1p2_steps10000_tr2]:  34%|███▍      | 3396/10000 [01:23<02:30, 43.92it/s, acc=0.299, device=mps, eta=2m42s, loss=2.0027, sps=40.8]
BC[stage1_datasets_L40_stepsweep/bc_shift4_scale_0p8_1p2_steps10000_tr2]:  34%|███▍      | 3402/10000 [01:23<03:21, 32.73it/s, acc=0.299, device=mps, eta=2m42s, loss=2.0027, sps=40.8]
BC[stage1_datasets_L40_stepsweep/bc_shift4_scale_0p8_1p2_steps10000_tr2]:  34%|███▍      | 3407/10000 [01:23<03:05, 35.62it/s, acc=0.299, device=mps, eta=2m42s, loss=2.0027, sps=40.8]
BC[stage1_datasets_L40_stepsweep/bc_shift4_scale_0p8_1p2_steps10000_tr2]:  34%|███▍      | 3414/10000 [01:23<02:39, 41.39it/s, acc=0.299, device=mps, eta=2m42s, loss=2.0027, sps=40.8]
BC[stage1_datasets_L40_stepsweep/bc_shift4_scale_0p8_1p2_steps10000_tr2]:  34%|███▍      | 3421/10000 [01:24<03:19, 32.94it/s, acc=0.299, device=mps, eta=2m42s, loss=2.0027, sps=40.8]
BC[stage1_datasets_L40_stepsweep/bc_shift4_scale_0p8_1p2_steps10000_tr2]:  34%|███▍      | 3429/10000 [01:24<02:40, 40.91it/s, acc=0.299, device=mps, eta=2m42s, loss=2.0027, sps=40.8]
BC[stage1_datasets_L40_stepsweep/bc_shift4_scale_0p8_1p2_steps10000_tr2]:  34%|███▍      | 3437/10000 [01:24<02:15, 48.32it/s, acc=0.299, device=mps, eta=2m42s, loss=2.0027, sps=40.8]
BC[stage1_datasets_L40_stepsweep/bc_shift4_scale_0p8_1p2_steps10000_tr2]:  34%|███▍      | 3443/10000 [01:24<03:00, 36.32it/s, acc=0.299, device=mps, eta=2m42s, loss=2.0027, sps=40.8]
BC[stage1_datasets_L40_stepsweep/bc_shift4_scale_0p8_1p2_steps10000_tr2]:  35%|███▍      | 3451/10000 [01:24<02:29, 43.88it/s, acc=0.299, device=mps, eta=2m42s, loss=2.0027, sps=40.8]
BC[stage1_datasets_L40_stepsweep/bc_shift4_scale_0p8_1p2_steps10000_tr2]:  35%|███▍      | 3459/10000 [01:24<02:08, 50.85it/s, acc=0.299, device=mps, eta=2m42s, loss=2.0027, sps=40.8]
BC[stage1_datasets_L40_stepsweep/bc_shift4_scale_0p8_1p2_steps10000_tr2]:  35%|███▍      | 3466/10000 [01:25<02:59, 36.44it/s, acc=0.299, device=mps, eta=2m42s, loss=2.0027, sps=40.8]
BC[stage1_datasets_L40_stepsweep/bc_shift4_scale_0p8_1p2_steps10000_tr2]:  35%|███▍      | 3472/10000 [01:25<02:41, 40.37it/s, acc=0.299, device=mps, eta=2m42s, loss=2.0027, sps=40.8]
BC[stage1_datasets_L40_stepsweep/bc_shift4_scale_0p8_1p2_steps10000_tr2]:  35%|███▍      | 3479/10000 [01:25<02:23, 45.60it/s, acc=0.299, device=mps, eta=2m42s, loss=2.0027, sps=40.8]
BC[stage1_datasets_L40_stepsweep/bc_shift4_scale_0p8_1p2_steps10000_tr2]:  35%|███▍      | 3485/10000 [01:25<03:06, 34.92it/s, acc=0.299, device=mps, eta=2m42s, loss=2.0027, sps=40.8]
BC[stage1_datasets_L40_stepsweep/bc_shift4_scale_0p8_1p2_steps10000_tr2]:  35%|███▍      | 3493/10000 [01:25<02:32, 42.54it/s, acc=0.299, device=mps, eta=2m42s, loss=2.0027, sps=40.8]
BC[stage1_datasets_L40_stepsweep/bc_shift4_scale_0p8_1p2_steps10000_tr2]:  35%|███▌      | 3501/10000 [01:26<03:03, 35.35it/s, acc=0.299, device=mps, eta=2m42s, loss=2.0027, sps=40.8]
BC[stage1_datasets_L40_stepsweep/bc_shift4_scale_0p8_1p2_steps10000_tr2]:  35%|███▌      | 3509/10000 [01:26<02:32, 42.54it/s, acc=0.299, device=mps, eta=2m42s, loss=2.0027, sps=40.8]
BC[stage1_datasets_L40_stepsweep/bc_shift4_scale_0p8_1p2_steps10000_tr2]:  35%|███▌      | 3517/10000 [01:26<02:11, 49.13it/s, acc=0.299, device=mps, eta=2m42s, loss=2.0027, sps=40.8]
BC[stage1_datasets_L40_stepsweep/bc_shift4_scale_0p8_1p2_steps10000_tr2]:  35%|███▌      | 3524/10000 [01:26<02:51, 37.85it/s, acc=0.299, device=mps, eta=2m42s, loss=2.0027, sps=40.8]
BC[stage1_datasets_L40_stepsweep/bc_shift4_scale_0p8_1p2_steps10000_tr2]:  35%|███▌      | 3531/10000 [01:26<02:32, 42.41it/s, acc=0.299, device=mps, eta=2m42s, loss=2.0027, sps=40.8]
BC[stage1_datasets_L40_stepsweep/bc_shift4_scale_0p8_1p2_steps10000_tr2]:  35%|███▌      | 3537/10000 [01:26<02:22, 45.45it/s, acc=0.299, device=mps, eta=2m42s, loss=2.0027, sps=40.8]
BC[stage1_datasets_L40_stepsweep/bc_shift4_scale_0p8_1p2_steps10000_tr2]:  35%|███▌      | 3543/10000 [01:27<03:09, 34.01it/s, acc=0.299, device=mps, eta=2m42s, loss=2.0027, sps=40.8]
BC[stage1_datasets_L40_stepsweep/bc_shift4_scale_0p8_1p2_steps10000_tr2]:  35%|███▌      | 3549/10000 [01:27<02:48, 38.34it/s, acc=0.299, device=mps, eta=2m42s, loss=2.0027, sps=40.8]
BC[stage1_datasets_L40_stepsweep/bc_shift4_scale_0p8_1p2_steps10000_tr2]:  36%|███▌      | 3556/10000 [01:27<02:28, 43.48it/s, acc=0.299, device=mps, eta=2m42s, loss=2.0027, sps=40.8]
BC[stage1_datasets_L40_stepsweep/bc_shift4_scale_0p8_1p2_steps10000_tr2]:  36%|███▌      | 3562/10000 [01:27<03:12, 33.41it/s, acc=0.299, device=mps, eta=2m42s, loss=2.0027, sps=40.8]
BC[stage1_datasets_L40_stepsweep/bc_shift4_scale_0p8_1p2_steps10000_tr2]:  36%|███▌      | 3570/10000 [01:27<02:34, 41.49it/s, acc=0.299, device=mps, eta=2m42s, loss=2.0027, sps=40.8]
BC[stage1_datasets_L40_stepsweep/bc_shift4_scale_0p8_1p2_steps10000_tr2]:  36%|███▌      | 3578/10000 [01:27<02:12, 48.55it/s, acc=0.299, device=mps, eta=2m42s, loss=2.0027, sps=40.8]
BC[stage1_datasets_L40_stepsweep/bc_shift4_scale_0p8_1p2_steps10000_tr2]:  36%|███▌      | 3584/10000 [01:28<02:55, 36.53it/s, acc=0.299, device=mps, eta=2m42s, loss=2.0027, sps=40.8]
BC[stage1_datasets_L40_stepsweep/bc_shift4_scale_0p8_1p2_steps10000_tr2]:  36%|███▌      | 3592/10000 [01:28<02:25, 44.08it/s, acc=0.299, device=mps, eta=2m42s, loss=2.0027, sps=40.8]
BC[stage1_datasets_L40_stepsweep/bc_shift4_scale_0p8_1p2_steps10000_tr2]:  36%|███▌      | 3592/10000 [01:28<02:25, 44.08it/s, acc=0.299, device=mps, eta=2m37s, loss=2.0102, sps=40.7]
BC[stage1_datasets_L40_stepsweep/bc_shift4_scale_0p8_1p2_steps10000_tr2]:  36%|███▌      | 3600/10000 [01:28<02:04, 51.46it/s, acc=0.299, device=mps, eta=2m37s, loss=2.0102, sps=40.7]
BC[stage1_datasets_L40_stepsweep/bc_shift4_scale_0p8_1p2_steps10000_tr2]:  36%|███▌      | 3607/10000 [01:28<02:46, 38.41it/s, acc=0.299, device=mps, eta=2m37s, loss=2.0102, sps=40.7]
BC[stage1_datasets_L40_stepsweep/bc_shift4_scale_0p8_1p2_steps10000_tr2]:  36%|███▌      | 3615/10000 [01:28<02:19, 45.64it/s, acc=0.299, device=mps, eta=2m37s, loss=2.0102, sps=40.7]
BC[stage1_datasets_L40_stepsweep/bc_shift4_scale_0p8_1p2_steps10000_tr2]:  36%|███▌      | 3621/10000 [01:29<03:00, 35.31it/s, acc=0.299, device=mps, eta=2m37s, loss=2.0102, sps=40.7]
BC[stage1_datasets_L40_stepsweep/bc_shift4_scale_0p8_1p2_steps10000_tr2]:  36%|███▋      | 3627/10000 [01:29<02:40, 39.66it/s, acc=0.299, device=mps, eta=2m37s, loss=2.0102, sps=40.7]
BC[stage1_datasets_L40_stepsweep/bc_shift4_scale_0p8_1p2_steps10000_tr2]:  36%|███▋      | 3633/10000 [01:29<02:26, 43.57it/s, acc=0.299, device=mps, eta=2m37s, loss=2.0102, sps=40.7]
BC[stage1_datasets_L40_stepsweep/bc_shift4_scale_0p8_1p2_steps10000_tr2]:  36%|███▋      | 3640/10000 [01:29<02:09, 49.26it/s, acc=0.299, device=mps, eta=2m37s, loss=2.0102, sps=40.7]
BC[stage1_datasets_L40_stepsweep/bc_shift4_scale_0p8_1p2_steps10000_tr2]:  36%|███▋      | 3646/10000 [01:29<02:53, 36.70it/s, acc=0.299, device=mps, eta=2m37s, loss=2.0102, sps=40.7]
BC[stage1_datasets_L40_stepsweep/bc_shift4_scale_0p8_1p2_steps10000_tr2]:  37%|███▋      | 3654/10000 [01:29<02:22, 44.40it/s, acc=0.299, device=mps, eta=2m37s, loss=2.0102, sps=40.7]
BC[stage1_datasets_L40_stepsweep/bc_shift4_scale_0p8_1p2_steps10000_tr2]:  37%|███▋      | 3661/10000 [01:30<03:01, 34.94it/s, acc=0.299, device=mps, eta=2m37s, loss=2.0102, sps=40.7]
BC[stage1_datasets_L40_stepsweep/bc_shift4_scale_0p8_1p2_steps10000_tr2]:  37%|███▋      | 3669/10000 [01:30<02:29, 42.41it/s, acc=0.299, device=mps, eta=2m37s, loss=2.0102, sps=40.7]
BC[stage1_datasets_L40_stepsweep/bc_shift4_scale_0p8_1p2_steps10000_tr2]:  37%|███▋      | 3677/10000 [01:30<02:09, 48.87it/s, acc=0.299, device=mps, eta=2m37s, loss=2.0102, sps=40.7]
BC[stage1_datasets_L40_stepsweep/bc_shift4_scale_0p8_1p2_steps10000_tr2]:  37%|███▋      | 3683/10000 [01:30<02:51, 36.89it/s, acc=0.299, device=mps, eta=2m37s, loss=2.0102, sps=40.7]
BC[stage1_datasets_L40_stepsweep/bc_shift4_scale_0p8_1p2_steps10000_tr2]:  37%|███▋      | 3691/10000 [01:30<02:22, 44.35it/s, acc=0.299, device=mps, eta=2m37s, loss=2.0102, sps=40.7]
BC[stage1_datasets_L40_stepsweep/bc_shift4_scale_0p8_1p2_steps10000_tr2]:  37%|███▋      | 3699/10000 [01:30<02:04, 50.77it/s, acc=0.299, device=mps, eta=2m37s, loss=2.0102, sps=40.7]
BC[stage1_datasets_L40_stepsweep/bc_shift4_scale_0p8_1p2_steps10000_tr2]:  37%|███▋      | 3706/10000 [01:31<02:43, 38.56it/s, acc=0.299, device=mps, eta=2m37s, loss=2.0102, sps=40.7]
BC[stage1_datasets_L40_stepsweep/bc_shift4_scale_0p8_1p2_steps10000_tr2]:  37%|███▋      | 3714/10000 [01:31<02:18, 45.43it/s, acc=0.299, device=mps, eta=2m37s, loss=2.0102, sps=40.7]
BC[stage1_datasets_L40_stepsweep/bc_shift4_scale_0p8_1p2_steps10000_tr2]:  37%|███▋      | 3721/10000 [01:31<02:53, 36.17it/s, acc=0.299, device=mps, eta=2m37s, loss=2.0102, sps=40.7]
BC[stage1_datasets_L40_stepsweep/bc_shift4_scale_0p8_1p2_steps10000_tr2]:  37%|███▋      | 3729/10000 [01:31<02:24, 43.25it/s, acc=0.299, device=mps, eta=2m37s, loss=2.0102, sps=40.7]
BC[stage1_datasets_L40_stepsweep/bc_shift4_scale_0p8_1p2_steps10000_tr2]:  37%|███▋      | 3737/10000 [01:31<02:05, 49.92it/s, acc=0.299, device=mps, eta=2m37s, loss=2.0102, sps=40.7]
BC[stage1_datasets_L40_stepsweep/bc_shift4_scale_0p8_1p2_steps10000_tr2]:  37%|███▋      | 3744/10000 [01:31<02:43, 38.31it/s, acc=0.299, device=mps, eta=2m37s, loss=2.0102, sps=40.7]
BC[stage1_datasets_L40_stepsweep/bc_shift4_scale_0p8_1p2_steps10000_tr2]:  38%|███▊      | 3752/10000 [01:32<02:18, 45.22it/s, acc=0.299, device=mps, eta=2m37s, loss=2.0102, sps=40.7]
BC[stage1_datasets_L40_stepsweep/bc_shift4_scale_0p8_1p2_steps10000_tr2]:  38%|███▊      | 3760/10000 [01:32<02:00, 51.70it/s, acc=0.299, device=mps, eta=2m37s, loss=2.0102, sps=40.7]
BC[stage1_datasets_L40_stepsweep/bc_shift4_scale_0p8_1p2_steps10000_tr2]:  38%|███▊      | 3767/10000 [01:32<02:39, 39.00it/s, acc=0.299, device=mps, eta=2m37s, loss=2.0102, sps=40.7]
BC[stage1_datasets_L40_stepsweep/bc_shift4_scale_0p8_1p2_steps10000_tr2]:  38%|███▊      | 3775/10000 [01:32<02:15, 45.89it/s, acc=0.299, device=mps, eta=2m37s, loss=2.0102, sps=40.7]
BC[stage1_datasets_L40_stepsweep/bc_shift4_scale_0p8_1p2_steps10000_tr2]:  38%|███▊      | 3781/10000 [01:32<02:54, 35.62it/s, acc=0.299, device=mps, eta=2m37s, loss=2.0102, sps=40.7]
BC[stage1_datasets_L40_stepsweep/bc_shift4_scale_0p8_1p2_steps10000_tr2]:  38%|███▊      | 3789/10000 [01:32<02:24, 42.96it/s, acc=0.299, device=mps, eta=2m37s, loss=2.0102, sps=40.7]
BC[stage1_datasets_L40_stepsweep/bc_shift4_scale_0p8_1p2_steps10000_tr2]:  38%|███▊      | 3797/10000 [01:33<02:05, 49.53it/s, acc=0.299, device=mps, eta=2m37s, loss=2.0102, sps=40.7]
BC[stage1_datasets_L40_stepsweep/bc_shift4_scale_0p8_1p2_steps10000_tr2]:  38%|███▊      | 3797/10000 [01:33<02:05, 49.53it/s, acc=0.303, device=mps, eta=2m32s, loss=1.9998, sps=40.8]
BC[stage1_datasets_L40_stepsweep/bc_shift4_scale_0p8_1p2_steps10000_tr2]:  38%|███▊      | 3804/10000 [01:33<02:43, 37.98it/s, acc=0.303, device=mps, eta=2m32s, loss=1.9998, sps=40.8]
BC[stage1_datasets_L40_stepsweep/bc_shift4_scale_0p8_1p2_steps10000_tr2]:  38%|███▊      | 3812/10000 [01:33<02:17, 44.97it/s, acc=0.303, device=mps, eta=2m32s, loss=1.9998, sps=40.8]
BC[stage1_datasets_L40_stepsweep/bc_shift4_scale_0p8_1p2_steps10000_tr2]:  38%|███▊      | 3820/10000 [01:33<01:59, 51.56it/s, acc=0.303, device=mps, eta=2m32s, loss=1.9998, sps=40.8]
BC[stage1_datasets_L40_stepsweep/bc_shift4_scale_0p8_1p2_steps10000_tr2]:  38%|███▊      | 3827/10000 [01:33<02:39, 38.82it/s, acc=0.303, device=mps, eta=2m32s, loss=1.9998, sps=40.8]
BC[stage1_datasets_L40_stepsweep/bc_shift4_scale_0p8_1p2_steps10000_tr2]:  38%|███▊      | 3835/10000 [01:33<02:15, 45.65it/s, acc=0.303, device=mps, eta=2m32s, loss=1.9998, sps=40.8]
BC[stage1_datasets_L40_stepsweep/bc_shift4_scale_0p8_1p2_steps10000_tr2]:  38%|███▊      | 3841/10000 [01:34<02:51, 35.86it/s, acc=0.303, device=mps, eta=2m32s, loss=1.9998, sps=40.8]
BC[stage1_datasets_L40_stepsweep/bc_shift4_scale_0p8_1p2_steps10000_tr2]:  38%|███▊      | 3848/10000 [01:34<02:31, 40.71it/s, acc=0.303, device=mps, eta=2m32s, loss=1.9998, sps=40.8]
BC[stage1_datasets_L40_stepsweep/bc_shift4_scale_0p8_1p2_steps10000_tr2]:  39%|███▊      | 3854/10000 [01:34<02:18, 44.26it/s, acc=0.303, device=mps, eta=2m32s, loss=1.9998, sps=40.8]
BC[stage1_datasets_L40_stepsweep/bc_shift4_scale_0p8_1p2_steps10000_tr2]:  39%|███▊      | 3860/10000 [01:34<02:09, 47.53it/s, acc=0.303, device=mps, eta=2m32s, loss=1.9998, sps=40.8]
BC[stage1_datasets_L40_stepsweep/bc_shift4_scale_0p8_1p2_steps10000_tr2]:  39%|███▊      | 3866/10000 [01:34<02:54, 35.10it/s, acc=0.303, device=mps, eta=2m32s, loss=1.9998, sps=40.8]
BC[stage1_datasets_L40_stepsweep/bc_shift4_scale_0p8_1p2_steps10000_tr2]:  39%|███▊      | 3874/10000 [01:34<02:22, 43.08it/s, acc=0.303, device=mps, eta=2m32s, loss=1.9998, sps=40.8]
BC[stage1_datasets_L40_stepsweep/bc_shift4_scale_0p8_1p2_steps10000_tr2]:  39%|███▉      | 3881/10000 [01:35<02:56, 34.58it/s, acc=0.303, device=mps, eta=2m32s, loss=1.9998, sps=40.8]
BC[stage1_datasets_L40_stepsweep/bc_shift4_scale_0p8_1p2_steps10000_tr2]:  39%|███▉      | 3889/10000 [01:35<02:25, 42.13it/s, acc=0.303, device=mps, eta=2m32s, loss=1.9998, sps=40.8]
BC[stage1_datasets_L40_stepsweep/bc_shift4_scale_0p8_1p2_steps10000_tr2]:  39%|███▉      | 3897/10000 [01:35<02:03, 49.27it/s, acc=0.303, device=mps, eta=2m32s, loss=1.9998, sps=40.8]
BC[stage1_datasets_L40_stepsweep/bc_shift4_scale_0p8_1p2_steps10000_tr2]:  39%|███▉      | 3904/10000 [01:35<02:41, 37.78it/s, acc=0.303, device=mps, eta=2m32s, loss=1.9998, sps=40.8]
BC[stage1_datasets_L40_stepsweep/bc_shift4_scale_0p8_1p2_steps10000_tr2]:  39%|███▉      | 3912/10000 [01:35<02:15, 44.91it/s, acc=0.303, device=mps, eta=2m32s, loss=1.9998, sps=40.8]
BC[stage1_datasets_L40_stepsweep/bc_shift4_scale_0p8_1p2_steps10000_tr2]:  39%|███▉      | 3920/10000 [01:35<01:56, 52.00it/s, acc=0.303, device=mps, eta=2m32s, loss=1.9998, sps=40.8]
BC[stage1_datasets_L40_stepsweep/bc_shift4_scale_0p8_1p2_steps10000_tr2]:  39%|███▉      | 3927/10000 [01:36<02:36, 38.75it/s, acc=0.303, device=mps, eta=2m32s, loss=1.9998, sps=40.8]
BC[stage1_datasets_L40_stepsweep/bc_shift4_scale_0p8_1p2_steps10000_tr2]:  39%|███▉      | 3935/10000 [01:36<02:13, 45.51it/s, acc=0.303, device=mps, eta=2m32s, loss=1.9998, sps=40.8]
BC[stage1_datasets_L40_stepsweep/bc_shift4_scale_0p8_1p2_steps10000_tr2]:  39%|███▉      | 3941/10000 [01:36<02:51, 35.41it/s, acc=0.303, device=mps, eta=2m32s, loss=1.9998, sps=40.8]
BC[stage1_datasets_L40_stepsweep/bc_shift4_scale_0p8_1p2_steps10000_tr2]:  39%|███▉      | 3949/10000 [01:36<02:21, 42.75it/s, acc=0.303, device=mps, eta=2m32s, loss=1.9998, sps=40.8]
BC[stage1_datasets_L40_stepsweep/bc_shift4_scale_0p8_1p2_steps10000_tr2]:  40%|███▉      | 3957/10000 [01:36<02:02, 49.25it/s, acc=0.303, device=mps, eta=2m32s, loss=1.9998, sps=40.8]
BC[stage1_datasets_L40_stepsweep/bc_shift4_scale_0p8_1p2_steps10000_tr2]:  40%|███▉      | 3964/10000 [01:37<02:36, 38.53it/s, acc=0.303, device=mps, eta=2m32s, loss=1.9998, sps=40.8]
BC[stage1_datasets_L40_stepsweep/bc_shift4_scale_0p8_1p2_steps10000_tr2]:  40%|███▉      | 3972/10000 [01:37<02:12, 45.47it/s, acc=0.303, device=mps, eta=2m32s, loss=1.9998, sps=40.8]
BC[stage1_datasets_L40_stepsweep/bc_shift4_scale_0p8_1p2_steps10000_tr2]:  40%|███▉      | 3980/10000 [01:37<01:55, 52.03it/s, acc=0.303, device=mps, eta=2m32s, loss=1.9998, sps=40.8]
BC[stage1_datasets_L40_stepsweep/bc_shift4_scale_0p8_1p2_steps10000_tr2]:  40%|███▉      | 3987/10000 [01:37<02:39, 37.68it/s, acc=0.303, device=mps, eta=2m32s, loss=1.9998, sps=40.8]
BC[stage1_datasets_L40_stepsweep/bc_shift4_scale_0p8_1p2_steps10000_tr2]:  40%|███▉      | 3993/10000 [01:37<02:25, 41.22it/s, acc=0.303, device=mps, eta=2m32s, loss=1.9998, sps=40.8]
BC[stage1_datasets_L40_stepsweep/bc_shift4_scale_0p8_1p2_steps10000_tr2]:  40%|███▉      | 3993/10000 [01:37<02:25, 41.22it/s, acc=0.298, device=mps, eta=2m27s, loss=2.0088, sps=40.9]
BC[stage1_datasets_L40_stepsweep/bc_shift4_scale_0p8_1p2_steps10000_tr2]:  40%|████      | 4001/10000 [01:38<02:55, 34.20it/s, acc=0.298, device=mps, eta=2m27s, loss=2.0088, sps=40.9]
BC[stage1_datasets_L40_stepsweep/bc_shift4_scale_0p8_1p2_steps10000_tr2]:  40%|████      | 4009/10000 [01:38<02:24, 41.48it/s, acc=0.298, device=mps, eta=2m27s, loss=2.0088, sps=40.9]
BC[stage1_datasets_L40_stepsweep/bc_shift4_scale_0p8_1p2_steps10000_tr2]:  40%|████      | 4017/10000 [01:38<02:04, 48.13it/s, acc=0.298, device=mps, eta=2m27s, loss=2.0088, sps=40.9]
BC[stage1_datasets_L40_stepsweep/bc_shift4_scale_0p8_1p2_steps10000_tr2]:  40%|████      | 4024/10000 [01:38<02:39, 37.43it/s, acc=0.298, device=mps, eta=2m27s, loss=2.0088, sps=40.9]
BC[stage1_datasets_L40_stepsweep/bc_shift4_scale_0p8_1p2_steps10000_tr2]:  40%|████      | 4032/10000 [01:38<02:14, 44.41it/s, acc=0.298, device=mps, eta=2m27s, loss=2.0088, sps=40.9]
BC[stage1_datasets_L40_stepsweep/bc_shift4_scale_0p8_1p2_steps10000_tr2]:  40%|████      | 4040/10000 [01:38<01:56, 51.24it/s, acc=0.298, device=mps, eta=2m27s, loss=2.0088, sps=40.9]
BC[stage1_datasets_L40_stepsweep/bc_shift4_scale_0p8_1p2_steps10000_tr2]:  40%|████      | 4047/10000 [01:39<02:34, 38.62it/s, acc=0.298, device=mps, eta=2m27s, loss=2.0088, sps=40.9]
BC[stage1_datasets_L40_stepsweep/bc_shift4_scale_0p8_1p2_steps10000_tr2]:  41%|████      | 4055/10000 [01:39<02:10, 45.43it/s, acc=0.298, device=mps, eta=2m27s, loss=2.0088, sps=40.9]
BC[stage1_datasets_L40_stepsweep/bc_shift4_scale_0p8_1p2_steps10000_tr2]:  41%|████      | 4061/10000 [01:39<02:48, 35.34it/s, acc=0.298, device=mps, eta=2m27s, loss=2.0088, sps=40.9]
BC[stage1_datasets_L40_stepsweep/bc_shift4_scale_0p8_1p2_steps10000_tr2]:  41%|████      | 4069/10000 [01:39<02:19, 42.65it/s, acc=0.298, device=mps, eta=2m27s, loss=2.0088, sps=40.9]
BC[stage1_datasets_L40_stepsweep/bc_shift4_scale_0p8_1p2_steps10000_tr2]:  41%|████      | 4077/10000 [01:39<01:59, 49.54it/s, acc=0.298, device=mps, eta=2m27s, loss=2.0088, sps=40.9]
BC[stage1_datasets_L40_stepsweep/bc_shift4_scale_0p8_1p2_steps10000_tr2]:  41%|████      | 4084/10000 [01:39<02:35, 38.03it/s, acc=0.298, device=mps, eta=2m27s, loss=2.0088, sps=40.9]
BC[stage1_datasets_L40_stepsweep/bc_shift4_scale_0p8_1p2_steps10000_tr2]:  41%|████      | 4092/10000 [01:40<02:11, 45.03it/s, acc=0.298, device=mps, eta=2m27s, loss=2.0088, sps=40.9]
BC[stage1_datasets_L40_stepsweep/bc_shift4_scale_0p8_1p2_steps10000_tr2]:  41%|████      | 4100/10000 [01:40<01:53, 52.04it/s, acc=0.298, device=mps, eta=2m27s, loss=2.0088, sps=40.9]
BC[stage1_datasets_L40_stepsweep/bc_shift4_scale_0p8_1p2_steps10000_tr2]:  41%|████      | 4107/10000 [01:40<02:30, 39.11it/s, acc=0.298, device=mps, eta=2m27s, loss=2.0088, sps=40.9]
BC[stage1_datasets_L40_stepsweep/bc_shift4_scale_0p8_1p2_steps10000_tr2]:  41%|████      | 4115/10000 [01:40<02:08, 45.85it/s, acc=0.298, device=mps, eta=2m27s, loss=2.0088, sps=40.9]
BC[stage1_datasets_L40_stepsweep/bc_shift4_scale_0p8_1p2_steps10000_tr2]:  41%|████      | 4121/10000 [01:40<02:45, 35.44it/s, acc=0.298, device=mps, eta=2m27s, loss=2.0088, sps=40.9]
BC[stage1_datasets_L40_stepsweep/bc_shift4_scale_0p8_1p2_steps10000_tr2]:  41%|████▏     | 4129/10000 [01:40<02:17, 42.79it/s, acc=0.298, device=mps, eta=2m27s, loss=2.0088, sps=40.9]
BC[stage1_datasets_L40_stepsweep/bc_shift4_scale_0p8_1p2_steps10000_tr2]:  41%|████▏     | 4137/10000 [01:41<01:58, 49.30it/s, acc=0.298, device=mps, eta=2m27s, loss=2.0088, sps=40.9]
BC[stage1_datasets_L40_stepsweep/bc_shift4_scale_0p8_1p2_steps10000_tr2]:  41%|████▏     | 4144/10000 [01:41<02:35, 37.64it/s, acc=0.298, device=mps, eta=2m27s, loss=2.0088, sps=40.9]
BC[stage1_datasets_L40_stepsweep/bc_shift4_scale_0p8_1p2_steps10000_tr2]:  42%|████▏     | 4150/10000 [01:41<02:20, 41.60it/s, acc=0.298, device=mps, eta=2m27s, loss=2.0088, sps=40.9]
BC[stage1_datasets_L40_stepsweep/bc_shift4_scale_0p8_1p2_steps10000_tr2]:  42%|████▏     | 4157/10000 [01:41<02:06, 46.16it/s, acc=0.298, device=mps, eta=2m27s, loss=2.0088, sps=40.9]
BC[stage1_datasets_L40_stepsweep/bc_shift4_scale_0p8_1p2_steps10000_tr2]:  42%|████▏     | 4163/10000 [01:41<02:47, 34.89it/s, acc=0.298, device=mps, eta=2m27s, loss=2.0088, sps=40.9]
BC[stage1_datasets_L40_stepsweep/bc_shift4_scale_0p8_1p2_steps10000_tr2]:  42%|████▏     | 4171/10000 [01:41<02:16, 42.72it/s, acc=0.298, device=mps, eta=2m27s, loss=2.0088, sps=40.9]
BC[stage1_datasets_L40_stepsweep/bc_shift4_scale_0p8_1p2_steps10000_tr2]:  42%|████▏     | 4179/10000 [01:42<01:57, 49.70it/s, acc=0.298, device=mps, eta=2m27s, loss=2.0088, sps=40.9]
BC[stage1_datasets_L40_stepsweep/bc_shift4_scale_0p8_1p2_steps10000_tr2]:  42%|████▏     | 4186/10000 [01:42<02:33, 37.93it/s, acc=0.298, device=mps, eta=2m27s, loss=2.0088, sps=40.9]
BC[stage1_datasets_L40_stepsweep/bc_shift4_scale_0p8_1p2_steps10000_tr2]:  42%|████▏     | 4194/10000 [01:42<02:08, 45.25it/s, acc=0.298, device=mps, eta=2m27s, loss=2.0088, sps=40.9]
BC[stage1_datasets_L40_stepsweep/bc_shift4_scale_0p8_1p2_steps10000_tr2]:  42%|████▏     | 4194/10000 [01:42<02:08, 45.25it/s, acc=0.303, device=mps, eta=2m22s, loss=1.9972, sps=40.9]
BC[stage1_datasets_L40_stepsweep/bc_shift4_scale_0p8_1p2_steps10000_tr2]:  42%|████▏     | 4201/10000 [01:42<02:41, 35.88it/s, acc=0.303, device=mps, eta=2m22s, loss=1.9972, sps=40.9]
BC[stage1_datasets_L40_stepsweep/bc_shift4_scale_0p8_1p2_steps10000_tr2]:  42%|████▏     | 4209/10000 [01:42<02:16, 42.31it/s, acc=0.303, device=mps, eta=2m22s, loss=1.9972, sps=40.9]
BC[stage1_datasets_L40_stepsweep/bc_shift4_scale_0p8_1p2_steps10000_tr2]:  42%|████▏     | 4216/10000 [01:43<02:04, 46.56it/s, acc=0.303, device=mps, eta=2m22s, loss=1.9972, sps=40.9]
BC[stage1_datasets_L40_stepsweep/bc_shift4_scale_0p8_1p2_steps10000_tr2]:  42%|████▏     | 4222/10000 [01:43<02:43, 35.36it/s, acc=0.303, device=mps, eta=2m22s, loss=1.9972, sps=40.9]
BC[stage1_datasets_L40_stepsweep/bc_shift4_scale_0p8_1p2_steps10000_tr2]:  42%|████▏     | 4230/10000 [01:43<02:13, 43.08it/s, acc=0.303, device=mps, eta=2m22s, loss=1.9972, sps=40.9]
BC[stage1_datasets_L40_stepsweep/bc_shift4_scale_0p8_1p2_steps10000_tr2]:  42%|████▏     | 4238/10000 [01:43<01:55, 50.04it/s, acc=0.303, device=mps, eta=2m22s, loss=1.9972, sps=40.9]
BC[stage1_datasets_L40_stepsweep/bc_shift4_scale_0p8_1p2_steps10000_tr2]:  42%|████▏     | 4245/10000 [01:43<02:33, 37.61it/s, acc=0.303, device=mps, eta=2m22s, loss=1.9972, sps=40.9]
BC[stage1_datasets_L40_stepsweep/bc_shift4_scale_0p8_1p2_steps10000_tr2]:  43%|████▎     | 4251/10000 [01:43<02:20, 40.92it/s, acc=0.303, device=mps, eta=2m22s, loss=1.9972, sps=40.9]
BC[stage1_datasets_L40_stepsweep/bc_shift4_scale_0p8_1p2_steps10000_tr2]:  43%|████▎     | 4258/10000 [01:44<02:05, 45.93it/s, acc=0.303, device=mps, eta=2m22s, loss=1.9972, sps=40.9]
BC[stage1_datasets_L40_stepsweep/bc_shift4_scale_0p8_1p2_steps10000_tr2]:  43%|████▎     | 4264/10000 [01:44<02:43, 35.05it/s, acc=0.303, device=mps, eta=2m22s, loss=1.9972, sps=40.9]
BC[stage1_datasets_L40_stepsweep/bc_shift4_scale_0p8_1p2_steps10000_tr2]:  43%|████▎     | 4272/10000 [01:44<02:12, 43.21it/s, acc=0.303, device=mps, eta=2m22s, loss=1.9972, sps=40.9]
BC[stage1_datasets_L40_stepsweep/bc_shift4_scale_0p8_1p2_steps10000_tr2]:  43%|████▎     | 4281/10000 [01:44<02:34, 36.90it/s, acc=0.303, device=mps, eta=2m22s, loss=1.9972, sps=40.9]
BC[stage1_datasets_L40_stepsweep/bc_shift4_scale_0p8_1p2_steps10000_tr2]:  43%|████▎     | 4289/10000 [01:44<02:10, 43.87it/s, acc=0.303, device=mps, eta=2m22s, loss=1.9972, sps=40.9]
BC[stage1_datasets_L40_stepsweep/bc_shift4_scale_0p8_1p2_steps10000_tr2]:  43%|████▎     | 4297/10000 [01:44<01:54, 49.91it/s, acc=0.303, device=mps, eta=2m22s, loss=1.9972, sps=40.9]
BC[stage1_datasets_L40_stepsweep/bc_shift4_scale_0p8_1p2_steps10000_tr2]:  43%|████▎     | 4304/10000 [01:45<02:25, 39.05it/s, acc=0.303, device=mps, eta=2m22s, loss=1.9972, sps=40.9]
BC[stage1_datasets_L40_stepsweep/bc_shift4_scale_0p8_1p2_steps10000_tr2]:  43%|████▎     | 4312/10000 [01:45<02:03, 46.03it/s, acc=0.303, device=mps, eta=2m22s, loss=1.9972, sps=40.9]
BC[stage1_datasets_L40_stepsweep/bc_shift4_scale_0p8_1p2_steps10000_tr2]:  43%|████▎     | 4320/10000 [01:45<01:47, 52.95it/s, acc=0.303, device=mps, eta=2m22s, loss=1.9972, sps=40.9]
BC[stage1_datasets_L40_stepsweep/bc_shift4_scale_0p8_1p2_steps10000_tr2]:  43%|████▎     | 4327/10000 [01:45<02:23, 39.53it/s, acc=0.303, device=mps, eta=2m22s, loss=1.9972, sps=40.9]
BC[stage1_datasets_L40_stepsweep/bc_shift4_scale_0p8_1p2_steps10000_tr2]:  43%|████▎     | 4335/10000 [01:45<02:01, 46.46it/s, acc=0.303, device=mps, eta=2m22s, loss=1.9972, sps=40.9]
BC[stage1_datasets_L40_stepsweep/bc_shift4_scale_0p8_1p2_steps10000_tr2]:  43%|████▎     | 4341/10000 [01:46<02:37, 35.91it/s, acc=0.303, device=mps, eta=2m22s, loss=1.9972, sps=40.9]
BC[stage1_datasets_L40_stepsweep/bc_shift4_scale_0p8_1p2_steps10000_tr2]:  43%|████▎     | 4349/10000 [01:46<02:10, 43.18it/s, acc=0.303, device=mps, eta=2m22s, loss=1.9972, sps=40.9]
BC[stage1_datasets_L40_stepsweep/bc_shift4_scale_0p8_1p2_steps10000_tr2]:  44%|████▎     | 4357/10000 [01:46<01:52, 50.00it/s, acc=0.303, device=mps, eta=2m22s, loss=1.9972, sps=40.9]
BC[stage1_datasets_L40_stepsweep/bc_shift4_scale_0p8_1p2_steps10000_tr2]:  44%|████▎     | 4364/10000 [01:46<02:27, 38.16it/s, acc=0.303, device=mps, eta=2m22s, loss=1.9972, sps=40.9]
BC[stage1_datasets_L40_stepsweep/bc_shift4_scale_0p8_1p2_steps10000_tr2]:  44%|████▎     | 4372/10000 [01:46<02:04, 45.30it/s, acc=0.303, device=mps, eta=2m22s, loss=1.9972, sps=40.9]
BC[stage1_datasets_L40_stepsweep/bc_shift4_scale_0p8_1p2_steps10000_tr2]:  44%|████▍     | 4380/10000 [01:46<01:47, 52.16it/s, acc=0.303, device=mps, eta=2m22s, loss=1.9972, sps=40.9]
BC[stage1_datasets_L40_stepsweep/bc_shift4_scale_0p8_1p2_steps10000_tr2]:  44%|████▍     | 4387/10000 [01:47<02:24, 38.86it/s, acc=0.303, device=mps, eta=2m22s, loss=1.9972, sps=40.9]
BC[stage1_datasets_L40_stepsweep/bc_shift4_scale_0p8_1p2_steps10000_tr2]:  44%|████▍     | 4395/10000 [01:47<02:01, 46.01it/s, acc=0.303, device=mps, eta=2m22s, loss=1.9972, sps=40.9]
BC[stage1_datasets_L40_stepsweep/bc_shift4_scale_0p8_1p2_steps10000_tr2]:  44%|████▍     | 4395/10000 [01:47<02:01, 46.01it/s, acc=0.302, device=mps, eta=2m17s, loss=2.0038, sps=41.0]
BC[stage1_datasets_L40_stepsweep/bc_shift4_scale_0p8_1p2_steps10000_tr2]:  44%|████▍     | 4401/10000 [01:47<02:35, 36.12it/s, acc=0.302, device=mps, eta=2m17s, loss=2.0038, sps=41.0]
BC[stage1_datasets_L40_stepsweep/bc_shift4_scale_0p8_1p2_steps10000_tr2]:  44%|████▍     | 4409/10000 [01:47<02:08, 43.45it/s, acc=0.302, device=mps, eta=2m17s, loss=2.0038, sps=41.0]
BC[stage1_datasets_L40_stepsweep/bc_shift4_scale_0p8_1p2_steps10000_tr2]:  44%|████▍     | 4417/10000 [01:47<01:50, 50.40it/s, acc=0.302, device=mps, eta=2m17s, loss=2.0038, sps=41.0]
BC[stage1_datasets_L40_stepsweep/bc_shift4_scale_0p8_1p2_steps10000_tr2]:  44%|████▍     | 4424/10000 [01:47<02:25, 38.44it/s, acc=0.302, device=mps, eta=2m17s, loss=2.0038, sps=41.0]
BC[stage1_datasets_L40_stepsweep/bc_shift4_scale_0p8_1p2_steps10000_tr2]:  44%|████▍     | 4432/10000 [01:48<02:02, 45.36it/s, acc=0.302, device=mps, eta=2m17s, loss=2.0038, sps=41.0]
BC[stage1_datasets_L40_stepsweep/bc_shift4_scale_0p8_1p2_steps10000_tr2]:  44%|████▍     | 4440/10000 [01:48<01:47, 51.92it/s, acc=0.302, device=mps, eta=2m17s, loss=2.0038, sps=41.0]
BC[stage1_datasets_L40_stepsweep/bc_shift4_scale_0p8_1p2_steps10000_tr2]:  44%|████▍     | 4447/10000 [01:48<02:22, 39.00it/s, acc=0.302, device=mps, eta=2m17s, loss=2.0038, sps=41.0]
BC[stage1_datasets_L40_stepsweep/bc_shift4_scale_0p8_1p2_steps10000_tr2]:  45%|████▍     | 4455/10000 [01:48<02:01, 45.53it/s, acc=0.302, device=mps, eta=2m17s, loss=2.0038, sps=41.0]
BC[stage1_datasets_L40_stepsweep/bc_shift4_scale_0p8_1p2_steps10000_tr2]:  45%|████▍     | 4461/10000 [01:48<02:35, 35.53it/s, acc=0.302, device=mps, eta=2m17s, loss=2.0038, sps=41.0]
BC[stage1_datasets_L40_stepsweep/bc_shift4_scale_0p8_1p2_steps10000_tr2]:  45%|████▍     | 4469/10000 [01:48<02:09, 42.86it/s, acc=0.302, device=mps, eta=2m17s, loss=2.0038, sps=41.0]
BC[stage1_datasets_L40_stepsweep/bc_shift4_scale_0p8_1p2_steps10000_tr2]:  45%|████▍     | 4477/10000 [01:49<01:51, 49.62it/s, acc=0.302, device=mps, eta=2m17s, loss=2.0038, sps=41.0]
BC[stage1_datasets_L40_stepsweep/bc_shift4_scale_0p8_1p2_steps10000_tr2]:  45%|████▍     | 4484/10000 [01:49<02:24, 38.14it/s, acc=0.302, device=mps, eta=2m17s, loss=2.0038, sps=41.0]
BC[stage1_datasets_L40_stepsweep/bc_shift4_scale_0p8_1p2_steps10000_tr2]:  45%|████▍     | 4492/10000 [01:49<02:02, 45.12it/s, acc=0.302, device=mps, eta=2m17s, loss=2.0038, sps=41.0]
BC[stage1_datasets_L40_stepsweep/bc_shift4_scale_0p8_1p2_steps10000_tr2]:  45%|████▌     | 4500/10000 [01:49<01:45, 51.94it/s, acc=0.302, device=mps, eta=2m17s, loss=2.0038, sps=41.0]
BC[stage1_datasets_L40_stepsweep/bc_shift4_scale_0p8_1p2_steps10000_tr2]:  45%|████▌     | 4507/10000 [01:49<02:21, 38.89it/s, acc=0.302, device=mps, eta=2m17s, loss=2.0038, sps=41.0]
BC[stage1_datasets_L40_stepsweep/bc_shift4_scale_0p8_1p2_steps10000_tr2]:  45%|████▌     | 4515/10000 [01:49<01:59, 45.97it/s, acc=0.302, device=mps, eta=2m17s, loss=2.0038, sps=41.0]
BC[stage1_datasets_L40_stepsweep/bc_shift4_scale_0p8_1p2_steps10000_tr2]:  45%|████▌     | 4521/10000 [01:50<02:33, 35.59it/s, acc=0.302, device=mps, eta=2m17s, loss=2.0038, sps=41.0]
BC[stage1_datasets_L40_stepsweep/bc_shift4_scale_0p8_1p2_steps10000_tr2]:  45%|████▌     | 4529/10000 [01:50<02:09, 42.27it/s, acc=0.302, device=mps, eta=2m17s, loss=2.0038, sps=41.0]
BC[stage1_datasets_L40_stepsweep/bc_shift4_scale_0p8_1p2_steps10000_tr2]:  45%|████▌     | 4535/10000 [01:50<02:00, 45.39it/s, acc=0.302, device=mps, eta=2m17s, loss=2.0038, sps=41.0]
BC[stage1_datasets_L40_stepsweep/bc_shift4_scale_0p8_1p2_steps10000_tr2]:  45%|████▌     | 4541/10000 [01:50<02:40, 34.04it/s, acc=0.302, device=mps, eta=2m17s, loss=2.0038, sps=41.0]
BC[stage1_datasets_L40_stepsweep/bc_shift4_scale_0p8_1p2_steps10000_tr2]:  45%|████▌     | 4547/10000 [01:50<02:21, 38.60it/s, acc=0.302, device=mps, eta=2m17s, loss=2.0038, sps=41.0]
BC[stage1_datasets_L40_stepsweep/bc_shift4_scale_0p8_1p2_steps10000_tr2]:  46%|████▌     | 4553/10000 [01:51<02:09, 42.17it/s, acc=0.302, device=mps, eta=2m17s, loss=2.0038, sps=41.0]
BC[stage1_datasets_L40_stepsweep/bc_shift4_scale_0p8_1p2_steps10000_tr2]:  46%|████▌     | 4560/10000 [01:51<01:54, 47.66it/s, acc=0.302, device=mps, eta=2m17s, loss=2.0038, sps=41.0]
BC[stage1_datasets_L40_stepsweep/bc_shift4_scale_0p8_1p2_steps10000_tr2]:  46%|████▌     | 4566/10000 [01:51<02:34, 35.12it/s, acc=0.302, device=mps, eta=2m17s, loss=2.0038, sps=41.0]
BC[stage1_datasets_L40_stepsweep/bc_shift4_scale_0p8_1p2_steps10000_tr2]:  46%|████▌     | 4574/10000 [01:51<02:06, 43.05it/s, acc=0.302, device=mps, eta=2m17s, loss=2.0038, sps=41.0]
BC[stage1_datasets_L40_stepsweep/bc_shift4_scale_0p8_1p2_steps10000_tr2]:  46%|████▌     | 4581/10000 [01:51<02:37, 34.49it/s, acc=0.302, device=mps, eta=2m17s, loss=2.0038, sps=41.0]
BC[stage1_datasets_L40_stepsweep/bc_shift4_scale_0p8_1p2_steps10000_tr2]:  46%|████▌     | 4589/10000 [01:51<02:08, 42.12it/s, acc=0.302, device=mps, eta=2m17s, loss=2.0038, sps=41.0]
BC[stage1_datasets_L40_stepsweep/bc_shift4_scale_0p8_1p2_steps10000_tr2]:  46%|████▌     | 4597/10000 [01:52<01:49, 49.43it/s, acc=0.302, device=mps, eta=2m17s, loss=2.0038, sps=41.0]
BC[stage1_datasets_L40_stepsweep/bc_shift4_scale_0p8_1p2_steps10000_tr2]:  46%|████▌     | 4597/10000 [01:52<01:49, 49.43it/s, acc=0.302, device=mps, eta=2m12s, loss=1.9999, sps=41.1]
BC[stage1_datasets_L40_stepsweep/bc_shift4_scale_0p8_1p2_steps10000_tr2]:  46%|████▌     | 4604/10000 [01:52<02:21, 38.10it/s, acc=0.302, device=mps, eta=2m12s, loss=1.9999, sps=41.1]
BC[stage1_datasets_L40_stepsweep/bc_shift4_scale_0p8_1p2_steps10000_tr2]:  46%|████▌     | 4611/10000 [01:52<02:04, 43.28it/s, acc=0.302, device=mps, eta=2m12s, loss=1.9999, sps=41.1]
BC[stage1_datasets_L40_stepsweep/bc_shift4_scale_0p8_1p2_steps10000_tr2]:  46%|████▌     | 4617/10000 [01:52<01:55, 46.49it/s, acc=0.302, device=mps, eta=2m12s, loss=1.9999, sps=41.1]
BC[stage1_datasets_L40_stepsweep/bc_shift4_scale_0p8_1p2_steps10000_tr2]:  46%|████▌     | 4623/10000 [01:52<02:37, 34.14it/s, acc=0.302, device=mps, eta=2m12s, loss=1.9999, sps=41.1]
BC[stage1_datasets_L40_stepsweep/bc_shift4_scale_0p8_1p2_steps10000_tr2]:  46%|████▋     | 4630/10000 [01:52<02:13, 40.11it/s, acc=0.302, device=mps, eta=2m12s, loss=1.9999, sps=41.1]
BC[stage1_datasets_L40_stepsweep/bc_shift4_scale_0p8_1p2_steps10000_tr2]:  46%|████▋     | 4637/10000 [01:53<01:58, 45.20it/s, acc=0.302, device=mps, eta=2m12s, loss=1.9999, sps=41.1]
BC[stage1_datasets_L40_stepsweep/bc_shift4_scale_0p8_1p2_steps10000_tr2]:  46%|████▋     | 4643/10000 [01:53<02:35, 34.50it/s, acc=0.302, device=mps, eta=2m12s, loss=1.9999, sps=41.1]
BC[stage1_datasets_L40_stepsweep/bc_shift4_scale_0p8_1p2_steps10000_tr2]:  47%|████▋     | 4651/10000 [01:53<02:06, 42.37it/s, acc=0.302, device=mps, eta=2m12s, loss=1.9999, sps=41.1]
BC[stage1_datasets_L40_stepsweep/bc_shift4_scale_0p8_1p2_steps10000_tr2]:  47%|████▋     | 4659/10000 [01:53<01:48, 49.31it/s, acc=0.302, device=mps, eta=2m12s, loss=1.9999, sps=41.1]
BC[stage1_datasets_L40_stepsweep/bc_shift4_scale_0p8_1p2_steps10000_tr2]:  47%|████▋     | 4665/10000 [01:53<02:24, 37.01it/s, acc=0.302, device=mps, eta=2m12s, loss=1.9999, sps=41.1]
BC[stage1_datasets_L40_stepsweep/bc_shift4_scale_0p8_1p2_steps10000_tr2]:  47%|████▋     | 4673/10000 [01:53<02:00, 44.36it/s, acc=0.302, device=mps, eta=2m12s, loss=1.9999, sps=41.1]
BC[stage1_datasets_L40_stepsweep/bc_shift4_scale_0p8_1p2_steps10000_tr2]:  47%|████▋     | 4681/10000 [01:54<02:27, 36.16it/s, acc=0.302, device=mps, eta=2m12s, loss=1.9999, sps=41.1]
BC[stage1_datasets_L40_stepsweep/bc_shift4_scale_0p8_1p2_steps10000_tr2]:  47%|████▋     | 4689/10000 [01:54<02:02, 43.21it/s, acc=0.302, device=mps, eta=2m12s, loss=1.9999, sps=41.1]
BC[stage1_datasets_L40_stepsweep/bc_shift4_scale_0p8_1p2_steps10000_tr2]:  47%|████▋     | 4697/10000 [01:54<01:46, 49.92it/s, acc=0.302, device=mps, eta=2m12s, loss=1.9999, sps=41.1]
BC[stage1_datasets_L40_stepsweep/bc_shift4_scale_0p8_1p2_steps10000_tr2]:  47%|████▋     | 4704/10000 [01:54<02:18, 38.25it/s, acc=0.302, device=mps, eta=2m12s, loss=1.9999, sps=41.1]
BC[stage1_datasets_L40_stepsweep/bc_shift4_scale_0p8_1p2_steps10000_tr2]:  47%|████▋     | 4712/10000 [01:54<01:57, 45.19it/s, acc=0.302, device=mps, eta=2m12s, loss=1.9999, sps=41.1]
BC[stage1_datasets_L40_stepsweep/bc_shift4_scale_0p8_1p2_steps10000_tr2]:  47%|████▋     | 4720/10000 [01:54<01:41, 52.12it/s, acc=0.302, device=mps, eta=2m12s, loss=1.9999, sps=41.1]
BC[stage1_datasets_L40_stepsweep/bc_shift4_scale_0p8_1p2_steps10000_tr2]:  47%|████▋     | 4727/10000 [01:55<02:15, 38.91it/s, acc=0.302, device=mps, eta=2m12s, loss=1.9999, sps=41.1]
BC[stage1_datasets_L40_stepsweep/bc_shift4_scale_0p8_1p2_steps10000_tr2]:  47%|████▋     | 4735/10000 [01:55<01:55, 45.64it/s, acc=0.302, device=mps, eta=2m12s, loss=1.9999, sps=41.1]
BC[stage1_datasets_L40_stepsweep/bc_shift4_scale_0p8_1p2_steps10000_tr2]:  47%|████▋     | 4741/10000 [01:55<02:28, 35.46it/s, acc=0.302, device=mps, eta=2m12s, loss=1.9999, sps=41.1]
BC[stage1_datasets_L40_stepsweep/bc_shift4_scale_0p8_1p2_steps10000_tr2]:  47%|████▋     | 4749/10000 [01:55<02:02, 42.80it/s, acc=0.302, device=mps, eta=2m12s, loss=1.9999, sps=41.1]
BC[stage1_datasets_L40_stepsweep/bc_shift4_scale_0p8_1p2_steps10000_tr2]:  48%|████▊     | 4757/10000 [01:55<01:45, 49.50it/s, acc=0.302, device=mps, eta=2m12s, loss=1.9999, sps=41.1]
BC[stage1_datasets_L40_stepsweep/bc_shift4_scale_0p8_1p2_steps10000_tr2]:  48%|████▊     | 4764/10000 [01:56<02:18, 37.79it/s, acc=0.302, device=mps, eta=2m12s, loss=1.9999, sps=41.1]
BC[stage1_datasets_L40_stepsweep/bc_shift4_scale_0p8_1p2_steps10000_tr2]:  48%|████▊     | 4770/10000 [01:56<02:05, 41.53it/s, acc=0.302, device=mps, eta=2m12s, loss=1.9999, sps=41.1]
BC[stage1_datasets_L40_stepsweep/bc_shift4_scale_0p8_1p2_steps10000_tr2]:  48%|████▊     | 4776/10000 [01:56<01:55, 45.26it/s, acc=0.302, device=mps, eta=2m12s, loss=1.9999, sps=41.1]
BC[stage1_datasets_L40_stepsweep/bc_shift4_scale_0p8_1p2_steps10000_tr2]:  48%|████▊     | 4782/10000 [01:56<02:35, 33.55it/s, acc=0.302, device=mps, eta=2m12s, loss=1.9999, sps=41.1]
BC[stage1_datasets_L40_stepsweep/bc_shift4_scale_0p8_1p2_steps10000_tr2]:  48%|████▊     | 4788/10000 [01:56<02:16, 38.05it/s, acc=0.302, device=mps, eta=2m12s, loss=1.9999, sps=41.1]
BC[stage1_datasets_L40_stepsweep/bc_shift4_scale_0p8_1p2_steps10000_tr2]:  48%|████▊     | 4795/10000 [01:56<01:59, 43.39it/s, acc=0.302, device=mps, eta=2m12s, loss=1.9999, sps=41.1]
BC[stage1_datasets_L40_stepsweep/bc_shift4_scale_0p8_1p2_steps10000_tr2]:  48%|████▊     | 4795/10000 [01:56<01:59, 43.39it/s, acc=0.301, device=mps, eta=2m07s, loss=1.9985, sps=41.1]
BC[stage1_datasets_L40_stepsweep/bc_shift4_scale_0p8_1p2_steps10000_tr2]:  48%|████▊     | 4801/10000 [01:57<02:36, 33.24it/s, acc=0.301, device=mps, eta=2m07s, loss=1.9985, sps=41.1]
BC[stage1_datasets_L40_stepsweep/bc_shift4_scale_0p8_1p2_steps10000_tr2]:  48%|████▊     | 4809/10000 [01:57<02:06, 41.16it/s, acc=0.301, device=mps, eta=2m07s, loss=1.9985, sps=41.1]
BC[stage1_datasets_L40_stepsweep/bc_shift4_scale_0p8_1p2_steps10000_tr2]:  48%|████▊     | 4817/10000 [01:57<01:48, 47.95it/s, acc=0.301, device=mps, eta=2m07s, loss=1.9985, sps=41.1]
BC[stage1_datasets_L40_stepsweep/bc_shift4_scale_0p8_1p2_steps10000_tr2]:  48%|████▊     | 4823/10000 [01:57<02:25, 35.49it/s, acc=0.301, device=mps, eta=2m07s, loss=1.9985, sps=41.1]
BC[stage1_datasets_L40_stepsweep/bc_shift4_scale_0p8_1p2_steps10000_tr2]:  48%|████▊     | 4829/10000 [01:57<02:10, 39.56it/s, acc=0.301, device=mps, eta=2m07s, loss=1.9985, sps=41.1]
BC[stage1_datasets_L40_stepsweep/bc_shift4_scale_0p8_1p2_steps10000_tr2]:  48%|████▊     | 4835/10000 [01:57<02:00, 42.95it/s, acc=0.301, device=mps, eta=2m07s, loss=1.9985, sps=41.1]
BC[stage1_datasets_L40_stepsweep/bc_shift4_scale_0p8_1p2_steps10000_tr2]:  48%|████▊     | 4841/10000 [01:58<02:37, 32.74it/s, acc=0.301, device=mps, eta=2m07s, loss=1.9985, sps=41.1]
BC[stage1_datasets_L40_stepsweep/bc_shift4_scale_0p8_1p2_steps10000_tr2]:  48%|████▊     | 4849/10000 [01:58<02:06, 40.81it/s, acc=0.301, device=mps, eta=2m07s, loss=1.9985, sps=41.1]
BC[stage1_datasets_L40_stepsweep/bc_shift4_scale_0p8_1p2_steps10000_tr2]:  49%|████▊     | 4857/10000 [01:58<01:47, 48.03it/s, acc=0.301, device=mps, eta=2m07s, loss=1.9985, sps=41.1]
BC[stage1_datasets_L40_stepsweep/bc_shift4_scale_0p8_1p2_steps10000_tr2]:  49%|████▊     | 4863/10000 [01:58<02:19, 36.95it/s, acc=0.301, device=mps, eta=2m07s, loss=1.9985, sps=41.1]
BC[stage1_datasets_L40_stepsweep/bc_shift4_scale_0p8_1p2_steps10000_tr2]:  49%|████▊     | 4871/10000 [01:58<01:55, 44.47it/s, acc=0.301, device=mps, eta=2m07s, loss=1.9985, sps=41.1]
BC[stage1_datasets_L40_stepsweep/bc_shift4_scale_0p8_1p2_steps10000_tr2]:  49%|████▉     | 4879/10000 [01:58<01:39, 51.41it/s, acc=0.301, device=mps, eta=2m07s, loss=1.9985, sps=41.1]
BC[stage1_datasets_L40_stepsweep/bc_shift4_scale_0p8_1p2_steps10000_tr2]:  49%|████▉     | 4886/10000 [01:59<02:11, 38.96it/s, acc=0.301, device=mps, eta=2m07s, loss=1.9985, sps=41.1]
BC[stage1_datasets_L40_stepsweep/bc_shift4_scale_0p8_1p2_steps10000_tr2]:  49%|████▉     | 4894/10000 [01:59<01:51, 45.95it/s, acc=0.301, device=mps, eta=2m07s, loss=1.9985, sps=41.1]
BC[stage1_datasets_L40_stepsweep/bc_shift4_scale_0p8_1p2_steps10000_tr2]:  49%|████▉     | 4901/10000 [01:59<02:19, 36.55it/s, acc=0.301, device=mps, eta=2m07s, loss=1.9985, sps=41.1]
BC[stage1_datasets_L40_stepsweep/bc_shift4_scale_0p8_1p2_steps10000_tr2]:  49%|████▉     | 4908/10000 [01:59<02:03, 41.36it/s, acc=0.301, device=mps, eta=2m07s, loss=1.9985, sps=41.1]
BC[stage1_datasets_L40_stepsweep/bc_shift4_scale_0p8_1p2_steps10000_tr2]:  49%|████▉     | 4914/10000 [01:59<01:53, 44.76it/s, acc=0.301, device=mps, eta=2m07s, loss=1.9985, sps=41.1]
BC[stage1_datasets_L40_stepsweep/bc_shift4_scale_0p8_1p2_steps10000_tr2]:  49%|████▉     | 4920/10000 [01:59<01:46, 47.74it/s, acc=0.301, device=mps, eta=2m07s, loss=1.9985, sps=41.1]
BC[stage1_datasets_L40_stepsweep/bc_shift4_scale_0p8_1p2_steps10000_tr2]:  49%|████▉     | 4926/10000 [02:00<02:23, 35.39it/s, acc=0.301, device=mps, eta=2m07s, loss=1.9985, sps=41.1]
BC[stage1_datasets_L40_stepsweep/bc_shift4_scale_0p8_1p2_steps10000_tr2]:  49%|████▉     | 4934/10000 [02:00<01:57, 42.99it/s, acc=0.301, device=mps, eta=2m07s, loss=1.9985, sps=41.1]
BC[stage1_datasets_L40_stepsweep/bc_shift4_scale_0p8_1p2_steps10000_tr2]:  49%|████▉     | 4941/10000 [02:00<02:28, 34.18it/s, acc=0.301, device=mps, eta=2m07s, loss=1.9985, sps=41.1]
BC[stage1_datasets_L40_stepsweep/bc_shift4_scale_0p8_1p2_steps10000_tr2]:  49%|████▉     | 4949/10000 [02:00<02:02, 41.27it/s, acc=0.301, device=mps, eta=2m07s, loss=1.9985, sps=41.1]
BC[stage1_datasets_L40_stepsweep/bc_shift4_scale_0p8_1p2_steps10000_tr2]:  50%|████▉     | 4955/10000 [02:00<01:52, 44.68it/s, acc=0.301, device=mps, eta=2m07s, loss=1.9985, sps=41.1]
BC[stage1_datasets_L40_stepsweep/bc_shift4_scale_0p8_1p2_steps10000_tr2]:  50%|████▉     | 4961/10000 [02:01<02:25, 34.54it/s, acc=0.301, device=mps, eta=2m07s, loss=1.9985, sps=41.1]
BC[stage1_datasets_L40_stepsweep/bc_shift4_scale_0p8_1p2_steps10000_tr2]:  50%|████▉     | 4969/10000 [02:01<01:59, 42.26it/s, acc=0.301, device=mps, eta=2m07s, loss=1.9985, sps=41.1]
BC[stage1_datasets_L40_stepsweep/bc_shift4_scale_0p8_1p2_steps10000_tr2]:  50%|████▉     | 4977/10000 [02:01<01:41, 49.25it/s, acc=0.301, device=mps, eta=2m07s, loss=1.9985, sps=41.1]
BC[stage1_datasets_L40_stepsweep/bc_shift4_scale_0p8_1p2_steps10000_tr2]:  50%|████▉     | 4983/10000 [02:01<02:19, 36.08it/s, acc=0.301, device=mps, eta=2m07s, loss=1.9985, sps=41.1]
BC[stage1_datasets_L40_stepsweep/bc_shift4_scale_0p8_1p2_steps10000_tr2]:  50%|████▉     | 4989/10000 [02:01<02:07, 39.36it/s, acc=0.301, device=mps, eta=2m07s, loss=1.9985, sps=41.1]
BC[stage1_datasets_L40_stepsweep/bc_shift4_scale_0p8_1p2_steps10000_tr2]:  50%|████▉     | 4996/10000 [02:01<01:51, 44.80it/s, acc=0.301, device=mps, eta=2m07s, loss=1.9985, sps=41.1]
BC[stage1_datasets_L40_stepsweep/bc_shift4_scale_0p8_1p2_steps10000_tr2]:  50%|████▉     | 4996/10000 [02:01<01:51, 44.80it/s, acc=0.305, device=mps, eta=2m02s, loss=1.9920, sps=41.0]
BC[stage1_datasets_L40_stepsweep/bc_shift4_scale_0p8_1p2_steps10000_tr2]:  50%|█████     | 5002/10000 [02:02<02:26, 34.02it/s, acc=0.305, device=mps, eta=2m02s, loss=1.9920, sps=41.0]
BC[stage1_datasets_L40_stepsweep/bc_shift4_scale_0p8_1p2_steps10000_tr2]:  50%|█████     | 5010/10000 [02:02<01:58, 42.23it/s, acc=0.305, device=mps, eta=2m02s, loss=1.9920, sps=41.0]
BC[stage1_datasets_L40_stepsweep/bc_shift4_scale_0p8_1p2_steps10000_tr2]:  50%|█████     | 5019/10000 [02:02<01:37, 51.01it/s, acc=0.305, device=mps, eta=2m02s, loss=1.9920, sps=41.0]
BC[stage1_datasets_L40_stepsweep/bc_shift4_scale_0p8_1p2_steps10000_tr2]:  50%|█████     | 5026/10000 [02:02<02:08, 38.73it/s, acc=0.305, device=mps, eta=2m02s, loss=1.9920, sps=41.0]
BC[stage1_datasets_L40_stepsweep/bc_shift4_scale_0p8_1p2_steps10000_tr2]:  50%|█████     | 5034/10000 [02:02<01:48, 45.63it/s, acc=0.305, device=mps, eta=2m02s, loss=1.9920, sps=41.0]
BC[stage1_datasets_L40_stepsweep/bc_shift4_scale_0p8_1p2_steps10000_tr2]:  50%|█████     | 5041/10000 [02:02<02:17, 36.13it/s, acc=0.305, device=mps, eta=2m02s, loss=1.9920, sps=41.0]
BC[stage1_datasets_L40_stepsweep/bc_shift4_scale_0p8_1p2_steps10000_tr2]:  51%|█████     | 5052/10000 [02:03<01:42, 48.12it/s, acc=0.305, device=mps, eta=2m02s, loss=1.9920, sps=41.0]
BC[stage1_datasets_L40_stepsweep/bc_shift4_scale_0p8_1p2_steps10000_tr2]:  51%|█████     | 5061/10000 [02:03<02:00, 41.03it/s, acc=0.305, device=mps, eta=2m02s, loss=1.9920, sps=41.0]
BC[stage1_datasets_L40_stepsweep/bc_shift4_scale_0p8_1p2_steps10000_tr2]:  51%|█████     | 5069/10000 [02:03<01:44, 47.04it/s, acc=0.305, device=mps, eta=2m02s, loss=1.9920, sps=41.0]
BC[stage1_datasets_L40_stepsweep/bc_shift4_scale_0p8_1p2_steps10000_tr2]:  51%|█████     | 5077/10000 [02:03<01:32, 53.04it/s, acc=0.305, device=mps, eta=2m02s, loss=1.9920, sps=41.0]
BC[stage1_datasets_L40_stepsweep/bc_shift4_scale_0p8_1p2_steps10000_tr2]:  51%|█████     | 5084/10000 [02:03<02:02, 40.13it/s, acc=0.305, device=mps, eta=2m02s, loss=1.9920, sps=41.0]
BC[stage1_datasets_L40_stepsweep/bc_shift4_scale_0p8_1p2_steps10000_tr2]:  51%|█████     | 5092/10000 [02:03<01:45, 46.60it/s, acc=0.305, device=mps, eta=2m02s, loss=1.9920, sps=41.0]
BC[stage1_datasets_L40_stepsweep/bc_shift4_scale_0p8_1p2_steps10000_tr2]:  51%|█████     | 5100/10000 [02:04<01:32, 52.70it/s, acc=0.305, device=mps, eta=2m02s, loss=1.9920, sps=41.0]
BC[stage1_datasets_L40_stepsweep/bc_shift4_scale_0p8_1p2_steps10000_tr2]:  51%|█████     | 5107/10000 [02:04<02:03, 39.54it/s, acc=0.305, device=mps, eta=2m02s, loss=1.9920, sps=41.0]
BC[stage1_datasets_L40_stepsweep/bc_shift4_scale_0p8_1p2_steps10000_tr2]:  51%|█████     | 5115/10000 [02:04<01:45, 46.17it/s, acc=0.305, device=mps, eta=2m02s, loss=1.9920, sps=41.0]
BC[stage1_datasets_L40_stepsweep/bc_shift4_scale_0p8_1p2_steps10000_tr2]:  51%|█████     | 5121/10000 [02:04<02:16, 35.85it/s, acc=0.305, device=mps, eta=2m02s, loss=1.9920, sps=41.0]
BC[stage1_datasets_L40_stepsweep/bc_shift4_scale_0p8_1p2_steps10000_tr2]:  51%|█████▏    | 5129/10000 [02:04<01:52, 43.15it/s, acc=0.305, device=mps, eta=2m02s, loss=1.9920, sps=41.0]
BC[stage1_datasets_L40_stepsweep/bc_shift4_scale_0p8_1p2_steps10000_tr2]:  51%|█████▏    | 5137/10000 [02:04<01:37, 49.63it/s, acc=0.305, device=mps, eta=2m02s, loss=1.9920, sps=41.0]
BC[stage1_datasets_L40_stepsweep/bc_shift4_scale_0p8_1p2_steps10000_tr2]:  51%|█████▏    | 5144/10000 [02:05<02:07, 38.12it/s, acc=0.305, device=mps, eta=2m02s, loss=1.9920, sps=41.0]
BC[stage1_datasets_L40_stepsweep/bc_shift4_scale_0p8_1p2_steps10000_tr2]:  52%|█████▏    | 5152/10000 [02:05<01:47, 45.11it/s, acc=0.305, device=mps, eta=2m02s, loss=1.9920, sps=41.0]
BC[stage1_datasets_L40_stepsweep/bc_shift4_scale_0p8_1p2_steps10000_tr2]:  52%|█████▏    | 5160/10000 [02:05<01:33, 51.88it/s, acc=0.305, device=mps, eta=2m02s, loss=1.9920, sps=41.0]
BC[stage1_datasets_L40_stepsweep/bc_shift4_scale_0p8_1p2_steps10000_tr2]:  52%|█████▏    | 5167/10000 [02:05<02:03, 38.99it/s, acc=0.305, device=mps, eta=2m02s, loss=1.9920, sps=41.0]
BC[stage1_datasets_L40_stepsweep/bc_shift4_scale_0p8_1p2_steps10000_tr2]:  52%|█████▏    | 5175/10000 [02:05<01:45, 45.77it/s, acc=0.305, device=mps, eta=2m02s, loss=1.9920, sps=41.0]
BC[stage1_datasets_L40_stepsweep/bc_shift4_scale_0p8_1p2_steps10000_tr2]:  52%|█████▏    | 5181/10000 [02:06<02:15, 35.51it/s, acc=0.305, device=mps, eta=2m02s, loss=1.9920, sps=41.0]
BC[stage1_datasets_L40_stepsweep/bc_shift4_scale_0p8_1p2_steps10000_tr2]:  52%|█████▏    | 5189/10000 [02:06<01:52, 42.90it/s, acc=0.305, device=mps, eta=2m02s, loss=1.9920, sps=41.0]
BC[stage1_datasets_L40_stepsweep/bc_shift4_scale_0p8_1p2_steps10000_tr2]:  52%|█████▏    | 5197/10000 [02:06<01:36, 49.96it/s, acc=0.305, device=mps, eta=2m02s, loss=1.9920, sps=41.0]
BC[stage1_datasets_L40_stepsweep/bc_shift4_scale_0p8_1p2_steps10000_tr2]:  52%|█████▏    | 5197/10000 [02:06<01:36, 49.96it/s, acc=0.304, device=mps, eta=1m57s, loss=1.9995, sps=41.1]
BC[stage1_datasets_L40_stepsweep/bc_shift4_scale_0p8_1p2_steps10000_tr2]:  52%|█████▏    | 5204/10000 [02:06<02:08, 37.18it/s, acc=0.304, device=mps, eta=1m57s, loss=1.9995, sps=41.1]
BC[stage1_datasets_L40_stepsweep/bc_shift4_scale_0p8_1p2_steps10000_tr2]:  52%|█████▏    | 5210/10000 [02:06<01:58, 40.36it/s, acc=0.304, device=mps, eta=1m57s, loss=1.9995, sps=41.1]
BC[stage1_datasets_L40_stepsweep/bc_shift4_scale_0p8_1p2_steps10000_tr2]:  52%|█████▏    | 5217/10000 [02:06<01:45, 45.17it/s, acc=0.304, device=mps, eta=1m57s, loss=1.9995, sps=41.1]
BC[stage1_datasets_L40_stepsweep/bc_shift4_scale_0p8_1p2_steps10000_tr2]:  52%|█████▏    | 5223/10000 [02:07<02:17, 34.62it/s, acc=0.304, device=mps, eta=1m57s, loss=1.9995, sps=41.1]
BC[stage1_datasets_L40_stepsweep/bc_shift4_scale_0p8_1p2_steps10000_tr2]:  52%|█████▏    | 5231/10000 [02:07<01:52, 42.48it/s, acc=0.304, device=mps, eta=1m57s, loss=1.9995, sps=41.1]
BC[stage1_datasets_L40_stepsweep/bc_shift4_scale_0p8_1p2_steps10000_tr2]:  52%|█████▏    | 5239/10000 [02:07<01:36, 49.59it/s, acc=0.304, device=mps, eta=1m57s, loss=1.9995, sps=41.1]
BC[stage1_datasets_L40_stepsweep/bc_shift4_scale_0p8_1p2_steps10000_tr2]:  52%|█████▏    | 5246/10000 [02:07<02:05, 37.86it/s, acc=0.304, device=mps, eta=1m57s, loss=1.9995, sps=41.1]
BC[stage1_datasets_L40_stepsweep/bc_shift4_scale_0p8_1p2_steps10000_tr2]:  53%|█████▎    | 5254/10000 [02:07<01:45, 45.03it/s, acc=0.304, device=mps, eta=1m57s, loss=1.9995, sps=41.1]
BC[stage1_datasets_L40_stepsweep/bc_shift4_scale_0p8_1p2_steps10000_tr2]:  53%|█████▎    | 5261/10000 [02:08<02:12, 35.76it/s, acc=0.304, device=mps, eta=1m57s, loss=1.9995, sps=41.1]
BC[stage1_datasets_L40_stepsweep/bc_shift4_scale_0p8_1p2_steps10000_tr2]:  53%|█████▎    | 5269/10000 [02:08<01:49, 43.07it/s, acc=0.304, device=mps, eta=1m57s, loss=1.9995, sps=41.1]
BC[stage1_datasets_L40_stepsweep/bc_shift4_scale_0p8_1p2_steps10000_tr2]:  53%|█████▎    | 5277/10000 [02:08<01:35, 49.70it/s, acc=0.304, device=mps, eta=1m57s, loss=1.9995, sps=41.1]
BC[stage1_datasets_L40_stepsweep/bc_shift4_scale_0p8_1p2_steps10000_tr2]:  53%|█████▎    | 5284/10000 [02:08<02:04, 38.03it/s, acc=0.304, device=mps, eta=1m57s, loss=1.9995, sps=41.1]
BC[stage1_datasets_L40_stepsweep/bc_shift4_scale_0p8_1p2_steps10000_tr2]:  53%|█████▎    | 5292/10000 [02:08<01:44, 45.04it/s, acc=0.304, device=mps, eta=1m57s, loss=1.9995, sps=41.1]
BC[stage1_datasets_L40_stepsweep/bc_shift4_scale_0p8_1p2_steps10000_tr2]:  53%|█████▎    | 5300/10000 [02:08<01:30, 51.88it/s, acc=0.304, device=mps, eta=1m57s, loss=1.9995, sps=41.1]
BC[stage1_datasets_L40_stepsweep/bc_shift4_scale_0p8_1p2_steps10000_tr2]:  53%|█████▎    | 5307/10000 [02:09<02:00, 38.81it/s, acc=0.304, device=mps, eta=1m57s, loss=1.9995, sps=41.1]
BC[stage1_datasets_L40_stepsweep/bc_shift4_scale_0p8_1p2_steps10000_tr2]:  53%|█████▎    | 5315/10000 [02:09<01:41, 46.04it/s, acc=0.304, device=mps, eta=1m57s, loss=1.9995, sps=41.1]
BC[stage1_datasets_L40_stepsweep/bc_shift4_scale_0p8_1p2_steps10000_tr2]:  53%|█████▎    | 5321/10000 [02:09<02:09, 36.13it/s, acc=0.304, device=mps, eta=1m57s, loss=1.9995, sps=41.1]
BC[stage1_datasets_L40_stepsweep/bc_shift4_scale_0p8_1p2_steps10000_tr2]:  53%|█████▎    | 5329/10000 [02:09<01:47, 43.49it/s, acc=0.304, device=mps, eta=1m57s, loss=1.9995, sps=41.1]
BC[stage1_datasets_L40_stepsweep/bc_shift4_scale_0p8_1p2_steps10000_tr2]:  53%|█████▎    | 5337/10000 [02:09<01:32, 50.40it/s, acc=0.304, device=mps, eta=1m57s, loss=1.9995, sps=41.1]
BC[stage1_datasets_L40_stepsweep/bc_shift4_scale_0p8_1p2_steps10000_tr2]:  53%|█████▎    | 5344/10000 [02:09<02:01, 38.38it/s, acc=0.304, device=mps, eta=1m57s, loss=1.9995, sps=41.1]
BC[stage1_datasets_L40_stepsweep/bc_shift4_scale_0p8_1p2_steps10000_tr2]:  54%|█████▎    | 5352/10000 [02:10<01:42, 45.44it/s, acc=0.304, device=mps, eta=1m57s, loss=1.9995, sps=41.1]
BC[stage1_datasets_L40_stepsweep/bc_shift4_scale_0p8_1p2_steps10000_tr2]:  54%|█████▎    | 5360/10000 [02:10<01:28, 52.23it/s, acc=0.304, device=mps, eta=1m57s, loss=1.9995, sps=41.1]
BC[stage1_datasets_L40_stepsweep/bc_shift4_scale_0p8_1p2_steps10000_tr2]:  54%|█████▎    | 5367/10000 [02:10<01:58, 39.04it/s, acc=0.304, device=mps, eta=1m57s, loss=1.9995, sps=41.1]
BC[stage1_datasets_L40_stepsweep/bc_shift4_scale_0p8_1p2_steps10000_tr2]:  54%|█████▍    | 5375/10000 [02:10<01:40, 45.83it/s, acc=0.304, device=mps, eta=1m57s, loss=1.9995, sps=41.1]
BC[stage1_datasets_L40_stepsweep/bc_shift4_scale_0p8_1p2_steps10000_tr2]:  54%|█████▍    | 5381/10000 [02:10<02:09, 35.55it/s, acc=0.304, device=mps, eta=1m57s, loss=1.9995, sps=41.1]
BC[stage1_datasets_L40_stepsweep/bc_shift4_scale_0p8_1p2_steps10000_tr2]:  54%|█████▍    | 5389/10000 [02:10<01:47, 43.02it/s, acc=0.304, device=mps, eta=1m57s, loss=1.9995, sps=41.1]
BC[stage1_datasets_L40_stepsweep/bc_shift4_scale_0p8_1p2_steps10000_tr2]:  54%|█████▍    | 5397/10000 [02:11<01:32, 49.68it/s, acc=0.304, device=mps, eta=1m57s, loss=1.9995, sps=41.1]
BC[stage1_datasets_L40_stepsweep/bc_shift4_scale_0p8_1p2_steps10000_tr2]:  54%|█████▍    | 5397/10000 [02:11<01:32, 49.68it/s, acc=0.306, device=mps, eta=1m52s, loss=1.9836, sps=41.2]
BC[stage1_datasets_L40_stepsweep/bc_shift4_scale_0p8_1p2_steps10000_tr2]:  54%|█████▍    | 5404/10000 [02:11<02:01, 37.92it/s, acc=0.306, device=mps, eta=1m52s, loss=1.9836, sps=41.2]
BC[stage1_datasets_L40_stepsweep/bc_shift4_scale_0p8_1p2_steps10000_tr2]:  54%|█████▍    | 5412/10000 [02:11<01:42, 44.98it/s, acc=0.306, device=mps, eta=1m52s, loss=1.9836, sps=41.2]
BC[stage1_datasets_L40_stepsweep/bc_shift4_scale_0p8_1p2_steps10000_tr2]:  54%|█████▍    | 5420/10000 [02:11<01:27, 52.05it/s, acc=0.306, device=mps, eta=1m52s, loss=1.9836, sps=41.2]
BC[stage1_datasets_L40_stepsweep/bc_shift4_scale_0p8_1p2_steps10000_tr2]:  54%|█████▍    | 5427/10000 [02:11<01:57, 38.82it/s, acc=0.306, device=mps, eta=1m52s, loss=1.9836, sps=41.2]
BC[stage1_datasets_L40_stepsweep/bc_shift4_scale_0p8_1p2_steps10000_tr2]:  54%|█████▍    | 5435/10000 [02:11<01:39, 45.80it/s, acc=0.306, device=mps, eta=1m52s, loss=1.9836, sps=41.2]
BC[stage1_datasets_L40_stepsweep/bc_shift4_scale_0p8_1p2_steps10000_tr2]:  54%|█████▍    | 5441/10000 [02:12<02:08, 35.45it/s, acc=0.306, device=mps, eta=1m52s, loss=1.9836, sps=41.2]
BC[stage1_datasets_L40_stepsweep/bc_shift4_scale_0p8_1p2_steps10000_tr2]:  54%|█████▍    | 5449/10000 [02:12<01:46, 42.83it/s, acc=0.306, device=mps, eta=1m52s, loss=1.9836, sps=41.2]
BC[stage1_datasets_L40_stepsweep/bc_shift4_scale_0p8_1p2_steps10000_tr2]:  55%|█████▍    | 5457/10000 [02:12<01:31, 49.60it/s, acc=0.306, device=mps, eta=1m52s, loss=1.9836, sps=41.2]
BC[stage1_datasets_L40_stepsweep/bc_shift4_scale_0p8_1p2_steps10000_tr2]:  55%|█████▍    | 5464/10000 [02:12<01:59, 38.00it/s, acc=0.306, device=mps, eta=1m52s, loss=1.9836, sps=41.2]
BC[stage1_datasets_L40_stepsweep/bc_shift4_scale_0p8_1p2_steps10000_tr2]:  55%|█████▍    | 5472/10000 [02:12<01:40, 45.06it/s, acc=0.306, device=mps, eta=1m52s, loss=1.9836, sps=41.2]
BC[stage1_datasets_L40_stepsweep/bc_shift4_scale_0p8_1p2_steps10000_tr2]:  55%|█████▍    | 5480/10000 [02:12<01:26, 52.13it/s, acc=0.306, device=mps, eta=1m52s, loss=1.9836, sps=41.2]
BC[stage1_datasets_L40_stepsweep/bc_shift4_scale_0p8_1p2_steps10000_tr2]:  55%|█████▍    | 5487/10000 [02:13<01:56, 38.89it/s, acc=0.306, device=mps, eta=1m52s, loss=1.9836, sps=41.2]
BC[stage1_datasets_L40_stepsweep/bc_shift4_scale_0p8_1p2_steps10000_tr2]:  55%|█████▍    | 5495/10000 [02:13<01:37, 46.04it/s, acc=0.306, device=mps, eta=1m52s, loss=1.9836, sps=41.2]
BC[stage1_datasets_L40_stepsweep/bc_shift4_scale_0p8_1p2_steps10000_tr2]:  55%|█████▌    | 5501/10000 [02:13<02:04, 36.05it/s, acc=0.306, device=mps, eta=1m52s, loss=1.9836, sps=41.2]
BC[stage1_datasets_L40_stepsweep/bc_shift4_scale_0p8_1p2_steps10000_tr2]:  55%|█████▌    | 5509/10000 [02:13<01:43, 43.44it/s, acc=0.306, device=mps, eta=1m52s, loss=1.9836, sps=41.2]
BC[stage1_datasets_L40_stepsweep/bc_shift4_scale_0p8_1p2_steps10000_tr2]:  55%|█████▌    | 5517/10000 [02:13<01:28, 50.57it/s, acc=0.306, device=mps, eta=1m52s, loss=1.9836, sps=41.2]
BC[stage1_datasets_L40_stepsweep/bc_shift4_scale_0p8_1p2_steps10000_tr2]:  55%|█████▌    | 5524/10000 [02:14<01:57, 38.17it/s, acc=0.306, device=mps, eta=1m52s, loss=1.9836, sps=41.2]
BC[stage1_datasets_L40_stepsweep/bc_shift4_scale_0p8_1p2_steps10000_tr2]:  55%|█████▌    | 5530/10000 [02:14<01:47, 41.70it/s, acc=0.306, device=mps, eta=1m52s, loss=1.9836, sps=41.2]
BC[stage1_datasets_L40_stepsweep/bc_shift4_scale_0p8_1p2_steps10000_tr2]:  55%|█████▌    | 5536/10000 [02:14<01:38, 45.31it/s, acc=0.306, device=mps, eta=1m52s, loss=1.9836, sps=41.2]
BC[stage1_datasets_L40_stepsweep/bc_shift4_scale_0p8_1p2_steps10000_tr2]:  55%|█████▌    | 5542/10000 [02:14<02:12, 33.66it/s, acc=0.306, device=mps, eta=1m52s, loss=1.9836, sps=41.2]
BC[stage1_datasets_L40_stepsweep/bc_shift4_scale_0p8_1p2_steps10000_tr2]:  56%|█████▌    | 5550/10000 [02:14<01:46, 41.81it/s, acc=0.306, device=mps, eta=1m52s, loss=1.9836, sps=41.2]
BC[stage1_datasets_L40_stepsweep/bc_shift4_scale_0p8_1p2_steps10000_tr2]:  56%|█████▌    | 5558/10000 [02:14<01:29, 49.44it/s, acc=0.306, device=mps, eta=1m52s, loss=1.9836, sps=41.2]
BC[stage1_datasets_L40_stepsweep/bc_shift4_scale_0p8_1p2_steps10000_tr2]:  56%|█████▌    | 5565/10000 [02:15<01:56, 38.02it/s, acc=0.306, device=mps, eta=1m52s, loss=1.9836, sps=41.2]
BC[stage1_datasets_L40_stepsweep/bc_shift4_scale_0p8_1p2_steps10000_tr2]:  56%|█████▌    | 5573/10000 [02:15<01:37, 45.28it/s, acc=0.306, device=mps, eta=1m52s, loss=1.9836, sps=41.2]
BC[stage1_datasets_L40_stepsweep/bc_shift4_scale_0p8_1p2_steps10000_tr2]:  56%|█████▌    | 5581/10000 [02:15<02:00, 36.71it/s, acc=0.306, device=mps, eta=1m52s, loss=1.9836, sps=41.2]
BC[stage1_datasets_L40_stepsweep/bc_shift4_scale_0p8_1p2_steps10000_tr2]:  56%|█████▌    | 5589/10000 [02:15<01:40, 43.74it/s, acc=0.306, device=mps, eta=1m52s, loss=1.9836, sps=41.2]
BC[stage1_datasets_L40_stepsweep/bc_shift4_scale_0p8_1p2_steps10000_tr2]:  56%|█████▌    | 5597/10000 [02:15<01:27, 50.24it/s, acc=0.306, device=mps, eta=1m52s, loss=1.9836, sps=41.2]
BC[stage1_datasets_L40_stepsweep/bc_shift4_scale_0p8_1p2_steps10000_tr2]:  56%|█████▌    | 5597/10000 [02:15<01:27, 50.24it/s, acc=0.301, device=mps, eta=1m47s, loss=2.0039, sps=41.2]
BC[stage1_datasets_L40_stepsweep/bc_shift4_scale_0p8_1p2_steps10000_tr2]:  56%|█████▌    | 5604/10000 [02:16<01:54, 38.44it/s, acc=0.301, device=mps, eta=1m47s, loss=2.0039, sps=41.2]
BC[stage1_datasets_L40_stepsweep/bc_shift4_scale_0p8_1p2_steps10000_tr2]:  56%|█████▌    | 5612/10000 [02:16<01:36, 45.34it/s, acc=0.301, device=mps, eta=1m47s, loss=2.0039, sps=41.2]
BC[stage1_datasets_L40_stepsweep/bc_shift4_scale_0p8_1p2_steps10000_tr2]:  56%|█████▌    | 5620/10000 [02:16<01:23, 52.32it/s, acc=0.301, device=mps, eta=1m47s, loss=2.0039, sps=41.2]
BC[stage1_datasets_L40_stepsweep/bc_shift4_scale_0p8_1p2_steps10000_tr2]:  56%|█████▋    | 5627/10000 [02:16<01:52, 39.01it/s, acc=0.301, device=mps, eta=1m47s, loss=2.0039, sps=41.2]
BC[stage1_datasets_L40_stepsweep/bc_shift4_scale_0p8_1p2_steps10000_tr2]:  56%|█████▋    | 5635/10000 [02:16<01:34, 46.08it/s, acc=0.301, device=mps, eta=1m47s, loss=2.0039, sps=41.2]
BC[stage1_datasets_L40_stepsweep/bc_shift4_scale_0p8_1p2_steps10000_tr2]:  56%|█████▋    | 5641/10000 [02:16<02:02, 35.62it/s, acc=0.301, device=mps, eta=1m47s, loss=2.0039, sps=41.2]
BC[stage1_datasets_L40_stepsweep/bc_shift4_scale_0p8_1p2_steps10000_tr2]:  56%|█████▋    | 5649/10000 [02:17<01:43, 42.23it/s, acc=0.301, device=mps, eta=1m47s, loss=2.0039, sps=41.2]
BC[stage1_datasets_L40_stepsweep/bc_shift4_scale_0p8_1p2_steps10000_tr2]:  57%|█████▋    | 5655/10000 [02:17<01:36, 45.15it/s, acc=0.301, device=mps, eta=1m47s, loss=2.0039, sps=41.2]
BC[stage1_datasets_L40_stepsweep/bc_shift4_scale_0p8_1p2_steps10000_tr2]:  57%|█████▋    | 5661/10000 [02:17<02:07, 33.91it/s, acc=0.301, device=mps, eta=1m47s, loss=2.0039, sps=41.2]
BC[stage1_datasets_L40_stepsweep/bc_shift4_scale_0p8_1p2_steps10000_tr2]:  57%|█████▋    | 5669/10000 [02:17<01:43, 41.94it/s, acc=0.301, device=mps, eta=1m47s, loss=2.0039, sps=41.2]
BC[stage1_datasets_L40_stepsweep/bc_shift4_scale_0p8_1p2_steps10000_tr2]:  57%|█████▋    | 5677/10000 [02:17<01:28, 48.95it/s, acc=0.301, device=mps, eta=1m47s, loss=2.0039, sps=41.2]
BC[stage1_datasets_L40_stepsweep/bc_shift4_scale_0p8_1p2_steps10000_tr2]:  57%|█████▋    | 5684/10000 [02:18<01:56, 37.08it/s, acc=0.301, device=mps, eta=1m47s, loss=2.0039, sps=41.2]
BC[stage1_datasets_L40_stepsweep/bc_shift4_scale_0p8_1p2_steps10000_tr2]:  57%|█████▋    | 5690/10000 [02:18<01:45, 40.67it/s, acc=0.301, device=mps, eta=1m47s, loss=2.0039, sps=41.2]
BC[stage1_datasets_L40_stepsweep/bc_shift4_scale_0p8_1p2_steps10000_tr2]:  57%|█████▋    | 5697/10000 [02:18<01:34, 45.76it/s, acc=0.301, device=mps, eta=1m47s, loss=2.0039, sps=41.2]
BC[stage1_datasets_L40_stepsweep/bc_shift4_scale_0p8_1p2_steps10000_tr2]:  57%|█████▋    | 5703/10000 [02:18<02:03, 34.85it/s, acc=0.301, device=mps, eta=1m47s, loss=2.0039, sps=41.2]
BC[stage1_datasets_L40_stepsweep/bc_shift4_scale_0p8_1p2_steps10000_tr2]:  57%|█████▋    | 5711/10000 [02:18<01:39, 43.05it/s, acc=0.301, device=mps, eta=1m47s, loss=2.0039, sps=41.2]
BC[stage1_datasets_L40_stepsweep/bc_shift4_scale_0p8_1p2_steps10000_tr2]:  57%|█████▋    | 5720/10000 [02:18<01:21, 52.27it/s, acc=0.301, device=mps, eta=1m47s, loss=2.0039, sps=41.2]
BC[stage1_datasets_L40_stepsweep/bc_shift4_scale_0p8_1p2_steps10000_tr2]:  57%|█████▋    | 5727/10000 [02:19<01:49, 39.18it/s, acc=0.301, device=mps, eta=1m47s, loss=2.0039, sps=41.2]
BC[stage1_datasets_L40_stepsweep/bc_shift4_scale_0p8_1p2_steps10000_tr2]:  57%|█████▋    | 5735/10000 [02:19<01:31, 46.37it/s, acc=0.301, device=mps, eta=1m47s, loss=2.0039, sps=41.2]
BC[stage1_datasets_L40_stepsweep/bc_shift4_scale_0p8_1p2_steps10000_tr2]:  57%|█████▋    | 5741/10000 [02:19<01:57, 36.16it/s, acc=0.301, device=mps, eta=1m47s, loss=2.0039, sps=41.2]
BC[stage1_datasets_L40_stepsweep/bc_shift4_scale_0p8_1p2_steps10000_tr2]:  57%|█████▋    | 5749/10000 [02:19<01:37, 43.45it/s, acc=0.301, device=mps, eta=1m47s, loss=2.0039, sps=41.2]
BC[stage1_datasets_L40_stepsweep/bc_shift4_scale_0p8_1p2_steps10000_tr2]:  58%|█████▊    | 5757/10000 [02:19<01:24, 50.27it/s, acc=0.301, device=mps, eta=1m47s, loss=2.0039, sps=41.2]
BC[stage1_datasets_L40_stepsweep/bc_shift4_scale_0p8_1p2_steps10000_tr2]:  58%|█████▊    | 5764/10000 [02:19<01:50, 38.31it/s, acc=0.301, device=mps, eta=1m47s, loss=2.0039, sps=41.2]
BC[stage1_datasets_L40_stepsweep/bc_shift4_scale_0p8_1p2_steps10000_tr2]:  58%|█████▊    | 5772/10000 [02:19<01:33, 45.36it/s, acc=0.301, device=mps, eta=1m47s, loss=2.0039, sps=41.2]
BC[stage1_datasets_L40_stepsweep/bc_shift4_scale_0p8_1p2_steps10000_tr2]:  58%|█████▊    | 5780/10000 [02:20<01:20, 52.38it/s, acc=0.301, device=mps, eta=1m47s, loss=2.0039, sps=41.2]
BC[stage1_datasets_L40_stepsweep/bc_shift4_scale_0p8_1p2_steps10000_tr2]:  58%|█████▊    | 5787/10000 [02:20<01:48, 38.99it/s, acc=0.301, device=mps, eta=1m47s, loss=2.0039, sps=41.2]
BC[stage1_datasets_L40_stepsweep/bc_shift4_scale_0p8_1p2_steps10000_tr2]:  58%|█████▊    | 5795/10000 [02:20<01:31, 45.92it/s, acc=0.301, device=mps, eta=1m47s, loss=2.0039, sps=41.2]
BC[stage1_datasets_L40_stepsweep/bc_shift4_scale_0p8_1p2_steps10000_tr2]:  58%|█████▊    | 5795/10000 [02:20<01:31, 45.92it/s, acc=0.306, device=mps, eta=1m42s, loss=1.9945, sps=41.3]
BC[stage1_datasets_L40_stepsweep/bc_shift4_scale_0p8_1p2_steps10000_tr2]:  58%|█████▊    | 5801/10000 [02:20<01:58, 35.56it/s, acc=0.306, device=mps, eta=1m42s, loss=1.9945, sps=41.3]
BC[stage1_datasets_L40_stepsweep/bc_shift4_scale_0p8_1p2_steps10000_tr2]:  58%|█████▊    | 5809/10000 [02:20<01:37, 42.98it/s, acc=0.306, device=mps, eta=1m42s, loss=1.9945, sps=41.3]
BC[stage1_datasets_L40_stepsweep/bc_shift4_scale_0p8_1p2_steps10000_tr2]:  58%|█████▊    | 5817/10000 [02:20<01:24, 49.55it/s, acc=0.306, device=mps, eta=1m42s, loss=1.9945, sps=41.3]
BC[stage1_datasets_L40_stepsweep/bc_shift4_scale_0p8_1p2_steps10000_tr2]:  58%|█████▊    | 5824/10000 [02:21<01:49, 38.05it/s, acc=0.306, device=mps, eta=1m42s, loss=1.9945, sps=41.3]
BC[stage1_datasets_L40_stepsweep/bc_shift4_scale_0p8_1p2_steps10000_tr2]:  58%|█████▊    | 5832/10000 [02:21<01:32, 45.05it/s, acc=0.306, device=mps, eta=1m42s, loss=1.9945, sps=41.3]
BC[stage1_datasets_L40_stepsweep/bc_shift4_scale_0p8_1p2_steps10000_tr2]:  58%|█████▊    | 5840/10000 [02:21<01:20, 51.78it/s, acc=0.306, device=mps, eta=1m42s, loss=1.9945, sps=41.3]
BC[stage1_datasets_L40_stepsweep/bc_shift4_scale_0p8_1p2_steps10000_tr2]:  58%|█████▊    | 5847/10000 [02:21<01:46, 38.86it/s, acc=0.306, device=mps, eta=1m42s, loss=1.9945, sps=41.3]
BC[stage1_datasets_L40_stepsweep/bc_shift4_scale_0p8_1p2_steps10000_tr2]:  59%|█████▊    | 5855/10000 [02:21<01:29, 46.18it/s, acc=0.306, device=mps, eta=1m42s, loss=1.9945, sps=41.3]
BC[stage1_datasets_L40_stepsweep/bc_shift4_scale_0p8_1p2_steps10000_tr2]:  59%|█████▊    | 5861/10000 [02:22<01:54, 36.19it/s, acc=0.306, device=mps, eta=1m42s, loss=1.9945, sps=41.3]
BC[stage1_datasets_L40_stepsweep/bc_shift4_scale_0p8_1p2_steps10000_tr2]:  59%|█████▊    | 5869/10000 [02:22<01:34, 43.55it/s, acc=0.306, device=mps, eta=1m42s, loss=1.9945, sps=41.3]
BC[stage1_datasets_L40_stepsweep/bc_shift4_scale_0p8_1p2_steps10000_tr2]:  59%|█████▉    | 5877/10000 [02:22<01:22, 50.14it/s, acc=0.306, device=mps, eta=1m42s, loss=1.9945, sps=41.3]
BC[stage1_datasets_L40_stepsweep/bc_shift4_scale_0p8_1p2_steps10000_tr2]:  59%|█████▉    | 5884/10000 [02:22<01:47, 38.35it/s, acc=0.306, device=mps, eta=1m42s, loss=1.9945, sps=41.3]
BC[stage1_datasets_L40_stepsweep/bc_shift4_scale_0p8_1p2_steps10000_tr2]:  59%|█████▉    | 5892/10000 [02:22<01:30, 45.39it/s, acc=0.306, device=mps, eta=1m42s, loss=1.9945, sps=41.3]
BC[stage1_datasets_L40_stepsweep/bc_shift4_scale_0p8_1p2_steps10000_tr2]:  59%|█████▉    | 5900/10000 [02:22<01:18, 52.12it/s, acc=0.306, device=mps, eta=1m42s, loss=1.9945, sps=41.3]
BC[stage1_datasets_L40_stepsweep/bc_shift4_scale_0p8_1p2_steps10000_tr2]:  59%|█████▉    | 5907/10000 [02:23<01:45, 38.96it/s, acc=0.306, device=mps, eta=1m42s, loss=1.9945, sps=41.3]
BC[stage1_datasets_L40_stepsweep/bc_shift4_scale_0p8_1p2_steps10000_tr2]:  59%|█████▉    | 5915/10000 [02:23<01:28, 46.06it/s, acc=0.306, device=mps, eta=1m42s, loss=1.9945, sps=41.3]
BC[stage1_datasets_L40_stepsweep/bc_shift4_scale_0p8_1p2_steps10000_tr2]:  59%|█████▉    | 5921/10000 [02:23<01:54, 35.62it/s, acc=0.306, device=mps, eta=1m42s, loss=1.9945, sps=41.3]
BC[stage1_datasets_L40_stepsweep/bc_shift4_scale_0p8_1p2_steps10000_tr2]:  59%|█████▉    | 5929/10000 [02:23<01:34, 42.88it/s, acc=0.306, device=mps, eta=1m42s, loss=1.9945, sps=41.3]
BC[stage1_datasets_L40_stepsweep/bc_shift4_scale_0p8_1p2_steps10000_tr2]:  59%|█████▉    | 5935/10000 [02:23<01:29, 45.62it/s, acc=0.306, device=mps, eta=1m42s, loss=1.9945, sps=41.3]
BC[stage1_datasets_L40_stepsweep/bc_shift4_scale_0p8_1p2_steps10000_tr2]:  59%|█████▉    | 5941/10000 [02:24<01:57, 34.50it/s, acc=0.306, device=mps, eta=1m42s, loss=1.9945, sps=41.3]
BC[stage1_datasets_L40_stepsweep/bc_shift4_scale_0p8_1p2_steps10000_tr2]:  59%|█████▉    | 5949/10000 [02:24<01:35, 42.37it/s, acc=0.306, device=mps, eta=1m42s, loss=1.9945, sps=41.3]
BC[stage1_datasets_L40_stepsweep/bc_shift4_scale_0p8_1p2_steps10000_tr2]:  60%|█████▉    | 5957/10000 [02:24<01:21, 49.49it/s, acc=0.306, device=mps, eta=1m42s, loss=1.9945, sps=41.3]
BC[stage1_datasets_L40_stepsweep/bc_shift4_scale_0p8_1p2_steps10000_tr2]:  60%|█████▉    | 5964/10000 [02:24<01:46, 37.77it/s, acc=0.306, device=mps, eta=1m42s, loss=1.9945, sps=41.3]
BC[stage1_datasets_L40_stepsweep/bc_shift4_scale_0p8_1p2_steps10000_tr2]:  60%|█████▉    | 5972/10000 [02:24<01:29, 45.01it/s, acc=0.306, device=mps, eta=1m42s, loss=1.9945, sps=41.3]
BC[stage1_datasets_L40_stepsweep/bc_shift4_scale_0p8_1p2_steps10000_tr2]:  60%|█████▉    | 5980/10000 [02:24<01:17, 51.80it/s, acc=0.306, device=mps, eta=1m42s, loss=1.9945, sps=41.3]
BC[stage1_datasets_L40_stepsweep/bc_shift4_scale_0p8_1p2_steps10000_tr2]:  60%|█████▉    | 5987/10000 [02:25<01:43, 38.73it/s, acc=0.306, device=mps, eta=1m42s, loss=1.9945, sps=41.3]
BC[stage1_datasets_L40_stepsweep/bc_shift4_scale_0p8_1p2_steps10000_tr2]:  60%|█████▉    | 5995/10000 [02:25<01:27, 45.52it/s, acc=0.306, device=mps, eta=1m42s, loss=1.9945, sps=41.3]
BC[stage1_datasets_L40_stepsweep/bc_shift4_scale_0p8_1p2_steps10000_tr2]:  60%|█████▉    | 5995/10000 [02:25<01:27, 45.52it/s, acc=0.305, device=mps, eta=1m37s, loss=1.9844, sps=41.3]
BC[stage1_datasets_L40_stepsweep/bc_shift4_scale_0p8_1p2_steps10000_tr2]:  60%|██████    | 6001/10000 [02:25<01:52, 35.41it/s, acc=0.305, device=mps, eta=1m37s, loss=1.9844, sps=41.3]
BC[stage1_datasets_L40_stepsweep/bc_shift4_scale_0p8_1p2_steps10000_tr2]:  60%|██████    | 6009/10000 [02:25<01:33, 42.88it/s, acc=0.305, device=mps, eta=1m37s, loss=1.9844, sps=41.3]
BC[stage1_datasets_L40_stepsweep/bc_shift4_scale_0p8_1p2_steps10000_tr2]:  60%|██████    | 6017/10000 [02:25<01:20, 49.65it/s, acc=0.305, device=mps, eta=1m37s, loss=1.9844, sps=41.3]
BC[stage1_datasets_L40_stepsweep/bc_shift4_scale_0p8_1p2_steps10000_tr2]:  60%|██████    | 6024/10000 [02:25<01:44, 37.96it/s, acc=0.305, device=mps, eta=1m37s, loss=1.9844, sps=41.3]
BC[stage1_datasets_L40_stepsweep/bc_shift4_scale_0p8_1p2_steps10000_tr2]:  60%|██████    | 6032/10000 [02:26<01:28, 45.03it/s, acc=0.305, device=mps, eta=1m37s, loss=1.9844, sps=41.3]
BC[stage1_datasets_L40_stepsweep/bc_shift4_scale_0p8_1p2_steps10000_tr2]:  60%|██████    | 6040/10000 [02:26<01:16, 52.07it/s, acc=0.305, device=mps, eta=1m37s, loss=1.9844, sps=41.3]
BC[stage1_datasets_L40_stepsweep/bc_shift4_scale_0p8_1p2_steps10000_tr2]:  60%|██████    | 6047/10000 [02:26<01:41, 38.84it/s, acc=0.305, device=mps, eta=1m37s, loss=1.9844, sps=41.3]
BC[stage1_datasets_L40_stepsweep/bc_shift4_scale_0p8_1p2_steps10000_tr2]:  61%|██████    | 6055/10000 [02:26<01:26, 45.71it/s, acc=0.305, device=mps, eta=1m37s, loss=1.9844, sps=41.3]
BC[stage1_datasets_L40_stepsweep/bc_shift4_scale_0p8_1p2_steps10000_tr2]:  61%|██████    | 6061/10000 [02:26<01:51, 35.46it/s, acc=0.305, device=mps, eta=1m37s, loss=1.9844, sps=41.3]
BC[stage1_datasets_L40_stepsweep/bc_shift4_scale_0p8_1p2_steps10000_tr2]:  61%|██████    | 6069/10000 [02:26<01:31, 42.85it/s, acc=0.305, device=mps, eta=1m37s, loss=1.9844, sps=41.3]
BC[stage1_datasets_L40_stepsweep/bc_shift4_scale_0p8_1p2_steps10000_tr2]:  61%|██████    | 6077/10000 [02:27<01:19, 49.52it/s, acc=0.305, device=mps, eta=1m37s, loss=1.9844, sps=41.3]
BC[stage1_datasets_L40_stepsweep/bc_shift4_scale_0p8_1p2_steps10000_tr2]:  61%|██████    | 6084/10000 [02:27<01:42, 38.05it/s, acc=0.305, device=mps, eta=1m37s, loss=1.9844, sps=41.3]
BC[stage1_datasets_L40_stepsweep/bc_shift4_scale_0p8_1p2_steps10000_tr2]:  61%|██████    | 6092/10000 [02:27<01:26, 45.20it/s, acc=0.305, device=mps, eta=1m37s, loss=1.9844, sps=41.3]
BC[stage1_datasets_L40_stepsweep/bc_shift4_scale_0p8_1p2_steps10000_tr2]:  61%|██████    | 6100/10000 [02:27<01:14, 52.26it/s, acc=0.305, device=mps, eta=1m37s, loss=1.9844, sps=41.3]
BC[stage1_datasets_L40_stepsweep/bc_shift4_scale_0p8_1p2_steps10000_tr2]:  61%|██████    | 6107/10000 [02:27<01:46, 36.56it/s, acc=0.305, device=mps, eta=1m37s, loss=1.9844, sps=41.3]
BC[stage1_datasets_L40_stepsweep/bc_shift4_scale_0p8_1p2_steps10000_tr2]:  61%|██████    | 6113/10000 [02:28<01:35, 40.53it/s, acc=0.305, device=mps, eta=1m37s, loss=1.9844, sps=41.3]
BC[stage1_datasets_L40_stepsweep/bc_shift4_scale_0p8_1p2_steps10000_tr2]:  61%|██████    | 6120/10000 [02:28<01:23, 46.24it/s, acc=0.305, device=mps, eta=1m37s, loss=1.9844, sps=41.3]
BC[stage1_datasets_L40_stepsweep/bc_shift4_scale_0p8_1p2_steps10000_tr2]:  61%|██████▏   | 6126/10000 [02:28<01:50, 35.20it/s, acc=0.305, device=mps, eta=1m37s, loss=1.9844, sps=41.3]
BC[stage1_datasets_L40_stepsweep/bc_shift4_scale_0p8_1p2_steps10000_tr2]:  61%|██████▏   | 6134/10000 [02:28<01:30, 42.88it/s, acc=0.305, device=mps, eta=1m37s, loss=1.9844, sps=41.3]
BC[stage1_datasets_L40_stepsweep/bc_shift4_scale_0p8_1p2_steps10000_tr2]:  61%|██████▏   | 6141/10000 [02:28<01:51, 34.74it/s, acc=0.305, device=mps, eta=1m37s, loss=1.9844, sps=41.3]
BC[stage1_datasets_L40_stepsweep/bc_shift4_scale_0p8_1p2_steps10000_tr2]:  61%|██████▏   | 6147/10000 [02:28<01:40, 38.37it/s, acc=0.305, device=mps, eta=1m37s, loss=1.9844, sps=41.3]
BC[stage1_datasets_L40_stepsweep/bc_shift4_scale_0p8_1p2_steps10000_tr2]:  62%|██████▏   | 6153/10000 [02:29<01:31, 42.19it/s, acc=0.305, device=mps, eta=1m37s, loss=1.9844, sps=41.3]
BC[stage1_datasets_L40_stepsweep/bc_shift4_scale_0p8_1p2_steps10000_tr2]:  62%|██████▏   | 6160/10000 [02:29<01:21, 47.31it/s, acc=0.305, device=mps, eta=1m37s, loss=1.9844, sps=41.3]
BC[stage1_datasets_L40_stepsweep/bc_shift4_scale_0p8_1p2_steps10000_tr2]:  62%|██████▏   | 6166/10000 [02:29<01:49, 34.86it/s, acc=0.305, device=mps, eta=1m37s, loss=1.9844, sps=41.3]
BC[stage1_datasets_L40_stepsweep/bc_shift4_scale_0p8_1p2_steps10000_tr2]:  62%|██████▏   | 6174/10000 [02:29<01:29, 42.81it/s, acc=0.305, device=mps, eta=1m37s, loss=1.9844, sps=41.3]
BC[stage1_datasets_L40_stepsweep/bc_shift4_scale_0p8_1p2_steps10000_tr2]:  62%|██████▏   | 6181/10000 [02:29<01:51, 34.40it/s, acc=0.305, device=mps, eta=1m37s, loss=1.9844, sps=41.3]
BC[stage1_datasets_L40_stepsweep/bc_shift4_scale_0p8_1p2_steps10000_tr2]:  62%|██████▏   | 6189/10000 [02:29<01:30, 42.05it/s, acc=0.305, device=mps, eta=1m37s, loss=1.9844, sps=41.3]
BC[stage1_datasets_L40_stepsweep/bc_shift4_scale_0p8_1p2_steps10000_tr2]:  62%|██████▏   | 6197/10000 [02:30<01:18, 48.69it/s, acc=0.305, device=mps, eta=1m37s, loss=1.9844, sps=41.3]
BC[stage1_datasets_L40_stepsweep/bc_shift4_scale_0p8_1p2_steps10000_tr2]:  62%|██████▏   | 6197/10000 [02:30<01:18, 48.69it/s, acc=0.306, device=mps, eta=1m32s, loss=1.9859, sps=41.3]
BC[stage1_datasets_L40_stepsweep/bc_shift4_scale_0p8_1p2_steps10000_tr2]:  62%|██████▏   | 6203/10000 [02:30<01:43, 36.70it/s, acc=0.306, device=mps, eta=1m32s, loss=1.9859, sps=41.3]
BC[stage1_datasets_L40_stepsweep/bc_shift4_scale_0p8_1p2_steps10000_tr2]:  62%|██████▏   | 6211/10000 [02:30<01:25, 44.32it/s, acc=0.306, device=mps, eta=1m32s, loss=1.9859, sps=41.3]
BC[stage1_datasets_L40_stepsweep/bc_shift4_scale_0p8_1p2_steps10000_tr2]:  62%|██████▏   | 6219/10000 [02:30<01:13, 51.40it/s, acc=0.306, device=mps, eta=1m32s, loss=1.9859, sps=41.3]
BC[stage1_datasets_L40_stepsweep/bc_shift4_scale_0p8_1p2_steps10000_tr2]:  62%|██████▏   | 6226/10000 [02:30<01:36, 39.18it/s, acc=0.306, device=mps, eta=1m32s, loss=1.9859, sps=41.3]
BC[stage1_datasets_L40_stepsweep/bc_shift4_scale_0p8_1p2_steps10000_tr2]:  62%|██████▏   | 6234/10000 [02:30<01:21, 46.18it/s, acc=0.306, device=mps, eta=1m32s, loss=1.9859, sps=41.3]
BC[stage1_datasets_L40_stepsweep/bc_shift4_scale_0p8_1p2_steps10000_tr2]:  62%|██████▏   | 6241/10000 [02:31<01:42, 36.53it/s, acc=0.306, device=mps, eta=1m32s, loss=1.9859, sps=41.3]
BC[stage1_datasets_L40_stepsweep/bc_shift4_scale_0p8_1p2_steps10000_tr2]:  62%|██████▏   | 6249/10000 [02:31<01:25, 43.67it/s, acc=0.306, device=mps, eta=1m32s, loss=1.9859, sps=41.3]
BC[stage1_datasets_L40_stepsweep/bc_shift4_scale_0p8_1p2_steps10000_tr2]:  63%|██████▎   | 6257/10000 [02:31<01:14, 50.29it/s, acc=0.306, device=mps, eta=1m32s, loss=1.9859, sps=41.3]
BC[stage1_datasets_L40_stepsweep/bc_shift4_scale_0p8_1p2_steps10000_tr2]:  63%|██████▎   | 6264/10000 [02:31<01:37, 38.45it/s, acc=0.306, device=mps, eta=1m32s, loss=1.9859, sps=41.3]
BC[stage1_datasets_L40_stepsweep/bc_shift4_scale_0p8_1p2_steps10000_tr2]:  63%|██████▎   | 6272/10000 [02:31<01:22, 45.46it/s, acc=0.306, device=mps, eta=1m32s, loss=1.9859, sps=41.3]
BC[stage1_datasets_L40_stepsweep/bc_shift4_scale_0p8_1p2_steps10000_tr2]:  63%|██████▎   | 6280/10000 [02:31<01:11, 52.02it/s, acc=0.306, device=mps, eta=1m32s, loss=1.9859, sps=41.3]
BC[stage1_datasets_L40_stepsweep/bc_shift4_scale_0p8_1p2_steps10000_tr2]:  63%|██████▎   | 6287/10000 [02:32<01:35, 39.01it/s, acc=0.306, device=mps, eta=1m32s, loss=1.9859, sps=41.3]
BC[stage1_datasets_L40_stepsweep/bc_shift4_scale_0p8_1p2_steps10000_tr2]:  63%|██████▎   | 6295/10000 [02:32<01:20, 45.75it/s, acc=0.306, device=mps, eta=1m32s, loss=1.9859, sps=41.3]
BC[stage1_datasets_L40_stepsweep/bc_shift4_scale_0p8_1p2_steps10000_tr2]:  63%|██████▎   | 6301/10000 [02:32<01:44, 35.50it/s, acc=0.306, device=mps, eta=1m32s, loss=1.9859, sps=41.3]
BC[stage1_datasets_L40_stepsweep/bc_shift4_scale_0p8_1p2_steps10000_tr2]:  63%|██████▎   | 6309/10000 [02:32<01:26, 42.88it/s, acc=0.306, device=mps, eta=1m32s, loss=1.9859, sps=41.3]
BC[stage1_datasets_L40_stepsweep/bc_shift4_scale_0p8_1p2_steps10000_tr2]:  63%|██████▎   | 6317/10000 [02:32<01:14, 49.41it/s, acc=0.306, device=mps, eta=1m32s, loss=1.9859, sps=41.3]
BC[stage1_datasets_L40_stepsweep/bc_shift4_scale_0p8_1p2_steps10000_tr2]:  63%|██████▎   | 6324/10000 [02:33<01:36, 38.00it/s, acc=0.306, device=mps, eta=1m32s, loss=1.9859, sps=41.3]
BC[stage1_datasets_L40_stepsweep/bc_shift4_scale_0p8_1p2_steps10000_tr2]:  63%|██████▎   | 6332/10000 [02:33<01:21, 45.00it/s, acc=0.306, device=mps, eta=1m32s, loss=1.9859, sps=41.3]
BC[stage1_datasets_L40_stepsweep/bc_shift4_scale_0p8_1p2_steps10000_tr2]:  63%|██████▎   | 6340/10000 [02:33<01:10, 51.58it/s, acc=0.306, device=mps, eta=1m32s, loss=1.9859, sps=41.3]
BC[stage1_datasets_L40_stepsweep/bc_shift4_scale_0p8_1p2_steps10000_tr2]:  63%|██████▎   | 6347/10000 [02:33<01:33, 38.95it/s, acc=0.306, device=mps, eta=1m32s, loss=1.9859, sps=41.3]
BC[stage1_datasets_L40_stepsweep/bc_shift4_scale_0p8_1p2_steps10000_tr2]:  64%|██████▎   | 6355/10000 [02:33<01:19, 46.04it/s, acc=0.306, device=mps, eta=1m32s, loss=1.9859, sps=41.3]
BC[stage1_datasets_L40_stepsweep/bc_shift4_scale_0p8_1p2_steps10000_tr2]:  64%|██████▎   | 6361/10000 [02:33<01:42, 35.57it/s, acc=0.306, device=mps, eta=1m32s, loss=1.9859, sps=41.3]
BC[stage1_datasets_L40_stepsweep/bc_shift4_scale_0p8_1p2_steps10000_tr2]:  64%|██████▎   | 6367/10000 [02:34<01:33, 38.75it/s, acc=0.306, device=mps, eta=1m32s, loss=1.9859, sps=41.3]
BC[stage1_datasets_L40_stepsweep/bc_shift4_scale_0p8_1p2_steps10000_tr2]:  64%|██████▎   | 6374/10000 [02:34<01:22, 43.91it/s, acc=0.306, device=mps, eta=1m32s, loss=1.9859, sps=41.3]
BC[stage1_datasets_L40_stepsweep/bc_shift4_scale_0p8_1p2_steps10000_tr2]:  64%|██████▍   | 6381/10000 [02:34<01:45, 34.38it/s, acc=0.306, device=mps, eta=1m32s, loss=1.9859, sps=41.3]
BC[stage1_datasets_L40_stepsweep/bc_shift4_scale_0p8_1p2_steps10000_tr2]:  64%|██████▍   | 6388/10000 [02:34<01:29, 40.38it/s, acc=0.306, device=mps, eta=1m32s, loss=1.9859, sps=41.3]
BC[stage1_datasets_L40_stepsweep/bc_shift4_scale_0p8_1p2_steps10000_tr2]:  64%|██████▍   | 6394/10000 [02:34<01:23, 43.21it/s, acc=0.306, device=mps, eta=1m32s, loss=1.9859, sps=41.3]
BC[stage1_datasets_L40_stepsweep/bc_shift4_scale_0p8_1p2_steps10000_tr2]:  64%|██████▍   | 6394/10000 [02:34<01:23, 43.21it/s, acc=0.307, device=mps, eta=1m27s, loss=1.9853, sps=41.3]
BC[stage1_datasets_L40_stepsweep/bc_shift4_scale_0p8_1p2_steps10000_tr2]:  64%|██████▍   | 6401/10000 [02:35<01:46, 33.90it/s, acc=0.307, device=mps, eta=1m27s, loss=1.9853, sps=41.3]
BC[stage1_datasets_L40_stepsweep/bc_shift4_scale_0p8_1p2_steps10000_tr2]:  64%|██████▍   | 6409/10000 [02:35<01:26, 41.62it/s, acc=0.307, device=mps, eta=1m27s, loss=1.9853, sps=41.3]
BC[stage1_datasets_L40_stepsweep/bc_shift4_scale_0p8_1p2_steps10000_tr2]:  64%|██████▍   | 6417/10000 [02:35<01:13, 48.87it/s, acc=0.307, device=mps, eta=1m27s, loss=1.9853, sps=41.3]
BC[stage1_datasets_L40_stepsweep/bc_shift4_scale_0p8_1p2_steps10000_tr2]:  64%|██████▍   | 6423/10000 [02:35<01:37, 36.77it/s, acc=0.307, device=mps, eta=1m27s, loss=1.9853, sps=41.3]
BC[stage1_datasets_L40_stepsweep/bc_shift4_scale_0p8_1p2_steps10000_tr2]:  64%|██████▍   | 6431/10000 [02:35<01:20, 44.38it/s, acc=0.307, device=mps, eta=1m27s, loss=1.9853, sps=41.3]
BC[stage1_datasets_L40_stepsweep/bc_shift4_scale_0p8_1p2_steps10000_tr2]:  64%|██████▍   | 6439/10000 [02:35<01:08, 51.63it/s, acc=0.307, device=mps, eta=1m27s, loss=1.9853, sps=41.3]
BC[stage1_datasets_L40_stepsweep/bc_shift4_scale_0p8_1p2_steps10000_tr2]:  64%|██████▍   | 6446/10000 [02:36<01:32, 38.61it/s, acc=0.307, device=mps, eta=1m27s, loss=1.9853, sps=41.3]
BC[stage1_datasets_L40_stepsweep/bc_shift4_scale_0p8_1p2_steps10000_tr2]:  65%|██████▍   | 6452/10000 [02:36<01:23, 42.36it/s, acc=0.307, device=mps, eta=1m27s, loss=1.9853, sps=41.3]
BC[stage1_datasets_L40_stepsweep/bc_shift4_scale_0p8_1p2_steps10000_tr2]:  65%|██████▍   | 6458/10000 [02:36<01:17, 45.96it/s, acc=0.307, device=mps, eta=1m27s, loss=1.9853, sps=41.3]
BC[stage1_datasets_L40_stepsweep/bc_shift4_scale_0p8_1p2_steps10000_tr2]:  65%|██████▍   | 6464/10000 [02:36<01:43, 34.21it/s, acc=0.307, device=mps, eta=1m27s, loss=1.9853, sps=41.3]
BC[stage1_datasets_L40_stepsweep/bc_shift4_scale_0p8_1p2_steps10000_tr2]:  65%|██████▍   | 6472/10000 [02:36<01:23, 42.17it/s, acc=0.307, device=mps, eta=1m27s, loss=1.9853, sps=41.3]
BC[stage1_datasets_L40_stepsweep/bc_shift4_scale_0p8_1p2_steps10000_tr2]:  65%|██████▍   | 6480/10000 [02:36<01:10, 49.81it/s, acc=0.307, device=mps, eta=1m27s, loss=1.9853, sps=41.3]
BC[stage1_datasets_L40_stepsweep/bc_shift4_scale_0p8_1p2_steps10000_tr2]:  65%|██████▍   | 6487/10000 [02:37<01:33, 37.59it/s, acc=0.307, device=mps, eta=1m27s, loss=1.9853, sps=41.3]
BC[stage1_datasets_L40_stepsweep/bc_shift4_scale_0p8_1p2_steps10000_tr2]:  65%|██████▍   | 6495/10000 [02:37<01:18, 44.71it/s, acc=0.307, device=mps, eta=1m27s, loss=1.9853, sps=41.3]
BC[stage1_datasets_L40_stepsweep/bc_shift4_scale_0p8_1p2_steps10000_tr2]:  65%|██████▌   | 6501/10000 [02:37<01:40, 34.84it/s, acc=0.307, device=mps, eta=1m27s, loss=1.9853, sps=41.3]
BC[stage1_datasets_L40_stepsweep/bc_shift4_scale_0p8_1p2_steps10000_tr2]:  65%|██████▌   | 6509/10000 [02:37<01:22, 42.35it/s, acc=0.307, device=mps, eta=1m27s, loss=1.9853, sps=41.3]
BC[stage1_datasets_L40_stepsweep/bc_shift4_scale_0p8_1p2_steps10000_tr2]:  65%|██████▌   | 6517/10000 [02:37<01:10, 49.10it/s, acc=0.307, device=mps, eta=1m27s, loss=1.9853, sps=41.3]
BC[stage1_datasets_L40_stepsweep/bc_shift4_scale_0p8_1p2_steps10000_tr2]:  65%|██████▌   | 6524/10000 [02:37<01:32, 37.75it/s, acc=0.307, device=mps, eta=1m27s, loss=1.9853, sps=41.3]
BC[stage1_datasets_L40_stepsweep/bc_shift4_scale_0p8_1p2_steps10000_tr2]:  65%|██████▌   | 6532/10000 [02:38<01:17, 44.85it/s, acc=0.307, device=mps, eta=1m27s, loss=1.9853, sps=41.3]
BC[stage1_datasets_L40_stepsweep/bc_shift4_scale_0p8_1p2_steps10000_tr2]:  65%|██████▌   | 6540/10000 [02:38<01:07, 51.53it/s, acc=0.307, device=mps, eta=1m27s, loss=1.9853, sps=41.3]
BC[stage1_datasets_L40_stepsweep/bc_shift4_scale_0p8_1p2_steps10000_tr2]:  65%|██████▌   | 6547/10000 [02:38<01:29, 38.77it/s, acc=0.307, device=mps, eta=1m27s, loss=1.9853, sps=41.3]
BC[stage1_datasets_L40_stepsweep/bc_shift4_scale_0p8_1p2_steps10000_tr2]:  66%|██████▌   | 6555/10000 [02:38<01:15, 45.57it/s, acc=0.307, device=mps, eta=1m27s, loss=1.9853, sps=41.3]
BC[stage1_datasets_L40_stepsweep/bc_shift4_scale_0p8_1p2_steps10000_tr2]:  66%|██████▌   | 6561/10000 [02:38<01:37, 35.42it/s, acc=0.307, device=mps, eta=1m27s, loss=1.9853, sps=41.3]
BC[stage1_datasets_L40_stepsweep/bc_shift4_scale_0p8_1p2_steps10000_tr2]:  66%|██████▌   | 6569/10000 [02:38<01:20, 42.82it/s, acc=0.307, device=mps, eta=1m27s, loss=1.9853, sps=41.3]
BC[stage1_datasets_L40_stepsweep/bc_shift4_scale_0p8_1p2_steps10000_tr2]:  66%|██████▌   | 6577/10000 [02:39<01:08, 49.75it/s, acc=0.307, device=mps, eta=1m27s, loss=1.9853, sps=41.3]
BC[stage1_datasets_L40_stepsweep/bc_shift4_scale_0p8_1p2_steps10000_tr2]:  66%|██████▌   | 6584/10000 [02:39<01:29, 38.08it/s, acc=0.307, device=mps, eta=1m27s, loss=1.9853, sps=41.3]
BC[stage1_datasets_L40_stepsweep/bc_shift4_scale_0p8_1p2_steps10000_tr2]:  66%|██████▌   | 6592/10000 [02:39<01:15, 45.12it/s, acc=0.307, device=mps, eta=1m27s, loss=1.9853, sps=41.3]
BC[stage1_datasets_L40_stepsweep/bc_shift4_scale_0p8_1p2_steps10000_tr2]:  66%|██████▌   | 6592/10000 [02:39<01:15, 45.12it/s, acc=0.308, device=mps, eta=1m22s, loss=1.9799, sps=41.4]
BC[stage1_datasets_L40_stepsweep/bc_shift4_scale_0p8_1p2_steps10000_tr2]:  66%|██████▌   | 6600/10000 [02:39<01:05, 51.79it/s, acc=0.308, device=mps, eta=1m22s, loss=1.9799, sps=41.4]
BC[stage1_datasets_L40_stepsweep/bc_shift4_scale_0p8_1p2_steps10000_tr2]:  66%|██████▌   | 6607/10000 [02:39<01:27, 38.84it/s, acc=0.308, device=mps, eta=1m22s, loss=1.9799, sps=41.4]
BC[stage1_datasets_L40_stepsweep/bc_shift4_scale_0p8_1p2_steps10000_tr2]:  66%|██████▌   | 6615/10000 [02:39<01:13, 45.91it/s, acc=0.308, device=mps, eta=1m22s, loss=1.9799, sps=41.4]
BC[stage1_datasets_L40_stepsweep/bc_shift4_scale_0p8_1p2_steps10000_tr2]:  66%|██████▌   | 6621/10000 [02:40<01:35, 35.53it/s, acc=0.308, device=mps, eta=1m22s, loss=1.9799, sps=41.4]
BC[stage1_datasets_L40_stepsweep/bc_shift4_scale_0p8_1p2_steps10000_tr2]:  66%|██████▋   | 6628/10000 [02:40<01:23, 40.39it/s, acc=0.308, device=mps, eta=1m22s, loss=1.9799, sps=41.4]
BC[stage1_datasets_L40_stepsweep/bc_shift4_scale_0p8_1p2_steps10000_tr2]:  66%|██████▋   | 6635/10000 [02:40<01:14, 45.13it/s, acc=0.308, device=mps, eta=1m22s, loss=1.9799, sps=41.4]
BC[stage1_datasets_L40_stepsweep/bc_shift4_scale_0p8_1p2_steps10000_tr2]:  66%|██████▋   | 6641/10000 [02:40<01:37, 34.37it/s, acc=0.308, device=mps, eta=1m22s, loss=1.9799, sps=41.4]
BC[stage1_datasets_L40_stepsweep/bc_shift4_scale_0p8_1p2_steps10000_tr2]:  66%|██████▋   | 6649/10000 [02:40<01:19, 42.06it/s, acc=0.308, device=mps, eta=1m22s, loss=1.9799, sps=41.4]
BC[stage1_datasets_L40_stepsweep/bc_shift4_scale_0p8_1p2_steps10000_tr2]:  67%|██████▋   | 6657/10000 [02:40<01:08, 49.05it/s, acc=0.308, device=mps, eta=1m22s, loss=1.9799, sps=41.4]
BC[stage1_datasets_L40_stepsweep/bc_shift4_scale_0p8_1p2_steps10000_tr2]:  67%|██████▋   | 6664/10000 [02:41<01:28, 37.58it/s, acc=0.308, device=mps, eta=1m22s, loss=1.9799, sps=41.4]
BC[stage1_datasets_L40_stepsweep/bc_shift4_scale_0p8_1p2_steps10000_tr2]:  67%|██████▋   | 6672/10000 [02:41<01:14, 44.66it/s, acc=0.308, device=mps, eta=1m22s, loss=1.9799, sps=41.4]
BC[stage1_datasets_L40_stepsweep/bc_shift4_scale_0p8_1p2_steps10000_tr2]:  67%|██████▋   | 6680/10000 [02:41<01:04, 51.37it/s, acc=0.308, device=mps, eta=1m22s, loss=1.9799, sps=41.4]
BC[stage1_datasets_L40_stepsweep/bc_shift4_scale_0p8_1p2_steps10000_tr2]:  67%|██████▋   | 6687/10000 [02:41<01:25, 38.72it/s, acc=0.308, device=mps, eta=1m22s, loss=1.9799, sps=41.4]
BC[stage1_datasets_L40_stepsweep/bc_shift4_scale_0p8_1p2_steps10000_tr2]:  67%|██████▋   | 6695/10000 [02:41<01:12, 45.82it/s, acc=0.308, device=mps, eta=1m22s, loss=1.9799, sps=41.4]
BC[stage1_datasets_L40_stepsweep/bc_shift4_scale_0p8_1p2_steps10000_tr2]:  67%|██████▋   | 6701/10000 [02:42<01:32, 35.54it/s, acc=0.308, device=mps, eta=1m22s, loss=1.9799, sps=41.4]
BC[stage1_datasets_L40_stepsweep/bc_shift4_scale_0p8_1p2_steps10000_tr2]:  67%|██████▋   | 6709/10000 [02:42<01:16, 42.96it/s, acc=0.308, device=mps, eta=1m22s, loss=1.9799, sps=41.4]
BC[stage1_datasets_L40_stepsweep/bc_shift4_scale_0p8_1p2_steps10000_tr2]:  67%|██████▋   | 6717/10000 [02:42<01:06, 49.72it/s, acc=0.308, device=mps, eta=1m22s, loss=1.9799, sps=41.4]
BC[stage1_datasets_L40_stepsweep/bc_shift4_scale_0p8_1p2_steps10000_tr2]:  67%|██████▋   | 6724/10000 [02:42<01:26, 37.97it/s, acc=0.308, device=mps, eta=1m22s, loss=1.9799, sps=41.4]
BC[stage1_datasets_L40_stepsweep/bc_shift4_scale_0p8_1p2_steps10000_tr2]:  67%|██████▋   | 6732/10000 [02:42<01:12, 45.12it/s, acc=0.308, device=mps, eta=1m22s, loss=1.9799, sps=41.4]
BC[stage1_datasets_L40_stepsweep/bc_shift4_scale_0p8_1p2_steps10000_tr2]:  67%|██████▋   | 6740/10000 [02:42<01:02, 51.89it/s, acc=0.308, device=mps, eta=1m22s, loss=1.9799, sps=41.4]
BC[stage1_datasets_L40_stepsweep/bc_shift4_scale_0p8_1p2_steps10000_tr2]:  67%|██████▋   | 6747/10000 [02:43<01:23, 38.80it/s, acc=0.308, device=mps, eta=1m22s, loss=1.9799, sps=41.4]
BC[stage1_datasets_L40_stepsweep/bc_shift4_scale_0p8_1p2_steps10000_tr2]:  68%|██████▊   | 6755/10000 [02:43<01:10, 45.88it/s, acc=0.308, device=mps, eta=1m22s, loss=1.9799, sps=41.4]
BC[stage1_datasets_L40_stepsweep/bc_shift4_scale_0p8_1p2_steps10000_tr2]:  68%|██████▊   | 6761/10000 [02:43<01:29, 36.15it/s, acc=0.308, device=mps, eta=1m22s, loss=1.9799, sps=41.4]
BC[stage1_datasets_L40_stepsweep/bc_shift4_scale_0p8_1p2_steps10000_tr2]:  68%|██████▊   | 6767/10000 [02:43<01:20, 40.33it/s, acc=0.308, device=mps, eta=1m22s, loss=1.9799, sps=41.4]
BC[stage1_datasets_L40_stepsweep/bc_shift4_scale_0p8_1p2_steps10000_tr2]:  68%|██████▊   | 6773/10000 [02:43<01:13, 43.64it/s, acc=0.308, device=mps, eta=1m22s, loss=1.9799, sps=41.4]
BC[stage1_datasets_L40_stepsweep/bc_shift4_scale_0p8_1p2_steps10000_tr2]:  68%|██████▊   | 6779/10000 [02:43<01:08, 46.98it/s, acc=0.308, device=mps, eta=1m22s, loss=1.9799, sps=41.4]
BC[stage1_datasets_L40_stepsweep/bc_shift4_scale_0p8_1p2_steps10000_tr2]:  68%|██████▊   | 6785/10000 [02:44<01:33, 34.32it/s, acc=0.308, device=mps, eta=1m22s, loss=1.9799, sps=41.4]
BC[stage1_datasets_L40_stepsweep/bc_shift4_scale_0p8_1p2_steps10000_tr2]:  68%|██████▊   | 6791/10000 [02:44<01:23, 38.53it/s, acc=0.308, device=mps, eta=1m22s, loss=1.9799, sps=41.4]
BC[stage1_datasets_L40_stepsweep/bc_shift4_scale_0p8_1p2_steps10000_tr2]:  68%|██████▊   | 6798/10000 [02:44<01:12, 44.38it/s, acc=0.308, device=mps, eta=1m22s, loss=1.9799, sps=41.4]
BC[stage1_datasets_L40_stepsweep/bc_shift4_scale_0p8_1p2_steps10000_tr2]:  68%|██████▊   | 6798/10000 [02:44<01:12, 44.38it/s, acc=0.309, device=mps, eta=1m17s, loss=1.9859, sps=41.4]
BC[stage1_datasets_L40_stepsweep/bc_shift4_scale_0p8_1p2_steps10000_tr2]:  68%|██████▊   | 6804/10000 [02:44<01:34, 33.83it/s, acc=0.309, device=mps, eta=1m17s, loss=1.9859, sps=41.4]
BC[stage1_datasets_L40_stepsweep/bc_shift4_scale_0p8_1p2_steps10000_tr2]:  68%|██████▊   | 6812/10000 [02:44<01:15, 41.95it/s, acc=0.309, device=mps, eta=1m17s, loss=1.9859, sps=41.4]
BC[stage1_datasets_L40_stepsweep/bc_shift4_scale_0p8_1p2_steps10000_tr2]:  68%|██████▊   | 6820/10000 [02:44<01:03, 49.81it/s, acc=0.309, device=mps, eta=1m17s, loss=1.9859, sps=41.4]
BC[stage1_datasets_L40_stepsweep/bc_shift4_scale_0p8_1p2_steps10000_tr2]:  68%|██████▊   | 6827/10000 [02:45<01:24, 37.49it/s, acc=0.309, device=mps, eta=1m17s, loss=1.9859, sps=41.4]
BC[stage1_datasets_L40_stepsweep/bc_shift4_scale_0p8_1p2_steps10000_tr2]:  68%|██████▊   | 6835/10000 [02:45<01:10, 44.69it/s, acc=0.309, device=mps, eta=1m17s, loss=1.9859, sps=41.4]
BC[stage1_datasets_L40_stepsweep/bc_shift4_scale_0p8_1p2_steps10000_tr2]:  68%|██████▊   | 6841/10000 [02:45<01:30, 34.84it/s, acc=0.309, device=mps, eta=1m17s, loss=1.9859, sps=41.4]
BC[stage1_datasets_L40_stepsweep/bc_shift4_scale_0p8_1p2_steps10000_tr2]:  68%|██████▊   | 6849/10000 [02:45<01:14, 42.40it/s, acc=0.309, device=mps, eta=1m17s, loss=1.9859, sps=41.4]
BC[stage1_datasets_L40_stepsweep/bc_shift4_scale_0p8_1p2_steps10000_tr2]:  69%|██████▊   | 6857/10000 [02:45<01:03, 49.14it/s, acc=0.309, device=mps, eta=1m17s, loss=1.9859, sps=41.4]
BC[stage1_datasets_L40_stepsweep/bc_shift4_scale_0p8_1p2_steps10000_tr2]:  69%|██████▊   | 6864/10000 [02:46<01:23, 37.71it/s, acc=0.309, device=mps, eta=1m17s, loss=1.9859, sps=41.4]
BC[stage1_datasets_L40_stepsweep/bc_shift4_scale_0p8_1p2_steps10000_tr2]:  69%|██████▊   | 6872/10000 [02:46<01:09, 44.80it/s, acc=0.309, device=mps, eta=1m17s, loss=1.9859, sps=41.4]
BC[stage1_datasets_L40_stepsweep/bc_shift4_scale_0p8_1p2_steps10000_tr2]:  69%|██████▉   | 6880/10000 [02:46<01:00, 51.34it/s, acc=0.309, device=mps, eta=1m17s, loss=1.9859, sps=41.4]
BC[stage1_datasets_L40_stepsweep/bc_shift4_scale_0p8_1p2_steps10000_tr2]:  69%|██████▉   | 6887/10000 [02:46<01:20, 38.74it/s, acc=0.309, device=mps, eta=1m17s, loss=1.9859, sps=41.4]
BC[stage1_datasets_L40_stepsweep/bc_shift4_scale_0p8_1p2_steps10000_tr2]:  69%|██████▉   | 6895/10000 [02:46<01:07, 45.84it/s, acc=0.309, device=mps, eta=1m17s, loss=1.9859, sps=41.4]
BC[stage1_datasets_L40_stepsweep/bc_shift4_scale_0p8_1p2_steps10000_tr2]:  69%|██████▉   | 6901/10000 [02:46<01:26, 35.95it/s, acc=0.309, device=mps, eta=1m17s, loss=1.9859, sps=41.4]
BC[stage1_datasets_L40_stepsweep/bc_shift4_scale_0p8_1p2_steps10000_tr2]:  69%|██████▉   | 6908/10000 [02:47<01:16, 40.55it/s, acc=0.309, device=mps, eta=1m17s, loss=1.9859, sps=41.4]
BC[stage1_datasets_L40_stepsweep/bc_shift4_scale_0p8_1p2_steps10000_tr2]:  69%|██████▉   | 6914/10000 [02:47<01:12, 42.72it/s, acc=0.309, device=mps, eta=1m17s, loss=1.9859, sps=41.4]
BC[stage1_datasets_L40_stepsweep/bc_shift4_scale_0p8_1p2_steps10000_tr2]:  69%|██████▉   | 6921/10000 [02:47<01:32, 33.13it/s, acc=0.309, device=mps, eta=1m17s, loss=1.9859, sps=41.4]
BC[stage1_datasets_L40_stepsweep/bc_shift4_scale_0p8_1p2_steps10000_tr2]:  69%|██████▉   | 6929/10000 [02:47<01:15, 40.78it/s, acc=0.309, device=mps, eta=1m17s, loss=1.9859, sps=41.4]
BC[stage1_datasets_L40_stepsweep/bc_shift4_scale_0p8_1p2_steps10000_tr2]:  69%|██████▉   | 6937/10000 [02:47<01:04, 47.76it/s, acc=0.309, device=mps, eta=1m17s, loss=1.9859, sps=41.4]
BC[stage1_datasets_L40_stepsweep/bc_shift4_scale_0p8_1p2_steps10000_tr2]:  69%|██████▉   | 6943/10000 [02:47<01:24, 36.29it/s, acc=0.309, device=mps, eta=1m17s, loss=1.9859, sps=41.4]
BC[stage1_datasets_L40_stepsweep/bc_shift4_scale_0p8_1p2_steps10000_tr2]:  70%|██████▉   | 6951/10000 [02:48<01:09, 43.97it/s, acc=0.309, device=mps, eta=1m17s, loss=1.9859, sps=41.4]
BC[stage1_datasets_L40_stepsweep/bc_shift4_scale_0p8_1p2_steps10000_tr2]:  70%|██████▉   | 6959/10000 [02:48<00:59, 51.12it/s, acc=0.309, device=mps, eta=1m17s, loss=1.9859, sps=41.4]
BC[stage1_datasets_L40_stepsweep/bc_shift4_scale_0p8_1p2_steps10000_tr2]:  70%|██████▉   | 6966/10000 [02:48<01:17, 39.03it/s, acc=0.309, device=mps, eta=1m17s, loss=1.9859, sps=41.4]
BC[stage1_datasets_L40_stepsweep/bc_shift4_scale_0p8_1p2_steps10000_tr2]:  70%|██████▉   | 6974/10000 [02:48<01:05, 46.06it/s, acc=0.309, device=mps, eta=1m17s, loss=1.9859, sps=41.4]
BC[stage1_datasets_L40_stepsweep/bc_shift4_scale_0p8_1p2_steps10000_tr2]:  70%|██████▉   | 6981/10000 [02:48<01:22, 36.41it/s, acc=0.309, device=mps, eta=1m17s, loss=1.9859, sps=41.4]
BC[stage1_datasets_L40_stepsweep/bc_shift4_scale_0p8_1p2_steps10000_tr2]:  70%|██████▉   | 6989/10000 [02:48<01:09, 43.62it/s, acc=0.309, device=mps, eta=1m17s, loss=1.9859, sps=41.4]
BC[stage1_datasets_L40_stepsweep/bc_shift4_scale_0p8_1p2_steps10000_tr2]:  70%|██████▉   | 6997/10000 [02:49<00:59, 50.14it/s, acc=0.309, device=mps, eta=1m17s, loss=1.9859, sps=41.4]
BC[stage1_datasets_L40_stepsweep/bc_shift4_scale_0p8_1p2_steps10000_tr2]:  70%|██████▉   | 6997/10000 [02:49<00:59, 50.14it/s, acc=0.312, device=mps, eta=1m12s, loss=1.9760, sps=41.4]
BC[stage1_datasets_L40_stepsweep/bc_shift4_scale_0p8_1p2_steps10000_tr2]:  70%|███████   | 7004/10000 [02:49<01:18, 38.31it/s, acc=0.312, device=mps, eta=1m12s, loss=1.9760, sps=41.4]
BC[stage1_datasets_L40_stepsweep/bc_shift4_scale_0p8_1p2_steps10000_tr2]:  70%|███████   | 7012/10000 [02:49<01:05, 45.33it/s, acc=0.312, device=mps, eta=1m12s, loss=1.9760, sps=41.4]
BC[stage1_datasets_L40_stepsweep/bc_shift4_scale_0p8_1p2_steps10000_tr2]:  70%|███████   | 7020/10000 [02:49<00:57, 52.22it/s, acc=0.312, device=mps, eta=1m12s, loss=1.9760, sps=41.4]
BC[stage1_datasets_L40_stepsweep/bc_shift4_scale_0p8_1p2_steps10000_tr2]:  70%|███████   | 7027/10000 [02:49<01:16, 38.99it/s, acc=0.312, device=mps, eta=1m12s, loss=1.9760, sps=41.4]
BC[stage1_datasets_L40_stepsweep/bc_shift4_scale_0p8_1p2_steps10000_tr2]:  70%|███████   | 7035/10000 [02:49<01:04, 45.96it/s, acc=0.312, device=mps, eta=1m12s, loss=1.9760, sps=41.4]
BC[stage1_datasets_L40_stepsweep/bc_shift4_scale_0p8_1p2_steps10000_tr2]:  70%|███████   | 7041/10000 [02:50<01:23, 35.56it/s, acc=0.312, device=mps, eta=1m12s, loss=1.9760, sps=41.4]
BC[stage1_datasets_L40_stepsweep/bc_shift4_scale_0p8_1p2_steps10000_tr2]:  70%|███████   | 7049/10000 [02:50<01:08, 42.96it/s, acc=0.312, device=mps, eta=1m12s, loss=1.9760, sps=41.4]
BC[stage1_datasets_L40_stepsweep/bc_shift4_scale_0p8_1p2_steps10000_tr2]:  71%|███████   | 7057/10000 [02:50<00:59, 49.68it/s, acc=0.312, device=mps, eta=1m12s, loss=1.9760, sps=41.4]
BC[stage1_datasets_L40_stepsweep/bc_shift4_scale_0p8_1p2_steps10000_tr2]:  71%|███████   | 7064/10000 [02:50<01:17, 37.97it/s, acc=0.312, device=mps, eta=1m12s, loss=1.9760, sps=41.4]
BC[stage1_datasets_L40_stepsweep/bc_shift4_scale_0p8_1p2_steps10000_tr2]:  71%|███████   | 7070/10000 [02:50<01:11, 40.91it/s, acc=0.312, device=mps, eta=1m12s, loss=1.9760, sps=41.4]
BC[stage1_datasets_L40_stepsweep/bc_shift4_scale_0p8_1p2_steps10000_tr2]:  71%|███████   | 7076/10000 [02:50<01:06, 43.67it/s, acc=0.312, device=mps, eta=1m12s, loss=1.9760, sps=41.4]
BC[stage1_datasets_L40_stepsweep/bc_shift4_scale_0p8_1p2_steps10000_tr2]:  71%|███████   | 7082/10000 [02:51<01:28, 32.98it/s, acc=0.312, device=mps, eta=1m12s, loss=1.9760, sps=41.4]
BC[stage1_datasets_L40_stepsweep/bc_shift4_scale_0p8_1p2_steps10000_tr2]:  71%|███████   | 7090/10000 [02:51<01:10, 41.07it/s, acc=0.312, device=mps, eta=1m12s, loss=1.9760, sps=41.4]
BC[stage1_datasets_L40_stepsweep/bc_shift4_scale_0p8_1p2_steps10000_tr2]:  71%|███████   | 7098/10000 [02:51<00:59, 48.56it/s, acc=0.312, device=mps, eta=1m12s, loss=1.9760, sps=41.4]
BC[stage1_datasets_L40_stepsweep/bc_shift4_scale_0p8_1p2_steps10000_tr2]:  71%|███████   | 7104/10000 [02:51<01:18, 36.97it/s, acc=0.312, device=mps, eta=1m12s, loss=1.9760, sps=41.4]
BC[stage1_datasets_L40_stepsweep/bc_shift4_scale_0p8_1p2_steps10000_tr2]:  71%|███████   | 7112/10000 [02:51<01:04, 44.57it/s, acc=0.312, device=mps, eta=1m12s, loss=1.9760, sps=41.4]
BC[stage1_datasets_L40_stepsweep/bc_shift4_scale_0p8_1p2_steps10000_tr2]:  71%|███████   | 7121/10000 [02:52<01:17, 37.13it/s, acc=0.312, device=mps, eta=1m12s, loss=1.9760, sps=41.4]
BC[stage1_datasets_L40_stepsweep/bc_shift4_scale_0p8_1p2_steps10000_tr2]:  71%|███████▏  | 7129/10000 [02:52<01:05, 44.06it/s, acc=0.312, device=mps, eta=1m12s, loss=1.9760, sps=41.4]
BC[stage1_datasets_L40_stepsweep/bc_shift4_scale_0p8_1p2_steps10000_tr2]:  71%|███████▏  | 7137/10000 [02:52<00:56, 50.34it/s, acc=0.312, device=mps, eta=1m12s, loss=1.9760, sps=41.4]
BC[stage1_datasets_L40_stepsweep/bc_shift4_scale_0p8_1p2_steps10000_tr2]:  71%|███████▏  | 7144/10000 [02:52<01:14, 38.48it/s, acc=0.312, device=mps, eta=1m12s, loss=1.9760, sps=41.4]
BC[stage1_datasets_L40_stepsweep/bc_shift4_scale_0p8_1p2_steps10000_tr2]:  72%|███████▏  | 7152/10000 [02:52<01:02, 45.44it/s, acc=0.312, device=mps, eta=1m12s, loss=1.9760, sps=41.4]
BC[stage1_datasets_L40_stepsweep/bc_shift4_scale_0p8_1p2_steps10000_tr2]:  72%|███████▏  | 7160/10000 [02:52<00:54, 52.16it/s, acc=0.312, device=mps, eta=1m12s, loss=1.9760, sps=41.4]
BC[stage1_datasets_L40_stepsweep/bc_shift4_scale_0p8_1p2_steps10000_tr2]:  72%|███████▏  | 7167/10000 [02:53<01:12, 39.08it/s, acc=0.312, device=mps, eta=1m12s, loss=1.9760, sps=41.4]
BC[stage1_datasets_L40_stepsweep/bc_shift4_scale_0p8_1p2_steps10000_tr2]:  72%|███████▏  | 7175/10000 [02:53<01:01, 46.06it/s, acc=0.312, device=mps, eta=1m12s, loss=1.9760, sps=41.4]
BC[stage1_datasets_L40_stepsweep/bc_shift4_scale_0p8_1p2_steps10000_tr2]:  72%|███████▏  | 7181/10000 [02:53<01:19, 35.57it/s, acc=0.312, device=mps, eta=1m12s, loss=1.9760, sps=41.4]
BC[stage1_datasets_L40_stepsweep/bc_shift4_scale_0p8_1p2_steps10000_tr2]:  72%|███████▏  | 7187/10000 [02:53<01:12, 38.81it/s, acc=0.312, device=mps, eta=1m12s, loss=1.9760, sps=41.4]
BC[stage1_datasets_L40_stepsweep/bc_shift4_scale_0p8_1p2_steps10000_tr2]:  72%|███████▏  | 7193/10000 [02:53<01:06, 42.36it/s, acc=0.312, device=mps, eta=1m12s, loss=1.9760, sps=41.4]
BC[stage1_datasets_L40_stepsweep/bc_shift4_scale_0p8_1p2_steps10000_tr2]:  72%|███████▏  | 7193/10000 [02:53<01:06, 42.36it/s, acc=0.308, device=mps, eta=1m08s, loss=1.9791, sps=41.4]
BC[stage1_datasets_L40_stepsweep/bc_shift4_scale_0p8_1p2_steps10000_tr2]:  72%|███████▏  | 7200/10000 [02:53<00:58, 47.55it/s, acc=0.308, device=mps, eta=1m08s, loss=1.9791, sps=41.4]
BC[stage1_datasets_L40_stepsweep/bc_shift4_scale_0p8_1p2_steps10000_tr2]:  72%|███████▏  | 7206/10000 [02:54<01:19, 35.25it/s, acc=0.308, device=mps, eta=1m08s, loss=1.9791, sps=41.4]
BC[stage1_datasets_L40_stepsweep/bc_shift4_scale_0p8_1p2_steps10000_tr2]:  72%|███████▏  | 7214/10000 [02:54<01:04, 43.02it/s, acc=0.308, device=mps, eta=1m08s, loss=1.9791, sps=41.4]
BC[stage1_datasets_L40_stepsweep/bc_shift4_scale_0p8_1p2_steps10000_tr2]:  72%|███████▏  | 7221/10000 [02:54<01:20, 34.57it/s, acc=0.308, device=mps, eta=1m08s, loss=1.9791, sps=41.4]
BC[stage1_datasets_L40_stepsweep/bc_shift4_scale_0p8_1p2_steps10000_tr2]:  72%|███████▏  | 7229/10000 [02:54<01:05, 42.22it/s, acc=0.308, device=mps, eta=1m08s, loss=1.9791, sps=41.4]
BC[stage1_datasets_L40_stepsweep/bc_shift4_scale_0p8_1p2_steps10000_tr2]:  72%|███████▏  | 7237/10000 [02:54<00:56, 49.30it/s, acc=0.308, device=mps, eta=1m08s, loss=1.9791, sps=41.4]
BC[stage1_datasets_L40_stepsweep/bc_shift4_scale_0p8_1p2_steps10000_tr2]:  72%|███████▏  | 7244/10000 [02:55<01:15, 36.74it/s, acc=0.308, device=mps, eta=1m08s, loss=1.9791, sps=41.4]
BC[stage1_datasets_L40_stepsweep/bc_shift4_scale_0p8_1p2_steps10000_tr2]:  72%|███████▎  | 7250/10000 [02:55<01:08, 40.16it/s, acc=0.308, device=mps, eta=1m08s, loss=1.9791, sps=41.4]
BC[stage1_datasets_L40_stepsweep/bc_shift4_scale_0p8_1p2_steps10000_tr2]:  73%|███████▎  | 7257/10000 [02:55<00:59, 45.76it/s, acc=0.308, device=mps, eta=1m08s, loss=1.9791, sps=41.4]
BC[stage1_datasets_L40_stepsweep/bc_shift4_scale_0p8_1p2_steps10000_tr2]:  73%|███████▎  | 7263/10000 [02:55<01:17, 35.12it/s, acc=0.308, device=mps, eta=1m08s, loss=1.9791, sps=41.4]
BC[stage1_datasets_L40_stepsweep/bc_shift4_scale_0p8_1p2_steps10000_tr2]:  73%|███████▎  | 7271/10000 [02:55<01:03, 43.09it/s, acc=0.308, device=mps, eta=1m08s, loss=1.9791, sps=41.4]
BC[stage1_datasets_L40_stepsweep/bc_shift4_scale_0p8_1p2_steps10000_tr2]:  73%|███████▎  | 7279/10000 [02:55<00:54, 50.23it/s, acc=0.308, device=mps, eta=1m08s, loss=1.9791, sps=41.4]
BC[stage1_datasets_L40_stepsweep/bc_shift4_scale_0p8_1p2_steps10000_tr2]:  73%|███████▎  | 7286/10000 [02:56<01:11, 38.10it/s, acc=0.308, device=mps, eta=1m08s, loss=1.9791, sps=41.4]
BC[stage1_datasets_L40_stepsweep/bc_shift4_scale_0p8_1p2_steps10000_tr2]:  73%|███████▎  | 7294/10000 [02:56<00:59, 45.69it/s, acc=0.308, device=mps, eta=1m08s, loss=1.9791, sps=41.4]
BC[stage1_datasets_L40_stepsweep/bc_shift4_scale_0p8_1p2_steps10000_tr2]:  73%|███████▎  | 7301/10000 [02:56<01:13, 36.60it/s, acc=0.308, device=mps, eta=1m08s, loss=1.9791, sps=41.4]
BC[stage1_datasets_L40_stepsweep/bc_shift4_scale_0p8_1p2_steps10000_tr2]:  73%|███████▎  | 7309/10000 [02:56<01:01, 43.83it/s, acc=0.308, device=mps, eta=1m08s, loss=1.9791, sps=41.4]
BC[stage1_datasets_L40_stepsweep/bc_shift4_scale_0p8_1p2_steps10000_tr2]:  73%|███████▎  | 7317/10000 [02:56<00:53, 50.35it/s, acc=0.308, device=mps, eta=1m08s, loss=1.9791, sps=41.4]
BC[stage1_datasets_L40_stepsweep/bc_shift4_scale_0p8_1p2_steps10000_tr2]:  73%|███████▎  | 7324/10000 [02:57<01:09, 38.35it/s, acc=0.308, device=mps, eta=1m08s, loss=1.9791, sps=41.4]
BC[stage1_datasets_L40_stepsweep/bc_shift4_scale_0p8_1p2_steps10000_tr2]:  73%|███████▎  | 7332/10000 [02:57<00:58, 45.30it/s, acc=0.308, device=mps, eta=1m08s, loss=1.9791, sps=41.4]
BC[stage1_datasets_L40_stepsweep/bc_shift4_scale_0p8_1p2_steps10000_tr2]:  73%|███████▎  | 7340/10000 [02:57<00:51, 52.06it/s, acc=0.308, device=mps, eta=1m08s, loss=1.9791, sps=41.4]
BC[stage1_datasets_L40_stepsweep/bc_shift4_scale_0p8_1p2_steps10000_tr2]:  73%|███████▎  | 7347/10000 [02:57<01:10, 37.83it/s, acc=0.308, device=mps, eta=1m08s, loss=1.9791, sps=41.4]
BC[stage1_datasets_L40_stepsweep/bc_shift4_scale_0p8_1p2_steps10000_tr2]:  74%|███████▎  | 7353/10000 [02:57<01:03, 41.69it/s, acc=0.308, device=mps, eta=1m08s, loss=1.9791, sps=41.4]
BC[stage1_datasets_L40_stepsweep/bc_shift4_scale_0p8_1p2_steps10000_tr2]:  74%|███████▎  | 7359/10000 [02:57<00:58, 45.07it/s, acc=0.308, device=mps, eta=1m08s, loss=1.9791, sps=41.4]
BC[stage1_datasets_L40_stepsweep/bc_shift4_scale_0p8_1p2_steps10000_tr2]:  74%|███████▎  | 7365/10000 [02:58<01:17, 34.14it/s, acc=0.308, device=mps, eta=1m08s, loss=1.9791, sps=41.4]
BC[stage1_datasets_L40_stepsweep/bc_shift4_scale_0p8_1p2_steps10000_tr2]:  74%|███████▎  | 7373/10000 [02:58<01:02, 42.03it/s, acc=0.308, device=mps, eta=1m08s, loss=1.9791, sps=41.4]
BC[stage1_datasets_L40_stepsweep/bc_shift4_scale_0p8_1p2_steps10000_tr2]:  74%|███████▍  | 7381/10000 [02:58<01:14, 35.06it/s, acc=0.308, device=mps, eta=1m08s, loss=1.9791, sps=41.4]
BC[stage1_datasets_L40_stepsweep/bc_shift4_scale_0p8_1p2_steps10000_tr2]:  74%|███████▍  | 7389/10000 [02:58<01:01, 42.25it/s, acc=0.308, device=mps, eta=1m08s, loss=1.9791, sps=41.4]
BC[stage1_datasets_L40_stepsweep/bc_shift4_scale_0p8_1p2_steps10000_tr2]:  74%|███████▍  | 7397/10000 [02:58<00:53, 48.68it/s, acc=0.308, device=mps, eta=1m08s, loss=1.9791, sps=41.4]
BC[stage1_datasets_L40_stepsweep/bc_shift4_scale_0p8_1p2_steps10000_tr2]:  74%|███████▍  | 7397/10000 [02:58<00:53, 48.68it/s, acc=0.312, device=mps, eta=1m03s, loss=1.9686, sps=41.4]
BC[stage1_datasets_L40_stepsweep/bc_shift4_scale_0p8_1p2_steps10000_tr2]:  74%|███████▍  | 7403/10000 [02:58<01:10, 37.04it/s, acc=0.312, device=mps, eta=1m03s, loss=1.9686, sps=41.4]
BC[stage1_datasets_L40_stepsweep/bc_shift4_scale_0p8_1p2_steps10000_tr2]:  74%|███████▍  | 7411/10000 [02:59<00:58, 44.46it/s, acc=0.312, device=mps, eta=1m03s, loss=1.9686, sps=41.4]
BC[stage1_datasets_L40_stepsweep/bc_shift4_scale_0p8_1p2_steps10000_tr2]:  74%|███████▍  | 7419/10000 [02:59<00:50, 51.17it/s, acc=0.312, device=mps, eta=1m03s, loss=1.9686, sps=41.4]
BC[stage1_datasets_L40_stepsweep/bc_shift4_scale_0p8_1p2_steps10000_tr2]:  74%|███████▍  | 7426/10000 [02:59<01:06, 38.72it/s, acc=0.312, device=mps, eta=1m03s, loss=1.9686, sps=41.4]
BC[stage1_datasets_L40_stepsweep/bc_shift4_scale_0p8_1p2_steps10000_tr2]:  74%|███████▍  | 7434/10000 [02:59<00:55, 45.86it/s, acc=0.312, device=mps, eta=1m03s, loss=1.9686, sps=41.4]
BC[stage1_datasets_L40_stepsweep/bc_shift4_scale_0p8_1p2_steps10000_tr2]:  74%|███████▍  | 7441/10000 [02:59<01:10, 36.26it/s, acc=0.312, device=mps, eta=1m03s, loss=1.9686, sps=41.4]
BC[stage1_datasets_L40_stepsweep/bc_shift4_scale_0p8_1p2_steps10000_tr2]:  74%|███████▍  | 7447/10000 [02:59<01:03, 40.36it/s, acc=0.312, device=mps, eta=1m03s, loss=1.9686, sps=41.4]
BC[stage1_datasets_L40_stepsweep/bc_shift4_scale_0p8_1p2_steps10000_tr2]:  75%|███████▍  | 7454/10000 [03:00<00:56, 44.89it/s, acc=0.312, device=mps, eta=1m03s, loss=1.9686, sps=41.4]
BC[stage1_datasets_L40_stepsweep/bc_shift4_scale_0p8_1p2_steps10000_tr2]:  75%|███████▍  | 7461/10000 [03:00<01:12, 34.85it/s, acc=0.312, device=mps, eta=1m03s, loss=1.9686, sps=41.4]
BC[stage1_datasets_L40_stepsweep/bc_shift4_scale_0p8_1p2_steps10000_tr2]:  75%|███████▍  | 7469/10000 [03:00<00:59, 42.35it/s, acc=0.312, device=mps, eta=1m03s, loss=1.9686, sps=41.4]
BC[stage1_datasets_L40_stepsweep/bc_shift4_scale_0p8_1p2_steps10000_tr2]:  75%|███████▍  | 7477/10000 [03:00<00:51, 49.08it/s, acc=0.312, device=mps, eta=1m03s, loss=1.9686, sps=41.4]
BC[stage1_datasets_L40_stepsweep/bc_shift4_scale_0p8_1p2_steps10000_tr2]:  75%|███████▍  | 7484/10000 [03:00<01:06, 37.81it/s, acc=0.312, device=mps, eta=1m03s, loss=1.9686, sps=41.4]
BC[stage1_datasets_L40_stepsweep/bc_shift4_scale_0p8_1p2_steps10000_tr2]:  75%|███████▍  | 7492/10000 [03:00<00:56, 44.75it/s, acc=0.312, device=mps, eta=1m03s, loss=1.9686, sps=41.4]
BC[stage1_datasets_L40_stepsweep/bc_shift4_scale_0p8_1p2_steps10000_tr2]:  75%|███████▌  | 7500/10000 [03:01<00:48, 51.28it/s, acc=0.312, device=mps, eta=1m03s, loss=1.9686, sps=41.4]
BC[stage1_datasets_L40_stepsweep/bc_shift4_scale_0p8_1p2_steps10000_tr2]:  75%|███████▌  | 7507/10000 [03:01<01:04, 38.72it/s, acc=0.312, device=mps, eta=1m03s, loss=1.9686, sps=41.4]
BC[stage1_datasets_L40_stepsweep/bc_shift4_scale_0p8_1p2_steps10000_tr2]:  75%|███████▌  | 7515/10000 [03:01<00:54, 45.51it/s, acc=0.312, device=mps, eta=1m03s, loss=1.9686, sps=41.4]
BC[stage1_datasets_L40_stepsweep/bc_shift4_scale_0p8_1p2_steps10000_tr2]:  75%|███████▌  | 7521/10000 [03:01<01:09, 35.56it/s, acc=0.312, device=mps, eta=1m03s, loss=1.9686, sps=41.4]
BC[stage1_datasets_L40_stepsweep/bc_shift4_scale_0p8_1p2_steps10000_tr2]:  75%|███████▌  | 7529/10000 [03:01<00:57, 42.94it/s, acc=0.312, device=mps, eta=1m03s, loss=1.9686, sps=41.4]
BC[stage1_datasets_L40_stepsweep/bc_shift4_scale_0p8_1p2_steps10000_tr2]:  75%|███████▌  | 7537/10000 [03:01<00:49, 49.71it/s, acc=0.312, device=mps, eta=1m03s, loss=1.9686, sps=41.4]
BC[stage1_datasets_L40_stepsweep/bc_shift4_scale_0p8_1p2_steps10000_tr2]:  75%|███████▌  | 7544/10000 [03:02<01:04, 38.11it/s, acc=0.312, device=mps, eta=1m03s, loss=1.9686, sps=41.4]
BC[stage1_datasets_L40_stepsweep/bc_shift4_scale_0p8_1p2_steps10000_tr2]:  76%|███████▌  | 7552/10000 [03:02<00:54, 45.16it/s, acc=0.312, device=mps, eta=1m03s, loss=1.9686, sps=41.4]
BC[stage1_datasets_L40_stepsweep/bc_shift4_scale_0p8_1p2_steps10000_tr2]:  76%|███████▌  | 7560/10000 [03:02<00:46, 52.03it/s, acc=0.312, device=mps, eta=1m03s, loss=1.9686, sps=41.4]
BC[stage1_datasets_L40_stepsweep/bc_shift4_scale_0p8_1p2_steps10000_tr2]:  76%|███████▌  | 7567/10000 [03:02<01:02, 38.96it/s, acc=0.312, device=mps, eta=1m03s, loss=1.9686, sps=41.4]
BC[stage1_datasets_L40_stepsweep/bc_shift4_scale_0p8_1p2_steps10000_tr2]:  76%|███████▌  | 7575/10000 [03:02<00:52, 46.05it/s, acc=0.312, device=mps, eta=1m03s, loss=1.9686, sps=41.4]
BC[stage1_datasets_L40_stepsweep/bc_shift4_scale_0p8_1p2_steps10000_tr2]:  76%|███████▌  | 7581/10000 [03:03<01:08, 35.56it/s, acc=0.312, device=mps, eta=1m03s, loss=1.9686, sps=41.4]
BC[stage1_datasets_L40_stepsweep/bc_shift4_scale_0p8_1p2_steps10000_tr2]:  76%|███████▌  | 7586/10000 [03:03<01:03, 38.09it/s, acc=0.312, device=mps, eta=1m03s, loss=1.9686, sps=41.4]
BC[stage1_datasets_L40_stepsweep/bc_shift4_scale_0p8_1p2_steps10000_tr2]:  76%|███████▌  | 7593/10000 [03:03<00:55, 43.27it/s, acc=0.312, device=mps, eta=1m03s, loss=1.9686, sps=41.4]
BC[stage1_datasets_L40_stepsweep/bc_shift4_scale_0p8_1p2_steps10000_tr2]:  76%|███████▌  | 7593/10000 [03:03<00:55, 43.27it/s, acc=0.309, device=mps, eta=58s, loss=1.9794, sps=41.4]  
BC[stage1_datasets_L40_stepsweep/bc_shift4_scale_0p8_1p2_steps10000_tr2]:  76%|███████▌  | 7601/10000 [03:03<01:09, 34.68it/s, acc=0.309, device=mps, eta=58s, loss=1.9794, sps=41.4]
BC[stage1_datasets_L40_stepsweep/bc_shift4_scale_0p8_1p2_steps10000_tr2]:  76%|███████▌  | 7609/10000 [03:03<00:56, 42.26it/s, acc=0.309, device=mps, eta=58s, loss=1.9794, sps=41.4]
BC[stage1_datasets_L40_stepsweep/bc_shift4_scale_0p8_1p2_steps10000_tr2]:  76%|███████▌  | 7617/10000 [03:03<00:48, 49.34it/s, acc=0.309, device=mps, eta=58s, loss=1.9794, sps=41.4]
BC[stage1_datasets_L40_stepsweep/bc_shift4_scale_0p8_1p2_steps10000_tr2]:  76%|███████▌  | 7624/10000 [03:04<01:04, 37.00it/s, acc=0.309, device=mps, eta=58s, loss=1.9794, sps=41.4]
BC[stage1_datasets_L40_stepsweep/bc_shift4_scale_0p8_1p2_steps10000_tr2]:  76%|███████▋  | 7629/10000 [03:04<01:00, 39.28it/s, acc=0.309, device=mps, eta=58s, loss=1.9794, sps=41.4]
BC[stage1_datasets_L40_stepsweep/bc_shift4_scale_0p8_1p2_steps10000_tr2]:  76%|███████▋  | 7636/10000 [03:04<00:53, 44.56it/s, acc=0.309, device=mps, eta=58s, loss=1.9794, sps=41.4]
BC[stage1_datasets_L40_stepsweep/bc_shift4_scale_0p8_1p2_steps10000_tr2]:  76%|███████▋  | 7642/10000 [03:04<01:09, 34.00it/s, acc=0.309, device=mps, eta=58s, loss=1.9794, sps=41.4]
BC[stage1_datasets_L40_stepsweep/bc_shift4_scale_0p8_1p2_steps10000_tr2]:  76%|███████▋  | 7650/10000 [03:04<00:56, 41.86it/s, acc=0.309, device=mps, eta=58s, loss=1.9794, sps=41.4]
BC[stage1_datasets_L40_stepsweep/bc_shift4_scale_0p8_1p2_steps10000_tr2]:  77%|███████▋  | 7658/10000 [03:04<00:47, 48.87it/s, acc=0.309, device=mps, eta=58s, loss=1.9794, sps=41.4]
BC[stage1_datasets_L40_stepsweep/bc_shift4_scale_0p8_1p2_steps10000_tr2]:  77%|███████▋  | 7664/10000 [03:05<01:03, 36.59it/s, acc=0.309, device=mps, eta=58s, loss=1.9794, sps=41.4]
BC[stage1_datasets_L40_stepsweep/bc_shift4_scale_0p8_1p2_steps10000_tr2]:  77%|███████▋  | 7672/10000 [03:05<00:52, 44.10it/s, acc=0.309, device=mps, eta=58s, loss=1.9794, sps=41.4]
BC[stage1_datasets_L40_stepsweep/bc_shift4_scale_0p8_1p2_steps10000_tr2]:  77%|███████▋  | 7681/10000 [03:05<01:02, 36.90it/s, acc=0.309, device=mps, eta=58s, loss=1.9794, sps=41.4]
BC[stage1_datasets_L40_stepsweep/bc_shift4_scale_0p8_1p2_steps10000_tr2]:  77%|███████▋  | 7689/10000 [03:05<00:52, 44.10it/s, acc=0.309, device=mps, eta=58s, loss=1.9794, sps=41.4]
BC[stage1_datasets_L40_stepsweep/bc_shift4_scale_0p8_1p2_steps10000_tr2]:  77%|███████▋  | 7698/10000 [03:05<00:44, 51.96it/s, acc=0.309, device=mps, eta=58s, loss=1.9794, sps=41.4]
BC[stage1_datasets_L40_stepsweep/bc_shift4_scale_0p8_1p2_steps10000_tr2]:  77%|███████▋  | 7705/10000 [03:06<00:57, 39.65it/s, acc=0.309, device=mps, eta=58s, loss=1.9794, sps=41.4]
BC[stage1_datasets_L40_stepsweep/bc_shift4_scale_0p8_1p2_steps10000_tr2]:  77%|███████▋  | 7713/10000 [03:06<00:49, 46.29it/s, acc=0.309, device=mps, eta=58s, loss=1.9794, sps=41.4]
BC[stage1_datasets_L40_stepsweep/bc_shift4_scale_0p8_1p2_steps10000_tr2]:  77%|███████▋  | 7721/10000 [03:06<01:01, 37.35it/s, acc=0.309, device=mps, eta=58s, loss=1.9794, sps=41.4]
BC[stage1_datasets_L40_stepsweep/bc_shift4_scale_0p8_1p2_steps10000_tr2]:  77%|███████▋  | 7729/10000 [03:06<00:51, 44.07it/s, acc=0.309, device=mps, eta=58s, loss=1.9794, sps=41.4]
BC[stage1_datasets_L40_stepsweep/bc_shift4_scale_0p8_1p2_steps10000_tr2]:  77%|███████▋  | 7737/10000 [03:06<00:45, 50.09it/s, acc=0.309, device=mps, eta=58s, loss=1.9794, sps=41.4]
BC[stage1_datasets_L40_stepsweep/bc_shift4_scale_0p8_1p2_steps10000_tr2]:  77%|███████▋  | 7744/10000 [03:07<00:58, 38.62it/s, acc=0.309, device=mps, eta=58s, loss=1.9794, sps=41.4]
BC[stage1_datasets_L40_stepsweep/bc_shift4_scale_0p8_1p2_steps10000_tr2]:  78%|███████▊  | 7752/10000 [03:07<00:49, 45.65it/s, acc=0.309, device=mps, eta=58s, loss=1.9794, sps=41.4]
BC[stage1_datasets_L40_stepsweep/bc_shift4_scale_0p8_1p2_steps10000_tr2]:  78%|███████▊  | 7761/10000 [03:07<00:59, 37.94it/s, acc=0.309, device=mps, eta=58s, loss=1.9794, sps=41.4]
BC[stage1_datasets_L40_stepsweep/bc_shift4_scale_0p8_1p2_steps10000_tr2]:  78%|███████▊  | 7766/10000 [03:07<00:55, 39.93it/s, acc=0.309, device=mps, eta=58s, loss=1.9794, sps=41.4]
BC[stage1_datasets_L40_stepsweep/bc_shift4_scale_0p8_1p2_steps10000_tr2]:  78%|███████▊  | 7771/10000 [03:07<00:53, 41.45it/s, acc=0.309, device=mps, eta=58s, loss=1.9794, sps=41.4]
BC[stage1_datasets_L40_stepsweep/bc_shift4_scale_0p8_1p2_steps10000_tr2]:  78%|███████▊  | 7777/10000 [03:07<00:50, 44.30it/s, acc=0.309, device=mps, eta=58s, loss=1.9794, sps=41.4]
BC[stage1_datasets_L40_stepsweep/bc_shift4_scale_0p8_1p2_steps10000_tr2]:  78%|███████▊  | 7783/10000 [03:08<01:07, 33.08it/s, acc=0.309, device=mps, eta=58s, loss=1.9794, sps=41.4]
BC[stage1_datasets_L40_stepsweep/bc_shift4_scale_0p8_1p2_steps10000_tr2]:  78%|███████▊  | 7791/10000 [03:08<00:53, 41.62it/s, acc=0.309, device=mps, eta=58s, loss=1.9794, sps=41.4]
BC[stage1_datasets_L40_stepsweep/bc_shift4_scale_0p8_1p2_steps10000_tr2]:  78%|███████▊  | 7799/10000 [03:08<00:44, 48.98it/s, acc=0.309, device=mps, eta=58s, loss=1.9794, sps=41.4]
BC[stage1_datasets_L40_stepsweep/bc_shift4_scale_0p8_1p2_steps10000_tr2]:  78%|███████▊  | 7799/10000 [03:08<00:44, 48.98it/s, acc=0.314, device=mps, eta=53s, loss=1.9618, sps=41.4]
BC[stage1_datasets_L40_stepsweep/bc_shift4_scale_0p8_1p2_steps10000_tr2]:  78%|███████▊  | 7805/10000 [03:08<00:59, 37.00it/s, acc=0.314, device=mps, eta=53s, loss=1.9618, sps=41.4]
BC[stage1_datasets_L40_stepsweep/bc_shift4_scale_0p8_1p2_steps10000_tr2]:  78%|███████▊  | 7813/10000 [03:08<00:49, 44.41it/s, acc=0.314, device=mps, eta=53s, loss=1.9618, sps=41.4]
BC[stage1_datasets_L40_stepsweep/bc_shift4_scale_0p8_1p2_steps10000_tr2]:  78%|███████▊  | 7820/10000 [03:08<00:44, 48.87it/s, acc=0.314, device=mps, eta=53s, loss=1.9618, sps=41.4]
BC[stage1_datasets_L40_stepsweep/bc_shift4_scale_0p8_1p2_steps10000_tr2]:  78%|███████▊  | 7826/10000 [03:09<00:59, 36.57it/s, acc=0.314, device=mps, eta=53s, loss=1.9618, sps=41.4]
BC[stage1_datasets_L40_stepsweep/bc_shift4_scale_0p8_1p2_steps10000_tr2]:  78%|███████▊  | 7834/10000 [03:09<00:49, 44.06it/s, acc=0.314, device=mps, eta=53s, loss=1.9618, sps=41.4]
BC[stage1_datasets_L40_stepsweep/bc_shift4_scale_0p8_1p2_steps10000_tr2]:  78%|███████▊  | 7841/10000 [03:09<01:01, 35.29it/s, acc=0.314, device=mps, eta=53s, loss=1.9618, sps=41.4]
BC[stage1_datasets_L40_stepsweep/bc_shift4_scale_0p8_1p2_steps10000_tr2]:  78%|███████▊  | 7849/10000 [03:09<00:50, 42.75it/s, acc=0.314, device=mps, eta=53s, loss=1.9618, sps=41.4]
BC[stage1_datasets_L40_stepsweep/bc_shift4_scale_0p8_1p2_steps10000_tr2]:  79%|███████▊  | 7857/10000 [03:09<00:43, 49.50it/s, acc=0.314, device=mps, eta=53s, loss=1.9618, sps=41.4]
BC[stage1_datasets_L40_stepsweep/bc_shift4_scale_0p8_1p2_steps10000_tr2]:  79%|███████▊  | 7864/10000 [03:09<00:56, 37.62it/s, acc=0.314, device=mps, eta=53s, loss=1.9618, sps=41.4]
BC[stage1_datasets_L40_stepsweep/bc_shift4_scale_0p8_1p2_steps10000_tr2]:  79%|███████▊  | 7871/10000 [03:10<00:49, 42.67it/s, acc=0.314, device=mps, eta=53s, loss=1.9618, sps=41.4]
BC[stage1_datasets_L40_stepsweep/bc_shift4_scale_0p8_1p2_steps10000_tr2]:  79%|███████▉  | 7878/10000 [03:10<00:44, 47.62it/s, acc=0.314, device=mps, eta=53s, loss=1.9618, sps=41.4]
BC[stage1_datasets_L40_stepsweep/bc_shift4_scale_0p8_1p2_steps10000_tr2]:  79%|███████▉  | 7884/10000 [03:10<00:58, 36.02it/s, acc=0.314, device=mps, eta=53s, loss=1.9618, sps=41.4]
BC[stage1_datasets_L40_stepsweep/bc_shift4_scale_0p8_1p2_steps10000_tr2]:  79%|███████▉  | 7892/10000 [03:10<00:48, 43.69it/s, acc=0.314, device=mps, eta=53s, loss=1.9618, sps=41.4]
BC[stage1_datasets_L40_stepsweep/bc_shift4_scale_0p8_1p2_steps10000_tr2]:  79%|███████▉  | 7901/10000 [03:10<00:57, 36.65it/s, acc=0.314, device=mps, eta=53s, loss=1.9618, sps=41.4]
BC[stage1_datasets_L40_stepsweep/bc_shift4_scale_0p8_1p2_steps10000_tr2]:  79%|███████▉  | 7909/10000 [03:11<00:48, 43.50it/s, acc=0.314, device=mps, eta=53s, loss=1.9618, sps=41.4]
BC[stage1_datasets_L40_stepsweep/bc_shift4_scale_0p8_1p2_steps10000_tr2]:  79%|███████▉  | 7917/10000 [03:11<00:41, 49.90it/s, acc=0.314, device=mps, eta=53s, loss=1.9618, sps=41.4]
BC[stage1_datasets_L40_stepsweep/bc_shift4_scale_0p8_1p2_steps10000_tr2]:  79%|███████▉  | 7924/10000 [03:11<00:54, 38.34it/s, acc=0.314, device=mps, eta=53s, loss=1.9618, sps=41.4]
BC[stage1_datasets_L40_stepsweep/bc_shift4_scale_0p8_1p2_steps10000_tr2]:  79%|███████▉  | 7932/10000 [03:11<00:45, 45.19it/s, acc=0.314, device=mps, eta=53s, loss=1.9618, sps=41.4]
BC[stage1_datasets_L40_stepsweep/bc_shift4_scale_0p8_1p2_steps10000_tr2]:  79%|███████▉  | 7940/10000 [03:11<00:39, 52.00it/s, acc=0.314, device=mps, eta=53s, loss=1.9618, sps=41.4]
BC[stage1_datasets_L40_stepsweep/bc_shift4_scale_0p8_1p2_steps10000_tr2]:  79%|███████▉  | 7947/10000 [03:11<00:52, 39.02it/s, acc=0.314, device=mps, eta=53s, loss=1.9618, sps=41.4]
BC[stage1_datasets_L40_stepsweep/bc_shift4_scale_0p8_1p2_steps10000_tr2]:  80%|███████▉  | 7955/10000 [03:12<00:44, 46.01it/s, acc=0.314, device=mps, eta=53s, loss=1.9618, sps=41.4]
BC[stage1_datasets_L40_stepsweep/bc_shift4_scale_0p8_1p2_steps10000_tr2]:  80%|███████▉  | 7961/10000 [03:12<00:57, 35.54it/s, acc=0.314, device=mps, eta=53s, loss=1.9618, sps=41.4]
BC[stage1_datasets_L40_stepsweep/bc_shift4_scale_0p8_1p2_steps10000_tr2]:  80%|███████▉  | 7969/10000 [03:12<00:48, 42.20it/s, acc=0.314, device=mps, eta=53s, loss=1.9618, sps=41.4]
BC[stage1_datasets_L40_stepsweep/bc_shift4_scale_0p8_1p2_steps10000_tr2]:  80%|███████▉  | 7975/10000 [03:12<00:45, 44.38it/s, acc=0.314, device=mps, eta=53s, loss=1.9618, sps=41.4]
BC[stage1_datasets_L40_stepsweep/bc_shift4_scale_0p8_1p2_steps10000_tr2]:  80%|███████▉  | 7981/10000 [03:12<01:00, 33.30it/s, acc=0.314, device=mps, eta=53s, loss=1.9618, sps=41.4]
BC[stage1_datasets_L40_stepsweep/bc_shift4_scale_0p8_1p2_steps10000_tr2]:  80%|███████▉  | 7989/10000 [03:12<00:48, 41.06it/s, acc=0.314, device=mps, eta=53s, loss=1.9618, sps=41.4]
BC[stage1_datasets_L40_stepsweep/bc_shift4_scale_0p8_1p2_steps10000_tr2]:  80%|███████▉  | 7997/10000 [03:13<00:41, 48.03it/s, acc=0.314, device=mps, eta=53s, loss=1.9618, sps=41.4]
BC[stage1_datasets_L40_stepsweep/bc_shift4_scale_0p8_1p2_steps10000_tr2]:  80%|███████▉  | 7997/10000 [03:13<00:41, 48.03it/s, acc=0.311, device=mps, eta=48s, loss=1.9757, sps=41.4]
BC[stage1_datasets_L40_stepsweep/bc_shift4_scale_0p8_1p2_steps10000_tr2]:  80%|████████  | 8003/10000 [03:13<00:55, 36.28it/s, acc=0.311, device=mps, eta=48s, loss=1.9757, sps=41.4]
BC[stage1_datasets_L40_stepsweep/bc_shift4_scale_0p8_1p2_steps10000_tr2]:  80%|████████  | 8011/10000 [03:13<00:45, 43.97it/s, acc=0.311, device=mps, eta=48s, loss=1.9757, sps=41.4]
BC[stage1_datasets_L40_stepsweep/bc_shift4_scale_0p8_1p2_steps10000_tr2]:  80%|████████  | 8019/10000 [03:13<00:38, 51.09it/s, acc=0.311, device=mps, eta=48s, loss=1.9757, sps=41.4]
BC[stage1_datasets_L40_stepsweep/bc_shift4_scale_0p8_1p2_steps10000_tr2]:  80%|████████  | 8026/10000 [03:13<00:54, 36.29it/s, acc=0.311, device=mps, eta=48s, loss=1.9757, sps=41.4]
BC[stage1_datasets_L40_stepsweep/bc_shift4_scale_0p8_1p2_steps10000_tr2]:  80%|████████  | 8032/10000 [03:13<00:49, 40.00it/s, acc=0.311, device=mps, eta=48s, loss=1.9757, sps=41.4]
BC[stage1_datasets_L40_stepsweep/bc_shift4_scale_0p8_1p2_steps10000_tr2]:  80%|████████  | 8039/10000 [03:14<00:43, 45.54it/s, acc=0.311, device=mps, eta=48s, loss=1.9757, sps=41.4]
BC[stage1_datasets_L40_stepsweep/bc_shift4_scale_0p8_1p2_steps10000_tr2]:  80%|████████  | 8045/10000 [03:14<00:55, 35.06it/s, acc=0.311, device=mps, eta=48s, loss=1.9757, sps=41.4]
BC[stage1_datasets_L40_stepsweep/bc_shift4_scale_0p8_1p2_steps10000_tr2]:  81%|████████  | 8053/10000 [03:14<00:45, 42.69it/s, acc=0.311, device=mps, eta=48s, loss=1.9757, sps=41.4]
BC[stage1_datasets_L40_stepsweep/bc_shift4_scale_0p8_1p2_steps10000_tr2]:  81%|████████  | 8061/10000 [03:14<00:55, 34.83it/s, acc=0.311, device=mps, eta=48s, loss=1.9757, sps=41.4]
BC[stage1_datasets_L40_stepsweep/bc_shift4_scale_0p8_1p2_steps10000_tr2]:  81%|████████  | 8068/10000 [03:14<00:49, 39.38it/s, acc=0.311, device=mps, eta=48s, loss=1.9757, sps=41.4]
BC[stage1_datasets_L40_stepsweep/bc_shift4_scale_0p8_1p2_steps10000_tr2]:  81%|████████  | 8073/10000 [03:14<00:46, 41.30it/s, acc=0.311, device=mps, eta=48s, loss=1.9757, sps=41.4]
BC[stage1_datasets_L40_stepsweep/bc_shift4_scale_0p8_1p2_steps10000_tr2]:  81%|████████  | 8079/10000 [03:15<00:42, 44.77it/s, acc=0.311, device=mps, eta=48s, loss=1.9757, sps=41.4]
BC[stage1_datasets_L40_stepsweep/bc_shift4_scale_0p8_1p2_steps10000_tr2]:  81%|████████  | 8085/10000 [03:15<00:55, 34.57it/s, acc=0.311, device=mps, eta=48s, loss=1.9757, sps=41.4]
BC[stage1_datasets_L40_stepsweep/bc_shift4_scale_0p8_1p2_steps10000_tr2]:  81%|████████  | 8093/10000 [03:15<00:44, 42.65it/s, acc=0.311, device=mps, eta=48s, loss=1.9757, sps=41.4]
BC[stage1_datasets_L40_stepsweep/bc_shift4_scale_0p8_1p2_steps10000_tr2]:  81%|████████  | 8101/10000 [03:15<00:54, 34.91it/s, acc=0.311, device=mps, eta=48s, loss=1.9757, sps=41.4]
BC[stage1_datasets_L40_stepsweep/bc_shift4_scale_0p8_1p2_steps10000_tr2]:  81%|████████  | 8108/10000 [03:15<00:47, 40.11it/s, acc=0.311, device=mps, eta=48s, loss=1.9757, sps=41.4]
BC[stage1_datasets_L40_stepsweep/bc_shift4_scale_0p8_1p2_steps10000_tr2]:  81%|████████  | 8115/10000 [03:16<00:42, 44.76it/s, acc=0.311, device=mps, eta=48s, loss=1.9757, sps=41.4]
BC[stage1_datasets_L40_stepsweep/bc_shift4_scale_0p8_1p2_steps10000_tr2]:  81%|████████  | 8121/10000 [03:16<00:54, 34.75it/s, acc=0.311, device=mps, eta=48s, loss=1.9757, sps=41.4]
BC[stage1_datasets_L40_stepsweep/bc_shift4_scale_0p8_1p2_steps10000_tr2]:  81%|████████▏ | 8129/10000 [03:16<00:44, 42.44it/s, acc=0.311, device=mps, eta=48s, loss=1.9757, sps=41.4]
BC[stage1_datasets_L40_stepsweep/bc_shift4_scale_0p8_1p2_steps10000_tr2]:  81%|████████▏ | 8137/10000 [03:16<00:37, 49.62it/s, acc=0.311, device=mps, eta=48s, loss=1.9757, sps=41.4]
BC[stage1_datasets_L40_stepsweep/bc_shift4_scale_0p8_1p2_steps10000_tr2]:  81%|████████▏ | 8144/10000 [03:16<00:48, 37.90it/s, acc=0.311, device=mps, eta=48s, loss=1.9757, sps=41.4]
BC[stage1_datasets_L40_stepsweep/bc_shift4_scale_0p8_1p2_steps10000_tr2]:  82%|████████▏ | 8152/10000 [03:16<00:41, 45.05it/s, acc=0.311, device=mps, eta=48s, loss=1.9757, sps=41.4]
BC[stage1_datasets_L40_stepsweep/bc_shift4_scale_0p8_1p2_steps10000_tr2]:  82%|████████▏ | 8160/10000 [03:17<00:35, 52.01it/s, acc=0.311, device=mps, eta=48s, loss=1.9757, sps=41.4]
BC[stage1_datasets_L40_stepsweep/bc_shift4_scale_0p8_1p2_steps10000_tr2]:  82%|████████▏ | 8167/10000 [03:17<00:47, 38.85it/s, acc=0.311, device=mps, eta=48s, loss=1.9757, sps=41.4]
BC[stage1_datasets_L40_stepsweep/bc_shift4_scale_0p8_1p2_steps10000_tr2]:  82%|████████▏ | 8175/10000 [03:17<00:39, 45.90it/s, acc=0.311, device=mps, eta=48s, loss=1.9757, sps=41.4]
BC[stage1_datasets_L40_stepsweep/bc_shift4_scale_0p8_1p2_steps10000_tr2]:  82%|████████▏ | 8181/10000 [03:17<00:51, 35.46it/s, acc=0.311, device=mps, eta=48s, loss=1.9757, sps=41.4]
BC[stage1_datasets_L40_stepsweep/bc_shift4_scale_0p8_1p2_steps10000_tr2]:  82%|████████▏ | 8189/10000 [03:17<00:42, 42.44it/s, acc=0.311, device=mps, eta=48s, loss=1.9757, sps=41.4]
BC[stage1_datasets_L40_stepsweep/bc_shift4_scale_0p8_1p2_steps10000_tr2]:  82%|████████▏ | 8195/10000 [03:17<00:39, 45.73it/s, acc=0.311, device=mps, eta=48s, loss=1.9757, sps=41.4]
BC[stage1_datasets_L40_stepsweep/bc_shift4_scale_0p8_1p2_steps10000_tr2]:  82%|████████▏ | 8195/10000 [03:17<00:39, 45.73it/s, acc=0.319, device=mps, eta=43s, loss=1.9537, sps=41.4]
BC[stage1_datasets_L40_stepsweep/bc_shift4_scale_0p8_1p2_steps10000_tr2]:  82%|████████▏ | 8201/10000 [03:18<00:52, 34.53it/s, acc=0.319, device=mps, eta=43s, loss=1.9537, sps=41.4]
BC[stage1_datasets_L40_stepsweep/bc_shift4_scale_0p8_1p2_steps10000_tr2]:  82%|████████▏ | 8209/10000 [03:18<00:42, 42.29it/s, acc=0.319, device=mps, eta=43s, loss=1.9537, sps=41.4]
BC[stage1_datasets_L40_stepsweep/bc_shift4_scale_0p8_1p2_steps10000_tr2]:  82%|████████▏ | 8217/10000 [03:18<00:36, 49.34it/s, acc=0.319, device=mps, eta=43s, loss=1.9537, sps=41.4]
BC[stage1_datasets_L40_stepsweep/bc_shift4_scale_0p8_1p2_steps10000_tr2]:  82%|████████▏ | 8224/10000 [03:18<00:47, 37.70it/s, acc=0.319, device=mps, eta=43s, loss=1.9537, sps=41.4]
BC[stage1_datasets_L40_stepsweep/bc_shift4_scale_0p8_1p2_steps10000_tr2]:  82%|████████▏ | 8232/10000 [03:18<00:39, 44.84it/s, acc=0.319, device=mps, eta=43s, loss=1.9537, sps=41.4]
BC[stage1_datasets_L40_stepsweep/bc_shift4_scale_0p8_1p2_steps10000_tr2]:  82%|████████▏ | 8241/10000 [03:19<00:47, 37.33it/s, acc=0.319, device=mps, eta=43s, loss=1.9537, sps=41.4]
BC[stage1_datasets_L40_stepsweep/bc_shift4_scale_0p8_1p2_steps10000_tr2]:  82%|████████▏ | 8249/10000 [03:19<00:39, 44.03it/s, acc=0.319, device=mps, eta=43s, loss=1.9537, sps=41.4]
BC[stage1_datasets_L40_stepsweep/bc_shift4_scale_0p8_1p2_steps10000_tr2]:  83%|████████▎ | 8257/10000 [03:19<00:34, 50.19it/s, acc=0.319, device=mps, eta=43s, loss=1.9537, sps=41.4]
BC[stage1_datasets_L40_stepsweep/bc_shift4_scale_0p8_1p2_steps10000_tr2]:  83%|████████▎ | 8264/10000 [03:19<00:44, 38.61it/s, acc=0.319, device=mps, eta=43s, loss=1.9537, sps=41.4]
BC[stage1_datasets_L40_stepsweep/bc_shift4_scale_0p8_1p2_steps10000_tr2]:  83%|████████▎ | 8272/10000 [03:19<00:37, 45.49it/s, acc=0.319, device=mps, eta=43s, loss=1.9537, sps=41.4]
BC[stage1_datasets_L40_stepsweep/bc_shift4_scale_0p8_1p2_steps10000_tr2]:  83%|████████▎ | 8281/10000 [03:20<00:45, 37.77it/s, acc=0.319, device=mps, eta=43s, loss=1.9537, sps=41.4]
BC[stage1_datasets_L40_stepsweep/bc_shift4_scale_0p8_1p2_steps10000_tr2]:  83%|████████▎ | 8289/10000 [03:20<00:38, 44.34it/s, acc=0.319, device=mps, eta=43s, loss=1.9537, sps=41.4]
BC[stage1_datasets_L40_stepsweep/bc_shift4_scale_0p8_1p2_steps10000_tr2]:  83%|████████▎ | 8297/10000 [03:20<00:33, 50.37it/s, acc=0.319, device=mps, eta=43s, loss=1.9537, sps=41.4]
BC[stage1_datasets_L40_stepsweep/bc_shift4_scale_0p8_1p2_steps10000_tr2]:  83%|████████▎ | 8304/10000 [03:20<00:43, 38.65it/s, acc=0.319, device=mps, eta=43s, loss=1.9537, sps=41.4]
BC[stage1_datasets_L40_stepsweep/bc_shift4_scale_0p8_1p2_steps10000_tr2]:  83%|████████▎ | 8312/10000 [03:20<00:37, 45.40it/s, acc=0.319, device=mps, eta=43s, loss=1.9537, sps=41.4]
BC[stage1_datasets_L40_stepsweep/bc_shift4_scale_0p8_1p2_steps10000_tr2]:  83%|████████▎ | 8320/10000 [03:20<00:32, 52.07it/s, acc=0.319, device=mps, eta=43s, loss=1.9537, sps=41.4]
BC[stage1_datasets_L40_stepsweep/bc_shift4_scale_0p8_1p2_steps10000_tr2]:  83%|████████▎ | 8327/10000 [03:21<00:42, 39.14it/s, acc=0.319, device=mps, eta=43s, loss=1.9537, sps=41.4]
BC[stage1_datasets_L40_stepsweep/bc_shift4_scale_0p8_1p2_steps10000_tr2]:  83%|████████▎ | 8335/10000 [03:21<00:36, 45.92it/s, acc=0.319, device=mps, eta=43s, loss=1.9537, sps=41.4]
BC[stage1_datasets_L40_stepsweep/bc_shift4_scale_0p8_1p2_steps10000_tr2]:  83%|████████▎ | 8341/10000 [03:21<00:46, 35.63it/s, acc=0.319, device=mps, eta=43s, loss=1.9537, sps=41.4]
BC[stage1_datasets_L40_stepsweep/bc_shift4_scale_0p8_1p2_steps10000_tr2]:  83%|████████▎ | 8349/10000 [03:21<00:38, 42.98it/s, acc=0.319, device=mps, eta=43s, loss=1.9537, sps=41.4]
BC[stage1_datasets_L40_stepsweep/bc_shift4_scale_0p8_1p2_steps10000_tr2]:  84%|████████▎ | 8357/10000 [03:21<00:33, 49.62it/s, acc=0.319, device=mps, eta=43s, loss=1.9537, sps=41.4]
BC[stage1_datasets_L40_stepsweep/bc_shift4_scale_0p8_1p2_steps10000_tr2]:  84%|████████▎ | 8364/10000 [03:21<00:43, 38.03it/s, acc=0.319, device=mps, eta=43s, loss=1.9537, sps=41.4]
BC[stage1_datasets_L40_stepsweep/bc_shift4_scale_0p8_1p2_steps10000_tr2]:  84%|████████▎ | 8372/10000 [03:22<00:36, 45.11it/s, acc=0.319, device=mps, eta=43s, loss=1.9537, sps=41.4]
BC[stage1_datasets_L40_stepsweep/bc_shift4_scale_0p8_1p2_steps10000_tr2]:  84%|████████▍ | 8381/10000 [03:22<00:43, 37.53it/s, acc=0.319, device=mps, eta=43s, loss=1.9537, sps=41.4]
BC[stage1_datasets_L40_stepsweep/bc_shift4_scale_0p8_1p2_steps10000_tr2]:  84%|████████▍ | 8388/10000 [03:22<00:38, 41.71it/s, acc=0.319, device=mps, eta=43s, loss=1.9537, sps=41.4]
BC[stage1_datasets_L40_stepsweep/bc_shift4_scale_0p8_1p2_steps10000_tr2]:  84%|████████▍ | 8394/10000 [03:22<00:35, 44.69it/s, acc=0.319, device=mps, eta=43s, loss=1.9537, sps=41.4]
BC[stage1_datasets_L40_stepsweep/bc_shift4_scale_0p8_1p2_steps10000_tr2]:  84%|████████▍ | 8394/10000 [03:22<00:35, 44.69it/s, acc=0.309, device=mps, eta=39s, loss=1.9712, sps=41.4]
BC[stage1_datasets_L40_stepsweep/bc_shift4_scale_0p8_1p2_steps10000_tr2]:  84%|████████▍ | 8401/10000 [03:22<00:46, 34.63it/s, acc=0.309, device=mps, eta=39s, loss=1.9712, sps=41.4]
BC[stage1_datasets_L40_stepsweep/bc_shift4_scale_0p8_1p2_steps10000_tr2]:  84%|████████▍ | 8409/10000 [03:23<00:37, 42.25it/s, acc=0.309, device=mps, eta=39s, loss=1.9712, sps=41.4]
BC[stage1_datasets_L40_stepsweep/bc_shift4_scale_0p8_1p2_steps10000_tr2]:  84%|████████▍ | 8417/10000 [03:23<00:31, 49.49it/s, acc=0.309, device=mps, eta=39s, loss=1.9712, sps=41.4]
BC[stage1_datasets_L40_stepsweep/bc_shift4_scale_0p8_1p2_steps10000_tr2]:  84%|████████▍ | 8424/10000 [03:23<00:41, 38.22it/s, acc=0.309, device=mps, eta=39s, loss=1.9712, sps=41.4]
BC[stage1_datasets_L40_stepsweep/bc_shift4_scale_0p8_1p2_steps10000_tr2]:  84%|████████▍ | 8432/10000 [03:23<00:34, 45.33it/s, acc=0.309, device=mps, eta=39s, loss=1.9712, sps=41.4]
BC[stage1_datasets_L40_stepsweep/bc_shift4_scale_0p8_1p2_steps10000_tr2]:  84%|████████▍ | 8441/10000 [03:23<00:40, 38.14it/s, acc=0.309, device=mps, eta=39s, loss=1.9712, sps=41.4]
BC[stage1_datasets_L40_stepsweep/bc_shift4_scale_0p8_1p2_steps10000_tr2]:  84%|████████▍ | 8449/10000 [03:23<00:34, 44.82it/s, acc=0.309, device=mps, eta=39s, loss=1.9712, sps=41.4]
BC[stage1_datasets_L40_stepsweep/bc_shift4_scale_0p8_1p2_steps10000_tr2]:  85%|████████▍ | 8457/10000 [03:24<00:30, 51.32it/s, acc=0.309, device=mps, eta=39s, loss=1.9712, sps=41.4]
BC[stage1_datasets_L40_stepsweep/bc_shift4_scale_0p8_1p2_steps10000_tr2]:  85%|████████▍ | 8464/10000 [03:24<00:39, 39.24it/s, acc=0.309, device=mps, eta=39s, loss=1.9712, sps=41.4]
BC[stage1_datasets_L40_stepsweep/bc_shift4_scale_0p8_1p2_steps10000_tr2]:  85%|████████▍ | 8472/10000 [03:24<00:33, 45.98it/s, acc=0.309, device=mps, eta=39s, loss=1.9712, sps=41.4]
BC[stage1_datasets_L40_stepsweep/bc_shift4_scale_0p8_1p2_steps10000_tr2]:  85%|████████▍ | 8480/10000 [03:24<00:29, 52.24it/s, acc=0.309, device=mps, eta=39s, loss=1.9712, sps=41.4]
BC[stage1_datasets_L40_stepsweep/bc_shift4_scale_0p8_1p2_steps10000_tr2]:  85%|████████▍ | 8487/10000 [03:24<00:38, 39.21it/s, acc=0.309, device=mps, eta=39s, loss=1.9712, sps=41.4]
BC[stage1_datasets_L40_stepsweep/bc_shift4_scale_0p8_1p2_steps10000_tr2]:  85%|████████▍ | 8495/10000 [03:24<00:32, 46.20it/s, acc=0.309, device=mps, eta=39s, loss=1.9712, sps=41.4]
BC[stage1_datasets_L40_stepsweep/bc_shift4_scale_0p8_1p2_steps10000_tr2]:  85%|████████▌ | 8501/10000 [03:25<00:41, 35.79it/s, acc=0.309, device=mps, eta=39s, loss=1.9712, sps=41.4]
BC[stage1_datasets_L40_stepsweep/bc_shift4_scale_0p8_1p2_steps10000_tr2]:  85%|████████▌ | 8509/10000 [03:25<00:34, 43.18it/s, acc=0.309, device=mps, eta=39s, loss=1.9712, sps=41.4]
BC[stage1_datasets_L40_stepsweep/bc_shift4_scale_0p8_1p2_steps10000_tr2]:  85%|████████▌ | 8517/10000 [03:25<00:29, 49.73it/s, acc=0.309, device=mps, eta=39s, loss=1.9712, sps=41.4]
BC[stage1_datasets_L40_stepsweep/bc_shift4_scale_0p8_1p2_steps10000_tr2]:  85%|████████▌ | 8524/10000 [03:25<00:38, 37.97it/s, acc=0.309, device=mps, eta=39s, loss=1.9712, sps=41.4]
BC[stage1_datasets_L40_stepsweep/bc_shift4_scale_0p8_1p2_steps10000_tr2]:  85%|████████▌ | 8532/10000 [03:25<00:32, 45.29it/s, acc=0.309, device=mps, eta=39s, loss=1.9712, sps=41.4]
BC[stage1_datasets_L40_stepsweep/bc_shift4_scale_0p8_1p2_steps10000_tr2]:  85%|████████▌ | 8541/10000 [03:26<00:38, 38.14it/s, acc=0.309, device=mps, eta=39s, loss=1.9712, sps=41.4]
BC[stage1_datasets_L40_stepsweep/bc_shift4_scale_0p8_1p2_steps10000_tr2]:  85%|████████▌ | 8549/10000 [03:26<00:32, 44.75it/s, acc=0.309, device=mps, eta=39s, loss=1.9712, sps=41.4]
BC[stage1_datasets_L40_stepsweep/bc_shift4_scale_0p8_1p2_steps10000_tr2]:  86%|████████▌ | 8557/10000 [03:26<00:28, 50.77it/s, acc=0.309, device=mps, eta=39s, loss=1.9712, sps=41.4]
BC[stage1_datasets_L40_stepsweep/bc_shift4_scale_0p8_1p2_steps10000_tr2]:  86%|████████▌ | 8564/10000 [03:26<00:36, 39.15it/s, acc=0.309, device=mps, eta=39s, loss=1.9712, sps=41.4]
BC[stage1_datasets_L40_stepsweep/bc_shift4_scale_0p8_1p2_steps10000_tr2]:  86%|████████▌ | 8572/10000 [03:26<00:30, 46.25it/s, acc=0.309, device=mps, eta=39s, loss=1.9712, sps=41.4]
BC[stage1_datasets_L40_stepsweep/bc_shift4_scale_0p8_1p2_steps10000_tr2]:  86%|████████▌ | 8581/10000 [03:27<00:37, 38.08it/s, acc=0.309, device=mps, eta=39s, loss=1.9712, sps=41.4]
BC[stage1_datasets_L40_stepsweep/bc_shift4_scale_0p8_1p2_steps10000_tr2]:  86%|████████▌ | 8588/10000 [03:27<00:33, 41.97it/s, acc=0.309, device=mps, eta=39s, loss=1.9712, sps=41.4]
BC[stage1_datasets_L40_stepsweep/bc_shift4_scale_0p8_1p2_steps10000_tr2]:  86%|████████▌ | 8594/10000 [03:27<00:31, 45.18it/s, acc=0.309, device=mps, eta=39s, loss=1.9712, sps=41.4]
BC[stage1_datasets_L40_stepsweep/bc_shift4_scale_0p8_1p2_steps10000_tr2]:  86%|████████▌ | 8594/10000 [03:27<00:31, 45.18it/s, acc=0.318, device=mps, eta=34s, loss=1.9475, sps=41.5]
BC[stage1_datasets_L40_stepsweep/bc_shift4_scale_0p8_1p2_steps10000_tr2]:  86%|████████▌ | 8601/10000 [03:27<00:40, 34.85it/s, acc=0.318, device=mps, eta=34s, loss=1.9475, sps=41.5]
BC[stage1_datasets_L40_stepsweep/bc_shift4_scale_0p8_1p2_steps10000_tr2]:  86%|████████▌ | 8609/10000 [03:27<00:33, 41.54it/s, acc=0.318, device=mps, eta=34s, loss=1.9475, sps=41.5]
BC[stage1_datasets_L40_stepsweep/bc_shift4_scale_0p8_1p2_steps10000_tr2]:  86%|████████▌ | 8615/10000 [03:27<00:31, 43.50it/s, acc=0.318, device=mps, eta=34s, loss=1.9475, sps=41.5]
BC[stage1_datasets_L40_stepsweep/bc_shift4_scale_0p8_1p2_steps10000_tr2]:  86%|████████▌ | 8621/10000 [03:28<00:41, 32.97it/s, acc=0.318, device=mps, eta=34s, loss=1.9475, sps=41.5]
BC[stage1_datasets_L40_stepsweep/bc_shift4_scale_0p8_1p2_steps10000_tr2]:  86%|████████▋ | 8629/10000 [03:28<00:34, 40.24it/s, acc=0.318, device=mps, eta=34s, loss=1.9475, sps=41.5]
BC[stage1_datasets_L40_stepsweep/bc_shift4_scale_0p8_1p2_steps10000_tr2]:  86%|████████▋ | 8635/10000 [03:28<00:31, 43.48it/s, acc=0.318, device=mps, eta=34s, loss=1.9475, sps=41.5]
BC[stage1_datasets_L40_stepsweep/bc_shift4_scale_0p8_1p2_steps10000_tr2]:  86%|████████▋ | 8641/10000 [03:28<00:41, 33.01it/s, acc=0.318, device=mps, eta=34s, loss=1.9475, sps=41.5]
BC[stage1_datasets_L40_stepsweep/bc_shift4_scale_0p8_1p2_steps10000_tr2]:  86%|████████▋ | 8649/10000 [03:28<00:33, 40.73it/s, acc=0.318, device=mps, eta=34s, loss=1.9475, sps=41.5]
BC[stage1_datasets_L40_stepsweep/bc_shift4_scale_0p8_1p2_steps10000_tr2]:  87%|████████▋ | 8657/10000 [03:28<00:27, 48.10it/s, acc=0.318, device=mps, eta=34s, loss=1.9475, sps=41.5]
BC[stage1_datasets_L40_stepsweep/bc_shift4_scale_0p8_1p2_steps10000_tr2]:  87%|████████▋ | 8663/10000 [03:29<00:36, 36.36it/s, acc=0.318, device=mps, eta=34s, loss=1.9475, sps=41.5]
BC[stage1_datasets_L40_stepsweep/bc_shift4_scale_0p8_1p2_steps10000_tr2]:  87%|████████▋ | 8671/10000 [03:29<00:30, 43.85it/s, acc=0.318, device=mps, eta=34s, loss=1.9475, sps=41.5]
BC[stage1_datasets_L40_stepsweep/bc_shift4_scale_0p8_1p2_steps10000_tr2]:  87%|████████▋ | 8679/10000 [03:29<00:26, 50.31it/s, acc=0.318, device=mps, eta=34s, loss=1.9475, sps=41.5]
BC[stage1_datasets_L40_stepsweep/bc_shift4_scale_0p8_1p2_steps10000_tr2]:  87%|████████▋ | 8686/10000 [03:29<00:34, 38.37it/s, acc=0.318, device=mps, eta=34s, loss=1.9475, sps=41.5]
BC[stage1_datasets_L40_stepsweep/bc_shift4_scale_0p8_1p2_steps10000_tr2]:  87%|████████▋ | 8694/10000 [03:29<00:28, 45.41it/s, acc=0.318, device=mps, eta=34s, loss=1.9475, sps=41.5]
BC[stage1_datasets_L40_stepsweep/bc_shift4_scale_0p8_1p2_steps10000_tr2]:  87%|████████▋ | 8701/10000 [03:30<00:36, 36.06it/s, acc=0.318, device=mps, eta=34s, loss=1.9475, sps=41.5]
BC[stage1_datasets_L40_stepsweep/bc_shift4_scale_0p8_1p2_steps10000_tr2]:  87%|████████▋ | 8709/10000 [03:30<00:29, 43.27it/s, acc=0.318, device=mps, eta=34s, loss=1.9475, sps=41.5]
BC[stage1_datasets_L40_stepsweep/bc_shift4_scale_0p8_1p2_steps10000_tr2]:  87%|████████▋ | 8717/10000 [03:30<00:25, 49.84it/s, acc=0.318, device=mps, eta=34s, loss=1.9475, sps=41.5]
BC[stage1_datasets_L40_stepsweep/bc_shift4_scale_0p8_1p2_steps10000_tr2]:  87%|████████▋ | 8724/10000 [03:30<00:33, 38.19it/s, acc=0.318, device=mps, eta=34s, loss=1.9475, sps=41.5]
BC[stage1_datasets_L40_stepsweep/bc_shift4_scale_0p8_1p2_steps10000_tr2]:  87%|████████▋ | 8732/10000 [03:30<00:28, 45.19it/s, acc=0.318, device=mps, eta=34s, loss=1.9475, sps=41.5]
BC[stage1_datasets_L40_stepsweep/bc_shift4_scale_0p8_1p2_steps10000_tr2]:  87%|████████▋ | 8740/10000 [03:30<00:24, 52.14it/s, acc=0.318, device=mps, eta=34s, loss=1.9475, sps=41.5]
BC[stage1_datasets_L40_stepsweep/bc_shift4_scale_0p8_1p2_steps10000_tr2]:  87%|████████▋ | 8747/10000 [03:31<00:32, 39.00it/s, acc=0.318, device=mps, eta=34s, loss=1.9475, sps=41.5]
BC[stage1_datasets_L40_stepsweep/bc_shift4_scale_0p8_1p2_steps10000_tr2]:  88%|████████▊ | 8755/10000 [03:31<00:26, 46.25it/s, acc=0.318, device=mps, eta=34s, loss=1.9475, sps=41.5]
BC[stage1_datasets_L40_stepsweep/bc_shift4_scale_0p8_1p2_steps10000_tr2]:  88%|████████▊ | 8761/10000 [03:31<00:34, 36.18it/s, acc=0.318, device=mps, eta=34s, loss=1.9475, sps=41.5]
BC[stage1_datasets_L40_stepsweep/bc_shift4_scale_0p8_1p2_steps10000_tr2]:  88%|████████▊ | 8769/10000 [03:31<00:28, 43.57it/s, acc=0.318, device=mps, eta=34s, loss=1.9475, sps=41.5]
BC[stage1_datasets_L40_stepsweep/bc_shift4_scale_0p8_1p2_steps10000_tr2]:  88%|████████▊ | 8777/10000 [03:31<00:24, 50.37it/s, acc=0.318, device=mps, eta=34s, loss=1.9475, sps=41.5]
BC[stage1_datasets_L40_stepsweep/bc_shift4_scale_0p8_1p2_steps10000_tr2]:  88%|████████▊ | 8784/10000 [03:31<00:31, 38.34it/s, acc=0.318, device=mps, eta=34s, loss=1.9475, sps=41.5]
BC[stage1_datasets_L40_stepsweep/bc_shift4_scale_0p8_1p2_steps10000_tr2]:  88%|████████▊ | 8792/10000 [03:32<00:26, 45.34it/s, acc=0.318, device=mps, eta=34s, loss=1.9475, sps=41.5]
BC[stage1_datasets_L40_stepsweep/bc_shift4_scale_0p8_1p2_steps10000_tr2]:  88%|████████▊ | 8792/10000 [03:32<00:26, 45.34it/s, acc=0.314, device=mps, eta=29s, loss=1.9655, sps=41.5]
BC[stage1_datasets_L40_stepsweep/bc_shift4_scale_0p8_1p2_steps10000_tr2]:  88%|████████▊ | 8800/10000 [03:32<00:22, 52.25it/s, acc=0.314, device=mps, eta=29s, loss=1.9655, sps=41.5]
BC[stage1_datasets_L40_stepsweep/bc_shift4_scale_0p8_1p2_steps10000_tr2]:  88%|████████▊ | 8807/10000 [03:32<00:30, 38.94it/s, acc=0.314, device=mps, eta=29s, loss=1.9655, sps=41.5]
BC[stage1_datasets_L40_stepsweep/bc_shift4_scale_0p8_1p2_steps10000_tr2]:  88%|████████▊ | 8815/10000 [03:32<00:25, 45.92it/s, acc=0.314, device=mps, eta=29s, loss=1.9655, sps=41.5]
BC[stage1_datasets_L40_stepsweep/bc_shift4_scale_0p8_1p2_steps10000_tr2]:  88%|████████▊ | 8821/10000 [03:32<00:33, 35.58it/s, acc=0.314, device=mps, eta=29s, loss=1.9655, sps=41.5]
BC[stage1_datasets_L40_stepsweep/bc_shift4_scale_0p8_1p2_steps10000_tr2]:  88%|████████▊ | 8829/10000 [03:32<00:27, 43.03it/s, acc=0.314, device=mps, eta=29s, loss=1.9655, sps=41.5]
BC[stage1_datasets_L40_stepsweep/bc_shift4_scale_0p8_1p2_steps10000_tr2]:  88%|████████▊ | 8837/10000 [03:33<00:23, 49.73it/s, acc=0.314, device=mps, eta=29s, loss=1.9655, sps=41.5]
BC[stage1_datasets_L40_stepsweep/bc_shift4_scale_0p8_1p2_steps10000_tr2]:  88%|████████▊ | 8844/10000 [03:33<00:30, 37.86it/s, acc=0.314, device=mps, eta=29s, loss=1.9655, sps=41.5]
BC[stage1_datasets_L40_stepsweep/bc_shift4_scale_0p8_1p2_steps10000_tr2]:  89%|████████▊ | 8852/10000 [03:33<00:25, 44.91it/s, acc=0.314, device=mps, eta=29s, loss=1.9655, sps=41.5]
BC[stage1_datasets_L40_stepsweep/bc_shift4_scale_0p8_1p2_steps10000_tr2]:  89%|████████▊ | 8861/10000 [03:33<00:30, 37.45it/s, acc=0.314, device=mps, eta=29s, loss=1.9655, sps=41.5]
BC[stage1_datasets_L40_stepsweep/bc_shift4_scale_0p8_1p2_steps10000_tr2]:  89%|████████▊ | 8869/10000 [03:33<00:25, 44.11it/s, acc=0.314, device=mps, eta=29s, loss=1.9655, sps=41.5]
BC[stage1_datasets_L40_stepsweep/bc_shift4_scale_0p8_1p2_steps10000_tr2]:  89%|████████▉ | 8877/10000 [03:33<00:22, 50.33it/s, acc=0.314, device=mps, eta=29s, loss=1.9655, sps=41.5]
BC[stage1_datasets_L40_stepsweep/bc_shift4_scale_0p8_1p2_steps10000_tr2]:  89%|████████▉ | 8884/10000 [03:34<00:28, 38.62it/s, acc=0.314, device=mps, eta=29s, loss=1.9655, sps=41.5]
BC[stage1_datasets_L40_stepsweep/bc_shift4_scale_0p8_1p2_steps10000_tr2]:  89%|████████▉ | 8892/10000 [03:34<00:24, 45.41it/s, acc=0.314, device=mps, eta=29s, loss=1.9655, sps=41.5]
BC[stage1_datasets_L40_stepsweep/bc_shift4_scale_0p8_1p2_steps10000_tr2]:  89%|████████▉ | 8900/10000 [03:34<00:21, 52.31it/s, acc=0.314, device=mps, eta=29s, loss=1.9655, sps=41.5]
BC[stage1_datasets_L40_stepsweep/bc_shift4_scale_0p8_1p2_steps10000_tr2]:  89%|████████▉ | 8907/10000 [03:34<00:27, 39.09it/s, acc=0.314, device=mps, eta=29s, loss=1.9655, sps=41.5]
BC[stage1_datasets_L40_stepsweep/bc_shift4_scale_0p8_1p2_steps10000_tr2]:  89%|████████▉ | 8915/10000 [03:34<00:23, 46.06it/s, acc=0.314, device=mps, eta=29s, loss=1.9655, sps=41.5]
BC[stage1_datasets_L40_stepsweep/bc_shift4_scale_0p8_1p2_steps10000_tr2]:  89%|████████▉ | 8921/10000 [03:35<00:30, 35.62it/s, acc=0.314, device=mps, eta=29s, loss=1.9655, sps=41.5]
BC[stage1_datasets_L40_stepsweep/bc_shift4_scale_0p8_1p2_steps10000_tr2]:  89%|████████▉ | 8927/10000 [03:35<00:26, 39.88it/s, acc=0.314, device=mps, eta=29s, loss=1.9655, sps=41.5]
BC[stage1_datasets_L40_stepsweep/bc_shift4_scale_0p8_1p2_steps10000_tr2]:  89%|████████▉ | 8934/10000 [03:35<00:23, 44.57it/s, acc=0.314, device=mps, eta=29s, loss=1.9655, sps=41.5]
BC[stage1_datasets_L40_stepsweep/bc_shift4_scale_0p8_1p2_steps10000_tr2]:  89%|████████▉ | 8941/10000 [03:35<00:30, 34.75it/s, acc=0.314, device=mps, eta=29s, loss=1.9655, sps=41.5]
BC[stage1_datasets_L40_stepsweep/bc_shift4_scale_0p8_1p2_steps10000_tr2]:  89%|████████▉ | 8949/10000 [03:35<00:24, 42.35it/s, acc=0.314, device=mps, eta=29s, loss=1.9655, sps=41.5]
BC[stage1_datasets_L40_stepsweep/bc_shift4_scale_0p8_1p2_steps10000_tr2]:  90%|████████▉ | 8957/10000 [03:35<00:21, 49.19it/s, acc=0.314, device=mps, eta=29s, loss=1.9655, sps=41.5]
BC[stage1_datasets_L40_stepsweep/bc_shift4_scale_0p8_1p2_steps10000_tr2]:  90%|████████▉ | 8964/10000 [03:36<00:27, 37.72it/s, acc=0.314, device=mps, eta=29s, loss=1.9655, sps=41.5]
BC[stage1_datasets_L40_stepsweep/bc_shift4_scale_0p8_1p2_steps10000_tr2]:  90%|████████▉ | 8972/10000 [03:36<00:22, 44.90it/s, acc=0.314, device=mps, eta=29s, loss=1.9655, sps=41.5]
BC[stage1_datasets_L40_stepsweep/bc_shift4_scale_0p8_1p2_steps10000_tr2]:  90%|████████▉ | 8981/10000 [03:36<00:27, 37.43it/s, acc=0.314, device=mps, eta=29s, loss=1.9655, sps=41.5]
BC[stage1_datasets_L40_stepsweep/bc_shift4_scale_0p8_1p2_steps10000_tr2]:  90%|████████▉ | 8987/10000 [03:36<00:24, 40.83it/s, acc=0.314, device=mps, eta=29s, loss=1.9655, sps=41.5]
BC[stage1_datasets_L40_stepsweep/bc_shift4_scale_0p8_1p2_steps10000_tr2]:  90%|████████▉ | 8993/10000 [03:36<00:23, 43.63it/s, acc=0.314, device=mps, eta=29s, loss=1.9655, sps=41.5]
BC[stage1_datasets_L40_stepsweep/bc_shift4_scale_0p8_1p2_steps10000_tr2]:  90%|████████▉ | 8993/10000 [03:36<00:23, 43.63it/s, acc=0.322, device=mps, eta=24s, loss=1.9454, sps=41.5]
BC[stage1_datasets_L40_stepsweep/bc_shift4_scale_0p8_1p2_steps10000_tr2]:  90%|█████████ | 9000/10000 [03:36<00:20, 48.76it/s, acc=0.322, device=mps, eta=24s, loss=1.9454, sps=41.5]
BC[stage1_datasets_L40_stepsweep/bc_shift4_scale_0p8_1p2_steps10000_tr2]:  90%|█████████ | 9006/10000 [03:37<00:27, 36.06it/s, acc=0.322, device=mps, eta=24s, loss=1.9454, sps=41.5]
BC[stage1_datasets_L40_stepsweep/bc_shift4_scale_0p8_1p2_steps10000_tr2]:  90%|█████████ | 9014/10000 [03:37<00:22, 43.75it/s, acc=0.322, device=mps, eta=24s, loss=1.9454, sps=41.5]
BC[stage1_datasets_L40_stepsweep/bc_shift4_scale_0p8_1p2_steps10000_tr2]:  90%|█████████ | 9021/10000 [03:37<00:27, 35.05it/s, acc=0.322, device=mps, eta=24s, loss=1.9454, sps=41.5]
BC[stage1_datasets_L40_stepsweep/bc_shift4_scale_0p8_1p2_steps10000_tr2]:  90%|█████████ | 9029/10000 [03:37<00:22, 42.51it/s, acc=0.322, device=mps, eta=24s, loss=1.9454, sps=41.5]
BC[stage1_datasets_L40_stepsweep/bc_shift4_scale_0p8_1p2_steps10000_tr2]:  90%|█████████ | 9037/10000 [03:37<00:19, 49.31it/s, acc=0.322, device=mps, eta=24s, loss=1.9454, sps=41.5]
BC[stage1_datasets_L40_stepsweep/bc_shift4_scale_0p8_1p2_steps10000_tr2]:  90%|█████████ | 9044/10000 [03:38<00:25, 37.62it/s, acc=0.322, device=mps, eta=24s, loss=1.9454, sps=41.5]
BC[stage1_datasets_L40_stepsweep/bc_shift4_scale_0p8_1p2_steps10000_tr2]:  90%|█████████ | 9050/10000 [03:38<00:22, 41.35it/s, acc=0.322, device=mps, eta=24s, loss=1.9454, sps=41.5]
BC[stage1_datasets_L40_stepsweep/bc_shift4_scale_0p8_1p2_steps10000_tr2]:  91%|█████████ | 9056/10000 [03:38<00:21, 44.64it/s, acc=0.322, device=mps, eta=24s, loss=1.9454, sps=41.5]
BC[stage1_datasets_L40_stepsweep/bc_shift4_scale_0p8_1p2_steps10000_tr2]:  91%|█████████ | 9062/10000 [03:38<00:28, 33.44it/s, acc=0.322, device=mps, eta=24s, loss=1.9454, sps=41.5]
BC[stage1_datasets_L40_stepsweep/bc_shift4_scale_0p8_1p2_steps10000_tr2]:  91%|█████████ | 9070/10000 [03:38<00:22, 41.74it/s, acc=0.322, device=mps, eta=24s, loss=1.9454, sps=41.5]
BC[stage1_datasets_L40_stepsweep/bc_shift4_scale_0p8_1p2_steps10000_tr2]:  91%|█████████ | 9078/10000 [03:38<00:18, 49.48it/s, acc=0.322, device=mps, eta=24s, loss=1.9454, sps=41.5]
BC[stage1_datasets_L40_stepsweep/bc_shift4_scale_0p8_1p2_steps10000_tr2]:  91%|█████████ | 9085/10000 [03:39<00:25, 36.55it/s, acc=0.322, device=mps, eta=24s, loss=1.9454, sps=41.5]
BC[stage1_datasets_L40_stepsweep/bc_shift4_scale_0p8_1p2_steps10000_tr2]:  91%|█████████ | 9091/10000 [03:39<00:22, 40.34it/s, acc=0.322, device=mps, eta=24s, loss=1.9454, sps=41.5]
BC[stage1_datasets_L40_stepsweep/bc_shift4_scale_0p8_1p2_steps10000_tr2]:  91%|█████████ | 9098/10000 [03:39<00:19, 45.60it/s, acc=0.322, device=mps, eta=24s, loss=1.9454, sps=41.5]
BC[stage1_datasets_L40_stepsweep/bc_shift4_scale_0p8_1p2_steps10000_tr2]:  91%|█████████ | 9104/10000 [03:39<00:25, 34.88it/s, acc=0.322, device=mps, eta=24s, loss=1.9454, sps=41.5]
BC[stage1_datasets_L40_stepsweep/bc_shift4_scale_0p8_1p2_steps10000_tr2]:  91%|█████████ | 9112/10000 [03:39<00:20, 42.74it/s, acc=0.322, device=mps, eta=24s, loss=1.9454, sps=41.5]
BC[stage1_datasets_L40_stepsweep/bc_shift4_scale_0p8_1p2_steps10000_tr2]:  91%|█████████ | 9121/10000 [03:40<00:24, 36.15it/s, acc=0.322, device=mps, eta=24s, loss=1.9454, sps=41.5]
BC[stage1_datasets_L40_stepsweep/bc_shift4_scale_0p8_1p2_steps10000_tr2]:  91%|█████████▏| 9129/10000 [03:40<00:20, 43.17it/s, acc=0.322, device=mps, eta=24s, loss=1.9454, sps=41.5]
BC[stage1_datasets_L40_stepsweep/bc_shift4_scale_0p8_1p2_steps10000_tr2]:  91%|█████████▏| 9137/10000 [03:40<00:17, 49.57it/s, acc=0.322, device=mps, eta=24s, loss=1.9454, sps=41.5]
BC[stage1_datasets_L40_stepsweep/bc_shift4_scale_0p8_1p2_steps10000_tr2]:  91%|█████████▏| 9144/10000 [03:40<00:22, 38.10it/s, acc=0.322, device=mps, eta=24s, loss=1.9454, sps=41.5]
BC[stage1_datasets_L40_stepsweep/bc_shift4_scale_0p8_1p2_steps10000_tr2]:  92%|█████████▏| 9152/10000 [03:40<00:18, 44.99it/s, acc=0.322, device=mps, eta=24s, loss=1.9454, sps=41.5]
BC[stage1_datasets_L40_stepsweep/bc_shift4_scale_0p8_1p2_steps10000_tr2]:  92%|█████████▏| 9160/10000 [03:40<00:16, 51.77it/s, acc=0.322, device=mps, eta=24s, loss=1.9454, sps=41.5]
BC[stage1_datasets_L40_stepsweep/bc_shift4_scale_0p8_1p2_steps10000_tr2]:  92%|█████████▏| 9167/10000 [03:41<00:21, 38.93it/s, acc=0.322, device=mps, eta=24s, loss=1.9454, sps=41.5]
BC[stage1_datasets_L40_stepsweep/bc_shift4_scale_0p8_1p2_steps10000_tr2]:  92%|█████████▏| 9175/10000 [03:41<00:17, 45.84it/s, acc=0.322, device=mps, eta=24s, loss=1.9454, sps=41.5]
BC[stage1_datasets_L40_stepsweep/bc_shift4_scale_0p8_1p2_steps10000_tr2]:  92%|█████████▏| 9181/10000 [03:41<00:23, 35.59it/s, acc=0.322, device=mps, eta=24s, loss=1.9454, sps=41.5]
BC[stage1_datasets_L40_stepsweep/bc_shift4_scale_0p8_1p2_steps10000_tr2]:  92%|█████████▏| 9189/10000 [03:41<00:18, 42.97it/s, acc=0.322, device=mps, eta=24s, loss=1.9454, sps=41.5]
BC[stage1_datasets_L40_stepsweep/bc_shift4_scale_0p8_1p2_steps10000_tr2]:  92%|█████████▏| 9197/10000 [03:41<00:16, 49.70it/s, acc=0.322, device=mps, eta=24s, loss=1.9454, sps=41.5]
BC[stage1_datasets_L40_stepsweep/bc_shift4_scale_0p8_1p2_steps10000_tr2]:  92%|█████████▏| 9197/10000 [03:41<00:16, 49.70it/s, acc=0.316, device=mps, eta=19s, loss=1.9549, sps=41.5]
BC[stage1_datasets_L40_stepsweep/bc_shift4_scale_0p8_1p2_steps10000_tr2]:  92%|█████████▏| 9204/10000 [03:41<00:20, 37.99it/s, acc=0.316, device=mps, eta=19s, loss=1.9549, sps=41.5]
BC[stage1_datasets_L40_stepsweep/bc_shift4_scale_0p8_1p2_steps10000_tr2]:  92%|█████████▏| 9212/10000 [03:42<00:17, 44.92it/s, acc=0.316, device=mps, eta=19s, loss=1.9549, sps=41.5]
BC[stage1_datasets_L40_stepsweep/bc_shift4_scale_0p8_1p2_steps10000_tr2]:  92%|█████████▏| 9220/10000 [03:42<00:15, 51.46it/s, acc=0.316, device=mps, eta=19s, loss=1.9549, sps=41.5]
BC[stage1_datasets_L40_stepsweep/bc_shift4_scale_0p8_1p2_steps10000_tr2]:  92%|█████████▏| 9227/10000 [03:42<00:19, 38.80it/s, acc=0.316, device=mps, eta=19s, loss=1.9549, sps=41.5]
BC[stage1_datasets_L40_stepsweep/bc_shift4_scale_0p8_1p2_steps10000_tr2]:  92%|█████████▏| 9235/10000 [03:42<00:16, 45.34it/s, acc=0.316, device=mps, eta=19s, loss=1.9549, sps=41.5]
BC[stage1_datasets_L40_stepsweep/bc_shift4_scale_0p8_1p2_steps10000_tr2]:  92%|█████████▏| 9241/10000 [03:42<00:21, 35.51it/s, acc=0.316, device=mps, eta=19s, loss=1.9549, sps=41.5]
BC[stage1_datasets_L40_stepsweep/bc_shift4_scale_0p8_1p2_steps10000_tr2]:  92%|█████████▏| 9249/10000 [03:42<00:17, 42.85it/s, acc=0.316, device=mps, eta=19s, loss=1.9549, sps=41.5]
BC[stage1_datasets_L40_stepsweep/bc_shift4_scale_0p8_1p2_steps10000_tr2]:  93%|█████████▎| 9257/10000 [03:43<00:15, 49.38it/s, acc=0.316, device=mps, eta=19s, loss=1.9549, sps=41.5]
BC[stage1_datasets_L40_stepsweep/bc_shift4_scale_0p8_1p2_steps10000_tr2]:  93%|█████████▎| 9264/10000 [03:43<00:19, 38.01it/s, acc=0.316, device=mps, eta=19s, loss=1.9549, sps=41.5]
BC[stage1_datasets_L40_stepsweep/bc_shift4_scale_0p8_1p2_steps10000_tr2]:  93%|█████████▎| 9272/10000 [03:43<00:16, 45.01it/s, acc=0.316, device=mps, eta=19s, loss=1.9549, sps=41.5]
BC[stage1_datasets_L40_stepsweep/bc_shift4_scale_0p8_1p2_steps10000_tr2]:  93%|█████████▎| 9281/10000 [03:43<00:19, 37.55it/s, acc=0.316, device=mps, eta=19s, loss=1.9549, sps=41.5]
BC[stage1_datasets_L40_stepsweep/bc_shift4_scale_0p8_1p2_steps10000_tr2]:  93%|█████████▎| 9289/10000 [03:43<00:16, 44.26it/s, acc=0.316, device=mps, eta=19s, loss=1.9549, sps=41.5]
BC[stage1_datasets_L40_stepsweep/bc_shift4_scale_0p8_1p2_steps10000_tr2]:  93%|█████████▎| 9297/10000 [03:44<00:13, 50.26it/s, acc=0.316, device=mps, eta=19s, loss=1.9549, sps=41.5]
BC[stage1_datasets_L40_stepsweep/bc_shift4_scale_0p8_1p2_steps10000_tr2]:  93%|█████████▎| 9304/10000 [03:44<00:17, 38.69it/s, acc=0.316, device=mps, eta=19s, loss=1.9549, sps=41.5]
BC[stage1_datasets_L40_stepsweep/bc_shift4_scale_0p8_1p2_steps10000_tr2]:  93%|█████████▎| 9312/10000 [03:44<00:15, 45.44it/s, acc=0.316, device=mps, eta=19s, loss=1.9549, sps=41.5]
BC[stage1_datasets_L40_stepsweep/bc_shift4_scale_0p8_1p2_steps10000_tr2]:  93%|█████████▎| 9321/10000 [03:44<00:17, 37.78it/s, acc=0.316, device=mps, eta=19s, loss=1.9549, sps=41.5]
BC[stage1_datasets_L40_stepsweep/bc_shift4_scale_0p8_1p2_steps10000_tr2]:  93%|█████████▎| 9329/10000 [03:44<00:15, 44.34it/s, acc=0.316, device=mps, eta=19s, loss=1.9549, sps=41.5]
BC[stage1_datasets_L40_stepsweep/bc_shift4_scale_0p8_1p2_steps10000_tr2]:  93%|█████████▎| 9337/10000 [03:44<00:13, 50.61it/s, acc=0.316, device=mps, eta=19s, loss=1.9549, sps=41.5]
BC[stage1_datasets_L40_stepsweep/bc_shift4_scale_0p8_1p2_steps10000_tr2]:  93%|█████████▎| 9344/10000 [03:45<00:16, 38.76it/s, acc=0.316, device=mps, eta=19s, loss=1.9549, sps=41.5]
BC[stage1_datasets_L40_stepsweep/bc_shift4_scale_0p8_1p2_steps10000_tr2]:  94%|█████████▎| 9352/10000 [03:45<00:14, 45.47it/s, acc=0.316, device=mps, eta=19s, loss=1.9549, sps=41.5]
BC[stage1_datasets_L40_stepsweep/bc_shift4_scale_0p8_1p2_steps10000_tr2]:  94%|█████████▎| 9360/10000 [03:45<00:12, 52.34it/s, acc=0.316, device=mps, eta=19s, loss=1.9549, sps=41.5]
BC[stage1_datasets_L40_stepsweep/bc_shift4_scale_0p8_1p2_steps10000_tr2]:  94%|█████████▎| 9367/10000 [03:45<00:16, 39.11it/s, acc=0.316, device=mps, eta=19s, loss=1.9549, sps=41.5]
BC[stage1_datasets_L40_stepsweep/bc_shift4_scale_0p8_1p2_steps10000_tr2]:  94%|█████████▍| 9375/10000 [03:45<00:13, 45.88it/s, acc=0.316, device=mps, eta=19s, loss=1.9549, sps=41.5]
BC[stage1_datasets_L40_stepsweep/bc_shift4_scale_0p8_1p2_steps10000_tr2]:  94%|█████████▍| 9381/10000 [03:46<00:17, 35.57it/s, acc=0.316, device=mps, eta=19s, loss=1.9549, sps=41.5]
BC[stage1_datasets_L40_stepsweep/bc_shift4_scale_0p8_1p2_steps10000_tr2]:  94%|█████████▍| 9389/10000 [03:46<00:14, 42.84it/s, acc=0.316, device=mps, eta=19s, loss=1.9549, sps=41.5]
BC[stage1_datasets_L40_stepsweep/bc_shift4_scale_0p8_1p2_steps10000_tr2]:  94%|█████████▍| 9397/10000 [03:46<00:12, 49.41it/s, acc=0.316, device=mps, eta=19s, loss=1.9549, sps=41.5]
BC[stage1_datasets_L40_stepsweep/bc_shift4_scale_0p8_1p2_steps10000_tr2]:  94%|█████████▍| 9397/10000 [03:46<00:12, 49.41it/s, acc=0.323, device=mps, eta=14s, loss=1.9314, sps=41.5]
BC[stage1_datasets_L40_stepsweep/bc_shift4_scale_0p8_1p2_steps10000_tr2]:  94%|█████████▍| 9404/10000 [03:46<00:16, 37.04it/s, acc=0.323, device=mps, eta=14s, loss=1.9314, sps=41.5]
BC[stage1_datasets_L40_stepsweep/bc_shift4_scale_0p8_1p2_steps10000_tr2]:  94%|█████████▍| 9410/10000 [03:46<00:14, 40.55it/s, acc=0.323, device=mps, eta=14s, loss=1.9314, sps=41.5]
BC[stage1_datasets_L40_stepsweep/bc_shift4_scale_0p8_1p2_steps10000_tr2]:  94%|█████████▍| 9417/10000 [03:46<00:12, 45.06it/s, acc=0.323, device=mps, eta=14s, loss=1.9314, sps=41.5]
BC[stage1_datasets_L40_stepsweep/bc_shift4_scale_0p8_1p2_steps10000_tr2]:  94%|█████████▍| 9423/10000 [03:47<00:17, 33.91it/s, acc=0.323, device=mps, eta=14s, loss=1.9314, sps=41.5]
BC[stage1_datasets_L40_stepsweep/bc_shift4_scale_0p8_1p2_steps10000_tr2]:  94%|█████████▍| 9431/10000 [03:47<00:13, 41.69it/s, acc=0.323, device=mps, eta=14s, loss=1.9314, sps=41.5]
BC[stage1_datasets_L40_stepsweep/bc_shift4_scale_0p8_1p2_steps10000_tr2]:  94%|█████████▍| 9439/10000 [03:47<00:11, 48.52it/s, acc=0.323, device=mps, eta=14s, loss=1.9314, sps=41.5]
BC[stage1_datasets_L40_stepsweep/bc_shift4_scale_0p8_1p2_steps10000_tr2]:  94%|█████████▍| 9445/10000 [03:47<00:15, 36.63it/s, acc=0.323, device=mps, eta=14s, loss=1.9314, sps=41.5]
BC[stage1_datasets_L40_stepsweep/bc_shift4_scale_0p8_1p2_steps10000_tr2]:  95%|█████████▍| 9453/10000 [03:47<00:12, 44.00it/s, acc=0.323, device=mps, eta=14s, loss=1.9314, sps=41.5]
BC[stage1_datasets_L40_stepsweep/bc_shift4_scale_0p8_1p2_steps10000_tr2]:  95%|█████████▍| 9461/10000 [03:48<00:14, 36.01it/s, acc=0.323, device=mps, eta=14s, loss=1.9314, sps=41.5]
BC[stage1_datasets_L40_stepsweep/bc_shift4_scale_0p8_1p2_steps10000_tr2]:  95%|█████████▍| 9469/10000 [03:48<00:12, 42.90it/s, acc=0.323, device=mps, eta=14s, loss=1.9314, sps=41.5]
BC[stage1_datasets_L40_stepsweep/bc_shift4_scale_0p8_1p2_steps10000_tr2]:  95%|█████████▍| 9477/10000 [03:48<00:10, 49.09it/s, acc=0.323, device=mps, eta=14s, loss=1.9314, sps=41.5]
BC[stage1_datasets_L40_stepsweep/bc_shift4_scale_0p8_1p2_steps10000_tr2]:  95%|█████████▍| 9484/10000 [03:48<00:13, 38.19it/s, acc=0.323, device=mps, eta=14s, loss=1.9314, sps=41.5]
BC[stage1_datasets_L40_stepsweep/bc_shift4_scale_0p8_1p2_steps10000_tr2]:  95%|█████████▍| 9492/10000 [03:48<00:11, 45.03it/s, acc=0.323, device=mps, eta=14s, loss=1.9314, sps=41.5]
BC[stage1_datasets_L40_stepsweep/bc_shift4_scale_0p8_1p2_steps10000_tr2]:  95%|█████████▌| 9500/10000 [03:48<00:09, 51.61it/s, acc=0.323, device=mps, eta=14s, loss=1.9314, sps=41.5]
BC[stage1_datasets_L40_stepsweep/bc_shift4_scale_0p8_1p2_steps10000_tr2]:  95%|█████████▌| 9507/10000 [03:49<00:12, 39.01it/s, acc=0.323, device=mps, eta=14s, loss=1.9314, sps=41.5]
BC[stage1_datasets_L40_stepsweep/bc_shift4_scale_0p8_1p2_steps10000_tr2]:  95%|█████████▌| 9515/10000 [03:49<00:10, 45.91it/s, acc=0.323, device=mps, eta=14s, loss=1.9314, sps=41.5]
BC[stage1_datasets_L40_stepsweep/bc_shift4_scale_0p8_1p2_steps10000_tr2]:  95%|█████████▌| 9521/10000 [03:49<00:13, 35.61it/s, acc=0.323, device=mps, eta=14s, loss=1.9314, sps=41.5]
BC[stage1_datasets_L40_stepsweep/bc_shift4_scale_0p8_1p2_steps10000_tr2]:  95%|█████████▌| 9529/10000 [03:49<00:10, 43.00it/s, acc=0.323, device=mps, eta=14s, loss=1.9314, sps=41.5]
BC[stage1_datasets_L40_stepsweep/bc_shift4_scale_0p8_1p2_steps10000_tr2]:  95%|█████████▌| 9537/10000 [03:49<00:09, 49.55it/s, acc=0.323, device=mps, eta=14s, loss=1.9314, sps=41.5]
BC[stage1_datasets_L40_stepsweep/bc_shift4_scale_0p8_1p2_steps10000_tr2]:  95%|█████████▌| 9544/10000 [03:50<00:11, 38.04it/s, acc=0.323, device=mps, eta=14s, loss=1.9314, sps=41.5]
BC[stage1_datasets_L40_stepsweep/bc_shift4_scale_0p8_1p2_steps10000_tr2]:  96%|█████████▌| 9552/10000 [03:50<00:09, 45.13it/s, acc=0.323, device=mps, eta=14s, loss=1.9314, sps=41.5]
BC[stage1_datasets_L40_stepsweep/bc_shift4_scale_0p8_1p2_steps10000_tr2]:  96%|█████████▌| 9560/10000 [03:50<00:08, 52.14it/s, acc=0.323, device=mps, eta=14s, loss=1.9314, sps=41.5]
BC[stage1_datasets_L40_stepsweep/bc_shift4_scale_0p8_1p2_steps10000_tr2]:  96%|█████████▌| 9567/10000 [03:50<00:11, 36.45it/s, acc=0.323, device=mps, eta=14s, loss=1.9314, sps=41.5]
BC[stage1_datasets_L40_stepsweep/bc_shift4_scale_0p8_1p2_steps10000_tr2]:  96%|█████████▌| 9573/10000 [03:50<00:10, 39.19it/s, acc=0.323, device=mps, eta=14s, loss=1.9314, sps=41.5]
BC[stage1_datasets_L40_stepsweep/bc_shift4_scale_0p8_1p2_steps10000_tr2]:  96%|█████████▌| 9579/10000 [03:50<00:09, 42.56it/s, acc=0.323, device=mps, eta=14s, loss=1.9314, sps=41.5]
BC[stage1_datasets_L40_stepsweep/bc_shift4_scale_0p8_1p2_steps10000_tr2]:  96%|█████████▌| 9585/10000 [03:51<00:12, 33.15it/s, acc=0.323, device=mps, eta=14s, loss=1.9314, sps=41.5]
BC[stage1_datasets_L40_stepsweep/bc_shift4_scale_0p8_1p2_steps10000_tr2]:  96%|█████████▌| 9593/10000 [03:51<00:09, 41.06it/s, acc=0.323, device=mps, eta=14s, loss=1.9314, sps=41.5]
BC[stage1_datasets_L40_stepsweep/bc_shift4_scale_0p8_1p2_steps10000_tr2]:  96%|█████████▌| 9593/10000 [03:51<00:09, 41.06it/s, acc=0.318, device=mps, eta=10s, loss=1.9528, sps=41.5]
BC[stage1_datasets_L40_stepsweep/bc_shift4_scale_0p8_1p2_steps10000_tr2]:  96%|█████████▌| 9601/10000 [03:51<00:11, 34.37it/s, acc=0.318, device=mps, eta=10s, loss=1.9528, sps=41.5]
BC[stage1_datasets_L40_stepsweep/bc_shift4_scale_0p8_1p2_steps10000_tr2]:  96%|█████████▌| 9609/10000 [03:51<00:09, 41.65it/s, acc=0.318, device=mps, eta=10s, loss=1.9528, sps=41.5]
BC[stage1_datasets_L40_stepsweep/bc_shift4_scale_0p8_1p2_steps10000_tr2]:  96%|█████████▌| 9617/10000 [03:51<00:07, 48.21it/s, acc=0.318, device=mps, eta=10s, loss=1.9528, sps=41.5]
BC[stage1_datasets_L40_stepsweep/bc_shift4_scale_0p8_1p2_steps10000_tr2]:  96%|█████████▌| 9623/10000 [03:51<00:10, 36.67it/s, acc=0.318, device=mps, eta=10s, loss=1.9528, sps=41.5]
BC[stage1_datasets_L40_stepsweep/bc_shift4_scale_0p8_1p2_steps10000_tr2]:  96%|█████████▋| 9631/10000 [03:52<00:08, 44.08it/s, acc=0.318, device=mps, eta=10s, loss=1.9528, sps=41.5]
BC[stage1_datasets_L40_stepsweep/bc_shift4_scale_0p8_1p2_steps10000_tr2]:  96%|█████████▋| 9639/10000 [03:52<00:07, 51.04it/s, acc=0.318, device=mps, eta=10s, loss=1.9528, sps=41.5]
BC[stage1_datasets_L40_stepsweep/bc_shift4_scale_0p8_1p2_steps10000_tr2]:  96%|█████████▋| 9646/10000 [03:52<00:09, 37.57it/s, acc=0.318, device=mps, eta=10s, loss=1.9528, sps=41.5]
BC[stage1_datasets_L40_stepsweep/bc_shift4_scale_0p8_1p2_steps10000_tr2]:  97%|█████████▋| 9652/10000 [03:52<00:08, 41.07it/s, acc=0.318, device=mps, eta=10s, loss=1.9528, sps=41.5]
BC[stage1_datasets_L40_stepsweep/bc_shift4_scale_0p8_1p2_steps10000_tr2]:  97%|█████████▋| 9659/10000 [03:52<00:07, 46.01it/s, acc=0.318, device=mps, eta=10s, loss=1.9528, sps=41.5]
BC[stage1_datasets_L40_stepsweep/bc_shift4_scale_0p8_1p2_steps10000_tr2]:  97%|█████████▋| 9665/10000 [03:52<00:09, 34.95it/s, acc=0.318, device=mps, eta=10s, loss=1.9528, sps=41.5]
BC[stage1_datasets_L40_stepsweep/bc_shift4_scale_0p8_1p2_steps10000_tr2]:  97%|█████████▋| 9671/10000 [03:53<00:08, 39.28it/s, acc=0.318, device=mps, eta=10s, loss=1.9528, sps=41.5]
BC[stage1_datasets_L40_stepsweep/bc_shift4_scale_0p8_1p2_steps10000_tr2]:  97%|█████████▋| 9677/10000 [03:53<00:07, 43.18it/s, acc=0.318, device=mps, eta=10s, loss=1.9528, sps=41.5]
BC[stage1_datasets_L40_stepsweep/bc_shift4_scale_0p8_1p2_steps10000_tr2]:  97%|█████████▋| 9683/10000 [03:53<00:09, 32.93it/s, acc=0.318, device=mps, eta=10s, loss=1.9528, sps=41.5]
BC[stage1_datasets_L40_stepsweep/bc_shift4_scale_0p8_1p2_steps10000_tr2]:  97%|█████████▋| 9691/10000 [03:53<00:07, 41.29it/s, acc=0.318, device=mps, eta=10s, loss=1.9528, sps=41.5]
BC[stage1_datasets_L40_stepsweep/bc_shift4_scale_0p8_1p2_steps10000_tr2]:  97%|█████████▋| 9699/10000 [03:53<00:06, 49.21it/s, acc=0.318, device=mps, eta=10s, loss=1.9528, sps=41.5]
BC[stage1_datasets_L40_stepsweep/bc_shift4_scale_0p8_1p2_steps10000_tr2]:  97%|█████████▋| 9706/10000 [03:54<00:08, 35.90it/s, acc=0.318, device=mps, eta=10s, loss=1.9528, sps=41.5]
BC[stage1_datasets_L40_stepsweep/bc_shift4_scale_0p8_1p2_steps10000_tr2]:  97%|█████████▋| 9711/10000 [03:54<00:07, 38.15it/s, acc=0.318, device=mps, eta=10s, loss=1.9528, sps=41.5]
BC[stage1_datasets_L40_stepsweep/bc_shift4_scale_0p8_1p2_steps10000_tr2]:  97%|█████████▋| 9717/10000 [03:54<00:06, 41.85it/s, acc=0.318, device=mps, eta=10s, loss=1.9528, sps=41.5]
BC[stage1_datasets_L40_stepsweep/bc_shift4_scale_0p8_1p2_steps10000_tr2]:  97%|█████████▋| 9723/10000 [03:54<00:08, 32.13it/s, acc=0.318, device=mps, eta=10s, loss=1.9528, sps=41.5]
BC[stage1_datasets_L40_stepsweep/bc_shift4_scale_0p8_1p2_steps10000_tr2]:  97%|█████████▋| 9731/10000 [03:54<00:06, 40.28it/s, acc=0.318, device=mps, eta=10s, loss=1.9528, sps=41.5]
BC[stage1_datasets_L40_stepsweep/bc_shift4_scale_0p8_1p2_steps10000_tr2]:  97%|█████████▋| 9739/10000 [03:54<00:05, 47.75it/s, acc=0.318, device=mps, eta=10s, loss=1.9528, sps=41.5]
BC[stage1_datasets_L40_stepsweep/bc_shift4_scale_0p8_1p2_steps10000_tr2]:  97%|█████████▋| 9745/10000 [03:55<00:07, 36.10it/s, acc=0.318, device=mps, eta=10s, loss=1.9528, sps=41.5]
BC[stage1_datasets_L40_stepsweep/bc_shift4_scale_0p8_1p2_steps10000_tr2]:  98%|█████████▊| 9753/10000 [03:55<00:05, 43.74it/s, acc=0.318, device=mps, eta=10s, loss=1.9528, sps=41.5]
BC[stage1_datasets_L40_stepsweep/bc_shift4_scale_0p8_1p2_steps10000_tr2]:  98%|█████████▊| 9761/10000 [03:55<00:06, 35.75it/s, acc=0.318, device=mps, eta=10s, loss=1.9528, sps=41.5]
BC[stage1_datasets_L40_stepsweep/bc_shift4_scale_0p8_1p2_steps10000_tr2]:  98%|█████████▊| 9769/10000 [03:55<00:05, 42.92it/s, acc=0.318, device=mps, eta=10s, loss=1.9528, sps=41.5]
BC[stage1_datasets_L40_stepsweep/bc_shift4_scale_0p8_1p2_steps10000_tr2]:  98%|█████████▊| 9777/10000 [03:55<00:04, 49.52it/s, acc=0.318, device=mps, eta=10s, loss=1.9528, sps=41.5]
BC[stage1_datasets_L40_stepsweep/bc_shift4_scale_0p8_1p2_steps10000_tr2]:  98%|█████████▊| 9784/10000 [03:55<00:05, 38.03it/s, acc=0.318, device=mps, eta=10s, loss=1.9528, sps=41.5]
BC[stage1_datasets_L40_stepsweep/bc_shift4_scale_0p8_1p2_steps10000_tr2]:  98%|█████████▊| 9792/10000 [03:56<00:04, 45.12it/s, acc=0.318, device=mps, eta=10s, loss=1.9528, sps=41.5]
BC[stage1_datasets_L40_stepsweep/bc_shift4_scale_0p8_1p2_steps10000_tr2]:  98%|█████████▊| 9792/10000 [03:56<00:04, 45.12it/s, acc=0.326, device=mps, eta=5s, loss=1.9261, sps=41.5] 
BC[stage1_datasets_L40_stepsweep/bc_shift4_scale_0p8_1p2_steps10000_tr2]:  98%|█████████▊| 9800/10000 [03:56<00:03, 52.05it/s, acc=0.326, device=mps, eta=5s, loss=1.9261, sps=41.5]
BC[stage1_datasets_L40_stepsweep/bc_shift4_scale_0p8_1p2_steps10000_tr2]:  98%|█████████▊| 9807/10000 [03:56<00:05, 37.68it/s, acc=0.326, device=mps, eta=5s, loss=1.9261, sps=41.5]
BC[stage1_datasets_L40_stepsweep/bc_shift4_scale_0p8_1p2_steps10000_tr2]:  98%|█████████▊| 9813/10000 [03:56<00:04, 40.73it/s, acc=0.326, device=mps, eta=5s, loss=1.9261, sps=41.5]
BC[stage1_datasets_L40_stepsweep/bc_shift4_scale_0p8_1p2_steps10000_tr2]:  98%|█████████▊| 9819/10000 [03:56<00:04, 44.32it/s, acc=0.326, device=mps, eta=5s, loss=1.9261, sps=41.5]
BC[stage1_datasets_L40_stepsweep/bc_shift4_scale_0p8_1p2_steps10000_tr2]:  98%|█████████▊| 9825/10000 [03:56<00:05, 34.35it/s, acc=0.326, device=mps, eta=5s, loss=1.9261, sps=41.5]
BC[stage1_datasets_L40_stepsweep/bc_shift4_scale_0p8_1p2_steps10000_tr2]:  98%|█████████▊| 9833/10000 [03:57<00:03, 41.89it/s, acc=0.326, device=mps, eta=5s, loss=1.9261, sps=41.5]
BC[stage1_datasets_L40_stepsweep/bc_shift4_scale_0p8_1p2_steps10000_tr2]:  98%|█████████▊| 9841/10000 [03:57<00:04, 34.50it/s, acc=0.326, device=mps, eta=5s, loss=1.9261, sps=41.5]
BC[stage1_datasets_L40_stepsweep/bc_shift4_scale_0p8_1p2_steps10000_tr2]:  98%|█████████▊| 9848/10000 [03:57<00:03, 39.76it/s, acc=0.326, device=mps, eta=5s, loss=1.9261, sps=41.5]
BC[stage1_datasets_L40_stepsweep/bc_shift4_scale_0p8_1p2_steps10000_tr2]:  99%|█████████▊| 9854/10000 [03:57<00:03, 43.17it/s, acc=0.326, device=mps, eta=5s, loss=1.9261, sps=41.5]
BC[stage1_datasets_L40_stepsweep/bc_shift4_scale_0p8_1p2_steps10000_tr2]:  99%|█████████▊| 9861/10000 [03:57<00:04, 34.55it/s, acc=0.326, device=mps, eta=5s, loss=1.9261, sps=41.5]
BC[stage1_datasets_L40_stepsweep/bc_shift4_scale_0p8_1p2_steps10000_tr2]:  99%|█████████▊| 9868/10000 [03:58<00:03, 39.96it/s, acc=0.326, device=mps, eta=5s, loss=1.9261, sps=41.5]
BC[stage1_datasets_L40_stepsweep/bc_shift4_scale_0p8_1p2_steps10000_tr2]:  99%|█████████▉| 9875/10000 [03:58<00:02, 45.03it/s, acc=0.326, device=mps, eta=5s, loss=1.9261, sps=41.5]
BC[stage1_datasets_L40_stepsweep/bc_shift4_scale_0p8_1p2_steps10000_tr2]:  99%|█████████▉| 9881/10000 [03:58<00:03, 34.30it/s, acc=0.326, device=mps, eta=5s, loss=1.9261, sps=41.5]
BC[stage1_datasets_L40_stepsweep/bc_shift4_scale_0p8_1p2_steps10000_tr2]:  99%|█████████▉| 9887/10000 [03:58<00:02, 38.92it/s, acc=0.326, device=mps, eta=5s, loss=1.9261, sps=41.5]
BC[stage1_datasets_L40_stepsweep/bc_shift4_scale_0p8_1p2_steps10000_tr2]:  99%|█████████▉| 9893/10000 [03:58<00:02, 42.21it/s, acc=0.326, device=mps, eta=5s, loss=1.9261, sps=41.5]
BC[stage1_datasets_L40_stepsweep/bc_shift4_scale_0p8_1p2_steps10000_tr2]:  99%|█████████▉| 9899/10000 [03:58<00:02, 45.77it/s, acc=0.326, device=mps, eta=5s, loss=1.9261, sps=41.5]
BC[stage1_datasets_L40_stepsweep/bc_shift4_scale_0p8_1p2_steps10000_tr2]:  99%|█████████▉| 9905/10000 [03:58<00:02, 34.22it/s, acc=0.326, device=mps, eta=5s, loss=1.9261, sps=41.5]
BC[stage1_datasets_L40_stepsweep/bc_shift4_scale_0p8_1p2_steps10000_tr2]:  99%|█████████▉| 9913/10000 [03:59<00:02, 42.39it/s, acc=0.326, device=mps, eta=5s, loss=1.9261, sps=41.5]
BC[stage1_datasets_L40_stepsweep/bc_shift4_scale_0p8_1p2_steps10000_tr2]:  99%|█████████▉| 9921/10000 [03:59<00:02, 35.00it/s, acc=0.326, device=mps, eta=5s, loss=1.9261, sps=41.5]
BC[stage1_datasets_L40_stepsweep/bc_shift4_scale_0p8_1p2_steps10000_tr2]:  99%|█████████▉| 9929/10000 [03:59<00:01, 42.44it/s, acc=0.326, device=mps, eta=5s, loss=1.9261, sps=41.5]
BC[stage1_datasets_L40_stepsweep/bc_shift4_scale_0p8_1p2_steps10000_tr2]:  99%|█████████▉| 9937/10000 [03:59<00:01, 48.98it/s, acc=0.326, device=mps, eta=5s, loss=1.9261, sps=41.5]
BC[stage1_datasets_L40_stepsweep/bc_shift4_scale_0p8_1p2_steps10000_tr2]:  99%|█████████▉| 9943/10000 [03:59<00:01, 36.94it/s, acc=0.326, device=mps, eta=5s, loss=1.9261, sps=41.5]
BC[stage1_datasets_L40_stepsweep/bc_shift4_scale_0p8_1p2_steps10000_tr2]: 100%|█████████▉| 9951/10000 [04:00<00:01, 44.27it/s, acc=0.326, device=mps, eta=5s, loss=1.9261, sps=41.5]
BC[stage1_datasets_L40_stepsweep/bc_shift4_scale_0p8_1p2_steps10000_tr2]: 100%|█████████▉| 9959/10000 [04:00<00:00, 50.74it/s, acc=0.326, device=mps, eta=5s, loss=1.9261, sps=41.5]
BC[stage1_datasets_L40_stepsweep/bc_shift4_scale_0p8_1p2_steps10000_tr2]: 100%|█████████▉| 9966/10000 [04:00<00:00, 38.47it/s, acc=0.326, device=mps, eta=5s, loss=1.9261, sps=41.5]
BC[stage1_datasets_L40_stepsweep/bc_shift4_scale_0p8_1p2_steps10000_tr2]: 100%|█████████▉| 9974/10000 [04:00<00:00, 45.33it/s, acc=0.326, device=mps, eta=5s, loss=1.9261, sps=41.5]
BC[stage1_datasets_L40_stepsweep/bc_shift4_scale_0p8_1p2_steps10000_tr2]: 100%|█████████▉| 9981/10000 [04:00<00:00, 36.70it/s, acc=0.326, device=mps, eta=5s, loss=1.9261, sps=41.5]
BC[stage1_datasets_L40_stepsweep/bc_shift4_scale_0p8_1p2_steps10000_tr2]: 100%|█████████▉| 9989/10000 [04:00<00:00, 43.74it/s, acc=0.326, device=mps, eta=5s, loss=1.9261, sps=41.5]
BC[stage1_datasets_L40_stepsweep/bc_shift4_scale_0p8_1p2_steps10000_tr2]: 100%|█████████▉| 9997/10000 [04:01<00:00, 50.20it/s, acc=0.326, device=mps, eta=5s, loss=1.9261, sps=41.5]
BC[stage1_datasets_L40_stepsweep/bc_shift4_scale_0p8_1p2_steps10000_tr2]: 100%|█████████▉| 9997/10000 [04:01<00:00, 50.20it/s, acc=0.321, device=mps, eta=0s, loss=1.9387, sps=41.5]
BC[stage1_datasets_L40_stepsweep/bc_shift4_scale_0p8_1p2_steps10000_tr2]: 100%|██████████| 10000/10000 [04:01<00:00, 41.48it/s, acc=0.321, device=mps, eta=0s, loss=1.9387, sps=41.5]
Saved checkpoint: runs/stage1_datasets_L40_stepsweep/bc_shift4_scale_0p8_1p2_steps10000_tr2/bc_ckpt.pt (elapsed 4m01s)
