$ /Users/marcovizcarra/miniforge3/envs/procgen-augmented-rl/bin/python -u scripts/train_bc_min.py --dataset-root data/stage1_datasets_L40/baseline_none --run-name stage1_datasets_L40_stepsweep/bc_baseline_none_steps20000_tr0 --steps 20000 --batch-size 256 --lr 0.0003 --seed 0 --device auto

Device: mps
Run: stage1_datasets_L40_stepsweep/bc_baseline_none_steps20000_tr0 | steps=20000 | batch_size=256 | lr=0.0003 | seed=0
Data: NPZ(manifest=data/stage1_datasets_L40/baseline_none/manifest.json)

BC[stage1_datasets_L40_stepsweep/bc_baseline_none_steps20000_tr0]:   0%|          | 0/20000 [00:00<?, ?it/s]
BC[stage1_datasets_L40_stepsweep/bc_baseline_none_steps20000_tr0]:   0%|          | 0/20000 [00:00<?, ?it/s, acc=0.109, device=mps, eta=3h02m32s, loss=2.7039, sps=1.8]
BC[stage1_datasets_L40_stepsweep/bc_baseline_none_steps20000_tr0]:   0%|          | 1/20000 [00:00<2:58:20,  1.87it/s, acc=0.109, device=mps, eta=3h02m32s, loss=2.7039, sps=1.8]
BC[stage1_datasets_L40_stepsweep/bc_baseline_none_steps20000_tr0]:   0%|          | 5/20000 [00:00<33:57,  9.81it/s, acc=0.109, device=mps, eta=3h02m32s, loss=2.7039, sps=1.8]  
BC[stage1_datasets_L40_stepsweep/bc_baseline_none_steps20000_tr0]:   0%|          | 13/20000 [00:00<13:11, 25.24it/s, acc=0.109, device=mps, eta=3h02m32s, loss=2.7039, sps=1.8]
BC[stage1_datasets_L40_stepsweep/bc_baseline_none_steps20000_tr0]:   0%|          | 20/20000 [00:00<11:31, 28.90it/s, acc=0.109, device=mps, eta=3h02m32s, loss=2.7039, sps=1.8]
BC[stage1_datasets_L40_stepsweep/bc_baseline_none_steps20000_tr0]:   0%|          | 25/20000 [00:01<12:03, 27.60it/s, acc=0.109, device=mps, eta=3h02m32s, loss=2.7039, sps=1.8]
BC[stage1_datasets_L40_stepsweep/bc_baseline_none_steps20000_tr0]:   0%|          | 33/20000 [00:01<08:55, 37.26it/s, acc=0.109, device=mps, eta=3h02m32s, loss=2.7039, sps=1.8]
BC[stage1_datasets_L40_stepsweep/bc_baseline_none_steps20000_tr0]:   0%|          | 41/20000 [00:01<08:57, 37.11it/s, acc=0.109, device=mps, eta=3h02m32s, loss=2.7039, sps=1.8]
BC[stage1_datasets_L40_stepsweep/bc_baseline_none_steps20000_tr0]:   0%|          | 47/20000 [00:01<08:07, 40.97it/s, acc=0.109, device=mps, eta=3h02m32s, loss=2.7039, sps=1.8]
BC[stage1_datasets_L40_stepsweep/bc_baseline_none_steps20000_tr0]:   0%|          | 53/20000 [00:01<07:30, 44.26it/s, acc=0.109, device=mps, eta=3h02m32s, loss=2.7039, sps=1.8]
BC[stage1_datasets_L40_stepsweep/bc_baseline_none_steps20000_tr0]:   0%|          | 59/20000 [00:01<07:01, 47.34it/s, acc=0.109, device=mps, eta=3h02m32s, loss=2.7039, sps=1.8]
BC[stage1_datasets_L40_stepsweep/bc_baseline_none_steps20000_tr0]:   0%|          | 65/20000 [00:02<08:07, 40.89it/s, acc=0.109, device=mps, eta=3h02m32s, loss=2.7039, sps=1.8]
BC[stage1_datasets_L40_stepsweep/bc_baseline_none_steps20000_tr0]:   0%|          | 71/20000 [00:02<07:35, 43.75it/s, acc=0.109, device=mps, eta=3h02m32s, loss=2.7039, sps=1.8]
BC[stage1_datasets_L40_stepsweep/bc_baseline_none_steps20000_tr0]:   0%|          | 77/20000 [00:02<07:12, 46.02it/s, acc=0.109, device=mps, eta=3h02m32s, loss=2.7039, sps=1.8]
BC[stage1_datasets_L40_stepsweep/bc_baseline_none_steps20000_tr0]:   0%|          | 82/20000 [00:02<08:49, 37.61it/s, acc=0.109, device=mps, eta=3h02m32s, loss=2.7039, sps=1.8]
BC[stage1_datasets_L40_stepsweep/bc_baseline_none_steps20000_tr0]:   0%|          | 89/20000 [00:02<07:33, 43.88it/s, acc=0.109, device=mps, eta=3h02m32s, loss=2.7039, sps=1.8]
BC[stage1_datasets_L40_stepsweep/bc_baseline_none_steps20000_tr0]:   0%|          | 95/20000 [00:02<07:06, 46.70it/s, acc=0.109, device=mps, eta=3h02m32s, loss=2.7039, sps=1.8]
BC[stage1_datasets_L40_stepsweep/bc_baseline_none_steps20000_tr0]:   1%|          | 101/20000 [00:02<08:30, 39.00it/s, acc=0.109, device=mps, eta=3h02m32s, loss=2.7039, sps=1.8]
BC[stage1_datasets_L40_stepsweep/bc_baseline_none_steps20000_tr0]:   1%|          | 108/20000 [00:02<07:29, 44.26it/s, acc=0.109, device=mps, eta=3h02m32s, loss=2.7039, sps=1.8]
BC[stage1_datasets_L40_stepsweep/bc_baseline_none_steps20000_tr0]:   1%|          | 114/20000 [00:03<07:12, 45.93it/s, acc=0.109, device=mps, eta=3h02m32s, loss=2.7039, sps=1.8]
BC[stage1_datasets_L40_stepsweep/bc_baseline_none_steps20000_tr0]:   1%|          | 120/20000 [00:03<06:48, 48.64it/s, acc=0.109, device=mps, eta=3h02m32s, loss=2.7039, sps=1.8]
BC[stage1_datasets_L40_stepsweep/bc_baseline_none_steps20000_tr0]:   1%|          | 126/20000 [00:03<08:29, 39.03it/s, acc=0.109, device=mps, eta=3h02m32s, loss=2.7039, sps=1.8]
BC[stage1_datasets_L40_stepsweep/bc_baseline_none_steps20000_tr0]:   1%|          | 132/20000 [00:03<07:52, 42.01it/s, acc=0.109, device=mps, eta=3h02m32s, loss=2.7039, sps=1.8]
BC[stage1_datasets_L40_stepsweep/bc_baseline_none_steps20000_tr0]:   1%|          | 138/20000 [00:03<07:20, 45.14it/s, acc=0.109, device=mps, eta=3h02m32s, loss=2.7039, sps=1.8]
BC[stage1_datasets_L40_stepsweep/bc_baseline_none_steps20000_tr0]:   1%|          | 143/20000 [00:03<08:48, 37.60it/s, acc=0.109, device=mps, eta=3h02m32s, loss=2.7039, sps=1.8]
BC[stage1_datasets_L40_stepsweep/bc_baseline_none_steps20000_tr0]:   1%|          | 149/20000 [00:03<07:47, 42.45it/s, acc=0.109, device=mps, eta=3h02m32s, loss=2.7039, sps=1.8]
BC[stage1_datasets_L40_stepsweep/bc_baseline_none_steps20000_tr0]:   1%|          | 154/20000 [00:04<07:31, 43.94it/s, acc=0.109, device=mps, eta=3h02m32s, loss=2.7039, sps=1.8]
BC[stage1_datasets_L40_stepsweep/bc_baseline_none_steps20000_tr0]:   1%|          | 161/20000 [00:04<08:40, 38.15it/s, acc=0.109, device=mps, eta=3h02m32s, loss=2.7039, sps=1.8]
BC[stage1_datasets_L40_stepsweep/bc_baseline_none_steps20000_tr0]:   1%|          | 167/20000 [00:04<07:45, 42.61it/s, acc=0.109, device=mps, eta=3h02m32s, loss=2.7039, sps=1.8]
BC[stage1_datasets_L40_stepsweep/bc_baseline_none_steps20000_tr0]:   1%|          | 173/20000 [00:04<07:14, 45.65it/s, acc=0.109, device=mps, eta=3h02m32s, loss=2.7039, sps=1.8]
BC[stage1_datasets_L40_stepsweep/bc_baseline_none_steps20000_tr0]:   1%|          | 179/20000 [00:04<06:49, 48.36it/s, acc=0.109, device=mps, eta=3h02m32s, loss=2.7039, sps=1.8]
BC[stage1_datasets_L40_stepsweep/bc_baseline_none_steps20000_tr0]:   1%|          | 185/20000 [00:04<08:37, 38.32it/s, acc=0.109, device=mps, eta=3h02m32s, loss=2.7039, sps=1.8]
BC[stage1_datasets_L40_stepsweep/bc_baseline_none_steps20000_tr0]:   1%|          | 190/20000 [00:04<08:05, 40.80it/s, acc=0.109, device=mps, eta=3h02m32s, loss=2.7039, sps=1.8]
BC[stage1_datasets_L40_stepsweep/bc_baseline_none_steps20000_tr0]:   1%|          | 196/20000 [00:05<07:26, 44.34it/s, acc=0.109, device=mps, eta=3h02m32s, loss=2.7039, sps=1.8]
BC[stage1_datasets_L40_stepsweep/bc_baseline_none_steps20000_tr0]:   1%|          | 196/20000 [00:05<07:26, 44.34it/s, acc=0.270, device=mps, eta=8m27s, loss=2.0991, sps=39.1]  
BC[stage1_datasets_L40_stepsweep/bc_baseline_none_steps20000_tr0]:   1%|          | 201/20000 [00:05<08:55, 37.01it/s, acc=0.270, device=mps, eta=8m27s, loss=2.0991, sps=39.1]
BC[stage1_datasets_L40_stepsweep/bc_baseline_none_steps20000_tr0]:   1%|          | 206/20000 [00:05<08:21, 39.46it/s, acc=0.270, device=mps, eta=8m27s, loss=2.0991, sps=39.1]
BC[stage1_datasets_L40_stepsweep/bc_baseline_none_steps20000_tr0]:   1%|          | 212/20000 [00:05<07:44, 42.57it/s, acc=0.270, device=mps, eta=8m27s, loss=2.0991, sps=39.1]
BC[stage1_datasets_L40_stepsweep/bc_baseline_none_steps20000_tr0]:   1%|          | 218/20000 [00:05<07:07, 46.31it/s, acc=0.270, device=mps, eta=8m27s, loss=2.0991, sps=39.1]
BC[stage1_datasets_L40_stepsweep/bc_baseline_none_steps20000_tr0]:   1%|          | 223/20000 [00:05<08:33, 38.50it/s, acc=0.270, device=mps, eta=8m27s, loss=2.0991, sps=39.1]
BC[stage1_datasets_L40_stepsweep/bc_baseline_none_steps20000_tr0]:   1%|          | 229/20000 [00:05<07:34, 43.46it/s, acc=0.270, device=mps, eta=8m27s, loss=2.0991, sps=39.1]
BC[stage1_datasets_L40_stepsweep/bc_baseline_none_steps20000_tr0]:   1%|          | 236/20000 [00:05<06:48, 48.43it/s, acc=0.270, device=mps, eta=8m27s, loss=2.0991, sps=39.1]
BC[stage1_datasets_L40_stepsweep/bc_baseline_none_steps20000_tr0]:   1%|          | 242/20000 [00:06<08:04, 40.81it/s, acc=0.270, device=mps, eta=8m27s, loss=2.0991, sps=39.1]
BC[stage1_datasets_L40_stepsweep/bc_baseline_none_steps20000_tr0]:   1%|          | 248/20000 [00:06<07:22, 44.62it/s, acc=0.270, device=mps, eta=8m27s, loss=2.0991, sps=39.1]
BC[stage1_datasets_L40_stepsweep/bc_baseline_none_steps20000_tr0]:   1%|▏         | 254/20000 [00:06<06:58, 47.20it/s, acc=0.270, device=mps, eta=8m27s, loss=2.0991, sps=39.1]
BC[stage1_datasets_L40_stepsweep/bc_baseline_none_steps20000_tr0]:   1%|▏         | 261/20000 [00:06<08:18, 39.63it/s, acc=0.270, device=mps, eta=8m27s, loss=2.0991, sps=39.1]
BC[stage1_datasets_L40_stepsweep/bc_baseline_none_steps20000_tr0]:   1%|▏         | 267/20000 [00:06<07:47, 42.20it/s, acc=0.270, device=mps, eta=8m27s, loss=2.0991, sps=39.1]
BC[stage1_datasets_L40_stepsweep/bc_baseline_none_steps20000_tr0]:   1%|▏         | 273/20000 [00:06<07:14, 45.43it/s, acc=0.270, device=mps, eta=8m27s, loss=2.0991, sps=39.1]
BC[stage1_datasets_L40_stepsweep/bc_baseline_none_steps20000_tr0]:   1%|▏         | 279/20000 [00:06<06:45, 48.59it/s, acc=0.270, device=mps, eta=8m27s, loss=2.0991, sps=39.1]
BC[stage1_datasets_L40_stepsweep/bc_baseline_none_steps20000_tr0]:   1%|▏         | 285/20000 [00:07<08:10, 40.23it/s, acc=0.270, device=mps, eta=8m27s, loss=2.0991, sps=39.1]
BC[stage1_datasets_L40_stepsweep/bc_baseline_none_steps20000_tr0]:   1%|▏         | 292/20000 [00:07<07:15, 45.28it/s, acc=0.270, device=mps, eta=8m27s, loss=2.0991, sps=39.1]
BC[stage1_datasets_L40_stepsweep/bc_baseline_none_steps20000_tr0]:   1%|▏         | 299/20000 [00:07<06:38, 49.44it/s, acc=0.270, device=mps, eta=8m27s, loss=2.0991, sps=39.1]
BC[stage1_datasets_L40_stepsweep/bc_baseline_none_steps20000_tr0]:   2%|▏         | 305/20000 [00:07<07:56, 41.31it/s, acc=0.270, device=mps, eta=8m27s, loss=2.0991, sps=39.1]
BC[stage1_datasets_L40_stepsweep/bc_baseline_none_steps20000_tr0]:   2%|▏         | 311/20000 [00:07<07:26, 44.08it/s, acc=0.270, device=mps, eta=8m27s, loss=2.0991, sps=39.1]
BC[stage1_datasets_L40_stepsweep/bc_baseline_none_steps20000_tr0]:   2%|▏         | 317/20000 [00:07<06:56, 47.25it/s, acc=0.270, device=mps, eta=8m27s, loss=2.0991, sps=39.1]
BC[stage1_datasets_L40_stepsweep/bc_baseline_none_steps20000_tr0]:   2%|▏         | 323/20000 [00:08<08:18, 39.50it/s, acc=0.270, device=mps, eta=8m27s, loss=2.0991, sps=39.1]
BC[stage1_datasets_L40_stepsweep/bc_baseline_none_steps20000_tr0]:   2%|▏         | 329/20000 [00:08<07:42, 42.52it/s, acc=0.270, device=mps, eta=8m27s, loss=2.0991, sps=39.1]
BC[stage1_datasets_L40_stepsweep/bc_baseline_none_steps20000_tr0]:   2%|▏         | 335/20000 [00:08<07:18, 44.88it/s, acc=0.270, device=mps, eta=8m27s, loss=2.0991, sps=39.1]
BC[stage1_datasets_L40_stepsweep/bc_baseline_none_steps20000_tr0]:   2%|▏         | 341/20000 [00:08<08:40, 37.78it/s, acc=0.270, device=mps, eta=8m27s, loss=2.0991, sps=39.1]
BC[stage1_datasets_L40_stepsweep/bc_baseline_none_steps20000_tr0]:   2%|▏         | 347/20000 [00:08<07:52, 41.57it/s, acc=0.270, device=mps, eta=8m27s, loss=2.0991, sps=39.1]
BC[stage1_datasets_L40_stepsweep/bc_baseline_none_steps20000_tr0]:   2%|▏         | 353/20000 [00:08<07:21, 44.53it/s, acc=0.270, device=mps, eta=8m27s, loss=2.0991, sps=39.1]
BC[stage1_datasets_L40_stepsweep/bc_baseline_none_steps20000_tr0]:   2%|▏         | 359/20000 [00:08<06:47, 48.21it/s, acc=0.270, device=mps, eta=8m27s, loss=2.0991, sps=39.1]
BC[stage1_datasets_L40_stepsweep/bc_baseline_none_steps20000_tr0]:   2%|▏         | 365/20000 [00:09<08:11, 39.95it/s, acc=0.270, device=mps, eta=8m27s, loss=2.0991, sps=39.1]
BC[stage1_datasets_L40_stepsweep/bc_baseline_none_steps20000_tr0]:   2%|▏         | 371/20000 [00:09<07:39, 42.70it/s, acc=0.270, device=mps, eta=8m27s, loss=2.0991, sps=39.1]
BC[stage1_datasets_L40_stepsweep/bc_baseline_none_steps20000_tr0]:   2%|▏         | 377/20000 [00:09<07:11, 45.43it/s, acc=0.270, device=mps, eta=8m27s, loss=2.0991, sps=39.1]
BC[stage1_datasets_L40_stepsweep/bc_baseline_none_steps20000_tr0]:   2%|▏         | 382/20000 [00:09<08:33, 38.20it/s, acc=0.270, device=mps, eta=8m27s, loss=2.0991, sps=39.1]
BC[stage1_datasets_L40_stepsweep/bc_baseline_none_steps20000_tr0]:   2%|▏         | 388/20000 [00:09<07:45, 42.17it/s, acc=0.270, device=mps, eta=8m27s, loss=2.0991, sps=39.1]
BC[stage1_datasets_L40_stepsweep/bc_baseline_none_steps20000_tr0]:   2%|▏         | 394/20000 [00:09<07:07, 45.91it/s, acc=0.270, device=mps, eta=8m27s, loss=2.0991, sps=39.1]
BC[stage1_datasets_L40_stepsweep/bc_baseline_none_steps20000_tr0]:   2%|▏         | 394/20000 [00:09<07:07, 45.91it/s, acc=0.299, device=mps, eta=7m57s, loss=2.0183, sps=41.1]
BC[stage1_datasets_L40_stepsweep/bc_baseline_none_steps20000_tr0]:   2%|▏         | 401/20000 [00:09<08:02, 40.60it/s, acc=0.299, device=mps, eta=7m57s, loss=2.0183, sps=41.1]
BC[stage1_datasets_L40_stepsweep/bc_baseline_none_steps20000_tr0]:   2%|▏         | 407/20000 [00:09<07:20, 44.52it/s, acc=0.299, device=mps, eta=7m57s, loss=2.0183, sps=41.1]
BC[stage1_datasets_L40_stepsweep/bc_baseline_none_steps20000_tr0]:   2%|▏         | 414/20000 [00:10<06:39, 49.02it/s, acc=0.299, device=mps, eta=7m57s, loss=2.0183, sps=41.1]
BC[stage1_datasets_L40_stepsweep/bc_baseline_none_steps20000_tr0]:   2%|▏         | 421/20000 [00:10<07:40, 42.51it/s, acc=0.299, device=mps, eta=7m57s, loss=2.0183, sps=41.1]
BC[stage1_datasets_L40_stepsweep/bc_baseline_none_steps20000_tr0]:   2%|▏         | 427/20000 [00:10<07:10, 45.52it/s, acc=0.299, device=mps, eta=7m57s, loss=2.0183, sps=41.1]
BC[stage1_datasets_L40_stepsweep/bc_baseline_none_steps20000_tr0]:   2%|▏         | 433/20000 [00:10<06:40, 48.81it/s, acc=0.299, device=mps, eta=7m57s, loss=2.0183, sps=41.1]
BC[stage1_datasets_L40_stepsweep/bc_baseline_none_steps20000_tr0]:   2%|▏         | 440/20000 [00:10<06:08, 53.07it/s, acc=0.299, device=mps, eta=7m57s, loss=2.0183, sps=41.1]
BC[stage1_datasets_L40_stepsweep/bc_baseline_none_steps20000_tr0]:   2%|▏         | 446/20000 [00:10<07:48, 41.73it/s, acc=0.299, device=mps, eta=7m57s, loss=2.0183, sps=41.1]
BC[stage1_datasets_L40_stepsweep/bc_baseline_none_steps20000_tr0]:   2%|▏         | 451/20000 [00:10<07:41, 42.35it/s, acc=0.299, device=mps, eta=7m57s, loss=2.0183, sps=41.1]
BC[stage1_datasets_L40_stepsweep/bc_baseline_none_steps20000_tr0]:   2%|▏         | 457/20000 [00:11<07:10, 45.42it/s, acc=0.299, device=mps, eta=7m57s, loss=2.0183, sps=41.1]
BC[stage1_datasets_L40_stepsweep/bc_baseline_none_steps20000_tr0]:   2%|▏         | 462/20000 [00:11<08:35, 37.90it/s, acc=0.299, device=mps, eta=7m57s, loss=2.0183, sps=41.1]
BC[stage1_datasets_L40_stepsweep/bc_baseline_none_steps20000_tr0]:   2%|▏         | 468/20000 [00:11<07:53, 41.23it/s, acc=0.299, device=mps, eta=7m57s, loss=2.0183, sps=41.1]
BC[stage1_datasets_L40_stepsweep/bc_baseline_none_steps20000_tr0]:   2%|▏         | 474/20000 [00:11<07:20, 44.31it/s, acc=0.299, device=mps, eta=7m57s, loss=2.0183, sps=41.1]
BC[stage1_datasets_L40_stepsweep/bc_baseline_none_steps20000_tr0]:   2%|▏         | 481/20000 [00:11<08:22, 38.82it/s, acc=0.299, device=mps, eta=7m57s, loss=2.0183, sps=41.1]
BC[stage1_datasets_L40_stepsweep/bc_baseline_none_steps20000_tr0]:   2%|▏         | 487/20000 [00:11<07:31, 43.23it/s, acc=0.299, device=mps, eta=7m57s, loss=2.0183, sps=41.1]
BC[stage1_datasets_L40_stepsweep/bc_baseline_none_steps20000_tr0]:   2%|▏         | 493/20000 [00:11<06:54, 47.10it/s, acc=0.299, device=mps, eta=7m57s, loss=2.0183, sps=41.1]
BC[stage1_datasets_L40_stepsweep/bc_baseline_none_steps20000_tr0]:   2%|▏         | 499/20000 [00:11<06:28, 50.17it/s, acc=0.299, device=mps, eta=7m57s, loss=2.0183, sps=41.1]
BC[stage1_datasets_L40_stepsweep/bc_baseline_none_steps20000_tr0]:   3%|▎         | 505/20000 [00:12<07:53, 41.15it/s, acc=0.299, device=mps, eta=7m57s, loss=2.0183, sps=41.1]
BC[stage1_datasets_L40_stepsweep/bc_baseline_none_steps20000_tr0]:   3%|▎         | 511/20000 [00:12<07:22, 44.02it/s, acc=0.299, device=mps, eta=7m57s, loss=2.0183, sps=41.1]
BC[stage1_datasets_L40_stepsweep/bc_baseline_none_steps20000_tr0]:   3%|▎         | 516/20000 [00:12<07:22, 44.08it/s, acc=0.299, device=mps, eta=7m57s, loss=2.0183, sps=41.1]
BC[stage1_datasets_L40_stepsweep/bc_baseline_none_steps20000_tr0]:   3%|▎         | 521/20000 [00:12<09:33, 33.99it/s, acc=0.299, device=mps, eta=7m57s, loss=2.0183, sps=41.1]
BC[stage1_datasets_L40_stepsweep/bc_baseline_none_steps20000_tr0]:   3%|▎         | 528/20000 [00:12<07:50, 41.36it/s, acc=0.299, device=mps, eta=7m57s, loss=2.0183, sps=41.1]
BC[stage1_datasets_L40_stepsweep/bc_baseline_none_steps20000_tr0]:   3%|▎         | 534/20000 [00:12<07:09, 45.36it/s, acc=0.299, device=mps, eta=7m57s, loss=2.0183, sps=41.1]
BC[stage1_datasets_L40_stepsweep/bc_baseline_none_steps20000_tr0]:   3%|▎         | 540/20000 [00:13<08:03, 40.26it/s, acc=0.299, device=mps, eta=7m57s, loss=2.0183, sps=41.1]
BC[stage1_datasets_L40_stepsweep/bc_baseline_none_steps20000_tr0]:   3%|▎         | 545/20000 [00:13<09:11, 35.25it/s, acc=0.299, device=mps, eta=7m57s, loss=2.0183, sps=41.1]
BC[stage1_datasets_L40_stepsweep/bc_baseline_none_steps20000_tr0]:   3%|▎         | 553/20000 [00:13<07:43, 42.00it/s, acc=0.299, device=mps, eta=7m57s, loss=2.0183, sps=41.1]
BC[stage1_datasets_L40_stepsweep/bc_baseline_none_steps20000_tr0]:   3%|▎         | 560/20000 [00:13<06:46, 47.86it/s, acc=0.299, device=mps, eta=7m57s, loss=2.0183, sps=41.1]
BC[stage1_datasets_L40_stepsweep/bc_baseline_none_steps20000_tr0]:   3%|▎         | 566/20000 [00:13<08:41, 37.25it/s, acc=0.299, device=mps, eta=7m57s, loss=2.0183, sps=41.1]
BC[stage1_datasets_L40_stepsweep/bc_baseline_none_steps20000_tr0]:   3%|▎         | 572/20000 [00:13<07:58, 40.62it/s, acc=0.299, device=mps, eta=7m57s, loss=2.0183, sps=41.1]
BC[stage1_datasets_L40_stepsweep/bc_baseline_none_steps20000_tr0]:   3%|▎         | 578/20000 [00:13<07:18, 44.25it/s, acc=0.299, device=mps, eta=7m57s, loss=2.0183, sps=41.1]
BC[stage1_datasets_L40_stepsweep/bc_baseline_none_steps20000_tr0]:   3%|▎         | 583/20000 [00:14<09:23, 34.47it/s, acc=0.299, device=mps, eta=7m57s, loss=2.0183, sps=41.1]
BC[stage1_datasets_L40_stepsweep/bc_baseline_none_steps20000_tr0]:   3%|▎         | 589/20000 [00:14<08:16, 39.08it/s, acc=0.299, device=mps, eta=7m57s, loss=2.0183, sps=41.1]
BC[stage1_datasets_L40_stepsweep/bc_baseline_none_steps20000_tr0]:   3%|▎         | 596/20000 [00:14<07:14, 44.70it/s, acc=0.299, device=mps, eta=7m57s, loss=2.0183, sps=41.1]
BC[stage1_datasets_L40_stepsweep/bc_baseline_none_steps20000_tr0]:   3%|▎         | 596/20000 [00:14<07:14, 44.70it/s, acc=0.296, device=mps, eta=7m48s, loss=2.0185, sps=41.4]
BC[stage1_datasets_L40_stepsweep/bc_baseline_none_steps20000_tr0]:   3%|▎         | 602/20000 [00:14<08:16, 39.05it/s, acc=0.296, device=mps, eta=7m48s, loss=2.0185, sps=41.4]
BC[stage1_datasets_L40_stepsweep/bc_baseline_none_steps20000_tr0]:   3%|▎         | 609/20000 [00:14<07:20, 43.98it/s, acc=0.296, device=mps, eta=7m48s, loss=2.0185, sps=41.4]
BC[stage1_datasets_L40_stepsweep/bc_baseline_none_steps20000_tr0]:   3%|▎         | 615/20000 [00:14<06:54, 46.75it/s, acc=0.296, device=mps, eta=7m48s, loss=2.0185, sps=41.4]
BC[stage1_datasets_L40_stepsweep/bc_baseline_none_steps20000_tr0]:   3%|▎         | 621/20000 [00:15<08:10, 39.48it/s, acc=0.296, device=mps, eta=7m48s, loss=2.0185, sps=41.4]
BC[stage1_datasets_L40_stepsweep/bc_baseline_none_steps20000_tr0]:   3%|▎         | 627/20000 [00:15<07:34, 42.60it/s, acc=0.296, device=mps, eta=7m48s, loss=2.0185, sps=41.4]
BC[stage1_datasets_L40_stepsweep/bc_baseline_none_steps20000_tr0]:   3%|▎         | 634/20000 [00:15<06:47, 47.48it/s, acc=0.296, device=mps, eta=7m48s, loss=2.0185, sps=41.4]
BC[stage1_datasets_L40_stepsweep/bc_baseline_none_steps20000_tr0]:   3%|▎         | 641/20000 [00:15<07:40, 42.07it/s, acc=0.296, device=mps, eta=7m48s, loss=2.0185, sps=41.4]
BC[stage1_datasets_L40_stepsweep/bc_baseline_none_steps20000_tr0]:   3%|▎         | 647/20000 [00:15<07:07, 45.31it/s, acc=0.296, device=mps, eta=7m48s, loss=2.0185, sps=41.4]
BC[stage1_datasets_L40_stepsweep/bc_baseline_none_steps20000_tr0]:   3%|▎         | 653/20000 [00:15<06:45, 47.71it/s, acc=0.296, device=mps, eta=7m48s, loss=2.0185, sps=41.4]
BC[stage1_datasets_L40_stepsweep/bc_baseline_none_steps20000_tr0]:   3%|▎         | 659/20000 [00:15<06:25, 50.12it/s, acc=0.296, device=mps, eta=7m48s, loss=2.0185, sps=41.4]
BC[stage1_datasets_L40_stepsweep/bc_baseline_none_steps20000_tr0]:   3%|▎         | 665/20000 [00:16<08:09, 39.51it/s, acc=0.296, device=mps, eta=7m48s, loss=2.0185, sps=41.4]
BC[stage1_datasets_L40_stepsweep/bc_baseline_none_steps20000_tr0]:   3%|▎         | 671/20000 [00:16<07:24, 43.52it/s, acc=0.296, device=mps, eta=7m48s, loss=2.0185, sps=41.4]
BC[stage1_datasets_L40_stepsweep/bc_baseline_none_steps20000_tr0]:   3%|▎         | 677/20000 [00:16<06:47, 47.38it/s, acc=0.296, device=mps, eta=7m48s, loss=2.0185, sps=41.4]
BC[stage1_datasets_L40_stepsweep/bc_baseline_none_steps20000_tr0]:   3%|▎         | 683/20000 [00:16<08:07, 39.59it/s, acc=0.296, device=mps, eta=7m48s, loss=2.0185, sps=41.4]
BC[stage1_datasets_L40_stepsweep/bc_baseline_none_steps20000_tr0]:   3%|▎         | 689/20000 [00:16<07:28, 43.06it/s, acc=0.296, device=mps, eta=7m48s, loss=2.0185, sps=41.4]
BC[stage1_datasets_L40_stepsweep/bc_baseline_none_steps20000_tr0]:   3%|▎         | 695/20000 [00:16<06:54, 46.59it/s, acc=0.296, device=mps, eta=7m48s, loss=2.0185, sps=41.4]
BC[stage1_datasets_L40_stepsweep/bc_baseline_none_steps20000_tr0]:   4%|▎         | 701/20000 [00:16<08:04, 39.85it/s, acc=0.296, device=mps, eta=7m48s, loss=2.0185, sps=41.4]
BC[stage1_datasets_L40_stepsweep/bc_baseline_none_steps20000_tr0]:   4%|▎         | 707/20000 [00:16<07:18, 43.96it/s, acc=0.296, device=mps, eta=7m48s, loss=2.0185, sps=41.4]
BC[stage1_datasets_L40_stepsweep/bc_baseline_none_steps20000_tr0]:   4%|▎         | 713/20000 [00:17<06:49, 47.10it/s, acc=0.296, device=mps, eta=7m48s, loss=2.0185, sps=41.4]
BC[stage1_datasets_L40_stepsweep/bc_baseline_none_steps20000_tr0]:   4%|▎         | 719/20000 [00:17<06:29, 49.47it/s, acc=0.296, device=mps, eta=7m48s, loss=2.0185, sps=41.4]
BC[stage1_datasets_L40_stepsweep/bc_baseline_none_steps20000_tr0]:   4%|▎         | 725/20000 [00:17<08:07, 39.56it/s, acc=0.296, device=mps, eta=7m48s, loss=2.0185, sps=41.4]
BC[stage1_datasets_L40_stepsweep/bc_baseline_none_steps20000_tr0]:   4%|▎         | 731/20000 [00:17<07:33, 42.49it/s, acc=0.296, device=mps, eta=7m48s, loss=2.0185, sps=41.4]
BC[stage1_datasets_L40_stepsweep/bc_baseline_none_steps20000_tr0]:   4%|▎         | 737/20000 [00:17<06:56, 46.23it/s, acc=0.296, device=mps, eta=7m48s, loss=2.0185, sps=41.4]
BC[stage1_datasets_L40_stepsweep/bc_baseline_none_steps20000_tr0]:   4%|▎         | 743/20000 [00:17<07:55, 40.50it/s, acc=0.296, device=mps, eta=7m48s, loss=2.0185, sps=41.4]
BC[stage1_datasets_L40_stepsweep/bc_baseline_none_steps20000_tr0]:   4%|▍         | 750/20000 [00:17<06:56, 46.24it/s, acc=0.296, device=mps, eta=7m48s, loss=2.0185, sps=41.4]
BC[stage1_datasets_L40_stepsweep/bc_baseline_none_steps20000_tr0]:   4%|▍         | 758/20000 [00:18<06:05, 52.71it/s, acc=0.296, device=mps, eta=7m48s, loss=2.0185, sps=41.4]
BC[stage1_datasets_L40_stepsweep/bc_baseline_none_steps20000_tr0]:   4%|▍         | 764/20000 [00:18<07:16, 44.08it/s, acc=0.296, device=mps, eta=7m48s, loss=2.0185, sps=41.4]
BC[stage1_datasets_L40_stepsweep/bc_baseline_none_steps20000_tr0]:   4%|▍         | 770/20000 [00:18<06:53, 46.55it/s, acc=0.296, device=mps, eta=7m48s, loss=2.0185, sps=41.4]
BC[stage1_datasets_L40_stepsweep/bc_baseline_none_steps20000_tr0]:   4%|▍         | 776/20000 [00:18<06:41, 47.89it/s, acc=0.296, device=mps, eta=7m48s, loss=2.0185, sps=41.4]
BC[stage1_datasets_L40_stepsweep/bc_baseline_none_steps20000_tr0]:   4%|▍         | 782/20000 [00:18<07:56, 40.34it/s, acc=0.296, device=mps, eta=7m48s, loss=2.0185, sps=41.4]
BC[stage1_datasets_L40_stepsweep/bc_baseline_none_steps20000_tr0]:   4%|▍         | 788/20000 [00:18<07:12, 44.43it/s, acc=0.296, device=mps, eta=7m48s, loss=2.0185, sps=41.4]
BC[stage1_datasets_L40_stepsweep/bc_baseline_none_steps20000_tr0]:   4%|▍         | 794/20000 [00:18<06:41, 47.80it/s, acc=0.296, device=mps, eta=7m48s, loss=2.0185, sps=41.4]
BC[stage1_datasets_L40_stepsweep/bc_baseline_none_steps20000_tr0]:   4%|▍         | 794/20000 [00:18<06:41, 47.80it/s, acc=0.301, device=mps, eta=7m35s, loss=2.0035, sps=42.2]
BC[stage1_datasets_L40_stepsweep/bc_baseline_none_steps20000_tr0]:   4%|▍         | 801/20000 [00:19<07:52, 40.65it/s, acc=0.301, device=mps, eta=7m35s, loss=2.0035, sps=42.2]
BC[stage1_datasets_L40_stepsweep/bc_baseline_none_steps20000_tr0]:   4%|▍         | 806/20000 [00:19<07:35, 42.18it/s, acc=0.301, device=mps, eta=7m35s, loss=2.0035, sps=42.2]
BC[stage1_datasets_L40_stepsweep/bc_baseline_none_steps20000_tr0]:   4%|▍         | 812/20000 [00:19<06:57, 45.99it/s, acc=0.301, device=mps, eta=7m35s, loss=2.0035, sps=42.2]
BC[stage1_datasets_L40_stepsweep/bc_baseline_none_steps20000_tr0]:   4%|▍         | 819/20000 [00:19<06:21, 50.34it/s, acc=0.301, device=mps, eta=7m35s, loss=2.0035, sps=42.2]
BC[stage1_datasets_L40_stepsweep/bc_baseline_none_steps20000_tr0]:   4%|▍         | 825/20000 [00:19<08:05, 39.47it/s, acc=0.301, device=mps, eta=7m35s, loss=2.0035, sps=42.2]
BC[stage1_datasets_L40_stepsweep/bc_baseline_none_steps20000_tr0]:   4%|▍         | 831/20000 [00:19<07:30, 42.56it/s, acc=0.301, device=mps, eta=7m35s, loss=2.0035, sps=42.2]
BC[stage1_datasets_L40_stepsweep/bc_baseline_none_steps20000_tr0]:   4%|▍         | 838/20000 [00:19<06:42, 47.64it/s, acc=0.301, device=mps, eta=7m35s, loss=2.0035, sps=42.2]
BC[stage1_datasets_L40_stepsweep/bc_baseline_none_steps20000_tr0]:   4%|▍         | 844/20000 [00:20<07:51, 40.62it/s, acc=0.301, device=mps, eta=7m35s, loss=2.0035, sps=42.2]
BC[stage1_datasets_L40_stepsweep/bc_baseline_none_steps20000_tr0]:   4%|▍         | 850/20000 [00:20<07:13, 44.19it/s, acc=0.301, device=mps, eta=7m35s, loss=2.0035, sps=42.2]
BC[stage1_datasets_L40_stepsweep/bc_baseline_none_steps20000_tr0]:   4%|▍         | 856/20000 [00:20<06:42, 47.58it/s, acc=0.301, device=mps, eta=7m35s, loss=2.0035, sps=42.2]
BC[stage1_datasets_L40_stepsweep/bc_baseline_none_steps20000_tr0]:   4%|▍         | 862/20000 [00:20<08:05, 39.41it/s, acc=0.301, device=mps, eta=7m35s, loss=2.0035, sps=42.2]
BC[stage1_datasets_L40_stepsweep/bc_baseline_none_steps20000_tr0]:   4%|▍         | 868/20000 [00:20<07:31, 42.37it/s, acc=0.301, device=mps, eta=7m35s, loss=2.0035, sps=42.2]
BC[stage1_datasets_L40_stepsweep/bc_baseline_none_steps20000_tr0]:   4%|▍         | 875/20000 [00:20<06:44, 47.24it/s, acc=0.301, device=mps, eta=7m35s, loss=2.0035, sps=42.2]
BC[stage1_datasets_L40_stepsweep/bc_baseline_none_steps20000_tr0]:   4%|▍         | 881/20000 [00:20<07:43, 41.21it/s, acc=0.301, device=mps, eta=7m35s, loss=2.0035, sps=42.2]
BC[stage1_datasets_L40_stepsweep/bc_baseline_none_steps20000_tr0]:   4%|▍         | 888/20000 [00:21<06:53, 46.17it/s, acc=0.301, device=mps, eta=7m35s, loss=2.0035, sps=42.2]
BC[stage1_datasets_L40_stepsweep/bc_baseline_none_steps20000_tr0]:   4%|▍         | 895/20000 [00:21<06:19, 50.36it/s, acc=0.301, device=mps, eta=7m35s, loss=2.0035, sps=42.2]
BC[stage1_datasets_L40_stepsweep/bc_baseline_none_steps20000_tr0]:   5%|▍         | 901/20000 [00:21<07:27, 42.70it/s, acc=0.301, device=mps, eta=7m35s, loss=2.0035, sps=42.2]
BC[stage1_datasets_L40_stepsweep/bc_baseline_none_steps20000_tr0]:   5%|▍         | 907/20000 [00:21<06:53, 46.13it/s, acc=0.301, device=mps, eta=7m35s, loss=2.0035, sps=42.2]
BC[stage1_datasets_L40_stepsweep/bc_baseline_none_steps20000_tr0]:   5%|▍         | 914/20000 [00:21<06:15, 50.83it/s, acc=0.301, device=mps, eta=7m35s, loss=2.0035, sps=42.2]
BC[stage1_datasets_L40_stepsweep/bc_baseline_none_steps20000_tr0]:   5%|▍         | 921/20000 [00:21<07:10, 44.29it/s, acc=0.301, device=mps, eta=7m35s, loss=2.0035, sps=42.2]
BC[stage1_datasets_L40_stepsweep/bc_baseline_none_steps20000_tr0]:   5%|▍         | 927/20000 [00:21<06:46, 46.91it/s, acc=0.301, device=mps, eta=7m35s, loss=2.0035, sps=42.2]
BC[stage1_datasets_L40_stepsweep/bc_baseline_none_steps20000_tr0]:   5%|▍         | 933/20000 [00:21<06:22, 49.88it/s, acc=0.301, device=mps, eta=7m35s, loss=2.0035, sps=42.2]
BC[stage1_datasets_L40_stepsweep/bc_baseline_none_steps20000_tr0]:   5%|▍         | 939/20000 [00:22<06:06, 51.96it/s, acc=0.301, device=mps, eta=7m35s, loss=2.0035, sps=42.2]
BC[stage1_datasets_L40_stepsweep/bc_baseline_none_steps20000_tr0]:   5%|▍         | 945/20000 [00:22<07:46, 40.85it/s, acc=0.301, device=mps, eta=7m35s, loss=2.0035, sps=42.2]
BC[stage1_datasets_L40_stepsweep/bc_baseline_none_steps20000_tr0]:   5%|▍         | 951/20000 [00:22<07:07, 44.61it/s, acc=0.301, device=mps, eta=7m35s, loss=2.0035, sps=42.2]
BC[stage1_datasets_L40_stepsweep/bc_baseline_none_steps20000_tr0]:   5%|▍         | 958/20000 [00:22<06:23, 49.68it/s, acc=0.301, device=mps, eta=7m35s, loss=2.0035, sps=42.2]
BC[stage1_datasets_L40_stepsweep/bc_baseline_none_steps20000_tr0]:   5%|▍         | 964/20000 [00:22<07:43, 41.11it/s, acc=0.301, device=mps, eta=7m35s, loss=2.0035, sps=42.2]
BC[stage1_datasets_L40_stepsweep/bc_baseline_none_steps20000_tr0]:   5%|▍         | 970/20000 [00:22<07:15, 43.71it/s, acc=0.301, device=mps, eta=7m35s, loss=2.0035, sps=42.2]
BC[stage1_datasets_L40_stepsweep/bc_baseline_none_steps20000_tr0]:   5%|▍         | 976/20000 [00:22<06:53, 46.04it/s, acc=0.301, device=mps, eta=7m35s, loss=2.0035, sps=42.2]
BC[stage1_datasets_L40_stepsweep/bc_baseline_none_steps20000_tr0]:   5%|▍         | 981/20000 [00:23<08:20, 38.03it/s, acc=0.301, device=mps, eta=7m35s, loss=2.0035, sps=42.2]
BC[stage1_datasets_L40_stepsweep/bc_baseline_none_steps20000_tr0]:   5%|▍         | 986/20000 [00:23<07:51, 40.33it/s, acc=0.301, device=mps, eta=7m35s, loss=2.0035, sps=42.2]
BC[stage1_datasets_L40_stepsweep/bc_baseline_none_steps20000_tr0]:   5%|▍         | 992/20000 [00:23<07:04, 44.75it/s, acc=0.301, device=mps, eta=7m35s, loss=2.0035, sps=42.2]
BC[stage1_datasets_L40_stepsweep/bc_baseline_none_steps20000_tr0]:   5%|▍         | 999/20000 [00:23<06:21, 49.82it/s, acc=0.301, device=mps, eta=7m35s, loss=2.0035, sps=42.2]
BC[stage1_datasets_L40_stepsweep/bc_baseline_none_steps20000_tr0]:   5%|▍         | 999/20000 [00:23<06:21, 49.82it/s, acc=0.300, device=mps, eta=7m26s, loss=2.0089, sps=42.6]
BC[stage1_datasets_L40_stepsweep/bc_baseline_none_steps20000_tr0]:   5%|▌         | 1005/20000 [00:23<07:40, 41.29it/s, acc=0.300, device=mps, eta=7m26s, loss=2.0089, sps=42.6]
BC[stage1_datasets_L40_stepsweep/bc_baseline_none_steps20000_tr0]:   5%|▌         | 1011/20000 [00:23<06:59, 45.31it/s, acc=0.300, device=mps, eta=7m26s, loss=2.0089, sps=42.6]
BC[stage1_datasets_L40_stepsweep/bc_baseline_none_steps20000_tr0]:   5%|▌         | 1018/20000 [00:23<06:18, 50.10it/s, acc=0.300, device=mps, eta=7m26s, loss=2.0089, sps=42.6]
BC[stage1_datasets_L40_stepsweep/bc_baseline_none_steps20000_tr0]:   5%|▌         | 1024/20000 [00:24<07:38, 41.37it/s, acc=0.300, device=mps, eta=7m26s, loss=2.0089, sps=42.6]
BC[stage1_datasets_L40_stepsweep/bc_baseline_none_steps20000_tr0]:   5%|▌         | 1030/20000 [00:24<07:14, 43.66it/s, acc=0.300, device=mps, eta=7m26s, loss=2.0089, sps=42.6]
BC[stage1_datasets_L40_stepsweep/bc_baseline_none_steps20000_tr0]:   5%|▌         | 1036/20000 [00:24<06:44, 46.86it/s, acc=0.300, device=mps, eta=7m26s, loss=2.0089, sps=42.6]
BC[stage1_datasets_L40_stepsweep/bc_baseline_none_steps20000_tr0]:   5%|▌         | 1042/20000 [00:24<08:00, 39.44it/s, acc=0.300, device=mps, eta=7m26s, loss=2.0089, sps=42.6]
BC[stage1_datasets_L40_stepsweep/bc_baseline_none_steps20000_tr0]:   5%|▌         | 1047/20000 [00:24<07:35, 41.56it/s, acc=0.300, device=mps, eta=7m26s, loss=2.0089, sps=42.6]
BC[stage1_datasets_L40_stepsweep/bc_baseline_none_steps20000_tr0]:   5%|▌         | 1053/20000 [00:24<07:00, 45.09it/s, acc=0.300, device=mps, eta=7m26s, loss=2.0089, sps=42.6]
BC[stage1_datasets_L40_stepsweep/bc_baseline_none_steps20000_tr0]:   5%|▌         | 1059/20000 [00:24<06:34, 47.99it/s, acc=0.300, device=mps, eta=7m26s, loss=2.0089, sps=42.6]
BC[stage1_datasets_L40_stepsweep/bc_baseline_none_steps20000_tr0]:   5%|▌         | 1065/20000 [00:25<08:13, 38.41it/s, acc=0.300, device=mps, eta=7m26s, loss=2.0089, sps=42.6]
BC[stage1_datasets_L40_stepsweep/bc_baseline_none_steps20000_tr0]:   5%|▌         | 1070/20000 [00:25<07:42, 40.92it/s, acc=0.300, device=mps, eta=7m26s, loss=2.0089, sps=42.6]
BC[stage1_datasets_L40_stepsweep/bc_baseline_none_steps20000_tr0]:   5%|▌         | 1076/20000 [00:25<07:08, 44.16it/s, acc=0.300, device=mps, eta=7m26s, loss=2.0089, sps=42.6]
BC[stage1_datasets_L40_stepsweep/bc_baseline_none_steps20000_tr0]:   5%|▌         | 1081/20000 [00:25<08:26, 37.33it/s, acc=0.300, device=mps, eta=7m26s, loss=2.0089, sps=42.6]
BC[stage1_datasets_L40_stepsweep/bc_baseline_none_steps20000_tr0]:   5%|▌         | 1087/20000 [00:25<07:45, 40.62it/s, acc=0.300, device=mps, eta=7m26s, loss=2.0089, sps=42.6]
BC[stage1_datasets_L40_stepsweep/bc_baseline_none_steps20000_tr0]:   5%|▌         | 1093/20000 [00:25<07:05, 44.44it/s, acc=0.300, device=mps, eta=7m26s, loss=2.0089, sps=42.6]
BC[stage1_datasets_L40_stepsweep/bc_baseline_none_steps20000_tr0]:   6%|▌         | 1100/20000 [00:25<06:18, 49.93it/s, acc=0.300, device=mps, eta=7m26s, loss=2.0089, sps=42.6]
BC[stage1_datasets_L40_stepsweep/bc_baseline_none_steps20000_tr0]:   6%|▌         | 1106/20000 [00:26<07:56, 39.63it/s, acc=0.300, device=mps, eta=7m26s, loss=2.0089, sps=42.6]
BC[stage1_datasets_L40_stepsweep/bc_baseline_none_steps20000_tr0]:   6%|▌         | 1112/20000 [00:26<07:19, 42.99it/s, acc=0.300, device=mps, eta=7m26s, loss=2.0089, sps=42.6]
BC[stage1_datasets_L40_stepsweep/bc_baseline_none_steps20000_tr0]:   6%|▌         | 1118/20000 [00:26<06:42, 46.95it/s, acc=0.300, device=mps, eta=7m26s, loss=2.0089, sps=42.6]
BC[stage1_datasets_L40_stepsweep/bc_baseline_none_steps20000_tr0]:   6%|▌         | 1124/20000 [00:26<08:09, 38.56it/s, acc=0.300, device=mps, eta=7m26s, loss=2.0089, sps=42.6]
BC[stage1_datasets_L40_stepsweep/bc_baseline_none_steps20000_tr0]:   6%|▌         | 1130/20000 [00:26<07:33, 41.63it/s, acc=0.300, device=mps, eta=7m26s, loss=2.0089, sps=42.6]
BC[stage1_datasets_L40_stepsweep/bc_baseline_none_steps20000_tr0]:   6%|▌         | 1136/20000 [00:26<06:57, 45.16it/s, acc=0.300, device=mps, eta=7m26s, loss=2.0089, sps=42.6]
BC[stage1_datasets_L40_stepsweep/bc_baseline_none_steps20000_tr0]:   6%|▌         | 1141/20000 [00:26<08:15, 38.08it/s, acc=0.300, device=mps, eta=7m26s, loss=2.0089, sps=42.6]
BC[stage1_datasets_L40_stepsweep/bc_baseline_none_steps20000_tr0]:   6%|▌         | 1147/20000 [00:26<07:35, 41.37it/s, acc=0.300, device=mps, eta=7m26s, loss=2.0089, sps=42.6]
BC[stage1_datasets_L40_stepsweep/bc_baseline_none_steps20000_tr0]:   6%|▌         | 1153/20000 [00:27<06:59, 44.97it/s, acc=0.300, device=mps, eta=7m26s, loss=2.0089, sps=42.6]
BC[stage1_datasets_L40_stepsweep/bc_baseline_none_steps20000_tr0]:   6%|▌         | 1159/20000 [00:27<06:30, 48.22it/s, acc=0.300, device=mps, eta=7m26s, loss=2.0089, sps=42.6]
BC[stage1_datasets_L40_stepsweep/bc_baseline_none_steps20000_tr0]:   6%|▌         | 1165/20000 [00:27<07:51, 39.96it/s, acc=0.300, device=mps, eta=7m26s, loss=2.0089, sps=42.6]
BC[stage1_datasets_L40_stepsweep/bc_baseline_none_steps20000_tr0]:   6%|▌         | 1171/20000 [00:27<07:09, 43.88it/s, acc=0.300, device=mps, eta=7m26s, loss=2.0089, sps=42.6]
BC[stage1_datasets_L40_stepsweep/bc_baseline_none_steps20000_tr0]:   6%|▌         | 1178/20000 [00:27<06:24, 48.96it/s, acc=0.300, device=mps, eta=7m26s, loss=2.0089, sps=42.6]
BC[stage1_datasets_L40_stepsweep/bc_baseline_none_steps20000_tr0]:   6%|▌         | 1184/20000 [00:27<08:03, 38.95it/s, acc=0.300, device=mps, eta=7m26s, loss=2.0089, sps=42.6]
BC[stage1_datasets_L40_stepsweep/bc_baseline_none_steps20000_tr0]:   6%|▌         | 1190/20000 [00:27<07:19, 42.81it/s, acc=0.300, device=mps, eta=7m26s, loss=2.0089, sps=42.6]
BC[stage1_datasets_L40_stepsweep/bc_baseline_none_steps20000_tr0]:   6%|▌         | 1196/20000 [00:28<06:49, 45.87it/s, acc=0.300, device=mps, eta=7m26s, loss=2.0089, sps=42.6]
BC[stage1_datasets_L40_stepsweep/bc_baseline_none_steps20000_tr0]:   6%|▌         | 1196/20000 [00:28<06:49, 45.87it/s, acc=0.301, device=mps, eta=7m21s, loss=2.0081, sps=42.7]
BC[stage1_datasets_L40_stepsweep/bc_baseline_none_steps20000_tr0]:   6%|▌         | 1202/20000 [00:28<08:03, 38.84it/s, acc=0.301, device=mps, eta=7m21s, loss=2.0081, sps=42.7]
BC[stage1_datasets_L40_stepsweep/bc_baseline_none_steps20000_tr0]:   6%|▌         | 1207/20000 [00:28<07:36, 41.18it/s, acc=0.301, device=mps, eta=7m21s, loss=2.0081, sps=42.7]
BC[stage1_datasets_L40_stepsweep/bc_baseline_none_steps20000_tr0]:   6%|▌         | 1213/20000 [00:28<07:00, 44.71it/s, acc=0.301, device=mps, eta=7m21s, loss=2.0081, sps=42.7]
BC[stage1_datasets_L40_stepsweep/bc_baseline_none_steps20000_tr0]:   6%|▌         | 1219/20000 [00:28<06:32, 47.82it/s, acc=0.301, device=mps, eta=7m21s, loss=2.0081, sps=42.7]
BC[stage1_datasets_L40_stepsweep/bc_baseline_none_steps20000_tr0]:   6%|▌         | 1225/20000 [00:28<07:55, 39.46it/s, acc=0.301, device=mps, eta=7m21s, loss=2.0081, sps=42.7]
BC[stage1_datasets_L40_stepsweep/bc_baseline_none_steps20000_tr0]:   6%|▌         | 1231/20000 [00:28<07:12, 43.38it/s, acc=0.301, device=mps, eta=7m21s, loss=2.0081, sps=42.7]
BC[stage1_datasets_L40_stepsweep/bc_baseline_none_steps20000_tr0]:   6%|▌         | 1237/20000 [00:29<06:41, 46.78it/s, acc=0.301, device=mps, eta=7m21s, loss=2.0081, sps=42.7]
BC[stage1_datasets_L40_stepsweep/bc_baseline_none_steps20000_tr0]:   6%|▌         | 1243/20000 [00:29<07:48, 40.00it/s, acc=0.301, device=mps, eta=7m21s, loss=2.0081, sps=42.7]
BC[stage1_datasets_L40_stepsweep/bc_baseline_none_steps20000_tr0]:   6%|▋         | 1250/20000 [00:29<06:55, 45.12it/s, acc=0.301, device=mps, eta=7m21s, loss=2.0081, sps=42.7]
BC[stage1_datasets_L40_stepsweep/bc_baseline_none_steps20000_tr0]:   6%|▋         | 1256/20000 [00:29<06:26, 48.48it/s, acc=0.301, device=mps, eta=7m21s, loss=2.0081, sps=42.7]
BC[stage1_datasets_L40_stepsweep/bc_baseline_none_steps20000_tr0]:   6%|▋         | 1262/20000 [00:29<07:43, 40.39it/s, acc=0.301, device=mps, eta=7m21s, loss=2.0081, sps=42.7]
BC[stage1_datasets_L40_stepsweep/bc_baseline_none_steps20000_tr0]:   6%|▋         | 1267/20000 [00:29<07:25, 42.07it/s, acc=0.301, device=mps, eta=7m21s, loss=2.0081, sps=42.7]
BC[stage1_datasets_L40_stepsweep/bc_baseline_none_steps20000_tr0]:   6%|▋         | 1273/20000 [00:29<06:48, 45.86it/s, acc=0.301, device=mps, eta=7m21s, loss=2.0081, sps=42.7]
BC[stage1_datasets_L40_stepsweep/bc_baseline_none_steps20000_tr0]:   6%|▋         | 1280/20000 [00:29<06:08, 50.77it/s, acc=0.301, device=mps, eta=7m21s, loss=2.0081, sps=42.7]
BC[stage1_datasets_L40_stepsweep/bc_baseline_none_steps20000_tr0]:   6%|▋         | 1286/20000 [00:30<07:42, 40.46it/s, acc=0.301, device=mps, eta=7m21s, loss=2.0081, sps=42.7]
BC[stage1_datasets_L40_stepsweep/bc_baseline_none_steps20000_tr0]:   6%|▋         | 1292/20000 [00:30<07:12, 43.27it/s, acc=0.301, device=mps, eta=7m21s, loss=2.0081, sps=42.7]
BC[stage1_datasets_L40_stepsweep/bc_baseline_none_steps20000_tr0]:   6%|▋         | 1298/20000 [00:30<06:37, 47.06it/s, acc=0.301, device=mps, eta=7m21s, loss=2.0081, sps=42.7]
BC[stage1_datasets_L40_stepsweep/bc_baseline_none_steps20000_tr0]:   7%|▋         | 1304/20000 [00:30<07:47, 39.96it/s, acc=0.301, device=mps, eta=7m21s, loss=2.0081, sps=42.7]
BC[stage1_datasets_L40_stepsweep/bc_baseline_none_steps20000_tr0]:   7%|▋         | 1310/20000 [00:30<07:07, 43.73it/s, acc=0.301, device=mps, eta=7m21s, loss=2.0081, sps=42.7]
BC[stage1_datasets_L40_stepsweep/bc_baseline_none_steps20000_tr0]:   7%|▋         | 1316/20000 [00:30<06:40, 46.71it/s, acc=0.301, device=mps, eta=7m21s, loss=2.0081, sps=42.7]
BC[stage1_datasets_L40_stepsweep/bc_baseline_none_steps20000_tr0]:   7%|▋         | 1322/20000 [00:31<07:57, 39.10it/s, acc=0.301, device=mps, eta=7m21s, loss=2.0081, sps=42.7]
BC[stage1_datasets_L40_stepsweep/bc_baseline_none_steps20000_tr0]:   7%|▋         | 1328/20000 [00:31<07:20, 42.35it/s, acc=0.301, device=mps, eta=7m21s, loss=2.0081, sps=42.7]
BC[stage1_datasets_L40_stepsweep/bc_baseline_none_steps20000_tr0]:   7%|▋         | 1334/20000 [00:31<06:48, 45.68it/s, acc=0.301, device=mps, eta=7m21s, loss=2.0081, sps=42.7]
BC[stage1_datasets_L40_stepsweep/bc_baseline_none_steps20000_tr0]:   7%|▋         | 1341/20000 [00:31<07:51, 39.61it/s, acc=0.301, device=mps, eta=7m21s, loss=2.0081, sps=42.7]
BC[stage1_datasets_L40_stepsweep/bc_baseline_none_steps20000_tr0]:   7%|▋         | 1346/20000 [00:31<07:29, 41.53it/s, acc=0.301, device=mps, eta=7m21s, loss=2.0081, sps=42.7]
BC[stage1_datasets_L40_stepsweep/bc_baseline_none_steps20000_tr0]:   7%|▋         | 1352/20000 [00:31<06:52, 45.22it/s, acc=0.301, device=mps, eta=7m21s, loss=2.0081, sps=42.7]
BC[stage1_datasets_L40_stepsweep/bc_baseline_none_steps20000_tr0]:   7%|▋         | 1359/20000 [00:31<06:10, 50.34it/s, acc=0.301, device=mps, eta=7m21s, loss=2.0081, sps=42.7]
BC[stage1_datasets_L40_stepsweep/bc_baseline_none_steps20000_tr0]:   7%|▋         | 1365/20000 [00:31<07:22, 42.07it/s, acc=0.301, device=mps, eta=7m21s, loss=2.0081, sps=42.7]
BC[stage1_datasets_L40_stepsweep/bc_baseline_none_steps20000_tr0]:   7%|▋         | 1371/20000 [00:32<06:49, 45.49it/s, acc=0.301, device=mps, eta=7m21s, loss=2.0081, sps=42.7]
BC[stage1_datasets_L40_stepsweep/bc_baseline_none_steps20000_tr0]:   7%|▋         | 1377/20000 [00:32<06:22, 48.71it/s, acc=0.301, device=mps, eta=7m21s, loss=2.0081, sps=42.7]
BC[stage1_datasets_L40_stepsweep/bc_baseline_none_steps20000_tr0]:   7%|▋         | 1383/20000 [00:32<07:35, 40.91it/s, acc=0.301, device=mps, eta=7m21s, loss=2.0081, sps=42.7]
BC[stage1_datasets_L40_stepsweep/bc_baseline_none_steps20000_tr0]:   7%|▋         | 1389/20000 [00:32<06:55, 44.82it/s, acc=0.301, device=mps, eta=7m21s, loss=2.0081, sps=42.7]
BC[stage1_datasets_L40_stepsweep/bc_baseline_none_steps20000_tr0]:   7%|▋         | 1395/20000 [00:32<06:31, 47.55it/s, acc=0.301, device=mps, eta=7m21s, loss=2.0081, sps=42.7]
BC[stage1_datasets_L40_stepsweep/bc_baseline_none_steps20000_tr0]:   7%|▋         | 1395/20000 [00:32<06:31, 47.55it/s, acc=0.297, device=mps, eta=7m14s, loss=2.0145, sps=42.8]
BC[stage1_datasets_L40_stepsweep/bc_baseline_none_steps20000_tr0]:   7%|▋         | 1401/20000 [00:32<07:41, 40.34it/s, acc=0.297, device=mps, eta=7m14s, loss=2.0145, sps=42.8]
BC[stage1_datasets_L40_stepsweep/bc_baseline_none_steps20000_tr0]:   7%|▋         | 1407/20000 [00:32<07:00, 44.18it/s, acc=0.297, device=mps, eta=7m14s, loss=2.0145, sps=42.8]
BC[stage1_datasets_L40_stepsweep/bc_baseline_none_steps20000_tr0]:   7%|▋         | 1413/20000 [00:33<06:32, 47.30it/s, acc=0.297, device=mps, eta=7m14s, loss=2.0145, sps=42.8]
BC[stage1_datasets_L40_stepsweep/bc_baseline_none_steps20000_tr0]:   7%|▋         | 1420/20000 [00:33<05:58, 51.84it/s, acc=0.297, device=mps, eta=7m14s, loss=2.0145, sps=42.8]
BC[stage1_datasets_L40_stepsweep/bc_baseline_none_steps20000_tr0]:   7%|▋         | 1426/20000 [00:33<07:34, 40.84it/s, acc=0.297, device=mps, eta=7m14s, loss=2.0145, sps=42.8]
BC[stage1_datasets_L40_stepsweep/bc_baseline_none_steps20000_tr0]:   7%|▋         | 1432/20000 [00:33<07:00, 44.20it/s, acc=0.297, device=mps, eta=7m14s, loss=2.0145, sps=42.8]
BC[stage1_datasets_L40_stepsweep/bc_baseline_none_steps20000_tr0]:   7%|▋         | 1438/20000 [00:33<06:28, 47.82it/s, acc=0.297, device=mps, eta=7m14s, loss=2.0145, sps=42.8]
BC[stage1_datasets_L40_stepsweep/bc_baseline_none_steps20000_tr0]:   7%|▋         | 1444/20000 [00:33<07:43, 40.05it/s, acc=0.297, device=mps, eta=7m14s, loss=2.0145, sps=42.8]
BC[stage1_datasets_L40_stepsweep/bc_baseline_none_steps20000_tr0]:   7%|▋         | 1450/20000 [00:33<07:10, 43.11it/s, acc=0.297, device=mps, eta=7m14s, loss=2.0145, sps=42.8]
BC[stage1_datasets_L40_stepsweep/bc_baseline_none_steps20000_tr0]:   7%|▋         | 1456/20000 [00:33<06:45, 45.71it/s, acc=0.297, device=mps, eta=7m14s, loss=2.0145, sps=42.8]
BC[stage1_datasets_L40_stepsweep/bc_baseline_none_steps20000_tr0]:   7%|▋         | 1461/20000 [00:34<08:00, 38.55it/s, acc=0.297, device=mps, eta=7m14s, loss=2.0145, sps=42.8]
BC[stage1_datasets_L40_stepsweep/bc_baseline_none_steps20000_tr0]:   7%|▋         | 1466/20000 [00:34<07:38, 40.42it/s, acc=0.297, device=mps, eta=7m14s, loss=2.0145, sps=42.8]
BC[stage1_datasets_L40_stepsweep/bc_baseline_none_steps20000_tr0]:   7%|▋         | 1472/20000 [00:34<06:54, 44.65it/s, acc=0.297, device=mps, eta=7m14s, loss=2.0145, sps=42.8]
BC[stage1_datasets_L40_stepsweep/bc_baseline_none_steps20000_tr0]:   7%|▋         | 1479/20000 [00:34<06:14, 49.51it/s, acc=0.297, device=mps, eta=7m14s, loss=2.0145, sps=42.8]
BC[stage1_datasets_L40_stepsweep/bc_baseline_none_steps20000_tr0]:   7%|▋         | 1485/20000 [00:34<07:36, 40.59it/s, acc=0.297, device=mps, eta=7m14s, loss=2.0145, sps=42.8]
BC[stage1_datasets_L40_stepsweep/bc_baseline_none_steps20000_tr0]:   7%|▋         | 1491/20000 [00:34<07:04, 43.58it/s, acc=0.297, device=mps, eta=7m14s, loss=2.0145, sps=42.8]
BC[stage1_datasets_L40_stepsweep/bc_baseline_none_steps20000_tr0]:   7%|▋         | 1497/20000 [00:34<06:32, 47.11it/s, acc=0.297, device=mps, eta=7m14s, loss=2.0145, sps=42.8]
BC[stage1_datasets_L40_stepsweep/bc_baseline_none_steps20000_tr0]:   8%|▊         | 1503/20000 [00:35<07:51, 39.21it/s, acc=0.297, device=mps, eta=7m14s, loss=2.0145, sps=42.8]
BC[stage1_datasets_L40_stepsweep/bc_baseline_none_steps20000_tr0]:   8%|▊         | 1509/20000 [00:35<07:15, 42.44it/s, acc=0.297, device=mps, eta=7m14s, loss=2.0145, sps=42.8]
BC[stage1_datasets_L40_stepsweep/bc_baseline_none_steps20000_tr0]:   8%|▊         | 1516/20000 [00:35<06:31, 47.19it/s, acc=0.297, device=mps, eta=7m14s, loss=2.0145, sps=42.8]
BC[stage1_datasets_L40_stepsweep/bc_baseline_none_steps20000_tr0]:   8%|▊         | 1522/20000 [00:35<07:37, 40.42it/s, acc=0.297, device=mps, eta=7m14s, loss=2.0145, sps=42.8]
BC[stage1_datasets_L40_stepsweep/bc_baseline_none_steps20000_tr0]:   8%|▊         | 1528/20000 [00:35<07:02, 43.67it/s, acc=0.297, device=mps, eta=7m14s, loss=2.0145, sps=42.8]
BC[stage1_datasets_L40_stepsweep/bc_baseline_none_steps20000_tr0]:   8%|▊         | 1534/20000 [00:35<06:33, 46.90it/s, acc=0.297, device=mps, eta=7m14s, loss=2.0145, sps=42.8]
BC[stage1_datasets_L40_stepsweep/bc_baseline_none_steps20000_tr0]:   8%|▊         | 1541/20000 [00:36<07:32, 40.75it/s, acc=0.297, device=mps, eta=7m14s, loss=2.0145, sps=42.8]
BC[stage1_datasets_L40_stepsweep/bc_baseline_none_steps20000_tr0]:   8%|▊         | 1547/20000 [00:36<06:59, 43.95it/s, acc=0.297, device=mps, eta=7m14s, loss=2.0145, sps=42.8]
BC[stage1_datasets_L40_stepsweep/bc_baseline_none_steps20000_tr0]:   8%|▊         | 1553/20000 [00:36<06:33, 46.88it/s, acc=0.297, device=mps, eta=7m14s, loss=2.0145, sps=42.8]
BC[stage1_datasets_L40_stepsweep/bc_baseline_none_steps20000_tr0]:   8%|▊         | 1560/20000 [00:36<05:54, 51.96it/s, acc=0.297, device=mps, eta=7m14s, loss=2.0145, sps=42.8]
BC[stage1_datasets_L40_stepsweep/bc_baseline_none_steps20000_tr0]:   8%|▊         | 1566/20000 [00:36<07:19, 41.94it/s, acc=0.297, device=mps, eta=7m14s, loss=2.0145, sps=42.8]
BC[stage1_datasets_L40_stepsweep/bc_baseline_none_steps20000_tr0]:   8%|▊         | 1572/20000 [00:36<06:43, 45.70it/s, acc=0.297, device=mps, eta=7m14s, loss=2.0145, sps=42.8]
BC[stage1_datasets_L40_stepsweep/bc_baseline_none_steps20000_tr0]:   8%|▊         | 1578/20000 [00:36<06:19, 48.53it/s, acc=0.297, device=mps, eta=7m14s, loss=2.0145, sps=42.8]
BC[stage1_datasets_L40_stepsweep/bc_baseline_none_steps20000_tr0]:   8%|▊         | 1584/20000 [00:36<07:52, 38.99it/s, acc=0.297, device=mps, eta=7m14s, loss=2.0145, sps=42.8]
BC[stage1_datasets_L40_stepsweep/bc_baseline_none_steps20000_tr0]:   8%|▊         | 1590/20000 [00:37<07:13, 42.45it/s, acc=0.297, device=mps, eta=7m14s, loss=2.0145, sps=42.8]
BC[stage1_datasets_L40_stepsweep/bc_baseline_none_steps20000_tr0]:   8%|▊         | 1597/20000 [00:37<06:28, 47.36it/s, acc=0.297, device=mps, eta=7m14s, loss=2.0145, sps=42.8]
BC[stage1_datasets_L40_stepsweep/bc_baseline_none_steps20000_tr0]:   8%|▊         | 1597/20000 [00:37<06:28, 47.36it/s, acc=0.306, device=mps, eta=7m08s, loss=1.9974, sps=43.0]
BC[stage1_datasets_L40_stepsweep/bc_baseline_none_steps20000_tr0]:   8%|▊         | 1603/20000 [00:37<07:26, 41.17it/s, acc=0.306, device=mps, eta=7m08s, loss=1.9974, sps=43.0]
BC[stage1_datasets_L40_stepsweep/bc_baseline_none_steps20000_tr0]:   8%|▊         | 1609/20000 [00:37<06:47, 45.13it/s, acc=0.306, device=mps, eta=7m08s, loss=1.9974, sps=43.0]
BC[stage1_datasets_L40_stepsweep/bc_baseline_none_steps20000_tr0]:   8%|▊         | 1615/20000 [00:37<06:28, 47.32it/s, acc=0.306, device=mps, eta=7m08s, loss=1.9974, sps=43.0]
BC[stage1_datasets_L40_stepsweep/bc_baseline_none_steps20000_tr0]:   8%|▊         | 1621/20000 [00:37<07:54, 38.75it/s, acc=0.306, device=mps, eta=7m08s, loss=1.9974, sps=43.0]
BC[stage1_datasets_L40_stepsweep/bc_baseline_none_steps20000_tr0]:   8%|▊         | 1629/20000 [00:37<06:32, 46.79it/s, acc=0.306, device=mps, eta=7m08s, loss=1.9974, sps=43.0]
BC[stage1_datasets_L40_stepsweep/bc_baseline_none_steps20000_tr0]:   8%|▊         | 1637/20000 [00:38<05:46, 52.96it/s, acc=0.306, device=mps, eta=7m08s, loss=1.9974, sps=43.0]
BC[stage1_datasets_L40_stepsweep/bc_baseline_none_steps20000_tr0]:   8%|▊         | 1643/20000 [00:38<06:56, 44.10it/s, acc=0.306, device=mps, eta=7m08s, loss=1.9974, sps=43.0]
BC[stage1_datasets_L40_stepsweep/bc_baseline_none_steps20000_tr0]:   8%|▊         | 1649/20000 [00:38<06:40, 45.84it/s, acc=0.306, device=mps, eta=7m08s, loss=1.9974, sps=43.0]
BC[stage1_datasets_L40_stepsweep/bc_baseline_none_steps20000_tr0]:   8%|▊         | 1655/20000 [00:38<06:20, 48.25it/s, acc=0.306, device=mps, eta=7m08s, loss=1.9974, sps=43.0]
BC[stage1_datasets_L40_stepsweep/bc_baseline_none_steps20000_tr0]:   8%|▊         | 1661/20000 [00:38<07:21, 41.53it/s, acc=0.306, device=mps, eta=7m08s, loss=1.9974, sps=43.0]
BC[stage1_datasets_L40_stepsweep/bc_baseline_none_steps20000_tr0]:   8%|▊         | 1667/20000 [00:38<06:44, 45.31it/s, acc=0.306, device=mps, eta=7m08s, loss=1.9974, sps=43.0]
BC[stage1_datasets_L40_stepsweep/bc_baseline_none_steps20000_tr0]:   8%|▊         | 1673/20000 [00:38<06:17, 48.56it/s, acc=0.306, device=mps, eta=7m08s, loss=1.9974, sps=43.0]
BC[stage1_datasets_L40_stepsweep/bc_baseline_none_steps20000_tr0]:   8%|▊         | 1680/20000 [00:38<05:40, 53.84it/s, acc=0.306, device=mps, eta=7m08s, loss=1.9974, sps=43.0]
BC[stage1_datasets_L40_stepsweep/bc_baseline_none_steps20000_tr0]:   8%|▊         | 1686/20000 [00:39<07:09, 42.59it/s, acc=0.306, device=mps, eta=7m08s, loss=1.9974, sps=43.0]
BC[stage1_datasets_L40_stepsweep/bc_baseline_none_steps20000_tr0]:   8%|▊         | 1692/20000 [00:39<06:33, 46.47it/s, acc=0.306, device=mps, eta=7m08s, loss=1.9974, sps=43.0]
BC[stage1_datasets_L40_stepsweep/bc_baseline_none_steps20000_tr0]:   8%|▊         | 1699/20000 [00:39<05:57, 51.20it/s, acc=0.306, device=mps, eta=7m08s, loss=1.9974, sps=43.0]
BC[stage1_datasets_L40_stepsweep/bc_baseline_none_steps20000_tr0]:   9%|▊         | 1705/20000 [00:39<07:13, 42.24it/s, acc=0.306, device=mps, eta=7m08s, loss=1.9974, sps=43.0]
BC[stage1_datasets_L40_stepsweep/bc_baseline_none_steps20000_tr0]:   9%|▊         | 1711/20000 [00:39<06:49, 44.70it/s, acc=0.306, device=mps, eta=7m08s, loss=1.9974, sps=43.0]
BC[stage1_datasets_L40_stepsweep/bc_baseline_none_steps20000_tr0]:   9%|▊         | 1717/20000 [00:39<06:30, 46.80it/s, acc=0.306, device=mps, eta=7m08s, loss=1.9974, sps=43.0]
BC[stage1_datasets_L40_stepsweep/bc_baseline_none_steps20000_tr0]:   9%|▊         | 1723/20000 [00:40<08:02, 37.90it/s, acc=0.306, device=mps, eta=7m08s, loss=1.9974, sps=43.0]
BC[stage1_datasets_L40_stepsweep/bc_baseline_none_steps20000_tr0]:   9%|▊         | 1729/20000 [00:40<07:25, 40.98it/s, acc=0.306, device=mps, eta=7m08s, loss=1.9974, sps=43.0]
BC[stage1_datasets_L40_stepsweep/bc_baseline_none_steps20000_tr0]:   9%|▊         | 1735/20000 [00:40<06:50, 44.51it/s, acc=0.306, device=mps, eta=7m08s, loss=1.9974, sps=43.0]
BC[stage1_datasets_L40_stepsweep/bc_baseline_none_steps20000_tr0]:   9%|▊         | 1741/20000 [00:40<07:53, 38.59it/s, acc=0.306, device=mps, eta=7m08s, loss=1.9974, sps=43.0]
BC[stage1_datasets_L40_stepsweep/bc_baseline_none_steps20000_tr0]:   9%|▊         | 1747/20000 [00:40<07:15, 41.87it/s, acc=0.306, device=mps, eta=7m08s, loss=1.9974, sps=43.0]
BC[stage1_datasets_L40_stepsweep/bc_baseline_none_steps20000_tr0]:   9%|▉         | 1753/20000 [00:40<06:36, 46.01it/s, acc=0.306, device=mps, eta=7m08s, loss=1.9974, sps=43.0]
BC[stage1_datasets_L40_stepsweep/bc_baseline_none_steps20000_tr0]:   9%|▉         | 1760/20000 [00:40<05:54, 51.43it/s, acc=0.306, device=mps, eta=7m08s, loss=1.9974, sps=43.0]
BC[stage1_datasets_L40_stepsweep/bc_baseline_none_steps20000_tr0]:   9%|▉         | 1766/20000 [00:41<07:24, 40.99it/s, acc=0.306, device=mps, eta=7m08s, loss=1.9974, sps=43.0]
BC[stage1_datasets_L40_stepsweep/bc_baseline_none_steps20000_tr0]:   9%|▉         | 1772/20000 [00:41<06:45, 44.98it/s, acc=0.306, device=mps, eta=7m08s, loss=1.9974, sps=43.0]
BC[stage1_datasets_L40_stepsweep/bc_baseline_none_steps20000_tr0]:   9%|▉         | 1778/20000 [00:41<06:17, 48.31it/s, acc=0.306, device=mps, eta=7m08s, loss=1.9974, sps=43.0]
BC[stage1_datasets_L40_stepsweep/bc_baseline_none_steps20000_tr0]:   9%|▉         | 1784/20000 [00:41<07:36, 39.89it/s, acc=0.306, device=mps, eta=7m08s, loss=1.9974, sps=43.0]
BC[stage1_datasets_L40_stepsweep/bc_baseline_none_steps20000_tr0]:   9%|▉         | 1790/20000 [00:41<06:57, 43.57it/s, acc=0.306, device=mps, eta=7m08s, loss=1.9974, sps=43.0]
BC[stage1_datasets_L40_stepsweep/bc_baseline_none_steps20000_tr0]:   9%|▉         | 1796/20000 [00:41<06:30, 46.60it/s, acc=0.306, device=mps, eta=7m08s, loss=1.9974, sps=43.0]
BC[stage1_datasets_L40_stepsweep/bc_baseline_none_steps20000_tr0]:   9%|▉         | 1796/20000 [00:41<06:30, 46.60it/s, acc=0.304, device=mps, eta=7m02s, loss=2.0001, sps=43.1]
BC[stage1_datasets_L40_stepsweep/bc_baseline_none_steps20000_tr0]:   9%|▉         | 1802/20000 [00:41<07:41, 39.39it/s, acc=0.304, device=mps, eta=7m02s, loss=2.0001, sps=43.1]
BC[stage1_datasets_L40_stepsweep/bc_baseline_none_steps20000_tr0]:   9%|▉         | 1807/20000 [00:41<07:17, 41.57it/s, acc=0.304, device=mps, eta=7m02s, loss=2.0001, sps=43.1]
BC[stage1_datasets_L40_stepsweep/bc_baseline_none_steps20000_tr0]:   9%|▉         | 1813/20000 [00:42<06:46, 44.79it/s, acc=0.304, device=mps, eta=7m02s, loss=2.0001, sps=43.1]
BC[stage1_datasets_L40_stepsweep/bc_baseline_none_steps20000_tr0]:   9%|▉         | 1819/20000 [00:42<06:21, 47.68it/s, acc=0.304, device=mps, eta=7m02s, loss=2.0001, sps=43.1]
BC[stage1_datasets_L40_stepsweep/bc_baseline_none_steps20000_tr0]:   9%|▉         | 1825/20000 [00:42<07:45, 39.04it/s, acc=0.304, device=mps, eta=7m02s, loss=2.0001, sps=43.1]
BC[stage1_datasets_L40_stepsweep/bc_baseline_none_steps20000_tr0]:   9%|▉         | 1832/20000 [00:42<06:49, 44.40it/s, acc=0.304, device=mps, eta=7m02s, loss=2.0001, sps=43.1]
BC[stage1_datasets_L40_stepsweep/bc_baseline_none_steps20000_tr0]:   9%|▉         | 1839/20000 [00:42<06:04, 49.80it/s, acc=0.304, device=mps, eta=7m02s, loss=2.0001, sps=43.1]
BC[stage1_datasets_L40_stepsweep/bc_baseline_none_steps20000_tr0]:   9%|▉         | 1845/20000 [00:42<07:10, 42.17it/s, acc=0.304, device=mps, eta=7m02s, loss=2.0001, sps=43.1]
BC[stage1_datasets_L40_stepsweep/bc_baseline_none_steps20000_tr0]:   9%|▉         | 1852/20000 [00:42<06:20, 47.65it/s, acc=0.304, device=mps, eta=7m02s, loss=2.0001, sps=43.1]
BC[stage1_datasets_L40_stepsweep/bc_baseline_none_steps20000_tr0]:   9%|▉         | 1859/20000 [00:43<05:45, 52.56it/s, acc=0.304, device=mps, eta=7m02s, loss=2.0001, sps=43.1]
BC[stage1_datasets_L40_stepsweep/bc_baseline_none_steps20000_tr0]:   9%|▉         | 1865/20000 [00:43<07:06, 42.52it/s, acc=0.304, device=mps, eta=7m02s, loss=2.0001, sps=43.1]
BC[stage1_datasets_L40_stepsweep/bc_baseline_none_steps20000_tr0]:   9%|▉         | 1871/20000 [00:43<06:33, 46.03it/s, acc=0.304, device=mps, eta=7m02s, loss=2.0001, sps=43.1]
BC[stage1_datasets_L40_stepsweep/bc_baseline_none_steps20000_tr0]:   9%|▉         | 1877/20000 [00:43<06:12, 48.59it/s, acc=0.304, device=mps, eta=7m02s, loss=2.0001, sps=43.1]
BC[stage1_datasets_L40_stepsweep/bc_baseline_none_steps20000_tr0]:   9%|▉         | 1883/20000 [00:43<07:32, 40.08it/s, acc=0.304, device=mps, eta=7m02s, loss=2.0001, sps=43.1]
BC[stage1_datasets_L40_stepsweep/bc_baseline_none_steps20000_tr0]:   9%|▉         | 1889/20000 [00:43<06:59, 43.13it/s, acc=0.304, device=mps, eta=7m02s, loss=2.0001, sps=43.1]
BC[stage1_datasets_L40_stepsweep/bc_baseline_none_steps20000_tr0]:   9%|▉         | 1895/20000 [00:43<06:34, 45.94it/s, acc=0.304, device=mps, eta=7m02s, loss=2.0001, sps=43.1]
BC[stage1_datasets_L40_stepsweep/bc_baseline_none_steps20000_tr0]:  10%|▉         | 1901/20000 [00:44<07:44, 39.01it/s, acc=0.304, device=mps, eta=7m02s, loss=2.0001, sps=43.1]
BC[stage1_datasets_L40_stepsweep/bc_baseline_none_steps20000_tr0]:  10%|▉         | 1907/20000 [00:44<07:08, 42.25it/s, acc=0.304, device=mps, eta=7m02s, loss=2.0001, sps=43.1]
BC[stage1_datasets_L40_stepsweep/bc_baseline_none_steps20000_tr0]:  10%|▉         | 1912/20000 [00:44<06:51, 44.01it/s, acc=0.304, device=mps, eta=7m02s, loss=2.0001, sps=43.1]
BC[stage1_datasets_L40_stepsweep/bc_baseline_none_steps20000_tr0]:  10%|▉         | 1918/20000 [00:44<06:23, 47.17it/s, acc=0.304, device=mps, eta=7m02s, loss=2.0001, sps=43.1]
BC[stage1_datasets_L40_stepsweep/bc_baseline_none_steps20000_tr0]:  10%|▉         | 1923/20000 [00:44<07:49, 38.47it/s, acc=0.304, device=mps, eta=7m02s, loss=2.0001, sps=43.1]
BC[stage1_datasets_L40_stepsweep/bc_baseline_none_steps20000_tr0]:  10%|▉         | 1929/20000 [00:44<07:12, 41.79it/s, acc=0.304, device=mps, eta=7m02s, loss=2.0001, sps=43.1]
BC[stage1_datasets_L40_stepsweep/bc_baseline_none_steps20000_tr0]:  10%|▉         | 1935/20000 [00:44<06:39, 45.18it/s, acc=0.304, device=mps, eta=7m02s, loss=2.0001, sps=43.1]
BC[stage1_datasets_L40_stepsweep/bc_baseline_none_steps20000_tr0]:  10%|▉         | 1941/20000 [00:45<07:43, 38.99it/s, acc=0.304, device=mps, eta=7m02s, loss=2.0001, sps=43.1]
BC[stage1_datasets_L40_stepsweep/bc_baseline_none_steps20000_tr0]:  10%|▉         | 1948/20000 [00:45<06:47, 44.32it/s, acc=0.304, device=mps, eta=7m02s, loss=2.0001, sps=43.1]
BC[stage1_datasets_L40_stepsweep/bc_baseline_none_steps20000_tr0]:  10%|▉         | 1955/20000 [00:45<06:10, 48.75it/s, acc=0.304, device=mps, eta=7m02s, loss=2.0001, sps=43.1]
BC[stage1_datasets_L40_stepsweep/bc_baseline_none_steps20000_tr0]:  10%|▉         | 1961/20000 [00:45<07:18, 41.16it/s, acc=0.304, device=mps, eta=7m02s, loss=2.0001, sps=43.1]
BC[stage1_datasets_L40_stepsweep/bc_baseline_none_steps20000_tr0]:  10%|▉         | 1968/20000 [00:45<06:33, 45.87it/s, acc=0.304, device=mps, eta=7m02s, loss=2.0001, sps=43.1]
BC[stage1_datasets_L40_stepsweep/bc_baseline_none_steps20000_tr0]:  10%|▉         | 1974/20000 [00:45<06:13, 48.30it/s, acc=0.304, device=mps, eta=7m02s, loss=2.0001, sps=43.1]
BC[stage1_datasets_L40_stepsweep/bc_baseline_none_steps20000_tr0]:  10%|▉         | 1980/20000 [00:45<05:54, 50.80it/s, acc=0.304, device=mps, eta=7m02s, loss=2.0001, sps=43.1]
BC[stage1_datasets_L40_stepsweep/bc_baseline_none_steps20000_tr0]:  10%|▉         | 1986/20000 [00:46<07:34, 39.62it/s, acc=0.304, device=mps, eta=7m02s, loss=2.0001, sps=43.1]
BC[stage1_datasets_L40_stepsweep/bc_baseline_none_steps20000_tr0]:  10%|▉         | 1992/20000 [00:46<07:04, 42.43it/s, acc=0.304, device=mps, eta=7m02s, loss=2.0001, sps=43.1]
BC[stage1_datasets_L40_stepsweep/bc_baseline_none_steps20000_tr0]:  10%|▉         | 1998/20000 [00:46<06:34, 45.62it/s, acc=0.304, device=mps, eta=7m02s, loss=2.0001, sps=43.1]
BC[stage1_datasets_L40_stepsweep/bc_baseline_none_steps20000_tr0]:  10%|▉         | 1998/20000 [00:46<06:34, 45.62it/s, acc=0.298, device=mps, eta=6m57s, loss=2.0137, sps=43.2]
BC[stage1_datasets_L40_stepsweep/bc_baseline_none_steps20000_tr0]:  10%|█         | 2003/20000 [00:46<07:51, 38.20it/s, acc=0.298, device=mps, eta=6m57s, loss=2.0137, sps=43.2]
BC[stage1_datasets_L40_stepsweep/bc_baseline_none_steps20000_tr0]:  10%|█         | 2009/20000 [00:46<07:10, 41.81it/s, acc=0.298, device=mps, eta=6m57s, loss=2.0137, sps=43.2]
BC[stage1_datasets_L40_stepsweep/bc_baseline_none_steps20000_tr0]:  10%|█         | 2015/20000 [00:46<06:40, 44.94it/s, acc=0.298, device=mps, eta=6m57s, loss=2.0137, sps=43.2]
BC[stage1_datasets_L40_stepsweep/bc_baseline_none_steps20000_tr0]:  10%|█         | 2021/20000 [00:46<07:50, 38.20it/s, acc=0.298, device=mps, eta=6m57s, loss=2.0137, sps=43.2]
BC[stage1_datasets_L40_stepsweep/bc_baseline_none_steps20000_tr0]:  10%|█         | 2027/20000 [00:46<07:06, 42.17it/s, acc=0.298, device=mps, eta=6m57s, loss=2.0137, sps=43.2]
BC[stage1_datasets_L40_stepsweep/bc_baseline_none_steps20000_tr0]:  10%|█         | 2033/20000 [00:47<06:37, 45.23it/s, acc=0.298, device=mps, eta=6m57s, loss=2.0137, sps=43.2]
BC[stage1_datasets_L40_stepsweep/bc_baseline_none_steps20000_tr0]:  10%|█         | 2039/20000 [00:47<06:09, 48.67it/s, acc=0.298, device=mps, eta=6m57s, loss=2.0137, sps=43.2]
BC[stage1_datasets_L40_stepsweep/bc_baseline_none_steps20000_tr0]:  10%|█         | 2045/20000 [00:47<07:17, 41.00it/s, acc=0.298, device=mps, eta=6m57s, loss=2.0137, sps=43.2]
BC[stage1_datasets_L40_stepsweep/bc_baseline_none_steps20000_tr0]:  10%|█         | 2051/20000 [00:47<06:38, 45.08it/s, acc=0.298, device=mps, eta=6m57s, loss=2.0137, sps=43.2]
BC[stage1_datasets_L40_stepsweep/bc_baseline_none_steps20000_tr0]:  10%|█         | 2057/20000 [00:47<06:08, 48.66it/s, acc=0.298, device=mps, eta=6m57s, loss=2.0137, sps=43.2]
BC[stage1_datasets_L40_stepsweep/bc_baseline_none_steps20000_tr0]:  10%|█         | 2063/20000 [00:47<07:22, 40.54it/s, acc=0.298, device=mps, eta=6m57s, loss=2.0137, sps=43.2]
BC[stage1_datasets_L40_stepsweep/bc_baseline_none_steps20000_tr0]:  10%|█         | 2068/20000 [00:47<07:05, 42.15it/s, acc=0.298, device=mps, eta=6m57s, loss=2.0137, sps=43.2]
BC[stage1_datasets_L40_stepsweep/bc_baseline_none_steps20000_tr0]:  10%|█         | 2074/20000 [00:48<06:36, 45.20it/s, acc=0.298, device=mps, eta=6m57s, loss=2.0137, sps=43.2]
BC[stage1_datasets_L40_stepsweep/bc_baseline_none_steps20000_tr0]:  10%|█         | 2081/20000 [00:48<07:35, 39.33it/s, acc=0.298, device=mps, eta=6m57s, loss=2.0137, sps=43.2]
BC[stage1_datasets_L40_stepsweep/bc_baseline_none_steps20000_tr0]:  10%|█         | 2087/20000 [00:48<06:50, 43.65it/s, acc=0.298, device=mps, eta=6m57s, loss=2.0137, sps=43.2]
BC[stage1_datasets_L40_stepsweep/bc_baseline_none_steps20000_tr0]:  10%|█         | 2093/20000 [00:48<06:19, 47.24it/s, acc=0.298, device=mps, eta=6m57s, loss=2.0137, sps=43.2]
BC[stage1_datasets_L40_stepsweep/bc_baseline_none_steps20000_tr0]:  10%|█         | 2100/20000 [00:48<05:42, 52.32it/s, acc=0.298, device=mps, eta=6m57s, loss=2.0137, sps=43.2]
BC[stage1_datasets_L40_stepsweep/bc_baseline_none_steps20000_tr0]:  11%|█         | 2106/20000 [00:48<07:06, 41.94it/s, acc=0.298, device=mps, eta=6m57s, loss=2.0137, sps=43.2]
BC[stage1_datasets_L40_stepsweep/bc_baseline_none_steps20000_tr0]:  11%|█         | 2112/20000 [00:48<06:30, 45.84it/s, acc=0.298, device=mps, eta=6m57s, loss=2.0137, sps=43.2]
BC[stage1_datasets_L40_stepsweep/bc_baseline_none_steps20000_tr0]:  11%|█         | 2119/20000 [00:48<05:57, 49.96it/s, acc=0.298, device=mps, eta=6m57s, loss=2.0137, sps=43.2]
BC[stage1_datasets_L40_stepsweep/bc_baseline_none_steps20000_tr0]:  11%|█         | 2125/20000 [00:49<07:11, 41.47it/s, acc=0.298, device=mps, eta=6m57s, loss=2.0137, sps=43.2]
BC[stage1_datasets_L40_stepsweep/bc_baseline_none_steps20000_tr0]:  11%|█         | 2130/20000 [00:49<06:56, 42.90it/s, acc=0.298, device=mps, eta=6m57s, loss=2.0137, sps=43.2]
BC[stage1_datasets_L40_stepsweep/bc_baseline_none_steps20000_tr0]:  11%|█         | 2136/20000 [00:49<06:30, 45.73it/s, acc=0.298, device=mps, eta=6m57s, loss=2.0137, sps=43.2]
BC[stage1_datasets_L40_stepsweep/bc_baseline_none_steps20000_tr0]:  11%|█         | 2141/20000 [00:49<07:48, 38.11it/s, acc=0.298, device=mps, eta=6m57s, loss=2.0137, sps=43.2]
BC[stage1_datasets_L40_stepsweep/bc_baseline_none_steps20000_tr0]:  11%|█         | 2147/20000 [00:49<06:59, 42.54it/s, acc=0.298, device=mps, eta=6m57s, loss=2.0137, sps=43.2]
BC[stage1_datasets_L40_stepsweep/bc_baseline_none_steps20000_tr0]:  11%|█         | 2153/20000 [00:49<06:30, 45.72it/s, acc=0.298, device=mps, eta=6m57s, loss=2.0137, sps=43.2]
BC[stage1_datasets_L40_stepsweep/bc_baseline_none_steps20000_tr0]:  11%|█         | 2159/20000 [00:49<06:06, 48.71it/s, acc=0.298, device=mps, eta=6m57s, loss=2.0137, sps=43.2]
BC[stage1_datasets_L40_stepsweep/bc_baseline_none_steps20000_tr0]:  11%|█         | 2165/20000 [00:50<07:30, 39.59it/s, acc=0.298, device=mps, eta=6m57s, loss=2.0137, sps=43.2]
BC[stage1_datasets_L40_stepsweep/bc_baseline_none_steps20000_tr0]:  11%|█         | 2170/20000 [00:50<07:12, 41.25it/s, acc=0.298, device=mps, eta=6m57s, loss=2.0137, sps=43.2]
BC[stage1_datasets_L40_stepsweep/bc_baseline_none_steps20000_tr0]:  11%|█         | 2176/20000 [00:50<06:44, 44.10it/s, acc=0.298, device=mps, eta=6m57s, loss=2.0137, sps=43.2]
BC[stage1_datasets_L40_stepsweep/bc_baseline_none_steps20000_tr0]:  11%|█         | 2181/20000 [00:50<07:58, 37.27it/s, acc=0.298, device=mps, eta=6m57s, loss=2.0137, sps=43.2]
BC[stage1_datasets_L40_stepsweep/bc_baseline_none_steps20000_tr0]:  11%|█         | 2187/20000 [00:50<07:03, 42.02it/s, acc=0.298, device=mps, eta=6m57s, loss=2.0137, sps=43.2]
BC[stage1_datasets_L40_stepsweep/bc_baseline_none_steps20000_tr0]:  11%|█         | 2194/20000 [00:50<06:14, 47.57it/s, acc=0.298, device=mps, eta=6m57s, loss=2.0137, sps=43.2]
BC[stage1_datasets_L40_stepsweep/bc_baseline_none_steps20000_tr0]:  11%|█         | 2194/20000 [00:50<06:14, 47.57it/s, acc=0.303, device=mps, eta=6m52s, loss=2.0082, sps=43.3]
BC[stage1_datasets_L40_stepsweep/bc_baseline_none_steps20000_tr0]:  11%|█         | 2201/20000 [00:50<07:06, 41.72it/s, acc=0.303, device=mps, eta=6m52s, loss=2.0082, sps=43.3]
BC[stage1_datasets_L40_stepsweep/bc_baseline_none_steps20000_tr0]:  11%|█         | 2207/20000 [00:51<06:30, 45.54it/s, acc=0.303, device=mps, eta=6m52s, loss=2.0082, sps=43.3]
BC[stage1_datasets_L40_stepsweep/bc_baseline_none_steps20000_tr0]:  11%|█         | 2213/20000 [00:51<06:09, 48.18it/s, acc=0.303, device=mps, eta=6m52s, loss=2.0082, sps=43.3]
BC[stage1_datasets_L40_stepsweep/bc_baseline_none_steps20000_tr0]:  11%|█         | 2219/20000 [00:51<05:53, 50.32it/s, acc=0.303, device=mps, eta=6m52s, loss=2.0082, sps=43.3]
BC[stage1_datasets_L40_stepsweep/bc_baseline_none_steps20000_tr0]:  11%|█         | 2225/20000 [00:51<07:09, 41.41it/s, acc=0.303, device=mps, eta=6m52s, loss=2.0082, sps=43.3]
BC[stage1_datasets_L40_stepsweep/bc_baseline_none_steps20000_tr0]:  11%|█         | 2231/20000 [00:51<06:45, 43.84it/s, acc=0.303, device=mps, eta=6m52s, loss=2.0082, sps=43.3]
BC[stage1_datasets_L40_stepsweep/bc_baseline_none_steps20000_tr0]:  11%|█         | 2237/20000 [00:51<06:23, 46.34it/s, acc=0.303, device=mps, eta=6m52s, loss=2.0082, sps=43.3]
BC[stage1_datasets_L40_stepsweep/bc_baseline_none_steps20000_tr0]:  11%|█         | 2242/20000 [00:51<07:42, 38.43it/s, acc=0.303, device=mps, eta=6m52s, loss=2.0082, sps=43.3]
BC[stage1_datasets_L40_stepsweep/bc_baseline_none_steps20000_tr0]:  11%|█         | 2248/20000 [00:52<06:58, 42.45it/s, acc=0.303, device=mps, eta=6m52s, loss=2.0082, sps=43.3]
BC[stage1_datasets_L40_stepsweep/bc_baseline_none_steps20000_tr0]:  11%|█▏        | 2254/20000 [00:52<06:25, 45.98it/s, acc=0.303, device=mps, eta=6m52s, loss=2.0082, sps=43.3]
BC[stage1_datasets_L40_stepsweep/bc_baseline_none_steps20000_tr0]:  11%|█▏        | 2260/20000 [00:52<05:59, 49.29it/s, acc=0.303, device=mps, eta=6m52s, loss=2.0082, sps=43.3]
BC[stage1_datasets_L40_stepsweep/bc_baseline_none_steps20000_tr0]:  11%|█▏        | 2266/20000 [00:52<07:36, 38.86it/s, acc=0.303, device=mps, eta=6m52s, loss=2.0082, sps=43.3]
BC[stage1_datasets_L40_stepsweep/bc_baseline_none_steps20000_tr0]:  11%|█▏        | 2272/20000 [00:52<07:00, 42.12it/s, acc=0.303, device=mps, eta=6m52s, loss=2.0082, sps=43.3]
BC[stage1_datasets_L40_stepsweep/bc_baseline_none_steps20000_tr0]:  11%|█▏        | 2278/20000 [00:52<06:26, 45.88it/s, acc=0.303, device=mps, eta=6m52s, loss=2.0082, sps=43.3]
BC[stage1_datasets_L40_stepsweep/bc_baseline_none_steps20000_tr0]:  11%|█▏        | 2284/20000 [00:52<07:32, 39.15it/s, acc=0.303, device=mps, eta=6m52s, loss=2.0082, sps=43.3]
BC[stage1_datasets_L40_stepsweep/bc_baseline_none_steps20000_tr0]:  11%|█▏        | 2290/20000 [00:52<06:53, 42.85it/s, acc=0.303, device=mps, eta=6m52s, loss=2.0082, sps=43.3]
BC[stage1_datasets_L40_stepsweep/bc_baseline_none_steps20000_tr0]:  11%|█▏        | 2296/20000 [00:53<06:25, 45.88it/s, acc=0.303, device=mps, eta=6m52s, loss=2.0082, sps=43.3]
BC[stage1_datasets_L40_stepsweep/bc_baseline_none_steps20000_tr0]:  12%|█▏        | 2301/20000 [00:53<07:41, 38.34it/s, acc=0.303, device=mps, eta=6m52s, loss=2.0082, sps=43.3]
BC[stage1_datasets_L40_stepsweep/bc_baseline_none_steps20000_tr0]:  12%|█▏        | 2307/20000 [00:53<06:57, 42.34it/s, acc=0.303, device=mps, eta=6m52s, loss=2.0082, sps=43.3]
BC[stage1_datasets_L40_stepsweep/bc_baseline_none_steps20000_tr0]:  12%|█▏        | 2313/20000 [00:53<06:30, 45.29it/s, acc=0.303, device=mps, eta=6m52s, loss=2.0082, sps=43.3]
BC[stage1_datasets_L40_stepsweep/bc_baseline_none_steps20000_tr0]:  12%|█▏        | 2319/20000 [00:53<06:03, 48.66it/s, acc=0.303, device=mps, eta=6m52s, loss=2.0082, sps=43.3]
BC[stage1_datasets_L40_stepsweep/bc_baseline_none_steps20000_tr0]:  12%|█▏        | 2325/20000 [00:53<07:18, 40.31it/s, acc=0.303, device=mps, eta=6m52s, loss=2.0082, sps=43.3]
BC[stage1_datasets_L40_stepsweep/bc_baseline_none_steps20000_tr0]:  12%|█▏        | 2331/20000 [00:53<06:45, 43.61it/s, acc=0.303, device=mps, eta=6m52s, loss=2.0082, sps=43.3]
BC[stage1_datasets_L40_stepsweep/bc_baseline_none_steps20000_tr0]:  12%|█▏        | 2337/20000 [00:54<06:15, 47.02it/s, acc=0.303, device=mps, eta=6m52s, loss=2.0082, sps=43.3]
BC[stage1_datasets_L40_stepsweep/bc_baseline_none_steps20000_tr0]:  12%|█▏        | 2343/20000 [00:54<07:33, 38.91it/s, acc=0.303, device=mps, eta=6m52s, loss=2.0082, sps=43.3]
BC[stage1_datasets_L40_stepsweep/bc_baseline_none_steps20000_tr0]:  12%|█▏        | 2350/20000 [00:54<06:37, 44.45it/s, acc=0.303, device=mps, eta=6m52s, loss=2.0082, sps=43.3]
BC[stage1_datasets_L40_stepsweep/bc_baseline_none_steps20000_tr0]:  12%|█▏        | 2356/20000 [00:54<06:11, 47.49it/s, acc=0.303, device=mps, eta=6m52s, loss=2.0082, sps=43.3]
BC[stage1_datasets_L40_stepsweep/bc_baseline_none_steps20000_tr0]:  12%|█▏        | 2362/20000 [00:54<07:20, 40.07it/s, acc=0.303, device=mps, eta=6m52s, loss=2.0082, sps=43.3]
BC[stage1_datasets_L40_stepsweep/bc_baseline_none_steps20000_tr0]:  12%|█▏        | 2368/20000 [00:54<06:47, 43.26it/s, acc=0.303, device=mps, eta=6m52s, loss=2.0082, sps=43.3]
BC[stage1_datasets_L40_stepsweep/bc_baseline_none_steps20000_tr0]:  12%|█▏        | 2374/20000 [00:54<06:22, 46.03it/s, acc=0.303, device=mps, eta=6m52s, loss=2.0082, sps=43.3]
BC[stage1_datasets_L40_stepsweep/bc_baseline_none_steps20000_tr0]:  12%|█▏        | 2381/20000 [00:55<07:17, 40.28it/s, acc=0.303, device=mps, eta=6m52s, loss=2.0082, sps=43.3]
BC[stage1_datasets_L40_stepsweep/bc_baseline_none_steps20000_tr0]:  12%|█▏        | 2387/20000 [00:55<06:42, 43.80it/s, acc=0.303, device=mps, eta=6m52s, loss=2.0082, sps=43.3]
BC[stage1_datasets_L40_stepsweep/bc_baseline_none_steps20000_tr0]:  12%|█▏        | 2393/20000 [00:55<06:19, 46.46it/s, acc=0.303, device=mps, eta=6m52s, loss=2.0082, sps=43.3]
BC[stage1_datasets_L40_stepsweep/bc_baseline_none_steps20000_tr0]:  12%|█▏        | 2399/20000 [00:55<05:57, 49.26it/s, acc=0.303, device=mps, eta=6m52s, loss=2.0082, sps=43.3]
BC[stage1_datasets_L40_stepsweep/bc_baseline_none_steps20000_tr0]:  12%|█▏        | 2399/20000 [00:55<05:57, 49.26it/s, acc=0.300, device=mps, eta=6m47s, loss=2.0007, sps=43.3]
BC[stage1_datasets_L40_stepsweep/bc_baseline_none_steps20000_tr0]:  12%|█▏        | 2405/20000 [00:55<07:15, 40.40it/s, acc=0.300, device=mps, eta=6m47s, loss=2.0007, sps=43.3]
BC[stage1_datasets_L40_stepsweep/bc_baseline_none_steps20000_tr0]:  12%|█▏        | 2411/20000 [00:55<06:39, 44.05it/s, acc=0.300, device=mps, eta=6m47s, loss=2.0007, sps=43.3]
BC[stage1_datasets_L40_stepsweep/bc_baseline_none_steps20000_tr0]:  12%|█▏        | 2417/20000 [00:55<06:14, 46.99it/s, acc=0.300, device=mps, eta=6m47s, loss=2.0007, sps=43.3]
BC[stage1_datasets_L40_stepsweep/bc_baseline_none_steps20000_tr0]:  12%|█▏        | 2423/20000 [00:56<07:21, 39.84it/s, acc=0.300, device=mps, eta=6m47s, loss=2.0007, sps=43.3]
BC[stage1_datasets_L40_stepsweep/bc_baseline_none_steps20000_tr0]:  12%|█▏        | 2429/20000 [00:56<06:48, 43.02it/s, acc=0.300, device=mps, eta=6m47s, loss=2.0007, sps=43.3]
BC[stage1_datasets_L40_stepsweep/bc_baseline_none_steps20000_tr0]:  12%|█▏        | 2435/20000 [00:56<06:17, 46.47it/s, acc=0.300, device=mps, eta=6m47s, loss=2.0007, sps=43.3]
BC[stage1_datasets_L40_stepsweep/bc_baseline_none_steps20000_tr0]:  12%|█▏        | 2441/20000 [00:56<07:21, 39.79it/s, acc=0.300, device=mps, eta=6m47s, loss=2.0007, sps=43.3]
BC[stage1_datasets_L40_stepsweep/bc_baseline_none_steps20000_tr0]:  12%|█▏        | 2447/20000 [00:56<06:41, 43.70it/s, acc=0.300, device=mps, eta=6m47s, loss=2.0007, sps=43.3]
BC[stage1_datasets_L40_stepsweep/bc_baseline_none_steps20000_tr0]:  12%|█▏        | 2453/20000 [00:56<06:10, 47.38it/s, acc=0.300, device=mps, eta=6m47s, loss=2.0007, sps=43.3]
BC[stage1_datasets_L40_stepsweep/bc_baseline_none_steps20000_tr0]:  12%|█▏        | 2460/20000 [00:56<05:36, 52.10it/s, acc=0.300, device=mps, eta=6m47s, loss=2.0007, sps=43.3]
BC[stage1_datasets_L40_stepsweep/bc_baseline_none_steps20000_tr0]:  12%|█▏        | 2466/20000 [00:57<06:59, 41.80it/s, acc=0.300, device=mps, eta=6m47s, loss=2.0007, sps=43.3]
BC[stage1_datasets_L40_stepsweep/bc_baseline_none_steps20000_tr0]:  12%|█▏        | 2472/20000 [00:57<06:26, 45.32it/s, acc=0.300, device=mps, eta=6m47s, loss=2.0007, sps=43.3]
BC[stage1_datasets_L40_stepsweep/bc_baseline_none_steps20000_tr0]:  12%|█▏        | 2478/20000 [00:57<06:01, 48.50it/s, acc=0.300, device=mps, eta=6m47s, loss=2.0007, sps=43.3]
BC[stage1_datasets_L40_stepsweep/bc_baseline_none_steps20000_tr0]:  12%|█▏        | 2484/20000 [00:57<07:29, 38.95it/s, acc=0.300, device=mps, eta=6m47s, loss=2.0007, sps=43.3]
BC[stage1_datasets_L40_stepsweep/bc_baseline_none_steps20000_tr0]:  12%|█▏        | 2490/20000 [00:57<06:54, 42.22it/s, acc=0.300, device=mps, eta=6m47s, loss=2.0007, sps=43.3]
BC[stage1_datasets_L40_stepsweep/bc_baseline_none_steps20000_tr0]:  12%|█▏        | 2497/20000 [00:57<06:11, 47.18it/s, acc=0.300, device=mps, eta=6m47s, loss=2.0007, sps=43.3]
BC[stage1_datasets_L40_stepsweep/bc_baseline_none_steps20000_tr0]:  13%|█▎        | 2503/20000 [00:57<07:14, 40.23it/s, acc=0.300, device=mps, eta=6m47s, loss=2.0007, sps=43.3]
BC[stage1_datasets_L40_stepsweep/bc_baseline_none_steps20000_tr0]:  13%|█▎        | 2510/20000 [00:58<06:24, 45.46it/s, acc=0.300, device=mps, eta=6m47s, loss=2.0007, sps=43.3]
BC[stage1_datasets_L40_stepsweep/bc_baseline_none_steps20000_tr0]:  13%|█▎        | 2516/20000 [00:58<05:58, 48.81it/s, acc=0.300, device=mps, eta=6m47s, loss=2.0007, sps=43.3]
BC[stage1_datasets_L40_stepsweep/bc_baseline_none_steps20000_tr0]:  13%|█▎        | 2522/20000 [00:58<07:07, 40.88it/s, acc=0.300, device=mps, eta=6m47s, loss=2.0007, sps=43.3]
BC[stage1_datasets_L40_stepsweep/bc_baseline_none_steps20000_tr0]:  13%|█▎        | 2528/20000 [00:58<06:32, 44.50it/s, acc=0.300, device=mps, eta=6m47s, loss=2.0007, sps=43.3]
BC[stage1_datasets_L40_stepsweep/bc_baseline_none_steps20000_tr0]:  13%|█▎        | 2534/20000 [00:58<06:13, 46.74it/s, acc=0.300, device=mps, eta=6m47s, loss=2.0007, sps=43.3]
BC[stage1_datasets_L40_stepsweep/bc_baseline_none_steps20000_tr0]:  13%|█▎        | 2541/20000 [00:58<07:20, 39.61it/s, acc=0.300, device=mps, eta=6m47s, loss=2.0007, sps=43.3]
BC[stage1_datasets_L40_stepsweep/bc_baseline_none_steps20000_tr0]:  13%|█▎        | 2547/20000 [00:58<06:41, 43.52it/s, acc=0.300, device=mps, eta=6m47s, loss=2.0007, sps=43.3]
BC[stage1_datasets_L40_stepsweep/bc_baseline_none_steps20000_tr0]:  13%|█▎        | 2553/20000 [00:58<06:18, 46.09it/s, acc=0.300, device=mps, eta=6m47s, loss=2.0007, sps=43.3]
BC[stage1_datasets_L40_stepsweep/bc_baseline_none_steps20000_tr0]:  13%|█▎        | 2560/20000 [00:59<05:42, 50.85it/s, acc=0.300, device=mps, eta=6m47s, loss=2.0007, sps=43.3]
BC[stage1_datasets_L40_stepsweep/bc_baseline_none_steps20000_tr0]:  13%|█▎        | 2566/20000 [00:59<07:06, 40.90it/s, acc=0.300, device=mps, eta=6m47s, loss=2.0007, sps=43.3]
BC[stage1_datasets_L40_stepsweep/bc_baseline_none_steps20000_tr0]:  13%|█▎        | 2572/20000 [00:59<06:38, 43.78it/s, acc=0.300, device=mps, eta=6m47s, loss=2.0007, sps=43.3]
BC[stage1_datasets_L40_stepsweep/bc_baseline_none_steps20000_tr0]:  13%|█▎        | 2578/20000 [00:59<06:14, 46.57it/s, acc=0.300, device=mps, eta=6m47s, loss=2.0007, sps=43.3]
BC[stage1_datasets_L40_stepsweep/bc_baseline_none_steps20000_tr0]:  13%|█▎        | 2584/20000 [00:59<07:18, 39.71it/s, acc=0.300, device=mps, eta=6m47s, loss=2.0007, sps=43.3]
BC[stage1_datasets_L40_stepsweep/bc_baseline_none_steps20000_tr0]:  13%|█▎        | 2589/20000 [00:59<06:57, 41.68it/s, acc=0.300, device=mps, eta=6m47s, loss=2.0007, sps=43.3]
BC[stage1_datasets_L40_stepsweep/bc_baseline_none_steps20000_tr0]:  13%|█▎        | 2595/20000 [00:59<06:29, 44.70it/s, acc=0.300, device=mps, eta=6m47s, loss=2.0007, sps=43.3]
BC[stage1_datasets_L40_stepsweep/bc_baseline_none_steps20000_tr0]:  13%|█▎        | 2595/20000 [01:00<06:29, 44.70it/s, acc=0.306, device=mps, eta=6m42s, loss=2.0008, sps=43.3]
BC[stage1_datasets_L40_stepsweep/bc_baseline_none_steps20000_tr0]:  13%|█▎        | 2601/20000 [01:00<07:41, 37.72it/s, acc=0.306, device=mps, eta=6m42s, loss=2.0008, sps=43.3]
BC[stage1_datasets_L40_stepsweep/bc_baseline_none_steps20000_tr0]:  13%|█▎        | 2608/20000 [01:00<06:42, 43.24it/s, acc=0.306, device=mps, eta=6m42s, loss=2.0008, sps=43.3]
BC[stage1_datasets_L40_stepsweep/bc_baseline_none_steps20000_tr0]:  13%|█▎        | 2615/20000 [01:00<06:02, 47.97it/s, acc=0.306, device=mps, eta=6m42s, loss=2.0008, sps=43.3]
BC[stage1_datasets_L40_stepsweep/bc_baseline_none_steps20000_tr0]:  13%|█▎        | 2621/20000 [01:00<07:07, 40.64it/s, acc=0.306, device=mps, eta=6m42s, loss=2.0008, sps=43.3]
BC[stage1_datasets_L40_stepsweep/bc_baseline_none_steps20000_tr0]:  13%|█▎        | 2628/20000 [01:00<06:22, 45.41it/s, acc=0.306, device=mps, eta=6m42s, loss=2.0008, sps=43.3]
BC[stage1_datasets_L40_stepsweep/bc_baseline_none_steps20000_tr0]:  13%|█▎        | 2634/20000 [01:00<05:59, 48.35it/s, acc=0.306, device=mps, eta=6m42s, loss=2.0008, sps=43.3]
BC[stage1_datasets_L40_stepsweep/bc_baseline_none_steps20000_tr0]:  13%|█▎        | 2641/20000 [01:01<07:09, 40.44it/s, acc=0.306, device=mps, eta=6m42s, loss=2.0008, sps=43.3]
BC[stage1_datasets_L40_stepsweep/bc_baseline_none_steps20000_tr0]:  13%|█▎        | 2648/20000 [01:01<06:23, 45.24it/s, acc=0.306, device=mps, eta=6m42s, loss=2.0008, sps=43.3]
BC[stage1_datasets_L40_stepsweep/bc_baseline_none_steps20000_tr0]:  13%|█▎        | 2654/20000 [01:01<06:03, 47.73it/s, acc=0.306, device=mps, eta=6m42s, loss=2.0008, sps=43.3]
BC[stage1_datasets_L40_stepsweep/bc_baseline_none_steps20000_tr0]:  13%|█▎        | 2661/20000 [01:01<06:59, 41.38it/s, acc=0.306, device=mps, eta=6m42s, loss=2.0008, sps=43.3]
BC[stage1_datasets_L40_stepsweep/bc_baseline_none_steps20000_tr0]:  13%|█▎        | 2667/20000 [01:01<06:27, 44.71it/s, acc=0.306, device=mps, eta=6m42s, loss=2.0008, sps=43.3]
BC[stage1_datasets_L40_stepsweep/bc_baseline_none_steps20000_tr0]:  13%|█▎        | 2674/20000 [01:01<05:50, 49.38it/s, acc=0.306, device=mps, eta=6m42s, loss=2.0008, sps=43.3]
BC[stage1_datasets_L40_stepsweep/bc_baseline_none_steps20000_tr0]:  13%|█▎        | 2681/20000 [01:01<06:43, 42.89it/s, acc=0.306, device=mps, eta=6m42s, loss=2.0008, sps=43.3]
BC[stage1_datasets_L40_stepsweep/bc_baseline_none_steps20000_tr0]:  13%|█▎        | 2688/20000 [01:02<06:07, 47.12it/s, acc=0.306, device=mps, eta=6m42s, loss=2.0008, sps=43.3]
BC[stage1_datasets_L40_stepsweep/bc_baseline_none_steps20000_tr0]:  13%|█▎        | 2694/20000 [01:02<05:51, 49.26it/s, acc=0.306, device=mps, eta=6m42s, loss=2.0008, sps=43.3]
BC[stage1_datasets_L40_stepsweep/bc_baseline_none_steps20000_tr0]:  14%|█▎        | 2700/20000 [01:02<05:34, 51.80it/s, acc=0.306, device=mps, eta=6m42s, loss=2.0008, sps=43.3]
BC[stage1_datasets_L40_stepsweep/bc_baseline_none_steps20000_tr0]:  14%|█▎        | 2706/20000 [01:02<06:44, 42.74it/s, acc=0.306, device=mps, eta=6m42s, loss=2.0008, sps=43.3]
BC[stage1_datasets_L40_stepsweep/bc_baseline_none_steps20000_tr0]:  14%|█▎        | 2712/20000 [01:02<06:14, 46.14it/s, acc=0.306, device=mps, eta=6m42s, loss=2.0008, sps=43.3]
BC[stage1_datasets_L40_stepsweep/bc_baseline_none_steps20000_tr0]:  14%|█▎        | 2718/20000 [01:02<05:51, 49.21it/s, acc=0.306, device=mps, eta=6m42s, loss=2.0008, sps=43.3]
BC[stage1_datasets_L40_stepsweep/bc_baseline_none_steps20000_tr0]:  14%|█▎        | 2724/20000 [01:02<07:02, 40.91it/s, acc=0.306, device=mps, eta=6m42s, loss=2.0008, sps=43.3]
BC[stage1_datasets_L40_stepsweep/bc_baseline_none_steps20000_tr0]:  14%|█▎        | 2729/20000 [01:02<06:43, 42.85it/s, acc=0.306, device=mps, eta=6m42s, loss=2.0008, sps=43.3]
BC[stage1_datasets_L40_stepsweep/bc_baseline_none_steps20000_tr0]:  14%|█▎        | 2735/20000 [01:03<06:12, 46.37it/s, acc=0.306, device=mps, eta=6m42s, loss=2.0008, sps=43.3]
BC[stage1_datasets_L40_stepsweep/bc_baseline_none_steps20000_tr0]:  14%|█▎        | 2741/20000 [01:03<07:15, 39.62it/s, acc=0.306, device=mps, eta=6m42s, loss=2.0008, sps=43.3]
BC[stage1_datasets_L40_stepsweep/bc_baseline_none_steps20000_tr0]:  14%|█▎        | 2747/20000 [01:03<06:31, 44.06it/s, acc=0.306, device=mps, eta=6m42s, loss=2.0008, sps=43.3]
BC[stage1_datasets_L40_stepsweep/bc_baseline_none_steps20000_tr0]:  14%|█▍        | 2753/20000 [01:03<06:05, 47.18it/s, acc=0.306, device=mps, eta=6m42s, loss=2.0008, sps=43.3]
BC[stage1_datasets_L40_stepsweep/bc_baseline_none_steps20000_tr0]:  14%|█▍        | 2759/20000 [01:03<05:50, 49.18it/s, acc=0.306, device=mps, eta=6m42s, loss=2.0008, sps=43.3]
BC[stage1_datasets_L40_stepsweep/bc_baseline_none_steps20000_tr0]:  14%|█▍        | 2765/20000 [01:03<07:03, 40.68it/s, acc=0.306, device=mps, eta=6m42s, loss=2.0008, sps=43.3]
BC[stage1_datasets_L40_stepsweep/bc_baseline_none_steps20000_tr0]:  14%|█▍        | 2771/20000 [01:03<06:38, 43.19it/s, acc=0.306, device=mps, eta=6m42s, loss=2.0008, sps=43.3]
BC[stage1_datasets_L40_stepsweep/bc_baseline_none_steps20000_tr0]:  14%|█▍        | 2777/20000 [01:04<06:12, 46.24it/s, acc=0.306, device=mps, eta=6m42s, loss=2.0008, sps=43.3]
BC[stage1_datasets_L40_stepsweep/bc_baseline_none_steps20000_tr0]:  14%|█▍        | 2782/20000 [01:04<07:24, 38.71it/s, acc=0.306, device=mps, eta=6m42s, loss=2.0008, sps=43.3]
BC[stage1_datasets_L40_stepsweep/bc_baseline_none_steps20000_tr0]:  14%|█▍        | 2788/20000 [01:04<06:42, 42.81it/s, acc=0.306, device=mps, eta=6m42s, loss=2.0008, sps=43.3]
BC[stage1_datasets_L40_stepsweep/bc_baseline_none_steps20000_tr0]:  14%|█▍        | 2794/20000 [01:04<06:06, 46.95it/s, acc=0.306, device=mps, eta=6m42s, loss=2.0008, sps=43.3]
BC[stage1_datasets_L40_stepsweep/bc_baseline_none_steps20000_tr0]:  14%|█▍        | 2794/20000 [01:04<06:06, 46.95it/s, acc=0.299, device=mps, eta=6m36s, loss=2.0051, sps=43.4]
BC[stage1_datasets_L40_stepsweep/bc_baseline_none_steps20000_tr0]:  14%|█▍        | 2801/20000 [01:04<06:59, 41.02it/s, acc=0.299, device=mps, eta=6m36s, loss=2.0051, sps=43.4]
BC[stage1_datasets_L40_stepsweep/bc_baseline_none_steps20000_tr0]:  14%|█▍        | 2808/20000 [01:04<06:14, 45.92it/s, acc=0.299, device=mps, eta=6m36s, loss=2.0051, sps=43.4]
BC[stage1_datasets_L40_stepsweep/bc_baseline_none_steps20000_tr0]:  14%|█▍        | 2815/20000 [01:04<05:44, 49.93it/s, acc=0.299, device=mps, eta=6m36s, loss=2.0051, sps=43.4]
BC[stage1_datasets_L40_stepsweep/bc_baseline_none_steps20000_tr0]:  14%|█▍        | 2821/20000 [01:05<06:50, 41.82it/s, acc=0.299, device=mps, eta=6m36s, loss=2.0051, sps=43.4]
BC[stage1_datasets_L40_stepsweep/bc_baseline_none_steps20000_tr0]:  14%|█▍        | 2827/20000 [01:05<06:19, 45.30it/s, acc=0.299, device=mps, eta=6m36s, loss=2.0051, sps=43.4]
BC[stage1_datasets_L40_stepsweep/bc_baseline_none_steps20000_tr0]:  14%|█▍        | 2833/20000 [01:05<05:59, 47.72it/s, acc=0.299, device=mps, eta=6m36s, loss=2.0051, sps=43.4]
BC[stage1_datasets_L40_stepsweep/bc_baseline_none_steps20000_tr0]:  14%|█▍        | 2839/20000 [01:05<05:43, 49.93it/s, acc=0.299, device=mps, eta=6m36s, loss=2.0051, sps=43.4]
BC[stage1_datasets_L40_stepsweep/bc_baseline_none_steps20000_tr0]:  14%|█▍        | 2845/20000 [01:05<07:03, 40.47it/s, acc=0.299, device=mps, eta=6m36s, loss=2.0051, sps=43.4]
BC[stage1_datasets_L40_stepsweep/bc_baseline_none_steps20000_tr0]:  14%|█▍        | 2850/20000 [01:05<06:43, 42.51it/s, acc=0.299, device=mps, eta=6m36s, loss=2.0051, sps=43.4]
BC[stage1_datasets_L40_stepsweep/bc_baseline_none_steps20000_tr0]:  14%|█▍        | 2856/20000 [01:05<06:12, 45.98it/s, acc=0.299, device=mps, eta=6m36s, loss=2.0051, sps=43.4]
BC[stage1_datasets_L40_stepsweep/bc_baseline_none_steps20000_tr0]:  14%|█▍        | 2861/20000 [01:05<07:20, 38.90it/s, acc=0.299, device=mps, eta=6m36s, loss=2.0051, sps=43.4]
BC[stage1_datasets_L40_stepsweep/bc_baseline_none_steps20000_tr0]:  14%|█▍        | 2868/20000 [01:06<06:17, 45.35it/s, acc=0.299, device=mps, eta=6m36s, loss=2.0051, sps=43.4]
BC[stage1_datasets_L40_stepsweep/bc_baseline_none_steps20000_tr0]:  14%|█▍        | 2875/20000 [01:06<05:33, 51.32it/s, acc=0.299, device=mps, eta=6m36s, loss=2.0051, sps=43.4]
BC[stage1_datasets_L40_stepsweep/bc_baseline_none_steps20000_tr0]:  14%|█▍        | 2881/20000 [01:06<06:32, 43.59it/s, acc=0.299, device=mps, eta=6m36s, loss=2.0051, sps=43.4]
BC[stage1_datasets_L40_stepsweep/bc_baseline_none_steps20000_tr0]:  14%|█▍        | 2887/20000 [01:06<06:01, 47.30it/s, acc=0.299, device=mps, eta=6m36s, loss=2.0051, sps=43.4]
BC[stage1_datasets_L40_stepsweep/bc_baseline_none_steps20000_tr0]:  14%|█▍        | 2894/20000 [01:06<05:36, 50.86it/s, acc=0.299, device=mps, eta=6m36s, loss=2.0051, sps=43.4]
BC[stage1_datasets_L40_stepsweep/bc_baseline_none_steps20000_tr0]:  15%|█▍        | 2901/20000 [01:06<06:38, 42.88it/s, acc=0.299, device=mps, eta=6m36s, loss=2.0051, sps=43.4]
BC[stage1_datasets_L40_stepsweep/bc_baseline_none_steps20000_tr0]:  15%|█▍        | 2907/20000 [01:06<06:07, 46.56it/s, acc=0.299, device=mps, eta=6m36s, loss=2.0051, sps=43.4]
BC[stage1_datasets_L40_stepsweep/bc_baseline_none_steps20000_tr0]:  15%|█▍        | 2914/20000 [01:07<05:38, 50.49it/s, acc=0.299, device=mps, eta=6m36s, loss=2.0051, sps=43.4]
BC[stage1_datasets_L40_stepsweep/bc_baseline_none_steps20000_tr0]:  15%|█▍        | 2921/20000 [01:07<06:39, 42.79it/s, acc=0.299, device=mps, eta=6m36s, loss=2.0051, sps=43.4]
BC[stage1_datasets_L40_stepsweep/bc_baseline_none_steps20000_tr0]:  15%|█▍        | 2927/20000 [01:07<06:08, 46.37it/s, acc=0.299, device=mps, eta=6m36s, loss=2.0051, sps=43.4]
BC[stage1_datasets_L40_stepsweep/bc_baseline_none_steps20000_tr0]:  15%|█▍        | 2934/20000 [01:07<05:37, 50.53it/s, acc=0.299, device=mps, eta=6m36s, loss=2.0051, sps=43.4]
BC[stage1_datasets_L40_stepsweep/bc_baseline_none_steps20000_tr0]:  15%|█▍        | 2941/20000 [01:07<06:35, 43.09it/s, acc=0.299, device=mps, eta=6m36s, loss=2.0051, sps=43.4]
BC[stage1_datasets_L40_stepsweep/bc_baseline_none_steps20000_tr0]:  15%|█▍        | 2948/20000 [01:07<05:59, 47.44it/s, acc=0.299, device=mps, eta=6m36s, loss=2.0051, sps=43.4]
BC[stage1_datasets_L40_stepsweep/bc_baseline_none_steps20000_tr0]:  15%|█▍        | 2954/20000 [01:07<05:46, 49.18it/s, acc=0.299, device=mps, eta=6m36s, loss=2.0051, sps=43.4]
BC[stage1_datasets_L40_stepsweep/bc_baseline_none_steps20000_tr0]:  15%|█▍        | 2961/20000 [01:08<06:43, 42.26it/s, acc=0.299, device=mps, eta=6m36s, loss=2.0051, sps=43.4]
BC[stage1_datasets_L40_stepsweep/bc_baseline_none_steps20000_tr0]:  15%|█▍        | 2968/20000 [01:08<06:04, 46.72it/s, acc=0.299, device=mps, eta=6m36s, loss=2.0051, sps=43.4]
BC[stage1_datasets_L40_stepsweep/bc_baseline_none_steps20000_tr0]:  15%|█▍        | 2975/20000 [01:08<05:38, 50.28it/s, acc=0.299, device=mps, eta=6m36s, loss=2.0051, sps=43.4]
BC[stage1_datasets_L40_stepsweep/bc_baseline_none_steps20000_tr0]:  15%|█▍        | 2981/20000 [01:08<06:42, 42.29it/s, acc=0.299, device=mps, eta=6m36s, loss=2.0051, sps=43.4]
BC[stage1_datasets_L40_stepsweep/bc_baseline_none_steps20000_tr0]:  15%|█▍        | 2987/20000 [01:08<06:14, 45.38it/s, acc=0.299, device=mps, eta=6m36s, loss=2.0051, sps=43.4]
BC[stage1_datasets_L40_stepsweep/bc_baseline_none_steps20000_tr0]:  15%|█▍        | 2993/20000 [01:08<05:55, 47.85it/s, acc=0.299, device=mps, eta=6m36s, loss=2.0051, sps=43.4]
BC[stage1_datasets_L40_stepsweep/bc_baseline_none_steps20000_tr0]:  15%|█▍        | 2999/20000 [01:08<05:38, 50.27it/s, acc=0.299, device=mps, eta=6m36s, loss=2.0051, sps=43.4]
BC[stage1_datasets_L40_stepsweep/bc_baseline_none_steps20000_tr0]:  15%|█▍        | 2999/20000 [01:08<05:38, 50.27it/s, acc=0.304, device=mps, eta=6m30s, loss=2.0043, sps=43.6]
BC[stage1_datasets_L40_stepsweep/bc_baseline_none_steps20000_tr0]:  15%|█▌        | 3005/20000 [01:09<06:47, 41.74it/s, acc=0.304, device=mps, eta=6m30s, loss=2.0043, sps=43.6]
BC[stage1_datasets_L40_stepsweep/bc_baseline_none_steps20000_tr0]:  15%|█▌        | 3010/20000 [01:09<06:32, 43.27it/s, acc=0.304, device=mps, eta=6m30s, loss=2.0043, sps=43.6]
BC[stage1_datasets_L40_stepsweep/bc_baseline_none_steps20000_tr0]:  15%|█▌        | 3016/20000 [01:09<06:09, 45.91it/s, acc=0.304, device=mps, eta=6m30s, loss=2.0043, sps=43.6]
BC[stage1_datasets_L40_stepsweep/bc_baseline_none_steps20000_tr0]:  15%|█▌        | 3021/20000 [01:09<07:28, 37.86it/s, acc=0.304, device=mps, eta=6m30s, loss=2.0043, sps=43.6]
BC[stage1_datasets_L40_stepsweep/bc_baseline_none_steps20000_tr0]:  15%|█▌        | 3027/20000 [01:09<06:41, 42.32it/s, acc=0.304, device=mps, eta=6m30s, loss=2.0043, sps=43.6]
BC[stage1_datasets_L40_stepsweep/bc_baseline_none_steps20000_tr0]:  15%|█▌        | 3033/20000 [01:09<06:15, 45.16it/s, acc=0.304, device=mps, eta=6m30s, loss=2.0043, sps=43.6]
BC[stage1_datasets_L40_stepsweep/bc_baseline_none_steps20000_tr0]:  15%|█▌        | 3039/20000 [01:09<05:47, 48.76it/s, acc=0.304, device=mps, eta=6m30s, loss=2.0043, sps=43.6]
BC[stage1_datasets_L40_stepsweep/bc_baseline_none_steps20000_tr0]:  15%|█▌        | 3045/20000 [01:09<07:00, 40.29it/s, acc=0.304, device=mps, eta=6m30s, loss=2.0043, sps=43.6]
BC[stage1_datasets_L40_stepsweep/bc_baseline_none_steps20000_tr0]:  15%|█▌        | 3051/20000 [01:10<06:26, 43.87it/s, acc=0.304, device=mps, eta=6m30s, loss=2.0043, sps=43.6]
BC[stage1_datasets_L40_stepsweep/bc_baseline_none_steps20000_tr0]:  15%|█▌        | 3057/20000 [01:10<05:58, 47.32it/s, acc=0.304, device=mps, eta=6m30s, loss=2.0043, sps=43.6]
BC[stage1_datasets_L40_stepsweep/bc_baseline_none_steps20000_tr0]:  15%|█▌        | 3063/20000 [01:10<07:09, 39.44it/s, acc=0.304, device=mps, eta=6m30s, loss=2.0043, sps=43.6]
BC[stage1_datasets_L40_stepsweep/bc_baseline_none_steps20000_tr0]:  15%|█▌        | 3069/20000 [01:10<06:29, 43.52it/s, acc=0.304, device=mps, eta=6m30s, loss=2.0043, sps=43.6]
BC[stage1_datasets_L40_stepsweep/bc_baseline_none_steps20000_tr0]:  15%|█▌        | 3075/20000 [01:10<06:02, 46.71it/s, acc=0.304, device=mps, eta=6m30s, loss=2.0043, sps=43.6]
BC[stage1_datasets_L40_stepsweep/bc_baseline_none_steps20000_tr0]:  15%|█▌        | 3081/20000 [01:10<07:07, 39.60it/s, acc=0.304, device=mps, eta=6m30s, loss=2.0043, sps=43.6]
BC[stage1_datasets_L40_stepsweep/bc_baseline_none_steps20000_tr0]:  15%|█▌        | 3087/20000 [01:10<06:26, 43.72it/s, acc=0.304, device=mps, eta=6m30s, loss=2.0043, sps=43.6]
BC[stage1_datasets_L40_stepsweep/bc_baseline_none_steps20000_tr0]:  15%|█▌        | 3093/20000 [01:11<06:00, 46.86it/s, acc=0.304, device=mps, eta=6m30s, loss=2.0043, sps=43.6]
BC[stage1_datasets_L40_stepsweep/bc_baseline_none_steps20000_tr0]:  15%|█▌        | 3099/20000 [01:11<05:45, 48.97it/s, acc=0.304, device=mps, eta=6m30s, loss=2.0043, sps=43.6]
BC[stage1_datasets_L40_stepsweep/bc_baseline_none_steps20000_tr0]:  16%|█▌        | 3105/20000 [01:11<06:56, 40.57it/s, acc=0.304, device=mps, eta=6m30s, loss=2.0043, sps=43.6]
BC[stage1_datasets_L40_stepsweep/bc_baseline_none_steps20000_tr0]:  16%|█▌        | 3111/20000 [01:11<06:23, 44.09it/s, acc=0.304, device=mps, eta=6m30s, loss=2.0043, sps=43.6]
BC[stage1_datasets_L40_stepsweep/bc_baseline_none_steps20000_tr0]:  16%|█▌        | 3117/20000 [01:11<05:55, 47.47it/s, acc=0.304, device=mps, eta=6m30s, loss=2.0043, sps=43.6]
BC[stage1_datasets_L40_stepsweep/bc_baseline_none_steps20000_tr0]:  16%|█▌        | 3123/20000 [01:11<07:02, 39.93it/s, acc=0.304, device=mps, eta=6m30s, loss=2.0043, sps=43.6]
BC[stage1_datasets_L40_stepsweep/bc_baseline_none_steps20000_tr0]:  16%|█▌        | 3129/20000 [01:11<06:27, 43.56it/s, acc=0.304, device=mps, eta=6m30s, loss=2.0043, sps=43.6]
BC[stage1_datasets_L40_stepsweep/bc_baseline_none_steps20000_tr0]:  16%|█▌        | 3135/20000 [01:11<05:59, 46.96it/s, acc=0.304, device=mps, eta=6m30s, loss=2.0043, sps=43.6]
BC[stage1_datasets_L40_stepsweep/bc_baseline_none_steps20000_tr0]:  16%|█▌        | 3141/20000 [01:12<07:07, 39.46it/s, acc=0.304, device=mps, eta=6m30s, loss=2.0043, sps=43.6]
BC[stage1_datasets_L40_stepsweep/bc_baseline_none_steps20000_tr0]:  16%|█▌        | 3148/20000 [01:12<06:10, 45.50it/s, acc=0.304, device=mps, eta=6m30s, loss=2.0043, sps=43.6]
BC[stage1_datasets_L40_stepsweep/bc_baseline_none_steps20000_tr0]:  16%|█▌        | 3154/20000 [01:12<05:52, 47.77it/s, acc=0.304, device=mps, eta=6m30s, loss=2.0043, sps=43.6]
BC[stage1_datasets_L40_stepsweep/bc_baseline_none_steps20000_tr0]:  16%|█▌        | 3160/20000 [01:12<05:33, 50.44it/s, acc=0.304, device=mps, eta=6m30s, loss=2.0043, sps=43.6]
BC[stage1_datasets_L40_stepsweep/bc_baseline_none_steps20000_tr0]:  16%|█▌        | 3166/20000 [01:12<07:18, 38.37it/s, acc=0.304, device=mps, eta=6m30s, loss=2.0043, sps=43.6]
BC[stage1_datasets_L40_stepsweep/bc_baseline_none_steps20000_tr0]:  16%|█▌        | 3172/20000 [01:12<06:41, 41.86it/s, acc=0.304, device=mps, eta=6m30s, loss=2.0043, sps=43.6]
BC[stage1_datasets_L40_stepsweep/bc_baseline_none_steps20000_tr0]:  16%|█▌        | 3178/20000 [01:12<06:07, 45.72it/s, acc=0.304, device=mps, eta=6m30s, loss=2.0043, sps=43.6]
BC[stage1_datasets_L40_stepsweep/bc_baseline_none_steps20000_tr0]:  16%|█▌        | 3184/20000 [01:13<07:05, 39.56it/s, acc=0.304, device=mps, eta=6m30s, loss=2.0043, sps=43.6]
BC[stage1_datasets_L40_stepsweep/bc_baseline_none_steps20000_tr0]:  16%|█▌        | 3191/20000 [01:13<06:15, 44.72it/s, acc=0.304, device=mps, eta=6m30s, loss=2.0043, sps=43.6]
BC[stage1_datasets_L40_stepsweep/bc_baseline_none_steps20000_tr0]:  16%|█▌        | 3198/20000 [01:13<05:43, 48.88it/s, acc=0.304, device=mps, eta=6m30s, loss=2.0043, sps=43.6]
BC[stage1_datasets_L40_stepsweep/bc_baseline_none_steps20000_tr0]:  16%|█▌        | 3198/20000 [01:13<05:43, 48.88it/s, acc=0.302, device=mps, eta=6m26s, loss=2.0007, sps=43.6]
BC[stage1_datasets_L40_stepsweep/bc_baseline_none_steps20000_tr0]:  16%|█▌        | 3204/20000 [01:13<06:42, 41.71it/s, acc=0.302, device=mps, eta=6m26s, loss=2.0007, sps=43.6]
BC[stage1_datasets_L40_stepsweep/bc_baseline_none_steps20000_tr0]:  16%|█▌        | 3211/20000 [01:13<06:00, 46.60it/s, acc=0.302, device=mps, eta=6m26s, loss=2.0007, sps=43.6]
BC[stage1_datasets_L40_stepsweep/bc_baseline_none_steps20000_tr0]:  16%|█▌        | 3217/20000 [01:13<05:42, 48.95it/s, acc=0.302, device=mps, eta=6m26s, loss=2.0007, sps=43.6]
BC[stage1_datasets_L40_stepsweep/bc_baseline_none_steps20000_tr0]:  16%|█▌        | 3223/20000 [01:14<06:51, 40.82it/s, acc=0.302, device=mps, eta=6m26s, loss=2.0007, sps=43.6]
BC[stage1_datasets_L40_stepsweep/bc_baseline_none_steps20000_tr0]:  16%|█▌        | 3229/20000 [01:14<06:22, 43.79it/s, acc=0.302, device=mps, eta=6m26s, loss=2.0007, sps=43.6]
BC[stage1_datasets_L40_stepsweep/bc_baseline_none_steps20000_tr0]:  16%|█▌        | 3235/20000 [01:14<06:05, 45.86it/s, acc=0.302, device=mps, eta=6m26s, loss=2.0007, sps=43.6]
BC[stage1_datasets_L40_stepsweep/bc_baseline_none_steps20000_tr0]:  16%|█▌        | 3241/20000 [01:14<07:11, 38.85it/s, acc=0.302, device=mps, eta=6m26s, loss=2.0007, sps=43.6]
BC[stage1_datasets_L40_stepsweep/bc_baseline_none_steps20000_tr0]:  16%|█▌        | 3247/20000 [01:14<06:28, 43.09it/s, acc=0.302, device=mps, eta=6m26s, loss=2.0007, sps=43.6]
BC[stage1_datasets_L40_stepsweep/bc_baseline_none_steps20000_tr0]:  16%|█▋        | 3253/20000 [01:14<06:00, 46.45it/s, acc=0.302, device=mps, eta=6m26s, loss=2.0007, sps=43.6]
BC[stage1_datasets_L40_stepsweep/bc_baseline_none_steps20000_tr0]:  16%|█▋        | 3260/20000 [01:14<05:27, 51.09it/s, acc=0.302, device=mps, eta=6m26s, loss=2.0007, sps=43.6]
BC[stage1_datasets_L40_stepsweep/bc_baseline_none_steps20000_tr0]:  16%|█▋        | 3266/20000 [01:15<06:47, 41.08it/s, acc=0.302, device=mps, eta=6m26s, loss=2.0007, sps=43.6]
BC[stage1_datasets_L40_stepsweep/bc_baseline_none_steps20000_tr0]:  16%|█▋        | 3272/20000 [01:15<06:19, 44.08it/s, acc=0.302, device=mps, eta=6m26s, loss=2.0007, sps=43.6]
BC[stage1_datasets_L40_stepsweep/bc_baseline_none_steps20000_tr0]:  16%|█▋        | 3278/20000 [01:15<05:55, 47.07it/s, acc=0.302, device=mps, eta=6m26s, loss=2.0007, sps=43.6]
BC[stage1_datasets_L40_stepsweep/bc_baseline_none_steps20000_tr0]:  16%|█▋        | 3284/20000 [01:15<06:59, 39.89it/s, acc=0.302, device=mps, eta=6m26s, loss=2.0007, sps=43.6]
BC[stage1_datasets_L40_stepsweep/bc_baseline_none_steps20000_tr0]:  16%|█▋        | 3290/20000 [01:15<06:24, 43.47it/s, acc=0.302, device=mps, eta=6m26s, loss=2.0007, sps=43.6]
BC[stage1_datasets_L40_stepsweep/bc_baseline_none_steps20000_tr0]:  16%|█▋        | 3296/20000 [01:15<05:56, 46.80it/s, acc=0.302, device=mps, eta=6m26s, loss=2.0007, sps=43.6]
BC[stage1_datasets_L40_stepsweep/bc_baseline_none_steps20000_tr0]:  17%|█▋        | 3302/20000 [01:15<06:58, 39.88it/s, acc=0.302, device=mps, eta=6m26s, loss=2.0007, sps=43.6]
BC[stage1_datasets_L40_stepsweep/bc_baseline_none_steps20000_tr0]:  17%|█▋        | 3308/20000 [01:15<06:20, 43.83it/s, acc=0.302, device=mps, eta=6m26s, loss=2.0007, sps=43.6]
BC[stage1_datasets_L40_stepsweep/bc_baseline_none_steps20000_tr0]:  17%|█▋        | 3314/20000 [01:16<05:58, 46.50it/s, acc=0.302, device=mps, eta=6m26s, loss=2.0007, sps=43.6]
BC[stage1_datasets_L40_stepsweep/bc_baseline_none_steps20000_tr0]:  17%|█▋        | 3321/20000 [01:16<06:56, 40.02it/s, acc=0.302, device=mps, eta=6m26s, loss=2.0007, sps=43.6]
BC[stage1_datasets_L40_stepsweep/bc_baseline_none_steps20000_tr0]:  17%|█▋        | 3327/20000 [01:16<06:24, 43.36it/s, acc=0.302, device=mps, eta=6m26s, loss=2.0007, sps=43.6]
BC[stage1_datasets_L40_stepsweep/bc_baseline_none_steps20000_tr0]:  17%|█▋        | 3333/20000 [01:16<05:58, 46.52it/s, acc=0.302, device=mps, eta=6m26s, loss=2.0007, sps=43.6]
BC[stage1_datasets_L40_stepsweep/bc_baseline_none_steps20000_tr0]:  17%|█▋        | 3339/20000 [01:16<05:36, 49.47it/s, acc=0.302, device=mps, eta=6m26s, loss=2.0007, sps=43.6]
BC[stage1_datasets_L40_stepsweep/bc_baseline_none_steps20000_tr0]:  17%|█▋        | 3345/20000 [01:16<06:46, 41.02it/s, acc=0.302, device=mps, eta=6m26s, loss=2.0007, sps=43.6]
BC[stage1_datasets_L40_stepsweep/bc_baseline_none_steps20000_tr0]:  17%|█▋        | 3351/20000 [01:16<06:08, 45.19it/s, acc=0.302, device=mps, eta=6m26s, loss=2.0007, sps=43.6]
BC[stage1_datasets_L40_stepsweep/bc_baseline_none_steps20000_tr0]:  17%|█▋        | 3358/20000 [01:17<05:34, 49.80it/s, acc=0.302, device=mps, eta=6m26s, loss=2.0007, sps=43.6]
BC[stage1_datasets_L40_stepsweep/bc_baseline_none_steps20000_tr0]:  17%|█▋        | 3364/20000 [01:17<06:40, 41.55it/s, acc=0.302, device=mps, eta=6m26s, loss=2.0007, sps=43.6]
BC[stage1_datasets_L40_stepsweep/bc_baseline_none_steps20000_tr0]:  17%|█▋        | 3371/20000 [01:17<05:59, 46.32it/s, acc=0.302, device=mps, eta=6m26s, loss=2.0007, sps=43.6]
BC[stage1_datasets_L40_stepsweep/bc_baseline_none_steps20000_tr0]:  17%|█▋        | 3378/20000 [01:17<05:28, 50.56it/s, acc=0.302, device=mps, eta=6m26s, loss=2.0007, sps=43.6]
BC[stage1_datasets_L40_stepsweep/bc_baseline_none_steps20000_tr0]:  17%|█▋        | 3384/20000 [01:17<06:31, 42.46it/s, acc=0.302, device=mps, eta=6m26s, loss=2.0007, sps=43.6]
BC[stage1_datasets_L40_stepsweep/bc_baseline_none_steps20000_tr0]:  17%|█▋        | 3390/20000 [01:17<06:11, 44.70it/s, acc=0.302, device=mps, eta=6m26s, loss=2.0007, sps=43.6]
BC[stage1_datasets_L40_stepsweep/bc_baseline_none_steps20000_tr0]:  17%|█▋        | 3396/20000 [01:17<05:48, 47.63it/s, acc=0.302, device=mps, eta=6m26s, loss=2.0007, sps=43.6]
BC[stage1_datasets_L40_stepsweep/bc_baseline_none_steps20000_tr0]:  17%|█▋        | 3396/20000 [01:17<05:48, 47.63it/s, acc=0.301, device=mps, eta=6m21s, loss=2.0087, sps=43.6]
BC[stage1_datasets_L40_stepsweep/bc_baseline_none_steps20000_tr0]:  17%|█▋        | 3402/20000 [01:18<06:55, 39.91it/s, acc=0.301, device=mps, eta=6m21s, loss=2.0087, sps=43.6]
BC[stage1_datasets_L40_stepsweep/bc_baseline_none_steps20000_tr0]:  17%|█▋        | 3407/20000 [01:18<06:34, 42.02it/s, acc=0.301, device=mps, eta=6m21s, loss=2.0087, sps=43.6]
BC[stage1_datasets_L40_stepsweep/bc_baseline_none_steps20000_tr0]:  17%|█▋        | 3413/20000 [01:18<06:10, 44.78it/s, acc=0.301, device=mps, eta=6m21s, loss=2.0087, sps=43.6]
BC[stage1_datasets_L40_stepsweep/bc_baseline_none_steps20000_tr0]:  17%|█▋        | 3419/20000 [01:18<05:54, 46.83it/s, acc=0.301, device=mps, eta=6m21s, loss=2.0087, sps=43.6]
BC[stage1_datasets_L40_stepsweep/bc_baseline_none_steps20000_tr0]:  17%|█▋        | 3424/20000 [01:18<07:07, 38.79it/s, acc=0.301, device=mps, eta=6m21s, loss=2.0087, sps=43.6]
BC[stage1_datasets_L40_stepsweep/bc_baseline_none_steps20000_tr0]:  17%|█▋        | 3430/20000 [01:18<06:33, 42.07it/s, acc=0.301, device=mps, eta=6m21s, loss=2.0087, sps=43.6]
BC[stage1_datasets_L40_stepsweep/bc_baseline_none_steps20000_tr0]:  17%|█▋        | 3436/20000 [01:18<06:04, 45.48it/s, acc=0.301, device=mps, eta=6m21s, loss=2.0087, sps=43.6]
BC[stage1_datasets_L40_stepsweep/bc_baseline_none_steps20000_tr0]:  17%|█▋        | 3441/20000 [01:19<07:11, 38.40it/s, acc=0.301, device=mps, eta=6m21s, loss=2.0087, sps=43.6]
BC[stage1_datasets_L40_stepsweep/bc_baseline_none_steps20000_tr0]:  17%|█▋        | 3447/20000 [01:19<06:26, 42.86it/s, acc=0.301, device=mps, eta=6m21s, loss=2.0087, sps=43.6]
BC[stage1_datasets_L40_stepsweep/bc_baseline_none_steps20000_tr0]:  17%|█▋        | 3453/20000 [01:19<05:52, 46.88it/s, acc=0.301, device=mps, eta=6m21s, loss=2.0087, sps=43.6]
BC[stage1_datasets_L40_stepsweep/bc_baseline_none_steps20000_tr0]:  17%|█▋        | 3459/20000 [01:19<05:31, 49.90it/s, acc=0.301, device=mps, eta=6m21s, loss=2.0087, sps=43.6]
BC[stage1_datasets_L40_stepsweep/bc_baseline_none_steps20000_tr0]:  17%|█▋        | 3465/20000 [01:19<06:52, 40.05it/s, acc=0.301, device=mps, eta=6m21s, loss=2.0087, sps=43.6]
BC[stage1_datasets_L40_stepsweep/bc_baseline_none_steps20000_tr0]:  17%|█▋        | 3470/20000 [01:19<06:38, 41.49it/s, acc=0.301, device=mps, eta=6m21s, loss=2.0087, sps=43.6]
BC[stage1_datasets_L40_stepsweep/bc_baseline_none_steps20000_tr0]:  17%|█▋        | 3477/20000 [01:19<05:50, 47.13it/s, acc=0.301, device=mps, eta=6m21s, loss=2.0087, sps=43.6]
BC[stage1_datasets_L40_stepsweep/bc_baseline_none_steps20000_tr0]:  17%|█▋        | 3483/20000 [01:19<06:53, 39.96it/s, acc=0.301, device=mps, eta=6m21s, loss=2.0087, sps=43.6]
BC[stage1_datasets_L40_stepsweep/bc_baseline_none_steps20000_tr0]:  17%|█▋        | 3489/20000 [01:20<06:12, 44.30it/s, acc=0.301, device=mps, eta=6m21s, loss=2.0087, sps=43.6]
BC[stage1_datasets_L40_stepsweep/bc_baseline_none_steps20000_tr0]:  17%|█▋        | 3496/20000 [01:20<05:38, 48.72it/s, acc=0.301, device=mps, eta=6m21s, loss=2.0087, sps=43.6]
BC[stage1_datasets_L40_stepsweep/bc_baseline_none_steps20000_tr0]:  18%|█▊        | 3502/20000 [01:20<06:44, 40.80it/s, acc=0.301, device=mps, eta=6m21s, loss=2.0087, sps=43.6]
BC[stage1_datasets_L40_stepsweep/bc_baseline_none_steps20000_tr0]:  18%|█▊        | 3508/20000 [01:20<06:06, 44.96it/s, acc=0.301, device=mps, eta=6m21s, loss=2.0087, sps=43.6]
BC[stage1_datasets_L40_stepsweep/bc_baseline_none_steps20000_tr0]:  18%|█▊        | 3515/20000 [01:20<05:33, 49.49it/s, acc=0.301, device=mps, eta=6m21s, loss=2.0087, sps=43.6]
BC[stage1_datasets_L40_stepsweep/bc_baseline_none_steps20000_tr0]:  18%|█▊        | 3521/20000 [01:20<06:38, 41.32it/s, acc=0.301, device=mps, eta=6m21s, loss=2.0087, sps=43.6]
BC[stage1_datasets_L40_stepsweep/bc_baseline_none_steps20000_tr0]:  18%|█▊        | 3527/20000 [01:20<06:13, 44.16it/s, acc=0.301, device=mps, eta=6m21s, loss=2.0087, sps=43.6]
BC[stage1_datasets_L40_stepsweep/bc_baseline_none_steps20000_tr0]:  18%|█▊        | 3533/20000 [01:21<05:55, 46.37it/s, acc=0.301, device=mps, eta=6m21s, loss=2.0087, sps=43.6]
BC[stage1_datasets_L40_stepsweep/bc_baseline_none_steps20000_tr0]:  18%|█▊        | 3539/20000 [01:21<05:32, 49.51it/s, acc=0.301, device=mps, eta=6m21s, loss=2.0087, sps=43.6]
BC[stage1_datasets_L40_stepsweep/bc_baseline_none_steps20000_tr0]:  18%|█▊        | 3545/20000 [01:21<06:50, 40.08it/s, acc=0.301, device=mps, eta=6m21s, loss=2.0087, sps=43.6]
BC[stage1_datasets_L40_stepsweep/bc_baseline_none_steps20000_tr0]:  18%|█▊        | 3551/20000 [01:21<06:18, 43.41it/s, acc=0.301, device=mps, eta=6m21s, loss=2.0087, sps=43.6]
BC[stage1_datasets_L40_stepsweep/bc_baseline_none_steps20000_tr0]:  18%|█▊        | 3557/20000 [01:21<05:48, 47.17it/s, acc=0.301, device=mps, eta=6m21s, loss=2.0087, sps=43.6]
BC[stage1_datasets_L40_stepsweep/bc_baseline_none_steps20000_tr0]:  18%|█▊        | 3563/20000 [01:21<06:49, 40.14it/s, acc=0.301, device=mps, eta=6m21s, loss=2.0087, sps=43.6]
BC[stage1_datasets_L40_stepsweep/bc_baseline_none_steps20000_tr0]:  18%|█▊        | 3569/20000 [01:21<06:13, 43.98it/s, acc=0.301, device=mps, eta=6m21s, loss=2.0087, sps=43.6]
BC[stage1_datasets_L40_stepsweep/bc_baseline_none_steps20000_tr0]:  18%|█▊        | 3575/20000 [01:21<05:51, 46.70it/s, acc=0.301, device=mps, eta=6m21s, loss=2.0087, sps=43.6]
BC[stage1_datasets_L40_stepsweep/bc_baseline_none_steps20000_tr0]:  18%|█▊        | 3581/20000 [01:22<06:53, 39.72it/s, acc=0.301, device=mps, eta=6m21s, loss=2.0087, sps=43.6]
BC[stage1_datasets_L40_stepsweep/bc_baseline_none_steps20000_tr0]:  18%|█▊        | 3587/20000 [01:22<06:17, 43.46it/s, acc=0.301, device=mps, eta=6m21s, loss=2.0087, sps=43.6]
BC[stage1_datasets_L40_stepsweep/bc_baseline_none_steps20000_tr0]:  18%|█▊        | 3593/20000 [01:22<05:54, 46.30it/s, acc=0.301, device=mps, eta=6m21s, loss=2.0087, sps=43.6]
BC[stage1_datasets_L40_stepsweep/bc_baseline_none_steps20000_tr0]:  18%|█▊        | 3599/20000 [01:22<05:37, 48.63it/s, acc=0.301, device=mps, eta=6m21s, loss=2.0087, sps=43.6]
BC[stage1_datasets_L40_stepsweep/bc_baseline_none_steps20000_tr0]:  18%|█▊        | 3599/20000 [01:22<05:37, 48.63it/s, acc=0.307, device=mps, eta=6m16s, loss=1.9944, sps=43.6]
BC[stage1_datasets_L40_stepsweep/bc_baseline_none_steps20000_tr0]:  18%|█▊        | 3605/20000 [01:22<06:50, 39.91it/s, acc=0.307, device=mps, eta=6m16s, loss=1.9944, sps=43.6]
BC[stage1_datasets_L40_stepsweep/bc_baseline_none_steps20000_tr0]:  18%|█▊        | 3611/20000 [01:22<06:24, 42.61it/s, acc=0.307, device=mps, eta=6m16s, loss=1.9944, sps=43.6]
BC[stage1_datasets_L40_stepsweep/bc_baseline_none_steps20000_tr0]:  18%|█▊        | 3617/20000 [01:22<05:54, 46.15it/s, acc=0.307, device=mps, eta=6m16s, loss=1.9944, sps=43.6]
BC[stage1_datasets_L40_stepsweep/bc_baseline_none_steps20000_tr0]:  18%|█▊        | 3622/20000 [01:23<07:03, 38.72it/s, acc=0.307, device=mps, eta=6m16s, loss=1.9944, sps=43.6]
BC[stage1_datasets_L40_stepsweep/bc_baseline_none_steps20000_tr0]:  18%|█▊        | 3628/20000 [01:23<06:17, 43.35it/s, acc=0.307, device=mps, eta=6m16s, loss=1.9944, sps=43.6]
BC[stage1_datasets_L40_stepsweep/bc_baseline_none_steps20000_tr0]:  18%|█▊        | 3634/20000 [01:23<05:52, 46.47it/s, acc=0.307, device=mps, eta=6m16s, loss=1.9944, sps=43.6]
BC[stage1_datasets_L40_stepsweep/bc_baseline_none_steps20000_tr0]:  18%|█▊        | 3641/20000 [01:23<06:53, 39.58it/s, acc=0.307, device=mps, eta=6m16s, loss=1.9944, sps=43.6]
BC[stage1_datasets_L40_stepsweep/bc_baseline_none_steps20000_tr0]:  18%|█▊        | 3647/20000 [01:23<06:20, 43.02it/s, acc=0.307, device=mps, eta=6m16s, loss=1.9944, sps=43.6]
BC[stage1_datasets_L40_stepsweep/bc_baseline_none_steps20000_tr0]:  18%|█▊        | 3652/20000 [01:23<06:06, 44.61it/s, acc=0.307, device=mps, eta=6m16s, loss=1.9944, sps=43.6]
BC[stage1_datasets_L40_stepsweep/bc_baseline_none_steps20000_tr0]:  18%|█▊        | 3658/20000 [01:23<05:50, 46.64it/s, acc=0.307, device=mps, eta=6m16s, loss=1.9944, sps=43.6]
BC[stage1_datasets_L40_stepsweep/bc_baseline_none_steps20000_tr0]:  18%|█▊        | 3663/20000 [01:24<07:03, 38.59it/s, acc=0.307, device=mps, eta=6m16s, loss=1.9944, sps=43.6]
BC[stage1_datasets_L40_stepsweep/bc_baseline_none_steps20000_tr0]:  18%|█▊        | 3670/20000 [01:24<06:06, 44.58it/s, acc=0.307, device=mps, eta=6m16s, loss=1.9944, sps=43.6]
BC[stage1_datasets_L40_stepsweep/bc_baseline_none_steps20000_tr0]:  18%|█▊        | 3676/20000 [01:24<05:44, 47.35it/s, acc=0.307, device=mps, eta=6m16s, loss=1.9944, sps=43.6]
BC[stage1_datasets_L40_stepsweep/bc_baseline_none_steps20000_tr0]:  18%|█▊        | 3682/20000 [01:24<06:55, 39.31it/s, acc=0.307, device=mps, eta=6m16s, loss=1.9944, sps=43.6]
BC[stage1_datasets_L40_stepsweep/bc_baseline_none_steps20000_tr0]:  18%|█▊        | 3689/20000 [01:24<06:05, 44.63it/s, acc=0.307, device=mps, eta=6m16s, loss=1.9944, sps=43.6]
BC[stage1_datasets_L40_stepsweep/bc_baseline_none_steps20000_tr0]:  18%|█▊        | 3695/20000 [01:24<05:47, 46.90it/s, acc=0.307, device=mps, eta=6m16s, loss=1.9944, sps=43.6]
BC[stage1_datasets_L40_stepsweep/bc_baseline_none_steps20000_tr0]:  19%|█▊        | 3701/20000 [01:24<06:49, 39.83it/s, acc=0.307, device=mps, eta=6m16s, loss=1.9944, sps=43.6]
BC[stage1_datasets_L40_stepsweep/bc_baseline_none_steps20000_tr0]:  19%|█▊        | 3707/20000 [01:25<06:14, 43.47it/s, acc=0.307, device=mps, eta=6m16s, loss=1.9944, sps=43.6]
BC[stage1_datasets_L40_stepsweep/bc_baseline_none_steps20000_tr0]:  19%|█▊        | 3713/20000 [01:25<05:49, 46.57it/s, acc=0.307, device=mps, eta=6m16s, loss=1.9944, sps=43.6]
BC[stage1_datasets_L40_stepsweep/bc_baseline_none_steps20000_tr0]:  19%|█▊        | 3720/20000 [01:25<05:15, 51.62it/s, acc=0.307, device=mps, eta=6m16s, loss=1.9944, sps=43.6]
BC[stage1_datasets_L40_stepsweep/bc_baseline_none_steps20000_tr0]:  19%|█▊        | 3726/20000 [01:25<06:30, 41.63it/s, acc=0.307, device=mps, eta=6m16s, loss=1.9944, sps=43.6]
BC[stage1_datasets_L40_stepsweep/bc_baseline_none_steps20000_tr0]:  19%|█▊        | 3732/20000 [01:25<06:05, 44.54it/s, acc=0.307, device=mps, eta=6m16s, loss=1.9944, sps=43.6]
BC[stage1_datasets_L40_stepsweep/bc_baseline_none_steps20000_tr0]:  19%|█▊        | 3738/20000 [01:25<05:40, 47.81it/s, acc=0.307, device=mps, eta=6m16s, loss=1.9944, sps=43.6]
BC[stage1_datasets_L40_stepsweep/bc_baseline_none_steps20000_tr0]:  19%|█▊        | 3744/20000 [01:25<06:43, 40.30it/s, acc=0.307, device=mps, eta=6m16s, loss=1.9944, sps=43.6]
BC[stage1_datasets_L40_stepsweep/bc_baseline_none_steps20000_tr0]:  19%|█▉        | 3750/20000 [01:26<06:15, 43.30it/s, acc=0.307, device=mps, eta=6m16s, loss=1.9944, sps=43.6]
BC[stage1_datasets_L40_stepsweep/bc_baseline_none_steps20000_tr0]:  19%|█▉        | 3756/20000 [01:26<05:51, 46.20it/s, acc=0.307, device=mps, eta=6m16s, loss=1.9944, sps=43.6]
BC[stage1_datasets_L40_stepsweep/bc_baseline_none_steps20000_tr0]:  19%|█▉        | 3761/20000 [01:26<07:00, 38.58it/s, acc=0.307, device=mps, eta=6m16s, loss=1.9944, sps=43.6]
BC[stage1_datasets_L40_stepsweep/bc_baseline_none_steps20000_tr0]:  19%|█▉        | 3767/20000 [01:26<06:25, 42.12it/s, acc=0.307, device=mps, eta=6m16s, loss=1.9944, sps=43.6]
BC[stage1_datasets_L40_stepsweep/bc_baseline_none_steps20000_tr0]:  19%|█▉        | 3773/20000 [01:26<05:59, 45.15it/s, acc=0.307, device=mps, eta=6m16s, loss=1.9944, sps=43.6]
BC[stage1_datasets_L40_stepsweep/bc_baseline_none_steps20000_tr0]:  19%|█▉        | 3779/20000 [01:26<05:34, 48.50it/s, acc=0.307, device=mps, eta=6m16s, loss=1.9944, sps=43.6]
BC[stage1_datasets_L40_stepsweep/bc_baseline_none_steps20000_tr0]:  19%|█▉        | 3785/20000 [01:26<06:41, 40.34it/s, acc=0.307, device=mps, eta=6m16s, loss=1.9944, sps=43.6]
BC[stage1_datasets_L40_stepsweep/bc_baseline_none_steps20000_tr0]:  19%|█▉        | 3791/20000 [01:26<06:11, 43.67it/s, acc=0.307, device=mps, eta=6m16s, loss=1.9944, sps=43.6]
BC[stage1_datasets_L40_stepsweep/bc_baseline_none_steps20000_tr0]:  19%|█▉        | 3797/20000 [01:27<05:42, 47.34it/s, acc=0.307, device=mps, eta=6m16s, loss=1.9944, sps=43.6]
BC[stage1_datasets_L40_stepsweep/bc_baseline_none_steps20000_tr0]:  19%|█▉        | 3797/20000 [01:27<05:42, 47.34it/s, acc=0.304, device=mps, eta=6m11s, loss=1.9965, sps=43.6]
BC[stage1_datasets_L40_stepsweep/bc_baseline_none_steps20000_tr0]:  19%|█▉        | 3803/20000 [01:27<06:46, 39.80it/s, acc=0.304, device=mps, eta=6m11s, loss=1.9965, sps=43.6]
BC[stage1_datasets_L40_stepsweep/bc_baseline_none_steps20000_tr0]:  19%|█▉        | 3809/20000 [01:27<06:15, 43.13it/s, acc=0.304, device=mps, eta=6m11s, loss=1.9965, sps=43.6]
BC[stage1_datasets_L40_stepsweep/bc_baseline_none_steps20000_tr0]:  19%|█▉        | 3815/20000 [01:27<05:49, 46.34it/s, acc=0.304, device=mps, eta=6m11s, loss=1.9965, sps=43.6]
BC[stage1_datasets_L40_stepsweep/bc_baseline_none_steps20000_tr0]:  19%|█▉        | 3821/20000 [01:27<06:54, 39.00it/s, acc=0.304, device=mps, eta=6m11s, loss=1.9965, sps=43.6]
BC[stage1_datasets_L40_stepsweep/bc_baseline_none_steps20000_tr0]:  19%|█▉        | 3827/20000 [01:27<06:18, 42.78it/s, acc=0.304, device=mps, eta=6m11s, loss=1.9965, sps=43.6]
BC[stage1_datasets_L40_stepsweep/bc_baseline_none_steps20000_tr0]:  19%|█▉        | 3833/20000 [01:27<05:53, 45.78it/s, acc=0.304, device=mps, eta=6m11s, loss=1.9965, sps=43.6]
BC[stage1_datasets_L40_stepsweep/bc_baseline_none_steps20000_tr0]:  19%|█▉        | 3839/20000 [01:28<05:28, 49.22it/s, acc=0.304, device=mps, eta=6m11s, loss=1.9965, sps=43.6]
BC[stage1_datasets_L40_stepsweep/bc_baseline_none_steps20000_tr0]:  19%|█▉        | 3845/20000 [01:28<06:34, 40.93it/s, acc=0.304, device=mps, eta=6m11s, loss=1.9965, sps=43.6]
BC[stage1_datasets_L40_stepsweep/bc_baseline_none_steps20000_tr0]:  19%|█▉        | 3851/20000 [01:28<06:02, 44.61it/s, acc=0.304, device=mps, eta=6m11s, loss=1.9965, sps=43.6]
BC[stage1_datasets_L40_stepsweep/bc_baseline_none_steps20000_tr0]:  19%|█▉        | 3857/20000 [01:28<05:37, 47.81it/s, acc=0.304, device=mps, eta=6m11s, loss=1.9965, sps=43.6]
BC[stage1_datasets_L40_stepsweep/bc_baseline_none_steps20000_tr0]:  19%|█▉        | 3863/20000 [01:28<06:43, 40.02it/s, acc=0.304, device=mps, eta=6m11s, loss=1.9965, sps=43.6]
BC[stage1_datasets_L40_stepsweep/bc_baseline_none_steps20000_tr0]:  19%|█▉        | 3869/20000 [01:28<06:17, 42.77it/s, acc=0.304, device=mps, eta=6m11s, loss=1.9965, sps=43.6]
BC[stage1_datasets_L40_stepsweep/bc_baseline_none_steps20000_tr0]:  19%|█▉        | 3875/20000 [01:28<05:49, 46.16it/s, acc=0.304, device=mps, eta=6m11s, loss=1.9965, sps=43.6]
BC[stage1_datasets_L40_stepsweep/bc_baseline_none_steps20000_tr0]:  19%|█▉        | 3881/20000 [01:29<06:45, 39.73it/s, acc=0.304, device=mps, eta=6m11s, loss=1.9965, sps=43.6]
BC[stage1_datasets_L40_stepsweep/bc_baseline_none_steps20000_tr0]:  19%|█▉        | 3887/20000 [01:29<06:16, 42.80it/s, acc=0.304, device=mps, eta=6m11s, loss=1.9965, sps=43.6]
BC[stage1_datasets_L40_stepsweep/bc_baseline_none_steps20000_tr0]:  19%|█▉        | 3893/20000 [01:29<05:56, 45.20it/s, acc=0.304, device=mps, eta=6m11s, loss=1.9965, sps=43.6]
BC[stage1_datasets_L40_stepsweep/bc_baseline_none_steps20000_tr0]:  20%|█▉        | 3900/20000 [01:29<05:20, 50.23it/s, acc=0.304, device=mps, eta=6m11s, loss=1.9965, sps=43.6]
BC[stage1_datasets_L40_stepsweep/bc_baseline_none_steps20000_tr0]:  20%|█▉        | 3906/20000 [01:29<06:38, 40.40it/s, acc=0.304, device=mps, eta=6m11s, loss=1.9965, sps=43.6]
BC[stage1_datasets_L40_stepsweep/bc_baseline_none_steps20000_tr0]:  20%|█▉        | 3912/20000 [01:29<06:08, 43.61it/s, acc=0.304, device=mps, eta=6m11s, loss=1.9965, sps=43.6]
BC[stage1_datasets_L40_stepsweep/bc_baseline_none_steps20000_tr0]:  20%|█▉        | 3918/20000 [01:29<05:43, 46.81it/s, acc=0.304, device=mps, eta=6m11s, loss=1.9965, sps=43.6]
BC[stage1_datasets_L40_stepsweep/bc_baseline_none_steps20000_tr0]:  20%|█▉        | 3924/20000 [01:30<06:52, 38.94it/s, acc=0.304, device=mps, eta=6m11s, loss=1.9965, sps=43.6]
BC[stage1_datasets_L40_stepsweep/bc_baseline_none_steps20000_tr0]:  20%|█▉        | 3930/20000 [01:30<06:18, 42.49it/s, acc=0.304, device=mps, eta=6m11s, loss=1.9965, sps=43.6]
BC[stage1_datasets_L40_stepsweep/bc_baseline_none_steps20000_tr0]:  20%|█▉        | 3936/20000 [01:30<05:47, 46.29it/s, acc=0.304, device=mps, eta=6m11s, loss=1.9965, sps=43.6]
BC[stage1_datasets_L40_stepsweep/bc_baseline_none_steps20000_tr0]:  20%|█▉        | 3942/20000 [01:30<06:53, 38.82it/s, acc=0.304, device=mps, eta=6m11s, loss=1.9965, sps=43.6]
BC[stage1_datasets_L40_stepsweep/bc_baseline_none_steps20000_tr0]:  20%|█▉        | 3947/20000 [01:30<06:33, 40.83it/s, acc=0.304, device=mps, eta=6m11s, loss=1.9965, sps=43.6]
BC[stage1_datasets_L40_stepsweep/bc_baseline_none_steps20000_tr0]:  20%|█▉        | 3953/20000 [01:30<06:02, 44.27it/s, acc=0.304, device=mps, eta=6m11s, loss=1.9965, sps=43.6]
BC[stage1_datasets_L40_stepsweep/bc_baseline_none_steps20000_tr0]:  20%|█▉        | 3959/20000 [01:30<05:36, 47.67it/s, acc=0.304, device=mps, eta=6m11s, loss=1.9965, sps=43.6]
BC[stage1_datasets_L40_stepsweep/bc_baseline_none_steps20000_tr0]:  20%|█▉        | 3965/20000 [01:31<06:42, 39.80it/s, acc=0.304, device=mps, eta=6m11s, loss=1.9965, sps=43.6]
BC[stage1_datasets_L40_stepsweep/bc_baseline_none_steps20000_tr0]:  20%|█▉        | 3971/20000 [01:31<06:19, 42.21it/s, acc=0.304, device=mps, eta=6m11s, loss=1.9965, sps=43.6]
BC[stage1_datasets_L40_stepsweep/bc_baseline_none_steps20000_tr0]:  20%|█▉        | 3977/20000 [01:31<05:49, 45.80it/s, acc=0.304, device=mps, eta=6m11s, loss=1.9965, sps=43.6]
BC[stage1_datasets_L40_stepsweep/bc_baseline_none_steps20000_tr0]:  20%|█▉        | 3982/20000 [01:31<07:52, 33.92it/s, acc=0.304, device=mps, eta=6m11s, loss=1.9965, sps=43.6]
BC[stage1_datasets_L40_stepsweep/bc_baseline_none_steps20000_tr0]:  20%|█▉        | 3988/20000 [01:31<07:03, 37.82it/s, acc=0.304, device=mps, eta=6m11s, loss=1.9965, sps=43.6]
BC[stage1_datasets_L40_stepsweep/bc_baseline_none_steps20000_tr0]:  20%|█▉        | 3993/20000 [01:31<06:53, 38.67it/s, acc=0.304, device=mps, eta=6m11s, loss=1.9965, sps=43.6]
BC[stage1_datasets_L40_stepsweep/bc_baseline_none_steps20000_tr0]:  20%|█▉        | 3999/20000 [01:31<06:12, 42.99it/s, acc=0.304, device=mps, eta=6m11s, loss=1.9965, sps=43.6]
BC[stage1_datasets_L40_stepsweep/bc_baseline_none_steps20000_tr0]:  20%|█▉        | 3999/20000 [01:31<06:12, 42.99it/s, acc=0.302, device=mps, eta=6m07s, loss=2.0054, sps=43.5]
BC[stage1_datasets_L40_stepsweep/bc_baseline_none_steps20000_tr0]:  20%|██        | 4004/20000 [01:32<07:18, 36.51it/s, acc=0.302, device=mps, eta=6m07s, loss=2.0054, sps=43.5]
BC[stage1_datasets_L40_stepsweep/bc_baseline_none_steps20000_tr0]:  20%|██        | 4010/20000 [01:32<06:36, 40.32it/s, acc=0.302, device=mps, eta=6m07s, loss=2.0054, sps=43.5]
BC[stage1_datasets_L40_stepsweep/bc_baseline_none_steps20000_tr0]:  20%|██        | 4016/20000 [01:32<06:04, 43.79it/s, acc=0.302, device=mps, eta=6m07s, loss=2.0054, sps=43.5]
BC[stage1_datasets_L40_stepsweep/bc_baseline_none_steps20000_tr0]:  20%|██        | 4021/20000 [01:32<07:09, 37.18it/s, acc=0.302, device=mps, eta=6m07s, loss=2.0054, sps=43.5]
BC[stage1_datasets_L40_stepsweep/bc_baseline_none_steps20000_tr0]:  20%|██        | 4028/20000 [01:32<06:10, 43.13it/s, acc=0.302, device=mps, eta=6m07s, loss=2.0054, sps=43.5]
BC[stage1_datasets_L40_stepsweep/bc_baseline_none_steps20000_tr0]:  20%|██        | 4035/20000 [01:32<05:26, 48.91it/s, acc=0.302, device=mps, eta=6m07s, loss=2.0054, sps=43.5]
BC[stage1_datasets_L40_stepsweep/bc_baseline_none_steps20000_tr0]:  20%|██        | 4041/20000 [01:32<06:18, 42.19it/s, acc=0.302, device=mps, eta=6m07s, loss=2.0054, sps=43.5]
BC[stage1_datasets_L40_stepsweep/bc_baseline_none_steps20000_tr0]:  20%|██        | 4047/20000 [01:32<05:48, 45.77it/s, acc=0.302, device=mps, eta=6m07s, loss=2.0054, sps=43.5]
BC[stage1_datasets_L40_stepsweep/bc_baseline_none_steps20000_tr0]:  20%|██        | 4053/20000 [01:33<05:27, 48.74it/s, acc=0.302, device=mps, eta=6m07s, loss=2.0054, sps=43.5]
BC[stage1_datasets_L40_stepsweep/bc_baseline_none_steps20000_tr0]:  20%|██        | 4060/20000 [01:33<04:58, 53.39it/s, acc=0.302, device=mps, eta=6m07s, loss=2.0054, sps=43.5]
BC[stage1_datasets_L40_stepsweep/bc_baseline_none_steps20000_tr0]:  20%|██        | 4066/20000 [01:33<06:14, 42.57it/s, acc=0.302, device=mps, eta=6m07s, loss=2.0054, sps=43.5]
BC[stage1_datasets_L40_stepsweep/bc_baseline_none_steps20000_tr0]:  20%|██        | 4072/20000 [01:33<05:51, 45.30it/s, acc=0.302, device=mps, eta=6m07s, loss=2.0054, sps=43.5]
BC[stage1_datasets_L40_stepsweep/bc_baseline_none_steps20000_tr0]:  20%|██        | 4078/20000 [01:33<05:31, 48.09it/s, acc=0.302, device=mps, eta=6m07s, loss=2.0054, sps=43.5]
BC[stage1_datasets_L40_stepsweep/bc_baseline_none_steps20000_tr0]:  20%|██        | 4084/20000 [01:33<06:34, 40.34it/s, acc=0.302, device=mps, eta=6m07s, loss=2.0054, sps=43.5]
BC[stage1_datasets_L40_stepsweep/bc_baseline_none_steps20000_tr0]:  20%|██        | 4090/20000 [01:33<06:05, 43.53it/s, acc=0.302, device=mps, eta=6m07s, loss=2.0054, sps=43.5]
BC[stage1_datasets_L40_stepsweep/bc_baseline_none_steps20000_tr0]:  20%|██        | 4096/20000 [01:34<05:43, 46.29it/s, acc=0.302, device=mps, eta=6m07s, loss=2.0054, sps=43.5]
BC[stage1_datasets_L40_stepsweep/bc_baseline_none_steps20000_tr0]:  21%|██        | 4101/20000 [01:34<06:51, 38.65it/s, acc=0.302, device=mps, eta=6m07s, loss=2.0054, sps=43.5]
BC[stage1_datasets_L40_stepsweep/bc_baseline_none_steps20000_tr0]:  21%|██        | 4108/20000 [01:34<06:00, 44.06it/s, acc=0.302, device=mps, eta=6m07s, loss=2.0054, sps=43.5]
BC[stage1_datasets_L40_stepsweep/bc_baseline_none_steps20000_tr0]:  21%|██        | 4114/20000 [01:34<05:35, 47.33it/s, acc=0.302, device=mps, eta=6m07s, loss=2.0054, sps=43.5]
BC[stage1_datasets_L40_stepsweep/bc_baseline_none_steps20000_tr0]:  21%|██        | 4121/20000 [01:34<06:38, 39.88it/s, acc=0.302, device=mps, eta=6m07s, loss=2.0054, sps=43.5]
BC[stage1_datasets_L40_stepsweep/bc_baseline_none_steps20000_tr0]:  21%|██        | 4127/20000 [01:34<06:10, 42.86it/s, acc=0.302, device=mps, eta=6m07s, loss=2.0054, sps=43.5]
BC[stage1_datasets_L40_stepsweep/bc_baseline_none_steps20000_tr0]:  21%|██        | 4133/20000 [01:34<05:44, 46.04it/s, acc=0.302, device=mps, eta=6m07s, loss=2.0054, sps=43.5]
BC[stage1_datasets_L40_stepsweep/bc_baseline_none_steps20000_tr0]:  21%|██        | 4139/20000 [01:35<05:26, 48.55it/s, acc=0.302, device=mps, eta=6m07s, loss=2.0054, sps=43.5]
BC[stage1_datasets_L40_stepsweep/bc_baseline_none_steps20000_tr0]:  21%|██        | 4145/20000 [01:35<06:30, 40.60it/s, acc=0.302, device=mps, eta=6m07s, loss=2.0054, sps=43.5]
BC[stage1_datasets_L40_stepsweep/bc_baseline_none_steps20000_tr0]:  21%|██        | 4151/20000 [01:35<05:56, 44.45it/s, acc=0.302, device=mps, eta=6m07s, loss=2.0054, sps=43.5]
BC[stage1_datasets_L40_stepsweep/bc_baseline_none_steps20000_tr0]:  21%|██        | 4157/20000 [01:35<05:32, 47.59it/s, acc=0.302, device=mps, eta=6m07s, loss=2.0054, sps=43.5]
BC[stage1_datasets_L40_stepsweep/bc_baseline_none_steps20000_tr0]:  21%|██        | 4163/20000 [01:35<06:38, 39.74it/s, acc=0.302, device=mps, eta=6m07s, loss=2.0054, sps=43.5]
BC[stage1_datasets_L40_stepsweep/bc_baseline_none_steps20000_tr0]:  21%|██        | 4169/20000 [01:35<06:05, 43.33it/s, acc=0.302, device=mps, eta=6m07s, loss=2.0054, sps=43.5]
BC[stage1_datasets_L40_stepsweep/bc_baseline_none_steps20000_tr0]:  21%|██        | 4175/20000 [01:35<05:36, 47.04it/s, acc=0.302, device=mps, eta=6m07s, loss=2.0054, sps=43.5]
BC[stage1_datasets_L40_stepsweep/bc_baseline_none_steps20000_tr0]:  21%|██        | 4181/20000 [01:36<06:36, 39.92it/s, acc=0.302, device=mps, eta=6m07s, loss=2.0054, sps=43.5]
BC[stage1_datasets_L40_stepsweep/bc_baseline_none_steps20000_tr0]:  21%|██        | 4187/20000 [01:36<06:01, 43.78it/s, acc=0.302, device=mps, eta=6m07s, loss=2.0054, sps=43.5]
BC[stage1_datasets_L40_stepsweep/bc_baseline_none_steps20000_tr0]:  21%|██        | 4193/20000 [01:36<05:38, 46.66it/s, acc=0.302, device=mps, eta=6m07s, loss=2.0054, sps=43.5]
BC[stage1_datasets_L40_stepsweep/bc_baseline_none_steps20000_tr0]:  21%|██        | 4199/20000 [01:36<05:17, 49.72it/s, acc=0.302, device=mps, eta=6m07s, loss=2.0054, sps=43.5]
BC[stage1_datasets_L40_stepsweep/bc_baseline_none_steps20000_tr0]:  21%|██        | 4199/20000 [01:36<05:17, 49.72it/s, acc=0.304, device=mps, eta=6m03s, loss=2.0002, sps=43.6]
BC[stage1_datasets_L40_stepsweep/bc_baseline_none_steps20000_tr0]:  21%|██        | 4205/20000 [01:36<06:27, 40.80it/s, acc=0.304, device=mps, eta=6m03s, loss=2.0002, sps=43.6]
BC[stage1_datasets_L40_stepsweep/bc_baseline_none_steps20000_tr0]:  21%|██        | 4211/20000 [01:36<05:59, 43.95it/s, acc=0.304, device=mps, eta=6m03s, loss=2.0002, sps=43.6]
BC[stage1_datasets_L40_stepsweep/bc_baseline_none_steps20000_tr0]:  21%|██        | 4217/20000 [01:36<05:33, 47.33it/s, acc=0.304, device=mps, eta=6m03s, loss=2.0002, sps=43.6]
BC[stage1_datasets_L40_stepsweep/bc_baseline_none_steps20000_tr0]:  21%|██        | 4223/20000 [01:36<06:33, 40.10it/s, acc=0.304, device=mps, eta=6m03s, loss=2.0002, sps=43.6]
BC[stage1_datasets_L40_stepsweep/bc_baseline_none_steps20000_tr0]:  21%|██        | 4229/20000 [01:37<05:59, 43.92it/s, acc=0.304, device=mps, eta=6m03s, loss=2.0002, sps=43.6]
BC[stage1_datasets_L40_stepsweep/bc_baseline_none_steps20000_tr0]:  21%|██        | 4235/20000 [01:37<05:37, 46.65it/s, acc=0.304, device=mps, eta=6m03s, loss=2.0002, sps=43.6]
BC[stage1_datasets_L40_stepsweep/bc_baseline_none_steps20000_tr0]:  21%|██        | 4241/20000 [01:37<06:41, 39.22it/s, acc=0.304, device=mps, eta=6m03s, loss=2.0002, sps=43.6]
BC[stage1_datasets_L40_stepsweep/bc_baseline_none_steps20000_tr0]:  21%|██        | 4247/20000 [01:37<06:06, 43.03it/s, acc=0.304, device=mps, eta=6m03s, loss=2.0002, sps=43.6]
BC[stage1_datasets_L40_stepsweep/bc_baseline_none_steps20000_tr0]:  21%|██▏       | 4253/20000 [01:37<05:37, 46.61it/s, acc=0.304, device=mps, eta=6m03s, loss=2.0002, sps=43.6]
BC[stage1_datasets_L40_stepsweep/bc_baseline_none_steps20000_tr0]:  21%|██▏       | 4260/20000 [01:37<05:07, 51.19it/s, acc=0.304, device=mps, eta=6m03s, loss=2.0002, sps=43.6]
BC[stage1_datasets_L40_stepsweep/bc_baseline_none_steps20000_tr0]:  21%|██▏       | 4266/20000 [01:37<06:21, 41.25it/s, acc=0.304, device=mps, eta=6m03s, loss=2.0002, sps=43.6]
BC[stage1_datasets_L40_stepsweep/bc_baseline_none_steps20000_tr0]:  21%|██▏       | 4272/20000 [01:38<05:55, 44.24it/s, acc=0.304, device=mps, eta=6m03s, loss=2.0002, sps=43.6]
BC[stage1_datasets_L40_stepsweep/bc_baseline_none_steps20000_tr0]:  21%|██▏       | 4278/20000 [01:38<05:36, 46.74it/s, acc=0.304, device=mps, eta=6m03s, loss=2.0002, sps=43.6]
BC[stage1_datasets_L40_stepsweep/bc_baseline_none_steps20000_tr0]:  21%|██▏       | 4284/20000 [01:38<06:39, 39.29it/s, acc=0.304, device=mps, eta=6m03s, loss=2.0002, sps=43.6]
BC[stage1_datasets_L40_stepsweep/bc_baseline_none_steps20000_tr0]:  21%|██▏       | 4290/20000 [01:38<06:06, 42.85it/s, acc=0.304, device=mps, eta=6m03s, loss=2.0002, sps=43.6]
BC[stage1_datasets_L40_stepsweep/bc_baseline_none_steps20000_tr0]:  21%|██▏       | 4296/20000 [01:38<05:37, 46.51it/s, acc=0.304, device=mps, eta=6m03s, loss=2.0002, sps=43.6]
BC[stage1_datasets_L40_stepsweep/bc_baseline_none_steps20000_tr0]:  22%|██▏       | 4302/20000 [01:38<06:38, 39.38it/s, acc=0.304, device=mps, eta=6m03s, loss=2.0002, sps=43.6]
BC[stage1_datasets_L40_stepsweep/bc_baseline_none_steps20000_tr0]:  22%|██▏       | 4309/20000 [01:38<05:51, 44.61it/s, acc=0.304, device=mps, eta=6m03s, loss=2.0002, sps=43.6]
BC[stage1_datasets_L40_stepsweep/bc_baseline_none_steps20000_tr0]:  22%|██▏       | 4316/20000 [01:39<05:18, 49.28it/s, acc=0.304, device=mps, eta=6m03s, loss=2.0002, sps=43.6]
BC[stage1_datasets_L40_stepsweep/bc_baseline_none_steps20000_tr0]:  22%|██▏       | 4322/20000 [01:39<06:13, 41.98it/s, acc=0.304, device=mps, eta=6m03s, loss=2.0002, sps=43.6]
BC[stage1_datasets_L40_stepsweep/bc_baseline_none_steps20000_tr0]:  22%|██▏       | 4328/20000 [01:39<05:46, 45.25it/s, acc=0.304, device=mps, eta=6m03s, loss=2.0002, sps=43.6]
BC[stage1_datasets_L40_stepsweep/bc_baseline_none_steps20000_tr0]:  22%|██▏       | 4334/20000 [01:39<05:23, 48.37it/s, acc=0.304, device=mps, eta=6m03s, loss=2.0002, sps=43.6]
BC[stage1_datasets_L40_stepsweep/bc_baseline_none_steps20000_tr0]:  22%|██▏       | 4341/20000 [01:39<06:17, 41.52it/s, acc=0.304, device=mps, eta=6m03s, loss=2.0002, sps=43.6]
BC[stage1_datasets_L40_stepsweep/bc_baseline_none_steps20000_tr0]:  22%|██▏       | 4347/20000 [01:39<05:44, 45.44it/s, acc=0.304, device=mps, eta=6m03s, loss=2.0002, sps=43.6]
BC[stage1_datasets_L40_stepsweep/bc_baseline_none_steps20000_tr0]:  22%|██▏       | 4353/20000 [01:39<05:23, 48.31it/s, acc=0.304, device=mps, eta=6m03s, loss=2.0002, sps=43.6]
BC[stage1_datasets_L40_stepsweep/bc_baseline_none_steps20000_tr0]:  22%|██▏       | 4359/20000 [01:39<05:11, 50.21it/s, acc=0.304, device=mps, eta=6m03s, loss=2.0002, sps=43.6]
BC[stage1_datasets_L40_stepsweep/bc_baseline_none_steps20000_tr0]:  22%|██▏       | 4365/20000 [01:40<06:28, 40.22it/s, acc=0.304, device=mps, eta=6m03s, loss=2.0002, sps=43.6]
BC[stage1_datasets_L40_stepsweep/bc_baseline_none_steps20000_tr0]:  22%|██▏       | 4370/20000 [01:40<06:12, 41.95it/s, acc=0.304, device=mps, eta=6m03s, loss=2.0002, sps=43.6]
BC[stage1_datasets_L40_stepsweep/bc_baseline_none_steps20000_tr0]:  22%|██▏       | 4376/20000 [01:40<05:40, 45.89it/s, acc=0.304, device=mps, eta=6m03s, loss=2.0002, sps=43.6]
BC[stage1_datasets_L40_stepsweep/bc_baseline_none_steps20000_tr0]:  22%|██▏       | 4381/20000 [01:40<06:42, 38.79it/s, acc=0.304, device=mps, eta=6m03s, loss=2.0002, sps=43.6]
BC[stage1_datasets_L40_stepsweep/bc_baseline_none_steps20000_tr0]:  22%|██▏       | 4387/20000 [01:40<06:02, 43.08it/s, acc=0.304, device=mps, eta=6m03s, loss=2.0002, sps=43.6]
BC[stage1_datasets_L40_stepsweep/bc_baseline_none_steps20000_tr0]:  22%|██▏       | 4393/20000 [01:40<05:31, 47.10it/s, acc=0.304, device=mps, eta=6m03s, loss=2.0002, sps=43.6]
BC[stage1_datasets_L40_stepsweep/bc_baseline_none_steps20000_tr0]:  22%|██▏       | 4399/20000 [01:40<05:09, 50.36it/s, acc=0.304, device=mps, eta=6m03s, loss=2.0002, sps=43.6]
BC[stage1_datasets_L40_stepsweep/bc_baseline_none_steps20000_tr0]:  22%|██▏       | 4399/20000 [01:40<05:09, 50.36it/s, acc=0.303, device=mps, eta=5m58s, loss=1.9999, sps=43.6]
BC[stage1_datasets_L40_stepsweep/bc_baseline_none_steps20000_tr0]:  22%|██▏       | 4405/20000 [01:41<06:21, 40.88it/s, acc=0.303, device=mps, eta=5m58s, loss=1.9999, sps=43.6]
BC[stage1_datasets_L40_stepsweep/bc_baseline_none_steps20000_tr0]:  22%|██▏       | 4411/20000 [01:41<05:51, 44.34it/s, acc=0.303, device=mps, eta=5m58s, loss=1.9999, sps=43.6]
BC[stage1_datasets_L40_stepsweep/bc_baseline_none_steps20000_tr0]:  22%|██▏       | 4417/20000 [01:41<05:25, 47.85it/s, acc=0.303, device=mps, eta=5m58s, loss=1.9999, sps=43.6]
BC[stage1_datasets_L40_stepsweep/bc_baseline_none_steps20000_tr0]:  22%|██▏       | 4423/20000 [01:41<06:22, 40.70it/s, acc=0.303, device=mps, eta=5m58s, loss=1.9999, sps=43.6]
BC[stage1_datasets_L40_stepsweep/bc_baseline_none_steps20000_tr0]:  22%|██▏       | 4429/20000 [01:41<05:56, 43.66it/s, acc=0.303, device=mps, eta=5m58s, loss=1.9999, sps=43.6]
BC[stage1_datasets_L40_stepsweep/bc_baseline_none_steps20000_tr0]:  22%|██▏       | 4434/20000 [01:41<06:02, 42.88it/s, acc=0.303, device=mps, eta=5m58s, loss=1.9999, sps=43.6]
BC[stage1_datasets_L40_stepsweep/bc_baseline_none_steps20000_tr0]:  22%|██▏       | 4440/20000 [01:41<05:39, 45.86it/s, acc=0.303, device=mps, eta=5m58s, loss=1.9999, sps=43.6]
BC[stage1_datasets_L40_stepsweep/bc_baseline_none_steps20000_tr0]:  22%|██▏       | 4445/20000 [01:42<07:12, 36.00it/s, acc=0.303, device=mps, eta=5m58s, loss=1.9999, sps=43.6]
BC[stage1_datasets_L40_stepsweep/bc_baseline_none_steps20000_tr0]:  22%|██▏       | 4451/20000 [01:42<06:29, 39.93it/s, acc=0.303, device=mps, eta=5m58s, loss=1.9999, sps=43.6]
BC[stage1_datasets_L40_stepsweep/bc_baseline_none_steps20000_tr0]:  22%|██▏       | 4457/20000 [01:42<05:49, 44.47it/s, acc=0.303, device=mps, eta=5m58s, loss=1.9999, sps=43.6]
BC[stage1_datasets_L40_stepsweep/bc_baseline_none_steps20000_tr0]:  22%|██▏       | 4462/20000 [01:42<06:55, 37.41it/s, acc=0.303, device=mps, eta=5m58s, loss=1.9999, sps=43.6]
BC[stage1_datasets_L40_stepsweep/bc_baseline_none_steps20000_tr0]:  22%|██▏       | 4468/20000 [01:42<06:16, 41.22it/s, acc=0.303, device=mps, eta=5m58s, loss=1.9999, sps=43.6]
BC[stage1_datasets_L40_stepsweep/bc_baseline_none_steps20000_tr0]:  22%|██▏       | 4474/20000 [01:42<05:48, 44.58it/s, acc=0.303, device=mps, eta=5m58s, loss=1.9999, sps=43.6]
BC[stage1_datasets_L40_stepsweep/bc_baseline_none_steps20000_tr0]:  22%|██▏       | 4481/20000 [01:42<06:39, 38.82it/s, acc=0.303, device=mps, eta=5m58s, loss=1.9999, sps=43.6]
BC[stage1_datasets_L40_stepsweep/bc_baseline_none_steps20000_tr0]:  22%|██▏       | 4487/20000 [01:43<06:06, 42.28it/s, acc=0.303, device=mps, eta=5m58s, loss=1.9999, sps=43.6]
BC[stage1_datasets_L40_stepsweep/bc_baseline_none_steps20000_tr0]:  22%|██▏       | 4493/20000 [01:43<05:46, 44.79it/s, acc=0.303, device=mps, eta=5m58s, loss=1.9999, sps=43.6]
BC[stage1_datasets_L40_stepsweep/bc_baseline_none_steps20000_tr0]:  22%|██▏       | 4499/20000 [01:43<05:30, 46.91it/s, acc=0.303, device=mps, eta=5m58s, loss=1.9999, sps=43.6]
BC[stage1_datasets_L40_stepsweep/bc_baseline_none_steps20000_tr0]:  23%|██▎       | 4504/20000 [01:43<06:46, 38.16it/s, acc=0.303, device=mps, eta=5m58s, loss=1.9999, sps=43.6]
BC[stage1_datasets_L40_stepsweep/bc_baseline_none_steps20000_tr0]:  23%|██▎       | 4510/20000 [01:43<06:15, 41.28it/s, acc=0.303, device=mps, eta=5m58s, loss=1.9999, sps=43.6]
BC[stage1_datasets_L40_stepsweep/bc_baseline_none_steps20000_tr0]:  23%|██▎       | 4516/20000 [01:43<05:48, 44.43it/s, acc=0.303, device=mps, eta=5m58s, loss=1.9999, sps=43.6]
BC[stage1_datasets_L40_stepsweep/bc_baseline_none_steps20000_tr0]:  23%|██▎       | 4521/20000 [01:43<06:53, 37.40it/s, acc=0.303, device=mps, eta=5m58s, loss=1.9999, sps=43.6]
BC[stage1_datasets_L40_stepsweep/bc_baseline_none_steps20000_tr0]:  23%|██▎       | 4527/20000 [01:44<06:12, 41.55it/s, acc=0.303, device=mps, eta=5m58s, loss=1.9999, sps=43.6]
BC[stage1_datasets_L40_stepsweep/bc_baseline_none_steps20000_tr0]:  23%|██▎       | 4533/20000 [01:44<05:40, 45.45it/s, acc=0.303, device=mps, eta=5m58s, loss=1.9999, sps=43.6]
BC[stage1_datasets_L40_stepsweep/bc_baseline_none_steps20000_tr0]:  23%|██▎       | 4540/20000 [01:44<05:02, 51.18it/s, acc=0.303, device=mps, eta=5m58s, loss=1.9999, sps=43.6]
BC[stage1_datasets_L40_stepsweep/bc_baseline_none_steps20000_tr0]:  23%|██▎       | 4546/20000 [01:44<06:12, 41.48it/s, acc=0.303, device=mps, eta=5m58s, loss=1.9999, sps=43.6]
BC[stage1_datasets_L40_stepsweep/bc_baseline_none_steps20000_tr0]:  23%|██▎       | 4552/20000 [01:44<05:45, 44.72it/s, acc=0.303, device=mps, eta=5m58s, loss=1.9999, sps=43.6]
BC[stage1_datasets_L40_stepsweep/bc_baseline_none_steps20000_tr0]:  23%|██▎       | 4558/20000 [01:44<05:25, 47.46it/s, acc=0.303, device=mps, eta=5m58s, loss=1.9999, sps=43.6]
BC[stage1_datasets_L40_stepsweep/bc_baseline_none_steps20000_tr0]:  23%|██▎       | 4564/20000 [01:44<06:33, 39.26it/s, acc=0.303, device=mps, eta=5m58s, loss=1.9999, sps=43.6]
BC[stage1_datasets_L40_stepsweep/bc_baseline_none_steps20000_tr0]:  23%|██▎       | 4570/20000 [01:44<06:06, 42.05it/s, acc=0.303, device=mps, eta=5m58s, loss=1.9999, sps=43.6]
BC[stage1_datasets_L40_stepsweep/bc_baseline_none_steps20000_tr0]:  23%|██▎       | 4575/20000 [01:45<06:07, 41.99it/s, acc=0.303, device=mps, eta=5m58s, loss=1.9999, sps=43.6]
BC[stage1_datasets_L40_stepsweep/bc_baseline_none_steps20000_tr0]:  23%|██▎       | 4581/20000 [01:45<07:10, 35.78it/s, acc=0.303, device=mps, eta=5m58s, loss=1.9999, sps=43.6]
BC[stage1_datasets_L40_stepsweep/bc_baseline_none_steps20000_tr0]:  23%|██▎       | 4587/20000 [01:45<06:34, 39.12it/s, acc=0.303, device=mps, eta=5m58s, loss=1.9999, sps=43.6]
BC[stage1_datasets_L40_stepsweep/bc_baseline_none_steps20000_tr0]:  23%|██▎       | 4592/20000 [01:45<06:14, 41.15it/s, acc=0.303, device=mps, eta=5m58s, loss=1.9999, sps=43.6]
BC[stage1_datasets_L40_stepsweep/bc_baseline_none_steps20000_tr0]:  23%|██▎       | 4598/20000 [01:45<05:41, 45.11it/s, acc=0.303, device=mps, eta=5m58s, loss=1.9999, sps=43.6]
BC[stage1_datasets_L40_stepsweep/bc_baseline_none_steps20000_tr0]:  23%|██▎       | 4598/20000 [01:45<05:41, 45.11it/s, acc=0.302, device=mps, eta=5m54s, loss=1.9937, sps=43.5]
BC[stage1_datasets_L40_stepsweep/bc_baseline_none_steps20000_tr0]:  23%|██▎       | 4603/20000 [01:45<06:52, 37.32it/s, acc=0.302, device=mps, eta=5m54s, loss=1.9937, sps=43.5]
BC[stage1_datasets_L40_stepsweep/bc_baseline_none_steps20000_tr0]:  23%|██▎       | 4609/20000 [01:45<06:12, 41.30it/s, acc=0.302, device=mps, eta=5m54s, loss=1.9937, sps=43.5]
BC[stage1_datasets_L40_stepsweep/bc_baseline_none_steps20000_tr0]:  23%|██▎       | 4615/20000 [01:46<05:36, 45.69it/s, acc=0.302, device=mps, eta=5m54s, loss=1.9937, sps=43.5]
BC[stage1_datasets_L40_stepsweep/bc_baseline_none_steps20000_tr0]:  23%|██▎       | 4621/20000 [01:46<06:32, 39.23it/s, acc=0.302, device=mps, eta=5m54s, loss=1.9937, sps=43.5]
BC[stage1_datasets_L40_stepsweep/bc_baseline_none_steps20000_tr0]:  23%|██▎       | 4627/20000 [01:46<05:51, 43.77it/s, acc=0.302, device=mps, eta=5m54s, loss=1.9937, sps=43.5]
BC[stage1_datasets_L40_stepsweep/bc_baseline_none_steps20000_tr0]:  23%|██▎       | 4633/20000 [01:46<05:23, 47.43it/s, acc=0.302, device=mps, eta=5m54s, loss=1.9937, sps=43.5]
BC[stage1_datasets_L40_stepsweep/bc_baseline_none_steps20000_tr0]:  23%|██▎       | 4639/20000 [01:46<05:08, 49.82it/s, acc=0.302, device=mps, eta=5m54s, loss=1.9937, sps=43.5]
BC[stage1_datasets_L40_stepsweep/bc_baseline_none_steps20000_tr0]:  23%|██▎       | 4645/20000 [01:46<06:23, 40.06it/s, acc=0.302, device=mps, eta=5m54s, loss=1.9937, sps=43.5]
BC[stage1_datasets_L40_stepsweep/bc_baseline_none_steps20000_tr0]:  23%|██▎       | 4650/20000 [01:46<06:08, 41.65it/s, acc=0.302, device=mps, eta=5m54s, loss=1.9937, sps=43.5]
BC[stage1_datasets_L40_stepsweep/bc_baseline_none_steps20000_tr0]:  23%|██▎       | 4656/20000 [01:46<05:36, 45.64it/s, acc=0.302, device=mps, eta=5m54s, loss=1.9937, sps=43.5]
BC[stage1_datasets_L40_stepsweep/bc_baseline_none_steps20000_tr0]:  23%|██▎       | 4661/20000 [01:47<06:44, 37.96it/s, acc=0.302, device=mps, eta=5m54s, loss=1.9937, sps=43.5]
BC[stage1_datasets_L40_stepsweep/bc_baseline_none_steps20000_tr0]:  23%|██▎       | 4667/20000 [01:47<06:00, 42.52it/s, acc=0.302, device=mps, eta=5m54s, loss=1.9937, sps=43.5]
BC[stage1_datasets_L40_stepsweep/bc_baseline_none_steps20000_tr0]:  23%|██▎       | 4673/20000 [01:47<05:31, 46.18it/s, acc=0.302, device=mps, eta=5m54s, loss=1.9937, sps=43.5]
BC[stage1_datasets_L40_stepsweep/bc_baseline_none_steps20000_tr0]:  23%|██▎       | 4679/20000 [01:47<05:15, 48.58it/s, acc=0.302, device=mps, eta=5m54s, loss=1.9937, sps=43.5]
BC[stage1_datasets_L40_stepsweep/bc_baseline_none_steps20000_tr0]:  23%|██▎       | 4685/20000 [01:47<06:15, 40.74it/s, acc=0.302, device=mps, eta=5m54s, loss=1.9937, sps=43.5]
BC[stage1_datasets_L40_stepsweep/bc_baseline_none_steps20000_tr0]:  23%|██▎       | 4690/20000 [01:47<06:09, 41.48it/s, acc=0.302, device=mps, eta=5m54s, loss=1.9937, sps=43.5]
BC[stage1_datasets_L40_stepsweep/bc_baseline_none_steps20000_tr0]:  23%|██▎       | 4696/20000 [01:47<05:44, 44.44it/s, acc=0.302, device=mps, eta=5m54s, loss=1.9937, sps=43.5]
BC[stage1_datasets_L40_stepsweep/bc_baseline_none_steps20000_tr0]:  24%|██▎       | 4701/20000 [01:48<06:50, 37.31it/s, acc=0.302, device=mps, eta=5m54s, loss=1.9937, sps=43.5]
BC[stage1_datasets_L40_stepsweep/bc_baseline_none_steps20000_tr0]:  24%|██▎       | 4707/20000 [01:48<06:02, 42.13it/s, acc=0.302, device=mps, eta=5m54s, loss=1.9937, sps=43.5]
BC[stage1_datasets_L40_stepsweep/bc_baseline_none_steps20000_tr0]:  24%|██▎       | 4713/20000 [01:48<05:38, 45.14it/s, acc=0.302, device=mps, eta=5m54s, loss=1.9937, sps=43.5]
BC[stage1_datasets_L40_stepsweep/bc_baseline_none_steps20000_tr0]:  24%|██▎       | 4719/20000 [01:48<05:16, 48.26it/s, acc=0.302, device=mps, eta=5m54s, loss=1.9937, sps=43.5]
BC[stage1_datasets_L40_stepsweep/bc_baseline_none_steps20000_tr0]:  24%|██▎       | 4725/20000 [01:48<06:26, 39.52it/s, acc=0.302, device=mps, eta=5m54s, loss=1.9937, sps=43.5]
BC[stage1_datasets_L40_stepsweep/bc_baseline_none_steps20000_tr0]:  24%|██▎       | 4731/20000 [01:48<05:57, 42.70it/s, acc=0.302, device=mps, eta=5m54s, loss=1.9937, sps=43.5]
BC[stage1_datasets_L40_stepsweep/bc_baseline_none_steps20000_tr0]:  24%|██▎       | 4737/20000 [01:48<05:29, 46.30it/s, acc=0.302, device=mps, eta=5m54s, loss=1.9937, sps=43.5]
BC[stage1_datasets_L40_stepsweep/bc_baseline_none_steps20000_tr0]:  24%|██▎       | 4742/20000 [01:49<06:36, 38.52it/s, acc=0.302, device=mps, eta=5m54s, loss=1.9937, sps=43.5]
BC[stage1_datasets_L40_stepsweep/bc_baseline_none_steps20000_tr0]:  24%|██▎       | 4748/20000 [01:49<05:55, 42.93it/s, acc=0.302, device=mps, eta=5m54s, loss=1.9937, sps=43.5]
BC[stage1_datasets_L40_stepsweep/bc_baseline_none_steps20000_tr0]:  24%|██▍       | 4755/20000 [01:49<05:18, 47.85it/s, acc=0.302, device=mps, eta=5m54s, loss=1.9937, sps=43.5]
BC[stage1_datasets_L40_stepsweep/bc_baseline_none_steps20000_tr0]:  24%|██▍       | 4761/20000 [01:49<06:17, 40.42it/s, acc=0.302, device=mps, eta=5m54s, loss=1.9937, sps=43.5]
BC[stage1_datasets_L40_stepsweep/bc_baseline_none_steps20000_tr0]:  24%|██▍       | 4768/20000 [01:49<05:35, 45.40it/s, acc=0.302, device=mps, eta=5m54s, loss=1.9937, sps=43.5]
BC[stage1_datasets_L40_stepsweep/bc_baseline_none_steps20000_tr0]:  24%|██▍       | 4775/20000 [01:49<05:06, 49.60it/s, acc=0.302, device=mps, eta=5m54s, loss=1.9937, sps=43.5]
BC[stage1_datasets_L40_stepsweep/bc_baseline_none_steps20000_tr0]:  24%|██▍       | 4781/20000 [01:49<06:00, 42.24it/s, acc=0.302, device=mps, eta=5m54s, loss=1.9937, sps=43.5]
BC[stage1_datasets_L40_stepsweep/bc_baseline_none_steps20000_tr0]:  24%|██▍       | 4787/20000 [01:50<05:34, 45.51it/s, acc=0.302, device=mps, eta=5m54s, loss=1.9937, sps=43.5]
BC[stage1_datasets_L40_stepsweep/bc_baseline_none_steps20000_tr0]:  24%|██▍       | 4793/20000 [01:50<05:11, 48.84it/s, acc=0.302, device=mps, eta=5m54s, loss=1.9937, sps=43.5]
BC[stage1_datasets_L40_stepsweep/bc_baseline_none_steps20000_tr0]:  24%|██▍       | 4799/20000 [01:50<04:56, 51.19it/s, acc=0.302, device=mps, eta=5m54s, loss=1.9937, sps=43.5]
BC[stage1_datasets_L40_stepsweep/bc_baseline_none_steps20000_tr0]:  24%|██▍       | 4799/20000 [01:50<04:56, 51.19it/s, acc=0.307, device=mps, eta=5m49s, loss=2.0018, sps=43.5]
BC[stage1_datasets_L40_stepsweep/bc_baseline_none_steps20000_tr0]:  24%|██▍       | 4805/20000 [01:50<06:39, 38.06it/s, acc=0.307, device=mps, eta=5m49s, loss=2.0018, sps=43.5]
BC[stage1_datasets_L40_stepsweep/bc_baseline_none_steps20000_tr0]:  24%|██▍       | 4810/20000 [01:50<06:15, 40.42it/s, acc=0.307, device=mps, eta=5m49s, loss=2.0018, sps=43.5]
BC[stage1_datasets_L40_stepsweep/bc_baseline_none_steps20000_tr0]:  24%|██▍       | 4816/20000 [01:50<05:40, 44.66it/s, acc=0.307, device=mps, eta=5m49s, loss=2.0018, sps=43.5]
BC[stage1_datasets_L40_stepsweep/bc_baseline_none_steps20000_tr0]:  24%|██▍       | 4821/20000 [01:50<06:32, 38.64it/s, acc=0.307, device=mps, eta=5m49s, loss=2.0018, sps=43.5]
BC[stage1_datasets_L40_stepsweep/bc_baseline_none_steps20000_tr0]:  24%|██▍       | 4828/20000 [01:50<05:39, 44.63it/s, acc=0.307, device=mps, eta=5m49s, loss=2.0018, sps=43.5]
BC[stage1_datasets_L40_stepsweep/bc_baseline_none_steps20000_tr0]:  24%|██▍       | 4835/20000 [01:51<05:09, 49.03it/s, acc=0.307, device=mps, eta=5m49s, loss=2.0018, sps=43.5]
BC[stage1_datasets_L40_stepsweep/bc_baseline_none_steps20000_tr0]:  24%|██▍       | 4841/20000 [01:51<06:11, 40.83it/s, acc=0.307, device=mps, eta=5m49s, loss=2.0018, sps=43.5]
BC[stage1_datasets_L40_stepsweep/bc_baseline_none_steps20000_tr0]:  24%|██▍       | 4846/20000 [01:51<05:56, 42.47it/s, acc=0.307, device=mps, eta=5m49s, loss=2.0018, sps=43.5]
BC[stage1_datasets_L40_stepsweep/bc_baseline_none_steps20000_tr0]:  24%|██▍       | 4852/20000 [01:51<05:38, 44.72it/s, acc=0.307, device=mps, eta=5m49s, loss=2.0018, sps=43.5]
BC[stage1_datasets_L40_stepsweep/bc_baseline_none_steps20000_tr0]:  24%|██▍       | 4858/20000 [01:51<05:15, 47.93it/s, acc=0.307, device=mps, eta=5m49s, loss=2.0018, sps=43.5]
BC[stage1_datasets_L40_stepsweep/bc_baseline_none_steps20000_tr0]:  24%|██▍       | 4864/20000 [01:51<06:14, 40.41it/s, acc=0.307, device=mps, eta=5m49s, loss=2.0018, sps=43.5]
BC[stage1_datasets_L40_stepsweep/bc_baseline_none_steps20000_tr0]:  24%|██▍       | 4870/20000 [01:51<05:39, 44.55it/s, acc=0.307, device=mps, eta=5m49s, loss=2.0018, sps=43.5]
BC[stage1_datasets_L40_stepsweep/bc_baseline_none_steps20000_tr0]:  24%|██▍       | 4876/20000 [01:52<05:16, 47.77it/s, acc=0.307, device=mps, eta=5m49s, loss=2.0018, sps=43.5]
BC[stage1_datasets_L40_stepsweep/bc_baseline_none_steps20000_tr0]:  24%|██▍       | 4882/20000 [01:52<06:23, 39.46it/s, acc=0.307, device=mps, eta=5m49s, loss=2.0018, sps=43.5]
BC[stage1_datasets_L40_stepsweep/bc_baseline_none_steps20000_tr0]:  24%|██▍       | 4887/20000 [01:52<06:04, 41.42it/s, acc=0.307, device=mps, eta=5m49s, loss=2.0018, sps=43.5]
BC[stage1_datasets_L40_stepsweep/bc_baseline_none_steps20000_tr0]:  24%|██▍       | 4893/20000 [01:52<05:38, 44.60it/s, acc=0.307, device=mps, eta=5m49s, loss=2.0018, sps=43.5]
BC[stage1_datasets_L40_stepsweep/bc_baseline_none_steps20000_tr0]:  24%|██▍       | 4899/20000 [01:52<05:14, 48.09it/s, acc=0.307, device=mps, eta=5m49s, loss=2.0018, sps=43.5]
BC[stage1_datasets_L40_stepsweep/bc_baseline_none_steps20000_tr0]:  25%|██▍       | 4905/20000 [01:52<06:24, 39.23it/s, acc=0.307, device=mps, eta=5m49s, loss=2.0018, sps=43.5]
BC[stage1_datasets_L40_stepsweep/bc_baseline_none_steps20000_tr0]:  25%|██▍       | 4911/20000 [01:52<05:51, 42.96it/s, acc=0.307, device=mps, eta=5m49s, loss=2.0018, sps=43.5]
BC[stage1_datasets_L40_stepsweep/bc_baseline_none_steps20000_tr0]:  25%|██▍       | 4918/20000 [01:53<05:16, 47.72it/s, acc=0.307, device=mps, eta=5m49s, loss=2.0018, sps=43.5]
BC[stage1_datasets_L40_stepsweep/bc_baseline_none_steps20000_tr0]:  25%|██▍       | 4924/20000 [01:53<06:13, 40.41it/s, acc=0.307, device=mps, eta=5m49s, loss=2.0018, sps=43.5]
BC[stage1_datasets_L40_stepsweep/bc_baseline_none_steps20000_tr0]:  25%|██▍       | 4930/20000 [01:53<05:48, 43.22it/s, acc=0.307, device=mps, eta=5m49s, loss=2.0018, sps=43.5]
BC[stage1_datasets_L40_stepsweep/bc_baseline_none_steps20000_tr0]:  25%|██▍       | 4936/20000 [01:53<05:22, 46.76it/s, acc=0.307, device=mps, eta=5m49s, loss=2.0018, sps=43.5]
BC[stage1_datasets_L40_stepsweep/bc_baseline_none_steps20000_tr0]:  25%|██▍       | 4942/20000 [01:53<06:29, 38.63it/s, acc=0.307, device=mps, eta=5m49s, loss=2.0018, sps=43.5]
BC[stage1_datasets_L40_stepsweep/bc_baseline_none_steps20000_tr0]:  25%|██▍       | 4948/20000 [01:53<06:01, 41.68it/s, acc=0.307, device=mps, eta=5m49s, loss=2.0018, sps=43.5]
BC[stage1_datasets_L40_stepsweep/bc_baseline_none_steps20000_tr0]:  25%|██▍       | 4954/20000 [01:53<05:36, 44.68it/s, acc=0.307, device=mps, eta=5m49s, loss=2.0018, sps=43.5]
BC[stage1_datasets_L40_stepsweep/bc_baseline_none_steps20000_tr0]:  25%|██▍       | 4961/20000 [01:54<06:19, 39.61it/s, acc=0.307, device=mps, eta=5m49s, loss=2.0018, sps=43.5]
BC[stage1_datasets_L40_stepsweep/bc_baseline_none_steps20000_tr0]:  25%|██▍       | 4967/20000 [01:54<05:53, 42.56it/s, acc=0.307, device=mps, eta=5m49s, loss=2.0018, sps=43.5]
BC[stage1_datasets_L40_stepsweep/bc_baseline_none_steps20000_tr0]:  25%|██▍       | 4974/20000 [01:54<05:18, 47.13it/s, acc=0.307, device=mps, eta=5m49s, loss=2.0018, sps=43.5]
BC[stage1_datasets_L40_stepsweep/bc_baseline_none_steps20000_tr0]:  25%|██▍       | 4981/20000 [01:54<06:03, 41.33it/s, acc=0.307, device=mps, eta=5m49s, loss=2.0018, sps=43.5]
BC[stage1_datasets_L40_stepsweep/bc_baseline_none_steps20000_tr0]:  25%|██▍       | 4987/20000 [01:54<05:40, 44.07it/s, acc=0.307, device=mps, eta=5m49s, loss=2.0018, sps=43.5]
BC[stage1_datasets_L40_stepsweep/bc_baseline_none_steps20000_tr0]:  25%|██▍       | 4993/20000 [01:54<05:24, 46.25it/s, acc=0.307, device=mps, eta=5m49s, loss=2.0018, sps=43.5]
BC[stage1_datasets_L40_stepsweep/bc_baseline_none_steps20000_tr0]:  25%|██▍       | 4999/20000 [01:54<05:10, 48.27it/s, acc=0.307, device=mps, eta=5m49s, loss=2.0018, sps=43.5]
BC[stage1_datasets_L40_stepsweep/bc_baseline_none_steps20000_tr0]:  25%|██▍       | 4999/20000 [01:54<05:10, 48.27it/s, acc=0.304, device=mps, eta=5m45s, loss=1.9964, sps=43.5]
BC[stage1_datasets_L40_stepsweep/bc_baseline_none_steps20000_tr0]:  25%|██▌       | 5005/20000 [01:55<06:33, 38.12it/s, acc=0.304, device=mps, eta=5m45s, loss=1.9964, sps=43.5]
BC[stage1_datasets_L40_stepsweep/bc_baseline_none_steps20000_tr0]:  25%|██▌       | 5011/20000 [01:55<06:03, 41.21it/s, acc=0.304, device=mps, eta=5m45s, loss=1.9964, sps=43.5]
BC[stage1_datasets_L40_stepsweep/bc_baseline_none_steps20000_tr0]:  25%|██▌       | 5017/20000 [01:55<05:34, 44.76it/s, acc=0.304, device=mps, eta=5m45s, loss=1.9964, sps=43.5]
BC[stage1_datasets_L40_stepsweep/bc_baseline_none_steps20000_tr0]:  25%|██▌       | 5022/20000 [01:55<06:35, 37.85it/s, acc=0.304, device=mps, eta=5m45s, loss=1.9964, sps=43.5]
BC[stage1_datasets_L40_stepsweep/bc_baseline_none_steps20000_tr0]:  25%|██▌       | 5028/20000 [01:55<05:56, 41.99it/s, acc=0.304, device=mps, eta=5m45s, loss=1.9964, sps=43.5]
BC[stage1_datasets_L40_stepsweep/bc_baseline_none_steps20000_tr0]:  25%|██▌       | 5034/20000 [01:55<05:29, 45.48it/s, acc=0.304, device=mps, eta=5m45s, loss=1.9964, sps=43.5]
BC[stage1_datasets_L40_stepsweep/bc_baseline_none_steps20000_tr0]:  25%|██▌       | 5041/20000 [01:55<06:20, 39.29it/s, acc=0.304, device=mps, eta=5m45s, loss=1.9964, sps=43.5]
BC[stage1_datasets_L40_stepsweep/bc_baseline_none_steps20000_tr0]:  25%|██▌       | 5046/20000 [01:56<06:02, 41.31it/s, acc=0.304, device=mps, eta=5m45s, loss=1.9964, sps=43.5]
BC[stage1_datasets_L40_stepsweep/bc_baseline_none_steps20000_tr0]:  25%|██▌       | 5052/20000 [01:56<05:28, 45.48it/s, acc=0.304, device=mps, eta=5m45s, loss=1.9964, sps=43.5]
BC[stage1_datasets_L40_stepsweep/bc_baseline_none_steps20000_tr0]:  25%|██▌       | 5059/20000 [01:56<04:55, 50.57it/s, acc=0.304, device=mps, eta=5m45s, loss=1.9964, sps=43.5]
BC[stage1_datasets_L40_stepsweep/bc_baseline_none_steps20000_tr0]:  25%|██▌       | 5065/20000 [01:56<05:52, 42.35it/s, acc=0.304, device=mps, eta=5m45s, loss=1.9964, sps=43.5]
BC[stage1_datasets_L40_stepsweep/bc_baseline_none_steps20000_tr0]:  25%|██▌       | 5071/20000 [01:56<05:26, 45.76it/s, acc=0.304, device=mps, eta=5m45s, loss=1.9964, sps=43.5]
BC[stage1_datasets_L40_stepsweep/bc_baseline_none_steps20000_tr0]:  25%|██▌       | 5077/20000 [01:56<05:10, 47.99it/s, acc=0.304, device=mps, eta=5m45s, loss=1.9964, sps=43.5]
BC[stage1_datasets_L40_stepsweep/bc_baseline_none_steps20000_tr0]:  25%|██▌       | 5083/20000 [01:56<06:27, 38.47it/s, acc=0.304, device=mps, eta=5m45s, loss=1.9964, sps=43.5]
BC[stage1_datasets_L40_stepsweep/bc_baseline_none_steps20000_tr0]:  25%|██▌       | 5088/20000 [01:57<06:09, 40.30it/s, acc=0.304, device=mps, eta=5m45s, loss=1.9964, sps=43.5]
BC[stage1_datasets_L40_stepsweep/bc_baseline_none_steps20000_tr0]:  25%|██▌       | 5094/20000 [01:57<05:39, 43.96it/s, acc=0.304, device=mps, eta=5m45s, loss=1.9964, sps=43.5]
BC[stage1_datasets_L40_stepsweep/bc_baseline_none_steps20000_tr0]:  26%|██▌       | 5101/20000 [01:57<06:21, 39.09it/s, acc=0.304, device=mps, eta=5m45s, loss=1.9964, sps=43.5]
BC[stage1_datasets_L40_stepsweep/bc_baseline_none_steps20000_tr0]:  26%|██▌       | 5107/20000 [01:57<05:51, 42.38it/s, acc=0.304, device=mps, eta=5m45s, loss=1.9964, sps=43.5]
BC[stage1_datasets_L40_stepsweep/bc_baseline_none_steps20000_tr0]:  26%|██▌       | 5113/20000 [01:57<05:21, 46.25it/s, acc=0.304, device=mps, eta=5m45s, loss=1.9964, sps=43.5]
BC[stage1_datasets_L40_stepsweep/bc_baseline_none_steps20000_tr0]:  26%|██▌       | 5120/20000 [01:57<04:49, 51.45it/s, acc=0.304, device=mps, eta=5m45s, loss=1.9964, sps=43.5]
BC[stage1_datasets_L40_stepsweep/bc_baseline_none_steps20000_tr0]:  26%|██▌       | 5126/20000 [01:57<06:01, 41.17it/s, acc=0.304, device=mps, eta=5m45s, loss=1.9964, sps=43.5]
BC[stage1_datasets_L40_stepsweep/bc_baseline_none_steps20000_tr0]:  26%|██▌       | 5132/20000 [01:58<05:36, 44.18it/s, acc=0.304, device=mps, eta=5m45s, loss=1.9964, sps=43.5]
BC[stage1_datasets_L40_stepsweep/bc_baseline_none_steps20000_tr0]:  26%|██▌       | 5138/20000 [01:58<05:15, 47.08it/s, acc=0.304, device=mps, eta=5m45s, loss=1.9964, sps=43.5]
BC[stage1_datasets_L40_stepsweep/bc_baseline_none_steps20000_tr0]:  26%|██▌       | 5144/20000 [01:58<06:26, 38.46it/s, acc=0.304, device=mps, eta=5m45s, loss=1.9964, sps=43.5]
BC[stage1_datasets_L40_stepsweep/bc_baseline_none_steps20000_tr0]:  26%|██▌       | 5150/20000 [01:58<05:49, 42.48it/s, acc=0.304, device=mps, eta=5m45s, loss=1.9964, sps=43.5]
BC[stage1_datasets_L40_stepsweep/bc_baseline_none_steps20000_tr0]:  26%|██▌       | 5157/20000 [01:58<05:12, 47.49it/s, acc=0.304, device=mps, eta=5m45s, loss=1.9964, sps=43.5]
BC[stage1_datasets_L40_stepsweep/bc_baseline_none_steps20000_tr0]:  26%|██▌       | 5163/20000 [01:58<06:04, 40.73it/s, acc=0.304, device=mps, eta=5m45s, loss=1.9964, sps=43.5]
BC[stage1_datasets_L40_stepsweep/bc_baseline_none_steps20000_tr0]:  26%|██▌       | 5170/20000 [01:58<05:20, 46.22it/s, acc=0.304, device=mps, eta=5m45s, loss=1.9964, sps=43.5]
BC[stage1_datasets_L40_stepsweep/bc_baseline_none_steps20000_tr0]:  26%|██▌       | 5177/20000 [01:58<04:47, 51.50it/s, acc=0.304, device=mps, eta=5m45s, loss=1.9964, sps=43.5]
BC[stage1_datasets_L40_stepsweep/bc_baseline_none_steps20000_tr0]:  26%|██▌       | 5183/20000 [01:59<05:39, 43.65it/s, acc=0.304, device=mps, eta=5m45s, loss=1.9964, sps=43.5]
BC[stage1_datasets_L40_stepsweep/bc_baseline_none_steps20000_tr0]:  26%|██▌       | 5190/20000 [01:59<05:09, 47.92it/s, acc=0.304, device=mps, eta=5m45s, loss=1.9964, sps=43.5]
BC[stage1_datasets_L40_stepsweep/bc_baseline_none_steps20000_tr0]:  26%|██▌       | 5197/20000 [01:59<04:49, 51.12it/s, acc=0.304, device=mps, eta=5m45s, loss=1.9964, sps=43.5]
BC[stage1_datasets_L40_stepsweep/bc_baseline_none_steps20000_tr0]:  26%|██▌       | 5197/20000 [01:59<04:49, 51.12it/s, acc=0.307, device=mps, eta=5m40s, loss=1.9978, sps=43.5]
BC[stage1_datasets_L40_stepsweep/bc_baseline_none_steps20000_tr0]:  26%|██▌       | 5203/20000 [01:59<06:01, 40.89it/s, acc=0.307, device=mps, eta=5m40s, loss=1.9978, sps=43.5]
BC[stage1_datasets_L40_stepsweep/bc_baseline_none_steps20000_tr0]:  26%|██▌       | 5209/20000 [01:59<05:37, 43.80it/s, acc=0.307, device=mps, eta=5m40s, loss=1.9978, sps=43.5]
BC[stage1_datasets_L40_stepsweep/bc_baseline_none_steps20000_tr0]:  26%|██▌       | 5216/20000 [01:59<05:05, 48.42it/s, acc=0.307, device=mps, eta=5m40s, loss=1.9978, sps=43.5]
BC[stage1_datasets_L40_stepsweep/bc_baseline_none_steps20000_tr0]:  26%|██▌       | 5222/20000 [02:00<06:00, 41.00it/s, acc=0.307, device=mps, eta=5m40s, loss=1.9978, sps=43.5]
BC[stage1_datasets_L40_stepsweep/bc_baseline_none_steps20000_tr0]:  26%|██▌       | 5228/20000 [02:00<05:35, 44.02it/s, acc=0.307, device=mps, eta=5m40s, loss=1.9978, sps=43.5]
BC[stage1_datasets_L40_stepsweep/bc_baseline_none_steps20000_tr0]:  26%|██▌       | 5234/20000 [02:00<05:11, 47.37it/s, acc=0.307, device=mps, eta=5m40s, loss=1.9978, sps=43.5]
BC[stage1_datasets_L40_stepsweep/bc_baseline_none_steps20000_tr0]:  26%|██▌       | 5241/20000 [02:00<05:54, 41.58it/s, acc=0.307, device=mps, eta=5m40s, loss=1.9978, sps=43.5]
BC[stage1_datasets_L40_stepsweep/bc_baseline_none_steps20000_tr0]:  26%|██▌       | 5247/20000 [02:00<05:34, 44.14it/s, acc=0.307, device=mps, eta=5m40s, loss=1.9978, sps=43.5]
BC[stage1_datasets_L40_stepsweep/bc_baseline_none_steps20000_tr0]:  26%|██▋       | 5253/20000 [02:00<05:15, 46.68it/s, acc=0.307, device=mps, eta=5m40s, loss=1.9978, sps=43.5]
BC[stage1_datasets_L40_stepsweep/bc_baseline_none_steps20000_tr0]:  26%|██▋       | 5259/20000 [02:00<04:57, 49.63it/s, acc=0.307, device=mps, eta=5m40s, loss=1.9978, sps=43.5]
BC[stage1_datasets_L40_stepsweep/bc_baseline_none_steps20000_tr0]:  26%|██▋       | 5265/20000 [02:01<06:05, 40.27it/s, acc=0.307, device=mps, eta=5m40s, loss=1.9978, sps=43.5]
BC[stage1_datasets_L40_stepsweep/bc_baseline_none_steps20000_tr0]:  26%|██▋       | 5271/20000 [02:01<05:35, 43.93it/s, acc=0.307, device=mps, eta=5m40s, loss=1.9978, sps=43.5]
BC[stage1_datasets_L40_stepsweep/bc_baseline_none_steps20000_tr0]:  26%|██▋       | 5277/20000 [02:01<05:10, 47.37it/s, acc=0.307, device=mps, eta=5m40s, loss=1.9978, sps=43.5]
BC[stage1_datasets_L40_stepsweep/bc_baseline_none_steps20000_tr0]:  26%|██▋       | 5283/20000 [02:01<06:03, 40.50it/s, acc=0.307, device=mps, eta=5m40s, loss=1.9978, sps=43.5]
BC[stage1_datasets_L40_stepsweep/bc_baseline_none_steps20000_tr0]:  26%|██▋       | 5289/20000 [02:01<05:30, 44.48it/s, acc=0.307, device=mps, eta=5m40s, loss=1.9978, sps=43.5]
BC[stage1_datasets_L40_stepsweep/bc_baseline_none_steps20000_tr0]:  26%|██▋       | 5295/20000 [02:01<05:14, 46.77it/s, acc=0.307, device=mps, eta=5m40s, loss=1.9978, sps=43.5]
BC[stage1_datasets_L40_stepsweep/bc_baseline_none_steps20000_tr0]:  27%|██▋       | 5301/20000 [02:01<06:14, 39.22it/s, acc=0.307, device=mps, eta=5m40s, loss=1.9978, sps=43.5]
BC[stage1_datasets_L40_stepsweep/bc_baseline_none_steps20000_tr0]:  27%|██▋       | 5307/20000 [02:01<05:36, 43.68it/s, acc=0.307, device=mps, eta=5m40s, loss=1.9978, sps=43.5]
BC[stage1_datasets_L40_stepsweep/bc_baseline_none_steps20000_tr0]:  27%|██▋       | 5314/20000 [02:02<04:59, 48.99it/s, acc=0.307, device=mps, eta=5m40s, loss=1.9978, sps=43.5]
BC[stage1_datasets_L40_stepsweep/bc_baseline_none_steps20000_tr0]:  27%|██▋       | 5321/20000 [02:02<05:50, 41.89it/s, acc=0.307, device=mps, eta=5m40s, loss=1.9978, sps=43.5]
BC[stage1_datasets_L40_stepsweep/bc_baseline_none_steps20000_tr0]:  27%|██▋       | 5327/20000 [02:02<05:22, 45.47it/s, acc=0.307, device=mps, eta=5m40s, loss=1.9978, sps=43.5]
BC[stage1_datasets_L40_stepsweep/bc_baseline_none_steps20000_tr0]:  27%|██▋       | 5333/20000 [02:02<05:07, 47.70it/s, acc=0.307, device=mps, eta=5m40s, loss=1.9978, sps=43.5]
BC[stage1_datasets_L40_stepsweep/bc_baseline_none_steps20000_tr0]:  27%|██▋       | 5339/20000 [02:02<05:00, 48.71it/s, acc=0.307, device=mps, eta=5m40s, loss=1.9978, sps=43.5]
BC[stage1_datasets_L40_stepsweep/bc_baseline_none_steps20000_tr0]:  27%|██▋       | 5345/20000 [02:02<06:21, 38.36it/s, acc=0.307, device=mps, eta=5m40s, loss=1.9978, sps=43.5]
BC[stage1_datasets_L40_stepsweep/bc_baseline_none_steps20000_tr0]:  27%|██▋       | 5351/20000 [02:02<05:49, 41.95it/s, acc=0.307, device=mps, eta=5m40s, loss=1.9978, sps=43.5]
BC[stage1_datasets_L40_stepsweep/bc_baseline_none_steps20000_tr0]:  27%|██▋       | 5357/20000 [02:03<05:19, 45.78it/s, acc=0.307, device=mps, eta=5m40s, loss=1.9978, sps=43.5]
BC[stage1_datasets_L40_stepsweep/bc_baseline_none_steps20000_tr0]:  27%|██▋       | 5363/20000 [02:03<06:14, 39.13it/s, acc=0.307, device=mps, eta=5m40s, loss=1.9978, sps=43.5]
BC[stage1_datasets_L40_stepsweep/bc_baseline_none_steps20000_tr0]:  27%|██▋       | 5369/20000 [02:03<05:41, 42.82it/s, acc=0.307, device=mps, eta=5m40s, loss=1.9978, sps=43.5]
BC[stage1_datasets_L40_stepsweep/bc_baseline_none_steps20000_tr0]:  27%|██▋       | 5375/20000 [02:03<05:14, 46.50it/s, acc=0.307, device=mps, eta=5m40s, loss=1.9978, sps=43.5]
BC[stage1_datasets_L40_stepsweep/bc_baseline_none_steps20000_tr0]:  27%|██▋       | 5381/20000 [02:03<06:07, 39.82it/s, acc=0.307, device=mps, eta=5m40s, loss=1.9978, sps=43.5]
BC[stage1_datasets_L40_stepsweep/bc_baseline_none_steps20000_tr0]:  27%|██▋       | 5388/20000 [02:03<05:25, 44.87it/s, acc=0.307, device=mps, eta=5m40s, loss=1.9978, sps=43.5]
BC[stage1_datasets_L40_stepsweep/bc_baseline_none_steps20000_tr0]:  27%|██▋       | 5394/20000 [02:03<05:01, 48.38it/s, acc=0.307, device=mps, eta=5m40s, loss=1.9978, sps=43.5]
BC[stage1_datasets_L40_stepsweep/bc_baseline_none_steps20000_tr0]:  27%|██▋       | 5394/20000 [02:03<05:01, 48.38it/s, acc=0.302, device=mps, eta=5m35s, loss=2.0038, sps=43.5]
BC[stage1_datasets_L40_stepsweep/bc_baseline_none_steps20000_tr0]:  27%|██▋       | 5401/20000 [02:04<05:58, 40.69it/s, acc=0.302, device=mps, eta=5m35s, loss=2.0038, sps=43.5]
BC[stage1_datasets_L40_stepsweep/bc_baseline_none_steps20000_tr0]:  27%|██▋       | 5406/20000 [02:04<05:47, 42.03it/s, acc=0.302, device=mps, eta=5m35s, loss=2.0038, sps=43.5]
BC[stage1_datasets_L40_stepsweep/bc_baseline_none_steps20000_tr0]:  27%|██▋       | 5412/20000 [02:04<05:22, 45.24it/s, acc=0.302, device=mps, eta=5m35s, loss=2.0038, sps=43.5]
BC[stage1_datasets_L40_stepsweep/bc_baseline_none_steps20000_tr0]:  27%|██▋       | 5418/20000 [02:04<04:59, 48.63it/s, acc=0.302, device=mps, eta=5m35s, loss=2.0038, sps=43.5]
BC[stage1_datasets_L40_stepsweep/bc_baseline_none_steps20000_tr0]:  27%|██▋       | 5424/20000 [02:04<05:58, 40.68it/s, acc=0.302, device=mps, eta=5m35s, loss=2.0038, sps=43.5]
BC[stage1_datasets_L40_stepsweep/bc_baseline_none_steps20000_tr0]:  27%|██▋       | 5430/20000 [02:04<05:24, 44.96it/s, acc=0.302, device=mps, eta=5m35s, loss=2.0038, sps=43.5]
BC[stage1_datasets_L40_stepsweep/bc_baseline_none_steps20000_tr0]:  27%|██▋       | 5437/20000 [02:04<04:55, 49.27it/s, acc=0.302, device=mps, eta=5m35s, loss=2.0038, sps=43.5]
BC[stage1_datasets_L40_stepsweep/bc_baseline_none_steps20000_tr0]:  27%|██▋       | 5443/20000 [02:05<06:04, 39.91it/s, acc=0.302, device=mps, eta=5m35s, loss=2.0038, sps=43.5]
BC[stage1_datasets_L40_stepsweep/bc_baseline_none_steps20000_tr0]:  27%|██▋       | 5449/20000 [02:05<05:38, 43.01it/s, acc=0.302, device=mps, eta=5m35s, loss=2.0038, sps=43.5]
BC[stage1_datasets_L40_stepsweep/bc_baseline_none_steps20000_tr0]:  27%|██▋       | 5455/20000 [02:05<05:10, 46.85it/s, acc=0.302, device=mps, eta=5m35s, loss=2.0038, sps=43.5]
BC[stage1_datasets_L40_stepsweep/bc_baseline_none_steps20000_tr0]:  27%|██▋       | 5461/20000 [02:05<06:02, 40.06it/s, acc=0.302, device=mps, eta=5m35s, loss=2.0038, sps=43.5]
BC[stage1_datasets_L40_stepsweep/bc_baseline_none_steps20000_tr0]:  27%|██▋       | 5466/20000 [02:05<05:45, 42.09it/s, acc=0.302, device=mps, eta=5m35s, loss=2.0038, sps=43.5]
BC[stage1_datasets_L40_stepsweep/bc_baseline_none_steps20000_tr0]:  27%|██▋       | 5472/20000 [02:05<05:19, 45.48it/s, acc=0.302, device=mps, eta=5m35s, loss=2.0038, sps=43.5]
BC[stage1_datasets_L40_stepsweep/bc_baseline_none_steps20000_tr0]:  27%|██▋       | 5478/20000 [02:05<05:03, 47.82it/s, acc=0.302, device=mps, eta=5m35s, loss=2.0038, sps=43.5]
BC[stage1_datasets_L40_stepsweep/bc_baseline_none_steps20000_tr0]:  27%|██▋       | 5484/20000 [02:06<06:14, 38.77it/s, acc=0.302, device=mps, eta=5m35s, loss=2.0038, sps=43.5]
BC[stage1_datasets_L40_stepsweep/bc_baseline_none_steps20000_tr0]:  27%|██▋       | 5490/20000 [02:06<05:43, 42.20it/s, acc=0.302, device=mps, eta=5m35s, loss=2.0038, sps=43.5]
BC[stage1_datasets_L40_stepsweep/bc_baseline_none_steps20000_tr0]:  27%|██▋       | 5496/20000 [02:06<05:19, 45.36it/s, acc=0.302, device=mps, eta=5m35s, loss=2.0038, sps=43.5]
BC[stage1_datasets_L40_stepsweep/bc_baseline_none_steps20000_tr0]:  28%|██▊       | 5501/20000 [02:06<06:19, 38.23it/s, acc=0.302, device=mps, eta=5m35s, loss=2.0038, sps=43.5]
BC[stage1_datasets_L40_stepsweep/bc_baseline_none_steps20000_tr0]:  28%|██▊       | 5506/20000 [02:06<06:01, 40.13it/s, acc=0.302, device=mps, eta=5m35s, loss=2.0038, sps=43.5]
BC[stage1_datasets_L40_stepsweep/bc_baseline_none_steps20000_tr0]:  28%|██▊       | 5511/20000 [02:06<05:58, 40.36it/s, acc=0.302, device=mps, eta=5m35s, loss=2.0038, sps=43.5]
BC[stage1_datasets_L40_stepsweep/bc_baseline_none_steps20000_tr0]:  28%|██▊       | 5517/20000 [02:06<05:29, 44.02it/s, acc=0.302, device=mps, eta=5m35s, loss=2.0038, sps=43.5]
BC[stage1_datasets_L40_stepsweep/bc_baseline_none_steps20000_tr0]:  28%|██▊       | 5522/20000 [02:06<06:25, 37.57it/s, acc=0.302, device=mps, eta=5m35s, loss=2.0038, sps=43.5]
BC[stage1_datasets_L40_stepsweep/bc_baseline_none_steps20000_tr0]:  28%|██▊       | 5528/20000 [02:07<05:40, 42.45it/s, acc=0.302, device=mps, eta=5m35s, loss=2.0038, sps=43.5]
BC[stage1_datasets_L40_stepsweep/bc_baseline_none_steps20000_tr0]:  28%|██▊       | 5535/20000 [02:07<05:05, 47.39it/s, acc=0.302, device=mps, eta=5m35s, loss=2.0038, sps=43.5]
BC[stage1_datasets_L40_stepsweep/bc_baseline_none_steps20000_tr0]:  28%|██▊       | 5541/20000 [02:07<05:54, 40.78it/s, acc=0.302, device=mps, eta=5m35s, loss=2.0038, sps=43.5]
BC[stage1_datasets_L40_stepsweep/bc_baseline_none_steps20000_tr0]:  28%|██▊       | 5547/20000 [02:07<05:26, 44.30it/s, acc=0.302, device=mps, eta=5m35s, loss=2.0038, sps=43.5]
BC[stage1_datasets_L40_stepsweep/bc_baseline_none_steps20000_tr0]:  28%|██▊       | 5554/20000 [02:07<04:55, 48.87it/s, acc=0.302, device=mps, eta=5m35s, loss=2.0038, sps=43.5]
BC[stage1_datasets_L40_stepsweep/bc_baseline_none_steps20000_tr0]:  28%|██▊       | 5561/20000 [02:07<05:46, 41.62it/s, acc=0.302, device=mps, eta=5m35s, loss=2.0038, sps=43.5]
BC[stage1_datasets_L40_stepsweep/bc_baseline_none_steps20000_tr0]:  28%|██▊       | 5567/20000 [02:07<05:26, 44.17it/s, acc=0.302, device=mps, eta=5m35s, loss=2.0038, sps=43.5]
BC[stage1_datasets_L40_stepsweep/bc_baseline_none_steps20000_tr0]:  28%|██▊       | 5574/20000 [02:08<04:58, 48.35it/s, acc=0.302, device=mps, eta=5m35s, loss=2.0038, sps=43.5]
BC[stage1_datasets_L40_stepsweep/bc_baseline_none_steps20000_tr0]:  28%|██▊       | 5581/20000 [02:08<05:44, 41.91it/s, acc=0.302, device=mps, eta=5m35s, loss=2.0038, sps=43.5]
BC[stage1_datasets_L40_stepsweep/bc_baseline_none_steps20000_tr0]:  28%|██▊       | 5587/20000 [02:08<05:20, 45.04it/s, acc=0.302, device=mps, eta=5m35s, loss=2.0038, sps=43.5]
BC[stage1_datasets_L40_stepsweep/bc_baseline_none_steps20000_tr0]:  28%|██▊       | 5593/20000 [02:08<05:02, 47.64it/s, acc=0.302, device=mps, eta=5m35s, loss=2.0038, sps=43.5]
BC[stage1_datasets_L40_stepsweep/bc_baseline_none_steps20000_tr0]:  28%|██▊       | 5593/20000 [02:08<05:02, 47.64it/s, acc=0.307, device=mps, eta=5m31s, loss=1.9907, sps=43.5]
BC[stage1_datasets_L40_stepsweep/bc_baseline_none_steps20000_tr0]:  28%|██▊       | 5600/20000 [02:08<04:35, 52.27it/s, acc=0.307, device=mps, eta=5m31s, loss=1.9907, sps=43.5]
BC[stage1_datasets_L40_stepsweep/bc_baseline_none_steps20000_tr0]:  28%|██▊       | 5606/20000 [02:08<05:42, 42.07it/s, acc=0.307, device=mps, eta=5m31s, loss=1.9907, sps=43.5]
BC[stage1_datasets_L40_stepsweep/bc_baseline_none_steps20000_tr0]:  28%|██▊       | 5612/20000 [02:08<05:17, 45.33it/s, acc=0.307, device=mps, eta=5m31s, loss=1.9907, sps=43.5]
BC[stage1_datasets_L40_stepsweep/bc_baseline_none_steps20000_tr0]:  28%|██▊       | 5618/20000 [02:09<05:01, 47.73it/s, acc=0.307, device=mps, eta=5m31s, loss=1.9907, sps=43.5]
BC[stage1_datasets_L40_stepsweep/bc_baseline_none_steps20000_tr0]:  28%|██▊       | 5624/20000 [02:09<06:00, 39.85it/s, acc=0.307, device=mps, eta=5m31s, loss=1.9907, sps=43.5]
BC[stage1_datasets_L40_stepsweep/bc_baseline_none_steps20000_tr0]:  28%|██▊       | 5630/20000 [02:09<05:31, 43.36it/s, acc=0.307, device=mps, eta=5m31s, loss=1.9907, sps=43.5]
BC[stage1_datasets_L40_stepsweep/bc_baseline_none_steps20000_tr0]:  28%|██▊       | 5636/20000 [02:09<05:06, 46.83it/s, acc=0.307, device=mps, eta=5m31s, loss=1.9907, sps=43.5]
BC[stage1_datasets_L40_stepsweep/bc_baseline_none_steps20000_tr0]:  28%|██▊       | 5642/20000 [02:09<06:04, 39.39it/s, acc=0.307, device=mps, eta=5m31s, loss=1.9907, sps=43.5]
BC[stage1_datasets_L40_stepsweep/bc_baseline_none_steps20000_tr0]:  28%|██▊       | 5647/20000 [02:09<05:48, 41.23it/s, acc=0.307, device=mps, eta=5m31s, loss=1.9907, sps=43.5]
BC[stage1_datasets_L40_stepsweep/bc_baseline_none_steps20000_tr0]:  28%|██▊       | 5653/20000 [02:09<05:22, 44.42it/s, acc=0.307, device=mps, eta=5m31s, loss=1.9907, sps=43.5]
BC[stage1_datasets_L40_stepsweep/bc_baseline_none_steps20000_tr0]:  28%|██▊       | 5660/20000 [02:09<04:47, 49.86it/s, acc=0.307, device=mps, eta=5m31s, loss=1.9907, sps=43.5]
BC[stage1_datasets_L40_stepsweep/bc_baseline_none_steps20000_tr0]:  28%|██▊       | 5666/20000 [02:10<05:50, 40.94it/s, acc=0.307, device=mps, eta=5m31s, loss=1.9907, sps=43.5]
BC[stage1_datasets_L40_stepsweep/bc_baseline_none_steps20000_tr0]:  28%|██▊       | 5673/20000 [02:10<05:10, 46.21it/s, acc=0.307, device=mps, eta=5m31s, loss=1.9907, sps=43.5]
BC[stage1_datasets_L40_stepsweep/bc_baseline_none_steps20000_tr0]:  28%|██▊       | 5681/20000 [02:10<05:41, 41.91it/s, acc=0.307, device=mps, eta=5m31s, loss=1.9907, sps=43.5]
BC[stage1_datasets_L40_stepsweep/bc_baseline_none_steps20000_tr0]:  28%|██▊       | 5687/20000 [02:10<05:20, 44.64it/s, acc=0.307, device=mps, eta=5m31s, loss=1.9907, sps=43.5]
BC[stage1_datasets_L40_stepsweep/bc_baseline_none_steps20000_tr0]:  28%|██▊       | 5693/20000 [02:10<04:59, 47.78it/s, acc=0.307, device=mps, eta=5m31s, loss=1.9907, sps=43.5]
BC[stage1_datasets_L40_stepsweep/bc_baseline_none_steps20000_tr0]:  28%|██▊       | 5700/20000 [02:10<04:35, 51.91it/s, acc=0.307, device=mps, eta=5m31s, loss=1.9907, sps=43.5]
BC[stage1_datasets_L40_stepsweep/bc_baseline_none_steps20000_tr0]:  29%|██▊       | 5706/20000 [02:11<05:48, 41.00it/s, acc=0.307, device=mps, eta=5m31s, loss=1.9907, sps=43.5]
BC[stage1_datasets_L40_stepsweep/bc_baseline_none_steps20000_tr0]:  29%|██▊       | 5712/20000 [02:11<05:17, 45.02it/s, acc=0.307, device=mps, eta=5m31s, loss=1.9907, sps=43.5]
BC[stage1_datasets_L40_stepsweep/bc_baseline_none_steps20000_tr0]:  29%|██▊       | 5719/20000 [02:11<04:49, 49.36it/s, acc=0.307, device=mps, eta=5m31s, loss=1.9907, sps=43.5]
BC[stage1_datasets_L40_stepsweep/bc_baseline_none_steps20000_tr0]:  29%|██▊       | 5725/20000 [02:11<05:43, 41.61it/s, acc=0.307, device=mps, eta=5m31s, loss=1.9907, sps=43.5]
BC[stage1_datasets_L40_stepsweep/bc_baseline_none_steps20000_tr0]:  29%|██▊       | 5732/20000 [02:11<05:08, 46.19it/s, acc=0.307, device=mps, eta=5m31s, loss=1.9907, sps=43.5]
BC[stage1_datasets_L40_stepsweep/bc_baseline_none_steps20000_tr0]:  29%|██▊       | 5739/20000 [02:11<04:43, 50.34it/s, acc=0.307, device=mps, eta=5m31s, loss=1.9907, sps=43.5]
BC[stage1_datasets_L40_stepsweep/bc_baseline_none_steps20000_tr0]:  29%|██▊       | 5745/20000 [02:11<05:58, 39.76it/s, acc=0.307, device=mps, eta=5m31s, loss=1.9907, sps=43.5]
BC[stage1_datasets_L40_stepsweep/bc_baseline_none_steps20000_tr0]:  29%|██▉       | 5750/20000 [02:12<06:33, 36.23it/s, acc=0.307, device=mps, eta=5m31s, loss=1.9907, sps=43.5]
BC[stage1_datasets_L40_stepsweep/bc_baseline_none_steps20000_tr0]:  29%|██▉       | 5755/20000 [02:12<06:22, 37.27it/s, acc=0.307, device=mps, eta=5m31s, loss=1.9907, sps=43.5]
BC[stage1_datasets_L40_stepsweep/bc_baseline_none_steps20000_tr0]:  29%|██▉       | 5761/20000 [02:12<07:04, 33.57it/s, acc=0.307, device=mps, eta=5m31s, loss=1.9907, sps=43.5]
BC[stage1_datasets_L40_stepsweep/bc_baseline_none_steps20000_tr0]:  29%|██▉       | 5768/20000 [02:12<05:49, 40.75it/s, acc=0.307, device=mps, eta=5m31s, loss=1.9907, sps=43.5]
BC[stage1_datasets_L40_stepsweep/bc_baseline_none_steps20000_tr0]:  29%|██▉       | 5775/20000 [02:12<05:04, 46.77it/s, acc=0.307, device=mps, eta=5m31s, loss=1.9907, sps=43.5]
BC[stage1_datasets_L40_stepsweep/bc_baseline_none_steps20000_tr0]:  29%|██▉       | 5781/20000 [02:12<05:55, 39.98it/s, acc=0.307, device=mps, eta=5m31s, loss=1.9907, sps=43.5]
BC[stage1_datasets_L40_stepsweep/bc_baseline_none_steps20000_tr0]:  29%|██▉       | 5787/20000 [02:12<05:33, 42.63it/s, acc=0.307, device=mps, eta=5m31s, loss=1.9907, sps=43.5]
BC[stage1_datasets_L40_stepsweep/bc_baseline_none_steps20000_tr0]:  29%|██▉       | 5793/20000 [02:13<05:11, 45.55it/s, acc=0.307, device=mps, eta=5m31s, loss=1.9907, sps=43.5]
BC[stage1_datasets_L40_stepsweep/bc_baseline_none_steps20000_tr0]:  29%|██▉       | 5799/20000 [02:13<04:53, 48.43it/s, acc=0.307, device=mps, eta=5m31s, loss=1.9907, sps=43.5]
BC[stage1_datasets_L40_stepsweep/bc_baseline_none_steps20000_tr0]:  29%|██▉       | 5799/20000 [02:13<04:53, 48.43it/s, acc=0.304, device=mps, eta=5m26s, loss=1.9965, sps=43.5]
BC[stage1_datasets_L40_stepsweep/bc_baseline_none_steps20000_tr0]:  29%|██▉       | 5805/20000 [02:13<06:04, 38.95it/s, acc=0.304, device=mps, eta=5m26s, loss=1.9965, sps=43.5]
BC[stage1_datasets_L40_stepsweep/bc_baseline_none_steps20000_tr0]:  29%|██▉       | 5811/20000 [02:13<05:30, 42.93it/s, acc=0.304, device=mps, eta=5m26s, loss=1.9965, sps=43.5]
BC[stage1_datasets_L40_stepsweep/bc_baseline_none_steps20000_tr0]:  29%|██▉       | 5817/20000 [02:13<05:02, 46.91it/s, acc=0.304, device=mps, eta=5m26s, loss=1.9965, sps=43.5]
BC[stage1_datasets_L40_stepsweep/bc_baseline_none_steps20000_tr0]:  29%|██▉       | 5823/20000 [02:13<06:04, 38.93it/s, acc=0.304, device=mps, eta=5m26s, loss=1.9965, sps=43.5]
BC[stage1_datasets_L40_stepsweep/bc_baseline_none_steps20000_tr0]:  29%|██▉       | 5829/20000 [02:13<05:34, 42.31it/s, acc=0.304, device=mps, eta=5m26s, loss=1.9965, sps=43.5]
BC[stage1_datasets_L40_stepsweep/bc_baseline_none_steps20000_tr0]:  29%|██▉       | 5835/20000 [02:14<05:05, 46.35it/s, acc=0.304, device=mps, eta=5m26s, loss=1.9965, sps=43.5]
BC[stage1_datasets_L40_stepsweep/bc_baseline_none_steps20000_tr0]:  29%|██▉       | 5841/20000 [02:14<05:52, 40.12it/s, acc=0.304, device=mps, eta=5m26s, loss=1.9965, sps=43.5]
BC[stage1_datasets_L40_stepsweep/bc_baseline_none_steps20000_tr0]:  29%|██▉       | 5847/20000 [02:14<05:22, 43.85it/s, acc=0.304, device=mps, eta=5m26s, loss=1.9965, sps=43.5]
BC[stage1_datasets_L40_stepsweep/bc_baseline_none_steps20000_tr0]:  29%|██▉       | 5853/20000 [02:14<04:57, 47.49it/s, acc=0.304, device=mps, eta=5m26s, loss=1.9965, sps=43.5]
BC[stage1_datasets_L40_stepsweep/bc_baseline_none_steps20000_tr0]:  29%|██▉       | 5860/20000 [02:14<04:29, 52.43it/s, acc=0.304, device=mps, eta=5m26s, loss=1.9965, sps=43.5]
BC[stage1_datasets_L40_stepsweep/bc_baseline_none_steps20000_tr0]:  29%|██▉       | 5866/20000 [02:14<05:54, 39.89it/s, acc=0.304, device=mps, eta=5m26s, loss=1.9965, sps=43.5]
BC[stage1_datasets_L40_stepsweep/bc_baseline_none_steps20000_tr0]:  29%|██▉       | 5872/20000 [02:14<05:30, 42.75it/s, acc=0.304, device=mps, eta=5m26s, loss=1.9965, sps=43.5]
BC[stage1_datasets_L40_stepsweep/bc_baseline_none_steps20000_tr0]:  29%|██▉       | 5879/20000 [02:15<04:55, 47.75it/s, acc=0.304, device=mps, eta=5m26s, loss=1.9965, sps=43.5]
BC[stage1_datasets_L40_stepsweep/bc_baseline_none_steps20000_tr0]:  29%|██▉       | 5885/20000 [02:15<05:47, 40.65it/s, acc=0.304, device=mps, eta=5m26s, loss=1.9965, sps=43.5]
BC[stage1_datasets_L40_stepsweep/bc_baseline_none_steps20000_tr0]:  29%|██▉       | 5891/20000 [02:15<05:18, 44.29it/s, acc=0.304, device=mps, eta=5m26s, loss=1.9965, sps=43.5]
BC[stage1_datasets_L40_stepsweep/bc_baseline_none_steps20000_tr0]:  29%|██▉       | 5898/20000 [02:15<04:50, 48.47it/s, acc=0.304, device=mps, eta=5m26s, loss=1.9965, sps=43.5]
BC[stage1_datasets_L40_stepsweep/bc_baseline_none_steps20000_tr0]:  30%|██▉       | 5904/20000 [02:15<05:59, 39.16it/s, acc=0.304, device=mps, eta=5m26s, loss=1.9965, sps=43.5]
BC[stage1_datasets_L40_stepsweep/bc_baseline_none_steps20000_tr0]:  30%|██▉       | 5910/20000 [02:15<05:27, 43.03it/s, acc=0.304, device=mps, eta=5m26s, loss=1.9965, sps=43.5]
BC[stage1_datasets_L40_stepsweep/bc_baseline_none_steps20000_tr0]:  30%|██▉       | 5917/20000 [02:15<04:52, 48.19it/s, acc=0.304, device=mps, eta=5m26s, loss=1.9965, sps=43.5]
BC[stage1_datasets_L40_stepsweep/bc_baseline_none_steps20000_tr0]:  30%|██▉       | 5923/20000 [02:16<05:38, 41.53it/s, acc=0.304, device=mps, eta=5m26s, loss=1.9965, sps=43.5]
BC[stage1_datasets_L40_stepsweep/bc_baseline_none_steps20000_tr0]:  30%|██▉       | 5929/20000 [02:16<05:11, 45.13it/s, acc=0.304, device=mps, eta=5m26s, loss=1.9965, sps=43.5]
BC[stage1_datasets_L40_stepsweep/bc_baseline_none_steps20000_tr0]:  30%|██▉       | 5935/20000 [02:16<04:55, 47.58it/s, acc=0.304, device=mps, eta=5m26s, loss=1.9965, sps=43.5]
BC[stage1_datasets_L40_stepsweep/bc_baseline_none_steps20000_tr0]:  30%|██▉       | 5941/20000 [02:16<05:55, 39.53it/s, acc=0.304, device=mps, eta=5m26s, loss=1.9965, sps=43.5]
BC[stage1_datasets_L40_stepsweep/bc_baseline_none_steps20000_tr0]:  30%|██▉       | 5946/20000 [02:16<05:39, 41.41it/s, acc=0.304, device=mps, eta=5m26s, loss=1.9965, sps=43.5]
BC[stage1_datasets_L40_stepsweep/bc_baseline_none_steps20000_tr0]:  30%|██▉       | 5953/20000 [02:16<05:02, 46.47it/s, acc=0.304, device=mps, eta=5m26s, loss=1.9965, sps=43.5]
BC[stage1_datasets_L40_stepsweep/bc_baseline_none_steps20000_tr0]:  30%|██▉       | 5960/20000 [02:16<04:33, 51.26it/s, acc=0.304, device=mps, eta=5m26s, loss=1.9965, sps=43.5]
BC[stage1_datasets_L40_stepsweep/bc_baseline_none_steps20000_tr0]:  30%|██▉       | 5966/20000 [02:17<05:47, 40.43it/s, acc=0.304, device=mps, eta=5m26s, loss=1.9965, sps=43.5]
BC[stage1_datasets_L40_stepsweep/bc_baseline_none_steps20000_tr0]:  30%|██▉       | 5972/20000 [02:17<05:18, 44.07it/s, acc=0.304, device=mps, eta=5m26s, loss=1.9965, sps=43.5]
BC[stage1_datasets_L40_stepsweep/bc_baseline_none_steps20000_tr0]:  30%|██▉       | 5978/20000 [02:17<04:56, 47.32it/s, acc=0.304, device=mps, eta=5m26s, loss=1.9965, sps=43.5]
BC[stage1_datasets_L40_stepsweep/bc_baseline_none_steps20000_tr0]:  30%|██▉       | 5984/20000 [02:17<05:56, 39.31it/s, acc=0.304, device=mps, eta=5m26s, loss=1.9965, sps=43.5]
BC[stage1_datasets_L40_stepsweep/bc_baseline_none_steps20000_tr0]:  30%|██▉       | 5989/20000 [02:17<05:40, 41.19it/s, acc=0.304, device=mps, eta=5m26s, loss=1.9965, sps=43.5]
BC[stage1_datasets_L40_stepsweep/bc_baseline_none_steps20000_tr0]:  30%|██▉       | 5995/20000 [02:17<05:17, 44.10it/s, acc=0.304, device=mps, eta=5m26s, loss=1.9965, sps=43.5]
BC[stage1_datasets_L40_stepsweep/bc_baseline_none_steps20000_tr0]:  30%|██▉       | 5995/20000 [02:17<05:17, 44.10it/s, acc=0.307, device=mps, eta=5m22s, loss=1.9925, sps=43.5]
BC[stage1_datasets_L40_stepsweep/bc_baseline_none_steps20000_tr0]:  30%|███       | 6001/20000 [02:17<06:04, 38.37it/s, acc=0.307, device=mps, eta=5m22s, loss=1.9925, sps=43.5]
BC[stage1_datasets_L40_stepsweep/bc_baseline_none_steps20000_tr0]:  30%|███       | 6007/20000 [02:18<05:34, 41.86it/s, acc=0.307, device=mps, eta=5m22s, loss=1.9925, sps=43.5]
BC[stage1_datasets_L40_stepsweep/bc_baseline_none_steps20000_tr0]:  30%|███       | 6013/20000 [02:18<05:12, 44.74it/s, acc=0.307, device=mps, eta=5m22s, loss=1.9925, sps=43.5]
BC[stage1_datasets_L40_stepsweep/bc_baseline_none_steps20000_tr0]:  30%|███       | 6019/20000 [02:18<04:54, 47.45it/s, acc=0.307, device=mps, eta=5m22s, loss=1.9925, sps=43.5]
BC[stage1_datasets_L40_stepsweep/bc_baseline_none_steps20000_tr0]:  30%|███       | 6024/20000 [02:18<06:03, 38.43it/s, acc=0.307, device=mps, eta=5m22s, loss=1.9925, sps=43.5]
BC[stage1_datasets_L40_stepsweep/bc_baseline_none_steps20000_tr0]:  30%|███       | 6029/20000 [02:18<05:46, 40.34it/s, acc=0.307, device=mps, eta=5m22s, loss=1.9925, sps=43.5]
BC[stage1_datasets_L40_stepsweep/bc_baseline_none_steps20000_tr0]:  30%|███       | 6035/20000 [02:18<05:19, 43.73it/s, acc=0.307, device=mps, eta=5m22s, loss=1.9925, sps=43.5]
BC[stage1_datasets_L40_stepsweep/bc_baseline_none_steps20000_tr0]:  30%|███       | 6041/20000 [02:18<06:08, 37.85it/s, acc=0.307, device=mps, eta=5m22s, loss=1.9925, sps=43.5]
BC[stage1_datasets_L40_stepsweep/bc_baseline_none_steps20000_tr0]:  30%|███       | 6049/20000 [02:19<05:03, 45.90it/s, acc=0.307, device=mps, eta=5m22s, loss=1.9925, sps=43.5]
BC[stage1_datasets_L40_stepsweep/bc_baseline_none_steps20000_tr0]:  30%|███       | 6057/20000 [02:19<04:26, 52.32it/s, acc=0.307, device=mps, eta=5m22s, loss=1.9925, sps=43.5]
BC[stage1_datasets_L40_stepsweep/bc_baseline_none_steps20000_tr0]:  30%|███       | 6063/20000 [02:19<05:21, 43.38it/s, acc=0.307, device=mps, eta=5m22s, loss=1.9925, sps=43.5]
BC[stage1_datasets_L40_stepsweep/bc_baseline_none_steps20000_tr0]:  30%|███       | 6069/20000 [02:19<05:01, 46.18it/s, acc=0.307, device=mps, eta=5m22s, loss=1.9925, sps=43.5]
BC[stage1_datasets_L40_stepsweep/bc_baseline_none_steps20000_tr0]:  30%|███       | 6075/20000 [02:19<04:45, 48.77it/s, acc=0.307, device=mps, eta=5m22s, loss=1.9925, sps=43.5]
BC[stage1_datasets_L40_stepsweep/bc_baseline_none_steps20000_tr0]:  30%|███       | 6081/20000 [02:19<05:36, 41.35it/s, acc=0.307, device=mps, eta=5m22s, loss=1.9925, sps=43.5]
BC[stage1_datasets_L40_stepsweep/bc_baseline_none_steps20000_tr0]:  30%|███       | 6087/20000 [02:19<05:08, 45.15it/s, acc=0.307, device=mps, eta=5m22s, loss=1.9925, sps=43.5]
BC[stage1_datasets_L40_stepsweep/bc_baseline_none_steps20000_tr0]:  30%|███       | 6093/20000 [02:19<04:46, 48.53it/s, acc=0.307, device=mps, eta=5m22s, loss=1.9925, sps=43.5]
BC[stage1_datasets_L40_stepsweep/bc_baseline_none_steps20000_tr0]:  30%|███       | 6100/20000 [02:20<04:20, 53.27it/s, acc=0.307, device=mps, eta=5m22s, loss=1.9925, sps=43.5]
BC[stage1_datasets_L40_stepsweep/bc_baseline_none_steps20000_tr0]:  31%|███       | 6106/20000 [02:20<05:30, 42.10it/s, acc=0.307, device=mps, eta=5m22s, loss=1.9925, sps=43.5]
BC[stage1_datasets_L40_stepsweep/bc_baseline_none_steps20000_tr0]:  31%|███       | 6112/20000 [02:20<05:07, 45.12it/s, acc=0.307, device=mps, eta=5m22s, loss=1.9925, sps=43.5]
BC[stage1_datasets_L40_stepsweep/bc_baseline_none_steps20000_tr0]:  31%|███       | 6118/20000 [02:20<04:46, 48.52it/s, acc=0.307, device=mps, eta=5m22s, loss=1.9925, sps=43.5]
BC[stage1_datasets_L40_stepsweep/bc_baseline_none_steps20000_tr0]:  31%|███       | 6124/20000 [02:20<05:47, 39.92it/s, acc=0.307, device=mps, eta=5m22s, loss=1.9925, sps=43.5]
BC[stage1_datasets_L40_stepsweep/bc_baseline_none_steps20000_tr0]:  31%|███       | 6129/20000 [02:20<05:31, 41.84it/s, acc=0.307, device=mps, eta=5m22s, loss=1.9925, sps=43.5]
BC[stage1_datasets_L40_stepsweep/bc_baseline_none_steps20000_tr0]:  31%|███       | 6135/20000 [02:20<05:07, 45.04it/s, acc=0.307, device=mps, eta=5m22s, loss=1.9925, sps=43.5]
BC[stage1_datasets_L40_stepsweep/bc_baseline_none_steps20000_tr0]:  31%|███       | 6141/20000 [02:21<05:59, 38.52it/s, acc=0.307, device=mps, eta=5m22s, loss=1.9925, sps=43.5]
BC[stage1_datasets_L40_stepsweep/bc_baseline_none_steps20000_tr0]:  31%|███       | 6147/20000 [02:21<05:25, 42.59it/s, acc=0.307, device=mps, eta=5m22s, loss=1.9925, sps=43.5]
BC[stage1_datasets_L40_stepsweep/bc_baseline_none_steps20000_tr0]:  31%|███       | 6153/20000 [02:21<05:02, 45.84it/s, acc=0.307, device=mps, eta=5m22s, loss=1.9925, sps=43.5]
BC[stage1_datasets_L40_stepsweep/bc_baseline_none_steps20000_tr0]:  31%|███       | 6159/20000 [02:21<04:41, 49.24it/s, acc=0.307, device=mps, eta=5m22s, loss=1.9925, sps=43.5]
BC[stage1_datasets_L40_stepsweep/bc_baseline_none_steps20000_tr0]:  31%|███       | 6165/20000 [02:21<05:51, 39.37it/s, acc=0.307, device=mps, eta=5m22s, loss=1.9925, sps=43.5]
BC[stage1_datasets_L40_stepsweep/bc_baseline_none_steps20000_tr0]:  31%|███       | 6171/20000 [02:21<05:25, 42.42it/s, acc=0.307, device=mps, eta=5m22s, loss=1.9925, sps=43.5]
BC[stage1_datasets_L40_stepsweep/bc_baseline_none_steps20000_tr0]:  31%|███       | 6177/20000 [02:21<05:03, 45.54it/s, acc=0.307, device=mps, eta=5m22s, loss=1.9925, sps=43.5]
BC[stage1_datasets_L40_stepsweep/bc_baseline_none_steps20000_tr0]:  31%|███       | 6182/20000 [02:22<06:28, 35.56it/s, acc=0.307, device=mps, eta=5m22s, loss=1.9925, sps=43.5]
BC[stage1_datasets_L40_stepsweep/bc_baseline_none_steps20000_tr0]:  31%|███       | 6187/20000 [02:22<06:14, 36.90it/s, acc=0.307, device=mps, eta=5m22s, loss=1.9925, sps=43.5]
BC[stage1_datasets_L40_stepsweep/bc_baseline_none_steps20000_tr0]:  31%|███       | 6192/20000 [02:22<06:07, 37.57it/s, acc=0.307, device=mps, eta=5m22s, loss=1.9925, sps=43.5]
BC[stage1_datasets_L40_stepsweep/bc_baseline_none_steps20000_tr0]:  31%|███       | 6198/20000 [02:22<05:34, 41.26it/s, acc=0.307, device=mps, eta=5m22s, loss=1.9925, sps=43.5]
BC[stage1_datasets_L40_stepsweep/bc_baseline_none_steps20000_tr0]:  31%|███       | 6198/20000 [02:22<05:34, 41.26it/s, acc=0.306, device=mps, eta=5m17s, loss=1.9970, sps=43.5]
BC[stage1_datasets_L40_stepsweep/bc_baseline_none_steps20000_tr0]:  31%|███       | 6203/20000 [02:22<06:34, 34.96it/s, acc=0.306, device=mps, eta=5m17s, loss=1.9970, sps=43.5]
BC[stage1_datasets_L40_stepsweep/bc_baseline_none_steps20000_tr0]:  31%|███       | 6209/20000 [02:22<05:42, 40.29it/s, acc=0.306, device=mps, eta=5m17s, loss=1.9970, sps=43.5]
BC[stage1_datasets_L40_stepsweep/bc_baseline_none_steps20000_tr0]:  31%|███       | 6216/20000 [02:22<04:52, 47.14it/s, acc=0.306, device=mps, eta=5m17s, loss=1.9970, sps=43.5]
BC[stage1_datasets_L40_stepsweep/bc_baseline_none_steps20000_tr0]:  31%|███       | 6222/20000 [02:23<05:31, 41.52it/s, acc=0.306, device=mps, eta=5m17s, loss=1.9970, sps=43.5]
BC[stage1_datasets_L40_stepsweep/bc_baseline_none_steps20000_tr0]:  31%|███       | 6229/20000 [02:23<04:55, 46.62it/s, acc=0.306, device=mps, eta=5m17s, loss=1.9970, sps=43.5]
BC[stage1_datasets_L40_stepsweep/bc_baseline_none_steps20000_tr0]:  31%|███       | 6236/20000 [02:23<04:27, 51.48it/s, acc=0.306, device=mps, eta=5m17s, loss=1.9970, sps=43.5]
BC[stage1_datasets_L40_stepsweep/bc_baseline_none_steps20000_tr0]:  31%|███       | 6242/20000 [02:23<05:20, 42.91it/s, acc=0.306, device=mps, eta=5m17s, loss=1.9970, sps=43.5]
BC[stage1_datasets_L40_stepsweep/bc_baseline_none_steps20000_tr0]:  31%|███       | 6248/20000 [02:23<05:01, 45.66it/s, acc=0.306, device=mps, eta=5m17s, loss=1.9970, sps=43.5]
BC[stage1_datasets_L40_stepsweep/bc_baseline_none_steps20000_tr0]:  31%|███▏      | 6254/20000 [02:23<04:47, 47.86it/s, acc=0.306, device=mps, eta=5m17s, loss=1.9970, sps=43.5]
BC[stage1_datasets_L40_stepsweep/bc_baseline_none_steps20000_tr0]:  31%|███▏      | 6261/20000 [02:23<05:36, 40.85it/s, acc=0.306, device=mps, eta=5m17s, loss=1.9970, sps=43.5]
BC[stage1_datasets_L40_stepsweep/bc_baseline_none_steps20000_tr0]:  31%|███▏      | 6267/20000 [02:24<05:16, 43.40it/s, acc=0.306, device=mps, eta=5m17s, loss=1.9970, sps=43.5]
BC[stage1_datasets_L40_stepsweep/bc_baseline_none_steps20000_tr0]:  31%|███▏      | 6273/20000 [02:24<04:57, 46.08it/s, acc=0.306, device=mps, eta=5m17s, loss=1.9970, sps=43.5]
BC[stage1_datasets_L40_stepsweep/bc_baseline_none_steps20000_tr0]:  31%|███▏      | 6279/20000 [02:24<04:39, 49.08it/s, acc=0.306, device=mps, eta=5m17s, loss=1.9970, sps=43.5]
BC[stage1_datasets_L40_stepsweep/bc_baseline_none_steps20000_tr0]:  31%|███▏      | 6285/20000 [02:24<05:41, 40.19it/s, acc=0.306, device=mps, eta=5m17s, loss=1.9970, sps=43.5]
BC[stage1_datasets_L40_stepsweep/bc_baseline_none_steps20000_tr0]:  31%|███▏      | 6291/20000 [02:24<05:10, 44.14it/s, acc=0.306, device=mps, eta=5m17s, loss=1.9970, sps=43.5]
BC[stage1_datasets_L40_stepsweep/bc_baseline_none_steps20000_tr0]:  31%|███▏      | 6297/20000 [02:24<04:47, 47.68it/s, acc=0.306, device=mps, eta=5m17s, loss=1.9970, sps=43.5]
BC[stage1_datasets_L40_stepsweep/bc_baseline_none_steps20000_tr0]:  32%|███▏      | 6303/20000 [02:24<05:44, 39.78it/s, acc=0.306, device=mps, eta=5m17s, loss=1.9970, sps=43.5]
BC[stage1_datasets_L40_stepsweep/bc_baseline_none_steps20000_tr0]:  32%|███▏      | 6309/20000 [02:24<05:18, 42.95it/s, acc=0.306, device=mps, eta=5m17s, loss=1.9970, sps=43.5]
BC[stage1_datasets_L40_stepsweep/bc_baseline_none_steps20000_tr0]:  32%|███▏      | 6315/20000 [02:25<04:53, 46.70it/s, acc=0.306, device=mps, eta=5m17s, loss=1.9970, sps=43.5]
BC[stage1_datasets_L40_stepsweep/bc_baseline_none_steps20000_tr0]:  32%|███▏      | 6321/20000 [02:25<05:45, 39.55it/s, acc=0.306, device=mps, eta=5m17s, loss=1.9970, sps=43.5]
BC[stage1_datasets_L40_stepsweep/bc_baseline_none_steps20000_tr0]:  32%|███▏      | 6327/20000 [02:25<05:15, 43.32it/s, acc=0.306, device=mps, eta=5m17s, loss=1.9970, sps=43.5]
BC[stage1_datasets_L40_stepsweep/bc_baseline_none_steps20000_tr0]:  32%|███▏      | 6334/20000 [02:25<04:41, 48.53it/s, acc=0.306, device=mps, eta=5m17s, loss=1.9970, sps=43.5]
BC[stage1_datasets_L40_stepsweep/bc_baseline_none_steps20000_tr0]:  32%|███▏      | 6341/20000 [02:25<05:23, 42.26it/s, acc=0.306, device=mps, eta=5m17s, loss=1.9970, sps=43.5]
BC[stage1_datasets_L40_stepsweep/bc_baseline_none_steps20000_tr0]:  32%|███▏      | 6348/20000 [02:25<04:52, 46.74it/s, acc=0.306, device=mps, eta=5m17s, loss=1.9970, sps=43.5]
BC[stage1_datasets_L40_stepsweep/bc_baseline_none_steps20000_tr0]:  32%|███▏      | 6355/20000 [02:25<04:27, 50.97it/s, acc=0.306, device=mps, eta=5m17s, loss=1.9970, sps=43.5]
BC[stage1_datasets_L40_stepsweep/bc_baseline_none_steps20000_tr0]:  32%|███▏      | 6361/20000 [02:26<05:16, 43.10it/s, acc=0.306, device=mps, eta=5m17s, loss=1.9970, sps=43.5]
BC[stage1_datasets_L40_stepsweep/bc_baseline_none_steps20000_tr0]:  32%|███▏      | 6367/20000 [02:26<05:03, 44.94it/s, acc=0.306, device=mps, eta=5m17s, loss=1.9970, sps=43.5]
BC[stage1_datasets_L40_stepsweep/bc_baseline_none_steps20000_tr0]:  32%|███▏      | 6373/20000 [02:26<04:49, 47.13it/s, acc=0.306, device=mps, eta=5m17s, loss=1.9970, sps=43.5]
BC[stage1_datasets_L40_stepsweep/bc_baseline_none_steps20000_tr0]:  32%|███▏      | 6379/20000 [02:26<04:38, 48.86it/s, acc=0.306, device=mps, eta=5m17s, loss=1.9970, sps=43.5]
BC[stage1_datasets_L40_stepsweep/bc_baseline_none_steps20000_tr0]:  32%|███▏      | 6385/20000 [02:26<05:50, 38.81it/s, acc=0.306, device=mps, eta=5m17s, loss=1.9970, sps=43.5]
BC[stage1_datasets_L40_stepsweep/bc_baseline_none_steps20000_tr0]:  32%|███▏      | 6391/20000 [02:26<05:24, 41.99it/s, acc=0.306, device=mps, eta=5m17s, loss=1.9970, sps=43.5]
BC[stage1_datasets_L40_stepsweep/bc_baseline_none_steps20000_tr0]:  32%|███▏      | 6397/20000 [02:26<04:59, 45.41it/s, acc=0.306, device=mps, eta=5m17s, loss=1.9970, sps=43.5]
BC[stage1_datasets_L40_stepsweep/bc_baseline_none_steps20000_tr0]:  32%|███▏      | 6397/20000 [02:26<04:59, 45.41it/s, acc=0.305, device=mps, eta=5m12s, loss=1.9911, sps=43.5]
BC[stage1_datasets_L40_stepsweep/bc_baseline_none_steps20000_tr0]:  32%|███▏      | 6402/20000 [02:27<05:58, 37.90it/s, acc=0.305, device=mps, eta=5m12s, loss=1.9911, sps=43.5]
BC[stage1_datasets_L40_stepsweep/bc_baseline_none_steps20000_tr0]:  32%|███▏      | 6408/20000 [02:27<05:27, 41.48it/s, acc=0.305, device=mps, eta=5m12s, loss=1.9911, sps=43.5]
BC[stage1_datasets_L40_stepsweep/bc_baseline_none_steps20000_tr0]:  32%|███▏      | 6414/20000 [02:27<05:09, 43.95it/s, acc=0.305, device=mps, eta=5m12s, loss=1.9911, sps=43.5]
BC[stage1_datasets_L40_stepsweep/bc_baseline_none_steps20000_tr0]:  32%|███▏      | 6420/20000 [02:27<04:46, 47.32it/s, acc=0.305, device=mps, eta=5m12s, loss=1.9911, sps=43.5]
BC[stage1_datasets_L40_stepsweep/bc_baseline_none_steps20000_tr0]:  32%|███▏      | 6426/20000 [02:27<05:57, 37.96it/s, acc=0.305, device=mps, eta=5m12s, loss=1.9911, sps=43.5]
BC[stage1_datasets_L40_stepsweep/bc_baseline_none_steps20000_tr0]:  32%|███▏      | 6432/20000 [02:27<05:22, 42.01it/s, acc=0.305, device=mps, eta=5m12s, loss=1.9911, sps=43.5]
BC[stage1_datasets_L40_stepsweep/bc_baseline_none_steps20000_tr0]:  32%|███▏      | 6438/20000 [02:27<04:55, 45.95it/s, acc=0.305, device=mps, eta=5m12s, loss=1.9911, sps=43.5]
BC[stage1_datasets_L40_stepsweep/bc_baseline_none_steps20000_tr0]:  32%|███▏      | 6444/20000 [02:28<05:52, 38.45it/s, acc=0.305, device=mps, eta=5m12s, loss=1.9911, sps=43.5]
BC[stage1_datasets_L40_stepsweep/bc_baseline_none_steps20000_tr0]:  32%|███▏      | 6450/20000 [02:28<05:22, 41.99it/s, acc=0.305, device=mps, eta=5m12s, loss=1.9911, sps=43.5]
BC[stage1_datasets_L40_stepsweep/bc_baseline_none_steps20000_tr0]:  32%|███▏      | 6456/20000 [02:28<04:55, 45.91it/s, acc=0.305, device=mps, eta=5m12s, loss=1.9911, sps=43.5]
BC[stage1_datasets_L40_stepsweep/bc_baseline_none_steps20000_tr0]:  32%|███▏      | 6462/20000 [02:28<05:52, 38.43it/s, acc=0.305, device=mps, eta=5m12s, loss=1.9911, sps=43.5]
BC[stage1_datasets_L40_stepsweep/bc_baseline_none_steps20000_tr0]:  32%|███▏      | 6468/20000 [02:28<05:15, 42.86it/s, acc=0.305, device=mps, eta=5m12s, loss=1.9911, sps=43.5]
BC[stage1_datasets_L40_stepsweep/bc_baseline_none_steps20000_tr0]:  32%|███▏      | 6474/20000 [02:28<04:53, 46.04it/s, acc=0.305, device=mps, eta=5m12s, loss=1.9911, sps=43.5]
BC[stage1_datasets_L40_stepsweep/bc_baseline_none_steps20000_tr0]:  32%|███▏      | 6480/20000 [02:28<04:33, 49.42it/s, acc=0.305, device=mps, eta=5m12s, loss=1.9911, sps=43.5]
BC[stage1_datasets_L40_stepsweep/bc_baseline_none_steps20000_tr0]:  32%|███▏      | 6486/20000 [02:29<05:53, 38.27it/s, acc=0.305, device=mps, eta=5m12s, loss=1.9911, sps=43.5]
BC[stage1_datasets_L40_stepsweep/bc_baseline_none_steps20000_tr0]:  32%|███▏      | 6491/20000 [02:29<05:31, 40.78it/s, acc=0.305, device=mps, eta=5m12s, loss=1.9911, sps=43.5]
BC[stage1_datasets_L40_stepsweep/bc_baseline_none_steps20000_tr0]:  32%|███▏      | 6497/20000 [02:29<05:05, 44.24it/s, acc=0.305, device=mps, eta=5m12s, loss=1.9911, sps=43.5]
BC[stage1_datasets_L40_stepsweep/bc_baseline_none_steps20000_tr0]:  33%|███▎      | 6502/20000 [02:29<06:04, 36.99it/s, acc=0.305, device=mps, eta=5m12s, loss=1.9911, sps=43.5]
BC[stage1_datasets_L40_stepsweep/bc_baseline_none_steps20000_tr0]:  33%|███▎      | 6508/20000 [02:29<05:29, 40.92it/s, acc=0.305, device=mps, eta=5m12s, loss=1.9911, sps=43.5]
BC[stage1_datasets_L40_stepsweep/bc_baseline_none_steps20000_tr0]:  33%|███▎      | 6514/20000 [02:29<04:57, 45.39it/s, acc=0.305, device=mps, eta=5m12s, loss=1.9911, sps=43.5]
BC[stage1_datasets_L40_stepsweep/bc_baseline_none_steps20000_tr0]:  33%|███▎      | 6521/20000 [02:29<05:40, 39.63it/s, acc=0.305, device=mps, eta=5m12s, loss=1.9911, sps=43.5]
BC[stage1_datasets_L40_stepsweep/bc_baseline_none_steps20000_tr0]:  33%|███▎      | 6527/20000 [02:30<05:13, 42.97it/s, acc=0.305, device=mps, eta=5m12s, loss=1.9911, sps=43.5]
BC[stage1_datasets_L40_stepsweep/bc_baseline_none_steps20000_tr0]:  33%|███▎      | 6533/20000 [02:30<04:47, 46.82it/s, acc=0.305, device=mps, eta=5m12s, loss=1.9911, sps=43.5]
BC[stage1_datasets_L40_stepsweep/bc_baseline_none_steps20000_tr0]:  33%|███▎      | 6540/20000 [02:30<04:23, 51.17it/s, acc=0.305, device=mps, eta=5m12s, loss=1.9911, sps=43.5]
BC[stage1_datasets_L40_stepsweep/bc_baseline_none_steps20000_tr0]:  33%|███▎      | 6546/20000 [02:30<05:35, 40.07it/s, acc=0.305, device=mps, eta=5m12s, loss=1.9911, sps=43.5]
BC[stage1_datasets_L40_stepsweep/bc_baseline_none_steps20000_tr0]:  33%|███▎      | 6552/20000 [02:30<05:11, 43.11it/s, acc=0.305, device=mps, eta=5m12s, loss=1.9911, sps=43.5]
BC[stage1_datasets_L40_stepsweep/bc_baseline_none_steps20000_tr0]:  33%|███▎      | 6558/20000 [02:30<04:53, 45.74it/s, acc=0.305, device=mps, eta=5m12s, loss=1.9911, sps=43.5]
BC[stage1_datasets_L40_stepsweep/bc_baseline_none_steps20000_tr0]:  33%|███▎      | 6563/20000 [02:30<05:46, 38.83it/s, acc=0.305, device=mps, eta=5m12s, loss=1.9911, sps=43.5]
BC[stage1_datasets_L40_stepsweep/bc_baseline_none_steps20000_tr0]:  33%|███▎      | 6569/20000 [02:31<05:12, 43.00it/s, acc=0.305, device=mps, eta=5m12s, loss=1.9911, sps=43.5]
BC[stage1_datasets_L40_stepsweep/bc_baseline_none_steps20000_tr0]:  33%|███▎      | 6575/20000 [02:31<04:52, 45.88it/s, acc=0.305, device=mps, eta=5m12s, loss=1.9911, sps=43.5]
BC[stage1_datasets_L40_stepsweep/bc_baseline_none_steps20000_tr0]:  33%|███▎      | 6581/20000 [02:31<05:49, 38.40it/s, acc=0.305, device=mps, eta=5m12s, loss=1.9911, sps=43.5]
BC[stage1_datasets_L40_stepsweep/bc_baseline_none_steps20000_tr0]:  33%|███▎      | 6586/20000 [02:31<05:27, 40.92it/s, acc=0.305, device=mps, eta=5m12s, loss=1.9911, sps=43.5]
BC[stage1_datasets_L40_stepsweep/bc_baseline_none_steps20000_tr0]:  33%|███▎      | 6591/20000 [02:31<05:15, 42.46it/s, acc=0.305, device=mps, eta=5m12s, loss=1.9911, sps=43.5]
BC[stage1_datasets_L40_stepsweep/bc_baseline_none_steps20000_tr0]:  33%|███▎      | 6597/20000 [02:31<04:51, 46.01it/s, acc=0.305, device=mps, eta=5m12s, loss=1.9911, sps=43.5]
BC[stage1_datasets_L40_stepsweep/bc_baseline_none_steps20000_tr0]:  33%|███▎      | 6597/20000 [02:31<04:51, 46.01it/s, acc=0.306, device=mps, eta=5m08s, loss=1.9955, sps=43.5]
BC[stage1_datasets_L40_stepsweep/bc_baseline_none_steps20000_tr0]:  33%|███▎      | 6602/20000 [02:31<05:58, 37.37it/s, acc=0.306, device=mps, eta=5m08s, loss=1.9955, sps=43.5]
BC[stage1_datasets_L40_stepsweep/bc_baseline_none_steps20000_tr0]:  33%|███▎      | 6608/20000 [02:31<05:18, 42.04it/s, acc=0.306, device=mps, eta=5m08s, loss=1.9955, sps=43.5]
BC[stage1_datasets_L40_stepsweep/bc_baseline_none_steps20000_tr0]:  33%|███▎      | 6615/20000 [02:32<04:45, 46.94it/s, acc=0.306, device=mps, eta=5m08s, loss=1.9955, sps=43.5]
BC[stage1_datasets_L40_stepsweep/bc_baseline_none_steps20000_tr0]:  33%|███▎      | 6621/20000 [02:32<05:35, 39.93it/s, acc=0.306, device=mps, eta=5m08s, loss=1.9955, sps=43.5]
BC[stage1_datasets_L40_stepsweep/bc_baseline_none_steps20000_tr0]:  33%|███▎      | 6627/20000 [02:32<05:09, 43.25it/s, acc=0.306, device=mps, eta=5m08s, loss=1.9955, sps=43.5]
BC[stage1_datasets_L40_stepsweep/bc_baseline_none_steps20000_tr0]:  33%|███▎      | 6633/20000 [02:32<04:46, 46.62it/s, acc=0.306, device=mps, eta=5m08s, loss=1.9955, sps=43.5]
BC[stage1_datasets_L40_stepsweep/bc_baseline_none_steps20000_tr0]:  33%|███▎      | 6640/20000 [02:32<04:18, 51.73it/s, acc=0.306, device=mps, eta=5m08s, loss=1.9955, sps=43.5]
BC[stage1_datasets_L40_stepsweep/bc_baseline_none_steps20000_tr0]:  33%|███▎      | 6646/20000 [02:32<05:17, 42.11it/s, acc=0.306, device=mps, eta=5m08s, loss=1.9955, sps=43.5]
BC[stage1_datasets_L40_stepsweep/bc_baseline_none_steps20000_tr0]:  33%|███▎      | 6653/20000 [02:32<04:45, 46.76it/s, acc=0.306, device=mps, eta=5m08s, loss=1.9955, sps=43.5]
BC[stage1_datasets_L40_stepsweep/bc_baseline_none_steps20000_tr0]:  33%|███▎      | 6660/20000 [02:33<04:18, 51.59it/s, acc=0.306, device=mps, eta=5m08s, loss=1.9955, sps=43.5]
BC[stage1_datasets_L40_stepsweep/bc_baseline_none_steps20000_tr0]:  33%|███▎      | 6666/20000 [02:33<05:18, 41.86it/s, acc=0.306, device=mps, eta=5m08s, loss=1.9955, sps=43.5]
BC[stage1_datasets_L40_stepsweep/bc_baseline_none_steps20000_tr0]:  33%|███▎      | 6672/20000 [02:33<04:51, 45.65it/s, acc=0.306, device=mps, eta=5m08s, loss=1.9955, sps=43.5]
BC[stage1_datasets_L40_stepsweep/bc_baseline_none_steps20000_tr0]:  33%|███▎      | 6678/20000 [02:33<04:35, 48.41it/s, acc=0.306, device=mps, eta=5m08s, loss=1.9955, sps=43.5]
BC[stage1_datasets_L40_stepsweep/bc_baseline_none_steps20000_tr0]:  33%|███▎      | 6684/20000 [02:33<05:32, 40.00it/s, acc=0.306, device=mps, eta=5m08s, loss=1.9955, sps=43.5]
BC[stage1_datasets_L40_stepsweep/bc_baseline_none_steps20000_tr0]:  33%|███▎      | 6690/20000 [02:33<05:07, 43.21it/s, acc=0.306, device=mps, eta=5m08s, loss=1.9955, sps=43.5]
BC[stage1_datasets_L40_stepsweep/bc_baseline_none_steps20000_tr0]:  33%|███▎      | 6696/20000 [02:33<04:54, 45.18it/s, acc=0.306, device=mps, eta=5m08s, loss=1.9955, sps=43.5]
BC[stage1_datasets_L40_stepsweep/bc_baseline_none_steps20000_tr0]:  34%|███▎      | 6701/20000 [02:34<05:49, 38.04it/s, acc=0.306, device=mps, eta=5m08s, loss=1.9955, sps=43.5]
BC[stage1_datasets_L40_stepsweep/bc_baseline_none_steps20000_tr0]:  34%|███▎      | 6707/20000 [02:34<05:17, 41.91it/s, acc=0.306, device=mps, eta=5m08s, loss=1.9955, sps=43.5]
BC[stage1_datasets_L40_stepsweep/bc_baseline_none_steps20000_tr0]:  34%|███▎      | 6713/20000 [02:34<04:50, 45.74it/s, acc=0.306, device=mps, eta=5m08s, loss=1.9955, sps=43.5]
BC[stage1_datasets_L40_stepsweep/bc_baseline_none_steps20000_tr0]:  34%|███▎      | 6719/20000 [02:34<04:34, 48.34it/s, acc=0.306, device=mps, eta=5m08s, loss=1.9955, sps=43.5]
BC[stage1_datasets_L40_stepsweep/bc_baseline_none_steps20000_tr0]:  34%|███▎      | 6725/20000 [02:34<05:31, 40.01it/s, acc=0.306, device=mps, eta=5m08s, loss=1.9955, sps=43.5]
BC[stage1_datasets_L40_stepsweep/bc_baseline_none_steps20000_tr0]:  34%|███▎      | 6731/20000 [02:34<05:09, 42.82it/s, acc=0.306, device=mps, eta=5m08s, loss=1.9955, sps=43.5]
BC[stage1_datasets_L40_stepsweep/bc_baseline_none_steps20000_tr0]:  34%|███▎      | 6737/20000 [02:34<04:50, 45.63it/s, acc=0.306, device=mps, eta=5m08s, loss=1.9955, sps=43.5]
BC[stage1_datasets_L40_stepsweep/bc_baseline_none_steps20000_tr0]:  34%|███▎      | 6742/20000 [02:35<05:59, 36.90it/s, acc=0.306, device=mps, eta=5m08s, loss=1.9955, sps=43.5]
BC[stage1_datasets_L40_stepsweep/bc_baseline_none_steps20000_tr0]:  34%|███▎      | 6748/20000 [02:35<05:19, 41.43it/s, acc=0.306, device=mps, eta=5m08s, loss=1.9955, sps=43.5]
BC[stage1_datasets_L40_stepsweep/bc_baseline_none_steps20000_tr0]:  34%|███▍      | 6755/20000 [02:35<04:37, 47.81it/s, acc=0.306, device=mps, eta=5m08s, loss=1.9955, sps=43.5]
BC[stage1_datasets_L40_stepsweep/bc_baseline_none_steps20000_tr0]:  34%|███▍      | 6761/20000 [02:35<05:13, 42.17it/s, acc=0.306, device=mps, eta=5m08s, loss=1.9955, sps=43.5]
BC[stage1_datasets_L40_stepsweep/bc_baseline_none_steps20000_tr0]:  34%|███▍      | 6768/20000 [02:35<04:38, 47.52it/s, acc=0.306, device=mps, eta=5m08s, loss=1.9955, sps=43.5]
BC[stage1_datasets_L40_stepsweep/bc_baseline_none_steps20000_tr0]:  34%|███▍      | 6775/20000 [02:35<04:16, 51.63it/s, acc=0.306, device=mps, eta=5m08s, loss=1.9955, sps=43.5]
BC[stage1_datasets_L40_stepsweep/bc_baseline_none_steps20000_tr0]:  34%|███▍      | 6781/20000 [02:35<05:10, 42.57it/s, acc=0.306, device=mps, eta=5m08s, loss=1.9955, sps=43.5]
BC[stage1_datasets_L40_stepsweep/bc_baseline_none_steps20000_tr0]:  34%|███▍      | 6786/20000 [02:35<04:59, 44.05it/s, acc=0.306, device=mps, eta=5m08s, loss=1.9955, sps=43.5]
BC[stage1_datasets_L40_stepsweep/bc_baseline_none_steps20000_tr0]:  34%|███▍      | 6791/20000 [02:36<04:51, 45.34it/s, acc=0.306, device=mps, eta=5m08s, loss=1.9955, sps=43.5]
BC[stage1_datasets_L40_stepsweep/bc_baseline_none_steps20000_tr0]:  34%|███▍      | 6797/20000 [02:36<04:31, 48.64it/s, acc=0.306, device=mps, eta=5m08s, loss=1.9955, sps=43.5]
BC[stage1_datasets_L40_stepsweep/bc_baseline_none_steps20000_tr0]:  34%|███▍      | 6797/20000 [02:36<04:31, 48.64it/s, acc=0.305, device=mps, eta=5m03s, loss=1.9913, sps=43.5]
BC[stage1_datasets_L40_stepsweep/bc_baseline_none_steps20000_tr0]:  34%|███▍      | 6803/20000 [02:36<05:17, 41.54it/s, acc=0.305, device=mps, eta=5m03s, loss=1.9913, sps=43.5]
BC[stage1_datasets_L40_stepsweep/bc_baseline_none_steps20000_tr0]:  34%|███▍      | 6811/20000 [02:36<04:27, 49.31it/s, acc=0.305, device=mps, eta=5m03s, loss=1.9913, sps=43.5]
BC[stage1_datasets_L40_stepsweep/bc_baseline_none_steps20000_tr0]:  34%|███▍      | 6819/20000 [02:36<03:56, 55.62it/s, acc=0.305, device=mps, eta=5m03s, loss=1.9913, sps=43.5]
BC[stage1_datasets_L40_stepsweep/bc_baseline_none_steps20000_tr0]:  34%|███▍      | 6825/20000 [02:36<04:46, 46.02it/s, acc=0.305, device=mps, eta=5m03s, loss=1.9913, sps=43.5]
BC[stage1_datasets_L40_stepsweep/bc_baseline_none_steps20000_tr0]:  34%|███▍      | 6831/20000 [02:36<04:28, 49.12it/s, acc=0.305, device=mps, eta=5m03s, loss=1.9913, sps=43.5]
BC[stage1_datasets_L40_stepsweep/bc_baseline_none_steps20000_tr0]:  34%|███▍      | 6837/20000 [02:36<04:23, 49.87it/s, acc=0.305, device=mps, eta=5m03s, loss=1.9913, sps=43.5]
BC[stage1_datasets_L40_stepsweep/bc_baseline_none_steps20000_tr0]:  34%|███▍      | 6843/20000 [02:37<05:19, 41.23it/s, acc=0.305, device=mps, eta=5m03s, loss=1.9913, sps=43.5]
BC[stage1_datasets_L40_stepsweep/bc_baseline_none_steps20000_tr0]:  34%|███▍      | 6849/20000 [02:37<04:55, 44.52it/s, acc=0.305, device=mps, eta=5m03s, loss=1.9913, sps=43.5]
BC[stage1_datasets_L40_stepsweep/bc_baseline_none_steps20000_tr0]:  34%|███▍      | 6856/20000 [02:37<04:29, 48.72it/s, acc=0.305, device=mps, eta=5m03s, loss=1.9913, sps=43.5]
BC[stage1_datasets_L40_stepsweep/bc_baseline_none_steps20000_tr0]:  34%|███▍      | 6862/20000 [02:37<05:18, 41.30it/s, acc=0.305, device=mps, eta=5m03s, loss=1.9913, sps=43.5]
BC[stage1_datasets_L40_stepsweep/bc_baseline_none_steps20000_tr0]:  34%|███▍      | 6869/20000 [02:37<04:43, 46.30it/s, acc=0.305, device=mps, eta=5m03s, loss=1.9913, sps=43.5]
BC[stage1_datasets_L40_stepsweep/bc_baseline_none_steps20000_tr0]:  34%|███▍      | 6876/20000 [02:37<04:20, 50.30it/s, acc=0.305, device=mps, eta=5m03s, loss=1.9913, sps=43.5]
BC[stage1_datasets_L40_stepsweep/bc_baseline_none_steps20000_tr0]:  34%|███▍      | 6882/20000 [02:38<05:10, 42.30it/s, acc=0.305, device=mps, eta=5m03s, loss=1.9913, sps=43.5]
BC[stage1_datasets_L40_stepsweep/bc_baseline_none_steps20000_tr0]:  34%|███▍      | 6888/20000 [02:38<04:51, 44.99it/s, acc=0.305, device=mps, eta=5m03s, loss=1.9913, sps=43.5]
BC[stage1_datasets_L40_stepsweep/bc_baseline_none_steps20000_tr0]:  34%|███▍      | 6894/20000 [02:38<04:37, 47.26it/s, acc=0.305, device=mps, eta=5m03s, loss=1.9913, sps=43.5]
BC[stage1_datasets_L40_stepsweep/bc_baseline_none_steps20000_tr0]:  34%|███▍      | 6900/20000 [02:38<04:29, 48.63it/s, acc=0.305, device=mps, eta=5m03s, loss=1.9913, sps=43.5]
BC[stage1_datasets_L40_stepsweep/bc_baseline_none_steps20000_tr0]:  35%|███▍      | 6906/20000 [02:38<05:30, 39.61it/s, acc=0.305, device=mps, eta=5m03s, loss=1.9913, sps=43.5]
BC[stage1_datasets_L40_stepsweep/bc_baseline_none_steps20000_tr0]:  35%|███▍      | 6912/20000 [02:38<05:04, 42.94it/s, acc=0.305, device=mps, eta=5m03s, loss=1.9913, sps=43.5]
BC[stage1_datasets_L40_stepsweep/bc_baseline_none_steps20000_tr0]:  35%|███▍      | 6918/20000 [02:38<04:42, 46.39it/s, acc=0.305, device=mps, eta=5m03s, loss=1.9913, sps=43.5]
BC[stage1_datasets_L40_stepsweep/bc_baseline_none_steps20000_tr0]:  35%|███▍      | 6923/20000 [02:39<05:33, 39.22it/s, acc=0.305, device=mps, eta=5m03s, loss=1.9913, sps=43.5]
BC[stage1_datasets_L40_stepsweep/bc_baseline_none_steps20000_tr0]:  35%|███▍      | 6930/20000 [02:39<04:48, 45.23it/s, acc=0.305, device=mps, eta=5m03s, loss=1.9913, sps=43.5]
BC[stage1_datasets_L40_stepsweep/bc_baseline_none_steps20000_tr0]:  35%|███▍      | 6937/20000 [02:39<04:17, 50.78it/s, acc=0.305, device=mps, eta=5m03s, loss=1.9913, sps=43.5]
BC[stage1_datasets_L40_stepsweep/bc_baseline_none_steps20000_tr0]:  35%|███▍      | 6943/20000 [02:39<05:07, 42.47it/s, acc=0.305, device=mps, eta=5m03s, loss=1.9913, sps=43.5]
BC[stage1_datasets_L40_stepsweep/bc_baseline_none_steps20000_tr0]:  35%|███▍      | 6949/20000 [02:39<04:48, 45.23it/s, acc=0.305, device=mps, eta=5m03s, loss=1.9913, sps=43.5]
BC[stage1_datasets_L40_stepsweep/bc_baseline_none_steps20000_tr0]:  35%|███▍      | 6955/20000 [02:39<04:34, 47.53it/s, acc=0.305, device=mps, eta=5m03s, loss=1.9913, sps=43.5]
BC[stage1_datasets_L40_stepsweep/bc_baseline_none_steps20000_tr0]:  35%|███▍      | 6961/20000 [02:39<05:22, 40.42it/s, acc=0.305, device=mps, eta=5m03s, loss=1.9913, sps=43.5]
BC[stage1_datasets_L40_stepsweep/bc_baseline_none_steps20000_tr0]:  35%|███▍      | 6967/20000 [02:39<04:58, 43.67it/s, acc=0.305, device=mps, eta=5m03s, loss=1.9913, sps=43.5]
BC[stage1_datasets_L40_stepsweep/bc_baseline_none_steps20000_tr0]:  35%|███▍      | 6973/20000 [02:40<04:44, 45.73it/s, acc=0.305, device=mps, eta=5m03s, loss=1.9913, sps=43.5]
BC[stage1_datasets_L40_stepsweep/bc_baseline_none_steps20000_tr0]:  35%|███▍      | 6979/20000 [02:40<04:31, 47.93it/s, acc=0.305, device=mps, eta=5m03s, loss=1.9913, sps=43.5]
BC[stage1_datasets_L40_stepsweep/bc_baseline_none_steps20000_tr0]:  35%|███▍      | 6985/20000 [02:40<05:28, 39.60it/s, acc=0.305, device=mps, eta=5m03s, loss=1.9913, sps=43.5]
BC[stage1_datasets_L40_stepsweep/bc_baseline_none_steps20000_tr0]:  35%|███▍      | 6991/20000 [02:40<05:03, 42.87it/s, acc=0.305, device=mps, eta=5m03s, loss=1.9913, sps=43.5]
BC[stage1_datasets_L40_stepsweep/bc_baseline_none_steps20000_tr0]:  35%|███▍      | 6997/20000 [02:40<04:44, 45.77it/s, acc=0.305, device=mps, eta=5m03s, loss=1.9913, sps=43.5]
BC[stage1_datasets_L40_stepsweep/bc_baseline_none_steps20000_tr0]:  35%|███▍      | 6997/20000 [02:40<04:44, 45.77it/s, acc=0.305, device=mps, eta=4m58s, loss=1.9935, sps=43.6]
BC[stage1_datasets_L40_stepsweep/bc_baseline_none_steps20000_tr0]:  35%|███▌      | 7002/20000 [02:40<05:41, 38.04it/s, acc=0.305, device=mps, eta=4m58s, loss=1.9935, sps=43.6]
BC[stage1_datasets_L40_stepsweep/bc_baseline_none_steps20000_tr0]:  35%|███▌      | 7008/20000 [02:40<05:13, 41.43it/s, acc=0.305, device=mps, eta=4m58s, loss=1.9935, sps=43.6]
BC[stage1_datasets_L40_stepsweep/bc_baseline_none_steps20000_tr0]:  35%|███▌      | 7014/20000 [02:41<04:50, 44.63it/s, acc=0.305, device=mps, eta=4m58s, loss=1.9935, sps=43.6]
BC[stage1_datasets_L40_stepsweep/bc_baseline_none_steps20000_tr0]:  35%|███▌      | 7021/20000 [02:41<05:31, 39.20it/s, acc=0.305, device=mps, eta=4m58s, loss=1.9935, sps=43.6]
BC[stage1_datasets_L40_stepsweep/bc_baseline_none_steps20000_tr0]:  35%|███▌      | 7028/20000 [02:41<04:52, 44.30it/s, acc=0.305, device=mps, eta=4m58s, loss=1.9935, sps=43.6]
BC[stage1_datasets_L40_stepsweep/bc_baseline_none_steps20000_tr0]:  35%|███▌      | 7034/20000 [02:41<04:32, 47.66it/s, acc=0.305, device=mps, eta=4m58s, loss=1.9935, sps=43.6]
BC[stage1_datasets_L40_stepsweep/bc_baseline_none_steps20000_tr0]:  35%|███▌      | 7041/20000 [02:41<05:22, 40.17it/s, acc=0.305, device=mps, eta=4m58s, loss=1.9935, sps=43.6]
BC[stage1_datasets_L40_stepsweep/bc_baseline_none_steps20000_tr0]:  35%|███▌      | 7047/20000 [02:41<05:00, 43.09it/s, acc=0.305, device=mps, eta=4m58s, loss=1.9935, sps=43.6]
BC[stage1_datasets_L40_stepsweep/bc_baseline_none_steps20000_tr0]:  35%|███▌      | 7054/20000 [02:41<04:31, 47.73it/s, acc=0.305, device=mps, eta=4m58s, loss=1.9935, sps=43.6]
BC[stage1_datasets_L40_stepsweep/bc_baseline_none_steps20000_tr0]:  35%|███▌      | 7061/20000 [02:42<05:03, 42.64it/s, acc=0.305, device=mps, eta=4m58s, loss=1.9935, sps=43.6]
BC[stage1_datasets_L40_stepsweep/bc_baseline_none_steps20000_tr0]:  35%|███▌      | 7068/20000 [02:42<04:29, 47.91it/s, acc=0.305, device=mps, eta=4m58s, loss=1.9935, sps=43.6]
BC[stage1_datasets_L40_stepsweep/bc_baseline_none_steps20000_tr0]:  35%|███▌      | 7074/20000 [02:42<04:16, 50.40it/s, acc=0.305, device=mps, eta=4m58s, loss=1.9935, sps=43.6]
BC[stage1_datasets_L40_stepsweep/bc_baseline_none_steps20000_tr0]:  35%|███▌      | 7080/20000 [02:42<04:13, 51.05it/s, acc=0.305, device=mps, eta=4m58s, loss=1.9935, sps=43.6]
BC[stage1_datasets_L40_stepsweep/bc_baseline_none_steps20000_tr0]:  35%|███▌      | 7086/20000 [02:42<05:31, 38.92it/s, acc=0.305, device=mps, eta=4m58s, loss=1.9935, sps=43.6]
BC[stage1_datasets_L40_stepsweep/bc_baseline_none_steps20000_tr0]:  35%|███▌      | 7091/20000 [02:42<05:19, 40.41it/s, acc=0.305, device=mps, eta=4m58s, loss=1.9935, sps=43.6]
BC[stage1_datasets_L40_stepsweep/bc_baseline_none_steps20000_tr0]:  35%|███▌      | 7098/20000 [02:42<04:36, 46.73it/s, acc=0.305, device=mps, eta=4m58s, loss=1.9935, sps=43.6]
BC[stage1_datasets_L40_stepsweep/bc_baseline_none_steps20000_tr0]:  36%|███▌      | 7104/20000 [02:43<05:13, 41.08it/s, acc=0.305, device=mps, eta=4m58s, loss=1.9935, sps=43.6]
BC[stage1_datasets_L40_stepsweep/bc_baseline_none_steps20000_tr0]:  36%|███▌      | 7111/20000 [02:43<04:33, 47.06it/s, acc=0.305, device=mps, eta=4m58s, loss=1.9935, sps=43.6]
BC[stage1_datasets_L40_stepsweep/bc_baseline_none_steps20000_tr0]:  36%|███▌      | 7118/20000 [02:43<04:07, 51.97it/s, acc=0.305, device=mps, eta=4m58s, loss=1.9935, sps=43.6]
BC[stage1_datasets_L40_stepsweep/bc_baseline_none_steps20000_tr0]:  36%|███▌      | 7124/20000 [02:43<04:56, 43.46it/s, acc=0.305, device=mps, eta=4m58s, loss=1.9935, sps=43.6]
BC[stage1_datasets_L40_stepsweep/bc_baseline_none_steps20000_tr0]:  36%|███▌      | 7130/20000 [02:43<04:37, 46.32it/s, acc=0.305, device=mps, eta=4m58s, loss=1.9935, sps=43.6]
BC[stage1_datasets_L40_stepsweep/bc_baseline_none_steps20000_tr0]:  36%|███▌      | 7136/20000 [02:43<04:21, 49.23it/s, acc=0.305, device=mps, eta=4m58s, loss=1.9935, sps=43.6]
BC[stage1_datasets_L40_stepsweep/bc_baseline_none_steps20000_tr0]:  36%|███▌      | 7142/20000 [02:43<05:27, 39.29it/s, acc=0.305, device=mps, eta=4m58s, loss=1.9935, sps=43.6]
BC[stage1_datasets_L40_stepsweep/bc_baseline_none_steps20000_tr0]:  36%|███▌      | 7148/20000 [02:44<05:05, 42.14it/s, acc=0.305, device=mps, eta=4m58s, loss=1.9935, sps=43.6]
BC[stage1_datasets_L40_stepsweep/bc_baseline_none_steps20000_tr0]:  36%|███▌      | 7154/20000 [02:44<04:38, 46.18it/s, acc=0.305, device=mps, eta=4m58s, loss=1.9935, sps=43.6]
BC[stage1_datasets_L40_stepsweep/bc_baseline_none_steps20000_tr0]:  36%|███▌      | 7161/20000 [02:44<05:19, 40.17it/s, acc=0.305, device=mps, eta=4m58s, loss=1.9935, sps=43.6]
BC[stage1_datasets_L40_stepsweep/bc_baseline_none_steps20000_tr0]:  36%|███▌      | 7166/20000 [02:44<05:10, 41.34it/s, acc=0.305, device=mps, eta=4m58s, loss=1.9935, sps=43.6]
BC[stage1_datasets_L40_stepsweep/bc_baseline_none_steps20000_tr0]:  36%|███▌      | 7172/20000 [02:44<04:42, 45.37it/s, acc=0.305, device=mps, eta=4m58s, loss=1.9935, sps=43.6]
BC[stage1_datasets_L40_stepsweep/bc_baseline_none_steps20000_tr0]:  36%|███▌      | 7179/20000 [02:44<04:10, 51.21it/s, acc=0.305, device=mps, eta=4m58s, loss=1.9935, sps=43.6]
BC[stage1_datasets_L40_stepsweep/bc_baseline_none_steps20000_tr0]:  36%|███▌      | 7185/20000 [02:44<04:54, 43.48it/s, acc=0.305, device=mps, eta=4m58s, loss=1.9935, sps=43.6]
BC[stage1_datasets_L40_stepsweep/bc_baseline_none_steps20000_tr0]:  36%|███▌      | 7193/20000 [02:44<04:11, 50.83it/s, acc=0.305, device=mps, eta=4m58s, loss=1.9935, sps=43.6]
BC[stage1_datasets_L40_stepsweep/bc_baseline_none_steps20000_tr0]:  36%|███▌      | 7193/20000 [02:45<04:11, 50.83it/s, acc=0.306, device=mps, eta=4m54s, loss=1.9891, sps=43.6]
BC[stage1_datasets_L40_stepsweep/bc_baseline_none_steps20000_tr0]:  36%|███▌      | 7201/20000 [02:45<04:47, 44.50it/s, acc=0.306, device=mps, eta=4m54s, loss=1.9891, sps=43.6]
BC[stage1_datasets_L40_stepsweep/bc_baseline_none_steps20000_tr0]:  36%|███▌      | 7209/20000 [02:45<04:10, 51.01it/s, acc=0.306, device=mps, eta=4m54s, loss=1.9891, sps=43.6]
BC[stage1_datasets_L40_stepsweep/bc_baseline_none_steps20000_tr0]:  36%|███▌      | 7217/20000 [02:45<03:48, 56.01it/s, acc=0.306, device=mps, eta=4m54s, loss=1.9891, sps=43.6]
BC[stage1_datasets_L40_stepsweep/bc_baseline_none_steps20000_tr0]:  36%|███▌      | 7224/20000 [02:45<04:52, 43.65it/s, acc=0.306, device=mps, eta=4m54s, loss=1.9891, sps=43.6]
BC[stage1_datasets_L40_stepsweep/bc_baseline_none_steps20000_tr0]:  36%|███▌      | 7230/20000 [02:45<04:39, 45.68it/s, acc=0.306, device=mps, eta=4m54s, loss=1.9891, sps=43.6]
BC[stage1_datasets_L40_stepsweep/bc_baseline_none_steps20000_tr0]:  36%|███▌      | 7237/20000 [02:45<04:15, 49.92it/s, acc=0.306, device=mps, eta=4m54s, loss=1.9891, sps=43.6]
BC[stage1_datasets_L40_stepsweep/bc_baseline_none_steps20000_tr0]:  36%|███▌      | 7243/20000 [02:46<05:00, 42.48it/s, acc=0.306, device=mps, eta=4m54s, loss=1.9891, sps=43.6]
BC[stage1_datasets_L40_stepsweep/bc_baseline_none_steps20000_tr0]:  36%|███▋      | 7251/20000 [02:46<04:16, 49.70it/s, acc=0.306, device=mps, eta=4m54s, loss=1.9891, sps=43.6]
BC[stage1_datasets_L40_stepsweep/bc_baseline_none_steps20000_tr0]:  36%|███▋      | 7259/20000 [02:46<03:49, 55.43it/s, acc=0.306, device=mps, eta=4m54s, loss=1.9891, sps=43.6]
BC[stage1_datasets_L40_stepsweep/bc_baseline_none_steps20000_tr0]:  36%|███▋      | 7266/20000 [02:46<04:38, 45.67it/s, acc=0.306, device=mps, eta=4m54s, loss=1.9891, sps=43.6]
BC[stage1_datasets_L40_stepsweep/bc_baseline_none_steps20000_tr0]:  36%|███▋      | 7273/20000 [02:46<04:18, 49.31it/s, acc=0.306, device=mps, eta=4m54s, loss=1.9891, sps=43.6]
BC[stage1_datasets_L40_stepsweep/bc_baseline_none_steps20000_tr0]:  36%|███▋      | 7280/20000 [02:46<04:00, 52.80it/s, acc=0.306, device=mps, eta=4m54s, loss=1.9891, sps=43.6]
BC[stage1_datasets_L40_stepsweep/bc_baseline_none_steps20000_tr0]:  36%|███▋      | 7286/20000 [02:46<04:55, 43.07it/s, acc=0.306, device=mps, eta=4m54s, loss=1.9891, sps=43.6]
BC[stage1_datasets_L40_stepsweep/bc_baseline_none_steps20000_tr0]:  36%|███▋      | 7292/20000 [02:47<04:32, 46.60it/s, acc=0.306, device=mps, eta=4m54s, loss=1.9891, sps=43.6]
BC[stage1_datasets_L40_stepsweep/bc_baseline_none_steps20000_tr0]:  36%|███▋      | 7298/20000 [02:47<04:17, 49.34it/s, acc=0.306, device=mps, eta=4m54s, loss=1.9891, sps=43.6]
BC[stage1_datasets_L40_stepsweep/bc_baseline_none_steps20000_tr0]:  37%|███▋      | 7304/20000 [02:47<05:11, 40.70it/s, acc=0.306, device=mps, eta=4m54s, loss=1.9891, sps=43.6]
BC[stage1_datasets_L40_stepsweep/bc_baseline_none_steps20000_tr0]:  37%|███▋      | 7310/20000 [02:47<04:48, 43.93it/s, acc=0.306, device=mps, eta=4m54s, loss=1.9891, sps=43.6]
BC[stage1_datasets_L40_stepsweep/bc_baseline_none_steps20000_tr0]:  37%|███▋      | 7316/20000 [02:47<04:30, 46.83it/s, acc=0.306, device=mps, eta=4m54s, loss=1.9891, sps=43.6]
BC[stage1_datasets_L40_stepsweep/bc_baseline_none_steps20000_tr0]:  37%|███▋      | 7322/20000 [02:47<05:24, 39.07it/s, acc=0.306, device=mps, eta=4m54s, loss=1.9891, sps=43.6]
BC[stage1_datasets_L40_stepsweep/bc_baseline_none_steps20000_tr0]:  37%|███▋      | 7330/20000 [02:47<04:30, 46.84it/s, acc=0.306, device=mps, eta=4m54s, loss=1.9891, sps=43.6]
BC[stage1_datasets_L40_stepsweep/bc_baseline_none_steps20000_tr0]:  37%|███▋      | 7338/20000 [02:48<03:59, 52.77it/s, acc=0.306, device=mps, eta=4m54s, loss=1.9891, sps=43.6]
BC[stage1_datasets_L40_stepsweep/bc_baseline_none_steps20000_tr0]:  37%|███▋      | 7344/20000 [02:48<05:04, 41.51it/s, acc=0.306, device=mps, eta=4m54s, loss=1.9891, sps=43.6]
BC[stage1_datasets_L40_stepsweep/bc_baseline_none_steps20000_tr0]:  37%|███▋      | 7350/20000 [02:48<04:40, 45.15it/s, acc=0.306, device=mps, eta=4m54s, loss=1.9891, sps=43.6]
BC[stage1_datasets_L40_stepsweep/bc_baseline_none_steps20000_tr0]:  37%|███▋      | 7357/20000 [02:48<04:12, 50.12it/s, acc=0.306, device=mps, eta=4m54s, loss=1.9891, sps=43.6]
BC[stage1_datasets_L40_stepsweep/bc_baseline_none_steps20000_tr0]:  37%|███▋      | 7363/20000 [02:48<05:12, 40.42it/s, acc=0.306, device=mps, eta=4m54s, loss=1.9891, sps=43.6]
BC[stage1_datasets_L40_stepsweep/bc_baseline_none_steps20000_tr0]:  37%|███▋      | 7369/20000 [02:48<04:53, 43.04it/s, acc=0.306, device=mps, eta=4m54s, loss=1.9891, sps=43.6]
BC[stage1_datasets_L40_stepsweep/bc_baseline_none_steps20000_tr0]:  37%|███▋      | 7376/20000 [02:48<04:22, 48.12it/s, acc=0.306, device=mps, eta=4m54s, loss=1.9891, sps=43.6]
BC[stage1_datasets_L40_stepsweep/bc_baseline_none_steps20000_tr0]:  37%|███▋      | 7382/20000 [02:49<05:17, 39.73it/s, acc=0.306, device=mps, eta=4m54s, loss=1.9891, sps=43.6]
BC[stage1_datasets_L40_stepsweep/bc_baseline_none_steps20000_tr0]:  37%|███▋      | 7388/20000 [02:49<04:56, 42.47it/s, acc=0.306, device=mps, eta=4m54s, loss=1.9891, sps=43.6]
BC[stage1_datasets_L40_stepsweep/bc_baseline_none_steps20000_tr0]:  37%|███▋      | 7395/20000 [02:49<04:26, 47.24it/s, acc=0.306, device=mps, eta=4m54s, loss=1.9891, sps=43.6]
BC[stage1_datasets_L40_stepsweep/bc_baseline_none_steps20000_tr0]:  37%|███▋      | 7395/20000 [02:49<04:26, 47.24it/s, acc=0.308, device=mps, eta=4m49s, loss=1.9856, sps=43.7]
BC[stage1_datasets_L40_stepsweep/bc_baseline_none_steps20000_tr0]:  37%|███▋      | 7401/20000 [02:49<05:06, 41.15it/s, acc=0.308, device=mps, eta=4m49s, loss=1.9856, sps=43.7]
BC[stage1_datasets_L40_stepsweep/bc_baseline_none_steps20000_tr0]:  37%|███▋      | 7408/20000 [02:49<04:29, 46.81it/s, acc=0.308, device=mps, eta=4m49s, loss=1.9856, sps=43.7]
BC[stage1_datasets_L40_stepsweep/bc_baseline_none_steps20000_tr0]:  37%|███▋      | 7416/20000 [02:49<03:56, 53.13it/s, acc=0.308, device=mps, eta=4m49s, loss=1.9856, sps=43.7]
BC[stage1_datasets_L40_stepsweep/bc_baseline_none_steps20000_tr0]:  37%|███▋      | 7422/20000 [02:50<04:44, 44.26it/s, acc=0.308, device=mps, eta=4m49s, loss=1.9856, sps=43.7]
BC[stage1_datasets_L40_stepsweep/bc_baseline_none_steps20000_tr0]:  37%|███▋      | 7430/20000 [02:50<04:04, 51.48it/s, acc=0.308, device=mps, eta=4m49s, loss=1.9856, sps=43.7]
BC[stage1_datasets_L40_stepsweep/bc_baseline_none_steps20000_tr0]:  37%|███▋      | 7438/20000 [02:50<03:40, 57.04it/s, acc=0.308, device=mps, eta=4m49s, loss=1.9856, sps=43.7]
BC[stage1_datasets_L40_stepsweep/bc_baseline_none_steps20000_tr0]:  37%|███▋      | 7445/20000 [02:50<04:26, 47.09it/s, acc=0.308, device=mps, eta=4m49s, loss=1.9856, sps=43.7]
BC[stage1_datasets_L40_stepsweep/bc_baseline_none_steps20000_tr0]:  37%|███▋      | 7451/20000 [02:50<04:14, 49.40it/s, acc=0.308, device=mps, eta=4m49s, loss=1.9856, sps=43.7]
BC[stage1_datasets_L40_stepsweep/bc_baseline_none_steps20000_tr0]:  37%|███▋      | 7457/20000 [02:50<04:03, 51.51it/s, acc=0.308, device=mps, eta=4m49s, loss=1.9856, sps=43.7]
BC[stage1_datasets_L40_stepsweep/bc_baseline_none_steps20000_tr0]:  37%|███▋      | 7463/20000 [02:50<05:11, 40.28it/s, acc=0.308, device=mps, eta=4m49s, loss=1.9856, sps=43.7]
BC[stage1_datasets_L40_stepsweep/bc_baseline_none_steps20000_tr0]:  37%|███▋      | 7469/20000 [02:50<04:50, 43.17it/s, acc=0.308, device=mps, eta=4m49s, loss=1.9856, sps=43.7]
BC[stage1_datasets_L40_stepsweep/bc_baseline_none_steps20000_tr0]:  37%|███▋      | 7476/20000 [02:51<04:22, 47.67it/s, acc=0.308, device=mps, eta=4m49s, loss=1.9856, sps=43.7]
BC[stage1_datasets_L40_stepsweep/bc_baseline_none_steps20000_tr0]:  37%|███▋      | 7482/20000 [02:51<05:07, 40.66it/s, acc=0.308, device=mps, eta=4m49s, loss=1.9856, sps=43.7]
BC[stage1_datasets_L40_stepsweep/bc_baseline_none_steps20000_tr0]:  37%|███▋      | 7490/20000 [02:51<04:21, 47.91it/s, acc=0.308, device=mps, eta=4m49s, loss=1.9856, sps=43.7]
BC[stage1_datasets_L40_stepsweep/bc_baseline_none_steps20000_tr0]:  37%|███▋      | 7498/20000 [02:51<03:52, 53.83it/s, acc=0.308, device=mps, eta=4m49s, loss=1.9856, sps=43.7]
BC[stage1_datasets_L40_stepsweep/bc_baseline_none_steps20000_tr0]:  38%|███▊      | 7504/20000 [02:51<04:58, 41.83it/s, acc=0.308, device=mps, eta=4m49s, loss=1.9856, sps=43.7]
BC[stage1_datasets_L40_stepsweep/bc_baseline_none_steps20000_tr0]:  38%|███▊      | 7510/20000 [02:51<04:39, 44.73it/s, acc=0.308, device=mps, eta=4m49s, loss=1.9856, sps=43.7]
BC[stage1_datasets_L40_stepsweep/bc_baseline_none_steps20000_tr0]:  38%|███▊      | 7517/20000 [02:51<04:11, 49.70it/s, acc=0.308, device=mps, eta=4m49s, loss=1.9856, sps=43.7]
BC[stage1_datasets_L40_stepsweep/bc_baseline_none_steps20000_tr0]:  38%|███▊      | 7523/20000 [02:52<04:52, 42.63it/s, acc=0.308, device=mps, eta=4m49s, loss=1.9856, sps=43.7]
BC[stage1_datasets_L40_stepsweep/bc_baseline_none_steps20000_tr0]:  38%|███▊      | 7531/20000 [02:52<04:09, 49.97it/s, acc=0.308, device=mps, eta=4m49s, loss=1.9856, sps=43.7]
BC[stage1_datasets_L40_stepsweep/bc_baseline_none_steps20000_tr0]:  38%|███▊      | 7539/20000 [02:52<03:43, 55.75it/s, acc=0.308, device=mps, eta=4m49s, loss=1.9856, sps=43.7]
BC[stage1_datasets_L40_stepsweep/bc_baseline_none_steps20000_tr0]:  38%|███▊      | 7546/20000 [02:52<04:24, 47.11it/s, acc=0.308, device=mps, eta=4m49s, loss=1.9856, sps=43.7]
BC[stage1_datasets_L40_stepsweep/bc_baseline_none_steps20000_tr0]:  38%|███▊      | 7554/20000 [02:52<03:52, 53.57it/s, acc=0.308, device=mps, eta=4m49s, loss=1.9856, sps=43.7]
BC[stage1_datasets_L40_stepsweep/bc_baseline_none_steps20000_tr0]:  38%|███▊      | 7561/20000 [02:52<04:32, 45.65it/s, acc=0.308, device=mps, eta=4m49s, loss=1.9856, sps=43.7]
BC[stage1_datasets_L40_stepsweep/bc_baseline_none_steps20000_tr0]:  38%|███▊      | 7569/20000 [02:53<03:58, 52.17it/s, acc=0.308, device=mps, eta=4m49s, loss=1.9856, sps=43.7]
BC[stage1_datasets_L40_stepsweep/bc_baseline_none_steps20000_tr0]:  38%|███▊      | 7577/20000 [02:53<03:36, 57.33it/s, acc=0.308, device=mps, eta=4m49s, loss=1.9856, sps=43.7]
BC[stage1_datasets_L40_stepsweep/bc_baseline_none_steps20000_tr0]:  38%|███▊      | 7584/20000 [02:53<04:20, 47.74it/s, acc=0.308, device=mps, eta=4m49s, loss=1.9856, sps=43.7]
BC[stage1_datasets_L40_stepsweep/bc_baseline_none_steps20000_tr0]:  38%|███▊      | 7592/20000 [02:53<03:50, 53.91it/s, acc=0.308, device=mps, eta=4m49s, loss=1.9856, sps=43.7]
BC[stage1_datasets_L40_stepsweep/bc_baseline_none_steps20000_tr0]:  38%|███▊      | 7592/20000 [02:53<03:50, 53.91it/s, acc=0.304, device=mps, eta=4m43s, loss=1.9959, sps=43.8]
BC[stage1_datasets_L40_stepsweep/bc_baseline_none_steps20000_tr0]:  38%|███▊      | 7600/20000 [02:53<03:28, 59.50it/s, acc=0.304, device=mps, eta=4m43s, loss=1.9959, sps=43.8]
BC[stage1_datasets_L40_stepsweep/bc_baseline_none_steps20000_tr0]:  38%|███▊      | 7607/20000 [02:53<04:22, 47.14it/s, acc=0.304, device=mps, eta=4m43s, loss=1.9959, sps=43.8]
BC[stage1_datasets_L40_stepsweep/bc_baseline_none_steps20000_tr0]:  38%|███▊      | 7615/20000 [02:53<03:54, 52.80it/s, acc=0.304, device=mps, eta=4m43s, loss=1.9959, sps=43.8]
BC[stage1_datasets_L40_stepsweep/bc_baseline_none_steps20000_tr0]:  38%|███▊      | 7622/20000 [02:54<04:31, 45.55it/s, acc=0.304, device=mps, eta=4m43s, loss=1.9959, sps=43.8]
BC[stage1_datasets_L40_stepsweep/bc_baseline_none_steps20000_tr0]:  38%|███▊      | 7630/20000 [02:54<03:59, 51.58it/s, acc=0.304, device=mps, eta=4m43s, loss=1.9959, sps=43.8]
BC[stage1_datasets_L40_stepsweep/bc_baseline_none_steps20000_tr0]:  38%|███▊      | 7638/20000 [02:54<03:39, 56.27it/s, acc=0.304, device=mps, eta=4m43s, loss=1.9959, sps=43.8]
BC[stage1_datasets_L40_stepsweep/bc_baseline_none_steps20000_tr0]:  38%|███▊      | 7645/20000 [02:54<04:39, 44.13it/s, acc=0.304, device=mps, eta=4m43s, loss=1.9959, sps=43.8]
BC[stage1_datasets_L40_stepsweep/bc_baseline_none_steps20000_tr0]:  38%|███▊      | 7651/20000 [02:54<04:23, 46.94it/s, acc=0.304, device=mps, eta=4m43s, loss=1.9959, sps=43.8]
BC[stage1_datasets_L40_stepsweep/bc_baseline_none_steps20000_tr0]:  38%|███▊      | 7658/20000 [02:54<04:00, 51.26it/s, acc=0.304, device=mps, eta=4m43s, loss=1.9959, sps=43.8]
BC[stage1_datasets_L40_stepsweep/bc_baseline_none_steps20000_tr0]:  38%|███▊      | 7664/20000 [02:54<04:42, 43.60it/s, acc=0.304, device=mps, eta=4m43s, loss=1.9959, sps=43.8]
BC[stage1_datasets_L40_stepsweep/bc_baseline_none_steps20000_tr0]:  38%|███▊      | 7672/20000 [02:55<04:04, 50.33it/s, acc=0.304, device=mps, eta=4m43s, loss=1.9959, sps=43.8]
BC[stage1_datasets_L40_stepsweep/bc_baseline_none_steps20000_tr0]:  38%|███▊      | 7679/20000 [02:55<03:45, 54.69it/s, acc=0.304, device=mps, eta=4m43s, loss=1.9959, sps=43.8]
BC[stage1_datasets_L40_stepsweep/bc_baseline_none_steps20000_tr0]:  38%|███▊      | 7685/20000 [02:55<04:34, 44.82it/s, acc=0.304, device=mps, eta=4m43s, loss=1.9959, sps=43.8]
BC[stage1_datasets_L40_stepsweep/bc_baseline_none_steps20000_tr0]:  38%|███▊      | 7693/20000 [02:55<03:58, 51.58it/s, acc=0.304, device=mps, eta=4m43s, loss=1.9959, sps=43.8]
BC[stage1_datasets_L40_stepsweep/bc_baseline_none_steps20000_tr0]:  39%|███▊      | 7701/20000 [02:55<04:31, 45.27it/s, acc=0.304, device=mps, eta=4m43s, loss=1.9959, sps=43.8]
BC[stage1_datasets_L40_stepsweep/bc_baseline_none_steps20000_tr0]:  39%|███▊      | 7709/20000 [02:55<03:58, 51.57it/s, acc=0.304, device=mps, eta=4m43s, loss=1.9959, sps=43.8]
BC[stage1_datasets_L40_stepsweep/bc_baseline_none_steps20000_tr0]:  39%|███▊      | 7717/20000 [02:55<03:37, 56.46it/s, acc=0.304, device=mps, eta=4m43s, loss=1.9959, sps=43.8]
BC[stage1_datasets_L40_stepsweep/bc_baseline_none_steps20000_tr0]:  39%|███▊      | 7724/20000 [02:56<04:39, 43.99it/s, acc=0.304, device=mps, eta=4m43s, loss=1.9959, sps=43.8]
BC[stage1_datasets_L40_stepsweep/bc_baseline_none_steps20000_tr0]:  39%|███▊      | 7730/20000 [02:56<04:25, 46.15it/s, acc=0.304, device=mps, eta=4m43s, loss=1.9959, sps=43.8]
BC[stage1_datasets_L40_stepsweep/bc_baseline_none_steps20000_tr0]:  39%|███▊      | 7737/20000 [02:56<04:02, 50.49it/s, acc=0.304, device=mps, eta=4m43s, loss=1.9959, sps=43.8]
BC[stage1_datasets_L40_stepsweep/bc_baseline_none_steps20000_tr0]:  39%|███▊      | 7743/20000 [02:56<04:59, 40.98it/s, acc=0.304, device=mps, eta=4m43s, loss=1.9959, sps=43.8]
BC[stage1_datasets_L40_stepsweep/bc_baseline_none_steps20000_tr0]:  39%|███▊      | 7748/20000 [02:56<04:47, 42.67it/s, acc=0.304, device=mps, eta=4m43s, loss=1.9959, sps=43.8]
BC[stage1_datasets_L40_stepsweep/bc_baseline_none_steps20000_tr0]:  39%|███▉      | 7755/20000 [02:56<04:18, 47.38it/s, acc=0.304, device=mps, eta=4m43s, loss=1.9959, sps=43.8]
BC[stage1_datasets_L40_stepsweep/bc_baseline_none_steps20000_tr0]:  39%|███▉      | 7761/20000 [02:57<05:03, 40.36it/s, acc=0.304, device=mps, eta=4m43s, loss=1.9959, sps=43.8]
BC[stage1_datasets_L40_stepsweep/bc_baseline_none_steps20000_tr0]:  39%|███▉      | 7769/20000 [02:57<04:14, 48.10it/s, acc=0.304, device=mps, eta=4m43s, loss=1.9959, sps=43.8]
BC[stage1_datasets_L40_stepsweep/bc_baseline_none_steps20000_tr0]:  39%|███▉      | 7777/20000 [02:57<03:43, 54.69it/s, acc=0.304, device=mps, eta=4m43s, loss=1.9959, sps=43.8]
BC[stage1_datasets_L40_stepsweep/bc_baseline_none_steps20000_tr0]:  39%|███▉      | 7784/20000 [02:57<04:24, 46.12it/s, acc=0.304, device=mps, eta=4m43s, loss=1.9959, sps=43.8]
BC[stage1_datasets_L40_stepsweep/bc_baseline_none_steps20000_tr0]:  39%|███▉      | 7792/20000 [02:57<03:52, 52.51it/s, acc=0.304, device=mps, eta=4m43s, loss=1.9959, sps=43.8]
BC[stage1_datasets_L40_stepsweep/bc_baseline_none_steps20000_tr0]:  39%|███▉      | 7792/20000 [02:57<03:52, 52.51it/s, acc=0.306, device=mps, eta=4m38s, loss=1.9897, sps=43.9]
BC[stage1_datasets_L40_stepsweep/bc_baseline_none_steps20000_tr0]:  39%|███▉      | 7800/20000 [02:57<03:29, 58.10it/s, acc=0.306, device=mps, eta=4m38s, loss=1.9897, sps=43.9]
BC[stage1_datasets_L40_stepsweep/bc_baseline_none_steps20000_tr0]:  39%|███▉      | 7807/20000 [02:57<04:18, 47.15it/s, acc=0.306, device=mps, eta=4m38s, loss=1.9897, sps=43.9]
BC[stage1_datasets_L40_stepsweep/bc_baseline_none_steps20000_tr0]:  39%|███▉      | 7813/20000 [02:58<04:07, 49.30it/s, acc=0.306, device=mps, eta=4m38s, loss=1.9897, sps=43.9]
BC[stage1_datasets_L40_stepsweep/bc_baseline_none_steps20000_tr0]:  39%|███▉      | 7819/20000 [02:58<03:55, 51.78it/s, acc=0.306, device=mps, eta=4m38s, loss=1.9897, sps=43.9]
BC[stage1_datasets_L40_stepsweep/bc_baseline_none_steps20000_tr0]:  39%|███▉      | 7825/20000 [02:58<05:04, 39.97it/s, acc=0.306, device=mps, eta=4m38s, loss=1.9897, sps=43.9]
BC[stage1_datasets_L40_stepsweep/bc_baseline_none_steps20000_tr0]:  39%|███▉      | 7832/20000 [02:58<04:31, 44.82it/s, acc=0.306, device=mps, eta=4m38s, loss=1.9897, sps=43.9]
BC[stage1_datasets_L40_stepsweep/bc_baseline_none_steps20000_tr0]:  39%|███▉      | 7840/20000 [02:58<03:54, 51.81it/s, acc=0.306, device=mps, eta=4m38s, loss=1.9897, sps=43.9]
BC[stage1_datasets_L40_stepsweep/bc_baseline_none_steps20000_tr0]:  39%|███▉      | 7846/20000 [02:58<04:35, 44.09it/s, acc=0.306, device=mps, eta=4m38s, loss=1.9897, sps=43.9]
BC[stage1_datasets_L40_stepsweep/bc_baseline_none_steps20000_tr0]:  39%|███▉      | 7854/20000 [02:58<03:57, 51.17it/s, acc=0.306, device=mps, eta=4m38s, loss=1.9897, sps=43.9]
BC[stage1_datasets_L40_stepsweep/bc_baseline_none_steps20000_tr0]:  39%|███▉      | 7861/20000 [02:59<04:34, 44.21it/s, acc=0.306, device=mps, eta=4m38s, loss=1.9897, sps=43.9]
BC[stage1_datasets_L40_stepsweep/bc_baseline_none_steps20000_tr0]:  39%|███▉      | 7867/20000 [02:59<04:29, 45.04it/s, acc=0.306, device=mps, eta=4m38s, loss=1.9897, sps=43.9]
BC[stage1_datasets_L40_stepsweep/bc_baseline_none_steps20000_tr0]:  39%|███▉      | 7873/20000 [02:59<04:12, 47.98it/s, acc=0.306, device=mps, eta=4m38s, loss=1.9897, sps=43.9]
BC[stage1_datasets_L40_stepsweep/bc_baseline_none_steps20000_tr0]:  39%|███▉      | 7880/20000 [02:59<03:47, 53.21it/s, acc=0.306, device=mps, eta=4m38s, loss=1.9897, sps=43.9]
BC[stage1_datasets_L40_stepsweep/bc_baseline_none_steps20000_tr0]:  39%|███▉      | 7886/20000 [02:59<04:35, 43.91it/s, acc=0.306, device=mps, eta=4m38s, loss=1.9897, sps=43.9]
BC[stage1_datasets_L40_stepsweep/bc_baseline_none_steps20000_tr0]:  39%|███▉      | 7893/20000 [02:59<04:04, 49.58it/s, acc=0.306, device=mps, eta=4m38s, loss=1.9897, sps=43.9]
BC[stage1_datasets_L40_stepsweep/bc_baseline_none_steps20000_tr0]:  40%|███▉      | 7901/20000 [02:59<04:35, 43.90it/s, acc=0.306, device=mps, eta=4m38s, loss=1.9897, sps=43.9]
BC[stage1_datasets_L40_stepsweep/bc_baseline_none_steps20000_tr0]:  40%|███▉      | 7909/20000 [03:00<03:58, 50.71it/s, acc=0.306, device=mps, eta=4m38s, loss=1.9897, sps=43.9]
BC[stage1_datasets_L40_stepsweep/bc_baseline_none_steps20000_tr0]:  40%|███▉      | 7917/20000 [03:00<03:35, 56.00it/s, acc=0.306, device=mps, eta=4m38s, loss=1.9897, sps=43.9]
BC[stage1_datasets_L40_stepsweep/bc_baseline_none_steps20000_tr0]:  40%|███▉      | 7924/20000 [03:00<04:14, 47.40it/s, acc=0.306, device=mps, eta=4m38s, loss=1.9897, sps=43.9]
BC[stage1_datasets_L40_stepsweep/bc_baseline_none_steps20000_tr0]:  40%|███▉      | 7932/20000 [03:00<03:44, 53.87it/s, acc=0.306, device=mps, eta=4m38s, loss=1.9897, sps=43.9]
BC[stage1_datasets_L40_stepsweep/bc_baseline_none_steps20000_tr0]:  40%|███▉      | 7941/20000 [03:00<04:14, 47.42it/s, acc=0.306, device=mps, eta=4m38s, loss=1.9897, sps=43.9]
BC[stage1_datasets_L40_stepsweep/bc_baseline_none_steps20000_tr0]:  40%|███▉      | 7947/20000 [03:00<04:15, 47.25it/s, acc=0.306, device=mps, eta=4m38s, loss=1.9897, sps=43.9]
BC[stage1_datasets_L40_stepsweep/bc_baseline_none_steps20000_tr0]:  40%|███▉      | 7953/20000 [03:00<04:02, 49.77it/s, acc=0.306, device=mps, eta=4m38s, loss=1.9897, sps=43.9]
BC[stage1_datasets_L40_stepsweep/bc_baseline_none_steps20000_tr0]:  40%|███▉      | 7960/20000 [03:01<03:41, 54.29it/s, acc=0.306, device=mps, eta=4m38s, loss=1.9897, sps=43.9]
BC[stage1_datasets_L40_stepsweep/bc_baseline_none_steps20000_tr0]:  40%|███▉      | 7966/20000 [03:01<04:31, 44.28it/s, acc=0.306, device=mps, eta=4m38s, loss=1.9897, sps=43.9]
BC[stage1_datasets_L40_stepsweep/bc_baseline_none_steps20000_tr0]:  40%|███▉      | 7973/20000 [03:01<04:03, 49.48it/s, acc=0.306, device=mps, eta=4m38s, loss=1.9897, sps=43.9]
BC[stage1_datasets_L40_stepsweep/bc_baseline_none_steps20000_tr0]:  40%|███▉      | 7981/20000 [03:01<04:36, 43.42it/s, acc=0.306, device=mps, eta=4m38s, loss=1.9897, sps=43.9]
BC[stage1_datasets_L40_stepsweep/bc_baseline_none_steps20000_tr0]:  40%|███▉      | 7989/20000 [03:01<03:59, 50.10it/s, acc=0.306, device=mps, eta=4m38s, loss=1.9897, sps=43.9]
BC[stage1_datasets_L40_stepsweep/bc_baseline_none_steps20000_tr0]:  40%|███▉      | 7997/20000 [03:01<03:37, 55.31it/s, acc=0.306, device=mps, eta=4m38s, loss=1.9897, sps=43.9]
BC[stage1_datasets_L40_stepsweep/bc_baseline_none_steps20000_tr0]:  40%|███▉      | 7997/20000 [03:01<03:37, 55.31it/s, acc=0.306, device=mps, eta=4m33s, loss=1.9865, sps=44.0]
BC[stage1_datasets_L40_stepsweep/bc_baseline_none_steps20000_tr0]:  40%|████      | 8004/20000 [03:02<04:35, 43.59it/s, acc=0.306, device=mps, eta=4m33s, loss=1.9865, sps=44.0]
BC[stage1_datasets_L40_stepsweep/bc_baseline_none_steps20000_tr0]:  40%|████      | 8010/20000 [03:02<04:18, 46.36it/s, acc=0.306, device=mps, eta=4m33s, loss=1.9865, sps=44.0]
BC[stage1_datasets_L40_stepsweep/bc_baseline_none_steps20000_tr0]:  40%|████      | 8017/20000 [03:02<03:56, 50.71it/s, acc=0.306, device=mps, eta=4m33s, loss=1.9865, sps=44.0]
BC[stage1_datasets_L40_stepsweep/bc_baseline_none_steps20000_tr0]:  40%|████      | 8023/20000 [03:02<04:38, 43.07it/s, acc=0.306, device=mps, eta=4m33s, loss=1.9865, sps=44.0]
BC[stage1_datasets_L40_stepsweep/bc_baseline_none_steps20000_tr0]:  40%|████      | 8031/20000 [03:02<03:59, 50.06it/s, acc=0.306, device=mps, eta=4m33s, loss=1.9865, sps=44.0]
BC[stage1_datasets_L40_stepsweep/bc_baseline_none_steps20000_tr0]:  40%|████      | 8039/20000 [03:02<03:35, 55.44it/s, acc=0.306, device=mps, eta=4m33s, loss=1.9865, sps=44.0]
BC[stage1_datasets_L40_stepsweep/bc_baseline_none_steps20000_tr0]:  40%|████      | 8046/20000 [03:02<04:13, 47.16it/s, acc=0.306, device=mps, eta=4m33s, loss=1.9865, sps=44.0]
BC[stage1_datasets_L40_stepsweep/bc_baseline_none_steps20000_tr0]:  40%|████      | 8054/20000 [03:02<03:44, 53.33it/s, acc=0.306, device=mps, eta=4m33s, loss=1.9865, sps=44.0]
BC[stage1_datasets_L40_stepsweep/bc_baseline_none_steps20000_tr0]:  40%|████      | 8061/20000 [03:03<04:22, 45.56it/s, acc=0.306, device=mps, eta=4m33s, loss=1.9865, sps=44.0]
BC[stage1_datasets_L40_stepsweep/bc_baseline_none_steps20000_tr0]:  40%|████      | 8069/20000 [03:03<03:49, 52.03it/s, acc=0.306, device=mps, eta=4m33s, loss=1.9865, sps=44.0]
BC[stage1_datasets_L40_stepsweep/bc_baseline_none_steps20000_tr0]:  40%|████      | 8077/20000 [03:03<03:27, 57.56it/s, acc=0.306, device=mps, eta=4m33s, loss=1.9865, sps=44.0]
BC[stage1_datasets_L40_stepsweep/bc_baseline_none_steps20000_tr0]:  40%|████      | 8084/20000 [03:03<04:08, 48.04it/s, acc=0.306, device=mps, eta=4m33s, loss=1.9865, sps=44.0]
BC[stage1_datasets_L40_stepsweep/bc_baseline_none_steps20000_tr0]:  40%|████      | 8092/20000 [03:03<03:40, 53.90it/s, acc=0.306, device=mps, eta=4m33s, loss=1.9865, sps=44.0]
BC[stage1_datasets_L40_stepsweep/bc_baseline_none_steps20000_tr0]:  40%|████      | 8100/20000 [03:03<03:21, 59.06it/s, acc=0.306, device=mps, eta=4m33s, loss=1.9865, sps=44.0]
BC[stage1_datasets_L40_stepsweep/bc_baseline_none_steps20000_tr0]:  41%|████      | 8107/20000 [03:04<04:09, 47.61it/s, acc=0.306, device=mps, eta=4m33s, loss=1.9865, sps=44.0]
BC[stage1_datasets_L40_stepsweep/bc_baseline_none_steps20000_tr0]:  41%|████      | 8113/20000 [03:04<03:58, 49.77it/s, acc=0.306, device=mps, eta=4m33s, loss=1.9865, sps=44.0]
BC[stage1_datasets_L40_stepsweep/bc_baseline_none_steps20000_tr0]:  41%|████      | 8119/20000 [03:04<03:50, 51.64it/s, acc=0.306, device=mps, eta=4m33s, loss=1.9865, sps=44.0]
BC[stage1_datasets_L40_stepsweep/bc_baseline_none_steps20000_tr0]:  41%|████      | 8125/20000 [03:04<04:36, 43.02it/s, acc=0.306, device=mps, eta=4m33s, loss=1.9865, sps=44.0]
BC[stage1_datasets_L40_stepsweep/bc_baseline_none_steps20000_tr0]:  41%|████      | 8133/20000 [03:04<03:56, 50.24it/s, acc=0.306, device=mps, eta=4m33s, loss=1.9865, sps=44.0]
BC[stage1_datasets_L40_stepsweep/bc_baseline_none_steps20000_tr0]:  41%|████      | 8141/20000 [03:04<04:26, 44.44it/s, acc=0.306, device=mps, eta=4m33s, loss=1.9865, sps=44.0]
BC[stage1_datasets_L40_stepsweep/bc_baseline_none_steps20000_tr0]:  41%|████      | 8149/20000 [03:04<03:52, 50.99it/s, acc=0.306, device=mps, eta=4m33s, loss=1.9865, sps=44.0]
BC[stage1_datasets_L40_stepsweep/bc_baseline_none_steps20000_tr0]:  41%|████      | 8157/20000 [03:04<03:29, 56.55it/s, acc=0.306, device=mps, eta=4m33s, loss=1.9865, sps=44.0]
BC[stage1_datasets_L40_stepsweep/bc_baseline_none_steps20000_tr0]:  41%|████      | 8164/20000 [03:05<04:09, 47.43it/s, acc=0.306, device=mps, eta=4m33s, loss=1.9865, sps=44.0]
BC[stage1_datasets_L40_stepsweep/bc_baseline_none_steps20000_tr0]:  41%|████      | 8172/20000 [03:05<03:40, 53.63it/s, acc=0.306, device=mps, eta=4m33s, loss=1.9865, sps=44.0]
BC[stage1_datasets_L40_stepsweep/bc_baseline_none_steps20000_tr0]:  41%|████      | 8180/20000 [03:05<03:19, 59.27it/s, acc=0.306, device=mps, eta=4m33s, loss=1.9865, sps=44.0]
BC[stage1_datasets_L40_stepsweep/bc_baseline_none_steps20000_tr0]:  41%|████      | 8187/20000 [03:05<04:05, 48.15it/s, acc=0.306, device=mps, eta=4m33s, loss=1.9865, sps=44.0]
BC[stage1_datasets_L40_stepsweep/bc_baseline_none_steps20000_tr0]:  41%|████      | 8194/20000 [03:05<03:48, 51.61it/s, acc=0.306, device=mps, eta=4m33s, loss=1.9865, sps=44.0]
BC[stage1_datasets_L40_stepsweep/bc_baseline_none_steps20000_tr0]:  41%|████      | 8194/20000 [03:05<03:48, 51.61it/s, acc=0.309, device=mps, eta=4m27s, loss=1.9828, sps=44.1]
BC[stage1_datasets_L40_stepsweep/bc_baseline_none_steps20000_tr0]:  41%|████      | 8201/20000 [03:05<04:29, 43.79it/s, acc=0.309, device=mps, eta=4m27s, loss=1.9828, sps=44.1]
BC[stage1_datasets_L40_stepsweep/bc_baseline_none_steps20000_tr0]:  41%|████      | 8206/20000 [03:06<04:24, 44.55it/s, acc=0.309, device=mps, eta=4m27s, loss=1.9828, sps=44.1]
BC[stage1_datasets_L40_stepsweep/bc_baseline_none_steps20000_tr0]:  41%|████      | 8212/20000 [03:06<04:10, 47.14it/s, acc=0.309, device=mps, eta=4m27s, loss=1.9828, sps=44.1]
BC[stage1_datasets_L40_stepsweep/bc_baseline_none_steps20000_tr0]:  41%|████      | 8219/20000 [03:06<03:44, 52.49it/s, acc=0.309, device=mps, eta=4m27s, loss=1.9828, sps=44.1]
BC[stage1_datasets_L40_stepsweep/bc_baseline_none_steps20000_tr0]:  41%|████      | 8225/20000 [03:06<04:22, 44.90it/s, acc=0.309, device=mps, eta=4m27s, loss=1.9828, sps=44.1]
BC[stage1_datasets_L40_stepsweep/bc_baseline_none_steps20000_tr0]:  41%|████      | 8234/20000 [03:06<03:37, 54.19it/s, acc=0.309, device=mps, eta=4m27s, loss=1.9828, sps=44.1]
BC[stage1_datasets_L40_stepsweep/bc_baseline_none_steps20000_tr0]:  41%|████      | 8241/20000 [03:06<04:10, 46.94it/s, acc=0.309, device=mps, eta=4m27s, loss=1.9828, sps=44.1]
BC[stage1_datasets_L40_stepsweep/bc_baseline_none_steps20000_tr0]:  41%|████      | 8249/20000 [03:06<03:39, 53.48it/s, acc=0.309, device=mps, eta=4m27s, loss=1.9828, sps=44.1]
BC[stage1_datasets_L40_stepsweep/bc_baseline_none_steps20000_tr0]:  41%|████▏     | 8257/20000 [03:06<03:19, 58.81it/s, acc=0.309, device=mps, eta=4m27s, loss=1.9828, sps=44.1]
BC[stage1_datasets_L40_stepsweep/bc_baseline_none_steps20000_tr0]:  41%|████▏     | 8264/20000 [03:07<04:02, 48.44it/s, acc=0.309, device=mps, eta=4m27s, loss=1.9828, sps=44.1]
BC[stage1_datasets_L40_stepsweep/bc_baseline_none_steps20000_tr0]:  41%|████▏     | 8272/20000 [03:07<03:34, 54.60it/s, acc=0.309, device=mps, eta=4m27s, loss=1.9828, sps=44.1]
BC[stage1_datasets_L40_stepsweep/bc_baseline_none_steps20000_tr0]:  41%|████▏     | 8281/20000 [03:07<04:00, 48.70it/s, acc=0.309, device=mps, eta=4m27s, loss=1.9828, sps=44.1]
BC[stage1_datasets_L40_stepsweep/bc_baseline_none_steps20000_tr0]:  41%|████▏     | 8289/20000 [03:07<03:34, 54.58it/s, acc=0.309, device=mps, eta=4m27s, loss=1.9828, sps=44.1]
BC[stage1_datasets_L40_stepsweep/bc_baseline_none_steps20000_tr0]:  41%|████▏     | 8297/20000 [03:07<03:16, 59.65it/s, acc=0.309, device=mps, eta=4m27s, loss=1.9828, sps=44.1]
BC[stage1_datasets_L40_stepsweep/bc_baseline_none_steps20000_tr0]:  42%|████▏     | 8304/20000 [03:07<03:57, 49.21it/s, acc=0.309, device=mps, eta=4m27s, loss=1.9828, sps=44.1]
BC[stage1_datasets_L40_stepsweep/bc_baseline_none_steps20000_tr0]:  42%|████▏     | 8312/20000 [03:08<03:31, 55.14it/s, acc=0.309, device=mps, eta=4m27s, loss=1.9828, sps=44.1]
BC[stage1_datasets_L40_stepsweep/bc_baseline_none_steps20000_tr0]:  42%|████▏     | 8320/20000 [03:08<03:13, 60.45it/s, acc=0.309, device=mps, eta=4m27s, loss=1.9828, sps=44.1]
BC[stage1_datasets_L40_stepsweep/bc_baseline_none_steps20000_tr0]:  42%|████▏     | 8327/20000 [03:08<03:59, 48.74it/s, acc=0.309, device=mps, eta=4m27s, loss=1.9828, sps=44.1]
BC[stage1_datasets_L40_stepsweep/bc_baseline_none_steps20000_tr0]:  42%|████▏     | 8334/20000 [03:08<03:45, 51.82it/s, acc=0.309, device=mps, eta=4m27s, loss=1.9828, sps=44.1]
BC[stage1_datasets_L40_stepsweep/bc_baseline_none_steps20000_tr0]:  42%|████▏     | 8341/20000 [03:08<04:33, 42.56it/s, acc=0.309, device=mps, eta=4m27s, loss=1.9828, sps=44.1]
BC[stage1_datasets_L40_stepsweep/bc_baseline_none_steps20000_tr0]:  42%|████▏     | 8349/20000 [03:08<04:00, 48.34it/s, acc=0.309, device=mps, eta=4m27s, loss=1.9828, sps=44.1]
BC[stage1_datasets_L40_stepsweep/bc_baseline_none_steps20000_tr0]:  42%|████▏     | 8356/20000 [03:08<03:46, 51.38it/s, acc=0.309, device=mps, eta=4m27s, loss=1.9828, sps=44.1]
BC[stage1_datasets_L40_stepsweep/bc_baseline_none_steps20000_tr0]:  42%|████▏     | 8362/20000 [03:09<04:28, 43.34it/s, acc=0.309, device=mps, eta=4m27s, loss=1.9828, sps=44.1]
BC[stage1_datasets_L40_stepsweep/bc_baseline_none_steps20000_tr0]:  42%|████▏     | 8370/20000 [03:09<03:50, 50.45it/s, acc=0.309, device=mps, eta=4m27s, loss=1.9828, sps=44.1]
BC[stage1_datasets_L40_stepsweep/bc_baseline_none_steps20000_tr0]:  42%|████▏     | 8378/20000 [03:09<03:26, 56.41it/s, acc=0.309, device=mps, eta=4m27s, loss=1.9828, sps=44.1]
BC[stage1_datasets_L40_stepsweep/bc_baseline_none_steps20000_tr0]:  42%|████▏     | 8385/20000 [03:09<04:04, 47.53it/s, acc=0.309, device=mps, eta=4m27s, loss=1.9828, sps=44.1]
BC[stage1_datasets_L40_stepsweep/bc_baseline_none_steps20000_tr0]:  42%|████▏     | 8392/20000 [03:09<03:49, 50.64it/s, acc=0.309, device=mps, eta=4m27s, loss=1.9828, sps=44.1]
BC[stage1_datasets_L40_stepsweep/bc_baseline_none_steps20000_tr0]:  42%|████▏     | 8398/20000 [03:09<03:44, 51.58it/s, acc=0.309, device=mps, eta=4m27s, loss=1.9828, sps=44.1]
BC[stage1_datasets_L40_stepsweep/bc_baseline_none_steps20000_tr0]:  42%|████▏     | 8398/20000 [03:09<03:44, 51.58it/s, acc=0.306, device=mps, eta=4m22s, loss=1.9915, sps=44.3]
BC[stage1_datasets_L40_stepsweep/bc_baseline_none_steps20000_tr0]:  42%|████▏     | 8404/20000 [03:09<04:37, 41.79it/s, acc=0.306, device=mps, eta=4m22s, loss=1.9915, sps=44.3]
BC[stage1_datasets_L40_stepsweep/bc_baseline_none_steps20000_tr0]:  42%|████▏     | 8410/20000 [03:10<04:20, 44.42it/s, acc=0.306, device=mps, eta=4m22s, loss=1.9915, sps=44.3]
BC[stage1_datasets_L40_stepsweep/bc_baseline_none_steps20000_tr0]:  42%|████▏     | 8416/20000 [03:10<04:07, 46.88it/s, acc=0.306, device=mps, eta=4m22s, loss=1.9915, sps=44.3]
BC[stage1_datasets_L40_stepsweep/bc_baseline_none_steps20000_tr0]:  42%|████▏     | 8422/20000 [03:10<04:59, 38.64it/s, acc=0.306, device=mps, eta=4m22s, loss=1.9915, sps=44.3]
BC[stage1_datasets_L40_stepsweep/bc_baseline_none_steps20000_tr0]:  42%|████▏     | 8430/20000 [03:10<04:14, 45.52it/s, acc=0.306, device=mps, eta=4m22s, loss=1.9915, sps=44.3]
BC[stage1_datasets_L40_stepsweep/bc_baseline_none_steps20000_tr0]:  42%|████▏     | 8436/20000 [03:10<04:01, 47.90it/s, acc=0.306, device=mps, eta=4m22s, loss=1.9915, sps=44.3]
BC[stage1_datasets_L40_stepsweep/bc_baseline_none_steps20000_tr0]:  42%|████▏     | 8442/20000 [03:10<04:43, 40.83it/s, acc=0.306, device=mps, eta=4m22s, loss=1.9915, sps=44.3]
BC[stage1_datasets_L40_stepsweep/bc_baseline_none_steps20000_tr0]:  42%|████▏     | 8450/20000 [03:10<03:59, 48.31it/s, acc=0.306, device=mps, eta=4m22s, loss=1.9915, sps=44.3]
BC[stage1_datasets_L40_stepsweep/bc_baseline_none_steps20000_tr0]:  42%|████▏     | 8458/20000 [03:11<03:32, 54.20it/s, acc=0.306, device=mps, eta=4m22s, loss=1.9915, sps=44.3]
BC[stage1_datasets_L40_stepsweep/bc_baseline_none_steps20000_tr0]:  42%|████▏     | 8464/20000 [03:11<04:12, 45.64it/s, acc=0.306, device=mps, eta=4m22s, loss=1.9915, sps=44.3]
BC[stage1_datasets_L40_stepsweep/bc_baseline_none_steps20000_tr0]:  42%|████▏     | 8472/20000 [03:11<03:40, 52.25it/s, acc=0.306, device=mps, eta=4m22s, loss=1.9915, sps=44.3]
BC[stage1_datasets_L40_stepsweep/bc_baseline_none_steps20000_tr0]:  42%|████▏     | 8480/20000 [03:11<03:18, 58.13it/s, acc=0.306, device=mps, eta=4m22s, loss=1.9915, sps=44.3]
BC[stage1_datasets_L40_stepsweep/bc_baseline_none_steps20000_tr0]:  42%|████▏     | 8487/20000 [03:11<04:06, 46.76it/s, acc=0.306, device=mps, eta=4m22s, loss=1.9915, sps=44.3]
BC[stage1_datasets_L40_stepsweep/bc_baseline_none_steps20000_tr0]:  42%|████▏     | 8493/20000 [03:11<03:53, 49.36it/s, acc=0.306, device=mps, eta=4m22s, loss=1.9915, sps=44.3]
BC[stage1_datasets_L40_stepsweep/bc_baseline_none_steps20000_tr0]:  42%|████▏     | 8499/20000 [03:11<03:45, 51.11it/s, acc=0.306, device=mps, eta=4m22s, loss=1.9915, sps=44.3]
BC[stage1_datasets_L40_stepsweep/bc_baseline_none_steps20000_tr0]:  43%|████▎     | 8505/20000 [03:12<04:38, 41.28it/s, acc=0.306, device=mps, eta=4m22s, loss=1.9915, sps=44.3]
BC[stage1_datasets_L40_stepsweep/bc_baseline_none_steps20000_tr0]:  43%|████▎     | 8511/20000 [03:12<04:21, 43.95it/s, acc=0.306, device=mps, eta=4m22s, loss=1.9915, sps=44.3]
BC[stage1_datasets_L40_stepsweep/bc_baseline_none_steps20000_tr0]:  43%|████▎     | 8517/20000 [03:12<04:05, 46.78it/s, acc=0.306, device=mps, eta=4m22s, loss=1.9915, sps=44.3]
BC[stage1_datasets_L40_stepsweep/bc_baseline_none_steps20000_tr0]:  43%|████▎     | 8523/20000 [03:12<04:53, 39.08it/s, acc=0.306, device=mps, eta=4m22s, loss=1.9915, sps=44.3]
BC[stage1_datasets_L40_stepsweep/bc_baseline_none_steps20000_tr0]:  43%|████▎     | 8529/20000 [03:12<04:27, 42.88it/s, acc=0.306, device=mps, eta=4m22s, loss=1.9915, sps=44.3]
BC[stage1_datasets_L40_stepsweep/bc_baseline_none_steps20000_tr0]:  43%|████▎     | 8535/20000 [03:12<04:09, 46.02it/s, acc=0.306, device=mps, eta=4m22s, loss=1.9915, sps=44.3]
BC[stage1_datasets_L40_stepsweep/bc_baseline_none_steps20000_tr0]:  43%|████▎     | 8541/20000 [03:13<04:54, 38.97it/s, acc=0.306, device=mps, eta=4m22s, loss=1.9915, sps=44.3]
BC[stage1_datasets_L40_stepsweep/bc_baseline_none_steps20000_tr0]:  43%|████▎     | 8549/20000 [03:13<04:03, 47.00it/s, acc=0.306, device=mps, eta=4m22s, loss=1.9915, sps=44.3]
BC[stage1_datasets_L40_stepsweep/bc_baseline_none_steps20000_tr0]:  43%|████▎     | 8557/20000 [03:13<03:34, 53.41it/s, acc=0.306, device=mps, eta=4m22s, loss=1.9915, sps=44.3]
BC[stage1_datasets_L40_stepsweep/bc_baseline_none_steps20000_tr0]:  43%|████▎     | 8563/20000 [03:13<04:15, 44.78it/s, acc=0.306, device=mps, eta=4m22s, loss=1.9915, sps=44.3]
BC[stage1_datasets_L40_stepsweep/bc_baseline_none_steps20000_tr0]:  43%|████▎     | 8571/20000 [03:13<03:41, 51.59it/s, acc=0.306, device=mps, eta=4m22s, loss=1.9915, sps=44.3]
BC[stage1_datasets_L40_stepsweep/bc_baseline_none_steps20000_tr0]:  43%|████▎     | 8579/20000 [03:13<03:20, 56.92it/s, acc=0.306, device=mps, eta=4m22s, loss=1.9915, sps=44.3]
BC[stage1_datasets_L40_stepsweep/bc_baseline_none_steps20000_tr0]:  43%|████▎     | 8586/20000 [03:13<04:02, 47.00it/s, acc=0.306, device=mps, eta=4m22s, loss=1.9915, sps=44.3]
BC[stage1_datasets_L40_stepsweep/bc_baseline_none_steps20000_tr0]:  43%|████▎     | 8592/20000 [03:13<03:49, 49.65it/s, acc=0.306, device=mps, eta=4m22s, loss=1.9915, sps=44.3]
BC[stage1_datasets_L40_stepsweep/bc_baseline_none_steps20000_tr0]:  43%|████▎     | 8599/20000 [03:14<03:37, 52.46it/s, acc=0.306, device=mps, eta=4m22s, loss=1.9915, sps=44.3]
BC[stage1_datasets_L40_stepsweep/bc_baseline_none_steps20000_tr0]:  43%|████▎     | 8599/20000 [03:14<03:37, 52.46it/s, acc=0.307, device=mps, eta=4m17s, loss=1.9808, sps=44.3]
BC[stage1_datasets_L40_stepsweep/bc_baseline_none_steps20000_tr0]:  43%|████▎     | 8605/20000 [03:14<04:31, 41.99it/s, acc=0.307, device=mps, eta=4m17s, loss=1.9808, sps=44.3]
BC[stage1_datasets_L40_stepsweep/bc_baseline_none_steps20000_tr0]:  43%|████▎     | 8611/20000 [03:14<04:12, 45.14it/s, acc=0.307, device=mps, eta=4m17s, loss=1.9808, sps=44.3]
BC[stage1_datasets_L40_stepsweep/bc_baseline_none_steps20000_tr0]:  43%|████▎     | 8617/20000 [03:14<03:58, 47.76it/s, acc=0.307, device=mps, eta=4m17s, loss=1.9808, sps=44.3]
BC[stage1_datasets_L40_stepsweep/bc_baseline_none_steps20000_tr0]:  43%|████▎     | 8623/20000 [03:14<04:46, 39.72it/s, acc=0.307, device=mps, eta=4m17s, loss=1.9808, sps=44.3]
BC[stage1_datasets_L40_stepsweep/bc_baseline_none_steps20000_tr0]:  43%|████▎     | 8631/20000 [03:14<03:59, 47.47it/s, acc=0.307, device=mps, eta=4m17s, loss=1.9808, sps=44.3]
BC[stage1_datasets_L40_stepsweep/bc_baseline_none_steps20000_tr0]:  43%|████▎     | 8638/20000 [03:14<03:35, 52.68it/s, acc=0.307, device=mps, eta=4m17s, loss=1.9808, sps=44.3]
BC[stage1_datasets_L40_stepsweep/bc_baseline_none_steps20000_tr0]:  43%|████▎     | 8644/20000 [03:15<04:15, 44.41it/s, acc=0.307, device=mps, eta=4m17s, loss=1.9808, sps=44.3]
BC[stage1_datasets_L40_stepsweep/bc_baseline_none_steps20000_tr0]:  43%|████▎     | 8652/20000 [03:15<03:41, 51.26it/s, acc=0.307, device=mps, eta=4m17s, loss=1.9808, sps=44.3]
BC[stage1_datasets_L40_stepsweep/bc_baseline_none_steps20000_tr0]:  43%|████▎     | 8660/20000 [03:15<03:18, 57.14it/s, acc=0.307, device=mps, eta=4m17s, loss=1.9808, sps=44.3]
BC[stage1_datasets_L40_stepsweep/bc_baseline_none_steps20000_tr0]:  43%|████▎     | 8667/20000 [03:15<04:04, 46.28it/s, acc=0.307, device=mps, eta=4m17s, loss=1.9808, sps=44.3]
BC[stage1_datasets_L40_stepsweep/bc_baseline_none_steps20000_tr0]:  43%|████▎     | 8673/20000 [03:15<03:54, 48.23it/s, acc=0.307, device=mps, eta=4m17s, loss=1.9808, sps=44.3]
BC[stage1_datasets_L40_stepsweep/bc_baseline_none_steps20000_tr0]:  43%|████▎     | 8679/20000 [03:15<03:45, 50.31it/s, acc=0.307, device=mps, eta=4m17s, loss=1.9808, sps=44.3]
BC[stage1_datasets_L40_stepsweep/bc_baseline_none_steps20000_tr0]:  43%|████▎     | 8685/20000 [03:15<04:32, 41.57it/s, acc=0.307, device=mps, eta=4m17s, loss=1.9808, sps=44.3]
BC[stage1_datasets_L40_stepsweep/bc_baseline_none_steps20000_tr0]:  43%|████▎     | 8691/20000 [03:16<04:15, 44.23it/s, acc=0.307, device=mps, eta=4m17s, loss=1.9808, sps=44.3]
BC[stage1_datasets_L40_stepsweep/bc_baseline_none_steps20000_tr0]:  43%|████▎     | 8698/20000 [03:16<03:51, 48.73it/s, acc=0.307, device=mps, eta=4m17s, loss=1.9808, sps=44.3]
BC[stage1_datasets_L40_stepsweep/bc_baseline_none_steps20000_tr0]:  44%|████▎     | 8704/20000 [03:16<04:38, 40.50it/s, acc=0.307, device=mps, eta=4m17s, loss=1.9808, sps=44.3]
BC[stage1_datasets_L40_stepsweep/bc_baseline_none_steps20000_tr0]:  44%|████▎     | 8710/20000 [03:16<04:21, 43.22it/s, acc=0.307, device=mps, eta=4m17s, loss=1.9808, sps=44.3]
BC[stage1_datasets_L40_stepsweep/bc_baseline_none_steps20000_tr0]:  44%|████▎     | 8716/20000 [03:16<04:01, 46.71it/s, acc=0.307, device=mps, eta=4m17s, loss=1.9808, sps=44.3]
BC[stage1_datasets_L40_stepsweep/bc_baseline_none_steps20000_tr0]:  44%|████▎     | 8722/20000 [03:16<04:41, 40.03it/s, acc=0.307, device=mps, eta=4m17s, loss=1.9808, sps=44.3]
BC[stage1_datasets_L40_stepsweep/bc_baseline_none_steps20000_tr0]:  44%|████▎     | 8730/20000 [03:16<03:54, 48.05it/s, acc=0.307, device=mps, eta=4m17s, loss=1.9808, sps=44.3]
BC[stage1_datasets_L40_stepsweep/bc_baseline_none_steps20000_tr0]:  44%|████▎     | 8738/20000 [03:17<03:25, 54.88it/s, acc=0.307, device=mps, eta=4m17s, loss=1.9808, sps=44.3]
BC[stage1_datasets_L40_stepsweep/bc_baseline_none_steps20000_tr0]:  44%|████▎     | 8745/20000 [03:17<04:01, 46.68it/s, acc=0.307, device=mps, eta=4m17s, loss=1.9808, sps=44.3]
BC[stage1_datasets_L40_stepsweep/bc_baseline_none_steps20000_tr0]:  44%|████▍     | 8752/20000 [03:17<03:43, 50.32it/s, acc=0.307, device=mps, eta=4m17s, loss=1.9808, sps=44.3]
BC[stage1_datasets_L40_stepsweep/bc_baseline_none_steps20000_tr0]:  44%|████▍     | 8758/20000 [03:17<03:35, 52.08it/s, acc=0.307, device=mps, eta=4m17s, loss=1.9808, sps=44.3]
BC[stage1_datasets_L40_stepsweep/bc_baseline_none_steps20000_tr0]:  44%|████▍     | 8764/20000 [03:17<04:32, 41.21it/s, acc=0.307, device=mps, eta=4m17s, loss=1.9808, sps=44.3]
BC[stage1_datasets_L40_stepsweep/bc_baseline_none_steps20000_tr0]:  44%|████▍     | 8770/20000 [03:17<04:15, 43.98it/s, acc=0.307, device=mps, eta=4m17s, loss=1.9808, sps=44.3]
BC[stage1_datasets_L40_stepsweep/bc_baseline_none_steps20000_tr0]:  44%|████▍     | 8777/20000 [03:17<03:49, 48.88it/s, acc=0.307, device=mps, eta=4m17s, loss=1.9808, sps=44.3]
BC[stage1_datasets_L40_stepsweep/bc_baseline_none_steps20000_tr0]:  44%|████▍     | 8783/20000 [03:18<04:29, 41.57it/s, acc=0.307, device=mps, eta=4m17s, loss=1.9808, sps=44.3]
BC[stage1_datasets_L40_stepsweep/bc_baseline_none_steps20000_tr0]:  44%|████▍     | 8791/20000 [03:18<03:48, 49.03it/s, acc=0.307, device=mps, eta=4m17s, loss=1.9808, sps=44.3]
BC[stage1_datasets_L40_stepsweep/bc_baseline_none_steps20000_tr0]:  44%|████▍     | 8799/20000 [03:18<03:23, 54.95it/s, acc=0.307, device=mps, eta=4m17s, loss=1.9808, sps=44.3]
BC[stage1_datasets_L40_stepsweep/bc_baseline_none_steps20000_tr0]:  44%|████▍     | 8799/20000 [03:18<03:23, 54.95it/s, acc=0.308, device=mps, eta=4m12s, loss=1.9883, sps=44.4]
BC[stage1_datasets_L40_stepsweep/bc_baseline_none_steps20000_tr0]:  44%|████▍     | 8805/20000 [03:18<04:07, 45.19it/s, acc=0.308, device=mps, eta=4m12s, loss=1.9883, sps=44.4]
BC[stage1_datasets_L40_stepsweep/bc_baseline_none_steps20000_tr0]:  44%|████▍     | 8812/20000 [03:18<03:48, 49.02it/s, acc=0.308, device=mps, eta=4m12s, loss=1.9883, sps=44.4]
BC[stage1_datasets_L40_stepsweep/bc_baseline_none_steps20000_tr0]:  44%|████▍     | 8818/20000 [03:18<03:37, 51.52it/s, acc=0.308, device=mps, eta=4m12s, loss=1.9883, sps=44.4]
BC[stage1_datasets_L40_stepsweep/bc_baseline_none_steps20000_tr0]:  44%|████▍     | 8824/20000 [03:18<04:28, 41.60it/s, acc=0.308, device=mps, eta=4m12s, loss=1.9883, sps=44.4]
BC[stage1_datasets_L40_stepsweep/bc_baseline_none_steps20000_tr0]:  44%|████▍     | 8830/20000 [03:19<04:12, 44.18it/s, acc=0.308, device=mps, eta=4m12s, loss=1.9883, sps=44.4]
BC[stage1_datasets_L40_stepsweep/bc_baseline_none_steps20000_tr0]:  44%|████▍     | 8836/20000 [03:19<03:55, 47.34it/s, acc=0.308, device=mps, eta=4m12s, loss=1.9883, sps=44.4]
BC[stage1_datasets_L40_stepsweep/bc_baseline_none_steps20000_tr0]:  44%|████▍     | 8842/20000 [03:19<04:37, 40.26it/s, acc=0.308, device=mps, eta=4m12s, loss=1.9883, sps=44.4]
BC[stage1_datasets_L40_stepsweep/bc_baseline_none_steps20000_tr0]:  44%|████▍     | 8850/20000 [03:19<03:51, 48.17it/s, acc=0.308, device=mps, eta=4m12s, loss=1.9883, sps=44.4]
BC[stage1_datasets_L40_stepsweep/bc_baseline_none_steps20000_tr0]:  44%|████▍     | 8858/20000 [03:19<03:22, 54.90it/s, acc=0.308, device=mps, eta=4m12s, loss=1.9883, sps=44.4]
BC[stage1_datasets_L40_stepsweep/bc_baseline_none_steps20000_tr0]:  44%|████▍     | 8865/20000 [03:19<04:00, 46.32it/s, acc=0.308, device=mps, eta=4m12s, loss=1.9883, sps=44.4]
BC[stage1_datasets_L40_stepsweep/bc_baseline_none_steps20000_tr0]:  44%|████▍     | 8873/20000 [03:19<03:30, 52.80it/s, acc=0.308, device=mps, eta=4m12s, loss=1.9883, sps=44.4]
BC[stage1_datasets_L40_stepsweep/bc_baseline_none_steps20000_tr0]:  44%|████▍     | 8881/20000 [03:20<04:02, 45.80it/s, acc=0.308, device=mps, eta=4m12s, loss=1.9883, sps=44.4]
BC[stage1_datasets_L40_stepsweep/bc_baseline_none_steps20000_tr0]:  44%|████▍     | 8889/20000 [03:20<03:33, 52.08it/s, acc=0.308, device=mps, eta=4m12s, loss=1.9883, sps=44.4]
BC[stage1_datasets_L40_stepsweep/bc_baseline_none_steps20000_tr0]:  44%|████▍     | 8897/20000 [03:20<03:13, 57.35it/s, acc=0.308, device=mps, eta=4m12s, loss=1.9883, sps=44.4]
BC[stage1_datasets_L40_stepsweep/bc_baseline_none_steps20000_tr0]:  45%|████▍     | 8904/20000 [03:20<03:51, 47.88it/s, acc=0.308, device=mps, eta=4m12s, loss=1.9883, sps=44.4]
BC[stage1_datasets_L40_stepsweep/bc_baseline_none_steps20000_tr0]:  45%|████▍     | 8911/20000 [03:20<03:36, 51.23it/s, acc=0.308, device=mps, eta=4m12s, loss=1.9883, sps=44.4]
BC[stage1_datasets_L40_stepsweep/bc_baseline_none_steps20000_tr0]:  45%|████▍     | 8918/20000 [03:20<03:25, 54.02it/s, acc=0.308, device=mps, eta=4m12s, loss=1.9883, sps=44.4]
BC[stage1_datasets_L40_stepsweep/bc_baseline_none_steps20000_tr0]:  45%|████▍     | 8924/20000 [03:20<04:11, 44.04it/s, acc=0.308, device=mps, eta=4m12s, loss=1.9883, sps=44.4]
BC[stage1_datasets_L40_stepsweep/bc_baseline_none_steps20000_tr0]:  45%|████▍     | 8930/20000 [03:21<03:59, 46.29it/s, acc=0.308, device=mps, eta=4m12s, loss=1.9883, sps=44.4]
BC[stage1_datasets_L40_stepsweep/bc_baseline_none_steps20000_tr0]:  45%|████▍     | 8937/20000 [03:21<03:39, 50.49it/s, acc=0.308, device=mps, eta=4m12s, loss=1.9883, sps=44.4]
BC[stage1_datasets_L40_stepsweep/bc_baseline_none_steps20000_tr0]:  45%|████▍     | 8943/20000 [03:21<04:19, 42.59it/s, acc=0.308, device=mps, eta=4m12s, loss=1.9883, sps=44.4]
BC[stage1_datasets_L40_stepsweep/bc_baseline_none_steps20000_tr0]:  45%|████▍     | 8951/20000 [03:21<03:41, 49.82it/s, acc=0.308, device=mps, eta=4m12s, loss=1.9883, sps=44.4]
BC[stage1_datasets_L40_stepsweep/bc_baseline_none_steps20000_tr0]:  45%|████▍     | 8959/20000 [03:21<03:18, 55.62it/s, acc=0.308, device=mps, eta=4m12s, loss=1.9883, sps=44.4]
BC[stage1_datasets_L40_stepsweep/bc_baseline_none_steps20000_tr0]:  45%|████▍     | 8966/20000 [03:21<03:57, 46.39it/s, acc=0.308, device=mps, eta=4m12s, loss=1.9883, sps=44.4]
BC[stage1_datasets_L40_stepsweep/bc_baseline_none_steps20000_tr0]:  45%|████▍     | 8972/20000 [03:21<03:45, 48.85it/s, acc=0.308, device=mps, eta=4m12s, loss=1.9883, sps=44.4]
BC[stage1_datasets_L40_stepsweep/bc_baseline_none_steps20000_tr0]:  45%|████▍     | 8978/20000 [03:22<03:36, 50.96it/s, acc=0.308, device=mps, eta=4m12s, loss=1.9883, sps=44.4]
BC[stage1_datasets_L40_stepsweep/bc_baseline_none_steps20000_tr0]:  45%|████▍     | 8984/20000 [03:22<04:20, 42.22it/s, acc=0.308, device=mps, eta=4m12s, loss=1.9883, sps=44.4]
BC[stage1_datasets_L40_stepsweep/bc_baseline_none_steps20000_tr0]:  45%|████▍     | 8992/20000 [03:22<03:41, 49.80it/s, acc=0.308, device=mps, eta=4m12s, loss=1.9883, sps=44.4]
BC[stage1_datasets_L40_stepsweep/bc_baseline_none_steps20000_tr0]:  45%|████▍     | 8992/20000 [03:22<03:41, 49.80it/s, acc=0.308, device=mps, eta=4m07s, loss=1.9877, sps=44.4]
BC[stage1_datasets_L40_stepsweep/bc_baseline_none_steps20000_tr0]:  45%|████▌     | 9000/20000 [03:22<03:15, 56.15it/s, acc=0.308, device=mps, eta=4m07s, loss=1.9877, sps=44.4]
BC[stage1_datasets_L40_stepsweep/bc_baseline_none_steps20000_tr0]:  45%|████▌     | 9007/20000 [03:22<04:04, 45.00it/s, acc=0.308, device=mps, eta=4m07s, loss=1.9877, sps=44.4]
BC[stage1_datasets_L40_stepsweep/bc_baseline_none_steps20000_tr0]:  45%|████▌     | 9013/20000 [03:22<03:51, 47.53it/s, acc=0.308, device=mps, eta=4m07s, loss=1.9877, sps=44.4]
BC[stage1_datasets_L40_stepsweep/bc_baseline_none_steps20000_tr0]:  45%|████▌     | 9019/20000 [03:22<03:42, 49.27it/s, acc=0.308, device=mps, eta=4m07s, loss=1.9877, sps=44.4]
BC[stage1_datasets_L40_stepsweep/bc_baseline_none_steps20000_tr0]:  45%|████▌     | 9025/20000 [03:23<04:27, 40.96it/s, acc=0.308, device=mps, eta=4m07s, loss=1.9877, sps=44.4]
BC[stage1_datasets_L40_stepsweep/bc_baseline_none_steps20000_tr0]:  45%|████▌     | 9031/20000 [03:23<04:08, 44.10it/s, acc=0.308, device=mps, eta=4m07s, loss=1.9877, sps=44.4]
BC[stage1_datasets_L40_stepsweep/bc_baseline_none_steps20000_tr0]:  45%|████▌     | 9037/20000 [03:23<03:50, 47.55it/s, acc=0.308, device=mps, eta=4m07s, loss=1.9877, sps=44.4]
BC[stage1_datasets_L40_stepsweep/bc_baseline_none_steps20000_tr0]:  45%|████▌     | 9043/20000 [03:23<04:33, 40.06it/s, acc=0.308, device=mps, eta=4m07s, loss=1.9877, sps=44.4]
BC[stage1_datasets_L40_stepsweep/bc_baseline_none_steps20000_tr0]:  45%|████▌     | 9051/20000 [03:23<03:47, 48.07it/s, acc=0.308, device=mps, eta=4m07s, loss=1.9877, sps=44.4]
BC[stage1_datasets_L40_stepsweep/bc_baseline_none_steps20000_tr0]:  45%|████▌     | 9059/20000 [03:23<03:20, 54.53it/s, acc=0.308, device=mps, eta=4m07s, loss=1.9877, sps=44.4]
BC[stage1_datasets_L40_stepsweep/bc_baseline_none_steps20000_tr0]:  45%|████▌     | 9065/20000 [03:23<04:00, 45.38it/s, acc=0.308, device=mps, eta=4m07s, loss=1.9877, sps=44.4]
BC[stage1_datasets_L40_stepsweep/bc_baseline_none_steps20000_tr0]:  45%|████▌     | 9072/20000 [03:24<03:42, 49.06it/s, acc=0.308, device=mps, eta=4m07s, loss=1.9877, sps=44.4]
BC[stage1_datasets_L40_stepsweep/bc_baseline_none_steps20000_tr0]:  45%|████▌     | 9078/20000 [03:24<03:39, 49.75it/s, acc=0.308, device=mps, eta=4m07s, loss=1.9877, sps=44.4]
BC[stage1_datasets_L40_stepsweep/bc_baseline_none_steps20000_tr0]:  45%|████▌     | 9084/20000 [03:24<04:21, 41.73it/s, acc=0.308, device=mps, eta=4m07s, loss=1.9877, sps=44.4]
BC[stage1_datasets_L40_stepsweep/bc_baseline_none_steps20000_tr0]:  45%|████▌     | 9092/20000 [03:24<03:39, 49.81it/s, acc=0.308, device=mps, eta=4m07s, loss=1.9877, sps=44.4]
BC[stage1_datasets_L40_stepsweep/bc_baseline_none_steps20000_tr0]:  46%|████▌     | 9100/20000 [03:24<03:12, 56.53it/s, acc=0.308, device=mps, eta=4m07s, loss=1.9877, sps=44.4]
BC[stage1_datasets_L40_stepsweep/bc_baseline_none_steps20000_tr0]:  46%|████▌     | 9107/20000 [03:24<03:53, 46.74it/s, acc=0.308, device=mps, eta=4m07s, loss=1.9877, sps=44.4]
BC[stage1_datasets_L40_stepsweep/bc_baseline_none_steps20000_tr0]:  46%|████▌     | 9114/20000 [03:24<03:34, 50.82it/s, acc=0.308, device=mps, eta=4m07s, loss=1.9877, sps=44.4]
BC[stage1_datasets_L40_stepsweep/bc_baseline_none_steps20000_tr0]:  46%|████▌     | 9121/20000 [03:25<04:17, 42.21it/s, acc=0.308, device=mps, eta=4m07s, loss=1.9877, sps=44.4]
BC[stage1_datasets_L40_stepsweep/bc_baseline_none_steps20000_tr0]:  46%|████▌     | 9126/20000 [03:25<04:08, 43.78it/s, acc=0.308, device=mps, eta=4m07s, loss=1.9877, sps=44.4]
BC[stage1_datasets_L40_stepsweep/bc_baseline_none_steps20000_tr0]:  46%|████▌     | 9132/20000 [03:25<03:54, 46.35it/s, acc=0.308, device=mps, eta=4m07s, loss=1.9877, sps=44.4]
BC[stage1_datasets_L40_stepsweep/bc_baseline_none_steps20000_tr0]:  46%|████▌     | 9139/20000 [03:25<03:35, 50.32it/s, acc=0.308, device=mps, eta=4m07s, loss=1.9877, sps=44.4]
BC[stage1_datasets_L40_stepsweep/bc_baseline_none_steps20000_tr0]:  46%|████▌     | 9145/20000 [03:25<04:14, 42.59it/s, acc=0.308, device=mps, eta=4m07s, loss=1.9877, sps=44.4]
BC[stage1_datasets_L40_stepsweep/bc_baseline_none_steps20000_tr0]:  46%|████▌     | 9152/20000 [03:25<03:46, 47.84it/s, acc=0.308, device=mps, eta=4m07s, loss=1.9877, sps=44.4]
BC[stage1_datasets_L40_stepsweep/bc_baseline_none_steps20000_tr0]:  46%|████▌     | 9159/20000 [03:25<03:25, 52.72it/s, acc=0.308, device=mps, eta=4m07s, loss=1.9877, sps=44.4]
BC[stage1_datasets_L40_stepsweep/bc_baseline_none_steps20000_tr0]:  46%|████▌     | 9165/20000 [03:26<04:07, 43.71it/s, acc=0.308, device=mps, eta=4m07s, loss=1.9877, sps=44.4]
BC[stage1_datasets_L40_stepsweep/bc_baseline_none_steps20000_tr0]:  46%|████▌     | 9171/20000 [03:26<03:49, 47.19it/s, acc=0.308, device=mps, eta=4m07s, loss=1.9877, sps=44.4]
BC[stage1_datasets_L40_stepsweep/bc_baseline_none_steps20000_tr0]:  46%|████▌     | 9178/20000 [03:26<03:32, 50.92it/s, acc=0.308, device=mps, eta=4m07s, loss=1.9877, sps=44.4]
BC[stage1_datasets_L40_stepsweep/bc_baseline_none_steps20000_tr0]:  46%|████▌     | 9184/20000 [03:26<04:14, 42.45it/s, acc=0.308, device=mps, eta=4m07s, loss=1.9877, sps=44.4]
BC[stage1_datasets_L40_stepsweep/bc_baseline_none_steps20000_tr0]:  46%|████▌     | 9190/20000 [03:26<03:53, 46.28it/s, acc=0.308, device=mps, eta=4m07s, loss=1.9877, sps=44.4]
BC[stage1_datasets_L40_stepsweep/bc_baseline_none_steps20000_tr0]:  46%|████▌     | 9197/20000 [03:26<03:34, 50.44it/s, acc=0.308, device=mps, eta=4m07s, loss=1.9877, sps=44.4]
BC[stage1_datasets_L40_stepsweep/bc_baseline_none_steps20000_tr0]:  46%|████▌     | 9197/20000 [03:26<03:34, 50.44it/s, acc=0.308, device=mps, eta=4m03s, loss=1.9793, sps=44.5]
BC[stage1_datasets_L40_stepsweep/bc_baseline_none_steps20000_tr0]:  46%|████▌     | 9203/20000 [03:26<04:15, 42.24it/s, acc=0.308, device=mps, eta=4m03s, loss=1.9793, sps=44.5]
BC[stage1_datasets_L40_stepsweep/bc_baseline_none_steps20000_tr0]:  46%|████▌     | 9209/20000 [03:27<03:56, 45.53it/s, acc=0.308, device=mps, eta=4m03s, loss=1.9793, sps=44.5]
BC[stage1_datasets_L40_stepsweep/bc_baseline_none_steps20000_tr0]:  46%|████▌     | 9215/20000 [03:27<03:41, 48.64it/s, acc=0.308, device=mps, eta=4m03s, loss=1.9793, sps=44.5]
BC[stage1_datasets_L40_stepsweep/bc_baseline_none_steps20000_tr0]:  46%|████▌     | 9221/20000 [03:27<04:31, 39.72it/s, acc=0.308, device=mps, eta=4m03s, loss=1.9793, sps=44.5]
BC[stage1_datasets_L40_stepsweep/bc_baseline_none_steps20000_tr0]:  46%|████▌     | 9229/20000 [03:27<03:44, 47.88it/s, acc=0.308, device=mps, eta=4m03s, loss=1.9793, sps=44.5]
BC[stage1_datasets_L40_stepsweep/bc_baseline_none_steps20000_tr0]:  46%|████▌     | 9237/20000 [03:27<03:17, 54.63it/s, acc=0.308, device=mps, eta=4m03s, loss=1.9793, sps=44.5]
BC[stage1_datasets_L40_stepsweep/bc_baseline_none_steps20000_tr0]:  46%|████▌     | 9244/20000 [03:27<03:53, 46.01it/s, acc=0.308, device=mps, eta=4m03s, loss=1.9793, sps=44.5]
BC[stage1_datasets_L40_stepsweep/bc_baseline_none_steps20000_tr0]:  46%|████▋     | 9252/20000 [03:27<03:23, 52.78it/s, acc=0.308, device=mps, eta=4m03s, loss=1.9793, sps=44.5]
BC[stage1_datasets_L40_stepsweep/bc_baseline_none_steps20000_tr0]:  46%|████▋     | 9260/20000 [03:27<03:02, 58.92it/s, acc=0.308, device=mps, eta=4m03s, loss=1.9793, sps=44.5]
BC[stage1_datasets_L40_stepsweep/bc_baseline_none_steps20000_tr0]:  46%|████▋     | 9267/20000 [03:28<03:43, 47.98it/s, acc=0.308, device=mps, eta=4m03s, loss=1.9793, sps=44.5]
BC[stage1_datasets_L40_stepsweep/bc_baseline_none_steps20000_tr0]:  46%|████▋     | 9274/20000 [03:28<03:29, 51.09it/s, acc=0.308, device=mps, eta=4m03s, loss=1.9793, sps=44.5]
BC[stage1_datasets_L40_stepsweep/bc_baseline_none_steps20000_tr0]:  46%|████▋     | 9281/20000 [03:28<04:15, 41.98it/s, acc=0.308, device=mps, eta=4m03s, loss=1.9793, sps=44.5]
BC[stage1_datasets_L40_stepsweep/bc_baseline_none_steps20000_tr0]:  46%|████▋     | 9287/20000 [03:28<04:02, 44.09it/s, acc=0.308, device=mps, eta=4m03s, loss=1.9793, sps=44.5]
BC[stage1_datasets_L40_stepsweep/bc_baseline_none_steps20000_tr0]:  46%|████▋     | 9294/20000 [03:28<03:40, 48.60it/s, acc=0.308, device=mps, eta=4m03s, loss=1.9793, sps=44.5]
BC[stage1_datasets_L40_stepsweep/bc_baseline_none_steps20000_tr0]:  47%|████▋     | 9301/20000 [03:28<04:11, 42.62it/s, acc=0.308, device=mps, eta=4m03s, loss=1.9793, sps=44.5]
BC[stage1_datasets_L40_stepsweep/bc_baseline_none_steps20000_tr0]:  47%|████▋     | 9309/20000 [03:29<03:35, 49.72it/s, acc=0.308, device=mps, eta=4m03s, loss=1.9793, sps=44.5]
BC[stage1_datasets_L40_stepsweep/bc_baseline_none_steps20000_tr0]:  47%|████▋     | 9317/20000 [03:29<03:10, 56.02it/s, acc=0.308, device=mps, eta=4m03s, loss=1.9793, sps=44.5]
BC[stage1_datasets_L40_stepsweep/bc_baseline_none_steps20000_tr0]:  47%|████▋     | 9324/20000 [03:29<03:47, 47.01it/s, acc=0.308, device=mps, eta=4m03s, loss=1.9793, sps=44.5]
BC[stage1_datasets_L40_stepsweep/bc_baseline_none_steps20000_tr0]:  47%|████▋     | 9332/20000 [03:29<03:19, 53.37it/s, acc=0.308, device=mps, eta=4m03s, loss=1.9793, sps=44.5]
BC[stage1_datasets_L40_stepsweep/bc_baseline_none_steps20000_tr0]:  47%|████▋     | 9340/20000 [03:29<02:58, 59.56it/s, acc=0.308, device=mps, eta=4m03s, loss=1.9793, sps=44.5]
BC[stage1_datasets_L40_stepsweep/bc_baseline_none_steps20000_tr0]:  47%|████▋     | 9347/20000 [03:29<03:38, 48.67it/s, acc=0.308, device=mps, eta=4m03s, loss=1.9793, sps=44.5]
BC[stage1_datasets_L40_stepsweep/bc_baseline_none_steps20000_tr0]:  47%|████▋     | 9354/20000 [03:29<03:20, 53.03it/s, acc=0.308, device=mps, eta=4m03s, loss=1.9793, sps=44.5]
BC[stage1_datasets_L40_stepsweep/bc_baseline_none_steps20000_tr0]:  47%|████▋     | 9361/20000 [03:30<03:54, 45.28it/s, acc=0.308, device=mps, eta=4m03s, loss=1.9793, sps=44.5]
BC[stage1_datasets_L40_stepsweep/bc_baseline_none_steps20000_tr0]:  47%|████▋     | 9369/20000 [03:30<03:24, 51.95it/s, acc=0.308, device=mps, eta=4m03s, loss=1.9793, sps=44.5]
BC[stage1_datasets_L40_stepsweep/bc_baseline_none_steps20000_tr0]:  47%|████▋     | 9377/20000 [03:30<03:03, 57.85it/s, acc=0.308, device=mps, eta=4m03s, loss=1.9793, sps=44.5]
BC[stage1_datasets_L40_stepsweep/bc_baseline_none_steps20000_tr0]:  47%|████▋     | 9384/20000 [03:30<03:42, 47.68it/s, acc=0.308, device=mps, eta=4m03s, loss=1.9793, sps=44.5]
BC[stage1_datasets_L40_stepsweep/bc_baseline_none_steps20000_tr0]:  47%|████▋     | 9390/20000 [03:30<03:35, 49.27it/s, acc=0.308, device=mps, eta=4m03s, loss=1.9793, sps=44.5]
BC[stage1_datasets_L40_stepsweep/bc_baseline_none_steps20000_tr0]:  47%|████▋     | 9397/20000 [03:30<03:22, 52.24it/s, acc=0.308, device=mps, eta=4m03s, loss=1.9793, sps=44.5]
BC[stage1_datasets_L40_stepsweep/bc_baseline_none_steps20000_tr0]:  47%|████▋     | 9397/20000 [03:30<03:22, 52.24it/s, acc=0.307, device=mps, eta=3m58s, loss=1.9808, sps=44.6]
BC[stage1_datasets_L40_stepsweep/bc_baseline_none_steps20000_tr0]:  47%|████▋     | 9403/20000 [03:30<04:01, 43.91it/s, acc=0.307, device=mps, eta=3m58s, loss=1.9808, sps=44.6]
BC[stage1_datasets_L40_stepsweep/bc_baseline_none_steps20000_tr0]:  47%|████▋     | 9410/20000 [03:31<03:35, 49.08it/s, acc=0.307, device=mps, eta=3m58s, loss=1.9808, sps=44.6]
BC[stage1_datasets_L40_stepsweep/bc_baseline_none_steps20000_tr0]:  47%|████▋     | 9418/20000 [03:31<03:10, 55.47it/s, acc=0.307, device=mps, eta=3m58s, loss=1.9808, sps=44.6]
BC[stage1_datasets_L40_stepsweep/bc_baseline_none_steps20000_tr0]:  47%|████▋     | 9425/20000 [03:31<03:44, 47.05it/s, acc=0.307, device=mps, eta=3m58s, loss=1.9808, sps=44.6]
BC[stage1_datasets_L40_stepsweep/bc_baseline_none_steps20000_tr0]:  47%|████▋     | 9432/20000 [03:31<03:22, 52.08it/s, acc=0.307, device=mps, eta=3m58s, loss=1.9808, sps=44.6]
BC[stage1_datasets_L40_stepsweep/bc_baseline_none_steps20000_tr0]:  47%|████▋     | 9439/20000 [03:31<03:08, 56.07it/s, acc=0.307, device=mps, eta=3m58s, loss=1.9808, sps=44.6]
BC[stage1_datasets_L40_stepsweep/bc_baseline_none_steps20000_tr0]:  47%|████▋     | 9446/20000 [03:31<03:43, 47.19it/s, acc=0.307, device=mps, eta=3m58s, loss=1.9808, sps=44.6]
BC[stage1_datasets_L40_stepsweep/bc_baseline_none_steps20000_tr0]:  47%|████▋     | 9454/20000 [03:31<03:16, 53.66it/s, acc=0.307, device=mps, eta=3m58s, loss=1.9808, sps=44.6]
BC[stage1_datasets_L40_stepsweep/bc_baseline_none_steps20000_tr0]:  47%|████▋     | 9461/20000 [03:32<03:51, 45.54it/s, acc=0.307, device=mps, eta=3m58s, loss=1.9808, sps=44.6]
BC[stage1_datasets_L40_stepsweep/bc_baseline_none_steps20000_tr0]:  47%|████▋     | 9469/20000 [03:32<03:21, 52.15it/s, acc=0.307, device=mps, eta=3m58s, loss=1.9808, sps=44.6]
BC[stage1_datasets_L40_stepsweep/bc_baseline_none_steps20000_tr0]:  47%|████▋     | 9477/20000 [03:32<03:00, 58.35it/s, acc=0.307, device=mps, eta=3m58s, loss=1.9808, sps=44.6]
BC[stage1_datasets_L40_stepsweep/bc_baseline_none_steps20000_tr0]:  47%|████▋     | 9484/20000 [03:32<03:46, 46.51it/s, acc=0.307, device=mps, eta=3m58s, loss=1.9808, sps=44.6]
BC[stage1_datasets_L40_stepsweep/bc_baseline_none_steps20000_tr0]:  47%|████▋     | 9490/20000 [03:32<03:38, 48.04it/s, acc=0.307, device=mps, eta=3m58s, loss=1.9808, sps=44.6]
BC[stage1_datasets_L40_stepsweep/bc_baseline_none_steps20000_tr0]:  47%|████▋     | 9497/20000 [03:32<03:22, 51.98it/s, acc=0.307, device=mps, eta=3m58s, loss=1.9808, sps=44.6]
BC[stage1_datasets_L40_stepsweep/bc_baseline_none_steps20000_tr0]:  48%|████▊     | 9503/20000 [03:32<04:01, 43.40it/s, acc=0.307, device=mps, eta=3m58s, loss=1.9808, sps=44.6]
BC[stage1_datasets_L40_stepsweep/bc_baseline_none_steps20000_tr0]:  48%|████▊     | 9511/20000 [03:33<03:26, 50.90it/s, acc=0.307, device=mps, eta=3m58s, loss=1.9808, sps=44.6]
BC[stage1_datasets_L40_stepsweep/bc_baseline_none_steps20000_tr0]:  48%|████▊     | 9519/20000 [03:33<03:02, 57.29it/s, acc=0.307, device=mps, eta=3m58s, loss=1.9808, sps=44.6]
BC[stage1_datasets_L40_stepsweep/bc_baseline_none_steps20000_tr0]:  48%|████▊     | 9526/20000 [03:33<03:36, 48.32it/s, acc=0.307, device=mps, eta=3m58s, loss=1.9808, sps=44.6]
BC[stage1_datasets_L40_stepsweep/bc_baseline_none_steps20000_tr0]:  48%|████▊     | 9534/20000 [03:33<03:11, 54.52it/s, acc=0.307, device=mps, eta=3m58s, loss=1.9808, sps=44.6]
BC[stage1_datasets_L40_stepsweep/bc_baseline_none_steps20000_tr0]:  48%|████▊     | 9541/20000 [03:33<03:46, 46.24it/s, acc=0.307, device=mps, eta=3m58s, loss=1.9808, sps=44.6]
BC[stage1_datasets_L40_stepsweep/bc_baseline_none_steps20000_tr0]:  48%|████▊     | 9549/20000 [03:33<03:17, 52.83it/s, acc=0.307, device=mps, eta=3m58s, loss=1.9808, sps=44.6]
BC[stage1_datasets_L40_stepsweep/bc_baseline_none_steps20000_tr0]:  48%|████▊     | 9557/20000 [03:33<02:59, 58.13it/s, acc=0.307, device=mps, eta=3m58s, loss=1.9808, sps=44.6]
BC[stage1_datasets_L40_stepsweep/bc_baseline_none_steps20000_tr0]:  48%|████▊     | 9564/20000 [03:34<03:34, 48.60it/s, acc=0.307, device=mps, eta=3m58s, loss=1.9808, sps=44.6]
BC[stage1_datasets_L40_stepsweep/bc_baseline_none_steps20000_tr0]:  48%|████▊     | 9571/20000 [03:34<03:20, 51.91it/s, acc=0.307, device=mps, eta=3m58s, loss=1.9808, sps=44.6]
BC[stage1_datasets_L40_stepsweep/bc_baseline_none_steps20000_tr0]:  48%|████▊     | 9578/20000 [03:34<03:11, 54.29it/s, acc=0.307, device=mps, eta=3m58s, loss=1.9808, sps=44.6]
BC[stage1_datasets_L40_stepsweep/bc_baseline_none_steps20000_tr0]:  48%|████▊     | 9584/20000 [03:34<03:51, 44.95it/s, acc=0.307, device=mps, eta=3m58s, loss=1.9808, sps=44.6]
BC[stage1_datasets_L40_stepsweep/bc_baseline_none_steps20000_tr0]:  48%|████▊     | 9592/20000 [03:34<03:20, 51.86it/s, acc=0.307, device=mps, eta=3m58s, loss=1.9808, sps=44.6]
BC[stage1_datasets_L40_stepsweep/bc_baseline_none_steps20000_tr0]:  48%|████▊     | 9592/20000 [03:34<03:20, 51.86it/s, acc=0.310, device=mps, eta=3m53s, loss=1.9819, sps=44.7]
BC[stage1_datasets_L40_stepsweep/bc_baseline_none_steps20000_tr0]:  48%|████▊     | 9601/20000 [03:34<03:39, 47.46it/s, acc=0.310, device=mps, eta=3m53s, loss=1.9819, sps=44.7]
BC[stage1_datasets_L40_stepsweep/bc_baseline_none_steps20000_tr0]:  48%|████▊     | 9608/20000 [03:34<03:20, 51.94it/s, acc=0.310, device=mps, eta=3m53s, loss=1.9819, sps=44.7]
BC[stage1_datasets_L40_stepsweep/bc_baseline_none_steps20000_tr0]:  48%|████▊     | 9616/20000 [03:35<03:01, 57.18it/s, acc=0.310, device=mps, eta=3m53s, loss=1.9819, sps=44.7]
BC[stage1_datasets_L40_stepsweep/bc_baseline_none_steps20000_tr0]:  48%|████▊     | 9623/20000 [03:35<03:39, 47.36it/s, acc=0.310, device=mps, eta=3m53s, loss=1.9819, sps=44.7]
BC[stage1_datasets_L40_stepsweep/bc_baseline_none_steps20000_tr0]:  48%|████▊     | 9631/20000 [03:35<03:12, 53.80it/s, acc=0.310, device=mps, eta=3m53s, loss=1.9819, sps=44.7]
BC[stage1_datasets_L40_stepsweep/bc_baseline_none_steps20000_tr0]:  48%|████▊     | 9639/20000 [03:35<02:53, 59.57it/s, acc=0.310, device=mps, eta=3m53s, loss=1.9819, sps=44.7]
BC[stage1_datasets_L40_stepsweep/bc_baseline_none_steps20000_tr0]:  48%|████▊     | 9646/20000 [03:35<03:29, 49.52it/s, acc=0.310, device=mps, eta=3m53s, loss=1.9819, sps=44.7]
BC[stage1_datasets_L40_stepsweep/bc_baseline_none_steps20000_tr0]:  48%|████▊     | 9653/20000 [03:35<03:14, 53.24it/s, acc=0.310, device=mps, eta=3m53s, loss=1.9819, sps=44.7]
BC[stage1_datasets_L40_stepsweep/bc_baseline_none_steps20000_tr0]:  48%|████▊     | 9660/20000 [03:35<03:02, 56.66it/s, acc=0.310, device=mps, eta=3m53s, loss=1.9819, sps=44.7]
BC[stage1_datasets_L40_stepsweep/bc_baseline_none_steps20000_tr0]:  48%|████▊     | 9667/20000 [03:36<03:49, 44.93it/s, acc=0.310, device=mps, eta=3m53s, loss=1.9819, sps=44.7]
BC[stage1_datasets_L40_stepsweep/bc_baseline_none_steps20000_tr0]:  48%|████▊     | 9673/20000 [03:36<03:40, 46.88it/s, acc=0.310, device=mps, eta=3m53s, loss=1.9819, sps=44.7]
BC[stage1_datasets_L40_stepsweep/bc_baseline_none_steps20000_tr0]:  48%|████▊     | 9679/20000 [03:36<03:28, 49.47it/s, acc=0.310, device=mps, eta=3m53s, loss=1.9819, sps=44.7]
BC[stage1_datasets_L40_stepsweep/bc_baseline_none_steps20000_tr0]:  48%|████▊     | 9685/20000 [03:36<04:08, 41.59it/s, acc=0.310, device=mps, eta=3m53s, loss=1.9819, sps=44.7]
BC[stage1_datasets_L40_stepsweep/bc_baseline_none_steps20000_tr0]:  48%|████▊     | 9691/20000 [03:36<03:47, 45.26it/s, acc=0.310, device=mps, eta=3m53s, loss=1.9819, sps=44.7]
BC[stage1_datasets_L40_stepsweep/bc_baseline_none_steps20000_tr0]:  48%|████▊     | 9697/20000 [03:36<03:33, 48.17it/s, acc=0.310, device=mps, eta=3m53s, loss=1.9819, sps=44.7]
BC[stage1_datasets_L40_stepsweep/bc_baseline_none_steps20000_tr0]:  49%|████▊     | 9703/20000 [03:36<04:18, 39.84it/s, acc=0.310, device=mps, eta=3m53s, loss=1.9819, sps=44.7]
BC[stage1_datasets_L40_stepsweep/bc_baseline_none_steps20000_tr0]:  49%|████▊     | 9709/20000 [03:37<03:53, 44.06it/s, acc=0.310, device=mps, eta=3m53s, loss=1.9819, sps=44.7]
BC[stage1_datasets_L40_stepsweep/bc_baseline_none_steps20000_tr0]:  49%|████▊     | 9715/20000 [03:37<03:41, 46.48it/s, acc=0.310, device=mps, eta=3m53s, loss=1.9819, sps=44.7]
BC[stage1_datasets_L40_stepsweep/bc_baseline_none_steps20000_tr0]:  49%|████▊     | 9721/20000 [03:37<04:23, 38.97it/s, acc=0.310, device=mps, eta=3m53s, loss=1.9819, sps=44.7]
BC[stage1_datasets_L40_stepsweep/bc_baseline_none_steps20000_tr0]:  49%|████▊     | 9727/20000 [03:37<03:58, 43.12it/s, acc=0.310, device=mps, eta=3m53s, loss=1.9819, sps=44.7]
BC[stage1_datasets_L40_stepsweep/bc_baseline_none_steps20000_tr0]:  49%|████▊     | 9733/20000 [03:37<03:40, 46.54it/s, acc=0.310, device=mps, eta=3m53s, loss=1.9819, sps=44.7]
BC[stage1_datasets_L40_stepsweep/bc_baseline_none_steps20000_tr0]:  49%|████▊     | 9740/20000 [03:37<03:16, 52.11it/s, acc=0.310, device=mps, eta=3m53s, loss=1.9819, sps=44.7]
BC[stage1_datasets_L40_stepsweep/bc_baseline_none_steps20000_tr0]:  49%|████▊     | 9746/20000 [03:37<03:59, 42.75it/s, acc=0.310, device=mps, eta=3m53s, loss=1.9819, sps=44.7]
BC[stage1_datasets_L40_stepsweep/bc_baseline_none_steps20000_tr0]:  49%|████▉     | 9753/20000 [03:38<03:33, 47.97it/s, acc=0.310, device=mps, eta=3m53s, loss=1.9819, sps=44.7]
BC[stage1_datasets_L40_stepsweep/bc_baseline_none_steps20000_tr0]:  49%|████▉     | 9760/20000 [03:38<03:13, 53.01it/s, acc=0.310, device=mps, eta=3m53s, loss=1.9819, sps=44.7]
BC[stage1_datasets_L40_stepsweep/bc_baseline_none_steps20000_tr0]:  49%|████▉     | 9766/20000 [03:38<03:59, 42.72it/s, acc=0.310, device=mps, eta=3m53s, loss=1.9819, sps=44.7]
BC[stage1_datasets_L40_stepsweep/bc_baseline_none_steps20000_tr0]:  49%|████▉     | 9772/20000 [03:38<03:43, 45.76it/s, acc=0.310, device=mps, eta=3m53s, loss=1.9819, sps=44.7]
BC[stage1_datasets_L40_stepsweep/bc_baseline_none_steps20000_tr0]:  49%|████▉     | 9778/20000 [03:38<03:31, 48.30it/s, acc=0.310, device=mps, eta=3m53s, loss=1.9819, sps=44.7]
BC[stage1_datasets_L40_stepsweep/bc_baseline_none_steps20000_tr0]:  49%|████▉     | 9784/20000 [03:38<04:12, 40.39it/s, acc=0.310, device=mps, eta=3m53s, loss=1.9819, sps=44.7]
BC[stage1_datasets_L40_stepsweep/bc_baseline_none_steps20000_tr0]:  49%|████▉     | 9792/20000 [03:38<03:30, 48.51it/s, acc=0.310, device=mps, eta=3m53s, loss=1.9819, sps=44.7]
BC[stage1_datasets_L40_stepsweep/bc_baseline_none_steps20000_tr0]:  49%|████▉     | 9792/20000 [03:38<03:30, 48.51it/s, acc=0.307, device=mps, eta=3m48s, loss=1.9849, sps=44.8]
BC[stage1_datasets_L40_stepsweep/bc_baseline_none_steps20000_tr0]:  49%|████▉     | 9800/20000 [03:38<03:03, 55.49it/s, acc=0.307, device=mps, eta=3m48s, loss=1.9849, sps=44.8]
BC[stage1_datasets_L40_stepsweep/bc_baseline_none_steps20000_tr0]:  49%|████▉     | 9807/20000 [03:39<03:43, 45.64it/s, acc=0.307, device=mps, eta=3m48s, loss=1.9849, sps=44.8]
BC[stage1_datasets_L40_stepsweep/bc_baseline_none_steps20000_tr0]:  49%|████▉     | 9813/20000 [03:39<03:30, 48.49it/s, acc=0.307, device=mps, eta=3m48s, loss=1.9849, sps=44.8]
BC[stage1_datasets_L40_stepsweep/bc_baseline_none_steps20000_tr0]:  49%|████▉     | 9819/20000 [03:39<03:25, 49.60it/s, acc=0.307, device=mps, eta=3m48s, loss=1.9849, sps=44.8]
BC[stage1_datasets_L40_stepsweep/bc_baseline_none_steps20000_tr0]:  49%|████▉     | 9825/20000 [03:39<04:06, 41.21it/s, acc=0.307, device=mps, eta=3m48s, loss=1.9849, sps=44.8]
BC[stage1_datasets_L40_stepsweep/bc_baseline_none_steps20000_tr0]:  49%|████▉     | 9831/20000 [03:39<03:48, 44.45it/s, acc=0.307, device=mps, eta=3m48s, loss=1.9849, sps=44.8]
BC[stage1_datasets_L40_stepsweep/bc_baseline_none_steps20000_tr0]:  49%|████▉     | 9838/20000 [03:39<03:25, 49.45it/s, acc=0.307, device=mps, eta=3m48s, loss=1.9849, sps=44.8]
BC[stage1_datasets_L40_stepsweep/bc_baseline_none_steps20000_tr0]:  49%|████▉     | 9844/20000 [03:40<04:02, 41.82it/s, acc=0.307, device=mps, eta=3m48s, loss=1.9849, sps=44.8]
BC[stage1_datasets_L40_stepsweep/bc_baseline_none_steps20000_tr0]:  49%|████▉     | 9852/20000 [03:40<03:24, 49.52it/s, acc=0.307, device=mps, eta=3m48s, loss=1.9849, sps=44.8]
BC[stage1_datasets_L40_stepsweep/bc_baseline_none_steps20000_tr0]:  49%|████▉     | 9860/20000 [03:40<02:59, 56.50it/s, acc=0.307, device=mps, eta=3m48s, loss=1.9849, sps=44.8]
BC[stage1_datasets_L40_stepsweep/bc_baseline_none_steps20000_tr0]:  49%|████▉     | 9867/20000 [03:40<03:38, 46.46it/s, acc=0.307, device=mps, eta=3m48s, loss=1.9849, sps=44.8]
BC[stage1_datasets_L40_stepsweep/bc_baseline_none_steps20000_tr0]:  49%|████▉     | 9874/20000 [03:40<03:22, 50.03it/s, acc=0.307, device=mps, eta=3m48s, loss=1.9849, sps=44.8]
BC[stage1_datasets_L40_stepsweep/bc_baseline_none_steps20000_tr0]:  49%|████▉     | 9881/20000 [03:40<03:59, 42.30it/s, acc=0.307, device=mps, eta=3m48s, loss=1.9849, sps=44.8]
BC[stage1_datasets_L40_stepsweep/bc_baseline_none_steps20000_tr0]:  49%|████▉     | 9889/20000 [03:40<03:24, 49.40it/s, acc=0.307, device=mps, eta=3m48s, loss=1.9849, sps=44.8]
BC[stage1_datasets_L40_stepsweep/bc_baseline_none_steps20000_tr0]:  49%|████▉     | 9897/20000 [03:41<03:03, 55.12it/s, acc=0.307, device=mps, eta=3m48s, loss=1.9849, sps=44.8]
BC[stage1_datasets_L40_stepsweep/bc_baseline_none_steps20000_tr0]:  50%|████▉     | 9904/20000 [03:41<03:36, 46.61it/s, acc=0.307, device=mps, eta=3m48s, loss=1.9849, sps=44.8]
BC[stage1_datasets_L40_stepsweep/bc_baseline_none_steps20000_tr0]:  50%|████▉     | 9910/20000 [03:41<03:25, 49.19it/s, acc=0.307, device=mps, eta=3m48s, loss=1.9849, sps=44.8]
BC[stage1_datasets_L40_stepsweep/bc_baseline_none_steps20000_tr0]:  50%|████▉     | 9916/20000 [03:41<03:15, 51.69it/s, acc=0.307, device=mps, eta=3m48s, loss=1.9849, sps=44.8]
BC[stage1_datasets_L40_stepsweep/bc_baseline_none_steps20000_tr0]:  50%|████▉     | 9922/20000 [03:41<03:55, 42.76it/s, acc=0.307, device=mps, eta=3m48s, loss=1.9849, sps=44.8]
BC[stage1_datasets_L40_stepsweep/bc_baseline_none_steps20000_tr0]:  50%|████▉     | 9930/20000 [03:41<03:18, 50.70it/s, acc=0.307, device=mps, eta=3m48s, loss=1.9849, sps=44.8]
BC[stage1_datasets_L40_stepsweep/bc_baseline_none_steps20000_tr0]:  50%|████▉     | 9938/20000 [03:41<02:54, 57.50it/s, acc=0.307, device=mps, eta=3m48s, loss=1.9849, sps=44.8]
BC[stage1_datasets_L40_stepsweep/bc_baseline_none_steps20000_tr0]:  50%|████▉     | 9945/20000 [03:42<03:27, 48.41it/s, acc=0.307, device=mps, eta=3m48s, loss=1.9849, sps=44.8]
BC[stage1_datasets_L40_stepsweep/bc_baseline_none_steps20000_tr0]:  50%|████▉     | 9952/20000 [03:42<03:10, 52.85it/s, acc=0.307, device=mps, eta=3m48s, loss=1.9849, sps=44.8]
BC[stage1_datasets_L40_stepsweep/bc_baseline_none_steps20000_tr0]:  50%|████▉     | 9959/20000 [03:42<02:58, 56.37it/s, acc=0.307, device=mps, eta=3m48s, loss=1.9849, sps=44.8]
BC[stage1_datasets_L40_stepsweep/bc_baseline_none_steps20000_tr0]:  50%|████▉     | 9966/20000 [03:42<03:37, 46.18it/s, acc=0.307, device=mps, eta=3m48s, loss=1.9849, sps=44.8]
BC[stage1_datasets_L40_stepsweep/bc_baseline_none_steps20000_tr0]:  50%|████▉     | 9972/20000 [03:42<03:24, 49.04it/s, acc=0.307, device=mps, eta=3m48s, loss=1.9849, sps=44.8]
BC[stage1_datasets_L40_stepsweep/bc_baseline_none_steps20000_tr0]:  50%|████▉     | 9979/20000 [03:42<03:11, 52.25it/s, acc=0.307, device=mps, eta=3m48s, loss=1.9849, sps=44.8]
BC[stage1_datasets_L40_stepsweep/bc_baseline_none_steps20000_tr0]:  50%|████▉     | 9985/20000 [03:42<03:52, 43.12it/s, acc=0.307, device=mps, eta=3m48s, loss=1.9849, sps=44.8]
BC[stage1_datasets_L40_stepsweep/bc_baseline_none_steps20000_tr0]:  50%|████▉     | 9992/20000 [03:42<03:29, 47.80it/s, acc=0.307, device=mps, eta=3m48s, loss=1.9849, sps=44.8]
BC[stage1_datasets_L40_stepsweep/bc_baseline_none_steps20000_tr0]:  50%|████▉     | 9999/20000 [03:43<03:11, 52.34it/s, acc=0.307, device=mps, eta=3m48s, loss=1.9849, sps=44.8]
BC[stage1_datasets_L40_stepsweep/bc_baseline_none_steps20000_tr0]:  50%|████▉     | 9999/20000 [03:43<03:11, 52.34it/s, acc=0.309, device=mps, eta=3m43s, loss=1.9759, sps=44.8]
BC[stage1_datasets_L40_stepsweep/bc_baseline_none_steps20000_tr0]:  50%|█████     | 10005/20000 [03:43<03:48, 43.67it/s, acc=0.309, device=mps, eta=3m43s, loss=1.9759, sps=44.8]
BC[stage1_datasets_L40_stepsweep/bc_baseline_none_steps20000_tr0]:  50%|█████     | 10012/20000 [03:43<03:26, 48.33it/s, acc=0.309, device=mps, eta=3m43s, loss=1.9759, sps=44.8]
BC[stage1_datasets_L40_stepsweep/bc_baseline_none_steps20000_tr0]:  50%|█████     | 10019/20000 [03:43<03:11, 52.19it/s, acc=0.309, device=mps, eta=3m43s, loss=1.9759, sps=44.8]
BC[stage1_datasets_L40_stepsweep/bc_baseline_none_steps20000_tr0]:  50%|█████     | 10025/20000 [03:43<03:45, 44.22it/s, acc=0.309, device=mps, eta=3m43s, loss=1.9759, sps=44.8]
BC[stage1_datasets_L40_stepsweep/bc_baseline_none_steps20000_tr0]:  50%|█████     | 10033/20000 [03:43<03:13, 51.44it/s, acc=0.309, device=mps, eta=3m43s, loss=1.9759, sps=44.8]
BC[stage1_datasets_L40_stepsweep/bc_baseline_none_steps20000_tr0]:  50%|█████     | 10041/20000 [03:44<03:40, 45.18it/s, acc=0.309, device=mps, eta=3m43s, loss=1.9759, sps=44.8]
BC[stage1_datasets_L40_stepsweep/bc_baseline_none_steps20000_tr0]:  50%|█████     | 10049/20000 [03:44<03:11, 51.83it/s, acc=0.309, device=mps, eta=3m43s, loss=1.9759, sps=44.8]
BC[stage1_datasets_L40_stepsweep/bc_baseline_none_steps20000_tr0]:  50%|█████     | 10057/20000 [03:44<02:53, 57.47it/s, acc=0.309, device=mps, eta=3m43s, loss=1.9759, sps=44.8]
BC[stage1_datasets_L40_stepsweep/bc_baseline_none_steps20000_tr0]:  50%|█████     | 10064/20000 [03:44<03:28, 47.74it/s, acc=0.309, device=mps, eta=3m43s, loss=1.9759, sps=44.8]
BC[stage1_datasets_L40_stepsweep/bc_baseline_none_steps20000_tr0]:  50%|█████     | 10072/20000 [03:44<03:04, 53.85it/s, acc=0.309, device=mps, eta=3m43s, loss=1.9759, sps=44.8]
BC[stage1_datasets_L40_stepsweep/bc_baseline_none_steps20000_tr0]:  50%|█████     | 10080/20000 [03:44<02:46, 59.43it/s, acc=0.309, device=mps, eta=3m43s, loss=1.9759, sps=44.8]
BC[stage1_datasets_L40_stepsweep/bc_baseline_none_steps20000_tr0]:  50%|█████     | 10087/20000 [03:44<03:31, 46.79it/s, acc=0.309, device=mps, eta=3m43s, loss=1.9759, sps=44.8]
BC[stage1_datasets_L40_stepsweep/bc_baseline_none_steps20000_tr0]:  50%|█████     | 10093/20000 [03:44<03:23, 48.64it/s, acc=0.309, device=mps, eta=3m43s, loss=1.9759, sps=44.8]
BC[stage1_datasets_L40_stepsweep/bc_baseline_none_steps20000_tr0]:  50%|█████     | 10099/20000 [03:45<03:16, 50.36it/s, acc=0.309, device=mps, eta=3m43s, loss=1.9759, sps=44.8]
BC[stage1_datasets_L40_stepsweep/bc_baseline_none_steps20000_tr0]:  51%|█████     | 10105/20000 [03:45<03:56, 41.86it/s, acc=0.309, device=mps, eta=3m43s, loss=1.9759, sps=44.8]
BC[stage1_datasets_L40_stepsweep/bc_baseline_none_steps20000_tr0]:  51%|█████     | 10110/20000 [03:45<03:50, 42.90it/s, acc=0.309, device=mps, eta=3m43s, loss=1.9759, sps=44.8]
BC[stage1_datasets_L40_stepsweep/bc_baseline_none_steps20000_tr0]:  51%|█████     | 10116/20000 [03:45<03:32, 46.61it/s, acc=0.309, device=mps, eta=3m43s, loss=1.9759, sps=44.8]
BC[stage1_datasets_L40_stepsweep/bc_baseline_none_steps20000_tr0]:  51%|█████     | 10122/20000 [03:45<04:07, 39.89it/s, acc=0.309, device=mps, eta=3m43s, loss=1.9759, sps=44.8]
BC[stage1_datasets_L40_stepsweep/bc_baseline_none_steps20000_tr0]:  51%|█████     | 10130/20000 [03:45<03:26, 47.88it/s, acc=0.309, device=mps, eta=3m43s, loss=1.9759, sps=44.8]
BC[stage1_datasets_L40_stepsweep/bc_baseline_none_steps20000_tr0]:  51%|█████     | 10138/20000 [03:45<03:02, 54.12it/s, acc=0.309, device=mps, eta=3m43s, loss=1.9759, sps=44.8]
BC[stage1_datasets_L40_stepsweep/bc_baseline_none_steps20000_tr0]:  51%|█████     | 10144/20000 [03:46<03:37, 45.35it/s, acc=0.309, device=mps, eta=3m43s, loss=1.9759, sps=44.8]
BC[stage1_datasets_L40_stepsweep/bc_baseline_none_steps20000_tr0]:  51%|█████     | 10152/20000 [03:46<03:09, 52.01it/s, acc=0.309, device=mps, eta=3m43s, loss=1.9759, sps=44.8]
BC[stage1_datasets_L40_stepsweep/bc_baseline_none_steps20000_tr0]:  51%|█████     | 10160/20000 [03:46<02:50, 57.74it/s, acc=0.309, device=mps, eta=3m43s, loss=1.9759, sps=44.8]
BC[stage1_datasets_L40_stepsweep/bc_baseline_none_steps20000_tr0]:  51%|█████     | 10167/20000 [03:46<03:31, 46.42it/s, acc=0.309, device=mps, eta=3m43s, loss=1.9759, sps=44.8]
BC[stage1_datasets_L40_stepsweep/bc_baseline_none_steps20000_tr0]:  51%|█████     | 10173/20000 [03:46<03:27, 47.29it/s, acc=0.309, device=mps, eta=3m43s, loss=1.9759, sps=44.8]
BC[stage1_datasets_L40_stepsweep/bc_baseline_none_steps20000_tr0]:  51%|█████     | 10179/20000 [03:46<03:21, 48.77it/s, acc=0.309, device=mps, eta=3m43s, loss=1.9759, sps=44.8]
BC[stage1_datasets_L40_stepsweep/bc_baseline_none_steps20000_tr0]:  51%|█████     | 10185/20000 [03:47<04:00, 40.75it/s, acc=0.309, device=mps, eta=3m43s, loss=1.9759, sps=44.8]
BC[stage1_datasets_L40_stepsweep/bc_baseline_none_steps20000_tr0]:  51%|█████     | 10191/20000 [03:47<03:43, 43.79it/s, acc=0.309, device=mps, eta=3m43s, loss=1.9759, sps=44.8]
BC[stage1_datasets_L40_stepsweep/bc_baseline_none_steps20000_tr0]:  51%|█████     | 10198/20000 [03:47<03:21, 48.56it/s, acc=0.309, device=mps, eta=3m43s, loss=1.9759, sps=44.8]
BC[stage1_datasets_L40_stepsweep/bc_baseline_none_steps20000_tr0]:  51%|█████     | 10198/20000 [03:47<03:21, 48.56it/s, acc=0.311, device=mps, eta=3m38s, loss=1.9665, sps=44.9]
BC[stage1_datasets_L40_stepsweep/bc_baseline_none_steps20000_tr0]:  51%|█████     | 10204/20000 [03:47<03:54, 41.75it/s, acc=0.311, device=mps, eta=3m38s, loss=1.9665, sps=44.9]
BC[stage1_datasets_L40_stepsweep/bc_baseline_none_steps20000_tr0]:  51%|█████     | 10212/20000 [03:47<03:18, 49.24it/s, acc=0.311, device=mps, eta=3m38s, loss=1.9665, sps=44.9]
BC[stage1_datasets_L40_stepsweep/bc_baseline_none_steps20000_tr0]:  51%|█████     | 10221/20000 [03:47<03:37, 44.93it/s, acc=0.311, device=mps, eta=3m38s, loss=1.9665, sps=44.9]
BC[stage1_datasets_L40_stepsweep/bc_baseline_none_steps20000_tr0]:  51%|█████     | 10229/20000 [03:47<03:10, 51.20it/s, acc=0.311, device=mps, eta=3m38s, loss=1.9665, sps=44.9]
BC[stage1_datasets_L40_stepsweep/bc_baseline_none_steps20000_tr0]:  51%|█████     | 10237/20000 [03:47<02:53, 56.29it/s, acc=0.311, device=mps, eta=3m38s, loss=1.9665, sps=44.9]
BC[stage1_datasets_L40_stepsweep/bc_baseline_none_steps20000_tr0]:  51%|█████     | 10244/20000 [03:48<03:25, 47.45it/s, acc=0.311, device=mps, eta=3m38s, loss=1.9665, sps=44.9]
BC[stage1_datasets_L40_stepsweep/bc_baseline_none_steps20000_tr0]:  51%|█████▏    | 10252/20000 [03:48<03:01, 53.62it/s, acc=0.311, device=mps, eta=3m38s, loss=1.9665, sps=44.9]
BC[stage1_datasets_L40_stepsweep/bc_baseline_none_steps20000_tr0]:  51%|█████▏    | 10260/20000 [03:48<02:43, 59.42it/s, acc=0.311, device=mps, eta=3m38s, loss=1.9665, sps=44.9]
BC[stage1_datasets_L40_stepsweep/bc_baseline_none_steps20000_tr0]:  51%|█████▏    | 10267/20000 [03:48<03:21, 48.42it/s, acc=0.311, device=mps, eta=3m38s, loss=1.9665, sps=44.9]
BC[stage1_datasets_L40_stepsweep/bc_baseline_none_steps20000_tr0]:  51%|█████▏    | 10274/20000 [03:48<03:09, 51.42it/s, acc=0.311, device=mps, eta=3m38s, loss=1.9665, sps=44.9]
BC[stage1_datasets_L40_stepsweep/bc_baseline_none_steps20000_tr0]:  51%|█████▏    | 10280/20000 [03:48<03:03, 53.07it/s, acc=0.311, device=mps, eta=3m38s, loss=1.9665, sps=44.9]
BC[stage1_datasets_L40_stepsweep/bc_baseline_none_steps20000_tr0]:  51%|█████▏    | 10286/20000 [03:49<04:06, 39.42it/s, acc=0.311, device=mps, eta=3m38s, loss=1.9665, sps=44.9]
BC[stage1_datasets_L40_stepsweep/bc_baseline_none_steps20000_tr0]:  51%|█████▏    | 10291/20000 [03:49<03:54, 41.45it/s, acc=0.311, device=mps, eta=3m38s, loss=1.9665, sps=44.9]
BC[stage1_datasets_L40_stepsweep/bc_baseline_none_steps20000_tr0]:  51%|█████▏    | 10297/20000 [03:49<03:33, 45.46it/s, acc=0.311, device=mps, eta=3m38s, loss=1.9665, sps=44.9]
BC[stage1_datasets_L40_stepsweep/bc_baseline_none_steps20000_tr0]:  52%|█████▏    | 10303/20000 [03:49<04:06, 39.31it/s, acc=0.311, device=mps, eta=3m38s, loss=1.9665, sps=44.9]
BC[stage1_datasets_L40_stepsweep/bc_baseline_none_steps20000_tr0]:  52%|█████▏    | 10311/20000 [03:49<03:25, 47.18it/s, acc=0.311, device=mps, eta=3m38s, loss=1.9665, sps=44.9]
BC[stage1_datasets_L40_stepsweep/bc_baseline_none_steps20000_tr0]:  52%|█████▏    | 10319/20000 [03:49<03:01, 53.32it/s, acc=0.311, device=mps, eta=3m38s, loss=1.9665, sps=44.9]
BC[stage1_datasets_L40_stepsweep/bc_baseline_none_steps20000_tr0]:  52%|█████▏    | 10325/20000 [03:49<03:36, 44.63it/s, acc=0.311, device=mps, eta=3m38s, loss=1.9665, sps=44.9]
BC[stage1_datasets_L40_stepsweep/bc_baseline_none_steps20000_tr0]:  52%|█████▏    | 10331/20000 [03:50<03:21, 47.91it/s, acc=0.311, device=mps, eta=3m38s, loss=1.9665, sps=44.9]
BC[stage1_datasets_L40_stepsweep/bc_baseline_none_steps20000_tr0]:  52%|█████▏    | 10337/20000 [03:50<03:10, 50.60it/s, acc=0.311, device=mps, eta=3m38s, loss=1.9665, sps=44.9]
BC[stage1_datasets_L40_stepsweep/bc_baseline_none_steps20000_tr0]:  52%|█████▏    | 10343/20000 [03:50<03:53, 41.29it/s, acc=0.311, device=mps, eta=3m38s, loss=1.9665, sps=44.9]
BC[stage1_datasets_L40_stepsweep/bc_baseline_none_steps20000_tr0]:  52%|█████▏    | 10351/20000 [03:50<03:17, 48.91it/s, acc=0.311, device=mps, eta=3m38s, loss=1.9665, sps=44.9]
BC[stage1_datasets_L40_stepsweep/bc_baseline_none_steps20000_tr0]:  52%|█████▏    | 10359/20000 [03:50<02:55, 54.79it/s, acc=0.311, device=mps, eta=3m38s, loss=1.9665, sps=44.9]
BC[stage1_datasets_L40_stepsweep/bc_baseline_none_steps20000_tr0]:  52%|█████▏    | 10366/20000 [03:50<03:32, 45.25it/s, acc=0.311, device=mps, eta=3m38s, loss=1.9665, sps=44.9]
BC[stage1_datasets_L40_stepsweep/bc_baseline_none_steps20000_tr0]:  52%|█████▏    | 10372/20000 [03:50<03:23, 47.37it/s, acc=0.311, device=mps, eta=3m38s, loss=1.9665, sps=44.9]
BC[stage1_datasets_L40_stepsweep/bc_baseline_none_steps20000_tr0]:  52%|█████▏    | 10378/20000 [03:50<03:15, 49.10it/s, acc=0.311, device=mps, eta=3m38s, loss=1.9665, sps=44.9]
BC[stage1_datasets_L40_stepsweep/bc_baseline_none_steps20000_tr0]:  52%|█████▏    | 10384/20000 [03:51<03:53, 41.20it/s, acc=0.311, device=mps, eta=3m38s, loss=1.9665, sps=44.9]
BC[stage1_datasets_L40_stepsweep/bc_baseline_none_steps20000_tr0]:  52%|█████▏    | 10392/20000 [03:51<03:17, 48.57it/s, acc=0.311, device=mps, eta=3m38s, loss=1.9665, sps=44.9]
BC[stage1_datasets_L40_stepsweep/bc_baseline_none_steps20000_tr0]:  52%|█████▏    | 10392/20000 [03:51<03:17, 48.57it/s, acc=0.307, device=mps, eta=3m34s, loss=1.9884, sps=44.9]
BC[stage1_datasets_L40_stepsweep/bc_baseline_none_steps20000_tr0]:  52%|█████▏    | 10400/20000 [03:51<02:54, 54.97it/s, acc=0.307, device=mps, eta=3m34s, loss=1.9884, sps=44.9]
BC[stage1_datasets_L40_stepsweep/bc_baseline_none_steps20000_tr0]:  52%|█████▏    | 10407/20000 [03:51<03:33, 44.93it/s, acc=0.307, device=mps, eta=3m34s, loss=1.9884, sps=44.9]
BC[stage1_datasets_L40_stepsweep/bc_baseline_none_steps20000_tr0]:  52%|█████▏    | 10413/20000 [03:51<03:24, 46.95it/s, acc=0.307, device=mps, eta=3m34s, loss=1.9884, sps=44.9]
BC[stage1_datasets_L40_stepsweep/bc_baseline_none_steps20000_tr0]:  52%|█████▏    | 10419/20000 [03:51<03:20, 47.86it/s, acc=0.307, device=mps, eta=3m34s, loss=1.9884, sps=44.9]
BC[stage1_datasets_L40_stepsweep/bc_baseline_none_steps20000_tr0]:  52%|█████▏    | 10425/20000 [03:52<03:54, 40.86it/s, acc=0.307, device=mps, eta=3m34s, loss=1.9884, sps=44.9]
BC[stage1_datasets_L40_stepsweep/bc_baseline_none_steps20000_tr0]:  52%|█████▏    | 10433/20000 [03:52<03:16, 48.67it/s, acc=0.307, device=mps, eta=3m34s, loss=1.9884, sps=44.9]
BC[stage1_datasets_L40_stepsweep/bc_baseline_none_steps20000_tr0]:  52%|█████▏    | 10441/20000 [03:52<03:37, 44.02it/s, acc=0.307, device=mps, eta=3m34s, loss=1.9884, sps=44.9]
BC[stage1_datasets_L40_stepsweep/bc_baseline_none_steps20000_tr0]:  52%|█████▏    | 10449/20000 [03:52<03:08, 50.61it/s, acc=0.307, device=mps, eta=3m34s, loss=1.9884, sps=44.9]
BC[stage1_datasets_L40_stepsweep/bc_baseline_none_steps20000_tr0]:  52%|█████▏    | 10457/20000 [03:52<02:50, 55.95it/s, acc=0.307, device=mps, eta=3m34s, loss=1.9884, sps=44.9]
BC[stage1_datasets_L40_stepsweep/bc_baseline_none_steps20000_tr0]:  52%|█████▏    | 10464/20000 [03:52<03:21, 47.33it/s, acc=0.307, device=mps, eta=3m34s, loss=1.9884, sps=44.9]
BC[stage1_datasets_L40_stepsweep/bc_baseline_none_steps20000_tr0]:  52%|█████▏    | 10472/20000 [03:52<02:58, 53.45it/s, acc=0.307, device=mps, eta=3m34s, loss=1.9884, sps=44.9]
BC[stage1_datasets_L40_stepsweep/bc_baseline_none_steps20000_tr0]:  52%|█████▏    | 10480/20000 [03:53<02:40, 59.13it/s, acc=0.307, device=mps, eta=3m34s, loss=1.9884, sps=44.9]
BC[stage1_datasets_L40_stepsweep/bc_baseline_none_steps20000_tr0]:  52%|█████▏    | 10487/20000 [03:53<03:19, 47.64it/s, acc=0.307, device=mps, eta=3m34s, loss=1.9884, sps=44.9]
BC[stage1_datasets_L40_stepsweep/bc_baseline_none_steps20000_tr0]:  52%|█████▏    | 10493/20000 [03:53<03:10, 49.87it/s, acc=0.307, device=mps, eta=3m34s, loss=1.9884, sps=44.9]
BC[stage1_datasets_L40_stepsweep/bc_baseline_none_steps20000_tr0]:  52%|█████▏    | 10499/20000 [03:53<03:02, 52.17it/s, acc=0.307, device=mps, eta=3m34s, loss=1.9884, sps=44.9]
BC[stage1_datasets_L40_stepsweep/bc_baseline_none_steps20000_tr0]:  53%|█████▎    | 10505/20000 [03:53<03:42, 42.72it/s, acc=0.307, device=mps, eta=3m34s, loss=1.9884, sps=44.9]
BC[stage1_datasets_L40_stepsweep/bc_baseline_none_steps20000_tr0]:  53%|█████▎    | 10511/20000 [03:53<03:29, 45.38it/s, acc=0.307, device=mps, eta=3m34s, loss=1.9884, sps=44.9]
BC[stage1_datasets_L40_stepsweep/bc_baseline_none_steps20000_tr0]:  53%|█████▎    | 10517/20000 [03:53<03:14, 48.71it/s, acc=0.307, device=mps, eta=3m34s, loss=1.9884, sps=44.9]
BC[stage1_datasets_L40_stepsweep/bc_baseline_none_steps20000_tr0]:  53%|█████▎    | 10523/20000 [03:54<03:50, 41.05it/s, acc=0.307, device=mps, eta=3m34s, loss=1.9884, sps=44.9]
BC[stage1_datasets_L40_stepsweep/bc_baseline_none_steps20000_tr0]:  53%|█████▎    | 10529/20000 [03:54<03:35, 43.93it/s, acc=0.307, device=mps, eta=3m34s, loss=1.9884, sps=44.9]
BC[stage1_datasets_L40_stepsweep/bc_baseline_none_steps20000_tr0]:  53%|█████▎    | 10535/20000 [03:54<03:18, 47.68it/s, acc=0.307, device=mps, eta=3m34s, loss=1.9884, sps=44.9]
BC[stage1_datasets_L40_stepsweep/bc_baseline_none_steps20000_tr0]:  53%|█████▎    | 10541/20000 [03:54<03:55, 40.12it/s, acc=0.307, device=mps, eta=3m34s, loss=1.9884, sps=44.9]
BC[stage1_datasets_L40_stepsweep/bc_baseline_none_steps20000_tr0]:  53%|█████▎    | 10549/20000 [03:54<03:16, 48.06it/s, acc=0.307, device=mps, eta=3m34s, loss=1.9884, sps=44.9]
BC[stage1_datasets_L40_stepsweep/bc_baseline_none_steps20000_tr0]:  53%|█████▎    | 10557/20000 [03:54<02:52, 54.71it/s, acc=0.307, device=mps, eta=3m34s, loss=1.9884, sps=44.9]
BC[stage1_datasets_L40_stepsweep/bc_baseline_none_steps20000_tr0]:  53%|█████▎    | 10563/20000 [03:54<03:25, 45.89it/s, acc=0.307, device=mps, eta=3m34s, loss=1.9884, sps=44.9]
BC[stage1_datasets_L40_stepsweep/bc_baseline_none_steps20000_tr0]:  53%|█████▎    | 10570/20000 [03:55<03:08, 50.15it/s, acc=0.307, device=mps, eta=3m34s, loss=1.9884, sps=44.9]
BC[stage1_datasets_L40_stepsweep/bc_baseline_none_steps20000_tr0]:  53%|█████▎    | 10577/20000 [03:55<02:56, 53.34it/s, acc=0.307, device=mps, eta=3m34s, loss=1.9884, sps=44.9]
BC[stage1_datasets_L40_stepsweep/bc_baseline_none_steps20000_tr0]:  53%|█████▎    | 10583/20000 [03:55<03:37, 43.36it/s, acc=0.307, device=mps, eta=3m34s, loss=1.9884, sps=44.9]
BC[stage1_datasets_L40_stepsweep/bc_baseline_none_steps20000_tr0]:  53%|█████▎    | 10589/20000 [03:55<03:27, 45.40it/s, acc=0.307, device=mps, eta=3m34s, loss=1.9884, sps=44.9]
BC[stage1_datasets_L40_stepsweep/bc_baseline_none_steps20000_tr0]:  53%|█████▎    | 10595/20000 [03:55<03:17, 47.63it/s, acc=0.307, device=mps, eta=3m34s, loss=1.9884, sps=44.9]
BC[stage1_datasets_L40_stepsweep/bc_baseline_none_steps20000_tr0]:  53%|█████▎    | 10595/20000 [03:55<03:17, 47.63it/s, acc=0.308, device=mps, eta=3m29s, loss=1.9768, sps=45.0]
BC[stage1_datasets_L40_stepsweep/bc_baseline_none_steps20000_tr0]:  53%|█████▎    | 10601/20000 [03:55<03:51, 40.61it/s, acc=0.308, device=mps, eta=3m29s, loss=1.9768, sps=45.0]
BC[stage1_datasets_L40_stepsweep/bc_baseline_none_steps20000_tr0]:  53%|█████▎    | 10608/20000 [03:55<03:25, 45.72it/s, acc=0.308, device=mps, eta=3m29s, loss=1.9768, sps=45.0]
BC[stage1_datasets_L40_stepsweep/bc_baseline_none_steps20000_tr0]:  53%|█████▎    | 10615/20000 [03:55<03:07, 49.99it/s, acc=0.308, device=mps, eta=3m29s, loss=1.9768, sps=45.0]
BC[stage1_datasets_L40_stepsweep/bc_baseline_none_steps20000_tr0]:  53%|█████▎    | 10621/20000 [03:56<03:45, 41.66it/s, acc=0.308, device=mps, eta=3m29s, loss=1.9768, sps=45.0]
BC[stage1_datasets_L40_stepsweep/bc_baseline_none_steps20000_tr0]:  53%|█████▎    | 10629/20000 [03:56<03:13, 48.52it/s, acc=0.308, device=mps, eta=3m29s, loss=1.9768, sps=45.0]
BC[stage1_datasets_L40_stepsweep/bc_baseline_none_steps20000_tr0]:  53%|█████▎    | 10635/20000 [03:56<03:08, 49.74it/s, acc=0.308, device=mps, eta=3m29s, loss=1.9768, sps=45.0]
BC[stage1_datasets_L40_stepsweep/bc_baseline_none_steps20000_tr0]:  53%|█████▎    | 10641/20000 [03:56<03:47, 41.12it/s, acc=0.308, device=mps, eta=3m29s, loss=1.9768, sps=45.0]
BC[stage1_datasets_L40_stepsweep/bc_baseline_none_steps20000_tr0]:  53%|█████▎    | 10649/20000 [03:56<03:11, 48.82it/s, acc=0.308, device=mps, eta=3m29s, loss=1.9768, sps=45.0]
BC[stage1_datasets_L40_stepsweep/bc_baseline_none_steps20000_tr0]:  53%|█████▎    | 10657/20000 [03:56<02:49, 55.15it/s, acc=0.308, device=mps, eta=3m29s, loss=1.9768, sps=45.0]
BC[stage1_datasets_L40_stepsweep/bc_baseline_none_steps20000_tr0]:  53%|█████▎    | 10664/20000 [03:57<03:21, 46.39it/s, acc=0.308, device=mps, eta=3m29s, loss=1.9768, sps=45.0]
BC[stage1_datasets_L40_stepsweep/bc_baseline_none_steps20000_tr0]:  53%|█████▎    | 10672/20000 [03:57<02:56, 52.74it/s, acc=0.308, device=mps, eta=3m29s, loss=1.9768, sps=45.0]
BC[stage1_datasets_L40_stepsweep/bc_baseline_none_steps20000_tr0]:  53%|█████▎    | 10680/20000 [03:57<02:39, 58.35it/s, acc=0.308, device=mps, eta=3m29s, loss=1.9768, sps=45.0]
BC[stage1_datasets_L40_stepsweep/bc_baseline_none_steps20000_tr0]:  53%|█████▎    | 10687/20000 [03:57<03:19, 46.59it/s, acc=0.308, device=mps, eta=3m29s, loss=1.9768, sps=45.0]
BC[stage1_datasets_L40_stepsweep/bc_baseline_none_steps20000_tr0]:  53%|█████▎    | 10693/20000 [03:57<03:12, 48.47it/s, acc=0.308, device=mps, eta=3m29s, loss=1.9768, sps=45.0]
BC[stage1_datasets_L40_stepsweep/bc_baseline_none_steps20000_tr0]:  53%|█████▎    | 10699/20000 [03:57<03:06, 49.93it/s, acc=0.308, device=mps, eta=3m29s, loss=1.9768, sps=45.0]
BC[stage1_datasets_L40_stepsweep/bc_baseline_none_steps20000_tr0]:  54%|█████▎    | 10705/20000 [03:57<03:48, 40.75it/s, acc=0.308, device=mps, eta=3m29s, loss=1.9768, sps=45.0]
BC[stage1_datasets_L40_stepsweep/bc_baseline_none_steps20000_tr0]:  54%|█████▎    | 10711/20000 [03:58<03:33, 43.52it/s, acc=0.308, device=mps, eta=3m29s, loss=1.9768, sps=45.0]
BC[stage1_datasets_L40_stepsweep/bc_baseline_none_steps20000_tr0]:  54%|█████▎    | 10717/20000 [03:58<03:20, 46.31it/s, acc=0.308, device=mps, eta=3m29s, loss=1.9768, sps=45.0]
BC[stage1_datasets_L40_stepsweep/bc_baseline_none_steps20000_tr0]:  54%|█████▎    | 10723/20000 [03:58<04:02, 38.25it/s, acc=0.308, device=mps, eta=3m29s, loss=1.9768, sps=45.0]
BC[stage1_datasets_L40_stepsweep/bc_baseline_none_steps20000_tr0]:  54%|█████▎    | 10729/20000 [03:58<03:40, 42.12it/s, acc=0.308, device=mps, eta=3m29s, loss=1.9768, sps=45.0]
BC[stage1_datasets_L40_stepsweep/bc_baseline_none_steps20000_tr0]:  54%|█████▎    | 10735/20000 [03:58<03:24, 45.29it/s, acc=0.308, device=mps, eta=3m29s, loss=1.9768, sps=45.0]
BC[stage1_datasets_L40_stepsweep/bc_baseline_none_steps20000_tr0]:  54%|█████▎    | 10741/20000 [03:58<03:57, 38.93it/s, acc=0.308, device=mps, eta=3m29s, loss=1.9768, sps=45.0]
BC[stage1_datasets_L40_stepsweep/bc_baseline_none_steps20000_tr0]:  54%|█████▎    | 10749/20000 [03:58<03:16, 46.99it/s, acc=0.308, device=mps, eta=3m29s, loss=1.9768, sps=45.0]
BC[stage1_datasets_L40_stepsweep/bc_baseline_none_steps20000_tr0]:  54%|█████▍    | 10757/20000 [03:59<02:51, 53.89it/s, acc=0.308, device=mps, eta=3m29s, loss=1.9768, sps=45.0]
BC[stage1_datasets_L40_stepsweep/bc_baseline_none_steps20000_tr0]:  54%|█████▍    | 10763/20000 [03:59<03:23, 45.47it/s, acc=0.308, device=mps, eta=3m29s, loss=1.9768, sps=45.0]
BC[stage1_datasets_L40_stepsweep/bc_baseline_none_steps20000_tr0]:  54%|█████▍    | 10770/20000 [03:59<03:04, 49.96it/s, acc=0.308, device=mps, eta=3m29s, loss=1.9768, sps=45.0]
BC[stage1_datasets_L40_stepsweep/bc_baseline_none_steps20000_tr0]:  54%|█████▍    | 10777/20000 [03:59<02:54, 52.89it/s, acc=0.308, device=mps, eta=3m29s, loss=1.9768, sps=45.0]
BC[stage1_datasets_L40_stepsweep/bc_baseline_none_steps20000_tr0]:  54%|█████▍    | 10783/20000 [03:59<03:30, 43.71it/s, acc=0.308, device=mps, eta=3m29s, loss=1.9768, sps=45.0]
BC[stage1_datasets_L40_stepsweep/bc_baseline_none_steps20000_tr0]:  54%|█████▍    | 10791/20000 [03:59<03:01, 50.75it/s, acc=0.308, device=mps, eta=3m29s, loss=1.9768, sps=45.0]
BC[stage1_datasets_L40_stepsweep/bc_baseline_none_steps20000_tr0]:  54%|█████▍    | 10799/20000 [03:59<02:43, 56.39it/s, acc=0.308, device=mps, eta=3m29s, loss=1.9768, sps=45.0]
BC[stage1_datasets_L40_stepsweep/bc_baseline_none_steps20000_tr0]:  54%|█████▍    | 10799/20000 [03:59<02:43, 56.39it/s, acc=0.310, device=mps, eta=3m24s, loss=1.9760, sps=45.0]
BC[stage1_datasets_L40_stepsweep/bc_baseline_none_steps20000_tr0]:  54%|█████▍    | 10806/20000 [04:00<03:13, 47.46it/s, acc=0.310, device=mps, eta=3m24s, loss=1.9760, sps=45.0]
BC[stage1_datasets_L40_stepsweep/bc_baseline_none_steps20000_tr0]:  54%|█████▍    | 10814/20000 [04:00<02:51, 53.56it/s, acc=0.310, device=mps, eta=3m24s, loss=1.9760, sps=45.0]
BC[stage1_datasets_L40_stepsweep/bc_baseline_none_steps20000_tr0]:  54%|█████▍    | 10821/20000 [04:00<03:20, 45.78it/s, acc=0.310, device=mps, eta=3m24s, loss=1.9760, sps=45.0]
BC[stage1_datasets_L40_stepsweep/bc_baseline_none_steps20000_tr0]:  54%|█████▍    | 10829/20000 [04:00<02:56, 52.06it/s, acc=0.310, device=mps, eta=3m24s, loss=1.9760, sps=45.0]
BC[stage1_datasets_L40_stepsweep/bc_baseline_none_steps20000_tr0]:  54%|█████▍    | 10837/20000 [04:00<02:40, 57.23it/s, acc=0.310, device=mps, eta=3m24s, loss=1.9760, sps=45.0]
BC[stage1_datasets_L40_stepsweep/bc_baseline_none_steps20000_tr0]:  54%|█████▍    | 10844/20000 [04:00<03:10, 48.11it/s, acc=0.310, device=mps, eta=3m24s, loss=1.9760, sps=45.0]
BC[stage1_datasets_L40_stepsweep/bc_baseline_none_steps20000_tr0]:  54%|█████▍    | 10852/20000 [04:00<02:48, 54.37it/s, acc=0.310, device=mps, eta=3m24s, loss=1.9760, sps=45.0]
BC[stage1_datasets_L40_stepsweep/bc_baseline_none_steps20000_tr0]:  54%|█████▍    | 10861/20000 [04:01<03:11, 47.74it/s, acc=0.310, device=mps, eta=3m24s, loss=1.9760, sps=45.0]
BC[stage1_datasets_L40_stepsweep/bc_baseline_none_steps20000_tr0]:  54%|█████▍    | 10867/20000 [04:01<03:09, 48.10it/s, acc=0.310, device=mps, eta=3m24s, loss=1.9760, sps=45.0]
BC[stage1_datasets_L40_stepsweep/bc_baseline_none_steps20000_tr0]:  54%|█████▍    | 10873/20000 [04:01<03:04, 49.46it/s, acc=0.310, device=mps, eta=3m24s, loss=1.9760, sps=45.0]
BC[stage1_datasets_L40_stepsweep/bc_baseline_none_steps20000_tr0]:  54%|█████▍    | 10880/20000 [04:01<02:50, 53.40it/s, acc=0.310, device=mps, eta=3m24s, loss=1.9760, sps=45.0]
BC[stage1_datasets_L40_stepsweep/bc_baseline_none_steps20000_tr0]:  54%|█████▍    | 10886/20000 [04:01<03:28, 43.64it/s, acc=0.310, device=mps, eta=3m24s, loss=1.9760, sps=45.0]
BC[stage1_datasets_L40_stepsweep/bc_baseline_none_steps20000_tr0]:  54%|█████▍    | 10893/20000 [04:01<03:09, 47.96it/s, acc=0.310, device=mps, eta=3m24s, loss=1.9760, sps=45.0]
BC[stage1_datasets_L40_stepsweep/bc_baseline_none_steps20000_tr0]:  55%|█████▍    | 10900/20000 [04:01<02:54, 52.01it/s, acc=0.310, device=mps, eta=3m24s, loss=1.9760, sps=45.0]
BC[stage1_datasets_L40_stepsweep/bc_baseline_none_steps20000_tr0]:  55%|█████▍    | 10906/20000 [04:02<03:35, 42.11it/s, acc=0.310, device=mps, eta=3m24s, loss=1.9760, sps=45.0]
BC[stage1_datasets_L40_stepsweep/bc_baseline_none_steps20000_tr0]:  55%|█████▍    | 10912/20000 [04:02<03:18, 45.88it/s, acc=0.310, device=mps, eta=3m24s, loss=1.9760, sps=45.0]
BC[stage1_datasets_L40_stepsweep/bc_baseline_none_steps20000_tr0]:  55%|█████▍    | 10918/20000 [04:02<03:06, 48.68it/s, acc=0.310, device=mps, eta=3m24s, loss=1.9760, sps=45.0]
BC[stage1_datasets_L40_stepsweep/bc_baseline_none_steps20000_tr0]:  55%|█████▍    | 10924/20000 [04:02<03:43, 40.62it/s, acc=0.310, device=mps, eta=3m24s, loss=1.9760, sps=45.0]
BC[stage1_datasets_L40_stepsweep/bc_baseline_none_steps20000_tr0]:  55%|█████▍    | 10930/20000 [04:02<03:22, 44.79it/s, acc=0.310, device=mps, eta=3m24s, loss=1.9760, sps=45.0]
BC[stage1_datasets_L40_stepsweep/bc_baseline_none_steps20000_tr0]:  55%|█████▍    | 10937/20000 [04:02<03:03, 49.49it/s, acc=0.310, device=mps, eta=3m24s, loss=1.9760, sps=45.0]
BC[stage1_datasets_L40_stepsweep/bc_baseline_none_steps20000_tr0]:  55%|█████▍    | 10943/20000 [04:02<03:38, 41.47it/s, acc=0.310, device=mps, eta=3m24s, loss=1.9760, sps=45.0]
BC[stage1_datasets_L40_stepsweep/bc_baseline_none_steps20000_tr0]:  55%|█████▍    | 10951/20000 [04:03<03:03, 49.25it/s, acc=0.310, device=mps, eta=3m24s, loss=1.9760, sps=45.0]
BC[stage1_datasets_L40_stepsweep/bc_baseline_none_steps20000_tr0]:  55%|█████▍    | 10959/20000 [04:03<02:43, 55.45it/s, acc=0.310, device=mps, eta=3m24s, loss=1.9760, sps=45.0]
BC[stage1_datasets_L40_stepsweep/bc_baseline_none_steps20000_tr0]:  55%|█████▍    | 10966/20000 [04:03<03:17, 45.75it/s, acc=0.310, device=mps, eta=3m24s, loss=1.9760, sps=45.0]
BC[stage1_datasets_L40_stepsweep/bc_baseline_none_steps20000_tr0]:  55%|█████▍    | 10972/20000 [04:03<03:07, 48.07it/s, acc=0.310, device=mps, eta=3m24s, loss=1.9760, sps=45.0]
BC[stage1_datasets_L40_stepsweep/bc_baseline_none_steps20000_tr0]:  55%|█████▍    | 10978/20000 [04:03<02:59, 50.29it/s, acc=0.310, device=mps, eta=3m24s, loss=1.9760, sps=45.0]
BC[stage1_datasets_L40_stepsweep/bc_baseline_none_steps20000_tr0]:  55%|█████▍    | 10984/20000 [04:03<03:38, 41.21it/s, acc=0.310, device=mps, eta=3m24s, loss=1.9760, sps=45.0]
BC[stage1_datasets_L40_stepsweep/bc_baseline_none_steps20000_tr0]:  55%|█████▍    | 10990/20000 [04:03<03:23, 44.25it/s, acc=0.310, device=mps, eta=3m24s, loss=1.9760, sps=45.0]
BC[stage1_datasets_L40_stepsweep/bc_baseline_none_steps20000_tr0]:  55%|█████▍    | 10996/20000 [04:04<03:10, 47.33it/s, acc=0.310, device=mps, eta=3m24s, loss=1.9760, sps=45.0]
BC[stage1_datasets_L40_stepsweep/bc_baseline_none_steps20000_tr0]:  55%|█████▍    | 10996/20000 [04:04<03:10, 47.33it/s, acc=0.310, device=mps, eta=3m20s, loss=1.9773, sps=45.1]
BC[stage1_datasets_L40_stepsweep/bc_baseline_none_steps20000_tr0]:  55%|█████▌    | 11002/20000 [04:04<03:42, 40.36it/s, acc=0.310, device=mps, eta=3m20s, loss=1.9773, sps=45.1]
BC[stage1_datasets_L40_stepsweep/bc_baseline_none_steps20000_tr0]:  55%|█████▌    | 11008/20000 [04:04<03:22, 44.43it/s, acc=0.310, device=mps, eta=3m20s, loss=1.9773, sps=45.1]
BC[stage1_datasets_L40_stepsweep/bc_baseline_none_steps20000_tr0]:  55%|█████▌    | 11014/20000 [04:04<03:09, 47.51it/s, acc=0.310, device=mps, eta=3m20s, loss=1.9773, sps=45.1]
BC[stage1_datasets_L40_stepsweep/bc_baseline_none_steps20000_tr0]:  55%|█████▌    | 11021/20000 [04:04<03:47, 39.40it/s, acc=0.310, device=mps, eta=3m20s, loss=1.9773, sps=45.1]
BC[stage1_datasets_L40_stepsweep/bc_baseline_none_steps20000_tr0]:  55%|█████▌    | 11027/20000 [04:04<03:27, 43.31it/s, acc=0.310, device=mps, eta=3m20s, loss=1.9773, sps=45.1]
BC[stage1_datasets_L40_stepsweep/bc_baseline_none_steps20000_tr0]:  55%|█████▌    | 11033/20000 [04:04<03:14, 46.03it/s, acc=0.310, device=mps, eta=3m20s, loss=1.9773, sps=45.1]
BC[stage1_datasets_L40_stepsweep/bc_baseline_none_steps20000_tr0]:  55%|█████▌    | 11040/20000 [04:04<02:55, 51.04it/s, acc=0.310, device=mps, eta=3m20s, loss=1.9773, sps=45.1]
BC[stage1_datasets_L40_stepsweep/bc_baseline_none_steps20000_tr0]:  55%|█████▌    | 11046/20000 [04:05<03:31, 42.31it/s, acc=0.310, device=mps, eta=3m20s, loss=1.9773, sps=45.1]
BC[stage1_datasets_L40_stepsweep/bc_baseline_none_steps20000_tr0]:  55%|█████▌    | 11053/20000 [04:05<03:08, 47.40it/s, acc=0.310, device=mps, eta=3m20s, loss=1.9773, sps=45.1]
BC[stage1_datasets_L40_stepsweep/bc_baseline_none_steps20000_tr0]:  55%|█████▌    | 11060/20000 [04:05<02:50, 52.36it/s, acc=0.310, device=mps, eta=3m20s, loss=1.9773, sps=45.1]
BC[stage1_datasets_L40_stepsweep/bc_baseline_none_steps20000_tr0]:  55%|█████▌    | 11066/20000 [04:05<03:30, 42.35it/s, acc=0.310, device=mps, eta=3m20s, loss=1.9773, sps=45.1]
BC[stage1_datasets_L40_stepsweep/bc_baseline_none_steps20000_tr0]:  55%|█████▌    | 11072/20000 [04:05<03:15, 45.59it/s, acc=0.310, device=mps, eta=3m20s, loss=1.9773, sps=45.1]
BC[stage1_datasets_L40_stepsweep/bc_baseline_none_steps20000_tr0]:  55%|█████▌    | 11078/20000 [04:05<03:07, 47.59it/s, acc=0.310, device=mps, eta=3m20s, loss=1.9773, sps=45.1]
BC[stage1_datasets_L40_stepsweep/bc_baseline_none_steps20000_tr0]:  55%|█████▌    | 11084/20000 [04:06<03:45, 39.58it/s, acc=0.310, device=mps, eta=3m20s, loss=1.9773, sps=45.1]
BC[stage1_datasets_L40_stepsweep/bc_baseline_none_steps20000_tr0]:  55%|█████▌    | 11090/20000 [04:06<03:28, 42.80it/s, acc=0.310, device=mps, eta=3m20s, loss=1.9773, sps=45.1]
BC[stage1_datasets_L40_stepsweep/bc_baseline_none_steps20000_tr0]:  55%|█████▌    | 11096/20000 [04:06<03:12, 46.24it/s, acc=0.310, device=mps, eta=3m20s, loss=1.9773, sps=45.1]
BC[stage1_datasets_L40_stepsweep/bc_baseline_none_steps20000_tr0]:  56%|█████▌    | 11102/20000 [04:06<03:45, 39.54it/s, acc=0.310, device=mps, eta=3m20s, loss=1.9773, sps=45.1]
BC[stage1_datasets_L40_stepsweep/bc_baseline_none_steps20000_tr0]:  56%|█████▌    | 11110/20000 [04:06<03:07, 47.47it/s, acc=0.310, device=mps, eta=3m20s, loss=1.9773, sps=45.1]
BC[stage1_datasets_L40_stepsweep/bc_baseline_none_steps20000_tr0]:  56%|█████▌    | 11118/20000 [04:06<02:45, 53.64it/s, acc=0.310, device=mps, eta=3m20s, loss=1.9773, sps=45.1]
BC[stage1_datasets_L40_stepsweep/bc_baseline_none_steps20000_tr0]:  56%|█████▌    | 11124/20000 [04:06<03:17, 44.90it/s, acc=0.310, device=mps, eta=3m20s, loss=1.9773, sps=45.1]
BC[stage1_datasets_L40_stepsweep/bc_baseline_none_steps20000_tr0]:  56%|█████▌    | 11130/20000 [04:06<03:04, 48.10it/s, acc=0.310, device=mps, eta=3m20s, loss=1.9773, sps=45.1]
BC[stage1_datasets_L40_stepsweep/bc_baseline_none_steps20000_tr0]:  56%|█████▌    | 11136/20000 [04:07<02:59, 49.49it/s, acc=0.310, device=mps, eta=3m20s, loss=1.9773, sps=45.1]
BC[stage1_datasets_L40_stepsweep/bc_baseline_none_steps20000_tr0]:  56%|█████▌    | 11142/20000 [04:07<03:41, 40.04it/s, acc=0.310, device=mps, eta=3m20s, loss=1.9773, sps=45.1]
BC[stage1_datasets_L40_stepsweep/bc_baseline_none_steps20000_tr0]:  56%|█████▌    | 11148/20000 [04:07<03:22, 43.77it/s, acc=0.310, device=mps, eta=3m20s, loss=1.9773, sps=45.1]
BC[stage1_datasets_L40_stepsweep/bc_baseline_none_steps20000_tr0]:  56%|█████▌    | 11154/20000 [04:07<03:10, 46.47it/s, acc=0.310, device=mps, eta=3m20s, loss=1.9773, sps=45.1]
BC[stage1_datasets_L40_stepsweep/bc_baseline_none_steps20000_tr0]:  56%|█████▌    | 11161/20000 [04:07<03:39, 40.32it/s, acc=0.310, device=mps, eta=3m20s, loss=1.9773, sps=45.1]
BC[stage1_datasets_L40_stepsweep/bc_baseline_none_steps20000_tr0]:  56%|█████▌    | 11169/20000 [04:07<03:03, 48.03it/s, acc=0.310, device=mps, eta=3m20s, loss=1.9773, sps=45.1]
BC[stage1_datasets_L40_stepsweep/bc_baseline_none_steps20000_tr0]:  56%|█████▌    | 11177/20000 [04:07<02:43, 54.05it/s, acc=0.310, device=mps, eta=3m20s, loss=1.9773, sps=45.1]
BC[stage1_datasets_L40_stepsweep/bc_baseline_none_steps20000_tr0]:  56%|█████▌    | 11183/20000 [04:08<03:10, 46.18it/s, acc=0.310, device=mps, eta=3m20s, loss=1.9773, sps=45.1]
BC[stage1_datasets_L40_stepsweep/bc_baseline_none_steps20000_tr0]:  56%|█████▌    | 11191/20000 [04:08<02:46, 52.78it/s, acc=0.310, device=mps, eta=3m20s, loss=1.9773, sps=45.1]
BC[stage1_datasets_L40_stepsweep/bc_baseline_none_steps20000_tr0]:  56%|█████▌    | 11199/20000 [04:08<02:32, 57.76it/s, acc=0.310, device=mps, eta=3m20s, loss=1.9773, sps=45.1]
BC[stage1_datasets_L40_stepsweep/bc_baseline_none_steps20000_tr0]:  56%|█████▌    | 11199/20000 [04:08<02:32, 57.76it/s, acc=0.308, device=mps, eta=3m15s, loss=1.9718, sps=45.1]
BC[stage1_datasets_L40_stepsweep/bc_baseline_none_steps20000_tr0]:  56%|█████▌    | 11206/20000 [04:08<03:04, 47.62it/s, acc=0.308, device=mps, eta=3m15s, loss=1.9718, sps=45.1]
BC[stage1_datasets_L40_stepsweep/bc_baseline_none_steps20000_tr0]:  56%|█████▌    | 11212/20000 [04:08<02:55, 49.95it/s, acc=0.308, device=mps, eta=3m15s, loss=1.9718, sps=45.1]
BC[stage1_datasets_L40_stepsweep/bc_baseline_none_steps20000_tr0]:  56%|█████▌    | 11218/20000 [04:08<02:52, 50.95it/s, acc=0.308, device=mps, eta=3m15s, loss=1.9718, sps=45.1]
BC[stage1_datasets_L40_stepsweep/bc_baseline_none_steps20000_tr0]:  56%|█████▌    | 11224/20000 [04:08<03:27, 42.20it/s, acc=0.308, device=mps, eta=3m15s, loss=1.9718, sps=45.1]
BC[stage1_datasets_L40_stepsweep/bc_baseline_none_steps20000_tr0]:  56%|█████▌    | 11230/20000 [04:09<03:16, 44.67it/s, acc=0.308, device=mps, eta=3m15s, loss=1.9718, sps=45.1]
BC[stage1_datasets_L40_stepsweep/bc_baseline_none_steps20000_tr0]:  56%|█████▌    | 11236/20000 [04:09<03:05, 47.12it/s, acc=0.308, device=mps, eta=3m15s, loss=1.9718, sps=45.1]
BC[stage1_datasets_L40_stepsweep/bc_baseline_none_steps20000_tr0]:  56%|█████▌    | 11242/20000 [04:09<03:44, 39.04it/s, acc=0.308, device=mps, eta=3m15s, loss=1.9718, sps=45.1]
BC[stage1_datasets_L40_stepsweep/bc_baseline_none_steps20000_tr0]:  56%|█████▋    | 11250/20000 [04:09<03:05, 47.25it/s, acc=0.308, device=mps, eta=3m15s, loss=1.9718, sps=45.1]
BC[stage1_datasets_L40_stepsweep/bc_baseline_none_steps20000_tr0]:  56%|█████▋    | 11258/20000 [04:09<02:42, 53.94it/s, acc=0.308, device=mps, eta=3m15s, loss=1.9718, sps=45.1]
BC[stage1_datasets_L40_stepsweep/bc_baseline_none_steps20000_tr0]:  56%|█████▋    | 11264/20000 [04:09<03:11, 45.54it/s, acc=0.308, device=mps, eta=3m15s, loss=1.9718, sps=45.1]
BC[stage1_datasets_L40_stepsweep/bc_baseline_none_steps20000_tr0]:  56%|█████▋    | 11271/20000 [04:09<02:56, 49.46it/s, acc=0.308, device=mps, eta=3m15s, loss=1.9718, sps=45.1]
BC[stage1_datasets_L40_stepsweep/bc_baseline_none_steps20000_tr0]:  56%|█████▋    | 11277/20000 [04:10<02:49, 51.60it/s, acc=0.308, device=mps, eta=3m15s, loss=1.9718, sps=45.1]
BC[stage1_datasets_L40_stepsweep/bc_baseline_none_steps20000_tr0]:  56%|█████▋    | 11283/20000 [04:10<03:28, 41.76it/s, acc=0.308, device=mps, eta=3m15s, loss=1.9718, sps=45.1]
BC[stage1_datasets_L40_stepsweep/bc_baseline_none_steps20000_tr0]:  56%|█████▋    | 11289/20000 [04:10<03:12, 45.23it/s, acc=0.308, device=mps, eta=3m15s, loss=1.9718, sps=45.1]
BC[stage1_datasets_L40_stepsweep/bc_baseline_none_steps20000_tr0]:  56%|█████▋    | 11295/20000 [04:10<02:59, 48.40it/s, acc=0.308, device=mps, eta=3m15s, loss=1.9718, sps=45.1]
BC[stage1_datasets_L40_stepsweep/bc_baseline_none_steps20000_tr0]:  57%|█████▋    | 11301/20000 [04:10<03:36, 40.09it/s, acc=0.308, device=mps, eta=3m15s, loss=1.9718, sps=45.1]
BC[stage1_datasets_L40_stepsweep/bc_baseline_none_steps20000_tr0]:  57%|█████▋    | 11307/20000 [04:10<03:16, 44.15it/s, acc=0.308, device=mps, eta=3m15s, loss=1.9718, sps=45.1]
BC[stage1_datasets_L40_stepsweep/bc_baseline_none_steps20000_tr0]:  57%|█████▋    | 11313/20000 [04:10<03:07, 46.36it/s, acc=0.308, device=mps, eta=3m15s, loss=1.9718, sps=45.1]
BC[stage1_datasets_L40_stepsweep/bc_baseline_none_steps20000_tr0]:  57%|█████▋    | 11320/20000 [04:11<02:50, 51.03it/s, acc=0.308, device=mps, eta=3m15s, loss=1.9718, sps=45.1]
BC[stage1_datasets_L40_stepsweep/bc_baseline_none_steps20000_tr0]:  57%|█████▋    | 11326/20000 [04:11<03:26, 41.92it/s, acc=0.308, device=mps, eta=3m15s, loss=1.9718, sps=45.1]
BC[stage1_datasets_L40_stepsweep/bc_baseline_none_steps20000_tr0]:  57%|█████▋    | 11333/20000 [04:11<03:05, 46.73it/s, acc=0.308, device=mps, eta=3m15s, loss=1.9718, sps=45.1]
BC[stage1_datasets_L40_stepsweep/bc_baseline_none_steps20000_tr0]:  57%|█████▋    | 11340/20000 [04:11<02:48, 51.45it/s, acc=0.308, device=mps, eta=3m15s, loss=1.9718, sps=45.1]
BC[stage1_datasets_L40_stepsweep/bc_baseline_none_steps20000_tr0]:  57%|█████▋    | 11346/20000 [04:11<03:27, 41.63it/s, acc=0.308, device=mps, eta=3m15s, loss=1.9718, sps=45.1]
BC[stage1_datasets_L40_stepsweep/bc_baseline_none_steps20000_tr0]:  57%|█████▋    | 11352/20000 [04:11<03:11, 45.25it/s, acc=0.308, device=mps, eta=3m15s, loss=1.9718, sps=45.1]
BC[stage1_datasets_L40_stepsweep/bc_baseline_none_steps20000_tr0]:  57%|█████▋    | 11358/20000 [04:11<02:58, 48.37it/s, acc=0.308, device=mps, eta=3m15s, loss=1.9718, sps=45.1]
BC[stage1_datasets_L40_stepsweep/bc_baseline_none_steps20000_tr0]:  57%|█████▋    | 11364/20000 [04:12<03:31, 40.88it/s, acc=0.308, device=mps, eta=3m15s, loss=1.9718, sps=45.1]
BC[stage1_datasets_L40_stepsweep/bc_baseline_none_steps20000_tr0]:  57%|█████▋    | 11372/20000 [04:12<02:57, 48.67it/s, acc=0.308, device=mps, eta=3m15s, loss=1.9718, sps=45.1]
BC[stage1_datasets_L40_stepsweep/bc_baseline_none_steps20000_tr0]:  57%|█████▋    | 11380/20000 [04:12<02:35, 55.34it/s, acc=0.308, device=mps, eta=3m15s, loss=1.9718, sps=45.1]
BC[stage1_datasets_L40_stepsweep/bc_baseline_none_steps20000_tr0]:  57%|█████▋    | 11387/20000 [04:12<03:12, 44.83it/s, acc=0.308, device=mps, eta=3m15s, loss=1.9718, sps=45.1]
BC[stage1_datasets_L40_stepsweep/bc_baseline_none_steps20000_tr0]:  57%|█████▋    | 11393/20000 [04:12<02:59, 47.89it/s, acc=0.308, device=mps, eta=3m15s, loss=1.9718, sps=45.1]
BC[stage1_datasets_L40_stepsweep/bc_baseline_none_steps20000_tr0]:  57%|█████▋    | 11399/20000 [04:12<02:50, 50.35it/s, acc=0.308, device=mps, eta=3m15s, loss=1.9718, sps=45.1]
BC[stage1_datasets_L40_stepsweep/bc_baseline_none_steps20000_tr0]:  57%|█████▋    | 11399/20000 [04:12<02:50, 50.35it/s, acc=0.313, device=mps, eta=3m11s, loss=1.9683, sps=45.1]
BC[stage1_datasets_L40_stepsweep/bc_baseline_none_steps20000_tr0]:  57%|█████▋    | 11405/20000 [04:12<03:31, 40.63it/s, acc=0.313, device=mps, eta=3m11s, loss=1.9683, sps=45.1]
BC[stage1_datasets_L40_stepsweep/bc_baseline_none_steps20000_tr0]:  57%|█████▋    | 11411/20000 [04:13<03:15, 43.89it/s, acc=0.313, device=mps, eta=3m11s, loss=1.9683, sps=45.1]
BC[stage1_datasets_L40_stepsweep/bc_baseline_none_steps20000_tr0]:  57%|█████▋    | 11418/20000 [04:13<02:56, 48.59it/s, acc=0.313, device=mps, eta=3m11s, loss=1.9683, sps=45.1]
BC[stage1_datasets_L40_stepsweep/bc_baseline_none_steps20000_tr0]:  57%|█████▋    | 11424/20000 [04:13<03:26, 41.51it/s, acc=0.313, device=mps, eta=3m11s, loss=1.9683, sps=45.1]
BC[stage1_datasets_L40_stepsweep/bc_baseline_none_steps20000_tr0]:  57%|█████▋    | 11431/20000 [04:13<03:04, 46.37it/s, acc=0.313, device=mps, eta=3m11s, loss=1.9683, sps=45.1]
BC[stage1_datasets_L40_stepsweep/bc_baseline_none_steps20000_tr0]:  57%|█████▋    | 11438/20000 [04:13<02:51, 49.96it/s, acc=0.313, device=mps, eta=3m11s, loss=1.9683, sps=45.1]
BC[stage1_datasets_L40_stepsweep/bc_baseline_none_steps20000_tr0]:  57%|█████▋    | 11444/20000 [04:13<03:26, 41.40it/s, acc=0.313, device=mps, eta=3m11s, loss=1.9683, sps=45.1]
BC[stage1_datasets_L40_stepsweep/bc_baseline_none_steps20000_tr0]:  57%|█████▋    | 11450/20000 [04:13<03:11, 44.58it/s, acc=0.313, device=mps, eta=3m11s, loss=1.9683, sps=45.1]
BC[stage1_datasets_L40_stepsweep/bc_baseline_none_steps20000_tr0]:  57%|█████▋    | 11456/20000 [04:14<03:01, 47.16it/s, acc=0.313, device=mps, eta=3m11s, loss=1.9683, sps=45.1]
BC[stage1_datasets_L40_stepsweep/bc_baseline_none_steps20000_tr0]:  57%|█████▋    | 11462/20000 [04:14<03:37, 39.30it/s, acc=0.313, device=mps, eta=3m11s, loss=1.9683, sps=45.1]
BC[stage1_datasets_L40_stepsweep/bc_baseline_none_steps20000_tr0]:  57%|█████▋    | 11470/20000 [04:14<02:59, 47.60it/s, acc=0.313, device=mps, eta=3m11s, loss=1.9683, sps=45.1]
BC[stage1_datasets_L40_stepsweep/bc_baseline_none_steps20000_tr0]:  57%|█████▋    | 11478/20000 [04:14<02:36, 54.57it/s, acc=0.313, device=mps, eta=3m11s, loss=1.9683, sps=45.1]
BC[stage1_datasets_L40_stepsweep/bc_baseline_none_steps20000_tr0]:  57%|█████▋    | 11485/20000 [04:14<03:02, 46.67it/s, acc=0.313, device=mps, eta=3m11s, loss=1.9683, sps=45.1]
BC[stage1_datasets_L40_stepsweep/bc_baseline_none_steps20000_tr0]:  57%|█████▋    | 11493/20000 [04:14<02:40, 53.00it/s, acc=0.313, device=mps, eta=3m11s, loss=1.9683, sps=45.1]
BC[stage1_datasets_L40_stepsweep/bc_baseline_none_steps20000_tr0]:  58%|█████▊    | 11501/20000 [04:14<03:04, 46.14it/s, acc=0.313, device=mps, eta=3m11s, loss=1.9683, sps=45.1]
BC[stage1_datasets_L40_stepsweep/bc_baseline_none_steps20000_tr0]:  58%|█████▊    | 11509/20000 [04:15<02:42, 52.28it/s, acc=0.313, device=mps, eta=3m11s, loss=1.9683, sps=45.1]
BC[stage1_datasets_L40_stepsweep/bc_baseline_none_steps20000_tr0]:  58%|█████▊    | 11517/20000 [04:15<02:28, 57.21it/s, acc=0.313, device=mps, eta=3m11s, loss=1.9683, sps=45.1]
BC[stage1_datasets_L40_stepsweep/bc_baseline_none_steps20000_tr0]:  58%|█████▊    | 11524/20000 [04:15<03:02, 46.42it/s, acc=0.313, device=mps, eta=3m11s, loss=1.9683, sps=45.1]
BC[stage1_datasets_L40_stepsweep/bc_baseline_none_steps20000_tr0]:  58%|█████▊    | 11530/20000 [04:15<02:58, 47.48it/s, acc=0.313, device=mps, eta=3m11s, loss=1.9683, sps=45.1]
BC[stage1_datasets_L40_stepsweep/bc_baseline_none_steps20000_tr0]:  58%|█████▊    | 11536/20000 [04:15<02:52, 49.16it/s, acc=0.313, device=mps, eta=3m11s, loss=1.9683, sps=45.1]
BC[stage1_datasets_L40_stepsweep/bc_baseline_none_steps20000_tr0]:  58%|█████▊    | 11542/20000 [04:15<03:27, 40.79it/s, acc=0.313, device=mps, eta=3m11s, loss=1.9683, sps=45.1]
BC[stage1_datasets_L40_stepsweep/bc_baseline_none_steps20000_tr0]:  58%|█████▊    | 11548/20000 [04:15<03:12, 43.99it/s, acc=0.313, device=mps, eta=3m11s, loss=1.9683, sps=45.1]
BC[stage1_datasets_L40_stepsweep/bc_baseline_none_steps20000_tr0]:  58%|█████▊    | 11554/20000 [04:16<02:58, 47.37it/s, acc=0.313, device=mps, eta=3m11s, loss=1.9683, sps=45.1]
BC[stage1_datasets_L40_stepsweep/bc_baseline_none_steps20000_tr0]:  58%|█████▊    | 11561/20000 [04:16<03:24, 41.21it/s, acc=0.313, device=mps, eta=3m11s, loss=1.9683, sps=45.1]
BC[stage1_datasets_L40_stepsweep/bc_baseline_none_steps20000_tr0]:  58%|█████▊    | 11568/20000 [04:16<03:03, 45.96it/s, acc=0.313, device=mps, eta=3m11s, loss=1.9683, sps=45.1]
BC[stage1_datasets_L40_stepsweep/bc_baseline_none_steps20000_tr0]:  58%|█████▊    | 11575/20000 [04:16<02:49, 49.72it/s, acc=0.313, device=mps, eta=3m11s, loss=1.9683, sps=45.1]
BC[stage1_datasets_L40_stepsweep/bc_baseline_none_steps20000_tr0]:  58%|█████▊    | 11581/20000 [04:16<03:23, 41.41it/s, acc=0.313, device=mps, eta=3m11s, loss=1.9683, sps=45.1]
BC[stage1_datasets_L40_stepsweep/bc_baseline_none_steps20000_tr0]:  58%|█████▊    | 11589/20000 [04:16<02:52, 48.86it/s, acc=0.313, device=mps, eta=3m11s, loss=1.9683, sps=45.1]
BC[stage1_datasets_L40_stepsweep/bc_baseline_none_steps20000_tr0]:  58%|█████▊    | 11597/20000 [04:16<02:32, 55.18it/s, acc=0.313, device=mps, eta=3m11s, loss=1.9683, sps=45.1]
BC[stage1_datasets_L40_stepsweep/bc_baseline_none_steps20000_tr0]:  58%|█████▊    | 11597/20000 [04:16<02:32, 55.18it/s, acc=0.309, device=mps, eta=3m06s, loss=1.9751, sps=45.1]
BC[stage1_datasets_L40_stepsweep/bc_baseline_none_steps20000_tr0]:  58%|█████▊    | 11604/20000 [04:17<02:58, 47.16it/s, acc=0.309, device=mps, eta=3m06s, loss=1.9751, sps=45.1]
BC[stage1_datasets_L40_stepsweep/bc_baseline_none_steps20000_tr0]:  58%|█████▊    | 11611/20000 [04:17<02:44, 51.11it/s, acc=0.309, device=mps, eta=3m06s, loss=1.9751, sps=45.1]
BC[stage1_datasets_L40_stepsweep/bc_baseline_none_steps20000_tr0]:  58%|█████▊    | 11618/20000 [04:17<02:36, 53.59it/s, acc=0.309, device=mps, eta=3m06s, loss=1.9751, sps=45.1]
BC[stage1_datasets_L40_stepsweep/bc_baseline_none_steps20000_tr0]:  58%|█████▊    | 11624/20000 [04:17<03:11, 43.78it/s, acc=0.309, device=mps, eta=3m06s, loss=1.9751, sps=45.1]
BC[stage1_datasets_L40_stepsweep/bc_baseline_none_steps20000_tr0]:  58%|█████▊    | 11630/20000 [04:17<03:02, 45.92it/s, acc=0.309, device=mps, eta=3m06s, loss=1.9751, sps=45.1]
BC[stage1_datasets_L40_stepsweep/bc_baseline_none_steps20000_tr0]:  58%|█████▊    | 11636/20000 [04:17<02:56, 47.43it/s, acc=0.309, device=mps, eta=3m06s, loss=1.9751, sps=45.1]
BC[stage1_datasets_L40_stepsweep/bc_baseline_none_steps20000_tr0]:  58%|█████▊    | 11642/20000 [04:18<03:33, 39.13it/s, acc=0.309, device=mps, eta=3m06s, loss=1.9751, sps=45.1]
BC[stage1_datasets_L40_stepsweep/bc_baseline_none_steps20000_tr0]:  58%|█████▊    | 11650/20000 [04:18<02:58, 46.90it/s, acc=0.309, device=mps, eta=3m06s, loss=1.9751, sps=45.1]
BC[stage1_datasets_L40_stepsweep/bc_baseline_none_steps20000_tr0]:  58%|█████▊    | 11658/20000 [04:18<02:37, 52.95it/s, acc=0.309, device=mps, eta=3m06s, loss=1.9751, sps=45.1]
BC[stage1_datasets_L40_stepsweep/bc_baseline_none_steps20000_tr0]:  58%|█████▊    | 11664/20000 [04:18<03:16, 42.45it/s, acc=0.309, device=mps, eta=3m06s, loss=1.9751, sps=45.1]
BC[stage1_datasets_L40_stepsweep/bc_baseline_none_steps20000_tr0]:  58%|█████▊    | 11670/20000 [04:18<03:05, 44.92it/s, acc=0.309, device=mps, eta=3m06s, loss=1.9751, sps=45.1]
BC[stage1_datasets_L40_stepsweep/bc_baseline_none_steps20000_tr0]:  58%|█████▊    | 11677/20000 [04:18<02:48, 49.54it/s, acc=0.309, device=mps, eta=3m06s, loss=1.9751, sps=45.1]
BC[stage1_datasets_L40_stepsweep/bc_baseline_none_steps20000_tr0]:  58%|█████▊    | 11683/20000 [04:18<03:14, 42.73it/s, acc=0.309, device=mps, eta=3m06s, loss=1.9751, sps=45.1]
BC[stage1_datasets_L40_stepsweep/bc_baseline_none_steps20000_tr0]:  58%|█████▊    | 11691/20000 [04:18<02:46, 49.95it/s, acc=0.309, device=mps, eta=3m06s, loss=1.9751, sps=45.1]
BC[stage1_datasets_L40_stepsweep/bc_baseline_none_steps20000_tr0]:  58%|█████▊    | 11699/20000 [04:19<02:27, 56.41it/s, acc=0.309, device=mps, eta=3m06s, loss=1.9751, sps=45.1]
BC[stage1_datasets_L40_stepsweep/bc_baseline_none_steps20000_tr0]:  59%|█████▊    | 11706/20000 [04:19<02:54, 47.56it/s, acc=0.309, device=mps, eta=3m06s, loss=1.9751, sps=45.1]
BC[stage1_datasets_L40_stepsweep/bc_baseline_none_steps20000_tr0]:  59%|█████▊    | 11713/20000 [04:19<02:38, 52.13it/s, acc=0.309, device=mps, eta=3m06s, loss=1.9751, sps=45.1]
BC[stage1_datasets_L40_stepsweep/bc_baseline_none_steps20000_tr0]:  59%|█████▊    | 11721/20000 [04:19<03:04, 44.99it/s, acc=0.309, device=mps, eta=3m06s, loss=1.9751, sps=45.1]
BC[stage1_datasets_L40_stepsweep/bc_baseline_none_steps20000_tr0]:  59%|█████▊    | 11729/20000 [04:19<02:40, 51.40it/s, acc=0.309, device=mps, eta=3m06s, loss=1.9751, sps=45.1]
BC[stage1_datasets_L40_stepsweep/bc_baseline_none_steps20000_tr0]:  59%|█████▊    | 11737/20000 [04:19<02:26, 56.59it/s, acc=0.309, device=mps, eta=3m06s, loss=1.9751, sps=45.1]
BC[stage1_datasets_L40_stepsweep/bc_baseline_none_steps20000_tr0]:  59%|█████▊    | 11744/20000 [04:20<02:53, 47.61it/s, acc=0.309, device=mps, eta=3m06s, loss=1.9751, sps=45.1]
BC[stage1_datasets_L40_stepsweep/bc_baseline_none_steps20000_tr0]:  59%|█████▉    | 11752/20000 [04:20<02:33, 53.72it/s, acc=0.309, device=mps, eta=3m06s, loss=1.9751, sps=45.1]
BC[stage1_datasets_L40_stepsweep/bc_baseline_none_steps20000_tr0]:  59%|█████▉    | 11760/20000 [04:20<02:18, 59.33it/s, acc=0.309, device=mps, eta=3m06s, loss=1.9751, sps=45.1]
BC[stage1_datasets_L40_stepsweep/bc_baseline_none_steps20000_tr0]:  59%|█████▉    | 11767/20000 [04:20<02:54, 47.09it/s, acc=0.309, device=mps, eta=3m06s, loss=1.9751, sps=45.1]
BC[stage1_datasets_L40_stepsweep/bc_baseline_none_steps20000_tr0]:  59%|█████▉    | 11773/20000 [04:20<02:48, 48.93it/s, acc=0.309, device=mps, eta=3m06s, loss=1.9751, sps=45.1]
BC[stage1_datasets_L40_stepsweep/bc_baseline_none_steps20000_tr0]:  59%|█████▉    | 11779/20000 [04:20<02:42, 50.68it/s, acc=0.309, device=mps, eta=3m06s, loss=1.9751, sps=45.1]
BC[stage1_datasets_L40_stepsweep/bc_baseline_none_steps20000_tr0]:  59%|█████▉    | 11785/20000 [04:20<03:15, 42.01it/s, acc=0.309, device=mps, eta=3m06s, loss=1.9751, sps=45.1]
BC[stage1_datasets_L40_stepsweep/bc_baseline_none_steps20000_tr0]:  59%|█████▉    | 11791/20000 [04:21<03:03, 44.77it/s, acc=0.309, device=mps, eta=3m06s, loss=1.9751, sps=45.1]
BC[stage1_datasets_L40_stepsweep/bc_baseline_none_steps20000_tr0]:  59%|█████▉    | 11797/20000 [04:21<02:50, 48.10it/s, acc=0.309, device=mps, eta=3m06s, loss=1.9751, sps=45.1]
BC[stage1_datasets_L40_stepsweep/bc_baseline_none_steps20000_tr0]:  59%|█████▉    | 11797/20000 [04:21<02:50, 48.10it/s, acc=0.314, device=mps, eta=3m01s, loss=1.9649, sps=45.2]
BC[stage1_datasets_L40_stepsweep/bc_baseline_none_steps20000_tr0]:  59%|█████▉    | 11803/20000 [04:21<03:24, 40.16it/s, acc=0.314, device=mps, eta=3m01s, loss=1.9649, sps=45.2]
BC[stage1_datasets_L40_stepsweep/bc_baseline_none_steps20000_tr0]:  59%|█████▉    | 11809/20000 [04:21<03:10, 43.08it/s, acc=0.314, device=mps, eta=3m01s, loss=1.9649, sps=45.2]
BC[stage1_datasets_L40_stepsweep/bc_baseline_none_steps20000_tr0]:  59%|█████▉    | 11815/20000 [04:21<02:56, 46.40it/s, acc=0.314, device=mps, eta=3m01s, loss=1.9649, sps=45.2]
BC[stage1_datasets_L40_stepsweep/bc_baseline_none_steps20000_tr0]:  59%|█████▉    | 11821/20000 [04:21<03:27, 39.42it/s, acc=0.314, device=mps, eta=3m01s, loss=1.9649, sps=45.2]
BC[stage1_datasets_L40_stepsweep/bc_baseline_none_steps20000_tr0]:  59%|█████▉    | 11829/20000 [04:21<02:52, 47.40it/s, acc=0.314, device=mps, eta=3m01s, loss=1.9649, sps=45.2]
BC[stage1_datasets_L40_stepsweep/bc_baseline_none_steps20000_tr0]:  59%|█████▉    | 11837/20000 [04:21<02:31, 54.05it/s, acc=0.314, device=mps, eta=3m01s, loss=1.9649, sps=45.2]
BC[stage1_datasets_L40_stepsweep/bc_baseline_none_steps20000_tr0]:  59%|█████▉    | 11843/20000 [04:22<02:58, 45.61it/s, acc=0.314, device=mps, eta=3m01s, loss=1.9649, sps=45.2]
BC[stage1_datasets_L40_stepsweep/bc_baseline_none_steps20000_tr0]:  59%|█████▉    | 11850/20000 [04:22<02:42, 50.12it/s, acc=0.314, device=mps, eta=3m01s, loss=1.9649, sps=45.2]
BC[stage1_datasets_L40_stepsweep/bc_baseline_none_steps20000_tr0]:  59%|█████▉    | 11857/20000 [04:22<02:33, 53.02it/s, acc=0.314, device=mps, eta=3m01s, loss=1.9649, sps=45.2]
BC[stage1_datasets_L40_stepsweep/bc_baseline_none_steps20000_tr0]:  59%|█████▉    | 11863/20000 [04:22<03:12, 42.35it/s, acc=0.314, device=mps, eta=3m01s, loss=1.9649, sps=45.2]
BC[stage1_datasets_L40_stepsweep/bc_baseline_none_steps20000_tr0]:  59%|█████▉    | 11869/20000 [04:22<02:57, 45.87it/s, acc=0.314, device=mps, eta=3m01s, loss=1.9649, sps=45.2]
BC[stage1_datasets_L40_stepsweep/bc_baseline_none_steps20000_tr0]:  59%|█████▉    | 11875/20000 [04:22<02:46, 48.90it/s, acc=0.314, device=mps, eta=3m01s, loss=1.9649, sps=45.2]
BC[stage1_datasets_L40_stepsweep/bc_baseline_none_steps20000_tr0]:  59%|█████▉    | 11881/20000 [04:23<03:21, 40.31it/s, acc=0.314, device=mps, eta=3m01s, loss=1.9649, sps=45.2]
BC[stage1_datasets_L40_stepsweep/bc_baseline_none_steps20000_tr0]:  59%|█████▉    | 11889/20000 [04:23<02:48, 48.27it/s, acc=0.314, device=mps, eta=3m01s, loss=1.9649, sps=45.2]
BC[stage1_datasets_L40_stepsweep/bc_baseline_none_steps20000_tr0]:  59%|█████▉    | 11897/20000 [04:23<02:27, 54.86it/s, acc=0.314, device=mps, eta=3m01s, loss=1.9649, sps=45.2]
BC[stage1_datasets_L40_stepsweep/bc_baseline_none_steps20000_tr0]:  60%|█████▉    | 11904/20000 [04:23<02:55, 46.10it/s, acc=0.314, device=mps, eta=3m01s, loss=1.9649, sps=45.2]
BC[stage1_datasets_L40_stepsweep/bc_baseline_none_steps20000_tr0]:  60%|█████▉    | 11912/20000 [04:23<02:33, 52.70it/s, acc=0.314, device=mps, eta=3m01s, loss=1.9649, sps=45.2]
BC[stage1_datasets_L40_stepsweep/bc_baseline_none_steps20000_tr0]:  60%|█████▉    | 11920/20000 [04:23<02:17, 58.65it/s, acc=0.314, device=mps, eta=3m01s, loss=1.9649, sps=45.2]
BC[stage1_datasets_L40_stepsweep/bc_baseline_none_steps20000_tr0]:  60%|█████▉    | 11927/20000 [04:23<02:52, 46.91it/s, acc=0.314, device=mps, eta=3m01s, loss=1.9649, sps=45.2]
BC[stage1_datasets_L40_stepsweep/bc_baseline_none_steps20000_tr0]:  60%|█████▉    | 11933/20000 [04:23<02:46, 48.33it/s, acc=0.314, device=mps, eta=3m01s, loss=1.9649, sps=45.2]
BC[stage1_datasets_L40_stepsweep/bc_baseline_none_steps20000_tr0]:  60%|█████▉    | 11939/20000 [04:24<02:41, 49.98it/s, acc=0.314, device=mps, eta=3m01s, loss=1.9649, sps=45.2]
BC[stage1_datasets_L40_stepsweep/bc_baseline_none_steps20000_tr0]:  60%|█████▉    | 11945/20000 [04:24<03:12, 41.77it/s, acc=0.314, device=mps, eta=3m01s, loss=1.9649, sps=45.2]
BC[stage1_datasets_L40_stepsweep/bc_baseline_none_steps20000_tr0]:  60%|█████▉    | 11951/20000 [04:24<03:02, 44.06it/s, acc=0.314, device=mps, eta=3m01s, loss=1.9649, sps=45.2]
BC[stage1_datasets_L40_stepsweep/bc_baseline_none_steps20000_tr0]:  60%|█████▉    | 11957/20000 [04:24<02:53, 46.46it/s, acc=0.314, device=mps, eta=3m01s, loss=1.9649, sps=45.2]
BC[stage1_datasets_L40_stepsweep/bc_baseline_none_steps20000_tr0]:  60%|█████▉    | 11962/20000 [04:24<03:33, 37.63it/s, acc=0.314, device=mps, eta=3m01s, loss=1.9649, sps=45.2]
BC[stage1_datasets_L40_stepsweep/bc_baseline_none_steps20000_tr0]:  60%|█████▉    | 11970/20000 [04:24<02:56, 45.40it/s, acc=0.314, device=mps, eta=3m01s, loss=1.9649, sps=45.2]
BC[stage1_datasets_L40_stepsweep/bc_baseline_none_steps20000_tr0]:  60%|█████▉    | 11976/20000 [04:24<02:49, 47.26it/s, acc=0.314, device=mps, eta=3m01s, loss=1.9649, sps=45.2]
BC[stage1_datasets_L40_stepsweep/bc_baseline_none_steps20000_tr0]:  60%|█████▉    | 11982/20000 [04:25<03:24, 39.12it/s, acc=0.314, device=mps, eta=3m01s, loss=1.9649, sps=45.2]
BC[stage1_datasets_L40_stepsweep/bc_baseline_none_steps20000_tr0]:  60%|█████▉    | 11989/20000 [04:25<03:01, 44.19it/s, acc=0.314, device=mps, eta=3m01s, loss=1.9649, sps=45.2]
BC[stage1_datasets_L40_stepsweep/bc_baseline_none_steps20000_tr0]:  60%|█████▉    | 11996/20000 [04:25<02:43, 49.02it/s, acc=0.314, device=mps, eta=3m01s, loss=1.9649, sps=45.2]
BC[stage1_datasets_L40_stepsweep/bc_baseline_none_steps20000_tr0]:  60%|█████▉    | 11996/20000 [04:25<02:43, 49.02it/s, acc=0.311, device=mps, eta=2m57s, loss=1.9746, sps=45.2]
BC[stage1_datasets_L40_stepsweep/bc_baseline_none_steps20000_tr0]:  60%|██████    | 12002/20000 [04:25<03:07, 42.60it/s, acc=0.311, device=mps, eta=2m57s, loss=1.9746, sps=45.2]
BC[stage1_datasets_L40_stepsweep/bc_baseline_none_steps20000_tr0]:  60%|██████    | 12010/20000 [04:25<02:39, 50.13it/s, acc=0.311, device=mps, eta=2m57s, loss=1.9746, sps=45.2]
BC[stage1_datasets_L40_stepsweep/bc_baseline_none_steps20000_tr0]:  60%|██████    | 12019/20000 [04:25<02:16, 58.35it/s, acc=0.311, device=mps, eta=2m57s, loss=1.9746, sps=45.2]
BC[stage1_datasets_L40_stepsweep/bc_baseline_none_steps20000_tr0]:  60%|██████    | 12026/20000 [04:25<02:39, 50.02it/s, acc=0.311, device=mps, eta=2m57s, loss=1.9746, sps=45.2]
BC[stage1_datasets_L40_stepsweep/bc_baseline_none_steps20000_tr0]:  60%|██████    | 12034/20000 [04:26<02:20, 56.58it/s, acc=0.311, device=mps, eta=2m57s, loss=1.9746, sps=45.2]
BC[stage1_datasets_L40_stepsweep/bc_baseline_none_steps20000_tr0]:  60%|██████    | 12041/20000 [04:26<02:48, 47.37it/s, acc=0.311, device=mps, eta=2m57s, loss=1.9746, sps=45.2]
BC[stage1_datasets_L40_stepsweep/bc_baseline_none_steps20000_tr0]:  60%|██████    | 12047/20000 [04:26<02:48, 47.29it/s, acc=0.311, device=mps, eta=2m57s, loss=1.9746, sps=45.2]
BC[stage1_datasets_L40_stepsweep/bc_baseline_none_steps20000_tr0]:  60%|██████    | 12053/20000 [04:26<02:41, 49.06it/s, acc=0.311, device=mps, eta=2m57s, loss=1.9746, sps=45.2]
BC[stage1_datasets_L40_stepsweep/bc_baseline_none_steps20000_tr0]:  60%|██████    | 12060/20000 [04:26<02:29, 53.19it/s, acc=0.311, device=mps, eta=2m57s, loss=1.9746, sps=45.2]
BC[stage1_datasets_L40_stepsweep/bc_baseline_none_steps20000_tr0]:  60%|██████    | 12066/20000 [04:26<03:02, 43.37it/s, acc=0.311, device=mps, eta=2m57s, loss=1.9746, sps=45.2]
BC[stage1_datasets_L40_stepsweep/bc_baseline_none_steps20000_tr0]:  60%|██████    | 12073/20000 [04:26<02:46, 47.63it/s, acc=0.311, device=mps, eta=2m57s, loss=1.9746, sps=45.2]
BC[stage1_datasets_L40_stepsweep/bc_baseline_none_steps20000_tr0]:  60%|██████    | 12079/20000 [04:27<02:37, 50.43it/s, acc=0.311, device=mps, eta=2m57s, loss=1.9746, sps=45.2]
BC[stage1_datasets_L40_stepsweep/bc_baseline_none_steps20000_tr0]:  60%|██████    | 12085/20000 [04:27<03:10, 41.56it/s, acc=0.311, device=mps, eta=2m57s, loss=1.9746, sps=45.2]
BC[stage1_datasets_L40_stepsweep/bc_baseline_none_steps20000_tr0]:  60%|██████    | 12091/20000 [04:27<02:57, 44.45it/s, acc=0.311, device=mps, eta=2m57s, loss=1.9746, sps=45.2]
BC[stage1_datasets_L40_stepsweep/bc_baseline_none_steps20000_tr0]:  60%|██████    | 12097/20000 [04:27<02:44, 48.02it/s, acc=0.311, device=mps, eta=2m57s, loss=1.9746, sps=45.2]
BC[stage1_datasets_L40_stepsweep/bc_baseline_none_steps20000_tr0]:  61%|██████    | 12103/20000 [04:27<03:17, 39.93it/s, acc=0.311, device=mps, eta=2m57s, loss=1.9746, sps=45.2]
BC[stage1_datasets_L40_stepsweep/bc_baseline_none_steps20000_tr0]:  61%|██████    | 12109/20000 [04:27<02:58, 44.15it/s, acc=0.311, device=mps, eta=2m57s, loss=1.9746, sps=45.2]
BC[stage1_datasets_L40_stepsweep/bc_baseline_none_steps20000_tr0]:  61%|██████    | 12115/20000 [04:27<02:46, 47.42it/s, acc=0.311, device=mps, eta=2m57s, loss=1.9746, sps=45.2]
BC[stage1_datasets_L40_stepsweep/bc_baseline_none_steps20000_tr0]:  61%|██████    | 12121/20000 [04:28<03:16, 40.09it/s, acc=0.311, device=mps, eta=2m57s, loss=1.9746, sps=45.2]
BC[stage1_datasets_L40_stepsweep/bc_baseline_none_steps20000_tr0]:  61%|██████    | 12129/20000 [04:28<02:43, 48.17it/s, acc=0.311, device=mps, eta=2m57s, loss=1.9746, sps=45.2]
BC[stage1_datasets_L40_stepsweep/bc_baseline_none_steps20000_tr0]:  61%|██████    | 12137/20000 [04:28<02:23, 54.62it/s, acc=0.311, device=mps, eta=2m57s, loss=1.9746, sps=45.2]
BC[stage1_datasets_L40_stepsweep/bc_baseline_none_steps20000_tr0]:  61%|██████    | 12143/20000 [04:28<02:51, 45.84it/s, acc=0.311, device=mps, eta=2m57s, loss=1.9746, sps=45.2]
BC[stage1_datasets_L40_stepsweep/bc_baseline_none_steps20000_tr0]:  61%|██████    | 12150/20000 [04:28<02:38, 49.44it/s, acc=0.311, device=mps, eta=2m57s, loss=1.9746, sps=45.2]
BC[stage1_datasets_L40_stepsweep/bc_baseline_none_steps20000_tr0]:  61%|██████    | 12156/20000 [04:28<02:31, 51.65it/s, acc=0.311, device=mps, eta=2m57s, loss=1.9746, sps=45.2]
BC[stage1_datasets_L40_stepsweep/bc_baseline_none_steps20000_tr0]:  61%|██████    | 12162/20000 [04:28<03:09, 41.36it/s, acc=0.311, device=mps, eta=2m57s, loss=1.9746, sps=45.2]
BC[stage1_datasets_L40_stepsweep/bc_baseline_none_steps20000_tr0]:  61%|██████    | 12167/20000 [04:29<03:04, 42.37it/s, acc=0.311, device=mps, eta=2m57s, loss=1.9746, sps=45.2]
BC[stage1_datasets_L40_stepsweep/bc_baseline_none_steps20000_tr0]:  61%|██████    | 12173/20000 [04:29<02:50, 45.92it/s, acc=0.311, device=mps, eta=2m57s, loss=1.9746, sps=45.2]
BC[stage1_datasets_L40_stepsweep/bc_baseline_none_steps20000_tr0]:  61%|██████    | 12181/20000 [04:29<03:12, 40.54it/s, acc=0.311, device=mps, eta=2m57s, loss=1.9746, sps=45.2]
BC[stage1_datasets_L40_stepsweep/bc_baseline_none_steps20000_tr0]:  61%|██████    | 12187/20000 [04:29<03:01, 43.07it/s, acc=0.311, device=mps, eta=2m57s, loss=1.9746, sps=45.2]
BC[stage1_datasets_L40_stepsweep/bc_baseline_none_steps20000_tr0]:  61%|██████    | 12194/20000 [04:29<02:42, 47.92it/s, acc=0.311, device=mps, eta=2m57s, loss=1.9746, sps=45.2]
BC[stage1_datasets_L40_stepsweep/bc_baseline_none_steps20000_tr0]:  61%|██████    | 12194/20000 [04:29<02:42, 47.92it/s, acc=0.311, device=mps, eta=2m52s, loss=1.9714, sps=45.2]
BC[stage1_datasets_L40_stepsweep/bc_baseline_none_steps20000_tr0]:  61%|██████    | 12201/20000 [04:29<03:02, 42.77it/s, acc=0.311, device=mps, eta=2m52s, loss=1.9714, sps=45.2]
BC[stage1_datasets_L40_stepsweep/bc_baseline_none_steps20000_tr0]:  61%|██████    | 12209/20000 [04:29<02:36, 49.85it/s, acc=0.311, device=mps, eta=2m52s, loss=1.9714, sps=45.2]
BC[stage1_datasets_L40_stepsweep/bc_baseline_none_steps20000_tr0]:  61%|██████    | 12217/20000 [04:30<02:17, 56.69it/s, acc=0.311, device=mps, eta=2m52s, loss=1.9714, sps=45.2]
BC[stage1_datasets_L40_stepsweep/bc_baseline_none_steps20000_tr0]:  61%|██████    | 12224/20000 [04:30<02:40, 48.45it/s, acc=0.311, device=mps, eta=2m52s, loss=1.9714, sps=45.2]
BC[stage1_datasets_L40_stepsweep/bc_baseline_none_steps20000_tr0]:  61%|██████    | 12231/20000 [04:30<02:26, 52.88it/s, acc=0.311, device=mps, eta=2m52s, loss=1.9714, sps=45.2]
BC[stage1_datasets_L40_stepsweep/bc_baseline_none_steps20000_tr0]:  61%|██████    | 12238/20000 [04:30<02:17, 56.35it/s, acc=0.311, device=mps, eta=2m52s, loss=1.9714, sps=45.2]
BC[stage1_datasets_L40_stepsweep/bc_baseline_none_steps20000_tr0]:  61%|██████    | 12245/20000 [04:30<02:48, 46.03it/s, acc=0.311, device=mps, eta=2m52s, loss=1.9714, sps=45.2]
BC[stage1_datasets_L40_stepsweep/bc_baseline_none_steps20000_tr0]:  61%|██████▏   | 12251/20000 [04:30<02:41, 48.06it/s, acc=0.311, device=mps, eta=2m52s, loss=1.9714, sps=45.2]
BC[stage1_datasets_L40_stepsweep/bc_baseline_none_steps20000_tr0]:  61%|██████▏   | 12257/20000 [04:30<02:32, 50.78it/s, acc=0.311, device=mps, eta=2m52s, loss=1.9714, sps=45.2]
BC[stage1_datasets_L40_stepsweep/bc_baseline_none_steps20000_tr0]:  61%|██████▏   | 12263/20000 [04:31<03:04, 41.97it/s, acc=0.311, device=mps, eta=2m52s, loss=1.9714, sps=45.2]
BC[stage1_datasets_L40_stepsweep/bc_baseline_none_steps20000_tr0]:  61%|██████▏   | 12269/20000 [04:31<02:51, 45.19it/s, acc=0.311, device=mps, eta=2m52s, loss=1.9714, sps=45.2]
BC[stage1_datasets_L40_stepsweep/bc_baseline_none_steps20000_tr0]:  61%|██████▏   | 12275/20000 [04:31<02:39, 48.40it/s, acc=0.311, device=mps, eta=2m52s, loss=1.9714, sps=45.2]
BC[stage1_datasets_L40_stepsweep/bc_baseline_none_steps20000_tr0]:  61%|██████▏   | 12281/20000 [04:31<03:13, 39.88it/s, acc=0.311, device=mps, eta=2m52s, loss=1.9714, sps=45.2]
BC[stage1_datasets_L40_stepsweep/bc_baseline_none_steps20000_tr0]:  61%|██████▏   | 12289/20000 [04:31<02:40, 48.00it/s, acc=0.311, device=mps, eta=2m52s, loss=1.9714, sps=45.2]
BC[stage1_datasets_L40_stepsweep/bc_baseline_none_steps20000_tr0]:  61%|██████▏   | 12297/20000 [04:31<02:21, 54.53it/s, acc=0.311, device=mps, eta=2m52s, loss=1.9714, sps=45.2]
BC[stage1_datasets_L40_stepsweep/bc_baseline_none_steps20000_tr0]:  62%|██████▏   | 12304/20000 [04:31<02:45, 46.51it/s, acc=0.311, device=mps, eta=2m52s, loss=1.9714, sps=45.2]
BC[stage1_datasets_L40_stepsweep/bc_baseline_none_steps20000_tr0]:  62%|██████▏   | 12311/20000 [04:32<02:32, 50.48it/s, acc=0.311, device=mps, eta=2m52s, loss=1.9714, sps=45.2]
BC[stage1_datasets_L40_stepsweep/bc_baseline_none_steps20000_tr0]:  62%|██████▏   | 12318/20000 [04:32<02:23, 53.49it/s, acc=0.311, device=mps, eta=2m52s, loss=1.9714, sps=45.2]
BC[stage1_datasets_L40_stepsweep/bc_baseline_none_steps20000_tr0]:  62%|██████▏   | 12324/20000 [04:32<02:55, 43.65it/s, acc=0.311, device=mps, eta=2m52s, loss=1.9714, sps=45.2]
BC[stage1_datasets_L40_stepsweep/bc_baseline_none_steps20000_tr0]:  62%|██████▏   | 12331/20000 [04:32<02:39, 47.98it/s, acc=0.311, device=mps, eta=2m52s, loss=1.9714, sps=45.2]
BC[stage1_datasets_L40_stepsweep/bc_baseline_none_steps20000_tr0]:  62%|██████▏   | 12338/20000 [04:32<02:26, 52.24it/s, acc=0.311, device=mps, eta=2m52s, loss=1.9714, sps=45.2]
BC[stage1_datasets_L40_stepsweep/bc_baseline_none_steps20000_tr0]:  62%|██████▏   | 12344/20000 [04:32<02:53, 44.14it/s, acc=0.311, device=mps, eta=2m52s, loss=1.9714, sps=45.2]
BC[stage1_datasets_L40_stepsweep/bc_baseline_none_steps20000_tr0]:  62%|██████▏   | 12352/20000 [04:32<02:28, 51.35it/s, acc=0.311, device=mps, eta=2m52s, loss=1.9714, sps=45.2]
BC[stage1_datasets_L40_stepsweep/bc_baseline_none_steps20000_tr0]:  62%|██████▏   | 12360/20000 [04:32<02:12, 57.72it/s, acc=0.311, device=mps, eta=2m52s, loss=1.9714, sps=45.2]
BC[stage1_datasets_L40_stepsweep/bc_baseline_none_steps20000_tr0]:  62%|██████▏   | 12367/20000 [04:33<02:43, 46.55it/s, acc=0.311, device=mps, eta=2m52s, loss=1.9714, sps=45.2]
BC[stage1_datasets_L40_stepsweep/bc_baseline_none_steps20000_tr0]:  62%|██████▏   | 12373/20000 [04:33<02:36, 48.79it/s, acc=0.311, device=mps, eta=2m52s, loss=1.9714, sps=45.2]
BC[stage1_datasets_L40_stepsweep/bc_baseline_none_steps20000_tr0]:  62%|██████▏   | 12379/20000 [04:33<02:28, 51.22it/s, acc=0.311, device=mps, eta=2m52s, loss=1.9714, sps=45.2]
BC[stage1_datasets_L40_stepsweep/bc_baseline_none_steps20000_tr0]:  62%|██████▏   | 12385/20000 [04:33<02:58, 42.72it/s, acc=0.311, device=mps, eta=2m52s, loss=1.9714, sps=45.2]
BC[stage1_datasets_L40_stepsweep/bc_baseline_none_steps20000_tr0]:  62%|██████▏   | 12392/20000 [04:33<02:42, 46.94it/s, acc=0.311, device=mps, eta=2m52s, loss=1.9714, sps=45.2]
BC[stage1_datasets_L40_stepsweep/bc_baseline_none_steps20000_tr0]:  62%|██████▏   | 12398/20000 [04:33<02:32, 49.75it/s, acc=0.311, device=mps, eta=2m52s, loss=1.9714, sps=45.2]
BC[stage1_datasets_L40_stepsweep/bc_baseline_none_steps20000_tr0]:  62%|██████▏   | 12398/20000 [04:33<02:32, 49.75it/s, acc=0.309, device=mps, eta=2m48s, loss=1.9655, sps=45.3]
BC[stage1_datasets_L40_stepsweep/bc_baseline_none_steps20000_tr0]:  62%|██████▏   | 12404/20000 [04:34<03:01, 41.80it/s, acc=0.309, device=mps, eta=2m48s, loss=1.9655, sps=45.3]
BC[stage1_datasets_L40_stepsweep/bc_baseline_none_steps20000_tr0]:  62%|██████▏   | 12411/20000 [04:34<02:42, 46.73it/s, acc=0.309, device=mps, eta=2m48s, loss=1.9655, sps=45.3]
BC[stage1_datasets_L40_stepsweep/bc_baseline_none_steps20000_tr0]:  62%|██████▏   | 12418/20000 [04:34<02:29, 50.85it/s, acc=0.309, device=mps, eta=2m48s, loss=1.9655, sps=45.3]
BC[stage1_datasets_L40_stepsweep/bc_baseline_none_steps20000_tr0]:  62%|██████▏   | 12424/20000 [04:34<02:56, 42.87it/s, acc=0.309, device=mps, eta=2m48s, loss=1.9655, sps=45.3]
BC[stage1_datasets_L40_stepsweep/bc_baseline_none_steps20000_tr0]:  62%|██████▏   | 12431/20000 [04:34<02:38, 47.83it/s, acc=0.309, device=mps, eta=2m48s, loss=1.9655, sps=45.3]
BC[stage1_datasets_L40_stepsweep/bc_baseline_none_steps20000_tr0]:  62%|██████▏   | 12438/20000 [04:34<02:25, 52.15it/s, acc=0.309, device=mps, eta=2m48s, loss=1.9655, sps=45.3]
BC[stage1_datasets_L40_stepsweep/bc_baseline_none_steps20000_tr0]:  62%|██████▏   | 12444/20000 [04:34<02:54, 43.31it/s, acc=0.309, device=mps, eta=2m48s, loss=1.9655, sps=45.3]
BC[stage1_datasets_L40_stepsweep/bc_baseline_none_steps20000_tr0]:  62%|██████▏   | 12450/20000 [04:34<02:42, 46.53it/s, acc=0.309, device=mps, eta=2m48s, loss=1.9655, sps=45.3]
BC[stage1_datasets_L40_stepsweep/bc_baseline_none_steps20000_tr0]:  62%|██████▏   | 12457/20000 [04:35<02:28, 50.79it/s, acc=0.309, device=mps, eta=2m48s, loss=1.9655, sps=45.3]
BC[stage1_datasets_L40_stepsweep/bc_baseline_none_steps20000_tr0]:  62%|██████▏   | 12463/20000 [04:35<02:58, 42.22it/s, acc=0.309, device=mps, eta=2m48s, loss=1.9655, sps=45.3]
BC[stage1_datasets_L40_stepsweep/bc_baseline_none_steps20000_tr0]:  62%|██████▏   | 12471/20000 [04:35<02:31, 49.85it/s, acc=0.309, device=mps, eta=2m48s, loss=1.9655, sps=45.3]
BC[stage1_datasets_L40_stepsweep/bc_baseline_none_steps20000_tr0]:  62%|██████▏   | 12479/20000 [04:35<02:14, 55.96it/s, acc=0.309, device=mps, eta=2m48s, loss=1.9655, sps=45.3]
BC[stage1_datasets_L40_stepsweep/bc_baseline_none_steps20000_tr0]:  62%|██████▏   | 12486/20000 [04:35<02:40, 46.72it/s, acc=0.309, device=mps, eta=2m48s, loss=1.9655, sps=45.3]
BC[stage1_datasets_L40_stepsweep/bc_baseline_none_steps20000_tr0]:  62%|██████▏   | 12493/20000 [04:35<02:29, 50.11it/s, acc=0.309, device=mps, eta=2m48s, loss=1.9655, sps=45.3]
BC[stage1_datasets_L40_stepsweep/bc_baseline_none_steps20000_tr0]:  62%|██████▏   | 12499/20000 [04:35<02:26, 51.17it/s, acc=0.309, device=mps, eta=2m48s, loss=1.9655, sps=45.3]
BC[stage1_datasets_L40_stepsweep/bc_baseline_none_steps20000_tr0]:  63%|██████▎   | 12505/20000 [04:36<02:54, 42.98it/s, acc=0.309, device=mps, eta=2m48s, loss=1.9655, sps=45.3]
BC[stage1_datasets_L40_stepsweep/bc_baseline_none_steps20000_tr0]:  63%|██████▎   | 12511/20000 [04:36<02:42, 45.99it/s, acc=0.309, device=mps, eta=2m48s, loss=1.9655, sps=45.3]
BC[stage1_datasets_L40_stepsweep/bc_baseline_none_steps20000_tr0]:  63%|██████▎   | 12518/20000 [04:36<02:29, 49.94it/s, acc=0.309, device=mps, eta=2m48s, loss=1.9655, sps=45.3]
BC[stage1_datasets_L40_stepsweep/bc_baseline_none_steps20000_tr0]:  63%|██████▎   | 12524/20000 [04:36<02:56, 42.40it/s, acc=0.309, device=mps, eta=2m48s, loss=1.9655, sps=45.3]
BC[stage1_datasets_L40_stepsweep/bc_baseline_none_steps20000_tr0]:  63%|██████▎   | 12531/20000 [04:36<02:36, 47.72it/s, acc=0.309, device=mps, eta=2m48s, loss=1.9655, sps=45.3]
BC[stage1_datasets_L40_stepsweep/bc_baseline_none_steps20000_tr0]:  63%|██████▎   | 12538/20000 [04:36<02:22, 52.48it/s, acc=0.309, device=mps, eta=2m48s, loss=1.9655, sps=45.3]
BC[stage1_datasets_L40_stepsweep/bc_baseline_none_steps20000_tr0]:  63%|██████▎   | 12544/20000 [04:36<02:57, 42.02it/s, acc=0.309, device=mps, eta=2m48s, loss=1.9655, sps=45.3]
BC[stage1_datasets_L40_stepsweep/bc_baseline_none_steps20000_tr0]:  63%|██████▎   | 12550/20000 [04:37<02:46, 44.82it/s, acc=0.309, device=mps, eta=2m48s, loss=1.9655, sps=45.3]
BC[stage1_datasets_L40_stepsweep/bc_baseline_none_steps20000_tr0]:  63%|██████▎   | 12557/20000 [04:37<02:30, 49.59it/s, acc=0.309, device=mps, eta=2m48s, loss=1.9655, sps=45.3]
BC[stage1_datasets_L40_stepsweep/bc_baseline_none_steps20000_tr0]:  63%|██████▎   | 12563/20000 [04:37<02:57, 41.80it/s, acc=0.309, device=mps, eta=2m48s, loss=1.9655, sps=45.3]
BC[stage1_datasets_L40_stepsweep/bc_baseline_none_steps20000_tr0]:  63%|██████▎   | 12571/20000 [04:37<02:30, 49.45it/s, acc=0.309, device=mps, eta=2m48s, loss=1.9655, sps=45.3]
BC[stage1_datasets_L40_stepsweep/bc_baseline_none_steps20000_tr0]:  63%|██████▎   | 12579/20000 [04:37<02:11, 56.28it/s, acc=0.309, device=mps, eta=2m48s, loss=1.9655, sps=45.3]
BC[stage1_datasets_L40_stepsweep/bc_baseline_none_steps20000_tr0]:  63%|██████▎   | 12586/20000 [04:37<02:35, 47.83it/s, acc=0.309, device=mps, eta=2m48s, loss=1.9655, sps=45.3]
BC[stage1_datasets_L40_stepsweep/bc_baseline_none_steps20000_tr0]:  63%|██████▎   | 12594/20000 [04:37<02:16, 54.18it/s, acc=0.309, device=mps, eta=2m48s, loss=1.9655, sps=45.3]
BC[stage1_datasets_L40_stepsweep/bc_baseline_none_steps20000_tr0]:  63%|██████▎   | 12594/20000 [04:37<02:16, 54.18it/s, acc=0.310, device=mps, eta=2m43s, loss=1.9727, sps=45.3]
BC[stage1_datasets_L40_stepsweep/bc_baseline_none_steps20000_tr0]:  63%|██████▎   | 12601/20000 [04:38<02:37, 46.92it/s, acc=0.310, device=mps, eta=2m43s, loss=1.9727, sps=45.3]
BC[stage1_datasets_L40_stepsweep/bc_baseline_none_steps20000_tr0]:  63%|██████▎   | 12608/20000 [04:38<02:27, 50.18it/s, acc=0.310, device=mps, eta=2m43s, loss=1.9727, sps=45.3]
BC[stage1_datasets_L40_stepsweep/bc_baseline_none_steps20000_tr0]:  63%|██████▎   | 12614/20000 [04:38<02:21, 52.22it/s, acc=0.310, device=mps, eta=2m43s, loss=1.9727, sps=45.3]
BC[stage1_datasets_L40_stepsweep/bc_baseline_none_steps20000_tr0]:  63%|██████▎   | 12621/20000 [04:38<02:51, 42.99it/s, acc=0.310, device=mps, eta=2m43s, loss=1.9727, sps=45.3]
BC[stage1_datasets_L40_stepsweep/bc_baseline_none_steps20000_tr0]:  63%|██████▎   | 12629/20000 [04:38<02:26, 50.23it/s, acc=0.310, device=mps, eta=2m43s, loss=1.9727, sps=45.3]
BC[stage1_datasets_L40_stepsweep/bc_baseline_none_steps20000_tr0]:  63%|██████▎   | 12637/20000 [04:38<02:09, 56.72it/s, acc=0.310, device=mps, eta=2m43s, loss=1.9727, sps=45.3]
BC[stage1_datasets_L40_stepsweep/bc_baseline_none_steps20000_tr0]:  63%|██████▎   | 12644/20000 [04:38<02:36, 47.09it/s, acc=0.310, device=mps, eta=2m43s, loss=1.9727, sps=45.3]
BC[stage1_datasets_L40_stepsweep/bc_baseline_none_steps20000_tr0]:  63%|██████▎   | 12650/20000 [04:39<02:31, 48.65it/s, acc=0.310, device=mps, eta=2m43s, loss=1.9727, sps=45.3]
BC[stage1_datasets_L40_stepsweep/bc_baseline_none_steps20000_tr0]:  63%|██████▎   | 12656/20000 [04:39<02:25, 50.62it/s, acc=0.310, device=mps, eta=2m43s, loss=1.9727, sps=45.3]
BC[stage1_datasets_L40_stepsweep/bc_baseline_none_steps20000_tr0]:  63%|██████▎   | 12662/20000 [04:39<02:55, 41.81it/s, acc=0.310, device=mps, eta=2m43s, loss=1.9727, sps=45.3]
BC[stage1_datasets_L40_stepsweep/bc_baseline_none_steps20000_tr0]:  63%|██████▎   | 12670/20000 [04:39<02:26, 49.94it/s, acc=0.310, device=mps, eta=2m43s, loss=1.9727, sps=45.3]
BC[stage1_datasets_L40_stepsweep/bc_baseline_none_steps20000_tr0]:  63%|██████▎   | 12679/20000 [04:39<02:06, 57.87it/s, acc=0.310, device=mps, eta=2m43s, loss=1.9727, sps=45.3]
BC[stage1_datasets_L40_stepsweep/bc_baseline_none_steps20000_tr0]:  63%|██████▎   | 12686/20000 [04:39<02:31, 48.39it/s, acc=0.310, device=mps, eta=2m43s, loss=1.9727, sps=45.3]
BC[stage1_datasets_L40_stepsweep/bc_baseline_none_steps20000_tr0]:  63%|██████▎   | 12693/20000 [04:39<02:21, 51.62it/s, acc=0.310, device=mps, eta=2m43s, loss=1.9727, sps=45.3]
BC[stage1_datasets_L40_stepsweep/bc_baseline_none_steps20000_tr0]:  64%|██████▎   | 12700/20000 [04:40<02:11, 55.34it/s, acc=0.310, device=mps, eta=2m43s, loss=1.9727, sps=45.3]
BC[stage1_datasets_L40_stepsweep/bc_baseline_none_steps20000_tr0]:  64%|██████▎   | 12707/20000 [04:40<02:44, 44.46it/s, acc=0.310, device=mps, eta=2m43s, loss=1.9727, sps=45.3]
BC[stage1_datasets_L40_stepsweep/bc_baseline_none_steps20000_tr0]:  64%|██████▎   | 12713/20000 [04:40<02:32, 47.68it/s, acc=0.310, device=mps, eta=2m43s, loss=1.9727, sps=45.3]
BC[stage1_datasets_L40_stepsweep/bc_baseline_none_steps20000_tr0]:  64%|██████▎   | 12720/20000 [04:40<02:20, 51.68it/s, acc=0.310, device=mps, eta=2m43s, loss=1.9727, sps=45.3]
BC[stage1_datasets_L40_stepsweep/bc_baseline_none_steps20000_tr0]:  64%|██████▎   | 12726/20000 [04:40<02:54, 41.63it/s, acc=0.310, device=mps, eta=2m43s, loss=1.9727, sps=45.3]
BC[stage1_datasets_L40_stepsweep/bc_baseline_none_steps20000_tr0]:  64%|██████▎   | 12732/20000 [04:40<02:42, 44.81it/s, acc=0.310, device=mps, eta=2m43s, loss=1.9727, sps=45.3]
BC[stage1_datasets_L40_stepsweep/bc_baseline_none_steps20000_tr0]:  64%|██████▎   | 12739/20000 [04:40<02:28, 48.79it/s, acc=0.310, device=mps, eta=2m43s, loss=1.9727, sps=45.3]
BC[stage1_datasets_L40_stepsweep/bc_baseline_none_steps20000_tr0]:  64%|██████▎   | 12745/20000 [04:41<02:56, 41.10it/s, acc=0.310, device=mps, eta=2m43s, loss=1.9727, sps=45.3]
BC[stage1_datasets_L40_stepsweep/bc_baseline_none_steps20000_tr0]:  64%|██████▍   | 12751/20000 [04:41<02:44, 43.97it/s, acc=0.310, device=mps, eta=2m43s, loss=1.9727, sps=45.3]
BC[stage1_datasets_L40_stepsweep/bc_baseline_none_steps20000_tr0]:  64%|██████▍   | 12757/20000 [04:41<02:34, 46.86it/s, acc=0.310, device=mps, eta=2m43s, loss=1.9727, sps=45.3]
BC[stage1_datasets_L40_stepsweep/bc_baseline_none_steps20000_tr0]:  64%|██████▍   | 12763/20000 [04:41<03:08, 38.44it/s, acc=0.310, device=mps, eta=2m43s, loss=1.9727, sps=45.3]
BC[stage1_datasets_L40_stepsweep/bc_baseline_none_steps20000_tr0]:  64%|██████▍   | 12769/20000 [04:41<02:53, 41.62it/s, acc=0.310, device=mps, eta=2m43s, loss=1.9727, sps=45.3]
BC[stage1_datasets_L40_stepsweep/bc_baseline_none_steps20000_tr0]:  64%|██████▍   | 12776/20000 [04:41<02:33, 47.20it/s, acc=0.310, device=mps, eta=2m43s, loss=1.9727, sps=45.3]
BC[stage1_datasets_L40_stepsweep/bc_baseline_none_steps20000_tr0]:  64%|██████▍   | 12782/20000 [04:41<02:55, 41.05it/s, acc=0.310, device=mps, eta=2m43s, loss=1.9727, sps=45.3]
BC[stage1_datasets_L40_stepsweep/bc_baseline_none_steps20000_tr0]:  64%|██████▍   | 12790/20000 [04:42<02:27, 48.93it/s, acc=0.310, device=mps, eta=2m43s, loss=1.9727, sps=45.3]
BC[stage1_datasets_L40_stepsweep/bc_baseline_none_steps20000_tr0]:  64%|██████▍   | 12798/20000 [04:42<02:10, 55.25it/s, acc=0.310, device=mps, eta=2m43s, loss=1.9727, sps=45.3]
BC[stage1_datasets_L40_stepsweep/bc_baseline_none_steps20000_tr0]:  64%|██████▍   | 12798/20000 [04:42<02:10, 55.25it/s, acc=0.314, device=mps, eta=2m39s, loss=1.9606, sps=45.4]
BC[stage1_datasets_L40_stepsweep/bc_baseline_none_steps20000_tr0]:  64%|██████▍   | 12805/20000 [04:42<02:36, 46.04it/s, acc=0.314, device=mps, eta=2m39s, loss=1.9606, sps=45.4]
BC[stage1_datasets_L40_stepsweep/bc_baseline_none_steps20000_tr0]:  64%|██████▍   | 12811/20000 [04:42<02:27, 48.70it/s, acc=0.314, device=mps, eta=2m39s, loss=1.9606, sps=45.4]
BC[stage1_datasets_L40_stepsweep/bc_baseline_none_steps20000_tr0]:  64%|██████▍   | 12818/20000 [04:42<02:18, 51.93it/s, acc=0.314, device=mps, eta=2m39s, loss=1.9606, sps=45.4]
BC[stage1_datasets_L40_stepsweep/bc_baseline_none_steps20000_tr0]:  64%|██████▍   | 12824/20000 [04:42<02:45, 43.47it/s, acc=0.314, device=mps, eta=2m39s, loss=1.9606, sps=45.4]
BC[stage1_datasets_L40_stepsweep/bc_baseline_none_steps20000_tr0]:  64%|██████▍   | 12832/20000 [04:42<02:21, 50.83it/s, acc=0.314, device=mps, eta=2m39s, loss=1.9606, sps=45.4]
BC[stage1_datasets_L40_stepsweep/bc_baseline_none_steps20000_tr0]:  64%|██████▍   | 12840/20000 [04:43<02:04, 57.59it/s, acc=0.314, device=mps, eta=2m39s, loss=1.9606, sps=45.4]
BC[stage1_datasets_L40_stepsweep/bc_baseline_none_steps20000_tr0]:  64%|██████▍   | 12847/20000 [04:43<02:33, 46.67it/s, acc=0.314, device=mps, eta=2m39s, loss=1.9606, sps=45.4]
BC[stage1_datasets_L40_stepsweep/bc_baseline_none_steps20000_tr0]:  64%|██████▍   | 12853/20000 [04:43<02:27, 48.48it/s, acc=0.314, device=mps, eta=2m39s, loss=1.9606, sps=45.4]
BC[stage1_datasets_L40_stepsweep/bc_baseline_none_steps20000_tr0]:  64%|██████▍   | 12859/20000 [04:43<02:21, 50.32it/s, acc=0.314, device=mps, eta=2m39s, loss=1.9606, sps=45.4]
BC[stage1_datasets_L40_stepsweep/bc_baseline_none_steps20000_tr0]:  64%|██████▍   | 12865/20000 [04:43<02:53, 41.20it/s, acc=0.314, device=mps, eta=2m39s, loss=1.9606, sps=45.4]
BC[stage1_datasets_L40_stepsweep/bc_baseline_none_steps20000_tr0]:  64%|██████▍   | 12871/20000 [04:43<02:42, 43.83it/s, acc=0.314, device=mps, eta=2m39s, loss=1.9606, sps=45.4]
BC[stage1_datasets_L40_stepsweep/bc_baseline_none_steps20000_tr0]:  64%|██████▍   | 12877/20000 [04:43<02:30, 47.26it/s, acc=0.314, device=mps, eta=2m39s, loss=1.9606, sps=45.4]
BC[stage1_datasets_L40_stepsweep/bc_baseline_none_steps20000_tr0]:  64%|██████▍   | 12883/20000 [04:44<03:01, 39.26it/s, acc=0.314, device=mps, eta=2m39s, loss=1.9606, sps=45.4]
BC[stage1_datasets_L40_stepsweep/bc_baseline_none_steps20000_tr0]:  64%|██████▍   | 12889/20000 [04:44<02:48, 42.25it/s, acc=0.314, device=mps, eta=2m39s, loss=1.9606, sps=45.4]
BC[stage1_datasets_L40_stepsweep/bc_baseline_none_steps20000_tr0]:  64%|██████▍   | 12896/20000 [04:44<02:29, 47.56it/s, acc=0.314, device=mps, eta=2m39s, loss=1.9606, sps=45.4]
BC[stage1_datasets_L40_stepsweep/bc_baseline_none_steps20000_tr0]:  65%|██████▍   | 12902/20000 [04:44<02:57, 40.06it/s, acc=0.314, device=mps, eta=2m39s, loss=1.9606, sps=45.4]
BC[stage1_datasets_L40_stepsweep/bc_baseline_none_steps20000_tr0]:  65%|██████▍   | 12907/20000 [04:44<02:48, 42.17it/s, acc=0.314, device=mps, eta=2m39s, loss=1.9606, sps=45.4]
BC[stage1_datasets_L40_stepsweep/bc_baseline_none_steps20000_tr0]:  65%|██████▍   | 12913/20000 [04:44<02:36, 45.27it/s, acc=0.314, device=mps, eta=2m39s, loss=1.9606, sps=45.4]
BC[stage1_datasets_L40_stepsweep/bc_baseline_none_steps20000_tr0]:  65%|██████▍   | 12920/20000 [04:44<02:20, 50.32it/s, acc=0.314, device=mps, eta=2m39s, loss=1.9606, sps=45.4]
BC[stage1_datasets_L40_stepsweep/bc_baseline_none_steps20000_tr0]:  65%|██████▍   | 12926/20000 [04:45<02:48, 41.98it/s, acc=0.314, device=mps, eta=2m39s, loss=1.9606, sps=45.4]
BC[stage1_datasets_L40_stepsweep/bc_baseline_none_steps20000_tr0]:  65%|██████▍   | 12933/20000 [04:45<02:26, 48.15it/s, acc=0.314, device=mps, eta=2m39s, loss=1.9606, sps=45.4]
BC[stage1_datasets_L40_stepsweep/bc_baseline_none_steps20000_tr0]:  65%|██████▍   | 12941/20000 [04:45<02:45, 42.67it/s, acc=0.314, device=mps, eta=2m39s, loss=1.9606, sps=45.4]
BC[stage1_datasets_L40_stepsweep/bc_baseline_none_steps20000_tr0]:  65%|██████▍   | 12947/20000 [04:45<02:37, 44.80it/s, acc=0.314, device=mps, eta=2m39s, loss=1.9606, sps=45.4]
BC[stage1_datasets_L40_stepsweep/bc_baseline_none_steps20000_tr0]:  65%|██████▍   | 12954/20000 [04:45<02:23, 49.09it/s, acc=0.314, device=mps, eta=2m39s, loss=1.9606, sps=45.4]
BC[stage1_datasets_L40_stepsweep/bc_baseline_none_steps20000_tr0]:  65%|██████▍   | 12961/20000 [04:45<02:42, 43.41it/s, acc=0.314, device=mps, eta=2m39s, loss=1.9606, sps=45.4]
BC[stage1_datasets_L40_stepsweep/bc_baseline_none_steps20000_tr0]:  65%|██████▍   | 12969/20000 [04:45<02:19, 50.35it/s, acc=0.314, device=mps, eta=2m39s, loss=1.9606, sps=45.4]
BC[stage1_datasets_L40_stepsweep/bc_baseline_none_steps20000_tr0]:  65%|██████▍   | 12978/20000 [04:46<02:00, 58.19it/s, acc=0.314, device=mps, eta=2m39s, loss=1.9606, sps=45.4]
BC[stage1_datasets_L40_stepsweep/bc_baseline_none_steps20000_tr0]:  65%|██████▍   | 12985/20000 [04:46<02:21, 49.48it/s, acc=0.314, device=mps, eta=2m39s, loss=1.9606, sps=45.4]
BC[stage1_datasets_L40_stepsweep/bc_baseline_none_steps20000_tr0]:  65%|██████▍   | 12992/20000 [04:46<02:09, 54.00it/s, acc=0.314, device=mps, eta=2m39s, loss=1.9606, sps=45.4]
BC[stage1_datasets_L40_stepsweep/bc_baseline_none_steps20000_tr0]:  65%|██████▍   | 12999/20000 [04:46<02:02, 56.99it/s, acc=0.314, device=mps, eta=2m39s, loss=1.9606, sps=45.4]
BC[stage1_datasets_L40_stepsweep/bc_baseline_none_steps20000_tr0]:  65%|██████▍   | 12999/20000 [04:46<02:02, 56.99it/s, acc=0.314, device=mps, eta=2m34s, loss=1.9568, sps=45.4]
BC[stage1_datasets_L40_stepsweep/bc_baseline_none_steps20000_tr0]:  65%|██████▌   | 13006/20000 [04:46<02:34, 45.12it/s, acc=0.314, device=mps, eta=2m34s, loss=1.9568, sps=45.4]
BC[stage1_datasets_L40_stepsweep/bc_baseline_none_steps20000_tr0]:  65%|██████▌   | 13012/20000 [04:46<02:28, 47.21it/s, acc=0.314, device=mps, eta=2m34s, loss=1.9568, sps=45.4]
BC[stage1_datasets_L40_stepsweep/bc_baseline_none_steps20000_tr0]:  65%|██████▌   | 13019/20000 [04:46<02:17, 50.72it/s, acc=0.314, device=mps, eta=2m34s, loss=1.9568, sps=45.4]
BC[stage1_datasets_L40_stepsweep/bc_baseline_none_steps20000_tr0]:  65%|██████▌   | 13025/20000 [04:47<02:44, 42.32it/s, acc=0.314, device=mps, eta=2m34s, loss=1.9568, sps=45.4]
BC[stage1_datasets_L40_stepsweep/bc_baseline_none_steps20000_tr0]:  65%|██████▌   | 13032/20000 [04:47<02:28, 47.06it/s, acc=0.314, device=mps, eta=2m34s, loss=1.9568, sps=45.4]
BC[stage1_datasets_L40_stepsweep/bc_baseline_none_steps20000_tr0]:  65%|██████▌   | 13039/20000 [04:47<02:13, 51.99it/s, acc=0.314, device=mps, eta=2m34s, loss=1.9568, sps=45.4]
BC[stage1_datasets_L40_stepsweep/bc_baseline_none_steps20000_tr0]:  65%|██████▌   | 13045/20000 [04:47<02:39, 43.69it/s, acc=0.314, device=mps, eta=2m34s, loss=1.9568, sps=45.4]
BC[stage1_datasets_L40_stepsweep/bc_baseline_none_steps20000_tr0]:  65%|██████▌   | 13052/20000 [04:47<02:25, 47.84it/s, acc=0.314, device=mps, eta=2m34s, loss=1.9568, sps=45.4]
BC[stage1_datasets_L40_stepsweep/bc_baseline_none_steps20000_tr0]:  65%|██████▌   | 13059/20000 [04:47<02:15, 51.26it/s, acc=0.314, device=mps, eta=2m34s, loss=1.9568, sps=45.4]
BC[stage1_datasets_L40_stepsweep/bc_baseline_none_steps20000_tr0]:  65%|██████▌   | 13065/20000 [04:47<02:44, 42.20it/s, acc=0.314, device=mps, eta=2m34s, loss=1.9568, sps=45.4]
BC[stage1_datasets_L40_stepsweep/bc_baseline_none_steps20000_tr0]:  65%|██████▌   | 13071/20000 [04:48<02:33, 45.10it/s, acc=0.314, device=mps, eta=2m34s, loss=1.9568, sps=45.4]
BC[stage1_datasets_L40_stepsweep/bc_baseline_none_steps20000_tr0]:  65%|██████▌   | 13077/20000 [04:48<02:24, 47.84it/s, acc=0.314, device=mps, eta=2m34s, loss=1.9568, sps=45.4]
BC[stage1_datasets_L40_stepsweep/bc_baseline_none_steps20000_tr0]:  65%|██████▌   | 13083/20000 [04:48<02:50, 40.57it/s, acc=0.314, device=mps, eta=2m34s, loss=1.9568, sps=45.4]
BC[stage1_datasets_L40_stepsweep/bc_baseline_none_steps20000_tr0]:  65%|██████▌   | 13090/20000 [04:48<02:32, 45.42it/s, acc=0.314, device=mps, eta=2m34s, loss=1.9568, sps=45.4]
BC[stage1_datasets_L40_stepsweep/bc_baseline_none_steps20000_tr0]:  65%|██████▌   | 13097/20000 [04:48<02:18, 49.90it/s, acc=0.314, device=mps, eta=2m34s, loss=1.9568, sps=45.4]
BC[stage1_datasets_L40_stepsweep/bc_baseline_none_steps20000_tr0]:  66%|██████▌   | 13103/20000 [04:48<02:44, 42.05it/s, acc=0.314, device=mps, eta=2m34s, loss=1.9568, sps=45.4]
BC[stage1_datasets_L40_stepsweep/bc_baseline_none_steps20000_tr0]:  66%|██████▌   | 13109/20000 [04:48<02:31, 45.63it/s, acc=0.314, device=mps, eta=2m34s, loss=1.9568, sps=45.4]
BC[stage1_datasets_L40_stepsweep/bc_baseline_none_steps20000_tr0]:  66%|██████▌   | 13116/20000 [04:49<02:18, 49.56it/s, acc=0.314, device=mps, eta=2m34s, loss=1.9568, sps=45.4]
BC[stage1_datasets_L40_stepsweep/bc_baseline_none_steps20000_tr0]:  66%|██████▌   | 13122/20000 [04:49<02:45, 41.43it/s, acc=0.314, device=mps, eta=2m34s, loss=1.9568, sps=45.4]
BC[stage1_datasets_L40_stepsweep/bc_baseline_none_steps20000_tr0]:  66%|██████▌   | 13130/20000 [04:49<02:20, 49.06it/s, acc=0.314, device=mps, eta=2m34s, loss=1.9568, sps=45.4]
BC[stage1_datasets_L40_stepsweep/bc_baseline_none_steps20000_tr0]:  66%|██████▌   | 13138/20000 [04:49<02:03, 55.46it/s, acc=0.314, device=mps, eta=2m34s, loss=1.9568, sps=45.4]
BC[stage1_datasets_L40_stepsweep/bc_baseline_none_steps20000_tr0]:  66%|██████▌   | 13145/20000 [04:49<02:25, 47.04it/s, acc=0.314, device=mps, eta=2m34s, loss=1.9568, sps=45.4]
BC[stage1_datasets_L40_stepsweep/bc_baseline_none_steps20000_tr0]:  66%|██████▌   | 13152/20000 [04:49<02:14, 51.03it/s, acc=0.314, device=mps, eta=2m34s, loss=1.9568, sps=45.4]
BC[stage1_datasets_L40_stepsweep/bc_baseline_none_steps20000_tr0]:  66%|██████▌   | 13159/20000 [04:49<02:08, 53.41it/s, acc=0.314, device=mps, eta=2m34s, loss=1.9568, sps=45.4]
BC[stage1_datasets_L40_stepsweep/bc_baseline_none_steps20000_tr0]:  66%|██████▌   | 13165/20000 [04:50<02:39, 42.72it/s, acc=0.314, device=mps, eta=2m34s, loss=1.9568, sps=45.4]
BC[stage1_datasets_L40_stepsweep/bc_baseline_none_steps20000_tr0]:  66%|██████▌   | 13171/20000 [04:50<02:32, 44.65it/s, acc=0.314, device=mps, eta=2m34s, loss=1.9568, sps=45.4]
BC[stage1_datasets_L40_stepsweep/bc_baseline_none_steps20000_tr0]:  66%|██████▌   | 13177/20000 [04:50<02:24, 47.14it/s, acc=0.314, device=mps, eta=2m34s, loss=1.9568, sps=45.4]
BC[stage1_datasets_L40_stepsweep/bc_baseline_none_steps20000_tr0]:  66%|██████▌   | 13183/20000 [04:50<02:50, 39.91it/s, acc=0.314, device=mps, eta=2m34s, loss=1.9568, sps=45.4]
BC[stage1_datasets_L40_stepsweep/bc_baseline_none_steps20000_tr0]:  66%|██████▌   | 13191/20000 [04:50<02:23, 47.58it/s, acc=0.314, device=mps, eta=2m34s, loss=1.9568, sps=45.4]
BC[stage1_datasets_L40_stepsweep/bc_baseline_none_steps20000_tr0]:  66%|██████▌   | 13199/20000 [04:50<02:06, 53.82it/s, acc=0.314, device=mps, eta=2m34s, loss=1.9568, sps=45.4]
BC[stage1_datasets_L40_stepsweep/bc_baseline_none_steps20000_tr0]:  66%|██████▌   | 13199/20000 [04:50<02:06, 53.82it/s, acc=0.312, device=mps, eta=2m30s, loss=1.9705, sps=45.4]
BC[stage1_datasets_L40_stepsweep/bc_baseline_none_steps20000_tr0]:  66%|██████▌   | 13205/20000 [04:50<02:32, 44.51it/s, acc=0.312, device=mps, eta=2m30s, loss=1.9705, sps=45.4]
BC[stage1_datasets_L40_stepsweep/bc_baseline_none_steps20000_tr0]:  66%|██████▌   | 13211/20000 [04:51<02:25, 46.74it/s, acc=0.312, device=mps, eta=2m30s, loss=1.9705, sps=45.4]
BC[stage1_datasets_L40_stepsweep/bc_baseline_none_steps20000_tr0]:  66%|██████▌   | 13217/20000 [04:51<02:16, 49.54it/s, acc=0.312, device=mps, eta=2m30s, loss=1.9705, sps=45.4]
BC[stage1_datasets_L40_stepsweep/bc_baseline_none_steps20000_tr0]:  66%|██████▌   | 13223/20000 [04:51<02:41, 41.92it/s, acc=0.312, device=mps, eta=2m30s, loss=1.9705, sps=45.4]
BC[stage1_datasets_L40_stepsweep/bc_baseline_none_steps20000_tr0]:  66%|██████▌   | 13230/20000 [04:51<02:22, 47.62it/s, acc=0.312, device=mps, eta=2m30s, loss=1.9705, sps=45.4]
BC[stage1_datasets_L40_stepsweep/bc_baseline_none_steps20000_tr0]:  66%|██████▌   | 13237/20000 [04:51<02:08, 52.72it/s, acc=0.312, device=mps, eta=2m30s, loss=1.9705, sps=45.4]
BC[stage1_datasets_L40_stepsweep/bc_baseline_none_steps20000_tr0]:  66%|██████▌   | 13243/20000 [04:51<02:33, 43.90it/s, acc=0.312, device=mps, eta=2m30s, loss=1.9705, sps=45.4]
BC[stage1_datasets_L40_stepsweep/bc_baseline_none_steps20000_tr0]:  66%|██████▋   | 13251/20000 [04:51<02:11, 51.40it/s, acc=0.312, device=mps, eta=2m30s, loss=1.9705, sps=45.4]
BC[stage1_datasets_L40_stepsweep/bc_baseline_none_steps20000_tr0]:  66%|██████▋   | 13259/20000 [04:51<01:57, 57.25it/s, acc=0.312, device=mps, eta=2m30s, loss=1.9705, sps=45.4]
BC[stage1_datasets_L40_stepsweep/bc_baseline_none_steps20000_tr0]:  66%|██████▋   | 13266/20000 [04:52<02:23, 46.98it/s, acc=0.312, device=mps, eta=2m30s, loss=1.9705, sps=45.4]
BC[stage1_datasets_L40_stepsweep/bc_baseline_none_steps20000_tr0]:  66%|██████▋   | 13272/20000 [04:52<02:18, 48.66it/s, acc=0.312, device=mps, eta=2m30s, loss=1.9705, sps=45.4]
BC[stage1_datasets_L40_stepsweep/bc_baseline_none_steps20000_tr0]:  66%|██████▋   | 13278/20000 [04:52<02:15, 49.67it/s, acc=0.312, device=mps, eta=2m30s, loss=1.9705, sps=45.4]
BC[stage1_datasets_L40_stepsweep/bc_baseline_none_steps20000_tr0]:  66%|██████▋   | 13284/20000 [04:52<02:43, 41.17it/s, acc=0.312, device=mps, eta=2m30s, loss=1.9705, sps=45.4]
BC[stage1_datasets_L40_stepsweep/bc_baseline_none_steps20000_tr0]:  66%|██████▋   | 13290/20000 [04:52<02:31, 44.32it/s, acc=0.312, device=mps, eta=2m30s, loss=1.9705, sps=45.4]
BC[stage1_datasets_L40_stepsweep/bc_baseline_none_steps20000_tr0]:  66%|██████▋   | 13296/20000 [04:52<02:19, 47.91it/s, acc=0.312, device=mps, eta=2m30s, loss=1.9705, sps=45.4]
BC[stage1_datasets_L40_stepsweep/bc_baseline_none_steps20000_tr0]:  67%|██████▋   | 13302/20000 [04:53<02:49, 39.51it/s, acc=0.312, device=mps, eta=2m30s, loss=1.9705, sps=45.4]
BC[stage1_datasets_L40_stepsweep/bc_baseline_none_steps20000_tr0]:  67%|██████▋   | 13308/20000 [04:53<02:32, 43.85it/s, acc=0.312, device=mps, eta=2m30s, loss=1.9705, sps=45.4]
BC[stage1_datasets_L40_stepsweep/bc_baseline_none_steps20000_tr0]:  67%|██████▋   | 13314/20000 [04:53<02:21, 47.40it/s, acc=0.312, device=mps, eta=2m30s, loss=1.9705, sps=45.4]
BC[stage1_datasets_L40_stepsweep/bc_baseline_none_steps20000_tr0]:  67%|██████▋   | 13321/20000 [04:53<02:41, 41.29it/s, acc=0.312, device=mps, eta=2m30s, loss=1.9705, sps=45.4]
BC[stage1_datasets_L40_stepsweep/bc_baseline_none_steps20000_tr0]:  67%|██████▋   | 13329/20000 [04:53<02:16, 48.92it/s, acc=0.312, device=mps, eta=2m30s, loss=1.9705, sps=45.4]
BC[stage1_datasets_L40_stepsweep/bc_baseline_none_steps20000_tr0]:  67%|██████▋   | 13337/20000 [04:53<02:00, 55.17it/s, acc=0.312, device=mps, eta=2m30s, loss=1.9705, sps=45.4]
BC[stage1_datasets_L40_stepsweep/bc_baseline_none_steps20000_tr0]:  67%|██████▋   | 13344/20000 [04:53<02:22, 46.81it/s, acc=0.312, device=mps, eta=2m30s, loss=1.9705, sps=45.4]
BC[stage1_datasets_L40_stepsweep/bc_baseline_none_steps20000_tr0]:  67%|██████▋   | 13351/20000 [04:54<02:11, 50.48it/s, acc=0.312, device=mps, eta=2m30s, loss=1.9705, sps=45.4]
BC[stage1_datasets_L40_stepsweep/bc_baseline_none_steps20000_tr0]:  67%|██████▋   | 13357/20000 [04:54<02:06, 52.55it/s, acc=0.312, device=mps, eta=2m30s, loss=1.9705, sps=45.4]
BC[stage1_datasets_L40_stepsweep/bc_baseline_none_steps20000_tr0]:  67%|██████▋   | 13363/20000 [04:54<02:35, 42.73it/s, acc=0.312, device=mps, eta=2m30s, loss=1.9705, sps=45.4]
BC[stage1_datasets_L40_stepsweep/bc_baseline_none_steps20000_tr0]:  67%|██████▋   | 13371/20000 [04:54<02:12, 50.09it/s, acc=0.312, device=mps, eta=2m30s, loss=1.9705, sps=45.4]
BC[stage1_datasets_L40_stepsweep/bc_baseline_none_steps20000_tr0]:  67%|██████▋   | 13379/20000 [04:54<01:58, 55.93it/s, acc=0.312, device=mps, eta=2m30s, loss=1.9705, sps=45.4]
BC[stage1_datasets_L40_stepsweep/bc_baseline_none_steps20000_tr0]:  67%|██████▋   | 13386/20000 [04:54<02:21, 46.64it/s, acc=0.312, device=mps, eta=2m30s, loss=1.9705, sps=45.4]
BC[stage1_datasets_L40_stepsweep/bc_baseline_none_steps20000_tr0]:  67%|██████▋   | 13393/20000 [04:54<02:11, 50.18it/s, acc=0.312, device=mps, eta=2m30s, loss=1.9705, sps=45.4]
BC[stage1_datasets_L40_stepsweep/bc_baseline_none_steps20000_tr0]:  67%|██████▋   | 13399/20000 [04:54<02:06, 52.35it/s, acc=0.312, device=mps, eta=2m30s, loss=1.9705, sps=45.4]
BC[stage1_datasets_L40_stepsweep/bc_baseline_none_steps20000_tr0]:  67%|██████▋   | 13399/20000 [04:54<02:06, 52.35it/s, acc=0.314, device=mps, eta=2m25s, loss=1.9614, sps=45.4]
BC[stage1_datasets_L40_stepsweep/bc_baseline_none_steps20000_tr0]:  67%|██████▋   | 13405/20000 [04:55<02:35, 42.39it/s, acc=0.314, device=mps, eta=2m25s, loss=1.9614, sps=45.4]
BC[stage1_datasets_L40_stepsweep/bc_baseline_none_steps20000_tr0]:  67%|██████▋   | 13411/20000 [04:55<02:23, 45.93it/s, acc=0.314, device=mps, eta=2m25s, loss=1.9614, sps=45.4]
BC[stage1_datasets_L40_stepsweep/bc_baseline_none_steps20000_tr0]:  67%|██████▋   | 13418/20000 [04:55<02:11, 50.01it/s, acc=0.314, device=mps, eta=2m25s, loss=1.9614, sps=45.4]
BC[stage1_datasets_L40_stepsweep/bc_baseline_none_steps20000_tr0]:  67%|██████▋   | 13424/20000 [04:55<02:34, 42.53it/s, acc=0.314, device=mps, eta=2m25s, loss=1.9614, sps=45.4]
BC[stage1_datasets_L40_stepsweep/bc_baseline_none_steps20000_tr0]:  67%|██████▋   | 13432/20000 [04:55<02:10, 50.19it/s, acc=0.314, device=mps, eta=2m25s, loss=1.9614, sps=45.4]
BC[stage1_datasets_L40_stepsweep/bc_baseline_none_steps20000_tr0]:  67%|██████▋   | 13441/20000 [04:55<02:25, 45.23it/s, acc=0.314, device=mps, eta=2m25s, loss=1.9614, sps=45.4]
BC[stage1_datasets_L40_stepsweep/bc_baseline_none_steps20000_tr0]:  67%|██████▋   | 13449/20000 [04:56<02:06, 51.70it/s, acc=0.314, device=mps, eta=2m25s, loss=1.9614, sps=45.4]
BC[stage1_datasets_L40_stepsweep/bc_baseline_none_steps20000_tr0]:  67%|██████▋   | 13457/20000 [04:56<01:54, 57.08it/s, acc=0.314, device=mps, eta=2m25s, loss=1.9614, sps=45.4]
BC[stage1_datasets_L40_stepsweep/bc_baseline_none_steps20000_tr0]:  67%|██████▋   | 13464/20000 [04:56<02:17, 47.68it/s, acc=0.314, device=mps, eta=2m25s, loss=1.9614, sps=45.4]
BC[stage1_datasets_L40_stepsweep/bc_baseline_none_steps20000_tr0]:  67%|██████▋   | 13472/20000 [04:56<02:01, 53.68it/s, acc=0.314, device=mps, eta=2m25s, loss=1.9614, sps=45.4]
BC[stage1_datasets_L40_stepsweep/bc_baseline_none_steps20000_tr0]:  67%|██████▋   | 13480/20000 [04:56<01:50, 59.13it/s, acc=0.314, device=mps, eta=2m25s, loss=1.9614, sps=45.4]
BC[stage1_datasets_L40_stepsweep/bc_baseline_none_steps20000_tr0]:  67%|██████▋   | 13487/20000 [04:56<02:16, 47.57it/s, acc=0.314, device=mps, eta=2m25s, loss=1.9614, sps=45.4]
BC[stage1_datasets_L40_stepsweep/bc_baseline_none_steps20000_tr0]:  67%|██████▋   | 13493/20000 [04:56<02:11, 49.40it/s, acc=0.314, device=mps, eta=2m25s, loss=1.9614, sps=45.4]
BC[stage1_datasets_L40_stepsweep/bc_baseline_none_steps20000_tr0]:  67%|██████▋   | 13499/20000 [04:56<02:06, 51.26it/s, acc=0.314, device=mps, eta=2m25s, loss=1.9614, sps=45.4]
BC[stage1_datasets_L40_stepsweep/bc_baseline_none_steps20000_tr0]:  68%|██████▊   | 13505/20000 [04:57<02:36, 41.47it/s, acc=0.314, device=mps, eta=2m25s, loss=1.9614, sps=45.4]
BC[stage1_datasets_L40_stepsweep/bc_baseline_none_steps20000_tr0]:  68%|██████▊   | 13511/20000 [04:57<02:26, 44.28it/s, acc=0.314, device=mps, eta=2m25s, loss=1.9614, sps=45.4]
BC[stage1_datasets_L40_stepsweep/bc_baseline_none_steps20000_tr0]:  68%|██████▊   | 13517/20000 [04:57<02:15, 47.68it/s, acc=0.314, device=mps, eta=2m25s, loss=1.9614, sps=45.4]
BC[stage1_datasets_L40_stepsweep/bc_baseline_none_steps20000_tr0]:  68%|██████▊   | 13523/20000 [04:57<02:44, 39.39it/s, acc=0.314, device=mps, eta=2m25s, loss=1.9614, sps=45.4]
BC[stage1_datasets_L40_stepsweep/bc_baseline_none_steps20000_tr0]:  68%|██████▊   | 13530/20000 [04:57<02:21, 45.85it/s, acc=0.314, device=mps, eta=2m25s, loss=1.9614, sps=45.4]
BC[stage1_datasets_L40_stepsweep/bc_baseline_none_steps20000_tr0]:  68%|██████▊   | 13536/20000 [04:57<02:15, 47.78it/s, acc=0.314, device=mps, eta=2m25s, loss=1.9614, sps=45.4]
BC[stage1_datasets_L40_stepsweep/bc_baseline_none_steps20000_tr0]:  68%|██████▊   | 13542/20000 [04:58<02:35, 41.45it/s, acc=0.314, device=mps, eta=2m25s, loss=1.9614, sps=45.4]
BC[stage1_datasets_L40_stepsweep/bc_baseline_none_steps20000_tr0]:  68%|██████▊   | 13550/20000 [04:58<02:11, 49.15it/s, acc=0.314, device=mps, eta=2m25s, loss=1.9614, sps=45.4]
BC[stage1_datasets_L40_stepsweep/bc_baseline_none_steps20000_tr0]:  68%|██████▊   | 13558/20000 [04:58<01:57, 54.94it/s, acc=0.314, device=mps, eta=2m25s, loss=1.9614, sps=45.4]
BC[stage1_datasets_L40_stepsweep/bc_baseline_none_steps20000_tr0]:  68%|██████▊   | 13564/20000 [04:58<02:21, 45.51it/s, acc=0.314, device=mps, eta=2m25s, loss=1.9614, sps=45.4]
BC[stage1_datasets_L40_stepsweep/bc_baseline_none_steps20000_tr0]:  68%|██████▊   | 13570/20000 [04:58<02:12, 48.35it/s, acc=0.314, device=mps, eta=2m25s, loss=1.9614, sps=45.4]
BC[stage1_datasets_L40_stepsweep/bc_baseline_none_steps20000_tr0]:  68%|██████▊   | 13576/20000 [04:58<02:08, 50.15it/s, acc=0.314, device=mps, eta=2m25s, loss=1.9614, sps=45.4]
BC[stage1_datasets_L40_stepsweep/bc_baseline_none_steps20000_tr0]:  68%|██████▊   | 13582/20000 [04:58<02:36, 40.89it/s, acc=0.314, device=mps, eta=2m25s, loss=1.9614, sps=45.4]
BC[stage1_datasets_L40_stepsweep/bc_baseline_none_steps20000_tr0]:  68%|██████▊   | 13590/20000 [04:58<02:11, 48.60it/s, acc=0.314, device=mps, eta=2m25s, loss=1.9614, sps=45.4]
BC[stage1_datasets_L40_stepsweep/bc_baseline_none_steps20000_tr0]:  68%|██████▊   | 13598/20000 [04:59<01:56, 54.73it/s, acc=0.314, device=mps, eta=2m25s, loss=1.9614, sps=45.4]
BC[stage1_datasets_L40_stepsweep/bc_baseline_none_steps20000_tr0]:  68%|██████▊   | 13598/20000 [04:59<01:56, 54.73it/s, acc=0.314, device=mps, eta=2m21s, loss=1.9602, sps=45.5]
BC[stage1_datasets_L40_stepsweep/bc_baseline_none_steps20000_tr0]:  68%|██████▊   | 13605/20000 [04:59<02:20, 45.36it/s, acc=0.314, device=mps, eta=2m21s, loss=1.9602, sps=45.5]
BC[stage1_datasets_L40_stepsweep/bc_baseline_none_steps20000_tr0]:  68%|██████▊   | 13611/20000 [04:59<02:14, 47.57it/s, acc=0.314, device=mps, eta=2m21s, loss=1.9602, sps=45.5]
BC[stage1_datasets_L40_stepsweep/bc_baseline_none_steps20000_tr0]:  68%|██████▊   | 13617/20000 [04:59<02:09, 49.48it/s, acc=0.314, device=mps, eta=2m21s, loss=1.9602, sps=45.5]
BC[stage1_datasets_L40_stepsweep/bc_baseline_none_steps20000_tr0]:  68%|██████▊   | 13623/20000 [04:59<02:34, 41.19it/s, acc=0.314, device=mps, eta=2m21s, loss=1.9602, sps=45.5]
BC[stage1_datasets_L40_stepsweep/bc_baseline_none_steps20000_tr0]:  68%|██████▊   | 13629/20000 [04:59<02:23, 44.54it/s, acc=0.314, device=mps, eta=2m21s, loss=1.9602, sps=45.5]
BC[stage1_datasets_L40_stepsweep/bc_baseline_none_steps20000_tr0]:  68%|██████▊   | 13636/20000 [04:59<02:09, 49.11it/s, acc=0.314, device=mps, eta=2m21s, loss=1.9602, sps=45.5]
BC[stage1_datasets_L40_stepsweep/bc_baseline_none_steps20000_tr0]:  68%|██████▊   | 13642/20000 [05:00<02:34, 41.24it/s, acc=0.314, device=mps, eta=2m21s, loss=1.9602, sps=45.5]
BC[stage1_datasets_L40_stepsweep/bc_baseline_none_steps20000_tr0]:  68%|██████▊   | 13650/20000 [05:00<02:09, 49.15it/s, acc=0.314, device=mps, eta=2m21s, loss=1.9602, sps=45.5]
BC[stage1_datasets_L40_stepsweep/bc_baseline_none_steps20000_tr0]:  68%|██████▊   | 13658/20000 [05:00<01:54, 55.40it/s, acc=0.314, device=mps, eta=2m21s, loss=1.9602, sps=45.5]
BC[stage1_datasets_L40_stepsweep/bc_baseline_none_steps20000_tr0]:  68%|██████▊   | 13665/20000 [05:00<02:15, 46.68it/s, acc=0.314, device=mps, eta=2m21s, loss=1.9602, sps=45.5]
BC[stage1_datasets_L40_stepsweep/bc_baseline_none_steps20000_tr0]:  68%|██████▊   | 13671/20000 [05:00<02:07, 49.53it/s, acc=0.314, device=mps, eta=2m21s, loss=1.9602, sps=45.5]
BC[stage1_datasets_L40_stepsweep/bc_baseline_none_steps20000_tr0]:  68%|██████▊   | 13677/20000 [05:00<02:05, 50.19it/s, acc=0.314, device=mps, eta=2m21s, loss=1.9602, sps=45.5]
BC[stage1_datasets_L40_stepsweep/bc_baseline_none_steps20000_tr0]:  68%|██████▊   | 13683/20000 [05:01<02:32, 41.32it/s, acc=0.314, device=mps, eta=2m21s, loss=1.9602, sps=45.5]
BC[stage1_datasets_L40_stepsweep/bc_baseline_none_steps20000_tr0]:  68%|██████▊   | 13691/20000 [05:01<02:09, 48.85it/s, acc=0.314, device=mps, eta=2m21s, loss=1.9602, sps=45.5]
BC[stage1_datasets_L40_stepsweep/bc_baseline_none_steps20000_tr0]:  68%|██████▊   | 13699/20000 [05:01<01:54, 54.90it/s, acc=0.314, device=mps, eta=2m21s, loss=1.9602, sps=45.5]
BC[stage1_datasets_L40_stepsweep/bc_baseline_none_steps20000_tr0]:  69%|██████▊   | 13706/20000 [05:01<02:17, 45.75it/s, acc=0.314, device=mps, eta=2m21s, loss=1.9602, sps=45.5]
BC[stage1_datasets_L40_stepsweep/bc_baseline_none_steps20000_tr0]:  69%|██████▊   | 13712/20000 [05:01<02:09, 48.52it/s, acc=0.314, device=mps, eta=2m21s, loss=1.9602, sps=45.5]
BC[stage1_datasets_L40_stepsweep/bc_baseline_none_steps20000_tr0]:  69%|██████▊   | 13719/20000 [05:01<01:59, 52.39it/s, acc=0.314, device=mps, eta=2m21s, loss=1.9602, sps=45.5]
BC[stage1_datasets_L40_stepsweep/bc_baseline_none_steps20000_tr0]:  69%|██████▊   | 13725/20000 [05:01<02:25, 43.20it/s, acc=0.314, device=mps, eta=2m21s, loss=1.9602, sps=45.5]
BC[stage1_datasets_L40_stepsweep/bc_baseline_none_steps20000_tr0]:  69%|██████▊   | 13731/20000 [05:01<02:17, 45.73it/s, acc=0.314, device=mps, eta=2m21s, loss=1.9602, sps=45.5]
BC[stage1_datasets_L40_stepsweep/bc_baseline_none_steps20000_tr0]:  69%|██████▊   | 13737/20000 [05:02<02:11, 47.72it/s, acc=0.314, device=mps, eta=2m21s, loss=1.9602, sps=45.5]
BC[stage1_datasets_L40_stepsweep/bc_baseline_none_steps20000_tr0]:  69%|██████▊   | 13743/20000 [05:02<02:37, 39.84it/s, acc=0.314, device=mps, eta=2m21s, loss=1.9602, sps=45.5]
BC[stage1_datasets_L40_stepsweep/bc_baseline_none_steps20000_tr0]:  69%|██████▉   | 13751/20000 [05:02<02:11, 47.61it/s, acc=0.314, device=mps, eta=2m21s, loss=1.9602, sps=45.5]
BC[stage1_datasets_L40_stepsweep/bc_baseline_none_steps20000_tr0]:  69%|██████▉   | 13759/20000 [05:02<01:56, 53.79it/s, acc=0.314, device=mps, eta=2m21s, loss=1.9602, sps=45.5]
BC[stage1_datasets_L40_stepsweep/bc_baseline_none_steps20000_tr0]:  69%|██████▉   | 13765/20000 [05:02<02:20, 44.40it/s, acc=0.314, device=mps, eta=2m21s, loss=1.9602, sps=45.5]
BC[stage1_datasets_L40_stepsweep/bc_baseline_none_steps20000_tr0]:  69%|██████▉   | 13771/20000 [05:02<02:11, 47.24it/s, acc=0.314, device=mps, eta=2m21s, loss=1.9602, sps=45.5]
BC[stage1_datasets_L40_stepsweep/bc_baseline_none_steps20000_tr0]:  69%|██████▉   | 13777/20000 [05:02<02:07, 48.71it/s, acc=0.314, device=mps, eta=2m21s, loss=1.9602, sps=45.5]
BC[stage1_datasets_L40_stepsweep/bc_baseline_none_steps20000_tr0]:  69%|██████▉   | 13783/20000 [05:03<02:34, 40.31it/s, acc=0.314, device=mps, eta=2m21s, loss=1.9602, sps=45.5]
BC[stage1_datasets_L40_stepsweep/bc_baseline_none_steps20000_tr0]:  69%|██████▉   | 13791/20000 [05:03<02:09, 47.96it/s, acc=0.314, device=mps, eta=2m21s, loss=1.9602, sps=45.5]
BC[stage1_datasets_L40_stepsweep/bc_baseline_none_steps20000_tr0]:  69%|██████▉   | 13797/20000 [05:03<02:04, 49.65it/s, acc=0.314, device=mps, eta=2m21s, loss=1.9602, sps=45.5]
BC[stage1_datasets_L40_stepsweep/bc_baseline_none_steps20000_tr0]:  69%|██████▉   | 13797/20000 [05:03<02:04, 49.65it/s, acc=0.315, device=mps, eta=2m16s, loss=1.9554, sps=45.5]
BC[stage1_datasets_L40_stepsweep/bc_baseline_none_steps20000_tr0]:  69%|██████▉   | 13803/20000 [05:03<02:26, 42.28it/s, acc=0.315, device=mps, eta=2m16s, loss=1.9554, sps=45.5]
BC[stage1_datasets_L40_stepsweep/bc_baseline_none_steps20000_tr0]:  69%|██████▉   | 13809/20000 [05:03<02:15, 45.80it/s, acc=0.315, device=mps, eta=2m16s, loss=1.9554, sps=45.5]
BC[stage1_datasets_L40_stepsweep/bc_baseline_none_steps20000_tr0]:  69%|██████▉   | 13816/20000 [05:03<02:03, 50.26it/s, acc=0.315, device=mps, eta=2m16s, loss=1.9554, sps=45.5]
BC[stage1_datasets_L40_stepsweep/bc_baseline_none_steps20000_tr0]:  69%|██████▉   | 13822/20000 [05:03<02:28, 41.59it/s, acc=0.315, device=mps, eta=2m16s, loss=1.9554, sps=45.5]
BC[stage1_datasets_L40_stepsweep/bc_baseline_none_steps20000_tr0]:  69%|██████▉   | 13828/20000 [05:04<02:15, 45.58it/s, acc=0.315, device=mps, eta=2m16s, loss=1.9554, sps=45.5]
BC[stage1_datasets_L40_stepsweep/bc_baseline_none_steps20000_tr0]:  69%|██████▉   | 13834/20000 [05:04<02:07, 48.44it/s, acc=0.315, device=mps, eta=2m16s, loss=1.9554, sps=45.5]
BC[stage1_datasets_L40_stepsweep/bc_baseline_none_steps20000_tr0]:  69%|██████▉   | 13841/20000 [05:04<02:31, 40.54it/s, acc=0.315, device=mps, eta=2m16s, loss=1.9554, sps=45.5]
BC[stage1_datasets_L40_stepsweep/bc_baseline_none_steps20000_tr0]:  69%|██████▉   | 13847/20000 [05:04<02:18, 44.46it/s, acc=0.315, device=mps, eta=2m16s, loss=1.9554, sps=45.5]
BC[stage1_datasets_L40_stepsweep/bc_baseline_none_steps20000_tr0]:  69%|██████▉   | 13853/20000 [05:04<02:12, 46.49it/s, acc=0.315, device=mps, eta=2m16s, loss=1.9554, sps=45.5]
BC[stage1_datasets_L40_stepsweep/bc_baseline_none_steps20000_tr0]:  69%|██████▉   | 13859/20000 [05:04<02:03, 49.58it/s, acc=0.315, device=mps, eta=2m16s, loss=1.9554, sps=45.5]
BC[stage1_datasets_L40_stepsweep/bc_baseline_none_steps20000_tr0]:  69%|██████▉   | 13865/20000 [05:04<02:27, 41.49it/s, acc=0.315, device=mps, eta=2m16s, loss=1.9554, sps=45.5]
BC[stage1_datasets_L40_stepsweep/bc_baseline_none_steps20000_tr0]:  69%|██████▉   | 13872/20000 [05:05<02:12, 46.30it/s, acc=0.315, device=mps, eta=2m16s, loss=1.9554, sps=45.5]
BC[stage1_datasets_L40_stepsweep/bc_baseline_none_steps20000_tr0]:  69%|██████▉   | 13878/20000 [05:05<02:04, 49.34it/s, acc=0.315, device=mps, eta=2m16s, loss=1.9554, sps=45.5]
BC[stage1_datasets_L40_stepsweep/bc_baseline_none_steps20000_tr0]:  69%|██████▉   | 13884/20000 [05:05<02:28, 41.16it/s, acc=0.315, device=mps, eta=2m16s, loss=1.9554, sps=45.5]
BC[stage1_datasets_L40_stepsweep/bc_baseline_none_steps20000_tr0]:  69%|██████▉   | 13892/20000 [05:05<02:05, 48.68it/s, acc=0.315, device=mps, eta=2m16s, loss=1.9554, sps=45.5]
BC[stage1_datasets_L40_stepsweep/bc_baseline_none_steps20000_tr0]:  70%|██████▉   | 13900/20000 [05:05<01:50, 55.16it/s, acc=0.315, device=mps, eta=2m16s, loss=1.9554, sps=45.5]
BC[stage1_datasets_L40_stepsweep/bc_baseline_none_steps20000_tr0]:  70%|██████▉   | 13907/20000 [05:05<02:19, 43.57it/s, acc=0.315, device=mps, eta=2m16s, loss=1.9554, sps=45.5]
BC[stage1_datasets_L40_stepsweep/bc_baseline_none_steps20000_tr0]:  70%|██████▉   | 13913/20000 [05:05<02:12, 46.02it/s, acc=0.315, device=mps, eta=2m16s, loss=1.9554, sps=45.5]
BC[stage1_datasets_L40_stepsweep/bc_baseline_none_steps20000_tr0]:  70%|██████▉   | 13919/20000 [05:06<02:04, 48.85it/s, acc=0.315, device=mps, eta=2m16s, loss=1.9554, sps=45.5]
BC[stage1_datasets_L40_stepsweep/bc_baseline_none_steps20000_tr0]:  70%|██████▉   | 13925/20000 [05:06<02:24, 42.02it/s, acc=0.315, device=mps, eta=2m16s, loss=1.9554, sps=45.5]
BC[stage1_datasets_L40_stepsweep/bc_baseline_none_steps20000_tr0]:  70%|██████▉   | 13933/20000 [05:06<02:03, 49.29it/s, acc=0.315, device=mps, eta=2m16s, loss=1.9554, sps=45.5]
BC[stage1_datasets_L40_stepsweep/bc_baseline_none_steps20000_tr0]:  70%|██████▉   | 13941/20000 [05:06<02:17, 44.04it/s, acc=0.315, device=mps, eta=2m16s, loss=1.9554, sps=45.5]
BC[stage1_datasets_L40_stepsweep/bc_baseline_none_steps20000_tr0]:  70%|██████▉   | 13949/20000 [05:06<01:59, 50.67it/s, acc=0.315, device=mps, eta=2m16s, loss=1.9554, sps=45.5]
BC[stage1_datasets_L40_stepsweep/bc_baseline_none_steps20000_tr0]:  70%|██████▉   | 13957/20000 [05:06<01:48, 55.93it/s, acc=0.315, device=mps, eta=2m16s, loss=1.9554, sps=45.5]
BC[stage1_datasets_L40_stepsweep/bc_baseline_none_steps20000_tr0]:  70%|██████▉   | 13964/20000 [05:06<02:08, 47.15it/s, acc=0.315, device=mps, eta=2m16s, loss=1.9554, sps=45.5]
BC[stage1_datasets_L40_stepsweep/bc_baseline_none_steps20000_tr0]:  70%|██████▉   | 13971/20000 [05:07<01:59, 50.40it/s, acc=0.315, device=mps, eta=2m16s, loss=1.9554, sps=45.5]
BC[stage1_datasets_L40_stepsweep/bc_baseline_none_steps20000_tr0]:  70%|██████▉   | 13978/20000 [05:07<01:52, 53.57it/s, acc=0.315, device=mps, eta=2m16s, loss=1.9554, sps=45.5]
BC[stage1_datasets_L40_stepsweep/bc_baseline_none_steps20000_tr0]:  70%|██████▉   | 13984/20000 [05:07<02:17, 43.88it/s, acc=0.315, device=mps, eta=2m16s, loss=1.9554, sps=45.5]
BC[stage1_datasets_L40_stepsweep/bc_baseline_none_steps20000_tr0]:  70%|██████▉   | 13990/20000 [05:07<02:08, 46.80it/s, acc=0.315, device=mps, eta=2m16s, loss=1.9554, sps=45.5]
BC[stage1_datasets_L40_stepsweep/bc_baseline_none_steps20000_tr0]:  70%|██████▉   | 13996/20000 [05:07<02:02, 48.99it/s, acc=0.315, device=mps, eta=2m16s, loss=1.9554, sps=45.5]
BC[stage1_datasets_L40_stepsweep/bc_baseline_none_steps20000_tr0]:  70%|██████▉   | 13996/20000 [05:07<02:02, 48.99it/s, acc=0.312, device=mps, eta=2m12s, loss=1.9638, sps=45.5]
BC[stage1_datasets_L40_stepsweep/bc_baseline_none_steps20000_tr0]:  70%|███████   | 14002/20000 [05:07<02:27, 40.59it/s, acc=0.312, device=mps, eta=2m12s, loss=1.9638, sps=45.5]
BC[stage1_datasets_L40_stepsweep/bc_baseline_none_steps20000_tr0]:  70%|███████   | 14008/20000 [05:07<02:17, 43.59it/s, acc=0.312, device=mps, eta=2m12s, loss=1.9638, sps=45.5]
BC[stage1_datasets_L40_stepsweep/bc_baseline_none_steps20000_tr0]:  70%|███████   | 14014/20000 [05:08<02:10, 45.97it/s, acc=0.312, device=mps, eta=2m12s, loss=1.9638, sps=45.5]
BC[stage1_datasets_L40_stepsweep/bc_baseline_none_steps20000_tr0]:  70%|███████   | 14021/20000 [05:08<02:33, 38.95it/s, acc=0.312, device=mps, eta=2m12s, loss=1.9638, sps=45.5]
BC[stage1_datasets_L40_stepsweep/bc_baseline_none_steps20000_tr0]:  70%|███████   | 14027/20000 [05:08<02:22, 41.77it/s, acc=0.312, device=mps, eta=2m12s, loss=1.9638, sps=45.5]
BC[stage1_datasets_L40_stepsweep/bc_baseline_none_steps20000_tr0]:  70%|███████   | 14033/20000 [05:08<02:11, 45.39it/s, acc=0.312, device=mps, eta=2m12s, loss=1.9638, sps=45.5]
BC[stage1_datasets_L40_stepsweep/bc_baseline_none_steps20000_tr0]:  70%|███████   | 14040/20000 [05:08<01:57, 50.87it/s, acc=0.312, device=mps, eta=2m12s, loss=1.9638, sps=45.5]
BC[stage1_datasets_L40_stepsweep/bc_baseline_none_steps20000_tr0]:  70%|███████   | 14046/20000 [05:08<02:21, 42.21it/s, acc=0.312, device=mps, eta=2m12s, loss=1.9638, sps=45.5]
BC[stage1_datasets_L40_stepsweep/bc_baseline_none_steps20000_tr0]:  70%|███████   | 14053/20000 [05:08<02:05, 47.26it/s, acc=0.312, device=mps, eta=2m12s, loss=1.9638, sps=45.5]
BC[stage1_datasets_L40_stepsweep/bc_baseline_none_steps20000_tr0]:  70%|███████   | 14060/20000 [05:09<01:54, 52.05it/s, acc=0.312, device=mps, eta=2m12s, loss=1.9638, sps=45.5]
BC[stage1_datasets_L40_stepsweep/bc_baseline_none_steps20000_tr0]:  70%|███████   | 14066/20000 [05:09<02:19, 42.50it/s, acc=0.312, device=mps, eta=2m12s, loss=1.9638, sps=45.5]
BC[stage1_datasets_L40_stepsweep/bc_baseline_none_steps20000_tr0]:  70%|███████   | 14072/20000 [05:09<02:12, 44.65it/s, acc=0.312, device=mps, eta=2m12s, loss=1.9638, sps=45.5]
BC[stage1_datasets_L40_stepsweep/bc_baseline_none_steps20000_tr0]:  70%|███████   | 14078/20000 [05:09<02:06, 46.89it/s, acc=0.312, device=mps, eta=2m12s, loss=1.9638, sps=45.5]
BC[stage1_datasets_L40_stepsweep/bc_baseline_none_steps20000_tr0]:  70%|███████   | 14084/20000 [05:09<02:30, 39.19it/s, acc=0.312, device=mps, eta=2m12s, loss=1.9638, sps=45.5]
BC[stage1_datasets_L40_stepsweep/bc_baseline_none_steps20000_tr0]:  70%|███████   | 14090/20000 [05:09<02:19, 42.38it/s, acc=0.312, device=mps, eta=2m12s, loss=1.9638, sps=45.5]
BC[stage1_datasets_L40_stepsweep/bc_baseline_none_steps20000_tr0]:  70%|███████   | 14096/20000 [05:09<02:10, 45.34it/s, acc=0.312, device=mps, eta=2m12s, loss=1.9638, sps=45.5]
BC[stage1_datasets_L40_stepsweep/bc_baseline_none_steps20000_tr0]:  71%|███████   | 14101/20000 [05:10<02:37, 37.45it/s, acc=0.312, device=mps, eta=2m12s, loss=1.9638, sps=45.5]
BC[stage1_datasets_L40_stepsweep/bc_baseline_none_steps20000_tr0]:  71%|███████   | 14109/20000 [05:10<02:08, 45.95it/s, acc=0.312, device=mps, eta=2m12s, loss=1.9638, sps=45.5]
BC[stage1_datasets_L40_stepsweep/bc_baseline_none_steps20000_tr0]:  71%|███████   | 14117/20000 [05:10<01:50, 53.01it/s, acc=0.312, device=mps, eta=2m12s, loss=1.9638, sps=45.5]
BC[stage1_datasets_L40_stepsweep/bc_baseline_none_steps20000_tr0]:  71%|███████   | 14123/20000 [05:10<02:12, 44.27it/s, acc=0.312, device=mps, eta=2m12s, loss=1.9638, sps=45.5]
BC[stage1_datasets_L40_stepsweep/bc_baseline_none_steps20000_tr0]:  71%|███████   | 14131/20000 [05:10<01:54, 51.09it/s, acc=0.312, device=mps, eta=2m12s, loss=1.9638, sps=45.5]
BC[stage1_datasets_L40_stepsweep/bc_baseline_none_steps20000_tr0]:  71%|███████   | 14139/20000 [05:10<01:43, 56.40it/s, acc=0.312, device=mps, eta=2m12s, loss=1.9638, sps=45.5]
BC[stage1_datasets_L40_stepsweep/bc_baseline_none_steps20000_tr0]:  71%|███████   | 14146/20000 [05:10<02:05, 46.57it/s, acc=0.312, device=mps, eta=2m12s, loss=1.9638, sps=45.5]
BC[stage1_datasets_L40_stepsweep/bc_baseline_none_steps20000_tr0]:  71%|███████   | 14152/20000 [05:11<02:00, 48.72it/s, acc=0.312, device=mps, eta=2m12s, loss=1.9638, sps=45.5]
BC[stage1_datasets_L40_stepsweep/bc_baseline_none_steps20000_tr0]:  71%|███████   | 14158/20000 [05:11<01:56, 49.94it/s, acc=0.312, device=mps, eta=2m12s, loss=1.9638, sps=45.5]
BC[stage1_datasets_L40_stepsweep/bc_baseline_none_steps20000_tr0]:  71%|███████   | 14164/20000 [05:11<02:20, 41.56it/s, acc=0.312, device=mps, eta=2m12s, loss=1.9638, sps=45.5]
BC[stage1_datasets_L40_stepsweep/bc_baseline_none_steps20000_tr0]:  71%|███████   | 14172/20000 [05:11<01:58, 49.02it/s, acc=0.312, device=mps, eta=2m12s, loss=1.9638, sps=45.5]
BC[stage1_datasets_L40_stepsweep/bc_baseline_none_steps20000_tr0]:  71%|███████   | 14180/20000 [05:11<01:45, 55.40it/s, acc=0.312, device=mps, eta=2m12s, loss=1.9638, sps=45.5]
BC[stage1_datasets_L40_stepsweep/bc_baseline_none_steps20000_tr0]:  71%|███████   | 14187/20000 [05:11<02:09, 44.89it/s, acc=0.312, device=mps, eta=2m12s, loss=1.9638, sps=45.5]
BC[stage1_datasets_L40_stepsweep/bc_baseline_none_steps20000_tr0]:  71%|███████   | 14193/20000 [05:11<02:03, 46.90it/s, acc=0.312, device=mps, eta=2m12s, loss=1.9638, sps=45.5]
BC[stage1_datasets_L40_stepsweep/bc_baseline_none_steps20000_tr0]:  71%|███████   | 14199/20000 [05:12<01:57, 49.49it/s, acc=0.312, device=mps, eta=2m12s, loss=1.9638, sps=45.5]
BC[stage1_datasets_L40_stepsweep/bc_baseline_none_steps20000_tr0]:  71%|███████   | 14199/20000 [05:12<01:57, 49.49it/s, acc=0.315, device=mps, eta=2m07s, loss=1.9586, sps=45.5]
BC[stage1_datasets_L40_stepsweep/bc_baseline_none_steps20000_tr0]:  71%|███████   | 14205/20000 [05:12<02:19, 41.65it/s, acc=0.315, device=mps, eta=2m07s, loss=1.9586, sps=45.5]
BC[stage1_datasets_L40_stepsweep/bc_baseline_none_steps20000_tr0]:  71%|███████   | 14211/20000 [05:12<02:10, 44.34it/s, acc=0.315, device=mps, eta=2m07s, loss=1.9586, sps=45.5]
BC[stage1_datasets_L40_stepsweep/bc_baseline_none_steps20000_tr0]:  71%|███████   | 14217/20000 [05:12<02:05, 45.92it/s, acc=0.315, device=mps, eta=2m07s, loss=1.9586, sps=45.5]
BC[stage1_datasets_L40_stepsweep/bc_baseline_none_steps20000_tr0]:  71%|███████   | 14222/20000 [05:12<02:32, 37.82it/s, acc=0.315, device=mps, eta=2m07s, loss=1.9586, sps=45.5]
BC[stage1_datasets_L40_stepsweep/bc_baseline_none_steps20000_tr0]:  71%|███████   | 14230/20000 [05:12<02:04, 46.17it/s, acc=0.315, device=mps, eta=2m07s, loss=1.9586, sps=45.5]
BC[stage1_datasets_L40_stepsweep/bc_baseline_none_steps20000_tr0]:  71%|███████   | 14238/20000 [05:12<01:48, 52.96it/s, acc=0.315, device=mps, eta=2m07s, loss=1.9586, sps=45.5]
BC[stage1_datasets_L40_stepsweep/bc_baseline_none_steps20000_tr0]:  71%|███████   | 14244/20000 [05:13<02:09, 44.57it/s, acc=0.315, device=mps, eta=2m07s, loss=1.9586, sps=45.5]
BC[stage1_datasets_L40_stepsweep/bc_baseline_none_steps20000_tr0]:  71%|███████▏  | 14251/20000 [05:13<01:58, 48.56it/s, acc=0.315, device=mps, eta=2m07s, loss=1.9586, sps=45.5]
BC[stage1_datasets_L40_stepsweep/bc_baseline_none_steps20000_tr0]:  71%|███████▏  | 14257/20000 [05:13<01:53, 50.65it/s, acc=0.315, device=mps, eta=2m07s, loss=1.9586, sps=45.5]
BC[stage1_datasets_L40_stepsweep/bc_baseline_none_steps20000_tr0]:  71%|███████▏  | 14263/20000 [05:13<02:17, 41.58it/s, acc=0.315, device=mps, eta=2m07s, loss=1.9586, sps=45.5]
BC[stage1_datasets_L40_stepsweep/bc_baseline_none_steps20000_tr0]:  71%|███████▏  | 14270/20000 [05:13<02:03, 46.31it/s, acc=0.315, device=mps, eta=2m07s, loss=1.9586, sps=45.5]
BC[stage1_datasets_L40_stepsweep/bc_baseline_none_steps20000_tr0]:  71%|███████▏  | 14276/20000 [05:13<01:56, 49.08it/s, acc=0.315, device=mps, eta=2m07s, loss=1.9586, sps=45.5]
BC[stage1_datasets_L40_stepsweep/bc_baseline_none_steps20000_tr0]:  71%|███████▏  | 14282/20000 [05:13<02:19, 40.98it/s, acc=0.315, device=mps, eta=2m07s, loss=1.9586, sps=45.5]
BC[stage1_datasets_L40_stepsweep/bc_baseline_none_steps20000_tr0]:  71%|███████▏  | 14290/20000 [05:14<01:57, 48.69it/s, acc=0.315, device=mps, eta=2m07s, loss=1.9586, sps=45.5]
BC[stage1_datasets_L40_stepsweep/bc_baseline_none_steps20000_tr0]:  71%|███████▏  | 14298/20000 [05:14<01:43, 54.88it/s, acc=0.315, device=mps, eta=2m07s, loss=1.9586, sps=45.5]
BC[stage1_datasets_L40_stepsweep/bc_baseline_none_steps20000_tr0]:  72%|███████▏  | 14305/20000 [05:14<02:03, 46.13it/s, acc=0.315, device=mps, eta=2m07s, loss=1.9586, sps=45.5]
BC[stage1_datasets_L40_stepsweep/bc_baseline_none_steps20000_tr0]:  72%|███████▏  | 14311/20000 [05:14<01:57, 48.40it/s, acc=0.315, device=mps, eta=2m07s, loss=1.9586, sps=45.5]
BC[stage1_datasets_L40_stepsweep/bc_baseline_none_steps20000_tr0]:  72%|███████▏  | 14317/20000 [05:14<01:53, 50.21it/s, acc=0.315, device=mps, eta=2m07s, loss=1.9586, sps=45.5]
BC[stage1_datasets_L40_stepsweep/bc_baseline_none_steps20000_tr0]:  72%|███████▏  | 14323/20000 [05:14<02:17, 41.42it/s, acc=0.315, device=mps, eta=2m07s, loss=1.9586, sps=45.5]
BC[stage1_datasets_L40_stepsweep/bc_baseline_none_steps20000_tr0]:  72%|███████▏  | 14331/20000 [05:14<01:56, 48.46it/s, acc=0.315, device=mps, eta=2m07s, loss=1.9586, sps=45.5]
BC[stage1_datasets_L40_stepsweep/bc_baseline_none_steps20000_tr0]:  72%|███████▏  | 14338/20000 [05:15<01:46, 53.29it/s, acc=0.315, device=mps, eta=2m07s, loss=1.9586, sps=45.5]
BC[stage1_datasets_L40_stepsweep/bc_baseline_none_steps20000_tr0]:  72%|███████▏  | 14344/20000 [05:15<02:09, 43.73it/s, acc=0.315, device=mps, eta=2m07s, loss=1.9586, sps=45.5]
BC[stage1_datasets_L40_stepsweep/bc_baseline_none_steps20000_tr0]:  72%|███████▏  | 14350/20000 [05:15<02:00, 46.96it/s, acc=0.315, device=mps, eta=2m07s, loss=1.9586, sps=45.5]
BC[stage1_datasets_L40_stepsweep/bc_baseline_none_steps20000_tr0]:  72%|███████▏  | 14356/20000 [05:15<01:55, 49.02it/s, acc=0.315, device=mps, eta=2m07s, loss=1.9586, sps=45.5]
BC[stage1_datasets_L40_stepsweep/bc_baseline_none_steps20000_tr0]:  72%|███████▏  | 14362/20000 [05:15<02:21, 39.86it/s, acc=0.315, device=mps, eta=2m07s, loss=1.9586, sps=45.5]
BC[stage1_datasets_L40_stepsweep/bc_baseline_none_steps20000_tr0]:  72%|███████▏  | 14370/20000 [05:15<01:58, 47.53it/s, acc=0.315, device=mps, eta=2m07s, loss=1.9586, sps=45.5]
BC[stage1_datasets_L40_stepsweep/bc_baseline_none_steps20000_tr0]:  72%|███████▏  | 14378/20000 [05:15<01:44, 53.78it/s, acc=0.315, device=mps, eta=2m07s, loss=1.9586, sps=45.5]
BC[stage1_datasets_L40_stepsweep/bc_baseline_none_steps20000_tr0]:  72%|███████▏  | 14384/20000 [05:16<02:04, 45.16it/s, acc=0.315, device=mps, eta=2m07s, loss=1.9586, sps=45.5]
BC[stage1_datasets_L40_stepsweep/bc_baseline_none_steps20000_tr0]:  72%|███████▏  | 14391/20000 [05:16<01:54, 48.88it/s, acc=0.315, device=mps, eta=2m07s, loss=1.9586, sps=45.5]
BC[stage1_datasets_L40_stepsweep/bc_baseline_none_steps20000_tr0]:  72%|███████▏  | 14397/20000 [05:16<01:50, 50.75it/s, acc=0.315, device=mps, eta=2m07s, loss=1.9586, sps=45.5]
BC[stage1_datasets_L40_stepsweep/bc_baseline_none_steps20000_tr0]:  72%|███████▏  | 14397/20000 [05:16<01:50, 50.75it/s, acc=0.315, device=mps, eta=2m03s, loss=1.9549, sps=45.5]
BC[stage1_datasets_L40_stepsweep/bc_baseline_none_steps20000_tr0]:  72%|███████▏  | 14403/20000 [05:16<02:15, 41.41it/s, acc=0.315, device=mps, eta=2m03s, loss=1.9549, sps=45.5]
BC[stage1_datasets_L40_stepsweep/bc_baseline_none_steps20000_tr0]:  72%|███████▏  | 14409/20000 [05:16<02:05, 44.39it/s, acc=0.315, device=mps, eta=2m03s, loss=1.9549, sps=45.5]
BC[stage1_datasets_L40_stepsweep/bc_baseline_none_steps20000_tr0]:  72%|███████▏  | 14415/20000 [05:16<01:58, 46.96it/s, acc=0.315, device=mps, eta=2m03s, loss=1.9549, sps=45.5]
BC[stage1_datasets_L40_stepsweep/bc_baseline_none_steps20000_tr0]:  72%|███████▏  | 14421/20000 [05:16<02:17, 40.72it/s, acc=0.315, device=mps, eta=2m03s, loss=1.9549, sps=45.5]
BC[stage1_datasets_L40_stepsweep/bc_baseline_none_steps20000_tr0]:  72%|███████▏  | 14429/20000 [05:17<01:54, 48.46it/s, acc=0.315, device=mps, eta=2m03s, loss=1.9549, sps=45.5]
BC[stage1_datasets_L40_stepsweep/bc_baseline_none_steps20000_tr0]:  72%|███████▏  | 14437/20000 [05:17<01:41, 54.61it/s, acc=0.315, device=mps, eta=2m03s, loss=1.9549, sps=45.5]
BC[stage1_datasets_L40_stepsweep/bc_baseline_none_steps20000_tr0]:  72%|███████▏  | 14443/20000 [05:17<02:03, 45.01it/s, acc=0.315, device=mps, eta=2m03s, loss=1.9549, sps=45.5]
BC[stage1_datasets_L40_stepsweep/bc_baseline_none_steps20000_tr0]:  72%|███████▏  | 14451/20000 [05:17<01:47, 51.77it/s, acc=0.315, device=mps, eta=2m03s, loss=1.9549, sps=45.5]
BC[stage1_datasets_L40_stepsweep/bc_baseline_none_steps20000_tr0]:  72%|███████▏  | 14459/20000 [05:17<01:37, 57.09it/s, acc=0.315, device=mps, eta=2m03s, loss=1.9549, sps=45.5]
BC[stage1_datasets_L40_stepsweep/bc_baseline_none_steps20000_tr0]:  72%|███████▏  | 14466/20000 [05:17<01:59, 46.43it/s, acc=0.315, device=mps, eta=2m03s, loss=1.9549, sps=45.5]
BC[stage1_datasets_L40_stepsweep/bc_baseline_none_steps20000_tr0]:  72%|███████▏  | 14472/20000 [05:17<01:54, 48.21it/s, acc=0.315, device=mps, eta=2m03s, loss=1.9549, sps=45.5]
BC[stage1_datasets_L40_stepsweep/bc_baseline_none_steps20000_tr0]:  72%|███████▏  | 14478/20000 [05:17<01:49, 50.30it/s, acc=0.315, device=mps, eta=2m03s, loss=1.9549, sps=45.5]
BC[stage1_datasets_L40_stepsweep/bc_baseline_none_steps20000_tr0]:  72%|███████▏  | 14484/20000 [05:18<02:14, 40.93it/s, acc=0.315, device=mps, eta=2m03s, loss=1.9549, sps=45.5]
BC[stage1_datasets_L40_stepsweep/bc_baseline_none_steps20000_tr0]:  72%|███████▏  | 14490/20000 [05:18<02:05, 43.78it/s, acc=0.315, device=mps, eta=2m03s, loss=1.9549, sps=45.5]
BC[stage1_datasets_L40_stepsweep/bc_baseline_none_steps20000_tr0]:  72%|███████▏  | 14496/20000 [05:18<01:56, 47.17it/s, acc=0.315, device=mps, eta=2m03s, loss=1.9549, sps=45.5]
BC[stage1_datasets_L40_stepsweep/bc_baseline_none_steps20000_tr0]:  73%|███████▎  | 14502/20000 [05:18<02:19, 39.29it/s, acc=0.315, device=mps, eta=2m03s, loss=1.9549, sps=45.5]
BC[stage1_datasets_L40_stepsweep/bc_baseline_none_steps20000_tr0]:  73%|███████▎  | 14508/20000 [05:18<02:09, 42.50it/s, acc=0.315, device=mps, eta=2m03s, loss=1.9549, sps=45.5]
BC[stage1_datasets_L40_stepsweep/bc_baseline_none_steps20000_tr0]:  73%|███████▎  | 14514/20000 [05:18<01:58, 46.16it/s, acc=0.315, device=mps, eta=2m03s, loss=1.9549, sps=45.5]
BC[stage1_datasets_L40_stepsweep/bc_baseline_none_steps20000_tr0]:  73%|███████▎  | 14521/20000 [05:19<02:16, 40.15it/s, acc=0.315, device=mps, eta=2m03s, loss=1.9549, sps=45.5]
BC[stage1_datasets_L40_stepsweep/bc_baseline_none_steps20000_tr0]:  73%|███████▎  | 14529/20000 [05:19<01:54, 47.83it/s, acc=0.315, device=mps, eta=2m03s, loss=1.9549, sps=45.5]
BC[stage1_datasets_L40_stepsweep/bc_baseline_none_steps20000_tr0]:  73%|███████▎  | 14537/20000 [05:19<01:41, 54.01it/s, acc=0.315, device=mps, eta=2m03s, loss=1.9549, sps=45.5]
BC[stage1_datasets_L40_stepsweep/bc_baseline_none_steps20000_tr0]:  73%|███████▎  | 14543/20000 [05:19<02:00, 45.40it/s, acc=0.315, device=mps, eta=2m03s, loss=1.9549, sps=45.5]
BC[stage1_datasets_L40_stepsweep/bc_baseline_none_steps20000_tr0]:  73%|███████▎  | 14549/20000 [05:19<01:52, 48.37it/s, acc=0.315, device=mps, eta=2m03s, loss=1.9549, sps=45.5]
BC[stage1_datasets_L40_stepsweep/bc_baseline_none_steps20000_tr0]:  73%|███████▎  | 14555/20000 [05:19<01:47, 50.62it/s, acc=0.315, device=mps, eta=2m03s, loss=1.9549, sps=45.5]
BC[stage1_datasets_L40_stepsweep/bc_baseline_none_steps20000_tr0]:  73%|███████▎  | 14561/20000 [05:19<02:13, 40.86it/s, acc=0.315, device=mps, eta=2m03s, loss=1.9549, sps=45.5]
BC[stage1_datasets_L40_stepsweep/bc_baseline_none_steps20000_tr0]:  73%|███████▎  | 14569/20000 [05:20<01:51, 48.79it/s, acc=0.315, device=mps, eta=2m03s, loss=1.9549, sps=45.5]
BC[stage1_datasets_L40_stepsweep/bc_baseline_none_steps20000_tr0]:  73%|███████▎  | 14577/20000 [05:20<01:38, 55.13it/s, acc=0.315, device=mps, eta=2m03s, loss=1.9549, sps=45.5]
BC[stage1_datasets_L40_stepsweep/bc_baseline_none_steps20000_tr0]:  73%|███████▎  | 14584/20000 [05:20<01:56, 46.55it/s, acc=0.315, device=mps, eta=2m03s, loss=1.9549, sps=45.5]
BC[stage1_datasets_L40_stepsweep/bc_baseline_none_steps20000_tr0]:  73%|███████▎  | 14591/20000 [05:20<01:48, 49.96it/s, acc=0.315, device=mps, eta=2m03s, loss=1.9549, sps=45.5]
BC[stage1_datasets_L40_stepsweep/bc_baseline_none_steps20000_tr0]:  73%|███████▎  | 14597/20000 [05:20<01:44, 51.55it/s, acc=0.315, device=mps, eta=2m03s, loss=1.9549, sps=45.5]
BC[stage1_datasets_L40_stepsweep/bc_baseline_none_steps20000_tr0]:  73%|███████▎  | 14597/20000 [05:20<01:44, 51.55it/s, acc=0.316, device=mps, eta=1m59s, loss=1.9500, sps=45.5]
BC[stage1_datasets_L40_stepsweep/bc_baseline_none_steps20000_tr0]:  73%|███████▎  | 14603/20000 [05:20<02:09, 41.72it/s, acc=0.316, device=mps, eta=1m59s, loss=1.9500, sps=45.5]
BC[stage1_datasets_L40_stepsweep/bc_baseline_none_steps20000_tr0]:  73%|███████▎  | 14609/20000 [05:20<01:59, 44.98it/s, acc=0.316, device=mps, eta=1m59s, loss=1.9500, sps=45.5]
BC[stage1_datasets_L40_stepsweep/bc_baseline_none_steps20000_tr0]:  73%|███████▎  | 14616/20000 [05:20<01:49, 49.24it/s, acc=0.316, device=mps, eta=1m59s, loss=1.9500, sps=45.5]
BC[stage1_datasets_L40_stepsweep/bc_baseline_none_steps20000_tr0]:  73%|███████▎  | 14622/20000 [05:21<02:09, 41.38it/s, acc=0.316, device=mps, eta=1m59s, loss=1.9500, sps=45.5]
BC[stage1_datasets_L40_stepsweep/bc_baseline_none_steps20000_tr0]:  73%|███████▎  | 14630/20000 [05:21<01:49, 49.26it/s, acc=0.316, device=mps, eta=1m59s, loss=1.9500, sps=45.5]
BC[stage1_datasets_L40_stepsweep/bc_baseline_none_steps20000_tr0]:  73%|███████▎  | 14638/20000 [05:21<01:35, 56.00it/s, acc=0.316, device=mps, eta=1m59s, loss=1.9500, sps=45.5]
BC[stage1_datasets_L40_stepsweep/bc_baseline_none_steps20000_tr0]:  73%|███████▎  | 14645/20000 [05:21<01:59, 44.69it/s, acc=0.316, device=mps, eta=1m59s, loss=1.9500, sps=45.5]
BC[stage1_datasets_L40_stepsweep/bc_baseline_none_steps20000_tr0]:  73%|███████▎  | 14651/20000 [05:21<01:53, 47.08it/s, acc=0.316, device=mps, eta=1m59s, loss=1.9500, sps=45.5]
BC[stage1_datasets_L40_stepsweep/bc_baseline_none_steps20000_tr0]:  73%|███████▎  | 14658/20000 [05:21<01:44, 51.26it/s, acc=0.316, device=mps, eta=1m59s, loss=1.9500, sps=45.5]
BC[stage1_datasets_L40_stepsweep/bc_baseline_none_steps20000_tr0]:  73%|███████▎  | 14664/20000 [05:22<02:02, 43.69it/s, acc=0.316, device=mps, eta=1m59s, loss=1.9500, sps=45.5]
BC[stage1_datasets_L40_stepsweep/bc_baseline_none_steps20000_tr0]:  73%|███████▎  | 14672/20000 [05:22<01:45, 50.66it/s, acc=0.316, device=mps, eta=1m59s, loss=1.9500, sps=45.5]
BC[stage1_datasets_L40_stepsweep/bc_baseline_none_steps20000_tr0]:  73%|███████▎  | 14681/20000 [05:22<01:55, 46.05it/s, acc=0.316, device=mps, eta=1m59s, loss=1.9500, sps=45.5]
BC[stage1_datasets_L40_stepsweep/bc_baseline_none_steps20000_tr0]:  73%|███████▎  | 14689/20000 [05:22<01:41, 52.39it/s, acc=0.316, device=mps, eta=1m59s, loss=1.9500, sps=45.5]
BC[stage1_datasets_L40_stepsweep/bc_baseline_none_steps20000_tr0]:  73%|███████▎  | 14697/20000 [05:22<01:31, 58.13it/s, acc=0.316, device=mps, eta=1m59s, loss=1.9500, sps=45.5]
BC[stage1_datasets_L40_stepsweep/bc_baseline_none_steps20000_tr0]:  74%|███████▎  | 14704/20000 [05:22<01:47, 49.18it/s, acc=0.316, device=mps, eta=1m59s, loss=1.9500, sps=45.5]
BC[stage1_datasets_L40_stepsweep/bc_baseline_none_steps20000_tr0]:  74%|███████▎  | 14711/20000 [05:22<01:40, 52.76it/s, acc=0.316, device=mps, eta=1m59s, loss=1.9500, sps=45.5]
BC[stage1_datasets_L40_stepsweep/bc_baseline_none_steps20000_tr0]:  74%|███████▎  | 14718/20000 [05:23<01:35, 55.48it/s, acc=0.316, device=mps, eta=1m59s, loss=1.9500, sps=45.5]
BC[stage1_datasets_L40_stepsweep/bc_baseline_none_steps20000_tr0]:  74%|███████▎  | 14724/20000 [05:23<01:55, 45.83it/s, acc=0.316, device=mps, eta=1m59s, loss=1.9500, sps=45.5]
BC[stage1_datasets_L40_stepsweep/bc_baseline_none_steps20000_tr0]:  74%|███████▎  | 14732/20000 [05:23<01:40, 52.51it/s, acc=0.316, device=mps, eta=1m59s, loss=1.9500, sps=45.5]
BC[stage1_datasets_L40_stepsweep/bc_baseline_none_steps20000_tr0]:  74%|███████▎  | 14740/20000 [05:23<01:29, 58.46it/s, acc=0.316, device=mps, eta=1m59s, loss=1.9500, sps=45.5]
BC[stage1_datasets_L40_stepsweep/bc_baseline_none_steps20000_tr0]:  74%|███████▎  | 14747/20000 [05:23<01:52, 46.55it/s, acc=0.316, device=mps, eta=1m59s, loss=1.9500, sps=45.5]
BC[stage1_datasets_L40_stepsweep/bc_baseline_none_steps20000_tr0]:  74%|███████▍  | 14753/20000 [05:23<01:47, 48.73it/s, acc=0.316, device=mps, eta=1m59s, loss=1.9500, sps=45.5]
BC[stage1_datasets_L40_stepsweep/bc_baseline_none_steps20000_tr0]:  74%|███████▍  | 14759/20000 [05:23<01:44, 50.04it/s, acc=0.316, device=mps, eta=1m59s, loss=1.9500, sps=45.5]
BC[stage1_datasets_L40_stepsweep/bc_baseline_none_steps20000_tr0]:  74%|███████▍  | 14765/20000 [05:24<02:06, 41.36it/s, acc=0.316, device=mps, eta=1m59s, loss=1.9500, sps=45.5]
BC[stage1_datasets_L40_stepsweep/bc_baseline_none_steps20000_tr0]:  74%|███████▍  | 14771/20000 [05:24<01:56, 44.78it/s, acc=0.316, device=mps, eta=1m59s, loss=1.9500, sps=45.5]
BC[stage1_datasets_L40_stepsweep/bc_baseline_none_steps20000_tr0]:  74%|███████▍  | 14778/20000 [05:24<01:46, 49.04it/s, acc=0.316, device=mps, eta=1m59s, loss=1.9500, sps=45.5]
BC[stage1_datasets_L40_stepsweep/bc_baseline_none_steps20000_tr0]:  74%|███████▍  | 14784/20000 [05:24<02:07, 40.82it/s, acc=0.316, device=mps, eta=1m59s, loss=1.9500, sps=45.5]
BC[stage1_datasets_L40_stepsweep/bc_baseline_none_steps20000_tr0]:  74%|███████▍  | 14789/20000 [05:24<02:04, 41.77it/s, acc=0.316, device=mps, eta=1m59s, loss=1.9500, sps=45.5]
BC[stage1_datasets_L40_stepsweep/bc_baseline_none_steps20000_tr0]:  74%|███████▍  | 14795/20000 [05:24<01:56, 44.50it/s, acc=0.316, device=mps, eta=1m59s, loss=1.9500, sps=45.5]
BC[stage1_datasets_L40_stepsweep/bc_baseline_none_steps20000_tr0]:  74%|███████▍  | 14795/20000 [05:24<01:56, 44.50it/s, acc=0.313, device=mps, eta=1m54s, loss=1.9599, sps=45.6]
BC[stage1_datasets_L40_stepsweep/bc_baseline_none_steps20000_tr0]:  74%|███████▍  | 14801/20000 [05:24<02:15, 38.47it/s, acc=0.313, device=mps, eta=1m54s, loss=1.9599, sps=45.6]
BC[stage1_datasets_L40_stepsweep/bc_baseline_none_steps20000_tr0]:  74%|███████▍  | 14808/20000 [05:25<01:57, 44.09it/s, acc=0.313, device=mps, eta=1m54s, loss=1.9599, sps=45.6]
BC[stage1_datasets_L40_stepsweep/bc_baseline_none_steps20000_tr0]:  74%|███████▍  | 14815/20000 [05:25<01:46, 48.53it/s, acc=0.313, device=mps, eta=1m54s, loss=1.9599, sps=45.6]
BC[stage1_datasets_L40_stepsweep/bc_baseline_none_steps20000_tr0]:  74%|███████▍  | 14821/20000 [05:25<02:07, 40.76it/s, acc=0.313, device=mps, eta=1m54s, loss=1.9599, sps=45.6]
BC[stage1_datasets_L40_stepsweep/bc_baseline_none_steps20000_tr0]:  74%|███████▍  | 14829/20000 [05:25<01:46, 48.50it/s, acc=0.313, device=mps, eta=1m54s, loss=1.9599, sps=45.6]
BC[stage1_datasets_L40_stepsweep/bc_baseline_none_steps20000_tr0]:  74%|███████▍  | 14837/20000 [05:25<01:33, 55.18it/s, acc=0.313, device=mps, eta=1m54s, loss=1.9599, sps=45.6]
BC[stage1_datasets_L40_stepsweep/bc_baseline_none_steps20000_tr0]:  74%|███████▍  | 14844/20000 [05:25<01:51, 46.43it/s, acc=0.313, device=mps, eta=1m54s, loss=1.9599, sps=45.6]
BC[stage1_datasets_L40_stepsweep/bc_baseline_none_steps20000_tr0]:  74%|███████▍  | 14852/20000 [05:25<01:37, 52.93it/s, acc=0.313, device=mps, eta=1m54s, loss=1.9599, sps=45.6]
BC[stage1_datasets_L40_stepsweep/bc_baseline_none_steps20000_tr0]:  74%|███████▍  | 14860/20000 [05:25<01:27, 59.00it/s, acc=0.313, device=mps, eta=1m54s, loss=1.9599, sps=45.6]
BC[stage1_datasets_L40_stepsweep/bc_baseline_none_steps20000_tr0]:  74%|███████▍  | 14867/20000 [05:26<01:47, 47.72it/s, acc=0.313, device=mps, eta=1m54s, loss=1.9599, sps=45.6]
BC[stage1_datasets_L40_stepsweep/bc_baseline_none_steps20000_tr0]:  74%|███████▍  | 14873/20000 [05:26<01:42, 49.81it/s, acc=0.313, device=mps, eta=1m54s, loss=1.9599, sps=45.6]
BC[stage1_datasets_L40_stepsweep/bc_baseline_none_steps20000_tr0]:  74%|███████▍  | 14879/20000 [05:26<01:40, 51.08it/s, acc=0.313, device=mps, eta=1m54s, loss=1.9599, sps=45.6]
BC[stage1_datasets_L40_stepsweep/bc_baseline_none_steps20000_tr0]:  74%|███████▍  | 14885/20000 [05:26<02:04, 41.20it/s, acc=0.313, device=mps, eta=1m54s, loss=1.9599, sps=45.6]
BC[stage1_datasets_L40_stepsweep/bc_baseline_none_steps20000_tr0]:  74%|███████▍  | 14891/20000 [05:26<01:55, 44.34it/s, acc=0.313, device=mps, eta=1m54s, loss=1.9599, sps=45.6]
BC[stage1_datasets_L40_stepsweep/bc_baseline_none_steps20000_tr0]:  74%|███████▍  | 14897/20000 [05:26<01:46, 47.80it/s, acc=0.313, device=mps, eta=1m54s, loss=1.9599, sps=45.6]
BC[stage1_datasets_L40_stepsweep/bc_baseline_none_steps20000_tr0]:  75%|███████▍  | 14903/20000 [05:27<02:05, 40.77it/s, acc=0.313, device=mps, eta=1m54s, loss=1.9599, sps=45.6]
BC[stage1_datasets_L40_stepsweep/bc_baseline_none_steps20000_tr0]:  75%|███████▍  | 14910/20000 [05:27<01:51, 45.64it/s, acc=0.313, device=mps, eta=1m54s, loss=1.9599, sps=45.6]
BC[stage1_datasets_L40_stepsweep/bc_baseline_none_steps20000_tr0]:  75%|███████▍  | 14916/20000 [05:27<01:43, 48.92it/s, acc=0.313, device=mps, eta=1m54s, loss=1.9599, sps=45.6]
BC[stage1_datasets_L40_stepsweep/bc_baseline_none_steps20000_tr0]:  75%|███████▍  | 14922/20000 [05:27<02:03, 40.97it/s, acc=0.313, device=mps, eta=1m54s, loss=1.9599, sps=45.6]
BC[stage1_datasets_L40_stepsweep/bc_baseline_none_steps20000_tr0]:  75%|███████▍  | 14929/20000 [05:27<01:50, 46.00it/s, acc=0.313, device=mps, eta=1m54s, loss=1.9599, sps=45.6]
BC[stage1_datasets_L40_stepsweep/bc_baseline_none_steps20000_tr0]:  75%|███████▍  | 14936/20000 [05:27<01:40, 50.26it/s, acc=0.313, device=mps, eta=1m54s, loss=1.9599, sps=45.6]
BC[stage1_datasets_L40_stepsweep/bc_baseline_none_steps20000_tr0]:  75%|███████▍  | 14942/20000 [05:27<02:01, 41.71it/s, acc=0.313, device=mps, eta=1m54s, loss=1.9599, sps=45.6]
BC[stage1_datasets_L40_stepsweep/bc_baseline_none_steps20000_tr0]:  75%|███████▍  | 14950/20000 [05:28<01:42, 49.27it/s, acc=0.313, device=mps, eta=1m54s, loss=1.9599, sps=45.6]
BC[stage1_datasets_L40_stepsweep/bc_baseline_none_steps20000_tr0]:  75%|███████▍  | 14958/20000 [05:28<01:30, 55.43it/s, acc=0.313, device=mps, eta=1m54s, loss=1.9599, sps=45.6]
BC[stage1_datasets_L40_stepsweep/bc_baseline_none_steps20000_tr0]:  75%|███████▍  | 14965/20000 [05:28<01:49, 46.17it/s, acc=0.313, device=mps, eta=1m54s, loss=1.9599, sps=45.6]
BC[stage1_datasets_L40_stepsweep/bc_baseline_none_steps20000_tr0]:  75%|███████▍  | 14971/20000 [05:28<01:43, 48.42it/s, acc=0.313, device=mps, eta=1m54s, loss=1.9599, sps=45.6]
BC[stage1_datasets_L40_stepsweep/bc_baseline_none_steps20000_tr0]:  75%|███████▍  | 14977/20000 [05:28<01:38, 51.12it/s, acc=0.313, device=mps, eta=1m54s, loss=1.9599, sps=45.6]
BC[stage1_datasets_L40_stepsweep/bc_baseline_none_steps20000_tr0]:  75%|███████▍  | 14983/20000 [05:28<01:58, 42.29it/s, acc=0.313, device=mps, eta=1m54s, loss=1.9599, sps=45.6]
BC[stage1_datasets_L40_stepsweep/bc_baseline_none_steps20000_tr0]:  75%|███████▍  | 14989/20000 [05:28<01:50, 45.34it/s, acc=0.313, device=mps, eta=1m54s, loss=1.9599, sps=45.6]
BC[stage1_datasets_L40_stepsweep/bc_baseline_none_steps20000_tr0]:  75%|███████▍  | 14996/20000 [05:28<01:40, 49.66it/s, acc=0.313, device=mps, eta=1m54s, loss=1.9599, sps=45.6]
BC[stage1_datasets_L40_stepsweep/bc_baseline_none_steps20000_tr0]:  75%|███████▍  | 14996/20000 [05:29<01:40, 49.66it/s, acc=0.319, device=mps, eta=1m50s, loss=1.9463, sps=45.6]
BC[stage1_datasets_L40_stepsweep/bc_baseline_none_steps20000_tr0]:  75%|███████▌  | 15002/20000 [05:29<01:57, 42.47it/s, acc=0.319, device=mps, eta=1m50s, loss=1.9463, sps=45.6]
BC[stage1_datasets_L40_stepsweep/bc_baseline_none_steps20000_tr0]:  75%|███████▌  | 15009/20000 [05:29<01:44, 47.62it/s, acc=0.319, device=mps, eta=1m50s, loss=1.9463, sps=45.6]
BC[stage1_datasets_L40_stepsweep/bc_baseline_none_steps20000_tr0]:  75%|███████▌  | 15016/20000 [05:29<01:36, 51.83it/s, acc=0.319, device=mps, eta=1m50s, loss=1.9463, sps=45.6]
BC[stage1_datasets_L40_stepsweep/bc_baseline_none_steps20000_tr0]:  75%|███████▌  | 15022/20000 [05:29<01:58, 42.09it/s, acc=0.319, device=mps, eta=1m50s, loss=1.9463, sps=45.6]
BC[stage1_datasets_L40_stepsweep/bc_baseline_none_steps20000_tr0]:  75%|███████▌  | 15027/20000 [05:29<01:53, 43.64it/s, acc=0.319, device=mps, eta=1m50s, loss=1.9463, sps=45.6]
BC[stage1_datasets_L40_stepsweep/bc_baseline_none_steps20000_tr0]:  75%|███████▌  | 15033/20000 [05:29<01:44, 47.44it/s, acc=0.319, device=mps, eta=1m50s, loss=1.9463, sps=45.6]
BC[stage1_datasets_L40_stepsweep/bc_baseline_none_steps20000_tr0]:  75%|███████▌  | 15041/20000 [05:30<01:59, 41.59it/s, acc=0.319, device=mps, eta=1m50s, loss=1.9463, sps=45.6]
BC[stage1_datasets_L40_stepsweep/bc_baseline_none_steps20000_tr0]:  75%|███████▌  | 15049/20000 [05:30<01:40, 49.07it/s, acc=0.319, device=mps, eta=1m50s, loss=1.9463, sps=45.6]
BC[stage1_datasets_L40_stepsweep/bc_baseline_none_steps20000_tr0]:  75%|███████▌  | 15057/20000 [05:30<01:29, 55.52it/s, acc=0.319, device=mps, eta=1m50s, loss=1.9463, sps=45.6]
BC[stage1_datasets_L40_stepsweep/bc_baseline_none_steps20000_tr0]:  75%|███████▌  | 15064/20000 [05:30<01:46, 46.51it/s, acc=0.319, device=mps, eta=1m50s, loss=1.9463, sps=45.6]
BC[stage1_datasets_L40_stepsweep/bc_baseline_none_steps20000_tr0]:  75%|███████▌  | 15072/20000 [05:30<01:32, 53.07it/s, acc=0.319, device=mps, eta=1m50s, loss=1.9463, sps=45.6]
BC[stage1_datasets_L40_stepsweep/bc_baseline_none_steps20000_tr0]:  75%|███████▌  | 15081/20000 [05:30<01:45, 46.79it/s, acc=0.319, device=mps, eta=1m50s, loss=1.9463, sps=45.6]
BC[stage1_datasets_L40_stepsweep/bc_baseline_none_steps20000_tr0]:  75%|███████▌  | 15087/20000 [05:30<01:43, 47.65it/s, acc=0.319, device=mps, eta=1m50s, loss=1.9463, sps=45.6]
BC[stage1_datasets_L40_stepsweep/bc_baseline_none_steps20000_tr0]:  75%|███████▌  | 15093/20000 [05:31<01:39, 49.29it/s, acc=0.319, device=mps, eta=1m50s, loss=1.9463, sps=45.6]
BC[stage1_datasets_L40_stepsweep/bc_baseline_none_steps20000_tr0]:  76%|███████▌  | 15100/20000 [05:31<01:32, 53.09it/s, acc=0.319, device=mps, eta=1m50s, loss=1.9463, sps=45.6]
BC[stage1_datasets_L40_stepsweep/bc_baseline_none_steps20000_tr0]:  76%|███████▌  | 15106/20000 [05:31<01:53, 43.15it/s, acc=0.319, device=mps, eta=1m50s, loss=1.9463, sps=45.6]
BC[stage1_datasets_L40_stepsweep/bc_baseline_none_steps20000_tr0]:  76%|███████▌  | 15112/20000 [05:31<01:44, 46.69it/s, acc=0.319, device=mps, eta=1m50s, loss=1.9463, sps=45.6]
BC[stage1_datasets_L40_stepsweep/bc_baseline_none_steps20000_tr0]:  76%|███████▌  | 15119/20000 [05:31<01:35, 50.94it/s, acc=0.319, device=mps, eta=1m50s, loss=1.9463, sps=45.6]
BC[stage1_datasets_L40_stepsweep/bc_baseline_none_steps20000_tr0]:  76%|███████▌  | 15125/20000 [05:31<01:56, 41.93it/s, acc=0.319, device=mps, eta=1m50s, loss=1.9463, sps=45.6]
BC[stage1_datasets_L40_stepsweep/bc_baseline_none_steps20000_tr0]:  76%|███████▌  | 15132/20000 [05:31<01:44, 46.65it/s, acc=0.319, device=mps, eta=1m50s, loss=1.9463, sps=45.6]
BC[stage1_datasets_L40_stepsweep/bc_baseline_none_steps20000_tr0]:  76%|███████▌  | 15139/20000 [05:31<01:35, 50.74it/s, acc=0.319, device=mps, eta=1m50s, loss=1.9463, sps=45.6]
BC[stage1_datasets_L40_stepsweep/bc_baseline_none_steps20000_tr0]:  76%|███████▌  | 15145/20000 [05:32<01:53, 42.88it/s, acc=0.319, device=mps, eta=1m50s, loss=1.9463, sps=45.6]
BC[stage1_datasets_L40_stepsweep/bc_baseline_none_steps20000_tr0]:  76%|███████▌  | 15153/20000 [05:32<01:36, 50.21it/s, acc=0.319, device=mps, eta=1m50s, loss=1.9463, sps=45.6]
BC[stage1_datasets_L40_stepsweep/bc_baseline_none_steps20000_tr0]:  76%|███████▌  | 15161/20000 [05:32<01:49, 44.22it/s, acc=0.319, device=mps, eta=1m50s, loss=1.9463, sps=45.6]
BC[stage1_datasets_L40_stepsweep/bc_baseline_none_steps20000_tr0]:  76%|███████▌  | 15169/20000 [05:32<01:34, 50.98it/s, acc=0.319, device=mps, eta=1m50s, loss=1.9463, sps=45.6]
BC[stage1_datasets_L40_stepsweep/bc_baseline_none_steps20000_tr0]:  76%|███████▌  | 15177/20000 [05:32<01:25, 56.64it/s, acc=0.319, device=mps, eta=1m50s, loss=1.9463, sps=45.6]
BC[stage1_datasets_L40_stepsweep/bc_baseline_none_steps20000_tr0]:  76%|███████▌  | 15184/20000 [05:32<01:40, 47.79it/s, acc=0.319, device=mps, eta=1m50s, loss=1.9463, sps=45.6]
BC[stage1_datasets_L40_stepsweep/bc_baseline_none_steps20000_tr0]:  76%|███████▌  | 15191/20000 [05:33<01:33, 51.19it/s, acc=0.319, device=mps, eta=1m50s, loss=1.9463, sps=45.6]
BC[stage1_datasets_L40_stepsweep/bc_baseline_none_steps20000_tr0]:  76%|███████▌  | 15197/20000 [05:33<01:30, 53.04it/s, acc=0.319, device=mps, eta=1m50s, loss=1.9463, sps=45.6]
BC[stage1_datasets_L40_stepsweep/bc_baseline_none_steps20000_tr0]:  76%|███████▌  | 15197/20000 [05:33<01:30, 53.04it/s, acc=0.313, device=mps, eta=1m45s, loss=1.9589, sps=45.6]
BC[stage1_datasets_L40_stepsweep/bc_baseline_none_steps20000_tr0]:  76%|███████▌  | 15203/20000 [05:33<01:52, 42.74it/s, acc=0.313, device=mps, eta=1m45s, loss=1.9589, sps=45.6]
BC[stage1_datasets_L40_stepsweep/bc_baseline_none_steps20000_tr0]:  76%|███████▌  | 15209/20000 [05:33<01:44, 45.93it/s, acc=0.313, device=mps, eta=1m45s, loss=1.9589, sps=45.6]
BC[stage1_datasets_L40_stepsweep/bc_baseline_none_steps20000_tr0]:  76%|███████▌  | 15216/20000 [05:33<01:35, 50.10it/s, acc=0.313, device=mps, eta=1m45s, loss=1.9589, sps=45.6]
BC[stage1_datasets_L40_stepsweep/bc_baseline_none_steps20000_tr0]:  76%|███████▌  | 15222/20000 [05:33<01:53, 42.00it/s, acc=0.313, device=mps, eta=1m45s, loss=1.9589, sps=45.6]
BC[stage1_datasets_L40_stepsweep/bc_baseline_none_steps20000_tr0]:  76%|███████▌  | 15230/20000 [05:33<01:36, 49.61it/s, acc=0.313, device=mps, eta=1m45s, loss=1.9589, sps=45.6]
BC[stage1_datasets_L40_stepsweep/bc_baseline_none_steps20000_tr0]:  76%|███████▌  | 15238/20000 [05:33<01:25, 55.61it/s, acc=0.313, device=mps, eta=1m45s, loss=1.9589, sps=45.6]
BC[stage1_datasets_L40_stepsweep/bc_baseline_none_steps20000_tr0]:  76%|███████▌  | 15245/20000 [05:34<01:42, 46.52it/s, acc=0.313, device=mps, eta=1m45s, loss=1.9589, sps=45.6]
BC[stage1_datasets_L40_stepsweep/bc_baseline_none_steps20000_tr0]:  76%|███████▋  | 15251/20000 [05:34<01:36, 49.00it/s, acc=0.313, device=mps, eta=1m45s, loss=1.9589, sps=45.6]
BC[stage1_datasets_L40_stepsweep/bc_baseline_none_steps20000_tr0]:  76%|███████▋  | 15257/20000 [05:34<01:32, 51.15it/s, acc=0.313, device=mps, eta=1m45s, loss=1.9589, sps=45.6]
BC[stage1_datasets_L40_stepsweep/bc_baseline_none_steps20000_tr0]:  76%|███████▋  | 15263/20000 [05:34<01:52, 42.02it/s, acc=0.313, device=mps, eta=1m45s, loss=1.9589, sps=45.6]
BC[stage1_datasets_L40_stepsweep/bc_baseline_none_steps20000_tr0]:  76%|███████▋  | 15269/20000 [05:34<01:45, 44.88it/s, acc=0.313, device=mps, eta=1m45s, loss=1.9589, sps=45.6]
BC[stage1_datasets_L40_stepsweep/bc_baseline_none_steps20000_tr0]:  76%|███████▋  | 15275/20000 [05:34<01:39, 47.35it/s, acc=0.313, device=mps, eta=1m45s, loss=1.9589, sps=45.6]
BC[stage1_datasets_L40_stepsweep/bc_baseline_none_steps20000_tr0]:  76%|███████▋  | 15281/20000 [05:35<02:00, 39.03it/s, acc=0.313, device=mps, eta=1m45s, loss=1.9589, sps=45.6]
BC[stage1_datasets_L40_stepsweep/bc_baseline_none_steps20000_tr0]:  76%|███████▋  | 15288/20000 [05:35<01:46, 44.09it/s, acc=0.313, device=mps, eta=1m45s, loss=1.9589, sps=45.6]
BC[stage1_datasets_L40_stepsweep/bc_baseline_none_steps20000_tr0]:  76%|███████▋  | 15295/20000 [05:35<01:36, 48.69it/s, acc=0.313, device=mps, eta=1m45s, loss=1.9589, sps=45.6]
BC[stage1_datasets_L40_stepsweep/bc_baseline_none_steps20000_tr0]:  77%|███████▋  | 15301/20000 [05:35<01:54, 40.94it/s, acc=0.313, device=mps, eta=1m45s, loss=1.9589, sps=45.6]
BC[stage1_datasets_L40_stepsweep/bc_baseline_none_steps20000_tr0]:  77%|███████▋  | 15307/20000 [05:35<01:44, 44.95it/s, acc=0.313, device=mps, eta=1m45s, loss=1.9589, sps=45.6]
BC[stage1_datasets_L40_stepsweep/bc_baseline_none_steps20000_tr0]:  77%|███████▋  | 15313/20000 [05:35<01:38, 47.70it/s, acc=0.313, device=mps, eta=1m45s, loss=1.9589, sps=45.6]
BC[stage1_datasets_L40_stepsweep/bc_baseline_none_steps20000_tr0]:  77%|███████▋  | 15320/20000 [05:35<01:28, 52.74it/s, acc=0.313, device=mps, eta=1m45s, loss=1.9589, sps=45.6]
BC[stage1_datasets_L40_stepsweep/bc_baseline_none_steps20000_tr0]:  77%|███████▋  | 15326/20000 [05:35<01:47, 43.42it/s, acc=0.313, device=mps, eta=1m45s, loss=1.9589, sps=45.6]
BC[stage1_datasets_L40_stepsweep/bc_baseline_none_steps20000_tr0]:  77%|███████▋  | 15334/20000 [05:36<01:32, 50.68it/s, acc=0.313, device=mps, eta=1m45s, loss=1.9589, sps=45.6]
BC[stage1_datasets_L40_stepsweep/bc_baseline_none_steps20000_tr0]:  77%|███████▋  | 15341/20000 [05:36<01:44, 44.51it/s, acc=0.313, device=mps, eta=1m45s, loss=1.9589, sps=45.6]
BC[stage1_datasets_L40_stepsweep/bc_baseline_none_steps20000_tr0]:  77%|███████▋  | 15349/20000 [05:36<01:30, 51.48it/s, acc=0.313, device=mps, eta=1m45s, loss=1.9589, sps=45.6]
BC[stage1_datasets_L40_stepsweep/bc_baseline_none_steps20000_tr0]:  77%|███████▋  | 15357/20000 [05:36<01:21, 57.01it/s, acc=0.313, device=mps, eta=1m45s, loss=1.9589, sps=45.6]
BC[stage1_datasets_L40_stepsweep/bc_baseline_none_steps20000_tr0]:  77%|███████▋  | 15364/20000 [05:36<01:37, 47.73it/s, acc=0.313, device=mps, eta=1m45s, loss=1.9589, sps=45.6]
BC[stage1_datasets_L40_stepsweep/bc_baseline_none_steps20000_tr0]:  77%|███████▋  | 15372/20000 [05:36<01:25, 53.88it/s, acc=0.313, device=mps, eta=1m45s, loss=1.9589, sps=45.6]
BC[stage1_datasets_L40_stepsweep/bc_baseline_none_steps20000_tr0]:  77%|███████▋  | 15380/20000 [05:36<01:17, 59.38it/s, acc=0.313, device=mps, eta=1m45s, loss=1.9589, sps=45.6]
BC[stage1_datasets_L40_stepsweep/bc_baseline_none_steps20000_tr0]:  77%|███████▋  | 15387/20000 [05:37<01:37, 47.17it/s, acc=0.313, device=mps, eta=1m45s, loss=1.9589, sps=45.6]
BC[stage1_datasets_L40_stepsweep/bc_baseline_none_steps20000_tr0]:  77%|███████▋  | 15393/20000 [05:37<01:32, 49.78it/s, acc=0.313, device=mps, eta=1m45s, loss=1.9589, sps=45.6]
BC[stage1_datasets_L40_stepsweep/bc_baseline_none_steps20000_tr0]:  77%|███████▋  | 15399/20000 [05:37<01:28, 52.07it/s, acc=0.313, device=mps, eta=1m45s, loss=1.9589, sps=45.6]
BC[stage1_datasets_L40_stepsweep/bc_baseline_none_steps20000_tr0]:  77%|███████▋  | 15399/20000 [05:37<01:28, 52.07it/s, acc=0.319, device=mps, eta=1m41s, loss=1.9484, sps=45.6]
BC[stage1_datasets_L40_stepsweep/bc_baseline_none_steps20000_tr0]:  77%|███████▋  | 15405/20000 [05:37<01:50, 41.66it/s, acc=0.319, device=mps, eta=1m41s, loss=1.9484, sps=45.6]
BC[stage1_datasets_L40_stepsweep/bc_baseline_none_steps20000_tr0]:  77%|███████▋  | 15410/20000 [05:37<01:45, 43.42it/s, acc=0.319, device=mps, eta=1m41s, loss=1.9484, sps=45.6]
BC[stage1_datasets_L40_stepsweep/bc_baseline_none_steps20000_tr0]:  77%|███████▋  | 15416/20000 [05:37<01:38, 46.31it/s, acc=0.319, device=mps, eta=1m41s, loss=1.9484, sps=45.6]
BC[stage1_datasets_L40_stepsweep/bc_baseline_none_steps20000_tr0]:  77%|███████▋  | 15422/20000 [05:38<01:59, 38.46it/s, acc=0.319, device=mps, eta=1m41s, loss=1.9484, sps=45.6]
BC[stage1_datasets_L40_stepsweep/bc_baseline_none_steps20000_tr0]:  77%|███████▋  | 15428/20000 [05:38<01:47, 42.55it/s, acc=0.319, device=mps, eta=1m41s, loss=1.9484, sps=45.6]
BC[stage1_datasets_L40_stepsweep/bc_baseline_none_steps20000_tr0]:  77%|███████▋  | 15434/20000 [05:38<01:38, 46.59it/s, acc=0.319, device=mps, eta=1m41s, loss=1.9484, sps=45.6]
BC[stage1_datasets_L40_stepsweep/bc_baseline_none_steps20000_tr0]:  77%|███████▋  | 15441/20000 [05:38<01:52, 40.56it/s, acc=0.319, device=mps, eta=1m41s, loss=1.9484, sps=45.6]
BC[stage1_datasets_L40_stepsweep/bc_baseline_none_steps20000_tr0]:  77%|███████▋  | 15449/20000 [05:38<01:34, 48.41it/s, acc=0.319, device=mps, eta=1m41s, loss=1.9484, sps=45.6]
BC[stage1_datasets_L40_stepsweep/bc_baseline_none_steps20000_tr0]:  77%|███████▋  | 15457/20000 [05:38<01:21, 55.65it/s, acc=0.319, device=mps, eta=1m41s, loss=1.9484, sps=45.6]
BC[stage1_datasets_L40_stepsweep/bc_baseline_none_steps20000_tr0]:  77%|███████▋  | 15464/20000 [05:38<01:35, 47.52it/s, acc=0.319, device=mps, eta=1m41s, loss=1.9484, sps=45.6]
BC[stage1_datasets_L40_stepsweep/bc_baseline_none_steps20000_tr0]:  77%|███████▋  | 15472/20000 [05:38<01:24, 53.86it/s, acc=0.319, device=mps, eta=1m41s, loss=1.9484, sps=45.6]
BC[stage1_datasets_L40_stepsweep/bc_baseline_none_steps20000_tr0]:  77%|███████▋  | 15480/20000 [05:39<01:15, 59.57it/s, acc=0.319, device=mps, eta=1m41s, loss=1.9484, sps=45.6]
BC[stage1_datasets_L40_stepsweep/bc_baseline_none_steps20000_tr0]:  77%|███████▋  | 15487/20000 [05:39<01:34, 47.56it/s, acc=0.319, device=mps, eta=1m41s, loss=1.9484, sps=45.6]
BC[stage1_datasets_L40_stepsweep/bc_baseline_none_steps20000_tr0]:  77%|███████▋  | 15493/20000 [05:39<01:30, 49.87it/s, acc=0.319, device=mps, eta=1m41s, loss=1.9484, sps=45.6]
BC[stage1_datasets_L40_stepsweep/bc_baseline_none_steps20000_tr0]:  78%|███████▊  | 15500/20000 [05:39<01:23, 53.88it/s, acc=0.319, device=mps, eta=1m41s, loss=1.9484, sps=45.6]
BC[stage1_datasets_L40_stepsweep/bc_baseline_none_steps20000_tr0]:  78%|███████▊  | 15506/20000 [05:39<01:44, 43.18it/s, acc=0.319, device=mps, eta=1m41s, loss=1.9484, sps=45.6]
BC[stage1_datasets_L40_stepsweep/bc_baseline_none_steps20000_tr0]:  78%|███████▊  | 15513/20000 [05:39<01:33, 47.92it/s, acc=0.319, device=mps, eta=1m41s, loss=1.9484, sps=45.6]
BC[stage1_datasets_L40_stepsweep/bc_baseline_none_steps20000_tr0]:  78%|███████▊  | 15520/20000 [05:39<01:24, 53.03it/s, acc=0.319, device=mps, eta=1m41s, loss=1.9484, sps=45.6]
BC[stage1_datasets_L40_stepsweep/bc_baseline_none_steps20000_tr0]:  78%|███████▊  | 15526/20000 [05:40<01:40, 44.35it/s, acc=0.319, device=mps, eta=1m41s, loss=1.9484, sps=45.6]
BC[stage1_datasets_L40_stepsweep/bc_baseline_none_steps20000_tr0]:  78%|███████▊  | 15534/20000 [05:40<01:26, 51.50it/s, acc=0.319, device=mps, eta=1m41s, loss=1.9484, sps=45.6]
BC[stage1_datasets_L40_stepsweep/bc_baseline_none_steps20000_tr0]:  78%|███████▊  | 15541/20000 [05:40<01:40, 44.41it/s, acc=0.319, device=mps, eta=1m41s, loss=1.9484, sps=45.6]
BC[stage1_datasets_L40_stepsweep/bc_baseline_none_steps20000_tr0]:  78%|███████▊  | 15549/20000 [05:40<01:26, 51.46it/s, acc=0.319, device=mps, eta=1m41s, loss=1.9484, sps=45.6]
BC[stage1_datasets_L40_stepsweep/bc_baseline_none_steps20000_tr0]:  78%|███████▊  | 15557/20000 [05:40<01:17, 57.11it/s, acc=0.319, device=mps, eta=1m41s, loss=1.9484, sps=45.6]
BC[stage1_datasets_L40_stepsweep/bc_baseline_none_steps20000_tr0]:  78%|███████▊  | 15564/20000 [05:40<01:33, 47.56it/s, acc=0.319, device=mps, eta=1m41s, loss=1.9484, sps=45.6]
BC[stage1_datasets_L40_stepsweep/bc_baseline_none_steps20000_tr0]:  78%|███████▊  | 15572/20000 [05:40<01:22, 53.88it/s, acc=0.319, device=mps, eta=1m41s, loss=1.9484, sps=45.6]
BC[stage1_datasets_L40_stepsweep/bc_baseline_none_steps20000_tr0]:  78%|███████▊  | 15580/20000 [05:41<01:13, 59.78it/s, acc=0.319, device=mps, eta=1m41s, loss=1.9484, sps=45.6]
BC[stage1_datasets_L40_stepsweep/bc_baseline_none_steps20000_tr0]:  78%|███████▊  | 15587/20000 [05:41<01:30, 48.65it/s, acc=0.319, device=mps, eta=1m41s, loss=1.9484, sps=45.6]
BC[stage1_datasets_L40_stepsweep/bc_baseline_none_steps20000_tr0]:  78%|███████▊  | 15594/20000 [05:41<01:23, 52.55it/s, acc=0.319, device=mps, eta=1m41s, loss=1.9484, sps=45.6]
BC[stage1_datasets_L40_stepsweep/bc_baseline_none_steps20000_tr0]:  78%|███████▊  | 15594/20000 [05:41<01:23, 52.55it/s, acc=0.314, device=mps, eta=1m36s, loss=1.9524, sps=45.7]
BC[stage1_datasets_L40_stepsweep/bc_baseline_none_steps20000_tr0]:  78%|███████▊  | 15601/20000 [05:41<01:38, 44.83it/s, acc=0.314, device=mps, eta=1m36s, loss=1.9524, sps=45.7]
BC[stage1_datasets_L40_stepsweep/bc_baseline_none_steps20000_tr0]:  78%|███████▊  | 15608/20000 [05:41<01:30, 48.42it/s, acc=0.314, device=mps, eta=1m36s, loss=1.9524, sps=45.7]
BC[stage1_datasets_L40_stepsweep/bc_baseline_none_steps20000_tr0]:  78%|███████▊  | 15615/20000 [05:41<01:24, 51.91it/s, acc=0.314, device=mps, eta=1m36s, loss=1.9524, sps=45.7]
BC[stage1_datasets_L40_stepsweep/bc_baseline_none_steps20000_tr0]:  78%|███████▊  | 15621/20000 [05:42<01:42, 42.70it/s, acc=0.314, device=mps, eta=1m36s, loss=1.9524, sps=45.7]
BC[stage1_datasets_L40_stepsweep/bc_baseline_none_steps20000_tr0]:  78%|███████▊  | 15629/20000 [05:42<01:28, 49.12it/s, acc=0.314, device=mps, eta=1m36s, loss=1.9524, sps=45.7]
BC[stage1_datasets_L40_stepsweep/bc_baseline_none_steps20000_tr0]:  78%|███████▊  | 15635/20000 [05:42<01:25, 50.78it/s, acc=0.314, device=mps, eta=1m36s, loss=1.9524, sps=45.7]
BC[stage1_datasets_L40_stepsweep/bc_baseline_none_steps20000_tr0]:  78%|███████▊  | 15641/20000 [05:42<01:44, 41.62it/s, acc=0.314, device=mps, eta=1m36s, loss=1.9524, sps=45.7]
BC[stage1_datasets_L40_stepsweep/bc_baseline_none_steps20000_tr0]:  78%|███████▊  | 15649/20000 [05:42<01:29, 48.45it/s, acc=0.314, device=mps, eta=1m36s, loss=1.9524, sps=45.7]
BC[stage1_datasets_L40_stepsweep/bc_baseline_none_steps20000_tr0]:  78%|███████▊  | 15655/20000 [05:42<01:27, 49.45it/s, acc=0.314, device=mps, eta=1m36s, loss=1.9524, sps=45.7]
BC[stage1_datasets_L40_stepsweep/bc_baseline_none_steps20000_tr0]:  78%|███████▊  | 15661/20000 [05:42<01:47, 40.42it/s, acc=0.314, device=mps, eta=1m36s, loss=1.9524, sps=45.7]
BC[stage1_datasets_L40_stepsweep/bc_baseline_none_steps20000_tr0]:  78%|███████▊  | 15667/20000 [05:43<01:38, 43.79it/s, acc=0.314, device=mps, eta=1m36s, loss=1.9524, sps=45.7]
BC[stage1_datasets_L40_stepsweep/bc_baseline_none_steps20000_tr0]:  78%|███████▊  | 15674/20000 [05:43<01:29, 48.36it/s, acc=0.314, device=mps, eta=1m36s, loss=1.9524, sps=45.7]
BC[stage1_datasets_L40_stepsweep/bc_baseline_none_steps20000_tr0]:  78%|███████▊  | 15681/20000 [05:43<01:42, 41.96it/s, acc=0.314, device=mps, eta=1m36s, loss=1.9524, sps=45.7]
BC[stage1_datasets_L40_stepsweep/bc_baseline_none_steps20000_tr0]:  78%|███████▊  | 15689/20000 [05:43<01:27, 49.41it/s, acc=0.314, device=mps, eta=1m36s, loss=1.9524, sps=45.7]
BC[stage1_datasets_L40_stepsweep/bc_baseline_none_steps20000_tr0]:  78%|███████▊  | 15697/20000 [05:43<01:17, 55.47it/s, acc=0.314, device=mps, eta=1m36s, loss=1.9524, sps=45.7]
BC[stage1_datasets_L40_stepsweep/bc_baseline_none_steps20000_tr0]:  79%|███████▊  | 15704/20000 [05:43<01:32, 46.59it/s, acc=0.314, device=mps, eta=1m36s, loss=1.9524, sps=45.7]
BC[stage1_datasets_L40_stepsweep/bc_baseline_none_steps20000_tr0]:  79%|███████▊  | 15712/20000 [05:43<01:20, 53.24it/s, acc=0.314, device=mps, eta=1m36s, loss=1.9524, sps=45.7]
BC[stage1_datasets_L40_stepsweep/bc_baseline_none_steps20000_tr0]:  79%|███████▊  | 15721/20000 [05:44<01:29, 47.75it/s, acc=0.314, device=mps, eta=1m36s, loss=1.9524, sps=45.7]
BC[stage1_datasets_L40_stepsweep/bc_baseline_none_steps20000_tr0]:  79%|███████▊  | 15729/20000 [05:44<01:19, 53.74it/s, acc=0.314, device=mps, eta=1m36s, loss=1.9524, sps=45.7]
BC[stage1_datasets_L40_stepsweep/bc_baseline_none_steps20000_tr0]:  79%|███████▊  | 15737/20000 [05:44<01:12, 58.82it/s, acc=0.314, device=mps, eta=1m36s, loss=1.9524, sps=45.7]
BC[stage1_datasets_L40_stepsweep/bc_baseline_none_steps20000_tr0]:  79%|███████▊  | 15744/20000 [05:44<01:26, 48.96it/s, acc=0.314, device=mps, eta=1m36s, loss=1.9524, sps=45.7]
BC[stage1_datasets_L40_stepsweep/bc_baseline_none_steps20000_tr0]:  79%|███████▉  | 15751/20000 [05:44<01:21, 52.31it/s, acc=0.314, device=mps, eta=1m36s, loss=1.9524, sps=45.7]
BC[stage1_datasets_L40_stepsweep/bc_baseline_none_steps20000_tr0]:  79%|███████▉  | 15758/20000 [05:44<01:15, 56.34it/s, acc=0.314, device=mps, eta=1m36s, loss=1.9524, sps=45.7]
BC[stage1_datasets_L40_stepsweep/bc_baseline_none_steps20000_tr0]:  79%|███████▉  | 15765/20000 [05:44<01:30, 46.54it/s, acc=0.314, device=mps, eta=1m36s, loss=1.9524, sps=45.7]
BC[stage1_datasets_L40_stepsweep/bc_baseline_none_steps20000_tr0]:  79%|███████▉  | 15771/20000 [05:45<01:26, 49.04it/s, acc=0.314, device=mps, eta=1m36s, loss=1.9524, sps=45.7]
BC[stage1_datasets_L40_stepsweep/bc_baseline_none_steps20000_tr0]:  79%|███████▉  | 15777/20000 [05:45<01:23, 50.60it/s, acc=0.314, device=mps, eta=1m36s, loss=1.9524, sps=45.7]
BC[stage1_datasets_L40_stepsweep/bc_baseline_none_steps20000_tr0]:  79%|███████▉  | 15783/20000 [05:45<01:42, 41.17it/s, acc=0.314, device=mps, eta=1m36s, loss=1.9524, sps=45.7]
BC[stage1_datasets_L40_stepsweep/bc_baseline_none_steps20000_tr0]:  79%|███████▉  | 15789/20000 [05:45<01:35, 44.11it/s, acc=0.314, device=mps, eta=1m36s, loss=1.9524, sps=45.7]
BC[stage1_datasets_L40_stepsweep/bc_baseline_none_steps20000_tr0]:  79%|███████▉  | 15795/20000 [05:45<01:29, 46.86it/s, acc=0.314, device=mps, eta=1m36s, loss=1.9524, sps=45.7]
BC[stage1_datasets_L40_stepsweep/bc_baseline_none_steps20000_tr0]:  79%|███████▉  | 15795/20000 [05:45<01:29, 46.86it/s, acc=0.319, device=mps, eta=1m32s, loss=1.9510, sps=45.7]
BC[stage1_datasets_L40_stepsweep/bc_baseline_none_steps20000_tr0]:  79%|███████▉  | 15801/20000 [05:45<01:44, 40.29it/s, acc=0.319, device=mps, eta=1m32s, loss=1.9510, sps=45.7]
BC[stage1_datasets_L40_stepsweep/bc_baseline_none_steps20000_tr0]:  79%|███████▉  | 15808/20000 [05:45<01:31, 45.73it/s, acc=0.319, device=mps, eta=1m32s, loss=1.9510, sps=45.7]
BC[stage1_datasets_L40_stepsweep/bc_baseline_none_steps20000_tr0]:  79%|███████▉  | 15815/20000 [05:46<01:23, 50.08it/s, acc=0.319, device=mps, eta=1m32s, loss=1.9510, sps=45.7]
BC[stage1_datasets_L40_stepsweep/bc_baseline_none_steps20000_tr0]:  79%|███████▉  | 15821/20000 [05:46<01:39, 41.92it/s, acc=0.319, device=mps, eta=1m32s, loss=1.9510, sps=45.7]
BC[stage1_datasets_L40_stepsweep/bc_baseline_none_steps20000_tr0]:  79%|███████▉  | 15829/20000 [05:46<01:24, 49.57it/s, acc=0.319, device=mps, eta=1m32s, loss=1.9510, sps=45.7]
BC[stage1_datasets_L40_stepsweep/bc_baseline_none_steps20000_tr0]:  79%|███████▉  | 15838/20000 [05:46<01:12, 57.49it/s, acc=0.319, device=mps, eta=1m32s, loss=1.9510, sps=45.7]
BC[stage1_datasets_L40_stepsweep/bc_baseline_none_steps20000_tr0]:  79%|███████▉  | 15845/20000 [05:46<01:25, 48.58it/s, acc=0.319, device=mps, eta=1m32s, loss=1.9510, sps=45.7]
BC[stage1_datasets_L40_stepsweep/bc_baseline_none_steps20000_tr0]:  79%|███████▉  | 15853/20000 [05:46<01:15, 54.78it/s, acc=0.319, device=mps, eta=1m32s, loss=1.9510, sps=45.7]
BC[stage1_datasets_L40_stepsweep/bc_baseline_none_steps20000_tr0]:  79%|███████▉  | 15861/20000 [05:46<01:27, 47.07it/s, acc=0.319, device=mps, eta=1m32s, loss=1.9510, sps=45.7]
BC[stage1_datasets_L40_stepsweep/bc_baseline_none_steps20000_tr0]:  79%|███████▉  | 15869/20000 [05:47<01:17, 53.28it/s, acc=0.319, device=mps, eta=1m32s, loss=1.9510, sps=45.7]
BC[stage1_datasets_L40_stepsweep/bc_baseline_none_steps20000_tr0]:  79%|███████▉  | 15877/20000 [05:47<01:10, 58.89it/s, acc=0.319, device=mps, eta=1m32s, loss=1.9510, sps=45.7]
BC[stage1_datasets_L40_stepsweep/bc_baseline_none_steps20000_tr0]:  79%|███████▉  | 15884/20000 [05:47<01:25, 47.99it/s, acc=0.319, device=mps, eta=1m32s, loss=1.9510, sps=45.7]
BC[stage1_datasets_L40_stepsweep/bc_baseline_none_steps20000_tr0]:  79%|███████▉  | 15890/20000 [05:47<01:22, 49.87it/s, acc=0.319, device=mps, eta=1m32s, loss=1.9510, sps=45.7]
BC[stage1_datasets_L40_stepsweep/bc_baseline_none_steps20000_tr0]:  79%|███████▉  | 15897/20000 [05:47<01:16, 53.86it/s, acc=0.319, device=mps, eta=1m32s, loss=1.9510, sps=45.7]
BC[stage1_datasets_L40_stepsweep/bc_baseline_none_steps20000_tr0]:  80%|███████▉  | 15903/20000 [05:47<01:29, 45.75it/s, acc=0.319, device=mps, eta=1m32s, loss=1.9510, sps=45.7]
BC[stage1_datasets_L40_stepsweep/bc_baseline_none_steps20000_tr0]:  80%|███████▉  | 15911/20000 [05:47<01:16, 53.31it/s, acc=0.319, device=mps, eta=1m32s, loss=1.9510, sps=45.7]
BC[stage1_datasets_L40_stepsweep/bc_baseline_none_steps20000_tr0]:  80%|███████▉  | 15920/20000 [05:47<01:06, 61.58it/s, acc=0.319, device=mps, eta=1m32s, loss=1.9510, sps=45.7]
BC[stage1_datasets_L40_stepsweep/bc_baseline_none_steps20000_tr0]:  80%|███████▉  | 15927/20000 [05:48<01:19, 51.16it/s, acc=0.319, device=mps, eta=1m32s, loss=1.9510, sps=45.7]
BC[stage1_datasets_L40_stepsweep/bc_baseline_none_steps20000_tr0]:  80%|███████▉  | 15935/20000 [05:48<01:10, 57.58it/s, acc=0.319, device=mps, eta=1m32s, loss=1.9510, sps=45.7]
BC[stage1_datasets_L40_stepsweep/bc_baseline_none_steps20000_tr0]:  80%|███████▉  | 15942/20000 [05:48<01:23, 48.37it/s, acc=0.319, device=mps, eta=1m32s, loss=1.9510, sps=45.7]
BC[stage1_datasets_L40_stepsweep/bc_baseline_none_steps20000_tr0]:  80%|███████▉  | 15950/20000 [05:48<01:13, 54.76it/s, acc=0.319, device=mps, eta=1m32s, loss=1.9510, sps=45.7]
BC[stage1_datasets_L40_stepsweep/bc_baseline_none_steps20000_tr0]:  80%|███████▉  | 15958/20000 [05:48<01:07, 59.99it/s, acc=0.319, device=mps, eta=1m32s, loss=1.9510, sps=45.7]
BC[stage1_datasets_L40_stepsweep/bc_baseline_none_steps20000_tr0]:  80%|███████▉  | 15965/20000 [05:48<01:21, 49.60it/s, acc=0.319, device=mps, eta=1m32s, loss=1.9510, sps=45.7]
BC[stage1_datasets_L40_stepsweep/bc_baseline_none_steps20000_tr0]:  80%|███████▉  | 15972/20000 [05:49<01:16, 52.91it/s, acc=0.319, device=mps, eta=1m32s, loss=1.9510, sps=45.7]
BC[stage1_datasets_L40_stepsweep/bc_baseline_none_steps20000_tr0]:  80%|███████▉  | 15979/20000 [05:49<01:12, 55.48it/s, acc=0.319, device=mps, eta=1m32s, loss=1.9510, sps=45.7]
BC[stage1_datasets_L40_stepsweep/bc_baseline_none_steps20000_tr0]:  80%|███████▉  | 15985/20000 [05:49<01:29, 44.64it/s, acc=0.319, device=mps, eta=1m32s, loss=1.9510, sps=45.7]
BC[stage1_datasets_L40_stepsweep/bc_baseline_none_steps20000_tr0]:  80%|███████▉  | 15991/20000 [05:49<01:25, 46.76it/s, acc=0.319, device=mps, eta=1m32s, loss=1.9510, sps=45.7]
BC[stage1_datasets_L40_stepsweep/bc_baseline_none_steps20000_tr0]:  80%|███████▉  | 15998/20000 [05:49<01:19, 50.62it/s, acc=0.319, device=mps, eta=1m32s, loss=1.9510, sps=45.7]
BC[stage1_datasets_L40_stepsweep/bc_baseline_none_steps20000_tr0]:  80%|███████▉  | 15998/20000 [05:49<01:19, 50.62it/s, acc=0.318, device=mps, eta=1m27s, loss=1.9462, sps=45.8]
BC[stage1_datasets_L40_stepsweep/bc_baseline_none_steps20000_tr0]:  80%|████████  | 16004/20000 [05:49<01:33, 42.79it/s, acc=0.318, device=mps, eta=1m27s, loss=1.9462, sps=45.8]
BC[stage1_datasets_L40_stepsweep/bc_baseline_none_steps20000_tr0]:  80%|████████  | 16011/20000 [05:49<01:23, 47.49it/s, acc=0.318, device=mps, eta=1m27s, loss=1.9462, sps=45.8]
BC[stage1_datasets_L40_stepsweep/bc_baseline_none_steps20000_tr0]:  80%|████████  | 16018/20000 [05:49<01:16, 52.25it/s, acc=0.318, device=mps, eta=1m27s, loss=1.9462, sps=45.8]
BC[stage1_datasets_L40_stepsweep/bc_baseline_none_steps20000_tr0]:  80%|████████  | 16024/20000 [05:50<01:30, 43.89it/s, acc=0.318, device=mps, eta=1m27s, loss=1.9462, sps=45.8]
BC[stage1_datasets_L40_stepsweep/bc_baseline_none_steps20000_tr0]:  80%|████████  | 16031/20000 [05:50<01:19, 49.69it/s, acc=0.318, device=mps, eta=1m27s, loss=1.9462, sps=45.8]
BC[stage1_datasets_L40_stepsweep/bc_baseline_none_steps20000_tr0]:  80%|████████  | 16039/20000 [05:50<01:11, 55.76it/s, acc=0.318, device=mps, eta=1m27s, loss=1.9462, sps=45.8]
BC[stage1_datasets_L40_stepsweep/bc_baseline_none_steps20000_tr0]:  80%|████████  | 16046/20000 [05:50<01:25, 46.35it/s, acc=0.318, device=mps, eta=1m27s, loss=1.9462, sps=45.8]
BC[stage1_datasets_L40_stepsweep/bc_baseline_none_steps20000_tr0]:  80%|████████  | 16053/20000 [05:50<01:18, 50.05it/s, acc=0.318, device=mps, eta=1m27s, loss=1.9462, sps=45.8]
BC[stage1_datasets_L40_stepsweep/bc_baseline_none_steps20000_tr0]:  80%|████████  | 16059/20000 [05:50<01:15, 52.22it/s, acc=0.318, device=mps, eta=1m27s, loss=1.9462, sps=45.8]
BC[stage1_datasets_L40_stepsweep/bc_baseline_none_steps20000_tr0]:  80%|████████  | 16065/20000 [05:51<01:32, 42.67it/s, acc=0.318, device=mps, eta=1m27s, loss=1.9462, sps=45.8]
BC[stage1_datasets_L40_stepsweep/bc_baseline_none_steps20000_tr0]:  80%|████████  | 16071/20000 [05:51<01:26, 45.49it/s, acc=0.318, device=mps, eta=1m27s, loss=1.9462, sps=45.8]
BC[stage1_datasets_L40_stepsweep/bc_baseline_none_steps20000_tr0]:  80%|████████  | 16077/20000 [05:51<01:20, 48.53it/s, acc=0.318, device=mps, eta=1m27s, loss=1.9462, sps=45.8]
BC[stage1_datasets_L40_stepsweep/bc_baseline_none_steps20000_tr0]:  80%|████████  | 16083/20000 [05:51<01:35, 41.10it/s, acc=0.318, device=mps, eta=1m27s, loss=1.9462, sps=45.8]
BC[stage1_datasets_L40_stepsweep/bc_baseline_none_steps20000_tr0]:  80%|████████  | 16091/20000 [05:51<01:19, 49.06it/s, acc=0.318, device=mps, eta=1m27s, loss=1.9462, sps=45.8]
BC[stage1_datasets_L40_stepsweep/bc_baseline_none_steps20000_tr0]:  80%|████████  | 16099/20000 [05:51<01:10, 55.42it/s, acc=0.318, device=mps, eta=1m27s, loss=1.9462, sps=45.8]
BC[stage1_datasets_L40_stepsweep/bc_baseline_none_steps20000_tr0]:  81%|████████  | 16106/20000 [05:51<01:23, 46.50it/s, acc=0.318, device=mps, eta=1m27s, loss=1.9462, sps=45.8]
BC[stage1_datasets_L40_stepsweep/bc_baseline_none_steps20000_tr0]:  81%|████████  | 16113/20000 [05:51<01:17, 50.33it/s, acc=0.318, device=mps, eta=1m27s, loss=1.9462, sps=45.8]
BC[stage1_datasets_L40_stepsweep/bc_baseline_none_steps20000_tr0]:  81%|████████  | 16120/20000 [05:52<01:12, 53.76it/s, acc=0.318, device=mps, eta=1m27s, loss=1.9462, sps=45.8]
BC[stage1_datasets_L40_stepsweep/bc_baseline_none_steps20000_tr0]:  81%|████████  | 16126/20000 [05:52<01:31, 42.33it/s, acc=0.318, device=mps, eta=1m27s, loss=1.9462, sps=45.8]
BC[stage1_datasets_L40_stepsweep/bc_baseline_none_steps20000_tr0]:  81%|████████  | 16131/20000 [05:52<01:28, 43.52it/s, acc=0.318, device=mps, eta=1m27s, loss=1.9462, sps=45.8]
BC[stage1_datasets_L40_stepsweep/bc_baseline_none_steps20000_tr0]:  81%|████████  | 16137/20000 [05:52<01:22, 46.55it/s, acc=0.318, device=mps, eta=1m27s, loss=1.9462, sps=45.8]
BC[stage1_datasets_L40_stepsweep/bc_baseline_none_steps20000_tr0]:  81%|████████  | 16143/20000 [05:52<01:37, 39.71it/s, acc=0.318, device=mps, eta=1m27s, loss=1.9462, sps=45.8]
BC[stage1_datasets_L40_stepsweep/bc_baseline_none_steps20000_tr0]:  81%|████████  | 16151/20000 [05:52<01:20, 47.73it/s, acc=0.318, device=mps, eta=1m27s, loss=1.9462, sps=45.8]
BC[stage1_datasets_L40_stepsweep/bc_baseline_none_steps20000_tr0]:  81%|████████  | 16159/20000 [05:52<01:10, 54.12it/s, acc=0.318, device=mps, eta=1m27s, loss=1.9462, sps=45.8]
BC[stage1_datasets_L40_stepsweep/bc_baseline_none_steps20000_tr0]:  81%|████████  | 16165/20000 [05:53<01:25, 45.05it/s, acc=0.318, device=mps, eta=1m27s, loss=1.9462, sps=45.8]
BC[stage1_datasets_L40_stepsweep/bc_baseline_none_steps20000_tr0]:  81%|████████  | 16172/20000 [05:53<01:17, 49.27it/s, acc=0.318, device=mps, eta=1m27s, loss=1.9462, sps=45.8]
BC[stage1_datasets_L40_stepsweep/bc_baseline_none_steps20000_tr0]:  81%|████████  | 16179/20000 [05:53<01:12, 52.41it/s, acc=0.318, device=mps, eta=1m27s, loss=1.9462, sps=45.8]
BC[stage1_datasets_L40_stepsweep/bc_baseline_none_steps20000_tr0]:  81%|████████  | 16185/20000 [05:53<01:27, 43.54it/s, acc=0.318, device=mps, eta=1m27s, loss=1.9462, sps=45.8]
BC[stage1_datasets_L40_stepsweep/bc_baseline_none_steps20000_tr0]:  81%|████████  | 16193/20000 [05:53<01:15, 50.72it/s, acc=0.318, device=mps, eta=1m27s, loss=1.9462, sps=45.8]
BC[stage1_datasets_L40_stepsweep/bc_baseline_none_steps20000_tr0]:  81%|████████  | 16193/20000 [05:53<01:15, 50.72it/s, acc=0.316, device=mps, eta=1m23s, loss=1.9491, sps=45.8]
BC[stage1_datasets_L40_stepsweep/bc_baseline_none_steps20000_tr0]:  81%|████████  | 16201/20000 [05:53<01:23, 45.54it/s, acc=0.316, device=mps, eta=1m23s, loss=1.9491, sps=45.8]
BC[stage1_datasets_L40_stepsweep/bc_baseline_none_steps20000_tr0]:  81%|████████  | 16208/20000 [05:53<01:16, 49.49it/s, acc=0.316, device=mps, eta=1m23s, loss=1.9491, sps=45.8]
BC[stage1_datasets_L40_stepsweep/bc_baseline_none_steps20000_tr0]:  81%|████████  | 16214/20000 [05:54<01:12, 51.87it/s, acc=0.316, device=mps, eta=1m23s, loss=1.9491, sps=45.8]
BC[stage1_datasets_L40_stepsweep/bc_baseline_none_steps20000_tr0]:  81%|████████  | 16221/20000 [05:54<01:29, 42.35it/s, acc=0.316, device=mps, eta=1m23s, loss=1.9491, sps=45.8]
BC[stage1_datasets_L40_stepsweep/bc_baseline_none_steps20000_tr0]:  81%|████████  | 16229/20000 [05:54<01:16, 49.50it/s, acc=0.316, device=mps, eta=1m23s, loss=1.9491, sps=45.8]
BC[stage1_datasets_L40_stepsweep/bc_baseline_none_steps20000_tr0]:  81%|████████  | 16237/20000 [05:54<01:06, 56.19it/s, acc=0.316, device=mps, eta=1m23s, loss=1.9491, sps=45.8]
BC[stage1_datasets_L40_stepsweep/bc_baseline_none_steps20000_tr0]:  81%|████████  | 16244/20000 [05:54<01:18, 47.83it/s, acc=0.316, device=mps, eta=1m23s, loss=1.9491, sps=45.8]
BC[stage1_datasets_L40_stepsweep/bc_baseline_none_steps20000_tr0]:  81%|████████▏ | 16252/20000 [05:54<01:08, 54.72it/s, acc=0.316, device=mps, eta=1m23s, loss=1.9491, sps=45.8]
BC[stage1_datasets_L40_stepsweep/bc_baseline_none_steps20000_tr0]:  81%|████████▏ | 16261/20000 [05:55<01:15, 49.45it/s, acc=0.316, device=mps, eta=1m23s, loss=1.9491, sps=45.8]
BC[stage1_datasets_L40_stepsweep/bc_baseline_none_steps20000_tr0]:  81%|████████▏ | 16269/20000 [05:55<01:07, 55.03it/s, acc=0.316, device=mps, eta=1m23s, loss=1.9491, sps=45.8]
BC[stage1_datasets_L40_stepsweep/bc_baseline_none_steps20000_tr0]:  81%|████████▏ | 16277/20000 [05:55<01:02, 59.75it/s, acc=0.316, device=mps, eta=1m23s, loss=1.9491, sps=45.8]
BC[stage1_datasets_L40_stepsweep/bc_baseline_none_steps20000_tr0]:  81%|████████▏ | 16284/20000 [05:55<01:14, 49.62it/s, acc=0.316, device=mps, eta=1m23s, loss=1.9491, sps=45.8]
BC[stage1_datasets_L40_stepsweep/bc_baseline_none_steps20000_tr0]:  81%|████████▏ | 16291/20000 [05:55<01:10, 52.31it/s, acc=0.316, device=mps, eta=1m23s, loss=1.9491, sps=45.8]
BC[stage1_datasets_L40_stepsweep/bc_baseline_none_steps20000_tr0]:  81%|████████▏ | 16298/20000 [05:55<01:07, 54.46it/s, acc=0.316, device=mps, eta=1m23s, loss=1.9491, sps=45.8]
BC[stage1_datasets_L40_stepsweep/bc_baseline_none_steps20000_tr0]:  82%|████████▏ | 16304/20000 [05:55<01:21, 45.09it/s, acc=0.316, device=mps, eta=1m23s, loss=1.9491, sps=45.8]
BC[stage1_datasets_L40_stepsweep/bc_baseline_none_steps20000_tr0]:  82%|████████▏ | 16312/20000 [05:55<01:10, 52.02it/s, acc=0.316, device=mps, eta=1m23s, loss=1.9491, sps=45.8]
BC[stage1_datasets_L40_stepsweep/bc_baseline_none_steps20000_tr0]:  82%|████████▏ | 16320/20000 [05:56<01:03, 58.32it/s, acc=0.316, device=mps, eta=1m23s, loss=1.9491, sps=45.8]
BC[stage1_datasets_L40_stepsweep/bc_baseline_none_steps20000_tr0]:  82%|████████▏ | 16327/20000 [05:56<01:18, 46.74it/s, acc=0.316, device=mps, eta=1m23s, loss=1.9491, sps=45.8]
BC[stage1_datasets_L40_stepsweep/bc_baseline_none_steps20000_tr0]:  82%|████████▏ | 16333/20000 [05:56<01:15, 48.74it/s, acc=0.316, device=mps, eta=1m23s, loss=1.9491, sps=45.8]
BC[stage1_datasets_L40_stepsweep/bc_baseline_none_steps20000_tr0]:  82%|████████▏ | 16340/20000 [05:56<01:09, 52.56it/s, acc=0.316, device=mps, eta=1m23s, loss=1.9491, sps=45.8]
BC[stage1_datasets_L40_stepsweep/bc_baseline_none_steps20000_tr0]:  82%|████████▏ | 16346/20000 [05:56<01:26, 42.31it/s, acc=0.316, device=mps, eta=1m23s, loss=1.9491, sps=45.8]
BC[stage1_datasets_L40_stepsweep/bc_baseline_none_steps20000_tr0]:  82%|████████▏ | 16352/20000 [05:56<01:20, 45.09it/s, acc=0.316, device=mps, eta=1m23s, loss=1.9491, sps=45.8]
BC[stage1_datasets_L40_stepsweep/bc_baseline_none_steps20000_tr0]:  82%|████████▏ | 16358/20000 [05:56<01:15, 48.28it/s, acc=0.316, device=mps, eta=1m23s, loss=1.9491, sps=45.8]
BC[stage1_datasets_L40_stepsweep/bc_baseline_none_steps20000_tr0]:  82%|████████▏ | 16364/20000 [05:57<01:29, 40.74it/s, acc=0.316, device=mps, eta=1m23s, loss=1.9491, sps=45.8]
BC[stage1_datasets_L40_stepsweep/bc_baseline_none_steps20000_tr0]:  82%|████████▏ | 16372/20000 [05:57<01:14, 48.62it/s, acc=0.316, device=mps, eta=1m23s, loss=1.9491, sps=45.8]
BC[stage1_datasets_L40_stepsweep/bc_baseline_none_steps20000_tr0]:  82%|████████▏ | 16380/20000 [05:57<01:05, 55.58it/s, acc=0.316, device=mps, eta=1m23s, loss=1.9491, sps=45.8]
BC[stage1_datasets_L40_stepsweep/bc_baseline_none_steps20000_tr0]:  82%|████████▏ | 16387/20000 [05:57<01:19, 45.51it/s, acc=0.316, device=mps, eta=1m23s, loss=1.9491, sps=45.8]
BC[stage1_datasets_L40_stepsweep/bc_baseline_none_steps20000_tr0]:  82%|████████▏ | 16393/20000 [05:57<01:15, 47.68it/s, acc=0.316, device=mps, eta=1m23s, loss=1.9491, sps=45.8]
BC[stage1_datasets_L40_stepsweep/bc_baseline_none_steps20000_tr0]:  82%|████████▏ | 16399/20000 [05:57<01:11, 50.04it/s, acc=0.316, device=mps, eta=1m23s, loss=1.9491, sps=45.8]
BC[stage1_datasets_L40_stepsweep/bc_baseline_none_steps20000_tr0]:  82%|████████▏ | 16399/20000 [05:57<01:11, 50.04it/s, acc=0.316, device=mps, eta=1m19s, loss=1.9455, sps=45.8]
BC[stage1_datasets_L40_stepsweep/bc_baseline_none_steps20000_tr0]:  82%|████████▏ | 16405/20000 [05:58<01:27, 40.91it/s, acc=0.316, device=mps, eta=1m19s, loss=1.9455, sps=45.8]
BC[stage1_datasets_L40_stepsweep/bc_baseline_none_steps20000_tr0]:  82%|████████▏ | 16411/20000 [05:58<01:22, 43.45it/s, acc=0.316, device=mps, eta=1m19s, loss=1.9455, sps=45.8]
BC[stage1_datasets_L40_stepsweep/bc_baseline_none_steps20000_tr0]:  82%|████████▏ | 16417/20000 [05:58<01:17, 46.38it/s, acc=0.316, device=mps, eta=1m19s, loss=1.9455, sps=45.8]
BC[stage1_datasets_L40_stepsweep/bc_baseline_none_steps20000_tr0]:  82%|████████▏ | 16423/20000 [05:58<01:30, 39.47it/s, acc=0.316, device=mps, eta=1m19s, loss=1.9455, sps=45.8]
BC[stage1_datasets_L40_stepsweep/bc_baseline_none_steps20000_tr0]:  82%|████████▏ | 16431/20000 [05:58<01:15, 47.43it/s, acc=0.316, device=mps, eta=1m19s, loss=1.9455, sps=45.8]
BC[stage1_datasets_L40_stepsweep/bc_baseline_none_steps20000_tr0]:  82%|████████▏ | 16439/20000 [05:58<01:06, 53.86it/s, acc=0.316, device=mps, eta=1m19s, loss=1.9455, sps=45.8]
BC[stage1_datasets_L40_stepsweep/bc_baseline_none_steps20000_tr0]:  82%|████████▏ | 16445/20000 [05:58<01:19, 44.78it/s, acc=0.316, device=mps, eta=1m19s, loss=1.9455, sps=45.8]
BC[stage1_datasets_L40_stepsweep/bc_baseline_none_steps20000_tr0]:  82%|████████▏ | 16451/20000 [05:58<01:14, 47.87it/s, acc=0.316, device=mps, eta=1m19s, loss=1.9455, sps=45.8]
BC[stage1_datasets_L40_stepsweep/bc_baseline_none_steps20000_tr0]:  82%|████████▏ | 16458/20000 [05:59<01:08, 52.01it/s, acc=0.316, device=mps, eta=1m19s, loss=1.9455, sps=45.8]
BC[stage1_datasets_L40_stepsweep/bc_baseline_none_steps20000_tr0]:  82%|████████▏ | 16464/20000 [05:59<01:21, 43.45it/s, acc=0.316, device=mps, eta=1m19s, loss=1.9455, sps=45.8]
BC[stage1_datasets_L40_stepsweep/bc_baseline_none_steps20000_tr0]:  82%|████████▏ | 16470/20000 [05:59<01:15, 46.93it/s, acc=0.316, device=mps, eta=1m19s, loss=1.9455, sps=45.8]
BC[stage1_datasets_L40_stepsweep/bc_baseline_none_steps20000_tr0]:  82%|████████▏ | 16476/20000 [05:59<01:10, 49.93it/s, acc=0.316, device=mps, eta=1m19s, loss=1.9455, sps=45.8]
BC[stage1_datasets_L40_stepsweep/bc_baseline_none_steps20000_tr0]:  82%|████████▏ | 16482/20000 [05:59<01:25, 41.10it/s, acc=0.316, device=mps, eta=1m19s, loss=1.9455, sps=45.8]
BC[stage1_datasets_L40_stepsweep/bc_baseline_none_steps20000_tr0]:  82%|████████▏ | 16490/20000 [05:59<01:10, 49.55it/s, acc=0.316, device=mps, eta=1m19s, loss=1.9455, sps=45.8]
BC[stage1_datasets_L40_stepsweep/bc_baseline_none_steps20000_tr0]:  82%|████████▏ | 16499/20000 [05:59<01:00, 58.09it/s, acc=0.316, device=mps, eta=1m19s, loss=1.9455, sps=45.8]
BC[stage1_datasets_L40_stepsweep/bc_baseline_none_steps20000_tr0]:  83%|████████▎ | 16506/20000 [06:00<01:10, 49.61it/s, acc=0.316, device=mps, eta=1m19s, loss=1.9455, sps=45.8]
BC[stage1_datasets_L40_stepsweep/bc_baseline_none_steps20000_tr0]:  83%|████████▎ | 16514/20000 [06:00<01:02, 56.19it/s, acc=0.316, device=mps, eta=1m19s, loss=1.9455, sps=45.8]
BC[stage1_datasets_L40_stepsweep/bc_baseline_none_steps20000_tr0]:  83%|████████▎ | 16521/20000 [06:00<01:11, 48.60it/s, acc=0.316, device=mps, eta=1m19s, loss=1.9455, sps=45.8]
BC[stage1_datasets_L40_stepsweep/bc_baseline_none_steps20000_tr0]:  83%|████████▎ | 16528/20000 [06:00<01:05, 52.76it/s, acc=0.316, device=mps, eta=1m19s, loss=1.9455, sps=45.8]
BC[stage1_datasets_L40_stepsweep/bc_baseline_none_steps20000_tr0]:  83%|████████▎ | 16535/20000 [06:00<01:01, 56.10it/s, acc=0.316, device=mps, eta=1m19s, loss=1.9455, sps=45.8]
BC[stage1_datasets_L40_stepsweep/bc_baseline_none_steps20000_tr0]:  83%|████████▎ | 16542/20000 [06:00<01:16, 45.09it/s, acc=0.316, device=mps, eta=1m19s, loss=1.9455, sps=45.8]
BC[stage1_datasets_L40_stepsweep/bc_baseline_none_steps20000_tr0]:  83%|████████▎ | 16549/20000 [06:00<01:10, 48.68it/s, acc=0.316, device=mps, eta=1m19s, loss=1.9455, sps=45.8]
BC[stage1_datasets_L40_stepsweep/bc_baseline_none_steps20000_tr0]:  83%|████████▎ | 16556/20000 [06:01<01:06, 52.10it/s, acc=0.316, device=mps, eta=1m19s, loss=1.9455, sps=45.8]
BC[stage1_datasets_L40_stepsweep/bc_baseline_none_steps20000_tr0]:  83%|████████▎ | 16562/20000 [06:01<01:19, 43.27it/s, acc=0.316, device=mps, eta=1m19s, loss=1.9455, sps=45.8]
BC[stage1_datasets_L40_stepsweep/bc_baseline_none_steps20000_tr0]:  83%|████████▎ | 16570/20000 [06:01<01:07, 50.47it/s, acc=0.316, device=mps, eta=1m19s, loss=1.9455, sps=45.8]
BC[stage1_datasets_L40_stepsweep/bc_baseline_none_steps20000_tr0]:  83%|████████▎ | 16578/20000 [06:01<01:00, 56.30it/s, acc=0.316, device=mps, eta=1m19s, loss=1.9455, sps=45.8]
BC[stage1_datasets_L40_stepsweep/bc_baseline_none_steps20000_tr0]:  83%|████████▎ | 16585/20000 [06:01<01:12, 47.12it/s, acc=0.316, device=mps, eta=1m19s, loss=1.9455, sps=45.8]
BC[stage1_datasets_L40_stepsweep/bc_baseline_none_steps20000_tr0]:  83%|████████▎ | 16593/20000 [06:01<01:03, 53.42it/s, acc=0.316, device=mps, eta=1m19s, loss=1.9455, sps=45.8]
BC[stage1_datasets_L40_stepsweep/bc_baseline_none_steps20000_tr0]:  83%|████████▎ | 16593/20000 [06:01<01:03, 53.42it/s, acc=0.319, device=mps, eta=1m14s, loss=1.9410, sps=45.9]
BC[stage1_datasets_L40_stepsweep/bc_baseline_none_steps20000_tr0]:  83%|████████▎ | 16601/20000 [06:01<01:11, 47.48it/s, acc=0.319, device=mps, eta=1m14s, loss=1.9410, sps=45.9]
BC[stage1_datasets_L40_stepsweep/bc_baseline_none_steps20000_tr0]:  83%|████████▎ | 16608/20000 [06:02<01:06, 51.37it/s, acc=0.319, device=mps, eta=1m14s, loss=1.9410, sps=45.9]
BC[stage1_datasets_L40_stepsweep/bc_baseline_none_steps20000_tr0]:  83%|████████▎ | 16615/20000 [06:02<01:03, 53.70it/s, acc=0.319, device=mps, eta=1m14s, loss=1.9410, sps=45.9]
BC[stage1_datasets_L40_stepsweep/bc_baseline_none_steps20000_tr0]:  83%|████████▎ | 16621/20000 [06:02<01:17, 43.82it/s, acc=0.319, device=mps, eta=1m14s, loss=1.9410, sps=45.9]
BC[stage1_datasets_L40_stepsweep/bc_baseline_none_steps20000_tr0]:  83%|████████▎ | 16629/20000 [06:02<01:06, 50.94it/s, acc=0.319, device=mps, eta=1m14s, loss=1.9410, sps=45.9]
BC[stage1_datasets_L40_stepsweep/bc_baseline_none_steps20000_tr0]:  83%|████████▎ | 16637/20000 [06:02<00:59, 56.55it/s, acc=0.319, device=mps, eta=1m14s, loss=1.9410, sps=45.9]
BC[stage1_datasets_L40_stepsweep/bc_baseline_none_steps20000_tr0]:  83%|████████▎ | 16644/20000 [06:02<01:10, 47.37it/s, acc=0.319, device=mps, eta=1m14s, loss=1.9410, sps=45.9]
BC[stage1_datasets_L40_stepsweep/bc_baseline_none_steps20000_tr0]:  83%|████████▎ | 16652/20000 [06:02<01:02, 53.64it/s, acc=0.319, device=mps, eta=1m14s, loss=1.9410, sps=45.9]
BC[stage1_datasets_L40_stepsweep/bc_baseline_none_steps20000_tr0]:  83%|████████▎ | 16660/20000 [06:03<00:56, 59.60it/s, acc=0.319, device=mps, eta=1m14s, loss=1.9410, sps=45.9]
BC[stage1_datasets_L40_stepsweep/bc_baseline_none_steps20000_tr0]:  83%|████████▎ | 16667/20000 [06:03<01:09, 47.70it/s, acc=0.319, device=mps, eta=1m14s, loss=1.9410, sps=45.9]
BC[stage1_datasets_L40_stepsweep/bc_baseline_none_steps20000_tr0]:  83%|████████▎ | 16673/20000 [06:03<01:07, 49.15it/s, acc=0.319, device=mps, eta=1m14s, loss=1.9410, sps=45.9]
BC[stage1_datasets_L40_stepsweep/bc_baseline_none_steps20000_tr0]:  83%|████████▎ | 16679/20000 [06:03<01:05, 50.96it/s, acc=0.319, device=mps, eta=1m14s, loss=1.9410, sps=45.9]
BC[stage1_datasets_L40_stepsweep/bc_baseline_none_steps20000_tr0]:  83%|████████▎ | 16685/20000 [06:03<01:19, 41.70it/s, acc=0.319, device=mps, eta=1m14s, loss=1.9410, sps=45.9]
BC[stage1_datasets_L40_stepsweep/bc_baseline_none_steps20000_tr0]:  83%|████████▎ | 16691/20000 [06:03<01:14, 44.66it/s, acc=0.319, device=mps, eta=1m14s, loss=1.9410, sps=45.9]
BC[stage1_datasets_L40_stepsweep/bc_baseline_none_steps20000_tr0]:  83%|████████▎ | 16697/20000 [06:03<01:09, 47.58it/s, acc=0.319, device=mps, eta=1m14s, loss=1.9410, sps=45.9]
BC[stage1_datasets_L40_stepsweep/bc_baseline_none_steps20000_tr0]:  84%|████████▎ | 16703/20000 [06:04<01:22, 39.92it/s, acc=0.319, device=mps, eta=1m14s, loss=1.9410, sps=45.9]
BC[stage1_datasets_L40_stepsweep/bc_baseline_none_steps20000_tr0]:  84%|████████▎ | 16711/20000 [06:04<01:08, 48.09it/s, acc=0.319, device=mps, eta=1m14s, loss=1.9410, sps=45.9]
BC[stage1_datasets_L40_stepsweep/bc_baseline_none_steps20000_tr0]:  84%|████████▎ | 16719/20000 [06:04<00:59, 54.99it/s, acc=0.319, device=mps, eta=1m14s, loss=1.9410, sps=45.9]
BC[stage1_datasets_L40_stepsweep/bc_baseline_none_steps20000_tr0]:  84%|████████▎ | 16726/20000 [06:04<01:10, 46.54it/s, acc=0.319, device=mps, eta=1m14s, loss=1.9410, sps=45.9]
BC[stage1_datasets_L40_stepsweep/bc_baseline_none_steps20000_tr0]:  84%|████████▎ | 16733/20000 [06:04<01:04, 50.45it/s, acc=0.319, device=mps, eta=1m14s, loss=1.9410, sps=45.9]
BC[stage1_datasets_L40_stepsweep/bc_baseline_none_steps20000_tr0]:  84%|████████▎ | 16740/20000 [06:04<00:59, 54.62it/s, acc=0.319, device=mps, eta=1m14s, loss=1.9410, sps=45.9]
BC[stage1_datasets_L40_stepsweep/bc_baseline_none_steps20000_tr0]:  84%|████████▎ | 16746/20000 [06:04<01:14, 43.58it/s, acc=0.319, device=mps, eta=1m14s, loss=1.9410, sps=45.9]
BC[stage1_datasets_L40_stepsweep/bc_baseline_none_steps20000_tr0]:  84%|████████▍ | 16752/20000 [06:05<01:10, 45.90it/s, acc=0.319, device=mps, eta=1m14s, loss=1.9410, sps=45.9]
BC[stage1_datasets_L40_stepsweep/bc_baseline_none_steps20000_tr0]:  84%|████████▍ | 16759/20000 [06:05<01:05, 49.75it/s, acc=0.319, device=mps, eta=1m14s, loss=1.9410, sps=45.9]
BC[stage1_datasets_L40_stepsweep/bc_baseline_none_steps20000_tr0]:  84%|████████▍ | 16765/20000 [06:05<01:17, 41.78it/s, acc=0.319, device=mps, eta=1m14s, loss=1.9410, sps=45.9]
BC[stage1_datasets_L40_stepsweep/bc_baseline_none_steps20000_tr0]:  84%|████████▍ | 16771/20000 [06:05<01:11, 45.03it/s, acc=0.319, device=mps, eta=1m14s, loss=1.9410, sps=45.9]
BC[stage1_datasets_L40_stepsweep/bc_baseline_none_steps20000_tr0]:  84%|████████▍ | 16777/20000 [06:05<01:07, 47.70it/s, acc=0.319, device=mps, eta=1m14s, loss=1.9410, sps=45.9]
BC[stage1_datasets_L40_stepsweep/bc_baseline_none_steps20000_tr0]:  84%|████████▍ | 16783/20000 [06:05<01:20, 39.88it/s, acc=0.319, device=mps, eta=1m14s, loss=1.9410, sps=45.9]
BC[stage1_datasets_L40_stepsweep/bc_baseline_none_steps20000_tr0]:  84%|████████▍ | 16789/20000 [06:05<01:13, 43.40it/s, acc=0.319, device=mps, eta=1m14s, loss=1.9410, sps=45.9]
BC[stage1_datasets_L40_stepsweep/bc_baseline_none_steps20000_tr0]:  84%|████████▍ | 16795/20000 [06:06<01:08, 46.46it/s, acc=0.319, device=mps, eta=1m14s, loss=1.9410, sps=45.9]
BC[stage1_datasets_L40_stepsweep/bc_baseline_none_steps20000_tr0]:  84%|████████▍ | 16795/20000 [06:06<01:08, 46.46it/s, acc=0.317, device=mps, eta=1m10s, loss=1.9472, sps=45.9]
BC[stage1_datasets_L40_stepsweep/bc_baseline_none_steps20000_tr0]:  84%|████████▍ | 16801/20000 [06:06<01:19, 40.07it/s, acc=0.317, device=mps, eta=1m10s, loss=1.9472, sps=45.9]
BC[stage1_datasets_L40_stepsweep/bc_baseline_none_steps20000_tr0]:  84%|████████▍ | 16808/20000 [06:06<01:10, 45.25it/s, acc=0.317, device=mps, eta=1m10s, loss=1.9472, sps=45.9]
BC[stage1_datasets_L40_stepsweep/bc_baseline_none_steps20000_tr0]:  84%|████████▍ | 16815/20000 [06:06<01:04, 49.42it/s, acc=0.317, device=mps, eta=1m10s, loss=1.9472, sps=45.9]
BC[stage1_datasets_L40_stepsweep/bc_baseline_none_steps20000_tr0]:  84%|████████▍ | 16821/20000 [06:06<01:16, 41.57it/s, acc=0.317, device=mps, eta=1m10s, loss=1.9472, sps=45.9]
BC[stage1_datasets_L40_stepsweep/bc_baseline_none_steps20000_tr0]:  84%|████████▍ | 16829/20000 [06:06<01:04, 49.35it/s, acc=0.317, device=mps, eta=1m10s, loss=1.9472, sps=45.9]
BC[stage1_datasets_L40_stepsweep/bc_baseline_none_steps20000_tr0]:  84%|████████▍ | 16837/20000 [06:06<00:57, 55.48it/s, acc=0.317, device=mps, eta=1m10s, loss=1.9472, sps=45.9]
BC[stage1_datasets_L40_stepsweep/bc_baseline_none_steps20000_tr0]:  84%|████████▍ | 16844/20000 [06:07<01:07, 46.76it/s, acc=0.317, device=mps, eta=1m10s, loss=1.9472, sps=45.9]
BC[stage1_datasets_L40_stepsweep/bc_baseline_none_steps20000_tr0]:  84%|████████▍ | 16852/20000 [06:07<00:58, 53.39it/s, acc=0.317, device=mps, eta=1m10s, loss=1.9472, sps=45.9]
BC[stage1_datasets_L40_stepsweep/bc_baseline_none_steps20000_tr0]:  84%|████████▍ | 16861/20000 [06:07<01:06, 47.14it/s, acc=0.317, device=mps, eta=1m10s, loss=1.9472, sps=45.9]
BC[stage1_datasets_L40_stepsweep/bc_baseline_none_steps20000_tr0]:  84%|████████▍ | 16867/20000 [06:07<01:03, 49.45it/s, acc=0.317, device=mps, eta=1m10s, loss=1.9472, sps=45.9]
BC[stage1_datasets_L40_stepsweep/bc_baseline_none_steps20000_tr0]:  84%|████████▍ | 16873/20000 [06:07<01:01, 50.62it/s, acc=0.317, device=mps, eta=1m10s, loss=1.9472, sps=45.9]
BC[stage1_datasets_L40_stepsweep/bc_baseline_none_steps20000_tr0]:  84%|████████▍ | 16880/20000 [06:07<00:57, 54.46it/s, acc=0.317, device=mps, eta=1m10s, loss=1.9472, sps=45.9]
BC[stage1_datasets_L40_stepsweep/bc_baseline_none_steps20000_tr0]:  84%|████████▍ | 16886/20000 [06:07<01:10, 44.47it/s, acc=0.317, device=mps, eta=1m10s, loss=1.9472, sps=45.9]
BC[stage1_datasets_L40_stepsweep/bc_baseline_none_steps20000_tr0]:  84%|████████▍ | 16893/20000 [06:08<01:02, 49.46it/s, acc=0.317, device=mps, eta=1m10s, loss=1.9472, sps=45.9]
BC[stage1_datasets_L40_stepsweep/bc_baseline_none_steps20000_tr0]:  85%|████████▍ | 16901/20000 [06:08<01:11, 43.50it/s, acc=0.317, device=mps, eta=1m10s, loss=1.9472, sps=45.9]
BC[stage1_datasets_L40_stepsweep/bc_baseline_none_steps20000_tr0]:  85%|████████▍ | 16909/20000 [06:08<01:01, 50.40it/s, acc=0.317, device=mps, eta=1m10s, loss=1.9472, sps=45.9]
BC[stage1_datasets_L40_stepsweep/bc_baseline_none_steps20000_tr0]:  85%|████████▍ | 16917/20000 [06:08<00:54, 56.36it/s, acc=0.317, device=mps, eta=1m10s, loss=1.9472, sps=45.9]
BC[stage1_datasets_L40_stepsweep/bc_baseline_none_steps20000_tr0]:  85%|████████▍ | 16924/20000 [06:08<01:05, 47.28it/s, acc=0.317, device=mps, eta=1m10s, loss=1.9472, sps=45.9]
BC[stage1_datasets_L40_stepsweep/bc_baseline_none_steps20000_tr0]:  85%|████████▍ | 16932/20000 [06:08<00:57, 53.54it/s, acc=0.317, device=mps, eta=1m10s, loss=1.9472, sps=45.9]
BC[stage1_datasets_L40_stepsweep/bc_baseline_none_steps20000_tr0]:  85%|████████▍ | 16940/20000 [06:08<00:51, 59.63it/s, acc=0.317, device=mps, eta=1m10s, loss=1.9472, sps=45.9]
BC[stage1_datasets_L40_stepsweep/bc_baseline_none_steps20000_tr0]:  85%|████████▍ | 16947/20000 [06:09<01:03, 48.13it/s, acc=0.317, device=mps, eta=1m10s, loss=1.9472, sps=45.9]
BC[stage1_datasets_L40_stepsweep/bc_baseline_none_steps20000_tr0]:  85%|████████▍ | 16953/20000 [06:09<01:00, 50.45it/s, acc=0.317, device=mps, eta=1m10s, loss=1.9472, sps=45.9]
BC[stage1_datasets_L40_stepsweep/bc_baseline_none_steps20000_tr0]:  85%|████████▍ | 16959/20000 [06:09<00:58, 52.14it/s, acc=0.317, device=mps, eta=1m10s, loss=1.9472, sps=45.9]
BC[stage1_datasets_L40_stepsweep/bc_baseline_none_steps20000_tr0]:  85%|████████▍ | 16965/20000 [06:09<01:11, 42.30it/s, acc=0.317, device=mps, eta=1m10s, loss=1.9472, sps=45.9]
BC[stage1_datasets_L40_stepsweep/bc_baseline_none_steps20000_tr0]:  85%|████████▍ | 16971/20000 [06:09<01:06, 45.82it/s, acc=0.317, device=mps, eta=1m10s, loss=1.9472, sps=45.9]
BC[stage1_datasets_L40_stepsweep/bc_baseline_none_steps20000_tr0]:  85%|████████▍ | 16978/20000 [06:09<01:00, 49.77it/s, acc=0.317, device=mps, eta=1m10s, loss=1.9472, sps=45.9]
BC[stage1_datasets_L40_stepsweep/bc_baseline_none_steps20000_tr0]:  85%|████████▍ | 16984/20000 [06:09<01:14, 40.57it/s, acc=0.317, device=mps, eta=1m10s, loss=1.9472, sps=45.9]
BC[stage1_datasets_L40_stepsweep/bc_baseline_none_steps20000_tr0]:  85%|████████▍ | 16991/20000 [06:10<01:06, 45.24it/s, acc=0.317, device=mps, eta=1m10s, loss=1.9472, sps=45.9]
BC[stage1_datasets_L40_stepsweep/bc_baseline_none_steps20000_tr0]:  85%|████████▍ | 16998/20000 [06:10<01:00, 49.79it/s, acc=0.317, device=mps, eta=1m10s, loss=1.9472, sps=45.9]
BC[stage1_datasets_L40_stepsweep/bc_baseline_none_steps20000_tr0]:  85%|████████▍ | 16998/20000 [06:10<01:00, 49.79it/s, acc=0.319, device=mps, eta=1m05s, loss=1.9472, sps=45.9]
BC[stage1_datasets_L40_stepsweep/bc_baseline_none_steps20000_tr0]:  85%|████████▌ | 17004/20000 [06:10<01:10, 42.48it/s, acc=0.319, device=mps, eta=1m05s, loss=1.9472, sps=45.9]
BC[stage1_datasets_L40_stepsweep/bc_baseline_none_steps20000_tr0]:  85%|████████▌ | 17011/20000 [06:10<01:02, 48.18it/s, acc=0.319, device=mps, eta=1m05s, loss=1.9472, sps=45.9]
BC[stage1_datasets_L40_stepsweep/bc_baseline_none_steps20000_tr0]:  85%|████████▌ | 17019/20000 [06:10<00:54, 54.27it/s, acc=0.319, device=mps, eta=1m05s, loss=1.9472, sps=45.9]
BC[stage1_datasets_L40_stepsweep/bc_baseline_none_steps20000_tr0]:  85%|████████▌ | 17025/20000 [06:10<01:05, 45.21it/s, acc=0.319, device=mps, eta=1m05s, loss=1.9472, sps=45.9]
BC[stage1_datasets_L40_stepsweep/bc_baseline_none_steps20000_tr0]:  85%|████████▌ | 17032/20000 [06:10<01:00, 48.86it/s, acc=0.319, device=mps, eta=1m05s, loss=1.9472, sps=45.9]
BC[stage1_datasets_L40_stepsweep/bc_baseline_none_steps20000_tr0]:  85%|████████▌ | 17038/20000 [06:11<00:58, 50.89it/s, acc=0.319, device=mps, eta=1m05s, loss=1.9472, sps=45.9]
BC[stage1_datasets_L40_stepsweep/bc_baseline_none_steps20000_tr0]:  85%|████████▌ | 17044/20000 [06:11<01:10, 42.04it/s, acc=0.319, device=mps, eta=1m05s, loss=1.9472, sps=45.9]
BC[stage1_datasets_L40_stepsweep/bc_baseline_none_steps20000_tr0]:  85%|████████▌ | 17050/20000 [06:11<01:05, 45.31it/s, acc=0.319, device=mps, eta=1m05s, loss=1.9472, sps=45.9]
BC[stage1_datasets_L40_stepsweep/bc_baseline_none_steps20000_tr0]:  85%|████████▌ | 17056/20000 [06:11<01:00, 48.46it/s, acc=0.319, device=mps, eta=1m05s, loss=1.9472, sps=45.9]
BC[stage1_datasets_L40_stepsweep/bc_baseline_none_steps20000_tr0]:  85%|████████▌ | 17062/20000 [06:11<01:13, 40.16it/s, acc=0.319, device=mps, eta=1m05s, loss=1.9472, sps=45.9]
BC[stage1_datasets_L40_stepsweep/bc_baseline_none_steps20000_tr0]:  85%|████████▌ | 17070/20000 [06:11<01:00, 48.24it/s, acc=0.319, device=mps, eta=1m05s, loss=1.9472, sps=45.9]
BC[stage1_datasets_L40_stepsweep/bc_baseline_none_steps20000_tr0]:  85%|████████▌ | 17078/20000 [06:11<00:53, 54.71it/s, acc=0.319, device=mps, eta=1m05s, loss=1.9472, sps=45.9]
BC[stage1_datasets_L40_stepsweep/bc_baseline_none_steps20000_tr0]:  85%|████████▌ | 17085/20000 [06:12<01:03, 45.78it/s, acc=0.319, device=mps, eta=1m05s, loss=1.9472, sps=45.9]
BC[stage1_datasets_L40_stepsweep/bc_baseline_none_steps20000_tr0]:  85%|████████▌ | 17091/20000 [06:12<01:00, 48.36it/s, acc=0.319, device=mps, eta=1m05s, loss=1.9472, sps=45.9]
BC[stage1_datasets_L40_stepsweep/bc_baseline_none_steps20000_tr0]:  85%|████████▌ | 17097/20000 [06:12<00:57, 50.77it/s, acc=0.319, device=mps, eta=1m05s, loss=1.9472, sps=45.9]
BC[stage1_datasets_L40_stepsweep/bc_baseline_none_steps20000_tr0]:  86%|████████▌ | 17103/20000 [06:12<01:08, 42.17it/s, acc=0.319, device=mps, eta=1m05s, loss=1.9472, sps=45.9]
BC[stage1_datasets_L40_stepsweep/bc_baseline_none_steps20000_tr0]:  86%|████████▌ | 17109/20000 [06:12<01:03, 45.35it/s, acc=0.319, device=mps, eta=1m05s, loss=1.9472, sps=45.9]
BC[stage1_datasets_L40_stepsweep/bc_baseline_none_steps20000_tr0]:  86%|████████▌ | 17115/20000 [06:12<00:59, 48.24it/s, acc=0.319, device=mps, eta=1m05s, loss=1.9472, sps=45.9]
BC[stage1_datasets_L40_stepsweep/bc_baseline_none_steps20000_tr0]:  86%|████████▌ | 17121/20000 [06:12<01:12, 39.66it/s, acc=0.319, device=mps, eta=1m05s, loss=1.9472, sps=45.9]
BC[stage1_datasets_L40_stepsweep/bc_baseline_none_steps20000_tr0]:  86%|████████▌ | 17126/20000 [06:13<01:08, 41.74it/s, acc=0.319, device=mps, eta=1m05s, loss=1.9472, sps=45.9]
BC[stage1_datasets_L40_stepsweep/bc_baseline_none_steps20000_tr0]:  86%|████████▌ | 17133/20000 [06:13<01:01, 46.72it/s, acc=0.319, device=mps, eta=1m05s, loss=1.9472, sps=45.9]
BC[stage1_datasets_L40_stepsweep/bc_baseline_none_steps20000_tr0]:  86%|████████▌ | 17141/20000 [06:13<01:09, 41.36it/s, acc=0.319, device=mps, eta=1m05s, loss=1.9472, sps=45.9]
BC[stage1_datasets_L40_stepsweep/bc_baseline_none_steps20000_tr0]:  86%|████████▌ | 17147/20000 [06:13<01:03, 44.69it/s, acc=0.319, device=mps, eta=1m05s, loss=1.9472, sps=45.9]
BC[stage1_datasets_L40_stepsweep/bc_baseline_none_steps20000_tr0]:  86%|████████▌ | 17153/20000 [06:13<01:00, 47.10it/s, acc=0.319, device=mps, eta=1m05s, loss=1.9472, sps=45.9]
BC[stage1_datasets_L40_stepsweep/bc_baseline_none_steps20000_tr0]:  86%|████████▌ | 17160/20000 [06:13<00:54, 51.98it/s, acc=0.319, device=mps, eta=1m05s, loss=1.9472, sps=45.9]
BC[stage1_datasets_L40_stepsweep/bc_baseline_none_steps20000_tr0]:  86%|████████▌ | 17166/20000 [06:13<01:05, 43.03it/s, acc=0.319, device=mps, eta=1m05s, loss=1.9472, sps=45.9]
BC[stage1_datasets_L40_stepsweep/bc_baseline_none_steps20000_tr0]:  86%|████████▌ | 17173/20000 [06:14<00:58, 48.74it/s, acc=0.319, device=mps, eta=1m05s, loss=1.9472, sps=45.9]
BC[stage1_datasets_L40_stepsweep/bc_baseline_none_steps20000_tr0]:  86%|████████▌ | 17181/20000 [06:14<01:05, 42.95it/s, acc=0.319, device=mps, eta=1m05s, loss=1.9472, sps=45.9]
BC[stage1_datasets_L40_stepsweep/bc_baseline_none_steps20000_tr0]:  86%|████████▌ | 17189/20000 [06:14<00:56, 49.88it/s, acc=0.319, device=mps, eta=1m05s, loss=1.9472, sps=45.9]
BC[stage1_datasets_L40_stepsweep/bc_baseline_none_steps20000_tr0]:  86%|████████▌ | 17197/20000 [06:14<00:50, 55.73it/s, acc=0.319, device=mps, eta=1m05s, loss=1.9472, sps=45.9]
BC[stage1_datasets_L40_stepsweep/bc_baseline_none_steps20000_tr0]:  86%|████████▌ | 17197/20000 [06:14<00:50, 55.73it/s, acc=0.319, device=mps, eta=1m01s, loss=1.9397, sps=45.9]
BC[stage1_datasets_L40_stepsweep/bc_baseline_none_steps20000_tr0]:  86%|████████▌ | 17204/20000 [06:14<00:59, 47.08it/s, acc=0.319, device=mps, eta=1m01s, loss=1.9397, sps=45.9]
BC[stage1_datasets_L40_stepsweep/bc_baseline_none_steps20000_tr0]:  86%|████████▌ | 17210/20000 [06:14<00:56, 49.56it/s, acc=0.319, device=mps, eta=1m01s, loss=1.9397, sps=45.9]
BC[stage1_datasets_L40_stepsweep/bc_baseline_none_steps20000_tr0]:  86%|████████▌ | 17216/20000 [06:14<00:54, 50.87it/s, acc=0.319, device=mps, eta=1m01s, loss=1.9397, sps=45.9]
BC[stage1_datasets_L40_stepsweep/bc_baseline_none_steps20000_tr0]:  86%|████████▌ | 17222/20000 [06:15<01:07, 41.12it/s, acc=0.319, device=mps, eta=1m01s, loss=1.9397, sps=45.9]
BC[stage1_datasets_L40_stepsweep/bc_baseline_none_steps20000_tr0]:  86%|████████▌ | 17228/20000 [06:15<01:03, 43.91it/s, acc=0.319, device=mps, eta=1m01s, loss=1.9397, sps=45.9]
BC[stage1_datasets_L40_stepsweep/bc_baseline_none_steps20000_tr0]:  86%|████████▌ | 17234/20000 [06:15<00:58, 47.03it/s, acc=0.319, device=mps, eta=1m01s, loss=1.9397, sps=45.9]
BC[stage1_datasets_L40_stepsweep/bc_baseline_none_steps20000_tr0]:  86%|████████▌ | 17241/20000 [06:15<01:09, 39.94it/s, acc=0.319, device=mps, eta=1m01s, loss=1.9397, sps=45.9]
BC[stage1_datasets_L40_stepsweep/bc_baseline_none_steps20000_tr0]:  86%|████████▌ | 17247/20000 [06:15<01:04, 42.86it/s, acc=0.319, device=mps, eta=1m01s, loss=1.9397, sps=45.9]
BC[stage1_datasets_L40_stepsweep/bc_baseline_none_steps20000_tr0]:  86%|████████▋ | 17253/20000 [06:15<01:00, 45.73it/s, acc=0.319, device=mps, eta=1m01s, loss=1.9397, sps=45.9]
BC[stage1_datasets_L40_stepsweep/bc_baseline_none_steps20000_tr0]:  86%|████████▋ | 17259/20000 [06:15<00:56, 48.43it/s, acc=0.319, device=mps, eta=1m01s, loss=1.9397, sps=45.9]
BC[stage1_datasets_L40_stepsweep/bc_baseline_none_steps20000_tr0]:  86%|████████▋ | 17265/20000 [06:16<01:07, 40.80it/s, acc=0.319, device=mps, eta=1m01s, loss=1.9397, sps=45.9]
BC[stage1_datasets_L40_stepsweep/bc_baseline_none_steps20000_tr0]:  86%|████████▋ | 17271/20000 [06:16<01:01, 44.70it/s, acc=0.319, device=mps, eta=1m01s, loss=1.9397, sps=45.9]
BC[stage1_datasets_L40_stepsweep/bc_baseline_none_steps20000_tr0]:  86%|████████▋ | 17277/20000 [06:16<00:56, 47.83it/s, acc=0.319, device=mps, eta=1m01s, loss=1.9397, sps=45.9]
BC[stage1_datasets_L40_stepsweep/bc_baseline_none_steps20000_tr0]:  86%|████████▋ | 17283/20000 [06:16<01:09, 38.89it/s, acc=0.319, device=mps, eta=1m01s, loss=1.9397, sps=45.9]
BC[stage1_datasets_L40_stepsweep/bc_baseline_none_steps20000_tr0]:  86%|████████▋ | 17288/20000 [06:16<01:06, 41.07it/s, acc=0.319, device=mps, eta=1m01s, loss=1.9397, sps=45.9]
BC[stage1_datasets_L40_stepsweep/bc_baseline_none_steps20000_tr0]:  86%|████████▋ | 17295/20000 [06:16<00:57, 46.67it/s, acc=0.319, device=mps, eta=1m01s, loss=1.9397, sps=45.9]
BC[stage1_datasets_L40_stepsweep/bc_baseline_none_steps20000_tr0]:  87%|████████▋ | 17301/20000 [06:16<01:07, 39.90it/s, acc=0.319, device=mps, eta=1m01s, loss=1.9397, sps=45.9]
BC[stage1_datasets_L40_stepsweep/bc_baseline_none_steps20000_tr0]:  87%|████████▋ | 17306/20000 [06:17<01:04, 41.69it/s, acc=0.319, device=mps, eta=1m01s, loss=1.9397, sps=45.9]
BC[stage1_datasets_L40_stepsweep/bc_baseline_none_steps20000_tr0]:  87%|████████▋ | 17312/20000 [06:17<01:00, 44.69it/s, acc=0.319, device=mps, eta=1m01s, loss=1.9397, sps=45.9]
BC[stage1_datasets_L40_stepsweep/bc_baseline_none_steps20000_tr0]:  87%|████████▋ | 17318/20000 [06:17<00:55, 48.38it/s, acc=0.319, device=mps, eta=1m01s, loss=1.9397, sps=45.9]
BC[stage1_datasets_L40_stepsweep/bc_baseline_none_steps20000_tr0]:  87%|████████▋ | 17324/20000 [06:17<01:08, 39.22it/s, acc=0.319, device=mps, eta=1m01s, loss=1.9397, sps=45.9]
BC[stage1_datasets_L40_stepsweep/bc_baseline_none_steps20000_tr0]:  87%|████████▋ | 17329/20000 [06:17<01:05, 40.58it/s, acc=0.319, device=mps, eta=1m01s, loss=1.9397, sps=45.9]
BC[stage1_datasets_L40_stepsweep/bc_baseline_none_steps20000_tr0]:  87%|████████▋ | 17335/20000 [06:17<00:59, 44.92it/s, acc=0.319, device=mps, eta=1m01s, loss=1.9397, sps=45.9]
BC[stage1_datasets_L40_stepsweep/bc_baseline_none_steps20000_tr0]:  87%|████████▋ | 17341/20000 [06:17<01:07, 39.30it/s, acc=0.319, device=mps, eta=1m01s, loss=1.9397, sps=45.9]
BC[stage1_datasets_L40_stepsweep/bc_baseline_none_steps20000_tr0]:  87%|████████▋ | 17349/20000 [06:17<00:55, 47.50it/s, acc=0.319, device=mps, eta=1m01s, loss=1.9397, sps=45.9]
BC[stage1_datasets_L40_stepsweep/bc_baseline_none_steps20000_tr0]:  87%|████████▋ | 17357/20000 [06:18<00:48, 53.95it/s, acc=0.319, device=mps, eta=1m01s, loss=1.9397, sps=45.9]
BC[stage1_datasets_L40_stepsweep/bc_baseline_none_steps20000_tr0]:  87%|████████▋ | 17363/20000 [06:18<00:58, 45.23it/s, acc=0.319, device=mps, eta=1m01s, loss=1.9397, sps=45.9]
BC[stage1_datasets_L40_stepsweep/bc_baseline_none_steps20000_tr0]:  87%|████████▋ | 17370/20000 [06:18<00:53, 49.49it/s, acc=0.319, device=mps, eta=1m01s, loss=1.9397, sps=45.9]
BC[stage1_datasets_L40_stepsweep/bc_baseline_none_steps20000_tr0]:  87%|████████▋ | 17376/20000 [06:18<00:51, 51.36it/s, acc=0.319, device=mps, eta=1m01s, loss=1.9397, sps=45.9]
BC[stage1_datasets_L40_stepsweep/bc_baseline_none_steps20000_tr0]:  87%|████████▋ | 17382/20000 [06:18<01:01, 42.48it/s, acc=0.319, device=mps, eta=1m01s, loss=1.9397, sps=45.9]
BC[stage1_datasets_L40_stepsweep/bc_baseline_none_steps20000_tr0]:  87%|████████▋ | 17390/20000 [06:18<00:52, 49.88it/s, acc=0.319, device=mps, eta=1m01s, loss=1.9397, sps=45.9]
BC[stage1_datasets_L40_stepsweep/bc_baseline_none_steps20000_tr0]:  87%|████████▋ | 17398/20000 [06:18<00:46, 55.74it/s, acc=0.319, device=mps, eta=1m01s, loss=1.9397, sps=45.9]
BC[stage1_datasets_L40_stepsweep/bc_baseline_none_steps20000_tr0]:  87%|████████▋ | 17398/20000 [06:18<00:46, 55.74it/s, acc=0.320, device=mps, eta=57s, loss=1.9419, sps=45.9]  
BC[stage1_datasets_L40_stepsweep/bc_baseline_none_steps20000_tr0]:  87%|████████▋ | 17405/20000 [06:19<00:55, 46.45it/s, acc=0.320, device=mps, eta=57s, loss=1.9419, sps=45.9]
BC[stage1_datasets_L40_stepsweep/bc_baseline_none_steps20000_tr0]:  87%|████████▋ | 17411/20000 [06:19<00:53, 48.82it/s, acc=0.320, device=mps, eta=57s, loss=1.9419, sps=45.9]
BC[stage1_datasets_L40_stepsweep/bc_baseline_none_steps20000_tr0]:  87%|████████▋ | 17417/20000 [06:19<00:50, 50.69it/s, acc=0.320, device=mps, eta=57s, loss=1.9419, sps=45.9]
BC[stage1_datasets_L40_stepsweep/bc_baseline_none_steps20000_tr0]:  87%|████████▋ | 17423/20000 [06:19<01:01, 41.96it/s, acc=0.320, device=mps, eta=57s, loss=1.9419, sps=45.9]
BC[stage1_datasets_L40_stepsweep/bc_baseline_none_steps20000_tr0]:  87%|████████▋ | 17429/20000 [06:19<00:57, 44.60it/s, acc=0.320, device=mps, eta=57s, loss=1.9419, sps=45.9]
BC[stage1_datasets_L40_stepsweep/bc_baseline_none_steps20000_tr0]:  87%|████████▋ | 17435/20000 [06:19<00:53, 47.61it/s, acc=0.320, device=mps, eta=57s, loss=1.9419, sps=45.9]
BC[stage1_datasets_L40_stepsweep/bc_baseline_none_steps20000_tr0]:  87%|████████▋ | 17441/20000 [06:19<01:06, 38.74it/s, acc=0.320, device=mps, eta=57s, loss=1.9419, sps=45.9]
BC[stage1_datasets_L40_stepsweep/bc_baseline_none_steps20000_tr0]:  87%|████████▋ | 17448/20000 [06:20<00:58, 43.71it/s, acc=0.320, device=mps, eta=57s, loss=1.9419, sps=45.9]
BC[stage1_datasets_L40_stepsweep/bc_baseline_none_steps20000_tr0]:  87%|████████▋ | 17454/20000 [06:20<00:55, 46.29it/s, acc=0.320, device=mps, eta=57s, loss=1.9419, sps=45.9]
BC[stage1_datasets_L40_stepsweep/bc_baseline_none_steps20000_tr0]:  87%|████████▋ | 17461/20000 [06:20<01:03, 39.92it/s, acc=0.320, device=mps, eta=57s, loss=1.9419, sps=45.9]
BC[stage1_datasets_L40_stepsweep/bc_baseline_none_steps20000_tr0]:  87%|████████▋ | 17469/20000 [06:20<00:53, 47.60it/s, acc=0.320, device=mps, eta=57s, loss=1.9419, sps=45.9]
BC[stage1_datasets_L40_stepsweep/bc_baseline_none_steps20000_tr0]:  87%|████████▋ | 17477/20000 [06:20<00:46, 53.98it/s, acc=0.320, device=mps, eta=57s, loss=1.9419, sps=45.9]
BC[stage1_datasets_L40_stepsweep/bc_baseline_none_steps20000_tr0]:  87%|████████▋ | 17483/20000 [06:20<00:55, 45.71it/s, acc=0.320, device=mps, eta=57s, loss=1.9419, sps=45.9]
BC[stage1_datasets_L40_stepsweep/bc_baseline_none_steps20000_tr0]:  87%|████████▋ | 17490/20000 [06:20<00:49, 50.44it/s, acc=0.320, device=mps, eta=57s, loss=1.9419, sps=45.9]
BC[stage1_datasets_L40_stepsweep/bc_baseline_none_steps20000_tr0]:  87%|████████▋ | 17497/20000 [06:21<00:45, 54.94it/s, acc=0.320, device=mps, eta=57s, loss=1.9419, sps=45.9]
BC[stage1_datasets_L40_stepsweep/bc_baseline_none_steps20000_tr0]:  88%|████████▊ | 17503/20000 [06:21<00:54, 45.67it/s, acc=0.320, device=mps, eta=57s, loss=1.9419, sps=45.9]
BC[stage1_datasets_L40_stepsweep/bc_baseline_none_steps20000_tr0]:  88%|████████▊ | 17510/20000 [06:21<00:49, 49.84it/s, acc=0.320, device=mps, eta=57s, loss=1.9419, sps=45.9]
BC[stage1_datasets_L40_stepsweep/bc_baseline_none_steps20000_tr0]:  88%|████████▊ | 17517/20000 [06:21<00:47, 52.80it/s, acc=0.320, device=mps, eta=57s, loss=1.9419, sps=45.9]
BC[stage1_datasets_L40_stepsweep/bc_baseline_none_steps20000_tr0]:  88%|████████▊ | 17523/20000 [06:21<00:57, 43.12it/s, acc=0.320, device=mps, eta=57s, loss=1.9419, sps=45.9]
BC[stage1_datasets_L40_stepsweep/bc_baseline_none_steps20000_tr0]:  88%|████████▊ | 17529/20000 [06:21<00:54, 45.29it/s, acc=0.320, device=mps, eta=57s, loss=1.9419, sps=45.9]
BC[stage1_datasets_L40_stepsweep/bc_baseline_none_steps20000_tr0]:  88%|████████▊ | 17535/20000 [06:21<00:51, 48.29it/s, acc=0.320, device=mps, eta=57s, loss=1.9419, sps=45.9]
BC[stage1_datasets_L40_stepsweep/bc_baseline_none_steps20000_tr0]:  88%|████████▊ | 17541/20000 [06:22<01:01, 39.90it/s, acc=0.320, device=mps, eta=57s, loss=1.9419, sps=45.9]
BC[stage1_datasets_L40_stepsweep/bc_baseline_none_steps20000_tr0]:  88%|████████▊ | 17549/20000 [06:22<00:51, 47.97it/s, acc=0.320, device=mps, eta=57s, loss=1.9419, sps=45.9]
BC[stage1_datasets_L40_stepsweep/bc_baseline_none_steps20000_tr0]:  88%|████████▊ | 17557/20000 [06:22<00:44, 54.97it/s, acc=0.320, device=mps, eta=57s, loss=1.9419, sps=45.9]
BC[stage1_datasets_L40_stepsweep/bc_baseline_none_steps20000_tr0]:  88%|████████▊ | 17564/20000 [06:22<00:53, 45.96it/s, acc=0.320, device=mps, eta=57s, loss=1.9419, sps=45.9]
BC[stage1_datasets_L40_stepsweep/bc_baseline_none_steps20000_tr0]:  88%|████████▊ | 17570/20000 [06:22<00:50, 48.13it/s, acc=0.320, device=mps, eta=57s, loss=1.9419, sps=45.9]
BC[stage1_datasets_L40_stepsweep/bc_baseline_none_steps20000_tr0]:  88%|████████▊ | 17577/20000 [06:22<00:46, 52.33it/s, acc=0.320, device=mps, eta=57s, loss=1.9419, sps=45.9]
BC[stage1_datasets_L40_stepsweep/bc_baseline_none_steps20000_tr0]:  88%|████████▊ | 17583/20000 [06:22<00:54, 44.53it/s, acc=0.320, device=mps, eta=57s, loss=1.9419, sps=45.9]
BC[stage1_datasets_L40_stepsweep/bc_baseline_none_steps20000_tr0]:  88%|████████▊ | 17591/20000 [06:23<00:46, 51.98it/s, acc=0.320, device=mps, eta=57s, loss=1.9419, sps=45.9]
BC[stage1_datasets_L40_stepsweep/bc_baseline_none_steps20000_tr0]:  88%|████████▊ | 17591/20000 [06:23<00:46, 51.98it/s, acc=0.318, device=mps, eta=52s, loss=1.9392, sps=45.9]
BC[stage1_datasets_L40_stepsweep/bc_baseline_none_steps20000_tr0]:  88%|████████▊ | 17600/20000 [06:23<00:39, 60.74it/s, acc=0.318, device=mps, eta=52s, loss=1.9392, sps=45.9]
BC[stage1_datasets_L40_stepsweep/bc_baseline_none_steps20000_tr0]:  88%|████████▊ | 17607/20000 [06:23<00:47, 50.80it/s, acc=0.318, device=mps, eta=52s, loss=1.9392, sps=45.9]
BC[stage1_datasets_L40_stepsweep/bc_baseline_none_steps20000_tr0]:  88%|████████▊ | 17615/20000 [06:23<00:41, 57.21it/s, acc=0.318, device=mps, eta=52s, loss=1.9392, sps=45.9]
BC[stage1_datasets_L40_stepsweep/bc_baseline_none_steps20000_tr0]:  88%|████████▊ | 17622/20000 [06:23<00:48, 48.60it/s, acc=0.318, device=mps, eta=52s, loss=1.9392, sps=45.9]
BC[stage1_datasets_L40_stepsweep/bc_baseline_none_steps20000_tr0]:  88%|████████▊ | 17630/20000 [06:23<00:43, 53.99it/s, acc=0.318, device=mps, eta=52s, loss=1.9392, sps=45.9]
BC[stage1_datasets_L40_stepsweep/bc_baseline_none_steps20000_tr0]:  88%|████████▊ | 17638/20000 [06:23<00:40, 58.76it/s, acc=0.318, device=mps, eta=52s, loss=1.9392, sps=45.9]
BC[stage1_datasets_L40_stepsweep/bc_baseline_none_steps20000_tr0]:  88%|████████▊ | 17645/20000 [06:24<00:48, 48.84it/s, acc=0.318, device=mps, eta=52s, loss=1.9392, sps=45.9]
BC[stage1_datasets_L40_stepsweep/bc_baseline_none_steps20000_tr0]:  88%|████████▊ | 17652/20000 [06:24<00:44, 52.64it/s, acc=0.318, device=mps, eta=52s, loss=1.9392, sps=45.9]
BC[stage1_datasets_L40_stepsweep/bc_baseline_none_steps20000_tr0]:  88%|████████▊ | 17659/20000 [06:24<00:42, 55.44it/s, acc=0.318, device=mps, eta=52s, loss=1.9392, sps=45.9]
BC[stage1_datasets_L40_stepsweep/bc_baseline_none_steps20000_tr0]:  88%|████████▊ | 17665/20000 [06:24<00:52, 44.82it/s, acc=0.318, device=mps, eta=52s, loss=1.9392, sps=45.9]
BC[stage1_datasets_L40_stepsweep/bc_baseline_none_steps20000_tr0]:  88%|████████▊ | 17671/20000 [06:24<00:48, 47.96it/s, acc=0.318, device=mps, eta=52s, loss=1.9392, sps=45.9]
BC[stage1_datasets_L40_stepsweep/bc_baseline_none_steps20000_tr0]:  88%|████████▊ | 17677/20000 [06:24<00:46, 50.30it/s, acc=0.318, device=mps, eta=52s, loss=1.9392, sps=45.9]
BC[stage1_datasets_L40_stepsweep/bc_baseline_none_steps20000_tr0]:  88%|████████▊ | 17683/20000 [06:24<00:55, 41.58it/s, acc=0.318, device=mps, eta=52s, loss=1.9392, sps=45.9]
BC[stage1_datasets_L40_stepsweep/bc_baseline_none_steps20000_tr0]:  88%|████████▊ | 17691/20000 [06:25<00:46, 49.38it/s, acc=0.318, device=mps, eta=52s, loss=1.9392, sps=45.9]
BC[stage1_datasets_L40_stepsweep/bc_baseline_none_steps20000_tr0]:  88%|████████▊ | 17699/20000 [06:25<00:41, 55.68it/s, acc=0.318, device=mps, eta=52s, loss=1.9392, sps=45.9]
BC[stage1_datasets_L40_stepsweep/bc_baseline_none_steps20000_tr0]:  89%|████████▊ | 17706/20000 [06:25<00:50, 45.79it/s, acc=0.318, device=mps, eta=52s, loss=1.9392, sps=45.9]
BC[stage1_datasets_L40_stepsweep/bc_baseline_none_steps20000_tr0]:  89%|████████▊ | 17712/20000 [06:25<00:47, 48.08it/s, acc=0.318, device=mps, eta=52s, loss=1.9392, sps=45.9]
BC[stage1_datasets_L40_stepsweep/bc_baseline_none_steps20000_tr0]:  89%|████████▊ | 17718/20000 [06:25<00:45, 50.55it/s, acc=0.318, device=mps, eta=52s, loss=1.9392, sps=45.9]
BC[stage1_datasets_L40_stepsweep/bc_baseline_none_steps20000_tr0]:  89%|████████▊ | 17724/20000 [06:25<00:54, 41.39it/s, acc=0.318, device=mps, eta=52s, loss=1.9392, sps=45.9]
BC[stage1_datasets_L40_stepsweep/bc_baseline_none_steps20000_tr0]:  89%|████████▊ | 17730/20000 [06:25<00:50, 45.16it/s, acc=0.318, device=mps, eta=52s, loss=1.9392, sps=45.9]
BC[stage1_datasets_L40_stepsweep/bc_baseline_none_steps20000_tr0]:  89%|████████▊ | 17737/20000 [06:25<00:45, 49.87it/s, acc=0.318, device=mps, eta=52s, loss=1.9392, sps=45.9]
BC[stage1_datasets_L40_stepsweep/bc_baseline_none_steps20000_tr0]:  89%|████████▊ | 17743/20000 [06:26<00:53, 41.85it/s, acc=0.318, device=mps, eta=52s, loss=1.9392, sps=45.9]
BC[stage1_datasets_L40_stepsweep/bc_baseline_none_steps20000_tr0]:  89%|████████▉ | 17751/20000 [06:26<00:44, 50.16it/s, acc=0.318, device=mps, eta=52s, loss=1.9392, sps=45.9]
BC[stage1_datasets_L40_stepsweep/bc_baseline_none_steps20000_tr0]:  89%|████████▉ | 17760/20000 [06:26<00:37, 58.99it/s, acc=0.318, device=mps, eta=52s, loss=1.9392, sps=45.9]
BC[stage1_datasets_L40_stepsweep/bc_baseline_none_steps20000_tr0]:  89%|████████▉ | 17767/20000 [06:26<00:45, 48.99it/s, acc=0.318, device=mps, eta=52s, loss=1.9392, sps=45.9]
BC[stage1_datasets_L40_stepsweep/bc_baseline_none_steps20000_tr0]:  89%|████████▉ | 17775/20000 [06:26<00:41, 54.21it/s, acc=0.318, device=mps, eta=52s, loss=1.9392, sps=45.9]
BC[stage1_datasets_L40_stepsweep/bc_baseline_none_steps20000_tr0]:  89%|████████▉ | 17782/20000 [06:26<00:48, 45.64it/s, acc=0.318, device=mps, eta=52s, loss=1.9392, sps=45.9]
BC[stage1_datasets_L40_stepsweep/bc_baseline_none_steps20000_tr0]:  89%|████████▉ | 17790/20000 [06:27<00:42, 52.18it/s, acc=0.318, device=mps, eta=52s, loss=1.9392, sps=45.9]
BC[stage1_datasets_L40_stepsweep/bc_baseline_none_steps20000_tr0]:  89%|████████▉ | 17798/20000 [06:27<00:38, 57.53it/s, acc=0.318, device=mps, eta=52s, loss=1.9392, sps=45.9]
BC[stage1_datasets_L40_stepsweep/bc_baseline_none_steps20000_tr0]:  89%|████████▉ | 17798/20000 [06:27<00:38, 57.53it/s, acc=0.321, device=mps, eta=48s, loss=1.9320, sps=46.0]
BC[stage1_datasets_L40_stepsweep/bc_baseline_none_steps20000_tr0]:  89%|████████▉ | 17805/20000 [06:27<00:45, 47.85it/s, acc=0.321, device=mps, eta=48s, loss=1.9320, sps=46.0]
BC[stage1_datasets_L40_stepsweep/bc_baseline_none_steps20000_tr0]:  89%|████████▉ | 17811/20000 [06:27<00:43, 50.09it/s, acc=0.321, device=mps, eta=48s, loss=1.9320, sps=46.0]
BC[stage1_datasets_L40_stepsweep/bc_baseline_none_steps20000_tr0]:  89%|████████▉ | 17817/20000 [06:27<00:42, 51.78it/s, acc=0.321, device=mps, eta=48s, loss=1.9320, sps=46.0]
BC[stage1_datasets_L40_stepsweep/bc_baseline_none_steps20000_tr0]:  89%|████████▉ | 17823/20000 [06:27<00:51, 42.08it/s, acc=0.321, device=mps, eta=48s, loss=1.9320, sps=46.0]
BC[stage1_datasets_L40_stepsweep/bc_baseline_none_steps20000_tr0]:  89%|████████▉ | 17829/20000 [06:27<00:48, 44.50it/s, acc=0.321, device=mps, eta=48s, loss=1.9320, sps=46.0]
BC[stage1_datasets_L40_stepsweep/bc_baseline_none_steps20000_tr0]:  89%|████████▉ | 17835/20000 [06:27<00:45, 47.35it/s, acc=0.321, device=mps, eta=48s, loss=1.9320, sps=46.0]
BC[stage1_datasets_L40_stepsweep/bc_baseline_none_steps20000_tr0]:  89%|████████▉ | 17841/20000 [06:28<00:54, 39.27it/s, acc=0.321, device=mps, eta=48s, loss=1.9320, sps=46.0]
BC[stage1_datasets_L40_stepsweep/bc_baseline_none_steps20000_tr0]:  89%|████████▉ | 17849/20000 [06:28<00:46, 46.30it/s, acc=0.321, device=mps, eta=48s, loss=1.9320, sps=46.0]
BC[stage1_datasets_L40_stepsweep/bc_baseline_none_steps20000_tr0]:  89%|████████▉ | 17856/20000 [06:28<00:42, 50.10it/s, acc=0.321, device=mps, eta=48s, loss=1.9320, sps=46.0]
BC[stage1_datasets_L40_stepsweep/bc_baseline_none_steps20000_tr0]:  89%|████████▉ | 17862/20000 [06:28<00:50, 42.12it/s, acc=0.321, device=mps, eta=48s, loss=1.9320, sps=46.0]
BC[stage1_datasets_L40_stepsweep/bc_baseline_none_steps20000_tr0]:  89%|████████▉ | 17870/20000 [06:28<00:42, 49.63it/s, acc=0.321, device=mps, eta=48s, loss=1.9320, sps=46.0]
BC[stage1_datasets_L40_stepsweep/bc_baseline_none_steps20000_tr0]:  89%|████████▉ | 17878/20000 [06:28<00:37, 55.86it/s, acc=0.321, device=mps, eta=48s, loss=1.9320, sps=46.0]
BC[stage1_datasets_L40_stepsweep/bc_baseline_none_steps20000_tr0]:  89%|████████▉ | 17885/20000 [06:29<00:45, 46.75it/s, acc=0.321, device=mps, eta=48s, loss=1.9320, sps=46.0]
BC[stage1_datasets_L40_stepsweep/bc_baseline_none_steps20000_tr0]:  89%|████████▉ | 17892/20000 [06:29<00:42, 50.02it/s, acc=0.321, device=mps, eta=48s, loss=1.9320, sps=46.0]
BC[stage1_datasets_L40_stepsweep/bc_baseline_none_steps20000_tr0]:  89%|████████▉ | 17898/20000 [06:29<00:41, 51.06it/s, acc=0.321, device=mps, eta=48s, loss=1.9320, sps=46.0]
BC[stage1_datasets_L40_stepsweep/bc_baseline_none_steps20000_tr0]:  90%|████████▉ | 17904/20000 [06:29<00:50, 41.87it/s, acc=0.321, device=mps, eta=48s, loss=1.9320, sps=46.0]
BC[stage1_datasets_L40_stepsweep/bc_baseline_none_steps20000_tr0]:  90%|████████▉ | 17910/20000 [06:29<00:46, 44.71it/s, acc=0.321, device=mps, eta=48s, loss=1.9320, sps=46.0]
BC[stage1_datasets_L40_stepsweep/bc_baseline_none_steps20000_tr0]:  90%|████████▉ | 17916/20000 [06:29<00:43, 47.42it/s, acc=0.321, device=mps, eta=48s, loss=1.9320, sps=46.0]
BC[stage1_datasets_L40_stepsweep/bc_baseline_none_steps20000_tr0]:  90%|████████▉ | 17922/20000 [06:29<00:53, 39.14it/s, acc=0.321, device=mps, eta=48s, loss=1.9320, sps=46.0]
BC[stage1_datasets_L40_stepsweep/bc_baseline_none_steps20000_tr0]:  90%|████████▉ | 17927/20000 [06:30<00:50, 41.19it/s, acc=0.321, device=mps, eta=48s, loss=1.9320, sps=46.0]
BC[stage1_datasets_L40_stepsweep/bc_baseline_none_steps20000_tr0]:  90%|████████▉ | 17934/20000 [06:30<00:44, 46.40it/s, acc=0.321, device=mps, eta=48s, loss=1.9320, sps=46.0]
BC[stage1_datasets_L40_stepsweep/bc_baseline_none_steps20000_tr0]:  90%|████████▉ | 17941/20000 [06:30<00:51, 40.32it/s, acc=0.321, device=mps, eta=48s, loss=1.9320, sps=46.0]
BC[stage1_datasets_L40_stepsweep/bc_baseline_none_steps20000_tr0]:  90%|████████▉ | 17949/20000 [06:30<00:42, 48.09it/s, acc=0.321, device=mps, eta=48s, loss=1.9320, sps=46.0]
BC[stage1_datasets_L40_stepsweep/bc_baseline_none_steps20000_tr0]:  90%|████████▉ | 17957/20000 [06:30<00:37, 54.42it/s, acc=0.321, device=mps, eta=48s, loss=1.9320, sps=46.0]
BC[stage1_datasets_L40_stepsweep/bc_baseline_none_steps20000_tr0]:  90%|████████▉ | 17963/20000 [06:30<00:45, 45.19it/s, acc=0.321, device=mps, eta=48s, loss=1.9320, sps=46.0]
BC[stage1_datasets_L40_stepsweep/bc_baseline_none_steps20000_tr0]:  90%|████████▉ | 17971/20000 [06:30<00:38, 52.62it/s, acc=0.321, device=mps, eta=48s, loss=1.9320, sps=46.0]
BC[stage1_datasets_L40_stepsweep/bc_baseline_none_steps20000_tr0]:  90%|████████▉ | 17980/20000 [06:30<00:33, 60.59it/s, acc=0.321, device=mps, eta=48s, loss=1.9320, sps=46.0]
BC[stage1_datasets_L40_stepsweep/bc_baseline_none_steps20000_tr0]:  90%|████████▉ | 17987/20000 [06:31<00:40, 49.62it/s, acc=0.321, device=mps, eta=48s, loss=1.9320, sps=46.0]
BC[stage1_datasets_L40_stepsweep/bc_baseline_none_steps20000_tr0]:  90%|████████▉ | 17994/20000 [06:31<00:37, 54.03it/s, acc=0.321, device=mps, eta=48s, loss=1.9320, sps=46.0]
BC[stage1_datasets_L40_stepsweep/bc_baseline_none_steps20000_tr0]:  90%|████████▉ | 17994/20000 [06:31<00:37, 54.03it/s, acc=0.319, device=mps, eta=43s, loss=1.9432, sps=46.0]
BC[stage1_datasets_L40_stepsweep/bc_baseline_none_steps20000_tr0]:  90%|█████████ | 18001/20000 [06:31<00:43, 46.46it/s, acc=0.319, device=mps, eta=43s, loss=1.9432, sps=46.0]
BC[stage1_datasets_L40_stepsweep/bc_baseline_none_steps20000_tr0]:  90%|█████████ | 18008/20000 [06:31<00:39, 49.81it/s, acc=0.319, device=mps, eta=43s, loss=1.9432, sps=46.0]
BC[stage1_datasets_L40_stepsweep/bc_baseline_none_steps20000_tr0]:  90%|█████████ | 18015/20000 [06:31<00:37, 52.93it/s, acc=0.319, device=mps, eta=43s, loss=1.9432, sps=46.0]
BC[stage1_datasets_L40_stepsweep/bc_baseline_none_steps20000_tr0]:  90%|█████████ | 18021/20000 [06:31<00:44, 44.36it/s, acc=0.319, device=mps, eta=43s, loss=1.9432, sps=46.0]
BC[stage1_datasets_L40_stepsweep/bc_baseline_none_steps20000_tr0]:  90%|█████████ | 18029/20000 [06:32<00:38, 51.45it/s, acc=0.319, device=mps, eta=43s, loss=1.9432, sps=46.0]
BC[stage1_datasets_L40_stepsweep/bc_baseline_none_steps20000_tr0]:  90%|█████████ | 18037/20000 [06:32<00:34, 57.50it/s, acc=0.319, device=mps, eta=43s, loss=1.9432, sps=46.0]
BC[stage1_datasets_L40_stepsweep/bc_baseline_none_steps20000_tr0]:  90%|█████████ | 18044/20000 [06:32<00:40, 48.37it/s, acc=0.319, device=mps, eta=43s, loss=1.9432, sps=46.0]
BC[stage1_datasets_L40_stepsweep/bc_baseline_none_steps20000_tr0]:  90%|█████████ | 18051/20000 [06:32<00:37, 52.00it/s, acc=0.319, device=mps, eta=43s, loss=1.9432, sps=46.0]
BC[stage1_datasets_L40_stepsweep/bc_baseline_none_steps20000_tr0]:  90%|█████████ | 18057/20000 [06:32<00:36, 53.78it/s, acc=0.319, device=mps, eta=43s, loss=1.9432, sps=46.0]
BC[stage1_datasets_L40_stepsweep/bc_baseline_none_steps20000_tr0]:  90%|█████████ | 18063/20000 [06:32<00:44, 43.05it/s, acc=0.319, device=mps, eta=43s, loss=1.9432, sps=46.0]
BC[stage1_datasets_L40_stepsweep/bc_baseline_none_steps20000_tr0]:  90%|█████████ | 18069/20000 [06:32<00:42, 45.46it/s, acc=0.319, device=mps, eta=43s, loss=1.9432, sps=46.0]
BC[stage1_datasets_L40_stepsweep/bc_baseline_none_steps20000_tr0]:  90%|█████████ | 18075/20000 [06:32<00:40, 47.46it/s, acc=0.319, device=mps, eta=43s, loss=1.9432, sps=46.0]
BC[stage1_datasets_L40_stepsweep/bc_baseline_none_steps20000_tr0]:  90%|█████████ | 18081/20000 [06:33<00:48, 39.37it/s, acc=0.319, device=mps, eta=43s, loss=1.9432, sps=46.0]
BC[stage1_datasets_L40_stepsweep/bc_baseline_none_steps20000_tr0]:  90%|█████████ | 18088/20000 [06:33<00:43, 44.40it/s, acc=0.319, device=mps, eta=43s, loss=1.9432, sps=46.0]
BC[stage1_datasets_L40_stepsweep/bc_baseline_none_steps20000_tr0]:  90%|█████████ | 18095/20000 [06:33<00:39, 48.84it/s, acc=0.319, device=mps, eta=43s, loss=1.9432, sps=46.0]
BC[stage1_datasets_L40_stepsweep/bc_baseline_none_steps20000_tr0]:  91%|█████████ | 18101/20000 [06:33<00:46, 41.10it/s, acc=0.319, device=mps, eta=43s, loss=1.9432, sps=46.0]
BC[stage1_datasets_L40_stepsweep/bc_baseline_none_steps20000_tr0]:  91%|█████████ | 18107/20000 [06:33<00:42, 44.18it/s, acc=0.319, device=mps, eta=43s, loss=1.9432, sps=46.0]
BC[stage1_datasets_L40_stepsweep/bc_baseline_none_steps20000_tr0]:  91%|█████████ | 18113/20000 [06:33<00:39, 47.74it/s, acc=0.319, device=mps, eta=43s, loss=1.9432, sps=46.0]
BC[stage1_datasets_L40_stepsweep/bc_baseline_none_steps20000_tr0]:  91%|█████████ | 18121/20000 [06:34<00:44, 42.55it/s, acc=0.319, device=mps, eta=43s, loss=1.9432, sps=46.0]
BC[stage1_datasets_L40_stepsweep/bc_baseline_none_steps20000_tr0]:  91%|█████████ | 18129/20000 [06:34<00:37, 49.89it/s, acc=0.319, device=mps, eta=43s, loss=1.9432, sps=46.0]
BC[stage1_datasets_L40_stepsweep/bc_baseline_none_steps20000_tr0]:  91%|█████████ | 18137/20000 [06:34<00:33, 55.83it/s, acc=0.319, device=mps, eta=43s, loss=1.9432, sps=46.0]
BC[stage1_datasets_L40_stepsweep/bc_baseline_none_steps20000_tr0]:  91%|█████████ | 18144/20000 [06:34<00:39, 46.82it/s, acc=0.319, device=mps, eta=43s, loss=1.9432, sps=46.0]
BC[stage1_datasets_L40_stepsweep/bc_baseline_none_steps20000_tr0]:  91%|█████████ | 18150/20000 [06:34<00:37, 49.29it/s, acc=0.319, device=mps, eta=43s, loss=1.9432, sps=46.0]
BC[stage1_datasets_L40_stepsweep/bc_baseline_none_steps20000_tr0]:  91%|█████████ | 18156/20000 [06:34<00:35, 51.65it/s, acc=0.319, device=mps, eta=43s, loss=1.9432, sps=46.0]
BC[stage1_datasets_L40_stepsweep/bc_baseline_none_steps20000_tr0]:  91%|█████████ | 18162/20000 [06:34<00:44, 41.70it/s, acc=0.319, device=mps, eta=43s, loss=1.9432, sps=46.0]
BC[stage1_datasets_L40_stepsweep/bc_baseline_none_steps20000_tr0]:  91%|█████████ | 18168/20000 [06:35<00:41, 44.64it/s, acc=0.319, device=mps, eta=43s, loss=1.9432, sps=46.0]
BC[stage1_datasets_L40_stepsweep/bc_baseline_none_steps20000_tr0]:  91%|█████████ | 18174/20000 [06:35<00:38, 46.92it/s, acc=0.319, device=mps, eta=43s, loss=1.9432, sps=46.0]
BC[stage1_datasets_L40_stepsweep/bc_baseline_none_steps20000_tr0]:  91%|█████████ | 18181/20000 [06:35<00:45, 39.97it/s, acc=0.319, device=mps, eta=43s, loss=1.9432, sps=46.0]
BC[stage1_datasets_L40_stepsweep/bc_baseline_none_steps20000_tr0]:  91%|█████████ | 18188/20000 [06:35<00:40, 44.27it/s, acc=0.319, device=mps, eta=43s, loss=1.9432, sps=46.0]
BC[stage1_datasets_L40_stepsweep/bc_baseline_none_steps20000_tr0]:  91%|█████████ | 18194/20000 [06:35<00:38, 46.94it/s, acc=0.319, device=mps, eta=43s, loss=1.9432, sps=46.0]
BC[stage1_datasets_L40_stepsweep/bc_baseline_none_steps20000_tr0]:  91%|█████████ | 18194/20000 [06:35<00:38, 46.94it/s, acc=0.322, device=mps, eta=39s, loss=1.9306, sps=46.0]
BC[stage1_datasets_L40_stepsweep/bc_baseline_none_steps20000_tr0]:  91%|█████████ | 18201/20000 [06:35<00:43, 41.41it/s, acc=0.322, device=mps, eta=39s, loss=1.9306, sps=46.0]
BC[stage1_datasets_L40_stepsweep/bc_baseline_none_steps20000_tr0]:  91%|█████████ | 18209/20000 [06:35<00:36, 48.43it/s, acc=0.322, device=mps, eta=39s, loss=1.9306, sps=46.0]
BC[stage1_datasets_L40_stepsweep/bc_baseline_none_steps20000_tr0]:  91%|█████████ | 18218/20000 [06:36<00:31, 56.48it/s, acc=0.322, device=mps, eta=39s, loss=1.9306, sps=46.0]
BC[stage1_datasets_L40_stepsweep/bc_baseline_none_steps20000_tr0]:  91%|█████████ | 18225/20000 [06:36<00:36, 48.77it/s, acc=0.322, device=mps, eta=39s, loss=1.9306, sps=46.0]
BC[stage1_datasets_L40_stepsweep/bc_baseline_none_steps20000_tr0]:  91%|█████████ | 18233/20000 [06:36<00:31, 55.27it/s, acc=0.322, device=mps, eta=39s, loss=1.9306, sps=46.0]
BC[stage1_datasets_L40_stepsweep/bc_baseline_none_steps20000_tr0]:  91%|█████████ | 18241/20000 [06:36<00:37, 47.28it/s, acc=0.322, device=mps, eta=39s, loss=1.9306, sps=46.0]
BC[stage1_datasets_L40_stepsweep/bc_baseline_none_steps20000_tr0]:  91%|█████████ | 18247/20000 [06:36<00:36, 47.83it/s, acc=0.322, device=mps, eta=39s, loss=1.9306, sps=46.0]
BC[stage1_datasets_L40_stepsweep/bc_baseline_none_steps20000_tr0]:  91%|█████████▏| 18254/20000 [06:36<00:34, 51.10it/s, acc=0.322, device=mps, eta=39s, loss=1.9306, sps=46.0]
BC[stage1_datasets_L40_stepsweep/bc_baseline_none_steps20000_tr0]:  91%|█████████▏| 18261/20000 [06:36<00:40, 43.47it/s, acc=0.322, device=mps, eta=39s, loss=1.9306, sps=46.0]
BC[stage1_datasets_L40_stepsweep/bc_baseline_none_steps20000_tr0]:  91%|█████████▏| 18269/20000 [06:37<00:34, 50.41it/s, acc=0.322, device=mps, eta=39s, loss=1.9306, sps=46.0]
BC[stage1_datasets_L40_stepsweep/bc_baseline_none_steps20000_tr0]:  91%|█████████▏| 18277/20000 [06:37<00:30, 56.40it/s, acc=0.322, device=mps, eta=39s, loss=1.9306, sps=46.0]
BC[stage1_datasets_L40_stepsweep/bc_baseline_none_steps20000_tr0]:  91%|█████████▏| 18284/20000 [06:37<00:36, 47.13it/s, acc=0.322, device=mps, eta=39s, loss=1.9306, sps=46.0]
BC[stage1_datasets_L40_stepsweep/bc_baseline_none_steps20000_tr0]:  91%|█████████▏| 18292/20000 [06:37<00:31, 53.48it/s, acc=0.322, device=mps, eta=39s, loss=1.9306, sps=46.0]
BC[stage1_datasets_L40_stepsweep/bc_baseline_none_steps20000_tr0]:  92%|█████████▏| 18300/20000 [06:37<00:28, 59.35it/s, acc=0.322, device=mps, eta=39s, loss=1.9306, sps=46.0]
BC[stage1_datasets_L40_stepsweep/bc_baseline_none_steps20000_tr0]:  92%|█████████▏| 18307/20000 [06:37<00:35, 47.66it/s, acc=0.322, device=mps, eta=39s, loss=1.9306, sps=46.0]
BC[stage1_datasets_L40_stepsweep/bc_baseline_none_steps20000_tr0]:  92%|█████████▏| 18313/20000 [06:37<00:34, 49.17it/s, acc=0.322, device=mps, eta=39s, loss=1.9306, sps=46.0]
BC[stage1_datasets_L40_stepsweep/bc_baseline_none_steps20000_tr0]:  92%|█████████▏| 18319/20000 [06:38<00:33, 50.02it/s, acc=0.322, device=mps, eta=39s, loss=1.9306, sps=46.0]
BC[stage1_datasets_L40_stepsweep/bc_baseline_none_steps20000_tr0]:  92%|█████████▏| 18325/20000 [06:38<00:40, 40.99it/s, acc=0.322, device=mps, eta=39s, loss=1.9306, sps=46.0]
BC[stage1_datasets_L40_stepsweep/bc_baseline_none_steps20000_tr0]:  92%|█████████▏| 18330/20000 [06:38<00:39, 42.58it/s, acc=0.322, device=mps, eta=39s, loss=1.9306, sps=46.0]
BC[stage1_datasets_L40_stepsweep/bc_baseline_none_steps20000_tr0]:  92%|█████████▏| 18336/20000 [06:38<00:36, 45.74it/s, acc=0.322, device=mps, eta=39s, loss=1.9306, sps=46.0]
BC[stage1_datasets_L40_stepsweep/bc_baseline_none_steps20000_tr0]:  92%|█████████▏| 18341/20000 [06:38<00:43, 37.84it/s, acc=0.322, device=mps, eta=39s, loss=1.9306, sps=46.0]
BC[stage1_datasets_L40_stepsweep/bc_baseline_none_steps20000_tr0]:  92%|█████████▏| 18349/20000 [06:38<00:35, 46.52it/s, acc=0.322, device=mps, eta=39s, loss=1.9306, sps=46.0]
BC[stage1_datasets_L40_stepsweep/bc_baseline_none_steps20000_tr0]:  92%|█████████▏| 18357/20000 [06:38<00:30, 53.67it/s, acc=0.322, device=mps, eta=39s, loss=1.9306, sps=46.0]
BC[stage1_datasets_L40_stepsweep/bc_baseline_none_steps20000_tr0]:  92%|█████████▏| 18363/20000 [06:39<00:36, 44.45it/s, acc=0.322, device=mps, eta=39s, loss=1.9306, sps=46.0]
BC[stage1_datasets_L40_stepsweep/bc_baseline_none_steps20000_tr0]:  92%|█████████▏| 18371/20000 [06:39<00:31, 51.90it/s, acc=0.322, device=mps, eta=39s, loss=1.9306, sps=46.0]
BC[stage1_datasets_L40_stepsweep/bc_baseline_none_steps20000_tr0]:  92%|█████████▏| 18379/20000 [06:39<00:27, 58.23it/s, acc=0.322, device=mps, eta=39s, loss=1.9306, sps=46.0]
BC[stage1_datasets_L40_stepsweep/bc_baseline_none_steps20000_tr0]:  92%|█████████▏| 18386/20000 [06:39<00:33, 48.06it/s, acc=0.322, device=mps, eta=39s, loss=1.9306, sps=46.0]
BC[stage1_datasets_L40_stepsweep/bc_baseline_none_steps20000_tr0]:  92%|█████████▏| 18393/20000 [06:39<00:31, 51.59it/s, acc=0.322, device=mps, eta=39s, loss=1.9306, sps=46.0]
BC[stage1_datasets_L40_stepsweep/bc_baseline_none_steps20000_tr0]:  92%|█████████▏| 18393/20000 [06:39<00:31, 51.59it/s, acc=0.319, device=mps, eta=35s, loss=1.9397, sps=46.0]
BC[stage1_datasets_L40_stepsweep/bc_baseline_none_steps20000_tr0]:  92%|█████████▏| 18400/20000 [06:39<00:28, 55.34it/s, acc=0.319, device=mps, eta=35s, loss=1.9397, sps=46.0]
BC[stage1_datasets_L40_stepsweep/bc_baseline_none_steps20000_tr0]:  92%|█████████▏| 18407/20000 [06:39<00:36, 44.16it/s, acc=0.319, device=mps, eta=35s, loss=1.9397, sps=46.0]
BC[stage1_datasets_L40_stepsweep/bc_baseline_none_steps20000_tr0]:  92%|█████████▏| 18413/20000 [06:40<00:33, 47.06it/s, acc=0.319, device=mps, eta=35s, loss=1.9397, sps=46.0]
BC[stage1_datasets_L40_stepsweep/bc_baseline_none_steps20000_tr0]:  92%|█████████▏| 18420/20000 [06:40<00:30, 52.01it/s, acc=0.319, device=mps, eta=35s, loss=1.9397, sps=46.0]
BC[stage1_datasets_L40_stepsweep/bc_baseline_none_steps20000_tr0]:  92%|█████████▏| 18426/20000 [06:40<00:36, 42.56it/s, acc=0.319, device=mps, eta=35s, loss=1.9397, sps=46.0]
BC[stage1_datasets_L40_stepsweep/bc_baseline_none_steps20000_tr0]:  92%|█████████▏| 18432/20000 [06:40<00:34, 45.74it/s, acc=0.319, device=mps, eta=35s, loss=1.9397, sps=46.0]
BC[stage1_datasets_L40_stepsweep/bc_baseline_none_steps20000_tr0]:  92%|█████████▏| 18438/20000 [06:40<00:32, 48.58it/s, acc=0.319, device=mps, eta=35s, loss=1.9397, sps=46.0]
BC[stage1_datasets_L40_stepsweep/bc_baseline_none_steps20000_tr0]:  92%|█████████▏| 18444/20000 [06:40<00:38, 40.04it/s, acc=0.319, device=mps, eta=35s, loss=1.9397, sps=46.0]
BC[stage1_datasets_L40_stepsweep/bc_baseline_none_steps20000_tr0]:  92%|█████████▏| 18450/20000 [06:40<00:35, 43.10it/s, acc=0.319, device=mps, eta=35s, loss=1.9397, sps=46.0]
BC[stage1_datasets_L40_stepsweep/bc_baseline_none_steps20000_tr0]:  92%|█████████▏| 18456/20000 [06:41<00:33, 46.51it/s, acc=0.319, device=mps, eta=35s, loss=1.9397, sps=46.0]
BC[stage1_datasets_L40_stepsweep/bc_baseline_none_steps20000_tr0]:  92%|█████████▏| 18462/20000 [06:41<00:39, 39.11it/s, acc=0.319, device=mps, eta=35s, loss=1.9397, sps=46.0]
BC[stage1_datasets_L40_stepsweep/bc_baseline_none_steps20000_tr0]:  92%|█████████▏| 18470/20000 [06:41<00:31, 47.84it/s, acc=0.319, device=mps, eta=35s, loss=1.9397, sps=46.0]
BC[stage1_datasets_L40_stepsweep/bc_baseline_none_steps20000_tr0]:  92%|█████████▏| 18479/20000 [06:41<00:27, 56.25it/s, acc=0.319, device=mps, eta=35s, loss=1.9397, sps=46.0]
BC[stage1_datasets_L40_stepsweep/bc_baseline_none_steps20000_tr0]:  92%|█████████▏| 18486/20000 [06:41<00:31, 48.12it/s, acc=0.319, device=mps, eta=35s, loss=1.9397, sps=46.0]
BC[stage1_datasets_L40_stepsweep/bc_baseline_none_steps20000_tr0]:  92%|█████████▏| 18494/20000 [06:41<00:28, 53.68it/s, acc=0.319, device=mps, eta=35s, loss=1.9397, sps=46.0]
BC[stage1_datasets_L40_stepsweep/bc_baseline_none_steps20000_tr0]:  93%|█████████▎| 18501/20000 [06:41<00:33, 45.10it/s, acc=0.319, device=mps, eta=35s, loss=1.9397, sps=46.0]
BC[stage1_datasets_L40_stepsweep/bc_baseline_none_steps20000_tr0]:  93%|█████████▎| 18509/20000 [06:42<00:28, 51.80it/s, acc=0.319, device=mps, eta=35s, loss=1.9397, sps=46.0]
BC[stage1_datasets_L40_stepsweep/bc_baseline_none_steps20000_tr0]:  93%|█████████▎| 18517/20000 [06:42<00:25, 57.22it/s, acc=0.319, device=mps, eta=35s, loss=1.9397, sps=46.0]
BC[stage1_datasets_L40_stepsweep/bc_baseline_none_steps20000_tr0]:  93%|█████████▎| 18524/20000 [06:42<00:30, 48.34it/s, acc=0.319, device=mps, eta=35s, loss=1.9397, sps=46.0]
BC[stage1_datasets_L40_stepsweep/bc_baseline_none_steps20000_tr0]:  93%|█████████▎| 18531/20000 [06:42<00:28, 51.75it/s, acc=0.319, device=mps, eta=35s, loss=1.9397, sps=46.0]
BC[stage1_datasets_L40_stepsweep/bc_baseline_none_steps20000_tr0]:  93%|█████████▎| 18538/20000 [06:42<00:26, 54.77it/s, acc=0.319, device=mps, eta=35s, loss=1.9397, sps=46.0]
BC[stage1_datasets_L40_stepsweep/bc_baseline_none_steps20000_tr0]:  93%|█████████▎| 18544/20000 [06:42<00:32, 45.05it/s, acc=0.319, device=mps, eta=35s, loss=1.9397, sps=46.0]
BC[stage1_datasets_L40_stepsweep/bc_baseline_none_steps20000_tr0]:  93%|█████████▎| 18552/20000 [06:42<00:27, 52.00it/s, acc=0.319, device=mps, eta=35s, loss=1.9397, sps=46.0]
BC[stage1_datasets_L40_stepsweep/bc_baseline_none_steps20000_tr0]:  93%|█████████▎| 18560/20000 [06:43<00:24, 58.40it/s, acc=0.319, device=mps, eta=35s, loss=1.9397, sps=46.0]
BC[stage1_datasets_L40_stepsweep/bc_baseline_none_steps20000_tr0]:  93%|█████████▎| 18567/20000 [06:43<00:30, 46.67it/s, acc=0.319, device=mps, eta=35s, loss=1.9397, sps=46.0]
BC[stage1_datasets_L40_stepsweep/bc_baseline_none_steps20000_tr0]:  93%|█████████▎| 18574/20000 [06:43<00:28, 50.03it/s, acc=0.319, device=mps, eta=35s, loss=1.9397, sps=46.0]
BC[stage1_datasets_L40_stepsweep/bc_baseline_none_steps20000_tr0]:  93%|█████████▎| 18581/20000 [06:43<00:33, 41.83it/s, acc=0.319, device=mps, eta=35s, loss=1.9397, sps=46.0]
BC[stage1_datasets_L40_stepsweep/bc_baseline_none_steps20000_tr0]:  93%|█████████▎| 18589/20000 [06:43<00:28, 48.94it/s, acc=0.319, device=mps, eta=35s, loss=1.9397, sps=46.0]
BC[stage1_datasets_L40_stepsweep/bc_baseline_none_steps20000_tr0]:  93%|█████████▎| 18597/20000 [06:43<00:25, 55.46it/s, acc=0.319, device=mps, eta=35s, loss=1.9397, sps=46.0]
BC[stage1_datasets_L40_stepsweep/bc_baseline_none_steps20000_tr0]:  93%|█████████▎| 18597/20000 [06:43<00:25, 55.46it/s, acc=0.320, device=mps, eta=30s, loss=1.9285, sps=46.1]
BC[stage1_datasets_L40_stepsweep/bc_baseline_none_steps20000_tr0]:  93%|█████████▎| 18604/20000 [06:43<00:29, 47.53it/s, acc=0.320, device=mps, eta=30s, loss=1.9285, sps=46.1]
BC[stage1_datasets_L40_stepsweep/bc_baseline_none_steps20000_tr0]:  93%|█████████▎| 18611/20000 [06:44<00:26, 52.35it/s, acc=0.320, device=mps, eta=30s, loss=1.9285, sps=46.1]
BC[stage1_datasets_L40_stepsweep/bc_baseline_none_steps20000_tr0]:  93%|█████████▎| 18619/20000 [06:44<00:23, 57.77it/s, acc=0.320, device=mps, eta=30s, loss=1.9285, sps=46.1]
BC[stage1_datasets_L40_stepsweep/bc_baseline_none_steps20000_tr0]:  93%|█████████▎| 18626/20000 [06:44<00:28, 48.56it/s, acc=0.320, device=mps, eta=30s, loss=1.9285, sps=46.1]
BC[stage1_datasets_L40_stepsweep/bc_baseline_none_steps20000_tr0]:  93%|█████████▎| 18634/20000 [06:44<00:24, 54.72it/s, acc=0.320, device=mps, eta=30s, loss=1.9285, sps=46.1]
BC[stage1_datasets_L40_stepsweep/bc_baseline_none_steps20000_tr0]:  93%|█████████▎| 18641/20000 [06:44<00:28, 47.70it/s, acc=0.320, device=mps, eta=30s, loss=1.9285, sps=46.1]
BC[stage1_datasets_L40_stepsweep/bc_baseline_none_steps20000_tr0]:  93%|█████████▎| 18649/20000 [06:44<00:25, 53.30it/s, acc=0.320, device=mps, eta=30s, loss=1.9285, sps=46.1]
BC[stage1_datasets_L40_stepsweep/bc_baseline_none_steps20000_tr0]:  93%|█████████▎| 18657/20000 [06:44<00:23, 58.24it/s, acc=0.320, device=mps, eta=30s, loss=1.9285, sps=46.1]
BC[stage1_datasets_L40_stepsweep/bc_baseline_none_steps20000_tr0]:  93%|█████████▎| 18664/20000 [06:45<00:27, 48.49it/s, acc=0.320, device=mps, eta=30s, loss=1.9285, sps=46.1]
BC[stage1_datasets_L40_stepsweep/bc_baseline_none_steps20000_tr0]:  93%|█████████▎| 18671/20000 [06:45<00:25, 52.10it/s, acc=0.320, device=mps, eta=30s, loss=1.9285, sps=46.1]
BC[stage1_datasets_L40_stepsweep/bc_baseline_none_steps20000_tr0]:  93%|█████████▎| 18678/20000 [06:45<00:24, 54.41it/s, acc=0.320, device=mps, eta=30s, loss=1.9285, sps=46.1]
BC[stage1_datasets_L40_stepsweep/bc_baseline_none_steps20000_tr0]:  93%|█████████▎| 18684/20000 [06:45<00:29, 44.16it/s, acc=0.320, device=mps, eta=30s, loss=1.9285, sps=46.1]
BC[stage1_datasets_L40_stepsweep/bc_baseline_none_steps20000_tr0]:  93%|█████████▎| 18691/20000 [06:45<00:27, 48.28it/s, acc=0.320, device=mps, eta=30s, loss=1.9285, sps=46.1]
BC[stage1_datasets_L40_stepsweep/bc_baseline_none_steps20000_tr0]:  93%|█████████▎| 18698/20000 [06:45<00:25, 51.47it/s, acc=0.320, device=mps, eta=30s, loss=1.9285, sps=46.1]
BC[stage1_datasets_L40_stepsweep/bc_baseline_none_steps20000_tr0]:  94%|█████████▎| 18704/20000 [06:45<00:29, 43.20it/s, acc=0.320, device=mps, eta=30s, loss=1.9285, sps=46.1]
BC[stage1_datasets_L40_stepsweep/bc_baseline_none_steps20000_tr0]:  94%|█████████▎| 18712/20000 [06:46<00:25, 50.37it/s, acc=0.320, device=mps, eta=30s, loss=1.9285, sps=46.1]
BC[stage1_datasets_L40_stepsweep/bc_baseline_none_steps20000_tr0]:  94%|█████████▎| 18720/20000 [06:46<00:22, 56.81it/s, acc=0.320, device=mps, eta=30s, loss=1.9285, sps=46.1]
BC[stage1_datasets_L40_stepsweep/bc_baseline_none_steps20000_tr0]:  94%|█████████▎| 18727/20000 [06:46<00:27, 45.67it/s, acc=0.320, device=mps, eta=30s, loss=1.9285, sps=46.1]
BC[stage1_datasets_L40_stepsweep/bc_baseline_none_steps20000_tr0]:  94%|█████████▎| 18733/20000 [06:46<00:26, 48.20it/s, acc=0.320, device=mps, eta=30s, loss=1.9285, sps=46.1]
BC[stage1_datasets_L40_stepsweep/bc_baseline_none_steps20000_tr0]:  94%|█████████▎| 18739/20000 [06:46<00:25, 49.54it/s, acc=0.320, device=mps, eta=30s, loss=1.9285, sps=46.1]
BC[stage1_datasets_L40_stepsweep/bc_baseline_none_steps20000_tr0]:  94%|█████████▎| 18745/20000 [06:46<00:32, 38.86it/s, acc=0.320, device=mps, eta=30s, loss=1.9285, sps=46.1]
BC[stage1_datasets_L40_stepsweep/bc_baseline_none_steps20000_tr0]:  94%|█████████▍| 18751/20000 [06:47<00:29, 42.52it/s, acc=0.320, device=mps, eta=30s, loss=1.9285, sps=46.1]
BC[stage1_datasets_L40_stepsweep/bc_baseline_none_steps20000_tr0]:  94%|█████████▍| 18758/20000 [06:47<00:26, 47.59it/s, acc=0.320, device=mps, eta=30s, loss=1.9285, sps=46.1]
BC[stage1_datasets_L40_stepsweep/bc_baseline_none_steps20000_tr0]:  94%|█████████▍| 18764/20000 [06:47<00:29, 41.37it/s, acc=0.320, device=mps, eta=30s, loss=1.9285, sps=46.1]
BC[stage1_datasets_L40_stepsweep/bc_baseline_none_steps20000_tr0]:  94%|█████████▍| 18771/20000 [06:47<00:26, 46.78it/s, acc=0.320, device=mps, eta=30s, loss=1.9285, sps=46.1]
BC[stage1_datasets_L40_stepsweep/bc_baseline_none_steps20000_tr0]:  94%|█████████▍| 18778/20000 [06:47<00:23, 51.84it/s, acc=0.320, device=mps, eta=30s, loss=1.9285, sps=46.1]
BC[stage1_datasets_L40_stepsweep/bc_baseline_none_steps20000_tr0]:  94%|█████████▍| 18784/20000 [06:47<00:28, 43.22it/s, acc=0.320, device=mps, eta=30s, loss=1.9285, sps=46.1]
BC[stage1_datasets_L40_stepsweep/bc_baseline_none_steps20000_tr0]:  94%|█████████▍| 18790/20000 [06:47<00:25, 46.66it/s, acc=0.320, device=mps, eta=30s, loss=1.9285, sps=46.1]
BC[stage1_datasets_L40_stepsweep/bc_baseline_none_steps20000_tr0]:  94%|█████████▍| 18797/20000 [06:47<00:23, 50.83it/s, acc=0.320, device=mps, eta=30s, loss=1.9285, sps=46.1]
BC[stage1_datasets_L40_stepsweep/bc_baseline_none_steps20000_tr0]:  94%|█████████▍| 18797/20000 [06:47<00:23, 50.83it/s, acc=0.319, device=mps, eta=26s, loss=1.9420, sps=46.1]
BC[stage1_datasets_L40_stepsweep/bc_baseline_none_steps20000_tr0]:  94%|█████████▍| 18803/20000 [06:48<00:28, 42.33it/s, acc=0.319, device=mps, eta=26s, loss=1.9420, sps=46.1]
BC[stage1_datasets_L40_stepsweep/bc_baseline_none_steps20000_tr0]:  94%|█████████▍| 18809/20000 [06:48<00:25, 45.95it/s, acc=0.319, device=mps, eta=26s, loss=1.9420, sps=46.1]
BC[stage1_datasets_L40_stepsweep/bc_baseline_none_steps20000_tr0]:  94%|█████████▍| 18816/20000 [06:48<00:23, 50.39it/s, acc=0.319, device=mps, eta=26s, loss=1.9420, sps=46.1]
BC[stage1_datasets_L40_stepsweep/bc_baseline_none_steps20000_tr0]:  94%|█████████▍| 18822/20000 [06:48<00:28, 41.75it/s, acc=0.319, device=mps, eta=26s, loss=1.9420, sps=46.1]
BC[stage1_datasets_L40_stepsweep/bc_baseline_none_steps20000_tr0]:  94%|█████████▍| 18830/20000 [06:48<00:23, 49.43it/s, acc=0.319, device=mps, eta=26s, loss=1.9420, sps=46.1]
BC[stage1_datasets_L40_stepsweep/bc_baseline_none_steps20000_tr0]:  94%|█████████▍| 18838/20000 [06:48<00:20, 55.68it/s, acc=0.319, device=mps, eta=26s, loss=1.9420, sps=46.1]
BC[stage1_datasets_L40_stepsweep/bc_baseline_none_steps20000_tr0]:  94%|█████████▍| 18845/20000 [06:48<00:24, 46.82it/s, acc=0.319, device=mps, eta=26s, loss=1.9420, sps=46.1]
BC[stage1_datasets_L40_stepsweep/bc_baseline_none_steps20000_tr0]:  94%|█████████▍| 18852/20000 [06:49<00:22, 50.46it/s, acc=0.319, device=mps, eta=26s, loss=1.9420, sps=46.1]
BC[stage1_datasets_L40_stepsweep/bc_baseline_none_steps20000_tr0]:  94%|█████████▍| 18858/20000 [06:49<00:21, 52.56it/s, acc=0.319, device=mps, eta=26s, loss=1.9420, sps=46.1]
BC[stage1_datasets_L40_stepsweep/bc_baseline_none_steps20000_tr0]:  94%|█████████▍| 18864/20000 [06:49<00:26, 42.88it/s, acc=0.319, device=mps, eta=26s, loss=1.9420, sps=46.1]
BC[stage1_datasets_L40_stepsweep/bc_baseline_none_steps20000_tr0]:  94%|█████████▍| 18870/20000 [06:49<00:24, 46.01it/s, acc=0.319, device=mps, eta=26s, loss=1.9420, sps=46.1]
BC[stage1_datasets_L40_stepsweep/bc_baseline_none_steps20000_tr0]:  94%|█████████▍| 18877/20000 [06:49<00:22, 50.73it/s, acc=0.319, device=mps, eta=26s, loss=1.9420, sps=46.1]
BC[stage1_datasets_L40_stepsweep/bc_baseline_none_steps20000_tr0]:  94%|█████████▍| 18883/20000 [06:49<00:26, 42.90it/s, acc=0.319, device=mps, eta=26s, loss=1.9420, sps=46.1]
BC[stage1_datasets_L40_stepsweep/bc_baseline_none_steps20000_tr0]:  94%|█████████▍| 18890/20000 [06:49<00:23, 47.70it/s, acc=0.319, device=mps, eta=26s, loss=1.9420, sps=46.1]
BC[stage1_datasets_L40_stepsweep/bc_baseline_none_steps20000_tr0]:  94%|█████████▍| 18897/20000 [06:50<00:21, 51.17it/s, acc=0.319, device=mps, eta=26s, loss=1.9420, sps=46.1]
BC[stage1_datasets_L40_stepsweep/bc_baseline_none_steps20000_tr0]:  95%|█████████▍| 18903/20000 [06:50<00:25, 42.48it/s, acc=0.319, device=mps, eta=26s, loss=1.9420, sps=46.1]
BC[stage1_datasets_L40_stepsweep/bc_baseline_none_steps20000_tr0]:  95%|█████████▍| 18911/20000 [06:50<00:21, 50.31it/s, acc=0.319, device=mps, eta=26s, loss=1.9420, sps=46.1]
BC[stage1_datasets_L40_stepsweep/bc_baseline_none_steps20000_tr0]:  95%|█████████▍| 18919/20000 [06:50<00:18, 57.30it/s, acc=0.319, device=mps, eta=26s, loss=1.9420, sps=46.1]
BC[stage1_datasets_L40_stepsweep/bc_baseline_none_steps20000_tr0]:  95%|█████████▍| 18926/20000 [06:50<00:22, 48.24it/s, acc=0.319, device=mps, eta=26s, loss=1.9420, sps=46.1]
BC[stage1_datasets_L40_stepsweep/bc_baseline_none_steps20000_tr0]:  95%|█████████▍| 18934/20000 [06:50<00:19, 53.61it/s, acc=0.319, device=mps, eta=26s, loss=1.9420, sps=46.1]
BC[stage1_datasets_L40_stepsweep/bc_baseline_none_steps20000_tr0]:  95%|█████████▍| 18941/20000 [06:50<00:23, 44.69it/s, acc=0.319, device=mps, eta=26s, loss=1.9420, sps=46.1]
BC[stage1_datasets_L40_stepsweep/bc_baseline_none_steps20000_tr0]:  95%|█████████▍| 18949/20000 [06:51<00:20, 51.55it/s, acc=0.319, device=mps, eta=26s, loss=1.9420, sps=46.1]
BC[stage1_datasets_L40_stepsweep/bc_baseline_none_steps20000_tr0]:  95%|█████████▍| 18957/20000 [06:51<00:18, 57.37it/s, acc=0.319, device=mps, eta=26s, loss=1.9420, sps=46.1]
BC[stage1_datasets_L40_stepsweep/bc_baseline_none_steps20000_tr0]:  95%|█████████▍| 18964/20000 [06:51<00:21, 48.20it/s, acc=0.319, device=mps, eta=26s, loss=1.9420, sps=46.1]
BC[stage1_datasets_L40_stepsweep/bc_baseline_none_steps20000_tr0]:  95%|█████████▍| 18971/20000 [06:51<00:19, 51.65it/s, acc=0.319, device=mps, eta=26s, loss=1.9420, sps=46.1]
BC[stage1_datasets_L40_stepsweep/bc_baseline_none_steps20000_tr0]:  95%|█████████▍| 18977/20000 [06:51<00:19, 53.30it/s, acc=0.319, device=mps, eta=26s, loss=1.9420, sps=46.1]
BC[stage1_datasets_L40_stepsweep/bc_baseline_none_steps20000_tr0]:  95%|█████████▍| 18983/20000 [06:51<00:23, 43.08it/s, acc=0.319, device=mps, eta=26s, loss=1.9420, sps=46.1]
BC[stage1_datasets_L40_stepsweep/bc_baseline_none_steps20000_tr0]:  95%|█████████▍| 18989/20000 [06:51<00:22, 45.87it/s, acc=0.319, device=mps, eta=26s, loss=1.9420, sps=46.1]
BC[stage1_datasets_L40_stepsweep/bc_baseline_none_steps20000_tr0]:  95%|█████████▍| 18996/20000 [06:52<00:20, 49.70it/s, acc=0.319, device=mps, eta=26s, loss=1.9420, sps=46.1]
BC[stage1_datasets_L40_stepsweep/bc_baseline_none_steps20000_tr0]:  95%|█████████▍| 18996/20000 [06:52<00:20, 49.70it/s, acc=0.323, device=mps, eta=22s, loss=1.9319, sps=46.1]
BC[stage1_datasets_L40_stepsweep/bc_baseline_none_steps20000_tr0]:  95%|█████████▌| 19002/20000 [06:52<00:24, 41.57it/s, acc=0.323, device=mps, eta=22s, loss=1.9319, sps=46.1]
BC[stage1_datasets_L40_stepsweep/bc_baseline_none_steps20000_tr0]:  95%|█████████▌| 19008/20000 [06:52<00:22, 44.59it/s, acc=0.323, device=mps, eta=22s, loss=1.9319, sps=46.1]
BC[stage1_datasets_L40_stepsweep/bc_baseline_none_steps20000_tr0]:  95%|█████████▌| 19014/20000 [06:52<00:20, 47.53it/s, acc=0.323, device=mps, eta=22s, loss=1.9319, sps=46.1]
BC[stage1_datasets_L40_stepsweep/bc_baseline_none_steps20000_tr0]:  95%|█████████▌| 19021/20000 [06:52<00:24, 39.97it/s, acc=0.323, device=mps, eta=22s, loss=1.9319, sps=46.1]
BC[stage1_datasets_L40_stepsweep/bc_baseline_none_steps20000_tr0]:  95%|█████████▌| 19029/20000 [06:52<00:20, 47.79it/s, acc=0.323, device=mps, eta=22s, loss=1.9319, sps=46.1]
BC[stage1_datasets_L40_stepsweep/bc_baseline_none_steps20000_tr0]:  95%|█████████▌| 19037/20000 [06:52<00:17, 54.65it/s, acc=0.323, device=mps, eta=22s, loss=1.9319, sps=46.1]
BC[stage1_datasets_L40_stepsweep/bc_baseline_none_steps20000_tr0]:  95%|█████████▌| 19044/20000 [06:53<00:20, 46.15it/s, acc=0.323, device=mps, eta=22s, loss=1.9319, sps=46.1]
BC[stage1_datasets_L40_stepsweep/bc_baseline_none_steps20000_tr0]:  95%|█████████▌| 19052/20000 [06:53<00:17, 52.81it/s, acc=0.323, device=mps, eta=22s, loss=1.9319, sps=46.1]
BC[stage1_datasets_L40_stepsweep/bc_baseline_none_steps20000_tr0]:  95%|█████████▌| 19061/20000 [06:53<00:19, 47.44it/s, acc=0.323, device=mps, eta=22s, loss=1.9319, sps=46.1]
BC[stage1_datasets_L40_stepsweep/bc_baseline_none_steps20000_tr0]:  95%|█████████▌| 19069/20000 [06:53<00:17, 53.49it/s, acc=0.323, device=mps, eta=22s, loss=1.9319, sps=46.1]
BC[stage1_datasets_L40_stepsweep/bc_baseline_none_steps20000_tr0]:  95%|█████████▌| 19077/20000 [06:53<00:15, 59.02it/s, acc=0.323, device=mps, eta=22s, loss=1.9319, sps=46.1]
BC[stage1_datasets_L40_stepsweep/bc_baseline_none_steps20000_tr0]:  95%|█████████▌| 19084/20000 [06:53<00:18, 49.90it/s, acc=0.323, device=mps, eta=22s, loss=1.9319, sps=46.1]
BC[stage1_datasets_L40_stepsweep/bc_baseline_none_steps20000_tr0]:  95%|█████████▌| 19091/20000 [06:53<00:16, 53.99it/s, acc=0.323, device=mps, eta=22s, loss=1.9319, sps=46.1]
BC[stage1_datasets_L40_stepsweep/bc_baseline_none_steps20000_tr0]:  95%|█████████▌| 19098/20000 [06:54<00:15, 57.66it/s, acc=0.323, device=mps, eta=22s, loss=1.9319, sps=46.1]
BC[stage1_datasets_L40_stepsweep/bc_baseline_none_steps20000_tr0]:  96%|█████████▌| 19105/20000 [06:54<00:18, 47.24it/s, acc=0.323, device=mps, eta=22s, loss=1.9319, sps=46.1]
BC[stage1_datasets_L40_stepsweep/bc_baseline_none_steps20000_tr0]:  96%|█████████▌| 19111/20000 [06:54<00:17, 50.02it/s, acc=0.323, device=mps, eta=22s, loss=1.9319, sps=46.1]
BC[stage1_datasets_L40_stepsweep/bc_baseline_none_steps20000_tr0]:  96%|█████████▌| 19118/20000 [06:54<00:16, 53.45it/s, acc=0.323, device=mps, eta=22s, loss=1.9319, sps=46.1]
BC[stage1_datasets_L40_stepsweep/bc_baseline_none_steps20000_tr0]:  96%|█████████▌| 19124/20000 [06:54<00:19, 43.99it/s, acc=0.323, device=mps, eta=22s, loss=1.9319, sps=46.1]
BC[stage1_datasets_L40_stepsweep/bc_baseline_none_steps20000_tr0]:  96%|█████████▌| 19132/20000 [06:54<00:16, 51.27it/s, acc=0.323, device=mps, eta=22s, loss=1.9319, sps=46.1]
BC[stage1_datasets_L40_stepsweep/bc_baseline_none_steps20000_tr0]:  96%|█████████▌| 19141/20000 [06:55<00:18, 45.74it/s, acc=0.323, device=mps, eta=22s, loss=1.9319, sps=46.1]
BC[stage1_datasets_L40_stepsweep/bc_baseline_none_steps20000_tr0]:  96%|█████████▌| 19148/20000 [06:55<00:17, 48.82it/s, acc=0.323, device=mps, eta=22s, loss=1.9319, sps=46.1]
BC[stage1_datasets_L40_stepsweep/bc_baseline_none_steps20000_tr0]:  96%|█████████▌| 19154/20000 [06:55<00:16, 50.81it/s, acc=0.323, device=mps, eta=22s, loss=1.9319, sps=46.1]
BC[stage1_datasets_L40_stepsweep/bc_baseline_none_steps20000_tr0]:  96%|█████████▌| 19161/20000 [06:55<00:19, 43.43it/s, acc=0.323, device=mps, eta=22s, loss=1.9319, sps=46.1]
BC[stage1_datasets_L40_stepsweep/bc_baseline_none_steps20000_tr0]:  96%|█████████▌| 19169/20000 [06:55<00:16, 50.49it/s, acc=0.323, device=mps, eta=22s, loss=1.9319, sps=46.1]
BC[stage1_datasets_L40_stepsweep/bc_baseline_none_steps20000_tr0]:  96%|█████████▌| 19177/20000 [06:55<00:14, 56.72it/s, acc=0.323, device=mps, eta=22s, loss=1.9319, sps=46.1]
BC[stage1_datasets_L40_stepsweep/bc_baseline_none_steps20000_tr0]:  96%|█████████▌| 19184/20000 [06:55<00:17, 47.28it/s, acc=0.323, device=mps, eta=22s, loss=1.9319, sps=46.1]
BC[stage1_datasets_L40_stepsweep/bc_baseline_none_steps20000_tr0]:  96%|█████████▌| 19192/20000 [06:55<00:15, 53.62it/s, acc=0.323, device=mps, eta=22s, loss=1.9319, sps=46.1]
BC[stage1_datasets_L40_stepsweep/bc_baseline_none_steps20000_tr0]:  96%|█████████▌| 19192/20000 [06:56<00:15, 53.62it/s, acc=0.322, device=mps, eta=17s, loss=1.9319, sps=46.1]
BC[stage1_datasets_L40_stepsweep/bc_baseline_none_steps20000_tr0]:  96%|█████████▌| 19200/20000 [06:56<00:13, 59.58it/s, acc=0.322, device=mps, eta=17s, loss=1.9319, sps=46.1]
BC[stage1_datasets_L40_stepsweep/bc_baseline_none_steps20000_tr0]:  96%|█████████▌| 19207/20000 [06:56<00:16, 48.01it/s, acc=0.322, device=mps, eta=17s, loss=1.9319, sps=46.1]
BC[stage1_datasets_L40_stepsweep/bc_baseline_none_steps20000_tr0]:  96%|█████████▌| 19213/20000 [06:56<00:15, 50.50it/s, acc=0.322, device=mps, eta=17s, loss=1.9319, sps=46.1]
BC[stage1_datasets_L40_stepsweep/bc_baseline_none_steps20000_tr0]:  96%|█████████▌| 19220/20000 [06:56<00:14, 53.79it/s, acc=0.322, device=mps, eta=17s, loss=1.9319, sps=46.1]
BC[stage1_datasets_L40_stepsweep/bc_baseline_none_steps20000_tr0]:  96%|█████████▌| 19226/20000 [06:56<00:18, 42.90it/s, acc=0.322, device=mps, eta=17s, loss=1.9319, sps=46.1]
BC[stage1_datasets_L40_stepsweep/bc_baseline_none_steps20000_tr0]:  96%|█████████▌| 19232/20000 [06:56<00:16, 45.18it/s, acc=0.322, device=mps, eta=17s, loss=1.9319, sps=46.1]
BC[stage1_datasets_L40_stepsweep/bc_baseline_none_steps20000_tr0]:  96%|█████████▌| 19238/20000 [06:56<00:15, 47.84it/s, acc=0.322, device=mps, eta=17s, loss=1.9319, sps=46.1]
BC[stage1_datasets_L40_stepsweep/bc_baseline_none_steps20000_tr0]:  96%|█████████▌| 19244/20000 [06:57<00:18, 40.74it/s, acc=0.322, device=mps, eta=17s, loss=1.9319, sps=46.1]
BC[stage1_datasets_L40_stepsweep/bc_baseline_none_steps20000_tr0]:  96%|█████████▋| 19251/20000 [06:57<00:16, 45.85it/s, acc=0.322, device=mps, eta=17s, loss=1.9319, sps=46.1]
BC[stage1_datasets_L40_stepsweep/bc_baseline_none_steps20000_tr0]:  96%|█████████▋| 19258/20000 [06:57<00:14, 50.16it/s, acc=0.322, device=mps, eta=17s, loss=1.9319, sps=46.1]
BC[stage1_datasets_L40_stepsweep/bc_baseline_none_steps20000_tr0]:  96%|█████████▋| 19264/20000 [06:57<00:17, 42.07it/s, acc=0.322, device=mps, eta=17s, loss=1.9319, sps=46.1]
BC[stage1_datasets_L40_stepsweep/bc_baseline_none_steps20000_tr0]:  96%|█████████▋| 19270/20000 [06:57<00:16, 45.41it/s, acc=0.322, device=mps, eta=17s, loss=1.9319, sps=46.1]
BC[stage1_datasets_L40_stepsweep/bc_baseline_none_steps20000_tr0]:  96%|█████████▋| 19276/20000 [06:57<00:14, 48.77it/s, acc=0.322, device=mps, eta=17s, loss=1.9319, sps=46.1]
BC[stage1_datasets_L40_stepsweep/bc_baseline_none_steps20000_tr0]:  96%|█████████▋| 19282/20000 [06:58<00:17, 39.98it/s, acc=0.322, device=mps, eta=17s, loss=1.9319, sps=46.1]
BC[stage1_datasets_L40_stepsweep/bc_baseline_none_steps20000_tr0]:  96%|█████████▋| 19289/20000 [06:58<00:15, 44.90it/s, acc=0.322, device=mps, eta=17s, loss=1.9319, sps=46.1]
BC[stage1_datasets_L40_stepsweep/bc_baseline_none_steps20000_tr0]:  96%|█████████▋| 19295/20000 [06:58<00:14, 48.11it/s, acc=0.322, device=mps, eta=17s, loss=1.9319, sps=46.1]
BC[stage1_datasets_L40_stepsweep/bc_baseline_none_steps20000_tr0]:  97%|█████████▋| 19301/20000 [06:58<00:17, 40.67it/s, acc=0.322, device=mps, eta=17s, loss=1.9319, sps=46.1]
BC[stage1_datasets_L40_stepsweep/bc_baseline_none_steps20000_tr0]:  97%|█████████▋| 19309/20000 [06:58<00:14, 48.70it/s, acc=0.322, device=mps, eta=17s, loss=1.9319, sps=46.1]
BC[stage1_datasets_L40_stepsweep/bc_baseline_none_steps20000_tr0]:  97%|█████████▋| 19317/20000 [06:58<00:12, 55.09it/s, acc=0.322, device=mps, eta=17s, loss=1.9319, sps=46.1]
BC[stage1_datasets_L40_stepsweep/bc_baseline_none_steps20000_tr0]:  97%|█████████▋| 19324/20000 [06:58<00:14, 46.31it/s, acc=0.322, device=mps, eta=17s, loss=1.9319, sps=46.1]
BC[stage1_datasets_L40_stepsweep/bc_baseline_none_steps20000_tr0]:  97%|█████████▋| 19332/20000 [06:58<00:12, 52.94it/s, acc=0.322, device=mps, eta=17s, loss=1.9319, sps=46.1]
BC[stage1_datasets_L40_stepsweep/bc_baseline_none_steps20000_tr0]:  97%|█████████▋| 19340/20000 [06:59<00:11, 59.29it/s, acc=0.322, device=mps, eta=17s, loss=1.9319, sps=46.1]
BC[stage1_datasets_L40_stepsweep/bc_baseline_none_steps20000_tr0]:  97%|█████████▋| 19347/20000 [06:59<00:13, 47.78it/s, acc=0.322, device=mps, eta=17s, loss=1.9319, sps=46.1]
BC[stage1_datasets_L40_stepsweep/bc_baseline_none_steps20000_tr0]:  97%|█████████▋| 19353/20000 [06:59<00:12, 49.88it/s, acc=0.322, device=mps, eta=17s, loss=1.9319, sps=46.1]
BC[stage1_datasets_L40_stepsweep/bc_baseline_none_steps20000_tr0]:  97%|█████████▋| 19359/20000 [06:59<00:12, 50.92it/s, acc=0.322, device=mps, eta=17s, loss=1.9319, sps=46.1]
BC[stage1_datasets_L40_stepsweep/bc_baseline_none_steps20000_tr0]:  97%|█████████▋| 19365/20000 [06:59<00:15, 41.39it/s, acc=0.322, device=mps, eta=17s, loss=1.9319, sps=46.1]
BC[stage1_datasets_L40_stepsweep/bc_baseline_none_steps20000_tr0]:  97%|█████████▋| 19371/20000 [06:59<00:14, 43.69it/s, acc=0.322, device=mps, eta=17s, loss=1.9319, sps=46.1]
BC[stage1_datasets_L40_stepsweep/bc_baseline_none_steps20000_tr0]:  97%|█████████▋| 19377/20000 [06:59<00:13, 46.59it/s, acc=0.322, device=mps, eta=17s, loss=1.9319, sps=46.1]
BC[stage1_datasets_L40_stepsweep/bc_baseline_none_steps20000_tr0]:  97%|█████████▋| 19383/20000 [07:00<00:15, 40.39it/s, acc=0.322, device=mps, eta=17s, loss=1.9319, sps=46.1]
BC[stage1_datasets_L40_stepsweep/bc_baseline_none_steps20000_tr0]:  97%|█████████▋| 19391/20000 [07:00<00:12, 48.34it/s, acc=0.322, device=mps, eta=17s, loss=1.9319, sps=46.1]
BC[stage1_datasets_L40_stepsweep/bc_baseline_none_steps20000_tr0]:  97%|█████████▋| 19399/20000 [07:00<00:10, 55.37it/s, acc=0.322, device=mps, eta=17s, loss=1.9319, sps=46.1]
BC[stage1_datasets_L40_stepsweep/bc_baseline_none_steps20000_tr0]:  97%|█████████▋| 19399/20000 [07:00<00:10, 55.37it/s, acc=0.322, device=mps, eta=13s, loss=1.9272, sps=46.2]
BC[stage1_datasets_L40_stepsweep/bc_baseline_none_steps20000_tr0]:  97%|█████████▋| 19406/20000 [07:00<00:12, 46.40it/s, acc=0.322, device=mps, eta=13s, loss=1.9272, sps=46.2]
BC[stage1_datasets_L40_stepsweep/bc_baseline_none_steps20000_tr0]:  97%|█████████▋| 19412/20000 [07:00<00:11, 49.28it/s, acc=0.322, device=mps, eta=13s, loss=1.9272, sps=46.2]
BC[stage1_datasets_L40_stepsweep/bc_baseline_none_steps20000_tr0]:  97%|█████████▋| 19418/20000 [07:00<00:11, 51.31it/s, acc=0.322, device=mps, eta=13s, loss=1.9272, sps=46.2]
BC[stage1_datasets_L40_stepsweep/bc_baseline_none_steps20000_tr0]:  97%|█████████▋| 19424/20000 [07:00<00:13, 41.62it/s, acc=0.322, device=mps, eta=13s, loss=1.9272, sps=46.2]
BC[stage1_datasets_L40_stepsweep/bc_baseline_none_steps20000_tr0]:  97%|█████████▋| 19430/20000 [07:01<00:12, 44.27it/s, acc=0.322, device=mps, eta=13s, loss=1.9272, sps=46.2]
BC[stage1_datasets_L40_stepsweep/bc_baseline_none_steps20000_tr0]:  97%|█████████▋| 19436/20000 [07:01<00:11, 47.01it/s, acc=0.322, device=mps, eta=13s, loss=1.9272, sps=46.2]
BC[stage1_datasets_L40_stepsweep/bc_baseline_none_steps20000_tr0]:  97%|█████████▋| 19442/20000 [07:01<00:14, 38.93it/s, acc=0.322, device=mps, eta=13s, loss=1.9272, sps=46.2]
BC[stage1_datasets_L40_stepsweep/bc_baseline_none_steps20000_tr0]:  97%|█████████▋| 19447/20000 [07:01<00:13, 41.08it/s, acc=0.322, device=mps, eta=13s, loss=1.9272, sps=46.2]
BC[stage1_datasets_L40_stepsweep/bc_baseline_none_steps20000_tr0]:  97%|█████████▋| 19454/20000 [07:01<00:11, 46.53it/s, acc=0.322, device=mps, eta=13s, loss=1.9272, sps=46.2]
BC[stage1_datasets_L40_stepsweep/bc_baseline_none_steps20000_tr0]:  97%|█████████▋| 19461/20000 [07:01<00:13, 41.40it/s, acc=0.322, device=mps, eta=13s, loss=1.9272, sps=46.2]
BC[stage1_datasets_L40_stepsweep/bc_baseline_none_steps20000_tr0]:  97%|█████████▋| 19469/20000 [07:01<00:10, 49.09it/s, acc=0.322, device=mps, eta=13s, loss=1.9272, sps=46.2]
BC[stage1_datasets_L40_stepsweep/bc_baseline_none_steps20000_tr0]:  97%|█████████▋| 19477/20000 [07:02<00:09, 55.17it/s, acc=0.322, device=mps, eta=13s, loss=1.9272, sps=46.2]
BC[stage1_datasets_L40_stepsweep/bc_baseline_none_steps20000_tr0]:  97%|█████████▋| 19484/20000 [07:02<00:11, 46.19it/s, acc=0.322, device=mps, eta=13s, loss=1.9272, sps=46.2]
BC[stage1_datasets_L40_stepsweep/bc_baseline_none_steps20000_tr0]:  97%|█████████▋| 19491/20000 [07:02<00:10, 49.67it/s, acc=0.322, device=mps, eta=13s, loss=1.9272, sps=46.2]
BC[stage1_datasets_L40_stepsweep/bc_baseline_none_steps20000_tr0]:  97%|█████████▋| 19498/20000 [07:02<00:09, 52.75it/s, acc=0.322, device=mps, eta=13s, loss=1.9272, sps=46.2]
BC[stage1_datasets_L40_stepsweep/bc_baseline_none_steps20000_tr0]:  98%|█████████▊| 19504/20000 [07:02<00:11, 43.53it/s, acc=0.322, device=mps, eta=13s, loss=1.9272, sps=46.2]
BC[stage1_datasets_L40_stepsweep/bc_baseline_none_steps20000_tr0]:  98%|█████████▊| 19510/20000 [07:02<00:10, 46.68it/s, acc=0.322, device=mps, eta=13s, loss=1.9272, sps=46.2]
BC[stage1_datasets_L40_stepsweep/bc_baseline_none_steps20000_tr0]:  98%|█████████▊| 19516/20000 [07:02<00:09, 49.62it/s, acc=0.322, device=mps, eta=13s, loss=1.9272, sps=46.2]
BC[stage1_datasets_L40_stepsweep/bc_baseline_none_steps20000_tr0]:  98%|█████████▊| 19522/20000 [07:03<00:11, 40.65it/s, acc=0.322, device=mps, eta=13s, loss=1.9272, sps=46.2]
BC[stage1_datasets_L40_stepsweep/bc_baseline_none_steps20000_tr0]:  98%|█████████▊| 19529/20000 [07:03<00:10, 45.25it/s, acc=0.322, device=mps, eta=13s, loss=1.9272, sps=46.2]
BC[stage1_datasets_L40_stepsweep/bc_baseline_none_steps20000_tr0]:  98%|█████████▊| 19535/20000 [07:03<00:09, 48.36it/s, acc=0.322, device=mps, eta=13s, loss=1.9272, sps=46.2]
BC[stage1_datasets_L40_stepsweep/bc_baseline_none_steps20000_tr0]:  98%|█████████▊| 19541/20000 [07:03<00:11, 40.92it/s, acc=0.322, device=mps, eta=13s, loss=1.9272, sps=46.2]
BC[stage1_datasets_L40_stepsweep/bc_baseline_none_steps20000_tr0]:  98%|█████████▊| 19549/20000 [07:03<00:09, 48.87it/s, acc=0.322, device=mps, eta=13s, loss=1.9272, sps=46.2]
BC[stage1_datasets_L40_stepsweep/bc_baseline_none_steps20000_tr0]:  98%|█████████▊| 19557/20000 [07:03<00:07, 55.78it/s, acc=0.322, device=mps, eta=13s, loss=1.9272, sps=46.2]
BC[stage1_datasets_L40_stepsweep/bc_baseline_none_steps20000_tr0]:  98%|█████████▊| 19564/20000 [07:03<00:09, 46.62it/s, acc=0.322, device=mps, eta=13s, loss=1.9272, sps=46.2]
BC[stage1_datasets_L40_stepsweep/bc_baseline_none_steps20000_tr0]:  98%|█████████▊| 19572/20000 [07:04<00:08, 53.19it/s, acc=0.322, device=mps, eta=13s, loss=1.9272, sps=46.2]
BC[stage1_datasets_L40_stepsweep/bc_baseline_none_steps20000_tr0]:  98%|█████████▊| 19580/20000 [07:04<00:07, 59.36it/s, acc=0.322, device=mps, eta=13s, loss=1.9272, sps=46.2]
BC[stage1_datasets_L40_stepsweep/bc_baseline_none_steps20000_tr0]:  98%|█████████▊| 19587/20000 [07:04<00:08, 47.73it/s, acc=0.322, device=mps, eta=13s, loss=1.9272, sps=46.2]
BC[stage1_datasets_L40_stepsweep/bc_baseline_none_steps20000_tr0]:  98%|█████████▊| 19593/20000 [07:04<00:08, 49.20it/s, acc=0.322, device=mps, eta=13s, loss=1.9272, sps=46.2]
BC[stage1_datasets_L40_stepsweep/bc_baseline_none_steps20000_tr0]:  98%|█████████▊| 19599/20000 [07:04<00:07, 50.86it/s, acc=0.322, device=mps, eta=13s, loss=1.9272, sps=46.2]
BC[stage1_datasets_L40_stepsweep/bc_baseline_none_steps20000_tr0]:  98%|█████████▊| 19599/20000 [07:04<00:07, 50.86it/s, acc=0.322, device=mps, eta=9s, loss=1.9313, sps=46.2] 
BC[stage1_datasets_L40_stepsweep/bc_baseline_none_steps20000_tr0]:  98%|█████████▊| 19605/20000 [07:04<00:09, 41.88it/s, acc=0.322, device=mps, eta=9s, loss=1.9313, sps=46.2]
BC[stage1_datasets_L40_stepsweep/bc_baseline_none_steps20000_tr0]:  98%|█████████▊| 19611/20000 [07:04<00:08, 45.33it/s, acc=0.322, device=mps, eta=9s, loss=1.9313, sps=46.2]
BC[stage1_datasets_L40_stepsweep/bc_baseline_none_steps20000_tr0]:  98%|█████████▊| 19618/20000 [07:05<00:07, 49.63it/s, acc=0.322, device=mps, eta=9s, loss=1.9313, sps=46.2]
BC[stage1_datasets_L40_stepsweep/bc_baseline_none_steps20000_tr0]:  98%|█████████▊| 19624/20000 [07:05<00:09, 41.61it/s, acc=0.322, device=mps, eta=9s, loss=1.9313, sps=46.2]
BC[stage1_datasets_L40_stepsweep/bc_baseline_none_steps20000_tr0]:  98%|█████████▊| 19630/20000 [07:05<00:08, 45.50it/s, acc=0.322, device=mps, eta=9s, loss=1.9313, sps=46.2]
BC[stage1_datasets_L40_stepsweep/bc_baseline_none_steps20000_tr0]:  98%|█████████▊| 19636/20000 [07:05<00:07, 48.92it/s, acc=0.322, device=mps, eta=9s, loss=1.9313, sps=46.2]
BC[stage1_datasets_L40_stepsweep/bc_baseline_none_steps20000_tr0]:  98%|█████████▊| 19642/20000 [07:05<00:08, 40.16it/s, acc=0.322, device=mps, eta=9s, loss=1.9313, sps=46.2]
BC[stage1_datasets_L40_stepsweep/bc_baseline_none_steps20000_tr0]:  98%|█████████▊| 19650/20000 [07:05<00:07, 48.15it/s, acc=0.322, device=mps, eta=9s, loss=1.9313, sps=46.2]
BC[stage1_datasets_L40_stepsweep/bc_baseline_none_steps20000_tr0]:  98%|█████████▊| 19658/20000 [07:05<00:06, 54.65it/s, acc=0.322, device=mps, eta=9s, loss=1.9313, sps=46.2]
BC[stage1_datasets_L40_stepsweep/bc_baseline_none_steps20000_tr0]:  98%|█████████▊| 19665/20000 [07:06<00:07, 45.70it/s, acc=0.322, device=mps, eta=9s, loss=1.9313, sps=46.2]
BC[stage1_datasets_L40_stepsweep/bc_baseline_none_steps20000_tr0]:  98%|█████████▊| 19671/20000 [07:06<00:06, 48.37it/s, acc=0.322, device=mps, eta=9s, loss=1.9313, sps=46.2]
BC[stage1_datasets_L40_stepsweep/bc_baseline_none_steps20000_tr0]:  98%|█████████▊| 19678/20000 [07:06<00:06, 51.71it/s, acc=0.322, device=mps, eta=9s, loss=1.9313, sps=46.2]
BC[stage1_datasets_L40_stepsweep/bc_baseline_none_steps20000_tr0]:  98%|█████████▊| 19684/20000 [07:06<00:07, 42.99it/s, acc=0.322, device=mps, eta=9s, loss=1.9313, sps=46.2]
BC[stage1_datasets_L40_stepsweep/bc_baseline_none_steps20000_tr0]:  98%|█████████▊| 19690/20000 [07:06<00:06, 46.58it/s, acc=0.322, device=mps, eta=9s, loss=1.9313, sps=46.2]
BC[stage1_datasets_L40_stepsweep/bc_baseline_none_steps20000_tr0]:  98%|█████████▊| 19697/20000 [07:06<00:05, 50.68it/s, acc=0.322, device=mps, eta=9s, loss=1.9313, sps=46.2]
BC[stage1_datasets_L40_stepsweep/bc_baseline_none_steps20000_tr0]:  99%|█████████▊| 19703/20000 [07:06<00:07, 42.19it/s, acc=0.322, device=mps, eta=9s, loss=1.9313, sps=46.2]
BC[stage1_datasets_L40_stepsweep/bc_baseline_none_steps20000_tr0]:  99%|█████████▊| 19711/20000 [07:07<00:05, 49.89it/s, acc=0.322, device=mps, eta=9s, loss=1.9313, sps=46.2]
BC[stage1_datasets_L40_stepsweep/bc_baseline_none_steps20000_tr0]:  99%|█████████▊| 19719/20000 [07:07<00:05, 56.05it/s, acc=0.322, device=mps, eta=9s, loss=1.9313, sps=46.2]
BC[stage1_datasets_L40_stepsweep/bc_baseline_none_steps20000_tr0]:  99%|█████████▊| 19726/20000 [07:07<00:05, 46.30it/s, acc=0.322, device=mps, eta=9s, loss=1.9313, sps=46.2]
BC[stage1_datasets_L40_stepsweep/bc_baseline_none_steps20000_tr0]:  99%|█████████▊| 19732/20000 [07:07<00:05, 48.22it/s, acc=0.322, device=mps, eta=9s, loss=1.9313, sps=46.2]
BC[stage1_datasets_L40_stepsweep/bc_baseline_none_steps20000_tr0]:  99%|█████████▊| 19738/20000 [07:07<00:05, 50.63it/s, acc=0.322, device=mps, eta=9s, loss=1.9313, sps=46.2]
BC[stage1_datasets_L40_stepsweep/bc_baseline_none_steps20000_tr0]:  99%|█████████▊| 19744/20000 [07:07<00:06, 41.55it/s, acc=0.322, device=mps, eta=9s, loss=1.9313, sps=46.2]
BC[stage1_datasets_L40_stepsweep/bc_baseline_none_steps20000_tr0]:  99%|█████████▉| 19750/20000 [07:07<00:05, 45.28it/s, acc=0.322, device=mps, eta=9s, loss=1.9313, sps=46.2]
BC[stage1_datasets_L40_stepsweep/bc_baseline_none_steps20000_tr0]:  99%|█████████▉| 19757/20000 [07:07<00:04, 49.33it/s, acc=0.322, device=mps, eta=9s, loss=1.9313, sps=46.2]
BC[stage1_datasets_L40_stepsweep/bc_baseline_none_steps20000_tr0]:  99%|█████████▉| 19763/20000 [07:08<00:05, 41.61it/s, acc=0.322, device=mps, eta=9s, loss=1.9313, sps=46.2]
BC[stage1_datasets_L40_stepsweep/bc_baseline_none_steps20000_tr0]:  99%|█████████▉| 19770/20000 [07:08<00:04, 46.53it/s, acc=0.322, device=mps, eta=9s, loss=1.9313, sps=46.2]
BC[stage1_datasets_L40_stepsweep/bc_baseline_none_steps20000_tr0]:  99%|█████████▉| 19777/20000 [07:08<00:04, 50.50it/s, acc=0.322, device=mps, eta=9s, loss=1.9313, sps=46.2]
BC[stage1_datasets_L40_stepsweep/bc_baseline_none_steps20000_tr0]:  99%|█████████▉| 19783/20000 [07:08<00:05, 42.12it/s, acc=0.322, device=mps, eta=9s, loss=1.9313, sps=46.2]
BC[stage1_datasets_L40_stepsweep/bc_baseline_none_steps20000_tr0]:  99%|█████████▉| 19791/20000 [07:08<00:04, 49.89it/s, acc=0.322, device=mps, eta=9s, loss=1.9313, sps=46.2]
BC[stage1_datasets_L40_stepsweep/bc_baseline_none_steps20000_tr0]:  99%|█████████▉| 19799/20000 [07:08<00:03, 56.42it/s, acc=0.322, device=mps, eta=9s, loss=1.9313, sps=46.2]
BC[stage1_datasets_L40_stepsweep/bc_baseline_none_steps20000_tr0]:  99%|█████████▉| 19799/20000 [07:08<00:03, 56.42it/s, acc=0.323, device=mps, eta=4s, loss=1.9221, sps=46.2]
BC[stage1_datasets_L40_stepsweep/bc_baseline_none_steps20000_tr0]:  99%|█████████▉| 19806/20000 [07:09<00:04, 46.84it/s, acc=0.323, device=mps, eta=4s, loss=1.9221, sps=46.2]
BC[stage1_datasets_L40_stepsweep/bc_baseline_none_steps20000_tr0]:  99%|█████████▉| 19813/20000 [07:09<00:03, 50.18it/s, acc=0.323, device=mps, eta=4s, loss=1.9221, sps=46.2]
BC[stage1_datasets_L40_stepsweep/bc_baseline_none_steps20000_tr0]:  99%|█████████▉| 19820/20000 [07:09<00:03, 54.35it/s, acc=0.323, device=mps, eta=4s, loss=1.9221, sps=46.2]
BC[stage1_datasets_L40_stepsweep/bc_baseline_none_steps20000_tr0]:  99%|█████████▉| 19826/20000 [07:09<00:03, 43.60it/s, acc=0.323, device=mps, eta=4s, loss=1.9221, sps=46.2]
BC[stage1_datasets_L40_stepsweep/bc_baseline_none_steps20000_tr0]:  99%|█████████▉| 19832/20000 [07:09<00:03, 46.94it/s, acc=0.323, device=mps, eta=4s, loss=1.9221, sps=46.2]
BC[stage1_datasets_L40_stepsweep/bc_baseline_none_steps20000_tr0]:  99%|█████████▉| 19839/20000 [07:09<00:03, 50.58it/s, acc=0.323, device=mps, eta=4s, loss=1.9221, sps=46.2]
BC[stage1_datasets_L40_stepsweep/bc_baseline_none_steps20000_tr0]:  99%|█████████▉| 19845/20000 [07:09<00:03, 42.03it/s, acc=0.323, device=mps, eta=4s, loss=1.9221, sps=46.2]
BC[stage1_datasets_L40_stepsweep/bc_baseline_none_steps20000_tr0]:  99%|█████████▉| 19851/20000 [07:09<00:03, 45.00it/s, acc=0.323, device=mps, eta=4s, loss=1.9221, sps=46.2]
BC[stage1_datasets_L40_stepsweep/bc_baseline_none_steps20000_tr0]:  99%|█████████▉| 19857/20000 [07:10<00:02, 48.28it/s, acc=0.323, device=mps, eta=4s, loss=1.9221, sps=46.2]
BC[stage1_datasets_L40_stepsweep/bc_baseline_none_steps20000_tr0]:  99%|█████████▉| 19863/20000 [07:10<00:03, 41.30it/s, acc=0.323, device=mps, eta=4s, loss=1.9221, sps=46.2]
BC[stage1_datasets_L40_stepsweep/bc_baseline_none_steps20000_tr0]:  99%|█████████▉| 19870/20000 [07:10<00:02, 47.34it/s, acc=0.323, device=mps, eta=4s, loss=1.9221, sps=46.2]
BC[stage1_datasets_L40_stepsweep/bc_baseline_none_steps20000_tr0]:  99%|█████████▉| 19877/20000 [07:10<00:02, 52.38it/s, acc=0.323, device=mps, eta=4s, loss=1.9221, sps=46.2]
BC[stage1_datasets_L40_stepsweep/bc_baseline_none_steps20000_tr0]:  99%|█████████▉| 19883/20000 [07:10<00:02, 44.03it/s, acc=0.323, device=mps, eta=4s, loss=1.9221, sps=46.2]
BC[stage1_datasets_L40_stepsweep/bc_baseline_none_steps20000_tr0]:  99%|█████████▉| 19890/20000 [07:10<00:02, 49.06it/s, acc=0.323, device=mps, eta=4s, loss=1.9221, sps=46.2]
BC[stage1_datasets_L40_stepsweep/bc_baseline_none_steps20000_tr0]:  99%|█████████▉| 19897/20000 [07:10<00:01, 52.98it/s, acc=0.323, device=mps, eta=4s, loss=1.9221, sps=46.2]
BC[stage1_datasets_L40_stepsweep/bc_baseline_none_steps20000_tr0]: 100%|█████████▉| 19903/20000 [07:11<00:02, 43.47it/s, acc=0.323, device=mps, eta=4s, loss=1.9221, sps=46.2]
BC[stage1_datasets_L40_stepsweep/bc_baseline_none_steps20000_tr0]: 100%|█████████▉| 19911/20000 [07:11<00:01, 51.14it/s, acc=0.323, device=mps, eta=4s, loss=1.9221, sps=46.2]
BC[stage1_datasets_L40_stepsweep/bc_baseline_none_steps20000_tr0]: 100%|█████████▉| 19919/20000 [07:11<00:01, 57.82it/s, acc=0.323, device=mps, eta=4s, loss=1.9221, sps=46.2]
BC[stage1_datasets_L40_stepsweep/bc_baseline_none_steps20000_tr0]: 100%|█████████▉| 19926/20000 [07:11<00:01, 48.08it/s, acc=0.323, device=mps, eta=4s, loss=1.9221, sps=46.2]
BC[stage1_datasets_L40_stepsweep/bc_baseline_none_steps20000_tr0]: 100%|█████████▉| 19933/20000 [07:11<00:01, 52.06it/s, acc=0.323, device=mps, eta=4s, loss=1.9221, sps=46.2]
BC[stage1_datasets_L40_stepsweep/bc_baseline_none_steps20000_tr0]: 100%|█████████▉| 19940/20000 [07:11<00:01, 55.18it/s, acc=0.323, device=mps, eta=4s, loss=1.9221, sps=46.2]
BC[stage1_datasets_L40_stepsweep/bc_baseline_none_steps20000_tr0]: 100%|█████████▉| 19946/20000 [07:11<00:01, 43.42it/s, acc=0.323, device=mps, eta=4s, loss=1.9221, sps=46.2]
BC[stage1_datasets_L40_stepsweep/bc_baseline_none_steps20000_tr0]: 100%|█████████▉| 19952/20000 [07:12<00:01, 45.36it/s, acc=0.323, device=mps, eta=4s, loss=1.9221, sps=46.2]
BC[stage1_datasets_L40_stepsweep/bc_baseline_none_steps20000_tr0]: 100%|█████████▉| 19958/20000 [07:12<00:00, 47.99it/s, acc=0.323, device=mps, eta=4s, loss=1.9221, sps=46.2]
BC[stage1_datasets_L40_stepsweep/bc_baseline_none_steps20000_tr0]: 100%|█████████▉| 19964/20000 [07:12<00:00, 40.28it/s, acc=0.323, device=mps, eta=4s, loss=1.9221, sps=46.2]
BC[stage1_datasets_L40_stepsweep/bc_baseline_none_steps20000_tr0]: 100%|█████████▉| 19969/20000 [07:12<00:00, 42.22it/s, acc=0.323, device=mps, eta=4s, loss=1.9221, sps=46.2]
BC[stage1_datasets_L40_stepsweep/bc_baseline_none_steps20000_tr0]: 100%|█████████▉| 19975/20000 [07:12<00:00, 45.73it/s, acc=0.323, device=mps, eta=4s, loss=1.9221, sps=46.2]
BC[stage1_datasets_L40_stepsweep/bc_baseline_none_steps20000_tr0]: 100%|█████████▉| 19981/20000 [07:12<00:00, 39.07it/s, acc=0.323, device=mps, eta=4s, loss=1.9221, sps=46.2]
BC[stage1_datasets_L40_stepsweep/bc_baseline_none_steps20000_tr0]: 100%|█████████▉| 19989/20000 [07:12<00:00, 47.35it/s, acc=0.323, device=mps, eta=4s, loss=1.9221, sps=46.2]
BC[stage1_datasets_L40_stepsweep/bc_baseline_none_steps20000_tr0]: 100%|█████████▉| 19997/20000 [07:13<00:00, 54.21it/s, acc=0.323, device=mps, eta=4s, loss=1.9221, sps=46.2]
BC[stage1_datasets_L40_stepsweep/bc_baseline_none_steps20000_tr0]: 100%|█████████▉| 19997/20000 [07:13<00:00, 54.21it/s, acc=0.321, device=mps, eta=0s, loss=1.9332, sps=46.2]
BC[stage1_datasets_L40_stepsweep/bc_baseline_none_steps20000_tr0]: 100%|██████████| 20000/20000 [07:13<00:00, 46.19it/s, acc=0.321, device=mps, eta=0s, loss=1.9332, sps=46.2]
Saved checkpoint: runs/stage1_datasets_L40_stepsweep/bc_baseline_none_steps20000_tr0/bc_ckpt.pt (elapsed 7m13s)
