$ /Users/marcovizcarra/miniforge3/envs/procgen-augmented-rl/bin/python -u scripts/train_bc_min.py --dataset-root data/stage1_datasets_L40/shift4_scale_0p8_1p2 --run-name stage1_datasets_L40_stepsweep/bc_shift4_scale_0p8_1p2_steps20000_tr0 --steps 20000 --batch-size 256 --lr 0.0003 --seed 0 --device auto

Device: mps
Run: stage1_datasets_L40_stepsweep/bc_shift4_scale_0p8_1p2_steps20000_tr0 | steps=20000 | batch_size=256 | lr=0.0003 | seed=0
Data: NPZ(manifest=data/stage1_datasets_L40/shift4_scale_0p8_1p2/manifest.json)

BC[stage1_datasets_L40_stepsweep/bc_shift4_scale_0p8_1p2_steps20000_tr0]:   0%|          | 0/20000 [00:00<?, ?it/s]
BC[stage1_datasets_L40_stepsweep/bc_shift4_scale_0p8_1p2_steps20000_tr0]:   0%|          | 0/20000 [00:00<?, ?it/s, acc=0.113, device=mps, eta=4h04m03s, loss=2.7039, sps=1.4]
BC[stage1_datasets_L40_stepsweep/bc_shift4_scale_0p8_1p2_steps20000_tr0]:   0%|          | 1/20000 [00:00<3:58:07,  1.40it/s, acc=0.113, device=mps, eta=4h04m03s, loss=2.7039, sps=1.4]
BC[stage1_datasets_L40_stepsweep/bc_shift4_scale_0p8_1p2_steps20000_tr0]:   0%|          | 5/20000 [00:00<43:00,  7.75it/s, acc=0.113, device=mps, eta=4h04m03s, loss=2.7039, sps=1.4]  
BC[stage1_datasets_L40_stepsweep/bc_shift4_scale_0p8_1p2_steps20000_tr0]:   0%|          | 12/20000 [00:00<17:01, 19.56it/s, acc=0.113, device=mps, eta=4h04m03s, loss=2.7039, sps=1.4]
BC[stage1_datasets_L40_stepsweep/bc_shift4_scale_0p8_1p2_steps20000_tr0]:   0%|          | 19/20000 [00:01<10:59, 30.29it/s, acc=0.113, device=mps, eta=4h04m03s, loss=2.7039, sps=1.4]
BC[stage1_datasets_L40_stepsweep/bc_shift4_scale_0p8_1p2_steps20000_tr0]:   0%|          | 25/20000 [00:01<15:00, 22.18it/s, acc=0.113, device=mps, eta=4h04m03s, loss=2.7039, sps=1.4]
BC[stage1_datasets_L40_stepsweep/bc_shift4_scale_0p8_1p2_steps20000_tr0]:   0%|          | 33/20000 [00:01<10:40, 31.16it/s, acc=0.113, device=mps, eta=4h04m03s, loss=2.7039, sps=1.4]
BC[stage1_datasets_L40_stepsweep/bc_shift4_scale_0p8_1p2_steps20000_tr0]:   0%|          | 41/20000 [00:01<11:34, 28.73it/s, acc=0.113, device=mps, eta=4h04m03s, loss=2.7039, sps=1.4]
BC[stage1_datasets_L40_stepsweep/bc_shift4_scale_0p8_1p2_steps20000_tr0]:   0%|          | 46/20000 [00:01<10:38, 31.25it/s, acc=0.113, device=mps, eta=4h04m03s, loss=2.7039, sps=1.4]
BC[stage1_datasets_L40_stepsweep/bc_shift4_scale_0p8_1p2_steps20000_tr0]:   0%|          | 53/20000 [00:02<08:50, 37.57it/s, acc=0.113, device=mps, eta=4h04m03s, loss=2.7039, sps=1.4]
BC[stage1_datasets_L40_stepsweep/bc_shift4_scale_0p8_1p2_steps20000_tr0]:   0%|          | 61/20000 [00:02<10:24, 31.91it/s, acc=0.113, device=mps, eta=4h04m03s, loss=2.7039, sps=1.4]
BC[stage1_datasets_L40_stepsweep/bc_shift4_scale_0p8_1p2_steps20000_tr0]:   0%|          | 66/20000 [00:02<09:46, 33.97it/s, acc=0.113, device=mps, eta=4h04m03s, loss=2.7039, sps=1.4]
BC[stage1_datasets_L40_stepsweep/bc_shift4_scale_0p8_1p2_steps20000_tr0]:   0%|          | 72/20000 [00:02<08:34, 38.75it/s, acc=0.113, device=mps, eta=4h04m03s, loss=2.7039, sps=1.4]
BC[stage1_datasets_L40_stepsweep/bc_shift4_scale_0p8_1p2_steps20000_tr0]:   0%|          | 79/20000 [00:02<07:25, 44.72it/s, acc=0.113, device=mps, eta=4h04m03s, loss=2.7039, sps=1.4]
BC[stage1_datasets_L40_stepsweep/bc_shift4_scale_0p8_1p2_steps20000_tr0]:   0%|          | 85/20000 [00:02<09:44, 34.05it/s, acc=0.113, device=mps, eta=4h04m03s, loss=2.7039, sps=1.4]
BC[stage1_datasets_L40_stepsweep/bc_shift4_scale_0p8_1p2_steps20000_tr0]:   0%|          | 93/20000 [00:03<07:53, 42.01it/s, acc=0.113, device=mps, eta=4h04m03s, loss=2.7039, sps=1.4]
BC[stage1_datasets_L40_stepsweep/bc_shift4_scale_0p8_1p2_steps20000_tr0]:   1%|          | 101/20000 [00:03<09:31, 34.83it/s, acc=0.113, device=mps, eta=4h04m03s, loss=2.7039, sps=1.4]
BC[stage1_datasets_L40_stepsweep/bc_shift4_scale_0p8_1p2_steps20000_tr0]:   1%|          | 109/20000 [00:03<07:52, 42.07it/s, acc=0.113, device=mps, eta=4h04m03s, loss=2.7039, sps=1.4]
BC[stage1_datasets_L40_stepsweep/bc_shift4_scale_0p8_1p2_steps20000_tr0]:   1%|          | 117/20000 [00:03<06:50, 48.49it/s, acc=0.113, device=mps, eta=4h04m03s, loss=2.7039, sps=1.4]
BC[stage1_datasets_L40_stepsweep/bc_shift4_scale_0p8_1p2_steps20000_tr0]:   1%|          | 123/20000 [00:03<09:18, 35.59it/s, acc=0.113, device=mps, eta=4h04m03s, loss=2.7039, sps=1.4]
BC[stage1_datasets_L40_stepsweep/bc_shift4_scale_0p8_1p2_steps20000_tr0]:   1%|          | 128/20000 [00:04<08:41, 38.12it/s, acc=0.113, device=mps, eta=4h04m03s, loss=2.7039, sps=1.4]
BC[stage1_datasets_L40_stepsweep/bc_shift4_scale_0p8_1p2_steps20000_tr0]:   1%|          | 134/20000 [00:04<07:57, 41.62it/s, acc=0.113, device=mps, eta=4h04m03s, loss=2.7039, sps=1.4]
BC[stage1_datasets_L40_stepsweep/bc_shift4_scale_0p8_1p2_steps20000_tr0]:   1%|          | 141/20000 [00:04<10:12, 32.44it/s, acc=0.113, device=mps, eta=4h04m03s, loss=2.7039, sps=1.4]
BC[stage1_datasets_L40_stepsweep/bc_shift4_scale_0p8_1p2_steps20000_tr0]:   1%|          | 146/20000 [00:04<09:22, 35.28it/s, acc=0.113, device=mps, eta=4h04m03s, loss=2.7039, sps=1.4]
BC[stage1_datasets_L40_stepsweep/bc_shift4_scale_0p8_1p2_steps20000_tr0]:   1%|          | 153/20000 [00:04<08:00, 41.27it/s, acc=0.113, device=mps, eta=4h04m03s, loss=2.7039, sps=1.4]
BC[stage1_datasets_L40_stepsweep/bc_shift4_scale_0p8_1p2_steps20000_tr0]:   1%|          | 161/20000 [00:04<09:37, 34.33it/s, acc=0.113, device=mps, eta=4h04m03s, loss=2.7039, sps=1.4]
BC[stage1_datasets_L40_stepsweep/bc_shift4_scale_0p8_1p2_steps20000_tr0]:   1%|          | 169/20000 [00:05<07:54, 41.81it/s, acc=0.113, device=mps, eta=4h04m03s, loss=2.7039, sps=1.4]
BC[stage1_datasets_L40_stepsweep/bc_shift4_scale_0p8_1p2_steps20000_tr0]:   1%|          | 177/20000 [00:05<06:50, 48.33it/s, acc=0.113, device=mps, eta=4h04m03s, loss=2.7039, sps=1.4]
BC[stage1_datasets_L40_stepsweep/bc_shift4_scale_0p8_1p2_steps20000_tr0]:   1%|          | 183/20000 [00:05<09:27, 34.91it/s, acc=0.113, device=mps, eta=4h04m03s, loss=2.7039, sps=1.4]
BC[stage1_datasets_L40_stepsweep/bc_shift4_scale_0p8_1p2_steps20000_tr0]:   1%|          | 189/20000 [00:05<08:36, 38.35it/s, acc=0.113, device=mps, eta=4h04m03s, loss=2.7039, sps=1.4]
BC[stage1_datasets_L40_stepsweep/bc_shift4_scale_0p8_1p2_steps20000_tr0]:   1%|          | 196/20000 [00:05<07:33, 43.66it/s, acc=0.113, device=mps, eta=4h04m03s, loss=2.7039, sps=1.4]
BC[stage1_datasets_L40_stepsweep/bc_shift4_scale_0p8_1p2_steps20000_tr0]:   1%|          | 196/20000 [00:05<07:33, 43.66it/s, acc=0.254, device=mps, eta=9m35s, loss=2.1506, sps=34.5]  
BC[stage1_datasets_L40_stepsweep/bc_shift4_scale_0p8_1p2_steps20000_tr0]:   1%|          | 202/20000 [00:06<09:49, 33.56it/s, acc=0.254, device=mps, eta=9m35s, loss=2.1506, sps=34.5]
BC[stage1_datasets_L40_stepsweep/bc_shift4_scale_0p8_1p2_steps20000_tr0]:   1%|          | 210/20000 [00:06<07:58, 41.38it/s, acc=0.254, device=mps, eta=9m35s, loss=2.1506, sps=34.5]
BC[stage1_datasets_L40_stepsweep/bc_shift4_scale_0p8_1p2_steps20000_tr0]:   1%|          | 218/20000 [00:06<06:49, 48.35it/s, acc=0.254, device=mps, eta=9m35s, loss=2.1506, sps=34.5]
BC[stage1_datasets_L40_stepsweep/bc_shift4_scale_0p8_1p2_steps20000_tr0]:   1%|          | 224/20000 [00:06<09:36, 34.30it/s, acc=0.254, device=mps, eta=9m35s, loss=2.1506, sps=34.5]
BC[stage1_datasets_L40_stepsweep/bc_shift4_scale_0p8_1p2_steps20000_tr0]:   1%|          | 230/20000 [00:06<08:38, 38.13it/s, acc=0.254, device=mps, eta=9m35s, loss=2.1506, sps=34.5]
BC[stage1_datasets_L40_stepsweep/bc_shift4_scale_0p8_1p2_steps20000_tr0]:   1%|          | 237/20000 [00:06<07:35, 43.35it/s, acc=0.254, device=mps, eta=9m35s, loss=2.1506, sps=34.5]
BC[stage1_datasets_L40_stepsweep/bc_shift4_scale_0p8_1p2_steps20000_tr0]:   1%|          | 243/20000 [00:07<09:51, 33.38it/s, acc=0.254, device=mps, eta=9m35s, loss=2.1506, sps=34.5]
BC[stage1_datasets_L40_stepsweep/bc_shift4_scale_0p8_1p2_steps20000_tr0]:   1%|          | 249/20000 [00:07<08:49, 37.28it/s, acc=0.254, device=mps, eta=9m35s, loss=2.1506, sps=34.5]
BC[stage1_datasets_L40_stepsweep/bc_shift4_scale_0p8_1p2_steps20000_tr0]:   1%|▏         | 255/20000 [00:07<07:54, 41.59it/s, acc=0.254, device=mps, eta=9m35s, loss=2.1506, sps=34.5]
BC[stage1_datasets_L40_stepsweep/bc_shift4_scale_0p8_1p2_steps20000_tr0]:   1%|▏         | 261/20000 [00:07<10:15, 32.07it/s, acc=0.254, device=mps, eta=9m35s, loss=2.1506, sps=34.5]
BC[stage1_datasets_L40_stepsweep/bc_shift4_scale_0p8_1p2_steps20000_tr0]:   1%|▏         | 269/20000 [00:07<08:09, 40.34it/s, acc=0.254, device=mps, eta=9m35s, loss=2.1506, sps=34.5]
BC[stage1_datasets_L40_stepsweep/bc_shift4_scale_0p8_1p2_steps20000_tr0]:   1%|▏         | 277/20000 [00:07<06:53, 47.71it/s, acc=0.254, device=mps, eta=9m35s, loss=2.1506, sps=34.5]
BC[stage1_datasets_L40_stepsweep/bc_shift4_scale_0p8_1p2_steps20000_tr0]:   1%|▏         | 283/20000 [00:08<09:08, 35.94it/s, acc=0.254, device=mps, eta=9m35s, loss=2.1506, sps=34.5]
BC[stage1_datasets_L40_stepsweep/bc_shift4_scale_0p8_1p2_steps20000_tr0]:   1%|▏         | 291/20000 [00:08<07:32, 43.58it/s, acc=0.254, device=mps, eta=9m35s, loss=2.1506, sps=34.5]
BC[stage1_datasets_L40_stepsweep/bc_shift4_scale_0p8_1p2_steps20000_tr0]:   1%|▏         | 299/20000 [00:08<06:32, 50.19it/s, acc=0.254, device=mps, eta=9m35s, loss=2.1506, sps=34.5]
BC[stage1_datasets_L40_stepsweep/bc_shift4_scale_0p8_1p2_steps20000_tr0]:   2%|▏         | 306/20000 [00:08<08:35, 38.20it/s, acc=0.254, device=mps, eta=9m35s, loss=2.1506, sps=34.5]
BC[stage1_datasets_L40_stepsweep/bc_shift4_scale_0p8_1p2_steps20000_tr0]:   2%|▏         | 314/20000 [00:08<07:14, 45.29it/s, acc=0.254, device=mps, eta=9m35s, loss=2.1506, sps=34.5]
BC[stage1_datasets_L40_stepsweep/bc_shift4_scale_0p8_1p2_steps20000_tr0]:   2%|▏         | 321/20000 [00:08<09:06, 36.03it/s, acc=0.254, device=mps, eta=9m35s, loss=2.1506, sps=34.5]
BC[stage1_datasets_L40_stepsweep/bc_shift4_scale_0p8_1p2_steps20000_tr0]:   2%|▏         | 329/20000 [00:09<07:35, 43.21it/s, acc=0.254, device=mps, eta=9m35s, loss=2.1506, sps=34.5]
BC[stage1_datasets_L40_stepsweep/bc_shift4_scale_0p8_1p2_steps20000_tr0]:   2%|▏         | 337/20000 [00:09<06:35, 49.67it/s, acc=0.254, device=mps, eta=9m35s, loss=2.1506, sps=34.5]
BC[stage1_datasets_L40_stepsweep/bc_shift4_scale_0p8_1p2_steps20000_tr0]:   2%|▏         | 344/20000 [00:09<08:35, 38.12it/s, acc=0.254, device=mps, eta=9m35s, loss=2.1506, sps=34.5]
BC[stage1_datasets_L40_stepsweep/bc_shift4_scale_0p8_1p2_steps20000_tr0]:   2%|▏         | 352/20000 [00:09<07:16, 45.04it/s, acc=0.254, device=mps, eta=9m35s, loss=2.1506, sps=34.5]
BC[stage1_datasets_L40_stepsweep/bc_shift4_scale_0p8_1p2_steps20000_tr0]:   2%|▏         | 360/20000 [00:09<06:20, 51.62it/s, acc=0.254, device=mps, eta=9m35s, loss=2.1506, sps=34.5]
BC[stage1_datasets_L40_stepsweep/bc_shift4_scale_0p8_1p2_steps20000_tr0]:   2%|▏         | 367/20000 [00:09<08:24, 38.93it/s, acc=0.254, device=mps, eta=9m35s, loss=2.1506, sps=34.5]
BC[stage1_datasets_L40_stepsweep/bc_shift4_scale_0p8_1p2_steps20000_tr0]:   2%|▏         | 375/20000 [00:10<07:12, 45.37it/s, acc=0.254, device=mps, eta=9m35s, loss=2.1506, sps=34.5]
BC[stage1_datasets_L40_stepsweep/bc_shift4_scale_0p8_1p2_steps20000_tr0]:   2%|▏         | 381/20000 [00:10<09:11, 35.60it/s, acc=0.254, device=mps, eta=9m35s, loss=2.1506, sps=34.5]
BC[stage1_datasets_L40_stepsweep/bc_shift4_scale_0p8_1p2_steps20000_tr0]:   2%|▏         | 389/20000 [00:10<07:36, 42.92it/s, acc=0.254, device=mps, eta=9m35s, loss=2.1506, sps=34.5]
BC[stage1_datasets_L40_stepsweep/bc_shift4_scale_0p8_1p2_steps20000_tr0]:   2%|▏         | 397/20000 [00:10<06:36, 49.39it/s, acc=0.254, device=mps, eta=9m35s, loss=2.1506, sps=34.5]
BC[stage1_datasets_L40_stepsweep/bc_shift4_scale_0p8_1p2_steps20000_tr0]:   2%|▏         | 397/20000 [00:10<06:36, 49.39it/s, acc=0.277, device=mps, eta=8m42s, loss=2.0717, sps=37.6]
BC[stage1_datasets_L40_stepsweep/bc_shift4_scale_0p8_1p2_steps20000_tr0]:   2%|▏         | 404/20000 [00:10<08:44, 37.33it/s, acc=0.277, device=mps, eta=8m42s, loss=2.0717, sps=37.6]
BC[stage1_datasets_L40_stepsweep/bc_shift4_scale_0p8_1p2_steps20000_tr0]:   2%|▏         | 412/20000 [00:11<07:21, 44.39it/s, acc=0.277, device=mps, eta=8m42s, loss=2.0717, sps=37.6]
BC[stage1_datasets_L40_stepsweep/bc_shift4_scale_0p8_1p2_steps20000_tr0]:   2%|▏         | 420/20000 [00:11<06:23, 51.11it/s, acc=0.277, device=mps, eta=8m42s, loss=2.0717, sps=37.6]
BC[stage1_datasets_L40_stepsweep/bc_shift4_scale_0p8_1p2_steps20000_tr0]:   2%|▏         | 427/20000 [00:11<08:27, 38.56it/s, acc=0.277, device=mps, eta=8m42s, loss=2.0717, sps=37.6]
BC[stage1_datasets_L40_stepsweep/bc_shift4_scale_0p8_1p2_steps20000_tr0]:   2%|▏         | 435/20000 [00:11<07:09, 45.59it/s, acc=0.277, device=mps, eta=8m42s, loss=2.0717, sps=37.6]
BC[stage1_datasets_L40_stepsweep/bc_shift4_scale_0p8_1p2_steps20000_tr0]:   2%|▏         | 441/20000 [00:11<09:12, 35.41it/s, acc=0.277, device=mps, eta=8m42s, loss=2.0717, sps=37.6]
BC[stage1_datasets_L40_stepsweep/bc_shift4_scale_0p8_1p2_steps20000_tr0]:   2%|▏         | 449/20000 [00:11<07:37, 42.76it/s, acc=0.277, device=mps, eta=8m42s, loss=2.0717, sps=37.6]
BC[stage1_datasets_L40_stepsweep/bc_shift4_scale_0p8_1p2_steps20000_tr0]:   2%|▏         | 457/20000 [00:12<06:35, 49.42it/s, acc=0.277, device=mps, eta=8m42s, loss=2.0717, sps=37.6]
BC[stage1_datasets_L40_stepsweep/bc_shift4_scale_0p8_1p2_steps20000_tr0]:   2%|▏         | 464/20000 [00:12<08:36, 37.84it/s, acc=0.277, device=mps, eta=8m42s, loss=2.0717, sps=37.6]
BC[stage1_datasets_L40_stepsweep/bc_shift4_scale_0p8_1p2_steps20000_tr0]:   2%|▏         | 472/20000 [00:12<07:11, 45.22it/s, acc=0.277, device=mps, eta=8m42s, loss=2.0717, sps=37.6]
BC[stage1_datasets_L40_stepsweep/bc_shift4_scale_0p8_1p2_steps20000_tr0]:   2%|▏         | 481/20000 [00:12<08:32, 38.09it/s, acc=0.277, device=mps, eta=8m42s, loss=2.0717, sps=37.6]
BC[stage1_datasets_L40_stepsweep/bc_shift4_scale_0p8_1p2_steps20000_tr0]:   2%|▏         | 489/20000 [00:12<07:16, 44.70it/s, acc=0.277, device=mps, eta=8m42s, loss=2.0717, sps=37.6]
BC[stage1_datasets_L40_stepsweep/bc_shift4_scale_0p8_1p2_steps20000_tr0]:   2%|▏         | 497/20000 [00:12<06:25, 50.62it/s, acc=0.277, device=mps, eta=8m42s, loss=2.0717, sps=37.6]
BC[stage1_datasets_L40_stepsweep/bc_shift4_scale_0p8_1p2_steps20000_tr0]:   3%|▎         | 504/20000 [00:13<08:20, 38.93it/s, acc=0.277, device=mps, eta=8m42s, loss=2.0717, sps=37.6]
BC[stage1_datasets_L40_stepsweep/bc_shift4_scale_0p8_1p2_steps20000_tr0]:   3%|▎         | 512/20000 [00:13<07:03, 46.06it/s, acc=0.277, device=mps, eta=8m42s, loss=2.0717, sps=37.6]
BC[stage1_datasets_L40_stepsweep/bc_shift4_scale_0p8_1p2_steps20000_tr0]:   3%|▎         | 520/20000 [00:13<06:09, 52.68it/s, acc=0.277, device=mps, eta=8m42s, loss=2.0717, sps=37.6]
BC[stage1_datasets_L40_stepsweep/bc_shift4_scale_0p8_1p2_steps20000_tr0]:   3%|▎         | 527/20000 [00:13<08:16, 39.19it/s, acc=0.277, device=mps, eta=8m42s, loss=2.0717, sps=37.6]
BC[stage1_datasets_L40_stepsweep/bc_shift4_scale_0p8_1p2_steps20000_tr0]:   3%|▎         | 535/20000 [00:13<07:03, 45.96it/s, acc=0.277, device=mps, eta=8m42s, loss=2.0717, sps=37.6]
BC[stage1_datasets_L40_stepsweep/bc_shift4_scale_0p8_1p2_steps20000_tr0]:   3%|▎         | 541/20000 [00:14<09:05, 35.70it/s, acc=0.277, device=mps, eta=8m42s, loss=2.0717, sps=37.6]
BC[stage1_datasets_L40_stepsweep/bc_shift4_scale_0p8_1p2_steps20000_tr0]:   3%|▎         | 549/20000 [00:14<07:32, 42.98it/s, acc=0.277, device=mps, eta=8m42s, loss=2.0717, sps=37.6]
BC[stage1_datasets_L40_stepsweep/bc_shift4_scale_0p8_1p2_steps20000_tr0]:   3%|▎         | 557/20000 [00:14<06:31, 49.60it/s, acc=0.277, device=mps, eta=8m42s, loss=2.0717, sps=37.6]
BC[stage1_datasets_L40_stepsweep/bc_shift4_scale_0p8_1p2_steps20000_tr0]:   3%|▎         | 564/20000 [00:14<08:31, 38.03it/s, acc=0.277, device=mps, eta=8m42s, loss=2.0717, sps=37.6]
BC[stage1_datasets_L40_stepsweep/bc_shift4_scale_0p8_1p2_steps20000_tr0]:   3%|▎         | 572/20000 [00:14<07:10, 45.12it/s, acc=0.277, device=mps, eta=8m42s, loss=2.0717, sps=37.6]
BC[stage1_datasets_L40_stepsweep/bc_shift4_scale_0p8_1p2_steps20000_tr0]:   3%|▎         | 580/20000 [00:14<06:15, 51.70it/s, acc=0.277, device=mps, eta=8m42s, loss=2.0717, sps=37.6]
BC[stage1_datasets_L40_stepsweep/bc_shift4_scale_0p8_1p2_steps20000_tr0]:   3%|▎         | 587/20000 [00:15<09:02, 35.80it/s, acc=0.277, device=mps, eta=8m42s, loss=2.0717, sps=37.6]
BC[stage1_datasets_L40_stepsweep/bc_shift4_scale_0p8_1p2_steps20000_tr0]:   3%|▎         | 593/20000 [00:15<08:43, 37.04it/s, acc=0.277, device=mps, eta=8m42s, loss=2.0717, sps=37.6]
BC[stage1_datasets_L40_stepsweep/bc_shift4_scale_0p8_1p2_steps20000_tr0]:   3%|▎         | 593/20000 [00:15<08:43, 37.04it/s, acc=0.280, device=mps, eta=8m19s, loss=2.0568, sps=38.8]
BC[stage1_datasets_L40_stepsweep/bc_shift4_scale_0p8_1p2_steps20000_tr0]:   3%|▎         | 600/20000 [00:15<07:33, 42.79it/s, acc=0.280, device=mps, eta=8m19s, loss=2.0568, sps=38.8]
BC[stage1_datasets_L40_stepsweep/bc_shift4_scale_0p8_1p2_steps20000_tr0]:   3%|▎         | 606/20000 [00:15<09:38, 33.50it/s, acc=0.280, device=mps, eta=8m19s, loss=2.0568, sps=38.8]
BC[stage1_datasets_L40_stepsweep/bc_shift4_scale_0p8_1p2_steps20000_tr0]:   3%|▎         | 614/20000 [00:15<07:51, 41.08it/s, acc=0.280, device=mps, eta=8m19s, loss=2.0568, sps=38.8]
BC[stage1_datasets_L40_stepsweep/bc_shift4_scale_0p8_1p2_steps20000_tr0]:   3%|▎         | 621/20000 [00:16<09:31, 33.91it/s, acc=0.280, device=mps, eta=8m19s, loss=2.0568, sps=38.8]
BC[stage1_datasets_L40_stepsweep/bc_shift4_scale_0p8_1p2_steps20000_tr0]:   3%|▎         | 629/20000 [00:16<07:48, 41.35it/s, acc=0.280, device=mps, eta=8m19s, loss=2.0568, sps=38.8]
BC[stage1_datasets_L40_stepsweep/bc_shift4_scale_0p8_1p2_steps20000_tr0]:   3%|▎         | 637/20000 [00:16<06:43, 48.02it/s, acc=0.280, device=mps, eta=8m19s, loss=2.0568, sps=38.8]
BC[stage1_datasets_L40_stepsweep/bc_shift4_scale_0p8_1p2_steps20000_tr0]:   3%|▎         | 643/20000 [00:16<08:58, 35.96it/s, acc=0.280, device=mps, eta=8m19s, loss=2.0568, sps=38.8]
BC[stage1_datasets_L40_stepsweep/bc_shift4_scale_0p8_1p2_steps20000_tr0]:   3%|▎         | 649/20000 [00:16<08:10, 39.47it/s, acc=0.280, device=mps, eta=8m19s, loss=2.0568, sps=38.8]
BC[stage1_datasets_L40_stepsweep/bc_shift4_scale_0p8_1p2_steps20000_tr0]:   3%|▎         | 655/20000 [00:16<07:32, 42.79it/s, acc=0.280, device=mps, eta=8m19s, loss=2.0568, sps=38.8]
BC[stage1_datasets_L40_stepsweep/bc_shift4_scale_0p8_1p2_steps20000_tr0]:   3%|▎         | 661/20000 [00:17<09:50, 32.76it/s, acc=0.280, device=mps, eta=8m19s, loss=2.0568, sps=38.8]
BC[stage1_datasets_L40_stepsweep/bc_shift4_scale_0p8_1p2_steps20000_tr0]:   3%|▎         | 669/20000 [00:17<07:54, 40.77it/s, acc=0.280, device=mps, eta=8m19s, loss=2.0568, sps=38.8]
BC[stage1_datasets_L40_stepsweep/bc_shift4_scale_0p8_1p2_steps20000_tr0]:   3%|▎         | 677/20000 [00:17<06:45, 47.60it/s, acc=0.280, device=mps, eta=8m19s, loss=2.0568, sps=38.8]
BC[stage1_datasets_L40_stepsweep/bc_shift4_scale_0p8_1p2_steps20000_tr0]:   3%|▎         | 683/20000 [00:17<09:07, 35.28it/s, acc=0.280, device=mps, eta=8m19s, loss=2.0568, sps=38.8]
BC[stage1_datasets_L40_stepsweep/bc_shift4_scale_0p8_1p2_steps20000_tr0]:   3%|▎         | 688/20000 [00:17<08:33, 37.64it/s, acc=0.280, device=mps, eta=8m19s, loss=2.0568, sps=38.8]
BC[stage1_datasets_L40_stepsweep/bc_shift4_scale_0p8_1p2_steps20000_tr0]:   3%|▎         | 694/20000 [00:17<07:43, 41.64it/s, acc=0.280, device=mps, eta=8m19s, loss=2.0568, sps=38.8]
BC[stage1_datasets_L40_stepsweep/bc_shift4_scale_0p8_1p2_steps20000_tr0]:   4%|▎         | 701/20000 [00:18<09:49, 32.75it/s, acc=0.280, device=mps, eta=8m19s, loss=2.0568, sps=38.8]
BC[stage1_datasets_L40_stepsweep/bc_shift4_scale_0p8_1p2_steps20000_tr0]:   4%|▎         | 709/20000 [00:18<07:56, 40.50it/s, acc=0.280, device=mps, eta=8m19s, loss=2.0568, sps=38.8]
BC[stage1_datasets_L40_stepsweep/bc_shift4_scale_0p8_1p2_steps20000_tr0]:   4%|▎         | 717/20000 [00:18<06:49, 47.10it/s, acc=0.280, device=mps, eta=8m19s, loss=2.0568, sps=38.8]
BC[stage1_datasets_L40_stepsweep/bc_shift4_scale_0p8_1p2_steps20000_tr0]:   4%|▎         | 723/20000 [00:18<09:02, 35.56it/s, acc=0.280, device=mps, eta=8m19s, loss=2.0568, sps=38.8]
BC[stage1_datasets_L40_stepsweep/bc_shift4_scale_0p8_1p2_steps20000_tr0]:   4%|▎         | 731/20000 [00:18<07:26, 43.16it/s, acc=0.280, device=mps, eta=8m19s, loss=2.0568, sps=38.8]
BC[stage1_datasets_L40_stepsweep/bc_shift4_scale_0p8_1p2_steps20000_tr0]:   4%|▎         | 739/20000 [00:18<06:26, 49.84it/s, acc=0.280, device=mps, eta=8m19s, loss=2.0568, sps=38.8]
BC[stage1_datasets_L40_stepsweep/bc_shift4_scale_0p8_1p2_steps20000_tr0]:   4%|▎         | 746/20000 [00:19<08:25, 38.12it/s, acc=0.280, device=mps, eta=8m19s, loss=2.0568, sps=38.8]
BC[stage1_datasets_L40_stepsweep/bc_shift4_scale_0p8_1p2_steps20000_tr0]:   4%|▍         | 754/20000 [00:19<07:07, 45.04it/s, acc=0.280, device=mps, eta=8m19s, loss=2.0568, sps=38.8]
BC[stage1_datasets_L40_stepsweep/bc_shift4_scale_0p8_1p2_steps20000_tr0]:   4%|▍         | 761/20000 [00:19<08:55, 35.91it/s, acc=0.280, device=mps, eta=8m19s, loss=2.0568, sps=38.8]
BC[stage1_datasets_L40_stepsweep/bc_shift4_scale_0p8_1p2_steps20000_tr0]:   4%|▍         | 769/20000 [00:19<07:27, 42.93it/s, acc=0.280, device=mps, eta=8m19s, loss=2.0568, sps=38.8]
BC[stage1_datasets_L40_stepsweep/bc_shift4_scale_0p8_1p2_steps20000_tr0]:   4%|▍         | 777/20000 [00:19<06:27, 49.56it/s, acc=0.280, device=mps, eta=8m19s, loss=2.0568, sps=38.8]
BC[stage1_datasets_L40_stepsweep/bc_shift4_scale_0p8_1p2_steps20000_tr0]:   4%|▍         | 784/20000 [00:20<08:30, 37.67it/s, acc=0.280, device=mps, eta=8m19s, loss=2.0568, sps=38.8]
BC[stage1_datasets_L40_stepsweep/bc_shift4_scale_0p8_1p2_steps20000_tr0]:   4%|▍         | 790/20000 [00:20<07:49, 40.95it/s, acc=0.280, device=mps, eta=8m19s, loss=2.0568, sps=38.8]
BC[stage1_datasets_L40_stepsweep/bc_shift4_scale_0p8_1p2_steps20000_tr0]:   4%|▍         | 796/20000 [00:20<07:19, 43.69it/s, acc=0.280, device=mps, eta=8m19s, loss=2.0568, sps=38.8]
BC[stage1_datasets_L40_stepsweep/bc_shift4_scale_0p8_1p2_steps20000_tr0]:   4%|▍         | 796/20000 [00:20<07:19, 43.69it/s, acc=0.288, device=mps, eta=8m10s, loss=2.0335, sps=39.2]
BC[stage1_datasets_L40_stepsweep/bc_shift4_scale_0p8_1p2_steps20000_tr0]:   4%|▍         | 802/20000 [00:20<09:38, 33.16it/s, acc=0.288, device=mps, eta=8m10s, loss=2.0335, sps=39.2]
BC[stage1_datasets_L40_stepsweep/bc_shift4_scale_0p8_1p2_steps20000_tr0]:   4%|▍         | 810/20000 [00:20<07:48, 40.99it/s, acc=0.288, device=mps, eta=8m10s, loss=2.0335, sps=39.2]
BC[stage1_datasets_L40_stepsweep/bc_shift4_scale_0p8_1p2_steps20000_tr0]:   4%|▍         | 818/20000 [00:20<06:41, 47.74it/s, acc=0.288, device=mps, eta=8m10s, loss=2.0335, sps=39.2]
BC[stage1_datasets_L40_stepsweep/bc_shift4_scale_0p8_1p2_steps20000_tr0]:   4%|▍         | 824/20000 [00:21<09:22, 34.11it/s, acc=0.288, device=mps, eta=8m10s, loss=2.0335, sps=39.2]
BC[stage1_datasets_L40_stepsweep/bc_shift4_scale_0p8_1p2_steps20000_tr0]:   4%|▍         | 830/20000 [00:21<08:28, 37.69it/s, acc=0.288, device=mps, eta=8m10s, loss=2.0335, sps=39.2]
BC[stage1_datasets_L40_stepsweep/bc_shift4_scale_0p8_1p2_steps20000_tr0]:   4%|▍         | 837/20000 [00:21<07:24, 43.13it/s, acc=0.288, device=mps, eta=8m10s, loss=2.0335, sps=39.2]
BC[stage1_datasets_L40_stepsweep/bc_shift4_scale_0p8_1p2_steps20000_tr0]:   4%|▍         | 843/20000 [00:21<09:30, 33.56it/s, acc=0.288, device=mps, eta=8m10s, loss=2.0335, sps=39.2]
BC[stage1_datasets_L40_stepsweep/bc_shift4_scale_0p8_1p2_steps20000_tr0]:   4%|▍         | 851/20000 [00:21<07:42, 41.38it/s, acc=0.288, device=mps, eta=8m10s, loss=2.0335, sps=39.2]
BC[stage1_datasets_L40_stepsweep/bc_shift4_scale_0p8_1p2_steps20000_tr0]:   4%|▍         | 859/20000 [00:21<06:36, 48.22it/s, acc=0.288, device=mps, eta=8m10s, loss=2.0335, sps=39.2]
BC[stage1_datasets_L40_stepsweep/bc_shift4_scale_0p8_1p2_steps20000_tr0]:   4%|▍         | 865/20000 [00:22<08:44, 36.49it/s, acc=0.288, device=mps, eta=8m10s, loss=2.0335, sps=39.2]
BC[stage1_datasets_L40_stepsweep/bc_shift4_scale_0p8_1p2_steps20000_tr0]:   4%|▍         | 873/20000 [00:22<07:17, 43.76it/s, acc=0.288, device=mps, eta=8m10s, loss=2.0335, sps=39.2]
BC[stage1_datasets_L40_stepsweep/bc_shift4_scale_0p8_1p2_steps20000_tr0]:   4%|▍         | 881/20000 [00:22<09:00, 35.35it/s, acc=0.288, device=mps, eta=8m10s, loss=2.0335, sps=39.2]
BC[stage1_datasets_L40_stepsweep/bc_shift4_scale_0p8_1p2_steps20000_tr0]:   4%|▍         | 889/20000 [00:22<07:31, 42.31it/s, acc=0.288, device=mps, eta=8m10s, loss=2.0335, sps=39.2]
BC[stage1_datasets_L40_stepsweep/bc_shift4_scale_0p8_1p2_steps20000_tr0]:   4%|▍         | 897/20000 [00:22<06:34, 48.46it/s, acc=0.288, device=mps, eta=8m10s, loss=2.0335, sps=39.2]
BC[stage1_datasets_L40_stepsweep/bc_shift4_scale_0p8_1p2_steps20000_tr0]:   5%|▍         | 903/20000 [00:23<08:55, 35.63it/s, acc=0.288, device=mps, eta=8m10s, loss=2.0335, sps=39.2]
BC[stage1_datasets_L40_stepsweep/bc_shift4_scale_0p8_1p2_steps20000_tr0]:   5%|▍         | 908/20000 [00:23<08:23, 37.95it/s, acc=0.288, device=mps, eta=8m10s, loss=2.0335, sps=39.2]
BC[stage1_datasets_L40_stepsweep/bc_shift4_scale_0p8_1p2_steps20000_tr0]:   5%|▍         | 914/20000 [00:23<07:34, 41.95it/s, acc=0.288, device=mps, eta=8m10s, loss=2.0335, sps=39.2]
BC[stage1_datasets_L40_stepsweep/bc_shift4_scale_0p8_1p2_steps20000_tr0]:   5%|▍         | 921/20000 [00:23<09:34, 33.21it/s, acc=0.288, device=mps, eta=8m10s, loss=2.0335, sps=39.2]
BC[stage1_datasets_L40_stepsweep/bc_shift4_scale_0p8_1p2_steps20000_tr0]:   5%|▍         | 929/20000 [00:23<07:46, 40.92it/s, acc=0.288, device=mps, eta=8m10s, loss=2.0335, sps=39.2]
BC[stage1_datasets_L40_stepsweep/bc_shift4_scale_0p8_1p2_steps20000_tr0]:   5%|▍         | 937/20000 [00:23<06:42, 47.40it/s, acc=0.288, device=mps, eta=8m10s, loss=2.0335, sps=39.2]
BC[stage1_datasets_L40_stepsweep/bc_shift4_scale_0p8_1p2_steps20000_tr0]:   5%|▍         | 943/20000 [00:24<08:53, 35.73it/s, acc=0.288, device=mps, eta=8m10s, loss=2.0335, sps=39.2]
BC[stage1_datasets_L40_stepsweep/bc_shift4_scale_0p8_1p2_steps20000_tr0]:   5%|▍         | 951/20000 [00:24<07:20, 43.25it/s, acc=0.288, device=mps, eta=8m10s, loss=2.0335, sps=39.2]
BC[stage1_datasets_L40_stepsweep/bc_shift4_scale_0p8_1p2_steps20000_tr0]:   5%|▍         | 959/20000 [00:24<06:21, 49.92it/s, acc=0.288, device=mps, eta=8m10s, loss=2.0335, sps=39.2]
BC[stage1_datasets_L40_stepsweep/bc_shift4_scale_0p8_1p2_steps20000_tr0]:   5%|▍         | 966/20000 [00:24<08:20, 38.04it/s, acc=0.288, device=mps, eta=8m10s, loss=2.0335, sps=39.2]
BC[stage1_datasets_L40_stepsweep/bc_shift4_scale_0p8_1p2_steps20000_tr0]:   5%|▍         | 974/20000 [00:24<07:03, 44.90it/s, acc=0.288, device=mps, eta=8m10s, loss=2.0335, sps=39.2]
BC[stage1_datasets_L40_stepsweep/bc_shift4_scale_0p8_1p2_steps20000_tr0]:   5%|▍         | 981/20000 [00:25<08:49, 35.90it/s, acc=0.288, device=mps, eta=8m10s, loss=2.0335, sps=39.2]
BC[stage1_datasets_L40_stepsweep/bc_shift4_scale_0p8_1p2_steps20000_tr0]:   5%|▍         | 989/20000 [00:25<07:23, 42.89it/s, acc=0.288, device=mps, eta=8m10s, loss=2.0335, sps=39.2]
BC[stage1_datasets_L40_stepsweep/bc_shift4_scale_0p8_1p2_steps20000_tr0]:   5%|▍         | 997/20000 [00:25<06:27, 49.07it/s, acc=0.288, device=mps, eta=8m10s, loss=2.0335, sps=39.2]
BC[stage1_datasets_L40_stepsweep/bc_shift4_scale_0p8_1p2_steps20000_tr0]:   5%|▍         | 997/20000 [00:25<06:27, 49.07it/s, acc=0.291, device=mps, eta=8m01s, loss=2.0300, sps=39.5]
BC[stage1_datasets_L40_stepsweep/bc_shift4_scale_0p8_1p2_steps20000_tr0]:   5%|▌         | 1004/20000 [00:25<08:27, 37.46it/s, acc=0.291, device=mps, eta=8m01s, loss=2.0300, sps=39.5]
BC[stage1_datasets_L40_stepsweep/bc_shift4_scale_0p8_1p2_steps20000_tr0]:   5%|▌         | 1012/20000 [00:25<07:09, 44.24it/s, acc=0.291, device=mps, eta=8m01s, loss=2.0300, sps=39.5]
BC[stage1_datasets_L40_stepsweep/bc_shift4_scale_0p8_1p2_steps20000_tr0]:   5%|▌         | 1020/20000 [00:25<06:14, 50.71it/s, acc=0.291, device=mps, eta=8m01s, loss=2.0300, sps=39.5]
BC[stage1_datasets_L40_stepsweep/bc_shift4_scale_0p8_1p2_steps20000_tr0]:   5%|▌         | 1027/20000 [00:26<08:13, 38.47it/s, acc=0.291, device=mps, eta=8m01s, loss=2.0300, sps=39.5]
BC[stage1_datasets_L40_stepsweep/bc_shift4_scale_0p8_1p2_steps20000_tr0]:   5%|▌         | 1035/20000 [00:26<07:00, 45.13it/s, acc=0.291, device=mps, eta=8m01s, loss=2.0300, sps=39.5]
BC[stage1_datasets_L40_stepsweep/bc_shift4_scale_0p8_1p2_steps20000_tr0]:   5%|▌         | 1041/20000 [00:26<09:01, 34.98it/s, acc=0.291, device=mps, eta=8m01s, loss=2.0300, sps=39.5]
BC[stage1_datasets_L40_stepsweep/bc_shift4_scale_0p8_1p2_steps20000_tr0]:   5%|▌         | 1046/20000 [00:26<08:24, 37.57it/s, acc=0.291, device=mps, eta=8m01s, loss=2.0300, sps=39.5]
BC[stage1_datasets_L40_stepsweep/bc_shift4_scale_0p8_1p2_steps20000_tr0]:   5%|▌         | 1051/20000 [00:26<08:06, 38.93it/s, acc=0.291, device=mps, eta=8m01s, loss=2.0300, sps=39.5]
BC[stage1_datasets_L40_stepsweep/bc_shift4_scale_0p8_1p2_steps20000_tr0]:   5%|▌         | 1057/20000 [00:26<07:18, 43.18it/s, acc=0.291, device=mps, eta=8m01s, loss=2.0300, sps=39.5]
BC[stage1_datasets_L40_stepsweep/bc_shift4_scale_0p8_1p2_steps20000_tr0]:   5%|▌         | 1062/20000 [00:27<10:17, 30.69it/s, acc=0.291, device=mps, eta=8m01s, loss=2.0300, sps=39.5]
BC[stage1_datasets_L40_stepsweep/bc_shift4_scale_0p8_1p2_steps20000_tr0]:   5%|▌         | 1067/20000 [00:27<09:20, 33.78it/s, acc=0.291, device=mps, eta=8m01s, loss=2.0300, sps=39.5]
BC[stage1_datasets_L40_stepsweep/bc_shift4_scale_0p8_1p2_steps20000_tr0]:   5%|▌         | 1074/20000 [00:27<07:50, 40.23it/s, acc=0.291, device=mps, eta=8m01s, loss=2.0300, sps=39.5]
BC[stage1_datasets_L40_stepsweep/bc_shift4_scale_0p8_1p2_steps20000_tr0]:   5%|▌         | 1081/20000 [00:27<09:45, 32.32it/s, acc=0.291, device=mps, eta=8m01s, loss=2.0300, sps=39.5]
BC[stage1_datasets_L40_stepsweep/bc_shift4_scale_0p8_1p2_steps20000_tr0]:   5%|▌         | 1089/20000 [00:27<07:48, 40.40it/s, acc=0.291, device=mps, eta=8m01s, loss=2.0300, sps=39.5]
BC[stage1_datasets_L40_stepsweep/bc_shift4_scale_0p8_1p2_steps20000_tr0]:   5%|▌         | 1097/20000 [00:27<06:38, 47.42it/s, acc=0.291, device=mps, eta=8m01s, loss=2.0300, sps=39.5]
BC[stage1_datasets_L40_stepsweep/bc_shift4_scale_0p8_1p2_steps20000_tr0]:   6%|▌         | 1103/20000 [00:28<08:45, 35.98it/s, acc=0.291, device=mps, eta=8m01s, loss=2.0300, sps=39.5]
BC[stage1_datasets_L40_stepsweep/bc_shift4_scale_0p8_1p2_steps20000_tr0]:   6%|▌         | 1111/20000 [00:28<07:13, 43.53it/s, acc=0.291, device=mps, eta=8m01s, loss=2.0300, sps=39.5]
BC[stage1_datasets_L40_stepsweep/bc_shift4_scale_0p8_1p2_steps20000_tr0]:   6%|▌         | 1119/20000 [00:28<06:17, 50.07it/s, acc=0.291, device=mps, eta=8m01s, loss=2.0300, sps=39.5]
BC[stage1_datasets_L40_stepsweep/bc_shift4_scale_0p8_1p2_steps20000_tr0]:   6%|▌         | 1126/20000 [00:28<08:13, 38.23it/s, acc=0.291, device=mps, eta=8m01s, loss=2.0300, sps=39.5]
BC[stage1_datasets_L40_stepsweep/bc_shift4_scale_0p8_1p2_steps20000_tr0]:   6%|▌         | 1134/20000 [00:28<06:57, 45.22it/s, acc=0.291, device=mps, eta=8m01s, loss=2.0300, sps=39.5]
BC[stage1_datasets_L40_stepsweep/bc_shift4_scale_0p8_1p2_steps20000_tr0]:   6%|▌         | 1141/20000 [00:28<08:35, 36.60it/s, acc=0.291, device=mps, eta=8m01s, loss=2.0300, sps=39.5]
BC[stage1_datasets_L40_stepsweep/bc_shift4_scale_0p8_1p2_steps20000_tr0]:   6%|▌         | 1149/20000 [00:29<07:11, 43.69it/s, acc=0.291, device=mps, eta=8m01s, loss=2.0300, sps=39.5]
BC[stage1_datasets_L40_stepsweep/bc_shift4_scale_0p8_1p2_steps20000_tr0]:   6%|▌         | 1157/20000 [00:29<06:17, 49.93it/s, acc=0.291, device=mps, eta=8m01s, loss=2.0300, sps=39.5]
BC[stage1_datasets_L40_stepsweep/bc_shift4_scale_0p8_1p2_steps20000_tr0]:   6%|▌         | 1164/20000 [00:29<08:15, 38.04it/s, acc=0.291, device=mps, eta=8m01s, loss=2.0300, sps=39.5]
BC[stage1_datasets_L40_stepsweep/bc_shift4_scale_0p8_1p2_steps20000_tr0]:   6%|▌         | 1172/20000 [00:29<07:00, 44.76it/s, acc=0.291, device=mps, eta=8m01s, loss=2.0300, sps=39.5]
BC[stage1_datasets_L40_stepsweep/bc_shift4_scale_0p8_1p2_steps20000_tr0]:   6%|▌         | 1179/20000 [00:29<06:19, 49.63it/s, acc=0.291, device=mps, eta=8m01s, loss=2.0300, sps=39.5]
BC[stage1_datasets_L40_stepsweep/bc_shift4_scale_0p8_1p2_steps20000_tr0]:   6%|▌         | 1186/20000 [00:30<08:19, 37.67it/s, acc=0.291, device=mps, eta=8m01s, loss=2.0300, sps=39.5]
BC[stage1_datasets_L40_stepsweep/bc_shift4_scale_0p8_1p2_steps20000_tr0]:   6%|▌         | 1194/20000 [00:30<07:01, 44.58it/s, acc=0.291, device=mps, eta=8m01s, loss=2.0300, sps=39.5]
BC[stage1_datasets_L40_stepsweep/bc_shift4_scale_0p8_1p2_steps20000_tr0]:   6%|▌         | 1194/20000 [00:30<07:01, 44.58it/s, acc=0.293, device=mps, eta=7m53s, loss=2.0241, sps=39.7]
BC[stage1_datasets_L40_stepsweep/bc_shift4_scale_0p8_1p2_steps20000_tr0]:   6%|▌         | 1201/20000 [00:30<08:47, 35.67it/s, acc=0.293, device=mps, eta=7m53s, loss=2.0241, sps=39.7]
BC[stage1_datasets_L40_stepsweep/bc_shift4_scale_0p8_1p2_steps20000_tr0]:   6%|▌         | 1209/20000 [00:30<07:20, 42.66it/s, acc=0.293, device=mps, eta=7m53s, loss=2.0241, sps=39.7]
BC[stage1_datasets_L40_stepsweep/bc_shift4_scale_0p8_1p2_steps20000_tr0]:   6%|▌         | 1217/20000 [00:30<06:24, 48.90it/s, acc=0.293, device=mps, eta=7m53s, loss=2.0241, sps=39.7]
BC[stage1_datasets_L40_stepsweep/bc_shift4_scale_0p8_1p2_steps20000_tr0]:   6%|▌         | 1223/20000 [00:30<08:49, 35.49it/s, acc=0.293, device=mps, eta=7m53s, loss=2.0241, sps=39.7]
BC[stage1_datasets_L40_stepsweep/bc_shift4_scale_0p8_1p2_steps20000_tr0]:   6%|▌         | 1228/20000 [00:31<08:18, 37.69it/s, acc=0.293, device=mps, eta=7m53s, loss=2.0241, sps=39.7]
BC[stage1_datasets_L40_stepsweep/bc_shift4_scale_0p8_1p2_steps20000_tr0]:   6%|▌         | 1234/20000 [00:31<07:35, 41.21it/s, acc=0.293, device=mps, eta=7m53s, loss=2.0241, sps=39.7]
BC[stage1_datasets_L40_stepsweep/bc_shift4_scale_0p8_1p2_steps20000_tr0]:   6%|▌         | 1241/20000 [00:31<09:42, 32.19it/s, acc=0.293, device=mps, eta=7m53s, loss=2.0241, sps=39.7]
BC[stage1_datasets_L40_stepsweep/bc_shift4_scale_0p8_1p2_steps20000_tr0]:   6%|▌         | 1247/20000 [00:31<08:28, 36.85it/s, acc=0.293, device=mps, eta=7m53s, loss=2.0241, sps=39.7]
BC[stage1_datasets_L40_stepsweep/bc_shift4_scale_0p8_1p2_steps20000_tr0]:   6%|▋         | 1253/20000 [00:31<07:38, 40.91it/s, acc=0.293, device=mps, eta=7m53s, loss=2.0241, sps=39.7]
BC[stage1_datasets_L40_stepsweep/bc_shift4_scale_0p8_1p2_steps20000_tr0]:   6%|▋         | 1260/20000 [00:31<06:39, 46.86it/s, acc=0.293, device=mps, eta=7m53s, loss=2.0241, sps=39.7]
BC[stage1_datasets_L40_stepsweep/bc_shift4_scale_0p8_1p2_steps20000_tr0]:   6%|▋         | 1266/20000 [00:32<09:00, 34.63it/s, acc=0.293, device=mps, eta=7m53s, loss=2.0241, sps=39.7]
BC[stage1_datasets_L40_stepsweep/bc_shift4_scale_0p8_1p2_steps20000_tr0]:   6%|▋         | 1274/20000 [00:32<07:20, 42.49it/s, acc=0.293, device=mps, eta=7m53s, loss=2.0241, sps=39.7]
BC[stage1_datasets_L40_stepsweep/bc_shift4_scale_0p8_1p2_steps20000_tr0]:   6%|▋         | 1281/20000 [00:32<09:06, 34.27it/s, acc=0.293, device=mps, eta=7m53s, loss=2.0241, sps=39.7]
BC[stage1_datasets_L40_stepsweep/bc_shift4_scale_0p8_1p2_steps20000_tr0]:   6%|▋         | 1289/20000 [00:32<07:27, 41.82it/s, acc=0.293, device=mps, eta=7m53s, loss=2.0241, sps=39.7]
BC[stage1_datasets_L40_stepsweep/bc_shift4_scale_0p8_1p2_steps20000_tr0]:   6%|▋         | 1297/20000 [00:32<06:26, 48.38it/s, acc=0.293, device=mps, eta=7m53s, loss=2.0241, sps=39.7]
BC[stage1_datasets_L40_stepsweep/bc_shift4_scale_0p8_1p2_steps20000_tr0]:   7%|▋         | 1303/20000 [00:32<08:37, 36.10it/s, acc=0.293, device=mps, eta=7m53s, loss=2.0241, sps=39.7]
BC[stage1_datasets_L40_stepsweep/bc_shift4_scale_0p8_1p2_steps20000_tr0]:   7%|▋         | 1308/20000 [00:33<08:06, 38.40it/s, acc=0.293, device=mps, eta=7m53s, loss=2.0241, sps=39.7]
BC[stage1_datasets_L40_stepsweep/bc_shift4_scale_0p8_1p2_steps20000_tr0]:   7%|▋         | 1314/20000 [00:33<07:25, 41.95it/s, acc=0.293, device=mps, eta=7m53s, loss=2.0241, sps=39.7]
BC[stage1_datasets_L40_stepsweep/bc_shift4_scale_0p8_1p2_steps20000_tr0]:   7%|▋         | 1321/20000 [00:33<09:29, 32.81it/s, acc=0.293, device=mps, eta=7m53s, loss=2.0241, sps=39.7]
BC[stage1_datasets_L40_stepsweep/bc_shift4_scale_0p8_1p2_steps20000_tr0]:   7%|▋         | 1329/20000 [00:33<07:44, 40.18it/s, acc=0.293, device=mps, eta=7m53s, loss=2.0241, sps=39.7]
BC[stage1_datasets_L40_stepsweep/bc_shift4_scale_0p8_1p2_steps20000_tr0]:   7%|▋         | 1335/20000 [00:33<07:09, 43.48it/s, acc=0.293, device=mps, eta=7m53s, loss=2.0241, sps=39.7]
BC[stage1_datasets_L40_stepsweep/bc_shift4_scale_0p8_1p2_steps20000_tr0]:   7%|▋         | 1341/20000 [00:34<09:26, 32.95it/s, acc=0.293, device=mps, eta=7m53s, loss=2.0241, sps=39.7]
BC[stage1_datasets_L40_stepsweep/bc_shift4_scale_0p8_1p2_steps20000_tr0]:   7%|▋         | 1349/20000 [00:34<07:37, 40.81it/s, acc=0.293, device=mps, eta=7m53s, loss=2.0241, sps=39.7]
BC[stage1_datasets_L40_stepsweep/bc_shift4_scale_0p8_1p2_steps20000_tr0]:   7%|▋         | 1357/20000 [00:34<06:28, 48.02it/s, acc=0.293, device=mps, eta=7m53s, loss=2.0241, sps=39.7]
BC[stage1_datasets_L40_stepsweep/bc_shift4_scale_0p8_1p2_steps20000_tr0]:   7%|▋         | 1363/20000 [00:34<08:34, 36.23it/s, acc=0.293, device=mps, eta=7m53s, loss=2.0241, sps=39.7]
BC[stage1_datasets_L40_stepsweep/bc_shift4_scale_0p8_1p2_steps20000_tr0]:   7%|▋         | 1371/20000 [00:34<07:03, 43.94it/s, acc=0.293, device=mps, eta=7m53s, loss=2.0241, sps=39.7]
BC[stage1_datasets_L40_stepsweep/bc_shift4_scale_0p8_1p2_steps20000_tr0]:   7%|▋         | 1379/20000 [00:34<06:04, 51.10it/s, acc=0.293, device=mps, eta=7m53s, loss=2.0241, sps=39.7]
BC[stage1_datasets_L40_stepsweep/bc_shift4_scale_0p8_1p2_steps20000_tr0]:   7%|▋         | 1386/20000 [00:35<08:02, 38.59it/s, acc=0.293, device=mps, eta=7m53s, loss=2.0241, sps=39.7]
BC[stage1_datasets_L40_stepsweep/bc_shift4_scale_0p8_1p2_steps20000_tr0]:   7%|▋         | 1392/20000 [00:35<07:30, 41.29it/s, acc=0.293, device=mps, eta=7m53s, loss=2.0241, sps=39.7]
BC[stage1_datasets_L40_stepsweep/bc_shift4_scale_0p8_1p2_steps20000_tr0]:   7%|▋         | 1399/20000 [00:35<06:46, 45.73it/s, acc=0.293, device=mps, eta=7m53s, loss=2.0241, sps=39.7]
BC[stage1_datasets_L40_stepsweep/bc_shift4_scale_0p8_1p2_steps20000_tr0]:   7%|▋         | 1399/20000 [00:35<06:46, 45.73it/s, acc=0.291, device=mps, eta=7m49s, loss=2.0275, sps=39.7]
BC[stage1_datasets_L40_stepsweep/bc_shift4_scale_0p8_1p2_steps20000_tr0]:   7%|▋         | 1405/20000 [00:35<08:50, 35.02it/s, acc=0.291, device=mps, eta=7m49s, loss=2.0275, sps=39.7]
BC[stage1_datasets_L40_stepsweep/bc_shift4_scale_0p8_1p2_steps20000_tr0]:   7%|▋         | 1413/20000 [00:35<07:15, 42.68it/s, acc=0.291, device=mps, eta=7m49s, loss=2.0275, sps=39.7]
BC[stage1_datasets_L40_stepsweep/bc_shift4_scale_0p8_1p2_steps20000_tr0]:   7%|▋         | 1421/20000 [00:35<08:46, 35.30it/s, acc=0.291, device=mps, eta=7m49s, loss=2.0275, sps=39.7]
BC[stage1_datasets_L40_stepsweep/bc_shift4_scale_0p8_1p2_steps20000_tr0]:   7%|▋         | 1429/20000 [00:36<07:18, 42.39it/s, acc=0.291, device=mps, eta=7m49s, loss=2.0275, sps=39.7]
BC[stage1_datasets_L40_stepsweep/bc_shift4_scale_0p8_1p2_steps20000_tr0]:   7%|▋         | 1437/20000 [00:36<06:20, 48.76it/s, acc=0.291, device=mps, eta=7m49s, loss=2.0275, sps=39.7]
BC[stage1_datasets_L40_stepsweep/bc_shift4_scale_0p8_1p2_steps20000_tr0]:   7%|▋         | 1443/20000 [00:36<08:19, 37.15it/s, acc=0.291, device=mps, eta=7m49s, loss=2.0275, sps=39.7]
BC[stage1_datasets_L40_stepsweep/bc_shift4_scale_0p8_1p2_steps20000_tr0]:   7%|▋         | 1451/20000 [00:36<06:58, 44.30it/s, acc=0.291, device=mps, eta=7m49s, loss=2.0275, sps=39.7]
BC[stage1_datasets_L40_stepsweep/bc_shift4_scale_0p8_1p2_steps20000_tr0]:   7%|▋         | 1459/20000 [00:36<06:07, 50.47it/s, acc=0.291, device=mps, eta=7m49s, loss=2.0275, sps=39.7]
BC[stage1_datasets_L40_stepsweep/bc_shift4_scale_0p8_1p2_steps20000_tr0]:   7%|▋         | 1466/20000 [00:36<08:04, 38.27it/s, acc=0.291, device=mps, eta=7m49s, loss=2.0275, sps=39.7]
BC[stage1_datasets_L40_stepsweep/bc_shift4_scale_0p8_1p2_steps20000_tr0]:   7%|▋         | 1472/20000 [00:37<07:28, 41.32it/s, acc=0.291, device=mps, eta=7m49s, loss=2.0275, sps=39.7]
BC[stage1_datasets_L40_stepsweep/bc_shift4_scale_0p8_1p2_steps20000_tr0]:   7%|▋         | 1478/20000 [00:37<06:52, 44.94it/s, acc=0.291, device=mps, eta=7m49s, loss=2.0275, sps=39.7]
BC[stage1_datasets_L40_stepsweep/bc_shift4_scale_0p8_1p2_steps20000_tr0]:   7%|▋         | 1484/20000 [00:37<09:01, 34.22it/s, acc=0.291, device=mps, eta=7m49s, loss=2.0275, sps=39.7]
BC[stage1_datasets_L40_stepsweep/bc_shift4_scale_0p8_1p2_steps20000_tr0]:   7%|▋         | 1492/20000 [00:37<07:20, 41.98it/s, acc=0.291, device=mps, eta=7m49s, loss=2.0275, sps=39.7]
BC[stage1_datasets_L40_stepsweep/bc_shift4_scale_0p8_1p2_steps20000_tr0]:   8%|▊         | 1500/20000 [00:37<06:15, 49.28it/s, acc=0.291, device=mps, eta=7m49s, loss=2.0275, sps=39.7]
BC[stage1_datasets_L40_stepsweep/bc_shift4_scale_0p8_1p2_steps20000_tr0]:   8%|▊         | 1506/20000 [00:37<08:23, 36.77it/s, acc=0.291, device=mps, eta=7m49s, loss=2.0275, sps=39.7]
BC[stage1_datasets_L40_stepsweep/bc_shift4_scale_0p8_1p2_steps20000_tr0]:   8%|▊         | 1514/20000 [00:38<06:58, 44.14it/s, acc=0.291, device=mps, eta=7m49s, loss=2.0275, sps=39.7]
BC[stage1_datasets_L40_stepsweep/bc_shift4_scale_0p8_1p2_steps20000_tr0]:   8%|▊         | 1521/20000 [00:38<08:42, 35.38it/s, acc=0.291, device=mps, eta=7m49s, loss=2.0275, sps=39.7]
BC[stage1_datasets_L40_stepsweep/bc_shift4_scale_0p8_1p2_steps20000_tr0]:   8%|▊         | 1529/20000 [00:38<07:12, 42.71it/s, acc=0.291, device=mps, eta=7m49s, loss=2.0275, sps=39.7]
BC[stage1_datasets_L40_stepsweep/bc_shift4_scale_0p8_1p2_steps20000_tr0]:   8%|▊         | 1537/20000 [00:38<06:15, 49.13it/s, acc=0.291, device=mps, eta=7m49s, loss=2.0275, sps=39.7]
BC[stage1_datasets_L40_stepsweep/bc_shift4_scale_0p8_1p2_steps20000_tr0]:   8%|▊         | 1544/20000 [00:38<08:12, 37.50it/s, acc=0.291, device=mps, eta=7m49s, loss=2.0275, sps=39.7]
BC[stage1_datasets_L40_stepsweep/bc_shift4_scale_0p8_1p2_steps20000_tr0]:   8%|▊         | 1550/20000 [00:38<07:25, 41.38it/s, acc=0.291, device=mps, eta=7m49s, loss=2.0275, sps=39.7]
BC[stage1_datasets_L40_stepsweep/bc_shift4_scale_0p8_1p2_steps20000_tr0]:   8%|▊         | 1556/20000 [00:39<07:03, 43.59it/s, acc=0.291, device=mps, eta=7m49s, loss=2.0275, sps=39.7]
BC[stage1_datasets_L40_stepsweep/bc_shift4_scale_0p8_1p2_steps20000_tr0]:   8%|▊         | 1562/20000 [00:39<09:26, 32.54it/s, acc=0.291, device=mps, eta=7m49s, loss=2.0275, sps=39.7]
BC[stage1_datasets_L40_stepsweep/bc_shift4_scale_0p8_1p2_steps20000_tr0]:   8%|▊         | 1568/20000 [00:39<08:16, 37.13it/s, acc=0.291, device=mps, eta=7m49s, loss=2.0275, sps=39.7]
BC[stage1_datasets_L40_stepsweep/bc_shift4_scale_0p8_1p2_steps20000_tr0]:   8%|▊         | 1573/20000 [00:39<07:55, 38.78it/s, acc=0.291, device=mps, eta=7m49s, loss=2.0275, sps=39.7]
BC[stage1_datasets_L40_stepsweep/bc_shift4_scale_0p8_1p2_steps20000_tr0]:   8%|▊         | 1579/20000 [00:39<07:13, 42.49it/s, acc=0.291, device=mps, eta=7m49s, loss=2.0275, sps=39.7]
BC[stage1_datasets_L40_stepsweep/bc_shift4_scale_0p8_1p2_steps20000_tr0]:   8%|▊         | 1584/20000 [00:39<09:43, 31.57it/s, acc=0.291, device=mps, eta=7m49s, loss=2.0275, sps=39.7]
BC[stage1_datasets_L40_stepsweep/bc_shift4_scale_0p8_1p2_steps20000_tr0]:   8%|▊         | 1592/20000 [00:40<07:37, 40.24it/s, acc=0.291, device=mps, eta=7m49s, loss=2.0275, sps=39.7]
BC[stage1_datasets_L40_stepsweep/bc_shift4_scale_0p8_1p2_steps20000_tr0]:   8%|▊         | 1592/20000 [00:40<07:37, 40.24it/s, acc=0.296, device=mps, eta=7m42s, loss=2.0115, sps=39.8]
BC[stage1_datasets_L40_stepsweep/bc_shift4_scale_0p8_1p2_steps20000_tr0]:   8%|▊         | 1600/20000 [00:40<06:21, 48.21it/s, acc=0.296, device=mps, eta=7m42s, loss=2.0115, sps=39.8]
BC[stage1_datasets_L40_stepsweep/bc_shift4_scale_0p8_1p2_steps20000_tr0]:   8%|▊         | 1606/20000 [00:40<08:31, 35.95it/s, acc=0.296, device=mps, eta=7m42s, loss=2.0115, sps=39.8]
BC[stage1_datasets_L40_stepsweep/bc_shift4_scale_0p8_1p2_steps20000_tr0]:   8%|▊         | 1614/20000 [00:40<07:00, 43.72it/s, acc=0.296, device=mps, eta=7m42s, loss=2.0115, sps=39.8]
BC[stage1_datasets_L40_stepsweep/bc_shift4_scale_0p8_1p2_steps20000_tr0]:   8%|▊         | 1621/20000 [00:40<08:46, 34.93it/s, acc=0.296, device=mps, eta=7m42s, loss=2.0115, sps=39.8]
BC[stage1_datasets_L40_stepsweep/bc_shift4_scale_0p8_1p2_steps20000_tr0]:   8%|▊         | 1629/20000 [00:40<07:14, 42.28it/s, acc=0.296, device=mps, eta=7m42s, loss=2.0115, sps=39.8]
BC[stage1_datasets_L40_stepsweep/bc_shift4_scale_0p8_1p2_steps20000_tr0]:   8%|▊         | 1637/20000 [00:41<06:14, 49.08it/s, acc=0.296, device=mps, eta=7m42s, loss=2.0115, sps=39.8]
BC[stage1_datasets_L40_stepsweep/bc_shift4_scale_0p8_1p2_steps20000_tr0]:   8%|▊         | 1644/20000 [00:41<08:06, 37.73it/s, acc=0.296, device=mps, eta=7m42s, loss=2.0115, sps=39.8]
BC[stage1_datasets_L40_stepsweep/bc_shift4_scale_0p8_1p2_steps20000_tr0]:   8%|▊         | 1652/20000 [00:41<06:50, 44.70it/s, acc=0.296, device=mps, eta=7m42s, loss=2.0115, sps=39.8]
BC[stage1_datasets_L40_stepsweep/bc_shift4_scale_0p8_1p2_steps20000_tr0]:   8%|▊         | 1660/20000 [00:41<05:56, 51.40it/s, acc=0.296, device=mps, eta=7m42s, loss=2.0115, sps=39.8]
BC[stage1_datasets_L40_stepsweep/bc_shift4_scale_0p8_1p2_steps20000_tr0]:   8%|▊         | 1667/20000 [00:41<07:52, 38.82it/s, acc=0.296, device=mps, eta=7m42s, loss=2.0115, sps=39.8]
BC[stage1_datasets_L40_stepsweep/bc_shift4_scale_0p8_1p2_steps20000_tr0]:   8%|▊         | 1675/20000 [00:42<06:41, 45.66it/s, acc=0.296, device=mps, eta=7m42s, loss=2.0115, sps=39.8]
BC[stage1_datasets_L40_stepsweep/bc_shift4_scale_0p8_1p2_steps20000_tr0]:   8%|▊         | 1681/20000 [00:42<08:27, 36.12it/s, acc=0.296, device=mps, eta=7m42s, loss=2.0115, sps=39.8]
BC[stage1_datasets_L40_stepsweep/bc_shift4_scale_0p8_1p2_steps20000_tr0]:   8%|▊         | 1689/20000 [00:42<07:01, 43.47it/s, acc=0.296, device=mps, eta=7m42s, loss=2.0115, sps=39.8]
BC[stage1_datasets_L40_stepsweep/bc_shift4_scale_0p8_1p2_steps20000_tr0]:   8%|▊         | 1697/20000 [00:42<06:01, 50.63it/s, acc=0.296, device=mps, eta=7m42s, loss=2.0115, sps=39.8]
BC[stage1_datasets_L40_stepsweep/bc_shift4_scale_0p8_1p2_steps20000_tr0]:   9%|▊         | 1704/20000 [00:42<07:53, 38.67it/s, acc=0.296, device=mps, eta=7m42s, loss=2.0115, sps=39.8]
BC[stage1_datasets_L40_stepsweep/bc_shift4_scale_0p8_1p2_steps20000_tr0]:   9%|▊         | 1712/20000 [00:42<06:39, 45.77it/s, acc=0.296, device=mps, eta=7m42s, loss=2.0115, sps=39.8]
BC[stage1_datasets_L40_stepsweep/bc_shift4_scale_0p8_1p2_steps20000_tr0]:   9%|▊         | 1721/20000 [00:43<08:02, 37.88it/s, acc=0.296, device=mps, eta=7m42s, loss=2.0115, sps=39.8]
BC[stage1_datasets_L40_stepsweep/bc_shift4_scale_0p8_1p2_steps20000_tr0]:   9%|▊         | 1728/20000 [00:43<07:16, 41.86it/s, acc=0.296, device=mps, eta=7m42s, loss=2.0115, sps=39.8]
BC[stage1_datasets_L40_stepsweep/bc_shift4_scale_0p8_1p2_steps20000_tr0]:   9%|▊         | 1734/20000 [00:43<06:48, 44.68it/s, acc=0.296, device=mps, eta=7m42s, loss=2.0115, sps=39.8]
BC[stage1_datasets_L40_stepsweep/bc_shift4_scale_0p8_1p2_steps20000_tr0]:   9%|▊         | 1741/20000 [00:43<08:46, 34.71it/s, acc=0.296, device=mps, eta=7m42s, loss=2.0115, sps=39.8]
BC[stage1_datasets_L40_stepsweep/bc_shift4_scale_0p8_1p2_steps20000_tr0]:   9%|▊         | 1749/20000 [00:43<07:13, 42.09it/s, acc=0.296, device=mps, eta=7m42s, loss=2.0115, sps=39.8]
BC[stage1_datasets_L40_stepsweep/bc_shift4_scale_0p8_1p2_steps20000_tr0]:   9%|▉         | 1757/20000 [00:43<06:13, 48.81it/s, acc=0.296, device=mps, eta=7m42s, loss=2.0115, sps=39.8]
BC[stage1_datasets_L40_stepsweep/bc_shift4_scale_0p8_1p2_steps20000_tr0]:   9%|▉         | 1763/20000 [00:44<08:14, 36.91it/s, acc=0.296, device=mps, eta=7m42s, loss=2.0115, sps=39.8]
BC[stage1_datasets_L40_stepsweep/bc_shift4_scale_0p8_1p2_steps20000_tr0]:   9%|▉         | 1771/20000 [00:44<06:51, 44.34it/s, acc=0.296, device=mps, eta=7m42s, loss=2.0115, sps=39.8]
BC[stage1_datasets_L40_stepsweep/bc_shift4_scale_0p8_1p2_steps20000_tr0]:   9%|▉         | 1779/20000 [00:44<06:00, 50.60it/s, acc=0.296, device=mps, eta=7m42s, loss=2.0115, sps=39.8]
BC[stage1_datasets_L40_stepsweep/bc_shift4_scale_0p8_1p2_steps20000_tr0]:   9%|▉         | 1786/20000 [00:44<07:51, 38.63it/s, acc=0.296, device=mps, eta=7m42s, loss=2.0115, sps=39.8]
BC[stage1_datasets_L40_stepsweep/bc_shift4_scale_0p8_1p2_steps20000_tr0]:   9%|▉         | 1794/20000 [00:44<06:37, 45.78it/s, acc=0.296, device=mps, eta=7m42s, loss=2.0115, sps=39.8]
BC[stage1_datasets_L40_stepsweep/bc_shift4_scale_0p8_1p2_steps20000_tr0]:   9%|▉         | 1794/20000 [00:44<06:37, 45.78it/s, acc=0.298, device=mps, eta=7m34s, loss=2.0094, sps=40.1]
BC[stage1_datasets_L40_stepsweep/bc_shift4_scale_0p8_1p2_steps20000_tr0]:   9%|▉         | 1801/20000 [00:45<08:23, 36.14it/s, acc=0.298, device=mps, eta=7m34s, loss=2.0094, sps=40.1]
BC[stage1_datasets_L40_stepsweep/bc_shift4_scale_0p8_1p2_steps20000_tr0]:   9%|▉         | 1809/20000 [00:45<07:00, 43.24it/s, acc=0.298, device=mps, eta=7m34s, loss=2.0094, sps=40.1]
BC[stage1_datasets_L40_stepsweep/bc_shift4_scale_0p8_1p2_steps20000_tr0]:   9%|▉         | 1817/20000 [00:45<06:04, 49.82it/s, acc=0.298, device=mps, eta=7m34s, loss=2.0094, sps=40.1]
BC[stage1_datasets_L40_stepsweep/bc_shift4_scale_0p8_1p2_steps20000_tr0]:   9%|▉         | 1824/20000 [00:45<07:56, 38.16it/s, acc=0.298, device=mps, eta=7m34s, loss=2.0094, sps=40.1]
BC[stage1_datasets_L40_stepsweep/bc_shift4_scale_0p8_1p2_steps20000_tr0]:   9%|▉         | 1832/20000 [00:45<06:42, 45.12it/s, acc=0.298, device=mps, eta=7m34s, loss=2.0094, sps=40.1]
BC[stage1_datasets_L40_stepsweep/bc_shift4_scale_0p8_1p2_steps20000_tr0]:   9%|▉         | 1840/20000 [00:45<05:48, 52.16it/s, acc=0.298, device=mps, eta=7m34s, loss=2.0094, sps=40.1]
BC[stage1_datasets_L40_stepsweep/bc_shift4_scale_0p8_1p2_steps20000_tr0]:   9%|▉         | 1847/20000 [00:46<07:43, 39.19it/s, acc=0.298, device=mps, eta=7m34s, loss=2.0094, sps=40.1]
BC[stage1_datasets_L40_stepsweep/bc_shift4_scale_0p8_1p2_steps20000_tr0]:   9%|▉         | 1855/20000 [00:46<06:33, 46.07it/s, acc=0.298, device=mps, eta=7m34s, loss=2.0094, sps=40.1]
BC[stage1_datasets_L40_stepsweep/bc_shift4_scale_0p8_1p2_steps20000_tr0]:   9%|▉         | 1861/20000 [00:46<08:30, 35.51it/s, acc=0.298, device=mps, eta=7m34s, loss=2.0094, sps=40.1]
BC[stage1_datasets_L40_stepsweep/bc_shift4_scale_0p8_1p2_steps20000_tr0]:   9%|▉         | 1868/20000 [00:46<07:28, 40.47it/s, acc=0.298, device=mps, eta=7m34s, loss=2.0094, sps=40.1]
BC[stage1_datasets_L40_stepsweep/bc_shift4_scale_0p8_1p2_steps20000_tr0]:   9%|▉         | 1874/20000 [00:46<07:00, 43.06it/s, acc=0.298, device=mps, eta=7m34s, loss=2.0094, sps=40.1]
BC[stage1_datasets_L40_stepsweep/bc_shift4_scale_0p8_1p2_steps20000_tr0]:   9%|▉         | 1881/20000 [00:47<08:57, 33.73it/s, acc=0.298, device=mps, eta=7m34s, loss=2.0094, sps=40.1]
BC[stage1_datasets_L40_stepsweep/bc_shift4_scale_0p8_1p2_steps20000_tr0]:   9%|▉         | 1888/20000 [00:47<07:45, 38.92it/s, acc=0.298, device=mps, eta=7m34s, loss=2.0094, sps=40.1]
BC[stage1_datasets_L40_stepsweep/bc_shift4_scale_0p8_1p2_steps20000_tr0]:   9%|▉         | 1894/20000 [00:47<07:08, 42.30it/s, acc=0.298, device=mps, eta=7m34s, loss=2.0094, sps=40.1]
BC[stage1_datasets_L40_stepsweep/bc_shift4_scale_0p8_1p2_steps20000_tr0]:  10%|▉         | 1901/20000 [00:47<09:12, 32.75it/s, acc=0.298, device=mps, eta=7m34s, loss=2.0094, sps=40.1]
BC[stage1_datasets_L40_stepsweep/bc_shift4_scale_0p8_1p2_steps20000_tr0]:  10%|▉         | 1909/20000 [00:47<07:22, 40.85it/s, acc=0.298, device=mps, eta=7m34s, loss=2.0094, sps=40.1]
BC[stage1_datasets_L40_stepsweep/bc_shift4_scale_0p8_1p2_steps20000_tr0]:  10%|▉         | 1917/20000 [00:47<06:16, 47.99it/s, acc=0.298, device=mps, eta=7m34s, loss=2.0094, sps=40.1]
BC[stage1_datasets_L40_stepsweep/bc_shift4_scale_0p8_1p2_steps20000_tr0]:  10%|▉         | 1923/20000 [00:48<08:22, 35.99it/s, acc=0.298, device=mps, eta=7m34s, loss=2.0094, sps=40.1]
BC[stage1_datasets_L40_stepsweep/bc_shift4_scale_0p8_1p2_steps20000_tr0]:  10%|▉         | 1929/20000 [00:48<07:38, 39.44it/s, acc=0.298, device=mps, eta=7m34s, loss=2.0094, sps=40.1]
BC[stage1_datasets_L40_stepsweep/bc_shift4_scale_0p8_1p2_steps20000_tr0]:  10%|▉         | 1935/20000 [00:48<06:55, 43.50it/s, acc=0.298, device=mps, eta=7m34s, loss=2.0094, sps=40.1]
BC[stage1_datasets_L40_stepsweep/bc_shift4_scale_0p8_1p2_steps20000_tr0]:  10%|▉         | 1941/20000 [00:48<09:08, 32.92it/s, acc=0.298, device=mps, eta=7m34s, loss=2.0094, sps=40.1]
BC[stage1_datasets_L40_stepsweep/bc_shift4_scale_0p8_1p2_steps20000_tr0]:  10%|▉         | 1947/20000 [00:48<08:11, 36.69it/s, acc=0.298, device=mps, eta=7m34s, loss=2.0094, sps=40.1]
BC[stage1_datasets_L40_stepsweep/bc_shift4_scale_0p8_1p2_steps20000_tr0]:  10%|▉         | 1954/20000 [00:48<07:05, 42.39it/s, acc=0.298, device=mps, eta=7m34s, loss=2.0094, sps=40.1]
BC[stage1_datasets_L40_stepsweep/bc_shift4_scale_0p8_1p2_steps20000_tr0]:  10%|▉         | 1961/20000 [00:49<08:58, 33.49it/s, acc=0.298, device=mps, eta=7m34s, loss=2.0094, sps=40.1]
BC[stage1_datasets_L40_stepsweep/bc_shift4_scale_0p8_1p2_steps20000_tr0]:  10%|▉         | 1967/20000 [00:49<08:05, 37.14it/s, acc=0.298, device=mps, eta=7m34s, loss=2.0094, sps=40.1]
BC[stage1_datasets_L40_stepsweep/bc_shift4_scale_0p8_1p2_steps20000_tr0]:  10%|▉         | 1973/20000 [00:49<07:12, 41.64it/s, acc=0.298, device=mps, eta=7m34s, loss=2.0094, sps=40.1]
BC[stage1_datasets_L40_stepsweep/bc_shift4_scale_0p8_1p2_steps20000_tr0]:  10%|▉         | 1980/20000 [00:49<06:19, 47.53it/s, acc=0.298, device=mps, eta=7m34s, loss=2.0094, sps=40.1]
BC[stage1_datasets_L40_stepsweep/bc_shift4_scale_0p8_1p2_steps20000_tr0]:  10%|▉         | 1986/20000 [00:49<08:30, 35.27it/s, acc=0.298, device=mps, eta=7m34s, loss=2.0094, sps=40.1]
BC[stage1_datasets_L40_stepsweep/bc_shift4_scale_0p8_1p2_steps20000_tr0]:  10%|▉         | 1994/20000 [00:49<06:55, 43.31it/s, acc=0.298, device=mps, eta=7m34s, loss=2.0094, sps=40.1]
BC[stage1_datasets_L40_stepsweep/bc_shift4_scale_0p8_1p2_steps20000_tr0]:  10%|▉         | 1994/20000 [00:49<06:55, 43.31it/s, acc=0.292, device=mps, eta=7m30s, loss=2.0253, sps=40.0]
BC[stage1_datasets_L40_stepsweep/bc_shift4_scale_0p8_1p2_steps20000_tr0]:  10%|█         | 2001/20000 [00:50<08:39, 34.67it/s, acc=0.292, device=mps, eta=7m30s, loss=2.0253, sps=40.0]
BC[stage1_datasets_L40_stepsweep/bc_shift4_scale_0p8_1p2_steps20000_tr0]:  10%|█         | 2009/20000 [00:50<07:04, 42.34it/s, acc=0.292, device=mps, eta=7m30s, loss=2.0253, sps=40.0]
BC[stage1_datasets_L40_stepsweep/bc_shift4_scale_0p8_1p2_steps20000_tr0]:  10%|█         | 2017/20000 [00:50<06:08, 48.85it/s, acc=0.292, device=mps, eta=7m30s, loss=2.0253, sps=40.0]
BC[stage1_datasets_L40_stepsweep/bc_shift4_scale_0p8_1p2_steps20000_tr0]:  10%|█         | 2023/20000 [00:50<08:07, 36.88it/s, acc=0.292, device=mps, eta=7m30s, loss=2.0253, sps=40.0]
BC[stage1_datasets_L40_stepsweep/bc_shift4_scale_0p8_1p2_steps20000_tr0]:  10%|█         | 2031/20000 [00:50<06:45, 44.34it/s, acc=0.292, device=mps, eta=7m30s, loss=2.0253, sps=40.0]
BC[stage1_datasets_L40_stepsweep/bc_shift4_scale_0p8_1p2_steps20000_tr0]:  10%|█         | 2039/20000 [00:50<05:53, 50.85it/s, acc=0.292, device=mps, eta=7m30s, loss=2.0253, sps=40.0]
BC[stage1_datasets_L40_stepsweep/bc_shift4_scale_0p8_1p2_steps20000_tr0]:  10%|█         | 2046/20000 [00:51<07:44, 38.64it/s, acc=0.292, device=mps, eta=7m30s, loss=2.0253, sps=40.0]
BC[stage1_datasets_L40_stepsweep/bc_shift4_scale_0p8_1p2_steps20000_tr0]:  10%|█         | 2054/20000 [00:51<06:31, 45.85it/s, acc=0.292, device=mps, eta=7m30s, loss=2.0253, sps=40.0]
BC[stage1_datasets_L40_stepsweep/bc_shift4_scale_0p8_1p2_steps20000_tr0]:  10%|█         | 2061/20000 [00:51<08:15, 36.21it/s, acc=0.292, device=mps, eta=7m30s, loss=2.0253, sps=40.0]
BC[stage1_datasets_L40_stepsweep/bc_shift4_scale_0p8_1p2_steps20000_tr0]:  10%|█         | 2069/20000 [00:51<06:53, 43.36it/s, acc=0.292, device=mps, eta=7m30s, loss=2.0253, sps=40.0]
BC[stage1_datasets_L40_stepsweep/bc_shift4_scale_0p8_1p2_steps20000_tr0]:  10%|█         | 2077/20000 [00:51<05:59, 49.85it/s, acc=0.292, device=mps, eta=7m30s, loss=2.0253, sps=40.0]
BC[stage1_datasets_L40_stepsweep/bc_shift4_scale_0p8_1p2_steps20000_tr0]:  10%|█         | 2084/20000 [00:52<07:49, 38.18it/s, acc=0.292, device=mps, eta=7m30s, loss=2.0253, sps=40.0]
BC[stage1_datasets_L40_stepsweep/bc_shift4_scale_0p8_1p2_steps20000_tr0]:  10%|█         | 2092/20000 [00:52<06:36, 45.13it/s, acc=0.292, device=mps, eta=7m30s, loss=2.0253, sps=40.0]
BC[stage1_datasets_L40_stepsweep/bc_shift4_scale_0p8_1p2_steps20000_tr0]:  11%|█         | 2101/20000 [00:52<07:57, 37.51it/s, acc=0.292, device=mps, eta=7m30s, loss=2.0253, sps=40.0]
BC[stage1_datasets_L40_stepsweep/bc_shift4_scale_0p8_1p2_steps20000_tr0]:  11%|█         | 2109/20000 [00:52<06:49, 43.66it/s, acc=0.292, device=mps, eta=7m30s, loss=2.0253, sps=40.0]
BC[stage1_datasets_L40_stepsweep/bc_shift4_scale_0p8_1p2_steps20000_tr0]:  11%|█         | 2115/20000 [00:52<06:27, 46.19it/s, acc=0.292, device=mps, eta=7m30s, loss=2.0253, sps=40.0]
BC[stage1_datasets_L40_stepsweep/bc_shift4_scale_0p8_1p2_steps20000_tr0]:  11%|█         | 2121/20000 [00:52<08:34, 34.73it/s, acc=0.292, device=mps, eta=7m30s, loss=2.0253, sps=40.0]
BC[stage1_datasets_L40_stepsweep/bc_shift4_scale_0p8_1p2_steps20000_tr0]:  11%|█         | 2127/20000 [00:53<07:36, 39.15it/s, acc=0.292, device=mps, eta=7m30s, loss=2.0253, sps=40.0]
BC[stage1_datasets_L40_stepsweep/bc_shift4_scale_0p8_1p2_steps20000_tr0]:  11%|█         | 2134/20000 [00:53<06:45, 44.09it/s, acc=0.292, device=mps, eta=7m30s, loss=2.0253, sps=40.0]
BC[stage1_datasets_L40_stepsweep/bc_shift4_scale_0p8_1p2_steps20000_tr0]:  11%|█         | 2141/20000 [00:53<08:37, 34.49it/s, acc=0.292, device=mps, eta=7m30s, loss=2.0253, sps=40.0]
BC[stage1_datasets_L40_stepsweep/bc_shift4_scale_0p8_1p2_steps20000_tr0]:  11%|█         | 2149/20000 [00:53<07:02, 42.24it/s, acc=0.292, device=mps, eta=7m30s, loss=2.0253, sps=40.0]
BC[stage1_datasets_L40_stepsweep/bc_shift4_scale_0p8_1p2_steps20000_tr0]:  11%|█         | 2157/20000 [00:53<06:02, 49.16it/s, acc=0.292, device=mps, eta=7m30s, loss=2.0253, sps=40.0]
BC[stage1_datasets_L40_stepsweep/bc_shift4_scale_0p8_1p2_steps20000_tr0]:  11%|█         | 2164/20000 [00:54<07:55, 37.49it/s, acc=0.292, device=mps, eta=7m30s, loss=2.0253, sps=40.0]
BC[stage1_datasets_L40_stepsweep/bc_shift4_scale_0p8_1p2_steps20000_tr0]:  11%|█         | 2172/20000 [00:54<06:41, 44.44it/s, acc=0.292, device=mps, eta=7m30s, loss=2.0253, sps=40.0]
BC[stage1_datasets_L40_stepsweep/bc_shift4_scale_0p8_1p2_steps20000_tr0]:  11%|█         | 2180/20000 [00:54<05:50, 50.82it/s, acc=0.292, device=mps, eta=7m30s, loss=2.0253, sps=40.0]
BC[stage1_datasets_L40_stepsweep/bc_shift4_scale_0p8_1p2_steps20000_tr0]:  11%|█         | 2187/20000 [00:54<07:47, 38.07it/s, acc=0.292, device=mps, eta=7m30s, loss=2.0253, sps=40.0]
BC[stage1_datasets_L40_stepsweep/bc_shift4_scale_0p8_1p2_steps20000_tr0]:  11%|█         | 2193/20000 [00:54<07:20, 40.45it/s, acc=0.292, device=mps, eta=7m30s, loss=2.0253, sps=40.0]
BC[stage1_datasets_L40_stepsweep/bc_shift4_scale_0p8_1p2_steps20000_tr0]:  11%|█         | 2199/20000 [00:54<06:47, 43.67it/s, acc=0.292, device=mps, eta=7m30s, loss=2.0253, sps=40.0]
BC[stage1_datasets_L40_stepsweep/bc_shift4_scale_0p8_1p2_steps20000_tr0]:  11%|█         | 2199/20000 [00:54<06:47, 43.67it/s, acc=0.299, device=mps, eta=7m23s, loss=2.0170, sps=40.2]
BC[stage1_datasets_L40_stepsweep/bc_shift4_scale_0p8_1p2_steps20000_tr0]:  11%|█         | 2205/20000 [00:55<08:46, 33.83it/s, acc=0.299, device=mps, eta=7m23s, loss=2.0170, sps=40.2]
BC[stage1_datasets_L40_stepsweep/bc_shift4_scale_0p8_1p2_steps20000_tr0]:  11%|█         | 2213/20000 [00:55<07:07, 41.62it/s, acc=0.299, device=mps, eta=7m23s, loss=2.0170, sps=40.2]
BC[stage1_datasets_L40_stepsweep/bc_shift4_scale_0p8_1p2_steps20000_tr0]:  11%|█         | 2221/20000 [00:55<08:32, 34.71it/s, acc=0.299, device=mps, eta=7m23s, loss=2.0170, sps=40.2]
BC[stage1_datasets_L40_stepsweep/bc_shift4_scale_0p8_1p2_steps20000_tr0]:  11%|█         | 2229/20000 [00:55<07:04, 41.89it/s, acc=0.299, device=mps, eta=7m23s, loss=2.0170, sps=40.2]
BC[stage1_datasets_L40_stepsweep/bc_shift4_scale_0p8_1p2_steps20000_tr0]:  11%|█         | 2237/20000 [00:55<06:05, 48.62it/s, acc=0.299, device=mps, eta=7m23s, loss=2.0170, sps=40.2]
BC[stage1_datasets_L40_stepsweep/bc_shift4_scale_0p8_1p2_steps20000_tr0]:  11%|█         | 2243/20000 [00:55<08:00, 36.95it/s, acc=0.299, device=mps, eta=7m23s, loss=2.0170, sps=40.2]
BC[stage1_datasets_L40_stepsweep/bc_shift4_scale_0p8_1p2_steps20000_tr0]:  11%|█▏        | 2251/20000 [00:56<06:41, 44.17it/s, acc=0.299, device=mps, eta=7m23s, loss=2.0170, sps=40.2]
BC[stage1_datasets_L40_stepsweep/bc_shift4_scale_0p8_1p2_steps20000_tr0]:  11%|█▏        | 2259/20000 [00:56<05:52, 50.38it/s, acc=0.299, device=mps, eta=7m23s, loss=2.0170, sps=40.2]
BC[stage1_datasets_L40_stepsweep/bc_shift4_scale_0p8_1p2_steps20000_tr0]:  11%|█▏        | 2266/20000 [00:56<07:40, 38.50it/s, acc=0.299, device=mps, eta=7m23s, loss=2.0170, sps=40.2]
BC[stage1_datasets_L40_stepsweep/bc_shift4_scale_0p8_1p2_steps20000_tr0]:  11%|█▏        | 2274/20000 [00:56<06:30, 45.35it/s, acc=0.299, device=mps, eta=7m23s, loss=2.0170, sps=40.2]
BC[stage1_datasets_L40_stepsweep/bc_shift4_scale_0p8_1p2_steps20000_tr0]:  11%|█▏        | 2281/20000 [00:56<08:08, 36.25it/s, acc=0.299, device=mps, eta=7m23s, loss=2.0170, sps=40.2]
BC[stage1_datasets_L40_stepsweep/bc_shift4_scale_0p8_1p2_steps20000_tr0]:  11%|█▏        | 2289/20000 [00:56<06:48, 43.32it/s, acc=0.299, device=mps, eta=7m23s, loss=2.0170, sps=40.2]
BC[stage1_datasets_L40_stepsweep/bc_shift4_scale_0p8_1p2_steps20000_tr0]:  11%|█▏        | 2297/20000 [00:57<05:57, 49.56it/s, acc=0.299, device=mps, eta=7m23s, loss=2.0170, sps=40.2]
BC[stage1_datasets_L40_stepsweep/bc_shift4_scale_0p8_1p2_steps20000_tr0]:  12%|█▏        | 2304/20000 [00:57<07:42, 38.25it/s, acc=0.299, device=mps, eta=7m23s, loss=2.0170, sps=40.2]
BC[stage1_datasets_L40_stepsweep/bc_shift4_scale_0p8_1p2_steps20000_tr0]:  12%|█▏        | 2312/20000 [00:57<06:32, 45.12it/s, acc=0.299, device=mps, eta=7m23s, loss=2.0170, sps=40.2]
BC[stage1_datasets_L40_stepsweep/bc_shift4_scale_0p8_1p2_steps20000_tr0]:  12%|█▏        | 2320/20000 [00:57<05:43, 51.53it/s, acc=0.299, device=mps, eta=7m23s, loss=2.0170, sps=40.2]
BC[stage1_datasets_L40_stepsweep/bc_shift4_scale_0p8_1p2_steps20000_tr0]:  12%|█▏        | 2327/20000 [00:57<07:37, 38.61it/s, acc=0.299, device=mps, eta=7m23s, loss=2.0170, sps=40.2]
BC[stage1_datasets_L40_stepsweep/bc_shift4_scale_0p8_1p2_steps20000_tr0]:  12%|█▏        | 2333/20000 [00:58<07:17, 40.35it/s, acc=0.299, device=mps, eta=7m23s, loss=2.0170, sps=40.2]
BC[stage1_datasets_L40_stepsweep/bc_shift4_scale_0p8_1p2_steps20000_tr0]:  12%|█▏        | 2339/20000 [00:58<06:40, 44.13it/s, acc=0.299, device=mps, eta=7m23s, loss=2.0170, sps=40.2]
BC[stage1_datasets_L40_stepsweep/bc_shift4_scale_0p8_1p2_steps20000_tr0]:  12%|█▏        | 2345/20000 [00:58<08:37, 34.14it/s, acc=0.299, device=mps, eta=7m23s, loss=2.0170, sps=40.2]
BC[stage1_datasets_L40_stepsweep/bc_shift4_scale_0p8_1p2_steps20000_tr0]:  12%|█▏        | 2353/20000 [00:58<06:58, 42.13it/s, acc=0.299, device=mps, eta=7m23s, loss=2.0170, sps=40.2]
BC[stage1_datasets_L40_stepsweep/bc_shift4_scale_0p8_1p2_steps20000_tr0]:  12%|█▏        | 2361/20000 [00:58<08:27, 34.77it/s, acc=0.299, device=mps, eta=7m23s, loss=2.0170, sps=40.2]
BC[stage1_datasets_L40_stepsweep/bc_shift4_scale_0p8_1p2_steps20000_tr0]:  12%|█▏        | 2369/20000 [00:58<07:08, 41.17it/s, acc=0.299, device=mps, eta=7m23s, loss=2.0170, sps=40.2]
BC[stage1_datasets_L40_stepsweep/bc_shift4_scale_0p8_1p2_steps20000_tr0]:  12%|█▏        | 2375/20000 [00:59<06:43, 43.65it/s, acc=0.299, device=mps, eta=7m23s, loss=2.0170, sps=40.2]
BC[stage1_datasets_L40_stepsweep/bc_shift4_scale_0p8_1p2_steps20000_tr0]:  12%|█▏        | 2381/20000 [00:59<08:51, 33.17it/s, acc=0.299, device=mps, eta=7m23s, loss=2.0170, sps=40.2]
BC[stage1_datasets_L40_stepsweep/bc_shift4_scale_0p8_1p2_steps20000_tr0]:  12%|█▏        | 2387/20000 [00:59<07:46, 37.76it/s, acc=0.299, device=mps, eta=7m23s, loss=2.0170, sps=40.2]
BC[stage1_datasets_L40_stepsweep/bc_shift4_scale_0p8_1p2_steps20000_tr0]:  12%|█▏        | 2393/20000 [00:59<07:02, 41.66it/s, acc=0.299, device=mps, eta=7m23s, loss=2.0170, sps=40.2]
BC[stage1_datasets_L40_stepsweep/bc_shift4_scale_0p8_1p2_steps20000_tr0]:  12%|█▏        | 2393/20000 [00:59<07:02, 41.66it/s, acc=0.296, device=mps, eta=7m18s, loss=2.0092, sps=40.2]
BC[stage1_datasets_L40_stepsweep/bc_shift4_scale_0p8_1p2_steps20000_tr0]:  12%|█▏        | 2400/20000 [00:59<06:12, 47.26it/s, acc=0.296, device=mps, eta=7m18s, loss=2.0092, sps=40.2]
BC[stage1_datasets_L40_stepsweep/bc_shift4_scale_0p8_1p2_steps20000_tr0]:  12%|█▏        | 2406/20000 [00:59<08:40, 33.78it/s, acc=0.296, device=mps, eta=7m18s, loss=2.0092, sps=40.2]
BC[stage1_datasets_L40_stepsweep/bc_shift4_scale_0p8_1p2_steps20000_tr0]:  12%|█▏        | 2414/20000 [01:00<07:03, 41.55it/s, acc=0.296, device=mps, eta=7m18s, loss=2.0092, sps=40.2]
BC[stage1_datasets_L40_stepsweep/bc_shift4_scale_0p8_1p2_steps20000_tr0]:  12%|█▏        | 2421/20000 [01:00<08:37, 33.98it/s, acc=0.296, device=mps, eta=7m18s, loss=2.0092, sps=40.2]
BC[stage1_datasets_L40_stepsweep/bc_shift4_scale_0p8_1p2_steps20000_tr0]:  12%|█▏        | 2429/20000 [01:00<07:02, 41.54it/s, acc=0.296, device=mps, eta=7m18s, loss=2.0092, sps=40.2]
BC[stage1_datasets_L40_stepsweep/bc_shift4_scale_0p8_1p2_steps20000_tr0]:  12%|█▏        | 2437/20000 [01:00<06:00, 48.68it/s, acc=0.296, device=mps, eta=7m18s, loss=2.0092, sps=40.2]
BC[stage1_datasets_L40_stepsweep/bc_shift4_scale_0p8_1p2_steps20000_tr0]:  12%|█▏        | 2444/20000 [01:00<07:47, 37.58it/s, acc=0.296, device=mps, eta=7m18s, loss=2.0092, sps=40.2]
BC[stage1_datasets_L40_stepsweep/bc_shift4_scale_0p8_1p2_steps20000_tr0]:  12%|█▏        | 2452/20000 [01:00<06:33, 44.62it/s, acc=0.296, device=mps, eta=7m18s, loss=2.0092, sps=40.2]
BC[stage1_datasets_L40_stepsweep/bc_shift4_scale_0p8_1p2_steps20000_tr0]:  12%|█▏        | 2460/20000 [01:01<05:39, 51.66it/s, acc=0.296, device=mps, eta=7m18s, loss=2.0092, sps=40.2]
BC[stage1_datasets_L40_stepsweep/bc_shift4_scale_0p8_1p2_steps20000_tr0]:  12%|█▏        | 2467/20000 [01:01<07:33, 38.69it/s, acc=0.296, device=mps, eta=7m18s, loss=2.0092, sps=40.2]
BC[stage1_datasets_L40_stepsweep/bc_shift4_scale_0p8_1p2_steps20000_tr0]:  12%|█▏        | 2475/20000 [01:01<06:24, 45.58it/s, acc=0.296, device=mps, eta=7m18s, loss=2.0092, sps=40.2]
BC[stage1_datasets_L40_stepsweep/bc_shift4_scale_0p8_1p2_steps20000_tr0]:  12%|█▏        | 2481/20000 [01:01<08:14, 35.44it/s, acc=0.296, device=mps, eta=7m18s, loss=2.0092, sps=40.2]
BC[stage1_datasets_L40_stepsweep/bc_shift4_scale_0p8_1p2_steps20000_tr0]:  12%|█▏        | 2489/20000 [01:01<06:49, 42.79it/s, acc=0.296, device=mps, eta=7m18s, loss=2.0092, sps=40.2]
BC[stage1_datasets_L40_stepsweep/bc_shift4_scale_0p8_1p2_steps20000_tr0]:  12%|█▏        | 2497/20000 [01:01<05:51, 49.76it/s, acc=0.296, device=mps, eta=7m18s, loss=2.0092, sps=40.2]
BC[stage1_datasets_L40_stepsweep/bc_shift4_scale_0p8_1p2_steps20000_tr0]:  13%|█▎        | 2504/20000 [01:02<07:39, 38.05it/s, acc=0.296, device=mps, eta=7m18s, loss=2.0092, sps=40.2]
BC[stage1_datasets_L40_stepsweep/bc_shift4_scale_0p8_1p2_steps20000_tr0]:  13%|█▎        | 2512/20000 [01:02<06:28, 45.03it/s, acc=0.296, device=mps, eta=7m18s, loss=2.0092, sps=40.2]
BC[stage1_datasets_L40_stepsweep/bc_shift4_scale_0p8_1p2_steps20000_tr0]:  13%|█▎        | 2520/20000 [01:02<05:36, 51.99it/s, acc=0.296, device=mps, eta=7m18s, loss=2.0092, sps=40.2]
BC[stage1_datasets_L40_stepsweep/bc_shift4_scale_0p8_1p2_steps20000_tr0]:  13%|█▎        | 2527/20000 [01:02<07:29, 38.85it/s, acc=0.296, device=mps, eta=7m18s, loss=2.0092, sps=40.2]
BC[stage1_datasets_L40_stepsweep/bc_shift4_scale_0p8_1p2_steps20000_tr0]:  13%|█▎        | 2535/20000 [01:02<06:22, 45.64it/s, acc=0.296, device=mps, eta=7m18s, loss=2.0092, sps=40.2]
BC[stage1_datasets_L40_stepsweep/bc_shift4_scale_0p8_1p2_steps20000_tr0]:  13%|█▎        | 2541/20000 [01:03<08:12, 35.44it/s, acc=0.296, device=mps, eta=7m18s, loss=2.0092, sps=40.2]
BC[stage1_datasets_L40_stepsweep/bc_shift4_scale_0p8_1p2_steps20000_tr0]:  13%|█▎        | 2549/20000 [01:03<06:47, 42.80it/s, acc=0.296, device=mps, eta=7m18s, loss=2.0092, sps=40.2]
BC[stage1_datasets_L40_stepsweep/bc_shift4_scale_0p8_1p2_steps20000_tr0]:  13%|█▎        | 2557/20000 [01:03<05:53, 49.38it/s, acc=0.296, device=mps, eta=7m18s, loss=2.0092, sps=40.2]
BC[stage1_datasets_L40_stepsweep/bc_shift4_scale_0p8_1p2_steps20000_tr0]:  13%|█▎        | 2564/20000 [01:03<07:39, 37.94it/s, acc=0.296, device=mps, eta=7m18s, loss=2.0092, sps=40.2]
BC[stage1_datasets_L40_stepsweep/bc_shift4_scale_0p8_1p2_steps20000_tr0]:  13%|█▎        | 2572/20000 [01:03<06:27, 44.98it/s, acc=0.296, device=mps, eta=7m18s, loss=2.0092, sps=40.2]
BC[stage1_datasets_L40_stepsweep/bc_shift4_scale_0p8_1p2_steps20000_tr0]:  13%|█▎        | 2580/20000 [01:03<05:36, 51.71it/s, acc=0.296, device=mps, eta=7m18s, loss=2.0092, sps=40.2]
BC[stage1_datasets_L40_stepsweep/bc_shift4_scale_0p8_1p2_steps20000_tr0]:  13%|█▎        | 2587/20000 [01:04<07:28, 38.83it/s, acc=0.296, device=mps, eta=7m18s, loss=2.0092, sps=40.2]
BC[stage1_datasets_L40_stepsweep/bc_shift4_scale_0p8_1p2_steps20000_tr0]:  13%|█▎        | 2595/20000 [01:04<06:21, 45.61it/s, acc=0.296, device=mps, eta=7m18s, loss=2.0092, sps=40.2]
BC[stage1_datasets_L40_stepsweep/bc_shift4_scale_0p8_1p2_steps20000_tr0]:  13%|█▎        | 2595/20000 [01:04<06:21, 45.61it/s, acc=0.302, device=mps, eta=7m11s, loss=2.0071, sps=40.4]
BC[stage1_datasets_L40_stepsweep/bc_shift4_scale_0p8_1p2_steps20000_tr0]:  13%|█▎        | 2601/20000 [01:04<08:10, 35.46it/s, acc=0.302, device=mps, eta=7m11s, loss=2.0071, sps=40.4]
BC[stage1_datasets_L40_stepsweep/bc_shift4_scale_0p8_1p2_steps20000_tr0]:  13%|█▎        | 2609/20000 [01:04<06:46, 42.81it/s, acc=0.302, device=mps, eta=7m11s, loss=2.0071, sps=40.4]
BC[stage1_datasets_L40_stepsweep/bc_shift4_scale_0p8_1p2_steps20000_tr0]:  13%|█▎        | 2617/20000 [01:04<05:48, 49.88it/s, acc=0.302, device=mps, eta=7m11s, loss=2.0071, sps=40.4]
BC[stage1_datasets_L40_stepsweep/bc_shift4_scale_0p8_1p2_steps20000_tr0]:  13%|█▎        | 2624/20000 [01:05<07:36, 38.08it/s, acc=0.302, device=mps, eta=7m11s, loss=2.0071, sps=40.4]
BC[stage1_datasets_L40_stepsweep/bc_shift4_scale_0p8_1p2_steps20000_tr0]:  13%|█▎        | 2632/20000 [01:05<06:23, 45.28it/s, acc=0.302, device=mps, eta=7m11s, loss=2.0071, sps=40.4]
BC[stage1_datasets_L40_stepsweep/bc_shift4_scale_0p8_1p2_steps20000_tr0]:  13%|█▎        | 2640/20000 [01:05<05:31, 52.31it/s, acc=0.302, device=mps, eta=7m11s, loss=2.0071, sps=40.4]
BC[stage1_datasets_L40_stepsweep/bc_shift4_scale_0p8_1p2_steps20000_tr0]:  13%|█▎        | 2647/20000 [01:05<07:27, 38.76it/s, acc=0.302, device=mps, eta=7m11s, loss=2.0071, sps=40.4]
BC[stage1_datasets_L40_stepsweep/bc_shift4_scale_0p8_1p2_steps20000_tr0]:  13%|█▎        | 2655/20000 [01:05<06:21, 45.52it/s, acc=0.302, device=mps, eta=7m11s, loss=2.0071, sps=40.4]
BC[stage1_datasets_L40_stepsweep/bc_shift4_scale_0p8_1p2_steps20000_tr0]:  13%|█▎        | 2661/20000 [01:05<08:09, 35.45it/s, acc=0.302, device=mps, eta=7m11s, loss=2.0071, sps=40.4]
BC[stage1_datasets_L40_stepsweep/bc_shift4_scale_0p8_1p2_steps20000_tr0]:  13%|█▎        | 2669/20000 [01:06<06:45, 42.78it/s, acc=0.302, device=mps, eta=7m11s, loss=2.0071, sps=40.4]
BC[stage1_datasets_L40_stepsweep/bc_shift4_scale_0p8_1p2_steps20000_tr0]:  13%|█▎        | 2677/20000 [01:06<05:48, 49.70it/s, acc=0.302, device=mps, eta=7m11s, loss=2.0071, sps=40.4]
BC[stage1_datasets_L40_stepsweep/bc_shift4_scale_0p8_1p2_steps20000_tr0]:  13%|█▎        | 2684/20000 [01:06<07:35, 38.01it/s, acc=0.302, device=mps, eta=7m11s, loss=2.0071, sps=40.4]
BC[stage1_datasets_L40_stepsweep/bc_shift4_scale_0p8_1p2_steps20000_tr0]:  13%|█▎        | 2692/20000 [01:06<06:23, 45.09it/s, acc=0.302, device=mps, eta=7m11s, loss=2.0071, sps=40.4]
BC[stage1_datasets_L40_stepsweep/bc_shift4_scale_0p8_1p2_steps20000_tr0]:  14%|█▎        | 2700/20000 [01:06<05:32, 52.04it/s, acc=0.302, device=mps, eta=7m11s, loss=2.0071, sps=40.4]
BC[stage1_datasets_L40_stepsweep/bc_shift4_scale_0p8_1p2_steps20000_tr0]:  14%|█▎        | 2707/20000 [01:06<07:25, 38.82it/s, acc=0.302, device=mps, eta=7m11s, loss=2.0071, sps=40.4]
BC[stage1_datasets_L40_stepsweep/bc_shift4_scale_0p8_1p2_steps20000_tr0]:  14%|█▎        | 2715/20000 [01:07<06:18, 45.66it/s, acc=0.302, device=mps, eta=7m11s, loss=2.0071, sps=40.4]
BC[stage1_datasets_L40_stepsweep/bc_shift4_scale_0p8_1p2_steps20000_tr0]:  14%|█▎        | 2721/20000 [01:07<08:07, 35.46it/s, acc=0.302, device=mps, eta=7m11s, loss=2.0071, sps=40.4]
BC[stage1_datasets_L40_stepsweep/bc_shift4_scale_0p8_1p2_steps20000_tr0]:  14%|█▎        | 2729/20000 [01:07<06:43, 42.83it/s, acc=0.302, device=mps, eta=7m11s, loss=2.0071, sps=40.4]
BC[stage1_datasets_L40_stepsweep/bc_shift4_scale_0p8_1p2_steps20000_tr0]:  14%|█▎        | 2737/20000 [01:07<05:48, 49.48it/s, acc=0.302, device=mps, eta=7m11s, loss=2.0071, sps=40.4]
BC[stage1_datasets_L40_stepsweep/bc_shift4_scale_0p8_1p2_steps20000_tr0]:  14%|█▎        | 2744/20000 [01:07<07:35, 37.91it/s, acc=0.302, device=mps, eta=7m11s, loss=2.0071, sps=40.4]
BC[stage1_datasets_L40_stepsweep/bc_shift4_scale_0p8_1p2_steps20000_tr0]:  14%|█▍        | 2752/20000 [01:07<06:23, 44.92it/s, acc=0.302, device=mps, eta=7m11s, loss=2.0071, sps=40.4]
BC[stage1_datasets_L40_stepsweep/bc_shift4_scale_0p8_1p2_steps20000_tr0]:  14%|█▍        | 2760/20000 [01:08<05:31, 52.00it/s, acc=0.302, device=mps, eta=7m11s, loss=2.0071, sps=40.4]
BC[stage1_datasets_L40_stepsweep/bc_shift4_scale_0p8_1p2_steps20000_tr0]:  14%|█▍        | 2767/20000 [01:08<07:23, 38.84it/s, acc=0.302, device=mps, eta=7m11s, loss=2.0071, sps=40.4]
BC[stage1_datasets_L40_stepsweep/bc_shift4_scale_0p8_1p2_steps20000_tr0]:  14%|█▍        | 2775/20000 [01:08<06:16, 45.69it/s, acc=0.302, device=mps, eta=7m11s, loss=2.0071, sps=40.4]
BC[stage1_datasets_L40_stepsweep/bc_shift4_scale_0p8_1p2_steps20000_tr0]:  14%|█▍        | 2781/20000 [01:08<08:05, 35.47it/s, acc=0.302, device=mps, eta=7m11s, loss=2.0071, sps=40.4]
BC[stage1_datasets_L40_stepsweep/bc_shift4_scale_0p8_1p2_steps20000_tr0]:  14%|█▍        | 2789/20000 [01:08<06:41, 42.85it/s, acc=0.302, device=mps, eta=7m11s, loss=2.0071, sps=40.4]
BC[stage1_datasets_L40_stepsweep/bc_shift4_scale_0p8_1p2_steps20000_tr0]:  14%|█▍        | 2797/20000 [01:08<05:45, 49.72it/s, acc=0.302, device=mps, eta=7m11s, loss=2.0071, sps=40.4]
BC[stage1_datasets_L40_stepsweep/bc_shift4_scale_0p8_1p2_steps20000_tr0]:  14%|█▍        | 2797/20000 [01:09<05:45, 49.72it/s, acc=0.294, device=mps, eta=7m04s, loss=2.0126, sps=40.6]
BC[stage1_datasets_L40_stepsweep/bc_shift4_scale_0p8_1p2_steps20000_tr0]:  14%|█▍        | 2804/20000 [01:09<07:32, 38.02it/s, acc=0.294, device=mps, eta=7m04s, loss=2.0126, sps=40.6]
BC[stage1_datasets_L40_stepsweep/bc_shift4_scale_0p8_1p2_steps20000_tr0]:  14%|█▍        | 2812/20000 [01:09<06:20, 45.11it/s, acc=0.294, device=mps, eta=7m04s, loss=2.0126, sps=40.6]
BC[stage1_datasets_L40_stepsweep/bc_shift4_scale_0p8_1p2_steps20000_tr0]:  14%|█▍        | 2820/20000 [01:09<05:31, 51.85it/s, acc=0.294, device=mps, eta=7m04s, loss=2.0126, sps=40.6]
BC[stage1_datasets_L40_stepsweep/bc_shift4_scale_0p8_1p2_steps20000_tr0]:  14%|█▍        | 2827/20000 [01:09<07:22, 38.84it/s, acc=0.294, device=mps, eta=7m04s, loss=2.0126, sps=40.6]
BC[stage1_datasets_L40_stepsweep/bc_shift4_scale_0p8_1p2_steps20000_tr0]:  14%|█▍        | 2835/20000 [01:09<06:15, 45.66it/s, acc=0.294, device=mps, eta=7m04s, loss=2.0126, sps=40.6]
BC[stage1_datasets_L40_stepsweep/bc_shift4_scale_0p8_1p2_steps20000_tr0]:  14%|█▍        | 2841/20000 [01:10<08:03, 35.46it/s, acc=0.294, device=mps, eta=7m04s, loss=2.0126, sps=40.6]
BC[stage1_datasets_L40_stepsweep/bc_shift4_scale_0p8_1p2_steps20000_tr0]:  14%|█▍        | 2849/20000 [01:10<06:40, 42.84it/s, acc=0.294, device=mps, eta=7m04s, loss=2.0126, sps=40.6]
BC[stage1_datasets_L40_stepsweep/bc_shift4_scale_0p8_1p2_steps20000_tr0]:  14%|█▍        | 2857/20000 [01:10<05:46, 49.49it/s, acc=0.294, device=mps, eta=7m04s, loss=2.0126, sps=40.6]
BC[stage1_datasets_L40_stepsweep/bc_shift4_scale_0p8_1p2_steps20000_tr0]:  14%|█▍        | 2864/20000 [01:10<07:31, 37.92it/s, acc=0.294, device=mps, eta=7m04s, loss=2.0126, sps=40.6]
BC[stage1_datasets_L40_stepsweep/bc_shift4_scale_0p8_1p2_steps20000_tr0]:  14%|█▍        | 2872/20000 [01:10<06:19, 45.13it/s, acc=0.294, device=mps, eta=7m04s, loss=2.0126, sps=40.6]
BC[stage1_datasets_L40_stepsweep/bc_shift4_scale_0p8_1p2_steps20000_tr0]:  14%|█▍        | 2881/20000 [01:11<07:36, 37.49it/s, acc=0.294, device=mps, eta=7m04s, loss=2.0126, sps=40.6]
BC[stage1_datasets_L40_stepsweep/bc_shift4_scale_0p8_1p2_steps20000_tr0]:  14%|█▍        | 2889/20000 [01:11<06:29, 43.94it/s, acc=0.294, device=mps, eta=7m04s, loss=2.0126, sps=40.6]
BC[stage1_datasets_L40_stepsweep/bc_shift4_scale_0p8_1p2_steps20000_tr0]:  14%|█▍        | 2895/20000 [01:11<06:07, 46.55it/s, acc=0.294, device=mps, eta=7m04s, loss=2.0126, sps=40.6]
BC[stage1_datasets_L40_stepsweep/bc_shift4_scale_0p8_1p2_steps20000_tr0]:  15%|█▍        | 2901/20000 [01:11<08:05, 35.23it/s, acc=0.294, device=mps, eta=7m04s, loss=2.0126, sps=40.6]
BC[stage1_datasets_L40_stepsweep/bc_shift4_scale_0p8_1p2_steps20000_tr0]:  15%|█▍        | 2909/20000 [01:11<06:39, 42.79it/s, acc=0.294, device=mps, eta=7m04s, loss=2.0126, sps=40.6]
BC[stage1_datasets_L40_stepsweep/bc_shift4_scale_0p8_1p2_steps20000_tr0]:  15%|█▍        | 2917/20000 [01:11<05:42, 49.83it/s, acc=0.294, device=mps, eta=7m04s, loss=2.0126, sps=40.6]
BC[stage1_datasets_L40_stepsweep/bc_shift4_scale_0p8_1p2_steps20000_tr0]:  15%|█▍        | 2924/20000 [01:12<07:29, 37.99it/s, acc=0.294, device=mps, eta=7m04s, loss=2.0126, sps=40.6]
BC[stage1_datasets_L40_stepsweep/bc_shift4_scale_0p8_1p2_steps20000_tr0]:  15%|█▍        | 2932/20000 [01:12<06:18, 45.04it/s, acc=0.294, device=mps, eta=7m04s, loss=2.0126, sps=40.6]
BC[stage1_datasets_L40_stepsweep/bc_shift4_scale_0p8_1p2_steps20000_tr0]:  15%|█▍        | 2940/20000 [01:12<05:27, 52.02it/s, acc=0.294, device=mps, eta=7m04s, loss=2.0126, sps=40.6]
BC[stage1_datasets_L40_stepsweep/bc_shift4_scale_0p8_1p2_steps20000_tr0]:  15%|█▍        | 2947/20000 [01:12<07:18, 38.90it/s, acc=0.294, device=mps, eta=7m04s, loss=2.0126, sps=40.6]
BC[stage1_datasets_L40_stepsweep/bc_shift4_scale_0p8_1p2_steps20000_tr0]:  15%|█▍        | 2955/20000 [01:12<06:10, 45.95it/s, acc=0.294, device=mps, eta=7m04s, loss=2.0126, sps=40.6]
BC[stage1_datasets_L40_stepsweep/bc_shift4_scale_0p8_1p2_steps20000_tr0]:  15%|█▍        | 2961/20000 [01:12<08:00, 35.46it/s, acc=0.294, device=mps, eta=7m04s, loss=2.0126, sps=40.6]
BC[stage1_datasets_L40_stepsweep/bc_shift4_scale_0p8_1p2_steps20000_tr0]:  15%|█▍        | 2969/20000 [01:13<06:44, 42.11it/s, acc=0.294, device=mps, eta=7m04s, loss=2.0126, sps=40.6]
BC[stage1_datasets_L40_stepsweep/bc_shift4_scale_0p8_1p2_steps20000_tr0]:  15%|█▍        | 2975/20000 [01:13<06:23, 44.37it/s, acc=0.294, device=mps, eta=7m04s, loss=2.0126, sps=40.6]
BC[stage1_datasets_L40_stepsweep/bc_shift4_scale_0p8_1p2_steps20000_tr0]:  15%|█▍        | 2981/20000 [01:13<08:31, 33.28it/s, acc=0.294, device=mps, eta=7m04s, loss=2.0126, sps=40.6]
BC[stage1_datasets_L40_stepsweep/bc_shift4_scale_0p8_1p2_steps20000_tr0]:  15%|█▍        | 2987/20000 [01:13<07:41, 36.89it/s, acc=0.294, device=mps, eta=7m04s, loss=2.0126, sps=40.6]
BC[stage1_datasets_L40_stepsweep/bc_shift4_scale_0p8_1p2_steps20000_tr0]:  15%|█▍        | 2994/20000 [01:13<06:41, 42.37it/s, acc=0.294, device=mps, eta=7m04s, loss=2.0126, sps=40.6]
BC[stage1_datasets_L40_stepsweep/bc_shift4_scale_0p8_1p2_steps20000_tr0]:  15%|█▍        | 2994/20000 [01:13<06:41, 42.37it/s, acc=0.299, device=mps, eta=6m58s, loss=2.0104, sps=40.6]
BC[stage1_datasets_L40_stepsweep/bc_shift4_scale_0p8_1p2_steps20000_tr0]:  15%|█▌        | 3001/20000 [01:14<08:26, 33.59it/s, acc=0.299, device=mps, eta=6m58s, loss=2.0104, sps=40.6]
BC[stage1_datasets_L40_stepsweep/bc_shift4_scale_0p8_1p2_steps20000_tr0]:  15%|█▌        | 3007/20000 [01:14<07:24, 38.24it/s, acc=0.299, device=mps, eta=6m58s, loss=2.0104, sps=40.6]
BC[stage1_datasets_L40_stepsweep/bc_shift4_scale_0p8_1p2_steps20000_tr0]:  15%|█▌        | 3014/20000 [01:14<06:31, 43.43it/s, acc=0.299, device=mps, eta=6m58s, loss=2.0104, sps=40.6]
BC[stage1_datasets_L40_stepsweep/bc_shift4_scale_0p8_1p2_steps20000_tr0]:  15%|█▌        | 3021/20000 [01:14<08:18, 34.03it/s, acc=0.299, device=mps, eta=6m58s, loss=2.0104, sps=40.6]
BC[stage1_datasets_L40_stepsweep/bc_shift4_scale_0p8_1p2_steps20000_tr0]:  15%|█▌        | 3029/20000 [01:14<06:45, 41.83it/s, acc=0.299, device=mps, eta=6m58s, loss=2.0104, sps=40.6]
BC[stage1_datasets_L40_stepsweep/bc_shift4_scale_0p8_1p2_steps20000_tr0]:  15%|█▌        | 3037/20000 [01:14<05:48, 48.69it/s, acc=0.299, device=mps, eta=6m58s, loss=2.0104, sps=40.6]
BC[stage1_datasets_L40_stepsweep/bc_shift4_scale_0p8_1p2_steps20000_tr0]:  15%|█▌        | 3043/20000 [01:15<07:44, 36.49it/s, acc=0.299, device=mps, eta=6m58s, loss=2.0104, sps=40.6]
BC[stage1_datasets_L40_stepsweep/bc_shift4_scale_0p8_1p2_steps20000_tr0]:  15%|█▌        | 3051/20000 [01:15<06:27, 43.79it/s, acc=0.299, device=mps, eta=6m58s, loss=2.0104, sps=40.6]
BC[stage1_datasets_L40_stepsweep/bc_shift4_scale_0p8_1p2_steps20000_tr0]:  15%|█▌        | 3059/20000 [01:15<05:37, 50.20it/s, acc=0.299, device=mps, eta=6m58s, loss=2.0104, sps=40.6]
BC[stage1_datasets_L40_stepsweep/bc_shift4_scale_0p8_1p2_steps20000_tr0]:  15%|█▌        | 3066/20000 [01:15<07:19, 38.52it/s, acc=0.299, device=mps, eta=6m58s, loss=2.0104, sps=40.6]
BC[stage1_datasets_L40_stepsweep/bc_shift4_scale_0p8_1p2_steps20000_tr0]:  15%|█▌        | 3074/20000 [01:15<06:12, 45.45it/s, acc=0.299, device=mps, eta=6m58s, loss=2.0104, sps=40.6]
BC[stage1_datasets_L40_stepsweep/bc_shift4_scale_0p8_1p2_steps20000_tr0]:  15%|█▌        | 3081/20000 [01:15<07:47, 36.17it/s, acc=0.299, device=mps, eta=6m58s, loss=2.0104, sps=40.6]
BC[stage1_datasets_L40_stepsweep/bc_shift4_scale_0p8_1p2_steps20000_tr0]:  15%|█▌        | 3089/20000 [01:16<06:30, 43.33it/s, acc=0.299, device=mps, eta=6m58s, loss=2.0104, sps=40.6]
BC[stage1_datasets_L40_stepsweep/bc_shift4_scale_0p8_1p2_steps20000_tr0]:  15%|█▌        | 3097/20000 [01:16<05:38, 49.89it/s, acc=0.299, device=mps, eta=6m58s, loss=2.0104, sps=40.6]
BC[stage1_datasets_L40_stepsweep/bc_shift4_scale_0p8_1p2_steps20000_tr0]:  16%|█▌        | 3104/20000 [01:16<07:21, 38.27it/s, acc=0.299, device=mps, eta=6m58s, loss=2.0104, sps=40.6]
BC[stage1_datasets_L40_stepsweep/bc_shift4_scale_0p8_1p2_steps20000_tr0]:  16%|█▌        | 3112/20000 [01:16<06:13, 45.23it/s, acc=0.299, device=mps, eta=6m58s, loss=2.0104, sps=40.6]
BC[stage1_datasets_L40_stepsweep/bc_shift4_scale_0p8_1p2_steps20000_tr0]:  16%|█▌        | 3120/20000 [01:16<05:25, 51.86it/s, acc=0.299, device=mps, eta=6m58s, loss=2.0104, sps=40.6]
BC[stage1_datasets_L40_stepsweep/bc_shift4_scale_0p8_1p2_steps20000_tr0]:  16%|█▌        | 3127/20000 [01:16<07:14, 38.87it/s, acc=0.299, device=mps, eta=6m58s, loss=2.0104, sps=40.6]
BC[stage1_datasets_L40_stepsweep/bc_shift4_scale_0p8_1p2_steps20000_tr0]:  16%|█▌        | 3135/20000 [01:17<06:09, 45.68it/s, acc=0.299, device=mps, eta=6m58s, loss=2.0104, sps=40.6]
BC[stage1_datasets_L40_stepsweep/bc_shift4_scale_0p8_1p2_steps20000_tr0]:  16%|█▌        | 3141/20000 [01:17<07:54, 35.57it/s, acc=0.299, device=mps, eta=6m58s, loss=2.0104, sps=40.6]
BC[stage1_datasets_L40_stepsweep/bc_shift4_scale_0p8_1p2_steps20000_tr0]:  16%|█▌        | 3149/20000 [01:17<06:33, 42.78it/s, acc=0.299, device=mps, eta=6m58s, loss=2.0104, sps=40.6]
BC[stage1_datasets_L40_stepsweep/bc_shift4_scale_0p8_1p2_steps20000_tr0]:  16%|█▌        | 3157/20000 [01:17<05:41, 49.34it/s, acc=0.299, device=mps, eta=6m58s, loss=2.0104, sps=40.6]
BC[stage1_datasets_L40_stepsweep/bc_shift4_scale_0p8_1p2_steps20000_tr0]:  16%|█▌        | 3164/20000 [01:17<07:22, 38.04it/s, acc=0.299, device=mps, eta=6m58s, loss=2.0104, sps=40.6]
BC[stage1_datasets_L40_stepsweep/bc_shift4_scale_0p8_1p2_steps20000_tr0]:  16%|█▌        | 3172/20000 [01:17<06:13, 45.02it/s, acc=0.299, device=mps, eta=6m58s, loss=2.0104, sps=40.6]
BC[stage1_datasets_L40_stepsweep/bc_shift4_scale_0p8_1p2_steps20000_tr0]:  16%|█▌        | 3180/20000 [01:18<05:25, 51.72it/s, acc=0.299, device=mps, eta=6m58s, loss=2.0104, sps=40.6]
BC[stage1_datasets_L40_stepsweep/bc_shift4_scale_0p8_1p2_steps20000_tr0]:  16%|█▌        | 3187/20000 [01:18<07:11, 38.97it/s, acc=0.299, device=mps, eta=6m58s, loss=2.0104, sps=40.6]
BC[stage1_datasets_L40_stepsweep/bc_shift4_scale_0p8_1p2_steps20000_tr0]:  16%|█▌        | 3195/20000 [01:18<06:06, 45.89it/s, acc=0.299, device=mps, eta=6m58s, loss=2.0104, sps=40.6]
BC[stage1_datasets_L40_stepsweep/bc_shift4_scale_0p8_1p2_steps20000_tr0]:  16%|█▌        | 3195/20000 [01:18<06:06, 45.89it/s, acc=0.300, device=mps, eta=6m53s, loss=2.0056, sps=40.7]
BC[stage1_datasets_L40_stepsweep/bc_shift4_scale_0p8_1p2_steps20000_tr0]:  16%|█▌        | 3201/20000 [01:18<07:51, 35.63it/s, acc=0.300, device=mps, eta=6m53s, loss=2.0056, sps=40.7]
BC[stage1_datasets_L40_stepsweep/bc_shift4_scale_0p8_1p2_steps20000_tr0]:  16%|█▌        | 3209/20000 [01:18<06:30, 43.01it/s, acc=0.300, device=mps, eta=6m53s, loss=2.0056, sps=40.7]
BC[stage1_datasets_L40_stepsweep/bc_shift4_scale_0p8_1p2_steps20000_tr0]:  16%|█▌        | 3217/20000 [01:18<05:36, 49.87it/s, acc=0.300, device=mps, eta=6m53s, loss=2.0056, sps=40.7]
BC[stage1_datasets_L40_stepsweep/bc_shift4_scale_0p8_1p2_steps20000_tr0]:  16%|█▌        | 3224/20000 [01:19<07:21, 37.99it/s, acc=0.300, device=mps, eta=6m53s, loss=2.0056, sps=40.7]
BC[stage1_datasets_L40_stepsweep/bc_shift4_scale_0p8_1p2_steps20000_tr0]:  16%|█▌        | 3232/20000 [01:19<06:12, 45.01it/s, acc=0.300, device=mps, eta=6m53s, loss=2.0056, sps=40.7]
BC[stage1_datasets_L40_stepsweep/bc_shift4_scale_0p8_1p2_steps20000_tr0]:  16%|█▌        | 3240/20000 [01:19<05:23, 51.80it/s, acc=0.300, device=mps, eta=6m53s, loss=2.0056, sps=40.7]
BC[stage1_datasets_L40_stepsweep/bc_shift4_scale_0p8_1p2_steps20000_tr0]:  16%|█▌        | 3247/20000 [01:19<07:11, 38.81it/s, acc=0.300, device=mps, eta=6m53s, loss=2.0056, sps=40.7]
BC[stage1_datasets_L40_stepsweep/bc_shift4_scale_0p8_1p2_steps20000_tr0]:  16%|█▋        | 3255/20000 [01:19<06:07, 45.57it/s, acc=0.300, device=mps, eta=6m53s, loss=2.0056, sps=40.7]
BC[stage1_datasets_L40_stepsweep/bc_shift4_scale_0p8_1p2_steps20000_tr0]:  16%|█▋        | 3261/20000 [01:20<07:51, 35.46it/s, acc=0.300, device=mps, eta=6m53s, loss=2.0056, sps=40.7]
BC[stage1_datasets_L40_stepsweep/bc_shift4_scale_0p8_1p2_steps20000_tr0]:  16%|█▋        | 3269/20000 [01:20<06:30, 42.83it/s, acc=0.300, device=mps, eta=6m53s, loss=2.0056, sps=40.7]
BC[stage1_datasets_L40_stepsweep/bc_shift4_scale_0p8_1p2_steps20000_tr0]:  16%|█▋        | 3277/20000 [01:20<05:36, 49.63it/s, acc=0.300, device=mps, eta=6m53s, loss=2.0056, sps=40.7]
BC[stage1_datasets_L40_stepsweep/bc_shift4_scale_0p8_1p2_steps20000_tr0]:  16%|█▋        | 3284/20000 [01:20<07:19, 38.03it/s, acc=0.300, device=mps, eta=6m53s, loss=2.0056, sps=40.7]
BC[stage1_datasets_L40_stepsweep/bc_shift4_scale_0p8_1p2_steps20000_tr0]:  16%|█▋        | 3292/20000 [01:20<06:10, 45.07it/s, acc=0.300, device=mps, eta=6m53s, loss=2.0056, sps=40.7]
BC[stage1_datasets_L40_stepsweep/bc_shift4_scale_0p8_1p2_steps20000_tr0]:  16%|█▋        | 3300/20000 [01:20<05:21, 51.87it/s, acc=0.300, device=mps, eta=6m53s, loss=2.0056, sps=40.7]
BC[stage1_datasets_L40_stepsweep/bc_shift4_scale_0p8_1p2_steps20000_tr0]:  17%|█▋        | 3307/20000 [01:21<07:10, 38.82it/s, acc=0.300, device=mps, eta=6m53s, loss=2.0056, sps=40.7]
BC[stage1_datasets_L40_stepsweep/bc_shift4_scale_0p8_1p2_steps20000_tr0]:  17%|█▋        | 3315/20000 [01:21<06:05, 45.70it/s, acc=0.300, device=mps, eta=6m53s, loss=2.0056, sps=40.7]
BC[stage1_datasets_L40_stepsweep/bc_shift4_scale_0p8_1p2_steps20000_tr0]:  17%|█▋        | 3321/20000 [01:21<07:49, 35.55it/s, acc=0.300, device=mps, eta=6m53s, loss=2.0056, sps=40.7]
BC[stage1_datasets_L40_stepsweep/bc_shift4_scale_0p8_1p2_steps20000_tr0]:  17%|█▋        | 3329/20000 [01:21<06:28, 42.88it/s, acc=0.300, device=mps, eta=6m53s, loss=2.0056, sps=40.7]
BC[stage1_datasets_L40_stepsweep/bc_shift4_scale_0p8_1p2_steps20000_tr0]:  17%|█▋        | 3337/20000 [01:21<05:36, 49.45it/s, acc=0.300, device=mps, eta=6m53s, loss=2.0056, sps=40.7]
BC[stage1_datasets_L40_stepsweep/bc_shift4_scale_0p8_1p2_steps20000_tr0]:  17%|█▋        | 3344/20000 [01:22<07:19, 37.91it/s, acc=0.300, device=mps, eta=6m53s, loss=2.0056, sps=40.7]
BC[stage1_datasets_L40_stepsweep/bc_shift4_scale_0p8_1p2_steps20000_tr0]:  17%|█▋        | 3352/20000 [01:22<06:10, 44.98it/s, acc=0.300, device=mps, eta=6m53s, loss=2.0056, sps=40.7]
BC[stage1_datasets_L40_stepsweep/bc_shift4_scale_0p8_1p2_steps20000_tr0]:  17%|█▋        | 3360/20000 [01:22<05:20, 51.89it/s, acc=0.300, device=mps, eta=6m53s, loss=2.0056, sps=40.7]
BC[stage1_datasets_L40_stepsweep/bc_shift4_scale_0p8_1p2_steps20000_tr0]:  17%|█▋        | 3367/20000 [01:22<07:08, 38.86it/s, acc=0.300, device=mps, eta=6m53s, loss=2.0056, sps=40.7]
BC[stage1_datasets_L40_stepsweep/bc_shift4_scale_0p8_1p2_steps20000_tr0]:  17%|█▋        | 3375/20000 [01:22<06:04, 45.65it/s, acc=0.300, device=mps, eta=6m53s, loss=2.0056, sps=40.7]
BC[stage1_datasets_L40_stepsweep/bc_shift4_scale_0p8_1p2_steps20000_tr0]:  17%|█▋        | 3381/20000 [01:22<07:48, 35.47it/s, acc=0.300, device=mps, eta=6m53s, loss=2.0056, sps=40.7]
BC[stage1_datasets_L40_stepsweep/bc_shift4_scale_0p8_1p2_steps20000_tr0]:  17%|█▋        | 3389/20000 [01:23<06:27, 42.90it/s, acc=0.300, device=mps, eta=6m53s, loss=2.0056, sps=40.7]
BC[stage1_datasets_L40_stepsweep/bc_shift4_scale_0p8_1p2_steps20000_tr0]:  17%|█▋        | 3397/20000 [01:23<05:33, 49.74it/s, acc=0.300, device=mps, eta=6m53s, loss=2.0056, sps=40.7]
BC[stage1_datasets_L40_stepsweep/bc_shift4_scale_0p8_1p2_steps20000_tr0]:  17%|█▋        | 3397/20000 [01:23<05:33, 49.74it/s, acc=0.300, device=mps, eta=6m46s, loss=2.0119, sps=40.8]
BC[stage1_datasets_L40_stepsweep/bc_shift4_scale_0p8_1p2_steps20000_tr0]:  17%|█▋        | 3404/20000 [01:23<07:16, 38.05it/s, acc=0.300, device=mps, eta=6m46s, loss=2.0119, sps=40.8]
BC[stage1_datasets_L40_stepsweep/bc_shift4_scale_0p8_1p2_steps20000_tr0]:  17%|█▋        | 3412/20000 [01:23<06:08, 45.05it/s, acc=0.300, device=mps, eta=6m46s, loss=2.0119, sps=40.8]
BC[stage1_datasets_L40_stepsweep/bc_shift4_scale_0p8_1p2_steps20000_tr0]:  17%|█▋        | 3420/20000 [01:23<05:18, 52.13it/s, acc=0.300, device=mps, eta=6m46s, loss=2.0119, sps=40.8]
BC[stage1_datasets_L40_stepsweep/bc_shift4_scale_0p8_1p2_steps20000_tr0]:  17%|█▋        | 3427/20000 [01:23<07:06, 38.84it/s, acc=0.300, device=mps, eta=6m46s, loss=2.0119, sps=40.8]
BC[stage1_datasets_L40_stepsweep/bc_shift4_scale_0p8_1p2_steps20000_tr0]:  17%|█▋        | 3435/20000 [01:24<05:58, 46.18it/s, acc=0.300, device=mps, eta=6m46s, loss=2.0119, sps=40.8]
BC[stage1_datasets_L40_stepsweep/bc_shift4_scale_0p8_1p2_steps20000_tr0]:  17%|█▋        | 3442/20000 [01:24<07:28, 36.95it/s, acc=0.300, device=mps, eta=6m46s, loss=2.0119, sps=40.8]
BC[stage1_datasets_L40_stepsweep/bc_shift4_scale_0p8_1p2_steps20000_tr0]:  17%|█▋        | 3450/20000 [01:24<06:13, 44.26it/s, acc=0.300, device=mps, eta=6m46s, loss=2.0119, sps=40.8]
BC[stage1_datasets_L40_stepsweep/bc_shift4_scale_0p8_1p2_steps20000_tr0]:  17%|█▋        | 3458/20000 [01:24<05:23, 51.10it/s, acc=0.300, device=mps, eta=6m46s, loss=2.0119, sps=40.8]
BC[stage1_datasets_L40_stepsweep/bc_shift4_scale_0p8_1p2_steps20000_tr0]:  17%|█▋        | 3465/20000 [01:24<07:22, 37.35it/s, acc=0.300, device=mps, eta=6m46s, loss=2.0119, sps=40.8]
BC[stage1_datasets_L40_stepsweep/bc_shift4_scale_0p8_1p2_steps20000_tr0]:  17%|█▋        | 3471/20000 [01:25<06:51, 40.12it/s, acc=0.300, device=mps, eta=6m46s, loss=2.0119, sps=40.8]
BC[stage1_datasets_L40_stepsweep/bc_shift4_scale_0p8_1p2_steps20000_tr0]:  17%|█▋        | 3478/20000 [01:25<06:08, 44.81it/s, acc=0.300, device=mps, eta=6m46s, loss=2.0119, sps=40.8]
BC[stage1_datasets_L40_stepsweep/bc_shift4_scale_0p8_1p2_steps20000_tr0]:  17%|█▋        | 3484/20000 [01:25<08:01, 34.33it/s, acc=0.300, device=mps, eta=6m46s, loss=2.0119, sps=40.8]
BC[stage1_datasets_L40_stepsweep/bc_shift4_scale_0p8_1p2_steps20000_tr0]:  17%|█▋        | 3492/20000 [01:25<06:32, 42.02it/s, acc=0.300, device=mps, eta=6m46s, loss=2.0119, sps=40.8]
BC[stage1_datasets_L40_stepsweep/bc_shift4_scale_0p8_1p2_steps20000_tr0]:  18%|█▊        | 3500/20000 [01:25<05:34, 49.37it/s, acc=0.300, device=mps, eta=6m46s, loss=2.0119, sps=40.8]
BC[stage1_datasets_L40_stepsweep/bc_shift4_scale_0p8_1p2_steps20000_tr0]:  18%|█▊        | 3507/20000 [01:25<07:18, 37.58it/s, acc=0.300, device=mps, eta=6m46s, loss=2.0119, sps=40.8]
BC[stage1_datasets_L40_stepsweep/bc_shift4_scale_0p8_1p2_steps20000_tr0]:  18%|█▊        | 3515/20000 [01:26<06:09, 44.63it/s, acc=0.300, device=mps, eta=6m46s, loss=2.0119, sps=40.8]
BC[stage1_datasets_L40_stepsweep/bc_shift4_scale_0p8_1p2_steps20000_tr0]:  18%|█▊        | 3521/20000 [01:26<07:52, 34.86it/s, acc=0.300, device=mps, eta=6m46s, loss=2.0119, sps=40.8]
BC[stage1_datasets_L40_stepsweep/bc_shift4_scale_0p8_1p2_steps20000_tr0]:  18%|█▊        | 3529/20000 [01:26<06:28, 42.37it/s, acc=0.300, device=mps, eta=6m46s, loss=2.0119, sps=40.8]
BC[stage1_datasets_L40_stepsweep/bc_shift4_scale_0p8_1p2_steps20000_tr0]:  18%|█▊        | 3537/20000 [01:26<05:36, 48.95it/s, acc=0.300, device=mps, eta=6m46s, loss=2.0119, sps=40.8]
BC[stage1_datasets_L40_stepsweep/bc_shift4_scale_0p8_1p2_steps20000_tr0]:  18%|█▊        | 3544/20000 [01:26<07:16, 37.70it/s, acc=0.300, device=mps, eta=6m46s, loss=2.0119, sps=40.8]
BC[stage1_datasets_L40_stepsweep/bc_shift4_scale_0p8_1p2_steps20000_tr0]:  18%|█▊        | 3552/20000 [01:26<06:08, 44.69it/s, acc=0.300, device=mps, eta=6m46s, loss=2.0119, sps=40.8]
BC[stage1_datasets_L40_stepsweep/bc_shift4_scale_0p8_1p2_steps20000_tr0]:  18%|█▊        | 3560/20000 [01:27<05:19, 51.41it/s, acc=0.300, device=mps, eta=6m46s, loss=2.0119, sps=40.8]
BC[stage1_datasets_L40_stepsweep/bc_shift4_scale_0p8_1p2_steps20000_tr0]:  18%|█▊        | 3567/20000 [01:27<07:03, 38.83it/s, acc=0.300, device=mps, eta=6m46s, loss=2.0119, sps=40.8]
BC[stage1_datasets_L40_stepsweep/bc_shift4_scale_0p8_1p2_steps20000_tr0]:  18%|█▊        | 3575/20000 [01:27<05:58, 45.84it/s, acc=0.300, device=mps, eta=6m46s, loss=2.0119, sps=40.8]
BC[stage1_datasets_L40_stepsweep/bc_shift4_scale_0p8_1p2_steps20000_tr0]:  18%|█▊        | 3581/20000 [01:27<07:41, 35.61it/s, acc=0.300, device=mps, eta=6m46s, loss=2.0119, sps=40.8]
BC[stage1_datasets_L40_stepsweep/bc_shift4_scale_0p8_1p2_steps20000_tr0]:  18%|█▊        | 3589/20000 [01:27<06:21, 43.03it/s, acc=0.300, device=mps, eta=6m46s, loss=2.0119, sps=40.8]
BC[stage1_datasets_L40_stepsweep/bc_shift4_scale_0p8_1p2_steps20000_tr0]:  18%|█▊        | 3597/20000 [01:27<05:30, 49.62it/s, acc=0.300, device=mps, eta=6m46s, loss=2.0119, sps=40.8]
BC[stage1_datasets_L40_stepsweep/bc_shift4_scale_0p8_1p2_steps20000_tr0]:  18%|█▊        | 3597/20000 [01:27<05:30, 49.62it/s, acc=0.304, device=mps, eta=6m41s, loss=1.9993, sps=40.9]
BC[stage1_datasets_L40_stepsweep/bc_shift4_scale_0p8_1p2_steps20000_tr0]:  18%|█▊        | 3604/20000 [01:28<07:11, 37.96it/s, acc=0.304, device=mps, eta=6m41s, loss=1.9993, sps=40.9]
BC[stage1_datasets_L40_stepsweep/bc_shift4_scale_0p8_1p2_steps20000_tr0]:  18%|█▊        | 3612/20000 [01:28<06:04, 44.96it/s, acc=0.304, device=mps, eta=6m41s, loss=1.9993, sps=40.9]
BC[stage1_datasets_L40_stepsweep/bc_shift4_scale_0p8_1p2_steps20000_tr0]:  18%|█▊        | 3620/20000 [01:28<05:14, 52.00it/s, acc=0.304, device=mps, eta=6m41s, loss=1.9993, sps=40.9]
BC[stage1_datasets_L40_stepsweep/bc_shift4_scale_0p8_1p2_steps20000_tr0]:  18%|█▊        | 3627/20000 [01:28<07:01, 38.83it/s, acc=0.304, device=mps, eta=6m41s, loss=1.9993, sps=40.9]
BC[stage1_datasets_L40_stepsweep/bc_shift4_scale_0p8_1p2_steps20000_tr0]:  18%|█▊        | 3635/20000 [01:28<05:55, 45.97it/s, acc=0.304, device=mps, eta=6m41s, loss=1.9993, sps=40.9]
BC[stage1_datasets_L40_stepsweep/bc_shift4_scale_0p8_1p2_steps20000_tr0]:  18%|█▊        | 3641/20000 [01:29<07:40, 35.52it/s, acc=0.304, device=mps, eta=6m41s, loss=1.9993, sps=40.9]
BC[stage1_datasets_L40_stepsweep/bc_shift4_scale_0p8_1p2_steps20000_tr0]:  18%|█▊        | 3648/20000 [01:29<06:44, 40.41it/s, acc=0.304, device=mps, eta=6m41s, loss=1.9993, sps=40.9]
BC[stage1_datasets_L40_stepsweep/bc_shift4_scale_0p8_1p2_steps20000_tr0]:  18%|█▊        | 3655/20000 [01:29<06:03, 45.00it/s, acc=0.304, device=mps, eta=6m41s, loss=1.9993, sps=40.9]
BC[stage1_datasets_L40_stepsweep/bc_shift4_scale_0p8_1p2_steps20000_tr0]:  18%|█▊        | 3661/20000 [01:29<07:55, 34.40it/s, acc=0.304, device=mps, eta=6m41s, loss=1.9993, sps=40.9]
BC[stage1_datasets_L40_stepsweep/bc_shift4_scale_0p8_1p2_steps20000_tr0]:  18%|█▊        | 3669/20000 [01:29<06:27, 42.14it/s, acc=0.304, device=mps, eta=6m41s, loss=1.9993, sps=40.9]
BC[stage1_datasets_L40_stepsweep/bc_shift4_scale_0p8_1p2_steps20000_tr0]:  18%|█▊        | 3677/20000 [01:29<05:33, 48.92it/s, acc=0.304, device=mps, eta=6m41s, loss=1.9993, sps=40.9]
BC[stage1_datasets_L40_stepsweep/bc_shift4_scale_0p8_1p2_steps20000_tr0]:  18%|█▊        | 3683/20000 [01:30<07:23, 36.76it/s, acc=0.304, device=mps, eta=6m41s, loss=1.9993, sps=40.9]
BC[stage1_datasets_L40_stepsweep/bc_shift4_scale_0p8_1p2_steps20000_tr0]:  18%|█▊        | 3691/20000 [01:30<06:05, 44.63it/s, acc=0.304, device=mps, eta=6m41s, loss=1.9993, sps=40.9]
BC[stage1_datasets_L40_stepsweep/bc_shift4_scale_0p8_1p2_steps20000_tr0]:  18%|█▊        | 3699/20000 [01:30<05:17, 51.29it/s, acc=0.304, device=mps, eta=6m41s, loss=1.9993, sps=40.9]
BC[stage1_datasets_L40_stepsweep/bc_shift4_scale_0p8_1p2_steps20000_tr0]:  19%|█▊        | 3706/20000 [01:30<07:11, 37.76it/s, acc=0.304, device=mps, eta=6m41s, loss=1.9993, sps=40.9]
BC[stage1_datasets_L40_stepsweep/bc_shift4_scale_0p8_1p2_steps20000_tr0]:  19%|█▊        | 3712/20000 [01:30<06:33, 41.38it/s, acc=0.304, device=mps, eta=6m41s, loss=1.9993, sps=40.9]
BC[stage1_datasets_L40_stepsweep/bc_shift4_scale_0p8_1p2_steps20000_tr0]:  19%|█▊        | 3719/20000 [01:30<05:51, 46.38it/s, acc=0.304, device=mps, eta=6m41s, loss=1.9993, sps=40.9]
BC[stage1_datasets_L40_stepsweep/bc_shift4_scale_0p8_1p2_steps20000_tr0]:  19%|█▊        | 3725/20000 [01:31<07:40, 35.33it/s, acc=0.304, device=mps, eta=6m41s, loss=1.9993, sps=40.9]
BC[stage1_datasets_L40_stepsweep/bc_shift4_scale_0p8_1p2_steps20000_tr0]:  19%|█▊        | 3733/20000 [01:31<06:18, 43.00it/s, acc=0.304, device=mps, eta=6m41s, loss=1.9993, sps=40.9]
BC[stage1_datasets_L40_stepsweep/bc_shift4_scale_0p8_1p2_steps20000_tr0]:  19%|█▊        | 3741/20000 [01:31<07:38, 35.45it/s, acc=0.304, device=mps, eta=6m41s, loss=1.9993, sps=40.9]
BC[stage1_datasets_L40_stepsweep/bc_shift4_scale_0p8_1p2_steps20000_tr0]:  19%|█▊        | 3749/20000 [01:31<06:21, 42.65it/s, acc=0.304, device=mps, eta=6m41s, loss=1.9993, sps=40.9]
BC[stage1_datasets_L40_stepsweep/bc_shift4_scale_0p8_1p2_steps20000_tr0]:  19%|█▉        | 3757/20000 [01:31<05:28, 49.48it/s, acc=0.304, device=mps, eta=6m41s, loss=1.9993, sps=40.9]
BC[stage1_datasets_L40_stepsweep/bc_shift4_scale_0p8_1p2_steps20000_tr0]:  19%|█▉        | 3764/20000 [01:32<07:07, 38.00it/s, acc=0.304, device=mps, eta=6m41s, loss=1.9993, sps=40.9]
BC[stage1_datasets_L40_stepsweep/bc_shift4_scale_0p8_1p2_steps20000_tr0]:  19%|█▉        | 3772/20000 [01:32<06:01, 44.93it/s, acc=0.304, device=mps, eta=6m41s, loss=1.9993, sps=40.9]
BC[stage1_datasets_L40_stepsweep/bc_shift4_scale_0p8_1p2_steps20000_tr0]:  19%|█▉        | 3781/20000 [01:32<07:13, 37.42it/s, acc=0.304, device=mps, eta=6m41s, loss=1.9993, sps=40.9]
BC[stage1_datasets_L40_stepsweep/bc_shift4_scale_0p8_1p2_steps20000_tr0]:  19%|█▉        | 3789/20000 [01:32<06:07, 44.05it/s, acc=0.304, device=mps, eta=6m41s, loss=1.9993, sps=40.9]
BC[stage1_datasets_L40_stepsweep/bc_shift4_scale_0p8_1p2_steps20000_tr0]:  19%|█▉        | 3797/20000 [01:32<05:23, 50.11it/s, acc=0.304, device=mps, eta=6m41s, loss=1.9993, sps=40.9]
BC[stage1_datasets_L40_stepsweep/bc_shift4_scale_0p8_1p2_steps20000_tr0]:  19%|█▉        | 3797/20000 [01:32<05:23, 50.11it/s, acc=0.303, device=mps, eta=6m35s, loss=1.9968, sps=41.0]
BC[stage1_datasets_L40_stepsweep/bc_shift4_scale_0p8_1p2_steps20000_tr0]:  19%|█▉        | 3804/20000 [01:32<07:00, 38.55it/s, acc=0.303, device=mps, eta=6m35s, loss=1.9968, sps=41.0]
BC[stage1_datasets_L40_stepsweep/bc_shift4_scale_0p8_1p2_steps20000_tr0]:  19%|█▉        | 3812/20000 [01:33<05:55, 45.49it/s, acc=0.303, device=mps, eta=6m35s, loss=1.9968, sps=41.0]
BC[stage1_datasets_L40_stepsweep/bc_shift4_scale_0p8_1p2_steps20000_tr0]:  19%|█▉        | 3821/20000 [01:33<07:07, 37.85it/s, acc=0.303, device=mps, eta=6m35s, loss=1.9968, sps=41.0]
BC[stage1_datasets_L40_stepsweep/bc_shift4_scale_0p8_1p2_steps20000_tr0]:  19%|█▉        | 3826/20000 [01:33<06:46, 39.80it/s, acc=0.303, device=mps, eta=6m35s, loss=1.9968, sps=41.0]
BC[stage1_datasets_L40_stepsweep/bc_shift4_scale_0p8_1p2_steps20000_tr0]:  19%|█▉        | 3832/20000 [01:33<06:11, 43.47it/s, acc=0.303, device=mps, eta=6m35s, loss=1.9968, sps=41.0]
BC[stage1_datasets_L40_stepsweep/bc_shift4_scale_0p8_1p2_steps20000_tr0]:  19%|█▉        | 3839/20000 [01:33<05:33, 48.52it/s, acc=0.303, device=mps, eta=6m35s, loss=1.9968, sps=41.0]
BC[stage1_datasets_L40_stepsweep/bc_shift4_scale_0p8_1p2_steps20000_tr0]:  19%|█▉        | 3845/20000 [01:33<07:27, 36.09it/s, acc=0.303, device=mps, eta=6m35s, loss=1.9968, sps=41.0]
BC[stage1_datasets_L40_stepsweep/bc_shift4_scale_0p8_1p2_steps20000_tr0]:  19%|█▉        | 3853/20000 [01:34<06:08, 43.82it/s, acc=0.303, device=mps, eta=6m35s, loss=1.9968, sps=41.0]
BC[stage1_datasets_L40_stepsweep/bc_shift4_scale_0p8_1p2_steps20000_tr0]:  19%|█▉        | 3861/20000 [01:34<07:30, 35.80it/s, acc=0.303, device=mps, eta=6m35s, loss=1.9968, sps=41.0]
BC[stage1_datasets_L40_stepsweep/bc_shift4_scale_0p8_1p2_steps20000_tr0]:  19%|█▉        | 3869/20000 [01:34<06:15, 42.93it/s, acc=0.303, device=mps, eta=6m35s, loss=1.9968, sps=41.0]
BC[stage1_datasets_L40_stepsweep/bc_shift4_scale_0p8_1p2_steps20000_tr0]:  19%|█▉        | 3877/20000 [01:34<05:26, 49.38it/s, acc=0.303, device=mps, eta=6m35s, loss=1.9968, sps=41.0]
BC[stage1_datasets_L40_stepsweep/bc_shift4_scale_0p8_1p2_steps20000_tr0]:  19%|█▉        | 3884/20000 [01:34<07:03, 38.08it/s, acc=0.303, device=mps, eta=6m35s, loss=1.9968, sps=41.0]
BC[stage1_datasets_L40_stepsweep/bc_shift4_scale_0p8_1p2_steps20000_tr0]:  19%|█▉        | 3892/20000 [01:35<05:56, 45.12it/s, acc=0.303, device=mps, eta=6m35s, loss=1.9968, sps=41.0]
BC[stage1_datasets_L40_stepsweep/bc_shift4_scale_0p8_1p2_steps20000_tr0]:  20%|█▉        | 3901/20000 [01:35<07:08, 37.59it/s, acc=0.303, device=mps, eta=6m35s, loss=1.9968, sps=41.0]
BC[stage1_datasets_L40_stepsweep/bc_shift4_scale_0p8_1p2_steps20000_tr0]:  20%|█▉        | 3909/20000 [01:35<06:03, 44.24it/s, acc=0.303, device=mps, eta=6m35s, loss=1.9968, sps=41.0]
BC[stage1_datasets_L40_stepsweep/bc_shift4_scale_0p8_1p2_steps20000_tr0]:  20%|█▉        | 3917/20000 [01:35<05:19, 50.37it/s, acc=0.303, device=mps, eta=6m35s, loss=1.9968, sps=41.0]
BC[stage1_datasets_L40_stepsweep/bc_shift4_scale_0p8_1p2_steps20000_tr0]:  20%|█▉        | 3924/20000 [01:35<06:56, 38.63it/s, acc=0.303, device=mps, eta=6m35s, loss=1.9968, sps=41.0]
BC[stage1_datasets_L40_stepsweep/bc_shift4_scale_0p8_1p2_steps20000_tr0]:  20%|█▉        | 3932/20000 [01:35<05:53, 45.41it/s, acc=0.303, device=mps, eta=6m35s, loss=1.9968, sps=41.0]
BC[stage1_datasets_L40_stepsweep/bc_shift4_scale_0p8_1p2_steps20000_tr0]:  20%|█▉        | 3940/20000 [01:36<05:09, 51.95it/s, acc=0.303, device=mps, eta=6m35s, loss=1.9968, sps=41.0]
BC[stage1_datasets_L40_stepsweep/bc_shift4_scale_0p8_1p2_steps20000_tr0]:  20%|█▉        | 3947/20000 [01:36<06:51, 39.02it/s, acc=0.303, device=mps, eta=6m35s, loss=1.9968, sps=41.0]
BC[stage1_datasets_L40_stepsweep/bc_shift4_scale_0p8_1p2_steps20000_tr0]:  20%|█▉        | 3955/20000 [01:36<05:49, 45.90it/s, acc=0.303, device=mps, eta=6m35s, loss=1.9968, sps=41.0]
BC[stage1_datasets_L40_stepsweep/bc_shift4_scale_0p8_1p2_steps20000_tr0]:  20%|█▉        | 3961/20000 [01:36<07:30, 35.63it/s, acc=0.303, device=mps, eta=6m35s, loss=1.9968, sps=41.0]
BC[stage1_datasets_L40_stepsweep/bc_shift4_scale_0p8_1p2_steps20000_tr0]:  20%|█▉        | 3969/20000 [01:36<06:12, 43.02it/s, acc=0.303, device=mps, eta=6m35s, loss=1.9968, sps=41.0]
BC[stage1_datasets_L40_stepsweep/bc_shift4_scale_0p8_1p2_steps20000_tr0]:  20%|█▉        | 3977/20000 [01:36<05:23, 49.57it/s, acc=0.303, device=mps, eta=6m35s, loss=1.9968, sps=41.0]
BC[stage1_datasets_L40_stepsweep/bc_shift4_scale_0p8_1p2_steps20000_tr0]:  20%|█▉        | 3984/20000 [01:37<07:01, 37.96it/s, acc=0.303, device=mps, eta=6m35s, loss=1.9968, sps=41.0]
BC[stage1_datasets_L40_stepsweep/bc_shift4_scale_0p8_1p2_steps20000_tr0]:  20%|█▉        | 3992/20000 [01:37<05:55, 44.98it/s, acc=0.303, device=mps, eta=6m35s, loss=1.9968, sps=41.0]
BC[stage1_datasets_L40_stepsweep/bc_shift4_scale_0p8_1p2_steps20000_tr0]:  20%|█▉        | 3992/20000 [01:37<05:55, 44.98it/s, acc=0.299, device=mps, eta=6m30s, loss=2.0088, sps=41.0]
BC[stage1_datasets_L40_stepsweep/bc_shift4_scale_0p8_1p2_steps20000_tr0]:  20%|██        | 4000/20000 [01:37<05:09, 51.68it/s, acc=0.299, device=mps, eta=6m30s, loss=2.0088, sps=41.0]
BC[stage1_datasets_L40_stepsweep/bc_shift4_scale_0p8_1p2_steps20000_tr0]:  20%|██        | 4007/20000 [01:37<06:50, 38.92it/s, acc=0.299, device=mps, eta=6m30s, loss=2.0088, sps=41.0]
BC[stage1_datasets_L40_stepsweep/bc_shift4_scale_0p8_1p2_steps20000_tr0]:  20%|██        | 4015/20000 [01:37<05:49, 45.70it/s, acc=0.299, device=mps, eta=6m30s, loss=2.0088, sps=41.0]
BC[stage1_datasets_L40_stepsweep/bc_shift4_scale_0p8_1p2_steps20000_tr0]:  20%|██        | 4021/20000 [01:38<07:30, 35.49it/s, acc=0.299, device=mps, eta=6m30s, loss=2.0088, sps=41.0]
BC[stage1_datasets_L40_stepsweep/bc_shift4_scale_0p8_1p2_steps20000_tr0]:  20%|██        | 4029/20000 [01:38<06:12, 42.85it/s, acc=0.299, device=mps, eta=6m30s, loss=2.0088, sps=41.0]
BC[stage1_datasets_L40_stepsweep/bc_shift4_scale_0p8_1p2_steps20000_tr0]:  20%|██        | 4037/20000 [01:38<05:20, 49.76it/s, acc=0.299, device=mps, eta=6m30s, loss=2.0088, sps=41.0]
BC[stage1_datasets_L40_stepsweep/bc_shift4_scale_0p8_1p2_steps20000_tr0]:  20%|██        | 4044/20000 [01:38<06:59, 38.05it/s, acc=0.299, device=mps, eta=6m30s, loss=2.0088, sps=41.0]
BC[stage1_datasets_L40_stepsweep/bc_shift4_scale_0p8_1p2_steps20000_tr0]:  20%|██        | 4052/20000 [01:38<05:53, 45.11it/s, acc=0.299, device=mps, eta=6m30s, loss=2.0088, sps=41.0]
BC[stage1_datasets_L40_stepsweep/bc_shift4_scale_0p8_1p2_steps20000_tr0]:  20%|██        | 4061/20000 [01:39<07:05, 37.46it/s, acc=0.299, device=mps, eta=6m30s, loss=2.0088, sps=41.0]
BC[stage1_datasets_L40_stepsweep/bc_shift4_scale_0p8_1p2_steps20000_tr0]:  20%|██        | 4069/20000 [01:39<06:00, 44.24it/s, acc=0.299, device=mps, eta=6m30s, loss=2.0088, sps=41.0]
BC[stage1_datasets_L40_stepsweep/bc_shift4_scale_0p8_1p2_steps20000_tr0]:  20%|██        | 4077/20000 [01:39<05:14, 50.59it/s, acc=0.299, device=mps, eta=6m30s, loss=2.0088, sps=41.0]
BC[stage1_datasets_L40_stepsweep/bc_shift4_scale_0p8_1p2_steps20000_tr0]:  20%|██        | 4084/20000 [01:39<07:02, 37.63it/s, acc=0.299, device=mps, eta=6m30s, loss=2.0088, sps=41.0]
BC[stage1_datasets_L40_stepsweep/bc_shift4_scale_0p8_1p2_steps20000_tr0]:  20%|██        | 4090/20000 [01:39<06:30, 40.74it/s, acc=0.299, device=mps, eta=6m30s, loss=2.0088, sps=41.0]
BC[stage1_datasets_L40_stepsweep/bc_shift4_scale_0p8_1p2_steps20000_tr0]:  20%|██        | 4097/20000 [01:39<05:48, 45.60it/s, acc=0.299, device=mps, eta=6m30s, loss=2.0088, sps=41.0]
BC[stage1_datasets_L40_stepsweep/bc_shift4_scale_0p8_1p2_steps20000_tr0]:  21%|██        | 4103/20000 [01:40<07:35, 34.92it/s, acc=0.299, device=mps, eta=6m30s, loss=2.0088, sps=41.0]
BC[stage1_datasets_L40_stepsweep/bc_shift4_scale_0p8_1p2_steps20000_tr0]:  21%|██        | 4111/20000 [01:40<06:12, 42.68it/s, acc=0.299, device=mps, eta=6m30s, loss=2.0088, sps=41.0]
BC[stage1_datasets_L40_stepsweep/bc_shift4_scale_0p8_1p2_steps20000_tr0]:  21%|██        | 4119/20000 [01:40<05:18, 49.81it/s, acc=0.299, device=mps, eta=6m30s, loss=2.0088, sps=41.0]
BC[stage1_datasets_L40_stepsweep/bc_shift4_scale_0p8_1p2_steps20000_tr0]:  21%|██        | 4126/20000 [01:40<07:20, 36.08it/s, acc=0.299, device=mps, eta=6m30s, loss=2.0088, sps=41.0]
BC[stage1_datasets_L40_stepsweep/bc_shift4_scale_0p8_1p2_steps20000_tr0]:  21%|██        | 4132/20000 [01:40<06:36, 40.04it/s, acc=0.299, device=mps, eta=6m30s, loss=2.0088, sps=41.0]
BC[stage1_datasets_L40_stepsweep/bc_shift4_scale_0p8_1p2_steps20000_tr0]:  21%|██        | 4139/20000 [01:40<05:48, 45.56it/s, acc=0.299, device=mps, eta=6m30s, loss=2.0088, sps=41.0]
BC[stage1_datasets_L40_stepsweep/bc_shift4_scale_0p8_1p2_steps20000_tr0]:  21%|██        | 4145/20000 [01:41<07:35, 34.85it/s, acc=0.299, device=mps, eta=6m30s, loss=2.0088, sps=41.0]
BC[stage1_datasets_L40_stepsweep/bc_shift4_scale_0p8_1p2_steps20000_tr0]:  21%|██        | 4153/20000 [01:41<06:12, 42.59it/s, acc=0.299, device=mps, eta=6m30s, loss=2.0088, sps=41.0]
BC[stage1_datasets_L40_stepsweep/bc_shift4_scale_0p8_1p2_steps20000_tr0]:  21%|██        | 4161/20000 [01:41<07:29, 35.22it/s, acc=0.299, device=mps, eta=6m30s, loss=2.0088, sps=41.0]
BC[stage1_datasets_L40_stepsweep/bc_shift4_scale_0p8_1p2_steps20000_tr0]:  21%|██        | 4169/20000 [01:41<06:12, 42.50it/s, acc=0.299, device=mps, eta=6m30s, loss=2.0088, sps=41.0]
BC[stage1_datasets_L40_stepsweep/bc_shift4_scale_0p8_1p2_steps20000_tr0]:  21%|██        | 4177/20000 [01:41<05:22, 49.11it/s, acc=0.299, device=mps, eta=6m30s, loss=2.0088, sps=41.0]
BC[stage1_datasets_L40_stepsweep/bc_shift4_scale_0p8_1p2_steps20000_tr0]:  21%|██        | 4184/20000 [01:42<06:58, 37.79it/s, acc=0.299, device=mps, eta=6m30s, loss=2.0088, sps=41.0]
BC[stage1_datasets_L40_stepsweep/bc_shift4_scale_0p8_1p2_steps20000_tr0]:  21%|██        | 4192/20000 [01:42<05:52, 44.86it/s, acc=0.299, device=mps, eta=6m30s, loss=2.0088, sps=41.0]
BC[stage1_datasets_L40_stepsweep/bc_shift4_scale_0p8_1p2_steps20000_tr0]:  21%|██        | 4192/20000 [01:42<05:52, 44.86it/s, acc=0.302, device=mps, eta=6m25s, loss=2.0002, sps=41.1]
BC[stage1_datasets_L40_stepsweep/bc_shift4_scale_0p8_1p2_steps20000_tr0]:  21%|██        | 4200/20000 [01:42<05:05, 51.66it/s, acc=0.302, device=mps, eta=6m25s, loss=2.0002, sps=41.1]
BC[stage1_datasets_L40_stepsweep/bc_shift4_scale_0p8_1p2_steps20000_tr0]:  21%|██        | 4207/20000 [01:42<06:47, 38.73it/s, acc=0.302, device=mps, eta=6m25s, loss=2.0002, sps=41.1]
BC[stage1_datasets_L40_stepsweep/bc_shift4_scale_0p8_1p2_steps20000_tr0]:  21%|██        | 4215/20000 [01:42<05:46, 45.56it/s, acc=0.302, device=mps, eta=6m25s, loss=2.0002, sps=41.1]
BC[stage1_datasets_L40_stepsweep/bc_shift4_scale_0p8_1p2_steps20000_tr0]:  21%|██        | 4221/20000 [01:42<07:25, 35.43it/s, acc=0.302, device=mps, eta=6m25s, loss=2.0002, sps=41.1]
BC[stage1_datasets_L40_stepsweep/bc_shift4_scale_0p8_1p2_steps20000_tr0]:  21%|██        | 4229/20000 [01:43<06:06, 42.98it/s, acc=0.302, device=mps, eta=6m25s, loss=2.0002, sps=41.1]
BC[stage1_datasets_L40_stepsweep/bc_shift4_scale_0p8_1p2_steps20000_tr0]:  21%|██        | 4237/20000 [01:43<05:17, 49.67it/s, acc=0.302, device=mps, eta=6m25s, loss=2.0002, sps=41.1]
BC[stage1_datasets_L40_stepsweep/bc_shift4_scale_0p8_1p2_steps20000_tr0]:  21%|██        | 4244/20000 [01:43<06:55, 37.92it/s, acc=0.302, device=mps, eta=6m25s, loss=2.0002, sps=41.1]
BC[stage1_datasets_L40_stepsweep/bc_shift4_scale_0p8_1p2_steps20000_tr0]:  21%|██▏       | 4252/20000 [01:43<05:50, 44.98it/s, acc=0.302, device=mps, eta=6m25s, loss=2.0002, sps=41.1]
BC[stage1_datasets_L40_stepsweep/bc_shift4_scale_0p8_1p2_steps20000_tr0]:  21%|██▏       | 4261/20000 [01:43<07:00, 37.40it/s, acc=0.302, device=mps, eta=6m25s, loss=2.0002, sps=41.1]
BC[stage1_datasets_L40_stepsweep/bc_shift4_scale_0p8_1p2_steps20000_tr0]:  21%|██▏       | 4269/20000 [01:43<05:57, 44.05it/s, acc=0.302, device=mps, eta=6m25s, loss=2.0002, sps=41.1]
BC[stage1_datasets_L40_stepsweep/bc_shift4_scale_0p8_1p2_steps20000_tr0]:  21%|██▏       | 4277/20000 [01:44<05:13, 50.21it/s, acc=0.302, device=mps, eta=6m25s, loss=2.0002, sps=41.1]
BC[stage1_datasets_L40_stepsweep/bc_shift4_scale_0p8_1p2_steps20000_tr0]:  21%|██▏       | 4284/20000 [01:44<06:46, 38.64it/s, acc=0.302, device=mps, eta=6m25s, loss=2.0002, sps=41.1]
BC[stage1_datasets_L40_stepsweep/bc_shift4_scale_0p8_1p2_steps20000_tr0]:  21%|██▏       | 4292/20000 [01:44<05:46, 45.33it/s, acc=0.302, device=mps, eta=6m25s, loss=2.0002, sps=41.1]
BC[stage1_datasets_L40_stepsweep/bc_shift4_scale_0p8_1p2_steps20000_tr0]:  22%|██▏       | 4300/20000 [01:44<05:01, 52.03it/s, acc=0.302, device=mps, eta=6m25s, loss=2.0002, sps=41.1]
BC[stage1_datasets_L40_stepsweep/bc_shift4_scale_0p8_1p2_steps20000_tr0]:  22%|██▏       | 4307/20000 [01:44<06:41, 39.10it/s, acc=0.302, device=mps, eta=6m25s, loss=2.0002, sps=41.1]
BC[stage1_datasets_L40_stepsweep/bc_shift4_scale_0p8_1p2_steps20000_tr0]:  22%|██▏       | 4315/20000 [01:44<05:40, 46.07it/s, acc=0.302, device=mps, eta=6m25s, loss=2.0002, sps=41.1]
BC[stage1_datasets_L40_stepsweep/bc_shift4_scale_0p8_1p2_steps20000_tr0]:  22%|██▏       | 4321/20000 [01:45<07:19, 35.67it/s, acc=0.302, device=mps, eta=6m25s, loss=2.0002, sps=41.1]
BC[stage1_datasets_L40_stepsweep/bc_shift4_scale_0p8_1p2_steps20000_tr0]:  22%|██▏       | 4328/20000 [01:45<06:27, 40.47it/s, acc=0.302, device=mps, eta=6m25s, loss=2.0002, sps=41.1]
BC[stage1_datasets_L40_stepsweep/bc_shift4_scale_0p8_1p2_steps20000_tr0]:  22%|██▏       | 4335/20000 [01:45<05:45, 45.34it/s, acc=0.302, device=mps, eta=6m25s, loss=2.0002, sps=41.1]
BC[stage1_datasets_L40_stepsweep/bc_shift4_scale_0p8_1p2_steps20000_tr0]:  22%|██▏       | 4341/20000 [01:45<07:33, 34.53it/s, acc=0.302, device=mps, eta=6m25s, loss=2.0002, sps=41.1]
BC[stage1_datasets_L40_stepsweep/bc_shift4_scale_0p8_1p2_steps20000_tr0]:  22%|██▏       | 4347/20000 [01:45<06:46, 38.53it/s, acc=0.302, device=mps, eta=6m25s, loss=2.0002, sps=41.1]
BC[stage1_datasets_L40_stepsweep/bc_shift4_scale_0p8_1p2_steps20000_tr0]:  22%|██▏       | 4353/20000 [01:46<06:14, 41.83it/s, acc=0.302, device=mps, eta=6m25s, loss=2.0002, sps=41.1]
BC[stage1_datasets_L40_stepsweep/bc_shift4_scale_0p8_1p2_steps20000_tr0]:  22%|██▏       | 4360/20000 [01:46<05:30, 47.31it/s, acc=0.302, device=mps, eta=6m25s, loss=2.0002, sps=41.1]
BC[stage1_datasets_L40_stepsweep/bc_shift4_scale_0p8_1p2_steps20000_tr0]:  22%|██▏       | 4366/20000 [01:46<07:29, 34.75it/s, acc=0.302, device=mps, eta=6m25s, loss=2.0002, sps=41.1]
BC[stage1_datasets_L40_stepsweep/bc_shift4_scale_0p8_1p2_steps20000_tr0]:  22%|██▏       | 4374/20000 [01:46<06:07, 42.54it/s, acc=0.302, device=mps, eta=6m25s, loss=2.0002, sps=41.1]
BC[stage1_datasets_L40_stepsweep/bc_shift4_scale_0p8_1p2_steps20000_tr0]:  22%|██▏       | 4381/20000 [01:46<07:36, 34.25it/s, acc=0.302, device=mps, eta=6m25s, loss=2.0002, sps=41.1]
BC[stage1_datasets_L40_stepsweep/bc_shift4_scale_0p8_1p2_steps20000_tr0]:  22%|██▏       | 4389/20000 [01:46<06:13, 41.78it/s, acc=0.302, device=mps, eta=6m25s, loss=2.0002, sps=41.1]
BC[stage1_datasets_L40_stepsweep/bc_shift4_scale_0p8_1p2_steps20000_tr0]:  22%|██▏       | 4397/20000 [01:47<05:22, 48.43it/s, acc=0.302, device=mps, eta=6m25s, loss=2.0002, sps=41.1]
BC[stage1_datasets_L40_stepsweep/bc_shift4_scale_0p8_1p2_steps20000_tr0]:  22%|██▏       | 4397/20000 [01:47<05:22, 48.43it/s, acc=0.302, device=mps, eta=6m20s, loss=2.0017, sps=41.1]
BC[stage1_datasets_L40_stepsweep/bc_shift4_scale_0p8_1p2_steps20000_tr0]:  22%|██▏       | 4403/20000 [01:47<07:04, 36.75it/s, acc=0.302, device=mps, eta=6m20s, loss=2.0017, sps=41.1]
BC[stage1_datasets_L40_stepsweep/bc_shift4_scale_0p8_1p2_steps20000_tr0]:  22%|██▏       | 4411/20000 [01:47<05:53, 44.14it/s, acc=0.302, device=mps, eta=6m20s, loss=2.0017, sps=41.1]
BC[stage1_datasets_L40_stepsweep/bc_shift4_scale_0p8_1p2_steps20000_tr0]:  22%|██▏       | 4419/20000 [01:47<05:06, 50.77it/s, acc=0.302, device=mps, eta=6m20s, loss=2.0017, sps=41.1]
BC[stage1_datasets_L40_stepsweep/bc_shift4_scale_0p8_1p2_steps20000_tr0]:  22%|██▏       | 4426/20000 [01:47<06:45, 38.45it/s, acc=0.302, device=mps, eta=6m20s, loss=2.0017, sps=41.1]
BC[stage1_datasets_L40_stepsweep/bc_shift4_scale_0p8_1p2_steps20000_tr0]:  22%|██▏       | 4434/20000 [01:47<05:43, 45.31it/s, acc=0.302, device=mps, eta=6m20s, loss=2.0017, sps=41.1]
BC[stage1_datasets_L40_stepsweep/bc_shift4_scale_0p8_1p2_steps20000_tr0]:  22%|██▏       | 4441/20000 [01:48<07:10, 36.16it/s, acc=0.302, device=mps, eta=6m20s, loss=2.0017, sps=41.1]
BC[stage1_datasets_L40_stepsweep/bc_shift4_scale_0p8_1p2_steps20000_tr0]:  22%|██▏       | 4449/20000 [01:48<05:59, 43.27it/s, acc=0.302, device=mps, eta=6m20s, loss=2.0017, sps=41.1]
BC[stage1_datasets_L40_stepsweep/bc_shift4_scale_0p8_1p2_steps20000_tr0]:  22%|██▏       | 4457/20000 [01:48<05:13, 49.52it/s, acc=0.302, device=mps, eta=6m20s, loss=2.0017, sps=41.1]
BC[stage1_datasets_L40_stepsweep/bc_shift4_scale_0p8_1p2_steps20000_tr0]:  22%|██▏       | 4464/20000 [01:48<06:59, 37.01it/s, acc=0.302, device=mps, eta=6m20s, loss=2.0017, sps=41.1]
BC[stage1_datasets_L40_stepsweep/bc_shift4_scale_0p8_1p2_steps20000_tr0]:  22%|██▏       | 4469/20000 [01:48<06:49, 37.89it/s, acc=0.302, device=mps, eta=6m20s, loss=2.0017, sps=41.1]
BC[stage1_datasets_L40_stepsweep/bc_shift4_scale_0p8_1p2_steps20000_tr0]:  22%|██▏       | 4475/20000 [01:48<06:17, 41.10it/s, acc=0.302, device=mps, eta=6m20s, loss=2.0017, sps=41.1]
BC[stage1_datasets_L40_stepsweep/bc_shift4_scale_0p8_1p2_steps20000_tr0]:  22%|██▏       | 4481/20000 [01:49<08:09, 31.67it/s, acc=0.302, device=mps, eta=6m20s, loss=2.0017, sps=41.1]
BC[stage1_datasets_L40_stepsweep/bc_shift4_scale_0p8_1p2_steps20000_tr0]:  22%|██▏       | 4489/20000 [01:49<06:30, 39.68it/s, acc=0.302, device=mps, eta=6m20s, loss=2.0017, sps=41.1]
BC[stage1_datasets_L40_stepsweep/bc_shift4_scale_0p8_1p2_steps20000_tr0]:  22%|██▏       | 4497/20000 [01:49<05:31, 46.82it/s, acc=0.302, device=mps, eta=6m20s, loss=2.0017, sps=41.1]
BC[stage1_datasets_L40_stepsweep/bc_shift4_scale_0p8_1p2_steps20000_tr0]:  23%|██▎       | 4503/20000 [01:49<07:14, 35.68it/s, acc=0.302, device=mps, eta=6m20s, loss=2.0017, sps=41.1]
BC[stage1_datasets_L40_stepsweep/bc_shift4_scale_0p8_1p2_steps20000_tr0]:  23%|██▎       | 4511/20000 [01:49<05:56, 43.43it/s, acc=0.302, device=mps, eta=6m20s, loss=2.0017, sps=41.1]
BC[stage1_datasets_L40_stepsweep/bc_shift4_scale_0p8_1p2_steps20000_tr0]:  23%|██▎       | 4519/20000 [01:49<05:06, 50.53it/s, acc=0.302, device=mps, eta=6m20s, loss=2.0017, sps=41.1]
BC[stage1_datasets_L40_stepsweep/bc_shift4_scale_0p8_1p2_steps20000_tr0]:  23%|██▎       | 4526/20000 [01:50<06:48, 37.86it/s, acc=0.302, device=mps, eta=6m20s, loss=2.0017, sps=41.1]
BC[stage1_datasets_L40_stepsweep/bc_shift4_scale_0p8_1p2_steps20000_tr0]:  23%|██▎       | 4532/20000 [01:50<06:14, 41.35it/s, acc=0.302, device=mps, eta=6m20s, loss=2.0017, sps=41.1]
BC[stage1_datasets_L40_stepsweep/bc_shift4_scale_0p8_1p2_steps20000_tr0]:  23%|██▎       | 4538/20000 [01:50<05:50, 44.17it/s, acc=0.302, device=mps, eta=6m20s, loss=2.0017, sps=41.1]
BC[stage1_datasets_L40_stepsweep/bc_shift4_scale_0p8_1p2_steps20000_tr0]:  23%|██▎       | 4544/20000 [01:50<07:38, 33.71it/s, acc=0.302, device=mps, eta=6m20s, loss=2.0017, sps=41.1]
BC[stage1_datasets_L40_stepsweep/bc_shift4_scale_0p8_1p2_steps20000_tr0]:  23%|██▎       | 4552/20000 [01:50<06:11, 41.59it/s, acc=0.302, device=mps, eta=6m20s, loss=2.0017, sps=41.1]
BC[stage1_datasets_L40_stepsweep/bc_shift4_scale_0p8_1p2_steps20000_tr0]:  23%|██▎       | 4560/20000 [01:50<05:15, 48.92it/s, acc=0.302, device=mps, eta=6m20s, loss=2.0017, sps=41.1]
BC[stage1_datasets_L40_stepsweep/bc_shift4_scale_0p8_1p2_steps20000_tr0]:  23%|██▎       | 4566/20000 [01:51<07:00, 36.68it/s, acc=0.302, device=mps, eta=6m20s, loss=2.0017, sps=41.1]
BC[stage1_datasets_L40_stepsweep/bc_shift4_scale_0p8_1p2_steps20000_tr0]:  23%|██▎       | 4574/20000 [01:51<05:49, 44.11it/s, acc=0.302, device=mps, eta=6m20s, loss=2.0017, sps=41.1]
BC[stage1_datasets_L40_stepsweep/bc_shift4_scale_0p8_1p2_steps20000_tr0]:  23%|██▎       | 4581/20000 [01:51<07:16, 35.33it/s, acc=0.302, device=mps, eta=6m20s, loss=2.0017, sps=41.1]
BC[stage1_datasets_L40_stepsweep/bc_shift4_scale_0p8_1p2_steps20000_tr0]:  23%|██▎       | 4589/20000 [01:51<06:01, 42.62it/s, acc=0.302, device=mps, eta=6m20s, loss=2.0017, sps=41.1]
BC[stage1_datasets_L40_stepsweep/bc_shift4_scale_0p8_1p2_steps20000_tr0]:  23%|██▎       | 4597/20000 [01:51<05:13, 49.06it/s, acc=0.302, device=mps, eta=6m20s, loss=2.0017, sps=41.1]
BC[stage1_datasets_L40_stepsweep/bc_shift4_scale_0p8_1p2_steps20000_tr0]:  23%|██▎       | 4597/20000 [01:51<05:13, 49.06it/s, acc=0.304, device=mps, eta=6m15s, loss=1.9898, sps=41.1]
BC[stage1_datasets_L40_stepsweep/bc_shift4_scale_0p8_1p2_steps20000_tr0]:  23%|██▎       | 4604/20000 [01:52<06:46, 37.91it/s, acc=0.304, device=mps, eta=6m15s, loss=1.9898, sps=41.1]
BC[stage1_datasets_L40_stepsweep/bc_shift4_scale_0p8_1p2_steps20000_tr0]:  23%|██▎       | 4612/20000 [01:52<05:42, 44.91it/s, acc=0.304, device=mps, eta=6m15s, loss=1.9898, sps=41.1]
BC[stage1_datasets_L40_stepsweep/bc_shift4_scale_0p8_1p2_steps20000_tr0]:  23%|██▎       | 4620/20000 [01:52<04:57, 51.78it/s, acc=0.304, device=mps, eta=6m15s, loss=1.9898, sps=41.1]
BC[stage1_datasets_L40_stepsweep/bc_shift4_scale_0p8_1p2_steps20000_tr0]:  23%|██▎       | 4627/20000 [01:52<06:35, 38.90it/s, acc=0.304, device=mps, eta=6m15s, loss=1.9898, sps=41.1]
BC[stage1_datasets_L40_stepsweep/bc_shift4_scale_0p8_1p2_steps20000_tr0]:  23%|██▎       | 4635/20000 [01:52<05:34, 45.93it/s, acc=0.304, device=mps, eta=6m15s, loss=1.9898, sps=41.1]
BC[stage1_datasets_L40_stepsweep/bc_shift4_scale_0p8_1p2_steps20000_tr0]:  23%|██▎       | 4641/20000 [01:53<07:11, 35.60it/s, acc=0.304, device=mps, eta=6m15s, loss=1.9898, sps=41.1]
BC[stage1_datasets_L40_stepsweep/bc_shift4_scale_0p8_1p2_steps20000_tr0]:  23%|██▎       | 4649/20000 [01:53<05:57, 42.89it/s, acc=0.304, device=mps, eta=6m15s, loss=1.9898, sps=41.1]
BC[stage1_datasets_L40_stepsweep/bc_shift4_scale_0p8_1p2_steps20000_tr0]:  23%|██▎       | 4657/20000 [01:53<05:09, 49.63it/s, acc=0.304, device=mps, eta=6m15s, loss=1.9898, sps=41.1]
BC[stage1_datasets_L40_stepsweep/bc_shift4_scale_0p8_1p2_steps20000_tr0]:  23%|██▎       | 4664/20000 [01:53<06:42, 38.10it/s, acc=0.304, device=mps, eta=6m15s, loss=1.9898, sps=41.1]
BC[stage1_datasets_L40_stepsweep/bc_shift4_scale_0p8_1p2_steps20000_tr0]:  23%|██▎       | 4672/20000 [01:53<05:39, 45.17it/s, acc=0.304, device=mps, eta=6m15s, loss=1.9898, sps=41.1]
BC[stage1_datasets_L40_stepsweep/bc_shift4_scale_0p8_1p2_steps20000_tr0]:  23%|██▎       | 4681/20000 [01:54<06:48, 37.47it/s, acc=0.304, device=mps, eta=6m15s, loss=1.9898, sps=41.1]
BC[stage1_datasets_L40_stepsweep/bc_shift4_scale_0p8_1p2_steps20000_tr0]:  23%|██▎       | 4689/20000 [01:54<05:48, 43.90it/s, acc=0.304, device=mps, eta=6m15s, loss=1.9898, sps=41.1]
BC[stage1_datasets_L40_stepsweep/bc_shift4_scale_0p8_1p2_steps20000_tr0]:  23%|██▎       | 4697/20000 [01:54<05:08, 49.61it/s, acc=0.304, device=mps, eta=6m15s, loss=1.9898, sps=41.1]
BC[stage1_datasets_L40_stepsweep/bc_shift4_scale_0p8_1p2_steps20000_tr0]:  24%|██▎       | 4704/20000 [01:54<06:52, 37.05it/s, acc=0.304, device=mps, eta=6m15s, loss=1.9898, sps=41.1]
BC[stage1_datasets_L40_stepsweep/bc_shift4_scale_0p8_1p2_steps20000_tr0]:  24%|██▎       | 4710/20000 [01:54<06:23, 39.87it/s, acc=0.304, device=mps, eta=6m15s, loss=1.9898, sps=41.1]
BC[stage1_datasets_L40_stepsweep/bc_shift4_scale_0p8_1p2_steps20000_tr0]:  24%|██▎       | 4717/20000 [01:54<05:43, 44.45it/s, acc=0.304, device=mps, eta=6m15s, loss=1.9898, sps=41.1]
BC[stage1_datasets_L40_stepsweep/bc_shift4_scale_0p8_1p2_steps20000_tr0]:  24%|██▎       | 4723/20000 [01:55<07:30, 33.92it/s, acc=0.304, device=mps, eta=6m15s, loss=1.9898, sps=41.1]
BC[stage1_datasets_L40_stepsweep/bc_shift4_scale_0p8_1p2_steps20000_tr0]:  24%|██▎       | 4729/20000 [01:55<06:43, 37.80it/s, acc=0.304, device=mps, eta=6m15s, loss=1.9898, sps=41.1]
BC[stage1_datasets_L40_stepsweep/bc_shift4_scale_0p8_1p2_steps20000_tr0]:  24%|██▎       | 4735/20000 [01:55<06:06, 41.63it/s, acc=0.304, device=mps, eta=6m15s, loss=1.9898, sps=41.1]
BC[stage1_datasets_L40_stepsweep/bc_shift4_scale_0p8_1p2_steps20000_tr0]:  24%|██▎       | 4741/20000 [01:55<07:47, 32.66it/s, acc=0.304, device=mps, eta=6m15s, loss=1.9898, sps=41.1]
BC[stage1_datasets_L40_stepsweep/bc_shift4_scale_0p8_1p2_steps20000_tr0]:  24%|██▎       | 4749/20000 [01:55<06:14, 40.68it/s, acc=0.304, device=mps, eta=6m15s, loss=1.9898, sps=41.1]
BC[stage1_datasets_L40_stepsweep/bc_shift4_scale_0p8_1p2_steps20000_tr0]:  24%|██▍       | 4757/20000 [01:55<05:19, 47.69it/s, acc=0.304, device=mps, eta=6m15s, loss=1.9898, sps=41.1]
BC[stage1_datasets_L40_stepsweep/bc_shift4_scale_0p8_1p2_steps20000_tr0]:  24%|██▍       | 4763/20000 [01:56<07:04, 35.89it/s, acc=0.304, device=mps, eta=6m15s, loss=1.9898, sps=41.1]
BC[stage1_datasets_L40_stepsweep/bc_shift4_scale_0p8_1p2_steps20000_tr0]:  24%|██▍       | 4771/20000 [01:56<05:49, 43.52it/s, acc=0.304, device=mps, eta=6m15s, loss=1.9898, sps=41.1]
BC[stage1_datasets_L40_stepsweep/bc_shift4_scale_0p8_1p2_steps20000_tr0]:  24%|██▍       | 4779/20000 [01:56<05:01, 50.43it/s, acc=0.304, device=mps, eta=6m15s, loss=1.9898, sps=41.1]
BC[stage1_datasets_L40_stepsweep/bc_shift4_scale_0p8_1p2_steps20000_tr0]:  24%|██▍       | 4786/20000 [01:56<06:38, 38.17it/s, acc=0.304, device=mps, eta=6m15s, loss=1.9898, sps=41.1]
BC[stage1_datasets_L40_stepsweep/bc_shift4_scale_0p8_1p2_steps20000_tr0]:  24%|██▍       | 4794/20000 [01:56<05:36, 45.15it/s, acc=0.304, device=mps, eta=6m15s, loss=1.9898, sps=41.1]
BC[stage1_datasets_L40_stepsweep/bc_shift4_scale_0p8_1p2_steps20000_tr0]:  24%|██▍       | 4794/20000 [01:56<05:36, 45.15it/s, acc=0.304, device=mps, eta=6m10s, loss=2.0031, sps=41.1]
BC[stage1_datasets_L40_stepsweep/bc_shift4_scale_0p8_1p2_steps20000_tr0]:  24%|██▍       | 4801/20000 [01:56<07:03, 35.92it/s, acc=0.304, device=mps, eta=6m10s, loss=2.0031, sps=41.1]
BC[stage1_datasets_L40_stepsweep/bc_shift4_scale_0p8_1p2_steps20000_tr0]:  24%|██▍       | 4809/20000 [01:57<05:50, 43.36it/s, acc=0.304, device=mps, eta=6m10s, loss=2.0031, sps=41.1]
BC[stage1_datasets_L40_stepsweep/bc_shift4_scale_0p8_1p2_steps20000_tr0]:  24%|██▍       | 4817/20000 [01:57<05:05, 49.63it/s, acc=0.304, device=mps, eta=6m10s, loss=2.0031, sps=41.1]
BC[stage1_datasets_L40_stepsweep/bc_shift4_scale_0p8_1p2_steps20000_tr0]:  24%|██▍       | 4824/20000 [01:57<06:38, 38.12it/s, acc=0.304, device=mps, eta=6m10s, loss=2.0031, sps=41.1]
BC[stage1_datasets_L40_stepsweep/bc_shift4_scale_0p8_1p2_steps20000_tr0]:  24%|██▍       | 4832/20000 [01:57<05:37, 44.89it/s, acc=0.304, device=mps, eta=6m10s, loss=2.0031, sps=41.1]
BC[stage1_datasets_L40_stepsweep/bc_shift4_scale_0p8_1p2_steps20000_tr0]:  24%|██▍       | 4840/20000 [01:57<04:54, 51.42it/s, acc=0.304, device=mps, eta=6m10s, loss=2.0031, sps=41.1]
BC[stage1_datasets_L40_stepsweep/bc_shift4_scale_0p8_1p2_steps20000_tr0]:  24%|██▍       | 4847/20000 [01:57<06:30, 38.83it/s, acc=0.304, device=mps, eta=6m10s, loss=2.0031, sps=41.1]
BC[stage1_datasets_L40_stepsweep/bc_shift4_scale_0p8_1p2_steps20000_tr0]:  24%|██▍       | 4855/20000 [01:58<05:32, 45.50it/s, acc=0.304, device=mps, eta=6m10s, loss=2.0031, sps=41.1]
BC[stage1_datasets_L40_stepsweep/bc_shift4_scale_0p8_1p2_steps20000_tr0]:  24%|██▍       | 4861/20000 [01:58<07:11, 35.09it/s, acc=0.304, device=mps, eta=6m10s, loss=2.0031, sps=41.1]
BC[stage1_datasets_L40_stepsweep/bc_shift4_scale_0p8_1p2_steps20000_tr0]:  24%|██▍       | 4867/20000 [01:58<06:29, 38.81it/s, acc=0.304, device=mps, eta=6m10s, loss=2.0031, sps=41.1]
BC[stage1_datasets_L40_stepsweep/bc_shift4_scale_0p8_1p2_steps20000_tr0]:  24%|██▍       | 4872/20000 [01:58<06:09, 40.96it/s, acc=0.304, device=mps, eta=6m10s, loss=2.0031, sps=41.1]
BC[stage1_datasets_L40_stepsweep/bc_shift4_scale_0p8_1p2_steps20000_tr0]:  24%|██▍       | 4879/20000 [01:58<05:29, 45.92it/s, acc=0.304, device=mps, eta=6m10s, loss=2.0031, sps=41.1]
BC[stage1_datasets_L40_stepsweep/bc_shift4_scale_0p8_1p2_steps20000_tr0]:  24%|██▍       | 4885/20000 [01:58<07:17, 34.54it/s, acc=0.304, device=mps, eta=6m10s, loss=2.0031, sps=41.1]
BC[stage1_datasets_L40_stepsweep/bc_shift4_scale_0p8_1p2_steps20000_tr0]:  24%|██▍       | 4893/20000 [01:59<05:55, 42.49it/s, acc=0.304, device=mps, eta=6m10s, loss=2.0031, sps=41.1]
BC[stage1_datasets_L40_stepsweep/bc_shift4_scale_0p8_1p2_steps20000_tr0]:  25%|██▍       | 4901/20000 [01:59<07:11, 35.02it/s, acc=0.304, device=mps, eta=6m10s, loss=2.0031, sps=41.1]
BC[stage1_datasets_L40_stepsweep/bc_shift4_scale_0p8_1p2_steps20000_tr0]:  25%|██▍       | 4909/20000 [01:59<05:56, 42.31it/s, acc=0.304, device=mps, eta=6m10s, loss=2.0031, sps=41.1]
BC[stage1_datasets_L40_stepsweep/bc_shift4_scale_0p8_1p2_steps20000_tr0]:  25%|██▍       | 4917/20000 [01:59<05:08, 48.84it/s, acc=0.304, device=mps, eta=6m10s, loss=2.0031, sps=41.1]
BC[stage1_datasets_L40_stepsweep/bc_shift4_scale_0p8_1p2_steps20000_tr0]:  25%|██▍       | 4923/20000 [01:59<06:40, 37.63it/s, acc=0.304, device=mps, eta=6m10s, loss=2.0031, sps=41.1]
BC[stage1_datasets_L40_stepsweep/bc_shift4_scale_0p8_1p2_steps20000_tr0]:  25%|██▍       | 4931/20000 [02:00<05:36, 44.80it/s, acc=0.304, device=mps, eta=6m10s, loss=2.0031, sps=41.1]
BC[stage1_datasets_L40_stepsweep/bc_shift4_scale_0p8_1p2_steps20000_tr0]:  25%|██▍       | 4939/20000 [02:00<04:56, 50.76it/s, acc=0.304, device=mps, eta=6m10s, loss=2.0031, sps=41.1]
BC[stage1_datasets_L40_stepsweep/bc_shift4_scale_0p8_1p2_steps20000_tr0]:  25%|██▍       | 4946/20000 [02:00<06:30, 38.53it/s, acc=0.304, device=mps, eta=6m10s, loss=2.0031, sps=41.1]
BC[stage1_datasets_L40_stepsweep/bc_shift4_scale_0p8_1p2_steps20000_tr0]:  25%|██▍       | 4954/20000 [02:00<05:31, 45.37it/s, acc=0.304, device=mps, eta=6m10s, loss=2.0031, sps=41.1]
BC[stage1_datasets_L40_stepsweep/bc_shift4_scale_0p8_1p2_steps20000_tr0]:  25%|██▍       | 4961/20000 [02:00<06:57, 36.05it/s, acc=0.304, device=mps, eta=6m10s, loss=2.0031, sps=41.1]
BC[stage1_datasets_L40_stepsweep/bc_shift4_scale_0p8_1p2_steps20000_tr0]:  25%|██▍       | 4969/20000 [02:00<05:48, 43.09it/s, acc=0.304, device=mps, eta=6m10s, loss=2.0031, sps=41.1]
BC[stage1_datasets_L40_stepsweep/bc_shift4_scale_0p8_1p2_steps20000_tr0]:  25%|██▍       | 4977/20000 [02:01<05:03, 49.49it/s, acc=0.304, device=mps, eta=6m10s, loss=2.0031, sps=41.1]
BC[stage1_datasets_L40_stepsweep/bc_shift4_scale_0p8_1p2_steps20000_tr0]:  25%|██▍       | 4984/20000 [02:01<06:33, 38.19it/s, acc=0.304, device=mps, eta=6m10s, loss=2.0031, sps=41.1]
BC[stage1_datasets_L40_stepsweep/bc_shift4_scale_0p8_1p2_steps20000_tr0]:  25%|██▍       | 4992/20000 [02:01<05:33, 45.04it/s, acc=0.304, device=mps, eta=6m10s, loss=2.0031, sps=41.1]
BC[stage1_datasets_L40_stepsweep/bc_shift4_scale_0p8_1p2_steps20000_tr0]:  25%|██▍       | 4992/20000 [02:01<05:33, 45.04it/s, acc=0.302, device=mps, eta=6m05s, loss=1.9919, sps=41.1]
BC[stage1_datasets_L40_stepsweep/bc_shift4_scale_0p8_1p2_steps20000_tr0]:  25%|██▌       | 5000/20000 [02:01<04:51, 51.51it/s, acc=0.302, device=mps, eta=6m05s, loss=1.9919, sps=41.1]
BC[stage1_datasets_L40_stepsweep/bc_shift4_scale_0p8_1p2_steps20000_tr0]:  25%|██▌       | 5007/20000 [02:01<06:24, 39.04it/s, acc=0.302, device=mps, eta=6m05s, loss=1.9919, sps=41.1]
BC[stage1_datasets_L40_stepsweep/bc_shift4_scale_0p8_1p2_steps20000_tr0]:  25%|██▌       | 5015/20000 [02:01<05:27, 45.78it/s, acc=0.302, device=mps, eta=6m05s, loss=1.9919, sps=41.1]
BC[stage1_datasets_L40_stepsweep/bc_shift4_scale_0p8_1p2_steps20000_tr0]:  25%|██▌       | 5021/20000 [02:02<07:00, 35.63it/s, acc=0.302, device=mps, eta=6m05s, loss=1.9919, sps=41.1]
BC[stage1_datasets_L40_stepsweep/bc_shift4_scale_0p8_1p2_steps20000_tr0]:  25%|██▌       | 5029/20000 [02:02<05:48, 42.92it/s, acc=0.302, device=mps, eta=6m05s, loss=1.9919, sps=41.1]
BC[stage1_datasets_L40_stepsweep/bc_shift4_scale_0p8_1p2_steps20000_tr0]:  25%|██▌       | 5037/20000 [02:02<05:03, 49.38it/s, acc=0.302, device=mps, eta=6m05s, loss=1.9919, sps=41.1]
BC[stage1_datasets_L40_stepsweep/bc_shift4_scale_0p8_1p2_steps20000_tr0]:  25%|██▌       | 5044/20000 [02:02<06:32, 38.11it/s, acc=0.302, device=mps, eta=6m05s, loss=1.9919, sps=41.1]
BC[stage1_datasets_L40_stepsweep/bc_shift4_scale_0p8_1p2_steps20000_tr0]:  25%|██▌       | 5052/20000 [02:02<05:29, 45.35it/s, acc=0.302, device=mps, eta=6m05s, loss=1.9919, sps=41.1]
BC[stage1_datasets_L40_stepsweep/bc_shift4_scale_0p8_1p2_steps20000_tr0]:  25%|██▌       | 5061/20000 [02:03<06:36, 37.66it/s, acc=0.302, device=mps, eta=6m05s, loss=1.9919, sps=41.1]
BC[stage1_datasets_L40_stepsweep/bc_shift4_scale_0p8_1p2_steps20000_tr0]:  25%|██▌       | 5067/20000 [02:03<06:03, 41.04it/s, acc=0.302, device=mps, eta=6m05s, loss=1.9919, sps=41.1]
BC[stage1_datasets_L40_stepsweep/bc_shift4_scale_0p8_1p2_steps20000_tr0]:  25%|██▌       | 5073/20000 [02:03<05:42, 43.60it/s, acc=0.302, device=mps, eta=6m05s, loss=1.9919, sps=41.1]
BC[stage1_datasets_L40_stepsweep/bc_shift4_scale_0p8_1p2_steps20000_tr0]:  25%|██▌       | 5080/20000 [02:03<05:06, 48.68it/s, acc=0.302, device=mps, eta=6m05s, loss=1.9919, sps=41.1]
BC[stage1_datasets_L40_stepsweep/bc_shift4_scale_0p8_1p2_steps20000_tr0]:  25%|██▌       | 5086/20000 [02:03<06:52, 36.19it/s, acc=0.302, device=mps, eta=6m05s, loss=1.9919, sps=41.1]
BC[stage1_datasets_L40_stepsweep/bc_shift4_scale_0p8_1p2_steps20000_tr0]:  25%|██▌       | 5094/20000 [02:03<05:38, 44.00it/s, acc=0.302, device=mps, eta=6m05s, loss=1.9919, sps=41.1]
BC[stage1_datasets_L40_stepsweep/bc_shift4_scale_0p8_1p2_steps20000_tr0]:  26%|██▌       | 5101/20000 [02:04<07:03, 35.19it/s, acc=0.302, device=mps, eta=6m05s, loss=1.9919, sps=41.1]
BC[stage1_datasets_L40_stepsweep/bc_shift4_scale_0p8_1p2_steps20000_tr0]:  26%|██▌       | 5109/20000 [02:04<05:49, 42.59it/s, acc=0.302, device=mps, eta=6m05s, loss=1.9919, sps=41.1]
BC[stage1_datasets_L40_stepsweep/bc_shift4_scale_0p8_1p2_steps20000_tr0]:  26%|██▌       | 5117/20000 [02:04<05:01, 49.38it/s, acc=0.302, device=mps, eta=6m05s, loss=1.9919, sps=41.1]
BC[stage1_datasets_L40_stepsweep/bc_shift4_scale_0p8_1p2_steps20000_tr0]:  26%|██▌       | 5124/20000 [02:04<06:33, 37.81it/s, acc=0.302, device=mps, eta=6m05s, loss=1.9919, sps=41.1]
BC[stage1_datasets_L40_stepsweep/bc_shift4_scale_0p8_1p2_steps20000_tr0]:  26%|██▌       | 5132/20000 [02:04<05:31, 44.83it/s, acc=0.302, device=mps, eta=6m05s, loss=1.9919, sps=41.1]
BC[stage1_datasets_L40_stepsweep/bc_shift4_scale_0p8_1p2_steps20000_tr0]:  26%|██▌       | 5140/20000 [02:04<04:46, 51.86it/s, acc=0.302, device=mps, eta=6m05s, loss=1.9919, sps=41.1]
BC[stage1_datasets_L40_stepsweep/bc_shift4_scale_0p8_1p2_steps20000_tr0]:  26%|██▌       | 5147/20000 [02:05<06:22, 38.83it/s, acc=0.302, device=mps, eta=6m05s, loss=1.9919, sps=41.1]
BC[stage1_datasets_L40_stepsweep/bc_shift4_scale_0p8_1p2_steps20000_tr0]:  26%|██▌       | 5155/20000 [02:05<05:25, 45.63it/s, acc=0.302, device=mps, eta=6m05s, loss=1.9919, sps=41.1]
BC[stage1_datasets_L40_stepsweep/bc_shift4_scale_0p8_1p2_steps20000_tr0]:  26%|██▌       | 5161/20000 [02:05<06:58, 35.42it/s, acc=0.302, device=mps, eta=6m05s, loss=1.9919, sps=41.1]
BC[stage1_datasets_L40_stepsweep/bc_shift4_scale_0p8_1p2_steps20000_tr0]:  26%|██▌       | 5169/20000 [02:05<05:46, 42.85it/s, acc=0.302, device=mps, eta=6m05s, loss=1.9919, sps=41.1]
BC[stage1_datasets_L40_stepsweep/bc_shift4_scale_0p8_1p2_steps20000_tr0]:  26%|██▌       | 5177/20000 [02:05<04:59, 49.44it/s, acc=0.302, device=mps, eta=6m05s, loss=1.9919, sps=41.1]
BC[stage1_datasets_L40_stepsweep/bc_shift4_scale_0p8_1p2_steps20000_tr0]:  26%|██▌       | 5184/20000 [02:06<06:30, 37.98it/s, acc=0.302, device=mps, eta=6m05s, loss=1.9919, sps=41.1]
BC[stage1_datasets_L40_stepsweep/bc_shift4_scale_0p8_1p2_steps20000_tr0]:  26%|██▌       | 5192/20000 [02:06<05:29, 44.99it/s, acc=0.302, device=mps, eta=6m05s, loss=1.9919, sps=41.1]
BC[stage1_datasets_L40_stepsweep/bc_shift4_scale_0p8_1p2_steps20000_tr0]:  26%|██▌       | 5192/20000 [02:06<05:29, 44.99it/s, acc=0.306, device=mps, eta=5m59s, loss=1.9953, sps=41.2]
BC[stage1_datasets_L40_stepsweep/bc_shift4_scale_0p8_1p2_steps20000_tr0]:  26%|██▌       | 5200/20000 [02:06<04:44, 51.96it/s, acc=0.306, device=mps, eta=5m59s, loss=1.9953, sps=41.2]
BC[stage1_datasets_L40_stepsweep/bc_shift4_scale_0p8_1p2_steps20000_tr0]:  26%|██▌       | 5207/20000 [02:06<06:20, 38.87it/s, acc=0.306, device=mps, eta=5m59s, loss=1.9953, sps=41.2]
BC[stage1_datasets_L40_stepsweep/bc_shift4_scale_0p8_1p2_steps20000_tr0]:  26%|██▌       | 5215/20000 [02:06<05:20, 46.08it/s, acc=0.306, device=mps, eta=5m59s, loss=1.9953, sps=41.2]
BC[stage1_datasets_L40_stepsweep/bc_shift4_scale_0p8_1p2_steps20000_tr0]:  26%|██▌       | 5221/20000 [02:06<06:55, 35.59it/s, acc=0.306, device=mps, eta=5m59s, loss=1.9953, sps=41.2]
BC[stage1_datasets_L40_stepsweep/bc_shift4_scale_0p8_1p2_steps20000_tr0]:  26%|██▌       | 5228/20000 [02:07<06:01, 40.87it/s, acc=0.306, device=mps, eta=5m59s, loss=1.9953, sps=41.2]
BC[stage1_datasets_L40_stepsweep/bc_shift4_scale_0p8_1p2_steps20000_tr0]:  26%|██▌       | 5234/20000 [02:07<05:32, 44.43it/s, acc=0.306, device=mps, eta=5m59s, loss=1.9953, sps=41.2]
BC[stage1_datasets_L40_stepsweep/bc_shift4_scale_0p8_1p2_steps20000_tr0]:  26%|██▌       | 5241/20000 [02:07<07:07, 34.50it/s, acc=0.306, device=mps, eta=5m59s, loss=1.9953, sps=41.2]
BC[stage1_datasets_L40_stepsweep/bc_shift4_scale_0p8_1p2_steps20000_tr0]:  26%|██▌       | 5249/20000 [02:07<05:50, 42.12it/s, acc=0.306, device=mps, eta=5m59s, loss=1.9953, sps=41.2]
BC[stage1_datasets_L40_stepsweep/bc_shift4_scale_0p8_1p2_steps20000_tr0]:  26%|██▋       | 5257/20000 [02:07<05:00, 49.12it/s, acc=0.306, device=mps, eta=5m59s, loss=1.9953, sps=41.2]
BC[stage1_datasets_L40_stepsweep/bc_shift4_scale_0p8_1p2_steps20000_tr0]:  26%|██▋       | 5264/20000 [02:07<06:31, 37.62it/s, acc=0.306, device=mps, eta=5m59s, loss=1.9953, sps=41.2]
BC[stage1_datasets_L40_stepsweep/bc_shift4_scale_0p8_1p2_steps20000_tr0]:  26%|██▋       | 5272/20000 [02:08<05:28, 44.81it/s, acc=0.306, device=mps, eta=5m59s, loss=1.9953, sps=41.2]
BC[stage1_datasets_L40_stepsweep/bc_shift4_scale_0p8_1p2_steps20000_tr0]:  26%|██▋       | 5280/20000 [02:08<04:43, 51.92it/s, acc=0.306, device=mps, eta=5m59s, loss=1.9953, sps=41.2]
BC[stage1_datasets_L40_stepsweep/bc_shift4_scale_0p8_1p2_steps20000_tr0]:  26%|██▋       | 5287/20000 [02:08<06:20, 38.71it/s, acc=0.306, device=mps, eta=5m59s, loss=1.9953, sps=41.2]
BC[stage1_datasets_L40_stepsweep/bc_shift4_scale_0p8_1p2_steps20000_tr0]:  26%|██▋       | 5293/20000 [02:08<05:51, 41.88it/s, acc=0.306, device=mps, eta=5m59s, loss=1.9953, sps=41.2]
BC[stage1_datasets_L40_stepsweep/bc_shift4_scale_0p8_1p2_steps20000_tr0]:  26%|██▋       | 5300/20000 [02:08<05:12, 47.11it/s, acc=0.306, device=mps, eta=5m59s, loss=1.9953, sps=41.2]
BC[stage1_datasets_L40_stepsweep/bc_shift4_scale_0p8_1p2_steps20000_tr0]:  27%|██▋       | 5306/20000 [02:08<06:58, 35.14it/s, acc=0.306, device=mps, eta=5m59s, loss=1.9953, sps=41.2]
BC[stage1_datasets_L40_stepsweep/bc_shift4_scale_0p8_1p2_steps20000_tr0]:  27%|██▋       | 5314/20000 [02:09<05:41, 42.96it/s, acc=0.306, device=mps, eta=5m59s, loss=1.9953, sps=41.2]
BC[stage1_datasets_L40_stepsweep/bc_shift4_scale_0p8_1p2_steps20000_tr0]:  27%|██▋       | 5321/20000 [02:09<07:03, 34.67it/s, acc=0.306, device=mps, eta=5m59s, loss=1.9953, sps=41.2]
BC[stage1_datasets_L40_stepsweep/bc_shift4_scale_0p8_1p2_steps20000_tr0]:  27%|██▋       | 5327/20000 [02:09<06:23, 38.30it/s, acc=0.306, device=mps, eta=5m59s, loss=1.9953, sps=41.2]
BC[stage1_datasets_L40_stepsweep/bc_shift4_scale_0p8_1p2_steps20000_tr0]:  27%|██▋       | 5333/20000 [02:09<05:47, 42.23it/s, acc=0.306, device=mps, eta=5m59s, loss=1.9953, sps=41.2]
BC[stage1_datasets_L40_stepsweep/bc_shift4_scale_0p8_1p2_steps20000_tr0]:  27%|██▋       | 5340/20000 [02:09<05:04, 48.13it/s, acc=0.306, device=mps, eta=5m59s, loss=1.9953, sps=41.2]
BC[stage1_datasets_L40_stepsweep/bc_shift4_scale_0p8_1p2_steps20000_tr0]:  27%|██▋       | 5346/20000 [02:09<06:53, 35.46it/s, acc=0.306, device=mps, eta=5m59s, loss=1.9953, sps=41.2]
BC[stage1_datasets_L40_stepsweep/bc_shift4_scale_0p8_1p2_steps20000_tr0]:  27%|██▋       | 5354/20000 [02:10<05:37, 43.38it/s, acc=0.306, device=mps, eta=5m59s, loss=1.9953, sps=41.2]
BC[stage1_datasets_L40_stepsweep/bc_shift4_scale_0p8_1p2_steps20000_tr0]:  27%|██▋       | 5361/20000 [02:10<07:01, 34.71it/s, acc=0.306, device=mps, eta=5m59s, loss=1.9953, sps=41.2]
BC[stage1_datasets_L40_stepsweep/bc_shift4_scale_0p8_1p2_steps20000_tr0]:  27%|██▋       | 5369/20000 [02:10<05:45, 42.38it/s, acc=0.306, device=mps, eta=5m59s, loss=1.9953, sps=41.2]
BC[stage1_datasets_L40_stepsweep/bc_shift4_scale_0p8_1p2_steps20000_tr0]:  27%|██▋       | 5377/20000 [02:10<04:56, 49.24it/s, acc=0.306, device=mps, eta=5m59s, loss=1.9953, sps=41.2]
BC[stage1_datasets_L40_stepsweep/bc_shift4_scale_0p8_1p2_steps20000_tr0]:  27%|██▋       | 5384/20000 [02:10<06:27, 37.68it/s, acc=0.306, device=mps, eta=5m59s, loss=1.9953, sps=41.2]
BC[stage1_datasets_L40_stepsweep/bc_shift4_scale_0p8_1p2_steps20000_tr0]:  27%|██▋       | 5392/20000 [02:10<05:26, 44.77it/s, acc=0.306, device=mps, eta=5m59s, loss=1.9953, sps=41.2]
BC[stage1_datasets_L40_stepsweep/bc_shift4_scale_0p8_1p2_steps20000_tr0]:  27%|██▋       | 5392/20000 [02:11<05:26, 44.77it/s, acc=0.303, device=mps, eta=5m54s, loss=1.9972, sps=41.2]
BC[stage1_datasets_L40_stepsweep/bc_shift4_scale_0p8_1p2_steps20000_tr0]:  27%|██▋       | 5400/20000 [02:11<04:43, 51.56it/s, acc=0.303, device=mps, eta=5m54s, loss=1.9972, sps=41.2]
BC[stage1_datasets_L40_stepsweep/bc_shift4_scale_0p8_1p2_steps20000_tr0]:  27%|██▋       | 5407/20000 [02:11<06:17, 38.67it/s, acc=0.303, device=mps, eta=5m54s, loss=1.9972, sps=41.2]
BC[stage1_datasets_L40_stepsweep/bc_shift4_scale_0p8_1p2_steps20000_tr0]:  27%|██▋       | 5415/20000 [02:11<05:18, 45.77it/s, acc=0.303, device=mps, eta=5m54s, loss=1.9972, sps=41.2]
BC[stage1_datasets_L40_stepsweep/bc_shift4_scale_0p8_1p2_steps20000_tr0]:  27%|██▋       | 5421/20000 [02:11<06:50, 35.49it/s, acc=0.303, device=mps, eta=5m54s, loss=1.9972, sps=41.2]
BC[stage1_datasets_L40_stepsweep/bc_shift4_scale_0p8_1p2_steps20000_tr0]:  27%|██▋       | 5429/20000 [02:11<05:44, 42.34it/s, acc=0.303, device=mps, eta=5m54s, loss=1.9972, sps=41.2]
BC[stage1_datasets_L40_stepsweep/bc_shift4_scale_0p8_1p2_steps20000_tr0]:  27%|██▋       | 5435/20000 [02:11<05:18, 45.73it/s, acc=0.303, device=mps, eta=5m54s, loss=1.9972, sps=41.2]
BC[stage1_datasets_L40_stepsweep/bc_shift4_scale_0p8_1p2_steps20000_tr0]:  27%|██▋       | 5441/20000 [02:12<07:00, 34.60it/s, acc=0.303, device=mps, eta=5m54s, loss=1.9972, sps=41.2]
BC[stage1_datasets_L40_stepsweep/bc_shift4_scale_0p8_1p2_steps20000_tr0]:  27%|██▋       | 5449/20000 [02:12<05:42, 42.43it/s, acc=0.303, device=mps, eta=5m54s, loss=1.9972, sps=41.2]
BC[stage1_datasets_L40_stepsweep/bc_shift4_scale_0p8_1p2_steps20000_tr0]:  27%|██▋       | 5457/20000 [02:12<04:54, 49.42it/s, acc=0.303, device=mps, eta=5m54s, loss=1.9972, sps=41.2]
BC[stage1_datasets_L40_stepsweep/bc_shift4_scale_0p8_1p2_steps20000_tr0]:  27%|██▋       | 5464/20000 [02:12<06:35, 36.76it/s, acc=0.303, device=mps, eta=5m54s, loss=1.9972, sps=41.2]
BC[stage1_datasets_L40_stepsweep/bc_shift4_scale_0p8_1p2_steps20000_tr0]:  27%|██▋       | 5472/20000 [02:12<05:30, 43.97it/s, acc=0.303, device=mps, eta=5m54s, loss=1.9972, sps=41.2]
BC[stage1_datasets_L40_stepsweep/bc_shift4_scale_0p8_1p2_steps20000_tr0]:  27%|██▋       | 5480/20000 [02:13<04:44, 50.99it/s, acc=0.303, device=mps, eta=5m54s, loss=1.9972, sps=41.2]
BC[stage1_datasets_L40_stepsweep/bc_shift4_scale_0p8_1p2_steps20000_tr0]:  27%|██▋       | 5487/20000 [02:13<06:18, 38.39it/s, acc=0.303, device=mps, eta=5m54s, loss=1.9972, sps=41.2]
BC[stage1_datasets_L40_stepsweep/bc_shift4_scale_0p8_1p2_steps20000_tr0]:  27%|██▋       | 5495/20000 [02:13<05:20, 45.25it/s, acc=0.303, device=mps, eta=5m54s, loss=1.9972, sps=41.2]
BC[stage1_datasets_L40_stepsweep/bc_shift4_scale_0p8_1p2_steps20000_tr0]:  28%|██▊       | 5501/20000 [02:13<06:51, 35.27it/s, acc=0.303, device=mps, eta=5m54s, loss=1.9972, sps=41.2]
BC[stage1_datasets_L40_stepsweep/bc_shift4_scale_0p8_1p2_steps20000_tr0]:  28%|██▊       | 5509/20000 [02:13<05:39, 42.65it/s, acc=0.303, device=mps, eta=5m54s, loss=1.9972, sps=41.2]
BC[stage1_datasets_L40_stepsweep/bc_shift4_scale_0p8_1p2_steps20000_tr0]:  28%|██▊       | 5517/20000 [02:13<04:53, 49.35it/s, acc=0.303, device=mps, eta=5m54s, loss=1.9972, sps=41.2]
BC[stage1_datasets_L40_stepsweep/bc_shift4_scale_0p8_1p2_steps20000_tr0]:  28%|██▊       | 5524/20000 [02:14<06:22, 37.88it/s, acc=0.303, device=mps, eta=5m54s, loss=1.9972, sps=41.2]
BC[stage1_datasets_L40_stepsweep/bc_shift4_scale_0p8_1p2_steps20000_tr0]:  28%|██▊       | 5532/20000 [02:14<05:23, 44.75it/s, acc=0.303, device=mps, eta=5m54s, loss=1.9972, sps=41.2]
BC[stage1_datasets_L40_stepsweep/bc_shift4_scale_0p8_1p2_steps20000_tr0]:  28%|██▊       | 5540/20000 [02:14<04:42, 51.16it/s, acc=0.303, device=mps, eta=5m54s, loss=1.9972, sps=41.2]
BC[stage1_datasets_L40_stepsweep/bc_shift4_scale_0p8_1p2_steps20000_tr0]:  28%|██▊       | 5547/20000 [02:14<06:13, 38.74it/s, acc=0.303, device=mps, eta=5m54s, loss=1.9972, sps=41.2]
BC[stage1_datasets_L40_stepsweep/bc_shift4_scale_0p8_1p2_steps20000_tr0]:  28%|██▊       | 5555/20000 [02:14<05:18, 45.40it/s, acc=0.303, device=mps, eta=5m54s, loss=1.9972, sps=41.2]
BC[stage1_datasets_L40_stepsweep/bc_shift4_scale_0p8_1p2_steps20000_tr0]:  28%|██▊       | 5561/20000 [02:15<06:52, 34.97it/s, acc=0.303, device=mps, eta=5m54s, loss=1.9972, sps=41.2]
BC[stage1_datasets_L40_stepsweep/bc_shift4_scale_0p8_1p2_steps20000_tr0]:  28%|██▊       | 5569/20000 [02:15<05:41, 42.25it/s, acc=0.303, device=mps, eta=5m54s, loss=1.9972, sps=41.2]
BC[stage1_datasets_L40_stepsweep/bc_shift4_scale_0p8_1p2_steps20000_tr0]:  28%|██▊       | 5577/20000 [02:15<04:55, 48.73it/s, acc=0.303, device=mps, eta=5m54s, loss=1.9972, sps=41.2]
BC[stage1_datasets_L40_stepsweep/bc_shift4_scale_0p8_1p2_steps20000_tr0]:  28%|██▊       | 5584/20000 [02:15<06:23, 37.63it/s, acc=0.303, device=mps, eta=5m54s, loss=1.9972, sps=41.2]
BC[stage1_datasets_L40_stepsweep/bc_shift4_scale_0p8_1p2_steps20000_tr0]:  28%|██▊       | 5592/20000 [02:15<05:24, 44.44it/s, acc=0.303, device=mps, eta=5m54s, loss=1.9972, sps=41.2]
BC[stage1_datasets_L40_stepsweep/bc_shift4_scale_0p8_1p2_steps20000_tr0]:  28%|██▊       | 5592/20000 [02:15<05:24, 44.44it/s, acc=0.306, device=mps, eta=5m49s, loss=1.9869, sps=41.2]
BC[stage1_datasets_L40_stepsweep/bc_shift4_scale_0p8_1p2_steps20000_tr0]:  28%|██▊       | 5600/20000 [02:15<04:43, 50.81it/s, acc=0.306, device=mps, eta=5m49s, loss=1.9869, sps=41.2]
BC[stage1_datasets_L40_stepsweep/bc_shift4_scale_0p8_1p2_steps20000_tr0]:  28%|██▊       | 5607/20000 [02:16<06:25, 37.35it/s, acc=0.306, device=mps, eta=5m49s, loss=1.9869, sps=41.2]
BC[stage1_datasets_L40_stepsweep/bc_shift4_scale_0p8_1p2_steps20000_tr0]:  28%|██▊       | 5613/20000 [02:16<05:53, 40.68it/s, acc=0.306, device=mps, eta=5m49s, loss=1.9869, sps=41.2]
BC[stage1_datasets_L40_stepsweep/bc_shift4_scale_0p8_1p2_steps20000_tr0]:  28%|██▊       | 5620/20000 [02:16<05:13, 45.93it/s, acc=0.306, device=mps, eta=5m49s, loss=1.9869, sps=41.2]
BC[stage1_datasets_L40_stepsweep/bc_shift4_scale_0p8_1p2_steps20000_tr0]:  28%|██▊       | 5626/20000 [02:16<07:04, 33.82it/s, acc=0.306, device=mps, eta=5m49s, loss=1.9869, sps=41.2]
BC[stage1_datasets_L40_stepsweep/bc_shift4_scale_0p8_1p2_steps20000_tr0]:  28%|██▊       | 5632/20000 [02:16<06:25, 37.29it/s, acc=0.306, device=mps, eta=5m49s, loss=1.9869, sps=41.2]
BC[stage1_datasets_L40_stepsweep/bc_shift4_scale_0p8_1p2_steps20000_tr0]:  28%|██▊       | 5638/20000 [02:16<05:44, 41.73it/s, acc=0.306, device=mps, eta=5m49s, loss=1.9869, sps=41.2]
BC[stage1_datasets_L40_stepsweep/bc_shift4_scale_0p8_1p2_steps20000_tr0]:  28%|██▊       | 5644/20000 [02:17<07:25, 32.20it/s, acc=0.306, device=mps, eta=5m49s, loss=1.9869, sps=41.2]
BC[stage1_datasets_L40_stepsweep/bc_shift4_scale_0p8_1p2_steps20000_tr0]:  28%|██▊       | 5652/20000 [02:17<05:56, 40.29it/s, acc=0.306, device=mps, eta=5m49s, loss=1.9869, sps=41.2]
BC[stage1_datasets_L40_stepsweep/bc_shift4_scale_0p8_1p2_steps20000_tr0]:  28%|██▊       | 5660/20000 [02:17<04:58, 47.99it/s, acc=0.306, device=mps, eta=5m49s, loss=1.9869, sps=41.2]
BC[stage1_datasets_L40_stepsweep/bc_shift4_scale_0p8_1p2_steps20000_tr0]:  28%|██▊       | 5666/20000 [02:17<06:39, 35.92it/s, acc=0.306, device=mps, eta=5m49s, loss=1.9869, sps=41.2]
BC[stage1_datasets_L40_stepsweep/bc_shift4_scale_0p8_1p2_steps20000_tr0]:  28%|██▊       | 5674/20000 [02:17<05:30, 43.36it/s, acc=0.306, device=mps, eta=5m49s, loss=1.9869, sps=41.2]
BC[stage1_datasets_L40_stepsweep/bc_shift4_scale_0p8_1p2_steps20000_tr0]:  28%|██▊       | 5681/20000 [02:18<06:50, 34.91it/s, acc=0.306, device=mps, eta=5m49s, loss=1.9869, sps=41.2]
BC[stage1_datasets_L40_stepsweep/bc_shift4_scale_0p8_1p2_steps20000_tr0]:  28%|██▊       | 5689/20000 [02:18<05:38, 42.28it/s, acc=0.306, device=mps, eta=5m49s, loss=1.9869, sps=41.2]
BC[stage1_datasets_L40_stepsweep/bc_shift4_scale_0p8_1p2_steps20000_tr0]:  28%|██▊       | 5697/20000 [02:18<04:53, 48.80it/s, acc=0.306, device=mps, eta=5m49s, loss=1.9869, sps=41.2]
BC[stage1_datasets_L40_stepsweep/bc_shift4_scale_0p8_1p2_steps20000_tr0]:  29%|██▊       | 5704/20000 [02:18<06:18, 37.75it/s, acc=0.306, device=mps, eta=5m49s, loss=1.9869, sps=41.2]
BC[stage1_datasets_L40_stepsweep/bc_shift4_scale_0p8_1p2_steps20000_tr0]:  29%|██▊       | 5712/20000 [02:18<05:19, 44.66it/s, acc=0.306, device=mps, eta=5m49s, loss=1.9869, sps=41.2]
BC[stage1_datasets_L40_stepsweep/bc_shift4_scale_0p8_1p2_steps20000_tr0]:  29%|██▊       | 5720/20000 [02:18<04:37, 51.37it/s, acc=0.306, device=mps, eta=5m49s, loss=1.9869, sps=41.2]
BC[stage1_datasets_L40_stepsweep/bc_shift4_scale_0p8_1p2_steps20000_tr0]:  29%|██▊       | 5727/20000 [02:19<06:07, 38.84it/s, acc=0.306, device=mps, eta=5m49s, loss=1.9869, sps=41.2]
BC[stage1_datasets_L40_stepsweep/bc_shift4_scale_0p8_1p2_steps20000_tr0]:  29%|██▊       | 5735/20000 [02:19<05:12, 45.62it/s, acc=0.306, device=mps, eta=5m49s, loss=1.9869, sps=41.2]
BC[stage1_datasets_L40_stepsweep/bc_shift4_scale_0p8_1p2_steps20000_tr0]:  29%|██▊       | 5741/20000 [02:19<06:40, 35.59it/s, acc=0.306, device=mps, eta=5m49s, loss=1.9869, sps=41.2]
BC[stage1_datasets_L40_stepsweep/bc_shift4_scale_0p8_1p2_steps20000_tr0]:  29%|██▊       | 5749/20000 [02:19<05:32, 42.88it/s, acc=0.306, device=mps, eta=5m49s, loss=1.9869, sps=41.2]
BC[stage1_datasets_L40_stepsweep/bc_shift4_scale_0p8_1p2_steps20000_tr0]:  29%|██▉       | 5757/20000 [02:19<04:48, 49.40it/s, acc=0.306, device=mps, eta=5m49s, loss=1.9869, sps=41.2]
BC[stage1_datasets_L40_stepsweep/bc_shift4_scale_0p8_1p2_steps20000_tr0]:  29%|██▉       | 5764/20000 [02:19<06:14, 38.06it/s, acc=0.306, device=mps, eta=5m49s, loss=1.9869, sps=41.2]
BC[stage1_datasets_L40_stepsweep/bc_shift4_scale_0p8_1p2_steps20000_tr0]:  29%|██▉       | 5772/20000 [02:20<05:16, 44.88it/s, acc=0.306, device=mps, eta=5m49s, loss=1.9869, sps=41.2]
BC[stage1_datasets_L40_stepsweep/bc_shift4_scale_0p8_1p2_steps20000_tr0]:  29%|██▉       | 5780/20000 [02:20<04:36, 51.39it/s, acc=0.306, device=mps, eta=5m49s, loss=1.9869, sps=41.2]
BC[stage1_datasets_L40_stepsweep/bc_shift4_scale_0p8_1p2_steps20000_tr0]:  29%|██▉       | 5787/20000 [02:20<06:11, 38.29it/s, acc=0.306, device=mps, eta=5m49s, loss=1.9869, sps=41.2]
BC[stage1_datasets_L40_stepsweep/bc_shift4_scale_0p8_1p2_steps20000_tr0]:  29%|██▉       | 5794/20000 [02:20<05:27, 43.42it/s, acc=0.306, device=mps, eta=5m49s, loss=1.9869, sps=41.2]
BC[stage1_datasets_L40_stepsweep/bc_shift4_scale_0p8_1p2_steps20000_tr0]:  29%|██▉       | 5794/20000 [02:20<05:27, 43.42it/s, acc=0.306, device=mps, eta=5m45s, loss=1.9868, sps=41.2]
BC[stage1_datasets_L40_stepsweep/bc_shift4_scale_0p8_1p2_steps20000_tr0]:  29%|██▉       | 5801/20000 [02:20<06:49, 34.64it/s, acc=0.306, device=mps, eta=5m45s, loss=1.9868, sps=41.2]
BC[stage1_datasets_L40_stepsweep/bc_shift4_scale_0p8_1p2_steps20000_tr0]:  29%|██▉       | 5809/20000 [02:21<05:40, 41.74it/s, acc=0.306, device=mps, eta=5m45s, loss=1.9868, sps=41.2]
BC[stage1_datasets_L40_stepsweep/bc_shift4_scale_0p8_1p2_steps20000_tr0]:  29%|██▉       | 5817/20000 [02:21<04:55, 48.06it/s, acc=0.306, device=mps, eta=5m45s, loss=1.9868, sps=41.2]
BC[stage1_datasets_L40_stepsweep/bc_shift4_scale_0p8_1p2_steps20000_tr0]:  29%|██▉       | 5823/20000 [02:21<06:31, 36.24it/s, acc=0.306, device=mps, eta=5m45s, loss=1.9868, sps=41.2]
BC[stage1_datasets_L40_stepsweep/bc_shift4_scale_0p8_1p2_steps20000_tr0]:  29%|██▉       | 5831/20000 [02:21<05:26, 43.40it/s, acc=0.306, device=mps, eta=5m45s, loss=1.9868, sps=41.2]
BC[stage1_datasets_L40_stepsweep/bc_shift4_scale_0p8_1p2_steps20000_tr0]:  29%|██▉       | 5839/20000 [02:21<04:44, 49.72it/s, acc=0.306, device=mps, eta=5m45s, loss=1.9868, sps=41.2]
BC[stage1_datasets_L40_stepsweep/bc_shift4_scale_0p8_1p2_steps20000_tr0]:  29%|██▉       | 5846/20000 [02:21<06:10, 38.18it/s, acc=0.306, device=mps, eta=5m45s, loss=1.9868, sps=41.2]
BC[stage1_datasets_L40_stepsweep/bc_shift4_scale_0p8_1p2_steps20000_tr0]:  29%|██▉       | 5854/20000 [02:22<05:14, 45.02it/s, acc=0.306, device=mps, eta=5m45s, loss=1.9868, sps=41.2]
BC[stage1_datasets_L40_stepsweep/bc_shift4_scale_0p8_1p2_steps20000_tr0]:  29%|██▉       | 5861/20000 [02:22<06:32, 36.05it/s, acc=0.306, device=mps, eta=5m45s, loss=1.9868, sps=41.2]
BC[stage1_datasets_L40_stepsweep/bc_shift4_scale_0p8_1p2_steps20000_tr0]:  29%|██▉       | 5869/20000 [02:22<05:27, 43.14it/s, acc=0.306, device=mps, eta=5m45s, loss=1.9868, sps=41.2]
BC[stage1_datasets_L40_stepsweep/bc_shift4_scale_0p8_1p2_steps20000_tr0]:  29%|██▉       | 5877/20000 [02:22<04:45, 49.44it/s, acc=0.306, device=mps, eta=5m45s, loss=1.9868, sps=41.2]
BC[stage1_datasets_L40_stepsweep/bc_shift4_scale_0p8_1p2_steps20000_tr0]:  29%|██▉       | 5884/20000 [02:22<06:16, 37.52it/s, acc=0.306, device=mps, eta=5m45s, loss=1.9868, sps=41.2]
BC[stage1_datasets_L40_stepsweep/bc_shift4_scale_0p8_1p2_steps20000_tr0]:  29%|██▉       | 5889/20000 [02:22<05:59, 39.26it/s, acc=0.306, device=mps, eta=5m45s, loss=1.9868, sps=41.2]
BC[stage1_datasets_L40_stepsweep/bc_shift4_scale_0p8_1p2_steps20000_tr0]:  29%|██▉       | 5895/20000 [02:23<05:30, 42.68it/s, acc=0.306, device=mps, eta=5m45s, loss=1.9868, sps=41.2]
BC[stage1_datasets_L40_stepsweep/bc_shift4_scale_0p8_1p2_steps20000_tr0]:  30%|██▉       | 5901/20000 [02:23<07:13, 32.49it/s, acc=0.306, device=mps, eta=5m45s, loss=1.9868, sps=41.2]
BC[stage1_datasets_L40_stepsweep/bc_shift4_scale_0p8_1p2_steps20000_tr0]:  30%|██▉       | 5907/20000 [02:23<06:17, 37.35it/s, acc=0.306, device=mps, eta=5m45s, loss=1.9868, sps=41.2]
BC[stage1_datasets_L40_stepsweep/bc_shift4_scale_0p8_1p2_steps20000_tr0]:  30%|██▉       | 5913/20000 [02:23<05:44, 40.85it/s, acc=0.306, device=mps, eta=5m45s, loss=1.9868, sps=41.2]
BC[stage1_datasets_L40_stepsweep/bc_shift4_scale_0p8_1p2_steps20000_tr0]:  30%|██▉       | 5920/20000 [02:23<05:02, 46.54it/s, acc=0.306, device=mps, eta=5m45s, loss=1.9868, sps=41.2]
BC[stage1_datasets_L40_stepsweep/bc_shift4_scale_0p8_1p2_steps20000_tr0]:  30%|██▉       | 5926/20000 [02:23<06:52, 34.12it/s, acc=0.306, device=mps, eta=5m45s, loss=1.9868, sps=41.2]
BC[stage1_datasets_L40_stepsweep/bc_shift4_scale_0p8_1p2_steps20000_tr0]:  30%|██▉       | 5931/20000 [02:24<06:20, 36.98it/s, acc=0.306, device=mps, eta=5m45s, loss=1.9868, sps=41.2]
BC[stage1_datasets_L40_stepsweep/bc_shift4_scale_0p8_1p2_steps20000_tr0]:  30%|██▉       | 5937/20000 [02:24<05:36, 41.78it/s, acc=0.306, device=mps, eta=5m45s, loss=1.9868, sps=41.2]
BC[stage1_datasets_L40_stepsweep/bc_shift4_scale_0p8_1p2_steps20000_tr0]:  30%|██▉       | 5942/20000 [02:24<07:38, 30.68it/s, acc=0.306, device=mps, eta=5m45s, loss=1.9868, sps=41.2]
BC[stage1_datasets_L40_stepsweep/bc_shift4_scale_0p8_1p2_steps20000_tr0]:  30%|██▉       | 5948/20000 [02:24<06:29, 36.12it/s, acc=0.306, device=mps, eta=5m45s, loss=1.9868, sps=41.2]
BC[stage1_datasets_L40_stepsweep/bc_shift4_scale_0p8_1p2_steps20000_tr0]:  30%|██▉       | 5955/20000 [02:24<05:33, 42.13it/s, acc=0.306, device=mps, eta=5m45s, loss=1.9868, sps=41.2]
BC[stage1_datasets_L40_stepsweep/bc_shift4_scale_0p8_1p2_steps20000_tr0]:  30%|██▉       | 5961/20000 [02:24<07:13, 32.37it/s, acc=0.306, device=mps, eta=5m45s, loss=1.9868, sps=41.2]
BC[stage1_datasets_L40_stepsweep/bc_shift4_scale_0p8_1p2_steps20000_tr0]:  30%|██▉       | 5969/20000 [02:25<05:45, 40.64it/s, acc=0.306, device=mps, eta=5m45s, loss=1.9868, sps=41.2]
BC[stage1_datasets_L40_stepsweep/bc_shift4_scale_0p8_1p2_steps20000_tr0]:  30%|██▉       | 5977/20000 [02:25<04:51, 48.09it/s, acc=0.306, device=mps, eta=5m45s, loss=1.9868, sps=41.2]
BC[stage1_datasets_L40_stepsweep/bc_shift4_scale_0p8_1p2_steps20000_tr0]:  30%|██▉       | 5983/20000 [02:25<06:27, 36.19it/s, acc=0.306, device=mps, eta=5m45s, loss=1.9868, sps=41.2]
BC[stage1_datasets_L40_stepsweep/bc_shift4_scale_0p8_1p2_steps20000_tr0]:  30%|██▉       | 5991/20000 [02:25<05:20, 43.64it/s, acc=0.306, device=mps, eta=5m45s, loss=1.9868, sps=41.2]
BC[stage1_datasets_L40_stepsweep/bc_shift4_scale_0p8_1p2_steps20000_tr0]:  30%|██▉       | 5999/20000 [02:25<04:38, 50.21it/s, acc=0.306, device=mps, eta=5m45s, loss=1.9868, sps=41.2]
BC[stage1_datasets_L40_stepsweep/bc_shift4_scale_0p8_1p2_steps20000_tr0]:  30%|██▉       | 5999/20000 [02:25<04:38, 50.21it/s, acc=0.308, device=mps, eta=5m40s, loss=1.9868, sps=41.2]
BC[stage1_datasets_L40_stepsweep/bc_shift4_scale_0p8_1p2_steps20000_tr0]:  30%|███       | 6006/20000 [02:25<06:04, 38.42it/s, acc=0.308, device=mps, eta=5m40s, loss=1.9868, sps=41.2]
BC[stage1_datasets_L40_stepsweep/bc_shift4_scale_0p8_1p2_steps20000_tr0]:  30%|███       | 6014/20000 [02:26<05:08, 45.35it/s, acc=0.308, device=mps, eta=5m40s, loss=1.9868, sps=41.2]
BC[stage1_datasets_L40_stepsweep/bc_shift4_scale_0p8_1p2_steps20000_tr0]:  30%|███       | 6021/20000 [02:26<06:27, 36.08it/s, acc=0.308, device=mps, eta=5m40s, loss=1.9868, sps=41.2]
BC[stage1_datasets_L40_stepsweep/bc_shift4_scale_0p8_1p2_steps20000_tr0]:  30%|███       | 6029/20000 [02:26<05:24, 43.12it/s, acc=0.308, device=mps, eta=5m40s, loss=1.9868, sps=41.2]
BC[stage1_datasets_L40_stepsweep/bc_shift4_scale_0p8_1p2_steps20000_tr0]:  30%|███       | 6037/20000 [02:26<04:42, 49.49it/s, acc=0.308, device=mps, eta=5m40s, loss=1.9868, sps=41.2]
BC[stage1_datasets_L40_stepsweep/bc_shift4_scale_0p8_1p2_steps20000_tr0]:  30%|███       | 6044/20000 [02:26<06:11, 37.56it/s, acc=0.308, device=mps, eta=5m40s, loss=1.9868, sps=41.2]
BC[stage1_datasets_L40_stepsweep/bc_shift4_scale_0p8_1p2_steps20000_tr0]:  30%|███       | 6049/20000 [02:26<05:57, 39.00it/s, acc=0.308, device=mps, eta=5m40s, loss=1.9868, sps=41.2]
BC[stage1_datasets_L40_stepsweep/bc_shift4_scale_0p8_1p2_steps20000_tr0]:  30%|███       | 6055/20000 [02:27<05:24, 42.94it/s, acc=0.308, device=mps, eta=5m40s, loss=1.9868, sps=41.2]
BC[stage1_datasets_L40_stepsweep/bc_shift4_scale_0p8_1p2_steps20000_tr0]:  30%|███       | 6061/20000 [02:27<07:06, 32.65it/s, acc=0.308, device=mps, eta=5m40s, loss=1.9868, sps=41.2]
BC[stage1_datasets_L40_stepsweep/bc_shift4_scale_0p8_1p2_steps20000_tr0]:  30%|███       | 6069/20000 [02:27<05:47, 40.08it/s, acc=0.308, device=mps, eta=5m40s, loss=1.9868, sps=41.2]
BC[stage1_datasets_L40_stepsweep/bc_shift4_scale_0p8_1p2_steps20000_tr0]:  30%|███       | 6075/20000 [02:27<05:29, 42.27it/s, acc=0.308, device=mps, eta=5m40s, loss=1.9868, sps=41.2]
BC[stage1_datasets_L40_stepsweep/bc_shift4_scale_0p8_1p2_steps20000_tr0]:  30%|███       | 6081/20000 [02:27<07:11, 32.23it/s, acc=0.308, device=mps, eta=5m40s, loss=1.9868, sps=41.2]
BC[stage1_datasets_L40_stepsweep/bc_shift4_scale_0p8_1p2_steps20000_tr0]:  30%|███       | 6089/20000 [02:28<05:46, 40.15it/s, acc=0.308, device=mps, eta=5m40s, loss=1.9868, sps=41.2]
BC[stage1_datasets_L40_stepsweep/bc_shift4_scale_0p8_1p2_steps20000_tr0]:  30%|███       | 6097/20000 [02:28<04:53, 47.43it/s, acc=0.308, device=mps, eta=5m40s, loss=1.9868, sps=41.2]
BC[stage1_datasets_L40_stepsweep/bc_shift4_scale_0p8_1p2_steps20000_tr0]:  31%|███       | 6103/20000 [02:28<06:26, 35.99it/s, acc=0.308, device=mps, eta=5m40s, loss=1.9868, sps=41.2]
BC[stage1_datasets_L40_stepsweep/bc_shift4_scale_0p8_1p2_steps20000_tr0]:  31%|███       | 6111/20000 [02:28<05:18, 43.58it/s, acc=0.308, device=mps, eta=5m40s, loss=1.9868, sps=41.2]
BC[stage1_datasets_L40_stepsweep/bc_shift4_scale_0p8_1p2_steps20000_tr0]:  31%|███       | 6119/20000 [02:28<04:35, 50.37it/s, acc=0.308, device=mps, eta=5m40s, loss=1.9868, sps=41.2]
BC[stage1_datasets_L40_stepsweep/bc_shift4_scale_0p8_1p2_steps20000_tr0]:  31%|███       | 6126/20000 [02:28<06:02, 38.25it/s, acc=0.308, device=mps, eta=5m40s, loss=1.9868, sps=41.2]
BC[stage1_datasets_L40_stepsweep/bc_shift4_scale_0p8_1p2_steps20000_tr0]:  31%|███       | 6134/20000 [02:29<05:07, 45.16it/s, acc=0.308, device=mps, eta=5m40s, loss=1.9868, sps=41.2]
BC[stage1_datasets_L40_stepsweep/bc_shift4_scale_0p8_1p2_steps20000_tr0]:  31%|███       | 6141/20000 [02:29<06:19, 36.50it/s, acc=0.308, device=mps, eta=5m40s, loss=1.9868, sps=41.2]
BC[stage1_datasets_L40_stepsweep/bc_shift4_scale_0p8_1p2_steps20000_tr0]:  31%|███       | 6149/20000 [02:29<05:17, 43.57it/s, acc=0.308, device=mps, eta=5m40s, loss=1.9868, sps=41.2]
BC[stage1_datasets_L40_stepsweep/bc_shift4_scale_0p8_1p2_steps20000_tr0]:  31%|███       | 6157/20000 [02:29<04:36, 50.11it/s, acc=0.308, device=mps, eta=5m40s, loss=1.9868, sps=41.2]
BC[stage1_datasets_L40_stepsweep/bc_shift4_scale_0p8_1p2_steps20000_tr0]:  31%|███       | 6164/20000 [02:29<06:06, 37.71it/s, acc=0.308, device=mps, eta=5m40s, loss=1.9868, sps=41.2]
BC[stage1_datasets_L40_stepsweep/bc_shift4_scale_0p8_1p2_steps20000_tr0]:  31%|███       | 6170/20000 [02:29<05:36, 41.05it/s, acc=0.308, device=mps, eta=5m40s, loss=1.9868, sps=41.2]
BC[stage1_datasets_L40_stepsweep/bc_shift4_scale_0p8_1p2_steps20000_tr0]:  31%|███       | 6176/20000 [02:30<05:09, 44.69it/s, acc=0.308, device=mps, eta=5m40s, loss=1.9868, sps=41.2]
BC[stage1_datasets_L40_stepsweep/bc_shift4_scale_0p8_1p2_steps20000_tr0]:  31%|███       | 6182/20000 [02:30<06:49, 33.71it/s, acc=0.308, device=mps, eta=5m40s, loss=1.9868, sps=41.2]
BC[stage1_datasets_L40_stepsweep/bc_shift4_scale_0p8_1p2_steps20000_tr0]:  31%|███       | 6190/20000 [02:30<05:33, 41.45it/s, acc=0.308, device=mps, eta=5m40s, loss=1.9868, sps=41.2]
BC[stage1_datasets_L40_stepsweep/bc_shift4_scale_0p8_1p2_steps20000_tr0]:  31%|███       | 6198/20000 [02:30<04:46, 48.16it/s, acc=0.308, device=mps, eta=5m40s, loss=1.9868, sps=41.2]
BC[stage1_datasets_L40_stepsweep/bc_shift4_scale_0p8_1p2_steps20000_tr0]:  31%|███       | 6198/20000 [02:30<04:46, 48.16it/s, acc=0.306, device=mps, eta=5m35s, loss=1.9862, sps=41.2]
BC[stage1_datasets_L40_stepsweep/bc_shift4_scale_0p8_1p2_steps20000_tr0]:  31%|███       | 6204/20000 [02:30<06:27, 35.57it/s, acc=0.306, device=mps, eta=5m35s, loss=1.9862, sps=41.2]
BC[stage1_datasets_L40_stepsweep/bc_shift4_scale_0p8_1p2_steps20000_tr0]:  31%|███       | 6210/20000 [02:30<05:50, 39.34it/s, acc=0.306, device=mps, eta=5m35s, loss=1.9862, sps=41.2]
BC[stage1_datasets_L40_stepsweep/bc_shift4_scale_0p8_1p2_steps20000_tr0]:  31%|███       | 6217/20000 [02:31<05:10, 44.42it/s, acc=0.306, device=mps, eta=5m35s, loss=1.9862, sps=41.2]
BC[stage1_datasets_L40_stepsweep/bc_shift4_scale_0p8_1p2_steps20000_tr0]:  31%|███       | 6223/20000 [02:31<06:50, 33.54it/s, acc=0.306, device=mps, eta=5m35s, loss=1.9862, sps=41.2]
BC[stage1_datasets_L40_stepsweep/bc_shift4_scale_0p8_1p2_steps20000_tr0]:  31%|███       | 6230/20000 [02:31<05:48, 39.55it/s, acc=0.306, device=mps, eta=5m35s, loss=1.9862, sps=41.2]
BC[stage1_datasets_L40_stepsweep/bc_shift4_scale_0p8_1p2_steps20000_tr0]:  31%|███       | 6236/20000 [02:31<05:15, 43.69it/s, acc=0.306, device=mps, eta=5m35s, loss=1.9862, sps=41.2]
BC[stage1_datasets_L40_stepsweep/bc_shift4_scale_0p8_1p2_steps20000_tr0]:  31%|███       | 6242/20000 [02:31<07:02, 32.57it/s, acc=0.306, device=mps, eta=5m35s, loss=1.9862, sps=41.2]
BC[stage1_datasets_L40_stepsweep/bc_shift4_scale_0p8_1p2_steps20000_tr0]:  31%|███       | 6248/20000 [02:31<06:09, 37.25it/s, acc=0.306, device=mps, eta=5m35s, loss=1.9862, sps=41.2]
BC[stage1_datasets_L40_stepsweep/bc_shift4_scale_0p8_1p2_steps20000_tr0]:  31%|███▏      | 6254/20000 [02:32<05:34, 41.05it/s, acc=0.306, device=mps, eta=5m35s, loss=1.9862, sps=41.2]
BC[stage1_datasets_L40_stepsweep/bc_shift4_scale_0p8_1p2_steps20000_tr0]:  31%|███▏      | 6261/20000 [02:32<07:07, 32.12it/s, acc=0.306, device=mps, eta=5m35s, loss=1.9862, sps=41.2]
BC[stage1_datasets_L40_stepsweep/bc_shift4_scale_0p8_1p2_steps20000_tr0]:  31%|███▏      | 6267/20000 [02:32<06:12, 36.87it/s, acc=0.306, device=mps, eta=5m35s, loss=1.9862, sps=41.2]
BC[stage1_datasets_L40_stepsweep/bc_shift4_scale_0p8_1p2_steps20000_tr0]:  31%|███▏      | 6273/20000 [02:32<05:30, 41.50it/s, acc=0.306, device=mps, eta=5m35s, loss=1.9862, sps=41.2]
BC[stage1_datasets_L40_stepsweep/bc_shift4_scale_0p8_1p2_steps20000_tr0]:  31%|███▏      | 6280/20000 [02:32<04:46, 47.83it/s, acc=0.306, device=mps, eta=5m35s, loss=1.9862, sps=41.2]
BC[stage1_datasets_L40_stepsweep/bc_shift4_scale_0p8_1p2_steps20000_tr0]:  31%|███▏      | 6286/20000 [02:32<06:29, 35.17it/s, acc=0.306, device=mps, eta=5m35s, loss=1.9862, sps=41.2]
BC[stage1_datasets_L40_stepsweep/bc_shift4_scale_0p8_1p2_steps20000_tr0]:  31%|███▏      | 6294/20000 [02:33<05:18, 43.05it/s, acc=0.306, device=mps, eta=5m35s, loss=1.9862, sps=41.2]
BC[stage1_datasets_L40_stepsweep/bc_shift4_scale_0p8_1p2_steps20000_tr0]:  32%|███▏      | 6301/20000 [02:33<06:41, 34.10it/s, acc=0.306, device=mps, eta=5m35s, loss=1.9862, sps=41.2]
BC[stage1_datasets_L40_stepsweep/bc_shift4_scale_0p8_1p2_steps20000_tr0]:  32%|███▏      | 6307/20000 [02:33<05:54, 38.61it/s, acc=0.306, device=mps, eta=5m35s, loss=1.9862, sps=41.2]
BC[stage1_datasets_L40_stepsweep/bc_shift4_scale_0p8_1p2_steps20000_tr0]:  32%|███▏      | 6313/20000 [02:33<05:25, 42.10it/s, acc=0.306, device=mps, eta=5m35s, loss=1.9862, sps=41.2]
BC[stage1_datasets_L40_stepsweep/bc_shift4_scale_0p8_1p2_steps20000_tr0]:  32%|███▏      | 6320/20000 [02:33<04:47, 47.54it/s, acc=0.306, device=mps, eta=5m35s, loss=1.9862, sps=41.2]
BC[stage1_datasets_L40_stepsweep/bc_shift4_scale_0p8_1p2_steps20000_tr0]:  32%|███▏      | 6326/20000 [02:34<06:30, 35.05it/s, acc=0.306, device=mps, eta=5m35s, loss=1.9862, sps=41.2]
BC[stage1_datasets_L40_stepsweep/bc_shift4_scale_0p8_1p2_steps20000_tr0]:  32%|███▏      | 6334/20000 [02:34<05:19, 42.78it/s, acc=0.306, device=mps, eta=5m35s, loss=1.9862, sps=41.2]
BC[stage1_datasets_L40_stepsweep/bc_shift4_scale_0p8_1p2_steps20000_tr0]:  32%|███▏      | 6341/20000 [02:34<06:35, 34.51it/s, acc=0.306, device=mps, eta=5m35s, loss=1.9862, sps=41.2]
BC[stage1_datasets_L40_stepsweep/bc_shift4_scale_0p8_1p2_steps20000_tr0]:  32%|███▏      | 6349/20000 [02:34<05:24, 42.04it/s, acc=0.306, device=mps, eta=5m35s, loss=1.9862, sps=41.2]
BC[stage1_datasets_L40_stepsweep/bc_shift4_scale_0p8_1p2_steps20000_tr0]:  32%|███▏      | 6357/20000 [02:34<04:40, 48.61it/s, acc=0.306, device=mps, eta=5m35s, loss=1.9862, sps=41.2]
BC[stage1_datasets_L40_stepsweep/bc_shift4_scale_0p8_1p2_steps20000_tr0]:  32%|███▏      | 6363/20000 [02:34<06:09, 36.92it/s, acc=0.306, device=mps, eta=5m35s, loss=1.9862, sps=41.2]
BC[stage1_datasets_L40_stepsweep/bc_shift4_scale_0p8_1p2_steps20000_tr0]:  32%|███▏      | 6372/20000 [02:35<04:58, 45.70it/s, acc=0.306, device=mps, eta=5m35s, loss=1.9862, sps=41.2]
BC[stage1_datasets_L40_stepsweep/bc_shift4_scale_0p8_1p2_steps20000_tr0]:  32%|███▏      | 6380/20000 [02:35<04:21, 52.18it/s, acc=0.306, device=mps, eta=5m35s, loss=1.9862, sps=41.2]
BC[stage1_datasets_L40_stepsweep/bc_shift4_scale_0p8_1p2_steps20000_tr0]:  32%|███▏      | 6387/20000 [02:35<05:53, 38.56it/s, acc=0.306, device=mps, eta=5m35s, loss=1.9862, sps=41.2]
BC[stage1_datasets_L40_stepsweep/bc_shift4_scale_0p8_1p2_steps20000_tr0]:  32%|███▏      | 6393/20000 [02:35<05:29, 41.35it/s, acc=0.306, device=mps, eta=5m35s, loss=1.9862, sps=41.2]
BC[stage1_datasets_L40_stepsweep/bc_shift4_scale_0p8_1p2_steps20000_tr0]:  32%|███▏      | 6399/20000 [02:35<05:04, 44.73it/s, acc=0.306, device=mps, eta=5m35s, loss=1.9862, sps=41.2]
BC[stage1_datasets_L40_stepsweep/bc_shift4_scale_0p8_1p2_steps20000_tr0]:  32%|███▏      | 6399/20000 [02:35<05:04, 44.73it/s, acc=0.308, device=mps, eta=5m31s, loss=1.9819, sps=41.1]
BC[stage1_datasets_L40_stepsweep/bc_shift4_scale_0p8_1p2_steps20000_tr0]:  32%|███▏      | 6405/20000 [02:35<06:38, 34.12it/s, acc=0.308, device=mps, eta=5m31s, loss=1.9819, sps=41.1]
BC[stage1_datasets_L40_stepsweep/bc_shift4_scale_0p8_1p2_steps20000_tr0]:  32%|███▏      | 6413/20000 [02:36<05:25, 41.75it/s, acc=0.308, device=mps, eta=5m31s, loss=1.9819, sps=41.1]
BC[stage1_datasets_L40_stepsweep/bc_shift4_scale_0p8_1p2_steps20000_tr0]:  32%|███▏      | 6421/20000 [02:36<06:29, 34.86it/s, acc=0.308, device=mps, eta=5m31s, loss=1.9819, sps=41.1]
BC[stage1_datasets_L40_stepsweep/bc_shift4_scale_0p8_1p2_steps20000_tr0]:  32%|███▏      | 6429/20000 [02:36<05:23, 42.00it/s, acc=0.308, device=mps, eta=5m31s, loss=1.9819, sps=41.1]
BC[stage1_datasets_L40_stepsweep/bc_shift4_scale_0p8_1p2_steps20000_tr0]:  32%|███▏      | 6437/20000 [02:36<04:38, 48.64it/s, acc=0.308, device=mps, eta=5m31s, loss=1.9819, sps=41.1]
BC[stage1_datasets_L40_stepsweep/bc_shift4_scale_0p8_1p2_steps20000_tr0]:  32%|███▏      | 6443/20000 [02:36<06:06, 37.03it/s, acc=0.308, device=mps, eta=5m31s, loss=1.9819, sps=41.1]
BC[stage1_datasets_L40_stepsweep/bc_shift4_scale_0p8_1p2_steps20000_tr0]:  32%|███▏      | 6451/20000 [02:36<05:06, 44.19it/s, acc=0.308, device=mps, eta=5m31s, loss=1.9819, sps=41.1]
BC[stage1_datasets_L40_stepsweep/bc_shift4_scale_0p8_1p2_steps20000_tr0]:  32%|███▏      | 6459/20000 [02:37<04:29, 50.27it/s, acc=0.308, device=mps, eta=5m31s, loss=1.9819, sps=41.1]
BC[stage1_datasets_L40_stepsweep/bc_shift4_scale_0p8_1p2_steps20000_tr0]:  32%|███▏      | 6466/20000 [02:37<06:04, 37.14it/s, acc=0.308, device=mps, eta=5m31s, loss=1.9819, sps=41.1]
BC[stage1_datasets_L40_stepsweep/bc_shift4_scale_0p8_1p2_steps20000_tr0]:  32%|███▏      | 6471/20000 [02:37<05:44, 39.24it/s, acc=0.308, device=mps, eta=5m31s, loss=1.9819, sps=41.1]
BC[stage1_datasets_L40_stepsweep/bc_shift4_scale_0p8_1p2_steps20000_tr0]:  32%|███▏      | 6478/20000 [02:37<05:06, 44.19it/s, acc=0.308, device=mps, eta=5m31s, loss=1.9819, sps=41.1]
BC[stage1_datasets_L40_stepsweep/bc_shift4_scale_0p8_1p2_steps20000_tr0]:  32%|███▏      | 6484/20000 [02:37<06:36, 34.11it/s, acc=0.308, device=mps, eta=5m31s, loss=1.9819, sps=41.1]
BC[stage1_datasets_L40_stepsweep/bc_shift4_scale_0p8_1p2_steps20000_tr0]:  32%|███▏      | 6492/20000 [02:37<05:21, 42.02it/s, acc=0.308, device=mps, eta=5m31s, loss=1.9819, sps=41.1]
BC[stage1_datasets_L40_stepsweep/bc_shift4_scale_0p8_1p2_steps20000_tr0]:  32%|███▎      | 6500/20000 [02:38<04:31, 49.79it/s, acc=0.308, device=mps, eta=5m31s, loss=1.9819, sps=41.1]
BC[stage1_datasets_L40_stepsweep/bc_shift4_scale_0p8_1p2_steps20000_tr0]:  33%|███▎      | 6507/20000 [02:38<05:59, 37.58it/s, acc=0.308, device=mps, eta=5m31s, loss=1.9819, sps=41.1]
BC[stage1_datasets_L40_stepsweep/bc_shift4_scale_0p8_1p2_steps20000_tr0]:  33%|███▎      | 6515/20000 [02:38<05:02, 44.55it/s, acc=0.308, device=mps, eta=5m31s, loss=1.9819, sps=41.1]
BC[stage1_datasets_L40_stepsweep/bc_shift4_scale_0p8_1p2_steps20000_tr0]:  33%|███▎      | 6521/20000 [02:38<06:26, 34.87it/s, acc=0.308, device=mps, eta=5m31s, loss=1.9819, sps=41.1]
BC[stage1_datasets_L40_stepsweep/bc_shift4_scale_0p8_1p2_steps20000_tr0]:  33%|███▎      | 6529/20000 [02:38<05:18, 42.28it/s, acc=0.308, device=mps, eta=5m31s, loss=1.9819, sps=41.1]
BC[stage1_datasets_L40_stepsweep/bc_shift4_scale_0p8_1p2_steps20000_tr0]:  33%|███▎      | 6537/20000 [02:38<04:35, 48.83it/s, acc=0.308, device=mps, eta=5m31s, loss=1.9819, sps=41.1]
BC[stage1_datasets_L40_stepsweep/bc_shift4_scale_0p8_1p2_steps20000_tr0]:  33%|███▎      | 6544/20000 [02:39<05:56, 37.78it/s, acc=0.308, device=mps, eta=5m31s, loss=1.9819, sps=41.1]
BC[stage1_datasets_L40_stepsweep/bc_shift4_scale_0p8_1p2_steps20000_tr0]:  33%|███▎      | 6552/20000 [02:39<05:01, 44.58it/s, acc=0.308, device=mps, eta=5m31s, loss=1.9819, sps=41.1]
BC[stage1_datasets_L40_stepsweep/bc_shift4_scale_0p8_1p2_steps20000_tr0]:  33%|███▎      | 6560/20000 [02:39<04:23, 51.02it/s, acc=0.308, device=mps, eta=5m31s, loss=1.9819, sps=41.1]
BC[stage1_datasets_L40_stepsweep/bc_shift4_scale_0p8_1p2_steps20000_tr0]:  33%|███▎      | 6567/20000 [02:39<05:50, 38.30it/s, acc=0.308, device=mps, eta=5m31s, loss=1.9819, sps=41.1]
BC[stage1_datasets_L40_stepsweep/bc_shift4_scale_0p8_1p2_steps20000_tr0]:  33%|███▎      | 6573/20000 [02:39<05:23, 41.48it/s, acc=0.308, device=mps, eta=5m31s, loss=1.9819, sps=41.1]
BC[stage1_datasets_L40_stepsweep/bc_shift4_scale_0p8_1p2_steps20000_tr0]:  33%|███▎      | 6579/20000 [02:40<05:01, 44.59it/s, acc=0.308, device=mps, eta=5m31s, loss=1.9819, sps=41.1]
BC[stage1_datasets_L40_stepsweep/bc_shift4_scale_0p8_1p2_steps20000_tr0]:  33%|███▎      | 6585/20000 [02:40<06:31, 34.28it/s, acc=0.308, device=mps, eta=5m31s, loss=1.9819, sps=41.1]
BC[stage1_datasets_L40_stepsweep/bc_shift4_scale_0p8_1p2_steps20000_tr0]:  33%|███▎      | 6593/20000 [02:40<05:17, 42.20it/s, acc=0.308, device=mps, eta=5m31s, loss=1.9819, sps=41.1]
BC[stage1_datasets_L40_stepsweep/bc_shift4_scale_0p8_1p2_steps20000_tr0]:  33%|███▎      | 6593/20000 [02:40<05:17, 42.20it/s, acc=0.309, device=mps, eta=5m26s, loss=1.9807, sps=41.1]
BC[stage1_datasets_L40_stepsweep/bc_shift4_scale_0p8_1p2_steps20000_tr0]:  33%|███▎      | 6601/20000 [02:40<06:21, 35.16it/s, acc=0.309, device=mps, eta=5m26s, loss=1.9807, sps=41.1]
BC[stage1_datasets_L40_stepsweep/bc_shift4_scale_0p8_1p2_steps20000_tr0]:  33%|███▎      | 6609/20000 [02:40<05:19, 41.87it/s, acc=0.309, device=mps, eta=5m26s, loss=1.9807, sps=41.1]
BC[stage1_datasets_L40_stepsweep/bc_shift4_scale_0p8_1p2_steps20000_tr0]:  33%|███▎      | 6617/20000 [02:40<04:39, 47.95it/s, acc=0.309, device=mps, eta=5m26s, loss=1.9807, sps=41.1]
BC[stage1_datasets_L40_stepsweep/bc_shift4_scale_0p8_1p2_steps20000_tr0]:  33%|███▎      | 6623/20000 [02:41<06:07, 36.44it/s, acc=0.309, device=mps, eta=5m26s, loss=1.9807, sps=41.1]
BC[stage1_datasets_L40_stepsweep/bc_shift4_scale_0p8_1p2_steps20000_tr0]:  33%|███▎      | 6631/20000 [02:41<05:07, 43.47it/s, acc=0.309, device=mps, eta=5m26s, loss=1.9807, sps=41.1]
BC[stage1_datasets_L40_stepsweep/bc_shift4_scale_0p8_1p2_steps20000_tr0]:  33%|███▎      | 6639/20000 [02:41<04:30, 49.43it/s, acc=0.309, device=mps, eta=5m26s, loss=1.9807, sps=41.1]
BC[stage1_datasets_L40_stepsweep/bc_shift4_scale_0p8_1p2_steps20000_tr0]:  33%|███▎      | 6645/20000 [02:41<06:15, 35.58it/s, acc=0.309, device=mps, eta=5m26s, loss=1.9807, sps=41.1]
BC[stage1_datasets_L40_stepsweep/bc_shift4_scale_0p8_1p2_steps20000_tr0]:  33%|███▎      | 6651/20000 [02:41<05:38, 39.48it/s, acc=0.309, device=mps, eta=5m26s, loss=1.9807, sps=41.1]
BC[stage1_datasets_L40_stepsweep/bc_shift4_scale_0p8_1p2_steps20000_tr0]:  33%|███▎      | 6658/20000 [02:41<04:58, 44.76it/s, acc=0.309, device=mps, eta=5m26s, loss=1.9807, sps=41.1]
BC[stage1_datasets_L40_stepsweep/bc_shift4_scale_0p8_1p2_steps20000_tr0]:  33%|███▎      | 6664/20000 [02:42<06:28, 34.33it/s, acc=0.309, device=mps, eta=5m26s, loss=1.9807, sps=41.1]
BC[stage1_datasets_L40_stepsweep/bc_shift4_scale_0p8_1p2_steps20000_tr0]:  33%|███▎      | 6672/20000 [02:42<05:17, 41.91it/s, acc=0.309, device=mps, eta=5m26s, loss=1.9807, sps=41.1]
BC[stage1_datasets_L40_stepsweep/bc_shift4_scale_0p8_1p2_steps20000_tr0]:  33%|███▎      | 6680/20000 [02:42<04:31, 48.97it/s, acc=0.309, device=mps, eta=5m26s, loss=1.9807, sps=41.1]
BC[stage1_datasets_L40_stepsweep/bc_shift4_scale_0p8_1p2_steps20000_tr0]:  33%|███▎      | 6686/20000 [02:42<06:08, 36.10it/s, acc=0.309, device=mps, eta=5m26s, loss=1.9807, sps=41.1]
BC[stage1_datasets_L40_stepsweep/bc_shift4_scale_0p8_1p2_steps20000_tr0]:  33%|███▎      | 6691/20000 [02:42<05:46, 38.38it/s, acc=0.309, device=mps, eta=5m26s, loss=1.9807, sps=41.1]
BC[stage1_datasets_L40_stepsweep/bc_shift4_scale_0p8_1p2_steps20000_tr0]:  33%|███▎      | 6697/20000 [02:42<05:17, 41.85it/s, acc=0.309, device=mps, eta=5m26s, loss=1.9807, sps=41.1]
BC[stage1_datasets_L40_stepsweep/bc_shift4_scale_0p8_1p2_steps20000_tr0]:  34%|███▎      | 6702/20000 [02:43<07:08, 31.04it/s, acc=0.309, device=mps, eta=5m26s, loss=1.9807, sps=41.1]
BC[stage1_datasets_L40_stepsweep/bc_shift4_scale_0p8_1p2_steps20000_tr0]:  34%|███▎      | 6710/20000 [02:43<05:34, 39.72it/s, acc=0.309, device=mps, eta=5m26s, loss=1.9807, sps=41.1]
BC[stage1_datasets_L40_stepsweep/bc_shift4_scale_0p8_1p2_steps20000_tr0]:  34%|███▎      | 6718/20000 [02:43<04:38, 47.61it/s, acc=0.309, device=mps, eta=5m26s, loss=1.9807, sps=41.1]
BC[stage1_datasets_L40_stepsweep/bc_shift4_scale_0p8_1p2_steps20000_tr0]:  34%|███▎      | 6724/20000 [02:43<06:12, 35.69it/s, acc=0.309, device=mps, eta=5m26s, loss=1.9807, sps=41.1]
BC[stage1_datasets_L40_stepsweep/bc_shift4_scale_0p8_1p2_steps20000_tr0]:  34%|███▎      | 6731/20000 [02:43<05:22, 41.18it/s, acc=0.309, device=mps, eta=5m26s, loss=1.9807, sps=41.1]
BC[stage1_datasets_L40_stepsweep/bc_shift4_scale_0p8_1p2_steps20000_tr0]:  34%|███▎      | 6738/20000 [02:43<04:49, 45.88it/s, acc=0.309, device=mps, eta=5m26s, loss=1.9807, sps=41.1]
BC[stage1_datasets_L40_stepsweep/bc_shift4_scale_0p8_1p2_steps20000_tr0]:  34%|███▎      | 6744/20000 [02:44<06:18, 34.98it/s, acc=0.309, device=mps, eta=5m26s, loss=1.9807, sps=41.1]
BC[stage1_datasets_L40_stepsweep/bc_shift4_scale_0p8_1p2_steps20000_tr0]:  34%|███▍      | 6752/20000 [02:44<05:08, 42.89it/s, acc=0.309, device=mps, eta=5m26s, loss=1.9807, sps=41.1]
BC[stage1_datasets_L40_stepsweep/bc_shift4_scale_0p8_1p2_steps20000_tr0]:  34%|███▍      | 6761/20000 [02:44<06:05, 36.24it/s, acc=0.309, device=mps, eta=5m26s, loss=1.9807, sps=41.1]
BC[stage1_datasets_L40_stepsweep/bc_shift4_scale_0p8_1p2_steps20000_tr0]:  34%|███▍      | 6769/20000 [02:44<05:06, 43.14it/s, acc=0.309, device=mps, eta=5m26s, loss=1.9807, sps=41.1]
BC[stage1_datasets_L40_stepsweep/bc_shift4_scale_0p8_1p2_steps20000_tr0]:  34%|███▍      | 6777/20000 [02:44<04:25, 49.75it/s, acc=0.309, device=mps, eta=5m26s, loss=1.9807, sps=41.1]
BC[stage1_datasets_L40_stepsweep/bc_shift4_scale_0p8_1p2_steps20000_tr0]:  34%|███▍      | 6784/20000 [02:45<05:44, 38.35it/s, acc=0.309, device=mps, eta=5m26s, loss=1.9807, sps=41.1]
BC[stage1_datasets_L40_stepsweep/bc_shift4_scale_0p8_1p2_steps20000_tr0]:  34%|███▍      | 6792/20000 [02:45<04:50, 45.45it/s, acc=0.309, device=mps, eta=5m26s, loss=1.9807, sps=41.1]
BC[stage1_datasets_L40_stepsweep/bc_shift4_scale_0p8_1p2_steps20000_tr0]:  34%|███▍      | 6792/20000 [02:45<04:50, 45.45it/s, acc=0.308, device=mps, eta=5m21s, loss=1.9789, sps=41.1]
BC[stage1_datasets_L40_stepsweep/bc_shift4_scale_0p8_1p2_steps20000_tr0]:  34%|███▍      | 6800/20000 [02:45<04:12, 52.28it/s, acc=0.308, device=mps, eta=5m21s, loss=1.9789, sps=41.1]
BC[stage1_datasets_L40_stepsweep/bc_shift4_scale_0p8_1p2_steps20000_tr0]:  34%|███▍      | 6807/20000 [02:45<05:39, 38.85it/s, acc=0.308, device=mps, eta=5m21s, loss=1.9789, sps=41.1]
BC[stage1_datasets_L40_stepsweep/bc_shift4_scale_0p8_1p2_steps20000_tr0]:  34%|███▍      | 6813/20000 [02:45<05:16, 41.66it/s, acc=0.308, device=mps, eta=5m21s, loss=1.9789, sps=41.1]
BC[stage1_datasets_L40_stepsweep/bc_shift4_scale_0p8_1p2_steps20000_tr0]:  34%|███▍      | 6819/20000 [02:45<04:52, 45.12it/s, acc=0.308, device=mps, eta=5m21s, loss=1.9789, sps=41.1]
BC[stage1_datasets_L40_stepsweep/bc_shift4_scale_0p8_1p2_steps20000_tr0]:  34%|███▍      | 6825/20000 [02:46<06:14, 35.14it/s, acc=0.308, device=mps, eta=5m21s, loss=1.9789, sps=41.1]
BC[stage1_datasets_L40_stepsweep/bc_shift4_scale_0p8_1p2_steps20000_tr0]:  34%|███▍      | 6833/20000 [02:46<05:07, 42.87it/s, acc=0.308, device=mps, eta=5m21s, loss=1.9789, sps=41.1]
BC[stage1_datasets_L40_stepsweep/bc_shift4_scale_0p8_1p2_steps20000_tr0]:  34%|███▍      | 6841/20000 [02:46<06:15, 35.08it/s, acc=0.308, device=mps, eta=5m21s, loss=1.9789, sps=41.1]
BC[stage1_datasets_L40_stepsweep/bc_shift4_scale_0p8_1p2_steps20000_tr0]:  34%|███▍      | 6847/20000 [02:46<05:34, 39.28it/s, acc=0.308, device=mps, eta=5m21s, loss=1.9789, sps=41.1]
BC[stage1_datasets_L40_stepsweep/bc_shift4_scale_0p8_1p2_steps20000_tr0]:  34%|███▍      | 6853/20000 [02:46<05:08, 42.64it/s, acc=0.308, device=mps, eta=5m21s, loss=1.9789, sps=41.1]
BC[stage1_datasets_L40_stepsweep/bc_shift4_scale_0p8_1p2_steps20000_tr0]:  34%|███▍      | 6860/20000 [02:46<04:34, 47.91it/s, acc=0.308, device=mps, eta=5m21s, loss=1.9789, sps=41.1]
BC[stage1_datasets_L40_stepsweep/bc_shift4_scale_0p8_1p2_steps20000_tr0]:  34%|███▍      | 6866/20000 [02:47<06:11, 35.38it/s, acc=0.308, device=mps, eta=5m21s, loss=1.9789, sps=41.1]
BC[stage1_datasets_L40_stepsweep/bc_shift4_scale_0p8_1p2_steps20000_tr0]:  34%|███▍      | 6874/20000 [02:47<05:03, 43.18it/s, acc=0.308, device=mps, eta=5m21s, loss=1.9789, sps=41.1]
BC[stage1_datasets_L40_stepsweep/bc_shift4_scale_0p8_1p2_steps20000_tr0]:  34%|███▍      | 6881/20000 [02:47<06:18, 34.69it/s, acc=0.308, device=mps, eta=5m21s, loss=1.9789, sps=41.1]
BC[stage1_datasets_L40_stepsweep/bc_shift4_scale_0p8_1p2_steps20000_tr0]:  34%|███▍      | 6889/20000 [02:47<05:11, 42.13it/s, acc=0.308, device=mps, eta=5m21s, loss=1.9789, sps=41.1]
BC[stage1_datasets_L40_stepsweep/bc_shift4_scale_0p8_1p2_steps20000_tr0]:  34%|███▍      | 6897/20000 [02:47<04:28, 48.72it/s, acc=0.308, device=mps, eta=5m21s, loss=1.9789, sps=41.1]
BC[stage1_datasets_L40_stepsweep/bc_shift4_scale_0p8_1p2_steps20000_tr0]:  35%|███▍      | 6903/20000 [02:48<05:48, 37.55it/s, acc=0.308, device=mps, eta=5m21s, loss=1.9789, sps=41.1]
BC[stage1_datasets_L40_stepsweep/bc_shift4_scale_0p8_1p2_steps20000_tr0]:  35%|███▍      | 6911/20000 [02:48<04:52, 44.78it/s, acc=0.308, device=mps, eta=5m21s, loss=1.9789, sps=41.1]
BC[stage1_datasets_L40_stepsweep/bc_shift4_scale_0p8_1p2_steps20000_tr0]:  35%|███▍      | 6919/20000 [02:48<04:15, 51.22it/s, acc=0.308, device=mps, eta=5m21s, loss=1.9789, sps=41.1]
BC[stage1_datasets_L40_stepsweep/bc_shift4_scale_0p8_1p2_steps20000_tr0]:  35%|███▍      | 6926/20000 [02:48<05:45, 37.84it/s, acc=0.308, device=mps, eta=5m21s, loss=1.9789, sps=41.1]
BC[stage1_datasets_L40_stepsweep/bc_shift4_scale_0p8_1p2_steps20000_tr0]:  35%|███▍      | 6932/20000 [02:48<05:16, 41.29it/s, acc=0.308, device=mps, eta=5m21s, loss=1.9789, sps=41.1]
BC[stage1_datasets_L40_stepsweep/bc_shift4_scale_0p8_1p2_steps20000_tr0]:  35%|███▍      | 6939/20000 [02:48<04:42, 46.30it/s, acc=0.308, device=mps, eta=5m21s, loss=1.9789, sps=41.1]
BC[stage1_datasets_L40_stepsweep/bc_shift4_scale_0p8_1p2_steps20000_tr0]:  35%|███▍      | 6945/20000 [02:49<06:09, 35.29it/s, acc=0.308, device=mps, eta=5m21s, loss=1.9789, sps=41.1]
BC[stage1_datasets_L40_stepsweep/bc_shift4_scale_0p8_1p2_steps20000_tr0]:  35%|███▍      | 6953/20000 [02:49<05:03, 42.93it/s, acc=0.308, device=mps, eta=5m21s, loss=1.9789, sps=41.1]
BC[stage1_datasets_L40_stepsweep/bc_shift4_scale_0p8_1p2_steps20000_tr0]:  35%|███▍      | 6961/20000 [02:49<06:08, 35.42it/s, acc=0.308, device=mps, eta=5m21s, loss=1.9789, sps=41.1]
BC[stage1_datasets_L40_stepsweep/bc_shift4_scale_0p8_1p2_steps20000_tr0]:  35%|███▍      | 6969/20000 [02:49<05:05, 42.60it/s, acc=0.308, device=mps, eta=5m21s, loss=1.9789, sps=41.1]
BC[stage1_datasets_L40_stepsweep/bc_shift4_scale_0p8_1p2_steps20000_tr0]:  35%|███▍      | 6977/20000 [02:49<04:25, 48.98it/s, acc=0.308, device=mps, eta=5m21s, loss=1.9789, sps=41.1]
BC[stage1_datasets_L40_stepsweep/bc_shift4_scale_0p8_1p2_steps20000_tr0]:  35%|███▍      | 6984/20000 [02:50<05:43, 37.92it/s, acc=0.308, device=mps, eta=5m21s, loss=1.9789, sps=41.1]
BC[stage1_datasets_L40_stepsweep/bc_shift4_scale_0p8_1p2_steps20000_tr0]:  35%|███▍      | 6992/20000 [02:50<04:51, 44.69it/s, acc=0.308, device=mps, eta=5m21s, loss=1.9789, sps=41.1]
BC[stage1_datasets_L40_stepsweep/bc_shift4_scale_0p8_1p2_steps20000_tr0]:  35%|███▍      | 6992/20000 [02:50<04:51, 44.69it/s, acc=0.309, device=mps, eta=5m16s, loss=1.9759, sps=41.1]
BC[stage1_datasets_L40_stepsweep/bc_shift4_scale_0p8_1p2_steps20000_tr0]:  35%|███▌      | 7000/20000 [02:50<04:14, 51.06it/s, acc=0.309, device=mps, eta=5m16s, loss=1.9759, sps=41.1]
BC[stage1_datasets_L40_stepsweep/bc_shift4_scale_0p8_1p2_steps20000_tr0]:  35%|███▌      | 7007/20000 [02:50<05:38, 38.42it/s, acc=0.309, device=mps, eta=5m16s, loss=1.9759, sps=41.1]
BC[stage1_datasets_L40_stepsweep/bc_shift4_scale_0p8_1p2_steps20000_tr0]:  35%|███▌      | 7013/20000 [02:50<05:10, 41.81it/s, acc=0.309, device=mps, eta=5m16s, loss=1.9759, sps=41.1]
BC[stage1_datasets_L40_stepsweep/bc_shift4_scale_0p8_1p2_steps20000_tr0]:  35%|███▌      | 7020/20000 [02:50<04:35, 47.16it/s, acc=0.309, device=mps, eta=5m16s, loss=1.9759, sps=41.1]
BC[stage1_datasets_L40_stepsweep/bc_shift4_scale_0p8_1p2_steps20000_tr0]:  35%|███▌      | 7026/20000 [02:51<06:05, 35.45it/s, acc=0.309, device=mps, eta=5m16s, loss=1.9759, sps=41.1]
BC[stage1_datasets_L40_stepsweep/bc_shift4_scale_0p8_1p2_steps20000_tr0]:  35%|███▌      | 7034/20000 [02:51<05:01, 42.95it/s, acc=0.309, device=mps, eta=5m16s, loss=1.9759, sps=41.1]
BC[stage1_datasets_L40_stepsweep/bc_shift4_scale_0p8_1p2_steps20000_tr0]:  35%|███▌      | 7041/20000 [02:51<06:12, 34.76it/s, acc=0.309, device=mps, eta=5m16s, loss=1.9759, sps=41.1]
BC[stage1_datasets_L40_stepsweep/bc_shift4_scale_0p8_1p2_steps20000_tr0]:  35%|███▌      | 7049/20000 [02:51<05:07, 42.05it/s, acc=0.309, device=mps, eta=5m16s, loss=1.9759, sps=41.1]
BC[stage1_datasets_L40_stepsweep/bc_shift4_scale_0p8_1p2_steps20000_tr0]:  35%|███▌      | 7057/20000 [02:51<04:26, 48.53it/s, acc=0.309, device=mps, eta=5m16s, loss=1.9759, sps=41.1]
BC[stage1_datasets_L40_stepsweep/bc_shift4_scale_0p8_1p2_steps20000_tr0]:  35%|███▌      | 7063/20000 [02:51<05:56, 36.31it/s, acc=0.309, device=mps, eta=5m16s, loss=1.9759, sps=41.1]
BC[stage1_datasets_L40_stepsweep/bc_shift4_scale_0p8_1p2_steps20000_tr0]:  35%|███▌      | 7069/20000 [02:52<05:27, 39.43it/s, acc=0.309, device=mps, eta=5m16s, loss=1.9759, sps=41.1]
BC[stage1_datasets_L40_stepsweep/bc_shift4_scale_0p8_1p2_steps20000_tr0]:  35%|███▌      | 7075/20000 [02:52<04:59, 43.13it/s, acc=0.309, device=mps, eta=5m16s, loss=1.9759, sps=41.1]
BC[stage1_datasets_L40_stepsweep/bc_shift4_scale_0p8_1p2_steps20000_tr0]:  35%|███▌      | 7081/20000 [02:52<06:30, 33.06it/s, acc=0.309, device=mps, eta=5m16s, loss=1.9759, sps=41.1]
BC[stage1_datasets_L40_stepsweep/bc_shift4_scale_0p8_1p2_steps20000_tr0]:  35%|███▌      | 7089/20000 [02:52<05:14, 41.00it/s, acc=0.309, device=mps, eta=5m16s, loss=1.9759, sps=41.1]
BC[stage1_datasets_L40_stepsweep/bc_shift4_scale_0p8_1p2_steps20000_tr0]:  35%|███▌      | 7097/20000 [02:52<04:27, 48.21it/s, acc=0.309, device=mps, eta=5m16s, loss=1.9759, sps=41.1]
BC[stage1_datasets_L40_stepsweep/bc_shift4_scale_0p8_1p2_steps20000_tr0]:  36%|███▌      | 7103/20000 [02:52<05:54, 36.41it/s, acc=0.309, device=mps, eta=5m16s, loss=1.9759, sps=41.1]
BC[stage1_datasets_L40_stepsweep/bc_shift4_scale_0p8_1p2_steps20000_tr0]:  36%|███▌      | 7111/20000 [02:53<04:53, 43.90it/s, acc=0.309, device=mps, eta=5m16s, loss=1.9759, sps=41.1]
BC[stage1_datasets_L40_stepsweep/bc_shift4_scale_0p8_1p2_steps20000_tr0]:  36%|███▌      | 7119/20000 [02:53<04:16, 50.28it/s, acc=0.309, device=mps, eta=5m16s, loss=1.9759, sps=41.1]
BC[stage1_datasets_L40_stepsweep/bc_shift4_scale_0p8_1p2_steps20000_tr0]:  36%|███▌      | 7126/20000 [02:53<05:43, 37.45it/s, acc=0.309, device=mps, eta=5m16s, loss=1.9759, sps=41.1]
BC[stage1_datasets_L40_stepsweep/bc_shift4_scale_0p8_1p2_steps20000_tr0]:  36%|███▌      | 7134/20000 [02:53<04:50, 44.25it/s, acc=0.309, device=mps, eta=5m16s, loss=1.9759, sps=41.1]
BC[stage1_datasets_L40_stepsweep/bc_shift4_scale_0p8_1p2_steps20000_tr0]:  36%|███▌      | 7141/20000 [02:53<06:06, 35.12it/s, acc=0.309, device=mps, eta=5m16s, loss=1.9759, sps=41.1]
BC[stage1_datasets_L40_stepsweep/bc_shift4_scale_0p8_1p2_steps20000_tr0]:  36%|███▌      | 7149/20000 [02:53<05:03, 42.36it/s, acc=0.309, device=mps, eta=5m16s, loss=1.9759, sps=41.1]
BC[stage1_datasets_L40_stepsweep/bc_shift4_scale_0p8_1p2_steps20000_tr0]:  36%|███▌      | 7155/20000 [02:54<04:46, 44.84it/s, acc=0.309, device=mps, eta=5m16s, loss=1.9759, sps=41.1]
BC[stage1_datasets_L40_stepsweep/bc_shift4_scale_0p8_1p2_steps20000_tr0]:  36%|███▌      | 7161/20000 [02:54<06:13, 34.39it/s, acc=0.309, device=mps, eta=5m16s, loss=1.9759, sps=41.1]
BC[stage1_datasets_L40_stepsweep/bc_shift4_scale_0p8_1p2_steps20000_tr0]:  36%|███▌      | 7167/20000 [02:54<05:30, 38.82it/s, acc=0.309, device=mps, eta=5m16s, loss=1.9759, sps=41.1]
BC[stage1_datasets_L40_stepsweep/bc_shift4_scale_0p8_1p2_steps20000_tr0]:  36%|███▌      | 7173/20000 [02:54<04:57, 43.09it/s, acc=0.309, device=mps, eta=5m16s, loss=1.9759, sps=41.1]
BC[stage1_datasets_L40_stepsweep/bc_shift4_scale_0p8_1p2_steps20000_tr0]:  36%|███▌      | 7179/20000 [02:54<04:37, 46.17it/s, acc=0.309, device=mps, eta=5m16s, loss=1.9759, sps=41.1]
BC[stage1_datasets_L40_stepsweep/bc_shift4_scale_0p8_1p2_steps20000_tr0]:  36%|███▌      | 7185/20000 [02:54<06:21, 33.56it/s, acc=0.309, device=mps, eta=5m16s, loss=1.9759, sps=41.1]
BC[stage1_datasets_L40_stepsweep/bc_shift4_scale_0p8_1p2_steps20000_tr0]:  36%|███▌      | 7191/20000 [02:55<05:39, 37.73it/s, acc=0.309, device=mps, eta=5m16s, loss=1.9759, sps=41.1]
BC[stage1_datasets_L40_stepsweep/bc_shift4_scale_0p8_1p2_steps20000_tr0]:  36%|███▌      | 7198/20000 [02:55<04:54, 43.41it/s, acc=0.309, device=mps, eta=5m16s, loss=1.9759, sps=41.1]
BC[stage1_datasets_L40_stepsweep/bc_shift4_scale_0p8_1p2_steps20000_tr0]:  36%|███▌      | 7198/20000 [02:55<04:54, 43.41it/s, acc=0.310, device=mps, eta=5m12s, loss=1.9731, sps=41.1]
BC[stage1_datasets_L40_stepsweep/bc_shift4_scale_0p8_1p2_steps20000_tr0]:  36%|███▌      | 7204/20000 [02:55<06:28, 32.94it/s, acc=0.310, device=mps, eta=5m12s, loss=1.9731, sps=41.1]
BC[stage1_datasets_L40_stepsweep/bc_shift4_scale_0p8_1p2_steps20000_tr0]:  36%|███▌      | 7210/20000 [02:55<05:46, 36.90it/s, acc=0.310, device=mps, eta=5m12s, loss=1.9731, sps=41.1]
BC[stage1_datasets_L40_stepsweep/bc_shift4_scale_0p8_1p2_steps20000_tr0]:  36%|███▌      | 7217/20000 [02:55<04:59, 42.67it/s, acc=0.310, device=mps, eta=5m12s, loss=1.9731, sps=41.1]
BC[stage1_datasets_L40_stepsweep/bc_shift4_scale_0p8_1p2_steps20000_tr0]:  36%|███▌      | 7223/20000 [02:55<06:31, 32.61it/s, acc=0.310, device=mps, eta=5m12s, loss=1.9731, sps=41.1]
BC[stage1_datasets_L40_stepsweep/bc_shift4_scale_0p8_1p2_steps20000_tr0]:  36%|███▌      | 7228/20000 [02:56<06:03, 35.12it/s, acc=0.310, device=mps, eta=5m12s, loss=1.9731, sps=41.1]
BC[stage1_datasets_L40_stepsweep/bc_shift4_scale_0p8_1p2_steps20000_tr0]:  36%|███▌      | 7234/20000 [02:56<05:28, 38.92it/s, acc=0.310, device=mps, eta=5m12s, loss=1.9731, sps=41.1]
BC[stage1_datasets_L40_stepsweep/bc_shift4_scale_0p8_1p2_steps20000_tr0]:  36%|███▌      | 7241/20000 [02:56<06:51, 31.00it/s, acc=0.310, device=mps, eta=5m12s, loss=1.9731, sps=41.1]
BC[stage1_datasets_L40_stepsweep/bc_shift4_scale_0p8_1p2_steps20000_tr0]:  36%|███▌      | 7249/20000 [02:56<05:25, 39.20it/s, acc=0.310, device=mps, eta=5m12s, loss=1.9731, sps=41.1]
BC[stage1_datasets_L40_stepsweep/bc_shift4_scale_0p8_1p2_steps20000_tr0]:  36%|███▋      | 7257/20000 [02:56<04:33, 46.60it/s, acc=0.310, device=mps, eta=5m12s, loss=1.9731, sps=41.1]
BC[stage1_datasets_L40_stepsweep/bc_shift4_scale_0p8_1p2_steps20000_tr0]:  36%|███▋      | 7263/20000 [02:57<05:58, 35.49it/s, acc=0.310, device=mps, eta=5m12s, loss=1.9731, sps=41.1]
BC[stage1_datasets_L40_stepsweep/bc_shift4_scale_0p8_1p2_steps20000_tr0]:  36%|███▋      | 7271/20000 [02:57<04:57, 42.76it/s, acc=0.310, device=mps, eta=5m12s, loss=1.9731, sps=41.1]
BC[stage1_datasets_L40_stepsweep/bc_shift4_scale_0p8_1p2_steps20000_tr0]:  36%|███▋      | 7279/20000 [02:57<04:18, 49.13it/s, acc=0.310, device=mps, eta=5m12s, loss=1.9731, sps=41.1]
BC[stage1_datasets_L40_stepsweep/bc_shift4_scale_0p8_1p2_steps20000_tr0]:  36%|███▋      | 7285/20000 [02:57<05:52, 36.12it/s, acc=0.310, device=mps, eta=5m12s, loss=1.9731, sps=41.1]
BC[stage1_datasets_L40_stepsweep/bc_shift4_scale_0p8_1p2_steps20000_tr0]:  36%|███▋      | 7291/20000 [02:57<05:21, 39.54it/s, acc=0.310, device=mps, eta=5m12s, loss=1.9731, sps=41.1]
BC[stage1_datasets_L40_stepsweep/bc_shift4_scale_0p8_1p2_steps20000_tr0]:  36%|███▋      | 7297/20000 [02:57<04:51, 43.51it/s, acc=0.310, device=mps, eta=5m12s, loss=1.9731, sps=41.1]
BC[stage1_datasets_L40_stepsweep/bc_shift4_scale_0p8_1p2_steps20000_tr0]:  37%|███▋      | 7303/20000 [02:58<06:21, 33.32it/s, acc=0.310, device=mps, eta=5m12s, loss=1.9731, sps=41.1]
BC[stage1_datasets_L40_stepsweep/bc_shift4_scale_0p8_1p2_steps20000_tr0]:  37%|███▋      | 7311/20000 [02:58<05:07, 41.22it/s, acc=0.310, device=mps, eta=5m12s, loss=1.9731, sps=41.1]
BC[stage1_datasets_L40_stepsweep/bc_shift4_scale_0p8_1p2_steps20000_tr0]:  37%|███▋      | 7319/20000 [02:58<04:23, 48.10it/s, acc=0.310, device=mps, eta=5m12s, loss=1.9731, sps=41.1]
BC[stage1_datasets_L40_stepsweep/bc_shift4_scale_0p8_1p2_steps20000_tr0]:  37%|███▋      | 7325/20000 [02:58<05:46, 36.53it/s, acc=0.310, device=mps, eta=5m12s, loss=1.9731, sps=41.1]
BC[stage1_datasets_L40_stepsweep/bc_shift4_scale_0p8_1p2_steps20000_tr0]:  37%|███▋      | 7333/20000 [02:58<04:47, 44.05it/s, acc=0.310, device=mps, eta=5m12s, loss=1.9731, sps=41.1]
BC[stage1_datasets_L40_stepsweep/bc_shift4_scale_0p8_1p2_steps20000_tr0]:  37%|███▋      | 7341/20000 [02:58<05:50, 36.11it/s, acc=0.310, device=mps, eta=5m12s, loss=1.9731, sps=41.1]
BC[stage1_datasets_L40_stepsweep/bc_shift4_scale_0p8_1p2_steps20000_tr0]:  37%|███▋      | 7349/20000 [02:59<04:52, 43.25it/s, acc=0.310, device=mps, eta=5m12s, loss=1.9731, sps=41.1]
BC[stage1_datasets_L40_stepsweep/bc_shift4_scale_0p8_1p2_steps20000_tr0]:  37%|███▋      | 7357/20000 [02:59<04:12, 50.03it/s, acc=0.310, device=mps, eta=5m12s, loss=1.9731, sps=41.1]
BC[stage1_datasets_L40_stepsweep/bc_shift4_scale_0p8_1p2_steps20000_tr0]:  37%|███▋      | 7364/20000 [02:59<05:30, 38.24it/s, acc=0.310, device=mps, eta=5m12s, loss=1.9731, sps=41.1]
BC[stage1_datasets_L40_stepsweep/bc_shift4_scale_0p8_1p2_steps20000_tr0]:  37%|███▋      | 7372/20000 [02:59<04:40, 45.09it/s, acc=0.310, device=mps, eta=5m12s, loss=1.9731, sps=41.1]
BC[stage1_datasets_L40_stepsweep/bc_shift4_scale_0p8_1p2_steps20000_tr0]:  37%|███▋      | 7380/20000 [02:59<04:04, 51.60it/s, acc=0.310, device=mps, eta=5m12s, loss=1.9731, sps=41.1]
BC[stage1_datasets_L40_stepsweep/bc_shift4_scale_0p8_1p2_steps20000_tr0]:  37%|███▋      | 7387/20000 [02:59<05:25, 38.76it/s, acc=0.310, device=mps, eta=5m12s, loss=1.9731, sps=41.1]
BC[stage1_datasets_L40_stepsweep/bc_shift4_scale_0p8_1p2_steps20000_tr0]:  37%|███▋      | 7395/20000 [03:00<04:37, 45.47it/s, acc=0.310, device=mps, eta=5m12s, loss=1.9731, sps=41.1]
BC[stage1_datasets_L40_stepsweep/bc_shift4_scale_0p8_1p2_steps20000_tr0]:  37%|███▋      | 7395/20000 [03:00<04:37, 45.47it/s, acc=0.315, device=mps, eta=5m07s, loss=1.9637, sps=41.1]
BC[stage1_datasets_L40_stepsweep/bc_shift4_scale_0p8_1p2_steps20000_tr0]:  37%|███▋      | 7401/20000 [03:00<05:58, 35.10it/s, acc=0.315, device=mps, eta=5m07s, loss=1.9637, sps=41.1]
BC[stage1_datasets_L40_stepsweep/bc_shift4_scale_0p8_1p2_steps20000_tr0]:  37%|███▋      | 7406/20000 [03:00<05:36, 37.41it/s, acc=0.315, device=mps, eta=5m07s, loss=1.9637, sps=41.1]
BC[stage1_datasets_L40_stepsweep/bc_shift4_scale_0p8_1p2_steps20000_tr0]:  37%|███▋      | 7412/20000 [03:00<05:06, 41.02it/s, acc=0.315, device=mps, eta=5m07s, loss=1.9637, sps=41.1]
BC[stage1_datasets_L40_stepsweep/bc_shift4_scale_0p8_1p2_steps20000_tr0]:  37%|███▋      | 7419/20000 [03:00<04:32, 46.20it/s, acc=0.315, device=mps, eta=5m07s, loss=1.9637, sps=41.1]
BC[stage1_datasets_L40_stepsweep/bc_shift4_scale_0p8_1p2_steps20000_tr0]:  37%|███▋      | 7425/20000 [03:00<06:01, 34.78it/s, acc=0.315, device=mps, eta=5m07s, loss=1.9637, sps=41.1]
BC[stage1_datasets_L40_stepsweep/bc_shift4_scale_0p8_1p2_steps20000_tr0]:  37%|███▋      | 7433/20000 [03:01<04:53, 42.86it/s, acc=0.315, device=mps, eta=5m07s, loss=1.9637, sps=41.1]
BC[stage1_datasets_L40_stepsweep/bc_shift4_scale_0p8_1p2_steps20000_tr0]:  37%|███▋      | 7441/20000 [03:01<05:56, 35.23it/s, acc=0.315, device=mps, eta=5m07s, loss=1.9637, sps=41.1]
BC[stage1_datasets_L40_stepsweep/bc_shift4_scale_0p8_1p2_steps20000_tr0]:  37%|███▋      | 7449/20000 [03:01<04:54, 42.60it/s, acc=0.315, device=mps, eta=5m07s, loss=1.9637, sps=41.1]
BC[stage1_datasets_L40_stepsweep/bc_shift4_scale_0p8_1p2_steps20000_tr0]:  37%|███▋      | 7457/20000 [03:01<04:14, 49.24it/s, acc=0.315, device=mps, eta=5m07s, loss=1.9637, sps=41.1]
BC[stage1_datasets_L40_stepsweep/bc_shift4_scale_0p8_1p2_steps20000_tr0]:  37%|███▋      | 7464/20000 [03:01<05:31, 37.84it/s, acc=0.315, device=mps, eta=5m07s, loss=1.9637, sps=41.1]
BC[stage1_datasets_L40_stepsweep/bc_shift4_scale_0p8_1p2_steps20000_tr0]:  37%|███▋      | 7472/20000 [03:02<04:39, 44.87it/s, acc=0.315, device=mps, eta=5m07s, loss=1.9637, sps=41.1]
BC[stage1_datasets_L40_stepsweep/bc_shift4_scale_0p8_1p2_steps20000_tr0]:  37%|███▋      | 7480/20000 [03:02<04:02, 51.55it/s, acc=0.315, device=mps, eta=5m07s, loss=1.9637, sps=41.1]
BC[stage1_datasets_L40_stepsweep/bc_shift4_scale_0p8_1p2_steps20000_tr0]:  37%|███▋      | 7487/20000 [03:02<05:22, 38.82it/s, acc=0.315, device=mps, eta=5m07s, loss=1.9637, sps=41.1]
BC[stage1_datasets_L40_stepsweep/bc_shift4_scale_0p8_1p2_steps20000_tr0]:  37%|███▋      | 7495/20000 [03:02<04:34, 45.62it/s, acc=0.315, device=mps, eta=5m07s, loss=1.9637, sps=41.1]
BC[stage1_datasets_L40_stepsweep/bc_shift4_scale_0p8_1p2_steps20000_tr0]:  38%|███▊      | 7501/20000 [03:02<05:52, 35.45it/s, acc=0.315, device=mps, eta=5m07s, loss=1.9637, sps=41.1]
BC[stage1_datasets_L40_stepsweep/bc_shift4_scale_0p8_1p2_steps20000_tr0]:  38%|███▊      | 7509/20000 [03:02<04:51, 42.79it/s, acc=0.315, device=mps, eta=5m07s, loss=1.9637, sps=41.1]
BC[stage1_datasets_L40_stepsweep/bc_shift4_scale_0p8_1p2_steps20000_tr0]:  38%|███▊      | 7517/20000 [03:03<04:12, 49.51it/s, acc=0.315, device=mps, eta=5m07s, loss=1.9637, sps=41.1]
BC[stage1_datasets_L40_stepsweep/bc_shift4_scale_0p8_1p2_steps20000_tr0]:  38%|███▊      | 7524/20000 [03:03<05:28, 37.97it/s, acc=0.315, device=mps, eta=5m07s, loss=1.9637, sps=41.1]
BC[stage1_datasets_L40_stepsweep/bc_shift4_scale_0p8_1p2_steps20000_tr0]:  38%|███▊      | 7532/20000 [03:03<04:37, 44.97it/s, acc=0.315, device=mps, eta=5m07s, loss=1.9637, sps=41.1]
BC[stage1_datasets_L40_stepsweep/bc_shift4_scale_0p8_1p2_steps20000_tr0]:  38%|███▊      | 7540/20000 [03:03<04:00, 51.73it/s, acc=0.315, device=mps, eta=5m07s, loss=1.9637, sps=41.1]
BC[stage1_datasets_L40_stepsweep/bc_shift4_scale_0p8_1p2_steps20000_tr0]:  38%|███▊      | 7547/20000 [03:03<05:19, 38.97it/s, acc=0.315, device=mps, eta=5m07s, loss=1.9637, sps=41.1]
BC[stage1_datasets_L40_stepsweep/bc_shift4_scale_0p8_1p2_steps20000_tr0]:  38%|███▊      | 7555/20000 [03:03<04:31, 45.85it/s, acc=0.315, device=mps, eta=5m07s, loss=1.9637, sps=41.1]
BC[stage1_datasets_L40_stepsweep/bc_shift4_scale_0p8_1p2_steps20000_tr0]:  38%|███▊      | 7561/20000 [03:04<05:50, 35.53it/s, acc=0.315, device=mps, eta=5m07s, loss=1.9637, sps=41.1]
BC[stage1_datasets_L40_stepsweep/bc_shift4_scale_0p8_1p2_steps20000_tr0]:  38%|███▊      | 7569/20000 [03:04<04:49, 42.94it/s, acc=0.315, device=mps, eta=5m07s, loss=1.9637, sps=41.1]
BC[stage1_datasets_L40_stepsweep/bc_shift4_scale_0p8_1p2_steps20000_tr0]:  38%|███▊      | 7577/20000 [03:04<04:10, 49.53it/s, acc=0.315, device=mps, eta=5m07s, loss=1.9637, sps=41.1]
BC[stage1_datasets_L40_stepsweep/bc_shift4_scale_0p8_1p2_steps20000_tr0]:  38%|███▊      | 7584/20000 [03:04<05:27, 37.93it/s, acc=0.315, device=mps, eta=5m07s, loss=1.9637, sps=41.1]
BC[stage1_datasets_L40_stepsweep/bc_shift4_scale_0p8_1p2_steps20000_tr0]:  38%|███▊      | 7592/20000 [03:04<04:34, 45.21it/s, acc=0.315, device=mps, eta=5m07s, loss=1.9637, sps=41.1]
BC[stage1_datasets_L40_stepsweep/bc_shift4_scale_0p8_1p2_steps20000_tr0]:  38%|███▊      | 7592/20000 [03:04<04:34, 45.21it/s, acc=0.309, device=mps, eta=5m02s, loss=1.9764, sps=41.1]
BC[stage1_datasets_L40_stepsweep/bc_shift4_scale_0p8_1p2_steps20000_tr0]:  38%|███▊      | 7601/20000 [03:05<05:25, 38.08it/s, acc=0.309, device=mps, eta=5m02s, loss=1.9764, sps=41.1]
BC[stage1_datasets_L40_stepsweep/bc_shift4_scale_0p8_1p2_steps20000_tr0]:  38%|███▊      | 7609/20000 [03:05<04:37, 44.70it/s, acc=0.309, device=mps, eta=5m02s, loss=1.9764, sps=41.1]
BC[stage1_datasets_L40_stepsweep/bc_shift4_scale_0p8_1p2_steps20000_tr0]:  38%|███▊      | 7617/20000 [03:05<04:01, 51.25it/s, acc=0.309, device=mps, eta=5m02s, loss=1.9764, sps=41.1]
BC[stage1_datasets_L40_stepsweep/bc_shift4_scale_0p8_1p2_steps20000_tr0]:  38%|███▊      | 7624/20000 [03:05<05:17, 38.94it/s, acc=0.309, device=mps, eta=5m02s, loss=1.9764, sps=41.1]
BC[stage1_datasets_L40_stepsweep/bc_shift4_scale_0p8_1p2_steps20000_tr0]:  38%|███▊      | 7630/20000 [03:05<04:54, 41.99it/s, acc=0.309, device=mps, eta=5m02s, loss=1.9764, sps=41.1]
BC[stage1_datasets_L40_stepsweep/bc_shift4_scale_0p8_1p2_steps20000_tr0]:  38%|███▊      | 7636/20000 [03:05<04:32, 45.29it/s, acc=0.309, device=mps, eta=5m02s, loss=1.9764, sps=41.1]
BC[stage1_datasets_L40_stepsweep/bc_shift4_scale_0p8_1p2_steps20000_tr0]:  38%|███▊      | 7642/20000 [03:06<06:03, 34.02it/s, acc=0.309, device=mps, eta=5m02s, loss=1.9764, sps=41.1]
BC[stage1_datasets_L40_stepsweep/bc_shift4_scale_0p8_1p2_steps20000_tr0]:  38%|███▊      | 7650/20000 [03:06<04:55, 41.78it/s, acc=0.309, device=mps, eta=5m02s, loss=1.9764, sps=41.1]
BC[stage1_datasets_L40_stepsweep/bc_shift4_scale_0p8_1p2_steps20000_tr0]:  38%|███▊      | 7658/20000 [03:06<04:14, 48.55it/s, acc=0.309, device=mps, eta=5m02s, loss=1.9764, sps=41.1]
BC[stage1_datasets_L40_stepsweep/bc_shift4_scale_0p8_1p2_steps20000_tr0]:  38%|███▊      | 7664/20000 [03:06<05:36, 36.64it/s, acc=0.309, device=mps, eta=5m02s, loss=1.9764, sps=41.1]
BC[stage1_datasets_L40_stepsweep/bc_shift4_scale_0p8_1p2_steps20000_tr0]:  38%|███▊      | 7672/20000 [03:06<04:39, 44.03it/s, acc=0.309, device=mps, eta=5m02s, loss=1.9764, sps=41.1]
BC[stage1_datasets_L40_stepsweep/bc_shift4_scale_0p8_1p2_steps20000_tr0]:  38%|███▊      | 7680/20000 [03:06<04:01, 51.00it/s, acc=0.309, device=mps, eta=5m02s, loss=1.9764, sps=41.1]
BC[stage1_datasets_L40_stepsweep/bc_shift4_scale_0p8_1p2_steps20000_tr0]:  38%|███▊      | 7687/20000 [03:07<05:19, 38.57it/s, acc=0.309, device=mps, eta=5m02s, loss=1.9764, sps=41.1]
BC[stage1_datasets_L40_stepsweep/bc_shift4_scale_0p8_1p2_steps20000_tr0]:  38%|███▊      | 7695/20000 [03:07<04:30, 45.50it/s, acc=0.309, device=mps, eta=5m02s, loss=1.9764, sps=41.1]
BC[stage1_datasets_L40_stepsweep/bc_shift4_scale_0p8_1p2_steps20000_tr0]:  39%|███▊      | 7701/20000 [03:07<05:48, 35.34it/s, acc=0.309, device=mps, eta=5m02s, loss=1.9764, sps=41.1]
BC[stage1_datasets_L40_stepsweep/bc_shift4_scale_0p8_1p2_steps20000_tr0]:  39%|███▊      | 7709/20000 [03:07<04:47, 42.76it/s, acc=0.309, device=mps, eta=5m02s, loss=1.9764, sps=41.1]
BC[stage1_datasets_L40_stepsweep/bc_shift4_scale_0p8_1p2_steps20000_tr0]:  39%|███▊      | 7717/20000 [03:07<04:07, 49.60it/s, acc=0.309, device=mps, eta=5m02s, loss=1.9764, sps=41.1]
BC[stage1_datasets_L40_stepsweep/bc_shift4_scale_0p8_1p2_steps20000_tr0]:  39%|███▊      | 7724/20000 [03:08<05:23, 37.98it/s, acc=0.309, device=mps, eta=5m02s, loss=1.9764, sps=41.1]
BC[stage1_datasets_L40_stepsweep/bc_shift4_scale_0p8_1p2_steps20000_tr0]:  39%|███▊      | 7732/20000 [03:08<04:32, 44.94it/s, acc=0.309, device=mps, eta=5m02s, loss=1.9764, sps=41.1]
BC[stage1_datasets_L40_stepsweep/bc_shift4_scale_0p8_1p2_steps20000_tr0]:  39%|███▊      | 7740/20000 [03:08<03:58, 51.40it/s, acc=0.309, device=mps, eta=5m02s, loss=1.9764, sps=41.1]
BC[stage1_datasets_L40_stepsweep/bc_shift4_scale_0p8_1p2_steps20000_tr0]:  39%|███▊      | 7747/20000 [03:08<05:16, 38.71it/s, acc=0.309, device=mps, eta=5m02s, loss=1.9764, sps=41.1]
BC[stage1_datasets_L40_stepsweep/bc_shift4_scale_0p8_1p2_steps20000_tr0]:  39%|███▉      | 7755/20000 [03:08<04:29, 45.48it/s, acc=0.309, device=mps, eta=5m02s, loss=1.9764, sps=41.1]
BC[stage1_datasets_L40_stepsweep/bc_shift4_scale_0p8_1p2_steps20000_tr0]:  39%|███▉      | 7761/20000 [03:08<05:44, 35.57it/s, acc=0.309, device=mps, eta=5m02s, loss=1.9764, sps=41.1]
BC[stage1_datasets_L40_stepsweep/bc_shift4_scale_0p8_1p2_steps20000_tr0]:  39%|███▉      | 7769/20000 [03:09<04:45, 42.88it/s, acc=0.309, device=mps, eta=5m02s, loss=1.9764, sps=41.1]
BC[stage1_datasets_L40_stepsweep/bc_shift4_scale_0p8_1p2_steps20000_tr0]:  39%|███▉      | 7777/20000 [03:09<04:07, 49.32it/s, acc=0.309, device=mps, eta=5m02s, loss=1.9764, sps=41.1]
BC[stage1_datasets_L40_stepsweep/bc_shift4_scale_0p8_1p2_steps20000_tr0]:  39%|███▉      | 7784/20000 [03:09<05:20, 38.08it/s, acc=0.309, device=mps, eta=5m02s, loss=1.9764, sps=41.1]
BC[stage1_datasets_L40_stepsweep/bc_shift4_scale_0p8_1p2_steps20000_tr0]:  39%|███▉      | 7792/20000 [03:09<04:31, 45.04it/s, acc=0.309, device=mps, eta=5m02s, loss=1.9764, sps=41.1]
BC[stage1_datasets_L40_stepsweep/bc_shift4_scale_0p8_1p2_steps20000_tr0]:  39%|███▉      | 7792/20000 [03:09<04:31, 45.04it/s, acc=0.313, device=mps, eta=4m57s, loss=1.9652, sps=41.1]
BC[stage1_datasets_L40_stepsweep/bc_shift4_scale_0p8_1p2_steps20000_tr0]:  39%|███▉      | 7800/20000 [03:09<03:55, 51.70it/s, acc=0.313, device=mps, eta=4m57s, loss=1.9652, sps=41.1]
BC[stage1_datasets_L40_stepsweep/bc_shift4_scale_0p8_1p2_steps20000_tr0]:  39%|███▉      | 7807/20000 [03:09<05:13, 38.87it/s, acc=0.313, device=mps, eta=4m57s, loss=1.9652, sps=41.1]
BC[stage1_datasets_L40_stepsweep/bc_shift4_scale_0p8_1p2_steps20000_tr0]:  39%|███▉      | 7815/20000 [03:10<04:26, 45.70it/s, acc=0.313, device=mps, eta=4m57s, loss=1.9652, sps=41.1]
BC[stage1_datasets_L40_stepsweep/bc_shift4_scale_0p8_1p2_steps20000_tr0]:  39%|███▉      | 7821/20000 [03:10<05:42, 35.59it/s, acc=0.313, device=mps, eta=4m57s, loss=1.9652, sps=41.1]
BC[stage1_datasets_L40_stepsweep/bc_shift4_scale_0p8_1p2_steps20000_tr0]:  39%|███▉      | 7829/20000 [03:10<04:43, 42.93it/s, acc=0.313, device=mps, eta=4m57s, loss=1.9652, sps=41.1]
BC[stage1_datasets_L40_stepsweep/bc_shift4_scale_0p8_1p2_steps20000_tr0]:  39%|███▉      | 7837/20000 [03:10<04:06, 49.38it/s, acc=0.313, device=mps, eta=4m57s, loss=1.9652, sps=41.1]
BC[stage1_datasets_L40_stepsweep/bc_shift4_scale_0p8_1p2_steps20000_tr0]:  39%|███▉      | 7844/20000 [03:10<05:19, 38.03it/s, acc=0.313, device=mps, eta=4m57s, loss=1.9652, sps=41.1]
BC[stage1_datasets_L40_stepsweep/bc_shift4_scale_0p8_1p2_steps20000_tr0]:  39%|███▉      | 7852/20000 [03:10<04:30, 44.96it/s, acc=0.313, device=mps, eta=4m57s, loss=1.9652, sps=41.1]
BC[stage1_datasets_L40_stepsweep/bc_shift4_scale_0p8_1p2_steps20000_tr0]:  39%|███▉      | 7860/20000 [03:11<03:56, 51.42it/s, acc=0.313, device=mps, eta=4m57s, loss=1.9652, sps=41.1]
BC[stage1_datasets_L40_stepsweep/bc_shift4_scale_0p8_1p2_steps20000_tr0]:  39%|███▉      | 7867/20000 [03:11<05:26, 37.11it/s, acc=0.313, device=mps, eta=4m57s, loss=1.9652, sps=41.1]
BC[stage1_datasets_L40_stepsweep/bc_shift4_scale_0p8_1p2_steps20000_tr0]:  39%|███▉      | 7873/20000 [03:11<05:09, 39.19it/s, acc=0.313, device=mps, eta=4m57s, loss=1.9652, sps=41.1]
BC[stage1_datasets_L40_stepsweep/bc_shift4_scale_0p8_1p2_steps20000_tr0]:  39%|███▉      | 7879/20000 [03:11<04:42, 42.93it/s, acc=0.313, device=mps, eta=4m57s, loss=1.9652, sps=41.1]
BC[stage1_datasets_L40_stepsweep/bc_shift4_scale_0p8_1p2_steps20000_tr0]:  39%|███▉      | 7885/20000 [03:11<06:09, 32.79it/s, acc=0.313, device=mps, eta=4m57s, loss=1.9652, sps=41.1]
BC[stage1_datasets_L40_stepsweep/bc_shift4_scale_0p8_1p2_steps20000_tr0]:  39%|███▉      | 7891/20000 [03:11<05:30, 36.60it/s, acc=0.313, device=mps, eta=4m57s, loss=1.9652, sps=41.1]
BC[stage1_datasets_L40_stepsweep/bc_shift4_scale_0p8_1p2_steps20000_tr0]:  39%|███▉      | 7897/20000 [03:12<04:56, 40.77it/s, acc=0.313, device=mps, eta=4m57s, loss=1.9652, sps=41.1]
BC[stage1_datasets_L40_stepsweep/bc_shift4_scale_0p8_1p2_steps20000_tr0]:  40%|███▉      | 7902/20000 [03:12<06:36, 30.54it/s, acc=0.313, device=mps, eta=4m57s, loss=1.9652, sps=41.1]
BC[stage1_datasets_L40_stepsweep/bc_shift4_scale_0p8_1p2_steps20000_tr0]:  40%|███▉      | 7909/20000 [03:12<05:23, 37.41it/s, acc=0.313, device=mps, eta=4m57s, loss=1.9652, sps=41.1]
BC[stage1_datasets_L40_stepsweep/bc_shift4_scale_0p8_1p2_steps20000_tr0]:  40%|███▉      | 7915/20000 [03:12<04:53, 41.17it/s, acc=0.313, device=mps, eta=4m57s, loss=1.9652, sps=41.1]
BC[stage1_datasets_L40_stepsweep/bc_shift4_scale_0p8_1p2_steps20000_tr0]:  40%|███▉      | 7921/20000 [03:12<06:26, 31.25it/s, acc=0.313, device=mps, eta=4m57s, loss=1.9652, sps=41.1]
BC[stage1_datasets_L40_stepsweep/bc_shift4_scale_0p8_1p2_steps20000_tr0]:  40%|███▉      | 7928/20000 [03:13<05:25, 37.09it/s, acc=0.313, device=mps, eta=4m57s, loss=1.9652, sps=41.1]
BC[stage1_datasets_L40_stepsweep/bc_shift4_scale_0p8_1p2_steps20000_tr0]:  40%|███▉      | 7934/20000 [03:13<04:57, 40.54it/s, acc=0.313, device=mps, eta=4m57s, loss=1.9652, sps=41.1]
BC[stage1_datasets_L40_stepsweep/bc_shift4_scale_0p8_1p2_steps20000_tr0]:  40%|███▉      | 7941/20000 [03:13<06:18, 31.87it/s, acc=0.313, device=mps, eta=4m57s, loss=1.9652, sps=41.1]
BC[stage1_datasets_L40_stepsweep/bc_shift4_scale_0p8_1p2_steps20000_tr0]:  40%|███▉      | 7947/20000 [03:13<05:32, 36.27it/s, acc=0.313, device=mps, eta=4m57s, loss=1.9652, sps=41.1]
BC[stage1_datasets_L40_stepsweep/bc_shift4_scale_0p8_1p2_steps20000_tr0]:  40%|███▉      | 7953/20000 [03:13<05:00, 40.10it/s, acc=0.313, device=mps, eta=4m57s, loss=1.9652, sps=41.1]
BC[stage1_datasets_L40_stepsweep/bc_shift4_scale_0p8_1p2_steps20000_tr0]:  40%|███▉      | 7960/20000 [03:13<04:19, 46.38it/s, acc=0.313, device=mps, eta=4m57s, loss=1.9652, sps=41.1]
BC[stage1_datasets_L40_stepsweep/bc_shift4_scale_0p8_1p2_steps20000_tr0]:  40%|███▉      | 7966/20000 [03:14<05:47, 34.64it/s, acc=0.313, device=mps, eta=4m57s, loss=1.9652, sps=41.1]
BC[stage1_datasets_L40_stepsweep/bc_shift4_scale_0p8_1p2_steps20000_tr0]:  40%|███▉      | 7974/20000 [03:14<04:42, 42.58it/s, acc=0.313, device=mps, eta=4m57s, loss=1.9652, sps=41.1]
BC[stage1_datasets_L40_stepsweep/bc_shift4_scale_0p8_1p2_steps20000_tr0]:  40%|███▉      | 7981/20000 [03:14<05:50, 34.31it/s, acc=0.313, device=mps, eta=4m57s, loss=1.9652, sps=41.1]
BC[stage1_datasets_L40_stepsweep/bc_shift4_scale_0p8_1p2_steps20000_tr0]:  40%|███▉      | 7989/20000 [03:14<04:46, 41.89it/s, acc=0.313, device=mps, eta=4m57s, loss=1.9652, sps=41.1]
BC[stage1_datasets_L40_stepsweep/bc_shift4_scale_0p8_1p2_steps20000_tr0]:  40%|███▉      | 7997/20000 [03:14<04:05, 48.85it/s, acc=0.313, device=mps, eta=4m57s, loss=1.9652, sps=41.1]
BC[stage1_datasets_L40_stepsweep/bc_shift4_scale_0p8_1p2_steps20000_tr0]:  40%|███▉      | 7997/20000 [03:14<04:05, 48.85it/s, acc=0.315, device=mps, eta=4m52s, loss=1.9621, sps=41.1]
BC[stage1_datasets_L40_stepsweep/bc_shift4_scale_0p8_1p2_steps20000_tr0]:  40%|████      | 8004/20000 [03:14<05:19, 37.60it/s, acc=0.315, device=mps, eta=4m52s, loss=1.9621, sps=41.1]
BC[stage1_datasets_L40_stepsweep/bc_shift4_scale_0p8_1p2_steps20000_tr0]:  40%|████      | 8012/20000 [03:15<04:28, 44.65it/s, acc=0.315, device=mps, eta=4m52s, loss=1.9621, sps=41.1]
BC[stage1_datasets_L40_stepsweep/bc_shift4_scale_0p8_1p2_steps20000_tr0]:  40%|████      | 8020/20000 [03:15<03:54, 51.14it/s, acc=0.315, device=mps, eta=4m52s, loss=1.9621, sps=41.1]
BC[stage1_datasets_L40_stepsweep/bc_shift4_scale_0p8_1p2_steps20000_tr0]:  40%|████      | 8027/20000 [03:15<05:09, 38.68it/s, acc=0.315, device=mps, eta=4m52s, loss=1.9621, sps=41.1]
BC[stage1_datasets_L40_stepsweep/bc_shift4_scale_0p8_1p2_steps20000_tr0]:  40%|████      | 8035/20000 [03:15<04:22, 45.67it/s, acc=0.315, device=mps, eta=4m52s, loss=1.9621, sps=41.1]
BC[stage1_datasets_L40_stepsweep/bc_shift4_scale_0p8_1p2_steps20000_tr0]:  40%|████      | 8041/20000 [03:15<05:36, 35.54it/s, acc=0.315, device=mps, eta=4m52s, loss=1.9621, sps=41.1]
BC[stage1_datasets_L40_stepsweep/bc_shift4_scale_0p8_1p2_steps20000_tr0]:  40%|████      | 8049/20000 [03:15<04:39, 42.81it/s, acc=0.315, device=mps, eta=4m52s, loss=1.9621, sps=41.1]
BC[stage1_datasets_L40_stepsweep/bc_shift4_scale_0p8_1p2_steps20000_tr0]:  40%|████      | 8057/20000 [03:16<04:02, 49.16it/s, acc=0.315, device=mps, eta=4m52s, loss=1.9621, sps=41.1]
BC[stage1_datasets_L40_stepsweep/bc_shift4_scale_0p8_1p2_steps20000_tr0]:  40%|████      | 8064/20000 [03:16<05:13, 38.03it/s, acc=0.315, device=mps, eta=4m52s, loss=1.9621, sps=41.1]
BC[stage1_datasets_L40_stepsweep/bc_shift4_scale_0p8_1p2_steps20000_tr0]:  40%|████      | 8072/20000 [03:16<04:25, 44.96it/s, acc=0.315, device=mps, eta=4m52s, loss=1.9621, sps=41.1]
BC[stage1_datasets_L40_stepsweep/bc_shift4_scale_0p8_1p2_steps20000_tr0]:  40%|████      | 8080/20000 [03:16<03:51, 51.49it/s, acc=0.315, device=mps, eta=4m52s, loss=1.9621, sps=41.1]
BC[stage1_datasets_L40_stepsweep/bc_shift4_scale_0p8_1p2_steps20000_tr0]:  40%|████      | 8087/20000 [03:16<05:06, 38.84it/s, acc=0.315, device=mps, eta=4m52s, loss=1.9621, sps=41.1]
BC[stage1_datasets_L40_stepsweep/bc_shift4_scale_0p8_1p2_steps20000_tr0]:  40%|████      | 8095/20000 [03:16<04:21, 45.61it/s, acc=0.315, device=mps, eta=4m52s, loss=1.9621, sps=41.1]
BC[stage1_datasets_L40_stepsweep/bc_shift4_scale_0p8_1p2_steps20000_tr0]:  41%|████      | 8101/20000 [03:17<05:34, 35.60it/s, acc=0.315, device=mps, eta=4m52s, loss=1.9621, sps=41.1]
BC[stage1_datasets_L40_stepsweep/bc_shift4_scale_0p8_1p2_steps20000_tr0]:  41%|████      | 8109/20000 [03:17<04:37, 42.83it/s, acc=0.315, device=mps, eta=4m52s, loss=1.9621, sps=41.1]
BC[stage1_datasets_L40_stepsweep/bc_shift4_scale_0p8_1p2_steps20000_tr0]:  41%|████      | 8117/20000 [03:17<04:00, 49.42it/s, acc=0.315, device=mps, eta=4m52s, loss=1.9621, sps=41.1]
BC[stage1_datasets_L40_stepsweep/bc_shift4_scale_0p8_1p2_steps20000_tr0]:  41%|████      | 8124/20000 [03:17<05:11, 38.09it/s, acc=0.315, device=mps, eta=4m52s, loss=1.9621, sps=41.1]
BC[stage1_datasets_L40_stepsweep/bc_shift4_scale_0p8_1p2_steps20000_tr0]:  41%|████      | 8132/20000 [03:17<04:24, 44.93it/s, acc=0.315, device=mps, eta=4m52s, loss=1.9621, sps=41.1]
BC[stage1_datasets_L40_stepsweep/bc_shift4_scale_0p8_1p2_steps20000_tr0]:  41%|████      | 8140/20000 [03:17<03:50, 51.47it/s, acc=0.315, device=mps, eta=4m52s, loss=1.9621, sps=41.1]
BC[stage1_datasets_L40_stepsweep/bc_shift4_scale_0p8_1p2_steps20000_tr0]:  41%|████      | 8147/20000 [03:18<05:04, 38.89it/s, acc=0.315, device=mps, eta=4m52s, loss=1.9621, sps=41.1]
BC[stage1_datasets_L40_stepsweep/bc_shift4_scale_0p8_1p2_steps20000_tr0]:  41%|████      | 8155/20000 [03:18<04:20, 45.53it/s, acc=0.315, device=mps, eta=4m52s, loss=1.9621, sps=41.1]
BC[stage1_datasets_L40_stepsweep/bc_shift4_scale_0p8_1p2_steps20000_tr0]:  41%|████      | 8161/20000 [03:18<05:37, 35.09it/s, acc=0.315, device=mps, eta=4m52s, loss=1.9621, sps=41.1]
BC[stage1_datasets_L40_stepsweep/bc_shift4_scale_0p8_1p2_steps20000_tr0]:  41%|████      | 8169/20000 [03:18<04:42, 41.89it/s, acc=0.315, device=mps, eta=4m52s, loss=1.9621, sps=41.1]
BC[stage1_datasets_L40_stepsweep/bc_shift4_scale_0p8_1p2_steps20000_tr0]:  41%|████      | 8175/20000 [03:18<04:23, 44.93it/s, acc=0.315, device=mps, eta=4m52s, loss=1.9621, sps=41.1]
BC[stage1_datasets_L40_stepsweep/bc_shift4_scale_0p8_1p2_steps20000_tr0]:  41%|████      | 8181/20000 [03:19<05:49, 33.84it/s, acc=0.315, device=mps, eta=4m52s, loss=1.9621, sps=41.1]
BC[stage1_datasets_L40_stepsweep/bc_shift4_scale_0p8_1p2_steps20000_tr0]:  41%|████      | 8187/20000 [03:19<05:12, 37.85it/s, acc=0.315, device=mps, eta=4m52s, loss=1.9621, sps=41.1]
BC[stage1_datasets_L40_stepsweep/bc_shift4_scale_0p8_1p2_steps20000_tr0]:  41%|████      | 8193/20000 [03:19<04:47, 41.10it/s, acc=0.315, device=mps, eta=4m52s, loss=1.9621, sps=41.1]
BC[stage1_datasets_L40_stepsweep/bc_shift4_scale_0p8_1p2_steps20000_tr0]:  41%|████      | 8193/20000 [03:19<04:47, 41.10it/s, acc=0.320, device=mps, eta=4m47s, loss=1.9491, sps=41.1]
BC[stage1_datasets_L40_stepsweep/bc_shift4_scale_0p8_1p2_steps20000_tr0]:  41%|████      | 8200/20000 [03:19<04:10, 47.03it/s, acc=0.320, device=mps, eta=4m47s, loss=1.9491, sps=41.1]
BC[stage1_datasets_L40_stepsweep/bc_shift4_scale_0p8_1p2_steps20000_tr0]:  41%|████      | 8206/20000 [03:19<05:43, 34.29it/s, acc=0.320, device=mps, eta=4m47s, loss=1.9491, sps=41.1]
BC[stage1_datasets_L40_stepsweep/bc_shift4_scale_0p8_1p2_steps20000_tr0]:  41%|████      | 8212/20000 [03:19<05:08, 38.18it/s, acc=0.320, device=mps, eta=4m47s, loss=1.9491, sps=41.1]
BC[stage1_datasets_L40_stepsweep/bc_shift4_scale_0p8_1p2_steps20000_tr0]:  41%|████      | 8219/20000 [03:20<04:29, 43.72it/s, acc=0.320, device=mps, eta=4m47s, loss=1.9491, sps=41.1]
BC[stage1_datasets_L40_stepsweep/bc_shift4_scale_0p8_1p2_steps20000_tr0]:  41%|████      | 8225/20000 [03:20<05:48, 33.76it/s, acc=0.320, device=mps, eta=4m47s, loss=1.9491, sps=41.1]
BC[stage1_datasets_L40_stepsweep/bc_shift4_scale_0p8_1p2_steps20000_tr0]:  41%|████      | 8233/20000 [03:20<04:42, 41.61it/s, acc=0.320, device=mps, eta=4m47s, loss=1.9491, sps=41.1]
BC[stage1_datasets_L40_stepsweep/bc_shift4_scale_0p8_1p2_steps20000_tr0]:  41%|████      | 8241/20000 [03:20<05:42, 34.31it/s, acc=0.320, device=mps, eta=4m47s, loss=1.9491, sps=41.1]
BC[stage1_datasets_L40_stepsweep/bc_shift4_scale_0p8_1p2_steps20000_tr0]:  41%|████      | 8247/20000 [03:20<05:04, 38.59it/s, acc=0.320, device=mps, eta=4m47s, loss=1.9491, sps=41.1]
BC[stage1_datasets_L40_stepsweep/bc_shift4_scale_0p8_1p2_steps20000_tr0]:  41%|████▏     | 8253/20000 [03:20<04:35, 42.67it/s, acc=0.320, device=mps, eta=4m47s, loss=1.9491, sps=41.1]
BC[stage1_datasets_L40_stepsweep/bc_shift4_scale_0p8_1p2_steps20000_tr0]:  41%|████▏     | 8260/20000 [03:21<04:02, 48.43it/s, acc=0.320, device=mps, eta=4m47s, loss=1.9491, sps=41.1]
BC[stage1_datasets_L40_stepsweep/bc_shift4_scale_0p8_1p2_steps20000_tr0]:  41%|████▏     | 8266/20000 [03:21<05:29, 35.65it/s, acc=0.320, device=mps, eta=4m47s, loss=1.9491, sps=41.1]
BC[stage1_datasets_L40_stepsweep/bc_shift4_scale_0p8_1p2_steps20000_tr0]:  41%|████▏     | 8274/20000 [03:21<04:30, 43.38it/s, acc=0.320, device=mps, eta=4m47s, loss=1.9491, sps=41.1]
BC[stage1_datasets_L40_stepsweep/bc_shift4_scale_0p8_1p2_steps20000_tr0]:  41%|████▏     | 8281/20000 [03:21<05:36, 34.88it/s, acc=0.320, device=mps, eta=4m47s, loss=1.9491, sps=41.1]
BC[stage1_datasets_L40_stepsweep/bc_shift4_scale_0p8_1p2_steps20000_tr0]:  41%|████▏     | 8289/20000 [03:21<04:37, 42.26it/s, acc=0.320, device=mps, eta=4m47s, loss=1.9491, sps=41.1]
BC[stage1_datasets_L40_stepsweep/bc_shift4_scale_0p8_1p2_steps20000_tr0]:  41%|████▏     | 8297/20000 [03:21<03:58, 49.06it/s, acc=0.320, device=mps, eta=4m47s, loss=1.9491, sps=41.1]
BC[stage1_datasets_L40_stepsweep/bc_shift4_scale_0p8_1p2_steps20000_tr0]:  42%|████▏     | 8304/20000 [03:22<05:08, 37.90it/s, acc=0.320, device=mps, eta=4m47s, loss=1.9491, sps=41.1]
BC[stage1_datasets_L40_stepsweep/bc_shift4_scale_0p8_1p2_steps20000_tr0]:  42%|████▏     | 8312/20000 [03:22<04:18, 45.15it/s, acc=0.320, device=mps, eta=4m47s, loss=1.9491, sps=41.1]
BC[stage1_datasets_L40_stepsweep/bc_shift4_scale_0p8_1p2_steps20000_tr0]:  42%|████▏     | 8321/20000 [03:22<05:11, 37.50it/s, acc=0.320, device=mps, eta=4m47s, loss=1.9491, sps=41.1]
BC[stage1_datasets_L40_stepsweep/bc_shift4_scale_0p8_1p2_steps20000_tr0]:  42%|████▏     | 8327/20000 [03:22<04:44, 41.05it/s, acc=0.320, device=mps, eta=4m47s, loss=1.9491, sps=41.1]
BC[stage1_datasets_L40_stepsweep/bc_shift4_scale_0p8_1p2_steps20000_tr0]:  42%|████▏     | 8333/20000 [03:22<04:24, 44.13it/s, acc=0.320, device=mps, eta=4m47s, loss=1.9491, sps=41.1]
BC[stage1_datasets_L40_stepsweep/bc_shift4_scale_0p8_1p2_steps20000_tr0]:  42%|████▏     | 8340/20000 [03:22<03:56, 49.27it/s, acc=0.320, device=mps, eta=4m47s, loss=1.9491, sps=41.1]
BC[stage1_datasets_L40_stepsweep/bc_shift4_scale_0p8_1p2_steps20000_tr0]:  42%|████▏     | 8346/20000 [03:23<05:22, 36.17it/s, acc=0.320, device=mps, eta=4m47s, loss=1.9491, sps=41.1]
BC[stage1_datasets_L40_stepsweep/bc_shift4_scale_0p8_1p2_steps20000_tr0]:  42%|████▏     | 8354/20000 [03:23<04:25, 43.92it/s, acc=0.320, device=mps, eta=4m47s, loss=1.9491, sps=41.1]
BC[stage1_datasets_L40_stepsweep/bc_shift4_scale_0p8_1p2_steps20000_tr0]:  42%|████▏     | 8361/20000 [03:23<05:31, 35.06it/s, acc=0.320, device=mps, eta=4m47s, loss=1.9491, sps=41.1]
BC[stage1_datasets_L40_stepsweep/bc_shift4_scale_0p8_1p2_steps20000_tr0]:  42%|████▏     | 8369/20000 [03:23<04:34, 42.34it/s, acc=0.320, device=mps, eta=4m47s, loss=1.9491, sps=41.1]
BC[stage1_datasets_L40_stepsweep/bc_shift4_scale_0p8_1p2_steps20000_tr0]:  42%|████▏     | 8377/20000 [03:23<03:56, 49.15it/s, acc=0.320, device=mps, eta=4m47s, loss=1.9491, sps=41.1]
BC[stage1_datasets_L40_stepsweep/bc_shift4_scale_0p8_1p2_steps20000_tr0]:  42%|████▏     | 8384/20000 [03:24<05:07, 37.75it/s, acc=0.320, device=mps, eta=4m47s, loss=1.9491, sps=41.1]
BC[stage1_datasets_L40_stepsweep/bc_shift4_scale_0p8_1p2_steps20000_tr0]:  42%|████▏     | 8392/20000 [03:24<04:20, 44.57it/s, acc=0.320, device=mps, eta=4m47s, loss=1.9491, sps=41.1]
BC[stage1_datasets_L40_stepsweep/bc_shift4_scale_0p8_1p2_steps20000_tr0]:  42%|████▏     | 8392/20000 [03:24<04:20, 44.57it/s, acc=0.310, device=mps, eta=4m42s, loss=1.9673, sps=41.1]
BC[stage1_datasets_L40_stepsweep/bc_shift4_scale_0p8_1p2_steps20000_tr0]:  42%|████▏     | 8400/20000 [03:24<03:47, 51.07it/s, acc=0.310, device=mps, eta=4m42s, loss=1.9673, sps=41.1]
BC[stage1_datasets_L40_stepsweep/bc_shift4_scale_0p8_1p2_steps20000_tr0]:  42%|████▏     | 8407/20000 [03:24<04:58, 38.78it/s, acc=0.310, device=mps, eta=4m42s, loss=1.9673, sps=41.1]
BC[stage1_datasets_L40_stepsweep/bc_shift4_scale_0p8_1p2_steps20000_tr0]:  42%|████▏     | 8415/20000 [03:24<04:14, 45.55it/s, acc=0.310, device=mps, eta=4m42s, loss=1.9673, sps=41.1]
BC[stage1_datasets_L40_stepsweep/bc_shift4_scale_0p8_1p2_steps20000_tr0]:  42%|████▏     | 8421/20000 [03:25<05:25, 35.53it/s, acc=0.310, device=mps, eta=4m42s, loss=1.9673, sps=41.1]
BC[stage1_datasets_L40_stepsweep/bc_shift4_scale_0p8_1p2_steps20000_tr0]:  42%|████▏     | 8429/20000 [03:25<04:30, 42.77it/s, acc=0.310, device=mps, eta=4m42s, loss=1.9673, sps=41.1]
BC[stage1_datasets_L40_stepsweep/bc_shift4_scale_0p8_1p2_steps20000_tr0]:  42%|████▏     | 8437/20000 [03:25<03:55, 49.10it/s, acc=0.310, device=mps, eta=4m42s, loss=1.9673, sps=41.1]
BC[stage1_datasets_L40_stepsweep/bc_shift4_scale_0p8_1p2_steps20000_tr0]:  42%|████▏     | 8444/20000 [03:25<05:10, 37.26it/s, acc=0.310, device=mps, eta=4m42s, loss=1.9673, sps=41.1]
BC[stage1_datasets_L40_stepsweep/bc_shift4_scale_0p8_1p2_steps20000_tr0]:  42%|████▏     | 8452/20000 [03:25<04:22, 44.05it/s, acc=0.310, device=mps, eta=4m42s, loss=1.9673, sps=41.1]
BC[stage1_datasets_L40_stepsweep/bc_shift4_scale_0p8_1p2_steps20000_tr0]:  42%|████▏     | 8460/20000 [03:25<03:48, 50.42it/s, acc=0.310, device=mps, eta=4m42s, loss=1.9673, sps=41.1]
BC[stage1_datasets_L40_stepsweep/bc_shift4_scale_0p8_1p2_steps20000_tr0]:  42%|████▏     | 8467/20000 [03:26<05:02, 38.19it/s, acc=0.310, device=mps, eta=4m42s, loss=1.9673, sps=41.1]
BC[stage1_datasets_L40_stepsweep/bc_shift4_scale_0p8_1p2_steps20000_tr0]:  42%|████▏     | 8473/20000 [03:26<04:45, 40.40it/s, acc=0.310, device=mps, eta=4m42s, loss=1.9673, sps=41.1]
BC[stage1_datasets_L40_stepsweep/bc_shift4_scale_0p8_1p2_steps20000_tr0]:  42%|████▏     | 8479/20000 [03:26<04:26, 43.16it/s, acc=0.310, device=mps, eta=4m42s, loss=1.9673, sps=41.1]
BC[stage1_datasets_L40_stepsweep/bc_shift4_scale_0p8_1p2_steps20000_tr0]:  42%|████▏     | 8485/20000 [03:26<05:51, 32.76it/s, acc=0.310, device=mps, eta=4m42s, loss=1.9673, sps=41.1]
BC[stage1_datasets_L40_stepsweep/bc_shift4_scale_0p8_1p2_steps20000_tr0]:  42%|████▏     | 8491/20000 [03:26<05:14, 36.59it/s, acc=0.310, device=mps, eta=4m42s, loss=1.9673, sps=41.1]
BC[stage1_datasets_L40_stepsweep/bc_shift4_scale_0p8_1p2_steps20000_tr0]:  42%|████▏     | 8497/20000 [03:26<04:42, 40.79it/s, acc=0.310, device=mps, eta=4m42s, loss=1.9673, sps=41.1]
BC[stage1_datasets_L40_stepsweep/bc_shift4_scale_0p8_1p2_steps20000_tr0]:  43%|████▎     | 8502/20000 [03:27<06:09, 31.16it/s, acc=0.310, device=mps, eta=4m42s, loss=1.9673, sps=41.1]
BC[stage1_datasets_L40_stepsweep/bc_shift4_scale_0p8_1p2_steps20000_tr0]:  43%|████▎     | 8510/20000 [03:27<04:51, 39.43it/s, acc=0.310, device=mps, eta=4m42s, loss=1.9673, sps=41.1]
BC[stage1_datasets_L40_stepsweep/bc_shift4_scale_0p8_1p2_steps20000_tr0]:  43%|████▎     | 8518/20000 [03:27<04:05, 46.76it/s, acc=0.310, device=mps, eta=4m42s, loss=1.9673, sps=41.1]
BC[stage1_datasets_L40_stepsweep/bc_shift4_scale_0p8_1p2_steps20000_tr0]:  43%|████▎     | 8524/20000 [03:27<05:25, 35.24it/s, acc=0.310, device=mps, eta=4m42s, loss=1.9673, sps=41.1]
BC[stage1_datasets_L40_stepsweep/bc_shift4_scale_0p8_1p2_steps20000_tr0]:  43%|████▎     | 8531/20000 [03:27<04:40, 40.89it/s, acc=0.310, device=mps, eta=4m42s, loss=1.9673, sps=41.1]
BC[stage1_datasets_L40_stepsweep/bc_shift4_scale_0p8_1p2_steps20000_tr0]:  43%|████▎     | 8537/20000 [03:27<04:17, 44.59it/s, acc=0.310, device=mps, eta=4m42s, loss=1.9673, sps=41.1]
BC[stage1_datasets_L40_stepsweep/bc_shift4_scale_0p8_1p2_steps20000_tr0]:  43%|████▎     | 8543/20000 [03:28<05:41, 33.54it/s, acc=0.310, device=mps, eta=4m42s, loss=1.9673, sps=41.1]
BC[stage1_datasets_L40_stepsweep/bc_shift4_scale_0p8_1p2_steps20000_tr0]:  43%|████▎     | 8551/20000 [03:28<04:36, 41.44it/s, acc=0.310, device=mps, eta=4m42s, loss=1.9673, sps=41.1]
BC[stage1_datasets_L40_stepsweep/bc_shift4_scale_0p8_1p2_steps20000_tr0]:  43%|████▎     | 8559/20000 [03:28<03:56, 48.35it/s, acc=0.310, device=mps, eta=4m42s, loss=1.9673, sps=41.1]
BC[stage1_datasets_L40_stepsweep/bc_shift4_scale_0p8_1p2_steps20000_tr0]:  43%|████▎     | 8565/20000 [03:28<05:13, 36.50it/s, acc=0.310, device=mps, eta=4m42s, loss=1.9673, sps=41.1]
BC[stage1_datasets_L40_stepsweep/bc_shift4_scale_0p8_1p2_steps20000_tr0]:  43%|████▎     | 8573/20000 [03:28<04:21, 43.77it/s, acc=0.310, device=mps, eta=4m42s, loss=1.9673, sps=41.1]
BC[stage1_datasets_L40_stepsweep/bc_shift4_scale_0p8_1p2_steps20000_tr0]:  43%|████▎     | 8581/20000 [03:29<05:22, 35.45it/s, acc=0.310, device=mps, eta=4m42s, loss=1.9673, sps=41.1]
BC[stage1_datasets_L40_stepsweep/bc_shift4_scale_0p8_1p2_steps20000_tr0]:  43%|████▎     | 8589/20000 [03:29<04:31, 42.03it/s, acc=0.310, device=mps, eta=4m42s, loss=1.9673, sps=41.1]
BC[stage1_datasets_L40_stepsweep/bc_shift4_scale_0p8_1p2_steps20000_tr0]:  43%|████▎     | 8595/20000 [03:29<04:11, 45.29it/s, acc=0.310, device=mps, eta=4m42s, loss=1.9673, sps=41.1]
BC[stage1_datasets_L40_stepsweep/bc_shift4_scale_0p8_1p2_steps20000_tr0]:  43%|████▎     | 8595/20000 [03:29<04:11, 45.29it/s, acc=0.320, device=mps, eta=4m38s, loss=1.9427, sps=41.1]
BC[stage1_datasets_L40_stepsweep/bc_shift4_scale_0p8_1p2_steps20000_tr0]:  43%|████▎     | 8601/20000 [03:29<05:30, 34.53it/s, acc=0.320, device=mps, eta=4m38s, loss=1.9427, sps=41.1]
BC[stage1_datasets_L40_stepsweep/bc_shift4_scale_0p8_1p2_steps20000_tr0]:  43%|████▎     | 8609/20000 [03:29<04:30, 42.13it/s, acc=0.320, device=mps, eta=4m38s, loss=1.9427, sps=41.1]
BC[stage1_datasets_L40_stepsweep/bc_shift4_scale_0p8_1p2_steps20000_tr0]:  43%|████▎     | 8617/20000 [03:29<03:54, 48.58it/s, acc=0.320, device=mps, eta=4m38s, loss=1.9427, sps=41.1]
BC[stage1_datasets_L40_stepsweep/bc_shift4_scale_0p8_1p2_steps20000_tr0]:  43%|████▎     | 8623/20000 [03:30<05:14, 36.22it/s, acc=0.320, device=mps, eta=4m38s, loss=1.9427, sps=41.1]
BC[stage1_datasets_L40_stepsweep/bc_shift4_scale_0p8_1p2_steps20000_tr0]:  43%|████▎     | 8631/20000 [03:30<04:21, 43.52it/s, acc=0.320, device=mps, eta=4m38s, loss=1.9427, sps=41.1]
BC[stage1_datasets_L40_stepsweep/bc_shift4_scale_0p8_1p2_steps20000_tr0]:  43%|████▎     | 8639/20000 [03:30<03:47, 49.94it/s, acc=0.320, device=mps, eta=4m38s, loss=1.9427, sps=41.1]
BC[stage1_datasets_L40_stepsweep/bc_shift4_scale_0p8_1p2_steps20000_tr0]:  43%|████▎     | 8646/20000 [03:30<04:57, 38.22it/s, acc=0.320, device=mps, eta=4m38s, loss=1.9427, sps=41.1]
BC[stage1_datasets_L40_stepsweep/bc_shift4_scale_0p8_1p2_steps20000_tr0]:  43%|████▎     | 8654/20000 [03:30<04:11, 45.14it/s, acc=0.320, device=mps, eta=4m38s, loss=1.9427, sps=41.1]
BC[stage1_datasets_L40_stepsweep/bc_shift4_scale_0p8_1p2_steps20000_tr0]:  43%|████▎     | 8661/20000 [03:30<05:10, 36.49it/s, acc=0.320, device=mps, eta=4m38s, loss=1.9427, sps=41.1]
BC[stage1_datasets_L40_stepsweep/bc_shift4_scale_0p8_1p2_steps20000_tr0]:  43%|████▎     | 8669/20000 [03:31<04:20, 43.47it/s, acc=0.320, device=mps, eta=4m38s, loss=1.9427, sps=41.1]
BC[stage1_datasets_L40_stepsweep/bc_shift4_scale_0p8_1p2_steps20000_tr0]:  43%|████▎     | 8677/20000 [03:31<03:47, 49.80it/s, acc=0.320, device=mps, eta=4m38s, loss=1.9427, sps=41.1]
BC[stage1_datasets_L40_stepsweep/bc_shift4_scale_0p8_1p2_steps20000_tr0]:  43%|████▎     | 8684/20000 [03:31<04:57, 38.04it/s, acc=0.320, device=mps, eta=4m38s, loss=1.9427, sps=41.1]
BC[stage1_datasets_L40_stepsweep/bc_shift4_scale_0p8_1p2_steps20000_tr0]:  43%|████▎     | 8692/20000 [03:31<04:11, 44.98it/s, acc=0.320, device=mps, eta=4m38s, loss=1.9427, sps=41.1]
BC[stage1_datasets_L40_stepsweep/bc_shift4_scale_0p8_1p2_steps20000_tr0]:  44%|████▎     | 8700/20000 [03:31<03:39, 51.57it/s, acc=0.320, device=mps, eta=4m38s, loss=1.9427, sps=41.1]
BC[stage1_datasets_L40_stepsweep/bc_shift4_scale_0p8_1p2_steps20000_tr0]:  44%|████▎     | 8707/20000 [03:31<04:51, 38.78it/s, acc=0.320, device=mps, eta=4m38s, loss=1.9427, sps=41.1]
BC[stage1_datasets_L40_stepsweep/bc_shift4_scale_0p8_1p2_steps20000_tr0]:  44%|████▎     | 8715/20000 [03:32<04:08, 45.49it/s, acc=0.320, device=mps, eta=4m38s, loss=1.9427, sps=41.1]
BC[stage1_datasets_L40_stepsweep/bc_shift4_scale_0p8_1p2_steps20000_tr0]:  44%|████▎     | 8721/20000 [03:32<05:17, 35.49it/s, acc=0.320, device=mps, eta=4m38s, loss=1.9427, sps=41.1]
BC[stage1_datasets_L40_stepsweep/bc_shift4_scale_0p8_1p2_steps20000_tr0]:  44%|████▎     | 8729/20000 [03:32<04:23, 42.76it/s, acc=0.320, device=mps, eta=4m38s, loss=1.9427, sps=41.1]
BC[stage1_datasets_L40_stepsweep/bc_shift4_scale_0p8_1p2_steps20000_tr0]:  44%|████▎     | 8737/20000 [03:32<03:49, 49.15it/s, acc=0.320, device=mps, eta=4m38s, loss=1.9427, sps=41.1]
BC[stage1_datasets_L40_stepsweep/bc_shift4_scale_0p8_1p2_steps20000_tr0]:  44%|████▎     | 8744/20000 [03:32<04:56, 38.02it/s, acc=0.320, device=mps, eta=4m38s, loss=1.9427, sps=41.1]
BC[stage1_datasets_L40_stepsweep/bc_shift4_scale_0p8_1p2_steps20000_tr0]:  44%|████▍     | 8752/20000 [03:32<04:09, 45.14it/s, acc=0.320, device=mps, eta=4m38s, loss=1.9427, sps=41.1]
BC[stage1_datasets_L40_stepsweep/bc_shift4_scale_0p8_1p2_steps20000_tr0]:  44%|████▍     | 8760/20000 [03:33<03:35, 52.08it/s, acc=0.320, device=mps, eta=4m38s, loss=1.9427, sps=41.1]
BC[stage1_datasets_L40_stepsweep/bc_shift4_scale_0p8_1p2_steps20000_tr0]:  44%|████▍     | 8767/20000 [03:33<04:48, 38.93it/s, acc=0.320, device=mps, eta=4m38s, loss=1.9427, sps=41.1]
BC[stage1_datasets_L40_stepsweep/bc_shift4_scale_0p8_1p2_steps20000_tr0]:  44%|████▍     | 8775/20000 [03:33<04:05, 45.71it/s, acc=0.320, device=mps, eta=4m38s, loss=1.9427, sps=41.1]
BC[stage1_datasets_L40_stepsweep/bc_shift4_scale_0p8_1p2_steps20000_tr0]:  44%|████▍     | 8781/20000 [03:33<05:15, 35.51it/s, acc=0.320, device=mps, eta=4m38s, loss=1.9427, sps=41.1]
BC[stage1_datasets_L40_stepsweep/bc_shift4_scale_0p8_1p2_steps20000_tr0]:  44%|████▍     | 8789/20000 [03:33<04:21, 42.82it/s, acc=0.320, device=mps, eta=4m38s, loss=1.9427, sps=41.1]
BC[stage1_datasets_L40_stepsweep/bc_shift4_scale_0p8_1p2_steps20000_tr0]:  44%|████▍     | 8797/20000 [03:33<03:47, 49.26it/s, acc=0.320, device=mps, eta=4m38s, loss=1.9427, sps=41.1]
BC[stage1_datasets_L40_stepsweep/bc_shift4_scale_0p8_1p2_steps20000_tr0]:  44%|████▍     | 8797/20000 [03:34<03:47, 49.26it/s, acc=0.315, device=mps, eta=4m32s, loss=1.9572, sps=41.1]
BC[stage1_datasets_L40_stepsweep/bc_shift4_scale_0p8_1p2_steps20000_tr0]:  44%|████▍     | 8804/20000 [03:34<04:54, 38.01it/s, acc=0.315, device=mps, eta=4m32s, loss=1.9572, sps=41.1]
BC[stage1_datasets_L40_stepsweep/bc_shift4_scale_0p8_1p2_steps20000_tr0]:  44%|████▍     | 8812/20000 [03:34<04:09, 44.79it/s, acc=0.315, device=mps, eta=4m32s, loss=1.9572, sps=41.1]
BC[stage1_datasets_L40_stepsweep/bc_shift4_scale_0p8_1p2_steps20000_tr0]:  44%|████▍     | 8820/20000 [03:34<03:37, 51.33it/s, acc=0.315, device=mps, eta=4m32s, loss=1.9572, sps=41.1]
BC[stage1_datasets_L40_stepsweep/bc_shift4_scale_0p8_1p2_steps20000_tr0]:  44%|████▍     | 8827/20000 [03:34<04:47, 38.92it/s, acc=0.315, device=mps, eta=4m32s, loss=1.9572, sps=41.1]
BC[stage1_datasets_L40_stepsweep/bc_shift4_scale_0p8_1p2_steps20000_tr0]:  44%|████▍     | 8835/20000 [03:34<04:04, 45.70it/s, acc=0.315, device=mps, eta=4m32s, loss=1.9572, sps=41.1]
BC[stage1_datasets_L40_stepsweep/bc_shift4_scale_0p8_1p2_steps20000_tr0]:  44%|████▍     | 8841/20000 [03:35<05:13, 35.60it/s, acc=0.315, device=mps, eta=4m32s, loss=1.9572, sps=41.1]
BC[stage1_datasets_L40_stepsweep/bc_shift4_scale_0p8_1p2_steps20000_tr0]:  44%|████▍     | 8849/20000 [03:35<04:20, 42.82it/s, acc=0.315, device=mps, eta=4m32s, loss=1.9572, sps=41.1]
BC[stage1_datasets_L40_stepsweep/bc_shift4_scale_0p8_1p2_steps20000_tr0]:  44%|████▍     | 8857/20000 [03:35<03:46, 49.28it/s, acc=0.315, device=mps, eta=4m32s, loss=1.9572, sps=41.1]
BC[stage1_datasets_L40_stepsweep/bc_shift4_scale_0p8_1p2_steps20000_tr0]:  44%|████▍     | 8864/20000 [03:35<04:52, 38.05it/s, acc=0.315, device=mps, eta=4m32s, loss=1.9572, sps=41.1]
BC[stage1_datasets_L40_stepsweep/bc_shift4_scale_0p8_1p2_steps20000_tr0]:  44%|████▍     | 8872/20000 [03:35<04:08, 44.80it/s, acc=0.315, device=mps, eta=4m32s, loss=1.9572, sps=41.1]
BC[stage1_datasets_L40_stepsweep/bc_shift4_scale_0p8_1p2_steps20000_tr0]:  44%|████▍     | 8880/20000 [03:35<03:37, 51.24it/s, acc=0.315, device=mps, eta=4m32s, loss=1.9572, sps=41.1]
BC[stage1_datasets_L40_stepsweep/bc_shift4_scale_0p8_1p2_steps20000_tr0]:  44%|████▍     | 8887/20000 [03:36<04:49, 38.34it/s, acc=0.315, device=mps, eta=4m32s, loss=1.9572, sps=41.1]
BC[stage1_datasets_L40_stepsweep/bc_shift4_scale_0p8_1p2_steps20000_tr0]:  44%|████▍     | 8895/20000 [03:36<04:06, 44.99it/s, acc=0.315, device=mps, eta=4m32s, loss=1.9572, sps=41.1]
BC[stage1_datasets_L40_stepsweep/bc_shift4_scale_0p8_1p2_steps20000_tr0]:  45%|████▍     | 8901/20000 [03:36<05:15, 35.16it/s, acc=0.315, device=mps, eta=4m32s, loss=1.9572, sps=41.1]
BC[stage1_datasets_L40_stepsweep/bc_shift4_scale_0p8_1p2_steps20000_tr0]:  45%|████▍     | 8909/20000 [03:36<04:21, 42.38it/s, acc=0.315, device=mps, eta=4m32s, loss=1.9572, sps=41.1]
BC[stage1_datasets_L40_stepsweep/bc_shift4_scale_0p8_1p2_steps20000_tr0]:  45%|████▍     | 8917/20000 [03:36<03:45, 49.14it/s, acc=0.315, device=mps, eta=4m32s, loss=1.9572, sps=41.1]
BC[stage1_datasets_L40_stepsweep/bc_shift4_scale_0p8_1p2_steps20000_tr0]:  45%|████▍     | 8924/20000 [03:37<04:51, 37.94it/s, acc=0.315, device=mps, eta=4m32s, loss=1.9572, sps=41.1]
BC[stage1_datasets_L40_stepsweep/bc_shift4_scale_0p8_1p2_steps20000_tr0]:  45%|████▍     | 8932/20000 [03:37<04:07, 44.79it/s, acc=0.315, device=mps, eta=4m32s, loss=1.9572, sps=41.1]
BC[stage1_datasets_L40_stepsweep/bc_shift4_scale_0p8_1p2_steps20000_tr0]:  45%|████▍     | 8940/20000 [03:37<03:35, 51.31it/s, acc=0.315, device=mps, eta=4m32s, loss=1.9572, sps=41.1]
BC[stage1_datasets_L40_stepsweep/bc_shift4_scale_0p8_1p2_steps20000_tr0]:  45%|████▍     | 8947/20000 [03:37<05:01, 36.69it/s, acc=0.315, device=mps, eta=4m32s, loss=1.9572, sps=41.1]
BC[stage1_datasets_L40_stepsweep/bc_shift4_scale_0p8_1p2_steps20000_tr0]:  45%|████▍     | 8953/20000 [03:37<04:39, 39.54it/s, acc=0.315, device=mps, eta=4m32s, loss=1.9572, sps=41.1]
BC[stage1_datasets_L40_stepsweep/bc_shift4_scale_0p8_1p2_steps20000_tr0]:  45%|████▍     | 8959/20000 [03:37<04:14, 43.33it/s, acc=0.315, device=mps, eta=4m32s, loss=1.9572, sps=41.1]
BC[stage1_datasets_L40_stepsweep/bc_shift4_scale_0p8_1p2_steps20000_tr0]:  45%|████▍     | 8965/20000 [03:38<05:28, 33.64it/s, acc=0.315, device=mps, eta=4m32s, loss=1.9572, sps=41.1]
BC[stage1_datasets_L40_stepsweep/bc_shift4_scale_0p8_1p2_steps20000_tr0]:  45%|████▍     | 8973/20000 [03:38<04:26, 41.43it/s, acc=0.315, device=mps, eta=4m32s, loss=1.9572, sps=41.1]
BC[stage1_datasets_L40_stepsweep/bc_shift4_scale_0p8_1p2_steps20000_tr0]:  45%|████▍     | 8981/20000 [03:38<05:16, 34.79it/s, acc=0.315, device=mps, eta=4m32s, loss=1.9572, sps=41.1]
BC[stage1_datasets_L40_stepsweep/bc_shift4_scale_0p8_1p2_steps20000_tr0]:  45%|████▍     | 8989/20000 [03:38<04:22, 41.94it/s, acc=0.315, device=mps, eta=4m32s, loss=1.9572, sps=41.1]
BC[stage1_datasets_L40_stepsweep/bc_shift4_scale_0p8_1p2_steps20000_tr0]:  45%|████▍     | 8997/20000 [03:38<03:46, 48.50it/s, acc=0.315, device=mps, eta=4m32s, loss=1.9572, sps=41.1]
BC[stage1_datasets_L40_stepsweep/bc_shift4_scale_0p8_1p2_steps20000_tr0]:  45%|████▍     | 8997/20000 [03:38<03:46, 48.50it/s, acc=0.320, device=mps, eta=4m27s, loss=1.9457, sps=41.1]
BC[stage1_datasets_L40_stepsweep/bc_shift4_scale_0p8_1p2_steps20000_tr0]:  45%|████▌     | 9003/20000 [03:39<04:53, 37.50it/s, acc=0.320, device=mps, eta=4m27s, loss=1.9457, sps=41.1]
BC[stage1_datasets_L40_stepsweep/bc_shift4_scale_0p8_1p2_steps20000_tr0]:  45%|████▌     | 9011/20000 [03:39<04:06, 44.60it/s, acc=0.320, device=mps, eta=4m27s, loss=1.9457, sps=41.1]
BC[stage1_datasets_L40_stepsweep/bc_shift4_scale_0p8_1p2_steps20000_tr0]:  45%|████▌     | 9019/20000 [03:39<03:36, 50.63it/s, acc=0.320, device=mps, eta=4m27s, loss=1.9457, sps=41.1]
BC[stage1_datasets_L40_stepsweep/bc_shift4_scale_0p8_1p2_steps20000_tr0]:  45%|████▌     | 9026/20000 [03:39<04:45, 38.44it/s, acc=0.320, device=mps, eta=4m27s, loss=1.9457, sps=41.1]
BC[stage1_datasets_L40_stepsweep/bc_shift4_scale_0p8_1p2_steps20000_tr0]:  45%|████▌     | 9034/20000 [03:39<04:02, 45.27it/s, acc=0.320, device=mps, eta=4m27s, loss=1.9457, sps=41.1]
BC[stage1_datasets_L40_stepsweep/bc_shift4_scale_0p8_1p2_steps20000_tr0]:  45%|████▌     | 9041/20000 [03:39<05:03, 36.08it/s, acc=0.320, device=mps, eta=4m27s, loss=1.9457, sps=41.1]
BC[stage1_datasets_L40_stepsweep/bc_shift4_scale_0p8_1p2_steps20000_tr0]:  45%|████▌     | 9049/20000 [03:40<04:13, 43.16it/s, acc=0.320, device=mps, eta=4m27s, loss=1.9457, sps=41.1]
BC[stage1_datasets_L40_stepsweep/bc_shift4_scale_0p8_1p2_steps20000_tr0]:  45%|████▌     | 9057/20000 [03:40<03:41, 49.38it/s, acc=0.320, device=mps, eta=4m27s, loss=1.9457, sps=41.1]
BC[stage1_datasets_L40_stepsweep/bc_shift4_scale_0p8_1p2_steps20000_tr0]:  45%|████▌     | 9064/20000 [03:40<04:46, 38.14it/s, acc=0.320, device=mps, eta=4m27s, loss=1.9457, sps=41.1]
BC[stage1_datasets_L40_stepsweep/bc_shift4_scale_0p8_1p2_steps20000_tr0]:  45%|████▌     | 9072/20000 [03:40<04:02, 44.99it/s, acc=0.320, device=mps, eta=4m27s, loss=1.9457, sps=41.1]
BC[stage1_datasets_L40_stepsweep/bc_shift4_scale_0p8_1p2_steps20000_tr0]:  45%|████▌     | 9080/20000 [03:40<03:32, 51.46it/s, acc=0.320, device=mps, eta=4m27s, loss=1.9457, sps=41.1]
BC[stage1_datasets_L40_stepsweep/bc_shift4_scale_0p8_1p2_steps20000_tr0]:  45%|████▌     | 9087/20000 [03:40<04:40, 38.90it/s, acc=0.320, device=mps, eta=4m27s, loss=1.9457, sps=41.1]
BC[stage1_datasets_L40_stepsweep/bc_shift4_scale_0p8_1p2_steps20000_tr0]:  45%|████▌     | 9095/20000 [03:41<03:59, 45.55it/s, acc=0.320, device=mps, eta=4m27s, loss=1.9457, sps=41.1]
BC[stage1_datasets_L40_stepsweep/bc_shift4_scale_0p8_1p2_steps20000_tr0]:  46%|████▌     | 9101/20000 [03:41<05:10, 35.14it/s, acc=0.320, device=mps, eta=4m27s, loss=1.9457, sps=41.1]
BC[stage1_datasets_L40_stepsweep/bc_shift4_scale_0p8_1p2_steps20000_tr0]:  46%|████▌     | 9109/20000 [03:41<04:21, 41.69it/s, acc=0.320, device=mps, eta=4m27s, loss=1.9457, sps=41.1]
BC[stage1_datasets_L40_stepsweep/bc_shift4_scale_0p8_1p2_steps20000_tr0]:  46%|████▌     | 9115/20000 [03:41<04:04, 44.59it/s, acc=0.320, device=mps, eta=4m27s, loss=1.9457, sps=41.1]
BC[stage1_datasets_L40_stepsweep/bc_shift4_scale_0p8_1p2_steps20000_tr0]:  46%|████▌     | 9121/20000 [03:41<05:22, 33.72it/s, acc=0.320, device=mps, eta=4m27s, loss=1.9457, sps=41.1]
BC[stage1_datasets_L40_stepsweep/bc_shift4_scale_0p8_1p2_steps20000_tr0]:  46%|████▌     | 9129/20000 [03:42<04:22, 41.38it/s, acc=0.320, device=mps, eta=4m27s, loss=1.9457, sps=41.1]
BC[stage1_datasets_L40_stepsweep/bc_shift4_scale_0p8_1p2_steps20000_tr0]:  46%|████▌     | 9137/20000 [03:42<03:45, 48.19it/s, acc=0.320, device=mps, eta=4m27s, loss=1.9457, sps=41.1]
BC[stage1_datasets_L40_stepsweep/bc_shift4_scale_0p8_1p2_steps20000_tr0]:  46%|████▌     | 9143/20000 [03:42<04:57, 36.55it/s, acc=0.320, device=mps, eta=4m27s, loss=1.9457, sps=41.1]
BC[stage1_datasets_L40_stepsweep/bc_shift4_scale_0p8_1p2_steps20000_tr0]:  46%|████▌     | 9151/20000 [03:42<04:06, 43.97it/s, acc=0.320, device=mps, eta=4m27s, loss=1.9457, sps=41.1]
BC[stage1_datasets_L40_stepsweep/bc_shift4_scale_0p8_1p2_steps20000_tr0]:  46%|████▌     | 9159/20000 [03:42<03:35, 50.33it/s, acc=0.320, device=mps, eta=4m27s, loss=1.9457, sps=41.1]
BC[stage1_datasets_L40_stepsweep/bc_shift4_scale_0p8_1p2_steps20000_tr0]:  46%|████▌     | 9166/20000 [03:42<04:42, 38.40it/s, acc=0.320, device=mps, eta=4m27s, loss=1.9457, sps=41.1]
BC[stage1_datasets_L40_stepsweep/bc_shift4_scale_0p8_1p2_steps20000_tr0]:  46%|████▌     | 9174/20000 [03:43<03:59, 45.26it/s, acc=0.320, device=mps, eta=4m27s, loss=1.9457, sps=41.1]
BC[stage1_datasets_L40_stepsweep/bc_shift4_scale_0p8_1p2_steps20000_tr0]:  46%|████▌     | 9181/20000 [03:43<05:04, 35.58it/s, acc=0.320, device=mps, eta=4m27s, loss=1.9457, sps=41.1]
BC[stage1_datasets_L40_stepsweep/bc_shift4_scale_0p8_1p2_steps20000_tr0]:  46%|████▌     | 9189/20000 [03:43<04:16, 42.14it/s, acc=0.320, device=mps, eta=4m27s, loss=1.9457, sps=41.1]
BC[stage1_datasets_L40_stepsweep/bc_shift4_scale_0p8_1p2_steps20000_tr0]:  46%|████▌     | 9195/20000 [03:43<04:04, 44.17it/s, acc=0.320, device=mps, eta=4m27s, loss=1.9457, sps=41.1]
BC[stage1_datasets_L40_stepsweep/bc_shift4_scale_0p8_1p2_steps20000_tr0]:  46%|████▌     | 9195/20000 [03:43<04:04, 44.17it/s, acc=0.323, device=mps, eta=4m23s, loss=1.9390, sps=41.1]
BC[stage1_datasets_L40_stepsweep/bc_shift4_scale_0p8_1p2_steps20000_tr0]:  46%|████▌     | 9201/20000 [03:43<05:24, 33.26it/s, acc=0.323, device=mps, eta=4m23s, loss=1.9390, sps=41.1]
BC[stage1_datasets_L40_stepsweep/bc_shift4_scale_0p8_1p2_steps20000_tr0]:  46%|████▌     | 9209/20000 [03:43<04:23, 40.91it/s, acc=0.323, device=mps, eta=4m23s, loss=1.9390, sps=41.1]
BC[stage1_datasets_L40_stepsweep/bc_shift4_scale_0p8_1p2_steps20000_tr0]:  46%|████▌     | 9217/20000 [03:44<03:46, 47.68it/s, acc=0.323, device=mps, eta=4m23s, loss=1.9390, sps=41.1]
BC[stage1_datasets_L40_stepsweep/bc_shift4_scale_0p8_1p2_steps20000_tr0]:  46%|████▌     | 9223/20000 [03:44<04:57, 36.24it/s, acc=0.323, device=mps, eta=4m23s, loss=1.9390, sps=41.1]
BC[stage1_datasets_L40_stepsweep/bc_shift4_scale_0p8_1p2_steps20000_tr0]:  46%|████▌     | 9231/20000 [03:44<04:06, 43.64it/s, acc=0.323, device=mps, eta=4m23s, loss=1.9390, sps=41.1]
BC[stage1_datasets_L40_stepsweep/bc_shift4_scale_0p8_1p2_steps20000_tr0]:  46%|████▌     | 9239/20000 [03:44<03:34, 50.08it/s, acc=0.323, device=mps, eta=4m23s, loss=1.9390, sps=41.1]
BC[stage1_datasets_L40_stepsweep/bc_shift4_scale_0p8_1p2_steps20000_tr0]:  46%|████▌     | 9246/20000 [03:44<04:40, 38.41it/s, acc=0.323, device=mps, eta=4m23s, loss=1.9390, sps=41.1]
BC[stage1_datasets_L40_stepsweep/bc_shift4_scale_0p8_1p2_steps20000_tr0]:  46%|████▋     | 9254/20000 [03:44<03:57, 45.33it/s, acc=0.323, device=mps, eta=4m23s, loss=1.9390, sps=41.1]
BC[stage1_datasets_L40_stepsweep/bc_shift4_scale_0p8_1p2_steps20000_tr0]:  46%|████▋     | 9261/20000 [03:45<04:57, 36.12it/s, acc=0.323, device=mps, eta=4m23s, loss=1.9390, sps=41.1]
BC[stage1_datasets_L40_stepsweep/bc_shift4_scale_0p8_1p2_steps20000_tr0]:  46%|████▋     | 9269/20000 [03:45<04:08, 43.14it/s, acc=0.323, device=mps, eta=4m23s, loss=1.9390, sps=41.1]
BC[stage1_datasets_L40_stepsweep/bc_shift4_scale_0p8_1p2_steps20000_tr0]:  46%|████▋     | 9277/20000 [03:45<03:37, 49.39it/s, acc=0.323, device=mps, eta=4m23s, loss=1.9390, sps=41.1]
BC[stage1_datasets_L40_stepsweep/bc_shift4_scale_0p8_1p2_steps20000_tr0]:  46%|████▋     | 9284/20000 [03:45<04:47, 37.25it/s, acc=0.323, device=mps, eta=4m23s, loss=1.9390, sps=41.1]
BC[stage1_datasets_L40_stepsweep/bc_shift4_scale_0p8_1p2_steps20000_tr0]:  46%|████▋     | 9290/20000 [03:45<04:27, 40.05it/s, acc=0.323, device=mps, eta=4m23s, loss=1.9390, sps=41.1]
BC[stage1_datasets_L40_stepsweep/bc_shift4_scale_0p8_1p2_steps20000_tr0]:  46%|████▋     | 9296/20000 [03:45<04:07, 43.28it/s, acc=0.323, device=mps, eta=4m23s, loss=1.9390, sps=41.1]
BC[stage1_datasets_L40_stepsweep/bc_shift4_scale_0p8_1p2_steps20000_tr0]:  47%|████▋     | 9302/20000 [03:46<05:24, 32.97it/s, acc=0.323, device=mps, eta=4m23s, loss=1.9390, sps=41.1]
BC[stage1_datasets_L40_stepsweep/bc_shift4_scale_0p8_1p2_steps20000_tr0]:  47%|████▋     | 9310/20000 [03:46<04:21, 40.85it/s, acc=0.323, device=mps, eta=4m23s, loss=1.9390, sps=41.1]
BC[stage1_datasets_L40_stepsweep/bc_shift4_scale_0p8_1p2_steps20000_tr0]:  47%|████▋     | 9318/20000 [03:46<03:42, 48.11it/s, acc=0.323, device=mps, eta=4m23s, loss=1.9390, sps=41.1]
BC[stage1_datasets_L40_stepsweep/bc_shift4_scale_0p8_1p2_steps20000_tr0]:  47%|████▋     | 9324/20000 [03:46<04:53, 36.33it/s, acc=0.323, device=mps, eta=4m23s, loss=1.9390, sps=41.1]
BC[stage1_datasets_L40_stepsweep/bc_shift4_scale_0p8_1p2_steps20000_tr0]:  47%|████▋     | 9332/20000 [03:46<04:04, 43.68it/s, acc=0.323, device=mps, eta=4m23s, loss=1.9390, sps=41.1]
BC[stage1_datasets_L40_stepsweep/bc_shift4_scale_0p8_1p2_steps20000_tr0]:  47%|████▋     | 9340/20000 [03:46<03:30, 50.52it/s, acc=0.323, device=mps, eta=4m23s, loss=1.9390, sps=41.1]
BC[stage1_datasets_L40_stepsweep/bc_shift4_scale_0p8_1p2_steps20000_tr0]:  47%|████▋     | 9347/20000 [03:47<04:34, 38.80it/s, acc=0.323, device=mps, eta=4m23s, loss=1.9390, sps=41.1]
BC[stage1_datasets_L40_stepsweep/bc_shift4_scale_0p8_1p2_steps20000_tr0]:  47%|████▋     | 9355/20000 [03:47<03:53, 45.57it/s, acc=0.323, device=mps, eta=4m23s, loss=1.9390, sps=41.1]
BC[stage1_datasets_L40_stepsweep/bc_shift4_scale_0p8_1p2_steps20000_tr0]:  47%|████▋     | 9361/20000 [03:47<05:02, 35.19it/s, acc=0.323, device=mps, eta=4m23s, loss=1.9390, sps=41.1]
BC[stage1_datasets_L40_stepsweep/bc_shift4_scale_0p8_1p2_steps20000_tr0]:  47%|████▋     | 9369/20000 [03:47<04:10, 42.50it/s, acc=0.323, device=mps, eta=4m23s, loss=1.9390, sps=41.1]
BC[stage1_datasets_L40_stepsweep/bc_shift4_scale_0p8_1p2_steps20000_tr0]:  47%|████▋     | 9377/20000 [03:47<03:35, 49.33it/s, acc=0.323, device=mps, eta=4m23s, loss=1.9390, sps=41.1]
BC[stage1_datasets_L40_stepsweep/bc_shift4_scale_0p8_1p2_steps20000_tr0]:  47%|████▋     | 9384/20000 [03:48<04:40, 37.80it/s, acc=0.323, device=mps, eta=4m23s, loss=1.9390, sps=41.1]
BC[stage1_datasets_L40_stepsweep/bc_shift4_scale_0p8_1p2_steps20000_tr0]:  47%|████▋     | 9392/20000 [03:48<03:57, 44.61it/s, acc=0.323, device=mps, eta=4m23s, loss=1.9390, sps=41.1]
BC[stage1_datasets_L40_stepsweep/bc_shift4_scale_0p8_1p2_steps20000_tr0]:  47%|████▋     | 9392/20000 [03:48<03:57, 44.61it/s, acc=0.324, device=mps, eta=4m18s, loss=1.9310, sps=41.2]
BC[stage1_datasets_L40_stepsweep/bc_shift4_scale_0p8_1p2_steps20000_tr0]:  47%|████▋     | 9400/20000 [03:48<03:27, 51.17it/s, acc=0.324, device=mps, eta=4m18s, loss=1.9310, sps=41.2]
BC[stage1_datasets_L40_stepsweep/bc_shift4_scale_0p8_1p2_steps20000_tr0]:  47%|████▋     | 9407/20000 [03:48<04:45, 37.04it/s, acc=0.324, device=mps, eta=4m18s, loss=1.9310, sps=41.2]
BC[stage1_datasets_L40_stepsweep/bc_shift4_scale_0p8_1p2_steps20000_tr0]:  47%|████▋     | 9413/20000 [03:48<04:30, 39.13it/s, acc=0.324, device=mps, eta=4m18s, loss=1.9310, sps=41.2]
BC[stage1_datasets_L40_stepsweep/bc_shift4_scale_0p8_1p2_steps20000_tr0]:  47%|████▋     | 9419/20000 [03:48<04:05, 43.03it/s, acc=0.324, device=mps, eta=4m18s, loss=1.9310, sps=41.2]
BC[stage1_datasets_L40_stepsweep/bc_shift4_scale_0p8_1p2_steps20000_tr0]:  47%|████▋     | 9425/20000 [03:49<05:14, 33.64it/s, acc=0.324, device=mps, eta=4m18s, loss=1.9310, sps=41.2]
BC[stage1_datasets_L40_stepsweep/bc_shift4_scale_0p8_1p2_steps20000_tr0]:  47%|████▋     | 9433/20000 [03:49<04:15, 41.39it/s, acc=0.324, device=mps, eta=4m18s, loss=1.9310, sps=41.2]
BC[stage1_datasets_L40_stepsweep/bc_shift4_scale_0p8_1p2_steps20000_tr0]:  47%|████▋     | 9441/20000 [03:49<05:03, 34.81it/s, acc=0.324, device=mps, eta=4m18s, loss=1.9310, sps=41.2]
BC[stage1_datasets_L40_stepsweep/bc_shift4_scale_0p8_1p2_steps20000_tr0]:  47%|████▋     | 9449/20000 [03:49<04:11, 42.03it/s, acc=0.324, device=mps, eta=4m18s, loss=1.9310, sps=41.2]
BC[stage1_datasets_L40_stepsweep/bc_shift4_scale_0p8_1p2_steps20000_tr0]:  47%|████▋     | 9457/20000 [03:49<03:37, 48.42it/s, acc=0.324, device=mps, eta=4m18s, loss=1.9310, sps=41.2]
BC[stage1_datasets_L40_stepsweep/bc_shift4_scale_0p8_1p2_steps20000_tr0]:  47%|████▋     | 9463/20000 [03:50<04:45, 36.90it/s, acc=0.324, device=mps, eta=4m18s, loss=1.9310, sps=41.2]
BC[stage1_datasets_L40_stepsweep/bc_shift4_scale_0p8_1p2_steps20000_tr0]:  47%|████▋     | 9471/20000 [03:50<03:59, 44.05it/s, acc=0.324, device=mps, eta=4m18s, loss=1.9310, sps=41.2]
BC[stage1_datasets_L40_stepsweep/bc_shift4_scale_0p8_1p2_steps20000_tr0]:  47%|████▋     | 9479/20000 [03:50<03:29, 50.27it/s, acc=0.324, device=mps, eta=4m18s, loss=1.9310, sps=41.2]
BC[stage1_datasets_L40_stepsweep/bc_shift4_scale_0p8_1p2_steps20000_tr0]:  47%|████▋     | 9486/20000 [03:50<04:31, 38.67it/s, acc=0.324, device=mps, eta=4m18s, loss=1.9310, sps=41.2]
BC[stage1_datasets_L40_stepsweep/bc_shift4_scale_0p8_1p2_steps20000_tr0]:  47%|████▋     | 9494/20000 [03:50<03:50, 45.55it/s, acc=0.324, device=mps, eta=4m18s, loss=1.9310, sps=41.2]
BC[stage1_datasets_L40_stepsweep/bc_shift4_scale_0p8_1p2_steps20000_tr0]:  48%|████▊     | 9501/20000 [03:51<04:49, 36.27it/s, acc=0.324, device=mps, eta=4m18s, loss=1.9310, sps=41.2]
BC[stage1_datasets_L40_stepsweep/bc_shift4_scale_0p8_1p2_steps20000_tr0]:  48%|████▊     | 9509/20000 [03:51<04:02, 43.24it/s, acc=0.324, device=mps, eta=4m18s, loss=1.9310, sps=41.2]
BC[stage1_datasets_L40_stepsweep/bc_shift4_scale_0p8_1p2_steps20000_tr0]:  48%|████▊     | 9517/20000 [03:51<03:32, 49.38it/s, acc=0.324, device=mps, eta=4m18s, loss=1.9310, sps=41.2]
BC[stage1_datasets_L40_stepsweep/bc_shift4_scale_0p8_1p2_steps20000_tr0]:  48%|████▊     | 9524/20000 [03:51<04:41, 37.28it/s, acc=0.324, device=mps, eta=4m18s, loss=1.9310, sps=41.2]
BC[stage1_datasets_L40_stepsweep/bc_shift4_scale_0p8_1p2_steps20000_tr0]:  48%|████▊     | 9530/20000 [03:51<04:19, 40.41it/s, acc=0.324, device=mps, eta=4m18s, loss=1.9310, sps=41.2]
BC[stage1_datasets_L40_stepsweep/bc_shift4_scale_0p8_1p2_steps20000_tr0]:  48%|████▊     | 9536/20000 [03:51<03:59, 43.75it/s, acc=0.324, device=mps, eta=4m18s, loss=1.9310, sps=41.2]
BC[stage1_datasets_L40_stepsweep/bc_shift4_scale_0p8_1p2_steps20000_tr0]:  48%|████▊     | 9542/20000 [03:52<05:19, 32.73it/s, acc=0.324, device=mps, eta=4m18s, loss=1.9310, sps=41.2]
BC[stage1_datasets_L40_stepsweep/bc_shift4_scale_0p8_1p2_steps20000_tr0]:  48%|████▊     | 9547/20000 [03:52<04:52, 35.73it/s, acc=0.324, device=mps, eta=4m18s, loss=1.9310, sps=41.2]
BC[stage1_datasets_L40_stepsweep/bc_shift4_scale_0p8_1p2_steps20000_tr0]:  48%|████▊     | 9554/20000 [03:52<04:12, 41.43it/s, acc=0.324, device=mps, eta=4m18s, loss=1.9310, sps=41.2]
BC[stage1_datasets_L40_stepsweep/bc_shift4_scale_0p8_1p2_steps20000_tr0]:  48%|████▊     | 9561/20000 [03:52<05:16, 33.03it/s, acc=0.324, device=mps, eta=4m18s, loss=1.9310, sps=41.2]
BC[stage1_datasets_L40_stepsweep/bc_shift4_scale_0p8_1p2_steps20000_tr0]:  48%|████▊     | 9569/20000 [03:52<04:15, 40.88it/s, acc=0.324, device=mps, eta=4m18s, loss=1.9310, sps=41.2]
BC[stage1_datasets_L40_stepsweep/bc_shift4_scale_0p8_1p2_steps20000_tr0]:  48%|████▊     | 9577/20000 [03:52<03:38, 47.70it/s, acc=0.324, device=mps, eta=4m18s, loss=1.9310, sps=41.2]
BC[stage1_datasets_L40_stepsweep/bc_shift4_scale_0p8_1p2_steps20000_tr0]:  48%|████▊     | 9583/20000 [03:53<04:52, 35.67it/s, acc=0.324, device=mps, eta=4m18s, loss=1.9310, sps=41.2]
BC[stage1_datasets_L40_stepsweep/bc_shift4_scale_0p8_1p2_steps20000_tr0]:  48%|████▊     | 9588/20000 [03:53<04:33, 38.05it/s, acc=0.324, device=mps, eta=4m18s, loss=1.9310, sps=41.2]
BC[stage1_datasets_L40_stepsweep/bc_shift4_scale_0p8_1p2_steps20000_tr0]:  48%|████▊     | 9594/20000 [03:53<04:11, 41.30it/s, acc=0.324, device=mps, eta=4m18s, loss=1.9310, sps=41.2]
BC[stage1_datasets_L40_stepsweep/bc_shift4_scale_0p8_1p2_steps20000_tr0]:  48%|████▊     | 9594/20000 [03:53<04:11, 41.30it/s, acc=0.321, device=mps, eta=4m13s, loss=1.9366, sps=41.1]
BC[stage1_datasets_L40_stepsweep/bc_shift4_scale_0p8_1p2_steps20000_tr0]:  48%|████▊     | 9601/20000 [03:53<05:19, 32.50it/s, acc=0.321, device=mps, eta=4m13s, loss=1.9366, sps=41.1]
BC[stage1_datasets_L40_stepsweep/bc_shift4_scale_0p8_1p2_steps20000_tr0]:  48%|████▊     | 9609/20000 [03:53<04:17, 40.36it/s, acc=0.321, device=mps, eta=4m13s, loss=1.9366, sps=41.1]
BC[stage1_datasets_L40_stepsweep/bc_shift4_scale_0p8_1p2_steps20000_tr0]:  48%|████▊     | 9617/20000 [03:53<03:38, 47.56it/s, acc=0.321, device=mps, eta=4m13s, loss=1.9366, sps=41.1]
BC[stage1_datasets_L40_stepsweep/bc_shift4_scale_0p8_1p2_steps20000_tr0]:  48%|████▊     | 9623/20000 [03:54<04:53, 35.30it/s, acc=0.321, device=mps, eta=4m13s, loss=1.9366, sps=41.1]
BC[stage1_datasets_L40_stepsweep/bc_shift4_scale_0p8_1p2_steps20000_tr0]:  48%|████▊     | 9629/20000 [03:54<04:26, 38.93it/s, acc=0.321, device=mps, eta=4m13s, loss=1.9366, sps=41.1]
BC[stage1_datasets_L40_stepsweep/bc_shift4_scale_0p8_1p2_steps20000_tr0]:  48%|████▊     | 9635/20000 [03:54<04:04, 42.32it/s, acc=0.321, device=mps, eta=4m13s, loss=1.9366, sps=41.1]
BC[stage1_datasets_L40_stepsweep/bc_shift4_scale_0p8_1p2_steps20000_tr0]:  48%|████▊     | 9641/20000 [03:54<05:14, 32.94it/s, acc=0.321, device=mps, eta=4m13s, loss=1.9366, sps=41.1]
BC[stage1_datasets_L40_stepsweep/bc_shift4_scale_0p8_1p2_steps20000_tr0]:  48%|████▊     | 9648/20000 [03:54<04:26, 38.88it/s, acc=0.321, device=mps, eta=4m13s, loss=1.9366, sps=41.1]
BC[stage1_datasets_L40_stepsweep/bc_shift4_scale_0p8_1p2_steps20000_tr0]:  48%|████▊     | 9655/20000 [03:54<03:52, 44.44it/s, acc=0.321, device=mps, eta=4m13s, loss=1.9366, sps=41.1]
BC[stage1_datasets_L40_stepsweep/bc_shift4_scale_0p8_1p2_steps20000_tr0]:  48%|████▊     | 9661/20000 [03:55<05:03, 34.10it/s, acc=0.321, device=mps, eta=4m13s, loss=1.9366, sps=41.1]
BC[stage1_datasets_L40_stepsweep/bc_shift4_scale_0p8_1p2_steps20000_tr0]:  48%|████▊     | 9669/20000 [03:55<04:06, 41.90it/s, acc=0.321, device=mps, eta=4m13s, loss=1.9366, sps=41.1]
BC[stage1_datasets_L40_stepsweep/bc_shift4_scale_0p8_1p2_steps20000_tr0]:  48%|████▊     | 9677/20000 [03:55<03:30, 48.94it/s, acc=0.321, device=mps, eta=4m13s, loss=1.9366, sps=41.1]
BC[stage1_datasets_L40_stepsweep/bc_shift4_scale_0p8_1p2_steps20000_tr0]:  48%|████▊     | 9683/20000 [03:55<04:39, 36.85it/s, acc=0.321, device=mps, eta=4m13s, loss=1.9366, sps=41.1]
BC[stage1_datasets_L40_stepsweep/bc_shift4_scale_0p8_1p2_steps20000_tr0]:  48%|████▊     | 9691/20000 [03:55<03:51, 44.53it/s, acc=0.321, device=mps, eta=4m13s, loss=1.9366, sps=41.1]
BC[stage1_datasets_L40_stepsweep/bc_shift4_scale_0p8_1p2_steps20000_tr0]:  48%|████▊     | 9699/20000 [03:55<03:20, 51.35it/s, acc=0.321, device=mps, eta=4m13s, loss=1.9366, sps=41.1]
BC[stage1_datasets_L40_stepsweep/bc_shift4_scale_0p8_1p2_steps20000_tr0]:  49%|████▊     | 9706/20000 [03:56<04:26, 38.64it/s, acc=0.321, device=mps, eta=4m13s, loss=1.9366, sps=41.1]
BC[stage1_datasets_L40_stepsweep/bc_shift4_scale_0p8_1p2_steps20000_tr0]:  49%|████▊     | 9714/20000 [03:56<03:45, 45.68it/s, acc=0.321, device=mps, eta=4m13s, loss=1.9366, sps=41.1]
BC[stage1_datasets_L40_stepsweep/bc_shift4_scale_0p8_1p2_steps20000_tr0]:  49%|████▊     | 9721/20000 [03:56<04:44, 36.16it/s, acc=0.321, device=mps, eta=4m13s, loss=1.9366, sps=41.1]
BC[stage1_datasets_L40_stepsweep/bc_shift4_scale_0p8_1p2_steps20000_tr0]:  49%|████▊     | 9729/20000 [03:56<03:57, 43.24it/s, acc=0.321, device=mps, eta=4m13s, loss=1.9366, sps=41.1]
BC[stage1_datasets_L40_stepsweep/bc_shift4_scale_0p8_1p2_steps20000_tr0]:  49%|████▊     | 9737/20000 [03:56<03:27, 49.43it/s, acc=0.321, device=mps, eta=4m13s, loss=1.9366, sps=41.1]
BC[stage1_datasets_L40_stepsweep/bc_shift4_scale_0p8_1p2_steps20000_tr0]:  49%|████▊     | 9744/20000 [03:57<04:29, 38.10it/s, acc=0.321, device=mps, eta=4m13s, loss=1.9366, sps=41.1]
BC[stage1_datasets_L40_stepsweep/bc_shift4_scale_0p8_1p2_steps20000_tr0]:  49%|████▉     | 9752/20000 [03:57<03:47, 44.95it/s, acc=0.321, device=mps, eta=4m13s, loss=1.9366, sps=41.1]
BC[stage1_datasets_L40_stepsweep/bc_shift4_scale_0p8_1p2_steps20000_tr0]:  49%|████▉     | 9760/20000 [03:57<03:18, 51.65it/s, acc=0.321, device=mps, eta=4m13s, loss=1.9366, sps=41.1]
BC[stage1_datasets_L40_stepsweep/bc_shift4_scale_0p8_1p2_steps20000_tr0]:  49%|████▉     | 9767/20000 [03:57<04:22, 38.91it/s, acc=0.321, device=mps, eta=4m13s, loss=1.9366, sps=41.1]
BC[stage1_datasets_L40_stepsweep/bc_shift4_scale_0p8_1p2_steps20000_tr0]:  49%|████▉     | 9775/20000 [03:57<03:44, 45.59it/s, acc=0.321, device=mps, eta=4m13s, loss=1.9366, sps=41.1]
BC[stage1_datasets_L40_stepsweep/bc_shift4_scale_0p8_1p2_steps20000_tr0]:  49%|████▉     | 9781/20000 [03:57<04:51, 35.09it/s, acc=0.321, device=mps, eta=4m13s, loss=1.9366, sps=41.1]
BC[stage1_datasets_L40_stepsweep/bc_shift4_scale_0p8_1p2_steps20000_tr0]:  49%|████▉     | 9787/20000 [03:58<04:20, 39.19it/s, acc=0.321, device=mps, eta=4m13s, loss=1.9366, sps=41.1]
BC[stage1_datasets_L40_stepsweep/bc_shift4_scale_0p8_1p2_steps20000_tr0]:  49%|████▉     | 9793/20000 [03:58<03:57, 42.90it/s, acc=0.321, device=mps, eta=4m13s, loss=1.9366, sps=41.1]
BC[stage1_datasets_L40_stepsweep/bc_shift4_scale_0p8_1p2_steps20000_tr0]:  49%|████▉     | 9793/20000 [03:58<03:57, 42.90it/s, acc=0.326, device=mps, eta=4m08s, loss=1.9257, sps=41.1]
BC[stage1_datasets_L40_stepsweep/bc_shift4_scale_0p8_1p2_steps20000_tr0]:  49%|████▉     | 9800/20000 [03:58<03:29, 48.74it/s, acc=0.326, device=mps, eta=4m08s, loss=1.9257, sps=41.1]
BC[stage1_datasets_L40_stepsweep/bc_shift4_scale_0p8_1p2_steps20000_tr0]:  49%|████▉     | 9806/20000 [03:58<04:53, 34.72it/s, acc=0.326, device=mps, eta=4m08s, loss=1.9257, sps=41.1]
BC[stage1_datasets_L40_stepsweep/bc_shift4_scale_0p8_1p2_steps20000_tr0]:  49%|████▉     | 9812/20000 [03:58<04:23, 38.69it/s, acc=0.326, device=mps, eta=4m08s, loss=1.9257, sps=41.1]
BC[stage1_datasets_L40_stepsweep/bc_shift4_scale_0p8_1p2_steps20000_tr0]:  49%|████▉     | 9819/20000 [03:58<03:49, 44.41it/s, acc=0.326, device=mps, eta=4m08s, loss=1.9257, sps=41.1]
BC[stage1_datasets_L40_stepsweep/bc_shift4_scale_0p8_1p2_steps20000_tr0]:  49%|████▉     | 9825/20000 [03:59<04:57, 34.20it/s, acc=0.326, device=mps, eta=4m08s, loss=1.9257, sps=41.1]
BC[stage1_datasets_L40_stepsweep/bc_shift4_scale_0p8_1p2_steps20000_tr0]:  49%|████▉     | 9833/20000 [03:59<04:00, 42.21it/s, acc=0.326, device=mps, eta=4m08s, loss=1.9257, sps=41.1]
BC[stage1_datasets_L40_stepsweep/bc_shift4_scale_0p8_1p2_steps20000_tr0]:  49%|████▉     | 9841/20000 [03:59<04:50, 34.98it/s, acc=0.326, device=mps, eta=4m08s, loss=1.9257, sps=41.1]
BC[stage1_datasets_L40_stepsweep/bc_shift4_scale_0p8_1p2_steps20000_tr0]:  49%|████▉     | 9849/20000 [03:59<04:00, 42.21it/s, acc=0.326, device=mps, eta=4m08s, loss=1.9257, sps=41.1]
BC[stage1_datasets_L40_stepsweep/bc_shift4_scale_0p8_1p2_steps20000_tr0]:  49%|████▉     | 9857/20000 [03:59<03:26, 49.01it/s, acc=0.326, device=mps, eta=4m08s, loss=1.9257, sps=41.1]
BC[stage1_datasets_L40_stepsweep/bc_shift4_scale_0p8_1p2_steps20000_tr0]:  49%|████▉     | 9864/20000 [03:59<04:27, 37.85it/s, acc=0.326, device=mps, eta=4m08s, loss=1.9257, sps=41.1]
BC[stage1_datasets_L40_stepsweep/bc_shift4_scale_0p8_1p2_steps20000_tr0]:  49%|████▉     | 9872/20000 [04:00<03:48, 44.33it/s, acc=0.326, device=mps, eta=4m08s, loss=1.9257, sps=41.1]
BC[stage1_datasets_L40_stepsweep/bc_shift4_scale_0p8_1p2_steps20000_tr0]:  49%|████▉     | 9879/20000 [04:00<03:25, 49.34it/s, acc=0.326, device=mps, eta=4m08s, loss=1.9257, sps=41.1]
BC[stage1_datasets_L40_stepsweep/bc_shift4_scale_0p8_1p2_steps20000_tr0]:  49%|████▉     | 9885/20000 [04:00<04:33, 37.01it/s, acc=0.326, device=mps, eta=4m08s, loss=1.9257, sps=41.1]
BC[stage1_datasets_L40_stepsweep/bc_shift4_scale_0p8_1p2_steps20000_tr0]:  49%|████▉     | 9893/20000 [04:00<03:48, 44.23it/s, acc=0.326, device=mps, eta=4m08s, loss=1.9257, sps=41.1]
BC[stage1_datasets_L40_stepsweep/bc_shift4_scale_0p8_1p2_steps20000_tr0]:  50%|████▉     | 9901/20000 [04:00<04:39, 36.10it/s, acc=0.326, device=mps, eta=4m08s, loss=1.9257, sps=41.1]
BC[stage1_datasets_L40_stepsweep/bc_shift4_scale_0p8_1p2_steps20000_tr0]:  50%|████▉     | 9909/20000 [04:01<03:53, 43.13it/s, acc=0.326, device=mps, eta=4m08s, loss=1.9257, sps=41.1]
BC[stage1_datasets_L40_stepsweep/bc_shift4_scale_0p8_1p2_steps20000_tr0]:  50%|████▉     | 9917/20000 [04:01<03:24, 49.38it/s, acc=0.326, device=mps, eta=4m08s, loss=1.9257, sps=41.1]
BC[stage1_datasets_L40_stepsweep/bc_shift4_scale_0p8_1p2_steps20000_tr0]:  50%|████▉     | 9924/20000 [04:01<04:23, 38.21it/s, acc=0.326, device=mps, eta=4m08s, loss=1.9257, sps=41.1]
BC[stage1_datasets_L40_stepsweep/bc_shift4_scale_0p8_1p2_steps20000_tr0]:  50%|████▉     | 9932/20000 [04:01<03:43, 44.98it/s, acc=0.326, device=mps, eta=4m08s, loss=1.9257, sps=41.1]
BC[stage1_datasets_L40_stepsweep/bc_shift4_scale_0p8_1p2_steps20000_tr0]:  50%|████▉     | 9940/20000 [04:01<03:15, 51.48it/s, acc=0.326, device=mps, eta=4m08s, loss=1.9257, sps=41.1]
BC[stage1_datasets_L40_stepsweep/bc_shift4_scale_0p8_1p2_steps20000_tr0]:  50%|████▉     | 9947/20000 [04:01<04:13, 39.63it/s, acc=0.326, device=mps, eta=4m08s, loss=1.9257, sps=41.1]
BC[stage1_datasets_L40_stepsweep/bc_shift4_scale_0p8_1p2_steps20000_tr0]:  50%|████▉     | 9955/20000 [04:02<03:36, 46.33it/s, acc=0.326, device=mps, eta=4m08s, loss=1.9257, sps=41.1]
BC[stage1_datasets_L40_stepsweep/bc_shift4_scale_0p8_1p2_steps20000_tr0]:  50%|████▉     | 9961/20000 [04:02<04:38, 36.08it/s, acc=0.326, device=mps, eta=4m08s, loss=1.9257, sps=41.1]
BC[stage1_datasets_L40_stepsweep/bc_shift4_scale_0p8_1p2_steps20000_tr0]:  50%|████▉     | 9968/20000 [04:02<04:04, 40.98it/s, acc=0.326, device=mps, eta=4m08s, loss=1.9257, sps=41.1]
BC[stage1_datasets_L40_stepsweep/bc_shift4_scale_0p8_1p2_steps20000_tr0]:  50%|████▉     | 9974/20000 [04:02<03:50, 43.50it/s, acc=0.326, device=mps, eta=4m08s, loss=1.9257, sps=41.1]
BC[stage1_datasets_L40_stepsweep/bc_shift4_scale_0p8_1p2_steps20000_tr0]:  50%|████▉     | 9981/20000 [04:02<04:58, 33.56it/s, acc=0.326, device=mps, eta=4m08s, loss=1.9257, sps=41.1]
BC[stage1_datasets_L40_stepsweep/bc_shift4_scale_0p8_1p2_steps20000_tr0]:  50%|████▉     | 9989/20000 [04:02<04:03, 41.17it/s, acc=0.326, device=mps, eta=4m08s, loss=1.9257, sps=41.1]
BC[stage1_datasets_L40_stepsweep/bc_shift4_scale_0p8_1p2_steps20000_tr0]:  50%|████▉     | 9997/20000 [04:03<03:28, 47.87it/s, acc=0.326, device=mps, eta=4m08s, loss=1.9257, sps=41.1]
BC[stage1_datasets_L40_stepsweep/bc_shift4_scale_0p8_1p2_steps20000_tr0]:  50%|████▉     | 9997/20000 [04:03<03:28, 47.87it/s, acc=0.323, device=mps, eta=4m03s, loss=1.9261, sps=41.1]
BC[stage1_datasets_L40_stepsweep/bc_shift4_scale_0p8_1p2_steps20000_tr0]:  50%|█████     | 10003/20000 [04:03<04:34, 36.45it/s, acc=0.323, device=mps, eta=4m03s, loss=1.9261, sps=41.1]
BC[stage1_datasets_L40_stepsweep/bc_shift4_scale_0p8_1p2_steps20000_tr0]:  50%|█████     | 10011/20000 [04:03<03:48, 43.78it/s, acc=0.323, device=mps, eta=4m03s, loss=1.9261, sps=41.1]
BC[stage1_datasets_L40_stepsweep/bc_shift4_scale_0p8_1p2_steps20000_tr0]:  50%|█████     | 10019/20000 [04:03<03:18, 50.24it/s, acc=0.323, device=mps, eta=4m03s, loss=1.9261, sps=41.1]
BC[stage1_datasets_L40_stepsweep/bc_shift4_scale_0p8_1p2_steps20000_tr0]:  50%|█████     | 10026/20000 [04:03<04:19, 38.49it/s, acc=0.323, device=mps, eta=4m03s, loss=1.9261, sps=41.1]
BC[stage1_datasets_L40_stepsweep/bc_shift4_scale_0p8_1p2_steps20000_tr0]:  50%|█████     | 10034/20000 [04:03<03:39, 45.46it/s, acc=0.323, device=mps, eta=4m03s, loss=1.9261, sps=41.1]
BC[stage1_datasets_L40_stepsweep/bc_shift4_scale_0p8_1p2_steps20000_tr0]:  50%|█████     | 10041/20000 [04:04<04:35, 36.18it/s, acc=0.323, device=mps, eta=4m03s, loss=1.9261, sps=41.1]
BC[stage1_datasets_L40_stepsweep/bc_shift4_scale_0p8_1p2_steps20000_tr0]:  50%|█████     | 10049/20000 [04:04<03:49, 43.32it/s, acc=0.323, device=mps, eta=4m03s, loss=1.9261, sps=41.1]
BC[stage1_datasets_L40_stepsweep/bc_shift4_scale_0p8_1p2_steps20000_tr0]:  50%|█████     | 10058/20000 [04:04<03:13, 51.32it/s, acc=0.323, device=mps, eta=4m03s, loss=1.9261, sps=41.1]
BC[stage1_datasets_L40_stepsweep/bc_shift4_scale_0p8_1p2_steps20000_tr0]:  50%|█████     | 10065/20000 [04:04<04:11, 39.50it/s, acc=0.323, device=mps, eta=4m03s, loss=1.9261, sps=41.1]
BC[stage1_datasets_L40_stepsweep/bc_shift4_scale_0p8_1p2_steps20000_tr0]:  50%|█████     | 10073/20000 [04:04<03:35, 46.10it/s, acc=0.323, device=mps, eta=4m03s, loss=1.9261, sps=41.1]
BC[stage1_datasets_L40_stepsweep/bc_shift4_scale_0p8_1p2_steps20000_tr0]:  50%|█████     | 10081/20000 [04:05<04:24, 37.46it/s, acc=0.323, device=mps, eta=4m03s, loss=1.9261, sps=41.1]
BC[stage1_datasets_L40_stepsweep/bc_shift4_scale_0p8_1p2_steps20000_tr0]:  50%|█████     | 10089/20000 [04:05<03:44, 44.14it/s, acc=0.323, device=mps, eta=4m03s, loss=1.9261, sps=41.1]
BC[stage1_datasets_L40_stepsweep/bc_shift4_scale_0p8_1p2_steps20000_tr0]:  50%|█████     | 10097/20000 [04:05<03:17, 50.15it/s, acc=0.323, device=mps, eta=4m03s, loss=1.9261, sps=41.1]
BC[stage1_datasets_L40_stepsweep/bc_shift4_scale_0p8_1p2_steps20000_tr0]:  51%|█████     | 10104/20000 [04:05<04:20, 37.97it/s, acc=0.323, device=mps, eta=4m03s, loss=1.9261, sps=41.1]
BC[stage1_datasets_L40_stepsweep/bc_shift4_scale_0p8_1p2_steps20000_tr0]:  51%|█████     | 10109/20000 [04:05<04:09, 39.59it/s, acc=0.323, device=mps, eta=4m03s, loss=1.9261, sps=41.1]
BC[stage1_datasets_L40_stepsweep/bc_shift4_scale_0p8_1p2_steps20000_tr0]:  51%|█████     | 10115/20000 [04:05<03:48, 43.30it/s, acc=0.323, device=mps, eta=4m03s, loss=1.9261, sps=41.1]
BC[stage1_datasets_L40_stepsweep/bc_shift4_scale_0p8_1p2_steps20000_tr0]:  51%|█████     | 10121/20000 [04:06<04:56, 33.32it/s, acc=0.323, device=mps, eta=4m03s, loss=1.9261, sps=41.1]
BC[stage1_datasets_L40_stepsweep/bc_shift4_scale_0p8_1p2_steps20000_tr0]:  51%|█████     | 10129/20000 [04:06<03:59, 41.30it/s, acc=0.323, device=mps, eta=4m03s, loss=1.9261, sps=41.1]
BC[stage1_datasets_L40_stepsweep/bc_shift4_scale_0p8_1p2_steps20000_tr0]:  51%|█████     | 10137/20000 [04:06<03:24, 48.20it/s, acc=0.323, device=mps, eta=4m03s, loss=1.9261, sps=41.1]
BC[stage1_datasets_L40_stepsweep/bc_shift4_scale_0p8_1p2_steps20000_tr0]:  51%|█████     | 10143/20000 [04:06<04:37, 35.49it/s, acc=0.323, device=mps, eta=4m03s, loss=1.9261, sps=41.1]
BC[stage1_datasets_L40_stepsweep/bc_shift4_scale_0p8_1p2_steps20000_tr0]:  51%|█████     | 10149/20000 [04:06<04:09, 39.43it/s, acc=0.323, device=mps, eta=4m03s, loss=1.9261, sps=41.1]
BC[stage1_datasets_L40_stepsweep/bc_shift4_scale_0p8_1p2_steps20000_tr0]:  51%|█████     | 10155/20000 [04:06<03:49, 42.88it/s, acc=0.323, device=mps, eta=4m03s, loss=1.9261, sps=41.1]
BC[stage1_datasets_L40_stepsweep/bc_shift4_scale_0p8_1p2_steps20000_tr0]:  51%|█████     | 10161/20000 [04:07<04:59, 32.88it/s, acc=0.323, device=mps, eta=4m03s, loss=1.9261, sps=41.1]
BC[stage1_datasets_L40_stepsweep/bc_shift4_scale_0p8_1p2_steps20000_tr0]:  51%|█████     | 10169/20000 [04:07<03:59, 40.98it/s, acc=0.323, device=mps, eta=4m03s, loss=1.9261, sps=41.1]
BC[stage1_datasets_L40_stepsweep/bc_shift4_scale_0p8_1p2_steps20000_tr0]:  51%|█████     | 10177/20000 [04:07<03:23, 48.19it/s, acc=0.323, device=mps, eta=4m03s, loss=1.9261, sps=41.1]
BC[stage1_datasets_L40_stepsweep/bc_shift4_scale_0p8_1p2_steps20000_tr0]:  51%|█████     | 10183/20000 [04:07<04:30, 36.29it/s, acc=0.323, device=mps, eta=4m03s, loss=1.9261, sps=41.1]
BC[stage1_datasets_L40_stepsweep/bc_shift4_scale_0p8_1p2_steps20000_tr0]:  51%|█████     | 10191/20000 [04:07<03:44, 43.72it/s, acc=0.323, device=mps, eta=4m03s, loss=1.9261, sps=41.1]
BC[stage1_datasets_L40_stepsweep/bc_shift4_scale_0p8_1p2_steps20000_tr0]:  51%|█████     | 10199/20000 [04:07<03:15, 50.13it/s, acc=0.323, device=mps, eta=4m03s, loss=1.9261, sps=41.1]
BC[stage1_datasets_L40_stepsweep/bc_shift4_scale_0p8_1p2_steps20000_tr0]:  51%|█████     | 10199/20000 [04:07<03:15, 50.13it/s, acc=0.335, device=mps, eta=3m58s, loss=1.8965, sps=41.1]
BC[stage1_datasets_L40_stepsweep/bc_shift4_scale_0p8_1p2_steps20000_tr0]:  51%|█████     | 10206/20000 [04:08<04:14, 38.41it/s, acc=0.335, device=mps, eta=3m58s, loss=1.8965, sps=41.1]
BC[stage1_datasets_L40_stepsweep/bc_shift4_scale_0p8_1p2_steps20000_tr0]:  51%|█████     | 10214/20000 [04:08<03:35, 45.35it/s, acc=0.335, device=mps, eta=3m58s, loss=1.8965, sps=41.1]
BC[stage1_datasets_L40_stepsweep/bc_shift4_scale_0p8_1p2_steps20000_tr0]:  51%|█████     | 10221/20000 [04:08<04:30, 36.17it/s, acc=0.335, device=mps, eta=3m58s, loss=1.8965, sps=41.1]
BC[stage1_datasets_L40_stepsweep/bc_shift4_scale_0p8_1p2_steps20000_tr0]:  51%|█████     | 10229/20000 [04:08<03:45, 43.25it/s, acc=0.335, device=mps, eta=3m58s, loss=1.8965, sps=41.1]
BC[stage1_datasets_L40_stepsweep/bc_shift4_scale_0p8_1p2_steps20000_tr0]:  51%|█████     | 10237/20000 [04:08<03:16, 49.72it/s, acc=0.335, device=mps, eta=3m58s, loss=1.8965, sps=41.1]
BC[stage1_datasets_L40_stepsweep/bc_shift4_scale_0p8_1p2_steps20000_tr0]:  51%|█████     | 10244/20000 [04:09<04:14, 38.29it/s, acc=0.335, device=mps, eta=3m58s, loss=1.8965, sps=41.1]
BC[stage1_datasets_L40_stepsweep/bc_shift4_scale_0p8_1p2_steps20000_tr0]:  51%|█████▏    | 10252/20000 [04:09<03:35, 45.25it/s, acc=0.335, device=mps, eta=3m58s, loss=1.8965, sps=41.1]
BC[stage1_datasets_L40_stepsweep/bc_shift4_scale_0p8_1p2_steps20000_tr0]:  51%|█████▏    | 10260/20000 [04:09<03:07, 51.84it/s, acc=0.335, device=mps, eta=3m58s, loss=1.8965, sps=41.1]
BC[stage1_datasets_L40_stepsweep/bc_shift4_scale_0p8_1p2_steps20000_tr0]:  51%|█████▏    | 10267/20000 [04:09<04:09, 39.02it/s, acc=0.335, device=mps, eta=3m58s, loss=1.8965, sps=41.1]
BC[stage1_datasets_L40_stepsweep/bc_shift4_scale_0p8_1p2_steps20000_tr0]:  51%|█████▏    | 10275/20000 [04:09<03:32, 45.83it/s, acc=0.335, device=mps, eta=3m58s, loss=1.8965, sps=41.1]
BC[stage1_datasets_L40_stepsweep/bc_shift4_scale_0p8_1p2_steps20000_tr0]:  51%|█████▏    | 10281/20000 [04:09<04:32, 35.61it/s, acc=0.335, device=mps, eta=3m58s, loss=1.8965, sps=41.1]
BC[stage1_datasets_L40_stepsweep/bc_shift4_scale_0p8_1p2_steps20000_tr0]:  51%|█████▏    | 10289/20000 [04:10<03:45, 43.01it/s, acc=0.335, device=mps, eta=3m58s, loss=1.8965, sps=41.1]
BC[stage1_datasets_L40_stepsweep/bc_shift4_scale_0p8_1p2_steps20000_tr0]:  51%|█████▏    | 10297/20000 [04:10<03:15, 49.70it/s, acc=0.335, device=mps, eta=3m58s, loss=1.8965, sps=41.1]
BC[stage1_datasets_L40_stepsweep/bc_shift4_scale_0p8_1p2_steps20000_tr0]:  52%|█████▏    | 10304/20000 [04:10<04:15, 38.01it/s, acc=0.335, device=mps, eta=3m58s, loss=1.8965, sps=41.1]
BC[stage1_datasets_L40_stepsweep/bc_shift4_scale_0p8_1p2_steps20000_tr0]:  52%|█████▏    | 10312/20000 [04:10<03:34, 45.08it/s, acc=0.335, device=mps, eta=3m58s, loss=1.8965, sps=41.1]
BC[stage1_datasets_L40_stepsweep/bc_shift4_scale_0p8_1p2_steps20000_tr0]:  52%|█████▏    | 10321/20000 [04:10<04:17, 37.58it/s, acc=0.335, device=mps, eta=3m58s, loss=1.8965, sps=41.1]
BC[stage1_datasets_L40_stepsweep/bc_shift4_scale_0p8_1p2_steps20000_tr0]:  52%|█████▏    | 10327/20000 [04:11<03:54, 41.30it/s, acc=0.335, device=mps, eta=3m58s, loss=1.8965, sps=41.1]
BC[stage1_datasets_L40_stepsweep/bc_shift4_scale_0p8_1p2_steps20000_tr0]:  52%|█████▏    | 10334/20000 [04:11<03:31, 45.73it/s, acc=0.335, device=mps, eta=3m58s, loss=1.8965, sps=41.1]
BC[stage1_datasets_L40_stepsweep/bc_shift4_scale_0p8_1p2_steps20000_tr0]:  52%|█████▏    | 10341/20000 [04:11<04:31, 35.51it/s, acc=0.335, device=mps, eta=3m58s, loss=1.8965, sps=41.1]
BC[stage1_datasets_L40_stepsweep/bc_shift4_scale_0p8_1p2_steps20000_tr0]:  52%|█████▏    | 10348/20000 [04:11<03:58, 40.52it/s, acc=0.335, device=mps, eta=3m58s, loss=1.8965, sps=41.1]
BC[stage1_datasets_L40_stepsweep/bc_shift4_scale_0p8_1p2_steps20000_tr0]:  52%|█████▏    | 10354/20000 [04:11<03:41, 43.49it/s, acc=0.335, device=mps, eta=3m58s, loss=1.8965, sps=41.1]
BC[stage1_datasets_L40_stepsweep/bc_shift4_scale_0p8_1p2_steps20000_tr0]:  52%|█████▏    | 10361/20000 [04:11<04:45, 33.78it/s, acc=0.335, device=mps, eta=3m58s, loss=1.8965, sps=41.1]
BC[stage1_datasets_L40_stepsweep/bc_shift4_scale_0p8_1p2_steps20000_tr0]:  52%|█████▏    | 10369/20000 [04:12<03:52, 41.44it/s, acc=0.335, device=mps, eta=3m58s, loss=1.8965, sps=41.1]
BC[stage1_datasets_L40_stepsweep/bc_shift4_scale_0p8_1p2_steps20000_tr0]:  52%|█████▏    | 10377/20000 [04:12<03:17, 48.62it/s, acc=0.335, device=mps, eta=3m58s, loss=1.8965, sps=41.1]
BC[stage1_datasets_L40_stepsweep/bc_shift4_scale_0p8_1p2_steps20000_tr0]:  52%|█████▏    | 10383/20000 [04:12<04:22, 36.61it/s, acc=0.335, device=mps, eta=3m58s, loss=1.8965, sps=41.1]
BC[stage1_datasets_L40_stepsweep/bc_shift4_scale_0p8_1p2_steps20000_tr0]:  52%|█████▏    | 10391/20000 [04:12<03:37, 44.28it/s, acc=0.335, device=mps, eta=3m58s, loss=1.8965, sps=41.1]
BC[stage1_datasets_L40_stepsweep/bc_shift4_scale_0p8_1p2_steps20000_tr0]:  52%|█████▏    | 10399/20000 [04:12<03:06, 51.48it/s, acc=0.335, device=mps, eta=3m58s, loss=1.8965, sps=41.1]
BC[stage1_datasets_L40_stepsweep/bc_shift4_scale_0p8_1p2_steps20000_tr0]:  52%|█████▏    | 10399/20000 [04:12<03:06, 51.48it/s, acc=0.325, device=mps, eta=3m53s, loss=1.9317, sps=41.2]
BC[stage1_datasets_L40_stepsweep/bc_shift4_scale_0p8_1p2_steps20000_tr0]:  52%|█████▏    | 10406/20000 [04:12<04:05, 39.03it/s, acc=0.325, device=mps, eta=3m53s, loss=1.9317, sps=41.2]
BC[stage1_datasets_L40_stepsweep/bc_shift4_scale_0p8_1p2_steps20000_tr0]:  52%|█████▏    | 10414/20000 [04:13<03:28, 45.96it/s, acc=0.325, device=mps, eta=3m53s, loss=1.9317, sps=41.2]
BC[stage1_datasets_L40_stepsweep/bc_shift4_scale_0p8_1p2_steps20000_tr0]:  52%|█████▏    | 10421/20000 [04:13<04:22, 36.44it/s, acc=0.325, device=mps, eta=3m53s, loss=1.9317, sps=41.2]
BC[stage1_datasets_L40_stepsweep/bc_shift4_scale_0p8_1p2_steps20000_tr0]:  52%|█████▏    | 10429/20000 [04:13<03:39, 43.58it/s, acc=0.325, device=mps, eta=3m53s, loss=1.9317, sps=41.2]
BC[stage1_datasets_L40_stepsweep/bc_shift4_scale_0p8_1p2_steps20000_tr0]:  52%|█████▏    | 10437/20000 [04:13<03:11, 49.98it/s, acc=0.325, device=mps, eta=3m53s, loss=1.9317, sps=41.2]
BC[stage1_datasets_L40_stepsweep/bc_shift4_scale_0p8_1p2_steps20000_tr0]:  52%|█████▏    | 10444/20000 [04:13<04:09, 38.33it/s, acc=0.325, device=mps, eta=3m53s, loss=1.9317, sps=41.2]
BC[stage1_datasets_L40_stepsweep/bc_shift4_scale_0p8_1p2_steps20000_tr0]:  52%|█████▏    | 10452/20000 [04:13<03:29, 45.50it/s, acc=0.325, device=mps, eta=3m53s, loss=1.9317, sps=41.2]
BC[stage1_datasets_L40_stepsweep/bc_shift4_scale_0p8_1p2_steps20000_tr0]:  52%|█████▏    | 10461/20000 [04:14<04:13, 37.68it/s, acc=0.325, device=mps, eta=3m53s, loss=1.9317, sps=41.2]
BC[stage1_datasets_L40_stepsweep/bc_shift4_scale_0p8_1p2_steps20000_tr0]:  52%|█████▏    | 10467/20000 [04:14<03:56, 40.31it/s, acc=0.325, device=mps, eta=3m53s, loss=1.9317, sps=41.2]
BC[stage1_datasets_L40_stepsweep/bc_shift4_scale_0p8_1p2_steps20000_tr0]:  52%|█████▏    | 10474/20000 [04:14<03:33, 44.72it/s, acc=0.325, device=mps, eta=3m53s, loss=1.9317, sps=41.2]
BC[stage1_datasets_L40_stepsweep/bc_shift4_scale_0p8_1p2_steps20000_tr0]:  52%|█████▏    | 10481/20000 [04:14<04:30, 35.14it/s, acc=0.325, device=mps, eta=3m53s, loss=1.9317, sps=41.2]
BC[stage1_datasets_L40_stepsweep/bc_shift4_scale_0p8_1p2_steps20000_tr0]:  52%|█████▏    | 10489/20000 [04:14<03:44, 42.44it/s, acc=0.325, device=mps, eta=3m53s, loss=1.9317, sps=41.2]
BC[stage1_datasets_L40_stepsweep/bc_shift4_scale_0p8_1p2_steps20000_tr0]:  52%|█████▏    | 10497/20000 [04:15<03:14, 48.97it/s, acc=0.325, device=mps, eta=3m53s, loss=1.9317, sps=41.2]
BC[stage1_datasets_L40_stepsweep/bc_shift4_scale_0p8_1p2_steps20000_tr0]:  53%|█████▎    | 10503/20000 [04:15<04:16, 37.01it/s, acc=0.325, device=mps, eta=3m53s, loss=1.9317, sps=41.2]
BC[stage1_datasets_L40_stepsweep/bc_shift4_scale_0p8_1p2_steps20000_tr0]:  53%|█████▎    | 10511/20000 [04:15<03:33, 44.47it/s, acc=0.325, device=mps, eta=3m53s, loss=1.9317, sps=41.2]
BC[stage1_datasets_L40_stepsweep/bc_shift4_scale_0p8_1p2_steps20000_tr0]:  53%|█████▎    | 10519/20000 [04:15<03:04, 51.52it/s, acc=0.325, device=mps, eta=3m53s, loss=1.9317, sps=41.2]
BC[stage1_datasets_L40_stepsweep/bc_shift4_scale_0p8_1p2_steps20000_tr0]:  53%|█████▎    | 10526/20000 [04:15<04:19, 36.45it/s, acc=0.325, device=mps, eta=3m53s, loss=1.9317, sps=41.2]
BC[stage1_datasets_L40_stepsweep/bc_shift4_scale_0p8_1p2_steps20000_tr0]:  53%|█████▎    | 10532/20000 [04:15<03:59, 39.58it/s, acc=0.325, device=mps, eta=3m53s, loss=1.9317, sps=41.2]
BC[stage1_datasets_L40_stepsweep/bc_shift4_scale_0p8_1p2_steps20000_tr0]:  53%|█████▎    | 10539/20000 [04:16<03:29, 45.20it/s, acc=0.325, device=mps, eta=3m53s, loss=1.9317, sps=41.2]
BC[stage1_datasets_L40_stepsweep/bc_shift4_scale_0p8_1p2_steps20000_tr0]:  53%|█████▎    | 10545/20000 [04:16<04:42, 33.47it/s, acc=0.325, device=mps, eta=3m53s, loss=1.9317, sps=41.2]
BC[stage1_datasets_L40_stepsweep/bc_shift4_scale_0p8_1p2_steps20000_tr0]:  53%|█████▎    | 10551/20000 [04:16<04:11, 37.62it/s, acc=0.325, device=mps, eta=3m53s, loss=1.9317, sps=41.2]
BC[stage1_datasets_L40_stepsweep/bc_shift4_scale_0p8_1p2_steps20000_tr0]:  53%|█████▎    | 10558/20000 [04:16<03:36, 43.64it/s, acc=0.325, device=mps, eta=3m53s, loss=1.9317, sps=41.2]
BC[stage1_datasets_L40_stepsweep/bc_shift4_scale_0p8_1p2_steps20000_tr0]:  53%|█████▎    | 10564/20000 [04:16<04:40, 33.63it/s, acc=0.325, device=mps, eta=3m53s, loss=1.9317, sps=41.2]
BC[stage1_datasets_L40_stepsweep/bc_shift4_scale_0p8_1p2_steps20000_tr0]:  53%|█████▎    | 10572/20000 [04:16<03:45, 41.74it/s, acc=0.325, device=mps, eta=3m53s, loss=1.9317, sps=41.2]
BC[stage1_datasets_L40_stepsweep/bc_shift4_scale_0p8_1p2_steps20000_tr0]:  53%|█████▎    | 10581/20000 [04:17<04:25, 35.49it/s, acc=0.325, device=mps, eta=3m53s, loss=1.9317, sps=41.2]
BC[stage1_datasets_L40_stepsweep/bc_shift4_scale_0p8_1p2_steps20000_tr0]:  53%|█████▎    | 10587/20000 [04:17<04:04, 38.47it/s, acc=0.325, device=mps, eta=3m53s, loss=1.9317, sps=41.2]
BC[stage1_datasets_L40_stepsweep/bc_shift4_scale_0p8_1p2_steps20000_tr0]:  53%|█████▎    | 10594/20000 [04:17<03:36, 43.43it/s, acc=0.325, device=mps, eta=3m53s, loss=1.9317, sps=41.2]
BC[stage1_datasets_L40_stepsweep/bc_shift4_scale_0p8_1p2_steps20000_tr0]:  53%|█████▎    | 10594/20000 [04:17<03:36, 43.43it/s, acc=0.334, device=mps, eta=3m48s, loss=1.9001, sps=41.1]
BC[stage1_datasets_L40_stepsweep/bc_shift4_scale_0p8_1p2_steps20000_tr0]:  53%|█████▎    | 10601/20000 [04:17<04:34, 34.27it/s, acc=0.334, device=mps, eta=3m48s, loss=1.9001, sps=41.1]
BC[stage1_datasets_L40_stepsweep/bc_shift4_scale_0p8_1p2_steps20000_tr0]:  53%|█████▎    | 10609/20000 [04:17<03:45, 41.69it/s, acc=0.334, device=mps, eta=3m48s, loss=1.9001, sps=41.1]
BC[stage1_datasets_L40_stepsweep/bc_shift4_scale_0p8_1p2_steps20000_tr0]:  53%|█████▎    | 10617/20000 [04:18<03:13, 48.42it/s, acc=0.334, device=mps, eta=3m48s, loss=1.9001, sps=41.1]
BC[stage1_datasets_L40_stepsweep/bc_shift4_scale_0p8_1p2_steps20000_tr0]:  53%|█████▎    | 10623/20000 [04:18<04:15, 36.67it/s, acc=0.334, device=mps, eta=3m48s, loss=1.9001, sps=41.1]
BC[stage1_datasets_L40_stepsweep/bc_shift4_scale_0p8_1p2_steps20000_tr0]:  53%|█████▎    | 10631/20000 [04:18<03:33, 43.97it/s, acc=0.334, device=mps, eta=3m48s, loss=1.9001, sps=41.1]
BC[stage1_datasets_L40_stepsweep/bc_shift4_scale_0p8_1p2_steps20000_tr0]:  53%|█████▎    | 10639/20000 [04:18<03:05, 50.53it/s, acc=0.334, device=mps, eta=3m48s, loss=1.9001, sps=41.1]
BC[stage1_datasets_L40_stepsweep/bc_shift4_scale_0p8_1p2_steps20000_tr0]:  53%|█████▎    | 10646/20000 [04:18<04:02, 38.58it/s, acc=0.334, device=mps, eta=3m48s, loss=1.9001, sps=41.1]
BC[stage1_datasets_L40_stepsweep/bc_shift4_scale_0p8_1p2_steps20000_tr0]:  53%|█████▎    | 10654/20000 [04:18<03:25, 45.46it/s, acc=0.334, device=mps, eta=3m48s, loss=1.9001, sps=41.1]
BC[stage1_datasets_L40_stepsweep/bc_shift4_scale_0p8_1p2_steps20000_tr0]:  53%|█████▎    | 10661/20000 [04:19<04:18, 36.07it/s, acc=0.334, device=mps, eta=3m48s, loss=1.9001, sps=41.1]
BC[stage1_datasets_L40_stepsweep/bc_shift4_scale_0p8_1p2_steps20000_tr0]:  53%|█████▎    | 10669/20000 [04:19<03:35, 43.24it/s, acc=0.334, device=mps, eta=3m48s, loss=1.9001, sps=41.1]
BC[stage1_datasets_L40_stepsweep/bc_shift4_scale_0p8_1p2_steps20000_tr0]:  53%|█████▎    | 10677/20000 [04:19<03:05, 50.24it/s, acc=0.334, device=mps, eta=3m48s, loss=1.9001, sps=41.1]
BC[stage1_datasets_L40_stepsweep/bc_shift4_scale_0p8_1p2_steps20000_tr0]:  53%|█████▎    | 10684/20000 [04:19<04:03, 38.20it/s, acc=0.334, device=mps, eta=3m48s, loss=1.9001, sps=41.1]
BC[stage1_datasets_L40_stepsweep/bc_shift4_scale_0p8_1p2_steps20000_tr0]:  53%|█████▎    | 10690/20000 [04:19<03:45, 41.20it/s, acc=0.334, device=mps, eta=3m48s, loss=1.9001, sps=41.1]
BC[stage1_datasets_L40_stepsweep/bc_shift4_scale_0p8_1p2_steps20000_tr0]:  53%|█████▎    | 10697/20000 [04:19<03:21, 46.08it/s, acc=0.334, device=mps, eta=3m48s, loss=1.9001, sps=41.1]
BC[stage1_datasets_L40_stepsweep/bc_shift4_scale_0p8_1p2_steps20000_tr0]:  54%|█████▎    | 10703/20000 [04:20<04:25, 35.04it/s, acc=0.334, device=mps, eta=3m48s, loss=1.9001, sps=41.1]
BC[stage1_datasets_L40_stepsweep/bc_shift4_scale_0p8_1p2_steps20000_tr0]:  54%|█████▎    | 10711/20000 [04:20<03:37, 42.75it/s, acc=0.334, device=mps, eta=3m48s, loss=1.9001, sps=41.1]
BC[stage1_datasets_L40_stepsweep/bc_shift4_scale_0p8_1p2_steps20000_tr0]:  54%|█████▎    | 10719/20000 [04:20<03:07, 49.39it/s, acc=0.334, device=mps, eta=3m48s, loss=1.9001, sps=41.1]
BC[stage1_datasets_L40_stepsweep/bc_shift4_scale_0p8_1p2_steps20000_tr0]:  54%|█████▎    | 10725/20000 [04:20<04:09, 37.15it/s, acc=0.334, device=mps, eta=3m48s, loss=1.9001, sps=41.1]
BC[stage1_datasets_L40_stepsweep/bc_shift4_scale_0p8_1p2_steps20000_tr0]:  54%|█████▎    | 10733/20000 [04:20<03:27, 44.62it/s, acc=0.334, device=mps, eta=3m48s, loss=1.9001, sps=41.1]
BC[stage1_datasets_L40_stepsweep/bc_shift4_scale_0p8_1p2_steps20000_tr0]:  54%|█████▎    | 10741/20000 [04:21<04:14, 36.32it/s, acc=0.334, device=mps, eta=3m48s, loss=1.9001, sps=41.1]
BC[stage1_datasets_L40_stepsweep/bc_shift4_scale_0p8_1p2_steps20000_tr0]:  54%|█████▎    | 10749/20000 [04:21<03:33, 43.34it/s, acc=0.334, device=mps, eta=3m48s, loss=1.9001, sps=41.1]
BC[stage1_datasets_L40_stepsweep/bc_shift4_scale_0p8_1p2_steps20000_tr0]:  54%|█████▍    | 10757/20000 [04:21<03:05, 49.95it/s, acc=0.334, device=mps, eta=3m48s, loss=1.9001, sps=41.1]
BC[stage1_datasets_L40_stepsweep/bc_shift4_scale_0p8_1p2_steps20000_tr0]:  54%|█████▍    | 10764/20000 [04:21<04:01, 38.28it/s, acc=0.334, device=mps, eta=3m48s, loss=1.9001, sps=41.1]
BC[stage1_datasets_L40_stepsweep/bc_shift4_scale_0p8_1p2_steps20000_tr0]:  54%|█████▍    | 10772/20000 [04:21<03:24, 45.21it/s, acc=0.334, device=mps, eta=3m48s, loss=1.9001, sps=41.1]
BC[stage1_datasets_L40_stepsweep/bc_shift4_scale_0p8_1p2_steps20000_tr0]:  54%|█████▍    | 10780/20000 [04:21<02:57, 51.99it/s, acc=0.334, device=mps, eta=3m48s, loss=1.9001, sps=41.1]
BC[stage1_datasets_L40_stepsweep/bc_shift4_scale_0p8_1p2_steps20000_tr0]:  54%|█████▍    | 10787/20000 [04:22<03:56, 38.90it/s, acc=0.334, device=mps, eta=3m48s, loss=1.9001, sps=41.1]
BC[stage1_datasets_L40_stepsweep/bc_shift4_scale_0p8_1p2_steps20000_tr0]:  54%|█████▍    | 10795/20000 [04:22<03:21, 45.65it/s, acc=0.334, device=mps, eta=3m48s, loss=1.9001, sps=41.1]
BC[stage1_datasets_L40_stepsweep/bc_shift4_scale_0p8_1p2_steps20000_tr0]:  54%|█████▍    | 10795/20000 [04:22<03:21, 45.65it/s, acc=0.331, device=mps, eta=3m43s, loss=1.9096, sps=41.2]
BC[stage1_datasets_L40_stepsweep/bc_shift4_scale_0p8_1p2_steps20000_tr0]:  54%|█████▍    | 10801/20000 [04:22<04:19, 35.50it/s, acc=0.331, device=mps, eta=3m43s, loss=1.9096, sps=41.2]
BC[stage1_datasets_L40_stepsweep/bc_shift4_scale_0p8_1p2_steps20000_tr0]:  54%|█████▍    | 10809/20000 [04:22<03:34, 42.86it/s, acc=0.331, device=mps, eta=3m43s, loss=1.9096, sps=41.2]
BC[stage1_datasets_L40_stepsweep/bc_shift4_scale_0p8_1p2_steps20000_tr0]:  54%|█████▍    | 10817/20000 [04:22<03:04, 49.64it/s, acc=0.331, device=mps, eta=3m43s, loss=1.9096, sps=41.2]
BC[stage1_datasets_L40_stepsweep/bc_shift4_scale_0p8_1p2_steps20000_tr0]:  54%|█████▍    | 10824/20000 [04:23<04:01, 38.02it/s, acc=0.331, device=mps, eta=3m43s, loss=1.9096, sps=41.2]
BC[stage1_datasets_L40_stepsweep/bc_shift4_scale_0p8_1p2_steps20000_tr0]:  54%|█████▍    | 10832/20000 [04:23<03:22, 45.22it/s, acc=0.331, device=mps, eta=3m43s, loss=1.9096, sps=41.2]
BC[stage1_datasets_L40_stepsweep/bc_shift4_scale_0p8_1p2_steps20000_tr0]:  54%|█████▍    | 10841/20000 [04:23<04:04, 37.48it/s, acc=0.331, device=mps, eta=3m43s, loss=1.9096, sps=41.2]
BC[stage1_datasets_L40_stepsweep/bc_shift4_scale_0p8_1p2_steps20000_tr0]:  54%|█████▍    | 10849/20000 [04:23<03:27, 44.20it/s, acc=0.331, device=mps, eta=3m43s, loss=1.9096, sps=41.2]
BC[stage1_datasets_L40_stepsweep/bc_shift4_scale_0p8_1p2_steps20000_tr0]:  54%|█████▍    | 10857/20000 [04:23<03:02, 50.23it/s, acc=0.331, device=mps, eta=3m43s, loss=1.9096, sps=41.2]
BC[stage1_datasets_L40_stepsweep/bc_shift4_scale_0p8_1p2_steps20000_tr0]:  54%|█████▍    | 10864/20000 [04:23<03:56, 38.60it/s, acc=0.331, device=mps, eta=3m43s, loss=1.9096, sps=41.2]
BC[stage1_datasets_L40_stepsweep/bc_shift4_scale_0p8_1p2_steps20000_tr0]:  54%|█████▍    | 10872/20000 [04:24<03:20, 45.41it/s, acc=0.331, device=mps, eta=3m43s, loss=1.9096, sps=41.2]
BC[stage1_datasets_L40_stepsweep/bc_shift4_scale_0p8_1p2_steps20000_tr0]:  54%|█████▍    | 10880/20000 [04:24<02:55, 52.10it/s, acc=0.331, device=mps, eta=3m43s, loss=1.9096, sps=41.2]
BC[stage1_datasets_L40_stepsweep/bc_shift4_scale_0p8_1p2_steps20000_tr0]:  54%|█████▍    | 10887/20000 [04:24<03:53, 39.00it/s, acc=0.331, device=mps, eta=3m43s, loss=1.9096, sps=41.2]
BC[stage1_datasets_L40_stepsweep/bc_shift4_scale_0p8_1p2_steps20000_tr0]:  54%|█████▍    | 10895/20000 [04:24<03:19, 45.55it/s, acc=0.331, device=mps, eta=3m43s, loss=1.9096, sps=41.2]
BC[stage1_datasets_L40_stepsweep/bc_shift4_scale_0p8_1p2_steps20000_tr0]:  55%|█████▍    | 10901/20000 [04:24<04:15, 35.56it/s, acc=0.331, device=mps, eta=3m43s, loss=1.9096, sps=41.2]
BC[stage1_datasets_L40_stepsweep/bc_shift4_scale_0p8_1p2_steps20000_tr0]:  55%|█████▍    | 10909/20000 [04:24<03:32, 42.81it/s, acc=0.331, device=mps, eta=3m43s, loss=1.9096, sps=41.2]
BC[stage1_datasets_L40_stepsweep/bc_shift4_scale_0p8_1p2_steps20000_tr0]:  55%|█████▍    | 10917/20000 [04:25<03:04, 49.21it/s, acc=0.331, device=mps, eta=3m43s, loss=1.9096, sps=41.2]
BC[stage1_datasets_L40_stepsweep/bc_shift4_scale_0p8_1p2_steps20000_tr0]:  55%|█████▍    | 10924/20000 [04:25<03:58, 37.99it/s, acc=0.331, device=mps, eta=3m43s, loss=1.9096, sps=41.2]
BC[stage1_datasets_L40_stepsweep/bc_shift4_scale_0p8_1p2_steps20000_tr0]:  55%|█████▍    | 10932/20000 [04:25<03:21, 45.08it/s, acc=0.331, device=mps, eta=3m43s, loss=1.9096, sps=41.2]
BC[stage1_datasets_L40_stepsweep/bc_shift4_scale_0p8_1p2_steps20000_tr0]:  55%|█████▍    | 10941/20000 [04:25<04:00, 37.60it/s, acc=0.331, device=mps, eta=3m43s, loss=1.9096, sps=41.2]
BC[stage1_datasets_L40_stepsweep/bc_shift4_scale_0p8_1p2_steps20000_tr0]:  55%|█████▍    | 10949/20000 [04:25<03:24, 44.27it/s, acc=0.331, device=mps, eta=3m43s, loss=1.9096, sps=41.2]
BC[stage1_datasets_L40_stepsweep/bc_shift4_scale_0p8_1p2_steps20000_tr0]:  55%|█████▍    | 10957/20000 [04:26<02:59, 50.25it/s, acc=0.331, device=mps, eta=3m43s, loss=1.9096, sps=41.2]
BC[stage1_datasets_L40_stepsweep/bc_shift4_scale_0p8_1p2_steps20000_tr0]:  55%|█████▍    | 10964/20000 [04:26<03:53, 38.62it/s, acc=0.331, device=mps, eta=3m43s, loss=1.9096, sps=41.2]
BC[stage1_datasets_L40_stepsweep/bc_shift4_scale_0p8_1p2_steps20000_tr0]:  55%|█████▍    | 10972/20000 [04:26<03:19, 45.15it/s, acc=0.331, device=mps, eta=3m43s, loss=1.9096, sps=41.2]
BC[stage1_datasets_L40_stepsweep/bc_shift4_scale_0p8_1p2_steps20000_tr0]:  55%|█████▍    | 10980/20000 [04:26<02:55, 51.47it/s, acc=0.331, device=mps, eta=3m43s, loss=1.9096, sps=41.2]
BC[stage1_datasets_L40_stepsweep/bc_shift4_scale_0p8_1p2_steps20000_tr0]:  55%|█████▍    | 10987/20000 [04:26<04:01, 37.27it/s, acc=0.331, device=mps, eta=3m43s, loss=1.9096, sps=41.2]
BC[stage1_datasets_L40_stepsweep/bc_shift4_scale_0p8_1p2_steps20000_tr0]:  55%|█████▍    | 10993/20000 [04:27<03:49, 39.17it/s, acc=0.331, device=mps, eta=3m43s, loss=1.9096, sps=41.2]
BC[stage1_datasets_L40_stepsweep/bc_shift4_scale_0p8_1p2_steps20000_tr0]:  55%|█████▍    | 10999/20000 [04:27<03:32, 42.26it/s, acc=0.331, device=mps, eta=3m43s, loss=1.9096, sps=41.2]
BC[stage1_datasets_L40_stepsweep/bc_shift4_scale_0p8_1p2_steps20000_tr0]:  55%|█████▍    | 10999/20000 [04:27<03:32, 42.26it/s, acc=0.335, device=mps, eta=3m39s, loss=1.8877, sps=41.2]
BC[stage1_datasets_L40_stepsweep/bc_shift4_scale_0p8_1p2_steps20000_tr0]:  55%|█████▌    | 11005/20000 [04:27<04:31, 33.18it/s, acc=0.335, device=mps, eta=3m39s, loss=1.8877, sps=41.2]
BC[stage1_datasets_L40_stepsweep/bc_shift4_scale_0p8_1p2_steps20000_tr0]:  55%|█████▌    | 11013/20000 [04:27<03:39, 40.92it/s, acc=0.335, device=mps, eta=3m39s, loss=1.8877, sps=41.2]
BC[stage1_datasets_L40_stepsweep/bc_shift4_scale_0p8_1p2_steps20000_tr0]:  55%|█████▌    | 11021/20000 [04:27<04:20, 34.52it/s, acc=0.335, device=mps, eta=3m39s, loss=1.8877, sps=41.2]
BC[stage1_datasets_L40_stepsweep/bc_shift4_scale_0p8_1p2_steps20000_tr0]:  55%|█████▌    | 11029/20000 [04:27<03:35, 41.72it/s, acc=0.335, device=mps, eta=3m39s, loss=1.8877, sps=41.2]
BC[stage1_datasets_L40_stepsweep/bc_shift4_scale_0p8_1p2_steps20000_tr0]:  55%|█████▌    | 11037/20000 [04:28<03:06, 48.16it/s, acc=0.335, device=mps, eta=3m39s, loss=1.8877, sps=41.2]
BC[stage1_datasets_L40_stepsweep/bc_shift4_scale_0p8_1p2_steps20000_tr0]:  55%|█████▌    | 11043/20000 [04:28<04:03, 36.81it/s, acc=0.335, device=mps, eta=3m39s, loss=1.8877, sps=41.2]
BC[stage1_datasets_L40_stepsweep/bc_shift4_scale_0p8_1p2_steps20000_tr0]:  55%|█████▌    | 11051/20000 [04:28<03:23, 44.08it/s, acc=0.335, device=mps, eta=3m39s, loss=1.8877, sps=41.2]
BC[stage1_datasets_L40_stepsweep/bc_shift4_scale_0p8_1p2_steps20000_tr0]:  55%|█████▌    | 11059/20000 [04:28<02:57, 50.27it/s, acc=0.335, device=mps, eta=3m39s, loss=1.8877, sps=41.2]
BC[stage1_datasets_L40_stepsweep/bc_shift4_scale_0p8_1p2_steps20000_tr0]:  55%|█████▌    | 11066/20000 [04:28<03:58, 37.53it/s, acc=0.335, device=mps, eta=3m39s, loss=1.8877, sps=41.2]
BC[stage1_datasets_L40_stepsweep/bc_shift4_scale_0p8_1p2_steps20000_tr0]:  55%|█████▌    | 11071/20000 [04:28<03:48, 39.01it/s, acc=0.335, device=mps, eta=3m39s, loss=1.8877, sps=41.2]
BC[stage1_datasets_L40_stepsweep/bc_shift4_scale_0p8_1p2_steps20000_tr0]:  55%|█████▌    | 11076/20000 [04:29<03:36, 41.14it/s, acc=0.335, device=mps, eta=3m39s, loss=1.8877, sps=41.2]
BC[stage1_datasets_L40_stepsweep/bc_shift4_scale_0p8_1p2_steps20000_tr0]:  55%|█████▌    | 11081/20000 [04:29<04:51, 30.55it/s, acc=0.335, device=mps, eta=3m39s, loss=1.8877, sps=41.2]
BC[stage1_datasets_L40_stepsweep/bc_shift4_scale_0p8_1p2_steps20000_tr0]:  55%|█████▌    | 11089/20000 [04:29<03:47, 39.18it/s, acc=0.335, device=mps, eta=3m39s, loss=1.8877, sps=41.2]
BC[stage1_datasets_L40_stepsweep/bc_shift4_scale_0p8_1p2_steps20000_tr0]:  55%|█████▌    | 11097/20000 [04:29<03:10, 46.72it/s, acc=0.335, device=mps, eta=3m39s, loss=1.8877, sps=41.2]
BC[stage1_datasets_L40_stepsweep/bc_shift4_scale_0p8_1p2_steps20000_tr0]:  56%|█████▌    | 11103/20000 [04:29<04:11, 35.43it/s, acc=0.335, device=mps, eta=3m39s, loss=1.8877, sps=41.2]
BC[stage1_datasets_L40_stepsweep/bc_shift4_scale_0p8_1p2_steps20000_tr0]:  56%|█████▌    | 11111/20000 [04:29<03:25, 43.20it/s, acc=0.335, device=mps, eta=3m39s, loss=1.8877, sps=41.2]
BC[stage1_datasets_L40_stepsweep/bc_shift4_scale_0p8_1p2_steps20000_tr0]:  56%|█████▌    | 11119/20000 [04:30<02:58, 49.84it/s, acc=0.335, device=mps, eta=3m39s, loss=1.8877, sps=41.2]
BC[stage1_datasets_L40_stepsweep/bc_shift4_scale_0p8_1p2_steps20000_tr0]:  56%|█████▌    | 11126/20000 [04:30<03:53, 38.06it/s, acc=0.335, device=mps, eta=3m39s, loss=1.8877, sps=41.2]
BC[stage1_datasets_L40_stepsweep/bc_shift4_scale_0p8_1p2_steps20000_tr0]:  56%|█████▌    | 11134/20000 [04:30<03:16, 45.05it/s, acc=0.335, device=mps, eta=3m39s, loss=1.8877, sps=41.2]
BC[stage1_datasets_L40_stepsweep/bc_shift4_scale_0p8_1p2_steps20000_tr0]:  56%|█████▌    | 11141/20000 [04:30<04:06, 35.92it/s, acc=0.335, device=mps, eta=3m39s, loss=1.8877, sps=41.2]
BC[stage1_datasets_L40_stepsweep/bc_shift4_scale_0p8_1p2_steps20000_tr0]:  56%|█████▌    | 11149/20000 [04:30<03:26, 42.96it/s, acc=0.335, device=mps, eta=3m39s, loss=1.8877, sps=41.2]
BC[stage1_datasets_L40_stepsweep/bc_shift4_scale_0p8_1p2_steps20000_tr0]:  56%|█████▌    | 11157/20000 [04:30<02:59, 49.31it/s, acc=0.335, device=mps, eta=3m39s, loss=1.8877, sps=41.2]
BC[stage1_datasets_L40_stepsweep/bc_shift4_scale_0p8_1p2_steps20000_tr0]:  56%|█████▌    | 11164/20000 [04:31<03:51, 38.21it/s, acc=0.335, device=mps, eta=3m39s, loss=1.8877, sps=41.2]
BC[stage1_datasets_L40_stepsweep/bc_shift4_scale_0p8_1p2_steps20000_tr0]:  56%|█████▌    | 11172/20000 [04:31<03:15, 45.21it/s, acc=0.335, device=mps, eta=3m39s, loss=1.8877, sps=41.2]
BC[stage1_datasets_L40_stepsweep/bc_shift4_scale_0p8_1p2_steps20000_tr0]:  56%|█████▌    | 11180/20000 [04:31<02:49, 52.12it/s, acc=0.335, device=mps, eta=3m39s, loss=1.8877, sps=41.2]
BC[stage1_datasets_L40_stepsweep/bc_shift4_scale_0p8_1p2_steps20000_tr0]:  56%|█████▌    | 11187/20000 [04:31<03:46, 38.88it/s, acc=0.335, device=mps, eta=3m39s, loss=1.8877, sps=41.2]
BC[stage1_datasets_L40_stepsweep/bc_shift4_scale_0p8_1p2_steps20000_tr0]:  56%|█████▌    | 11195/20000 [04:31<03:13, 45.51it/s, acc=0.335, device=mps, eta=3m39s, loss=1.8877, sps=41.2]
BC[stage1_datasets_L40_stepsweep/bc_shift4_scale_0p8_1p2_steps20000_tr0]:  56%|█████▌    | 11195/20000 [04:31<03:13, 45.51it/s, acc=0.336, device=mps, eta=3m34s, loss=1.8962, sps=41.2]
BC[stage1_datasets_L40_stepsweep/bc_shift4_scale_0p8_1p2_steps20000_tr0]:  56%|█████▌    | 11201/20000 [04:32<04:10, 35.06it/s, acc=0.336, device=mps, eta=3m34s, loss=1.8962, sps=41.2]
BC[stage1_datasets_L40_stepsweep/bc_shift4_scale_0p8_1p2_steps20000_tr0]:  56%|█████▌    | 11207/20000 [04:32<03:43, 39.26it/s, acc=0.336, device=mps, eta=3m34s, loss=1.8962, sps=41.2]
BC[stage1_datasets_L40_stepsweep/bc_shift4_scale_0p8_1p2_steps20000_tr0]:  56%|█████▌    | 11213/20000 [04:32<03:31, 41.52it/s, acc=0.336, device=mps, eta=3m34s, loss=1.8962, sps=41.2]
BC[stage1_datasets_L40_stepsweep/bc_shift4_scale_0p8_1p2_steps20000_tr0]:  56%|█████▌    | 11219/20000 [04:32<03:17, 44.43it/s, acc=0.336, device=mps, eta=3m34s, loss=1.8962, sps=41.2]
BC[stage1_datasets_L40_stepsweep/bc_shift4_scale_0p8_1p2_steps20000_tr0]:  56%|█████▌    | 11225/20000 [04:32<04:31, 32.31it/s, acc=0.336, device=mps, eta=3m34s, loss=1.8962, sps=41.2]
BC[stage1_datasets_L40_stepsweep/bc_shift4_scale_0p8_1p2_steps20000_tr0]:  56%|█████▌    | 11231/20000 [04:32<03:58, 36.81it/s, acc=0.336, device=mps, eta=3m34s, loss=1.8962, sps=41.2]
BC[stage1_datasets_L40_stepsweep/bc_shift4_scale_0p8_1p2_steps20000_tr0]:  56%|█████▌    | 11238/20000 [04:32<03:24, 42.90it/s, acc=0.336, device=mps, eta=3m34s, loss=1.8962, sps=41.2]
BC[stage1_datasets_L40_stepsweep/bc_shift4_scale_0p8_1p2_steps20000_tr0]:  56%|█████▌    | 11244/20000 [04:33<04:23, 33.27it/s, acc=0.336, device=mps, eta=3m34s, loss=1.8962, sps=41.2]
BC[stage1_datasets_L40_stepsweep/bc_shift4_scale_0p8_1p2_steps20000_tr0]:  56%|█████▋    | 11252/20000 [04:33<03:31, 41.28it/s, acc=0.336, device=mps, eta=3m34s, loss=1.8962, sps=41.2]
BC[stage1_datasets_L40_stepsweep/bc_shift4_scale_0p8_1p2_steps20000_tr0]:  56%|█████▋    | 11260/20000 [04:33<02:58, 48.85it/s, acc=0.336, device=mps, eta=3m34s, loss=1.8962, sps=41.2]
BC[stage1_datasets_L40_stepsweep/bc_shift4_scale_0p8_1p2_steps20000_tr0]:  56%|█████▋    | 11266/20000 [04:33<03:59, 36.43it/s, acc=0.336, device=mps, eta=3m34s, loss=1.8962, sps=41.2]
BC[stage1_datasets_L40_stepsweep/bc_shift4_scale_0p8_1p2_steps20000_tr0]:  56%|█████▋    | 11274/20000 [04:33<03:19, 43.82it/s, acc=0.336, device=mps, eta=3m34s, loss=1.8962, sps=41.2]
BC[stage1_datasets_L40_stepsweep/bc_shift4_scale_0p8_1p2_steps20000_tr0]:  56%|█████▋    | 11281/20000 [04:34<04:04, 35.67it/s, acc=0.336, device=mps, eta=3m34s, loss=1.8962, sps=41.2]
BC[stage1_datasets_L40_stepsweep/bc_shift4_scale_0p8_1p2_steps20000_tr0]:  56%|█████▋    | 11289/20000 [04:34<03:22, 43.10it/s, acc=0.336, device=mps, eta=3m34s, loss=1.8962, sps=41.2]
BC[stage1_datasets_L40_stepsweep/bc_shift4_scale_0p8_1p2_steps20000_tr0]:  56%|█████▋    | 11297/20000 [04:34<02:53, 50.24it/s, acc=0.336, device=mps, eta=3m34s, loss=1.8962, sps=41.2]
BC[stage1_datasets_L40_stepsweep/bc_shift4_scale_0p8_1p2_steps20000_tr0]:  57%|█████▋    | 11304/20000 [04:34<03:45, 38.50it/s, acc=0.336, device=mps, eta=3m34s, loss=1.8962, sps=41.2]
BC[stage1_datasets_L40_stepsweep/bc_shift4_scale_0p8_1p2_steps20000_tr0]:  57%|█████▋    | 11312/20000 [04:34<03:11, 45.46it/s, acc=0.336, device=mps, eta=3m34s, loss=1.8962, sps=41.2]
BC[stage1_datasets_L40_stepsweep/bc_shift4_scale_0p8_1p2_steps20000_tr0]:  57%|█████▋    | 11321/20000 [04:35<03:50, 37.70it/s, acc=0.336, device=mps, eta=3m34s, loss=1.8962, sps=41.2]
BC[stage1_datasets_L40_stepsweep/bc_shift4_scale_0p8_1p2_steps20000_tr0]:  57%|█████▋    | 11329/20000 [04:35<03:15, 44.30it/s, acc=0.336, device=mps, eta=3m34s, loss=1.8962, sps=41.2]
BC[stage1_datasets_L40_stepsweep/bc_shift4_scale_0p8_1p2_steps20000_tr0]:  57%|█████▋    | 11337/20000 [04:35<02:52, 50.18it/s, acc=0.336, device=mps, eta=3m34s, loss=1.8962, sps=41.2]
BC[stage1_datasets_L40_stepsweep/bc_shift4_scale_0p8_1p2_steps20000_tr0]:  57%|█████▋    | 11344/20000 [04:35<03:44, 38.60it/s, acc=0.336, device=mps, eta=3m34s, loss=1.8962, sps=41.2]
BC[stage1_datasets_L40_stepsweep/bc_shift4_scale_0p8_1p2_steps20000_tr0]:  57%|█████▋    | 11352/20000 [04:35<03:11, 45.17it/s, acc=0.336, device=mps, eta=3m34s, loss=1.8962, sps=41.2]
BC[stage1_datasets_L40_stepsweep/bc_shift4_scale_0p8_1p2_steps20000_tr0]:  57%|█████▋    | 11360/20000 [04:35<02:48, 51.26it/s, acc=0.336, device=mps, eta=3m34s, loss=1.8962, sps=41.2]
BC[stage1_datasets_L40_stepsweep/bc_shift4_scale_0p8_1p2_steps20000_tr0]:  57%|█████▋    | 11367/20000 [04:36<03:48, 37.73it/s, acc=0.336, device=mps, eta=3m34s, loss=1.8962, sps=41.2]
BC[stage1_datasets_L40_stepsweep/bc_shift4_scale_0p8_1p2_steps20000_tr0]:  57%|█████▋    | 11373/20000 [04:36<03:29, 41.16it/s, acc=0.336, device=mps, eta=3m34s, loss=1.8962, sps=41.2]
BC[stage1_datasets_L40_stepsweep/bc_shift4_scale_0p8_1p2_steps20000_tr0]:  57%|█████▋    | 11381/20000 [04:36<04:13, 34.01it/s, acc=0.336, device=mps, eta=3m34s, loss=1.8962, sps=41.2]
BC[stage1_datasets_L40_stepsweep/bc_shift4_scale_0p8_1p2_steps20000_tr0]:  57%|█████▋    | 11389/20000 [04:36<03:29, 41.16it/s, acc=0.336, device=mps, eta=3m34s, loss=1.8962, sps=41.2]
BC[stage1_datasets_L40_stepsweep/bc_shift4_scale_0p8_1p2_steps20000_tr0]:  57%|█████▋    | 11397/20000 [04:36<02:59, 47.88it/s, acc=0.336, device=mps, eta=3m34s, loss=1.8962, sps=41.2]
BC[stage1_datasets_L40_stepsweep/bc_shift4_scale_0p8_1p2_steps20000_tr0]:  57%|█████▋    | 11397/20000 [04:36<02:59, 47.88it/s, acc=0.343, device=mps, eta=3m29s, loss=1.8717, sps=41.2]
BC[stage1_datasets_L40_stepsweep/bc_shift4_scale_0p8_1p2_steps20000_tr0]:  57%|█████▋    | 11403/20000 [04:37<03:55, 36.52it/s, acc=0.343, device=mps, eta=3m29s, loss=1.8717, sps=41.2]
BC[stage1_datasets_L40_stepsweep/bc_shift4_scale_0p8_1p2_steps20000_tr0]:  57%|█████▋    | 11411/20000 [04:37<03:16, 43.73it/s, acc=0.343, device=mps, eta=3m29s, loss=1.8717, sps=41.2]
BC[stage1_datasets_L40_stepsweep/bc_shift4_scale_0p8_1p2_steps20000_tr0]:  57%|█████▋    | 11419/20000 [04:37<02:51, 50.05it/s, acc=0.343, device=mps, eta=3m29s, loss=1.8717, sps=41.2]
BC[stage1_datasets_L40_stepsweep/bc_shift4_scale_0p8_1p2_steps20000_tr0]:  57%|█████▋    | 11426/20000 [04:37<03:43, 38.40it/s, acc=0.343, device=mps, eta=3m29s, loss=1.8717, sps=41.2]
BC[stage1_datasets_L40_stepsweep/bc_shift4_scale_0p8_1p2_steps20000_tr0]:  57%|█████▋    | 11434/20000 [04:37<03:09, 45.18it/s, acc=0.343, device=mps, eta=3m29s, loss=1.8717, sps=41.2]
BC[stage1_datasets_L40_stepsweep/bc_shift4_scale_0p8_1p2_steps20000_tr0]:  57%|█████▋    | 11441/20000 [04:37<03:56, 36.15it/s, acc=0.343, device=mps, eta=3m29s, loss=1.8717, sps=41.2]
BC[stage1_datasets_L40_stepsweep/bc_shift4_scale_0p8_1p2_steps20000_tr0]:  57%|█████▋    | 11449/20000 [04:38<03:18, 43.15it/s, acc=0.343, device=mps, eta=3m29s, loss=1.8717, sps=41.2]
BC[stage1_datasets_L40_stepsweep/bc_shift4_scale_0p8_1p2_steps20000_tr0]:  57%|█████▋    | 11457/20000 [04:38<02:53, 49.30it/s, acc=0.343, device=mps, eta=3m29s, loss=1.8717, sps=41.2]
BC[stage1_datasets_L40_stepsweep/bc_shift4_scale_0p8_1p2_steps20000_tr0]:  57%|█████▋    | 11464/20000 [04:38<03:47, 37.60it/s, acc=0.343, device=mps, eta=3m29s, loss=1.8717, sps=41.2]
BC[stage1_datasets_L40_stepsweep/bc_shift4_scale_0p8_1p2_steps20000_tr0]:  57%|█████▋    | 11471/20000 [04:38<03:21, 42.33it/s, acc=0.343, device=mps, eta=3m29s, loss=1.8717, sps=41.2]
BC[stage1_datasets_L40_stepsweep/bc_shift4_scale_0p8_1p2_steps20000_tr0]:  57%|█████▋    | 11477/20000 [04:38<03:09, 45.03it/s, acc=0.343, device=mps, eta=3m29s, loss=1.8717, sps=41.2]
BC[stage1_datasets_L40_stepsweep/bc_shift4_scale_0p8_1p2_steps20000_tr0]:  57%|█████▋    | 11483/20000 [04:39<04:14, 33.43it/s, acc=0.343, device=mps, eta=3m29s, loss=1.8717, sps=41.2]
BC[stage1_datasets_L40_stepsweep/bc_shift4_scale_0p8_1p2_steps20000_tr0]:  57%|█████▋    | 11489/20000 [04:39<03:45, 37.74it/s, acc=0.343, device=mps, eta=3m29s, loss=1.8717, sps=41.2]
BC[stage1_datasets_L40_stepsweep/bc_shift4_scale_0p8_1p2_steps20000_tr0]:  57%|█████▋    | 11495/20000 [04:39<03:23, 41.73it/s, acc=0.343, device=mps, eta=3m29s, loss=1.8717, sps=41.2]
BC[stage1_datasets_L40_stepsweep/bc_shift4_scale_0p8_1p2_steps20000_tr0]:  58%|█████▊    | 11501/20000 [04:39<04:24, 32.15it/s, acc=0.343, device=mps, eta=3m29s, loss=1.8717, sps=41.2]
BC[stage1_datasets_L40_stepsweep/bc_shift4_scale_0p8_1p2_steps20000_tr0]:  58%|█████▊    | 11509/20000 [04:39<03:30, 40.33it/s, acc=0.343, device=mps, eta=3m29s, loss=1.8717, sps=41.2]
BC[stage1_datasets_L40_stepsweep/bc_shift4_scale_0p8_1p2_steps20000_tr0]:  58%|█████▊    | 11517/20000 [04:39<02:58, 47.44it/s, acc=0.343, device=mps, eta=3m29s, loss=1.8717, sps=41.2]
BC[stage1_datasets_L40_stepsweep/bc_shift4_scale_0p8_1p2_steps20000_tr0]:  58%|█████▊    | 11523/20000 [04:40<03:55, 36.01it/s, acc=0.343, device=mps, eta=3m29s, loss=1.8717, sps=41.2]
BC[stage1_datasets_L40_stepsweep/bc_shift4_scale_0p8_1p2_steps20000_tr0]:  58%|█████▊    | 11531/20000 [04:40<03:15, 43.41it/s, acc=0.343, device=mps, eta=3m29s, loss=1.8717, sps=41.2]
BC[stage1_datasets_L40_stepsweep/bc_shift4_scale_0p8_1p2_steps20000_tr0]:  58%|█████▊    | 11539/20000 [04:40<02:49, 49.89it/s, acc=0.343, device=mps, eta=3m29s, loss=1.8717, sps=41.2]
BC[stage1_datasets_L40_stepsweep/bc_shift4_scale_0p8_1p2_steps20000_tr0]:  58%|█████▊    | 11546/20000 [04:40<03:40, 38.26it/s, acc=0.343, device=mps, eta=3m29s, loss=1.8717, sps=41.2]
BC[stage1_datasets_L40_stepsweep/bc_shift4_scale_0p8_1p2_steps20000_tr0]:  58%|█████▊    | 11554/20000 [04:40<03:07, 45.16it/s, acc=0.343, device=mps, eta=3m29s, loss=1.8717, sps=41.2]
BC[stage1_datasets_L40_stepsweep/bc_shift4_scale_0p8_1p2_steps20000_tr0]:  58%|█████▊    | 11561/20000 [04:40<03:56, 35.63it/s, acc=0.343, device=mps, eta=3m29s, loss=1.8717, sps=41.2]
BC[stage1_datasets_L40_stepsweep/bc_shift4_scale_0p8_1p2_steps20000_tr0]:  58%|█████▊    | 11567/20000 [04:41<03:34, 39.27it/s, acc=0.343, device=mps, eta=3m29s, loss=1.8717, sps=41.2]
BC[stage1_datasets_L40_stepsweep/bc_shift4_scale_0p8_1p2_steps20000_tr0]:  58%|█████▊    | 11573/20000 [04:41<03:18, 42.49it/s, acc=0.343, device=mps, eta=3m29s, loss=1.8717, sps=41.2]
BC[stage1_datasets_L40_stepsweep/bc_shift4_scale_0p8_1p2_steps20000_tr0]:  58%|█████▊    | 11580/20000 [04:41<02:54, 48.20it/s, acc=0.343, device=mps, eta=3m29s, loss=1.8717, sps=41.2]
BC[stage1_datasets_L40_stepsweep/bc_shift4_scale_0p8_1p2_steps20000_tr0]:  58%|█████▊    | 11586/20000 [04:41<04:01, 34.83it/s, acc=0.343, device=mps, eta=3m29s, loss=1.8717, sps=41.2]
BC[stage1_datasets_L40_stepsweep/bc_shift4_scale_0p8_1p2_steps20000_tr0]:  58%|█████▊    | 11592/20000 [04:41<03:35, 39.01it/s, acc=0.343, device=mps, eta=3m29s, loss=1.8717, sps=41.2]
BC[stage1_datasets_L40_stepsweep/bc_shift4_scale_0p8_1p2_steps20000_tr0]:  58%|█████▊    | 11598/20000 [04:41<03:17, 42.53it/s, acc=0.343, device=mps, eta=3m29s, loss=1.8717, sps=41.2]
BC[stage1_datasets_L40_stepsweep/bc_shift4_scale_0p8_1p2_steps20000_tr0]:  58%|█████▊    | 11598/20000 [04:41<03:17, 42.53it/s, acc=0.338, device=mps, eta=3m24s, loss=1.8910, sps=41.2]
BC[stage1_datasets_L40_stepsweep/bc_shift4_scale_0p8_1p2_steps20000_tr0]:  58%|█████▊    | 11604/20000 [04:42<04:18, 32.45it/s, acc=0.338, device=mps, eta=3m24s, loss=1.8910, sps=41.2]
BC[stage1_datasets_L40_stepsweep/bc_shift4_scale_0p8_1p2_steps20000_tr0]:  58%|█████▊    | 11612/20000 [04:42<03:26, 40.60it/s, acc=0.338, device=mps, eta=3m24s, loss=1.8910, sps=41.2]
BC[stage1_datasets_L40_stepsweep/bc_shift4_scale_0p8_1p2_steps20000_tr0]:  58%|█████▊    | 11620/20000 [04:42<02:53, 48.38it/s, acc=0.338, device=mps, eta=3m24s, loss=1.8910, sps=41.2]
BC[stage1_datasets_L40_stepsweep/bc_shift4_scale_0p8_1p2_steps20000_tr0]:  58%|█████▊    | 11626/20000 [04:42<03:52, 36.01it/s, acc=0.338, device=mps, eta=3m24s, loss=1.8910, sps=41.2]
BC[stage1_datasets_L40_stepsweep/bc_shift4_scale_0p8_1p2_steps20000_tr0]:  58%|█████▊    | 11634/20000 [04:42<03:12, 43.48it/s, acc=0.338, device=mps, eta=3m24s, loss=1.8910, sps=41.2]
BC[stage1_datasets_L40_stepsweep/bc_shift4_scale_0p8_1p2_steps20000_tr0]:  58%|█████▊    | 11641/20000 [04:42<03:59, 34.96it/s, acc=0.338, device=mps, eta=3m24s, loss=1.8910, sps=41.2]
BC[stage1_datasets_L40_stepsweep/bc_shift4_scale_0p8_1p2_steps20000_tr0]:  58%|█████▊    | 11649/20000 [04:43<03:17, 42.26it/s, acc=0.338, device=mps, eta=3m24s, loss=1.8910, sps=41.2]
BC[stage1_datasets_L40_stepsweep/bc_shift4_scale_0p8_1p2_steps20000_tr0]:  58%|█████▊    | 11657/20000 [04:43<02:51, 48.73it/s, acc=0.338, device=mps, eta=3m24s, loss=1.8910, sps=41.2]
BC[stage1_datasets_L40_stepsweep/bc_shift4_scale_0p8_1p2_steps20000_tr0]:  58%|█████▊    | 11663/20000 [04:43<03:51, 36.06it/s, acc=0.338, device=mps, eta=3m24s, loss=1.8910, sps=41.2]
BC[stage1_datasets_L40_stepsweep/bc_shift4_scale_0p8_1p2_steps20000_tr0]:  58%|█████▊    | 11669/20000 [04:43<03:29, 39.83it/s, acc=0.338, device=mps, eta=3m24s, loss=1.8910, sps=41.2]
BC[stage1_datasets_L40_stepsweep/bc_shift4_scale_0p8_1p2_steps20000_tr0]:  58%|█████▊    | 11675/20000 [04:43<03:12, 43.24it/s, acc=0.338, device=mps, eta=3m24s, loss=1.8910, sps=41.2]
BC[stage1_datasets_L40_stepsweep/bc_shift4_scale_0p8_1p2_steps20000_tr0]:  58%|█████▊    | 11681/20000 [04:43<04:11, 33.05it/s, acc=0.338, device=mps, eta=3m24s, loss=1.8910, sps=41.2]
BC[stage1_datasets_L40_stepsweep/bc_shift4_scale_0p8_1p2_steps20000_tr0]:  58%|█████▊    | 11689/20000 [04:44<03:22, 40.96it/s, acc=0.338, device=mps, eta=3m24s, loss=1.8910, sps=41.2]
BC[stage1_datasets_L40_stepsweep/bc_shift4_scale_0p8_1p2_steps20000_tr0]:  58%|█████▊    | 11697/20000 [04:44<02:52, 48.09it/s, acc=0.338, device=mps, eta=3m24s, loss=1.8910, sps=41.2]
BC[stage1_datasets_L40_stepsweep/bc_shift4_scale_0p8_1p2_steps20000_tr0]:  59%|█████▊    | 11703/20000 [04:44<03:47, 36.45it/s, acc=0.338, device=mps, eta=3m24s, loss=1.8910, sps=41.2]
BC[stage1_datasets_L40_stepsweep/bc_shift4_scale_0p8_1p2_steps20000_tr0]:  59%|█████▊    | 11711/20000 [04:44<03:07, 44.16it/s, acc=0.338, device=mps, eta=3m24s, loss=1.8910, sps=41.2]
BC[stage1_datasets_L40_stepsweep/bc_shift4_scale_0p8_1p2_steps20000_tr0]:  59%|█████▊    | 11719/20000 [04:44<02:41, 51.25it/s, acc=0.338, device=mps, eta=3m24s, loss=1.8910, sps=41.2]
BC[stage1_datasets_L40_stepsweep/bc_shift4_scale_0p8_1p2_steps20000_tr0]:  59%|█████▊    | 11726/20000 [04:44<03:36, 38.24it/s, acc=0.338, device=mps, eta=3m24s, loss=1.8910, sps=41.2]
BC[stage1_datasets_L40_stepsweep/bc_shift4_scale_0p8_1p2_steps20000_tr0]:  59%|█████▊    | 11732/20000 [04:45<03:16, 41.99it/s, acc=0.338, device=mps, eta=3m24s, loss=1.8910, sps=41.2]
BC[stage1_datasets_L40_stepsweep/bc_shift4_scale_0p8_1p2_steps20000_tr0]:  59%|█████▊    | 11738/20000 [04:45<03:03, 44.92it/s, acc=0.338, device=mps, eta=3m24s, loss=1.8910, sps=41.2]
BC[stage1_datasets_L40_stepsweep/bc_shift4_scale_0p8_1p2_steps20000_tr0]:  59%|█████▊    | 11744/20000 [04:45<04:03, 33.88it/s, acc=0.338, device=mps, eta=3m24s, loss=1.8910, sps=41.2]
BC[stage1_datasets_L40_stepsweep/bc_shift4_scale_0p8_1p2_steps20000_tr0]:  59%|█████▉    | 11751/20000 [04:45<03:29, 39.35it/s, acc=0.338, device=mps, eta=3m24s, loss=1.8910, sps=41.2]
BC[stage1_datasets_L40_stepsweep/bc_shift4_scale_0p8_1p2_steps20000_tr0]:  59%|█████▉    | 11757/20000 [04:45<03:12, 42.75it/s, acc=0.338, device=mps, eta=3m24s, loss=1.8910, sps=41.2]
BC[stage1_datasets_L40_stepsweep/bc_shift4_scale_0p8_1p2_steps20000_tr0]:  59%|█████▉    | 11763/20000 [04:45<04:09, 33.06it/s, acc=0.338, device=mps, eta=3m24s, loss=1.8910, sps=41.2]
BC[stage1_datasets_L40_stepsweep/bc_shift4_scale_0p8_1p2_steps20000_tr0]:  59%|█████▉    | 11771/20000 [04:46<03:20, 41.14it/s, acc=0.338, device=mps, eta=3m24s, loss=1.8910, sps=41.2]
BC[stage1_datasets_L40_stepsweep/bc_shift4_scale_0p8_1p2_steps20000_tr0]:  59%|█████▉    | 11779/20000 [04:46<02:50, 48.32it/s, acc=0.338, device=mps, eta=3m24s, loss=1.8910, sps=41.2]
BC[stage1_datasets_L40_stepsweep/bc_shift4_scale_0p8_1p2_steps20000_tr0]:  59%|█████▉    | 11785/20000 [04:46<03:44, 36.52it/s, acc=0.338, device=mps, eta=3m24s, loss=1.8910, sps=41.2]
BC[stage1_datasets_L40_stepsweep/bc_shift4_scale_0p8_1p2_steps20000_tr0]:  59%|█████▉    | 11793/20000 [04:46<03:07, 43.89it/s, acc=0.338, device=mps, eta=3m24s, loss=1.8910, sps=41.2]
BC[stage1_datasets_L40_stepsweep/bc_shift4_scale_0p8_1p2_steps20000_tr0]:  59%|█████▉    | 11793/20000 [04:46<03:07, 43.89it/s, acc=0.345, device=mps, eta=3m19s, loss=1.8537, sps=41.2]
BC[stage1_datasets_L40_stepsweep/bc_shift4_scale_0p8_1p2_steps20000_tr0]:  59%|█████▉    | 11801/20000 [04:46<03:47, 35.96it/s, acc=0.345, device=mps, eta=3m19s, loss=1.8537, sps=41.2]
BC[stage1_datasets_L40_stepsweep/bc_shift4_scale_0p8_1p2_steps20000_tr0]:  59%|█████▉    | 11809/20000 [04:46<03:10, 43.01it/s, acc=0.345, device=mps, eta=3m19s, loss=1.8537, sps=41.2]
BC[stage1_datasets_L40_stepsweep/bc_shift4_scale_0p8_1p2_steps20000_tr0]:  59%|█████▉    | 11816/20000 [04:47<02:53, 47.19it/s, acc=0.345, device=mps, eta=3m19s, loss=1.8537, sps=41.2]
BC[stage1_datasets_L40_stepsweep/bc_shift4_scale_0p8_1p2_steps20000_tr0]:  59%|█████▉    | 11822/20000 [04:47<03:50, 35.48it/s, acc=0.345, device=mps, eta=3m19s, loss=1.8537, sps=41.2]
BC[stage1_datasets_L40_stepsweep/bc_shift4_scale_0p8_1p2_steps20000_tr0]:  59%|█████▉    | 11828/20000 [04:47<03:30, 38.91it/s, acc=0.345, device=mps, eta=3m19s, loss=1.8537, sps=41.2]
BC[stage1_datasets_L40_stepsweep/bc_shift4_scale_0p8_1p2_steps20000_tr0]:  59%|█████▉    | 11834/20000 [04:47<03:13, 42.19it/s, acc=0.345, device=mps, eta=3m19s, loss=1.8537, sps=41.2]
BC[stage1_datasets_L40_stepsweep/bc_shift4_scale_0p8_1p2_steps20000_tr0]:  59%|█████▉    | 11841/20000 [04:47<04:07, 32.98it/s, acc=0.345, device=mps, eta=3m19s, loss=1.8537, sps=41.2]
BC[stage1_datasets_L40_stepsweep/bc_shift4_scale_0p8_1p2_steps20000_tr0]:  59%|█████▉    | 11849/20000 [04:48<03:20, 40.68it/s, acc=0.345, device=mps, eta=3m19s, loss=1.8537, sps=41.2]
BC[stage1_datasets_L40_stepsweep/bc_shift4_scale_0p8_1p2_steps20000_tr0]:  59%|█████▉    | 11857/20000 [04:48<02:51, 47.52it/s, acc=0.345, device=mps, eta=3m19s, loss=1.8537, sps=41.2]
BC[stage1_datasets_L40_stepsweep/bc_shift4_scale_0p8_1p2_steps20000_tr0]:  59%|█████▉    | 11863/20000 [04:48<03:45, 36.16it/s, acc=0.345, device=mps, eta=3m19s, loss=1.8537, sps=41.2]
BC[stage1_datasets_L40_stepsweep/bc_shift4_scale_0p8_1p2_steps20000_tr0]:  59%|█████▉    | 11871/20000 [04:48<03:07, 43.46it/s, acc=0.345, device=mps, eta=3m19s, loss=1.8537, sps=41.2]
BC[stage1_datasets_L40_stepsweep/bc_shift4_scale_0p8_1p2_steps20000_tr0]:  59%|█████▉    | 11879/20000 [04:48<02:43, 49.75it/s, acc=0.345, device=mps, eta=3m19s, loss=1.8537, sps=41.2]
BC[stage1_datasets_L40_stepsweep/bc_shift4_scale_0p8_1p2_steps20000_tr0]:  59%|█████▉    | 11885/20000 [04:48<03:41, 36.65it/s, acc=0.345, device=mps, eta=3m19s, loss=1.8537, sps=41.2]
BC[stage1_datasets_L40_stepsweep/bc_shift4_scale_0p8_1p2_steps20000_tr0]:  59%|█████▉    | 11890/20000 [04:49<03:28, 38.95it/s, acc=0.345, device=mps, eta=3m19s, loss=1.8537, sps=41.2]
BC[stage1_datasets_L40_stepsweep/bc_shift4_scale_0p8_1p2_steps20000_tr0]:  59%|█████▉    | 11896/20000 [04:49<03:08, 42.93it/s, acc=0.345, device=mps, eta=3m19s, loss=1.8537, sps=41.2]
BC[stage1_datasets_L40_stepsweep/bc_shift4_scale_0p8_1p2_steps20000_tr0]:  60%|█████▉    | 11902/20000 [04:49<04:02, 33.39it/s, acc=0.345, device=mps, eta=3m19s, loss=1.8537, sps=41.2]
BC[stage1_datasets_L40_stepsweep/bc_shift4_scale_0p8_1p2_steps20000_tr0]:  60%|█████▉    | 11910/20000 [04:49<03:15, 41.42it/s, acc=0.345, device=mps, eta=3m19s, loss=1.8537, sps=41.2]
BC[stage1_datasets_L40_stepsweep/bc_shift4_scale_0p8_1p2_steps20000_tr0]:  60%|█████▉    | 11918/20000 [04:49<02:46, 48.59it/s, acc=0.345, device=mps, eta=3m19s, loss=1.8537, sps=41.2]
BC[stage1_datasets_L40_stepsweep/bc_shift4_scale_0p8_1p2_steps20000_tr0]:  60%|█████▉    | 11924/20000 [04:49<03:43, 36.13it/s, acc=0.345, device=mps, eta=3m19s, loss=1.8537, sps=41.2]
BC[stage1_datasets_L40_stepsweep/bc_shift4_scale_0p8_1p2_steps20000_tr0]:  60%|█████▉    | 11930/20000 [04:50<03:22, 39.89it/s, acc=0.345, device=mps, eta=3m19s, loss=1.8537, sps=41.2]
BC[stage1_datasets_L40_stepsweep/bc_shift4_scale_0p8_1p2_steps20000_tr0]:  60%|█████▉    | 11937/20000 [04:50<02:58, 45.11it/s, acc=0.345, device=mps, eta=3m19s, loss=1.8537, sps=41.2]
BC[stage1_datasets_L40_stepsweep/bc_shift4_scale_0p8_1p2_steps20000_tr0]:  60%|█████▉    | 11943/20000 [04:50<03:54, 34.29it/s, acc=0.345, device=mps, eta=3m19s, loss=1.8537, sps=41.2]
BC[stage1_datasets_L40_stepsweep/bc_shift4_scale_0p8_1p2_steps20000_tr0]:  60%|█████▉    | 11951/20000 [04:50<03:11, 42.06it/s, acc=0.345, device=mps, eta=3m19s, loss=1.8537, sps=41.2]
BC[stage1_datasets_L40_stepsweep/bc_shift4_scale_0p8_1p2_steps20000_tr0]:  60%|█████▉    | 11959/20000 [04:50<02:44, 48.78it/s, acc=0.345, device=mps, eta=3m19s, loss=1.8537, sps=41.2]
BC[stage1_datasets_L40_stepsweep/bc_shift4_scale_0p8_1p2_steps20000_tr0]:  60%|█████▉    | 11965/20000 [04:50<03:37, 36.90it/s, acc=0.345, device=mps, eta=3m19s, loss=1.8537, sps=41.2]
BC[stage1_datasets_L40_stepsweep/bc_shift4_scale_0p8_1p2_steps20000_tr0]:  60%|█████▉    | 11973/20000 [04:51<03:00, 44.38it/s, acc=0.345, device=mps, eta=3m19s, loss=1.8537, sps=41.2]
BC[stage1_datasets_L40_stepsweep/bc_shift4_scale_0p8_1p2_steps20000_tr0]:  60%|█████▉    | 11981/20000 [04:51<03:40, 36.29it/s, acc=0.345, device=mps, eta=3m19s, loss=1.8537, sps=41.2]
BC[stage1_datasets_L40_stepsweep/bc_shift4_scale_0p8_1p2_steps20000_tr0]:  60%|█████▉    | 11989/20000 [04:51<03:04, 43.33it/s, acc=0.345, device=mps, eta=3m19s, loss=1.8537, sps=41.2]
BC[stage1_datasets_L40_stepsweep/bc_shift4_scale_0p8_1p2_steps20000_tr0]:  60%|█████▉    | 11997/20000 [04:51<02:40, 49.85it/s, acc=0.345, device=mps, eta=3m19s, loss=1.8537, sps=41.2]
BC[stage1_datasets_L40_stepsweep/bc_shift4_scale_0p8_1p2_steps20000_tr0]:  60%|█████▉    | 11997/20000 [04:51<02:40, 49.85it/s, acc=0.340, device=mps, eta=3m14s, loss=1.8828, sps=41.2]
BC[stage1_datasets_L40_stepsweep/bc_shift4_scale_0p8_1p2_steps20000_tr0]:  60%|██████    | 12004/20000 [04:51<03:29, 38.23it/s, acc=0.340, device=mps, eta=3m14s, loss=1.8828, sps=41.2]
BC[stage1_datasets_L40_stepsweep/bc_shift4_scale_0p8_1p2_steps20000_tr0]:  60%|██████    | 12012/20000 [04:51<02:57, 44.92it/s, acc=0.340, device=mps, eta=3m14s, loss=1.8828, sps=41.2]
BC[stage1_datasets_L40_stepsweep/bc_shift4_scale_0p8_1p2_steps20000_tr0]:  60%|██████    | 12020/20000 [04:52<02:35, 51.19it/s, acc=0.340, device=mps, eta=3m14s, loss=1.8828, sps=41.2]
BC[stage1_datasets_L40_stepsweep/bc_shift4_scale_0p8_1p2_steps20000_tr0]:  60%|██████    | 12027/20000 [04:52<03:34, 37.14it/s, acc=0.340, device=mps, eta=3m14s, loss=1.8828, sps=41.2]
BC[stage1_datasets_L40_stepsweep/bc_shift4_scale_0p8_1p2_steps20000_tr0]:  60%|██████    | 12033/20000 [04:52<03:17, 40.37it/s, acc=0.340, device=mps, eta=3m14s, loss=1.8828, sps=41.2]
BC[stage1_datasets_L40_stepsweep/bc_shift4_scale_0p8_1p2_steps20000_tr0]:  60%|██████    | 12039/20000 [04:52<03:00, 44.00it/s, acc=0.340, device=mps, eta=3m14s, loss=1.8828, sps=41.2]
BC[stage1_datasets_L40_stepsweep/bc_shift4_scale_0p8_1p2_steps20000_tr0]:  60%|██████    | 12045/20000 [04:52<03:55, 33.73it/s, acc=0.340, device=mps, eta=3m14s, loss=1.8828, sps=41.2]
BC[stage1_datasets_L40_stepsweep/bc_shift4_scale_0p8_1p2_steps20000_tr0]:  60%|██████    | 12051/20000 [04:52<03:30, 37.77it/s, acc=0.340, device=mps, eta=3m14s, loss=1.8828, sps=41.2]
BC[stage1_datasets_L40_stepsweep/bc_shift4_scale_0p8_1p2_steps20000_tr0]:  60%|██████    | 12057/20000 [04:53<03:09, 42.02it/s, acc=0.340, device=mps, eta=3m14s, loss=1.8828, sps=41.2]
BC[stage1_datasets_L40_stepsweep/bc_shift4_scale_0p8_1p2_steps20000_tr0]:  60%|██████    | 12063/20000 [04:53<04:03, 32.61it/s, acc=0.340, device=mps, eta=3m14s, loss=1.8828, sps=41.2]
BC[stage1_datasets_L40_stepsweep/bc_shift4_scale_0p8_1p2_steps20000_tr0]:  60%|██████    | 12071/20000 [04:53<03:14, 40.73it/s, acc=0.340, device=mps, eta=3m14s, loss=1.8828, sps=41.2]
BC[stage1_datasets_L40_stepsweep/bc_shift4_scale_0p8_1p2_steps20000_tr0]:  60%|██████    | 12079/20000 [04:53<02:45, 47.75it/s, acc=0.340, device=mps, eta=3m14s, loss=1.8828, sps=41.2]
BC[stage1_datasets_L40_stepsweep/bc_shift4_scale_0p8_1p2_steps20000_tr0]:  60%|██████    | 12085/20000 [04:53<03:43, 35.44it/s, acc=0.340, device=mps, eta=3m14s, loss=1.8828, sps=41.2]
BC[stage1_datasets_L40_stepsweep/bc_shift4_scale_0p8_1p2_steps20000_tr0]:  60%|██████    | 12091/20000 [04:53<03:18, 39.80it/s, acc=0.340, device=mps, eta=3m14s, loss=1.8828, sps=41.2]
BC[stage1_datasets_L40_stepsweep/bc_shift4_scale_0p8_1p2_steps20000_tr0]:  60%|██████    | 12097/20000 [04:54<03:03, 42.98it/s, acc=0.340, device=mps, eta=3m14s, loss=1.8828, sps=41.2]
BC[stage1_datasets_L40_stepsweep/bc_shift4_scale_0p8_1p2_steps20000_tr0]:  61%|██████    | 12103/20000 [04:54<03:59, 32.94it/s, acc=0.340, device=mps, eta=3m14s, loss=1.8828, sps=41.2]
BC[stage1_datasets_L40_stepsweep/bc_shift4_scale_0p8_1p2_steps20000_tr0]:  61%|██████    | 12109/20000 [04:54<03:29, 37.66it/s, acc=0.340, device=mps, eta=3m14s, loss=1.8828, sps=41.2]
BC[stage1_datasets_L40_stepsweep/bc_shift4_scale_0p8_1p2_steps20000_tr0]:  61%|██████    | 12115/20000 [04:54<03:08, 41.93it/s, acc=0.340, device=mps, eta=3m14s, loss=1.8828, sps=41.2]
BC[stage1_datasets_L40_stepsweep/bc_shift4_scale_0p8_1p2_steps20000_tr0]:  61%|██████    | 12121/20000 [04:54<04:10, 31.51it/s, acc=0.340, device=mps, eta=3m14s, loss=1.8828, sps=41.2]
BC[stage1_datasets_L40_stepsweep/bc_shift4_scale_0p8_1p2_steps20000_tr0]:  61%|██████    | 12129/20000 [04:54<03:17, 39.88it/s, acc=0.340, device=mps, eta=3m14s, loss=1.8828, sps=41.2]
BC[stage1_datasets_L40_stepsweep/bc_shift4_scale_0p8_1p2_steps20000_tr0]:  61%|██████    | 12137/20000 [04:55<02:45, 47.41it/s, acc=0.340, device=mps, eta=3m14s, loss=1.8828, sps=41.2]
BC[stage1_datasets_L40_stepsweep/bc_shift4_scale_0p8_1p2_steps20000_tr0]:  61%|██████    | 12143/20000 [04:55<03:39, 35.78it/s, acc=0.340, device=mps, eta=3m14s, loss=1.8828, sps=41.2]
BC[stage1_datasets_L40_stepsweep/bc_shift4_scale_0p8_1p2_steps20000_tr0]:  61%|██████    | 12151/20000 [04:55<03:00, 43.38it/s, acc=0.340, device=mps, eta=3m14s, loss=1.8828, sps=41.2]
BC[stage1_datasets_L40_stepsweep/bc_shift4_scale_0p8_1p2_steps20000_tr0]:  61%|██████    | 12159/20000 [04:55<02:35, 50.28it/s, acc=0.340, device=mps, eta=3m14s, loss=1.8828, sps=41.2]
BC[stage1_datasets_L40_stepsweep/bc_shift4_scale_0p8_1p2_steps20000_tr0]:  61%|██████    | 12166/20000 [04:55<03:25, 38.09it/s, acc=0.340, device=mps, eta=3m14s, loss=1.8828, sps=41.2]
BC[stage1_datasets_L40_stepsweep/bc_shift4_scale_0p8_1p2_steps20000_tr0]:  61%|██████    | 12174/20000 [04:55<02:53, 45.08it/s, acc=0.340, device=mps, eta=3m14s, loss=1.8828, sps=41.2]
BC[stage1_datasets_L40_stepsweep/bc_shift4_scale_0p8_1p2_steps20000_tr0]:  61%|██████    | 12181/20000 [04:56<03:37, 35.98it/s, acc=0.340, device=mps, eta=3m14s, loss=1.8828, sps=41.2]
BC[stage1_datasets_L40_stepsweep/bc_shift4_scale_0p8_1p2_steps20000_tr0]:  61%|██████    | 12189/20000 [04:56<03:00, 43.16it/s, acc=0.340, device=mps, eta=3m14s, loss=1.8828, sps=41.2]
BC[stage1_datasets_L40_stepsweep/bc_shift4_scale_0p8_1p2_steps20000_tr0]:  61%|██████    | 12197/20000 [04:56<02:37, 49.67it/s, acc=0.340, device=mps, eta=3m14s, loss=1.8828, sps=41.2]
BC[stage1_datasets_L40_stepsweep/bc_shift4_scale_0p8_1p2_steps20000_tr0]:  61%|██████    | 12197/20000 [04:56<02:37, 49.67it/s, acc=0.350, device=mps, eta=3m10s, loss=1.8475, sps=41.1]
BC[stage1_datasets_L40_stepsweep/bc_shift4_scale_0p8_1p2_steps20000_tr0]:  61%|██████    | 12204/20000 [04:56<03:24, 38.19it/s, acc=0.350, device=mps, eta=3m10s, loss=1.8475, sps=41.1]
BC[stage1_datasets_L40_stepsweep/bc_shift4_scale_0p8_1p2_steps20000_tr0]:  61%|██████    | 12212/20000 [04:56<02:51, 45.49it/s, acc=0.350, device=mps, eta=3m10s, loss=1.8475, sps=41.1]
BC[stage1_datasets_L40_stepsweep/bc_shift4_scale_0p8_1p2_steps20000_tr0]:  61%|██████    | 12221/20000 [04:57<03:23, 38.23it/s, acc=0.350, device=mps, eta=3m10s, loss=1.8475, sps=41.1]
BC[stage1_datasets_L40_stepsweep/bc_shift4_scale_0p8_1p2_steps20000_tr0]:  61%|██████    | 12229/20000 [04:57<02:53, 44.67it/s, acc=0.350, device=mps, eta=3m10s, loss=1.8475, sps=41.1]
BC[stage1_datasets_L40_stepsweep/bc_shift4_scale_0p8_1p2_steps20000_tr0]:  61%|██████    | 12237/20000 [04:57<02:34, 50.36it/s, acc=0.350, device=mps, eta=3m10s, loss=1.8475, sps=41.1]
BC[stage1_datasets_L40_stepsweep/bc_shift4_scale_0p8_1p2_steps20000_tr0]:  61%|██████    | 12244/20000 [04:57<03:22, 38.32it/s, acc=0.350, device=mps, eta=3m10s, loss=1.8475, sps=41.1]
BC[stage1_datasets_L40_stepsweep/bc_shift4_scale_0p8_1p2_steps20000_tr0]:  61%|██████▏   | 12252/20000 [04:57<02:52, 45.02it/s, acc=0.350, device=mps, eta=3m10s, loss=1.8475, sps=41.1]
BC[stage1_datasets_L40_stepsweep/bc_shift4_scale_0p8_1p2_steps20000_tr0]:  61%|██████▏   | 12260/20000 [04:57<02:30, 51.28it/s, acc=0.350, device=mps, eta=3m10s, loss=1.8475, sps=41.1]
BC[stage1_datasets_L40_stepsweep/bc_shift4_scale_0p8_1p2_steps20000_tr0]:  61%|██████▏   | 12267/20000 [04:58<03:19, 38.75it/s, acc=0.350, device=mps, eta=3m10s, loss=1.8475, sps=41.1]
BC[stage1_datasets_L40_stepsweep/bc_shift4_scale_0p8_1p2_steps20000_tr0]:  61%|██████▏   | 12275/20000 [04:58<02:49, 45.45it/s, acc=0.350, device=mps, eta=3m10s, loss=1.8475, sps=41.1]
BC[stage1_datasets_L40_stepsweep/bc_shift4_scale_0p8_1p2_steps20000_tr0]:  61%|██████▏   | 12281/20000 [04:58<03:39, 35.10it/s, acc=0.350, device=mps, eta=3m10s, loss=1.8475, sps=41.1]
BC[stage1_datasets_L40_stepsweep/bc_shift4_scale_0p8_1p2_steps20000_tr0]:  61%|██████▏   | 12289/20000 [04:58<03:05, 41.67it/s, acc=0.350, device=mps, eta=3m10s, loss=1.8475, sps=41.1]
BC[stage1_datasets_L40_stepsweep/bc_shift4_scale_0p8_1p2_steps20000_tr0]:  61%|██████▏   | 12295/20000 [04:58<03:01, 42.50it/s, acc=0.350, device=mps, eta=3m10s, loss=1.8475, sps=41.1]
BC[stage1_datasets_L40_stepsweep/bc_shift4_scale_0p8_1p2_steps20000_tr0]:  62%|██████▏   | 12301/20000 [04:59<03:57, 32.44it/s, acc=0.350, device=mps, eta=3m10s, loss=1.8475, sps=41.1]
BC[stage1_datasets_L40_stepsweep/bc_shift4_scale_0p8_1p2_steps20000_tr0]:  62%|██████▏   | 12309/20000 [04:59<03:11, 40.15it/s, acc=0.350, device=mps, eta=3m10s, loss=1.8475, sps=41.1]
BC[stage1_datasets_L40_stepsweep/bc_shift4_scale_0p8_1p2_steps20000_tr0]:  62%|██████▏   | 12317/20000 [04:59<02:43, 47.07it/s, acc=0.350, device=mps, eta=3m10s, loss=1.8475, sps=41.1]
BC[stage1_datasets_L40_stepsweep/bc_shift4_scale_0p8_1p2_steps20000_tr0]:  62%|██████▏   | 12323/20000 [04:59<03:33, 35.97it/s, acc=0.350, device=mps, eta=3m10s, loss=1.8475, sps=41.1]
BC[stage1_datasets_L40_stepsweep/bc_shift4_scale_0p8_1p2_steps20000_tr0]:  62%|██████▏   | 12331/20000 [04:59<02:56, 43.38it/s, acc=0.350, device=mps, eta=3m10s, loss=1.8475, sps=41.1]
BC[stage1_datasets_L40_stepsweep/bc_shift4_scale_0p8_1p2_steps20000_tr0]:  62%|██████▏   | 12339/20000 [04:59<02:33, 49.86it/s, acc=0.350, device=mps, eta=3m10s, loss=1.8475, sps=41.1]
BC[stage1_datasets_L40_stepsweep/bc_shift4_scale_0p8_1p2_steps20000_tr0]:  62%|██████▏   | 12346/20000 [05:00<03:17, 38.75it/s, acc=0.350, device=mps, eta=3m10s, loss=1.8475, sps=41.1]
BC[stage1_datasets_L40_stepsweep/bc_shift4_scale_0p8_1p2_steps20000_tr0]:  62%|██████▏   | 12352/20000 [05:00<02:59, 42.52it/s, acc=0.350, device=mps, eta=3m10s, loss=1.8475, sps=41.1]
BC[stage1_datasets_L40_stepsweep/bc_shift4_scale_0p8_1p2_steps20000_tr0]:  62%|██████▏   | 12358/20000 [05:00<02:54, 43.76it/s, acc=0.350, device=mps, eta=3m10s, loss=1.8475, sps=41.1]
BC[stage1_datasets_L40_stepsweep/bc_shift4_scale_0p8_1p2_steps20000_tr0]:  62%|██████▏   | 12364/20000 [05:00<03:47, 33.50it/s, acc=0.350, device=mps, eta=3m10s, loss=1.8475, sps=41.1]
BC[stage1_datasets_L40_stepsweep/bc_shift4_scale_0p8_1p2_steps20000_tr0]:  62%|██████▏   | 12372/20000 [05:00<03:04, 41.38it/s, acc=0.350, device=mps, eta=3m10s, loss=1.8475, sps=41.1]
BC[stage1_datasets_L40_stepsweep/bc_shift4_scale_0p8_1p2_steps20000_tr0]:  62%|██████▏   | 12380/20000 [05:00<02:36, 48.76it/s, acc=0.350, device=mps, eta=3m10s, loss=1.8475, sps=41.1]
BC[stage1_datasets_L40_stepsweep/bc_shift4_scale_0p8_1p2_steps20000_tr0]:  62%|██████▏   | 12386/20000 [05:01<03:28, 36.53it/s, acc=0.350, device=mps, eta=3m10s, loss=1.8475, sps=41.1]
BC[stage1_datasets_L40_stepsweep/bc_shift4_scale_0p8_1p2_steps20000_tr0]:  62%|██████▏   | 12394/20000 [05:01<02:53, 43.87it/s, acc=0.350, device=mps, eta=3m10s, loss=1.8475, sps=41.1]
BC[stage1_datasets_L40_stepsweep/bc_shift4_scale_0p8_1p2_steps20000_tr0]:  62%|██████▏   | 12394/20000 [05:01<02:53, 43.87it/s, acc=0.345, device=mps, eta=3m05s, loss=1.8611, sps=41.1]
BC[stage1_datasets_L40_stepsweep/bc_shift4_scale_0p8_1p2_steps20000_tr0]:  62%|██████▏   | 12401/20000 [05:01<03:35, 35.33it/s, acc=0.345, device=mps, eta=3m05s, loss=1.8611, sps=41.1]
BC[stage1_datasets_L40_stepsweep/bc_shift4_scale_0p8_1p2_steps20000_tr0]:  62%|██████▏   | 12409/20000 [05:01<02:58, 42.63it/s, acc=0.345, device=mps, eta=3m05s, loss=1.8611, sps=41.1]
BC[stage1_datasets_L40_stepsweep/bc_shift4_scale_0p8_1p2_steps20000_tr0]:  62%|██████▏   | 12417/20000 [05:01<02:33, 49.54it/s, acc=0.345, device=mps, eta=3m05s, loss=1.8611, sps=41.1]
BC[stage1_datasets_L40_stepsweep/bc_shift4_scale_0p8_1p2_steps20000_tr0]:  62%|██████▏   | 12424/20000 [05:02<03:19, 37.98it/s, acc=0.345, device=mps, eta=3m05s, loss=1.8611, sps=41.1]
BC[stage1_datasets_L40_stepsweep/bc_shift4_scale_0p8_1p2_steps20000_tr0]:  62%|██████▏   | 12432/20000 [05:02<02:47, 45.14it/s, acc=0.345, device=mps, eta=3m05s, loss=1.8611, sps=41.1]
BC[stage1_datasets_L40_stepsweep/bc_shift4_scale_0p8_1p2_steps20000_tr0]:  62%|██████▏   | 12440/20000 [05:02<02:24, 52.16it/s, acc=0.345, device=mps, eta=3m05s, loss=1.8611, sps=41.1]
BC[stage1_datasets_L40_stepsweep/bc_shift4_scale_0p8_1p2_steps20000_tr0]:  62%|██████▏   | 12447/20000 [05:02<03:14, 38.92it/s, acc=0.345, device=mps, eta=3m05s, loss=1.8611, sps=41.1]
BC[stage1_datasets_L40_stepsweep/bc_shift4_scale_0p8_1p2_steps20000_tr0]:  62%|██████▏   | 12455/20000 [05:02<02:44, 45.84it/s, acc=0.345, device=mps, eta=3m05s, loss=1.8611, sps=41.1]
BC[stage1_datasets_L40_stepsweep/bc_shift4_scale_0p8_1p2_steps20000_tr0]:  62%|██████▏   | 12461/20000 [05:02<03:32, 35.49it/s, acc=0.345, device=mps, eta=3m05s, loss=1.8611, sps=41.1]
BC[stage1_datasets_L40_stepsweep/bc_shift4_scale_0p8_1p2_steps20000_tr0]:  62%|██████▏   | 12469/20000 [05:03<02:55, 42.92it/s, acc=0.345, device=mps, eta=3m05s, loss=1.8611, sps=41.1]
BC[stage1_datasets_L40_stepsweep/bc_shift4_scale_0p8_1p2_steps20000_tr0]:  62%|██████▏   | 12477/20000 [05:03<02:31, 49.55it/s, acc=0.345, device=mps, eta=3m05s, loss=1.8611, sps=41.1]
BC[stage1_datasets_L40_stepsweep/bc_shift4_scale_0p8_1p2_steps20000_tr0]:  62%|██████▏   | 12484/20000 [05:03<03:18, 37.93it/s, acc=0.345, device=mps, eta=3m05s, loss=1.8611, sps=41.1]
BC[stage1_datasets_L40_stepsweep/bc_shift4_scale_0p8_1p2_steps20000_tr0]:  62%|██████▏   | 12492/20000 [05:03<02:46, 45.08it/s, acc=0.345, device=mps, eta=3m05s, loss=1.8611, sps=41.1]
BC[stage1_datasets_L40_stepsweep/bc_shift4_scale_0p8_1p2_steps20000_tr0]:  62%|██████▎   | 12500/20000 [05:03<02:23, 52.10it/s, acc=0.345, device=mps, eta=3m05s, loss=1.8611, sps=41.1]
BC[stage1_datasets_L40_stepsweep/bc_shift4_scale_0p8_1p2_steps20000_tr0]:  63%|██████▎   | 12507/20000 [05:04<03:24, 36.61it/s, acc=0.345, device=mps, eta=3m05s, loss=1.8611, sps=41.1]
BC[stage1_datasets_L40_stepsweep/bc_shift4_scale_0p8_1p2_steps20000_tr0]:  63%|██████▎   | 12513/20000 [05:04<03:06, 40.23it/s, acc=0.345, device=mps, eta=3m05s, loss=1.8611, sps=41.1]
BC[stage1_datasets_L40_stepsweep/bc_shift4_scale_0p8_1p2_steps20000_tr0]:  63%|██████▎   | 12520/20000 [05:04<02:43, 45.81it/s, acc=0.345, device=mps, eta=3m05s, loss=1.8611, sps=41.1]
BC[stage1_datasets_L40_stepsweep/bc_shift4_scale_0p8_1p2_steps20000_tr0]:  63%|██████▎   | 12526/20000 [05:04<03:37, 34.41it/s, acc=0.345, device=mps, eta=3m05s, loss=1.8611, sps=41.1]
BC[stage1_datasets_L40_stepsweep/bc_shift4_scale_0p8_1p2_steps20000_tr0]:  63%|██████▎   | 12532/20000 [05:04<03:12, 38.82it/s, acc=0.345, device=mps, eta=3m05s, loss=1.8611, sps=41.1]
BC[stage1_datasets_L40_stepsweep/bc_shift4_scale_0p8_1p2_steps20000_tr0]:  63%|██████▎   | 12538/20000 [05:04<02:55, 42.49it/s, acc=0.345, device=mps, eta=3m05s, loss=1.8611, sps=41.1]
BC[stage1_datasets_L40_stepsweep/bc_shift4_scale_0p8_1p2_steps20000_tr0]:  63%|██████▎   | 12544/20000 [05:05<03:45, 33.04it/s, acc=0.345, device=mps, eta=3m05s, loss=1.8611, sps=41.1]
BC[stage1_datasets_L40_stepsweep/bc_shift4_scale_0p8_1p2_steps20000_tr0]:  63%|██████▎   | 12552/20000 [05:05<03:01, 41.13it/s, acc=0.345, device=mps, eta=3m05s, loss=1.8611, sps=41.1]
BC[stage1_datasets_L40_stepsweep/bc_shift4_scale_0p8_1p2_steps20000_tr0]:  63%|██████▎   | 12560/20000 [05:05<02:32, 48.69it/s, acc=0.345, device=mps, eta=3m05s, loss=1.8611, sps=41.1]
BC[stage1_datasets_L40_stepsweep/bc_shift4_scale_0p8_1p2_steps20000_tr0]:  63%|██████▎   | 12566/20000 [05:05<03:25, 36.19it/s, acc=0.345, device=mps, eta=3m05s, loss=1.8611, sps=41.1]
BC[stage1_datasets_L40_stepsweep/bc_shift4_scale_0p8_1p2_steps20000_tr0]:  63%|██████▎   | 12571/20000 [05:05<03:13, 38.35it/s, acc=0.345, device=mps, eta=3m05s, loss=1.8611, sps=41.1]
BC[stage1_datasets_L40_stepsweep/bc_shift4_scale_0p8_1p2_steps20000_tr0]:  63%|██████▎   | 12577/20000 [05:05<02:55, 42.34it/s, acc=0.345, device=mps, eta=3m05s, loss=1.8611, sps=41.1]
BC[stage1_datasets_L40_stepsweep/bc_shift4_scale_0p8_1p2_steps20000_tr0]:  63%|██████▎   | 12583/20000 [05:06<03:53, 31.83it/s, acc=0.345, device=mps, eta=3m05s, loss=1.8611, sps=41.1]
BC[stage1_datasets_L40_stepsweep/bc_shift4_scale_0p8_1p2_steps20000_tr0]:  63%|██████▎   | 12590/20000 [05:06<03:12, 38.51it/s, acc=0.345, device=mps, eta=3m05s, loss=1.8611, sps=41.1]
BC[stage1_datasets_L40_stepsweep/bc_shift4_scale_0p8_1p2_steps20000_tr0]:  63%|██████▎   | 12596/20000 [05:06<02:55, 42.12it/s, acc=0.345, device=mps, eta=3m05s, loss=1.8611, sps=41.1]
BC[stage1_datasets_L40_stepsweep/bc_shift4_scale_0p8_1p2_steps20000_tr0]:  63%|██████▎   | 12596/20000 [05:06<02:55, 42.12it/s, acc=0.353, device=mps, eta=3m00s, loss=1.8366, sps=41.1]
BC[stage1_datasets_L40_stepsweep/bc_shift4_scale_0p8_1p2_steps20000_tr0]:  63%|██████▎   | 12602/20000 [05:06<03:53, 31.74it/s, acc=0.353, device=mps, eta=3m00s, loss=1.8366, sps=41.1]
BC[stage1_datasets_L40_stepsweep/bc_shift4_scale_0p8_1p2_steps20000_tr0]:  63%|██████▎   | 12608/20000 [05:06<03:21, 36.68it/s, acc=0.353, device=mps, eta=3m00s, loss=1.8366, sps=41.1]
BC[stage1_datasets_L40_stepsweep/bc_shift4_scale_0p8_1p2_steps20000_tr0]:  63%|██████▎   | 12614/20000 [05:06<02:59, 41.09it/s, acc=0.353, device=mps, eta=3m00s, loss=1.8366, sps=41.1]
BC[stage1_datasets_L40_stepsweep/bc_shift4_scale_0p8_1p2_steps20000_tr0]:  63%|██████▎   | 12621/20000 [05:07<03:47, 32.40it/s, acc=0.353, device=mps, eta=3m00s, loss=1.8366, sps=41.1]
BC[stage1_datasets_L40_stepsweep/bc_shift4_scale_0p8_1p2_steps20000_tr0]:  63%|██████▎   | 12629/20000 [05:07<03:02, 40.50it/s, acc=0.353, device=mps, eta=3m00s, loss=1.8366, sps=41.1]
BC[stage1_datasets_L40_stepsweep/bc_shift4_scale_0p8_1p2_steps20000_tr0]:  63%|██████▎   | 12637/20000 [05:07<02:34, 47.72it/s, acc=0.353, device=mps, eta=3m00s, loss=1.8366, sps=41.1]
BC[stage1_datasets_L40_stepsweep/bc_shift4_scale_0p8_1p2_steps20000_tr0]:  63%|██████▎   | 12643/20000 [05:07<03:23, 36.09it/s, acc=0.353, device=mps, eta=3m00s, loss=1.8366, sps=41.1]
BC[stage1_datasets_L40_stepsweep/bc_shift4_scale_0p8_1p2_steps20000_tr0]:  63%|██████▎   | 12651/20000 [05:07<02:48, 43.72it/s, acc=0.353, device=mps, eta=3m00s, loss=1.8366, sps=41.1]
BC[stage1_datasets_L40_stepsweep/bc_shift4_scale_0p8_1p2_steps20000_tr0]:  63%|██████▎   | 12659/20000 [05:07<02:24, 50.90it/s, acc=0.353, device=mps, eta=3m00s, loss=1.8366, sps=41.1]
BC[stage1_datasets_L40_stepsweep/bc_shift4_scale_0p8_1p2_steps20000_tr0]:  63%|██████▎   | 12666/20000 [05:08<03:13, 37.83it/s, acc=0.353, device=mps, eta=3m00s, loss=1.8366, sps=41.1]
BC[stage1_datasets_L40_stepsweep/bc_shift4_scale_0p8_1p2_steps20000_tr0]:  63%|██████▎   | 12672/20000 [05:08<02:59, 40.90it/s, acc=0.353, device=mps, eta=3m00s, loss=1.8366, sps=41.1]
BC[stage1_datasets_L40_stepsweep/bc_shift4_scale_0p8_1p2_steps20000_tr0]:  63%|██████▎   | 12679/20000 [05:08<02:39, 45.93it/s, acc=0.353, device=mps, eta=3m00s, loss=1.8366, sps=41.1]
BC[stage1_datasets_L40_stepsweep/bc_shift4_scale_0p8_1p2_steps20000_tr0]:  63%|██████▎   | 12685/20000 [05:08<03:27, 35.19it/s, acc=0.353, device=mps, eta=3m00s, loss=1.8366, sps=41.1]
BC[stage1_datasets_L40_stepsweep/bc_shift4_scale_0p8_1p2_steps20000_tr0]:  63%|██████▎   | 12693/20000 [05:08<02:50, 42.90it/s, acc=0.353, device=mps, eta=3m00s, loss=1.8366, sps=41.1]
BC[stage1_datasets_L40_stepsweep/bc_shift4_scale_0p8_1p2_steps20000_tr0]:  64%|██████▎   | 12701/20000 [05:08<03:26, 35.41it/s, acc=0.353, device=mps, eta=3m00s, loss=1.8366, sps=41.1]
BC[stage1_datasets_L40_stepsweep/bc_shift4_scale_0p8_1p2_steps20000_tr0]:  64%|██████▎   | 12709/20000 [05:09<02:51, 42.58it/s, acc=0.353, device=mps, eta=3m00s, loss=1.8366, sps=41.1]
BC[stage1_datasets_L40_stepsweep/bc_shift4_scale_0p8_1p2_steps20000_tr0]:  64%|██████▎   | 12717/20000 [05:09<02:28, 49.00it/s, acc=0.353, device=mps, eta=3m00s, loss=1.8366, sps=41.1]
BC[stage1_datasets_L40_stepsweep/bc_shift4_scale_0p8_1p2_steps20000_tr0]:  64%|██████▎   | 12724/20000 [05:09<03:11, 37.97it/s, acc=0.353, device=mps, eta=3m00s, loss=1.8366, sps=41.1]
BC[stage1_datasets_L40_stepsweep/bc_shift4_scale_0p8_1p2_steps20000_tr0]:  64%|██████▎   | 12732/20000 [05:09<02:41, 44.88it/s, acc=0.353, device=mps, eta=3m00s, loss=1.8366, sps=41.1]
BC[stage1_datasets_L40_stepsweep/bc_shift4_scale_0p8_1p2_steps20000_tr0]:  64%|██████▎   | 12740/20000 [05:09<02:19, 51.90it/s, acc=0.353, device=mps, eta=3m00s, loss=1.8366, sps=41.1]
BC[stage1_datasets_L40_stepsweep/bc_shift4_scale_0p8_1p2_steps20000_tr0]:  64%|██████▎   | 12747/20000 [05:10<03:05, 39.01it/s, acc=0.353, device=mps, eta=3m00s, loss=1.8366, sps=41.1]
BC[stage1_datasets_L40_stepsweep/bc_shift4_scale_0p8_1p2_steps20000_tr0]:  64%|██████▍   | 12755/20000 [05:10<02:38, 45.77it/s, acc=0.353, device=mps, eta=3m00s, loss=1.8366, sps=41.1]
BC[stage1_datasets_L40_stepsweep/bc_shift4_scale_0p8_1p2_steps20000_tr0]:  64%|██████▍   | 12761/20000 [05:10<03:23, 35.51it/s, acc=0.353, device=mps, eta=3m00s, loss=1.8366, sps=41.1]
BC[stage1_datasets_L40_stepsweep/bc_shift4_scale_0p8_1p2_steps20000_tr0]:  64%|██████▍   | 12769/20000 [05:10<02:48, 42.85it/s, acc=0.353, device=mps, eta=3m00s, loss=1.8366, sps=41.1]
BC[stage1_datasets_L40_stepsweep/bc_shift4_scale_0p8_1p2_steps20000_tr0]:  64%|██████▍   | 12777/20000 [05:10<02:25, 49.62it/s, acc=0.353, device=mps, eta=3m00s, loss=1.8366, sps=41.1]
BC[stage1_datasets_L40_stepsweep/bc_shift4_scale_0p8_1p2_steps20000_tr0]:  64%|██████▍   | 12784/20000 [05:10<03:09, 38.03it/s, acc=0.353, device=mps, eta=3m00s, loss=1.8366, sps=41.1]
BC[stage1_datasets_L40_stepsweep/bc_shift4_scale_0p8_1p2_steps20000_tr0]:  64%|██████▍   | 12792/20000 [05:11<02:40, 45.05it/s, acc=0.353, device=mps, eta=3m00s, loss=1.8366, sps=41.1]
BC[stage1_datasets_L40_stepsweep/bc_shift4_scale_0p8_1p2_steps20000_tr0]:  64%|██████▍   | 12792/20000 [05:11<02:40, 45.05it/s, acc=0.349, device=mps, eta=2m55s, loss=1.8425, sps=41.1]
BC[stage1_datasets_L40_stepsweep/bc_shift4_scale_0p8_1p2_steps20000_tr0]:  64%|██████▍   | 12800/20000 [05:11<02:18, 51.98it/s, acc=0.349, device=mps, eta=2m55s, loss=1.8425, sps=41.1]
BC[stage1_datasets_L40_stepsweep/bc_shift4_scale_0p8_1p2_steps20000_tr0]:  64%|██████▍   | 12807/20000 [05:11<03:04, 38.89it/s, acc=0.349, device=mps, eta=2m55s, loss=1.8425, sps=41.1]
BC[stage1_datasets_L40_stepsweep/bc_shift4_scale_0p8_1p2_steps20000_tr0]:  64%|██████▍   | 12815/20000 [05:11<02:36, 45.97it/s, acc=0.349, device=mps, eta=2m55s, loss=1.8425, sps=41.1]
BC[stage1_datasets_L40_stepsweep/bc_shift4_scale_0p8_1p2_steps20000_tr0]:  64%|██████▍   | 12821/20000 [05:11<03:19, 36.00it/s, acc=0.349, device=mps, eta=2m55s, loss=1.8425, sps=41.1]
BC[stage1_datasets_L40_stepsweep/bc_shift4_scale_0p8_1p2_steps20000_tr0]:  64%|██████▍   | 12827/20000 [05:11<03:00, 39.68it/s, acc=0.349, device=mps, eta=2m55s, loss=1.8425, sps=41.1]
BC[stage1_datasets_L40_stepsweep/bc_shift4_scale_0p8_1p2_steps20000_tr0]:  64%|██████▍   | 12833/20000 [05:11<02:44, 43.66it/s, acc=0.349, device=mps, eta=2m55s, loss=1.8425, sps=41.1]
BC[stage1_datasets_L40_stepsweep/bc_shift4_scale_0p8_1p2_steps20000_tr0]:  64%|██████▍   | 12840/20000 [05:12<02:28, 48.38it/s, acc=0.349, device=mps, eta=2m55s, loss=1.8425, sps=41.1]
BC[stage1_datasets_L40_stepsweep/bc_shift4_scale_0p8_1p2_steps20000_tr0]:  64%|██████▍   | 12846/20000 [05:12<03:22, 35.37it/s, acc=0.349, device=mps, eta=2m55s, loss=1.8425, sps=41.1]
BC[stage1_datasets_L40_stepsweep/bc_shift4_scale_0p8_1p2_steps20000_tr0]:  64%|██████▍   | 12854/20000 [05:12<02:45, 43.21it/s, acc=0.349, device=mps, eta=2m55s, loss=1.8425, sps=41.1]
BC[stage1_datasets_L40_stepsweep/bc_shift4_scale_0p8_1p2_steps20000_tr0]:  64%|██████▍   | 12861/20000 [05:12<03:26, 34.61it/s, acc=0.349, device=mps, eta=2m55s, loss=1.8425, sps=41.1]
BC[stage1_datasets_L40_stepsweep/bc_shift4_scale_0p8_1p2_steps20000_tr0]:  64%|██████▍   | 12869/20000 [05:12<02:49, 42.20it/s, acc=0.349, device=mps, eta=2m55s, loss=1.8425, sps=41.1]
BC[stage1_datasets_L40_stepsweep/bc_shift4_scale_0p8_1p2_steps20000_tr0]:  64%|██████▍   | 12877/20000 [05:13<02:24, 49.25it/s, acc=0.349, device=mps, eta=2m55s, loss=1.8425, sps=41.1]
BC[stage1_datasets_L40_stepsweep/bc_shift4_scale_0p8_1p2_steps20000_tr0]:  64%|██████▍   | 12884/20000 [05:13<03:08, 37.66it/s, acc=0.349, device=mps, eta=2m55s, loss=1.8425, sps=41.1]
BC[stage1_datasets_L40_stepsweep/bc_shift4_scale_0p8_1p2_steps20000_tr0]:  64%|██████▍   | 12892/20000 [05:13<02:38, 44.74it/s, acc=0.349, device=mps, eta=2m55s, loss=1.8425, sps=41.1]
BC[stage1_datasets_L40_stepsweep/bc_shift4_scale_0p8_1p2_steps20000_tr0]:  64%|██████▍   | 12900/20000 [05:13<02:17, 51.79it/s, acc=0.349, device=mps, eta=2m55s, loss=1.8425, sps=41.1]
BC[stage1_datasets_L40_stepsweep/bc_shift4_scale_0p8_1p2_steps20000_tr0]:  65%|██████▍   | 12907/20000 [05:13<03:02, 38.77it/s, acc=0.349, device=mps, eta=2m55s, loss=1.8425, sps=41.1]
BC[stage1_datasets_L40_stepsweep/bc_shift4_scale_0p8_1p2_steps20000_tr0]:  65%|██████▍   | 12915/20000 [05:13<02:35, 45.60it/s, acc=0.349, device=mps, eta=2m55s, loss=1.8425, sps=41.1]
BC[stage1_datasets_L40_stepsweep/bc_shift4_scale_0p8_1p2_steps20000_tr0]:  65%|██████▍   | 12921/20000 [05:14<03:19, 35.41it/s, acc=0.349, device=mps, eta=2m55s, loss=1.8425, sps=41.1]
BC[stage1_datasets_L40_stepsweep/bc_shift4_scale_0p8_1p2_steps20000_tr0]:  65%|██████▍   | 12929/20000 [05:14<02:45, 42.84it/s, acc=0.349, device=mps, eta=2m55s, loss=1.8425, sps=41.1]
BC[stage1_datasets_L40_stepsweep/bc_shift4_scale_0p8_1p2_steps20000_tr0]:  65%|██████▍   | 12937/20000 [05:14<02:23, 49.33it/s, acc=0.349, device=mps, eta=2m55s, loss=1.8425, sps=41.1]
BC[stage1_datasets_L40_stepsweep/bc_shift4_scale_0p8_1p2_steps20000_tr0]:  65%|██████▍   | 12944/20000 [05:14<03:06, 37.91it/s, acc=0.349, device=mps, eta=2m55s, loss=1.8425, sps=41.1]
BC[stage1_datasets_L40_stepsweep/bc_shift4_scale_0p8_1p2_steps20000_tr0]:  65%|██████▍   | 12952/20000 [05:14<02:36, 45.01it/s, acc=0.349, device=mps, eta=2m55s, loss=1.8425, sps=41.1]
BC[stage1_datasets_L40_stepsweep/bc_shift4_scale_0p8_1p2_steps20000_tr0]:  65%|██████▍   | 12960/20000 [05:14<02:16, 51.70it/s, acc=0.349, device=mps, eta=2m55s, loss=1.8425, sps=41.1]
BC[stage1_datasets_L40_stepsweep/bc_shift4_scale_0p8_1p2_steps20000_tr0]:  65%|██████▍   | 12967/20000 [05:15<03:01, 38.74it/s, acc=0.349, device=mps, eta=2m55s, loss=1.8425, sps=41.1]
BC[stage1_datasets_L40_stepsweep/bc_shift4_scale_0p8_1p2_steps20000_tr0]:  65%|██████▍   | 12975/20000 [05:15<02:34, 45.54it/s, acc=0.349, device=mps, eta=2m55s, loss=1.8425, sps=41.1]
BC[stage1_datasets_L40_stepsweep/bc_shift4_scale_0p8_1p2_steps20000_tr0]:  65%|██████▍   | 12981/20000 [05:15<03:17, 35.48it/s, acc=0.349, device=mps, eta=2m55s, loss=1.8425, sps=41.1]
BC[stage1_datasets_L40_stepsweep/bc_shift4_scale_0p8_1p2_steps20000_tr0]:  65%|██████▍   | 12989/20000 [05:15<02:43, 42.79it/s, acc=0.349, device=mps, eta=2m55s, loss=1.8425, sps=41.1]
BC[stage1_datasets_L40_stepsweep/bc_shift4_scale_0p8_1p2_steps20000_tr0]:  65%|██████▍   | 12997/20000 [05:15<02:20, 49.77it/s, acc=0.349, device=mps, eta=2m55s, loss=1.8425, sps=41.1]
BC[stage1_datasets_L40_stepsweep/bc_shift4_scale_0p8_1p2_steps20000_tr0]:  65%|██████▍   | 12997/20000 [05:15<02:20, 49.77it/s, acc=0.363, device=mps, eta=2m50s, loss=1.8079, sps=41.2]
BC[stage1_datasets_L40_stepsweep/bc_shift4_scale_0p8_1p2_steps20000_tr0]:  65%|██████▌   | 13004/20000 [05:16<03:03, 38.11it/s, acc=0.363, device=mps, eta=2m50s, loss=1.8079, sps=41.2]
BC[stage1_datasets_L40_stepsweep/bc_shift4_scale_0p8_1p2_steps20000_tr0]:  65%|██████▌   | 13012/20000 [05:16<02:34, 45.14it/s, acc=0.363, device=mps, eta=2m50s, loss=1.8079, sps=41.2]
BC[stage1_datasets_L40_stepsweep/bc_shift4_scale_0p8_1p2_steps20000_tr0]:  65%|██████▌   | 13020/20000 [05:16<02:14, 52.02it/s, acc=0.363, device=mps, eta=2m50s, loss=1.8079, sps=41.2]
BC[stage1_datasets_L40_stepsweep/bc_shift4_scale_0p8_1p2_steps20000_tr0]:  65%|██████▌   | 13027/20000 [05:16<02:59, 38.88it/s, acc=0.363, device=mps, eta=2m50s, loss=1.8079, sps=41.2]
BC[stage1_datasets_L40_stepsweep/bc_shift4_scale_0p8_1p2_steps20000_tr0]:  65%|██████▌   | 13035/20000 [05:16<02:32, 45.63it/s, acc=0.363, device=mps, eta=2m50s, loss=1.8079, sps=41.2]
BC[stage1_datasets_L40_stepsweep/bc_shift4_scale_0p8_1p2_steps20000_tr0]:  65%|██████▌   | 13041/20000 [05:16<03:16, 35.49it/s, acc=0.363, device=mps, eta=2m50s, loss=1.8079, sps=41.2]
BC[stage1_datasets_L40_stepsweep/bc_shift4_scale_0p8_1p2_steps20000_tr0]:  65%|██████▌   | 13049/20000 [05:17<02:42, 42.82it/s, acc=0.363, device=mps, eta=2m50s, loss=1.8079, sps=41.2]
BC[stage1_datasets_L40_stepsweep/bc_shift4_scale_0p8_1p2_steps20000_tr0]:  65%|██████▌   | 13057/20000 [05:17<02:19, 49.84it/s, acc=0.363, device=mps, eta=2m50s, loss=1.8079, sps=41.2]
BC[stage1_datasets_L40_stepsweep/bc_shift4_scale_0p8_1p2_steps20000_tr0]:  65%|██████▌   | 13064/20000 [05:17<03:03, 37.90it/s, acc=0.363, device=mps, eta=2m50s, loss=1.8079, sps=41.2]
BC[stage1_datasets_L40_stepsweep/bc_shift4_scale_0p8_1p2_steps20000_tr0]:  65%|██████▌   | 13070/20000 [05:17<02:48, 41.05it/s, acc=0.363, device=mps, eta=2m50s, loss=1.8079, sps=41.2]
BC[stage1_datasets_L40_stepsweep/bc_shift4_scale_0p8_1p2_steps20000_tr0]:  65%|██████▌   | 13077/20000 [05:17<02:30, 46.09it/s, acc=0.363, device=mps, eta=2m50s, loss=1.8079, sps=41.2]
BC[stage1_datasets_L40_stepsweep/bc_shift4_scale_0p8_1p2_steps20000_tr0]:  65%|██████▌   | 13083/20000 [05:18<03:17, 34.96it/s, acc=0.363, device=mps, eta=2m50s, loss=1.8079, sps=41.2]
BC[stage1_datasets_L40_stepsweep/bc_shift4_scale_0p8_1p2_steps20000_tr0]:  65%|██████▌   | 13091/20000 [05:18<02:41, 42.75it/s, acc=0.363, device=mps, eta=2m50s, loss=1.8079, sps=41.2]
BC[stage1_datasets_L40_stepsweep/bc_shift4_scale_0p8_1p2_steps20000_tr0]:  65%|██████▌   | 13099/20000 [05:18<02:19, 49.53it/s, acc=0.363, device=mps, eta=2m50s, loss=1.8079, sps=41.2]
BC[stage1_datasets_L40_stepsweep/bc_shift4_scale_0p8_1p2_steps20000_tr0]:  66%|██████▌   | 13106/20000 [05:18<03:01, 37.90it/s, acc=0.363, device=mps, eta=2m50s, loss=1.8079, sps=41.2]
BC[stage1_datasets_L40_stepsweep/bc_shift4_scale_0p8_1p2_steps20000_tr0]:  66%|██████▌   | 13114/20000 [05:18<02:33, 44.98it/s, acc=0.363, device=mps, eta=2m50s, loss=1.8079, sps=41.2]
BC[stage1_datasets_L40_stepsweep/bc_shift4_scale_0p8_1p2_steps20000_tr0]:  66%|██████▌   | 13121/20000 [05:18<03:11, 35.87it/s, acc=0.363, device=mps, eta=2m50s, loss=1.8079, sps=41.2]
BC[stage1_datasets_L40_stepsweep/bc_shift4_scale_0p8_1p2_steps20000_tr0]:  66%|██████▌   | 13129/20000 [05:19<02:39, 43.11it/s, acc=0.363, device=mps, eta=2m50s, loss=1.8079, sps=41.2]
BC[stage1_datasets_L40_stepsweep/bc_shift4_scale_0p8_1p2_steps20000_tr0]:  66%|██████▌   | 13137/20000 [05:19<02:18, 49.70it/s, acc=0.363, device=mps, eta=2m50s, loss=1.8079, sps=41.2]
BC[stage1_datasets_L40_stepsweep/bc_shift4_scale_0p8_1p2_steps20000_tr0]:  66%|██████▌   | 13144/20000 [05:19<02:59, 38.14it/s, acc=0.363, device=mps, eta=2m50s, loss=1.8079, sps=41.2]
BC[stage1_datasets_L40_stepsweep/bc_shift4_scale_0p8_1p2_steps20000_tr0]:  66%|██████▌   | 13152/20000 [05:19<02:31, 45.15it/s, acc=0.363, device=mps, eta=2m50s, loss=1.8079, sps=41.2]
BC[stage1_datasets_L40_stepsweep/bc_shift4_scale_0p8_1p2_steps20000_tr0]:  66%|██████▌   | 13160/20000 [05:19<02:11, 52.09it/s, acc=0.363, device=mps, eta=2m50s, loss=1.8079, sps=41.2]
BC[stage1_datasets_L40_stepsweep/bc_shift4_scale_0p8_1p2_steps20000_tr0]:  66%|██████▌   | 13167/20000 [05:19<02:55, 38.88it/s, acc=0.363, device=mps, eta=2m50s, loss=1.8079, sps=41.2]
BC[stage1_datasets_L40_stepsweep/bc_shift4_scale_0p8_1p2_steps20000_tr0]:  66%|██████▌   | 13175/20000 [05:20<02:29, 45.66it/s, acc=0.363, device=mps, eta=2m50s, loss=1.8079, sps=41.2]
BC[stage1_datasets_L40_stepsweep/bc_shift4_scale_0p8_1p2_steps20000_tr0]:  66%|██████▌   | 13181/20000 [05:20<03:12, 35.47it/s, acc=0.363, device=mps, eta=2m50s, loss=1.8079, sps=41.2]
BC[stage1_datasets_L40_stepsweep/bc_shift4_scale_0p8_1p2_steps20000_tr0]:  66%|██████▌   | 13189/20000 [05:20<02:38, 42.86it/s, acc=0.363, device=mps, eta=2m50s, loss=1.8079, sps=41.2]
BC[stage1_datasets_L40_stepsweep/bc_shift4_scale_0p8_1p2_steps20000_tr0]:  66%|██████▌   | 13197/20000 [05:20<02:17, 49.50it/s, acc=0.363, device=mps, eta=2m50s, loss=1.8079, sps=41.2]
BC[stage1_datasets_L40_stepsweep/bc_shift4_scale_0p8_1p2_steps20000_tr0]:  66%|██████▌   | 13197/20000 [05:20<02:17, 49.50it/s, acc=0.350, device=mps, eta=2m45s, loss=1.8435, sps=41.2]
BC[stage1_datasets_L40_stepsweep/bc_shift4_scale_0p8_1p2_steps20000_tr0]:  66%|██████▌   | 13204/20000 [05:20<02:58, 37.97it/s, acc=0.350, device=mps, eta=2m45s, loss=1.8435, sps=41.2]
BC[stage1_datasets_L40_stepsweep/bc_shift4_scale_0p8_1p2_steps20000_tr0]:  66%|██████▌   | 13212/20000 [05:20<02:31, 44.95it/s, acc=0.350, device=mps, eta=2m45s, loss=1.8435, sps=41.2]
BC[stage1_datasets_L40_stepsweep/bc_shift4_scale_0p8_1p2_steps20000_tr0]:  66%|██████▌   | 13220/20000 [05:21<02:10, 52.03it/s, acc=0.350, device=mps, eta=2m45s, loss=1.8435, sps=41.2]
BC[stage1_datasets_L40_stepsweep/bc_shift4_scale_0p8_1p2_steps20000_tr0]:  66%|██████▌   | 13227/20000 [05:21<02:53, 38.94it/s, acc=0.350, device=mps, eta=2m45s, loss=1.8435, sps=41.2]
BC[stage1_datasets_L40_stepsweep/bc_shift4_scale_0p8_1p2_steps20000_tr0]:  66%|██████▌   | 13235/20000 [05:21<02:26, 46.06it/s, acc=0.350, device=mps, eta=2m45s, loss=1.8435, sps=41.2]
BC[stage1_datasets_L40_stepsweep/bc_shift4_scale_0p8_1p2_steps20000_tr0]:  66%|██████▌   | 13241/20000 [05:21<03:09, 35.63it/s, acc=0.350, device=mps, eta=2m45s, loss=1.8435, sps=41.2]
BC[stage1_datasets_L40_stepsweep/bc_shift4_scale_0p8_1p2_steps20000_tr0]:  66%|██████▌   | 13247/20000 [05:21<02:50, 39.67it/s, acc=0.350, device=mps, eta=2m45s, loss=1.8435, sps=41.2]
BC[stage1_datasets_L40_stepsweep/bc_shift4_scale_0p8_1p2_steps20000_tr0]:  66%|██████▋   | 13253/20000 [05:21<02:38, 42.67it/s, acc=0.350, device=mps, eta=2m45s, loss=1.8435, sps=41.2]
BC[stage1_datasets_L40_stepsweep/bc_shift4_scale_0p8_1p2_steps20000_tr0]:  66%|██████▋   | 13260/20000 [05:22<02:20, 47.83it/s, acc=0.350, device=mps, eta=2m45s, loss=1.8435, sps=41.2]
BC[stage1_datasets_L40_stepsweep/bc_shift4_scale_0p8_1p2_steps20000_tr0]:  66%|██████▋   | 13266/20000 [05:22<03:11, 35.20it/s, acc=0.350, device=mps, eta=2m45s, loss=1.8435, sps=41.2]
BC[stage1_datasets_L40_stepsweep/bc_shift4_scale_0p8_1p2_steps20000_tr0]:  66%|██████▋   | 13272/20000 [05:22<02:55, 38.41it/s, acc=0.350, device=mps, eta=2m45s, loss=1.8435, sps=41.2]
BC[stage1_datasets_L40_stepsweep/bc_shift4_scale_0p8_1p2_steps20000_tr0]:  66%|██████▋   | 13278/20000 [05:22<02:38, 42.33it/s, acc=0.350, device=mps, eta=2m45s, loss=1.8435, sps=41.2]
BC[stage1_datasets_L40_stepsweep/bc_shift4_scale_0p8_1p2_steps20000_tr0]:  66%|██████▋   | 13283/20000 [05:22<03:32, 31.58it/s, acc=0.350, device=mps, eta=2m45s, loss=1.8435, sps=41.2]
BC[stage1_datasets_L40_stepsweep/bc_shift4_scale_0p8_1p2_steps20000_tr0]:  66%|██████▋   | 13291/20000 [05:22<02:46, 40.30it/s, acc=0.350, device=mps, eta=2m45s, loss=1.8435, sps=41.2]
BC[stage1_datasets_L40_stepsweep/bc_shift4_scale_0p8_1p2_steps20000_tr0]:  66%|██████▋   | 13299/20000 [05:23<02:19, 47.97it/s, acc=0.350, device=mps, eta=2m45s, loss=1.8435, sps=41.2]
BC[stage1_datasets_L40_stepsweep/bc_shift4_scale_0p8_1p2_steps20000_tr0]:  67%|██████▋   | 13305/20000 [05:23<03:06, 35.94it/s, acc=0.350, device=mps, eta=2m45s, loss=1.8435, sps=41.2]
BC[stage1_datasets_L40_stepsweep/bc_shift4_scale_0p8_1p2_steps20000_tr0]:  67%|██████▋   | 13313/20000 [05:23<02:33, 43.62it/s, acc=0.350, device=mps, eta=2m45s, loss=1.8435, sps=41.2]
BC[stage1_datasets_L40_stepsweep/bc_shift4_scale_0p8_1p2_steps20000_tr0]:  67%|██████▋   | 13321/20000 [05:23<03:07, 35.68it/s, acc=0.350, device=mps, eta=2m45s, loss=1.8435, sps=41.2]
BC[stage1_datasets_L40_stepsweep/bc_shift4_scale_0p8_1p2_steps20000_tr0]:  67%|██████▋   | 13329/20000 [05:23<02:35, 42.87it/s, acc=0.350, device=mps, eta=2m45s, loss=1.8435, sps=41.2]
BC[stage1_datasets_L40_stepsweep/bc_shift4_scale_0p8_1p2_steps20000_tr0]:  67%|██████▋   | 13337/20000 [05:23<02:14, 49.68it/s, acc=0.350, device=mps, eta=2m45s, loss=1.8435, sps=41.2]
BC[stage1_datasets_L40_stepsweep/bc_shift4_scale_0p8_1p2_steps20000_tr0]:  67%|██████▋   | 13344/20000 [05:24<02:54, 38.14it/s, acc=0.350, device=mps, eta=2m45s, loss=1.8435, sps=41.2]
BC[stage1_datasets_L40_stepsweep/bc_shift4_scale_0p8_1p2_steps20000_tr0]:  67%|██████▋   | 13352/20000 [05:24<02:27, 45.14it/s, acc=0.350, device=mps, eta=2m45s, loss=1.8435, sps=41.2]
BC[stage1_datasets_L40_stepsweep/bc_shift4_scale_0p8_1p2_steps20000_tr0]:  67%|██████▋   | 13360/20000 [05:24<02:07, 51.88it/s, acc=0.350, device=mps, eta=2m45s, loss=1.8435, sps=41.2]
BC[stage1_datasets_L40_stepsweep/bc_shift4_scale_0p8_1p2_steps20000_tr0]:  67%|██████▋   | 13367/20000 [05:24<02:50, 38.83it/s, acc=0.350, device=mps, eta=2m45s, loss=1.8435, sps=41.2]
BC[stage1_datasets_L40_stepsweep/bc_shift4_scale_0p8_1p2_steps20000_tr0]:  67%|██████▋   | 13375/20000 [05:24<02:25, 45.61it/s, acc=0.350, device=mps, eta=2m45s, loss=1.8435, sps=41.2]
BC[stage1_datasets_L40_stepsweep/bc_shift4_scale_0p8_1p2_steps20000_tr0]:  67%|██████▋   | 13381/20000 [05:25<03:06, 35.43it/s, acc=0.350, device=mps, eta=2m45s, loss=1.8435, sps=41.2]
BC[stage1_datasets_L40_stepsweep/bc_shift4_scale_0p8_1p2_steps20000_tr0]:  67%|██████▋   | 13389/20000 [05:25<02:34, 42.85it/s, acc=0.350, device=mps, eta=2m45s, loss=1.8435, sps=41.2]
BC[stage1_datasets_L40_stepsweep/bc_shift4_scale_0p8_1p2_steps20000_tr0]:  67%|██████▋   | 13397/20000 [05:25<02:12, 49.76it/s, acc=0.350, device=mps, eta=2m45s, loss=1.8435, sps=41.2]
BC[stage1_datasets_L40_stepsweep/bc_shift4_scale_0p8_1p2_steps20000_tr0]:  67%|██████▋   | 13397/20000 [05:25<02:12, 49.76it/s, acc=0.367, device=mps, eta=2m40s, loss=1.8000, sps=41.2]
BC[stage1_datasets_L40_stepsweep/bc_shift4_scale_0p8_1p2_steps20000_tr0]:  67%|██████▋   | 13404/20000 [05:25<02:54, 37.90it/s, acc=0.367, device=mps, eta=2m40s, loss=1.8000, sps=41.2]
BC[stage1_datasets_L40_stepsweep/bc_shift4_scale_0p8_1p2_steps20000_tr0]:  67%|██████▋   | 13412/20000 [05:25<02:26, 45.00it/s, acc=0.367, device=mps, eta=2m40s, loss=1.8000, sps=41.2]
BC[stage1_datasets_L40_stepsweep/bc_shift4_scale_0p8_1p2_steps20000_tr0]:  67%|██████▋   | 13420/20000 [05:25<02:07, 51.61it/s, acc=0.367, device=mps, eta=2m40s, loss=1.8000, sps=41.2]
BC[stage1_datasets_L40_stepsweep/bc_shift4_scale_0p8_1p2_steps20000_tr0]:  67%|██████▋   | 13427/20000 [05:26<02:49, 38.74it/s, acc=0.367, device=mps, eta=2m40s, loss=1.8000, sps=41.2]
BC[stage1_datasets_L40_stepsweep/bc_shift4_scale_0p8_1p2_steps20000_tr0]:  67%|██████▋   | 13435/20000 [05:26<02:23, 45.64it/s, acc=0.367, device=mps, eta=2m40s, loss=1.8000, sps=41.2]
BC[stage1_datasets_L40_stepsweep/bc_shift4_scale_0p8_1p2_steps20000_tr0]:  67%|██████▋   | 13441/20000 [05:26<03:04, 35.53it/s, acc=0.367, device=mps, eta=2m40s, loss=1.8000, sps=41.2]
BC[stage1_datasets_L40_stepsweep/bc_shift4_scale_0p8_1p2_steps20000_tr0]:  67%|██████▋   | 13449/20000 [05:26<02:32, 42.97it/s, acc=0.367, device=mps, eta=2m40s, loss=1.8000, sps=41.2]
BC[stage1_datasets_L40_stepsweep/bc_shift4_scale_0p8_1p2_steps20000_tr0]:  67%|██████▋   | 13457/20000 [05:26<02:11, 49.73it/s, acc=0.367, device=mps, eta=2m40s, loss=1.8000, sps=41.2]
BC[stage1_datasets_L40_stepsweep/bc_shift4_scale_0p8_1p2_steps20000_tr0]:  67%|██████▋   | 13464/20000 [05:27<02:52, 37.95it/s, acc=0.367, device=mps, eta=2m40s, loss=1.8000, sps=41.2]
BC[stage1_datasets_L40_stepsweep/bc_shift4_scale_0p8_1p2_steps20000_tr0]:  67%|██████▋   | 13472/20000 [05:27<02:25, 45.01it/s, acc=0.367, device=mps, eta=2m40s, loss=1.8000, sps=41.2]
BC[stage1_datasets_L40_stepsweep/bc_shift4_scale_0p8_1p2_steps20000_tr0]:  67%|██████▋   | 13481/20000 [05:27<02:54, 37.45it/s, acc=0.367, device=mps, eta=2m40s, loss=1.8000, sps=41.2]
BC[stage1_datasets_L40_stepsweep/bc_shift4_scale_0p8_1p2_steps20000_tr0]:  67%|██████▋   | 13487/20000 [05:27<02:42, 40.10it/s, acc=0.367, device=mps, eta=2m40s, loss=1.8000, sps=41.2]
BC[stage1_datasets_L40_stepsweep/bc_shift4_scale_0p8_1p2_steps20000_tr0]:  67%|██████▋   | 13493/20000 [05:27<02:29, 43.58it/s, acc=0.367, device=mps, eta=2m40s, loss=1.8000, sps=41.2]
BC[stage1_datasets_L40_stepsweep/bc_shift4_scale_0p8_1p2_steps20000_tr0]:  68%|██████▊   | 13500/20000 [05:27<02:12, 49.08it/s, acc=0.367, device=mps, eta=2m40s, loss=1.8000, sps=41.2]
BC[stage1_datasets_L40_stepsweep/bc_shift4_scale_0p8_1p2_steps20000_tr0]:  68%|██████▊   | 13506/20000 [05:28<02:58, 36.33it/s, acc=0.367, device=mps, eta=2m40s, loss=1.8000, sps=41.2]
BC[stage1_datasets_L40_stepsweep/bc_shift4_scale_0p8_1p2_steps20000_tr0]:  68%|██████▊   | 13514/20000 [05:28<02:27, 43.91it/s, acc=0.367, device=mps, eta=2m40s, loss=1.8000, sps=41.2]
BC[stage1_datasets_L40_stepsweep/bc_shift4_scale_0p8_1p2_steps20000_tr0]:  68%|██████▊   | 13521/20000 [05:28<03:04, 35.16it/s, acc=0.367, device=mps, eta=2m40s, loss=1.8000, sps=41.2]
BC[stage1_datasets_L40_stepsweep/bc_shift4_scale_0p8_1p2_steps20000_tr0]:  68%|██████▊   | 13529/20000 [05:28<02:31, 42.66it/s, acc=0.367, device=mps, eta=2m40s, loss=1.8000, sps=41.2]
BC[stage1_datasets_L40_stepsweep/bc_shift4_scale_0p8_1p2_steps20000_tr0]:  68%|██████▊   | 13537/20000 [05:28<02:10, 49.57it/s, acc=0.367, device=mps, eta=2m40s, loss=1.8000, sps=41.2]
BC[stage1_datasets_L40_stepsweep/bc_shift4_scale_0p8_1p2_steps20000_tr0]:  68%|██████▊   | 13544/20000 [05:28<02:50, 37.92it/s, acc=0.367, device=mps, eta=2m40s, loss=1.8000, sps=41.2]
BC[stage1_datasets_L40_stepsweep/bc_shift4_scale_0p8_1p2_steps20000_tr0]:  68%|██████▊   | 13552/20000 [05:29<02:23, 45.03it/s, acc=0.367, device=mps, eta=2m40s, loss=1.8000, sps=41.2]
BC[stage1_datasets_L40_stepsweep/bc_shift4_scale_0p8_1p2_steps20000_tr0]:  68%|██████▊   | 13560/20000 [05:29<02:04, 51.80it/s, acc=0.367, device=mps, eta=2m40s, loss=1.8000, sps=41.2]
BC[stage1_datasets_L40_stepsweep/bc_shift4_scale_0p8_1p2_steps20000_tr0]:  68%|██████▊   | 13567/20000 [05:29<02:45, 38.77it/s, acc=0.367, device=mps, eta=2m40s, loss=1.8000, sps=41.2]
BC[stage1_datasets_L40_stepsweep/bc_shift4_scale_0p8_1p2_steps20000_tr0]:  68%|██████▊   | 13575/20000 [05:29<02:20, 45.60it/s, acc=0.367, device=mps, eta=2m40s, loss=1.8000, sps=41.2]
BC[stage1_datasets_L40_stepsweep/bc_shift4_scale_0p8_1p2_steps20000_tr0]:  68%|██████▊   | 13581/20000 [05:29<03:00, 35.48it/s, acc=0.367, device=mps, eta=2m40s, loss=1.8000, sps=41.2]
BC[stage1_datasets_L40_stepsweep/bc_shift4_scale_0p8_1p2_steps20000_tr0]:  68%|██████▊   | 13589/20000 [05:29<02:29, 42.84it/s, acc=0.367, device=mps, eta=2m40s, loss=1.8000, sps=41.2]
BC[stage1_datasets_L40_stepsweep/bc_shift4_scale_0p8_1p2_steps20000_tr0]:  68%|██████▊   | 13597/20000 [05:30<02:09, 49.37it/s, acc=0.367, device=mps, eta=2m40s, loss=1.8000, sps=41.2]
BC[stage1_datasets_L40_stepsweep/bc_shift4_scale_0p8_1p2_steps20000_tr0]:  68%|██████▊   | 13597/20000 [05:30<02:09, 49.37it/s, acc=0.358, device=mps, eta=2m35s, loss=1.8198, sps=41.2]
BC[stage1_datasets_L40_stepsweep/bc_shift4_scale_0p8_1p2_steps20000_tr0]:  68%|██████▊   | 13604/20000 [05:30<02:48, 37.98it/s, acc=0.358, device=mps, eta=2m35s, loss=1.8198, sps=41.2]
BC[stage1_datasets_L40_stepsweep/bc_shift4_scale_0p8_1p2_steps20000_tr0]:  68%|██████▊   | 13612/20000 [05:30<02:21, 45.00it/s, acc=0.358, device=mps, eta=2m35s, loss=1.8198, sps=41.2]
BC[stage1_datasets_L40_stepsweep/bc_shift4_scale_0p8_1p2_steps20000_tr0]:  68%|██████▊   | 13620/20000 [05:30<02:03, 51.62it/s, acc=0.358, device=mps, eta=2m35s, loss=1.8198, sps=41.2]
BC[stage1_datasets_L40_stepsweep/bc_shift4_scale_0p8_1p2_steps20000_tr0]:  68%|██████▊   | 13627/20000 [05:30<02:44, 38.83it/s, acc=0.358, device=mps, eta=2m35s, loss=1.8198, sps=41.2]
BC[stage1_datasets_L40_stepsweep/bc_shift4_scale_0p8_1p2_steps20000_tr0]:  68%|██████▊   | 13635/20000 [05:30<02:19, 45.60it/s, acc=0.358, device=mps, eta=2m35s, loss=1.8198, sps=41.2]
BC[stage1_datasets_L40_stepsweep/bc_shift4_scale_0p8_1p2_steps20000_tr0]:  68%|██████▊   | 13641/20000 [05:31<02:59, 35.47it/s, acc=0.358, device=mps, eta=2m35s, loss=1.8198, sps=41.2]
BC[stage1_datasets_L40_stepsweep/bc_shift4_scale_0p8_1p2_steps20000_tr0]:  68%|██████▊   | 13649/20000 [05:31<02:28, 42.80it/s, acc=0.358, device=mps, eta=2m35s, loss=1.8198, sps=41.2]
BC[stage1_datasets_L40_stepsweep/bc_shift4_scale_0p8_1p2_steps20000_tr0]:  68%|██████▊   | 13657/20000 [05:31<02:08, 49.36it/s, acc=0.358, device=mps, eta=2m35s, loss=1.8198, sps=41.2]
BC[stage1_datasets_L40_stepsweep/bc_shift4_scale_0p8_1p2_steps20000_tr0]:  68%|██████▊   | 13664/20000 [05:31<02:43, 38.64it/s, acc=0.358, device=mps, eta=2m35s, loss=1.8198, sps=41.2]
BC[stage1_datasets_L40_stepsweep/bc_shift4_scale_0p8_1p2_steps20000_tr0]:  68%|██████▊   | 13672/20000 [05:31<02:18, 45.75it/s, acc=0.358, device=mps, eta=2m35s, loss=1.8198, sps=41.2]
BC[stage1_datasets_L40_stepsweep/bc_shift4_scale_0p8_1p2_steps20000_tr0]:  68%|██████▊   | 13680/20000 [05:31<01:59, 52.71it/s, acc=0.358, device=mps, eta=2m35s, loss=1.8198, sps=41.2]
BC[stage1_datasets_L40_stepsweep/bc_shift4_scale_0p8_1p2_steps20000_tr0]:  68%|██████▊   | 13687/20000 [05:32<02:40, 39.40it/s, acc=0.358, device=mps, eta=2m35s, loss=1.8198, sps=41.2]
BC[stage1_datasets_L40_stepsweep/bc_shift4_scale_0p8_1p2_steps20000_tr0]:  68%|██████▊   | 13695/20000 [05:32<02:15, 46.48it/s, acc=0.358, device=mps, eta=2m35s, loss=1.8198, sps=41.2]
BC[stage1_datasets_L40_stepsweep/bc_shift4_scale_0p8_1p2_steps20000_tr0]:  69%|██████▊   | 13701/20000 [05:32<02:55, 35.87it/s, acc=0.358, device=mps, eta=2m35s, loss=1.8198, sps=41.2]
BC[stage1_datasets_L40_stepsweep/bc_shift4_scale_0p8_1p2_steps20000_tr0]:  69%|██████▊   | 13709/20000 [05:32<02:25, 43.18it/s, acc=0.358, device=mps, eta=2m35s, loss=1.8198, sps=41.2]
BC[stage1_datasets_L40_stepsweep/bc_shift4_scale_0p8_1p2_steps20000_tr0]:  69%|██████▊   | 13717/20000 [05:32<02:06, 49.79it/s, acc=0.358, device=mps, eta=2m35s, loss=1.8198, sps=41.2]
BC[stage1_datasets_L40_stepsweep/bc_shift4_scale_0p8_1p2_steps20000_tr0]:  69%|██████▊   | 13724/20000 [05:33<02:44, 38.04it/s, acc=0.358, device=mps, eta=2m35s, loss=1.8198, sps=41.2]
BC[stage1_datasets_L40_stepsweep/bc_shift4_scale_0p8_1p2_steps20000_tr0]:  69%|██████▊   | 13732/20000 [05:33<02:19, 45.06it/s, acc=0.358, device=mps, eta=2m35s, loss=1.8198, sps=41.2]
BC[stage1_datasets_L40_stepsweep/bc_shift4_scale_0p8_1p2_steps20000_tr0]:  69%|██████▊   | 13740/20000 [05:33<02:00, 52.11it/s, acc=0.358, device=mps, eta=2m35s, loss=1.8198, sps=41.2]
BC[stage1_datasets_L40_stepsweep/bc_shift4_scale_0p8_1p2_steps20000_tr0]:  69%|██████▊   | 13747/20000 [05:33<02:40, 38.98it/s, acc=0.358, device=mps, eta=2m35s, loss=1.8198, sps=41.2]
BC[stage1_datasets_L40_stepsweep/bc_shift4_scale_0p8_1p2_steps20000_tr0]:  69%|██████▉   | 13755/20000 [05:33<02:15, 46.23it/s, acc=0.358, device=mps, eta=2m35s, loss=1.8198, sps=41.2]
BC[stage1_datasets_L40_stepsweep/bc_shift4_scale_0p8_1p2_steps20000_tr0]:  69%|██████▉   | 13761/20000 [05:34<02:52, 36.16it/s, acc=0.358, device=mps, eta=2m35s, loss=1.8198, sps=41.2]
BC[stage1_datasets_L40_stepsweep/bc_shift4_scale_0p8_1p2_steps20000_tr0]:  69%|██████▉   | 13769/20000 [05:34<02:23, 43.57it/s, acc=0.358, device=mps, eta=2m35s, loss=1.8198, sps=41.2]
BC[stage1_datasets_L40_stepsweep/bc_shift4_scale_0p8_1p2_steps20000_tr0]:  69%|██████▉   | 13777/20000 [05:34<02:03, 50.24it/s, acc=0.358, device=mps, eta=2m35s, loss=1.8198, sps=41.2]
BC[stage1_datasets_L40_stepsweep/bc_shift4_scale_0p8_1p2_steps20000_tr0]:  69%|██████▉   | 13784/20000 [05:34<02:42, 38.36it/s, acc=0.358, device=mps, eta=2m35s, loss=1.8198, sps=41.2]
BC[stage1_datasets_L40_stepsweep/bc_shift4_scale_0p8_1p2_steps20000_tr0]:  69%|██████▉   | 13792/20000 [05:34<02:16, 45.40it/s, acc=0.358, device=mps, eta=2m35s, loss=1.8198, sps=41.2]
BC[stage1_datasets_L40_stepsweep/bc_shift4_scale_0p8_1p2_steps20000_tr0]:  69%|██████▉   | 13792/20000 [05:34<02:16, 45.40it/s, acc=0.374, device=mps, eta=2m30s, loss=1.7824, sps=41.2]
BC[stage1_datasets_L40_stepsweep/bc_shift4_scale_0p8_1p2_steps20000_tr0]:  69%|██████▉   | 13800/20000 [05:34<01:58, 52.24it/s, acc=0.374, device=mps, eta=2m30s, loss=1.7824, sps=41.2]
BC[stage1_datasets_L40_stepsweep/bc_shift4_scale_0p8_1p2_steps20000_tr0]:  69%|██████▉   | 13807/20000 [05:35<02:38, 38.96it/s, acc=0.374, device=mps, eta=2m30s, loss=1.7824, sps=41.2]
BC[stage1_datasets_L40_stepsweep/bc_shift4_scale_0p8_1p2_steps20000_tr0]:  69%|██████▉   | 13815/20000 [05:35<02:14, 46.06it/s, acc=0.374, device=mps, eta=2m30s, loss=1.7824, sps=41.2]
BC[stage1_datasets_L40_stepsweep/bc_shift4_scale_0p8_1p2_steps20000_tr0]:  69%|██████▉   | 13821/20000 [05:35<02:53, 35.64it/s, acc=0.374, device=mps, eta=2m30s, loss=1.7824, sps=41.2]
BC[stage1_datasets_L40_stepsweep/bc_shift4_scale_0p8_1p2_steps20000_tr0]:  69%|██████▉   | 13829/20000 [05:35<02:25, 42.51it/s, acc=0.374, device=mps, eta=2m30s, loss=1.7824, sps=41.2]
BC[stage1_datasets_L40_stepsweep/bc_shift4_scale_0p8_1p2_steps20000_tr0]:  69%|██████▉   | 13835/20000 [05:35<02:14, 45.89it/s, acc=0.374, device=mps, eta=2m30s, loss=1.7824, sps=41.2]
BC[stage1_datasets_L40_stepsweep/bc_shift4_scale_0p8_1p2_steps20000_tr0]:  69%|██████▉   | 13841/20000 [05:35<02:57, 34.65it/s, acc=0.374, device=mps, eta=2m30s, loss=1.7824, sps=41.2]
BC[stage1_datasets_L40_stepsweep/bc_shift4_scale_0p8_1p2_steps20000_tr0]:  69%|██████▉   | 13849/20000 [05:36<02:23, 42.83it/s, acc=0.374, device=mps, eta=2m30s, loss=1.7824, sps=41.2]
BC[stage1_datasets_L40_stepsweep/bc_shift4_scale_0p8_1p2_steps20000_tr0]:  69%|██████▉   | 13857/20000 [05:36<02:03, 49.75it/s, acc=0.374, device=mps, eta=2m30s, loss=1.7824, sps=41.2]
BC[stage1_datasets_L40_stepsweep/bc_shift4_scale_0p8_1p2_steps20000_tr0]:  69%|██████▉   | 13864/20000 [05:36<02:44, 37.22it/s, acc=0.374, device=mps, eta=2m30s, loss=1.7824, sps=41.2]
BC[stage1_datasets_L40_stepsweep/bc_shift4_scale_0p8_1p2_steps20000_tr0]:  69%|██████▉   | 13871/20000 [05:36<02:23, 42.67it/s, acc=0.374, device=mps, eta=2m30s, loss=1.7824, sps=41.2]
BC[stage1_datasets_L40_stepsweep/bc_shift4_scale_0p8_1p2_steps20000_tr0]:  69%|██████▉   | 13877/20000 [05:36<02:14, 45.42it/s, acc=0.374, device=mps, eta=2m30s, loss=1.7824, sps=41.2]
BC[stage1_datasets_L40_stepsweep/bc_shift4_scale_0p8_1p2_steps20000_tr0]:  69%|██████▉   | 13883/20000 [05:36<02:57, 34.40it/s, acc=0.374, device=mps, eta=2m30s, loss=1.7824, sps=41.2]
BC[stage1_datasets_L40_stepsweep/bc_shift4_scale_0p8_1p2_steps20000_tr0]:  69%|██████▉   | 13891/20000 [05:37<02:24, 42.13it/s, acc=0.374, device=mps, eta=2m30s, loss=1.7824, sps=41.2]
BC[stage1_datasets_L40_stepsweep/bc_shift4_scale_0p8_1p2_steps20000_tr0]:  69%|██████▉   | 13899/20000 [05:37<02:04, 49.16it/s, acc=0.374, device=mps, eta=2m30s, loss=1.7824, sps=41.2]
BC[stage1_datasets_L40_stepsweep/bc_shift4_scale_0p8_1p2_steps20000_tr0]:  70%|██████▉   | 13905/20000 [05:37<02:44, 37.06it/s, acc=0.374, device=mps, eta=2m30s, loss=1.7824, sps=41.2]
BC[stage1_datasets_L40_stepsweep/bc_shift4_scale_0p8_1p2_steps20000_tr0]:  70%|██████▉   | 13913/20000 [05:37<02:16, 44.48it/s, acc=0.374, device=mps, eta=2m30s, loss=1.7824, sps=41.2]
BC[stage1_datasets_L40_stepsweep/bc_shift4_scale_0p8_1p2_steps20000_tr0]:  70%|██████▉   | 13921/20000 [05:37<02:47, 36.25it/s, acc=0.374, device=mps, eta=2m30s, loss=1.7824, sps=41.2]
BC[stage1_datasets_L40_stepsweep/bc_shift4_scale_0p8_1p2_steps20000_tr0]:  70%|██████▉   | 13929/20000 [05:37<02:20, 43.36it/s, acc=0.374, device=mps, eta=2m30s, loss=1.7824, sps=41.2]
BC[stage1_datasets_L40_stepsweep/bc_shift4_scale_0p8_1p2_steps20000_tr0]:  70%|██████▉   | 13937/20000 [05:38<02:01, 49.75it/s, acc=0.374, device=mps, eta=2m30s, loss=1.7824, sps=41.2]
BC[stage1_datasets_L40_stepsweep/bc_shift4_scale_0p8_1p2_steps20000_tr0]:  70%|██████▉   | 13944/20000 [05:38<02:38, 38.20it/s, acc=0.374, device=mps, eta=2m30s, loss=1.7824, sps=41.2]
BC[stage1_datasets_L40_stepsweep/bc_shift4_scale_0p8_1p2_steps20000_tr0]:  70%|██████▉   | 13952/20000 [05:38<02:13, 45.35it/s, acc=0.374, device=mps, eta=2m30s, loss=1.7824, sps=41.2]
BC[stage1_datasets_L40_stepsweep/bc_shift4_scale_0p8_1p2_steps20000_tr0]:  70%|██████▉   | 13961/20000 [05:38<02:40, 37.68it/s, acc=0.374, device=mps, eta=2m30s, loss=1.7824, sps=41.2]
BC[stage1_datasets_L40_stepsweep/bc_shift4_scale_0p8_1p2_steps20000_tr0]:  70%|██████▉   | 13967/20000 [05:38<02:29, 40.24it/s, acc=0.374, device=mps, eta=2m30s, loss=1.7824, sps=41.2]
BC[stage1_datasets_L40_stepsweep/bc_shift4_scale_0p8_1p2_steps20000_tr0]:  70%|██████▉   | 13974/20000 [05:39<02:14, 44.81it/s, acc=0.374, device=mps, eta=2m30s, loss=1.7824, sps=41.2]
BC[stage1_datasets_L40_stepsweep/bc_shift4_scale_0p8_1p2_steps20000_tr0]:  70%|██████▉   | 13981/20000 [05:39<02:50, 35.22it/s, acc=0.374, device=mps, eta=2m30s, loss=1.7824, sps=41.2]
BC[stage1_datasets_L40_stepsweep/bc_shift4_scale_0p8_1p2_steps20000_tr0]:  70%|██████▉   | 13989/20000 [05:39<02:23, 41.84it/s, acc=0.374, device=mps, eta=2m30s, loss=1.7824, sps=41.2]
BC[stage1_datasets_L40_stepsweep/bc_shift4_scale_0p8_1p2_steps20000_tr0]:  70%|██████▉   | 13995/20000 [05:39<02:17, 43.68it/s, acc=0.374, device=mps, eta=2m30s, loss=1.7824, sps=41.2]
BC[stage1_datasets_L40_stepsweep/bc_shift4_scale_0p8_1p2_steps20000_tr0]:  70%|██████▉   | 13995/20000 [05:39<02:17, 43.68it/s, acc=0.361, device=mps, eta=2m26s, loss=1.8079, sps=41.2]
BC[stage1_datasets_L40_stepsweep/bc_shift4_scale_0p8_1p2_steps20000_tr0]:  70%|███████   | 14001/20000 [05:39<03:01, 33.11it/s, acc=0.361, device=mps, eta=2m26s, loss=1.8079, sps=41.2]
BC[stage1_datasets_L40_stepsweep/bc_shift4_scale_0p8_1p2_steps20000_tr0]:  70%|███████   | 14009/20000 [05:39<02:26, 40.86it/s, acc=0.361, device=mps, eta=2m26s, loss=1.8079, sps=41.2]
BC[stage1_datasets_L40_stepsweep/bc_shift4_scale_0p8_1p2_steps20000_tr0]:  70%|███████   | 14017/20000 [05:40<02:04, 47.95it/s, acc=0.361, device=mps, eta=2m26s, loss=1.8079, sps=41.2]
BC[stage1_datasets_L40_stepsweep/bc_shift4_scale_0p8_1p2_steps20000_tr0]:  70%|███████   | 14023/20000 [05:40<02:44, 36.26it/s, acc=0.361, device=mps, eta=2m26s, loss=1.8079, sps=41.2]
BC[stage1_datasets_L40_stepsweep/bc_shift4_scale_0p8_1p2_steps20000_tr0]:  70%|███████   | 14031/20000 [05:40<02:15, 44.03it/s, acc=0.361, device=mps, eta=2m26s, loss=1.8079, sps=41.2]
BC[stage1_datasets_L40_stepsweep/bc_shift4_scale_0p8_1p2_steps20000_tr0]:  70%|███████   | 14039/20000 [05:40<01:55, 51.40it/s, acc=0.361, device=mps, eta=2m26s, loss=1.8079, sps=41.2]
BC[stage1_datasets_L40_stepsweep/bc_shift4_scale_0p8_1p2_steps20000_tr0]:  70%|███████   | 14046/20000 [05:40<02:32, 39.02it/s, acc=0.361, device=mps, eta=2m26s, loss=1.8079, sps=41.2]
BC[stage1_datasets_L40_stepsweep/bc_shift4_scale_0p8_1p2_steps20000_tr0]:  70%|███████   | 14054/20000 [05:40<02:09, 46.09it/s, acc=0.361, device=mps, eta=2m26s, loss=1.8079, sps=41.2]
BC[stage1_datasets_L40_stepsweep/bc_shift4_scale_0p8_1p2_steps20000_tr0]:  70%|███████   | 14061/20000 [05:41<02:43, 36.41it/s, acc=0.361, device=mps, eta=2m26s, loss=1.8079, sps=41.2]
BC[stage1_datasets_L40_stepsweep/bc_shift4_scale_0p8_1p2_steps20000_tr0]:  70%|███████   | 14069/20000 [05:41<02:16, 43.55it/s, acc=0.361, device=mps, eta=2m26s, loss=1.8079, sps=41.2]
BC[stage1_datasets_L40_stepsweep/bc_shift4_scale_0p8_1p2_steps20000_tr0]:  70%|███████   | 14077/20000 [05:41<01:57, 50.20it/s, acc=0.361, device=mps, eta=2m26s, loss=1.8079, sps=41.2]
BC[stage1_datasets_L40_stepsweep/bc_shift4_scale_0p8_1p2_steps20000_tr0]:  70%|███████   | 14084/20000 [05:41<02:34, 38.29it/s, acc=0.361, device=mps, eta=2m26s, loss=1.8079, sps=41.2]
BC[stage1_datasets_L40_stepsweep/bc_shift4_scale_0p8_1p2_steps20000_tr0]:  70%|███████   | 14092/20000 [05:41<02:10, 45.22it/s, acc=0.361, device=mps, eta=2m26s, loss=1.8079, sps=41.2]
BC[stage1_datasets_L40_stepsweep/bc_shift4_scale_0p8_1p2_steps20000_tr0]:  70%|███████   | 14100/20000 [05:41<01:52, 52.22it/s, acc=0.361, device=mps, eta=2m26s, loss=1.8079, sps=41.2]
BC[stage1_datasets_L40_stepsweep/bc_shift4_scale_0p8_1p2_steps20000_tr0]:  71%|███████   | 14107/20000 [05:42<02:30, 39.21it/s, acc=0.361, device=mps, eta=2m26s, loss=1.8079, sps=41.2]
BC[stage1_datasets_L40_stepsweep/bc_shift4_scale_0p8_1p2_steps20000_tr0]:  71%|███████   | 14115/20000 [05:42<02:07, 46.13it/s, acc=0.361, device=mps, eta=2m26s, loss=1.8079, sps=41.2]
BC[stage1_datasets_L40_stepsweep/bc_shift4_scale_0p8_1p2_steps20000_tr0]:  71%|███████   | 14121/20000 [05:42<02:45, 35.58it/s, acc=0.361, device=mps, eta=2m26s, loss=1.8079, sps=41.2]
BC[stage1_datasets_L40_stepsweep/bc_shift4_scale_0p8_1p2_steps20000_tr0]:  71%|███████   | 14128/20000 [05:42<02:26, 40.12it/s, acc=0.361, device=mps, eta=2m26s, loss=1.8079, sps=41.2]
BC[stage1_datasets_L40_stepsweep/bc_shift4_scale_0p8_1p2_steps20000_tr0]:  71%|███████   | 14134/20000 [05:42<02:17, 42.79it/s, acc=0.361, device=mps, eta=2m26s, loss=1.8079, sps=41.2]
BC[stage1_datasets_L40_stepsweep/bc_shift4_scale_0p8_1p2_steps20000_tr0]:  71%|███████   | 14141/20000 [05:43<02:53, 33.86it/s, acc=0.361, device=mps, eta=2m26s, loss=1.8079, sps=41.2]
BC[stage1_datasets_L40_stepsweep/bc_shift4_scale_0p8_1p2_steps20000_tr0]:  71%|███████   | 14149/20000 [05:43<02:21, 41.48it/s, acc=0.361, device=mps, eta=2m26s, loss=1.8079, sps=41.2]
BC[stage1_datasets_L40_stepsweep/bc_shift4_scale_0p8_1p2_steps20000_tr0]:  71%|███████   | 14157/20000 [05:43<02:00, 48.62it/s, acc=0.361, device=mps, eta=2m26s, loss=1.8079, sps=41.2]
BC[stage1_datasets_L40_stepsweep/bc_shift4_scale_0p8_1p2_steps20000_tr0]:  71%|███████   | 14163/20000 [05:43<02:39, 36.69it/s, acc=0.361, device=mps, eta=2m26s, loss=1.8079, sps=41.2]
BC[stage1_datasets_L40_stepsweep/bc_shift4_scale_0p8_1p2_steps20000_tr0]:  71%|███████   | 14171/20000 [05:43<02:11, 44.27it/s, acc=0.361, device=mps, eta=2m26s, loss=1.8079, sps=41.2]
BC[stage1_datasets_L40_stepsweep/bc_shift4_scale_0p8_1p2_steps20000_tr0]:  71%|███████   | 14179/20000 [05:43<01:52, 51.59it/s, acc=0.361, device=mps, eta=2m26s, loss=1.8079, sps=41.2]
BC[stage1_datasets_L40_stepsweep/bc_shift4_scale_0p8_1p2_steps20000_tr0]:  71%|███████   | 14186/20000 [05:44<02:28, 39.22it/s, acc=0.361, device=mps, eta=2m26s, loss=1.8079, sps=41.2]
BC[stage1_datasets_L40_stepsweep/bc_shift4_scale_0p8_1p2_steps20000_tr0]:  71%|███████   | 14194/20000 [05:44<02:05, 46.20it/s, acc=0.361, device=mps, eta=2m26s, loss=1.8079, sps=41.2]
BC[stage1_datasets_L40_stepsweep/bc_shift4_scale_0p8_1p2_steps20000_tr0]:  71%|███████   | 14194/20000 [05:44<02:05, 46.20it/s, acc=0.376, device=mps, eta=2m21s, loss=1.7712, sps=41.2]
BC[stage1_datasets_L40_stepsweep/bc_shift4_scale_0p8_1p2_steps20000_tr0]:  71%|███████   | 14201/20000 [05:44<02:38, 36.55it/s, acc=0.376, device=mps, eta=2m21s, loss=1.7712, sps=41.2]
BC[stage1_datasets_L40_stepsweep/bc_shift4_scale_0p8_1p2_steps20000_tr0]:  71%|███████   | 14209/20000 [05:44<02:12, 43.76it/s, acc=0.376, device=mps, eta=2m21s, loss=1.7712, sps=41.2]
BC[stage1_datasets_L40_stepsweep/bc_shift4_scale_0p8_1p2_steps20000_tr0]:  71%|███████   | 14217/20000 [05:44<01:55, 50.25it/s, acc=0.376, device=mps, eta=2m21s, loss=1.7712, sps=41.2]
BC[stage1_datasets_L40_stepsweep/bc_shift4_scale_0p8_1p2_steps20000_tr0]:  71%|███████   | 14224/20000 [05:45<02:30, 38.38it/s, acc=0.376, device=mps, eta=2m21s, loss=1.7712, sps=41.2]
BC[stage1_datasets_L40_stepsweep/bc_shift4_scale_0p8_1p2_steps20000_tr0]:  71%|███████   | 14232/20000 [05:45<02:07, 45.29it/s, acc=0.376, device=mps, eta=2m21s, loss=1.7712, sps=41.2]
BC[stage1_datasets_L40_stepsweep/bc_shift4_scale_0p8_1p2_steps20000_tr0]:  71%|███████   | 14240/20000 [05:45<01:50, 51.92it/s, acc=0.376, device=mps, eta=2m21s, loss=1.7712, sps=41.2]
BC[stage1_datasets_L40_stepsweep/bc_shift4_scale_0p8_1p2_steps20000_tr0]:  71%|███████   | 14247/20000 [05:45<02:35, 37.01it/s, acc=0.376, device=mps, eta=2m21s, loss=1.7712, sps=41.2]
BC[stage1_datasets_L40_stepsweep/bc_shift4_scale_0p8_1p2_steps20000_tr0]:  71%|███████▏  | 14253/20000 [05:45<02:23, 40.07it/s, acc=0.376, device=mps, eta=2m21s, loss=1.7712, sps=41.2]
BC[stage1_datasets_L40_stepsweep/bc_shift4_scale_0p8_1p2_steps20000_tr0]:  71%|███████▏  | 14259/20000 [05:45<02:11, 43.61it/s, acc=0.376, device=mps, eta=2m21s, loss=1.7712, sps=41.2]
BC[stage1_datasets_L40_stepsweep/bc_shift4_scale_0p8_1p2_steps20000_tr0]:  71%|███████▏  | 14265/20000 [05:46<02:53, 33.04it/s, acc=0.376, device=mps, eta=2m21s, loss=1.7712, sps=41.2]
BC[stage1_datasets_L40_stepsweep/bc_shift4_scale_0p8_1p2_steps20000_tr0]:  71%|███████▏  | 14271/20000 [05:46<02:34, 37.10it/s, acc=0.376, device=mps, eta=2m21s, loss=1.7712, sps=41.2]
BC[stage1_datasets_L40_stepsweep/bc_shift4_scale_0p8_1p2_steps20000_tr0]:  71%|███████▏  | 14278/20000 [05:46<02:14, 42.47it/s, acc=0.376, device=mps, eta=2m21s, loss=1.7712, sps=41.2]
BC[stage1_datasets_L40_stepsweep/bc_shift4_scale_0p8_1p2_steps20000_tr0]:  71%|███████▏  | 14284/20000 [05:46<02:53, 32.94it/s, acc=0.376, device=mps, eta=2m21s, loss=1.7712, sps=41.2]
BC[stage1_datasets_L40_stepsweep/bc_shift4_scale_0p8_1p2_steps20000_tr0]:  71%|███████▏  | 14292/20000 [05:46<02:19, 40.93it/s, acc=0.376, device=mps, eta=2m21s, loss=1.7712, sps=41.2]
BC[stage1_datasets_L40_stepsweep/bc_shift4_scale_0p8_1p2_steps20000_tr0]:  72%|███████▏  | 14300/20000 [05:46<01:57, 48.70it/s, acc=0.376, device=mps, eta=2m21s, loss=1.7712, sps=41.2]
BC[stage1_datasets_L40_stepsweep/bc_shift4_scale_0p8_1p2_steps20000_tr0]:  72%|███████▏  | 14306/20000 [05:47<02:36, 36.28it/s, acc=0.376, device=mps, eta=2m21s, loss=1.7712, sps=41.2]
BC[stage1_datasets_L40_stepsweep/bc_shift4_scale_0p8_1p2_steps20000_tr0]:  72%|███████▏  | 14314/20000 [05:47<02:10, 43.64it/s, acc=0.376, device=mps, eta=2m21s, loss=1.7712, sps=41.2]
BC[stage1_datasets_L40_stepsweep/bc_shift4_scale_0p8_1p2_steps20000_tr0]:  72%|███████▏  | 14321/20000 [05:47<02:42, 35.01it/s, acc=0.376, device=mps, eta=2m21s, loss=1.7712, sps=41.2]
BC[stage1_datasets_L40_stepsweep/bc_shift4_scale_0p8_1p2_steps20000_tr0]:  72%|███████▏  | 14329/20000 [05:47<02:13, 42.43it/s, acc=0.376, device=mps, eta=2m21s, loss=1.7712, sps=41.2]
BC[stage1_datasets_L40_stepsweep/bc_shift4_scale_0p8_1p2_steps20000_tr0]:  72%|███████▏  | 14337/20000 [05:47<01:54, 49.28it/s, acc=0.376, device=mps, eta=2m21s, loss=1.7712, sps=41.2]
BC[stage1_datasets_L40_stepsweep/bc_shift4_scale_0p8_1p2_steps20000_tr0]:  72%|███████▏  | 14344/20000 [05:48<02:29, 37.84it/s, acc=0.376, device=mps, eta=2m21s, loss=1.7712, sps=41.2]
BC[stage1_datasets_L40_stepsweep/bc_shift4_scale_0p8_1p2_steps20000_tr0]:  72%|███████▏  | 14352/20000 [05:48<02:05, 44.87it/s, acc=0.376, device=mps, eta=2m21s, loss=1.7712, sps=41.2]
BC[stage1_datasets_L40_stepsweep/bc_shift4_scale_0p8_1p2_steps20000_tr0]:  72%|███████▏  | 14360/20000 [05:48<01:48, 51.75it/s, acc=0.376, device=mps, eta=2m21s, loss=1.7712, sps=41.2]
BC[stage1_datasets_L40_stepsweep/bc_shift4_scale_0p8_1p2_steps20000_tr0]:  72%|███████▏  | 14367/20000 [05:48<02:25, 38.84it/s, acc=0.376, device=mps, eta=2m21s, loss=1.7712, sps=41.2]
BC[stage1_datasets_L40_stepsweep/bc_shift4_scale_0p8_1p2_steps20000_tr0]:  72%|███████▏  | 14375/20000 [05:48<02:03, 45.61it/s, acc=0.376, device=mps, eta=2m21s, loss=1.7712, sps=41.2]
BC[stage1_datasets_L40_stepsweep/bc_shift4_scale_0p8_1p2_steps20000_tr0]:  72%|███████▏  | 14381/20000 [05:48<02:38, 35.48it/s, acc=0.376, device=mps, eta=2m21s, loss=1.7712, sps=41.2]
BC[stage1_datasets_L40_stepsweep/bc_shift4_scale_0p8_1p2_steps20000_tr0]:  72%|███████▏  | 14389/20000 [05:49<02:10, 42.88it/s, acc=0.376, device=mps, eta=2m21s, loss=1.7712, sps=41.2]
BC[stage1_datasets_L40_stepsweep/bc_shift4_scale_0p8_1p2_steps20000_tr0]:  72%|███████▏  | 14397/20000 [05:49<01:53, 49.47it/s, acc=0.376, device=mps, eta=2m21s, loss=1.7712, sps=41.2]
BC[stage1_datasets_L40_stepsweep/bc_shift4_scale_0p8_1p2_steps20000_tr0]:  72%|███████▏  | 14397/20000 [05:49<01:53, 49.47it/s, acc=0.371, device=mps, eta=2m16s, loss=1.7826, sps=41.2]
BC[stage1_datasets_L40_stepsweep/bc_shift4_scale_0p8_1p2_steps20000_tr0]:  72%|███████▏  | 14404/20000 [05:49<02:27, 37.97it/s, acc=0.371, device=mps, eta=2m16s, loss=1.7826, sps=41.2]
BC[stage1_datasets_L40_stepsweep/bc_shift4_scale_0p8_1p2_steps20000_tr0]:  72%|███████▏  | 14412/20000 [05:49<02:03, 45.14it/s, acc=0.371, device=mps, eta=2m16s, loss=1.7826, sps=41.2]
BC[stage1_datasets_L40_stepsweep/bc_shift4_scale_0p8_1p2_steps20000_tr0]:  72%|███████▏  | 14421/20000 [05:49<02:28, 37.46it/s, acc=0.371, device=mps, eta=2m16s, loss=1.7826, sps=41.2]
BC[stage1_datasets_L40_stepsweep/bc_shift4_scale_0p8_1p2_steps20000_tr0]:  72%|███████▏  | 14429/20000 [05:49<02:05, 44.30it/s, acc=0.371, device=mps, eta=2m16s, loss=1.7826, sps=41.2]
BC[stage1_datasets_L40_stepsweep/bc_shift4_scale_0p8_1p2_steps20000_tr0]:  72%|███████▏  | 14437/20000 [05:50<01:49, 50.75it/s, acc=0.371, device=mps, eta=2m16s, loss=1.7826, sps=41.2]
BC[stage1_datasets_L40_stepsweep/bc_shift4_scale_0p8_1p2_steps20000_tr0]:  72%|███████▏  | 14444/20000 [05:50<02:24, 38.54it/s, acc=0.371, device=mps, eta=2m16s, loss=1.7826, sps=41.2]
BC[stage1_datasets_L40_stepsweep/bc_shift4_scale_0p8_1p2_steps20000_tr0]:  72%|███████▏  | 14450/20000 [05:50<02:18, 40.11it/s, acc=0.371, device=mps, eta=2m16s, loss=1.7826, sps=41.2]
BC[stage1_datasets_L40_stepsweep/bc_shift4_scale_0p8_1p2_steps20000_tr0]:  72%|███████▏  | 14456/20000 [05:50<02:07, 43.44it/s, acc=0.371, device=mps, eta=2m16s, loss=1.7826, sps=41.2]
BC[stage1_datasets_L40_stepsweep/bc_shift4_scale_0p8_1p2_steps20000_tr0]:  72%|███████▏  | 14462/20000 [05:50<02:45, 33.42it/s, acc=0.371, device=mps, eta=2m16s, loss=1.7826, sps=41.2]
BC[stage1_datasets_L40_stepsweep/bc_shift4_scale_0p8_1p2_steps20000_tr0]:  72%|███████▏  | 14470/20000 [05:50<02:13, 41.49it/s, acc=0.371, device=mps, eta=2m16s, loss=1.7826, sps=41.2]
BC[stage1_datasets_L40_stepsweep/bc_shift4_scale_0p8_1p2_steps20000_tr0]:  72%|███████▏  | 14478/20000 [05:51<01:52, 48.89it/s, acc=0.371, device=mps, eta=2m16s, loss=1.7826, sps=41.2]
BC[stage1_datasets_L40_stepsweep/bc_shift4_scale_0p8_1p2_steps20000_tr0]:  72%|███████▏  | 14485/20000 [05:51<02:27, 37.48it/s, acc=0.371, device=mps, eta=2m16s, loss=1.7826, sps=41.2]
BC[stage1_datasets_L40_stepsweep/bc_shift4_scale_0p8_1p2_steps20000_tr0]:  72%|███████▏  | 14491/20000 [05:51<02:13, 41.18it/s, acc=0.371, device=mps, eta=2m16s, loss=1.7826, sps=41.2]
BC[stage1_datasets_L40_stepsweep/bc_shift4_scale_0p8_1p2_steps20000_tr0]:  72%|███████▏  | 14497/20000 [05:51<02:04, 44.38it/s, acc=0.371, device=mps, eta=2m16s, loss=1.7826, sps=41.2]
BC[stage1_datasets_L40_stepsweep/bc_shift4_scale_0p8_1p2_steps20000_tr0]:  73%|███████▎  | 14503/20000 [05:51<02:42, 33.87it/s, acc=0.371, device=mps, eta=2m16s, loss=1.7826, sps=41.2]
BC[stage1_datasets_L40_stepsweep/bc_shift4_scale_0p8_1p2_steps20000_tr0]:  73%|███████▎  | 14511/20000 [05:51<02:11, 41.82it/s, acc=0.371, device=mps, eta=2m16s, loss=1.7826, sps=41.2]
BC[stage1_datasets_L40_stepsweep/bc_shift4_scale_0p8_1p2_steps20000_tr0]:  73%|███████▎  | 14519/20000 [05:52<01:52, 48.80it/s, acc=0.371, device=mps, eta=2m16s, loss=1.7826, sps=41.2]
BC[stage1_datasets_L40_stepsweep/bc_shift4_scale_0p8_1p2_steps20000_tr0]:  73%|███████▎  | 14525/20000 [05:52<02:26, 37.40it/s, acc=0.371, device=mps, eta=2m16s, loss=1.7826, sps=41.2]
BC[stage1_datasets_L40_stepsweep/bc_shift4_scale_0p8_1p2_steps20000_tr0]:  73%|███████▎  | 14533/20000 [05:52<02:01, 44.99it/s, acc=0.371, device=mps, eta=2m16s, loss=1.7826, sps=41.2]
BC[stage1_datasets_L40_stepsweep/bc_shift4_scale_0p8_1p2_steps20000_tr0]:  73%|███████▎  | 14541/20000 [05:52<02:28, 36.74it/s, acc=0.371, device=mps, eta=2m16s, loss=1.7826, sps=41.2]
BC[stage1_datasets_L40_stepsweep/bc_shift4_scale_0p8_1p2_steps20000_tr0]:  73%|███████▎  | 14549/20000 [05:52<02:04, 43.86it/s, acc=0.371, device=mps, eta=2m16s, loss=1.7826, sps=41.2]
BC[stage1_datasets_L40_stepsweep/bc_shift4_scale_0p8_1p2_steps20000_tr0]:  73%|███████▎  | 14557/20000 [05:52<01:47, 50.52it/s, acc=0.371, device=mps, eta=2m16s, loss=1.7826, sps=41.2]
BC[stage1_datasets_L40_stepsweep/bc_shift4_scale_0p8_1p2_steps20000_tr0]:  73%|███████▎  | 14564/20000 [05:53<02:21, 38.52it/s, acc=0.371, device=mps, eta=2m16s, loss=1.7826, sps=41.2]
BC[stage1_datasets_L40_stepsweep/bc_shift4_scale_0p8_1p2_steps20000_tr0]:  73%|███████▎  | 14572/20000 [05:53<01:59, 45.41it/s, acc=0.371, device=mps, eta=2m16s, loss=1.7826, sps=41.2]
BC[stage1_datasets_L40_stepsweep/bc_shift4_scale_0p8_1p2_steps20000_tr0]:  73%|███████▎  | 14580/20000 [05:53<01:43, 52.30it/s, acc=0.371, device=mps, eta=2m16s, loss=1.7826, sps=41.2]
BC[stage1_datasets_L40_stepsweep/bc_shift4_scale_0p8_1p2_steps20000_tr0]:  73%|███████▎  | 14587/20000 [05:53<02:18, 39.05it/s, acc=0.371, device=mps, eta=2m16s, loss=1.7826, sps=41.2]
BC[stage1_datasets_L40_stepsweep/bc_shift4_scale_0p8_1p2_steps20000_tr0]:  73%|███████▎  | 14595/20000 [05:53<01:57, 45.96it/s, acc=0.371, device=mps, eta=2m16s, loss=1.7826, sps=41.2]
BC[stage1_datasets_L40_stepsweep/bc_shift4_scale_0p8_1p2_steps20000_tr0]:  73%|███████▎  | 14595/20000 [05:53<01:57, 45.96it/s, acc=0.384, device=mps, eta=2m11s, loss=1.7459, sps=41.2]
BC[stage1_datasets_L40_stepsweep/bc_shift4_scale_0p8_1p2_steps20000_tr0]:  73%|███████▎  | 14601/20000 [05:54<02:31, 35.54it/s, acc=0.384, device=mps, eta=2m11s, loss=1.7459, sps=41.2]
BC[stage1_datasets_L40_stepsweep/bc_shift4_scale_0p8_1p2_steps20000_tr0]:  73%|███████▎  | 14609/20000 [05:54<02:05, 42.96it/s, acc=0.384, device=mps, eta=2m11s, loss=1.7459, sps=41.2]
BC[stage1_datasets_L40_stepsweep/bc_shift4_scale_0p8_1p2_steps20000_tr0]:  73%|███████▎  | 14617/20000 [05:54<01:48, 49.40it/s, acc=0.384, device=mps, eta=2m11s, loss=1.7459, sps=41.2]
BC[stage1_datasets_L40_stepsweep/bc_shift4_scale_0p8_1p2_steps20000_tr0]:  73%|███████▎  | 14624/20000 [05:54<02:23, 37.41it/s, acc=0.384, device=mps, eta=2m11s, loss=1.7459, sps=41.2]
BC[stage1_datasets_L40_stepsweep/bc_shift4_scale_0p8_1p2_steps20000_tr0]:  73%|███████▎  | 14630/20000 [05:54<02:13, 40.18it/s, acc=0.384, device=mps, eta=2m11s, loss=1.7459, sps=41.2]
BC[stage1_datasets_L40_stepsweep/bc_shift4_scale_0p8_1p2_steps20000_tr0]:  73%|███████▎  | 14636/20000 [05:54<02:03, 43.29it/s, acc=0.384, device=mps, eta=2m11s, loss=1.7459, sps=41.2]
BC[stage1_datasets_L40_stepsweep/bc_shift4_scale_0p8_1p2_steps20000_tr0]:  73%|███████▎  | 14642/20000 [05:55<02:44, 32.60it/s, acc=0.384, device=mps, eta=2m11s, loss=1.7459, sps=41.2]
BC[stage1_datasets_L40_stepsweep/bc_shift4_scale_0p8_1p2_steps20000_tr0]:  73%|███████▎  | 14648/20000 [05:55<02:25, 36.72it/s, acc=0.384, device=mps, eta=2m11s, loss=1.7459, sps=41.2]
BC[stage1_datasets_L40_stepsweep/bc_shift4_scale_0p8_1p2_steps20000_tr0]:  73%|███████▎  | 14654/20000 [05:55<02:11, 40.61it/s, acc=0.384, device=mps, eta=2m11s, loss=1.7459, sps=41.2]
BC[stage1_datasets_L40_stepsweep/bc_shift4_scale_0p8_1p2_steps20000_tr0]:  73%|███████▎  | 14661/20000 [05:55<02:46, 32.08it/s, acc=0.384, device=mps, eta=2m11s, loss=1.7459, sps=41.2]
BC[stage1_datasets_L40_stepsweep/bc_shift4_scale_0p8_1p2_steps20000_tr0]:  73%|███████▎  | 14667/20000 [05:55<02:28, 35.95it/s, acc=0.384, device=mps, eta=2m11s, loss=1.7459, sps=41.2]
BC[stage1_datasets_L40_stepsweep/bc_shift4_scale_0p8_1p2_steps20000_tr0]:  73%|███████▎  | 14673/20000 [05:55<02:12, 40.11it/s, acc=0.384, device=mps, eta=2m11s, loss=1.7459, sps=41.2]
BC[stage1_datasets_L40_stepsweep/bc_shift4_scale_0p8_1p2_steps20000_tr0]:  73%|███████▎  | 14680/20000 [05:56<01:55, 46.14it/s, acc=0.384, device=mps, eta=2m11s, loss=1.7459, sps=41.2]
BC[stage1_datasets_L40_stepsweep/bc_shift4_scale_0p8_1p2_steps20000_tr0]:  73%|███████▎  | 14686/20000 [05:56<02:34, 34.39it/s, acc=0.384, device=mps, eta=2m11s, loss=1.7459, sps=41.2]
BC[stage1_datasets_L40_stepsweep/bc_shift4_scale_0p8_1p2_steps20000_tr0]:  73%|███████▎  | 14692/20000 [05:56<02:16, 38.82it/s, acc=0.384, device=mps, eta=2m11s, loss=1.7459, sps=41.2]
BC[stage1_datasets_L40_stepsweep/bc_shift4_scale_0p8_1p2_steps20000_tr0]:  73%|███████▎  | 14699/20000 [05:56<01:59, 44.39it/s, acc=0.384, device=mps, eta=2m11s, loss=1.7459, sps=41.2]
BC[stage1_datasets_L40_stepsweep/bc_shift4_scale_0p8_1p2_steps20000_tr0]:  74%|███████▎  | 14705/20000 [05:56<02:35, 34.15it/s, acc=0.384, device=mps, eta=2m11s, loss=1.7459, sps=41.2]
BC[stage1_datasets_L40_stepsweep/bc_shift4_scale_0p8_1p2_steps20000_tr0]:  74%|███████▎  | 14713/20000 [05:56<02:05, 41.98it/s, acc=0.384, device=mps, eta=2m11s, loss=1.7459, sps=41.2]
BC[stage1_datasets_L40_stepsweep/bc_shift4_scale_0p8_1p2_steps20000_tr0]:  74%|███████▎  | 14721/20000 [05:57<02:31, 34.93it/s, acc=0.384, device=mps, eta=2m11s, loss=1.7459, sps=41.2]
BC[stage1_datasets_L40_stepsweep/bc_shift4_scale_0p8_1p2_steps20000_tr0]:  74%|███████▎  | 14729/20000 [05:57<02:05, 42.15it/s, acc=0.384, device=mps, eta=2m11s, loss=1.7459, sps=41.2]
BC[stage1_datasets_L40_stepsweep/bc_shift4_scale_0p8_1p2_steps20000_tr0]:  74%|███████▎  | 14737/20000 [05:57<01:48, 48.58it/s, acc=0.384, device=mps, eta=2m11s, loss=1.7459, sps=41.2]
BC[stage1_datasets_L40_stepsweep/bc_shift4_scale_0p8_1p2_steps20000_tr0]:  74%|███████▎  | 14743/20000 [05:57<02:24, 36.42it/s, acc=0.384, device=mps, eta=2m11s, loss=1.7459, sps=41.2]
BC[stage1_datasets_L40_stepsweep/bc_shift4_scale_0p8_1p2_steps20000_tr0]:  74%|███████▍  | 14750/20000 [05:57<02:06, 41.50it/s, acc=0.384, device=mps, eta=2m11s, loss=1.7459, sps=41.2]
BC[stage1_datasets_L40_stepsweep/bc_shift4_scale_0p8_1p2_steps20000_tr0]:  74%|███████▍  | 14756/20000 [05:57<02:00, 43.58it/s, acc=0.384, device=mps, eta=2m11s, loss=1.7459, sps=41.2]
BC[stage1_datasets_L40_stepsweep/bc_shift4_scale_0p8_1p2_steps20000_tr0]:  74%|███████▍  | 14762/20000 [05:58<02:41, 32.39it/s, acc=0.384, device=mps, eta=2m11s, loss=1.7459, sps=41.2]
BC[stage1_datasets_L40_stepsweep/bc_shift4_scale_0p8_1p2_steps20000_tr0]:  74%|███████▍  | 14769/20000 [05:58<02:18, 37.80it/s, acc=0.384, device=mps, eta=2m11s, loss=1.7459, sps=41.2]
BC[stage1_datasets_L40_stepsweep/bc_shift4_scale_0p8_1p2_steps20000_tr0]:  74%|███████▍  | 14775/20000 [05:58<02:05, 41.59it/s, acc=0.384, device=mps, eta=2m11s, loss=1.7459, sps=41.2]
BC[stage1_datasets_L40_stepsweep/bc_shift4_scale_0p8_1p2_steps20000_tr0]:  74%|███████▍  | 14781/20000 [05:58<02:42, 32.03it/s, acc=0.384, device=mps, eta=2m11s, loss=1.7459, sps=41.2]
BC[stage1_datasets_L40_stepsweep/bc_shift4_scale_0p8_1p2_steps20000_tr0]:  74%|███████▍  | 14789/20000 [05:58<02:10, 40.04it/s, acc=0.384, device=mps, eta=2m11s, loss=1.7459, sps=41.2]
BC[stage1_datasets_L40_stepsweep/bc_shift4_scale_0p8_1p2_steps20000_tr0]:  74%|███████▍  | 14797/20000 [05:59<01:49, 47.65it/s, acc=0.384, device=mps, eta=2m11s, loss=1.7459, sps=41.2]
BC[stage1_datasets_L40_stepsweep/bc_shift4_scale_0p8_1p2_steps20000_tr0]:  74%|███████▍  | 14797/20000 [05:59<01:49, 47.65it/s, acc=0.375, device=mps, eta=2m06s, loss=1.7756, sps=41.2]
BC[stage1_datasets_L40_stepsweep/bc_shift4_scale_0p8_1p2_steps20000_tr0]:  74%|███████▍  | 14803/20000 [05:59<02:24, 36.06it/s, acc=0.375, device=mps, eta=2m06s, loss=1.7756, sps=41.2]
BC[stage1_datasets_L40_stepsweep/bc_shift4_scale_0p8_1p2_steps20000_tr0]:  74%|███████▍  | 14811/20000 [05:59<01:58, 43.64it/s, acc=0.375, device=mps, eta=2m06s, loss=1.7756, sps=41.2]
BC[stage1_datasets_L40_stepsweep/bc_shift4_scale_0p8_1p2_steps20000_tr0]:  74%|███████▍  | 14819/20000 [05:59<01:43, 50.23it/s, acc=0.375, device=mps, eta=2m06s, loss=1.7756, sps=41.2]
BC[stage1_datasets_L40_stepsweep/bc_shift4_scale_0p8_1p2_steps20000_tr0]:  74%|███████▍  | 14826/20000 [05:59<02:15, 38.31it/s, acc=0.375, device=mps, eta=2m06s, loss=1.7756, sps=41.2]
BC[stage1_datasets_L40_stepsweep/bc_shift4_scale_0p8_1p2_steps20000_tr0]:  74%|███████▍  | 14834/20000 [05:59<01:53, 45.42it/s, acc=0.375, device=mps, eta=2m06s, loss=1.7756, sps=41.2]
BC[stage1_datasets_L40_stepsweep/bc_shift4_scale_0p8_1p2_steps20000_tr0]:  74%|███████▍  | 14841/20000 [06:00<02:22, 36.12it/s, acc=0.375, device=mps, eta=2m06s, loss=1.7756, sps=41.2]
BC[stage1_datasets_L40_stepsweep/bc_shift4_scale_0p8_1p2_steps20000_tr0]:  74%|███████▍  | 14849/20000 [06:00<01:59, 43.22it/s, acc=0.375, device=mps, eta=2m06s, loss=1.7756, sps=41.2]
BC[stage1_datasets_L40_stepsweep/bc_shift4_scale_0p8_1p2_steps20000_tr0]:  74%|███████▍  | 14857/20000 [06:00<01:43, 49.87it/s, acc=0.375, device=mps, eta=2m06s, loss=1.7756, sps=41.2]
BC[stage1_datasets_L40_stepsweep/bc_shift4_scale_0p8_1p2_steps20000_tr0]:  74%|███████▍  | 14864/20000 [06:00<02:14, 38.21it/s, acc=0.375, device=mps, eta=2m06s, loss=1.7756, sps=41.2]
BC[stage1_datasets_L40_stepsweep/bc_shift4_scale_0p8_1p2_steps20000_tr0]:  74%|███████▍  | 14872/20000 [06:00<01:53, 45.22it/s, acc=0.375, device=mps, eta=2m06s, loss=1.7756, sps=41.2]
BC[stage1_datasets_L40_stepsweep/bc_shift4_scale_0p8_1p2_steps20000_tr0]:  74%|███████▍  | 14880/20000 [06:00<01:38, 51.93it/s, acc=0.375, device=mps, eta=2m06s, loss=1.7756, sps=41.2]
BC[stage1_datasets_L40_stepsweep/bc_shift4_scale_0p8_1p2_steps20000_tr0]:  74%|███████▍  | 14887/20000 [06:01<02:11, 38.88it/s, acc=0.375, device=mps, eta=2m06s, loss=1.7756, sps=41.2]
BC[stage1_datasets_L40_stepsweep/bc_shift4_scale_0p8_1p2_steps20000_tr0]:  74%|███████▍  | 14895/20000 [06:01<01:51, 45.60it/s, acc=0.375, device=mps, eta=2m06s, loss=1.7756, sps=41.2]
BC[stage1_datasets_L40_stepsweep/bc_shift4_scale_0p8_1p2_steps20000_tr0]:  75%|███████▍  | 14901/20000 [06:01<02:23, 35.47it/s, acc=0.375, device=mps, eta=2m06s, loss=1.7756, sps=41.2]
BC[stage1_datasets_L40_stepsweep/bc_shift4_scale_0p8_1p2_steps20000_tr0]:  75%|███████▍  | 14909/20000 [06:01<01:59, 42.74it/s, acc=0.375, device=mps, eta=2m06s, loss=1.7756, sps=41.2]
BC[stage1_datasets_L40_stepsweep/bc_shift4_scale_0p8_1p2_steps20000_tr0]:  75%|███████▍  | 14917/20000 [06:01<01:43, 49.11it/s, acc=0.375, device=mps, eta=2m06s, loss=1.7756, sps=41.2]
BC[stage1_datasets_L40_stepsweep/bc_shift4_scale_0p8_1p2_steps20000_tr0]:  75%|███████▍  | 14924/20000 [06:02<02:13, 37.97it/s, acc=0.375, device=mps, eta=2m06s, loss=1.7756, sps=41.2]
BC[stage1_datasets_L40_stepsweep/bc_shift4_scale_0p8_1p2_steps20000_tr0]:  75%|███████▍  | 14932/20000 [06:02<01:52, 45.06it/s, acc=0.375, device=mps, eta=2m06s, loss=1.7756, sps=41.2]
BC[stage1_datasets_L40_stepsweep/bc_shift4_scale_0p8_1p2_steps20000_tr0]:  75%|███████▍  | 14940/20000 [06:02<01:37, 51.90it/s, acc=0.375, device=mps, eta=2m06s, loss=1.7756, sps=41.2]
BC[stage1_datasets_L40_stepsweep/bc_shift4_scale_0p8_1p2_steps20000_tr0]:  75%|███████▍  | 14947/20000 [06:02<02:09, 38.97it/s, acc=0.375, device=mps, eta=2m06s, loss=1.7756, sps=41.2]
BC[stage1_datasets_L40_stepsweep/bc_shift4_scale_0p8_1p2_steps20000_tr0]:  75%|███████▍  | 14955/20000 [06:02<01:50, 45.74it/s, acc=0.375, device=mps, eta=2m06s, loss=1.7756, sps=41.2]
BC[stage1_datasets_L40_stepsweep/bc_shift4_scale_0p8_1p2_steps20000_tr0]:  75%|███████▍  | 14961/20000 [06:03<02:21, 35.53it/s, acc=0.375, device=mps, eta=2m06s, loss=1.7756, sps=41.2]
BC[stage1_datasets_L40_stepsweep/bc_shift4_scale_0p8_1p2_steps20000_tr0]:  75%|███████▍  | 14969/20000 [06:03<01:57, 42.89it/s, acc=0.375, device=mps, eta=2m06s, loss=1.7756, sps=41.2]
BC[stage1_datasets_L40_stepsweep/bc_shift4_scale_0p8_1p2_steps20000_tr0]:  75%|███████▍  | 14977/20000 [06:03<01:41, 49.49it/s, acc=0.375, device=mps, eta=2m06s, loss=1.7756, sps=41.2]
BC[stage1_datasets_L40_stepsweep/bc_shift4_scale_0p8_1p2_steps20000_tr0]:  75%|███████▍  | 14984/20000 [06:03<02:12, 37.96it/s, acc=0.375, device=mps, eta=2m06s, loss=1.7756, sps=41.2]
BC[stage1_datasets_L40_stepsweep/bc_shift4_scale_0p8_1p2_steps20000_tr0]:  75%|███████▍  | 14992/20000 [06:03<01:51, 45.09it/s, acc=0.375, device=mps, eta=2m06s, loss=1.7756, sps=41.2]
BC[stage1_datasets_L40_stepsweep/bc_shift4_scale_0p8_1p2_steps20000_tr0]:  75%|███████▍  | 14992/20000 [06:03<01:51, 45.09it/s, acc=0.388, device=mps, eta=2m01s, loss=1.7276, sps=41.2]
BC[stage1_datasets_L40_stepsweep/bc_shift4_scale_0p8_1p2_steps20000_tr0]:  75%|███████▌  | 15001/20000 [06:03<02:13, 37.55it/s, acc=0.388, device=mps, eta=2m01s, loss=1.7276, sps=41.2]
BC[stage1_datasets_L40_stepsweep/bc_shift4_scale_0p8_1p2_steps20000_tr0]:  75%|███████▌  | 15009/20000 [06:04<01:52, 44.20it/s, acc=0.388, device=mps, eta=2m01s, loss=1.7276, sps=41.2]
BC[stage1_datasets_L40_stepsweep/bc_shift4_scale_0p8_1p2_steps20000_tr0]:  75%|███████▌  | 15017/20000 [06:04<01:39, 50.33it/s, acc=0.388, device=mps, eta=2m01s, loss=1.7276, sps=41.2]
BC[stage1_datasets_L40_stepsweep/bc_shift4_scale_0p8_1p2_steps20000_tr0]:  75%|███████▌  | 15024/20000 [06:04<02:08, 38.60it/s, acc=0.388, device=mps, eta=2m01s, loss=1.7276, sps=41.2]
BC[stage1_datasets_L40_stepsweep/bc_shift4_scale_0p8_1p2_steps20000_tr0]:  75%|███████▌  | 15032/20000 [06:04<01:49, 45.38it/s, acc=0.388, device=mps, eta=2m01s, loss=1.7276, sps=41.2]
BC[stage1_datasets_L40_stepsweep/bc_shift4_scale_0p8_1p2_steps20000_tr0]:  75%|███████▌  | 15040/20000 [06:04<01:35, 51.83it/s, acc=0.388, device=mps, eta=2m01s, loss=1.7276, sps=41.2]
BC[stage1_datasets_L40_stepsweep/bc_shift4_scale_0p8_1p2_steps20000_tr0]:  75%|███████▌  | 15047/20000 [06:04<02:06, 39.07it/s, acc=0.388, device=mps, eta=2m01s, loss=1.7276, sps=41.2]
BC[stage1_datasets_L40_stepsweep/bc_shift4_scale_0p8_1p2_steps20000_tr0]:  75%|███████▌  | 15055/20000 [06:05<01:47, 45.80it/s, acc=0.388, device=mps, eta=2m01s, loss=1.7276, sps=41.2]
BC[stage1_datasets_L40_stepsweep/bc_shift4_scale_0p8_1p2_steps20000_tr0]:  75%|███████▌  | 15061/20000 [06:05<02:18, 35.63it/s, acc=0.388, device=mps, eta=2m01s, loss=1.7276, sps=41.2]
BC[stage1_datasets_L40_stepsweep/bc_shift4_scale_0p8_1p2_steps20000_tr0]:  75%|███████▌  | 15069/20000 [06:05<01:54, 42.94it/s, acc=0.388, device=mps, eta=2m01s, loss=1.7276, sps=41.2]
BC[stage1_datasets_L40_stepsweep/bc_shift4_scale_0p8_1p2_steps20000_tr0]:  75%|███████▌  | 15077/20000 [06:05<01:39, 49.37it/s, acc=0.388, device=mps, eta=2m01s, loss=1.7276, sps=41.2]
BC[stage1_datasets_L40_stepsweep/bc_shift4_scale_0p8_1p2_steps20000_tr0]:  75%|███████▌  | 15084/20000 [06:05<02:09, 38.02it/s, acc=0.388, device=mps, eta=2m01s, loss=1.7276, sps=41.2]
BC[stage1_datasets_L40_stepsweep/bc_shift4_scale_0p8_1p2_steps20000_tr0]:  75%|███████▌  | 15092/20000 [06:05<01:48, 45.03it/s, acc=0.388, device=mps, eta=2m01s, loss=1.7276, sps=41.2]
BC[stage1_datasets_L40_stepsweep/bc_shift4_scale_0p8_1p2_steps20000_tr0]:  76%|███████▌  | 15100/20000 [06:06<01:34, 51.80it/s, acc=0.388, device=mps, eta=2m01s, loss=1.7276, sps=41.2]
BC[stage1_datasets_L40_stepsweep/bc_shift4_scale_0p8_1p2_steps20000_tr0]:  76%|███████▌  | 15107/20000 [06:06<02:05, 38.90it/s, acc=0.388, device=mps, eta=2m01s, loss=1.7276, sps=41.2]
BC[stage1_datasets_L40_stepsweep/bc_shift4_scale_0p8_1p2_steps20000_tr0]:  76%|███████▌  | 15115/20000 [06:06<01:45, 46.11it/s, acc=0.388, device=mps, eta=2m01s, loss=1.7276, sps=41.2]
BC[stage1_datasets_L40_stepsweep/bc_shift4_scale_0p8_1p2_steps20000_tr0]:  76%|███████▌  | 15121/20000 [06:06<02:16, 35.72it/s, acc=0.388, device=mps, eta=2m01s, loss=1.7276, sps=41.2]
BC[stage1_datasets_L40_stepsweep/bc_shift4_scale_0p8_1p2_steps20000_tr0]:  76%|███████▌  | 15129/20000 [06:06<01:55, 42.23it/s, acc=0.388, device=mps, eta=2m01s, loss=1.7276, sps=41.2]
BC[stage1_datasets_L40_stepsweep/bc_shift4_scale_0p8_1p2_steps20000_tr0]:  76%|███████▌  | 15135/20000 [06:06<01:50, 44.06it/s, acc=0.388, device=mps, eta=2m01s, loss=1.7276, sps=41.2]
BC[stage1_datasets_L40_stepsweep/bc_shift4_scale_0p8_1p2_steps20000_tr0]:  76%|███████▌  | 15141/20000 [06:07<02:26, 33.27it/s, acc=0.388, device=mps, eta=2m01s, loss=1.7276, sps=41.2]
BC[stage1_datasets_L40_stepsweep/bc_shift4_scale_0p8_1p2_steps20000_tr0]:  76%|███████▌  | 15149/20000 [06:07<01:58, 41.10it/s, acc=0.388, device=mps, eta=2m01s, loss=1.7276, sps=41.2]
BC[stage1_datasets_L40_stepsweep/bc_shift4_scale_0p8_1p2_steps20000_tr0]:  76%|███████▌  | 15157/20000 [06:07<01:40, 48.19it/s, acc=0.388, device=mps, eta=2m01s, loss=1.7276, sps=41.2]
BC[stage1_datasets_L40_stepsweep/bc_shift4_scale_0p8_1p2_steps20000_tr0]:  76%|███████▌  | 15163/20000 [06:07<02:12, 36.42it/s, acc=0.388, device=mps, eta=2m01s, loss=1.7276, sps=41.2]
BC[stage1_datasets_L40_stepsweep/bc_shift4_scale_0p8_1p2_steps20000_tr0]:  76%|███████▌  | 15171/20000 [06:07<01:49, 43.95it/s, acc=0.388, device=mps, eta=2m01s, loss=1.7276, sps=41.2]
BC[stage1_datasets_L40_stepsweep/bc_shift4_scale_0p8_1p2_steps20000_tr0]:  76%|███████▌  | 15179/20000 [06:07<01:35, 50.62it/s, acc=0.388, device=mps, eta=2m01s, loss=1.7276, sps=41.2]
BC[stage1_datasets_L40_stepsweep/bc_shift4_scale_0p8_1p2_steps20000_tr0]:  76%|███████▌  | 15186/20000 [06:08<02:05, 38.39it/s, acc=0.388, device=mps, eta=2m01s, loss=1.7276, sps=41.2]
BC[stage1_datasets_L40_stepsweep/bc_shift4_scale_0p8_1p2_steps20000_tr0]:  76%|███████▌  | 15194/20000 [06:08<01:45, 45.67it/s, acc=0.388, device=mps, eta=2m01s, loss=1.7276, sps=41.2]
BC[stage1_datasets_L40_stepsweep/bc_shift4_scale_0p8_1p2_steps20000_tr0]:  76%|███████▌  | 15194/20000 [06:08<01:45, 45.67it/s, acc=0.378, device=mps, eta=1m56s, loss=1.7617, sps=41.3]
BC[stage1_datasets_L40_stepsweep/bc_shift4_scale_0p8_1p2_steps20000_tr0]:  76%|███████▌  | 15201/20000 [06:08<02:10, 36.71it/s, acc=0.378, device=mps, eta=1m56s, loss=1.7617, sps=41.3]
BC[stage1_datasets_L40_stepsweep/bc_shift4_scale_0p8_1p2_steps20000_tr0]:  76%|███████▌  | 15209/20000 [06:08<01:48, 43.99it/s, acc=0.378, device=mps, eta=1m56s, loss=1.7617, sps=41.3]
BC[stage1_datasets_L40_stepsweep/bc_shift4_scale_0p8_1p2_steps20000_tr0]:  76%|███████▌  | 15217/20000 [06:08<01:34, 50.86it/s, acc=0.378, device=mps, eta=1m56s, loss=1.7617, sps=41.3]
BC[stage1_datasets_L40_stepsweep/bc_shift4_scale_0p8_1p2_steps20000_tr0]:  76%|███████▌  | 15224/20000 [06:09<02:04, 38.42it/s, acc=0.378, device=mps, eta=1m56s, loss=1.7617, sps=41.3]
BC[stage1_datasets_L40_stepsweep/bc_shift4_scale_0p8_1p2_steps20000_tr0]:  76%|███████▌  | 15230/20000 [06:09<01:54, 41.54it/s, acc=0.378, device=mps, eta=1m56s, loss=1.7617, sps=41.3]
BC[stage1_datasets_L40_stepsweep/bc_shift4_scale_0p8_1p2_steps20000_tr0]:  76%|███████▌  | 15237/20000 [06:09<01:42, 46.53it/s, acc=0.378, device=mps, eta=1m56s, loss=1.7617, sps=41.3]
BC[stage1_datasets_L40_stepsweep/bc_shift4_scale_0p8_1p2_steps20000_tr0]:  76%|███████▌  | 15243/20000 [06:09<02:15, 35.16it/s, acc=0.378, device=mps, eta=1m56s, loss=1.7617, sps=41.3]
BC[stage1_datasets_L40_stepsweep/bc_shift4_scale_0p8_1p2_steps20000_tr0]:  76%|███████▋  | 15251/20000 [06:09<01:50, 42.97it/s, acc=0.378, device=mps, eta=1m56s, loss=1.7617, sps=41.3]
BC[stage1_datasets_L40_stepsweep/bc_shift4_scale_0p8_1p2_steps20000_tr0]:  76%|███████▋  | 15259/20000 [06:09<01:34, 50.34it/s, acc=0.378, device=mps, eta=1m56s, loss=1.7617, sps=41.3]
BC[stage1_datasets_L40_stepsweep/bc_shift4_scale_0p8_1p2_steps20000_tr0]:  76%|███████▋  | 15266/20000 [06:10<02:11, 35.93it/s, acc=0.378, device=mps, eta=1m56s, loss=1.7617, sps=41.3]
BC[stage1_datasets_L40_stepsweep/bc_shift4_scale_0p8_1p2_steps20000_tr0]:  76%|███████▋  | 15272/20000 [06:10<01:58, 39.88it/s, acc=0.378, device=mps, eta=1m56s, loss=1.7617, sps=41.3]
BC[stage1_datasets_L40_stepsweep/bc_shift4_scale_0p8_1p2_steps20000_tr0]:  76%|███████▋  | 15279/20000 [06:10<01:43, 45.48it/s, acc=0.378, device=mps, eta=1m56s, loss=1.7617, sps=41.3]
BC[stage1_datasets_L40_stepsweep/bc_shift4_scale_0p8_1p2_steps20000_tr0]:  76%|███████▋  | 15285/20000 [06:10<02:15, 34.90it/s, acc=0.378, device=mps, eta=1m56s, loss=1.7617, sps=41.3]
BC[stage1_datasets_L40_stepsweep/bc_shift4_scale_0p8_1p2_steps20000_tr0]:  76%|███████▋  | 15293/20000 [06:10<01:50, 42.68it/s, acc=0.378, device=mps, eta=1m56s, loss=1.7617, sps=41.3]
BC[stage1_datasets_L40_stepsweep/bc_shift4_scale_0p8_1p2_steps20000_tr0]:  77%|███████▋  | 15301/20000 [06:11<02:13, 35.30it/s, acc=0.378, device=mps, eta=1m56s, loss=1.7617, sps=41.3]
BC[stage1_datasets_L40_stepsweep/bc_shift4_scale_0p8_1p2_steps20000_tr0]:  77%|███████▋  | 15309/20000 [06:11<01:50, 42.53it/s, acc=0.378, device=mps, eta=1m56s, loss=1.7617, sps=41.3]
BC[stage1_datasets_L40_stepsweep/bc_shift4_scale_0p8_1p2_steps20000_tr0]:  77%|███████▋  | 15317/20000 [06:11<01:35, 49.13it/s, acc=0.378, device=mps, eta=1m56s, loss=1.7617, sps=41.3]
BC[stage1_datasets_L40_stepsweep/bc_shift4_scale_0p8_1p2_steps20000_tr0]:  77%|███████▋  | 15324/20000 [06:11<02:03, 37.81it/s, acc=0.378, device=mps, eta=1m56s, loss=1.7617, sps=41.3]
BC[stage1_datasets_L40_stepsweep/bc_shift4_scale_0p8_1p2_steps20000_tr0]:  77%|███████▋  | 15332/20000 [06:11<01:43, 44.89it/s, acc=0.378, device=mps, eta=1m56s, loss=1.7617, sps=41.3]
BC[stage1_datasets_L40_stepsweep/bc_shift4_scale_0p8_1p2_steps20000_tr0]:  77%|███████▋  | 15341/20000 [06:12<02:04, 37.42it/s, acc=0.378, device=mps, eta=1m56s, loss=1.7617, sps=41.3]
BC[stage1_datasets_L40_stepsweep/bc_shift4_scale_0p8_1p2_steps20000_tr0]:  77%|███████▋  | 15349/20000 [06:12<01:45, 44.18it/s, acc=0.378, device=mps, eta=1m56s, loss=1.7617, sps=41.3]
BC[stage1_datasets_L40_stepsweep/bc_shift4_scale_0p8_1p2_steps20000_tr0]:  77%|███████▋  | 15357/20000 [06:12<01:31, 50.51it/s, acc=0.378, device=mps, eta=1m56s, loss=1.7617, sps=41.3]
BC[stage1_datasets_L40_stepsweep/bc_shift4_scale_0p8_1p2_steps20000_tr0]:  77%|███████▋  | 15364/20000 [06:12<02:00, 38.49it/s, acc=0.378, device=mps, eta=1m56s, loss=1.7617, sps=41.3]
BC[stage1_datasets_L40_stepsweep/bc_shift4_scale_0p8_1p2_steps20000_tr0]:  77%|███████▋  | 15370/20000 [06:12<01:51, 41.55it/s, acc=0.378, device=mps, eta=1m56s, loss=1.7617, sps=41.3]
BC[stage1_datasets_L40_stepsweep/bc_shift4_scale_0p8_1p2_steps20000_tr0]:  77%|███████▋  | 15377/20000 [06:12<01:39, 46.49it/s, acc=0.378, device=mps, eta=1m56s, loss=1.7617, sps=41.3]
BC[stage1_datasets_L40_stepsweep/bc_shift4_scale_0p8_1p2_steps20000_tr0]:  77%|███████▋  | 15383/20000 [06:13<02:11, 35.22it/s, acc=0.378, device=mps, eta=1m56s, loss=1.7617, sps=41.3]
BC[stage1_datasets_L40_stepsweep/bc_shift4_scale_0p8_1p2_steps20000_tr0]:  77%|███████▋  | 15391/20000 [06:13<01:46, 43.09it/s, acc=0.378, device=mps, eta=1m56s, loss=1.7617, sps=41.3]
BC[stage1_datasets_L40_stepsweep/bc_shift4_scale_0p8_1p2_steps20000_tr0]:  77%|███████▋  | 15399/20000 [06:13<01:31, 50.35it/s, acc=0.378, device=mps, eta=1m56s, loss=1.7617, sps=41.3]
BC[stage1_datasets_L40_stepsweep/bc_shift4_scale_0p8_1p2_steps20000_tr0]:  77%|███████▋  | 15399/20000 [06:13<01:31, 50.35it/s, acc=0.396, device=mps, eta=1m52s, loss=1.7129, sps=41.3]
BC[stage1_datasets_L40_stepsweep/bc_shift4_scale_0p8_1p2_steps20000_tr0]:  77%|███████▋  | 15406/20000 [06:13<02:03, 37.33it/s, acc=0.396, device=mps, eta=1m52s, loss=1.7129, sps=41.3]
BC[stage1_datasets_L40_stepsweep/bc_shift4_scale_0p8_1p2_steps20000_tr0]:  77%|███████▋  | 15412/20000 [06:13<01:54, 40.20it/s, acc=0.396, device=mps, eta=1m52s, loss=1.7129, sps=41.3]
BC[stage1_datasets_L40_stepsweep/bc_shift4_scale_0p8_1p2_steps20000_tr0]:  77%|███████▋  | 15419/20000 [06:13<01:42, 44.84it/s, acc=0.396, device=mps, eta=1m52s, loss=1.7129, sps=41.3]
BC[stage1_datasets_L40_stepsweep/bc_shift4_scale_0p8_1p2_steps20000_tr0]:  77%|███████▋  | 15425/20000 [06:14<02:12, 34.49it/s, acc=0.396, device=mps, eta=1m52s, loss=1.7129, sps=41.3]
BC[stage1_datasets_L40_stepsweep/bc_shift4_scale_0p8_1p2_steps20000_tr0]:  77%|███████▋  | 15433/20000 [06:14<01:47, 42.29it/s, acc=0.396, device=mps, eta=1m52s, loss=1.7129, sps=41.3]
BC[stage1_datasets_L40_stepsweep/bc_shift4_scale_0p8_1p2_steps20000_tr0]:  77%|███████▋  | 15441/20000 [06:14<02:09, 35.10it/s, acc=0.396, device=mps, eta=1m52s, loss=1.7129, sps=41.3]
BC[stage1_datasets_L40_stepsweep/bc_shift4_scale_0p8_1p2_steps20000_tr0]:  77%|███████▋  | 15449/20000 [06:14<01:47, 42.46it/s, acc=0.396, device=mps, eta=1m52s, loss=1.7129, sps=41.3]
BC[stage1_datasets_L40_stepsweep/bc_shift4_scale_0p8_1p2_steps20000_tr0]:  77%|███████▋  | 15457/20000 [06:14<01:32, 49.10it/s, acc=0.396, device=mps, eta=1m52s, loss=1.7129, sps=41.3]
BC[stage1_datasets_L40_stepsweep/bc_shift4_scale_0p8_1p2_steps20000_tr0]:  77%|███████▋  | 15464/20000 [06:15<02:00, 37.78it/s, acc=0.396, device=mps, eta=1m52s, loss=1.7129, sps=41.3]
BC[stage1_datasets_L40_stepsweep/bc_shift4_scale_0p8_1p2_steps20000_tr0]:  77%|███████▋  | 15472/20000 [06:15<01:41, 44.78it/s, acc=0.396, device=mps, eta=1m52s, loss=1.7129, sps=41.3]
BC[stage1_datasets_L40_stepsweep/bc_shift4_scale_0p8_1p2_steps20000_tr0]:  77%|███████▋  | 15480/20000 [06:15<01:27, 51.50it/s, acc=0.396, device=mps, eta=1m52s, loss=1.7129, sps=41.3]
BC[stage1_datasets_L40_stepsweep/bc_shift4_scale_0p8_1p2_steps20000_tr0]:  77%|███████▋  | 15487/20000 [06:15<01:56, 38.83it/s, acc=0.396, device=mps, eta=1m52s, loss=1.7129, sps=41.3]
BC[stage1_datasets_L40_stepsweep/bc_shift4_scale_0p8_1p2_steps20000_tr0]:  77%|███████▋  | 15495/20000 [06:15<01:38, 45.64it/s, acc=0.396, device=mps, eta=1m52s, loss=1.7129, sps=41.3]
BC[stage1_datasets_L40_stepsweep/bc_shift4_scale_0p8_1p2_steps20000_tr0]:  78%|███████▊  | 15501/20000 [06:15<02:06, 35.44it/s, acc=0.396, device=mps, eta=1m52s, loss=1.7129, sps=41.3]
BC[stage1_datasets_L40_stepsweep/bc_shift4_scale_0p8_1p2_steps20000_tr0]:  78%|███████▊  | 15509/20000 [06:16<01:44, 42.79it/s, acc=0.396, device=mps, eta=1m52s, loss=1.7129, sps=41.3]
BC[stage1_datasets_L40_stepsweep/bc_shift4_scale_0p8_1p2_steps20000_tr0]:  78%|███████▊  | 15517/20000 [06:16<01:30, 49.42it/s, acc=0.396, device=mps, eta=1m52s, loss=1.7129, sps=41.3]
BC[stage1_datasets_L40_stepsweep/bc_shift4_scale_0p8_1p2_steps20000_tr0]:  78%|███████▊  | 15524/20000 [06:16<01:57, 37.95it/s, acc=0.396, device=mps, eta=1m52s, loss=1.7129, sps=41.3]
BC[stage1_datasets_L40_stepsweep/bc_shift4_scale_0p8_1p2_steps20000_tr0]:  78%|███████▊  | 15532/20000 [06:16<01:39, 45.00it/s, acc=0.396, device=mps, eta=1m52s, loss=1.7129, sps=41.3]
BC[stage1_datasets_L40_stepsweep/bc_shift4_scale_0p8_1p2_steps20000_tr0]:  78%|███████▊  | 15540/20000 [06:16<01:25, 51.91it/s, acc=0.396, device=mps, eta=1m52s, loss=1.7129, sps=41.3]
BC[stage1_datasets_L40_stepsweep/bc_shift4_scale_0p8_1p2_steps20000_tr0]:  78%|███████▊  | 15547/20000 [06:16<01:54, 38.86it/s, acc=0.396, device=mps, eta=1m52s, loss=1.7129, sps=41.3]
BC[stage1_datasets_L40_stepsweep/bc_shift4_scale_0p8_1p2_steps20000_tr0]:  78%|███████▊  | 15555/20000 [06:17<01:36, 46.04it/s, acc=0.396, device=mps, eta=1m52s, loss=1.7129, sps=41.3]
BC[stage1_datasets_L40_stepsweep/bc_shift4_scale_0p8_1p2_steps20000_tr0]:  78%|███████▊  | 15561/20000 [06:17<02:04, 35.61it/s, acc=0.396, device=mps, eta=1m52s, loss=1.7129, sps=41.3]
BC[stage1_datasets_L40_stepsweep/bc_shift4_scale_0p8_1p2_steps20000_tr0]:  78%|███████▊  | 15567/20000 [06:17<01:51, 39.75it/s, acc=0.396, device=mps, eta=1m52s, loss=1.7129, sps=41.3]
BC[stage1_datasets_L40_stepsweep/bc_shift4_scale_0p8_1p2_steps20000_tr0]:  78%|███████▊  | 15573/20000 [06:17<01:43, 42.86it/s, acc=0.396, device=mps, eta=1m52s, loss=1.7129, sps=41.3]
BC[stage1_datasets_L40_stepsweep/bc_shift4_scale_0p8_1p2_steps20000_tr0]:  78%|███████▊  | 15580/20000 [06:17<01:31, 48.08it/s, acc=0.396, device=mps, eta=1m52s, loss=1.7129, sps=41.3]
BC[stage1_datasets_L40_stepsweep/bc_shift4_scale_0p8_1p2_steps20000_tr0]:  78%|███████▊  | 15586/20000 [06:17<02:04, 35.54it/s, acc=0.396, device=mps, eta=1m52s, loss=1.7129, sps=41.3]
BC[stage1_datasets_L40_stepsweep/bc_shift4_scale_0p8_1p2_steps20000_tr0]:  78%|███████▊  | 15594/20000 [06:18<01:41, 43.43it/s, acc=0.396, device=mps, eta=1m52s, loss=1.7129, sps=41.3]
BC[stage1_datasets_L40_stepsweep/bc_shift4_scale_0p8_1p2_steps20000_tr0]:  78%|███████▊  | 15594/20000 [06:18<01:41, 43.43it/s, acc=0.381, device=mps, eta=1m47s, loss=1.7394, sps=41.3]
BC[stage1_datasets_L40_stepsweep/bc_shift4_scale_0p8_1p2_steps20000_tr0]:  78%|███████▊  | 15601/20000 [06:18<02:06, 34.77it/s, acc=0.381, device=mps, eta=1m47s, loss=1.7394, sps=41.3]
BC[stage1_datasets_L40_stepsweep/bc_shift4_scale_0p8_1p2_steps20000_tr0]:  78%|███████▊  | 15609/20000 [06:18<01:43, 42.29it/s, acc=0.381, device=mps, eta=1m47s, loss=1.7394, sps=41.3]
BC[stage1_datasets_L40_stepsweep/bc_shift4_scale_0p8_1p2_steps20000_tr0]:  78%|███████▊  | 15617/20000 [06:18<01:29, 49.21it/s, acc=0.381, device=mps, eta=1m47s, loss=1.7394, sps=41.3]
BC[stage1_datasets_L40_stepsweep/bc_shift4_scale_0p8_1p2_steps20000_tr0]:  78%|███████▊  | 15624/20000 [06:18<01:55, 37.82it/s, acc=0.381, device=mps, eta=1m47s, loss=1.7394, sps=41.3]
BC[stage1_datasets_L40_stepsweep/bc_shift4_scale_0p8_1p2_steps20000_tr0]:  78%|███████▊  | 15632/20000 [06:18<01:37, 44.95it/s, acc=0.381, device=mps, eta=1m47s, loss=1.7394, sps=41.3]
BC[stage1_datasets_L40_stepsweep/bc_shift4_scale_0p8_1p2_steps20000_tr0]:  78%|███████▊  | 15641/20000 [06:19<01:56, 37.34it/s, acc=0.381, device=mps, eta=1m47s, loss=1.7394, sps=41.3]
BC[stage1_datasets_L40_stepsweep/bc_shift4_scale_0p8_1p2_steps20000_tr0]:  78%|███████▊  | 15649/20000 [06:19<01:39, 43.52it/s, acc=0.381, device=mps, eta=1m47s, loss=1.7394, sps=41.3]
BC[stage1_datasets_L40_stepsweep/bc_shift4_scale_0p8_1p2_steps20000_tr0]:  78%|███████▊  | 15655/20000 [06:19<01:34, 46.20it/s, acc=0.381, device=mps, eta=1m47s, loss=1.7394, sps=41.3]
BC[stage1_datasets_L40_stepsweep/bc_shift4_scale_0p8_1p2_steps20000_tr0]:  78%|███████▊  | 15661/20000 [06:19<02:05, 34.71it/s, acc=0.381, device=mps, eta=1m47s, loss=1.7394, sps=41.3]
BC[stage1_datasets_L40_stepsweep/bc_shift4_scale_0p8_1p2_steps20000_tr0]:  78%|███████▊  | 15667/20000 [06:19<01:50, 39.04it/s, acc=0.381, device=mps, eta=1m47s, loss=1.7394, sps=41.3]
BC[stage1_datasets_L40_stepsweep/bc_shift4_scale_0p8_1p2_steps20000_tr0]:  78%|███████▊  | 15673/20000 [06:19<01:40, 43.11it/s, acc=0.381, device=mps, eta=1m47s, loss=1.7394, sps=41.3]
BC[stage1_datasets_L40_stepsweep/bc_shift4_scale_0p8_1p2_steps20000_tr0]:  78%|███████▊  | 15681/20000 [06:20<02:04, 34.59it/s, acc=0.381, device=mps, eta=1m47s, loss=1.7394, sps=41.3]
BC[stage1_datasets_L40_stepsweep/bc_shift4_scale_0p8_1p2_steps20000_tr0]:  78%|███████▊  | 15689/20000 [06:20<01:42, 42.13it/s, acc=0.381, device=mps, eta=1m47s, loss=1.7394, sps=41.3]
BC[stage1_datasets_L40_stepsweep/bc_shift4_scale_0p8_1p2_steps20000_tr0]:  78%|███████▊  | 15697/20000 [06:20<01:27, 49.33it/s, acc=0.381, device=mps, eta=1m47s, loss=1.7394, sps=41.3]
BC[stage1_datasets_L40_stepsweep/bc_shift4_scale_0p8_1p2_steps20000_tr0]:  79%|███████▊  | 15704/20000 [06:20<01:53, 37.72it/s, acc=0.381, device=mps, eta=1m47s, loss=1.7394, sps=41.3]
BC[stage1_datasets_L40_stepsweep/bc_shift4_scale_0p8_1p2_steps20000_tr0]:  79%|███████▊  | 15712/20000 [06:20<01:35, 44.99it/s, acc=0.381, device=mps, eta=1m47s, loss=1.7394, sps=41.3]
BC[stage1_datasets_L40_stepsweep/bc_shift4_scale_0p8_1p2_steps20000_tr0]:  79%|███████▊  | 15720/20000 [06:20<01:22, 52.04it/s, acc=0.381, device=mps, eta=1m47s, loss=1.7394, sps=41.3]
BC[stage1_datasets_L40_stepsweep/bc_shift4_scale_0p8_1p2_steps20000_tr0]:  79%|███████▊  | 15727/20000 [06:21<01:57, 36.48it/s, acc=0.381, device=mps, eta=1m47s, loss=1.7394, sps=41.3]
BC[stage1_datasets_L40_stepsweep/bc_shift4_scale_0p8_1p2_steps20000_tr0]:  79%|███████▊  | 15733/20000 [06:21<01:46, 40.06it/s, acc=0.381, device=mps, eta=1m47s, loss=1.7394, sps=41.3]
BC[stage1_datasets_L40_stepsweep/bc_shift4_scale_0p8_1p2_steps20000_tr0]:  79%|███████▊  | 15740/20000 [06:21<01:33, 45.48it/s, acc=0.381, device=mps, eta=1m47s, loss=1.7394, sps=41.3]
BC[stage1_datasets_L40_stepsweep/bc_shift4_scale_0p8_1p2_steps20000_tr0]:  79%|███████▊  | 15746/20000 [06:21<02:02, 34.70it/s, acc=0.381, device=mps, eta=1m47s, loss=1.7394, sps=41.3]
BC[stage1_datasets_L40_stepsweep/bc_shift4_scale_0p8_1p2_steps20000_tr0]:  79%|███████▉  | 15754/20000 [06:21<01:40, 42.37it/s, acc=0.381, device=mps, eta=1m47s, loss=1.7394, sps=41.3]
BC[stage1_datasets_L40_stepsweep/bc_shift4_scale_0p8_1p2_steps20000_tr0]:  79%|███████▉  | 15761/20000 [06:22<02:03, 34.32it/s, acc=0.381, device=mps, eta=1m47s, loss=1.7394, sps=41.3]
BC[stage1_datasets_L40_stepsweep/bc_shift4_scale_0p8_1p2_steps20000_tr0]:  79%|███████▉  | 15769/20000 [06:22<01:41, 41.78it/s, acc=0.381, device=mps, eta=1m47s, loss=1.7394, sps=41.3]
BC[stage1_datasets_L40_stepsweep/bc_shift4_scale_0p8_1p2_steps20000_tr0]:  79%|███████▉  | 15777/20000 [06:22<01:26, 48.66it/s, acc=0.381, device=mps, eta=1m47s, loss=1.7394, sps=41.3]
BC[stage1_datasets_L40_stepsweep/bc_shift4_scale_0p8_1p2_steps20000_tr0]:  79%|███████▉  | 15784/20000 [06:22<01:52, 37.50it/s, acc=0.381, device=mps, eta=1m47s, loss=1.7394, sps=41.3]
BC[stage1_datasets_L40_stepsweep/bc_shift4_scale_0p8_1p2_steps20000_tr0]:  79%|███████▉  | 15792/20000 [06:22<01:34, 44.56it/s, acc=0.381, device=mps, eta=1m47s, loss=1.7394, sps=41.3]
BC[stage1_datasets_L40_stepsweep/bc_shift4_scale_0p8_1p2_steps20000_tr0]:  79%|███████▉  | 15792/20000 [06:22<01:34, 44.56it/s, acc=0.400, device=mps, eta=1m42s, loss=1.6951, sps=41.3]
BC[stage1_datasets_L40_stepsweep/bc_shift4_scale_0p8_1p2_steps20000_tr0]:  79%|███████▉  | 15800/20000 [06:22<01:21, 51.30it/s, acc=0.400, device=mps, eta=1m42s, loss=1.6951, sps=41.3]
BC[stage1_datasets_L40_stepsweep/bc_shift4_scale_0p8_1p2_steps20000_tr0]:  79%|███████▉  | 15807/20000 [06:23<01:48, 38.64it/s, acc=0.400, device=mps, eta=1m42s, loss=1.6951, sps=41.3]
BC[stage1_datasets_L40_stepsweep/bc_shift4_scale_0p8_1p2_steps20000_tr0]:  79%|███████▉  | 15815/20000 [06:23<01:32, 45.46it/s, acc=0.400, device=mps, eta=1m42s, loss=1.6951, sps=41.3]
BC[stage1_datasets_L40_stepsweep/bc_shift4_scale_0p8_1p2_steps20000_tr0]:  79%|███████▉  | 15821/20000 [06:23<01:58, 35.39it/s, acc=0.400, device=mps, eta=1m42s, loss=1.6951, sps=41.3]
BC[stage1_datasets_L40_stepsweep/bc_shift4_scale_0p8_1p2_steps20000_tr0]:  79%|███████▉  | 15829/20000 [06:23<01:37, 42.73it/s, acc=0.400, device=mps, eta=1m42s, loss=1.6951, sps=41.3]
BC[stage1_datasets_L40_stepsweep/bc_shift4_scale_0p8_1p2_steps20000_tr0]:  79%|███████▉  | 15837/20000 [06:23<01:23, 49.74it/s, acc=0.400, device=mps, eta=1m42s, loss=1.6951, sps=41.3]
BC[stage1_datasets_L40_stepsweep/bc_shift4_scale_0p8_1p2_steps20000_tr0]:  79%|███████▉  | 15844/20000 [06:24<01:49, 37.87it/s, acc=0.400, device=mps, eta=1m42s, loss=1.6951, sps=41.3]
BC[stage1_datasets_L40_stepsweep/bc_shift4_scale_0p8_1p2_steps20000_tr0]:  79%|███████▉  | 15852/20000 [06:24<01:32, 44.93it/s, acc=0.400, device=mps, eta=1m42s, loss=1.6951, sps=41.3]
BC[stage1_datasets_L40_stepsweep/bc_shift4_scale_0p8_1p2_steps20000_tr0]:  79%|███████▉  | 15861/20000 [06:24<01:50, 37.49it/s, acc=0.400, device=mps, eta=1m42s, loss=1.6951, sps=41.3]
BC[stage1_datasets_L40_stepsweep/bc_shift4_scale_0p8_1p2_steps20000_tr0]:  79%|███████▉  | 15867/20000 [06:24<01:42, 40.30it/s, acc=0.400, device=mps, eta=1m42s, loss=1.6951, sps=41.3]
BC[stage1_datasets_L40_stepsweep/bc_shift4_scale_0p8_1p2_steps20000_tr0]:  79%|███████▉  | 15873/20000 [06:24<01:34, 43.69it/s, acc=0.400, device=mps, eta=1m42s, loss=1.6951, sps=41.3]
BC[stage1_datasets_L40_stepsweep/bc_shift4_scale_0p8_1p2_steps20000_tr0]:  79%|███████▉  | 15880/20000 [06:24<01:24, 48.88it/s, acc=0.400, device=mps, eta=1m42s, loss=1.6951, sps=41.3]
BC[stage1_datasets_L40_stepsweep/bc_shift4_scale_0p8_1p2_steps20000_tr0]:  79%|███████▉  | 15886/20000 [06:25<01:53, 36.33it/s, acc=0.400, device=mps, eta=1m42s, loss=1.6951, sps=41.3]
BC[stage1_datasets_L40_stepsweep/bc_shift4_scale_0p8_1p2_steps20000_tr0]:  79%|███████▉  | 15894/20000 [06:25<01:33, 43.86it/s, acc=0.400, device=mps, eta=1m42s, loss=1.6951, sps=41.3]
BC[stage1_datasets_L40_stepsweep/bc_shift4_scale_0p8_1p2_steps20000_tr0]:  80%|███████▉  | 15901/20000 [06:25<01:56, 35.18it/s, acc=0.400, device=mps, eta=1m42s, loss=1.6951, sps=41.3]
BC[stage1_datasets_L40_stepsweep/bc_shift4_scale_0p8_1p2_steps20000_tr0]:  80%|███████▉  | 15909/20000 [06:25<01:36, 42.59it/s, acc=0.400, device=mps, eta=1m42s, loss=1.6951, sps=41.3]
BC[stage1_datasets_L40_stepsweep/bc_shift4_scale_0p8_1p2_steps20000_tr0]:  80%|███████▉  | 15917/20000 [06:25<01:22, 49.25it/s, acc=0.400, device=mps, eta=1m42s, loss=1.6951, sps=41.3]
BC[stage1_datasets_L40_stepsweep/bc_shift4_scale_0p8_1p2_steps20000_tr0]:  80%|███████▉  | 15924/20000 [06:26<01:47, 37.91it/s, acc=0.400, device=mps, eta=1m42s, loss=1.6951, sps=41.3]
BC[stage1_datasets_L40_stepsweep/bc_shift4_scale_0p8_1p2_steps20000_tr0]:  80%|███████▉  | 15932/20000 [06:26<01:30, 45.12it/s, acc=0.400, device=mps, eta=1m42s, loss=1.6951, sps=41.3]
BC[stage1_datasets_L40_stepsweep/bc_shift4_scale_0p8_1p2_steps20000_tr0]:  80%|███████▉  | 15941/20000 [06:26<01:48, 37.46it/s, acc=0.400, device=mps, eta=1m42s, loss=1.6951, sps=41.3]
BC[stage1_datasets_L40_stepsweep/bc_shift4_scale_0p8_1p2_steps20000_tr0]:  80%|███████▉  | 15949/20000 [06:26<01:31, 44.09it/s, acc=0.400, device=mps, eta=1m42s, loss=1.6951, sps=41.3]
BC[stage1_datasets_L40_stepsweep/bc_shift4_scale_0p8_1p2_steps20000_tr0]:  80%|███████▉  | 15957/20000 [06:26<01:20, 49.99it/s, acc=0.400, device=mps, eta=1m42s, loss=1.6951, sps=41.3]
BC[stage1_datasets_L40_stepsweep/bc_shift4_scale_0p8_1p2_steps20000_tr0]:  80%|███████▉  | 15964/20000 [06:26<01:44, 38.57it/s, acc=0.400, device=mps, eta=1m42s, loss=1.6951, sps=41.3]
BC[stage1_datasets_L40_stepsweep/bc_shift4_scale_0p8_1p2_steps20000_tr0]:  80%|███████▉  | 15972/20000 [06:27<01:28, 45.37it/s, acc=0.400, device=mps, eta=1m42s, loss=1.6951, sps=41.3]
BC[stage1_datasets_L40_stepsweep/bc_shift4_scale_0p8_1p2_steps20000_tr0]:  80%|███████▉  | 15981/20000 [06:27<01:46, 37.80it/s, acc=0.400, device=mps, eta=1m42s, loss=1.6951, sps=41.3]
BC[stage1_datasets_L40_stepsweep/bc_shift4_scale_0p8_1p2_steps20000_tr0]:  80%|███████▉  | 15989/20000 [06:27<01:30, 44.37it/s, acc=0.400, device=mps, eta=1m42s, loss=1.6951, sps=41.3]
BC[stage1_datasets_L40_stepsweep/bc_shift4_scale_0p8_1p2_steps20000_tr0]:  80%|███████▉  | 15997/20000 [06:27<01:19, 50.23it/s, acc=0.400, device=mps, eta=1m42s, loss=1.6951, sps=41.3]
BC[stage1_datasets_L40_stepsweep/bc_shift4_scale_0p8_1p2_steps20000_tr0]:  80%|███████▉  | 15997/20000 [06:27<01:19, 50.23it/s, acc=0.384, device=mps, eta=1m37s, loss=1.7276, sps=41.3]
BC[stage1_datasets_L40_stepsweep/bc_shift4_scale_0p8_1p2_steps20000_tr0]:  80%|████████  | 16004/20000 [06:27<01:43, 38.70it/s, acc=0.384, device=mps, eta=1m37s, loss=1.7276, sps=41.3]
BC[stage1_datasets_L40_stepsweep/bc_shift4_scale_0p8_1p2_steps20000_tr0]:  80%|████████  | 16012/20000 [06:28<01:27, 45.39it/s, acc=0.384, device=mps, eta=1m37s, loss=1.7276, sps=41.3]
BC[stage1_datasets_L40_stepsweep/bc_shift4_scale_0p8_1p2_steps20000_tr0]:  80%|████████  | 16020/20000 [06:28<01:16, 51.75it/s, acc=0.384, device=mps, eta=1m37s, loss=1.7276, sps=41.3]
BC[stage1_datasets_L40_stepsweep/bc_shift4_scale_0p8_1p2_steps20000_tr0]:  80%|████████  | 16027/20000 [06:28<01:41, 39.06it/s, acc=0.384, device=mps, eta=1m37s, loss=1.7276, sps=41.3]
BC[stage1_datasets_L40_stepsweep/bc_shift4_scale_0p8_1p2_steps20000_tr0]:  80%|████████  | 16035/20000 [06:28<01:26, 45.84it/s, acc=0.384, device=mps, eta=1m37s, loss=1.7276, sps=41.3]
BC[stage1_datasets_L40_stepsweep/bc_shift4_scale_0p8_1p2_steps20000_tr0]:  80%|████████  | 16041/20000 [06:28<01:50, 35.67it/s, acc=0.384, device=mps, eta=1m37s, loss=1.7276, sps=41.3]
BC[stage1_datasets_L40_stepsweep/bc_shift4_scale_0p8_1p2_steps20000_tr0]:  80%|████████  | 16049/20000 [06:28<01:31, 42.96it/s, acc=0.384, device=mps, eta=1m37s, loss=1.7276, sps=41.3]
BC[stage1_datasets_L40_stepsweep/bc_shift4_scale_0p8_1p2_steps20000_tr0]:  80%|████████  | 16057/20000 [06:29<01:19, 49.90it/s, acc=0.384, device=mps, eta=1m37s, loss=1.7276, sps=41.3]
BC[stage1_datasets_L40_stepsweep/bc_shift4_scale_0p8_1p2_steps20000_tr0]:  80%|████████  | 16064/20000 [06:29<01:43, 38.16it/s, acc=0.384, device=mps, eta=1m37s, loss=1.7276, sps=41.3]
BC[stage1_datasets_L40_stepsweep/bc_shift4_scale_0p8_1p2_steps20000_tr0]:  80%|████████  | 16072/20000 [06:29<01:27, 45.14it/s, acc=0.384, device=mps, eta=1m37s, loss=1.7276, sps=41.3]
BC[stage1_datasets_L40_stepsweep/bc_shift4_scale_0p8_1p2_steps20000_tr0]:  80%|████████  | 16080/20000 [06:29<01:15, 52.04it/s, acc=0.384, device=mps, eta=1m37s, loss=1.7276, sps=41.3]
BC[stage1_datasets_L40_stepsweep/bc_shift4_scale_0p8_1p2_steps20000_tr0]:  80%|████████  | 16087/20000 [06:29<01:40, 38.83it/s, acc=0.384, device=mps, eta=1m37s, loss=1.7276, sps=41.3]
BC[stage1_datasets_L40_stepsweep/bc_shift4_scale_0p8_1p2_steps20000_tr0]:  80%|████████  | 16095/20000 [06:29<01:25, 45.63it/s, acc=0.384, device=mps, eta=1m37s, loss=1.7276, sps=41.3]
BC[stage1_datasets_L40_stepsweep/bc_shift4_scale_0p8_1p2_steps20000_tr0]:  81%|████████  | 16101/20000 [06:30<01:49, 35.54it/s, acc=0.384, device=mps, eta=1m37s, loss=1.7276, sps=41.3]
BC[stage1_datasets_L40_stepsweep/bc_shift4_scale_0p8_1p2_steps20000_tr0]:  81%|████████  | 16109/20000 [06:30<01:30, 42.83it/s, acc=0.384, device=mps, eta=1m37s, loss=1.7276, sps=41.3]
BC[stage1_datasets_L40_stepsweep/bc_shift4_scale_0p8_1p2_steps20000_tr0]:  81%|████████  | 16117/20000 [06:30<01:18, 49.64it/s, acc=0.384, device=mps, eta=1m37s, loss=1.7276, sps=41.3]
BC[stage1_datasets_L40_stepsweep/bc_shift4_scale_0p8_1p2_steps20000_tr0]:  81%|████████  | 16124/20000 [06:30<01:42, 37.99it/s, acc=0.384, device=mps, eta=1m37s, loss=1.7276, sps=41.3]
BC[stage1_datasets_L40_stepsweep/bc_shift4_scale_0p8_1p2_steps20000_tr0]:  81%|████████  | 16132/20000 [06:30<01:25, 45.01it/s, acc=0.384, device=mps, eta=1m37s, loss=1.7276, sps=41.3]
BC[stage1_datasets_L40_stepsweep/bc_shift4_scale_0p8_1p2_steps20000_tr0]:  81%|████████  | 16140/20000 [06:30<01:14, 51.94it/s, acc=0.384, device=mps, eta=1m37s, loss=1.7276, sps=41.3]
BC[stage1_datasets_L40_stepsweep/bc_shift4_scale_0p8_1p2_steps20000_tr0]:  81%|████████  | 16147/20000 [06:31<01:39, 38.85it/s, acc=0.384, device=mps, eta=1m37s, loss=1.7276, sps=41.3]
BC[stage1_datasets_L40_stepsweep/bc_shift4_scale_0p8_1p2_steps20000_tr0]:  81%|████████  | 16155/20000 [06:31<01:24, 45.64it/s, acc=0.384, device=mps, eta=1m37s, loss=1.7276, sps=41.3]
BC[stage1_datasets_L40_stepsweep/bc_shift4_scale_0p8_1p2_steps20000_tr0]:  81%|████████  | 16161/20000 [06:31<01:48, 35.46it/s, acc=0.384, device=mps, eta=1m37s, loss=1.7276, sps=41.3]
BC[stage1_datasets_L40_stepsweep/bc_shift4_scale_0p8_1p2_steps20000_tr0]:  81%|████████  | 16169/20000 [06:31<01:29, 42.81it/s, acc=0.384, device=mps, eta=1m37s, loss=1.7276, sps=41.3]
BC[stage1_datasets_L40_stepsweep/bc_shift4_scale_0p8_1p2_steps20000_tr0]:  81%|████████  | 16177/20000 [06:31<01:16, 49.70it/s, acc=0.384, device=mps, eta=1m37s, loss=1.7276, sps=41.3]
BC[stage1_datasets_L40_stepsweep/bc_shift4_scale_0p8_1p2_steps20000_tr0]:  81%|████████  | 16184/20000 [06:32<01:40, 38.03it/s, acc=0.384, device=mps, eta=1m37s, loss=1.7276, sps=41.3]
BC[stage1_datasets_L40_stepsweep/bc_shift4_scale_0p8_1p2_steps20000_tr0]:  81%|████████  | 16192/20000 [06:32<01:24, 45.06it/s, acc=0.384, device=mps, eta=1m37s, loss=1.7276, sps=41.3]
BC[stage1_datasets_L40_stepsweep/bc_shift4_scale_0p8_1p2_steps20000_tr0]:  81%|████████  | 16192/20000 [06:32<01:24, 45.06it/s, acc=0.402, device=mps, eta=1m32s, loss=1.6825, sps=41.3]
BC[stage1_datasets_L40_stepsweep/bc_shift4_scale_0p8_1p2_steps20000_tr0]:  81%|████████  | 16200/20000 [06:32<01:13, 51.85it/s, acc=0.402, device=mps, eta=1m32s, loss=1.6825, sps=41.3]
BC[stage1_datasets_L40_stepsweep/bc_shift4_scale_0p8_1p2_steps20000_tr0]:  81%|████████  | 16207/20000 [06:32<01:37, 38.93it/s, acc=0.402, device=mps, eta=1m32s, loss=1.6825, sps=41.3]
BC[stage1_datasets_L40_stepsweep/bc_shift4_scale_0p8_1p2_steps20000_tr0]:  81%|████████  | 16215/20000 [06:32<01:22, 45.74it/s, acc=0.402, device=mps, eta=1m32s, loss=1.6825, sps=41.3]
BC[stage1_datasets_L40_stepsweep/bc_shift4_scale_0p8_1p2_steps20000_tr0]:  81%|████████  | 16221/20000 [06:33<01:46, 35.47it/s, acc=0.402, device=mps, eta=1m32s, loss=1.6825, sps=41.3]
BC[stage1_datasets_L40_stepsweep/bc_shift4_scale_0p8_1p2_steps20000_tr0]:  81%|████████  | 16229/20000 [06:33<01:28, 42.82it/s, acc=0.402, device=mps, eta=1m32s, loss=1.6825, sps=41.3]
BC[stage1_datasets_L40_stepsweep/bc_shift4_scale_0p8_1p2_steps20000_tr0]:  81%|████████  | 16237/20000 [06:33<01:16, 49.37it/s, acc=0.402, device=mps, eta=1m32s, loss=1.6825, sps=41.3]
BC[stage1_datasets_L40_stepsweep/bc_shift4_scale_0p8_1p2_steps20000_tr0]:  81%|████████  | 16244/20000 [06:33<01:39, 37.91it/s, acc=0.402, device=mps, eta=1m32s, loss=1.6825, sps=41.3]
BC[stage1_datasets_L40_stepsweep/bc_shift4_scale_0p8_1p2_steps20000_tr0]:  81%|████████▏ | 16252/20000 [06:33<01:23, 45.06it/s, acc=0.402, device=mps, eta=1m32s, loss=1.6825, sps=41.3]
BC[stage1_datasets_L40_stepsweep/bc_shift4_scale_0p8_1p2_steps20000_tr0]:  81%|████████▏ | 16261/20000 [06:33<01:39, 37.49it/s, acc=0.402, device=mps, eta=1m32s, loss=1.6825, sps=41.3]
BC[stage1_datasets_L40_stepsweep/bc_shift4_scale_0p8_1p2_steps20000_tr0]:  81%|████████▏ | 16268/20000 [06:34<01:29, 41.74it/s, acc=0.402, device=mps, eta=1m32s, loss=1.6825, sps=41.3]
BC[stage1_datasets_L40_stepsweep/bc_shift4_scale_0p8_1p2_steps20000_tr0]:  81%|████████▏ | 16274/20000 [06:34<01:23, 44.42it/s, acc=0.402, device=mps, eta=1m32s, loss=1.6825, sps=41.3]
BC[stage1_datasets_L40_stepsweep/bc_shift4_scale_0p8_1p2_steps20000_tr0]:  81%|████████▏ | 16281/20000 [06:34<01:47, 34.56it/s, acc=0.402, device=mps, eta=1m32s, loss=1.6825, sps=41.3]
BC[stage1_datasets_L40_stepsweep/bc_shift4_scale_0p8_1p2_steps20000_tr0]:  81%|████████▏ | 16289/20000 [06:34<01:28, 41.94it/s, acc=0.402, device=mps, eta=1m32s, loss=1.6825, sps=41.3]
BC[stage1_datasets_L40_stepsweep/bc_shift4_scale_0p8_1p2_steps20000_tr0]:  81%|████████▏ | 16297/20000 [06:34<01:16, 48.70it/s, acc=0.402, device=mps, eta=1m32s, loss=1.6825, sps=41.3]
BC[stage1_datasets_L40_stepsweep/bc_shift4_scale_0p8_1p2_steps20000_tr0]:  82%|████████▏ | 16303/20000 [06:34<01:40, 36.86it/s, acc=0.402, device=mps, eta=1m32s, loss=1.6825, sps=41.3]
BC[stage1_datasets_L40_stepsweep/bc_shift4_scale_0p8_1p2_steps20000_tr0]:  82%|████████▏ | 16311/20000 [06:35<01:23, 44.12it/s, acc=0.402, device=mps, eta=1m32s, loss=1.6825, sps=41.3]
BC[stage1_datasets_L40_stepsweep/bc_shift4_scale_0p8_1p2_steps20000_tr0]:  82%|████████▏ | 16319/20000 [06:35<01:12, 50.44it/s, acc=0.402, device=mps, eta=1m32s, loss=1.6825, sps=41.3]
BC[stage1_datasets_L40_stepsweep/bc_shift4_scale_0p8_1p2_steps20000_tr0]:  82%|████████▏ | 16326/20000 [06:35<01:35, 38.50it/s, acc=0.402, device=mps, eta=1m32s, loss=1.6825, sps=41.3]
BC[stage1_datasets_L40_stepsweep/bc_shift4_scale_0p8_1p2_steps20000_tr0]:  82%|████████▏ | 16334/20000 [06:35<01:20, 45.43it/s, acc=0.402, device=mps, eta=1m32s, loss=1.6825, sps=41.3]
BC[stage1_datasets_L40_stepsweep/bc_shift4_scale_0p8_1p2_steps20000_tr0]:  82%|████████▏ | 16341/20000 [06:35<01:41, 36.19it/s, acc=0.402, device=mps, eta=1m32s, loss=1.6825, sps=41.3]
BC[stage1_datasets_L40_stepsweep/bc_shift4_scale_0p8_1p2_steps20000_tr0]:  82%|████████▏ | 16349/20000 [06:35<01:24, 43.38it/s, acc=0.402, device=mps, eta=1m32s, loss=1.6825, sps=41.3]
BC[stage1_datasets_L40_stepsweep/bc_shift4_scale_0p8_1p2_steps20000_tr0]:  82%|████████▏ | 16357/20000 [06:36<01:13, 49.83it/s, acc=0.402, device=mps, eta=1m32s, loss=1.6825, sps=41.3]
BC[stage1_datasets_L40_stepsweep/bc_shift4_scale_0p8_1p2_steps20000_tr0]:  82%|████████▏ | 16364/20000 [06:36<01:35, 38.26it/s, acc=0.402, device=mps, eta=1m32s, loss=1.6825, sps=41.3]
BC[stage1_datasets_L40_stepsweep/bc_shift4_scale_0p8_1p2_steps20000_tr0]:  82%|████████▏ | 16372/20000 [06:36<01:20, 45.12it/s, acc=0.402, device=mps, eta=1m32s, loss=1.6825, sps=41.3]
BC[stage1_datasets_L40_stepsweep/bc_shift4_scale_0p8_1p2_steps20000_tr0]:  82%|████████▏ | 16380/20000 [06:36<01:10, 51.71it/s, acc=0.402, device=mps, eta=1m32s, loss=1.6825, sps=41.3]
BC[stage1_datasets_L40_stepsweep/bc_shift4_scale_0p8_1p2_steps20000_tr0]:  82%|████████▏ | 16387/20000 [06:36<01:32, 39.04it/s, acc=0.402, device=mps, eta=1m32s, loss=1.6825, sps=41.3]
BC[stage1_datasets_L40_stepsweep/bc_shift4_scale_0p8_1p2_steps20000_tr0]:  82%|████████▏ | 16395/20000 [06:37<01:18, 45.80it/s, acc=0.402, device=mps, eta=1m32s, loss=1.6825, sps=41.3]
BC[stage1_datasets_L40_stepsweep/bc_shift4_scale_0p8_1p2_steps20000_tr0]:  82%|████████▏ | 16395/20000 [06:37<01:18, 45.80it/s, acc=0.395, device=mps, eta=1m27s, loss=1.7038, sps=41.3]
BC[stage1_datasets_L40_stepsweep/bc_shift4_scale_0p8_1p2_steps20000_tr0]:  82%|████████▏ | 16401/20000 [06:37<01:41, 35.61it/s, acc=0.395, device=mps, eta=1m27s, loss=1.7038, sps=41.3]
BC[stage1_datasets_L40_stepsweep/bc_shift4_scale_0p8_1p2_steps20000_tr0]:  82%|████████▏ | 16409/20000 [06:37<01:23, 42.89it/s, acc=0.395, device=mps, eta=1m27s, loss=1.7038, sps=41.3]
BC[stage1_datasets_L40_stepsweep/bc_shift4_scale_0p8_1p2_steps20000_tr0]:  82%|████████▏ | 16417/20000 [06:37<01:12, 49.43it/s, acc=0.395, device=mps, eta=1m27s, loss=1.7038, sps=41.3]
BC[stage1_datasets_L40_stepsweep/bc_shift4_scale_0p8_1p2_steps20000_tr0]:  82%|████████▏ | 16424/20000 [06:37<01:36, 37.15it/s, acc=0.395, device=mps, eta=1m27s, loss=1.7038, sps=41.3]
BC[stage1_datasets_L40_stepsweep/bc_shift4_scale_0p8_1p2_steps20000_tr0]:  82%|████████▏ | 16432/20000 [06:37<01:21, 44.03it/s, acc=0.395, device=mps, eta=1m27s, loss=1.7038, sps=41.3]
BC[stage1_datasets_L40_stepsweep/bc_shift4_scale_0p8_1p2_steps20000_tr0]:  82%|████████▏ | 16440/20000 [06:38<01:10, 50.66it/s, acc=0.395, device=mps, eta=1m27s, loss=1.7038, sps=41.3]
BC[stage1_datasets_L40_stepsweep/bc_shift4_scale_0p8_1p2_steps20000_tr0]:  82%|████████▏ | 16447/20000 [06:38<01:30, 39.15it/s, acc=0.395, device=mps, eta=1m27s, loss=1.7038, sps=41.3]
BC[stage1_datasets_L40_stepsweep/bc_shift4_scale_0p8_1p2_steps20000_tr0]:  82%|████████▏ | 16455/20000 [06:38<01:17, 45.99it/s, acc=0.395, device=mps, eta=1m27s, loss=1.7038, sps=41.3]
BC[stage1_datasets_L40_stepsweep/bc_shift4_scale_0p8_1p2_steps20000_tr0]:  82%|████████▏ | 16461/20000 [06:38<01:39, 35.43it/s, acc=0.395, device=mps, eta=1m27s, loss=1.7038, sps=41.3]
BC[stage1_datasets_L40_stepsweep/bc_shift4_scale_0p8_1p2_steps20000_tr0]:  82%|████████▏ | 16467/20000 [06:38<01:29, 39.38it/s, acc=0.395, device=mps, eta=1m27s, loss=1.7038, sps=41.3]
BC[stage1_datasets_L40_stepsweep/bc_shift4_scale_0p8_1p2_steps20000_tr0]:  82%|████████▏ | 16473/20000 [06:38<01:22, 42.70it/s, acc=0.395, device=mps, eta=1m27s, loss=1.7038, sps=41.3]
BC[stage1_datasets_L40_stepsweep/bc_shift4_scale_0p8_1p2_steps20000_tr0]:  82%|████████▏ | 16480/20000 [06:39<01:13, 48.14it/s, acc=0.395, device=mps, eta=1m27s, loss=1.7038, sps=41.3]
BC[stage1_datasets_L40_stepsweep/bc_shift4_scale_0p8_1p2_steps20000_tr0]:  82%|████████▏ | 16486/20000 [06:39<01:38, 35.54it/s, acc=0.395, device=mps, eta=1m27s, loss=1.7038, sps=41.3]
BC[stage1_datasets_L40_stepsweep/bc_shift4_scale_0p8_1p2_steps20000_tr0]:  82%|████████▏ | 16494/20000 [06:39<01:20, 43.36it/s, acc=0.395, device=mps, eta=1m27s, loss=1.7038, sps=41.3]
BC[stage1_datasets_L40_stepsweep/bc_shift4_scale_0p8_1p2_steps20000_tr0]:  83%|████████▎ | 16501/20000 [06:39<01:40, 34.72it/s, acc=0.395, device=mps, eta=1m27s, loss=1.7038, sps=41.3]
BC[stage1_datasets_L40_stepsweep/bc_shift4_scale_0p8_1p2_steps20000_tr0]:  83%|████████▎ | 16509/20000 [06:39<01:22, 42.30it/s, acc=0.395, device=mps, eta=1m27s, loss=1.7038, sps=41.3]
BC[stage1_datasets_L40_stepsweep/bc_shift4_scale_0p8_1p2_steps20000_tr0]:  83%|████████▎ | 16517/20000 [06:39<01:10, 49.42it/s, acc=0.395, device=mps, eta=1m27s, loss=1.7038, sps=41.3]
BC[stage1_datasets_L40_stepsweep/bc_shift4_scale_0p8_1p2_steps20000_tr0]:  83%|████████▎ | 16524/20000 [06:40<01:31, 37.79it/s, acc=0.395, device=mps, eta=1m27s, loss=1.7038, sps=41.3]
BC[stage1_datasets_L40_stepsweep/bc_shift4_scale_0p8_1p2_steps20000_tr0]:  83%|████████▎ | 16532/20000 [06:40<01:17, 44.87it/s, acc=0.395, device=mps, eta=1m27s, loss=1.7038, sps=41.3]
BC[stage1_datasets_L40_stepsweep/bc_shift4_scale_0p8_1p2_steps20000_tr0]:  83%|████████▎ | 16540/20000 [06:40<01:06, 51.79it/s, acc=0.395, device=mps, eta=1m27s, loss=1.7038, sps=41.3]
BC[stage1_datasets_L40_stepsweep/bc_shift4_scale_0p8_1p2_steps20000_tr0]:  83%|████████▎ | 16547/20000 [06:40<01:29, 38.71it/s, acc=0.395, device=mps, eta=1m27s, loss=1.7038, sps=41.3]
BC[stage1_datasets_L40_stepsweep/bc_shift4_scale_0p8_1p2_steps20000_tr0]:  83%|████████▎ | 16555/20000 [06:40<01:15, 45.50it/s, acc=0.395, device=mps, eta=1m27s, loss=1.7038, sps=41.3]
BC[stage1_datasets_L40_stepsweep/bc_shift4_scale_0p8_1p2_steps20000_tr0]:  83%|████████▎ | 16561/20000 [06:41<01:37, 35.44it/s, acc=0.395, device=mps, eta=1m27s, loss=1.7038, sps=41.3]
BC[stage1_datasets_L40_stepsweep/bc_shift4_scale_0p8_1p2_steps20000_tr0]:  83%|████████▎ | 16569/20000 [06:41<01:20, 42.83it/s, acc=0.395, device=mps, eta=1m27s, loss=1.7038, sps=41.3]
BC[stage1_datasets_L40_stepsweep/bc_shift4_scale_0p8_1p2_steps20000_tr0]:  83%|████████▎ | 16577/20000 [06:41<01:09, 49.38it/s, acc=0.395, device=mps, eta=1m27s, loss=1.7038, sps=41.3]
BC[stage1_datasets_L40_stepsweep/bc_shift4_scale_0p8_1p2_steps20000_tr0]:  83%|████████▎ | 16584/20000 [06:41<01:29, 37.96it/s, acc=0.395, device=mps, eta=1m27s, loss=1.7038, sps=41.3]
BC[stage1_datasets_L40_stepsweep/bc_shift4_scale_0p8_1p2_steps20000_tr0]:  83%|████████▎ | 16592/20000 [06:41<01:15, 44.97it/s, acc=0.395, device=mps, eta=1m27s, loss=1.7038, sps=41.3]
BC[stage1_datasets_L40_stepsweep/bc_shift4_scale_0p8_1p2_steps20000_tr0]:  83%|████████▎ | 16592/20000 [06:41<01:15, 44.97it/s, acc=0.416, device=mps, eta=1m22s, loss=1.6491, sps=41.3]
BC[stage1_datasets_L40_stepsweep/bc_shift4_scale_0p8_1p2_steps20000_tr0]:  83%|████████▎ | 16600/20000 [06:41<01:05, 51.63it/s, acc=0.416, device=mps, eta=1m22s, loss=1.6491, sps=41.3]
BC[stage1_datasets_L40_stepsweep/bc_shift4_scale_0p8_1p2_steps20000_tr0]:  83%|████████▎ | 16607/20000 [06:42<01:27, 38.85it/s, acc=0.416, device=mps, eta=1m22s, loss=1.6491, sps=41.3]
BC[stage1_datasets_L40_stepsweep/bc_shift4_scale_0p8_1p2_steps20000_tr0]:  83%|████████▎ | 16615/20000 [06:42<01:13, 45.77it/s, acc=0.416, device=mps, eta=1m22s, loss=1.6491, sps=41.3]
BC[stage1_datasets_L40_stepsweep/bc_shift4_scale_0p8_1p2_steps20000_tr0]:  83%|████████▎ | 16621/20000 [06:42<01:35, 35.56it/s, acc=0.416, device=mps, eta=1m22s, loss=1.6491, sps=41.3]
BC[stage1_datasets_L40_stepsweep/bc_shift4_scale_0p8_1p2_steps20000_tr0]:  83%|████████▎ | 16629/20000 [06:42<01:18, 42.88it/s, acc=0.416, device=mps, eta=1m22s, loss=1.6491, sps=41.3]
BC[stage1_datasets_L40_stepsweep/bc_shift4_scale_0p8_1p2_steps20000_tr0]:  83%|████████▎ | 16637/20000 [06:42<01:08, 49.27it/s, acc=0.416, device=mps, eta=1m22s, loss=1.6491, sps=41.3]
BC[stage1_datasets_L40_stepsweep/bc_shift4_scale_0p8_1p2_steps20000_tr0]:  83%|████████▎ | 16644/20000 [06:43<01:27, 38.55it/s, acc=0.416, device=mps, eta=1m22s, loss=1.6491, sps=41.3]
BC[stage1_datasets_L40_stepsweep/bc_shift4_scale_0p8_1p2_steps20000_tr0]:  83%|████████▎ | 16652/20000 [06:43<01:13, 45.43it/s, acc=0.416, device=mps, eta=1m22s, loss=1.6491, sps=41.3]
BC[stage1_datasets_L40_stepsweep/bc_shift4_scale_0p8_1p2_steps20000_tr0]:  83%|████████▎ | 16660/20000 [06:43<01:03, 52.24it/s, acc=0.416, device=mps, eta=1m22s, loss=1.6491, sps=41.3]
BC[stage1_datasets_L40_stepsweep/bc_shift4_scale_0p8_1p2_steps20000_tr0]:  83%|████████▎ | 16667/20000 [06:43<01:27, 37.98it/s, acc=0.416, device=mps, eta=1m22s, loss=1.6491, sps=41.3]
BC[stage1_datasets_L40_stepsweep/bc_shift4_scale_0p8_1p2_steps20000_tr0]:  83%|████████▎ | 16673/20000 [06:43<01:21, 41.05it/s, acc=0.416, device=mps, eta=1m22s, loss=1.6491, sps=41.3]
BC[stage1_datasets_L40_stepsweep/bc_shift4_scale_0p8_1p2_steps20000_tr0]:  83%|████████▎ | 16680/20000 [06:43<01:11, 46.45it/s, acc=0.416, device=mps, eta=1m22s, loss=1.6491, sps=41.3]
BC[stage1_datasets_L40_stepsweep/bc_shift4_scale_0p8_1p2_steps20000_tr0]:  83%|████████▎ | 16686/20000 [06:44<01:37, 33.86it/s, acc=0.416, device=mps, eta=1m22s, loss=1.6491, sps=41.3]
BC[stage1_datasets_L40_stepsweep/bc_shift4_scale_0p8_1p2_steps20000_tr0]:  83%|████████▎ | 16691/20000 [06:44<01:30, 36.64it/s, acc=0.416, device=mps, eta=1m22s, loss=1.6491, sps=41.3]
BC[stage1_datasets_L40_stepsweep/bc_shift4_scale_0p8_1p2_steps20000_tr0]:  83%|████████▎ | 16698/20000 [06:44<01:17, 42.46it/s, acc=0.416, device=mps, eta=1m22s, loss=1.6491, sps=41.3]
BC[stage1_datasets_L40_stepsweep/bc_shift4_scale_0p8_1p2_steps20000_tr0]:  84%|████████▎ | 16704/20000 [06:44<01:39, 33.06it/s, acc=0.416, device=mps, eta=1m22s, loss=1.6491, sps=41.3]
BC[stage1_datasets_L40_stepsweep/bc_shift4_scale_0p8_1p2_steps20000_tr0]:  84%|████████▎ | 16712/20000 [06:44<01:19, 41.17it/s, acc=0.416, device=mps, eta=1m22s, loss=1.6491, sps=41.3]
BC[stage1_datasets_L40_stepsweep/bc_shift4_scale_0p8_1p2_steps20000_tr0]:  84%|████████▎ | 16721/20000 [06:44<01:32, 35.35it/s, acc=0.416, device=mps, eta=1m22s, loss=1.6491, sps=41.3]
BC[stage1_datasets_L40_stepsweep/bc_shift4_scale_0p8_1p2_steps20000_tr0]:  84%|████████▎ | 16729/20000 [06:45<01:17, 42.37it/s, acc=0.416, device=mps, eta=1m22s, loss=1.6491, sps=41.3]
BC[stage1_datasets_L40_stepsweep/bc_shift4_scale_0p8_1p2_steps20000_tr0]:  84%|████████▎ | 16737/20000 [06:45<01:07, 48.66it/s, acc=0.416, device=mps, eta=1m22s, loss=1.6491, sps=41.3]
BC[stage1_datasets_L40_stepsweep/bc_shift4_scale_0p8_1p2_steps20000_tr0]:  84%|████████▎ | 16743/20000 [06:45<01:27, 37.07it/s, acc=0.416, device=mps, eta=1m22s, loss=1.6491, sps=41.3]
BC[stage1_datasets_L40_stepsweep/bc_shift4_scale_0p8_1p2_steps20000_tr0]:  84%|████████▍ | 16751/20000 [06:45<01:13, 44.30it/s, acc=0.416, device=mps, eta=1m22s, loss=1.6491, sps=41.3]
BC[stage1_datasets_L40_stepsweep/bc_shift4_scale_0p8_1p2_steps20000_tr0]:  84%|████████▍ | 16759/20000 [06:45<01:04, 50.55it/s, acc=0.416, device=mps, eta=1m22s, loss=1.6491, sps=41.3]
BC[stage1_datasets_L40_stepsweep/bc_shift4_scale_0p8_1p2_steps20000_tr0]:  84%|████████▍ | 16766/20000 [06:45<01:23, 38.57it/s, acc=0.416, device=mps, eta=1m22s, loss=1.6491, sps=41.3]
BC[stage1_datasets_L40_stepsweep/bc_shift4_scale_0p8_1p2_steps20000_tr0]:  84%|████████▍ | 16774/20000 [06:46<01:10, 45.45it/s, acc=0.416, device=mps, eta=1m22s, loss=1.6491, sps=41.3]
BC[stage1_datasets_L40_stepsweep/bc_shift4_scale_0p8_1p2_steps20000_tr0]:  84%|████████▍ | 16781/20000 [06:46<01:28, 36.26it/s, acc=0.416, device=mps, eta=1m22s, loss=1.6491, sps=41.3]
BC[stage1_datasets_L40_stepsweep/bc_shift4_scale_0p8_1p2_steps20000_tr0]:  84%|████████▍ | 16789/20000 [06:46<01:14, 43.34it/s, acc=0.416, device=mps, eta=1m22s, loss=1.6491, sps=41.3]
BC[stage1_datasets_L40_stepsweep/bc_shift4_scale_0p8_1p2_steps20000_tr0]:  84%|████████▍ | 16797/20000 [06:46<01:04, 49.66it/s, acc=0.416, device=mps, eta=1m22s, loss=1.6491, sps=41.3]
BC[stage1_datasets_L40_stepsweep/bc_shift4_scale_0p8_1p2_steps20000_tr0]:  84%|████████▍ | 16797/20000 [06:46<01:04, 49.66it/s, acc=0.399, device=mps, eta=1m17s, loss=1.6897, sps=41.3]
BC[stage1_datasets_L40_stepsweep/bc_shift4_scale_0p8_1p2_steps20000_tr0]:  84%|████████▍ | 16804/20000 [06:46<01:23, 38.25it/s, acc=0.399, device=mps, eta=1m17s, loss=1.6897, sps=41.3]
BC[stage1_datasets_L40_stepsweep/bc_shift4_scale_0p8_1p2_steps20000_tr0]:  84%|████████▍ | 16812/20000 [06:46<01:10, 45.19it/s, acc=0.399, device=mps, eta=1m17s, loss=1.6897, sps=41.3]
BC[stage1_datasets_L40_stepsweep/bc_shift4_scale_0p8_1p2_steps20000_tr0]:  84%|████████▍ | 16820/20000 [06:47<01:01, 51.79it/s, acc=0.399, device=mps, eta=1m17s, loss=1.6897, sps=41.3]
BC[stage1_datasets_L40_stepsweep/bc_shift4_scale_0p8_1p2_steps20000_tr0]:  84%|████████▍ | 16827/20000 [06:47<01:21, 39.02it/s, acc=0.399, device=mps, eta=1m17s, loss=1.6897, sps=41.3]
BC[stage1_datasets_L40_stepsweep/bc_shift4_scale_0p8_1p2_steps20000_tr0]:  84%|████████▍ | 16835/20000 [06:47<01:09, 45.74it/s, acc=0.399, device=mps, eta=1m17s, loss=1.6897, sps=41.3]
BC[stage1_datasets_L40_stepsweep/bc_shift4_scale_0p8_1p2_steps20000_tr0]:  84%|████████▍ | 16841/20000 [06:47<01:28, 35.62it/s, acc=0.399, device=mps, eta=1m17s, loss=1.6897, sps=41.3]
BC[stage1_datasets_L40_stepsweep/bc_shift4_scale_0p8_1p2_steps20000_tr0]:  84%|████████▍ | 16849/20000 [06:47<01:13, 42.94it/s, acc=0.399, device=mps, eta=1m17s, loss=1.6897, sps=41.3]
BC[stage1_datasets_L40_stepsweep/bc_shift4_scale_0p8_1p2_steps20000_tr0]:  84%|████████▍ | 16857/20000 [06:47<01:03, 49.67it/s, acc=0.399, device=mps, eta=1m17s, loss=1.6897, sps=41.3]
BC[stage1_datasets_L40_stepsweep/bc_shift4_scale_0p8_1p2_steps20000_tr0]:  84%|████████▍ | 16864/20000 [06:48<01:22, 38.03it/s, acc=0.399, device=mps, eta=1m17s, loss=1.6897, sps=41.3]
BC[stage1_datasets_L40_stepsweep/bc_shift4_scale_0p8_1p2_steps20000_tr0]:  84%|████████▍ | 16872/20000 [06:48<01:09, 44.99it/s, acc=0.399, device=mps, eta=1m17s, loss=1.6897, sps=41.3]
BC[stage1_datasets_L40_stepsweep/bc_shift4_scale_0p8_1p2_steps20000_tr0]:  84%|████████▍ | 16880/20000 [06:48<01:00, 51.57it/s, acc=0.399, device=mps, eta=1m17s, loss=1.6897, sps=41.3]
BC[stage1_datasets_L40_stepsweep/bc_shift4_scale_0p8_1p2_steps20000_tr0]:  84%|████████▍ | 16887/20000 [06:48<01:20, 38.86it/s, acc=0.399, device=mps, eta=1m17s, loss=1.6897, sps=41.3]
BC[stage1_datasets_L40_stepsweep/bc_shift4_scale_0p8_1p2_steps20000_tr0]:  84%|████████▍ | 16895/20000 [06:48<01:07, 45.95it/s, acc=0.399, device=mps, eta=1m17s, loss=1.6897, sps=41.3]
BC[stage1_datasets_L40_stepsweep/bc_shift4_scale_0p8_1p2_steps20000_tr0]:  85%|████████▍ | 16901/20000 [06:49<01:26, 35.65it/s, acc=0.399, device=mps, eta=1m17s, loss=1.6897, sps=41.3]
BC[stage1_datasets_L40_stepsweep/bc_shift4_scale_0p8_1p2_steps20000_tr0]:  85%|████████▍ | 16909/20000 [06:49<01:11, 43.00it/s, acc=0.399, device=mps, eta=1m17s, loss=1.6897, sps=41.3]
BC[stage1_datasets_L40_stepsweep/bc_shift4_scale_0p8_1p2_steps20000_tr0]:  85%|████████▍ | 16917/20000 [06:49<01:02, 49.47it/s, acc=0.399, device=mps, eta=1m17s, loss=1.6897, sps=41.3]
BC[stage1_datasets_L40_stepsweep/bc_shift4_scale_0p8_1p2_steps20000_tr0]:  85%|████████▍ | 16924/20000 [06:49<01:21, 37.94it/s, acc=0.399, device=mps, eta=1m17s, loss=1.6897, sps=41.3]
BC[stage1_datasets_L40_stepsweep/bc_shift4_scale_0p8_1p2_steps20000_tr0]:  85%|████████▍ | 16932/20000 [06:49<01:08, 45.02it/s, acc=0.399, device=mps, eta=1m17s, loss=1.6897, sps=41.3]
BC[stage1_datasets_L40_stepsweep/bc_shift4_scale_0p8_1p2_steps20000_tr0]:  85%|████████▍ | 16940/20000 [06:49<00:59, 51.80it/s, acc=0.399, device=mps, eta=1m17s, loss=1.6897, sps=41.3]
BC[stage1_datasets_L40_stepsweep/bc_shift4_scale_0p8_1p2_steps20000_tr0]:  85%|████████▍ | 16947/20000 [06:50<01:18, 38.88it/s, acc=0.399, device=mps, eta=1m17s, loss=1.6897, sps=41.3]
BC[stage1_datasets_L40_stepsweep/bc_shift4_scale_0p8_1p2_steps20000_tr0]:  85%|████████▍ | 16955/20000 [06:50<01:06, 45.61it/s, acc=0.399, device=mps, eta=1m17s, loss=1.6897, sps=41.3]
BC[stage1_datasets_L40_stepsweep/bc_shift4_scale_0p8_1p2_steps20000_tr0]:  85%|████████▍ | 16961/20000 [06:50<01:25, 35.45it/s, acc=0.399, device=mps, eta=1m17s, loss=1.6897, sps=41.3]
BC[stage1_datasets_L40_stepsweep/bc_shift4_scale_0p8_1p2_steps20000_tr0]:  85%|████████▍ | 16969/20000 [06:50<01:10, 42.81it/s, acc=0.399, device=mps, eta=1m17s, loss=1.6897, sps=41.3]
BC[stage1_datasets_L40_stepsweep/bc_shift4_scale_0p8_1p2_steps20000_tr0]:  85%|████████▍ | 16977/20000 [06:50<01:00, 49.72it/s, acc=0.399, device=mps, eta=1m17s, loss=1.6897, sps=41.3]
BC[stage1_datasets_L40_stepsweep/bc_shift4_scale_0p8_1p2_steps20000_tr0]:  85%|████████▍ | 16984/20000 [06:51<01:19, 38.13it/s, acc=0.399, device=mps, eta=1m17s, loss=1.6897, sps=41.3]
BC[stage1_datasets_L40_stepsweep/bc_shift4_scale_0p8_1p2_steps20000_tr0]:  85%|████████▍ | 16992/20000 [06:51<01:06, 45.21it/s, acc=0.399, device=mps, eta=1m17s, loss=1.6897, sps=41.3]
BC[stage1_datasets_L40_stepsweep/bc_shift4_scale_0p8_1p2_steps20000_tr0]:  85%|████████▍ | 16992/20000 [06:51<01:06, 45.21it/s, acc=0.413, device=mps, eta=1m13s, loss=1.6481, sps=41.3]
BC[stage1_datasets_L40_stepsweep/bc_shift4_scale_0p8_1p2_steps20000_tr0]:  85%|████████▌ | 17000/20000 [06:51<00:57, 51.98it/s, acc=0.413, device=mps, eta=1m13s, loss=1.6481, sps=41.3]
BC[stage1_datasets_L40_stepsweep/bc_shift4_scale_0p8_1p2_steps20000_tr0]:  85%|████████▌ | 17007/20000 [06:51<01:16, 38.88it/s, acc=0.413, device=mps, eta=1m13s, loss=1.6481, sps=41.3]
BC[stage1_datasets_L40_stepsweep/bc_shift4_scale_0p8_1p2_steps20000_tr0]:  85%|████████▌ | 17015/20000 [06:51<01:05, 45.63it/s, acc=0.413, device=mps, eta=1m13s, loss=1.6481, sps=41.3]
BC[stage1_datasets_L40_stepsweep/bc_shift4_scale_0p8_1p2_steps20000_tr0]:  85%|████████▌ | 17021/20000 [06:51<01:24, 35.42it/s, acc=0.413, device=mps, eta=1m13s, loss=1.6481, sps=41.3]
BC[stage1_datasets_L40_stepsweep/bc_shift4_scale_0p8_1p2_steps20000_tr0]:  85%|████████▌ | 17029/20000 [06:52<01:09, 42.81it/s, acc=0.413, device=mps, eta=1m13s, loss=1.6481, sps=41.3]
BC[stage1_datasets_L40_stepsweep/bc_shift4_scale_0p8_1p2_steps20000_tr0]:  85%|████████▌ | 17037/20000 [06:52<00:59, 49.60it/s, acc=0.413, device=mps, eta=1m13s, loss=1.6481, sps=41.3]
BC[stage1_datasets_L40_stepsweep/bc_shift4_scale_0p8_1p2_steps20000_tr0]:  85%|████████▌ | 17044/20000 [06:52<01:17, 37.96it/s, acc=0.413, device=mps, eta=1m13s, loss=1.6481, sps=41.3]
BC[stage1_datasets_L40_stepsweep/bc_shift4_scale_0p8_1p2_steps20000_tr0]:  85%|████████▌ | 17052/20000 [06:52<01:05, 45.02it/s, acc=0.413, device=mps, eta=1m13s, loss=1.6481, sps=41.3]
BC[stage1_datasets_L40_stepsweep/bc_shift4_scale_0p8_1p2_steps20000_tr0]:  85%|████████▌ | 17060/20000 [06:52<00:56, 51.97it/s, acc=0.413, device=mps, eta=1m13s, loss=1.6481, sps=41.3]
BC[stage1_datasets_L40_stepsweep/bc_shift4_scale_0p8_1p2_steps20000_tr0]:  85%|████████▌ | 17067/20000 [06:52<01:15, 38.91it/s, acc=0.413, device=mps, eta=1m13s, loss=1.6481, sps=41.3]
BC[stage1_datasets_L40_stepsweep/bc_shift4_scale_0p8_1p2_steps20000_tr0]:  85%|████████▌ | 17075/20000 [06:53<01:03, 46.09it/s, acc=0.413, device=mps, eta=1m13s, loss=1.6481, sps=41.3]
BC[stage1_datasets_L40_stepsweep/bc_shift4_scale_0p8_1p2_steps20000_tr0]:  85%|████████▌ | 17081/20000 [06:53<01:20, 36.14it/s, acc=0.413, device=mps, eta=1m13s, loss=1.6481, sps=41.3]
BC[stage1_datasets_L40_stepsweep/bc_shift4_scale_0p8_1p2_steps20000_tr0]:  85%|████████▌ | 17089/20000 [06:53<01:06, 43.49it/s, acc=0.413, device=mps, eta=1m13s, loss=1.6481, sps=41.3]
BC[stage1_datasets_L40_stepsweep/bc_shift4_scale_0p8_1p2_steps20000_tr0]:  85%|████████▌ | 17097/20000 [06:53<00:58, 49.93it/s, acc=0.413, device=mps, eta=1m13s, loss=1.6481, sps=41.3]
BC[stage1_datasets_L40_stepsweep/bc_shift4_scale_0p8_1p2_steps20000_tr0]:  86%|████████▌ | 17104/20000 [06:53<01:15, 38.30it/s, acc=0.413, device=mps, eta=1m13s, loss=1.6481, sps=41.3]
BC[stage1_datasets_L40_stepsweep/bc_shift4_scale_0p8_1p2_steps20000_tr0]:  86%|████████▌ | 17112/20000 [06:53<01:03, 45.32it/s, acc=0.413, device=mps, eta=1m13s, loss=1.6481, sps=41.3]
BC[stage1_datasets_L40_stepsweep/bc_shift4_scale_0p8_1p2_steps20000_tr0]:  86%|████████▌ | 17121/20000 [06:54<01:15, 38.34it/s, acc=0.413, device=mps, eta=1m13s, loss=1.6481, sps=41.3]
BC[stage1_datasets_L40_stepsweep/bc_shift4_scale_0p8_1p2_steps20000_tr0]:  86%|████████▌ | 17127/20000 [06:54<01:09, 41.38it/s, acc=0.413, device=mps, eta=1m13s, loss=1.6481, sps=41.3]
BC[stage1_datasets_L40_stepsweep/bc_shift4_scale_0p8_1p2_steps20000_tr0]:  86%|████████▌ | 17133/20000 [06:54<01:04, 44.11it/s, acc=0.413, device=mps, eta=1m13s, loss=1.6481, sps=41.3]
BC[stage1_datasets_L40_stepsweep/bc_shift4_scale_0p8_1p2_steps20000_tr0]:  86%|████████▌ | 17139/20000 [06:54<01:01, 46.46it/s, acc=0.413, device=mps, eta=1m13s, loss=1.6481, sps=41.3]
BC[stage1_datasets_L40_stepsweep/bc_shift4_scale_0p8_1p2_steps20000_tr0]:  86%|████████▌ | 17145/20000 [06:54<01:22, 34.56it/s, acc=0.413, device=mps, eta=1m13s, loss=1.6481, sps=41.3]
BC[stage1_datasets_L40_stepsweep/bc_shift4_scale_0p8_1p2_steps20000_tr0]:  86%|████████▌ | 17151/20000 [06:55<01:13, 38.61it/s, acc=0.413, device=mps, eta=1m13s, loss=1.6481, sps=41.3]
BC[stage1_datasets_L40_stepsweep/bc_shift4_scale_0p8_1p2_steps20000_tr0]:  86%|████████▌ | 17158/20000 [06:55<01:04, 43.97it/s, acc=0.413, device=mps, eta=1m13s, loss=1.6481, sps=41.3]
BC[stage1_datasets_L40_stepsweep/bc_shift4_scale_0p8_1p2_steps20000_tr0]:  86%|████████▌ | 17164/20000 [06:55<01:23, 33.85it/s, acc=0.413, device=mps, eta=1m13s, loss=1.6481, sps=41.3]
BC[stage1_datasets_L40_stepsweep/bc_shift4_scale_0p8_1p2_steps20000_tr0]:  86%|████████▌ | 17172/20000 [06:55<01:07, 41.82it/s, acc=0.413, device=mps, eta=1m13s, loss=1.6481, sps=41.3]
BC[stage1_datasets_L40_stepsweep/bc_shift4_scale_0p8_1p2_steps20000_tr0]:  86%|████████▌ | 17180/20000 [06:55<00:57, 49.26it/s, acc=0.413, device=mps, eta=1m13s, loss=1.6481, sps=41.3]
BC[stage1_datasets_L40_stepsweep/bc_shift4_scale_0p8_1p2_steps20000_tr0]:  86%|████████▌ | 17186/20000 [06:55<01:15, 37.37it/s, acc=0.413, device=mps, eta=1m13s, loss=1.6481, sps=41.3]
BC[stage1_datasets_L40_stepsweep/bc_shift4_scale_0p8_1p2_steps20000_tr0]:  86%|████████▌ | 17194/20000 [06:55<01:02, 44.69it/s, acc=0.413, device=mps, eta=1m13s, loss=1.6481, sps=41.3]
BC[stage1_datasets_L40_stepsweep/bc_shift4_scale_0p8_1p2_steps20000_tr0]:  86%|████████▌ | 17194/20000 [06:56<01:02, 44.69it/s, acc=0.405, device=mps, eta=1m08s, loss=1.6714, sps=41.3]
BC[stage1_datasets_L40_stepsweep/bc_shift4_scale_0p8_1p2_steps20000_tr0]:  86%|████████▌ | 17201/20000 [06:56<01:19, 35.29it/s, acc=0.405, device=mps, eta=1m08s, loss=1.6714, sps=41.3]
BC[stage1_datasets_L40_stepsweep/bc_shift4_scale_0p8_1p2_steps20000_tr0]:  86%|████████▌ | 17207/20000 [06:56<01:10, 39.57it/s, acc=0.405, device=mps, eta=1m08s, loss=1.6714, sps=41.3]
BC[stage1_datasets_L40_stepsweep/bc_shift4_scale_0p8_1p2_steps20000_tr0]:  86%|████████▌ | 17213/20000 [06:56<01:03, 43.55it/s, acc=0.405, device=mps, eta=1m08s, loss=1.6714, sps=41.3]
BC[stage1_datasets_L40_stepsweep/bc_shift4_scale_0p8_1p2_steps20000_tr0]:  86%|████████▌ | 17220/20000 [06:56<00:56, 49.09it/s, acc=0.405, device=mps, eta=1m08s, loss=1.6714, sps=41.3]
BC[stage1_datasets_L40_stepsweep/bc_shift4_scale_0p8_1p2_steps20000_tr0]:  86%|████████▌ | 17226/20000 [06:56<01:17, 35.98it/s, acc=0.405, device=mps, eta=1m08s, loss=1.6714, sps=41.3]
BC[stage1_datasets_L40_stepsweep/bc_shift4_scale_0p8_1p2_steps20000_tr0]:  86%|████████▌ | 17234/20000 [06:56<01:03, 43.73it/s, acc=0.405, device=mps, eta=1m08s, loss=1.6714, sps=41.3]
BC[stage1_datasets_L40_stepsweep/bc_shift4_scale_0p8_1p2_steps20000_tr0]:  86%|████████▌ | 17241/20000 [06:57<01:19, 34.52it/s, acc=0.405, device=mps, eta=1m08s, loss=1.6714, sps=41.3]
BC[stage1_datasets_L40_stepsweep/bc_shift4_scale_0p8_1p2_steps20000_tr0]:  86%|████████▌ | 17247/20000 [06:57<01:11, 38.43it/s, acc=0.405, device=mps, eta=1m08s, loss=1.6714, sps=41.3]
BC[stage1_datasets_L40_stepsweep/bc_shift4_scale_0p8_1p2_steps20000_tr0]:  86%|████████▋ | 17253/20000 [06:57<01:06, 41.47it/s, acc=0.405, device=mps, eta=1m08s, loss=1.6714, sps=41.3]
BC[stage1_datasets_L40_stepsweep/bc_shift4_scale_0p8_1p2_steps20000_tr0]:  86%|████████▋ | 17260/20000 [06:57<00:58, 46.70it/s, acc=0.405, device=mps, eta=1m08s, loss=1.6714, sps=41.3]
BC[stage1_datasets_L40_stepsweep/bc_shift4_scale_0p8_1p2_steps20000_tr0]:  86%|████████▋ | 17266/20000 [06:57<01:18, 34.75it/s, acc=0.405, device=mps, eta=1m08s, loss=1.6714, sps=41.3]
BC[stage1_datasets_L40_stepsweep/bc_shift4_scale_0p8_1p2_steps20000_tr0]:  86%|████████▋ | 17274/20000 [06:58<01:03, 42.59it/s, acc=0.405, device=mps, eta=1m08s, loss=1.6714, sps=41.3]
BC[stage1_datasets_L40_stepsweep/bc_shift4_scale_0p8_1p2_steps20000_tr0]:  86%|████████▋ | 17281/20000 [06:58<01:19, 34.38it/s, acc=0.405, device=mps, eta=1m08s, loss=1.6714, sps=41.3]
BC[stage1_datasets_L40_stepsweep/bc_shift4_scale_0p8_1p2_steps20000_tr0]:  86%|████████▋ | 17289/20000 [06:58<01:04, 41.90it/s, acc=0.405, device=mps, eta=1m08s, loss=1.6714, sps=41.3]
BC[stage1_datasets_L40_stepsweep/bc_shift4_scale_0p8_1p2_steps20000_tr0]:  86%|████████▋ | 17297/20000 [06:58<00:55, 48.73it/s, acc=0.405, device=mps, eta=1m08s, loss=1.6714, sps=41.3]
BC[stage1_datasets_L40_stepsweep/bc_shift4_scale_0p8_1p2_steps20000_tr0]:  87%|████████▋ | 17303/20000 [06:58<01:13, 36.73it/s, acc=0.405, device=mps, eta=1m08s, loss=1.6714, sps=41.3]
BC[stage1_datasets_L40_stepsweep/bc_shift4_scale_0p8_1p2_steps20000_tr0]:  87%|████████▋ | 17311/20000 [06:58<01:01, 43.92it/s, acc=0.405, device=mps, eta=1m08s, loss=1.6714, sps=41.3]
BC[stage1_datasets_L40_stepsweep/bc_shift4_scale_0p8_1p2_steps20000_tr0]:  87%|████████▋ | 17319/20000 [06:59<00:53, 50.33it/s, acc=0.405, device=mps, eta=1m08s, loss=1.6714, sps=41.3]
BC[stage1_datasets_L40_stepsweep/bc_shift4_scale_0p8_1p2_steps20000_tr0]:  87%|████████▋ | 17326/20000 [06:59<01:09, 38.58it/s, acc=0.405, device=mps, eta=1m08s, loss=1.6714, sps=41.3]
BC[stage1_datasets_L40_stepsweep/bc_shift4_scale_0p8_1p2_steps20000_tr0]:  87%|████████▋ | 17334/20000 [06:59<00:58, 45.57it/s, acc=0.405, device=mps, eta=1m08s, loss=1.6714, sps=41.3]
BC[stage1_datasets_L40_stepsweep/bc_shift4_scale_0p8_1p2_steps20000_tr0]:  87%|████████▋ | 17341/20000 [06:59<01:13, 36.21it/s, acc=0.405, device=mps, eta=1m08s, loss=1.6714, sps=41.3]
BC[stage1_datasets_L40_stepsweep/bc_shift4_scale_0p8_1p2_steps20000_tr0]:  87%|████████▋ | 17349/20000 [06:59<01:01, 43.36it/s, acc=0.405, device=mps, eta=1m08s, loss=1.6714, sps=41.3]
BC[stage1_datasets_L40_stepsweep/bc_shift4_scale_0p8_1p2_steps20000_tr0]:  87%|████████▋ | 17357/20000 [06:59<00:52, 49.98it/s, acc=0.405, device=mps, eta=1m08s, loss=1.6714, sps=41.3]
BC[stage1_datasets_L40_stepsweep/bc_shift4_scale_0p8_1p2_steps20000_tr0]:  87%|████████▋ | 17364/20000 [07:00<01:08, 38.24it/s, acc=0.405, device=mps, eta=1m08s, loss=1.6714, sps=41.3]
BC[stage1_datasets_L40_stepsweep/bc_shift4_scale_0p8_1p2_steps20000_tr0]:  87%|████████▋ | 17372/20000 [07:00<00:58, 45.22it/s, acc=0.405, device=mps, eta=1m08s, loss=1.6714, sps=41.3]
BC[stage1_datasets_L40_stepsweep/bc_shift4_scale_0p8_1p2_steps20000_tr0]:  87%|████████▋ | 17380/20000 [07:00<00:50, 51.84it/s, acc=0.405, device=mps, eta=1m08s, loss=1.6714, sps=41.3]
BC[stage1_datasets_L40_stepsweep/bc_shift4_scale_0p8_1p2_steps20000_tr0]:  87%|████████▋ | 17387/20000 [07:00<01:07, 38.96it/s, acc=0.405, device=mps, eta=1m08s, loss=1.6714, sps=41.3]
BC[stage1_datasets_L40_stepsweep/bc_shift4_scale_0p8_1p2_steps20000_tr0]:  87%|████████▋ | 17395/20000 [07:00<00:56, 45.77it/s, acc=0.405, device=mps, eta=1m08s, loss=1.6714, sps=41.3]
BC[stage1_datasets_L40_stepsweep/bc_shift4_scale_0p8_1p2_steps20000_tr0]:  87%|████████▋ | 17395/20000 [07:00<00:56, 45.77it/s, acc=0.421, device=mps, eta=1m03s, loss=1.6259, sps=41.3]
BC[stage1_datasets_L40_stepsweep/bc_shift4_scale_0p8_1p2_steps20000_tr0]:  87%|████████▋ | 17401/20000 [07:01<01:13, 35.54it/s, acc=0.421, device=mps, eta=1m03s, loss=1.6259, sps=41.3]
BC[stage1_datasets_L40_stepsweep/bc_shift4_scale_0p8_1p2_steps20000_tr0]:  87%|████████▋ | 17409/20000 [07:01<01:00, 42.82it/s, acc=0.421, device=mps, eta=1m03s, loss=1.6259, sps=41.3]
BC[stage1_datasets_L40_stepsweep/bc_shift4_scale_0p8_1p2_steps20000_tr0]:  87%|████████▋ | 17417/20000 [07:01<00:51, 49.72it/s, acc=0.421, device=mps, eta=1m03s, loss=1.6259, sps=41.3]
BC[stage1_datasets_L40_stepsweep/bc_shift4_scale_0p8_1p2_steps20000_tr0]:  87%|████████▋ | 17424/20000 [07:01<01:07, 38.07it/s, acc=0.421, device=mps, eta=1m03s, loss=1.6259, sps=41.3]
BC[stage1_datasets_L40_stepsweep/bc_shift4_scale_0p8_1p2_steps20000_tr0]:  87%|████████▋ | 17432/20000 [07:01<00:56, 45.06it/s, acc=0.421, device=mps, eta=1m03s, loss=1.6259, sps=41.3]
BC[stage1_datasets_L40_stepsweep/bc_shift4_scale_0p8_1p2_steps20000_tr0]:  87%|████████▋ | 17440/20000 [07:01<00:49, 52.07it/s, acc=0.421, device=mps, eta=1m03s, loss=1.6259, sps=41.3]
BC[stage1_datasets_L40_stepsweep/bc_shift4_scale_0p8_1p2_steps20000_tr0]:  87%|████████▋ | 17447/20000 [07:02<01:05, 38.86it/s, acc=0.421, device=mps, eta=1m03s, loss=1.6259, sps=41.3]
BC[stage1_datasets_L40_stepsweep/bc_shift4_scale_0p8_1p2_steps20000_tr0]:  87%|████████▋ | 17455/20000 [07:02<00:55, 46.03it/s, acc=0.421, device=mps, eta=1m03s, loss=1.6259, sps=41.3]
BC[stage1_datasets_L40_stepsweep/bc_shift4_scale_0p8_1p2_steps20000_tr0]:  87%|████████▋ | 17461/20000 [07:02<01:10, 36.20it/s, acc=0.421, device=mps, eta=1m03s, loss=1.6259, sps=41.3]
BC[stage1_datasets_L40_stepsweep/bc_shift4_scale_0p8_1p2_steps20000_tr0]:  87%|████████▋ | 17467/20000 [07:02<01:03, 39.86it/s, acc=0.421, device=mps, eta=1m03s, loss=1.6259, sps=41.3]
BC[stage1_datasets_L40_stepsweep/bc_shift4_scale_0p8_1p2_steps20000_tr0]:  87%|████████▋ | 17473/20000 [07:02<00:57, 43.61it/s, acc=0.421, device=mps, eta=1m03s, loss=1.6259, sps=41.3]
BC[stage1_datasets_L40_stepsweep/bc_shift4_scale_0p8_1p2_steps20000_tr0]:  87%|████████▋ | 17480/20000 [07:02<00:52, 48.46it/s, acc=0.421, device=mps, eta=1m03s, loss=1.6259, sps=41.3]
BC[stage1_datasets_L40_stepsweep/bc_shift4_scale_0p8_1p2_steps20000_tr0]:  87%|████████▋ | 17486/20000 [07:03<01:12, 34.62it/s, acc=0.421, device=mps, eta=1m03s, loss=1.6259, sps=41.3]
BC[stage1_datasets_L40_stepsweep/bc_shift4_scale_0p8_1p2_steps20000_tr0]:  87%|████████▋ | 17492/20000 [07:03<01:04, 38.87it/s, acc=0.421, device=mps, eta=1m03s, loss=1.6259, sps=41.3]
BC[stage1_datasets_L40_stepsweep/bc_shift4_scale_0p8_1p2_steps20000_tr0]:  87%|████████▋ | 17499/20000 [07:03<00:55, 44.68it/s, acc=0.421, device=mps, eta=1m03s, loss=1.6259, sps=41.3]
BC[stage1_datasets_L40_stepsweep/bc_shift4_scale_0p8_1p2_steps20000_tr0]:  88%|████████▊ | 17505/20000 [07:03<01:13, 34.15it/s, acc=0.421, device=mps, eta=1m03s, loss=1.6259, sps=41.3]
BC[stage1_datasets_L40_stepsweep/bc_shift4_scale_0p8_1p2_steps20000_tr0]:  88%|████████▊ | 17513/20000 [07:03<00:58, 42.18it/s, acc=0.421, device=mps, eta=1m03s, loss=1.6259, sps=41.3]
BC[stage1_datasets_L40_stepsweep/bc_shift4_scale_0p8_1p2_steps20000_tr0]:  88%|████████▊ | 17521/20000 [07:04<01:10, 34.94it/s, acc=0.421, device=mps, eta=1m03s, loss=1.6259, sps=41.3]
BC[stage1_datasets_L40_stepsweep/bc_shift4_scale_0p8_1p2_steps20000_tr0]:  88%|████████▊ | 17529/20000 [07:04<00:58, 42.24it/s, acc=0.421, device=mps, eta=1m03s, loss=1.6259, sps=41.3]
BC[stage1_datasets_L40_stepsweep/bc_shift4_scale_0p8_1p2_steps20000_tr0]:  88%|████████▊ | 17537/20000 [07:04<00:50, 48.73it/s, acc=0.421, device=mps, eta=1m03s, loss=1.6259, sps=41.3]
BC[stage1_datasets_L40_stepsweep/bc_shift4_scale_0p8_1p2_steps20000_tr0]:  88%|████████▊ | 17543/20000 [07:04<01:06, 36.96it/s, acc=0.421, device=mps, eta=1m03s, loss=1.6259, sps=41.3]
BC[stage1_datasets_L40_stepsweep/bc_shift4_scale_0p8_1p2_steps20000_tr0]:  88%|████████▊ | 17551/20000 [07:04<00:54, 44.56it/s, acc=0.421, device=mps, eta=1m03s, loss=1.6259, sps=41.3]
BC[stage1_datasets_L40_stepsweep/bc_shift4_scale_0p8_1p2_steps20000_tr0]:  88%|████████▊ | 17559/20000 [07:04<00:47, 51.54it/s, acc=0.421, device=mps, eta=1m03s, loss=1.6259, sps=41.3]
BC[stage1_datasets_L40_stepsweep/bc_shift4_scale_0p8_1p2_steps20000_tr0]:  88%|████████▊ | 17566/20000 [07:05<01:05, 37.08it/s, acc=0.421, device=mps, eta=1m03s, loss=1.6259, sps=41.3]
BC[stage1_datasets_L40_stepsweep/bc_shift4_scale_0p8_1p2_steps20000_tr0]:  88%|████████▊ | 17572/20000 [07:05<00:59, 40.67it/s, acc=0.421, device=mps, eta=1m03s, loss=1.6259, sps=41.3]
BC[stage1_datasets_L40_stepsweep/bc_shift4_scale_0p8_1p2_steps20000_tr0]:  88%|████████▊ | 17579/20000 [07:05<00:53, 45.59it/s, acc=0.421, device=mps, eta=1m03s, loss=1.6259, sps=41.3]
BC[stage1_datasets_L40_stepsweep/bc_shift4_scale_0p8_1p2_steps20000_tr0]:  88%|████████▊ | 17585/20000 [07:05<01:09, 34.98it/s, acc=0.421, device=mps, eta=1m03s, loss=1.6259, sps=41.3]
BC[stage1_datasets_L40_stepsweep/bc_shift4_scale_0p8_1p2_steps20000_tr0]:  88%|████████▊ | 17593/20000 [07:05<00:56, 42.74it/s, acc=0.421, device=mps, eta=1m03s, loss=1.6259, sps=41.3]
BC[stage1_datasets_L40_stepsweep/bc_shift4_scale_0p8_1p2_steps20000_tr0]:  88%|████████▊ | 17593/20000 [07:05<00:56, 42.74it/s, acc=0.414, device=mps, eta=58s, loss=1.6452, sps=41.3]  
BC[stage1_datasets_L40_stepsweep/bc_shift4_scale_0p8_1p2_steps20000_tr0]:  88%|████████▊ | 17601/20000 [07:05<01:07, 35.33it/s, acc=0.414, device=mps, eta=58s, loss=1.6452, sps=41.3]
BC[stage1_datasets_L40_stepsweep/bc_shift4_scale_0p8_1p2_steps20000_tr0]:  88%|████████▊ | 17609/20000 [07:06<00:56, 42.57it/s, acc=0.414, device=mps, eta=58s, loss=1.6452, sps=41.3]
BC[stage1_datasets_L40_stepsweep/bc_shift4_scale_0p8_1p2_steps20000_tr0]:  88%|████████▊ | 17617/20000 [07:06<00:48, 49.12it/s, acc=0.414, device=mps, eta=58s, loss=1.6452, sps=41.3]
BC[stage1_datasets_L40_stepsweep/bc_shift4_scale_0p8_1p2_steps20000_tr0]:  88%|████████▊ | 17624/20000 [07:06<01:02, 37.85it/s, acc=0.414, device=mps, eta=58s, loss=1.6452, sps=41.3]
BC[stage1_datasets_L40_stepsweep/bc_shift4_scale_0p8_1p2_steps20000_tr0]:  88%|████████▊ | 17632/20000 [07:06<00:52, 44.92it/s, acc=0.414, device=mps, eta=58s, loss=1.6452, sps=41.3]
BC[stage1_datasets_L40_stepsweep/bc_shift4_scale_0p8_1p2_steps20000_tr0]:  88%|████████▊ | 17640/20000 [07:06<00:45, 51.80it/s, acc=0.414, device=mps, eta=58s, loss=1.6452, sps=41.3]
BC[stage1_datasets_L40_stepsweep/bc_shift4_scale_0p8_1p2_steps20000_tr0]:  88%|████████▊ | 17647/20000 [07:06<01:00, 38.86it/s, acc=0.414, device=mps, eta=58s, loss=1.6452, sps=41.3]
BC[stage1_datasets_L40_stepsweep/bc_shift4_scale_0p8_1p2_steps20000_tr0]:  88%|████████▊ | 17655/20000 [07:07<00:51, 45.83it/s, acc=0.414, device=mps, eta=58s, loss=1.6452, sps=41.3]
BC[stage1_datasets_L40_stepsweep/bc_shift4_scale_0p8_1p2_steps20000_tr0]:  88%|████████▊ | 17661/20000 [07:07<01:05, 35.45it/s, acc=0.414, device=mps, eta=58s, loss=1.6452, sps=41.3]
BC[stage1_datasets_L40_stepsweep/bc_shift4_scale_0p8_1p2_steps20000_tr0]:  88%|████████▊ | 17669/20000 [07:07<00:54, 42.78it/s, acc=0.414, device=mps, eta=58s, loss=1.6452, sps=41.3]
BC[stage1_datasets_L40_stepsweep/bc_shift4_scale_0p8_1p2_steps20000_tr0]:  88%|████████▊ | 17677/20000 [07:07<00:46, 49.53it/s, acc=0.414, device=mps, eta=58s, loss=1.6452, sps=41.3]
BC[stage1_datasets_L40_stepsweep/bc_shift4_scale_0p8_1p2_steps20000_tr0]:  88%|████████▊ | 17684/20000 [07:07<01:00, 38.04it/s, acc=0.414, device=mps, eta=58s, loss=1.6452, sps=41.3]
BC[stage1_datasets_L40_stepsweep/bc_shift4_scale_0p8_1p2_steps20000_tr0]:  88%|████████▊ | 17692/20000 [07:07<00:51, 45.11it/s, acc=0.414, device=mps, eta=58s, loss=1.6452, sps=41.3]
BC[stage1_datasets_L40_stepsweep/bc_shift4_scale_0p8_1p2_steps20000_tr0]:  88%|████████▊ | 17700/20000 [07:08<00:44, 51.95it/s, acc=0.414, device=mps, eta=58s, loss=1.6452, sps=41.3]
BC[stage1_datasets_L40_stepsweep/bc_shift4_scale_0p8_1p2_steps20000_tr0]:  89%|████████▊ | 17707/20000 [07:08<00:59, 38.86it/s, acc=0.414, device=mps, eta=58s, loss=1.6452, sps=41.3]
BC[stage1_datasets_L40_stepsweep/bc_shift4_scale_0p8_1p2_steps20000_tr0]:  89%|████████▊ | 17715/20000 [07:08<00:50, 45.68it/s, acc=0.414, device=mps, eta=58s, loss=1.6452, sps=41.3]
BC[stage1_datasets_L40_stepsweep/bc_shift4_scale_0p8_1p2_steps20000_tr0]:  89%|████████▊ | 17721/20000 [07:08<01:04, 35.41it/s, acc=0.414, device=mps, eta=58s, loss=1.6452, sps=41.3]
BC[stage1_datasets_L40_stepsweep/bc_shift4_scale_0p8_1p2_steps20000_tr0]:  89%|████████▊ | 17729/20000 [07:08<00:53, 42.83it/s, acc=0.414, device=mps, eta=58s, loss=1.6452, sps=41.3]
BC[stage1_datasets_L40_stepsweep/bc_shift4_scale_0p8_1p2_steps20000_tr0]:  89%|████████▊ | 17737/20000 [07:08<00:45, 49.69it/s, acc=0.414, device=mps, eta=58s, loss=1.6452, sps=41.3]
BC[stage1_datasets_L40_stepsweep/bc_shift4_scale_0p8_1p2_steps20000_tr0]:  89%|████████▊ | 17744/20000 [07:09<00:59, 37.96it/s, acc=0.414, device=mps, eta=58s, loss=1.6452, sps=41.3]
BC[stage1_datasets_L40_stepsweep/bc_shift4_scale_0p8_1p2_steps20000_tr0]:  89%|████████▉ | 17752/20000 [07:09<00:49, 45.07it/s, acc=0.414, device=mps, eta=58s, loss=1.6452, sps=41.3]
BC[stage1_datasets_L40_stepsweep/bc_shift4_scale_0p8_1p2_steps20000_tr0]:  89%|████████▉ | 17760/20000 [07:09<00:42, 52.10it/s, acc=0.414, device=mps, eta=58s, loss=1.6452, sps=41.3]
BC[stage1_datasets_L40_stepsweep/bc_shift4_scale_0p8_1p2_steps20000_tr0]:  89%|████████▉ | 17767/20000 [07:09<00:57, 38.95it/s, acc=0.414, device=mps, eta=58s, loss=1.6452, sps=41.3]
BC[stage1_datasets_L40_stepsweep/bc_shift4_scale_0p8_1p2_steps20000_tr0]:  89%|████████▉ | 17775/20000 [07:09<00:48, 45.92it/s, acc=0.414, device=mps, eta=58s, loss=1.6452, sps=41.3]
BC[stage1_datasets_L40_stepsweep/bc_shift4_scale_0p8_1p2_steps20000_tr0]:  89%|████████▉ | 17781/20000 [07:10<01:02, 35.53it/s, acc=0.414, device=mps, eta=58s, loss=1.6452, sps=41.3]
BC[stage1_datasets_L40_stepsweep/bc_shift4_scale_0p8_1p2_steps20000_tr0]:  89%|████████▉ | 17787/20000 [07:10<00:56, 39.43it/s, acc=0.414, device=mps, eta=58s, loss=1.6452, sps=41.3]
BC[stage1_datasets_L40_stepsweep/bc_shift4_scale_0p8_1p2_steps20000_tr0]:  89%|████████▉ | 17793/20000 [07:10<00:52, 42.43it/s, acc=0.414, device=mps, eta=58s, loss=1.6452, sps=41.3]
BC[stage1_datasets_L40_stepsweep/bc_shift4_scale_0p8_1p2_steps20000_tr0]:  89%|████████▉ | 17793/20000 [07:10<00:52, 42.43it/s, acc=0.432, device=mps, eta=53s, loss=1.5966, sps=41.3]
BC[stage1_datasets_L40_stepsweep/bc_shift4_scale_0p8_1p2_steps20000_tr0]:  89%|████████▉ | 17800/20000 [07:10<00:46, 47.73it/s, acc=0.432, device=mps, eta=53s, loss=1.5966, sps=41.3]
BC[stage1_datasets_L40_stepsweep/bc_shift4_scale_0p8_1p2_steps20000_tr0]:  89%|████████▉ | 17806/20000 [07:10<01:02, 35.16it/s, acc=0.432, device=mps, eta=53s, loss=1.5966, sps=41.3]
BC[stage1_datasets_L40_stepsweep/bc_shift4_scale_0p8_1p2_steps20000_tr0]:  89%|████████▉ | 17812/20000 [07:10<00:55, 39.47it/s, acc=0.432, device=mps, eta=53s, loss=1.5966, sps=41.3]
BC[stage1_datasets_L40_stepsweep/bc_shift4_scale_0p8_1p2_steps20000_tr0]:  89%|████████▉ | 17819/20000 [07:10<00:48, 45.18it/s, acc=0.432, device=mps, eta=53s, loss=1.5966, sps=41.3]
BC[stage1_datasets_L40_stepsweep/bc_shift4_scale_0p8_1p2_steps20000_tr0]:  89%|████████▉ | 17825/20000 [07:11<01:03, 34.44it/s, acc=0.432, device=mps, eta=53s, loss=1.5966, sps=41.3]
BC[stage1_datasets_L40_stepsweep/bc_shift4_scale_0p8_1p2_steps20000_tr0]:  89%|████████▉ | 17833/20000 [07:11<00:50, 42.52it/s, acc=0.432, device=mps, eta=53s, loss=1.5966, sps=41.3]
BC[stage1_datasets_L40_stepsweep/bc_shift4_scale_0p8_1p2_steps20000_tr0]:  89%|████████▉ | 17841/20000 [07:11<01:01, 35.17it/s, acc=0.432, device=mps, eta=53s, loss=1.5966, sps=41.3]
BC[stage1_datasets_L40_stepsweep/bc_shift4_scale_0p8_1p2_steps20000_tr0]:  89%|████████▉ | 17849/20000 [07:11<00:51, 41.71it/s, acc=0.432, device=mps, eta=53s, loss=1.5966, sps=41.3]
BC[stage1_datasets_L40_stepsweep/bc_shift4_scale_0p8_1p2_steps20000_tr0]:  89%|████████▉ | 17855/20000 [07:11<00:48, 44.18it/s, acc=0.432, device=mps, eta=53s, loss=1.5966, sps=41.3]
BC[stage1_datasets_L40_stepsweep/bc_shift4_scale_0p8_1p2_steps20000_tr0]:  89%|████████▉ | 17861/20000 [07:12<01:04, 33.01it/s, acc=0.432, device=mps, eta=53s, loss=1.5966, sps=41.3]
BC[stage1_datasets_L40_stepsweep/bc_shift4_scale_0p8_1p2_steps20000_tr0]:  89%|████████▉ | 17869/20000 [07:12<00:52, 40.77it/s, acc=0.432, device=mps, eta=53s, loss=1.5966, sps=41.3]
BC[stage1_datasets_L40_stepsweep/bc_shift4_scale_0p8_1p2_steps20000_tr0]:  89%|████████▉ | 17877/20000 [07:12<00:44, 47.75it/s, acc=0.432, device=mps, eta=53s, loss=1.5966, sps=41.3]
BC[stage1_datasets_L40_stepsweep/bc_shift4_scale_0p8_1p2_steps20000_tr0]:  89%|████████▉ | 17883/20000 [07:12<00:58, 36.21it/s, acc=0.432, device=mps, eta=53s, loss=1.5966, sps=41.3]
BC[stage1_datasets_L40_stepsweep/bc_shift4_scale_0p8_1p2_steps20000_tr0]:  89%|████████▉ | 17891/20000 [07:12<00:48, 43.77it/s, acc=0.432, device=mps, eta=53s, loss=1.5966, sps=41.3]
BC[stage1_datasets_L40_stepsweep/bc_shift4_scale_0p8_1p2_steps20000_tr0]:  89%|████████▉ | 17899/20000 [07:12<00:41, 50.36it/s, acc=0.432, device=mps, eta=53s, loss=1.5966, sps=41.3]
BC[stage1_datasets_L40_stepsweep/bc_shift4_scale_0p8_1p2_steps20000_tr0]:  90%|████████▉ | 17906/20000 [07:13<00:54, 38.36it/s, acc=0.432, device=mps, eta=53s, loss=1.5966, sps=41.3]
BC[stage1_datasets_L40_stepsweep/bc_shift4_scale_0p8_1p2_steps20000_tr0]:  90%|████████▉ | 17914/20000 [07:13<00:45, 45.35it/s, acc=0.432, device=mps, eta=53s, loss=1.5966, sps=41.3]
BC[stage1_datasets_L40_stepsweep/bc_shift4_scale_0p8_1p2_steps20000_tr0]:  90%|████████▉ | 17921/20000 [07:13<00:57, 36.11it/s, acc=0.432, device=mps, eta=53s, loss=1.5966, sps=41.3]
BC[stage1_datasets_L40_stepsweep/bc_shift4_scale_0p8_1p2_steps20000_tr0]:  90%|████████▉ | 17929/20000 [07:13<00:47, 43.32it/s, acc=0.432, device=mps, eta=53s, loss=1.5966, sps=41.3]
BC[stage1_datasets_L40_stepsweep/bc_shift4_scale_0p8_1p2_steps20000_tr0]:  90%|████████▉ | 17937/20000 [07:13<00:41, 50.01it/s, acc=0.432, device=mps, eta=53s, loss=1.5966, sps=41.3]
BC[stage1_datasets_L40_stepsweep/bc_shift4_scale_0p8_1p2_steps20000_tr0]:  90%|████████▉ | 17944/20000 [07:14<00:53, 38.18it/s, acc=0.432, device=mps, eta=53s, loss=1.5966, sps=41.3]
BC[stage1_datasets_L40_stepsweep/bc_shift4_scale_0p8_1p2_steps20000_tr0]:  90%|████████▉ | 17952/20000 [07:14<00:45, 45.28it/s, acc=0.432, device=mps, eta=53s, loss=1.5966, sps=41.3]
BC[stage1_datasets_L40_stepsweep/bc_shift4_scale_0p8_1p2_steps20000_tr0]:  90%|████████▉ | 17961/20000 [07:14<00:54, 37.60it/s, acc=0.432, device=mps, eta=53s, loss=1.5966, sps=41.3]
BC[stage1_datasets_L40_stepsweep/bc_shift4_scale_0p8_1p2_steps20000_tr0]:  90%|████████▉ | 17969/20000 [07:14<00:46, 43.73it/s, acc=0.432, device=mps, eta=53s, loss=1.5966, sps=41.3]
BC[stage1_datasets_L40_stepsweep/bc_shift4_scale_0p8_1p2_steps20000_tr0]:  90%|████████▉ | 17975/20000 [07:14<00:44, 45.17it/s, acc=0.432, device=mps, eta=53s, loss=1.5966, sps=41.3]
BC[stage1_datasets_L40_stepsweep/bc_shift4_scale_0p8_1p2_steps20000_tr0]:  90%|████████▉ | 17981/20000 [07:15<00:59, 33.96it/s, acc=0.432, device=mps, eta=53s, loss=1.5966, sps=41.3]
BC[stage1_datasets_L40_stepsweep/bc_shift4_scale_0p8_1p2_steps20000_tr0]:  90%|████████▉ | 17989/20000 [07:15<00:48, 41.61it/s, acc=0.432, device=mps, eta=53s, loss=1.5966, sps=41.3]
BC[stage1_datasets_L40_stepsweep/bc_shift4_scale_0p8_1p2_steps20000_tr0]:  90%|████████▉ | 17997/20000 [07:15<00:40, 48.89it/s, acc=0.432, device=mps, eta=53s, loss=1.5966, sps=41.3]
BC[stage1_datasets_L40_stepsweep/bc_shift4_scale_0p8_1p2_steps20000_tr0]:  90%|████████▉ | 17997/20000 [07:15<00:40, 48.89it/s, acc=0.414, device=mps, eta=48s, loss=1.6370, sps=41.3]
BC[stage1_datasets_L40_stepsweep/bc_shift4_scale_0p8_1p2_steps20000_tr0]:  90%|█████████ | 18004/20000 [07:15<00:52, 38.02it/s, acc=0.414, device=mps, eta=48s, loss=1.6370, sps=41.3]
BC[stage1_datasets_L40_stepsweep/bc_shift4_scale_0p8_1p2_steps20000_tr0]:  90%|█████████ | 18012/20000 [07:15<00:44, 45.05it/s, acc=0.414, device=mps, eta=48s, loss=1.6370, sps=41.3]
BC[stage1_datasets_L40_stepsweep/bc_shift4_scale_0p8_1p2_steps20000_tr0]:  90%|█████████ | 18021/20000 [07:15<00:52, 37.57it/s, acc=0.414, device=mps, eta=48s, loss=1.6370, sps=41.3]
BC[stage1_datasets_L40_stepsweep/bc_shift4_scale_0p8_1p2_steps20000_tr0]:  90%|█████████ | 18029/20000 [07:16<00:44, 44.20it/s, acc=0.414, device=mps, eta=48s, loss=1.6370, sps=41.3]
BC[stage1_datasets_L40_stepsweep/bc_shift4_scale_0p8_1p2_steps20000_tr0]:  90%|█████████ | 18037/20000 [07:16<00:38, 50.48it/s, acc=0.414, device=mps, eta=48s, loss=1.6370, sps=41.3]
BC[stage1_datasets_L40_stepsweep/bc_shift4_scale_0p8_1p2_steps20000_tr0]:  90%|█████████ | 18044/20000 [07:16<00:50, 38.68it/s, acc=0.414, device=mps, eta=48s, loss=1.6370, sps=41.3]
BC[stage1_datasets_L40_stepsweep/bc_shift4_scale_0p8_1p2_steps20000_tr0]:  90%|█████████ | 18052/20000 [07:16<00:42, 45.47it/s, acc=0.414, device=mps, eta=48s, loss=1.6370, sps=41.3]
BC[stage1_datasets_L40_stepsweep/bc_shift4_scale_0p8_1p2_steps20000_tr0]:  90%|█████████ | 18061/20000 [07:16<00:51, 37.76it/s, acc=0.414, device=mps, eta=48s, loss=1.6370, sps=41.3]
BC[stage1_datasets_L40_stepsweep/bc_shift4_scale_0p8_1p2_steps20000_tr0]:  90%|█████████ | 18069/20000 [07:17<00:43, 44.31it/s, acc=0.414, device=mps, eta=48s, loss=1.6370, sps=41.3]
BC[stage1_datasets_L40_stepsweep/bc_shift4_scale_0p8_1p2_steps20000_tr0]:  90%|█████████ | 18077/20000 [07:17<00:38, 50.45it/s, acc=0.414, device=mps, eta=48s, loss=1.6370, sps=41.3]
BC[stage1_datasets_L40_stepsweep/bc_shift4_scale_0p8_1p2_steps20000_tr0]:  90%|█████████ | 18084/20000 [07:17<00:49, 38.71it/s, acc=0.414, device=mps, eta=48s, loss=1.6370, sps=41.3]
BC[stage1_datasets_L40_stepsweep/bc_shift4_scale_0p8_1p2_steps20000_tr0]:  90%|█████████ | 18092/20000 [07:17<00:41, 45.47it/s, acc=0.414, device=mps, eta=48s, loss=1.6370, sps=41.3]
BC[stage1_datasets_L40_stepsweep/bc_shift4_scale_0p8_1p2_steps20000_tr0]:  91%|█████████ | 18101/20000 [07:17<00:50, 37.80it/s, acc=0.414, device=mps, eta=48s, loss=1.6370, sps=41.3]
BC[stage1_datasets_L40_stepsweep/bc_shift4_scale_0p8_1p2_steps20000_tr0]:  91%|█████████ | 18109/20000 [07:17<00:42, 44.41it/s, acc=0.414, device=mps, eta=48s, loss=1.6370, sps=41.3]
BC[stage1_datasets_L40_stepsweep/bc_shift4_scale_0p8_1p2_steps20000_tr0]:  91%|█████████ | 18117/20000 [07:18<00:37, 50.49it/s, acc=0.414, device=mps, eta=48s, loss=1.6370, sps=41.3]
BC[stage1_datasets_L40_stepsweep/bc_shift4_scale_0p8_1p2_steps20000_tr0]:  91%|█████████ | 18124/20000 [07:18<00:48, 38.73it/s, acc=0.414, device=mps, eta=48s, loss=1.6370, sps=41.3]
BC[stage1_datasets_L40_stepsweep/bc_shift4_scale_0p8_1p2_steps20000_tr0]:  91%|█████████ | 18132/20000 [07:18<00:40, 45.58it/s, acc=0.414, device=mps, eta=48s, loss=1.6370, sps=41.3]
BC[stage1_datasets_L40_stepsweep/bc_shift4_scale_0p8_1p2_steps20000_tr0]:  91%|█████████ | 18140/20000 [07:18<00:35, 52.17it/s, acc=0.414, device=mps, eta=48s, loss=1.6370, sps=41.3]
BC[stage1_datasets_L40_stepsweep/bc_shift4_scale_0p8_1p2_steps20000_tr0]:  91%|█████████ | 18147/20000 [07:18<00:47, 39.08it/s, acc=0.414, device=mps, eta=48s, loss=1.6370, sps=41.3]
BC[stage1_datasets_L40_stepsweep/bc_shift4_scale_0p8_1p2_steps20000_tr0]:  91%|█████████ | 18155/20000 [07:18<00:40, 45.81it/s, acc=0.414, device=mps, eta=48s, loss=1.6370, sps=41.3]
BC[stage1_datasets_L40_stepsweep/bc_shift4_scale_0p8_1p2_steps20000_tr0]:  91%|█████████ | 18161/20000 [07:19<00:51, 35.56it/s, acc=0.414, device=mps, eta=48s, loss=1.6370, sps=41.3]
BC[stage1_datasets_L40_stepsweep/bc_shift4_scale_0p8_1p2_steps20000_tr0]:  91%|█████████ | 18169/20000 [07:19<00:42, 42.86it/s, acc=0.414, device=mps, eta=48s, loss=1.6370, sps=41.3]
BC[stage1_datasets_L40_stepsweep/bc_shift4_scale_0p8_1p2_steps20000_tr0]:  91%|█████████ | 18177/20000 [07:19<00:36, 49.82it/s, acc=0.414, device=mps, eta=48s, loss=1.6370, sps=41.3]
BC[stage1_datasets_L40_stepsweep/bc_shift4_scale_0p8_1p2_steps20000_tr0]:  91%|█████████ | 18184/20000 [07:19<00:47, 37.89it/s, acc=0.414, device=mps, eta=48s, loss=1.6370, sps=41.3]
BC[stage1_datasets_L40_stepsweep/bc_shift4_scale_0p8_1p2_steps20000_tr0]:  91%|█████████ | 18190/20000 [07:19<00:44, 41.03it/s, acc=0.414, device=mps, eta=48s, loss=1.6370, sps=41.3]
BC[stage1_datasets_L40_stepsweep/bc_shift4_scale_0p8_1p2_steps20000_tr0]:  91%|█████████ | 18197/20000 [07:19<00:39, 45.97it/s, acc=0.414, device=mps, eta=48s, loss=1.6370, sps=41.3]
BC[stage1_datasets_L40_stepsweep/bc_shift4_scale_0p8_1p2_steps20000_tr0]:  91%|█████████ | 18197/20000 [07:20<00:39, 45.97it/s, acc=0.440, device=mps, eta=44s, loss=1.5758, sps=41.4]
BC[stage1_datasets_L40_stepsweep/bc_shift4_scale_0p8_1p2_steps20000_tr0]:  91%|█████████ | 18203/20000 [07:20<00:51, 35.02it/s, acc=0.440, device=mps, eta=44s, loss=1.5758, sps=41.4]
BC[stage1_datasets_L40_stepsweep/bc_shift4_scale_0p8_1p2_steps20000_tr0]:  91%|█████████ | 18211/20000 [07:20<00:41, 42.83it/s, acc=0.440, device=mps, eta=44s, loss=1.5758, sps=41.4]
BC[stage1_datasets_L40_stepsweep/bc_shift4_scale_0p8_1p2_steps20000_tr0]:  91%|█████████ | 18219/20000 [07:20<00:35, 49.60it/s, acc=0.440, device=mps, eta=44s, loss=1.5758, sps=41.4]
BC[stage1_datasets_L40_stepsweep/bc_shift4_scale_0p8_1p2_steps20000_tr0]:  91%|█████████ | 18226/20000 [07:20<00:46, 37.99it/s, acc=0.440, device=mps, eta=44s, loss=1.5758, sps=41.4]
BC[stage1_datasets_L40_stepsweep/bc_shift4_scale_0p8_1p2_steps20000_tr0]:  91%|█████████ | 18234/20000 [07:20<00:38, 45.41it/s, acc=0.440, device=mps, eta=44s, loss=1.5758, sps=41.4]
BC[stage1_datasets_L40_stepsweep/bc_shift4_scale_0p8_1p2_steps20000_tr0]:  91%|█████████ | 18241/20000 [07:21<00:48, 36.04it/s, acc=0.440, device=mps, eta=44s, loss=1.5758, sps=41.4]
BC[stage1_datasets_L40_stepsweep/bc_shift4_scale_0p8_1p2_steps20000_tr0]:  91%|█████████ | 18248/20000 [07:21<00:43, 40.50it/s, acc=0.440, device=mps, eta=44s, loss=1.5758, sps=41.4]
BC[stage1_datasets_L40_stepsweep/bc_shift4_scale_0p8_1p2_steps20000_tr0]:  91%|█████████▏| 18254/20000 [07:21<00:40, 43.04it/s, acc=0.440, device=mps, eta=44s, loss=1.5758, sps=41.4]
BC[stage1_datasets_L40_stepsweep/bc_shift4_scale_0p8_1p2_steps20000_tr0]:  91%|█████████▏| 18261/20000 [07:21<00:51, 33.49it/s, acc=0.440, device=mps, eta=44s, loss=1.5758, sps=41.4]
BC[stage1_datasets_L40_stepsweep/bc_shift4_scale_0p8_1p2_steps20000_tr0]:  91%|█████████▏| 18266/20000 [07:21<00:48, 36.06it/s, acc=0.440, device=mps, eta=44s, loss=1.5758, sps=41.4]
BC[stage1_datasets_L40_stepsweep/bc_shift4_scale_0p8_1p2_steps20000_tr0]:  91%|█████████▏| 18272/20000 [07:21<00:42, 40.32it/s, acc=0.440, device=mps, eta=44s, loss=1.5758, sps=41.4]
BC[stage1_datasets_L40_stepsweep/bc_shift4_scale_0p8_1p2_steps20000_tr0]:  91%|█████████▏| 18279/20000 [07:22<00:37, 45.97it/s, acc=0.440, device=mps, eta=44s, loss=1.5758, sps=41.4]
BC[stage1_datasets_L40_stepsweep/bc_shift4_scale_0p8_1p2_steps20000_tr0]:  91%|█████████▏| 18285/20000 [07:22<00:50, 34.16it/s, acc=0.440, device=mps, eta=44s, loss=1.5758, sps=41.4]
BC[stage1_datasets_L40_stepsweep/bc_shift4_scale_0p8_1p2_steps20000_tr0]:  91%|█████████▏| 18291/20000 [07:22<00:44, 37.99it/s, acc=0.440, device=mps, eta=44s, loss=1.5758, sps=41.4]
BC[stage1_datasets_L40_stepsweep/bc_shift4_scale_0p8_1p2_steps20000_tr0]:  91%|█████████▏| 18297/20000 [07:22<00:40, 41.86it/s, acc=0.440, device=mps, eta=44s, loss=1.5758, sps=41.4]
BC[stage1_datasets_L40_stepsweep/bc_shift4_scale_0p8_1p2_steps20000_tr0]:  92%|█████████▏| 18302/20000 [07:22<00:55, 30.67it/s, acc=0.440, device=mps, eta=44s, loss=1.5758, sps=41.4]
BC[stage1_datasets_L40_stepsweep/bc_shift4_scale_0p8_1p2_steps20000_tr0]:  92%|█████████▏| 18307/20000 [07:22<00:49, 34.12it/s, acc=0.440, device=mps, eta=44s, loss=1.5758, sps=41.4]
BC[stage1_datasets_L40_stepsweep/bc_shift4_scale_0p8_1p2_steps20000_tr0]:  92%|█████████▏| 18314/20000 [07:23<00:41, 40.56it/s, acc=0.440, device=mps, eta=44s, loss=1.5758, sps=41.4]
BC[stage1_datasets_L40_stepsweep/bc_shift4_scale_0p8_1p2_steps20000_tr0]:  92%|█████████▏| 18321/20000 [07:23<00:51, 32.39it/s, acc=0.440, device=mps, eta=44s, loss=1.5758, sps=41.4]
BC[stage1_datasets_L40_stepsweep/bc_shift4_scale_0p8_1p2_steps20000_tr0]:  92%|█████████▏| 18329/20000 [07:23<00:42, 39.75it/s, acc=0.440, device=mps, eta=44s, loss=1.5758, sps=41.4]
BC[stage1_datasets_L40_stepsweep/bc_shift4_scale_0p8_1p2_steps20000_tr0]:  92%|█████████▏| 18336/20000 [07:23<00:37, 44.52it/s, acc=0.440, device=mps, eta=44s, loss=1.5758, sps=41.4]
BC[stage1_datasets_L40_stepsweep/bc_shift4_scale_0p8_1p2_steps20000_tr0]:  92%|█████████▏| 18342/20000 [07:23<00:48, 34.10it/s, acc=0.440, device=mps, eta=44s, loss=1.5758, sps=41.4]
BC[stage1_datasets_L40_stepsweep/bc_shift4_scale_0p8_1p2_steps20000_tr0]:  92%|█████████▏| 18350/20000 [07:23<00:39, 41.93it/s, acc=0.440, device=mps, eta=44s, loss=1.5758, sps=41.4]
BC[stage1_datasets_L40_stepsweep/bc_shift4_scale_0p8_1p2_steps20000_tr0]:  92%|█████████▏| 18358/20000 [07:24<00:33, 49.03it/s, acc=0.440, device=mps, eta=44s, loss=1.5758, sps=41.4]
BC[stage1_datasets_L40_stepsweep/bc_shift4_scale_0p8_1p2_steps20000_tr0]:  92%|█████████▏| 18364/20000 [07:24<00:44, 36.83it/s, acc=0.440, device=mps, eta=44s, loss=1.5758, sps=41.4]
BC[stage1_datasets_L40_stepsweep/bc_shift4_scale_0p8_1p2_steps20000_tr0]:  92%|█████████▏| 18372/20000 [07:24<00:36, 44.38it/s, acc=0.440, device=mps, eta=44s, loss=1.5758, sps=41.4]
BC[stage1_datasets_L40_stepsweep/bc_shift4_scale_0p8_1p2_steps20000_tr0]:  92%|█████████▏| 18381/20000 [07:24<00:43, 36.93it/s, acc=0.440, device=mps, eta=44s, loss=1.5758, sps=41.4]
BC[stage1_datasets_L40_stepsweep/bc_shift4_scale_0p8_1p2_steps20000_tr0]:  92%|█████████▏| 18389/20000 [07:24<00:36, 44.04it/s, acc=0.440, device=mps, eta=44s, loss=1.5758, sps=41.4]
BC[stage1_datasets_L40_stepsweep/bc_shift4_scale_0p8_1p2_steps20000_tr0]:  92%|█████████▏| 18397/20000 [07:24<00:31, 50.81it/s, acc=0.440, device=mps, eta=44s, loss=1.5758, sps=41.4]
BC[stage1_datasets_L40_stepsweep/bc_shift4_scale_0p8_1p2_steps20000_tr0]:  92%|█████████▏| 18397/20000 [07:25<00:31, 50.81it/s, acc=0.416, device=mps, eta=39s, loss=1.6270, sps=41.3]
BC[stage1_datasets_L40_stepsweep/bc_shift4_scale_0p8_1p2_steps20000_tr0]:  92%|█████████▏| 18404/20000 [07:25<00:40, 39.09it/s, acc=0.416, device=mps, eta=39s, loss=1.6270, sps=41.3]
BC[stage1_datasets_L40_stepsweep/bc_shift4_scale_0p8_1p2_steps20000_tr0]:  92%|█████████▏| 18412/20000 [07:25<00:34, 45.95it/s, acc=0.416, device=mps, eta=39s, loss=1.6270, sps=41.3]
BC[stage1_datasets_L40_stepsweep/bc_shift4_scale_0p8_1p2_steps20000_tr0]:  92%|█████████▏| 18420/20000 [07:25<00:29, 52.85it/s, acc=0.416, device=mps, eta=39s, loss=1.6270, sps=41.3]
BC[stage1_datasets_L40_stepsweep/bc_shift4_scale_0p8_1p2_steps20000_tr0]:  92%|█████████▏| 18427/20000 [07:25<00:39, 39.36it/s, acc=0.416, device=mps, eta=39s, loss=1.6270, sps=41.3]
BC[stage1_datasets_L40_stepsweep/bc_shift4_scale_0p8_1p2_steps20000_tr0]:  92%|█████████▏| 18435/20000 [07:25<00:33, 46.20it/s, acc=0.416, device=mps, eta=39s, loss=1.6270, sps=41.3]
BC[stage1_datasets_L40_stepsweep/bc_shift4_scale_0p8_1p2_steps20000_tr0]:  92%|█████████▏| 18441/20000 [07:26<00:43, 35.69it/s, acc=0.416, device=mps, eta=39s, loss=1.6270, sps=41.3]
BC[stage1_datasets_L40_stepsweep/bc_shift4_scale_0p8_1p2_steps20000_tr0]:  92%|█████████▏| 18449/20000 [07:26<00:35, 43.09it/s, acc=0.416, device=mps, eta=39s, loss=1.6270, sps=41.3]
BC[stage1_datasets_L40_stepsweep/bc_shift4_scale_0p8_1p2_steps20000_tr0]:  92%|█████████▏| 18457/20000 [07:26<00:30, 49.90it/s, acc=0.416, device=mps, eta=39s, loss=1.6270, sps=41.3]
BC[stage1_datasets_L40_stepsweep/bc_shift4_scale_0p8_1p2_steps20000_tr0]:  92%|█████████▏| 18464/20000 [07:26<00:40, 37.60it/s, acc=0.416, device=mps, eta=39s, loss=1.6270, sps=41.3]
BC[stage1_datasets_L40_stepsweep/bc_shift4_scale_0p8_1p2_steps20000_tr0]:  92%|█████████▏| 18471/20000 [07:26<00:35, 42.88it/s, acc=0.416, device=mps, eta=39s, loss=1.6270, sps=41.3]
BC[stage1_datasets_L40_stepsweep/bc_shift4_scale_0p8_1p2_steps20000_tr0]:  92%|█████████▏| 18477/20000 [07:26<00:33, 45.36it/s, acc=0.416, device=mps, eta=39s, loss=1.6270, sps=41.3]
BC[stage1_datasets_L40_stepsweep/bc_shift4_scale_0p8_1p2_steps20000_tr0]:  92%|█████████▏| 18483/20000 [07:27<00:44, 33.95it/s, acc=0.416, device=mps, eta=39s, loss=1.6270, sps=41.3]
BC[stage1_datasets_L40_stepsweep/bc_shift4_scale_0p8_1p2_steps20000_tr0]:  92%|█████████▏| 18491/20000 [07:27<00:35, 42.02it/s, acc=0.416, device=mps, eta=39s, loss=1.6270, sps=41.3]
BC[stage1_datasets_L40_stepsweep/bc_shift4_scale_0p8_1p2_steps20000_tr0]:  92%|█████████▏| 18499/20000 [07:27<00:30, 49.67it/s, acc=0.416, device=mps, eta=39s, loss=1.6270, sps=41.3]
BC[stage1_datasets_L40_stepsweep/bc_shift4_scale_0p8_1p2_steps20000_tr0]:  93%|█████████▎| 18506/20000 [07:27<00:39, 38.10it/s, acc=0.416, device=mps, eta=39s, loss=1.6270, sps=41.3]
BC[stage1_datasets_L40_stepsweep/bc_shift4_scale_0p8_1p2_steps20000_tr0]:  93%|█████████▎| 18514/20000 [07:27<00:32, 45.24it/s, acc=0.416, device=mps, eta=39s, loss=1.6270, sps=41.3]
BC[stage1_datasets_L40_stepsweep/bc_shift4_scale_0p8_1p2_steps20000_tr0]:  93%|█████████▎| 18521/20000 [07:28<00:41, 36.03it/s, acc=0.416, device=mps, eta=39s, loss=1.6270, sps=41.3]
BC[stage1_datasets_L40_stepsweep/bc_shift4_scale_0p8_1p2_steps20000_tr0]:  93%|█████████▎| 18529/20000 [07:28<00:33, 43.37it/s, acc=0.416, device=mps, eta=39s, loss=1.6270, sps=41.3]
BC[stage1_datasets_L40_stepsweep/bc_shift4_scale_0p8_1p2_steps20000_tr0]:  93%|█████████▎| 18537/20000 [07:28<00:29, 49.99it/s, acc=0.416, device=mps, eta=39s, loss=1.6270, sps=41.3]
BC[stage1_datasets_L40_stepsweep/bc_shift4_scale_0p8_1p2_steps20000_tr0]:  93%|█████████▎| 18544/20000 [07:28<00:38, 38.11it/s, acc=0.416, device=mps, eta=39s, loss=1.6270, sps=41.3]
BC[stage1_datasets_L40_stepsweep/bc_shift4_scale_0p8_1p2_steps20000_tr0]:  93%|█████████▎| 18552/20000 [07:28<00:32, 45.19it/s, acc=0.416, device=mps, eta=39s, loss=1.6270, sps=41.3]
BC[stage1_datasets_L40_stepsweep/bc_shift4_scale_0p8_1p2_steps20000_tr0]:  93%|█████████▎| 18560/20000 [07:28<00:27, 52.20it/s, acc=0.416, device=mps, eta=39s, loss=1.6270, sps=41.3]
BC[stage1_datasets_L40_stepsweep/bc_shift4_scale_0p8_1p2_steps20000_tr0]:  93%|█████████▎| 18567/20000 [07:29<00:36, 38.83it/s, acc=0.416, device=mps, eta=39s, loss=1.6270, sps=41.3]
BC[stage1_datasets_L40_stepsweep/bc_shift4_scale_0p8_1p2_steps20000_tr0]:  93%|█████████▎| 18575/20000 [07:29<00:31, 45.94it/s, acc=0.416, device=mps, eta=39s, loss=1.6270, sps=41.3]
BC[stage1_datasets_L40_stepsweep/bc_shift4_scale_0p8_1p2_steps20000_tr0]:  93%|█████████▎| 18581/20000 [07:29<00:39, 35.57it/s, acc=0.416, device=mps, eta=39s, loss=1.6270, sps=41.3]
BC[stage1_datasets_L40_stepsweep/bc_shift4_scale_0p8_1p2_steps20000_tr0]:  93%|█████████▎| 18587/20000 [07:29<00:36, 38.83it/s, acc=0.416, device=mps, eta=39s, loss=1.6270, sps=41.3]
BC[stage1_datasets_L40_stepsweep/bc_shift4_scale_0p8_1p2_steps20000_tr0]:  93%|█████████▎| 18593/20000 [07:29<00:33, 42.16it/s, acc=0.416, device=mps, eta=39s, loss=1.6270, sps=41.3]
BC[stage1_datasets_L40_stepsweep/bc_shift4_scale_0p8_1p2_steps20000_tr0]:  93%|█████████▎| 18593/20000 [07:29<00:33, 42.16it/s, acc=0.446, device=mps, eta=34s, loss=1.5524, sps=41.3]
BC[stage1_datasets_L40_stepsweep/bc_shift4_scale_0p8_1p2_steps20000_tr0]:  93%|█████████▎| 18600/20000 [07:29<00:29, 47.36it/s, acc=0.446, device=mps, eta=34s, loss=1.5524, sps=41.3]
BC[stage1_datasets_L40_stepsweep/bc_shift4_scale_0p8_1p2_steps20000_tr0]:  93%|█████████▎| 18606/20000 [07:30<00:39, 35.14it/s, acc=0.446, device=mps, eta=34s, loss=1.5524, sps=41.3]
BC[stage1_datasets_L40_stepsweep/bc_shift4_scale_0p8_1p2_steps20000_tr0]:  93%|█████████▎| 18614/20000 [07:30<00:32, 42.97it/s, acc=0.446, device=mps, eta=34s, loss=1.5524, sps=41.3]
BC[stage1_datasets_L40_stepsweep/bc_shift4_scale_0p8_1p2_steps20000_tr0]:  93%|█████████▎| 18621/20000 [07:30<00:39, 34.57it/s, acc=0.446, device=mps, eta=34s, loss=1.5524, sps=41.3]
BC[stage1_datasets_L40_stepsweep/bc_shift4_scale_0p8_1p2_steps20000_tr0]:  93%|█████████▎| 18629/20000 [07:30<00:32, 42.17it/s, acc=0.446, device=mps, eta=34s, loss=1.5524, sps=41.3]
BC[stage1_datasets_L40_stepsweep/bc_shift4_scale_0p8_1p2_steps20000_tr0]:  93%|█████████▎| 18637/20000 [07:30<00:27, 48.99it/s, acc=0.446, device=mps, eta=34s, loss=1.5524, sps=41.3]
BC[stage1_datasets_L40_stepsweep/bc_shift4_scale_0p8_1p2_steps20000_tr0]:  93%|█████████▎| 18644/20000 [07:31<00:36, 37.64it/s, acc=0.446, device=mps, eta=34s, loss=1.5524, sps=41.3]
BC[stage1_datasets_L40_stepsweep/bc_shift4_scale_0p8_1p2_steps20000_tr0]:  93%|█████████▎| 18652/20000 [07:31<00:30, 44.78it/s, acc=0.446, device=mps, eta=34s, loss=1.5524, sps=41.3]
BC[stage1_datasets_L40_stepsweep/bc_shift4_scale_0p8_1p2_steps20000_tr0]:  93%|█████████▎| 18660/20000 [07:31<00:25, 51.55it/s, acc=0.446, device=mps, eta=34s, loss=1.5524, sps=41.3]
BC[stage1_datasets_L40_stepsweep/bc_shift4_scale_0p8_1p2_steps20000_tr0]:  93%|█████████▎| 18667/20000 [07:31<00:34, 38.69it/s, acc=0.446, device=mps, eta=34s, loss=1.5524, sps=41.3]
BC[stage1_datasets_L40_stepsweep/bc_shift4_scale_0p8_1p2_steps20000_tr0]:  93%|█████████▎| 18675/20000 [07:31<00:29, 45.59it/s, acc=0.446, device=mps, eta=34s, loss=1.5524, sps=41.3]
BC[stage1_datasets_L40_stepsweep/bc_shift4_scale_0p8_1p2_steps20000_tr0]:  93%|█████████▎| 18681/20000 [07:31<00:37, 35.47it/s, acc=0.446, device=mps, eta=34s, loss=1.5524, sps=41.3]
BC[stage1_datasets_L40_stepsweep/bc_shift4_scale_0p8_1p2_steps20000_tr0]:  93%|█████████▎| 18689/20000 [07:32<00:30, 42.81it/s, acc=0.446, device=mps, eta=34s, loss=1.5524, sps=41.3]
BC[stage1_datasets_L40_stepsweep/bc_shift4_scale_0p8_1p2_steps20000_tr0]:  93%|█████████▎| 18697/20000 [07:32<00:26, 49.43it/s, acc=0.446, device=mps, eta=34s, loss=1.5524, sps=41.3]
BC[stage1_datasets_L40_stepsweep/bc_shift4_scale_0p8_1p2_steps20000_tr0]:  94%|█████████▎| 18704/20000 [07:32<00:34, 37.99it/s, acc=0.446, device=mps, eta=34s, loss=1.5524, sps=41.3]
BC[stage1_datasets_L40_stepsweep/bc_shift4_scale_0p8_1p2_steps20000_tr0]:  94%|█████████▎| 18712/20000 [07:32<00:28, 45.29it/s, acc=0.446, device=mps, eta=34s, loss=1.5524, sps=41.3]
BC[stage1_datasets_L40_stepsweep/bc_shift4_scale_0p8_1p2_steps20000_tr0]:  94%|█████████▎| 18721/20000 [07:32<00:34, 37.54it/s, acc=0.446, device=mps, eta=34s, loss=1.5524, sps=41.3]
BC[stage1_datasets_L40_stepsweep/bc_shift4_scale_0p8_1p2_steps20000_tr0]:  94%|█████████▎| 18727/20000 [07:32<00:31, 40.21it/s, acc=0.446, device=mps, eta=34s, loss=1.5524, sps=41.3]
BC[stage1_datasets_L40_stepsweep/bc_shift4_scale_0p8_1p2_steps20000_tr0]:  94%|█████████▎| 18734/20000 [07:33<00:28, 44.82it/s, acc=0.446, device=mps, eta=34s, loss=1.5524, sps=41.3]
BC[stage1_datasets_L40_stepsweep/bc_shift4_scale_0p8_1p2_steps20000_tr0]:  94%|█████████▎| 18741/20000 [07:33<00:35, 35.01it/s, acc=0.446, device=mps, eta=34s, loss=1.5524, sps=41.3]
BC[stage1_datasets_L40_stepsweep/bc_shift4_scale_0p8_1p2_steps20000_tr0]:  94%|█████████▎| 18749/20000 [07:33<00:29, 42.65it/s, acc=0.446, device=mps, eta=34s, loss=1.5524, sps=41.3]
BC[stage1_datasets_L40_stepsweep/bc_shift4_scale_0p8_1p2_steps20000_tr0]:  94%|█████████▍| 18757/20000 [07:33<00:25, 49.69it/s, acc=0.446, device=mps, eta=34s, loss=1.5524, sps=41.3]
BC[stage1_datasets_L40_stepsweep/bc_shift4_scale_0p8_1p2_steps20000_tr0]:  94%|█████████▍| 18764/20000 [07:33<00:32, 38.36it/s, acc=0.446, device=mps, eta=34s, loss=1.5524, sps=41.3]
BC[stage1_datasets_L40_stepsweep/bc_shift4_scale_0p8_1p2_steps20000_tr0]:  94%|█████████▍| 18772/20000 [07:33<00:27, 45.34it/s, acc=0.446, device=mps, eta=34s, loss=1.5524, sps=41.3]
BC[stage1_datasets_L40_stepsweep/bc_shift4_scale_0p8_1p2_steps20000_tr0]:  94%|█████████▍| 18781/20000 [07:34<00:32, 37.71it/s, acc=0.446, device=mps, eta=34s, loss=1.5524, sps=41.3]
BC[stage1_datasets_L40_stepsweep/bc_shift4_scale_0p8_1p2_steps20000_tr0]:  94%|█████████▍| 18789/20000 [07:34<00:27, 44.39it/s, acc=0.446, device=mps, eta=34s, loss=1.5524, sps=41.3]
BC[stage1_datasets_L40_stepsweep/bc_shift4_scale_0p8_1p2_steps20000_tr0]:  94%|█████████▍| 18797/20000 [07:34<00:23, 50.49it/s, acc=0.446, device=mps, eta=34s, loss=1.5524, sps=41.3]
BC[stage1_datasets_L40_stepsweep/bc_shift4_scale_0p8_1p2_steps20000_tr0]:  94%|█████████▍| 18797/20000 [07:34<00:23, 50.49it/s, acc=0.429, device=mps, eta=29s, loss=1.6009, sps=41.4]
BC[stage1_datasets_L40_stepsweep/bc_shift4_scale_0p8_1p2_steps20000_tr0]:  94%|█████████▍| 18804/20000 [07:34<00:30, 38.73it/s, acc=0.429, device=mps, eta=29s, loss=1.6009, sps=41.4]
BC[stage1_datasets_L40_stepsweep/bc_shift4_scale_0p8_1p2_steps20000_tr0]:  94%|█████████▍| 18812/20000 [07:34<00:26, 45.50it/s, acc=0.429, device=mps, eta=29s, loss=1.6009, sps=41.4]
BC[stage1_datasets_L40_stepsweep/bc_shift4_scale_0p8_1p2_steps20000_tr0]:  94%|█████████▍| 18820/20000 [07:35<00:22, 52.33it/s, acc=0.429, device=mps, eta=29s, loss=1.6009, sps=41.4]
BC[stage1_datasets_L40_stepsweep/bc_shift4_scale_0p8_1p2_steps20000_tr0]:  94%|█████████▍| 18827/20000 [07:35<00:29, 39.16it/s, acc=0.429, device=mps, eta=29s, loss=1.6009, sps=41.4]
BC[stage1_datasets_L40_stepsweep/bc_shift4_scale_0p8_1p2_steps20000_tr0]:  94%|█████████▍| 18835/20000 [07:35<00:25, 45.97it/s, acc=0.429, device=mps, eta=29s, loss=1.6009, sps=41.4]
BC[stage1_datasets_L40_stepsweep/bc_shift4_scale_0p8_1p2_steps20000_tr0]:  94%|█████████▍| 18841/20000 [07:35<00:32, 35.57it/s, acc=0.429, device=mps, eta=29s, loss=1.6009, sps=41.4]
BC[stage1_datasets_L40_stepsweep/bc_shift4_scale_0p8_1p2_steps20000_tr0]:  94%|█████████▍| 18849/20000 [07:35<00:26, 42.96it/s, acc=0.429, device=mps, eta=29s, loss=1.6009, sps=41.4]
BC[stage1_datasets_L40_stepsweep/bc_shift4_scale_0p8_1p2_steps20000_tr0]:  94%|█████████▍| 18857/20000 [07:35<00:23, 49.54it/s, acc=0.429, device=mps, eta=29s, loss=1.6009, sps=41.4]
BC[stage1_datasets_L40_stepsweep/bc_shift4_scale_0p8_1p2_steps20000_tr0]:  94%|█████████▍| 18864/20000 [07:36<00:29, 37.97it/s, acc=0.429, device=mps, eta=29s, loss=1.6009, sps=41.4]
BC[stage1_datasets_L40_stepsweep/bc_shift4_scale_0p8_1p2_steps20000_tr0]:  94%|█████████▍| 18872/20000 [07:36<00:25, 45.03it/s, acc=0.429, device=mps, eta=29s, loss=1.6009, sps=41.4]
BC[stage1_datasets_L40_stepsweep/bc_shift4_scale_0p8_1p2_steps20000_tr0]:  94%|█████████▍| 18880/20000 [07:36<00:21, 52.08it/s, acc=0.429, device=mps, eta=29s, loss=1.6009, sps=41.4]
BC[stage1_datasets_L40_stepsweep/bc_shift4_scale_0p8_1p2_steps20000_tr0]:  94%|█████████▍| 18887/20000 [07:36<00:28, 38.86it/s, acc=0.429, device=mps, eta=29s, loss=1.6009, sps=41.4]
BC[stage1_datasets_L40_stepsweep/bc_shift4_scale_0p8_1p2_steps20000_tr0]:  94%|█████████▍| 18895/20000 [07:36<00:24, 45.79it/s, acc=0.429, device=mps, eta=29s, loss=1.6009, sps=41.4]
BC[stage1_datasets_L40_stepsweep/bc_shift4_scale_0p8_1p2_steps20000_tr0]:  95%|█████████▍| 18901/20000 [07:37<00:30, 35.50it/s, acc=0.429, device=mps, eta=29s, loss=1.6009, sps=41.4]
BC[stage1_datasets_L40_stepsweep/bc_shift4_scale_0p8_1p2_steps20000_tr0]:  95%|█████████▍| 18909/20000 [07:37<00:25, 42.89it/s, acc=0.429, device=mps, eta=29s, loss=1.6009, sps=41.4]
BC[stage1_datasets_L40_stepsweep/bc_shift4_scale_0p8_1p2_steps20000_tr0]:  95%|█████████▍| 18917/20000 [07:37<00:21, 49.47it/s, acc=0.429, device=mps, eta=29s, loss=1.6009, sps=41.4]
BC[stage1_datasets_L40_stepsweep/bc_shift4_scale_0p8_1p2_steps20000_tr0]:  95%|█████████▍| 18924/20000 [07:37<00:28, 37.95it/s, acc=0.429, device=mps, eta=29s, loss=1.6009, sps=41.4]
BC[stage1_datasets_L40_stepsweep/bc_shift4_scale_0p8_1p2_steps20000_tr0]:  95%|█████████▍| 18932/20000 [07:37<00:23, 45.01it/s, acc=0.429, device=mps, eta=29s, loss=1.6009, sps=41.4]
BC[stage1_datasets_L40_stepsweep/bc_shift4_scale_0p8_1p2_steps20000_tr0]:  95%|█████████▍| 18940/20000 [07:37<00:20, 51.79it/s, acc=0.429, device=mps, eta=29s, loss=1.6009, sps=41.4]
BC[stage1_datasets_L40_stepsweep/bc_shift4_scale_0p8_1p2_steps20000_tr0]:  95%|█████████▍| 18947/20000 [07:38<00:27, 38.81it/s, acc=0.429, device=mps, eta=29s, loss=1.6009, sps=41.4]
BC[stage1_datasets_L40_stepsweep/bc_shift4_scale_0p8_1p2_steps20000_tr0]:  95%|█████████▍| 18955/20000 [07:38<00:22, 45.68it/s, acc=0.429, device=mps, eta=29s, loss=1.6009, sps=41.4]
BC[stage1_datasets_L40_stepsweep/bc_shift4_scale_0p8_1p2_steps20000_tr0]:  95%|█████████▍| 18961/20000 [07:38<00:29, 35.44it/s, acc=0.429, device=mps, eta=29s, loss=1.6009, sps=41.4]
BC[stage1_datasets_L40_stepsweep/bc_shift4_scale_0p8_1p2_steps20000_tr0]:  95%|█████████▍| 18969/20000 [07:38<00:24, 42.94it/s, acc=0.429, device=mps, eta=29s, loss=1.6009, sps=41.4]
BC[stage1_datasets_L40_stepsweep/bc_shift4_scale_0p8_1p2_steps20000_tr0]:  95%|█████████▍| 18977/20000 [07:38<00:20, 49.82it/s, acc=0.429, device=mps, eta=29s, loss=1.6009, sps=41.4]
BC[stage1_datasets_L40_stepsweep/bc_shift4_scale_0p8_1p2_steps20000_tr0]:  95%|█████████▍| 18984/20000 [07:38<00:26, 37.97it/s, acc=0.429, device=mps, eta=29s, loss=1.6009, sps=41.4]
BC[stage1_datasets_L40_stepsweep/bc_shift4_scale_0p8_1p2_steps20000_tr0]:  95%|█████████▍| 18992/20000 [07:39<00:22, 44.96it/s, acc=0.429, device=mps, eta=29s, loss=1.6009, sps=41.4]
BC[stage1_datasets_L40_stepsweep/bc_shift4_scale_0p8_1p2_steps20000_tr0]:  95%|█████████▍| 18992/20000 [07:39<00:22, 44.96it/s, acc=0.448, device=mps, eta=24s, loss=1.5385, sps=41.4]
BC[stage1_datasets_L40_stepsweep/bc_shift4_scale_0p8_1p2_steps20000_tr0]:  95%|█████████▌| 19000/20000 [07:39<00:19, 51.61it/s, acc=0.448, device=mps, eta=24s, loss=1.5385, sps=41.4]
BC[stage1_datasets_L40_stepsweep/bc_shift4_scale_0p8_1p2_steps20000_tr0]:  95%|█████████▌| 19007/20000 [07:39<00:25, 38.77it/s, acc=0.448, device=mps, eta=24s, loss=1.5385, sps=41.4]
BC[stage1_datasets_L40_stepsweep/bc_shift4_scale_0p8_1p2_steps20000_tr0]:  95%|█████████▌| 19015/20000 [07:39<00:21, 45.75it/s, acc=0.448, device=mps, eta=24s, loss=1.5385, sps=41.4]
BC[stage1_datasets_L40_stepsweep/bc_shift4_scale_0p8_1p2_steps20000_tr0]:  95%|█████████▌| 19021/20000 [07:39<00:27, 35.47it/s, acc=0.448, device=mps, eta=24s, loss=1.5385, sps=41.4]
BC[stage1_datasets_L40_stepsweep/bc_shift4_scale_0p8_1p2_steps20000_tr0]:  95%|█████████▌| 19029/20000 [07:39<00:22, 42.83it/s, acc=0.448, device=mps, eta=24s, loss=1.5385, sps=41.4]
BC[stage1_datasets_L40_stepsweep/bc_shift4_scale_0p8_1p2_steps20000_tr0]:  95%|█████████▌| 19037/20000 [07:40<00:19, 49.64it/s, acc=0.448, device=mps, eta=24s, loss=1.5385, sps=41.4]
BC[stage1_datasets_L40_stepsweep/bc_shift4_scale_0p8_1p2_steps20000_tr0]:  95%|█████████▌| 19044/20000 [07:40<00:25, 38.03it/s, acc=0.448, device=mps, eta=24s, loss=1.5385, sps=41.4]
BC[stage1_datasets_L40_stepsweep/bc_shift4_scale_0p8_1p2_steps20000_tr0]:  95%|█████████▌| 19052/20000 [07:40<00:21, 45.09it/s, acc=0.448, device=mps, eta=24s, loss=1.5385, sps=41.4]
BC[stage1_datasets_L40_stepsweep/bc_shift4_scale_0p8_1p2_steps20000_tr0]:  95%|█████████▌| 19060/20000 [07:40<00:18, 52.00it/s, acc=0.448, device=mps, eta=24s, loss=1.5385, sps=41.4]
BC[stage1_datasets_L40_stepsweep/bc_shift4_scale_0p8_1p2_steps20000_tr0]:  95%|█████████▌| 19067/20000 [07:40<00:24, 38.84it/s, acc=0.448, device=mps, eta=24s, loss=1.5385, sps=41.4]
BC[stage1_datasets_L40_stepsweep/bc_shift4_scale_0p8_1p2_steps20000_tr0]:  95%|█████████▌| 19075/20000 [07:41<00:20, 45.63it/s, acc=0.448, device=mps, eta=24s, loss=1.5385, sps=41.4]
BC[stage1_datasets_L40_stepsweep/bc_shift4_scale_0p8_1p2_steps20000_tr0]:  95%|█████████▌| 19081/20000 [07:41<00:25, 35.45it/s, acc=0.448, device=mps, eta=24s, loss=1.5385, sps=41.4]
BC[stage1_datasets_L40_stepsweep/bc_shift4_scale_0p8_1p2_steps20000_tr0]:  95%|█████████▌| 19089/20000 [07:41<00:21, 42.76it/s, acc=0.448, device=mps, eta=24s, loss=1.5385, sps=41.4]
BC[stage1_datasets_L40_stepsweep/bc_shift4_scale_0p8_1p2_steps20000_tr0]:  95%|█████████▌| 19097/20000 [07:41<00:18, 49.18it/s, acc=0.448, device=mps, eta=24s, loss=1.5385, sps=41.4]
BC[stage1_datasets_L40_stepsweep/bc_shift4_scale_0p8_1p2_steps20000_tr0]:  96%|█████████▌| 19104/20000 [07:41<00:23, 37.98it/s, acc=0.448, device=mps, eta=24s, loss=1.5385, sps=41.4]
BC[stage1_datasets_L40_stepsweep/bc_shift4_scale_0p8_1p2_steps20000_tr0]:  96%|█████████▌| 19112/20000 [07:41<00:19, 45.34it/s, acc=0.448, device=mps, eta=24s, loss=1.5385, sps=41.4]
BC[stage1_datasets_L40_stepsweep/bc_shift4_scale_0p8_1p2_steps20000_tr0]:  96%|█████████▌| 19121/20000 [07:42<00:23, 37.69it/s, acc=0.448, device=mps, eta=24s, loss=1.5385, sps=41.4]
BC[stage1_datasets_L40_stepsweep/bc_shift4_scale_0p8_1p2_steps20000_tr0]:  96%|█████████▌| 19127/20000 [07:42<00:21, 41.08it/s, acc=0.448, device=mps, eta=24s, loss=1.5385, sps=41.4]
BC[stage1_datasets_L40_stepsweep/bc_shift4_scale_0p8_1p2_steps20000_tr0]:  96%|█████████▌| 19133/20000 [07:42<00:19, 43.54it/s, acc=0.448, device=mps, eta=24s, loss=1.5385, sps=41.4]
BC[stage1_datasets_L40_stepsweep/bc_shift4_scale_0p8_1p2_steps20000_tr0]:  96%|█████████▌| 19140/20000 [07:42<00:17, 48.47it/s, acc=0.448, device=mps, eta=24s, loss=1.5385, sps=41.4]
BC[stage1_datasets_L40_stepsweep/bc_shift4_scale_0p8_1p2_steps20000_tr0]:  96%|█████████▌| 19146/20000 [07:42<00:23, 36.13it/s, acc=0.448, device=mps, eta=24s, loss=1.5385, sps=41.4]
BC[stage1_datasets_L40_stepsweep/bc_shift4_scale_0p8_1p2_steps20000_tr0]:  96%|█████████▌| 19154/20000 [07:42<00:19, 43.78it/s, acc=0.448, device=mps, eta=24s, loss=1.5385, sps=41.4]
BC[stage1_datasets_L40_stepsweep/bc_shift4_scale_0p8_1p2_steps20000_tr0]:  96%|█████████▌| 19161/20000 [07:43<00:23, 35.13it/s, acc=0.448, device=mps, eta=24s, loss=1.5385, sps=41.4]
BC[stage1_datasets_L40_stepsweep/bc_shift4_scale_0p8_1p2_steps20000_tr0]:  96%|█████████▌| 19169/20000 [07:43<00:19, 42.62it/s, acc=0.448, device=mps, eta=24s, loss=1.5385, sps=41.4]
BC[stage1_datasets_L40_stepsweep/bc_shift4_scale_0p8_1p2_steps20000_tr0]:  96%|█████████▌| 19177/20000 [07:43<00:16, 49.24it/s, acc=0.448, device=mps, eta=24s, loss=1.5385, sps=41.4]
BC[stage1_datasets_L40_stepsweep/bc_shift4_scale_0p8_1p2_steps20000_tr0]:  96%|█████████▌| 19184/20000 [07:43<00:21, 37.87it/s, acc=0.448, device=mps, eta=24s, loss=1.5385, sps=41.4]
BC[stage1_datasets_L40_stepsweep/bc_shift4_scale_0p8_1p2_steps20000_tr0]:  96%|█████████▌| 19192/20000 [07:43<00:17, 44.92it/s, acc=0.448, device=mps, eta=24s, loss=1.5385, sps=41.4]
BC[stage1_datasets_L40_stepsweep/bc_shift4_scale_0p8_1p2_steps20000_tr0]:  96%|█████████▌| 19192/20000 [07:43<00:17, 44.92it/s, acc=0.434, device=mps, eta=19s, loss=1.5809, sps=41.4]
BC[stage1_datasets_L40_stepsweep/bc_shift4_scale_0p8_1p2_steps20000_tr0]:  96%|█████████▌| 19201/20000 [07:44<00:21, 37.46it/s, acc=0.434, device=mps, eta=19s, loss=1.5809, sps=41.4]
BC[stage1_datasets_L40_stepsweep/bc_shift4_scale_0p8_1p2_steps20000_tr0]:  96%|█████████▌| 19209/20000 [07:44<00:17, 44.18it/s, acc=0.434, device=mps, eta=19s, loss=1.5809, sps=41.4]
BC[stage1_datasets_L40_stepsweep/bc_shift4_scale_0p8_1p2_steps20000_tr0]:  96%|█████████▌| 19217/20000 [07:44<00:15, 50.32it/s, acc=0.434, device=mps, eta=19s, loss=1.5809, sps=41.4]
BC[stage1_datasets_L40_stepsweep/bc_shift4_scale_0p8_1p2_steps20000_tr0]:  96%|█████████▌| 19224/20000 [07:44<00:20, 38.52it/s, acc=0.434, device=mps, eta=19s, loss=1.5809, sps=41.4]
BC[stage1_datasets_L40_stepsweep/bc_shift4_scale_0p8_1p2_steps20000_tr0]:  96%|█████████▌| 19232/20000 [07:44<00:16, 45.39it/s, acc=0.434, device=mps, eta=19s, loss=1.5809, sps=41.4]
BC[stage1_datasets_L40_stepsweep/bc_shift4_scale_0p8_1p2_steps20000_tr0]:  96%|█████████▌| 19241/20000 [07:45<00:20, 37.71it/s, acc=0.434, device=mps, eta=19s, loss=1.5809, sps=41.4]
BC[stage1_datasets_L40_stepsweep/bc_shift4_scale_0p8_1p2_steps20000_tr0]:  96%|█████████▌| 19249/20000 [07:45<00:16, 44.34it/s, acc=0.434, device=mps, eta=19s, loss=1.5809, sps=41.4]
BC[stage1_datasets_L40_stepsweep/bc_shift4_scale_0p8_1p2_steps20000_tr0]:  96%|█████████▋| 19257/20000 [07:45<00:14, 50.50it/s, acc=0.434, device=mps, eta=19s, loss=1.5809, sps=41.4]
BC[stage1_datasets_L40_stepsweep/bc_shift4_scale_0p8_1p2_steps20000_tr0]:  96%|█████████▋| 19264/20000 [07:45<00:19, 38.69it/s, acc=0.434, device=mps, eta=19s, loss=1.5809, sps=41.4]
BC[stage1_datasets_L40_stepsweep/bc_shift4_scale_0p8_1p2_steps20000_tr0]:  96%|█████████▋| 19272/20000 [07:45<00:15, 45.57it/s, acc=0.434, device=mps, eta=19s, loss=1.5809, sps=41.4]
BC[stage1_datasets_L40_stepsweep/bc_shift4_scale_0p8_1p2_steps20000_tr0]:  96%|█████████▋| 19280/20000 [07:45<00:13, 52.16it/s, acc=0.434, device=mps, eta=19s, loss=1.5809, sps=41.4]
BC[stage1_datasets_L40_stepsweep/bc_shift4_scale_0p8_1p2_steps20000_tr0]:  96%|█████████▋| 19287/20000 [07:46<00:18, 39.04it/s, acc=0.434, device=mps, eta=19s, loss=1.5809, sps=41.4]
BC[stage1_datasets_L40_stepsweep/bc_shift4_scale_0p8_1p2_steps20000_tr0]:  96%|█████████▋| 19295/20000 [07:46<00:15, 45.79it/s, acc=0.434, device=mps, eta=19s, loss=1.5809, sps=41.4]
BC[stage1_datasets_L40_stepsweep/bc_shift4_scale_0p8_1p2_steps20000_tr0]:  97%|█████████▋| 19301/20000 [07:46<00:19, 35.51it/s, acc=0.434, device=mps, eta=19s, loss=1.5809, sps=41.4]
BC[stage1_datasets_L40_stepsweep/bc_shift4_scale_0p8_1p2_steps20000_tr0]:  97%|█████████▋| 19309/20000 [07:46<00:16, 42.79it/s, acc=0.434, device=mps, eta=19s, loss=1.5809, sps=41.4]
BC[stage1_datasets_L40_stepsweep/bc_shift4_scale_0p8_1p2_steps20000_tr0]:  97%|█████████▋| 19317/20000 [07:46<00:13, 49.54it/s, acc=0.434, device=mps, eta=19s, loss=1.5809, sps=41.4]
BC[stage1_datasets_L40_stepsweep/bc_shift4_scale_0p8_1p2_steps20000_tr0]:  97%|█████████▋| 19324/20000 [07:46<00:17, 38.06it/s, acc=0.434, device=mps, eta=19s, loss=1.5809, sps=41.4]
BC[stage1_datasets_L40_stepsweep/bc_shift4_scale_0p8_1p2_steps20000_tr0]:  97%|█████████▋| 19332/20000 [07:47<00:14, 45.12it/s, acc=0.434, device=mps, eta=19s, loss=1.5809, sps=41.4]
BC[stage1_datasets_L40_stepsweep/bc_shift4_scale_0p8_1p2_steps20000_tr0]:  97%|█████████▋| 19340/20000 [07:47<00:12, 52.10it/s, acc=0.434, device=mps, eta=19s, loss=1.5809, sps=41.4]
BC[stage1_datasets_L40_stepsweep/bc_shift4_scale_0p8_1p2_steps20000_tr0]:  97%|█████████▋| 19347/20000 [07:47<00:16, 38.91it/s, acc=0.434, device=mps, eta=19s, loss=1.5809, sps=41.4]
BC[stage1_datasets_L40_stepsweep/bc_shift4_scale_0p8_1p2_steps20000_tr0]:  97%|█████████▋| 19355/20000 [07:47<00:14, 45.76it/s, acc=0.434, device=mps, eta=19s, loss=1.5809, sps=41.4]
BC[stage1_datasets_L40_stepsweep/bc_shift4_scale_0p8_1p2_steps20000_tr0]:  97%|█████████▋| 19361/20000 [07:47<00:18, 35.50it/s, acc=0.434, device=mps, eta=19s, loss=1.5809, sps=41.4]
BC[stage1_datasets_L40_stepsweep/bc_shift4_scale_0p8_1p2_steps20000_tr0]:  97%|█████████▋| 19369/20000 [07:47<00:14, 42.91it/s, acc=0.434, device=mps, eta=19s, loss=1.5809, sps=41.4]
BC[stage1_datasets_L40_stepsweep/bc_shift4_scale_0p8_1p2_steps20000_tr0]:  97%|█████████▋| 19377/20000 [07:48<00:12, 49.53it/s, acc=0.434, device=mps, eta=19s, loss=1.5809, sps=41.4]
BC[stage1_datasets_L40_stepsweep/bc_shift4_scale_0p8_1p2_steps20000_tr0]:  97%|█████████▋| 19384/20000 [07:48<00:16, 37.91it/s, acc=0.434, device=mps, eta=19s, loss=1.5809, sps=41.4]
BC[stage1_datasets_L40_stepsweep/bc_shift4_scale_0p8_1p2_steps20000_tr0]:  97%|█████████▋| 19392/20000 [07:48<00:13, 44.92it/s, acc=0.434, device=mps, eta=19s, loss=1.5809, sps=41.4]
BC[stage1_datasets_L40_stepsweep/bc_shift4_scale_0p8_1p2_steps20000_tr0]:  97%|█████████▋| 19392/20000 [07:48<00:13, 44.92it/s, acc=0.455, device=mps, eta=14s, loss=1.5218, sps=41.4]
BC[stage1_datasets_L40_stepsweep/bc_shift4_scale_0p8_1p2_steps20000_tr0]:  97%|█████████▋| 19401/20000 [07:48<00:15, 37.46it/s, acc=0.455, device=mps, eta=14s, loss=1.5218, sps=41.4]
BC[stage1_datasets_L40_stepsweep/bc_shift4_scale_0p8_1p2_steps20000_tr0]:  97%|█████████▋| 19409/20000 [07:48<00:13, 44.39it/s, acc=0.455, device=mps, eta=14s, loss=1.5218, sps=41.4]
BC[stage1_datasets_L40_stepsweep/bc_shift4_scale_0p8_1p2_steps20000_tr0]:  97%|█████████▋| 19417/20000 [07:49<00:11, 50.54it/s, acc=0.455, device=mps, eta=14s, loss=1.5218, sps=41.4]
BC[stage1_datasets_L40_stepsweep/bc_shift4_scale_0p8_1p2_steps20000_tr0]:  97%|█████████▋| 19424/20000 [07:49<00:14, 38.62it/s, acc=0.455, device=mps, eta=14s, loss=1.5218, sps=41.4]
BC[stage1_datasets_L40_stepsweep/bc_shift4_scale_0p8_1p2_steps20000_tr0]:  97%|█████████▋| 19432/20000 [07:49<00:12, 45.53it/s, acc=0.455, device=mps, eta=14s, loss=1.5218, sps=41.4]
BC[stage1_datasets_L40_stepsweep/bc_shift4_scale_0p8_1p2_steps20000_tr0]:  97%|█████████▋| 19441/20000 [07:49<00:14, 37.70it/s, acc=0.455, device=mps, eta=14s, loss=1.5218, sps=41.4]
BC[stage1_datasets_L40_stepsweep/bc_shift4_scale_0p8_1p2_steps20000_tr0]:  97%|█████████▋| 19448/20000 [07:49<00:13, 41.67it/s, acc=0.455, device=mps, eta=14s, loss=1.5218, sps=41.4]
BC[stage1_datasets_L40_stepsweep/bc_shift4_scale_0p8_1p2_steps20000_tr0]:  97%|█████████▋| 19454/20000 [07:49<00:12, 44.00it/s, acc=0.455, device=mps, eta=14s, loss=1.5218, sps=41.4]
BC[stage1_datasets_L40_stepsweep/bc_shift4_scale_0p8_1p2_steps20000_tr0]:  97%|█████████▋| 19461/20000 [07:50<00:15, 34.12it/s, acc=0.455, device=mps, eta=14s, loss=1.5218, sps=41.4]
BC[stage1_datasets_L40_stepsweep/bc_shift4_scale_0p8_1p2_steps20000_tr0]:  97%|█████████▋| 19469/20000 [07:50<00:12, 41.00it/s, acc=0.455, device=mps, eta=14s, loss=1.5218, sps=41.4]
BC[stage1_datasets_L40_stepsweep/bc_shift4_scale_0p8_1p2_steps20000_tr0]:  97%|█████████▋| 19475/20000 [07:50<00:12, 43.67it/s, acc=0.455, device=mps, eta=14s, loss=1.5218, sps=41.4]
BC[stage1_datasets_L40_stepsweep/bc_shift4_scale_0p8_1p2_steps20000_tr0]:  97%|█████████▋| 19481/20000 [07:50<00:15, 33.28it/s, acc=0.455, device=mps, eta=14s, loss=1.5218, sps=41.4]
BC[stage1_datasets_L40_stepsweep/bc_shift4_scale_0p8_1p2_steps20000_tr0]:  97%|█████████▋| 19489/20000 [07:50<00:12, 41.16it/s, acc=0.455, device=mps, eta=14s, loss=1.5218, sps=41.4]
BC[stage1_datasets_L40_stepsweep/bc_shift4_scale_0p8_1p2_steps20000_tr0]:  97%|█████████▋| 19497/20000 [07:51<00:10, 48.21it/s, acc=0.455, device=mps, eta=14s, loss=1.5218, sps=41.4]
BC[stage1_datasets_L40_stepsweep/bc_shift4_scale_0p8_1p2_steps20000_tr0]:  98%|█████████▊| 19503/20000 [07:51<00:13, 36.40it/s, acc=0.455, device=mps, eta=14s, loss=1.5218, sps=41.4]
BC[stage1_datasets_L40_stepsweep/bc_shift4_scale_0p8_1p2_steps20000_tr0]:  98%|█████████▊| 19511/20000 [07:51<00:11, 44.26it/s, acc=0.455, device=mps, eta=14s, loss=1.5218, sps=41.4]
BC[stage1_datasets_L40_stepsweep/bc_shift4_scale_0p8_1p2_steps20000_tr0]:  98%|█████████▊| 19520/20000 [07:51<00:09, 53.01it/s, acc=0.455, device=mps, eta=14s, loss=1.5218, sps=41.4]
BC[stage1_datasets_L40_stepsweep/bc_shift4_scale_0p8_1p2_steps20000_tr0]:  98%|█████████▊| 19527/20000 [07:51<00:11, 39.53it/s, acc=0.455, device=mps, eta=14s, loss=1.5218, sps=41.4]
BC[stage1_datasets_L40_stepsweep/bc_shift4_scale_0p8_1p2_steps20000_tr0]:  98%|█████████▊| 19535/20000 [07:51<00:10, 46.25it/s, acc=0.455, device=mps, eta=14s, loss=1.5218, sps=41.4]
BC[stage1_datasets_L40_stepsweep/bc_shift4_scale_0p8_1p2_steps20000_tr0]:  98%|█████████▊| 19541/20000 [07:52<00:12, 35.81it/s, acc=0.455, device=mps, eta=14s, loss=1.5218, sps=41.4]
BC[stage1_datasets_L40_stepsweep/bc_shift4_scale_0p8_1p2_steps20000_tr0]:  98%|█████████▊| 19549/20000 [07:52<00:10, 43.12it/s, acc=0.455, device=mps, eta=14s, loss=1.5218, sps=41.4]
BC[stage1_datasets_L40_stepsweep/bc_shift4_scale_0p8_1p2_steps20000_tr0]:  98%|█████████▊| 19557/20000 [07:52<00:08, 50.01it/s, acc=0.455, device=mps, eta=14s, loss=1.5218, sps=41.4]
BC[stage1_datasets_L40_stepsweep/bc_shift4_scale_0p8_1p2_steps20000_tr0]:  98%|█████████▊| 19564/20000 [07:52<00:11, 38.25it/s, acc=0.455, device=mps, eta=14s, loss=1.5218, sps=41.4]
BC[stage1_datasets_L40_stepsweep/bc_shift4_scale_0p8_1p2_steps20000_tr0]:  98%|█████████▊| 19572/20000 [07:52<00:09, 45.29it/s, acc=0.455, device=mps, eta=14s, loss=1.5218, sps=41.4]
BC[stage1_datasets_L40_stepsweep/bc_shift4_scale_0p8_1p2_steps20000_tr0]:  98%|█████████▊| 19580/20000 [07:52<00:08, 51.95it/s, acc=0.455, device=mps, eta=14s, loss=1.5218, sps=41.4]
BC[stage1_datasets_L40_stepsweep/bc_shift4_scale_0p8_1p2_steps20000_tr0]:  98%|█████████▊| 19587/20000 [07:53<00:10, 38.89it/s, acc=0.455, device=mps, eta=14s, loss=1.5218, sps=41.4]
BC[stage1_datasets_L40_stepsweep/bc_shift4_scale_0p8_1p2_steps20000_tr0]:  98%|█████████▊| 19595/20000 [07:53<00:08, 45.62it/s, acc=0.455, device=mps, eta=14s, loss=1.5218, sps=41.4]
BC[stage1_datasets_L40_stepsweep/bc_shift4_scale_0p8_1p2_steps20000_tr0]:  98%|█████████▊| 19595/20000 [07:53<00:08, 45.62it/s, acc=0.440, device=mps, eta=10s, loss=1.5680, sps=41.4]
BC[stage1_datasets_L40_stepsweep/bc_shift4_scale_0p8_1p2_steps20000_tr0]:  98%|█████████▊| 19601/20000 [07:53<00:11, 35.46it/s, acc=0.440, device=mps, eta=10s, loss=1.5680, sps=41.4]
BC[stage1_datasets_L40_stepsweep/bc_shift4_scale_0p8_1p2_steps20000_tr0]:  98%|█████████▊| 19609/20000 [07:53<00:09, 42.89it/s, acc=0.440, device=mps, eta=10s, loss=1.5680, sps=41.4]
BC[stage1_datasets_L40_stepsweep/bc_shift4_scale_0p8_1p2_steps20000_tr0]:  98%|█████████▊| 19617/20000 [07:53<00:07, 49.36it/s, acc=0.440, device=mps, eta=10s, loss=1.5680, sps=41.4]
BC[stage1_datasets_L40_stepsweep/bc_shift4_scale_0p8_1p2_steps20000_tr0]:  98%|█████████▊| 19624/20000 [07:54<00:10, 36.77it/s, acc=0.440, device=mps, eta=10s, loss=1.5680, sps=41.4]
BC[stage1_datasets_L40_stepsweep/bc_shift4_scale_0p8_1p2_steps20000_tr0]:  98%|█████████▊| 19629/20000 [07:54<00:09, 37.82it/s, acc=0.440, device=mps, eta=10s, loss=1.5680, sps=41.4]
BC[stage1_datasets_L40_stepsweep/bc_shift4_scale_0p8_1p2_steps20000_tr0]:  98%|█████████▊| 19635/20000 [07:54<00:08, 41.94it/s, acc=0.440, device=mps, eta=10s, loss=1.5680, sps=41.4]
BC[stage1_datasets_L40_stepsweep/bc_shift4_scale_0p8_1p2_steps20000_tr0]:  98%|█████████▊| 19641/20000 [07:54<00:11, 32.17it/s, acc=0.440, device=mps, eta=10s, loss=1.5680, sps=41.4]
BC[stage1_datasets_L40_stepsweep/bc_shift4_scale_0p8_1p2_steps20000_tr0]:  98%|█████████▊| 19647/20000 [07:54<00:09, 36.54it/s, acc=0.440, device=mps, eta=10s, loss=1.5680, sps=41.4]
BC[stage1_datasets_L40_stepsweep/bc_shift4_scale_0p8_1p2_steps20000_tr0]:  98%|█████████▊| 19652/20000 [07:54<00:08, 39.24it/s, acc=0.440, device=mps, eta=10s, loss=1.5680, sps=41.4]
BC[stage1_datasets_L40_stepsweep/bc_shift4_scale_0p8_1p2_steps20000_tr0]:  98%|█████████▊| 19659/20000 [07:54<00:07, 44.78it/s, acc=0.440, device=mps, eta=10s, loss=1.5680, sps=41.4]
BC[stage1_datasets_L40_stepsweep/bc_shift4_scale_0p8_1p2_steps20000_tr0]:  98%|█████████▊| 19665/20000 [07:55<00:09, 33.71it/s, acc=0.440, device=mps, eta=10s, loss=1.5680, sps=41.4]
BC[stage1_datasets_L40_stepsweep/bc_shift4_scale_0p8_1p2_steps20000_tr0]:  98%|█████████▊| 19673/20000 [07:55<00:07, 41.86it/s, acc=0.440, device=mps, eta=10s, loss=1.5680, sps=41.4]
BC[stage1_datasets_L40_stepsweep/bc_shift4_scale_0p8_1p2_steps20000_tr0]:  98%|█████████▊| 19681/20000 [07:55<00:09, 34.67it/s, acc=0.440, device=mps, eta=10s, loss=1.5680, sps=41.4]
BC[stage1_datasets_L40_stepsweep/bc_shift4_scale_0p8_1p2_steps20000_tr0]:  98%|█████████▊| 19689/20000 [07:55<00:07, 42.02it/s, acc=0.440, device=mps, eta=10s, loss=1.5680, sps=41.4]
BC[stage1_datasets_L40_stepsweep/bc_shift4_scale_0p8_1p2_steps20000_tr0]:  98%|█████████▊| 19697/20000 [07:55<00:06, 48.96it/s, acc=0.440, device=mps, eta=10s, loss=1.5680, sps=41.4]
BC[stage1_datasets_L40_stepsweep/bc_shift4_scale_0p8_1p2_steps20000_tr0]:  99%|█████████▊| 19704/20000 [07:56<00:07, 37.76it/s, acc=0.440, device=mps, eta=10s, loss=1.5680, sps=41.4]
BC[stage1_datasets_L40_stepsweep/bc_shift4_scale_0p8_1p2_steps20000_tr0]:  99%|█████████▊| 19712/20000 [07:56<00:06, 44.69it/s, acc=0.440, device=mps, eta=10s, loss=1.5680, sps=41.4]
BC[stage1_datasets_L40_stepsweep/bc_shift4_scale_0p8_1p2_steps20000_tr0]:  99%|█████████▊| 19720/20000 [07:56<00:05, 51.25it/s, acc=0.440, device=mps, eta=10s, loss=1.5680, sps=41.4]
BC[stage1_datasets_L40_stepsweep/bc_shift4_scale_0p8_1p2_steps20000_tr0]:  99%|█████████▊| 19727/20000 [07:56<00:07, 38.64it/s, acc=0.440, device=mps, eta=10s, loss=1.5680, sps=41.4]
BC[stage1_datasets_L40_stepsweep/bc_shift4_scale_0p8_1p2_steps20000_tr0]:  99%|█████████▊| 19735/20000 [07:56<00:05, 45.35it/s, acc=0.440, device=mps, eta=10s, loss=1.5680, sps=41.4]
BC[stage1_datasets_L40_stepsweep/bc_shift4_scale_0p8_1p2_steps20000_tr0]:  99%|█████████▊| 19741/20000 [07:57<00:07, 34.88it/s, acc=0.440, device=mps, eta=10s, loss=1.5680, sps=41.4]
BC[stage1_datasets_L40_stepsweep/bc_shift4_scale_0p8_1p2_steps20000_tr0]:  99%|█████████▊| 19747/20000 [07:57<00:06, 38.97it/s, acc=0.440, device=mps, eta=10s, loss=1.5680, sps=41.4]
BC[stage1_datasets_L40_stepsweep/bc_shift4_scale_0p8_1p2_steps20000_tr0]:  99%|█████████▉| 19753/20000 [07:57<00:05, 42.12it/s, acc=0.440, device=mps, eta=10s, loss=1.5680, sps=41.4]
BC[stage1_datasets_L40_stepsweep/bc_shift4_scale_0p8_1p2_steps20000_tr0]:  99%|█████████▉| 19760/20000 [07:57<00:05, 47.61it/s, acc=0.440, device=mps, eta=10s, loss=1.5680, sps=41.4]
BC[stage1_datasets_L40_stepsweep/bc_shift4_scale_0p8_1p2_steps20000_tr0]:  99%|█████████▉| 19766/20000 [07:57<00:06, 35.39it/s, acc=0.440, device=mps, eta=10s, loss=1.5680, sps=41.4]
BC[stage1_datasets_L40_stepsweep/bc_shift4_scale_0p8_1p2_steps20000_tr0]:  99%|█████████▉| 19774/20000 [07:57<00:05, 43.16it/s, acc=0.440, device=mps, eta=10s, loss=1.5680, sps=41.4]
BC[stage1_datasets_L40_stepsweep/bc_shift4_scale_0p8_1p2_steps20000_tr0]:  99%|█████████▉| 19781/20000 [07:58<00:06, 34.24it/s, acc=0.440, device=mps, eta=10s, loss=1.5680, sps=41.4]
BC[stage1_datasets_L40_stepsweep/bc_shift4_scale_0p8_1p2_steps20000_tr0]:  99%|█████████▉| 19788/20000 [07:58<00:05, 39.32it/s, acc=0.440, device=mps, eta=10s, loss=1.5680, sps=41.4]
BC[stage1_datasets_L40_stepsweep/bc_shift4_scale_0p8_1p2_steps20000_tr0]:  99%|█████████▉| 19794/20000 [07:58<00:04, 42.73it/s, acc=0.440, device=mps, eta=10s, loss=1.5680, sps=41.4]
BC[stage1_datasets_L40_stepsweep/bc_shift4_scale_0p8_1p2_steps20000_tr0]:  99%|█████████▉| 19794/20000 [07:58<00:04, 42.73it/s, acc=0.463, device=mps, eta=5s, loss=1.5041, sps=41.4] 
BC[stage1_datasets_L40_stepsweep/bc_shift4_scale_0p8_1p2_steps20000_tr0]:  99%|█████████▉| 19801/20000 [07:58<00:05, 33.38it/s, acc=0.463, device=mps, eta=5s, loss=1.5041, sps=41.4]
BC[stage1_datasets_L40_stepsweep/bc_shift4_scale_0p8_1p2_steps20000_tr0]:  99%|█████████▉| 19809/20000 [07:58<00:04, 40.99it/s, acc=0.463, device=mps, eta=5s, loss=1.5041, sps=41.4]
BC[stage1_datasets_L40_stepsweep/bc_shift4_scale_0p8_1p2_steps20000_tr0]:  99%|█████████▉| 19817/20000 [07:58<00:03, 48.30it/s, acc=0.463, device=mps, eta=5s, loss=1.5041, sps=41.4]
BC[stage1_datasets_L40_stepsweep/bc_shift4_scale_0p8_1p2_steps20000_tr0]:  99%|█████████▉| 19823/20000 [07:59<00:04, 36.47it/s, acc=0.463, device=mps, eta=5s, loss=1.5041, sps=41.4]
BC[stage1_datasets_L40_stepsweep/bc_shift4_scale_0p8_1p2_steps20000_tr0]:  99%|█████████▉| 19831/20000 [07:59<00:03, 44.01it/s, acc=0.463, device=mps, eta=5s, loss=1.5041, sps=41.4]
BC[stage1_datasets_L40_stepsweep/bc_shift4_scale_0p8_1p2_steps20000_tr0]:  99%|█████████▉| 19839/20000 [07:59<00:03, 50.74it/s, acc=0.463, device=mps, eta=5s, loss=1.5041, sps=41.4]
BC[stage1_datasets_L40_stepsweep/bc_shift4_scale_0p8_1p2_steps20000_tr0]:  99%|█████████▉| 19846/20000 [07:59<00:04, 38.01it/s, acc=0.463, device=mps, eta=5s, loss=1.5041, sps=41.4]
BC[stage1_datasets_L40_stepsweep/bc_shift4_scale_0p8_1p2_steps20000_tr0]:  99%|█████████▉| 19852/20000 [07:59<00:03, 41.14it/s, acc=0.463, device=mps, eta=5s, loss=1.5041, sps=41.4]
BC[stage1_datasets_L40_stepsweep/bc_shift4_scale_0p8_1p2_steps20000_tr0]:  99%|█████████▉| 19859/20000 [07:59<00:03, 46.12it/s, acc=0.463, device=mps, eta=5s, loss=1.5041, sps=41.4]
BC[stage1_datasets_L40_stepsweep/bc_shift4_scale_0p8_1p2_steps20000_tr0]:  99%|█████████▉| 19865/20000 [08:00<00:03, 35.14it/s, acc=0.463, device=mps, eta=5s, loss=1.5041, sps=41.4]
BC[stage1_datasets_L40_stepsweep/bc_shift4_scale_0p8_1p2_steps20000_tr0]:  99%|█████████▉| 19873/20000 [08:00<00:02, 42.88it/s, acc=0.463, device=mps, eta=5s, loss=1.5041, sps=41.4]
BC[stage1_datasets_L40_stepsweep/bc_shift4_scale_0p8_1p2_steps20000_tr0]:  99%|█████████▉| 19881/20000 [08:00<00:03, 35.48it/s, acc=0.463, device=mps, eta=5s, loss=1.5041, sps=41.4]
BC[stage1_datasets_L40_stepsweep/bc_shift4_scale_0p8_1p2_steps20000_tr0]:  99%|█████████▉| 19889/20000 [08:00<00:02, 42.64it/s, acc=0.463, device=mps, eta=5s, loss=1.5041, sps=41.4]
BC[stage1_datasets_L40_stepsweep/bc_shift4_scale_0p8_1p2_steps20000_tr0]:  99%|█████████▉| 19897/20000 [08:00<00:02, 49.26it/s, acc=0.463, device=mps, eta=5s, loss=1.5041, sps=41.4]
BC[stage1_datasets_L40_stepsweep/bc_shift4_scale_0p8_1p2_steps20000_tr0]: 100%|█████████▉| 19904/20000 [08:01<00:02, 37.97it/s, acc=0.463, device=mps, eta=5s, loss=1.5041, sps=41.4]
BC[stage1_datasets_L40_stepsweep/bc_shift4_scale_0p8_1p2_steps20000_tr0]: 100%|█████████▉| 19912/20000 [08:01<00:01, 44.95it/s, acc=0.463, device=mps, eta=5s, loss=1.5041, sps=41.4]
BC[stage1_datasets_L40_stepsweep/bc_shift4_scale_0p8_1p2_steps20000_tr0]: 100%|█████████▉| 19921/20000 [08:01<00:02, 37.45it/s, acc=0.463, device=mps, eta=5s, loss=1.5041, sps=41.4]
BC[stage1_datasets_L40_stepsweep/bc_shift4_scale_0p8_1p2_steps20000_tr0]: 100%|█████████▉| 19929/20000 [08:01<00:01, 44.06it/s, acc=0.463, device=mps, eta=5s, loss=1.5041, sps=41.4]
BC[stage1_datasets_L40_stepsweep/bc_shift4_scale_0p8_1p2_steps20000_tr0]: 100%|█████████▉| 19937/20000 [08:01<00:01, 50.05it/s, acc=0.463, device=mps, eta=5s, loss=1.5041, sps=41.4]
BC[stage1_datasets_L40_stepsweep/bc_shift4_scale_0p8_1p2_steps20000_tr0]: 100%|█████████▉| 19944/20000 [08:01<00:01, 38.52it/s, acc=0.463, device=mps, eta=5s, loss=1.5041, sps=41.4]
BC[stage1_datasets_L40_stepsweep/bc_shift4_scale_0p8_1p2_steps20000_tr0]: 100%|█████████▉| 19952/20000 [08:02<00:01, 45.20it/s, acc=0.463, device=mps, eta=5s, loss=1.5041, sps=41.4]
BC[stage1_datasets_L40_stepsweep/bc_shift4_scale_0p8_1p2_steps20000_tr0]: 100%|█████████▉| 19960/20000 [08:02<00:00, 51.62it/s, acc=0.463, device=mps, eta=5s, loss=1.5041, sps=41.4]
BC[stage1_datasets_L40_stepsweep/bc_shift4_scale_0p8_1p2_steps20000_tr0]: 100%|█████████▉| 19967/20000 [08:02<00:00, 39.08it/s, acc=0.463, device=mps, eta=5s, loss=1.5041, sps=41.4]
BC[stage1_datasets_L40_stepsweep/bc_shift4_scale_0p8_1p2_steps20000_tr0]: 100%|█████████▉| 19975/20000 [08:02<00:00, 45.87it/s, acc=0.463, device=mps, eta=5s, loss=1.5041, sps=41.4]
BC[stage1_datasets_L40_stepsweep/bc_shift4_scale_0p8_1p2_steps20000_tr0]: 100%|█████████▉| 19981/20000 [08:02<00:00, 35.72it/s, acc=0.463, device=mps, eta=5s, loss=1.5041, sps=41.4]
BC[stage1_datasets_L40_stepsweep/bc_shift4_scale_0p8_1p2_steps20000_tr0]: 100%|█████████▉| 19989/20000 [08:02<00:00, 43.04it/s, acc=0.463, device=mps, eta=5s, loss=1.5041, sps=41.4]
BC[stage1_datasets_L40_stepsweep/bc_shift4_scale_0p8_1p2_steps20000_tr0]: 100%|█████████▉| 19997/20000 [08:03<00:00, 49.97it/s, acc=0.463, device=mps, eta=5s, loss=1.5041, sps=41.4]
BC[stage1_datasets_L40_stepsweep/bc_shift4_scale_0p8_1p2_steps20000_tr0]: 100%|█████████▉| 19997/20000 [08:03<00:00, 49.97it/s, acc=0.446, device=mps, eta=0s, loss=1.5438, sps=41.4]
BC[stage1_datasets_L40_stepsweep/bc_shift4_scale_0p8_1p2_steps20000_tr0]: 100%|██████████| 20000/20000 [08:03<00:00, 41.40it/s, acc=0.446, device=mps, eta=0s, loss=1.5438, sps=41.4]
Saved checkpoint: runs/stage1_datasets_L40_stepsweep/bc_shift4_scale_0p8_1p2_steps20000_tr0/bc_ckpt.pt (elapsed 8m03s)
