$ /Users/marcovizcarra/miniforge3/envs/procgen-augmented-rl/bin/python -u scripts/train_bc_min.py --dataset-root data/stage1_datasets_L40/baseline_none --run-name stage1_datasets_L40_stepsweep/bc_baseline_none_steps10000_tr1 --steps 10000 --batch-size 256 --lr 0.0003 --seed 1 --device auto

Device: mps
Run: stage1_datasets_L40_stepsweep/bc_baseline_none_steps10000_tr1 | steps=10000 | batch_size=256 | lr=0.0003 | seed=1
Data: NPZ(manifest=data/stage1_datasets_L40/baseline_none/manifest.json)

BC[stage1_datasets_L40_stepsweep/bc_baseline_none_steps10000_tr1]:   0%|          | 0/10000 [00:00<?, ?it/s]
BC[stage1_datasets_L40_stepsweep/bc_baseline_none_steps10000_tr1]:   0%|          | 0/10000 [00:00<?, ?it/s, acc=0.082, device=mps, eta=1h53m38s, loss=2.7109, sps=1.5]
BC[stage1_datasets_L40_stepsweep/bc_baseline_none_steps10000_tr1]:   0%|          | 1/10000 [00:00<1:51:24,  1.50it/s, acc=0.082, device=mps, eta=1h53m38s, loss=2.7109, sps=1.5]
BC[stage1_datasets_L40_stepsweep/bc_baseline_none_steps10000_tr1]:   0%|          | 4/10000 [00:00<26:46,  6.22it/s, acc=0.082, device=mps, eta=1h53m38s, loss=2.7109, sps=1.5]  
BC[stage1_datasets_L40_stepsweep/bc_baseline_none_steps10000_tr1]:   0%|          | 9/10000 [00:00<11:26, 14.55it/s, acc=0.082, device=mps, eta=1h53m38s, loss=2.7109, sps=1.5]
BC[stage1_datasets_L40_stepsweep/bc_baseline_none_steps10000_tr1]:   0%|          | 15/10000 [00:01<06:59, 23.78it/s, acc=0.082, device=mps, eta=1h53m38s, loss=2.7109, sps=1.5]
BC[stage1_datasets_L40_stepsweep/bc_baseline_none_steps10000_tr1]:   0%|          | 20/10000 [00:01<06:57, 23.93it/s, acc=0.082, device=mps, eta=1h53m38s, loss=2.7109, sps=1.5]
BC[stage1_datasets_L40_stepsweep/bc_baseline_none_steps10000_tr1]:   0%|          | 24/10000 [00:01<07:58, 20.85it/s, acc=0.082, device=mps, eta=1h53m38s, loss=2.7109, sps=1.5]
BC[stage1_datasets_L40_stepsweep/bc_baseline_none_steps10000_tr1]:   0%|          | 29/10000 [00:01<06:29, 25.57it/s, acc=0.082, device=mps, eta=1h53m38s, loss=2.7109, sps=1.5]
BC[stage1_datasets_L40_stepsweep/bc_baseline_none_steps10000_tr1]:   0%|          | 35/10000 [00:01<05:05, 32.63it/s, acc=0.082, device=mps, eta=1h53m38s, loss=2.7109, sps=1.5]
BC[stage1_datasets_L40_stepsweep/bc_baseline_none_steps10000_tr1]:   0%|          | 41/10000 [00:01<05:11, 32.00it/s, acc=0.082, device=mps, eta=1h53m38s, loss=2.7109, sps=1.5]
BC[stage1_datasets_L40_stepsweep/bc_baseline_none_steps10000_tr1]:   0%|          | 49/10000 [00:01<03:59, 41.59it/s, acc=0.082, device=mps, eta=1h53m38s, loss=2.7109, sps=1.5]
BC[stage1_datasets_L40_stepsweep/bc_baseline_none_steps10000_tr1]:   1%|          | 57/10000 [00:02<03:19, 49.85it/s, acc=0.082, device=mps, eta=1h53m38s, loss=2.7109, sps=1.5]
BC[stage1_datasets_L40_stepsweep/bc_baseline_none_steps10000_tr1]:   1%|          | 63/10000 [00:02<03:51, 42.89it/s, acc=0.082, device=mps, eta=1h53m38s, loss=2.7109, sps=1.5]
BC[stage1_datasets_L40_stepsweep/bc_baseline_none_steps10000_tr1]:   1%|          | 69/10000 [00:02<03:37, 45.75it/s, acc=0.082, device=mps, eta=1h53m38s, loss=2.7109, sps=1.5]
BC[stage1_datasets_L40_stepsweep/bc_baseline_none_steps10000_tr1]:   1%|          | 75/10000 [00:02<03:27, 47.92it/s, acc=0.082, device=mps, eta=1h53m38s, loss=2.7109, sps=1.5]
BC[stage1_datasets_L40_stepsweep/bc_baseline_none_steps10000_tr1]:   1%|          | 81/10000 [00:02<04:21, 37.89it/s, acc=0.082, device=mps, eta=1h53m38s, loss=2.7109, sps=1.5]
BC[stage1_datasets_L40_stepsweep/bc_baseline_none_steps10000_tr1]:   1%|          | 86/10000 [00:02<04:12, 39.34it/s, acc=0.082, device=mps, eta=1h53m38s, loss=2.7109, sps=1.5]
BC[stage1_datasets_L40_stepsweep/bc_baseline_none_steps10000_tr1]:   1%|          | 92/10000 [00:02<03:53, 42.46it/s, acc=0.082, device=mps, eta=1h53m38s, loss=2.7109, sps=1.5]
BC[stage1_datasets_L40_stepsweep/bc_baseline_none_steps10000_tr1]:   1%|          | 98/10000 [00:03<03:35, 45.99it/s, acc=0.082, device=mps, eta=1h53m38s, loss=2.7109, sps=1.5]
BC[stage1_datasets_L40_stepsweep/bc_baseline_none_steps10000_tr1]:   1%|          | 103/10000 [00:03<04:22, 37.69it/s, acc=0.082, device=mps, eta=1h53m38s, loss=2.7109, sps=1.5]
BC[stage1_datasets_L40_stepsweep/bc_baseline_none_steps10000_tr1]:   1%|          | 108/10000 [00:03<04:08, 39.74it/s, acc=0.082, device=mps, eta=1h53m38s, loss=2.7109, sps=1.5]
BC[stage1_datasets_L40_stepsweep/bc_baseline_none_steps10000_tr1]:   1%|          | 113/10000 [00:03<03:55, 42.02it/s, acc=0.082, device=mps, eta=1h53m38s, loss=2.7109, sps=1.5]
BC[stage1_datasets_L40_stepsweep/bc_baseline_none_steps10000_tr1]:   1%|          | 119/10000 [00:03<03:35, 45.79it/s, acc=0.082, device=mps, eta=1h53m38s, loss=2.7109, sps=1.5]
BC[stage1_datasets_L40_stepsweep/bc_baseline_none_steps10000_tr1]:   1%|          | 124/10000 [00:03<04:29, 36.65it/s, acc=0.082, device=mps, eta=1h53m38s, loss=2.7109, sps=1.5]
BC[stage1_datasets_L40_stepsweep/bc_baseline_none_steps10000_tr1]:   1%|▏         | 130/10000 [00:03<04:01, 40.82it/s, acc=0.082, device=mps, eta=1h53m38s, loss=2.7109, sps=1.5]
BC[stage1_datasets_L40_stepsweep/bc_baseline_none_steps10000_tr1]:   1%|▏         | 136/10000 [00:04<03:37, 45.39it/s, acc=0.082, device=mps, eta=1h53m38s, loss=2.7109, sps=1.5]
BC[stage1_datasets_L40_stepsweep/bc_baseline_none_steps10000_tr1]:   1%|▏         | 141/10000 [00:04<04:17, 38.30it/s, acc=0.082, device=mps, eta=1h53m38s, loss=2.7109, sps=1.5]
BC[stage1_datasets_L40_stepsweep/bc_baseline_none_steps10000_tr1]:   1%|▏         | 147/10000 [00:04<03:53, 42.25it/s, acc=0.082, device=mps, eta=1h53m38s, loss=2.7109, sps=1.5]
BC[stage1_datasets_L40_stepsweep/bc_baseline_none_steps10000_tr1]:   2%|▏         | 153/10000 [00:04<03:33, 46.16it/s, acc=0.082, device=mps, eta=1h53m38s, loss=2.7109, sps=1.5]
BC[stage1_datasets_L40_stepsweep/bc_baseline_none_steps10000_tr1]:   2%|▏         | 160/10000 [00:04<03:12, 51.05it/s, acc=0.082, device=mps, eta=1h53m38s, loss=2.7109, sps=1.5]
BC[stage1_datasets_L40_stepsweep/bc_baseline_none_steps10000_tr1]:   2%|▏         | 166/10000 [00:04<04:13, 38.76it/s, acc=0.082, device=mps, eta=1h53m38s, loss=2.7109, sps=1.5]
BC[stage1_datasets_L40_stepsweep/bc_baseline_none_steps10000_tr1]:   2%|▏         | 172/10000 [00:04<03:52, 42.26it/s, acc=0.082, device=mps, eta=1h53m38s, loss=2.7109, sps=1.5]
BC[stage1_datasets_L40_stepsweep/bc_baseline_none_steps10000_tr1]:   2%|▏         | 179/10000 [00:04<03:28, 47.06it/s, acc=0.082, device=mps, eta=1h53m38s, loss=2.7109, sps=1.5]
BC[stage1_datasets_L40_stepsweep/bc_baseline_none_steps10000_tr1]:   2%|▏         | 185/10000 [00:05<04:04, 40.15it/s, acc=0.082, device=mps, eta=1h53m38s, loss=2.7109, sps=1.5]
BC[stage1_datasets_L40_stepsweep/bc_baseline_none_steps10000_tr1]:   2%|▏         | 191/10000 [00:05<03:42, 44.04it/s, acc=0.082, device=mps, eta=1h53m38s, loss=2.7109, sps=1.5]
BC[stage1_datasets_L40_stepsweep/bc_baseline_none_steps10000_tr1]:   2%|▏         | 197/10000 [00:05<03:30, 46.68it/s, acc=0.082, device=mps, eta=1h53m38s, loss=2.7109, sps=1.5]
BC[stage1_datasets_L40_stepsweep/bc_baseline_none_steps10000_tr1]:   2%|▏         | 197/10000 [00:05<03:30, 46.68it/s, acc=0.271, device=mps, eta=4m28s, loss=2.1021, sps=36.6]  
BC[stage1_datasets_L40_stepsweep/bc_baseline_none_steps10000_tr1]:   2%|▏         | 203/10000 [00:05<04:18, 37.96it/s, acc=0.271, device=mps, eta=4m28s, loss=2.1021, sps=36.6]
BC[stage1_datasets_L40_stepsweep/bc_baseline_none_steps10000_tr1]:   2%|▏         | 209/10000 [00:05<03:53, 41.90it/s, acc=0.271, device=mps, eta=4m28s, loss=2.1021, sps=36.6]
BC[stage1_datasets_L40_stepsweep/bc_baseline_none_steps10000_tr1]:   2%|▏         | 216/10000 [00:05<03:29, 46.74it/s, acc=0.271, device=mps, eta=4m28s, loss=2.1021, sps=36.6]
BC[stage1_datasets_L40_stepsweep/bc_baseline_none_steps10000_tr1]:   2%|▏         | 222/10000 [00:06<04:03, 40.13it/s, acc=0.271, device=mps, eta=4m28s, loss=2.1021, sps=36.6]
BC[stage1_datasets_L40_stepsweep/bc_baseline_none_steps10000_tr1]:   2%|▏         | 228/10000 [00:06<03:42, 43.86it/s, acc=0.271, device=mps, eta=4m28s, loss=2.1021, sps=36.6]
BC[stage1_datasets_L40_stepsweep/bc_baseline_none_steps10000_tr1]:   2%|▏         | 234/10000 [00:06<03:30, 46.31it/s, acc=0.271, device=mps, eta=4m28s, loss=2.1021, sps=36.6]
BC[stage1_datasets_L40_stepsweep/bc_baseline_none_steps10000_tr1]:   2%|▏         | 241/10000 [00:06<04:07, 39.39it/s, acc=0.271, device=mps, eta=4m28s, loss=2.1021, sps=36.6]
BC[stage1_datasets_L40_stepsweep/bc_baseline_none_steps10000_tr1]:   2%|▏         | 246/10000 [00:06<03:58, 40.87it/s, acc=0.271, device=mps, eta=4m28s, loss=2.1021, sps=36.6]
BC[stage1_datasets_L40_stepsweep/bc_baseline_none_steps10000_tr1]:   3%|▎         | 252/10000 [00:06<03:41, 44.08it/s, acc=0.271, device=mps, eta=4m28s, loss=2.1021, sps=36.6]
BC[stage1_datasets_L40_stepsweep/bc_baseline_none_steps10000_tr1]:   3%|▎         | 259/10000 [00:06<03:20, 48.56it/s, acc=0.271, device=mps, eta=4m28s, loss=2.1021, sps=36.6]
BC[stage1_datasets_L40_stepsweep/bc_baseline_none_steps10000_tr1]:   3%|▎         | 265/10000 [00:07<04:02, 40.22it/s, acc=0.271, device=mps, eta=4m28s, loss=2.1021, sps=36.6]
BC[stage1_datasets_L40_stepsweep/bc_baseline_none_steps10000_tr1]:   3%|▎         | 271/10000 [00:07<03:41, 44.01it/s, acc=0.271, device=mps, eta=4m28s, loss=2.1021, sps=36.6]
BC[stage1_datasets_L40_stepsweep/bc_baseline_none_steps10000_tr1]:   3%|▎         | 277/10000 [00:07<03:25, 47.37it/s, acc=0.271, device=mps, eta=4m28s, loss=2.1021, sps=36.6]
BC[stage1_datasets_L40_stepsweep/bc_baseline_none_steps10000_tr1]:   3%|▎         | 283/10000 [00:07<04:10, 38.81it/s, acc=0.271, device=mps, eta=4m28s, loss=2.1021, sps=36.6]
BC[stage1_datasets_L40_stepsweep/bc_baseline_none_steps10000_tr1]:   3%|▎         | 288/10000 [00:07<03:57, 40.81it/s, acc=0.271, device=mps, eta=4m28s, loss=2.1021, sps=36.6]
BC[stage1_datasets_L40_stepsweep/bc_baseline_none_steps10000_tr1]:   3%|▎         | 294/10000 [00:07<03:36, 44.87it/s, acc=0.271, device=mps, eta=4m28s, loss=2.1021, sps=36.6]
BC[stage1_datasets_L40_stepsweep/bc_baseline_none_steps10000_tr1]:   3%|▎         | 301/10000 [00:07<04:05, 39.52it/s, acc=0.271, device=mps, eta=4m28s, loss=2.1021, sps=36.6]
BC[stage1_datasets_L40_stepsweep/bc_baseline_none_steps10000_tr1]:   3%|▎         | 307/10000 [00:08<03:48, 42.48it/s, acc=0.271, device=mps, eta=4m28s, loss=2.1021, sps=36.6]
BC[stage1_datasets_L40_stepsweep/bc_baseline_none_steps10000_tr1]:   3%|▎         | 313/10000 [00:08<03:32, 45.55it/s, acc=0.271, device=mps, eta=4m28s, loss=2.1021, sps=36.6]
BC[stage1_datasets_L40_stepsweep/bc_baseline_none_steps10000_tr1]:   3%|▎         | 319/10000 [00:08<03:20, 48.27it/s, acc=0.271, device=mps, eta=4m28s, loss=2.1021, sps=36.6]
BC[stage1_datasets_L40_stepsweep/bc_baseline_none_steps10000_tr1]:   3%|▎         | 325/10000 [00:08<04:12, 38.31it/s, acc=0.271, device=mps, eta=4m28s, loss=2.1021, sps=36.6]
BC[stage1_datasets_L40_stepsweep/bc_baseline_none_steps10000_tr1]:   3%|▎         | 331/10000 [00:08<03:51, 41.72it/s, acc=0.271, device=mps, eta=4m28s, loss=2.1021, sps=36.6]
BC[stage1_datasets_L40_stepsweep/bc_baseline_none_steps10000_tr1]:   3%|▎         | 338/10000 [00:08<03:26, 46.81it/s, acc=0.271, device=mps, eta=4m28s, loss=2.1021, sps=36.6]
BC[stage1_datasets_L40_stepsweep/bc_baseline_none_steps10000_tr1]:   3%|▎         | 344/10000 [00:08<04:01, 40.06it/s, acc=0.271, device=mps, eta=4m28s, loss=2.1021, sps=36.6]
BC[stage1_datasets_L40_stepsweep/bc_baseline_none_steps10000_tr1]:   4%|▎         | 350/10000 [00:09<03:38, 44.23it/s, acc=0.271, device=mps, eta=4m28s, loss=2.1021, sps=36.6]
BC[stage1_datasets_L40_stepsweep/bc_baseline_none_steps10000_tr1]:   4%|▎         | 356/10000 [00:09<03:21, 47.93it/s, acc=0.271, device=mps, eta=4m28s, loss=2.1021, sps=36.6]
BC[stage1_datasets_L40_stepsweep/bc_baseline_none_steps10000_tr1]:   4%|▎         | 362/10000 [00:09<03:58, 40.49it/s, acc=0.271, device=mps, eta=4m28s, loss=2.1021, sps=36.6]
BC[stage1_datasets_L40_stepsweep/bc_baseline_none_steps10000_tr1]:   4%|▎         | 368/10000 [00:09<03:36, 44.42it/s, acc=0.271, device=mps, eta=4m28s, loss=2.1021, sps=36.6]
BC[stage1_datasets_L40_stepsweep/bc_baseline_none_steps10000_tr1]:   4%|▎         | 374/10000 [00:09<03:24, 47.16it/s, acc=0.271, device=mps, eta=4m28s, loss=2.1021, sps=36.6]
BC[stage1_datasets_L40_stepsweep/bc_baseline_none_steps10000_tr1]:   4%|▍         | 381/10000 [00:09<03:56, 40.74it/s, acc=0.271, device=mps, eta=4m28s, loss=2.1021, sps=36.6]
BC[stage1_datasets_L40_stepsweep/bc_baseline_none_steps10000_tr1]:   4%|▍         | 387/10000 [00:09<03:35, 44.64it/s, acc=0.271, device=mps, eta=4m28s, loss=2.1021, sps=36.6]
BC[stage1_datasets_L40_stepsweep/bc_baseline_none_steps10000_tr1]:   4%|▍         | 393/10000 [00:09<03:22, 47.49it/s, acc=0.271, device=mps, eta=4m28s, loss=2.1021, sps=36.6]
BC[stage1_datasets_L40_stepsweep/bc_baseline_none_steps10000_tr1]:   4%|▍         | 399/10000 [00:10<03:13, 49.58it/s, acc=0.271, device=mps, eta=4m28s, loss=2.1021, sps=36.6]
BC[stage1_datasets_L40_stepsweep/bc_baseline_none_steps10000_tr1]:   4%|▍         | 399/10000 [00:10<03:13, 49.58it/s, acc=0.293, device=mps, eta=4m02s, loss=2.0164, sps=39.7]
BC[stage1_datasets_L40_stepsweep/bc_baseline_none_steps10000_tr1]:   4%|▍         | 405/10000 [00:10<04:03, 39.46it/s, acc=0.293, device=mps, eta=4m02s, loss=2.0164, sps=39.7]
BC[stage1_datasets_L40_stepsweep/bc_baseline_none_steps10000_tr1]:   4%|▍         | 411/10000 [00:10<03:41, 43.32it/s, acc=0.293, device=mps, eta=4m02s, loss=2.0164, sps=39.7]
BC[stage1_datasets_L40_stepsweep/bc_baseline_none_steps10000_tr1]:   4%|▍         | 418/10000 [00:10<03:20, 47.87it/s, acc=0.293, device=mps, eta=4m02s, loss=2.0164, sps=39.7]
BC[stage1_datasets_L40_stepsweep/bc_baseline_none_steps10000_tr1]:   4%|▍         | 424/10000 [00:10<03:55, 40.70it/s, acc=0.293, device=mps, eta=4m02s, loss=2.0164, sps=39.7]
BC[stage1_datasets_L40_stepsweep/bc_baseline_none_steps10000_tr1]:   4%|▍         | 430/10000 [00:10<03:35, 44.50it/s, acc=0.293, device=mps, eta=4m02s, loss=2.0164, sps=39.7]
BC[stage1_datasets_L40_stepsweep/bc_baseline_none_steps10000_tr1]:   4%|▍         | 436/10000 [00:10<03:23, 46.94it/s, acc=0.293, device=mps, eta=4m02s, loss=2.0164, sps=39.7]
BC[stage1_datasets_L40_stepsweep/bc_baseline_none_steps10000_tr1]:   4%|▍         | 442/10000 [00:11<04:04, 39.06it/s, acc=0.293, device=mps, eta=4m02s, loss=2.0164, sps=39.7]
BC[stage1_datasets_L40_stepsweep/bc_baseline_none_steps10000_tr1]:   4%|▍         | 448/10000 [00:11<03:42, 42.87it/s, acc=0.293, device=mps, eta=4m02s, loss=2.0164, sps=39.7]
BC[stage1_datasets_L40_stepsweep/bc_baseline_none_steps10000_tr1]:   5%|▍         | 454/10000 [00:11<03:29, 45.49it/s, acc=0.293, device=mps, eta=4m02s, loss=2.0164, sps=39.7]
BC[stage1_datasets_L40_stepsweep/bc_baseline_none_steps10000_tr1]:   5%|▍         | 461/10000 [00:11<04:10, 38.13it/s, acc=0.293, device=mps, eta=4m02s, loss=2.0164, sps=39.7]
BC[stage1_datasets_L40_stepsweep/bc_baseline_none_steps10000_tr1]:   5%|▍         | 467/10000 [00:11<03:50, 41.41it/s, acc=0.293, device=mps, eta=4m02s, loss=2.0164, sps=39.7]
BC[stage1_datasets_L40_stepsweep/bc_baseline_none_steps10000_tr1]:   5%|▍         | 473/10000 [00:11<03:33, 44.66it/s, acc=0.293, device=mps, eta=4m02s, loss=2.0164, sps=39.7]
BC[stage1_datasets_L40_stepsweep/bc_baseline_none_steps10000_tr1]:   5%|▍         | 479/10000 [00:11<03:19, 47.74it/s, acc=0.293, device=mps, eta=4m02s, loss=2.0164, sps=39.7]
BC[stage1_datasets_L40_stepsweep/bc_baseline_none_steps10000_tr1]:   5%|▍         | 485/10000 [00:12<04:07, 38.44it/s, acc=0.293, device=mps, eta=4m02s, loss=2.0164, sps=39.7]
BC[stage1_datasets_L40_stepsweep/bc_baseline_none_steps10000_tr1]:   5%|▍         | 491/10000 [00:12<03:42, 42.66it/s, acc=0.293, device=mps, eta=4m02s, loss=2.0164, sps=39.7]
BC[stage1_datasets_L40_stepsweep/bc_baseline_none_steps10000_tr1]:   5%|▍         | 498/10000 [00:12<03:20, 47.31it/s, acc=0.293, device=mps, eta=4m02s, loss=2.0164, sps=39.7]
BC[stage1_datasets_L40_stepsweep/bc_baseline_none_steps10000_tr1]:   5%|▌         | 504/10000 [00:12<03:57, 39.90it/s, acc=0.293, device=mps, eta=4m02s, loss=2.0164, sps=39.7]
BC[stage1_datasets_L40_stepsweep/bc_baseline_none_steps10000_tr1]:   5%|▌         | 510/10000 [00:12<03:42, 42.59it/s, acc=0.293, device=mps, eta=4m02s, loss=2.0164, sps=39.7]
BC[stage1_datasets_L40_stepsweep/bc_baseline_none_steps10000_tr1]:   5%|▌         | 516/10000 [00:12<03:25, 46.24it/s, acc=0.293, device=mps, eta=4m02s, loss=2.0164, sps=39.7]
BC[stage1_datasets_L40_stepsweep/bc_baseline_none_steps10000_tr1]:   5%|▌         | 522/10000 [00:13<03:58, 39.77it/s, acc=0.293, device=mps, eta=4m02s, loss=2.0164, sps=39.7]
BC[stage1_datasets_L40_stepsweep/bc_baseline_none_steps10000_tr1]:   5%|▌         | 528/10000 [00:13<03:36, 43.84it/s, acc=0.293, device=mps, eta=4m02s, loss=2.0164, sps=39.7]
BC[stage1_datasets_L40_stepsweep/bc_baseline_none_steps10000_tr1]:   5%|▌         | 534/10000 [00:13<03:22, 46.84it/s, acc=0.293, device=mps, eta=4m02s, loss=2.0164, sps=39.7]
BC[stage1_datasets_L40_stepsweep/bc_baseline_none_steps10000_tr1]:   5%|▌         | 541/10000 [00:13<03:57, 39.89it/s, acc=0.293, device=mps, eta=4m02s, loss=2.0164, sps=39.7]
BC[stage1_datasets_L40_stepsweep/bc_baseline_none_steps10000_tr1]:   5%|▌         | 546/10000 [00:13<03:46, 41.83it/s, acc=0.293, device=mps, eta=4m02s, loss=2.0164, sps=39.7]
BC[stage1_datasets_L40_stepsweep/bc_baseline_none_steps10000_tr1]:   6%|▌         | 552/10000 [00:13<03:31, 44.75it/s, acc=0.293, device=mps, eta=4m02s, loss=2.0164, sps=39.7]
BC[stage1_datasets_L40_stepsweep/bc_baseline_none_steps10000_tr1]:   6%|▌         | 559/10000 [00:13<03:12, 49.11it/s, acc=0.293, device=mps, eta=4m02s, loss=2.0164, sps=39.7]
BC[stage1_datasets_L40_stepsweep/bc_baseline_none_steps10000_tr1]:   6%|▌         | 565/10000 [00:13<03:54, 40.23it/s, acc=0.293, device=mps, eta=4m02s, loss=2.0164, sps=39.7]
BC[stage1_datasets_L40_stepsweep/bc_baseline_none_steps10000_tr1]:   6%|▌         | 572/10000 [00:14<03:28, 45.20it/s, acc=0.293, device=mps, eta=4m02s, loss=2.0164, sps=39.7]
BC[stage1_datasets_L40_stepsweep/bc_baseline_none_steps10000_tr1]:   6%|▌         | 579/10000 [00:14<03:10, 49.55it/s, acc=0.293, device=mps, eta=4m02s, loss=2.0164, sps=39.7]
BC[stage1_datasets_L40_stepsweep/bc_baseline_none_steps10000_tr1]:   6%|▌         | 585/10000 [00:14<04:08, 37.94it/s, acc=0.293, device=mps, eta=4m02s, loss=2.0164, sps=39.7]
BC[stage1_datasets_L40_stepsweep/bc_baseline_none_steps10000_tr1]:   6%|▌         | 590/10000 [00:14<03:54, 40.08it/s, acc=0.293, device=mps, eta=4m02s, loss=2.0164, sps=39.7]
BC[stage1_datasets_L40_stepsweep/bc_baseline_none_steps10000_tr1]:   6%|▌         | 596/10000 [00:14<03:38, 42.97it/s, acc=0.293, device=mps, eta=4m02s, loss=2.0164, sps=39.7]
BC[stage1_datasets_L40_stepsweep/bc_baseline_none_steps10000_tr1]:   6%|▌         | 596/10000 [00:14<03:38, 42.97it/s, acc=0.298, device=mps, eta=3m51s, loss=2.0138, sps=40.6]
BC[stage1_datasets_L40_stepsweep/bc_baseline_none_steps10000_tr1]:   6%|▌         | 601/10000 [00:14<04:18, 36.37it/s, acc=0.298, device=mps, eta=3m51s, loss=2.0138, sps=40.6]
BC[stage1_datasets_L40_stepsweep/bc_baseline_none_steps10000_tr1]:   6%|▌         | 606/10000 [00:14<04:06, 38.11it/s, acc=0.298, device=mps, eta=3m51s, loss=2.0138, sps=40.6]
BC[stage1_datasets_L40_stepsweep/bc_baseline_none_steps10000_tr1]:   6%|▌         | 612/10000 [00:15<03:40, 42.58it/s, acc=0.298, device=mps, eta=3m51s, loss=2.0138, sps=40.6]
BC[stage1_datasets_L40_stepsweep/bc_baseline_none_steps10000_tr1]:   6%|▌         | 619/10000 [00:15<03:15, 47.90it/s, acc=0.298, device=mps, eta=3m51s, loss=2.0138, sps=40.6]
BC[stage1_datasets_L40_stepsweep/bc_baseline_none_steps10000_tr1]:   6%|▋         | 625/10000 [00:15<03:58, 39.33it/s, acc=0.298, device=mps, eta=3m51s, loss=2.0138, sps=40.6]
BC[stage1_datasets_L40_stepsweep/bc_baseline_none_steps10000_tr1]:   6%|▋         | 630/10000 [00:15<03:49, 40.79it/s, acc=0.298, device=mps, eta=3m51s, loss=2.0138, sps=40.6]
BC[stage1_datasets_L40_stepsweep/bc_baseline_none_steps10000_tr1]:   6%|▋         | 635/10000 [00:15<03:42, 42.18it/s, acc=0.298, device=mps, eta=3m51s, loss=2.0138, sps=40.6]
BC[stage1_datasets_L40_stepsweep/bc_baseline_none_steps10000_tr1]:   6%|▋         | 640/10000 [00:15<03:33, 43.93it/s, acc=0.298, device=mps, eta=3m51s, loss=2.0138, sps=40.6]
BC[stage1_datasets_L40_stepsweep/bc_baseline_none_steps10000_tr1]:   6%|▋         | 645/10000 [00:16<04:56, 31.57it/s, acc=0.298, device=mps, eta=3m51s, loss=2.0138, sps=40.6]
BC[stage1_datasets_L40_stepsweep/bc_baseline_none_steps10000_tr1]:   6%|▋         | 649/10000 [00:16<04:50, 32.21it/s, acc=0.298, device=mps, eta=3m51s, loss=2.0138, sps=40.6]
BC[stage1_datasets_L40_stepsweep/bc_baseline_none_steps10000_tr1]:   7%|▋         | 655/10000 [00:16<04:07, 37.78it/s, acc=0.298, device=mps, eta=3m51s, loss=2.0138, sps=40.6]
BC[stage1_datasets_L40_stepsweep/bc_baseline_none_steps10000_tr1]:   7%|▋         | 661/10000 [00:16<04:34, 34.01it/s, acc=0.298, device=mps, eta=3m51s, loss=2.0138, sps=40.6]
BC[stage1_datasets_L40_stepsweep/bc_baseline_none_steps10000_tr1]:   7%|▋         | 667/10000 [00:16<03:59, 38.89it/s, acc=0.298, device=mps, eta=3m51s, loss=2.0138, sps=40.6]
BC[stage1_datasets_L40_stepsweep/bc_baseline_none_steps10000_tr1]:   7%|▋         | 673/10000 [00:16<03:40, 42.36it/s, acc=0.298, device=mps, eta=3m51s, loss=2.0138, sps=40.6]
BC[stage1_datasets_L40_stepsweep/bc_baseline_none_steps10000_tr1]:   7%|▋         | 679/10000 [00:16<03:24, 45.60it/s, acc=0.298, device=mps, eta=3m51s, loss=2.0138, sps=40.6]
BC[stage1_datasets_L40_stepsweep/bc_baseline_none_steps10000_tr1]:   7%|▋         | 684/10000 [00:16<04:13, 36.73it/s, acc=0.298, device=mps, eta=3m51s, loss=2.0138, sps=40.6]
BC[stage1_datasets_L40_stepsweep/bc_baseline_none_steps10000_tr1]:   7%|▋         | 690/10000 [00:17<03:48, 40.73it/s, acc=0.298, device=mps, eta=3m51s, loss=2.0138, sps=40.6]
BC[stage1_datasets_L40_stepsweep/bc_baseline_none_steps10000_tr1]:   7%|▋         | 696/10000 [00:17<03:33, 43.51it/s, acc=0.298, device=mps, eta=3m51s, loss=2.0138, sps=40.6]
BC[stage1_datasets_L40_stepsweep/bc_baseline_none_steps10000_tr1]:   7%|▋         | 701/10000 [00:17<04:16, 36.22it/s, acc=0.298, device=mps, eta=3m51s, loss=2.0138, sps=40.6]
BC[stage1_datasets_L40_stepsweep/bc_baseline_none_steps10000_tr1]:   7%|▋         | 707/10000 [00:17<03:52, 39.98it/s, acc=0.298, device=mps, eta=3m51s, loss=2.0138, sps=40.6]
BC[stage1_datasets_L40_stepsweep/bc_baseline_none_steps10000_tr1]:   7%|▋         | 713/10000 [00:17<03:33, 43.40it/s, acc=0.298, device=mps, eta=3m51s, loss=2.0138, sps=40.6]
BC[stage1_datasets_L40_stepsweep/bc_baseline_none_steps10000_tr1]:   7%|▋         | 720/10000 [00:17<03:09, 48.87it/s, acc=0.298, device=mps, eta=3m51s, loss=2.0138, sps=40.6]
BC[stage1_datasets_L40_stepsweep/bc_baseline_none_steps10000_tr1]:   7%|▋         | 726/10000 [00:17<03:53, 39.80it/s, acc=0.298, device=mps, eta=3m51s, loss=2.0138, sps=40.6]
BC[stage1_datasets_L40_stepsweep/bc_baseline_none_steps10000_tr1]:   7%|▋         | 732/10000 [00:18<03:36, 42.81it/s, acc=0.298, device=mps, eta=3m51s, loss=2.0138, sps=40.6]
BC[stage1_datasets_L40_stepsweep/bc_baseline_none_steps10000_tr1]:   7%|▋         | 738/10000 [00:18<03:21, 45.85it/s, acc=0.298, device=mps, eta=3m51s, loss=2.0138, sps=40.6]
BC[stage1_datasets_L40_stepsweep/bc_baseline_none_steps10000_tr1]:   7%|▋         | 743/10000 [00:18<04:04, 37.93it/s, acc=0.298, device=mps, eta=3m51s, loss=2.0138, sps=40.6]
BC[stage1_datasets_L40_stepsweep/bc_baseline_none_steps10000_tr1]:   7%|▋         | 749/10000 [00:18<03:44, 41.21it/s, acc=0.298, device=mps, eta=3m51s, loss=2.0138, sps=40.6]
BC[stage1_datasets_L40_stepsweep/bc_baseline_none_steps10000_tr1]:   8%|▊         | 755/10000 [00:18<03:30, 43.92it/s, acc=0.298, device=mps, eta=3m51s, loss=2.0138, sps=40.6]
BC[stage1_datasets_L40_stepsweep/bc_baseline_none_steps10000_tr1]:   8%|▊         | 761/10000 [00:18<04:07, 37.26it/s, acc=0.298, device=mps, eta=3m51s, loss=2.0138, sps=40.6]
BC[stage1_datasets_L40_stepsweep/bc_baseline_none_steps10000_tr1]:   8%|▊         | 766/10000 [00:18<03:52, 39.74it/s, acc=0.298, device=mps, eta=3m51s, loss=2.0138, sps=40.6]
BC[stage1_datasets_L40_stepsweep/bc_baseline_none_steps10000_tr1]:   8%|▊         | 772/10000 [00:19<03:33, 43.26it/s, acc=0.298, device=mps, eta=3m51s, loss=2.0138, sps=40.6]
BC[stage1_datasets_L40_stepsweep/bc_baseline_none_steps10000_tr1]:   8%|▊         | 779/10000 [00:19<03:12, 47.97it/s, acc=0.298, device=mps, eta=3m51s, loss=2.0138, sps=40.6]
BC[stage1_datasets_L40_stepsweep/bc_baseline_none_steps10000_tr1]:   8%|▊         | 785/10000 [00:19<03:47, 40.43it/s, acc=0.298, device=mps, eta=3m51s, loss=2.0138, sps=40.6]
BC[stage1_datasets_L40_stepsweep/bc_baseline_none_steps10000_tr1]:   8%|▊         | 791/10000 [00:19<03:26, 44.51it/s, acc=0.298, device=mps, eta=3m51s, loss=2.0138, sps=40.6]
BC[stage1_datasets_L40_stepsweep/bc_baseline_none_steps10000_tr1]:   8%|▊         | 797/10000 [00:19<03:13, 47.50it/s, acc=0.298, device=mps, eta=3m51s, loss=2.0138, sps=40.6]
BC[stage1_datasets_L40_stepsweep/bc_baseline_none_steps10000_tr1]:   8%|▊         | 797/10000 [00:19<03:13, 47.50it/s, acc=0.301, device=mps, eta=3m46s, loss=2.0097, sps=40.7]
BC[stage1_datasets_L40_stepsweep/bc_baseline_none_steps10000_tr1]:   8%|▊         | 803/10000 [00:19<04:02, 37.98it/s, acc=0.301, device=mps, eta=3m46s, loss=2.0097, sps=40.7]
BC[stage1_datasets_L40_stepsweep/bc_baseline_none_steps10000_tr1]:   8%|▊         | 808/10000 [00:19<03:48, 40.31it/s, acc=0.301, device=mps, eta=3m46s, loss=2.0097, sps=40.7]
BC[stage1_datasets_L40_stepsweep/bc_baseline_none_steps10000_tr1]:   8%|▊         | 814/10000 [00:20<03:28, 44.00it/s, acc=0.301, device=mps, eta=3m46s, loss=2.0097, sps=40.7]
BC[stage1_datasets_L40_stepsweep/bc_baseline_none_steps10000_tr1]:   8%|▊         | 821/10000 [00:20<03:59, 38.38it/s, acc=0.301, device=mps, eta=3m46s, loss=2.0097, sps=40.7]
BC[stage1_datasets_L40_stepsweep/bc_baseline_none_steps10000_tr1]:   8%|▊         | 827/10000 [00:20<03:40, 41.66it/s, acc=0.301, device=mps, eta=3m46s, loss=2.0097, sps=40.7]
BC[stage1_datasets_L40_stepsweep/bc_baseline_none_steps10000_tr1]:   8%|▊         | 833/10000 [00:20<03:24, 44.79it/s, acc=0.301, device=mps, eta=3m46s, loss=2.0097, sps=40.7]
BC[stage1_datasets_L40_stepsweep/bc_baseline_none_steps10000_tr1]:   8%|▊         | 839/10000 [00:20<03:09, 48.30it/s, acc=0.301, device=mps, eta=3m46s, loss=2.0097, sps=40.7]
BC[stage1_datasets_L40_stepsweep/bc_baseline_none_steps10000_tr1]:   8%|▊         | 845/10000 [00:20<03:56, 38.75it/s, acc=0.301, device=mps, eta=3m46s, loss=2.0097, sps=40.7]
BC[stage1_datasets_L40_stepsweep/bc_baseline_none_steps10000_tr1]:   8%|▊         | 850/10000 [00:20<03:45, 40.55it/s, acc=0.301, device=mps, eta=3m46s, loss=2.0097, sps=40.7]
BC[stage1_datasets_L40_stepsweep/bc_baseline_none_steps10000_tr1]:   9%|▊         | 856/10000 [00:21<03:29, 43.61it/s, acc=0.301, device=mps, eta=3m46s, loss=2.0097, sps=40.7]
BC[stage1_datasets_L40_stepsweep/bc_baseline_none_steps10000_tr1]:   9%|▊         | 861/10000 [00:21<04:07, 36.90it/s, acc=0.301, device=mps, eta=3m46s, loss=2.0097, sps=40.7]
BC[stage1_datasets_L40_stepsweep/bc_baseline_none_steps10000_tr1]:   9%|▊         | 867/10000 [00:21<03:42, 41.05it/s, acc=0.301, device=mps, eta=3m46s, loss=2.0097, sps=40.7]
BC[stage1_datasets_L40_stepsweep/bc_baseline_none_steps10000_tr1]:   9%|▊         | 873/10000 [00:21<03:24, 44.60it/s, acc=0.301, device=mps, eta=3m46s, loss=2.0097, sps=40.7]
BC[stage1_datasets_L40_stepsweep/bc_baseline_none_steps10000_tr1]:   9%|▉         | 879/10000 [00:21<03:09, 48.23it/s, acc=0.301, device=mps, eta=3m46s, loss=2.0097, sps=40.7]
BC[stage1_datasets_L40_stepsweep/bc_baseline_none_steps10000_tr1]:   9%|▉         | 885/10000 [00:21<03:48, 39.95it/s, acc=0.301, device=mps, eta=3m46s, loss=2.0097, sps=40.7]
BC[stage1_datasets_L40_stepsweep/bc_baseline_none_steps10000_tr1]:   9%|▉         | 891/10000 [00:21<03:30, 43.30it/s, acc=0.301, device=mps, eta=3m46s, loss=2.0097, sps=40.7]
BC[stage1_datasets_L40_stepsweep/bc_baseline_none_steps10000_tr1]:   9%|▉         | 897/10000 [00:21<03:18, 45.82it/s, acc=0.301, device=mps, eta=3m46s, loss=2.0097, sps=40.7]
BC[stage1_datasets_L40_stepsweep/bc_baseline_none_steps10000_tr1]:   9%|▉         | 902/10000 [00:22<03:56, 38.46it/s, acc=0.301, device=mps, eta=3m46s, loss=2.0097, sps=40.7]
BC[stage1_datasets_L40_stepsweep/bc_baseline_none_steps10000_tr1]:   9%|▉         | 908/10000 [00:22<03:35, 42.21it/s, acc=0.301, device=mps, eta=3m46s, loss=2.0097, sps=40.7]
BC[stage1_datasets_L40_stepsweep/bc_baseline_none_steps10000_tr1]:   9%|▉         | 914/10000 [00:22<03:15, 46.43it/s, acc=0.301, device=mps, eta=3m46s, loss=2.0097, sps=40.7]
BC[stage1_datasets_L40_stepsweep/bc_baseline_none_steps10000_tr1]:   9%|▉         | 921/10000 [00:22<03:45, 40.34it/s, acc=0.301, device=mps, eta=3m46s, loss=2.0097, sps=40.7]
BC[stage1_datasets_L40_stepsweep/bc_baseline_none_steps10000_tr1]:   9%|▉         | 927/10000 [00:22<03:24, 44.29it/s, acc=0.301, device=mps, eta=3m46s, loss=2.0097, sps=40.7]
BC[stage1_datasets_L40_stepsweep/bc_baseline_none_steps10000_tr1]:   9%|▉         | 933/10000 [00:22<03:14, 46.67it/s, acc=0.301, device=mps, eta=3m46s, loss=2.0097, sps=40.7]
BC[stage1_datasets_L40_stepsweep/bc_baseline_none_steps10000_tr1]:   9%|▉         | 939/10000 [00:22<03:16, 46.01it/s, acc=0.301, device=mps, eta=3m46s, loss=2.0097, sps=40.7]
BC[stage1_datasets_L40_stepsweep/bc_baseline_none_steps10000_tr1]:   9%|▉         | 944/10000 [00:23<04:10, 36.14it/s, acc=0.301, device=mps, eta=3m46s, loss=2.0097, sps=40.7]
BC[stage1_datasets_L40_stepsweep/bc_baseline_none_steps10000_tr1]:  10%|▉         | 950/10000 [00:23<03:44, 40.32it/s, acc=0.301, device=mps, eta=3m46s, loss=2.0097, sps=40.7]
BC[stage1_datasets_L40_stepsweep/bc_baseline_none_steps10000_tr1]:  10%|▉         | 957/10000 [00:23<03:17, 45.74it/s, acc=0.301, device=mps, eta=3m46s, loss=2.0097, sps=40.7]
BC[stage1_datasets_L40_stepsweep/bc_baseline_none_steps10000_tr1]:  10%|▉         | 962/10000 [00:23<03:49, 39.31it/s, acc=0.301, device=mps, eta=3m46s, loss=2.0097, sps=40.7]
BC[stage1_datasets_L40_stepsweep/bc_baseline_none_steps10000_tr1]:  10%|▉         | 969/10000 [00:23<03:22, 44.62it/s, acc=0.301, device=mps, eta=3m46s, loss=2.0097, sps=40.7]
BC[stage1_datasets_L40_stepsweep/bc_baseline_none_steps10000_tr1]:  10%|▉         | 975/10000 [00:23<03:09, 47.66it/s, acc=0.301, device=mps, eta=3m46s, loss=2.0097, sps=40.7]
BC[stage1_datasets_L40_stepsweep/bc_baseline_none_steps10000_tr1]:  10%|▉         | 981/10000 [00:24<03:47, 39.63it/s, acc=0.301, device=mps, eta=3m46s, loss=2.0097, sps=40.7]
BC[stage1_datasets_L40_stepsweep/bc_baseline_none_steps10000_tr1]:  10%|▉         | 986/10000 [00:24<03:40, 40.96it/s, acc=0.301, device=mps, eta=3m46s, loss=2.0097, sps=40.7]
BC[stage1_datasets_L40_stepsweep/bc_baseline_none_steps10000_tr1]:  10%|▉         | 992/10000 [00:24<03:24, 44.05it/s, acc=0.301, device=mps, eta=3m46s, loss=2.0097, sps=40.7]
BC[stage1_datasets_L40_stepsweep/bc_baseline_none_steps10000_tr1]:  10%|▉         | 999/10000 [00:24<03:04, 48.75it/s, acc=0.301, device=mps, eta=3m46s, loss=2.0097, sps=40.7]
BC[stage1_datasets_L40_stepsweep/bc_baseline_none_steps10000_tr1]:  10%|▉         | 999/10000 [00:24<03:04, 48.75it/s, acc=0.302, device=mps, eta=3m39s, loss=2.0097, sps=41.0]
BC[stage1_datasets_L40_stepsweep/bc_baseline_none_steps10000_tr1]:  10%|█         | 1005/10000 [00:24<03:39, 40.96it/s, acc=0.302, device=mps, eta=3m39s, loss=2.0097, sps=41.0]
BC[stage1_datasets_L40_stepsweep/bc_baseline_none_steps10000_tr1]:  10%|█         | 1011/10000 [00:24<03:21, 44.51it/s, acc=0.302, device=mps, eta=3m39s, loss=2.0097, sps=41.0]
BC[stage1_datasets_L40_stepsweep/bc_baseline_none_steps10000_tr1]:  10%|█         | 1017/10000 [00:24<03:11, 46.95it/s, acc=0.302, device=mps, eta=3m39s, loss=2.0097, sps=41.0]
BC[stage1_datasets_L40_stepsweep/bc_baseline_none_steps10000_tr1]:  10%|█         | 1022/10000 [00:24<03:55, 38.12it/s, acc=0.302, device=mps, eta=3m39s, loss=2.0097, sps=41.0]
BC[stage1_datasets_L40_stepsweep/bc_baseline_none_steps10000_tr1]:  10%|█         | 1028/10000 [00:25<03:36, 41.46it/s, acc=0.302, device=mps, eta=3m39s, loss=2.0097, sps=41.0]
BC[stage1_datasets_L40_stepsweep/bc_baseline_none_steps10000_tr1]:  10%|█         | 1034/10000 [00:25<03:19, 44.96it/s, acc=0.302, device=mps, eta=3m39s, loss=2.0097, sps=41.0]
BC[stage1_datasets_L40_stepsweep/bc_baseline_none_steps10000_tr1]:  10%|█         | 1040/10000 [00:25<03:04, 48.59it/s, acc=0.302, device=mps, eta=3m39s, loss=2.0097, sps=41.0]
BC[stage1_datasets_L40_stepsweep/bc_baseline_none_steps10000_tr1]:  10%|█         | 1046/10000 [00:25<03:57, 37.63it/s, acc=0.302, device=mps, eta=3m39s, loss=2.0097, sps=41.0]
BC[stage1_datasets_L40_stepsweep/bc_baseline_none_steps10000_tr1]:  11%|█         | 1051/10000 [00:25<03:46, 39.47it/s, acc=0.302, device=mps, eta=3m39s, loss=2.0097, sps=41.0]
BC[stage1_datasets_L40_stepsweep/bc_baseline_none_steps10000_tr1]:  11%|█         | 1056/10000 [00:25<03:34, 41.61it/s, acc=0.302, device=mps, eta=3m39s, loss=2.0097, sps=41.0]
BC[stage1_datasets_L40_stepsweep/bc_baseline_none_steps10000_tr1]:  11%|█         | 1061/10000 [00:25<04:14, 35.07it/s, acc=0.302, device=mps, eta=3m39s, loss=2.0097, sps=41.0]
BC[stage1_datasets_L40_stepsweep/bc_baseline_none_steps10000_tr1]:  11%|█         | 1066/10000 [00:26<03:56, 37.77it/s, acc=0.302, device=mps, eta=3m39s, loss=2.0097, sps=41.0]
BC[stage1_datasets_L40_stepsweep/bc_baseline_none_steps10000_tr1]:  11%|█         | 1072/10000 [00:26<03:32, 41.97it/s, acc=0.302, device=mps, eta=3m39s, loss=2.0097, sps=41.0]
BC[stage1_datasets_L40_stepsweep/bc_baseline_none_steps10000_tr1]:  11%|█         | 1079/10000 [00:26<03:08, 47.37it/s, acc=0.302, device=mps, eta=3m39s, loss=2.0097, sps=41.0]
BC[stage1_datasets_L40_stepsweep/bc_baseline_none_steps10000_tr1]:  11%|█         | 1085/10000 [00:26<03:43, 39.92it/s, acc=0.302, device=mps, eta=3m39s, loss=2.0097, sps=41.0]
BC[stage1_datasets_L40_stepsweep/bc_baseline_none_steps10000_tr1]:  11%|█         | 1091/10000 [00:26<03:26, 43.12it/s, acc=0.302, device=mps, eta=3m39s, loss=2.0097, sps=41.0]
BC[stage1_datasets_L40_stepsweep/bc_baseline_none_steps10000_tr1]:  11%|█         | 1097/10000 [00:26<03:13, 46.03it/s, acc=0.302, device=mps, eta=3m39s, loss=2.0097, sps=41.0]
BC[stage1_datasets_L40_stepsweep/bc_baseline_none_steps10000_tr1]:  11%|█         | 1102/10000 [00:26<03:53, 38.15it/s, acc=0.302, device=mps, eta=3m39s, loss=2.0097, sps=41.0]
BC[stage1_datasets_L40_stepsweep/bc_baseline_none_steps10000_tr1]:  11%|█         | 1108/10000 [00:27<03:34, 41.42it/s, acc=0.302, device=mps, eta=3m39s, loss=2.0097, sps=41.0]
BC[stage1_datasets_L40_stepsweep/bc_baseline_none_steps10000_tr1]:  11%|█         | 1114/10000 [00:27<03:16, 45.16it/s, acc=0.302, device=mps, eta=3m39s, loss=2.0097, sps=41.0]
BC[stage1_datasets_L40_stepsweep/bc_baseline_none_steps10000_tr1]:  11%|█         | 1121/10000 [00:27<03:47, 39.07it/s, acc=0.302, device=mps, eta=3m39s, loss=2.0097, sps=41.0]
BC[stage1_datasets_L40_stepsweep/bc_baseline_none_steps10000_tr1]:  11%|█▏        | 1127/10000 [00:27<03:29, 42.26it/s, acc=0.302, device=mps, eta=3m39s, loss=2.0097, sps=41.0]
BC[stage1_datasets_L40_stepsweep/bc_baseline_none_steps10000_tr1]:  11%|█▏        | 1133/10000 [00:27<03:14, 45.54it/s, acc=0.302, device=mps, eta=3m39s, loss=2.0097, sps=41.0]
BC[stage1_datasets_L40_stepsweep/bc_baseline_none_steps10000_tr1]:  11%|█▏        | 1139/10000 [00:27<03:03, 48.26it/s, acc=0.302, device=mps, eta=3m39s, loss=2.0097, sps=41.0]
BC[stage1_datasets_L40_stepsweep/bc_baseline_none_steps10000_tr1]:  11%|█▏        | 1145/10000 [00:27<03:49, 38.64it/s, acc=0.302, device=mps, eta=3m39s, loss=2.0097, sps=41.0]
BC[stage1_datasets_L40_stepsweep/bc_baseline_none_steps10000_tr1]:  12%|█▏        | 1151/10000 [00:28<03:32, 41.64it/s, acc=0.302, device=mps, eta=3m39s, loss=2.0097, sps=41.0]
BC[stage1_datasets_L40_stepsweep/bc_baseline_none_steps10000_tr1]:  12%|█▏        | 1157/10000 [00:28<03:17, 44.83it/s, acc=0.302, device=mps, eta=3m39s, loss=2.0097, sps=41.0]
BC[stage1_datasets_L40_stepsweep/bc_baseline_none_steps10000_tr1]:  12%|█▏        | 1162/10000 [00:28<03:56, 37.39it/s, acc=0.302, device=mps, eta=3m39s, loss=2.0097, sps=41.0]
BC[stage1_datasets_L40_stepsweep/bc_baseline_none_steps10000_tr1]:  12%|█▏        | 1168/10000 [00:28<03:38, 40.43it/s, acc=0.302, device=mps, eta=3m39s, loss=2.0097, sps=41.0]
BC[stage1_datasets_L40_stepsweep/bc_baseline_none_steps10000_tr1]:  12%|█▏        | 1174/10000 [00:28<03:22, 43.56it/s, acc=0.302, device=mps, eta=3m39s, loss=2.0097, sps=41.0]
BC[stage1_datasets_L40_stepsweep/bc_baseline_none_steps10000_tr1]:  12%|█▏        | 1181/10000 [00:28<03:51, 38.12it/s, acc=0.302, device=mps, eta=3m39s, loss=2.0097, sps=41.0]
BC[stage1_datasets_L40_stepsweep/bc_baseline_none_steps10000_tr1]:  12%|█▏        | 1186/10000 [00:28<03:38, 40.37it/s, acc=0.302, device=mps, eta=3m39s, loss=2.0097, sps=41.0]
BC[stage1_datasets_L40_stepsweep/bc_baseline_none_steps10000_tr1]:  12%|█▏        | 1192/10000 [00:29<03:22, 43.45it/s, acc=0.302, device=mps, eta=3m39s, loss=2.0097, sps=41.0]
BC[stage1_datasets_L40_stepsweep/bc_baseline_none_steps10000_tr1]:  12%|█▏        | 1198/10000 [00:29<03:08, 46.61it/s, acc=0.302, device=mps, eta=3m39s, loss=2.0097, sps=41.0]
BC[stage1_datasets_L40_stepsweep/bc_baseline_none_steps10000_tr1]:  12%|█▏        | 1198/10000 [00:29<03:08, 46.61it/s, acc=0.300, device=mps, eta=3m34s, loss=2.0085, sps=41.2]
BC[stage1_datasets_L40_stepsweep/bc_baseline_none_steps10000_tr1]:  12%|█▏        | 1203/10000 [00:29<03:49, 38.40it/s, acc=0.300, device=mps, eta=3m34s, loss=2.0085, sps=41.2]
BC[stage1_datasets_L40_stepsweep/bc_baseline_none_steps10000_tr1]:  12%|█▏        | 1209/10000 [00:29<03:27, 42.46it/s, acc=0.300, device=mps, eta=3m34s, loss=2.0085, sps=41.2]
BC[stage1_datasets_L40_stepsweep/bc_baseline_none_steps10000_tr1]:  12%|█▏        | 1215/10000 [00:29<03:10, 46.19it/s, acc=0.300, device=mps, eta=3m34s, loss=2.0085, sps=41.2]
BC[stage1_datasets_L40_stepsweep/bc_baseline_none_steps10000_tr1]:  12%|█▏        | 1221/10000 [00:29<03:48, 38.41it/s, acc=0.300, device=mps, eta=3m34s, loss=2.0085, sps=41.2]
BC[stage1_datasets_L40_stepsweep/bc_baseline_none_steps10000_tr1]:  12%|█▏        | 1227/10000 [00:29<03:30, 41.65it/s, acc=0.300, device=mps, eta=3m34s, loss=2.0085, sps=41.2]
BC[stage1_datasets_L40_stepsweep/bc_baseline_none_steps10000_tr1]:  12%|█▏        | 1233/10000 [00:29<03:17, 44.38it/s, acc=0.300, device=mps, eta=3m34s, loss=2.0085, sps=41.2]
BC[stage1_datasets_L40_stepsweep/bc_baseline_none_steps10000_tr1]:  12%|█▏        | 1239/10000 [00:30<03:06, 47.06it/s, acc=0.300, device=mps, eta=3m34s, loss=2.0085, sps=41.2]
BC[stage1_datasets_L40_stepsweep/bc_baseline_none_steps10000_tr1]:  12%|█▏        | 1244/10000 [00:30<03:54, 37.36it/s, acc=0.300, device=mps, eta=3m34s, loss=2.0085, sps=41.2]
BC[stage1_datasets_L40_stepsweep/bc_baseline_none_steps10000_tr1]:  12%|█▎        | 1250/10000 [00:30<03:30, 41.49it/s, acc=0.300, device=mps, eta=3m34s, loss=2.0085, sps=41.2]
BC[stage1_datasets_L40_stepsweep/bc_baseline_none_steps10000_tr1]:  13%|█▎        | 1256/10000 [00:30<03:11, 45.65it/s, acc=0.300, device=mps, eta=3m34s, loss=2.0085, sps=41.2]
BC[stage1_datasets_L40_stepsweep/bc_baseline_none_steps10000_tr1]:  13%|█▎        | 1261/10000 [00:30<03:46, 38.53it/s, acc=0.300, device=mps, eta=3m34s, loss=2.0085, sps=41.2]
BC[stage1_datasets_L40_stepsweep/bc_baseline_none_steps10000_tr1]:  13%|█▎        | 1266/10000 [00:30<03:39, 39.81it/s, acc=0.300, device=mps, eta=3m34s, loss=2.0085, sps=41.2]
BC[stage1_datasets_L40_stepsweep/bc_baseline_none_steps10000_tr1]:  13%|█▎        | 1271/10000 [00:30<03:40, 39.58it/s, acc=0.300, device=mps, eta=3m34s, loss=2.0085, sps=41.2]
BC[stage1_datasets_L40_stepsweep/bc_baseline_none_steps10000_tr1]:  13%|█▎        | 1276/10000 [00:31<03:31, 41.30it/s, acc=0.300, device=mps, eta=3m34s, loss=2.0085, sps=41.2]
BC[stage1_datasets_L40_stepsweep/bc_baseline_none_steps10000_tr1]:  13%|█▎        | 1281/10000 [00:31<04:11, 34.71it/s, acc=0.300, device=mps, eta=3m34s, loss=2.0085, sps=41.2]
BC[stage1_datasets_L40_stepsweep/bc_baseline_none_steps10000_tr1]:  13%|█▎        | 1286/10000 [00:31<03:49, 37.95it/s, acc=0.300, device=mps, eta=3m34s, loss=2.0085, sps=41.2]
BC[stage1_datasets_L40_stepsweep/bc_baseline_none_steps10000_tr1]:  13%|█▎        | 1292/10000 [00:31<03:25, 42.37it/s, acc=0.300, device=mps, eta=3m34s, loss=2.0085, sps=41.2]
BC[stage1_datasets_L40_stepsweep/bc_baseline_none_steps10000_tr1]:  13%|█▎        | 1298/10000 [00:31<03:07, 46.30it/s, acc=0.300, device=mps, eta=3m34s, loss=2.0085, sps=41.2]
BC[stage1_datasets_L40_stepsweep/bc_baseline_none_steps10000_tr1]:  13%|█▎        | 1303/10000 [00:31<03:52, 37.48it/s, acc=0.300, device=mps, eta=3m34s, loss=2.0085, sps=41.2]
BC[stage1_datasets_L40_stepsweep/bc_baseline_none_steps10000_tr1]:  13%|█▎        | 1309/10000 [00:31<03:30, 41.32it/s, acc=0.300, device=mps, eta=3m34s, loss=2.0085, sps=41.2]
BC[stage1_datasets_L40_stepsweep/bc_baseline_none_steps10000_tr1]:  13%|█▎        | 1315/10000 [00:31<03:09, 45.72it/s, acc=0.300, device=mps, eta=3m34s, loss=2.0085, sps=41.2]
BC[stage1_datasets_L40_stepsweep/bc_baseline_none_steps10000_tr1]:  13%|█▎        | 1321/10000 [00:32<03:43, 38.84it/s, acc=0.300, device=mps, eta=3m34s, loss=2.0085, sps=41.2]
BC[stage1_datasets_L40_stepsweep/bc_baseline_none_steps10000_tr1]:  13%|█▎        | 1327/10000 [00:32<03:25, 42.11it/s, acc=0.300, device=mps, eta=3m34s, loss=2.0085, sps=41.2]
BC[stage1_datasets_L40_stepsweep/bc_baseline_none_steps10000_tr1]:  13%|█▎        | 1333/10000 [00:32<03:12, 45.01it/s, acc=0.300, device=mps, eta=3m34s, loss=2.0085, sps=41.2]
BC[stage1_datasets_L40_stepsweep/bc_baseline_none_steps10000_tr1]:  13%|█▎        | 1339/10000 [00:32<03:00, 47.87it/s, acc=0.300, device=mps, eta=3m34s, loss=2.0085, sps=41.2]
BC[stage1_datasets_L40_stepsweep/bc_baseline_none_steps10000_tr1]:  13%|█▎        | 1345/10000 [00:32<03:44, 38.47it/s, acc=0.300, device=mps, eta=3m34s, loss=2.0085, sps=41.2]
BC[stage1_datasets_L40_stepsweep/bc_baseline_none_steps10000_tr1]:  14%|█▎        | 1351/10000 [00:32<03:24, 42.26it/s, acc=0.300, device=mps, eta=3m34s, loss=2.0085, sps=41.2]
BC[stage1_datasets_L40_stepsweep/bc_baseline_none_steps10000_tr1]:  14%|█▎        | 1358/10000 [00:32<03:03, 47.11it/s, acc=0.300, device=mps, eta=3m34s, loss=2.0085, sps=41.2]
BC[stage1_datasets_L40_stepsweep/bc_baseline_none_steps10000_tr1]:  14%|█▎        | 1364/10000 [00:33<03:33, 40.37it/s, acc=0.300, device=mps, eta=3m34s, loss=2.0085, sps=41.2]
BC[stage1_datasets_L40_stepsweep/bc_baseline_none_steps10000_tr1]:  14%|█▎        | 1370/10000 [00:33<03:15, 44.10it/s, acc=0.300, device=mps, eta=3m34s, loss=2.0085, sps=41.2]
BC[stage1_datasets_L40_stepsweep/bc_baseline_none_steps10000_tr1]:  14%|█▍        | 1376/10000 [00:33<03:03, 47.01it/s, acc=0.300, device=mps, eta=3m34s, loss=2.0085, sps=41.2]
BC[stage1_datasets_L40_stepsweep/bc_baseline_none_steps10000_tr1]:  14%|█▍        | 1382/10000 [00:33<03:42, 38.76it/s, acc=0.300, device=mps, eta=3m34s, loss=2.0085, sps=41.2]
BC[stage1_datasets_L40_stepsweep/bc_baseline_none_steps10000_tr1]:  14%|█▍        | 1388/10000 [00:33<03:26, 41.80it/s, acc=0.300, device=mps, eta=3m34s, loss=2.0085, sps=41.2]
BC[stage1_datasets_L40_stepsweep/bc_baseline_none_steps10000_tr1]:  14%|█▍        | 1394/10000 [00:33<03:13, 44.40it/s, acc=0.300, device=mps, eta=3m34s, loss=2.0085, sps=41.2]
BC[stage1_datasets_L40_stepsweep/bc_baseline_none_steps10000_tr1]:  14%|█▍        | 1394/10000 [00:33<03:13, 44.40it/s, acc=0.301, device=mps, eta=3m28s, loss=2.0106, sps=41.2]
BC[stage1_datasets_L40_stepsweep/bc_baseline_none_steps10000_tr1]:  14%|█▍        | 1401/10000 [00:34<03:44, 38.37it/s, acc=0.301, device=mps, eta=3m28s, loss=2.0106, sps=41.2]
BC[stage1_datasets_L40_stepsweep/bc_baseline_none_steps10000_tr1]:  14%|█▍        | 1406/10000 [00:34<03:36, 39.73it/s, acc=0.301, device=mps, eta=3m28s, loss=2.0106, sps=41.2]
BC[stage1_datasets_L40_stepsweep/bc_baseline_none_steps10000_tr1]:  14%|█▍        | 1411/10000 [00:34<03:28, 41.27it/s, acc=0.301, device=mps, eta=3m28s, loss=2.0106, sps=41.2]
BC[stage1_datasets_L40_stepsweep/bc_baseline_none_steps10000_tr1]:  14%|█▍        | 1417/10000 [00:34<03:12, 44.50it/s, acc=0.301, device=mps, eta=3m28s, loss=2.0106, sps=41.2]
BC[stage1_datasets_L40_stepsweep/bc_baseline_none_steps10000_tr1]:  14%|█▍        | 1422/10000 [00:34<03:56, 36.31it/s, acc=0.301, device=mps, eta=3m28s, loss=2.0106, sps=41.2]
BC[stage1_datasets_L40_stepsweep/bc_baseline_none_steps10000_tr1]:  14%|█▍        | 1427/10000 [00:34<03:39, 39.02it/s, acc=0.301, device=mps, eta=3m28s, loss=2.0106, sps=41.2]
BC[stage1_datasets_L40_stepsweep/bc_baseline_none_steps10000_tr1]:  14%|█▍        | 1433/10000 [00:34<03:17, 43.36it/s, acc=0.301, device=mps, eta=3m28s, loss=2.0106, sps=41.2]
BC[stage1_datasets_L40_stepsweep/bc_baseline_none_steps10000_tr1]:  14%|█▍        | 1439/10000 [00:34<03:02, 46.92it/s, acc=0.301, device=mps, eta=3m28s, loss=2.0106, sps=41.2]
BC[stage1_datasets_L40_stepsweep/bc_baseline_none_steps10000_tr1]:  14%|█▍        | 1444/10000 [00:35<03:46, 37.73it/s, acc=0.301, device=mps, eta=3m28s, loss=2.0106, sps=41.2]
BC[stage1_datasets_L40_stepsweep/bc_baseline_none_steps10000_tr1]:  14%|█▍        | 1450/10000 [00:35<03:21, 42.45it/s, acc=0.301, device=mps, eta=3m28s, loss=2.0106, sps=41.2]
BC[stage1_datasets_L40_stepsweep/bc_baseline_none_steps10000_tr1]:  15%|█▍        | 1457/10000 [00:35<02:59, 47.58it/s, acc=0.301, device=mps, eta=3m28s, loss=2.0106, sps=41.2]
BC[stage1_datasets_L40_stepsweep/bc_baseline_none_steps10000_tr1]:  15%|█▍        | 1463/10000 [00:35<03:32, 40.21it/s, acc=0.301, device=mps, eta=3m28s, loss=2.0106, sps=41.2]
BC[stage1_datasets_L40_stepsweep/bc_baseline_none_steps10000_tr1]:  15%|█▍        | 1469/10000 [00:35<03:13, 43.99it/s, acc=0.301, device=mps, eta=3m28s, loss=2.0106, sps=41.2]
BC[stage1_datasets_L40_stepsweep/bc_baseline_none_steps10000_tr1]:  15%|█▍        | 1477/10000 [00:35<02:45, 51.48it/s, acc=0.301, device=mps, eta=3m28s, loss=2.0106, sps=41.2]
BC[stage1_datasets_L40_stepsweep/bc_baseline_none_steps10000_tr1]:  15%|█▍        | 1483/10000 [00:35<03:12, 44.28it/s, acc=0.301, device=mps, eta=3m28s, loss=2.0106, sps=41.2]
BC[stage1_datasets_L40_stepsweep/bc_baseline_none_steps10000_tr1]:  15%|█▍        | 1490/10000 [00:36<02:54, 48.86it/s, acc=0.301, device=mps, eta=3m28s, loss=2.0106, sps=41.2]
BC[stage1_datasets_L40_stepsweep/bc_baseline_none_steps10000_tr1]:  15%|█▍        | 1497/10000 [00:36<02:43, 51.93it/s, acc=0.301, device=mps, eta=3m28s, loss=2.0106, sps=41.2]
BC[stage1_datasets_L40_stepsweep/bc_baseline_none_steps10000_tr1]:  15%|█▌        | 1503/10000 [00:36<03:22, 41.96it/s, acc=0.301, device=mps, eta=3m28s, loss=2.0106, sps=41.2]
BC[stage1_datasets_L40_stepsweep/bc_baseline_none_steps10000_tr1]:  15%|█▌        | 1508/10000 [00:36<03:15, 43.42it/s, acc=0.301, device=mps, eta=3m28s, loss=2.0106, sps=41.2]
BC[stage1_datasets_L40_stepsweep/bc_baseline_none_steps10000_tr1]:  15%|█▌        | 1514/10000 [00:36<03:02, 46.55it/s, acc=0.301, device=mps, eta=3m28s, loss=2.0106, sps=41.2]
BC[stage1_datasets_L40_stepsweep/bc_baseline_none_steps10000_tr1]:  15%|█▌        | 1521/10000 [00:36<03:27, 40.84it/s, acc=0.301, device=mps, eta=3m28s, loss=2.0106, sps=41.2]
BC[stage1_datasets_L40_stepsweep/bc_baseline_none_steps10000_tr1]:  15%|█▌        | 1528/10000 [00:36<03:03, 46.21it/s, acc=0.301, device=mps, eta=3m28s, loss=2.0106, sps=41.2]
BC[stage1_datasets_L40_stepsweep/bc_baseline_none_steps10000_tr1]:  15%|█▌        | 1535/10000 [00:37<02:46, 50.80it/s, acc=0.301, device=mps, eta=3m28s, loss=2.0106, sps=41.2]
BC[stage1_datasets_L40_stepsweep/bc_baseline_none_steps10000_tr1]:  15%|█▌        | 1541/10000 [00:37<03:18, 42.69it/s, acc=0.301, device=mps, eta=3m28s, loss=2.0106, sps=41.2]
BC[stage1_datasets_L40_stepsweep/bc_baseline_none_steps10000_tr1]:  15%|█▌        | 1546/10000 [00:37<03:11, 44.12it/s, acc=0.301, device=mps, eta=3m28s, loss=2.0106, sps=41.2]
BC[stage1_datasets_L40_stepsweep/bc_baseline_none_steps10000_tr1]:  16%|█▌        | 1552/10000 [00:37<03:01, 46.47it/s, acc=0.301, device=mps, eta=3m28s, loss=2.0106, sps=41.2]
BC[stage1_datasets_L40_stepsweep/bc_baseline_none_steps10000_tr1]:  16%|█▌        | 1558/10000 [00:37<02:50, 49.42it/s, acc=0.301, device=mps, eta=3m28s, loss=2.0106, sps=41.2]
BC[stage1_datasets_L40_stepsweep/bc_baseline_none_steps10000_tr1]:  16%|█▌        | 1564/10000 [00:37<03:26, 40.86it/s, acc=0.301, device=mps, eta=3m28s, loss=2.0106, sps=41.2]
BC[stage1_datasets_L40_stepsweep/bc_baseline_none_steps10000_tr1]:  16%|█▌        | 1570/10000 [00:37<03:12, 43.89it/s, acc=0.301, device=mps, eta=3m28s, loss=2.0106, sps=41.2]
BC[stage1_datasets_L40_stepsweep/bc_baseline_none_steps10000_tr1]:  16%|█▌        | 1576/10000 [00:37<03:02, 46.23it/s, acc=0.301, device=mps, eta=3m28s, loss=2.0106, sps=41.2]
BC[stage1_datasets_L40_stepsweep/bc_baseline_none_steps10000_tr1]:  16%|█▌        | 1581/10000 [00:38<03:39, 38.33it/s, acc=0.301, device=mps, eta=3m28s, loss=2.0106, sps=41.2]
BC[stage1_datasets_L40_stepsweep/bc_baseline_none_steps10000_tr1]:  16%|█▌        | 1586/10000 [00:38<03:26, 40.77it/s, acc=0.301, device=mps, eta=3m28s, loss=2.0106, sps=41.2]
BC[stage1_datasets_L40_stepsweep/bc_baseline_none_steps10000_tr1]:  16%|█▌        | 1592/10000 [00:38<03:07, 44.95it/s, acc=0.301, device=mps, eta=3m28s, loss=2.0106, sps=41.2]
BC[stage1_datasets_L40_stepsweep/bc_baseline_none_steps10000_tr1]:  16%|█▌        | 1599/10000 [00:38<02:50, 49.26it/s, acc=0.301, device=mps, eta=3m28s, loss=2.0106, sps=41.2]
BC[stage1_datasets_L40_stepsweep/bc_baseline_none_steps10000_tr1]:  16%|█▌        | 1599/10000 [00:38<02:50, 49.26it/s, acc=0.302, device=mps, eta=3m22s, loss=2.0030, sps=41.5]
BC[stage1_datasets_L40_stepsweep/bc_baseline_none_steps10000_tr1]:  16%|█▌        | 1605/10000 [00:38<03:30, 39.80it/s, acc=0.302, device=mps, eta=3m22s, loss=2.0030, sps=41.5]
BC[stage1_datasets_L40_stepsweep/bc_baseline_none_steps10000_tr1]:  16%|█▌        | 1611/10000 [00:38<03:17, 42.50it/s, acc=0.302, device=mps, eta=3m22s, loss=2.0030, sps=41.5]
BC[stage1_datasets_L40_stepsweep/bc_baseline_none_steps10000_tr1]:  16%|█▌        | 1617/10000 [00:38<03:05, 45.16it/s, acc=0.302, device=mps, eta=3m22s, loss=2.0030, sps=41.5]
BC[stage1_datasets_L40_stepsweep/bc_baseline_none_steps10000_tr1]:  16%|█▌        | 1622/10000 [00:39<03:42, 37.72it/s, acc=0.302, device=mps, eta=3m22s, loss=2.0030, sps=41.5]
BC[stage1_datasets_L40_stepsweep/bc_baseline_none_steps10000_tr1]:  16%|█▋        | 1628/10000 [00:39<03:20, 41.73it/s, acc=0.302, device=mps, eta=3m22s, loss=2.0030, sps=41.5]
BC[stage1_datasets_L40_stepsweep/bc_baseline_none_steps10000_tr1]:  16%|█▋        | 1634/10000 [00:39<03:02, 45.76it/s, acc=0.302, device=mps, eta=3m22s, loss=2.0030, sps=41.5]
BC[stage1_datasets_L40_stepsweep/bc_baseline_none_steps10000_tr1]:  16%|█▋        | 1641/10000 [00:39<03:30, 39.66it/s, acc=0.302, device=mps, eta=3m22s, loss=2.0030, sps=41.5]
BC[stage1_datasets_L40_stepsweep/bc_baseline_none_steps10000_tr1]:  16%|█▋        | 1647/10000 [00:39<03:12, 43.29it/s, acc=0.302, device=mps, eta=3m22s, loss=2.0030, sps=41.5]
BC[stage1_datasets_L40_stepsweep/bc_baseline_none_steps10000_tr1]:  17%|█▋        | 1652/10000 [00:39<03:14, 43.02it/s, acc=0.302, device=mps, eta=3m22s, loss=2.0030, sps=41.5]
BC[stage1_datasets_L40_stepsweep/bc_baseline_none_steps10000_tr1]:  17%|█▋        | 1658/10000 [00:39<03:01, 45.87it/s, acc=0.302, device=mps, eta=3m22s, loss=2.0030, sps=41.5]
BC[stage1_datasets_L40_stepsweep/bc_baseline_none_steps10000_tr1]:  17%|█▋        | 1663/10000 [00:40<03:37, 38.34it/s, acc=0.302, device=mps, eta=3m22s, loss=2.0030, sps=41.5]
BC[stage1_datasets_L40_stepsweep/bc_baseline_none_steps10000_tr1]:  17%|█▋        | 1668/10000 [00:40<03:27, 40.23it/s, acc=0.302, device=mps, eta=3m22s, loss=2.0030, sps=41.5]
BC[stage1_datasets_L40_stepsweep/bc_baseline_none_steps10000_tr1]:  17%|█▋        | 1675/10000 [00:40<03:00, 46.17it/s, acc=0.302, device=mps, eta=3m22s, loss=2.0030, sps=41.5]
BC[stage1_datasets_L40_stepsweep/bc_baseline_none_steps10000_tr1]:  17%|█▋        | 1681/10000 [00:40<03:23, 40.82it/s, acc=0.302, device=mps, eta=3m22s, loss=2.0030, sps=41.5]
BC[stage1_datasets_L40_stepsweep/bc_baseline_none_steps10000_tr1]:  17%|█▋        | 1687/10000 [00:40<03:04, 44.98it/s, acc=0.302, device=mps, eta=3m22s, loss=2.0030, sps=41.5]
BC[stage1_datasets_L40_stepsweep/bc_baseline_none_steps10000_tr1]:  17%|█▋        | 1694/10000 [00:40<02:47, 49.48it/s, acc=0.302, device=mps, eta=3m22s, loss=2.0030, sps=41.5]
BC[stage1_datasets_L40_stepsweep/bc_baseline_none_steps10000_tr1]:  17%|█▋        | 1701/10000 [00:40<03:16, 42.34it/s, acc=0.302, device=mps, eta=3m22s, loss=2.0030, sps=41.5]
BC[stage1_datasets_L40_stepsweep/bc_baseline_none_steps10000_tr1]:  17%|█▋        | 1707/10000 [00:41<03:06, 44.36it/s, acc=0.302, device=mps, eta=3m22s, loss=2.0030, sps=41.5]
BC[stage1_datasets_L40_stepsweep/bc_baseline_none_steps10000_tr1]:  17%|█▋        | 1713/10000 [00:41<02:59, 46.27it/s, acc=0.302, device=mps, eta=3m22s, loss=2.0030, sps=41.5]
BC[stage1_datasets_L40_stepsweep/bc_baseline_none_steps10000_tr1]:  17%|█▋        | 1719/10000 [00:41<02:49, 48.82it/s, acc=0.302, device=mps, eta=3m22s, loss=2.0030, sps=41.5]
BC[stage1_datasets_L40_stepsweep/bc_baseline_none_steps10000_tr1]:  17%|█▋        | 1725/10000 [00:41<03:29, 39.41it/s, acc=0.302, device=mps, eta=3m22s, loss=2.0030, sps=41.5]
BC[stage1_datasets_L40_stepsweep/bc_baseline_none_steps10000_tr1]:  17%|█▋        | 1731/10000 [00:41<03:15, 42.26it/s, acc=0.302, device=mps, eta=3m22s, loss=2.0030, sps=41.5]
BC[stage1_datasets_L40_stepsweep/bc_baseline_none_steps10000_tr1]:  17%|█▋        | 1737/10000 [00:41<03:04, 44.82it/s, acc=0.302, device=mps, eta=3m22s, loss=2.0030, sps=41.5]
BC[stage1_datasets_L40_stepsweep/bc_baseline_none_steps10000_tr1]:  17%|█▋        | 1742/10000 [00:41<03:44, 36.83it/s, acc=0.302, device=mps, eta=3m22s, loss=2.0030, sps=41.5]
BC[stage1_datasets_L40_stepsweep/bc_baseline_none_steps10000_tr1]:  17%|█▋        | 1748/10000 [00:42<03:25, 40.18it/s, acc=0.302, device=mps, eta=3m22s, loss=2.0030, sps=41.5]
BC[stage1_datasets_L40_stepsweep/bc_baseline_none_steps10000_tr1]:  18%|█▊        | 1754/10000 [00:42<03:10, 43.34it/s, acc=0.302, device=mps, eta=3m22s, loss=2.0030, sps=41.5]
BC[stage1_datasets_L40_stepsweep/bc_baseline_none_steps10000_tr1]:  18%|█▊        | 1760/10000 [00:42<02:54, 47.23it/s, acc=0.302, device=mps, eta=3m22s, loss=2.0030, sps=41.5]
BC[stage1_datasets_L40_stepsweep/bc_baseline_none_steps10000_tr1]:  18%|█▊        | 1766/10000 [00:42<03:41, 37.23it/s, acc=0.302, device=mps, eta=3m22s, loss=2.0030, sps=41.5]
BC[stage1_datasets_L40_stepsweep/bc_baseline_none_steps10000_tr1]:  18%|█▊        | 1771/10000 [00:42<03:27, 39.65it/s, acc=0.302, device=mps, eta=3m22s, loss=2.0030, sps=41.5]
BC[stage1_datasets_L40_stepsweep/bc_baseline_none_steps10000_tr1]:  18%|█▊        | 1777/10000 [00:42<03:12, 42.65it/s, acc=0.302, device=mps, eta=3m22s, loss=2.0030, sps=41.5]
BC[stage1_datasets_L40_stepsweep/bc_baseline_none_steps10000_tr1]:  18%|█▊        | 1782/10000 [00:42<03:50, 35.58it/s, acc=0.302, device=mps, eta=3m22s, loss=2.0030, sps=41.5]
BC[stage1_datasets_L40_stepsweep/bc_baseline_none_steps10000_tr1]:  18%|█▊        | 1787/10000 [00:43<03:35, 38.17it/s, acc=0.302, device=mps, eta=3m22s, loss=2.0030, sps=41.5]
BC[stage1_datasets_L40_stepsweep/bc_baseline_none_steps10000_tr1]:  18%|█▊        | 1793/10000 [00:43<03:12, 42.70it/s, acc=0.302, device=mps, eta=3m22s, loss=2.0030, sps=41.5]
BC[stage1_datasets_L40_stepsweep/bc_baseline_none_steps10000_tr1]:  18%|█▊        | 1799/10000 [00:43<02:54, 46.96it/s, acc=0.302, device=mps, eta=3m22s, loss=2.0030, sps=41.5]
BC[stage1_datasets_L40_stepsweep/bc_baseline_none_steps10000_tr1]:  18%|█▊        | 1799/10000 [00:43<02:54, 46.96it/s, acc=0.300, device=mps, eta=3m17s, loss=2.0044, sps=41.6]
BC[stage1_datasets_L40_stepsweep/bc_baseline_none_steps10000_tr1]:  18%|█▊        | 1805/10000 [00:43<03:29, 39.20it/s, acc=0.300, device=mps, eta=3m17s, loss=2.0044, sps=41.6]
BC[stage1_datasets_L40_stepsweep/bc_baseline_none_steps10000_tr1]:  18%|█▊        | 1811/10000 [00:43<03:13, 42.26it/s, acc=0.300, device=mps, eta=3m17s, loss=2.0044, sps=41.6]
BC[stage1_datasets_L40_stepsweep/bc_baseline_none_steps10000_tr1]:  18%|█▊        | 1817/10000 [00:43<03:04, 44.42it/s, acc=0.300, device=mps, eta=3m17s, loss=2.0044, sps=41.6]
BC[stage1_datasets_L40_stepsweep/bc_baseline_none_steps10000_tr1]:  18%|█▊        | 1822/10000 [00:43<03:40, 37.13it/s, acc=0.300, device=mps, eta=3m17s, loss=2.0044, sps=41.6]
BC[stage1_datasets_L40_stepsweep/bc_baseline_none_steps10000_tr1]:  18%|█▊        | 1828/10000 [00:43<03:19, 40.87it/s, acc=0.300, device=mps, eta=3m17s, loss=2.0044, sps=41.6]
BC[stage1_datasets_L40_stepsweep/bc_baseline_none_steps10000_tr1]:  18%|█▊        | 1834/10000 [00:44<03:03, 44.40it/s, acc=0.300, device=mps, eta=3m17s, loss=2.0044, sps=41.6]
BC[stage1_datasets_L40_stepsweep/bc_baseline_none_steps10000_tr1]:  18%|█▊        | 1841/10000 [00:44<03:27, 39.28it/s, acc=0.300, device=mps, eta=3m17s, loss=2.0044, sps=41.6]
BC[stage1_datasets_L40_stepsweep/bc_baseline_none_steps10000_tr1]:  18%|█▊        | 1847/10000 [00:44<03:11, 42.48it/s, acc=0.300, device=mps, eta=3m17s, loss=2.0044, sps=41.6]
BC[stage1_datasets_L40_stepsweep/bc_baseline_none_steps10000_tr1]:  19%|█▊        | 1853/10000 [00:44<02:58, 45.63it/s, acc=0.300, device=mps, eta=3m17s, loss=2.0044, sps=41.6]
BC[stage1_datasets_L40_stepsweep/bc_baseline_none_steps10000_tr1]:  19%|█▊        | 1859/10000 [00:44<02:49, 48.01it/s, acc=0.300, device=mps, eta=3m17s, loss=2.0044, sps=41.6]
BC[stage1_datasets_L40_stepsweep/bc_baseline_none_steps10000_tr1]:  19%|█▊        | 1865/10000 [00:44<03:33, 38.19it/s, acc=0.300, device=mps, eta=3m17s, loss=2.0044, sps=41.6]
BC[stage1_datasets_L40_stepsweep/bc_baseline_none_steps10000_tr1]:  19%|█▊        | 1870/10000 [00:44<03:20, 40.48it/s, acc=0.300, device=mps, eta=3m17s, loss=2.0044, sps=41.6]
BC[stage1_datasets_L40_stepsweep/bc_baseline_none_steps10000_tr1]:  19%|█▉        | 1877/10000 [00:45<02:57, 45.87it/s, acc=0.300, device=mps, eta=3m17s, loss=2.0044, sps=41.6]
BC[stage1_datasets_L40_stepsweep/bc_baseline_none_steps10000_tr1]:  19%|█▉        | 1882/10000 [00:45<03:30, 38.61it/s, acc=0.300, device=mps, eta=3m17s, loss=2.0044, sps=41.6]
BC[stage1_datasets_L40_stepsweep/bc_baseline_none_steps10000_tr1]:  19%|█▉        | 1887/10000 [00:45<03:17, 41.13it/s, acc=0.300, device=mps, eta=3m17s, loss=2.0044, sps=41.6]
BC[stage1_datasets_L40_stepsweep/bc_baseline_none_steps10000_tr1]:  19%|█▉        | 1893/10000 [00:45<03:03, 44.17it/s, acc=0.300, device=mps, eta=3m17s, loss=2.0044, sps=41.6]
BC[stage1_datasets_L40_stepsweep/bc_baseline_none_steps10000_tr1]:  19%|█▉        | 1899/10000 [00:45<02:51, 47.28it/s, acc=0.300, device=mps, eta=3m17s, loss=2.0044, sps=41.6]
BC[stage1_datasets_L40_stepsweep/bc_baseline_none_steps10000_tr1]:  19%|█▉        | 1904/10000 [00:45<03:38, 37.04it/s, acc=0.300, device=mps, eta=3m17s, loss=2.0044, sps=41.6]
BC[stage1_datasets_L40_stepsweep/bc_baseline_none_steps10000_tr1]:  19%|█▉        | 1909/10000 [00:45<03:24, 39.61it/s, acc=0.300, device=mps, eta=3m17s, loss=2.0044, sps=41.6]
BC[stage1_datasets_L40_stepsweep/bc_baseline_none_steps10000_tr1]:  19%|█▉        | 1915/10000 [00:46<03:07, 43.04it/s, acc=0.300, device=mps, eta=3m17s, loss=2.0044, sps=41.6]
BC[stage1_datasets_L40_stepsweep/bc_baseline_none_steps10000_tr1]:  19%|█▉        | 1921/10000 [00:46<03:38, 37.04it/s, acc=0.300, device=mps, eta=3m17s, loss=2.0044, sps=41.6]
BC[stage1_datasets_L40_stepsweep/bc_baseline_none_steps10000_tr1]:  19%|█▉        | 1927/10000 [00:46<03:19, 40.48it/s, acc=0.300, device=mps, eta=3m17s, loss=2.0044, sps=41.6]
BC[stage1_datasets_L40_stepsweep/bc_baseline_none_steps10000_tr1]:  19%|█▉        | 1933/10000 [00:46<03:05, 43.50it/s, acc=0.300, device=mps, eta=3m17s, loss=2.0044, sps=41.6]
BC[stage1_datasets_L40_stepsweep/bc_baseline_none_steps10000_tr1]:  19%|█▉        | 1939/10000 [00:46<02:55, 46.03it/s, acc=0.300, device=mps, eta=3m17s, loss=2.0044, sps=41.6]
BC[stage1_datasets_L40_stepsweep/bc_baseline_none_steps10000_tr1]:  19%|█▉        | 1944/10000 [00:46<03:27, 38.84it/s, acc=0.300, device=mps, eta=3m17s, loss=2.0044, sps=41.6]
BC[stage1_datasets_L40_stepsweep/bc_baseline_none_steps10000_tr1]:  20%|█▉        | 1952/10000 [00:46<02:50, 47.21it/s, acc=0.300, device=mps, eta=3m17s, loss=2.0044, sps=41.6]
BC[stage1_datasets_L40_stepsweep/bc_baseline_none_steps10000_tr1]:  20%|█▉        | 1960/10000 [00:46<02:27, 54.40it/s, acc=0.300, device=mps, eta=3m17s, loss=2.0044, sps=41.6]
BC[stage1_datasets_L40_stepsweep/bc_baseline_none_steps10000_tr1]:  20%|█▉        | 1966/10000 [00:47<03:06, 43.06it/s, acc=0.300, device=mps, eta=3m17s, loss=2.0044, sps=41.6]
BC[stage1_datasets_L40_stepsweep/bc_baseline_none_steps10000_tr1]:  20%|█▉        | 1972/10000 [00:47<02:56, 45.50it/s, acc=0.300, device=mps, eta=3m17s, loss=2.0044, sps=41.6]
BC[stage1_datasets_L40_stepsweep/bc_baseline_none_steps10000_tr1]:  20%|█▉        | 1978/10000 [00:47<02:49, 47.43it/s, acc=0.300, device=mps, eta=3m17s, loss=2.0044, sps=41.6]
BC[stage1_datasets_L40_stepsweep/bc_baseline_none_steps10000_tr1]:  20%|█▉        | 1984/10000 [00:47<03:30, 38.03it/s, acc=0.300, device=mps, eta=3m17s, loss=2.0044, sps=41.6]
BC[stage1_datasets_L40_stepsweep/bc_baseline_none_steps10000_tr1]:  20%|█▉        | 1990/10000 [00:47<03:11, 41.91it/s, acc=0.300, device=mps, eta=3m17s, loss=2.0044, sps=41.6]
BC[stage1_datasets_L40_stepsweep/bc_baseline_none_steps10000_tr1]:  20%|█▉        | 1997/10000 [00:47<02:47, 47.64it/s, acc=0.300, device=mps, eta=3m17s, loss=2.0044, sps=41.6]
BC[stage1_datasets_L40_stepsweep/bc_baseline_none_steps10000_tr1]:  20%|█▉        | 1997/10000 [00:47<02:47, 47.64it/s, acc=0.301, device=mps, eta=3m12s, loss=2.0089, sps=41.7]
BC[stage1_datasets_L40_stepsweep/bc_baseline_none_steps10000_tr1]:  20%|██        | 2003/10000 [00:48<03:14, 41.17it/s, acc=0.301, device=mps, eta=3m12s, loss=2.0089, sps=41.7]
BC[stage1_datasets_L40_stepsweep/bc_baseline_none_steps10000_tr1]:  20%|██        | 2010/10000 [00:48<02:52, 46.23it/s, acc=0.301, device=mps, eta=3m12s, loss=2.0089, sps=41.7]
BC[stage1_datasets_L40_stepsweep/bc_baseline_none_steps10000_tr1]:  20%|██        | 2017/10000 [00:48<02:34, 51.53it/s, acc=0.301, device=mps, eta=3m12s, loss=2.0089, sps=41.7]
BC[stage1_datasets_L40_stepsweep/bc_baseline_none_steps10000_tr1]:  20%|██        | 2023/10000 [00:48<03:03, 43.40it/s, acc=0.301, device=mps, eta=3m12s, loss=2.0089, sps=41.7]
BC[stage1_datasets_L40_stepsweep/bc_baseline_none_steps10000_tr1]:  20%|██        | 2029/10000 [00:48<02:51, 46.53it/s, acc=0.301, device=mps, eta=3m12s, loss=2.0089, sps=41.7]
BC[stage1_datasets_L40_stepsweep/bc_baseline_none_steps10000_tr1]:  20%|██        | 2035/10000 [00:48<02:43, 48.70it/s, acc=0.301, device=mps, eta=3m12s, loss=2.0089, sps=41.7]
BC[stage1_datasets_L40_stepsweep/bc_baseline_none_steps10000_tr1]:  20%|██        | 2041/10000 [00:48<03:12, 41.45it/s, acc=0.301, device=mps, eta=3m12s, loss=2.0089, sps=41.7]
BC[stage1_datasets_L40_stepsweep/bc_baseline_none_steps10000_tr1]:  20%|██        | 2047/10000 [00:49<03:00, 44.04it/s, acc=0.301, device=mps, eta=3m12s, loss=2.0089, sps=41.7]
BC[stage1_datasets_L40_stepsweep/bc_baseline_none_steps10000_tr1]:  21%|██        | 2053/10000 [00:49<02:46, 47.73it/s, acc=0.301, device=mps, eta=3m12s, loss=2.0089, sps=41.7]
BC[stage1_datasets_L40_stepsweep/bc_baseline_none_steps10000_tr1]:  21%|██        | 2059/10000 [00:49<02:36, 50.76it/s, acc=0.301, device=mps, eta=3m12s, loss=2.0089, sps=41.7]
BC[stage1_datasets_L40_stepsweep/bc_baseline_none_steps10000_tr1]:  21%|██        | 2065/10000 [00:49<03:09, 41.84it/s, acc=0.301, device=mps, eta=3m12s, loss=2.0089, sps=41.7]
BC[stage1_datasets_L40_stepsweep/bc_baseline_none_steps10000_tr1]:  21%|██        | 2071/10000 [00:49<02:57, 44.60it/s, acc=0.301, device=mps, eta=3m12s, loss=2.0089, sps=41.7]
BC[stage1_datasets_L40_stepsweep/bc_baseline_none_steps10000_tr1]:  21%|██        | 2077/10000 [00:49<02:48, 47.05it/s, acc=0.301, device=mps, eta=3m12s, loss=2.0089, sps=41.7]
BC[stage1_datasets_L40_stepsweep/bc_baseline_none_steps10000_tr1]:  21%|██        | 2083/10000 [00:49<03:18, 39.81it/s, acc=0.301, device=mps, eta=3m12s, loss=2.0089, sps=41.7]
BC[stage1_datasets_L40_stepsweep/bc_baseline_none_steps10000_tr1]:  21%|██        | 2090/10000 [00:49<02:56, 44.86it/s, acc=0.301, device=mps, eta=3m12s, loss=2.0089, sps=41.7]
BC[stage1_datasets_L40_stepsweep/bc_baseline_none_steps10000_tr1]:  21%|██        | 2096/10000 [00:50<02:44, 48.19it/s, acc=0.301, device=mps, eta=3m12s, loss=2.0089, sps=41.7]
BC[stage1_datasets_L40_stepsweep/bc_baseline_none_steps10000_tr1]:  21%|██        | 2102/10000 [00:50<03:22, 39.03it/s, acc=0.301, device=mps, eta=3m12s, loss=2.0089, sps=41.7]
BC[stage1_datasets_L40_stepsweep/bc_baseline_none_steps10000_tr1]:  21%|██        | 2107/10000 [00:50<03:14, 40.68it/s, acc=0.301, device=mps, eta=3m12s, loss=2.0089, sps=41.7]
BC[stage1_datasets_L40_stepsweep/bc_baseline_none_steps10000_tr1]:  21%|██        | 2113/10000 [00:50<02:57, 44.55it/s, acc=0.301, device=mps, eta=3m12s, loss=2.0089, sps=41.7]
BC[stage1_datasets_L40_stepsweep/bc_baseline_none_steps10000_tr1]:  21%|██        | 2119/10000 [00:50<02:43, 48.13it/s, acc=0.301, device=mps, eta=3m12s, loss=2.0089, sps=41.7]
BC[stage1_datasets_L40_stepsweep/bc_baseline_none_steps10000_tr1]:  21%|██▏       | 2125/10000 [00:50<03:16, 39.97it/s, acc=0.301, device=mps, eta=3m12s, loss=2.0089, sps=41.7]
BC[stage1_datasets_L40_stepsweep/bc_baseline_none_steps10000_tr1]:  21%|██▏       | 2131/10000 [00:50<03:01, 43.41it/s, acc=0.301, device=mps, eta=3m12s, loss=2.0089, sps=41.7]
BC[stage1_datasets_L40_stepsweep/bc_baseline_none_steps10000_tr1]:  21%|██▏       | 2137/10000 [00:51<02:47, 47.06it/s, acc=0.301, device=mps, eta=3m12s, loss=2.0089, sps=41.7]
BC[stage1_datasets_L40_stepsweep/bc_baseline_none_steps10000_tr1]:  21%|██▏       | 2143/10000 [00:51<03:17, 39.75it/s, acc=0.301, device=mps, eta=3m12s, loss=2.0089, sps=41.7]
BC[stage1_datasets_L40_stepsweep/bc_baseline_none_steps10000_tr1]:  21%|██▏       | 2148/10000 [00:51<03:11, 41.11it/s, acc=0.301, device=mps, eta=3m12s, loss=2.0089, sps=41.7]
BC[stage1_datasets_L40_stepsweep/bc_baseline_none_steps10000_tr1]:  22%|██▏       | 2153/10000 [00:51<03:05, 42.41it/s, acc=0.301, device=mps, eta=3m12s, loss=2.0089, sps=41.7]
BC[stage1_datasets_L40_stepsweep/bc_baseline_none_steps10000_tr1]:  22%|██▏       | 2160/10000 [00:51<02:40, 48.93it/s, acc=0.301, device=mps, eta=3m12s, loss=2.0089, sps=41.7]
BC[stage1_datasets_L40_stepsweep/bc_baseline_none_steps10000_tr1]:  22%|██▏       | 2166/10000 [00:51<03:16, 39.91it/s, acc=0.301, device=mps, eta=3m12s, loss=2.0089, sps=41.7]
BC[stage1_datasets_L40_stepsweep/bc_baseline_none_steps10000_tr1]:  22%|██▏       | 2172/10000 [00:51<03:02, 43.00it/s, acc=0.301, device=mps, eta=3m12s, loss=2.0089, sps=41.7]
BC[stage1_datasets_L40_stepsweep/bc_baseline_none_steps10000_tr1]:  22%|██▏       | 2178/10000 [00:52<02:51, 45.49it/s, acc=0.301, device=mps, eta=3m12s, loss=2.0089, sps=41.7]
BC[stage1_datasets_L40_stepsweep/bc_baseline_none_steps10000_tr1]:  22%|██▏       | 2183/10000 [00:52<03:27, 37.75it/s, acc=0.301, device=mps, eta=3m12s, loss=2.0089, sps=41.7]
BC[stage1_datasets_L40_stepsweep/bc_baseline_none_steps10000_tr1]:  22%|██▏       | 2188/10000 [00:52<03:15, 39.96it/s, acc=0.301, device=mps, eta=3m12s, loss=2.0089, sps=41.7]
BC[stage1_datasets_L40_stepsweep/bc_baseline_none_steps10000_tr1]:  22%|██▏       | 2194/10000 [00:52<02:57, 44.02it/s, acc=0.301, device=mps, eta=3m12s, loss=2.0089, sps=41.7]
BC[stage1_datasets_L40_stepsweep/bc_baseline_none_steps10000_tr1]:  22%|██▏       | 2194/10000 [00:52<02:57, 44.02it/s, acc=0.305, device=mps, eta=3m06s, loss=2.0000, sps=41.9]
BC[stage1_datasets_L40_stepsweep/bc_baseline_none_steps10000_tr1]:  22%|██▏       | 2200/10000 [00:52<02:43, 47.83it/s, acc=0.305, device=mps, eta=3m06s, loss=2.0000, sps=41.9]
BC[stage1_datasets_L40_stepsweep/bc_baseline_none_steps10000_tr1]:  22%|██▏       | 2206/10000 [00:52<03:25, 37.97it/s, acc=0.305, device=mps, eta=3m06s, loss=2.0000, sps=41.9]
BC[stage1_datasets_L40_stepsweep/bc_baseline_none_steps10000_tr1]:  22%|██▏       | 2212/10000 [00:52<03:06, 41.87it/s, acc=0.305, device=mps, eta=3m06s, loss=2.0000, sps=41.9]
BC[stage1_datasets_L40_stepsweep/bc_baseline_none_steps10000_tr1]:  22%|██▏       | 2218/10000 [00:52<02:49, 45.93it/s, acc=0.305, device=mps, eta=3m06s, loss=2.0000, sps=41.9]
BC[stage1_datasets_L40_stepsweep/bc_baseline_none_steps10000_tr1]:  22%|██▏       | 2224/10000 [00:53<03:24, 38.09it/s, acc=0.305, device=mps, eta=3m06s, loss=2.0000, sps=41.9]
BC[stage1_datasets_L40_stepsweep/bc_baseline_none_steps10000_tr1]:  22%|██▏       | 2230/10000 [00:53<03:06, 41.67it/s, acc=0.305, device=mps, eta=3m06s, loss=2.0000, sps=41.9]
BC[stage1_datasets_L40_stepsweep/bc_baseline_none_steps10000_tr1]:  22%|██▏       | 2236/10000 [00:53<02:50, 45.64it/s, acc=0.305, device=mps, eta=3m06s, loss=2.0000, sps=41.9]
BC[stage1_datasets_L40_stepsweep/bc_baseline_none_steps10000_tr1]:  22%|██▏       | 2242/10000 [00:53<03:22, 38.23it/s, acc=0.305, device=mps, eta=3m06s, loss=2.0000, sps=41.9]
BC[stage1_datasets_L40_stepsweep/bc_baseline_none_steps10000_tr1]:  22%|██▏       | 2248/10000 [00:53<03:06, 41.49it/s, acc=0.305, device=mps, eta=3m06s, loss=2.0000, sps=41.9]
BC[stage1_datasets_L40_stepsweep/bc_baseline_none_steps10000_tr1]:  23%|██▎       | 2254/10000 [00:53<02:49, 45.65it/s, acc=0.305, device=mps, eta=3m06s, loss=2.0000, sps=41.9]
BC[stage1_datasets_L40_stepsweep/bc_baseline_none_steps10000_tr1]:  23%|██▎       | 2261/10000 [00:54<03:19, 38.83it/s, acc=0.305, device=mps, eta=3m06s, loss=2.0000, sps=41.9]
BC[stage1_datasets_L40_stepsweep/bc_baseline_none_steps10000_tr1]:  23%|██▎       | 2267/10000 [00:54<03:02, 42.47it/s, acc=0.305, device=mps, eta=3m06s, loss=2.0000, sps=41.9]
BC[stage1_datasets_L40_stepsweep/bc_baseline_none_steps10000_tr1]:  23%|██▎       | 2273/10000 [00:54<02:50, 45.44it/s, acc=0.305, device=mps, eta=3m06s, loss=2.0000, sps=41.9]
BC[stage1_datasets_L40_stepsweep/bc_baseline_none_steps10000_tr1]:  23%|██▎       | 2279/10000 [00:54<02:42, 47.62it/s, acc=0.305, device=mps, eta=3m06s, loss=2.0000, sps=41.9]
BC[stage1_datasets_L40_stepsweep/bc_baseline_none_steps10000_tr1]:  23%|██▎       | 2285/10000 [00:54<03:24, 37.81it/s, acc=0.305, device=mps, eta=3m06s, loss=2.0000, sps=41.9]
BC[stage1_datasets_L40_stepsweep/bc_baseline_none_steps10000_tr1]:  23%|██▎       | 2291/10000 [00:54<03:06, 41.30it/s, acc=0.305, device=mps, eta=3m06s, loss=2.0000, sps=41.9]
BC[stage1_datasets_L40_stepsweep/bc_baseline_none_steps10000_tr1]:  23%|██▎       | 2298/10000 [00:54<02:46, 46.24it/s, acc=0.305, device=mps, eta=3m06s, loss=2.0000, sps=41.9]
BC[stage1_datasets_L40_stepsweep/bc_baseline_none_steps10000_tr1]:  23%|██▎       | 2304/10000 [00:55<03:13, 39.81it/s, acc=0.305, device=mps, eta=3m06s, loss=2.0000, sps=41.9]
BC[stage1_datasets_L40_stepsweep/bc_baseline_none_steps10000_tr1]:  23%|██▎       | 2310/10000 [00:55<02:55, 43.73it/s, acc=0.305, device=mps, eta=3m06s, loss=2.0000, sps=41.9]
BC[stage1_datasets_L40_stepsweep/bc_baseline_none_steps10000_tr1]:  23%|██▎       | 2316/10000 [00:55<02:46, 46.20it/s, acc=0.305, device=mps, eta=3m06s, loss=2.0000, sps=41.9]
BC[stage1_datasets_L40_stepsweep/bc_baseline_none_steps10000_tr1]:  23%|██▎       | 2321/10000 [00:55<03:21, 38.07it/s, acc=0.305, device=mps, eta=3m06s, loss=2.0000, sps=41.9]
BC[stage1_datasets_L40_stepsweep/bc_baseline_none_steps10000_tr1]:  23%|██▎       | 2326/10000 [00:55<03:15, 39.20it/s, acc=0.305, device=mps, eta=3m06s, loss=2.0000, sps=41.9]
BC[stage1_datasets_L40_stepsweep/bc_baseline_none_steps10000_tr1]:  23%|██▎       | 2331/10000 [00:55<03:09, 40.46it/s, acc=0.305, device=mps, eta=3m06s, loss=2.0000, sps=41.9]
BC[stage1_datasets_L40_stepsweep/bc_baseline_none_steps10000_tr1]:  23%|██▎       | 2337/10000 [00:55<02:52, 44.33it/s, acc=0.305, device=mps, eta=3m06s, loss=2.0000, sps=41.9]
BC[stage1_datasets_L40_stepsweep/bc_baseline_none_steps10000_tr1]:  23%|██▎       | 2342/10000 [00:55<03:23, 37.68it/s, acc=0.305, device=mps, eta=3m06s, loss=2.0000, sps=41.9]
BC[stage1_datasets_L40_stepsweep/bc_baseline_none_steps10000_tr1]:  23%|██▎       | 2348/10000 [00:56<02:59, 42.66it/s, acc=0.305, device=mps, eta=3m06s, loss=2.0000, sps=41.9]
BC[stage1_datasets_L40_stepsweep/bc_baseline_none_steps10000_tr1]:  24%|██▎       | 2354/10000 [00:56<02:46, 45.87it/s, acc=0.305, device=mps, eta=3m06s, loss=2.0000, sps=41.9]
BC[stage1_datasets_L40_stepsweep/bc_baseline_none_steps10000_tr1]:  24%|██▎       | 2360/10000 [00:56<02:34, 49.30it/s, acc=0.305, device=mps, eta=3m06s, loss=2.0000, sps=41.9]
BC[stage1_datasets_L40_stepsweep/bc_baseline_none_steps10000_tr1]:  24%|██▎       | 2366/10000 [00:56<03:21, 37.86it/s, acc=0.305, device=mps, eta=3m06s, loss=2.0000, sps=41.9]
BC[stage1_datasets_L40_stepsweep/bc_baseline_none_steps10000_tr1]:  24%|██▎       | 2372/10000 [00:56<03:02, 41.90it/s, acc=0.305, device=mps, eta=3m06s, loss=2.0000, sps=41.9]
BC[stage1_datasets_L40_stepsweep/bc_baseline_none_steps10000_tr1]:  24%|██▍       | 2379/10000 [00:56<02:41, 47.04it/s, acc=0.305, device=mps, eta=3m06s, loss=2.0000, sps=41.9]
BC[stage1_datasets_L40_stepsweep/bc_baseline_none_steps10000_tr1]:  24%|██▍       | 2385/10000 [00:56<03:12, 39.66it/s, acc=0.305, device=mps, eta=3m06s, loss=2.0000, sps=41.9]
BC[stage1_datasets_L40_stepsweep/bc_baseline_none_steps10000_tr1]:  24%|██▍       | 2391/10000 [00:57<02:57, 42.93it/s, acc=0.305, device=mps, eta=3m06s, loss=2.0000, sps=41.9]
BC[stage1_datasets_L40_stepsweep/bc_baseline_none_steps10000_tr1]:  24%|██▍       | 2397/10000 [00:57<02:44, 46.10it/s, acc=0.305, device=mps, eta=3m06s, loss=2.0000, sps=41.9]
BC[stage1_datasets_L40_stepsweep/bc_baseline_none_steps10000_tr1]:  24%|██▍       | 2397/10000 [00:57<02:44, 46.10it/s, acc=0.299, device=mps, eta=3m01s, loss=2.0095, sps=41.9]
BC[stage1_datasets_L40_stepsweep/bc_baseline_none_steps10000_tr1]:  24%|██▍       | 2402/10000 [00:57<03:22, 37.52it/s, acc=0.299, device=mps, eta=3m01s, loss=2.0095, sps=41.9]
BC[stage1_datasets_L40_stepsweep/bc_baseline_none_steps10000_tr1]:  24%|██▍       | 2407/10000 [00:57<03:10, 39.84it/s, acc=0.299, device=mps, eta=3m01s, loss=2.0095, sps=41.9]
BC[stage1_datasets_L40_stepsweep/bc_baseline_none_steps10000_tr1]:  24%|██▍       | 2413/10000 [00:57<02:51, 44.16it/s, acc=0.299, device=mps, eta=3m01s, loss=2.0095, sps=41.9]
BC[stage1_datasets_L40_stepsweep/bc_baseline_none_steps10000_tr1]:  24%|██▍       | 2420/10000 [00:57<02:32, 49.71it/s, acc=0.299, device=mps, eta=3m01s, loss=2.0095, sps=41.9]
BC[stage1_datasets_L40_stepsweep/bc_baseline_none_steps10000_tr1]:  24%|██▍       | 2426/10000 [00:57<03:14, 38.92it/s, acc=0.299, device=mps, eta=3m01s, loss=2.0095, sps=41.9]
BC[stage1_datasets_L40_stepsweep/bc_baseline_none_steps10000_tr1]:  24%|██▍       | 2432/10000 [00:58<03:00, 41.92it/s, acc=0.299, device=mps, eta=3m01s, loss=2.0095, sps=41.9]
BC[stage1_datasets_L40_stepsweep/bc_baseline_none_steps10000_tr1]:  24%|██▍       | 2438/10000 [00:58<02:49, 44.70it/s, acc=0.299, device=mps, eta=3m01s, loss=2.0095, sps=41.9]
BC[stage1_datasets_L40_stepsweep/bc_baseline_none_steps10000_tr1]:  24%|██▍       | 2443/10000 [00:58<03:28, 36.25it/s, acc=0.299, device=mps, eta=3m01s, loss=2.0095, sps=41.9]
BC[stage1_datasets_L40_stepsweep/bc_baseline_none_steps10000_tr1]:  24%|██▍       | 2449/10000 [00:58<03:07, 40.17it/s, acc=0.299, device=mps, eta=3m01s, loss=2.0095, sps=41.9]
BC[stage1_datasets_L40_stepsweep/bc_baseline_none_steps10000_tr1]:  25%|██▍       | 2455/10000 [00:58<02:51, 43.93it/s, acc=0.299, device=mps, eta=3m01s, loss=2.0095, sps=41.9]
BC[stage1_datasets_L40_stepsweep/bc_baseline_none_steps10000_tr1]:  25%|██▍       | 2461/10000 [00:58<03:15, 38.64it/s, acc=0.299, device=mps, eta=3m01s, loss=2.0095, sps=41.9]
BC[stage1_datasets_L40_stepsweep/bc_baseline_none_steps10000_tr1]:  25%|██▍       | 2466/10000 [00:58<03:05, 40.53it/s, acc=0.299, device=mps, eta=3m01s, loss=2.0095, sps=41.9]
BC[stage1_datasets_L40_stepsweep/bc_baseline_none_steps10000_tr1]:  25%|██▍       | 2472/10000 [00:59<02:48, 44.77it/s, acc=0.299, device=mps, eta=3m01s, loss=2.0095, sps=41.9]
BC[stage1_datasets_L40_stepsweep/bc_baseline_none_steps10000_tr1]:  25%|██▍       | 2480/10000 [00:59<02:22, 52.85it/s, acc=0.299, device=mps, eta=3m01s, loss=2.0095, sps=41.9]
BC[stage1_datasets_L40_stepsweep/bc_baseline_none_steps10000_tr1]:  25%|██▍       | 2486/10000 [00:59<02:53, 43.39it/s, acc=0.299, device=mps, eta=3m01s, loss=2.0095, sps=41.9]
BC[stage1_datasets_L40_stepsweep/bc_baseline_none_steps10000_tr1]:  25%|██▍       | 2493/10000 [00:59<02:36, 48.02it/s, acc=0.299, device=mps, eta=3m01s, loss=2.0095, sps=41.9]
BC[stage1_datasets_L40_stepsweep/bc_baseline_none_steps10000_tr1]:  25%|██▍       | 2499/10000 [00:59<02:29, 50.27it/s, acc=0.299, device=mps, eta=3m01s, loss=2.0095, sps=41.9]
BC[stage1_datasets_L40_stepsweep/bc_baseline_none_steps10000_tr1]:  25%|██▌       | 2505/10000 [00:59<02:57, 42.17it/s, acc=0.299, device=mps, eta=3m01s, loss=2.0095, sps=41.9]
BC[stage1_datasets_L40_stepsweep/bc_baseline_none_steps10000_tr1]:  25%|██▌       | 2513/10000 [00:59<02:29, 49.92it/s, acc=0.299, device=mps, eta=3m01s, loss=2.0095, sps=41.9]
BC[stage1_datasets_L40_stepsweep/bc_baseline_none_steps10000_tr1]:  25%|██▌       | 2521/10000 [01:00<02:48, 44.44it/s, acc=0.299, device=mps, eta=3m01s, loss=2.0095, sps=41.9]
BC[stage1_datasets_L40_stepsweep/bc_baseline_none_steps10000_tr1]:  25%|██▌       | 2527/10000 [01:00<02:41, 46.23it/s, acc=0.299, device=mps, eta=3m01s, loss=2.0095, sps=41.9]
BC[stage1_datasets_L40_stepsweep/bc_baseline_none_steps10000_tr1]:  25%|██▌       | 2533/10000 [01:00<02:47, 44.50it/s, acc=0.299, device=mps, eta=3m01s, loss=2.0095, sps=41.9]
BC[stage1_datasets_L40_stepsweep/bc_baseline_none_steps10000_tr1]:  25%|██▌       | 2538/10000 [01:00<02:56, 42.39it/s, acc=0.299, device=mps, eta=3m01s, loss=2.0095, sps=41.9]
BC[stage1_datasets_L40_stepsweep/bc_baseline_none_steps10000_tr1]:  25%|██▌       | 2543/10000 [01:00<03:41, 33.70it/s, acc=0.299, device=mps, eta=3m01s, loss=2.0095, sps=41.9]
BC[stage1_datasets_L40_stepsweep/bc_baseline_none_steps10000_tr1]:  26%|██▌       | 2550/10000 [01:00<03:04, 40.34it/s, acc=0.299, device=mps, eta=3m01s, loss=2.0095, sps=41.9]
BC[stage1_datasets_L40_stepsweep/bc_baseline_none_steps10000_tr1]:  26%|██▌       | 2557/10000 [01:00<02:39, 46.64it/s, acc=0.299, device=mps, eta=3m01s, loss=2.0095, sps=41.9]
BC[stage1_datasets_L40_stepsweep/bc_baseline_none_steps10000_tr1]:  26%|██▌       | 2563/10000 [01:01<03:08, 39.35it/s, acc=0.299, device=mps, eta=3m01s, loss=2.0095, sps=41.9]
BC[stage1_datasets_L40_stepsweep/bc_baseline_none_steps10000_tr1]:  26%|██▌       | 2569/10000 [01:01<02:56, 42.21it/s, acc=0.299, device=mps, eta=3m01s, loss=2.0095, sps=41.9]
BC[stage1_datasets_L40_stepsweep/bc_baseline_none_steps10000_tr1]:  26%|██▌       | 2575/10000 [01:01<02:45, 44.90it/s, acc=0.299, device=mps, eta=3m01s, loss=2.0095, sps=41.9]
BC[stage1_datasets_L40_stepsweep/bc_baseline_none_steps10000_tr1]:  26%|██▌       | 2581/10000 [01:01<03:17, 37.58it/s, acc=0.299, device=mps, eta=3m01s, loss=2.0095, sps=41.9]
BC[stage1_datasets_L40_stepsweep/bc_baseline_none_steps10000_tr1]:  26%|██▌       | 2586/10000 [01:01<03:04, 40.17it/s, acc=0.299, device=mps, eta=3m01s, loss=2.0095, sps=41.9]
BC[stage1_datasets_L40_stepsweep/bc_baseline_none_steps10000_tr1]:  26%|██▌       | 2592/10000 [01:01<02:50, 43.52it/s, acc=0.299, device=mps, eta=3m01s, loss=2.0095, sps=41.9]
BC[stage1_datasets_L40_stepsweep/bc_baseline_none_steps10000_tr1]:  26%|██▌       | 2598/10000 [01:01<02:37, 47.08it/s, acc=0.299, device=mps, eta=3m01s, loss=2.0095, sps=41.9]
BC[stage1_datasets_L40_stepsweep/bc_baseline_none_steps10000_tr1]:  26%|██▌       | 2598/10000 [01:01<02:37, 47.08it/s, acc=0.301, device=mps, eta=2m56s, loss=2.0007, sps=42.0]
BC[stage1_datasets_L40_stepsweep/bc_baseline_none_steps10000_tr1]:  26%|██▌       | 2604/10000 [01:02<03:16, 37.69it/s, acc=0.301, device=mps, eta=2m56s, loss=2.0007, sps=42.0]
BC[stage1_datasets_L40_stepsweep/bc_baseline_none_steps10000_tr1]:  26%|██▌       | 2610/10000 [01:02<02:58, 41.38it/s, acc=0.301, device=mps, eta=2m56s, loss=2.0007, sps=42.0]
BC[stage1_datasets_L40_stepsweep/bc_baseline_none_steps10000_tr1]:  26%|██▌       | 2616/10000 [01:02<02:43, 45.14it/s, acc=0.301, device=mps, eta=2m56s, loss=2.0007, sps=42.0]
BC[stage1_datasets_L40_stepsweep/bc_baseline_none_steps10000_tr1]:  26%|██▌       | 2621/10000 [01:02<03:16, 37.57it/s, acc=0.301, device=mps, eta=2m56s, loss=2.0007, sps=42.0]
BC[stage1_datasets_L40_stepsweep/bc_baseline_none_steps10000_tr1]:  26%|██▋       | 2626/10000 [01:02<03:04, 40.03it/s, acc=0.301, device=mps, eta=2m56s, loss=2.0007, sps=42.0]
BC[stage1_datasets_L40_stepsweep/bc_baseline_none_steps10000_tr1]:  26%|██▋       | 2632/10000 [01:02<02:47, 44.01it/s, acc=0.301, device=mps, eta=2m56s, loss=2.0007, sps=42.0]
BC[stage1_datasets_L40_stepsweep/bc_baseline_none_steps10000_tr1]:  26%|██▋       | 2638/10000 [01:02<02:35, 47.20it/s, acc=0.301, device=mps, eta=2m56s, loss=2.0007, sps=42.0]
BC[stage1_datasets_L40_stepsweep/bc_baseline_none_steps10000_tr1]:  26%|██▋       | 2644/10000 [01:03<03:52, 31.69it/s, acc=0.301, device=mps, eta=2m56s, loss=2.0007, sps=42.0]
BC[stage1_datasets_L40_stepsweep/bc_baseline_none_steps10000_tr1]:  27%|██▋       | 2652/10000 [01:03<03:04, 39.91it/s, acc=0.301, device=mps, eta=2m56s, loss=2.0007, sps=42.0]
BC[stage1_datasets_L40_stepsweep/bc_baseline_none_steps10000_tr1]:  27%|██▋       | 2660/10000 [01:03<02:34, 47.56it/s, acc=0.301, device=mps, eta=2m56s, loss=2.0007, sps=42.0]
BC[stage1_datasets_L40_stepsweep/bc_baseline_none_steps10000_tr1]:  27%|██▋       | 2666/10000 [01:03<03:11, 38.36it/s, acc=0.301, device=mps, eta=2m56s, loss=2.0007, sps=42.0]
BC[stage1_datasets_L40_stepsweep/bc_baseline_none_steps10000_tr1]:  27%|██▋       | 2672/10000 [01:03<02:57, 41.19it/s, acc=0.301, device=mps, eta=2m56s, loss=2.0007, sps=42.0]
BC[stage1_datasets_L40_stepsweep/bc_baseline_none_steps10000_tr1]:  27%|██▋       | 2678/10000 [01:03<02:46, 43.86it/s, acc=0.301, device=mps, eta=2m56s, loss=2.0007, sps=42.0]
BC[stage1_datasets_L40_stepsweep/bc_baseline_none_steps10000_tr1]:  27%|██▋       | 2683/10000 [01:04<03:23, 36.01it/s, acc=0.301, device=mps, eta=2m56s, loss=2.0007, sps=42.0]
BC[stage1_datasets_L40_stepsweep/bc_baseline_none_steps10000_tr1]:  27%|██▋       | 2688/10000 [01:04<03:09, 38.53it/s, acc=0.301, device=mps, eta=2m56s, loss=2.0007, sps=42.0]
BC[stage1_datasets_L40_stepsweep/bc_baseline_none_steps10000_tr1]:  27%|██▋       | 2694/10000 [01:04<02:49, 43.00it/s, acc=0.301, device=mps, eta=2m56s, loss=2.0007, sps=42.0]
BC[stage1_datasets_L40_stepsweep/bc_baseline_none_steps10000_tr1]:  27%|██▋       | 2701/10000 [01:04<03:09, 38.43it/s, acc=0.301, device=mps, eta=2m56s, loss=2.0007, sps=42.0]
BC[stage1_datasets_L40_stepsweep/bc_baseline_none_steps10000_tr1]:  27%|██▋       | 2707/10000 [01:04<02:54, 41.76it/s, acc=0.301, device=mps, eta=2m56s, loss=2.0007, sps=42.0]
BC[stage1_datasets_L40_stepsweep/bc_baseline_none_steps10000_tr1]:  27%|██▋       | 2713/10000 [01:04<02:43, 44.70it/s, acc=0.301, device=mps, eta=2m56s, loss=2.0007, sps=42.0]
BC[stage1_datasets_L40_stepsweep/bc_baseline_none_steps10000_tr1]:  27%|██▋       | 2720/10000 [01:04<02:26, 49.74it/s, acc=0.301, device=mps, eta=2m56s, loss=2.0007, sps=42.0]
BC[stage1_datasets_L40_stepsweep/bc_baseline_none_steps10000_tr1]:  27%|██▋       | 2726/10000 [01:05<03:02, 39.75it/s, acc=0.301, device=mps, eta=2m56s, loss=2.0007, sps=42.0]
BC[stage1_datasets_L40_stepsweep/bc_baseline_none_steps10000_tr1]:  27%|██▋       | 2732/10000 [01:05<02:47, 43.37it/s, acc=0.301, device=mps, eta=2m56s, loss=2.0007, sps=42.0]
BC[stage1_datasets_L40_stepsweep/bc_baseline_none_steps10000_tr1]:  27%|██▋       | 2738/10000 [01:05<02:36, 46.38it/s, acc=0.301, device=mps, eta=2m56s, loss=2.0007, sps=42.0]
BC[stage1_datasets_L40_stepsweep/bc_baseline_none_steps10000_tr1]:  27%|██▋       | 2744/10000 [01:05<03:10, 38.06it/s, acc=0.301, device=mps, eta=2m56s, loss=2.0007, sps=42.0]
BC[stage1_datasets_L40_stepsweep/bc_baseline_none_steps10000_tr1]:  28%|██▊       | 2750/10000 [01:05<02:55, 41.35it/s, acc=0.301, device=mps, eta=2m56s, loss=2.0007, sps=42.0]
BC[stage1_datasets_L40_stepsweep/bc_baseline_none_steps10000_tr1]:  28%|██▊       | 2756/10000 [01:05<02:42, 44.46it/s, acc=0.301, device=mps, eta=2m56s, loss=2.0007, sps=42.0]
BC[stage1_datasets_L40_stepsweep/bc_baseline_none_steps10000_tr1]:  28%|██▊       | 2761/10000 [01:05<03:13, 37.39it/s, acc=0.301, device=mps, eta=2m56s, loss=2.0007, sps=42.0]
BC[stage1_datasets_L40_stepsweep/bc_baseline_none_steps10000_tr1]:  28%|██▊       | 2767/10000 [01:06<02:55, 41.23it/s, acc=0.301, device=mps, eta=2m56s, loss=2.0007, sps=42.0]
BC[stage1_datasets_L40_stepsweep/bc_baseline_none_steps10000_tr1]:  28%|██▊       | 2773/10000 [01:06<02:41, 44.62it/s, acc=0.301, device=mps, eta=2m56s, loss=2.0007, sps=42.0]
BC[stage1_datasets_L40_stepsweep/bc_baseline_none_steps10000_tr1]:  28%|██▊       | 2780/10000 [01:06<02:23, 50.35it/s, acc=0.301, device=mps, eta=2m56s, loss=2.0007, sps=42.0]
BC[stage1_datasets_L40_stepsweep/bc_baseline_none_steps10000_tr1]:  28%|██▊       | 2786/10000 [01:06<02:55, 41.03it/s, acc=0.301, device=mps, eta=2m56s, loss=2.0007, sps=42.0]
BC[stage1_datasets_L40_stepsweep/bc_baseline_none_steps10000_tr1]:  28%|██▊       | 2792/10000 [01:06<02:39, 45.24it/s, acc=0.301, device=mps, eta=2m56s, loss=2.0007, sps=42.0]
BC[stage1_datasets_L40_stepsweep/bc_baseline_none_steps10000_tr1]:  28%|██▊       | 2798/10000 [01:06<02:27, 48.73it/s, acc=0.301, device=mps, eta=2m56s, loss=2.0007, sps=42.0]
BC[stage1_datasets_L40_stepsweep/bc_baseline_none_steps10000_tr1]:  28%|██▊       | 2798/10000 [01:06<02:27, 48.73it/s, acc=0.305, device=mps, eta=2m52s, loss=2.0050, sps=42.0]
BC[stage1_datasets_L40_stepsweep/bc_baseline_none_steps10000_tr1]:  28%|██▊       | 2804/10000 [01:06<03:06, 38.51it/s, acc=0.305, device=mps, eta=2m52s, loss=2.0050, sps=42.0]
BC[stage1_datasets_L40_stepsweep/bc_baseline_none_steps10000_tr1]:  28%|██▊       | 2809/10000 [01:07<02:56, 40.78it/s, acc=0.305, device=mps, eta=2m52s, loss=2.0050, sps=42.0]
BC[stage1_datasets_L40_stepsweep/bc_baseline_none_steps10000_tr1]:  28%|██▊       | 2814/10000 [01:07<02:47, 42.83it/s, acc=0.305, device=mps, eta=2m52s, loss=2.0050, sps=42.0]
BC[stage1_datasets_L40_stepsweep/bc_baseline_none_steps10000_tr1]:  28%|██▊       | 2821/10000 [01:07<03:10, 37.71it/s, acc=0.305, device=mps, eta=2m52s, loss=2.0050, sps=42.0]
BC[stage1_datasets_L40_stepsweep/bc_baseline_none_steps10000_tr1]:  28%|██▊       | 2827/10000 [01:07<02:54, 41.18it/s, acc=0.305, device=mps, eta=2m52s, loss=2.0050, sps=42.0]
BC[stage1_datasets_L40_stepsweep/bc_baseline_none_steps10000_tr1]:  28%|██▊       | 2833/10000 [01:07<02:39, 44.87it/s, acc=0.305, device=mps, eta=2m52s, loss=2.0050, sps=42.0]
BC[stage1_datasets_L40_stepsweep/bc_baseline_none_steps10000_tr1]:  28%|██▊       | 2840/10000 [01:07<02:23, 49.98it/s, acc=0.305, device=mps, eta=2m52s, loss=2.0050, sps=42.0]
BC[stage1_datasets_L40_stepsweep/bc_baseline_none_steps10000_tr1]:  28%|██▊       | 2846/10000 [01:07<02:54, 40.94it/s, acc=0.305, device=mps, eta=2m52s, loss=2.0050, sps=42.0]
BC[stage1_datasets_L40_stepsweep/bc_baseline_none_steps10000_tr1]:  29%|██▊       | 2852/10000 [01:07<02:40, 44.47it/s, acc=0.305, device=mps, eta=2m52s, loss=2.0050, sps=42.0]
BC[stage1_datasets_L40_stepsweep/bc_baseline_none_steps10000_tr1]:  29%|██▊       | 2858/10000 [01:08<02:31, 47.27it/s, acc=0.305, device=mps, eta=2m52s, loss=2.0050, sps=42.0]
BC[stage1_datasets_L40_stepsweep/bc_baseline_none_steps10000_tr1]:  29%|██▊       | 2864/10000 [01:08<03:05, 38.52it/s, acc=0.305, device=mps, eta=2m52s, loss=2.0050, sps=42.0]
BC[stage1_datasets_L40_stepsweep/bc_baseline_none_steps10000_tr1]:  29%|██▊       | 2869/10000 [01:08<02:54, 40.75it/s, acc=0.305, device=mps, eta=2m52s, loss=2.0050, sps=42.0]
BC[stage1_datasets_L40_stepsweep/bc_baseline_none_steps10000_tr1]:  29%|██▉       | 2875/10000 [01:08<02:40, 44.48it/s, acc=0.305, device=mps, eta=2m52s, loss=2.0050, sps=42.0]
BC[stage1_datasets_L40_stepsweep/bc_baseline_none_steps10000_tr1]:  29%|██▉       | 2881/10000 [01:08<03:06, 38.13it/s, acc=0.305, device=mps, eta=2m52s, loss=2.0050, sps=42.0]
BC[stage1_datasets_L40_stepsweep/bc_baseline_none_steps10000_tr1]:  29%|██▉       | 2887/10000 [01:08<02:52, 41.35it/s, acc=0.305, device=mps, eta=2m52s, loss=2.0050, sps=42.0]
BC[stage1_datasets_L40_stepsweep/bc_baseline_none_steps10000_tr1]:  29%|██▉       | 2892/10000 [01:08<02:45, 42.85it/s, acc=0.305, device=mps, eta=2m52s, loss=2.0050, sps=42.0]
BC[stage1_datasets_L40_stepsweep/bc_baseline_none_steps10000_tr1]:  29%|██▉       | 2897/10000 [01:09<02:42, 43.75it/s, acc=0.305, device=mps, eta=2m52s, loss=2.0050, sps=42.0]
BC[stage1_datasets_L40_stepsweep/bc_baseline_none_steps10000_tr1]:  29%|██▉       | 2902/10000 [01:09<03:22, 35.05it/s, acc=0.305, device=mps, eta=2m52s, loss=2.0050, sps=42.0]
BC[stage1_datasets_L40_stepsweep/bc_baseline_none_steps10000_tr1]:  29%|██▉       | 2908/10000 [01:09<03:02, 38.96it/s, acc=0.305, device=mps, eta=2m52s, loss=2.0050, sps=42.0]
BC[stage1_datasets_L40_stepsweep/bc_baseline_none_steps10000_tr1]:  29%|██▉       | 2914/10000 [01:09<02:45, 42.73it/s, acc=0.305, device=mps, eta=2m52s, loss=2.0050, sps=42.0]
BC[stage1_datasets_L40_stepsweep/bc_baseline_none_steps10000_tr1]:  29%|██▉       | 2921/10000 [01:09<03:06, 38.02it/s, acc=0.305, device=mps, eta=2m52s, loss=2.0050, sps=42.0]
BC[stage1_datasets_L40_stepsweep/bc_baseline_none_steps10000_tr1]:  29%|██▉       | 2927/10000 [01:09<02:51, 41.31it/s, acc=0.305, device=mps, eta=2m52s, loss=2.0050, sps=42.0]
BC[stage1_datasets_L40_stepsweep/bc_baseline_none_steps10000_tr1]:  29%|██▉       | 2933/10000 [01:09<02:39, 44.41it/s, acc=0.305, device=mps, eta=2m52s, loss=2.0050, sps=42.0]
BC[stage1_datasets_L40_stepsweep/bc_baseline_none_steps10000_tr1]:  29%|██▉       | 2940/10000 [01:10<02:22, 49.71it/s, acc=0.305, device=mps, eta=2m52s, loss=2.0050, sps=42.0]
BC[stage1_datasets_L40_stepsweep/bc_baseline_none_steps10000_tr1]:  29%|██▉       | 2946/10000 [01:10<02:52, 40.99it/s, acc=0.305, device=mps, eta=2m52s, loss=2.0050, sps=42.0]
BC[stage1_datasets_L40_stepsweep/bc_baseline_none_steps10000_tr1]:  30%|██▉       | 2952/10000 [01:10<02:36, 45.05it/s, acc=0.305, device=mps, eta=2m52s, loss=2.0050, sps=42.0]
BC[stage1_datasets_L40_stepsweep/bc_baseline_none_steps10000_tr1]:  30%|██▉       | 2958/10000 [01:10<02:25, 48.32it/s, acc=0.305, device=mps, eta=2m52s, loss=2.0050, sps=42.0]
BC[stage1_datasets_L40_stepsweep/bc_baseline_none_steps10000_tr1]:  30%|██▉       | 2964/10000 [01:10<03:00, 39.07it/s, acc=0.305, device=mps, eta=2m52s, loss=2.0050, sps=42.0]
BC[stage1_datasets_L40_stepsweep/bc_baseline_none_steps10000_tr1]:  30%|██▉       | 2970/10000 [01:10<02:47, 41.93it/s, acc=0.305, device=mps, eta=2m52s, loss=2.0050, sps=42.0]
BC[stage1_datasets_L40_stepsweep/bc_baseline_none_steps10000_tr1]:  30%|██▉       | 2976/10000 [01:10<02:33, 45.63it/s, acc=0.305, device=mps, eta=2m52s, loss=2.0050, sps=42.0]
BC[stage1_datasets_L40_stepsweep/bc_baseline_none_steps10000_tr1]:  30%|██▉       | 2981/10000 [01:11<03:01, 38.74it/s, acc=0.305, device=mps, eta=2m52s, loss=2.0050, sps=42.0]
BC[stage1_datasets_L40_stepsweep/bc_baseline_none_steps10000_tr1]:  30%|██▉       | 2987/10000 [01:11<02:45, 42.49it/s, acc=0.305, device=mps, eta=2m52s, loss=2.0050, sps=42.0]
BC[stage1_datasets_L40_stepsweep/bc_baseline_none_steps10000_tr1]:  30%|██▉       | 2993/10000 [01:11<02:32, 45.92it/s, acc=0.305, device=mps, eta=2m52s, loss=2.0050, sps=42.0]
BC[stage1_datasets_L40_stepsweep/bc_baseline_none_steps10000_tr1]:  30%|██▉       | 2993/10000 [01:11<02:32, 45.92it/s, acc=0.302, device=mps, eta=2m47s, loss=2.0022, sps=42.0]
BC[stage1_datasets_L40_stepsweep/bc_baseline_none_steps10000_tr1]:  30%|███       | 3000/10000 [01:11<02:16, 51.10it/s, acc=0.302, device=mps, eta=2m47s, loss=2.0022, sps=42.0]
BC[stage1_datasets_L40_stepsweep/bc_baseline_none_steps10000_tr1]:  30%|███       | 3006/10000 [01:11<02:54, 40.01it/s, acc=0.302, device=mps, eta=2m47s, loss=2.0022, sps=42.0]
BC[stage1_datasets_L40_stepsweep/bc_baseline_none_steps10000_tr1]:  30%|███       | 3012/10000 [01:11<02:42, 42.99it/s, acc=0.302, device=mps, eta=2m47s, loss=2.0022, sps=42.0]
BC[stage1_datasets_L40_stepsweep/bc_baseline_none_steps10000_tr1]:  30%|███       | 3019/10000 [01:11<02:26, 47.61it/s, acc=0.302, device=mps, eta=2m47s, loss=2.0022, sps=42.0]
BC[stage1_datasets_L40_stepsweep/bc_baseline_none_steps10000_tr1]:  30%|███       | 3025/10000 [01:12<03:01, 38.52it/s, acc=0.302, device=mps, eta=2m47s, loss=2.0022, sps=42.0]
BC[stage1_datasets_L40_stepsweep/bc_baseline_none_steps10000_tr1]:  30%|███       | 3031/10000 [01:12<02:44, 42.30it/s, acc=0.302, device=mps, eta=2m47s, loss=2.0022, sps=42.0]
BC[stage1_datasets_L40_stepsweep/bc_baseline_none_steps10000_tr1]:  30%|███       | 3038/10000 [01:12<02:28, 46.97it/s, acc=0.302, device=mps, eta=2m47s, loss=2.0022, sps=42.0]
BC[stage1_datasets_L40_stepsweep/bc_baseline_none_steps10000_tr1]:  30%|███       | 3044/10000 [01:12<02:58, 38.99it/s, acc=0.302, device=mps, eta=2m47s, loss=2.0022, sps=42.0]
BC[stage1_datasets_L40_stepsweep/bc_baseline_none_steps10000_tr1]:  30%|███       | 3050/10000 [01:12<02:46, 41.84it/s, acc=0.302, device=mps, eta=2m47s, loss=2.0022, sps=42.0]
BC[stage1_datasets_L40_stepsweep/bc_baseline_none_steps10000_tr1]:  31%|███       | 3056/10000 [01:12<02:37, 44.06it/s, acc=0.302, device=mps, eta=2m47s, loss=2.0022, sps=42.0]
BC[stage1_datasets_L40_stepsweep/bc_baseline_none_steps10000_tr1]:  31%|███       | 3061/10000 [01:13<03:11, 36.15it/s, acc=0.302, device=mps, eta=2m47s, loss=2.0022, sps=42.0]
BC[stage1_datasets_L40_stepsweep/bc_baseline_none_steps10000_tr1]:  31%|███       | 3066/10000 [01:13<03:00, 38.33it/s, acc=0.302, device=mps, eta=2m47s, loss=2.0022, sps=42.0]
BC[stage1_datasets_L40_stepsweep/bc_baseline_none_steps10000_tr1]:  31%|███       | 3072/10000 [01:13<02:46, 41.62it/s, acc=0.302, device=mps, eta=2m47s, loss=2.0022, sps=42.0]
BC[stage1_datasets_L40_stepsweep/bc_baseline_none_steps10000_tr1]:  31%|███       | 3078/10000 [01:13<02:31, 45.83it/s, acc=0.302, device=mps, eta=2m47s, loss=2.0022, sps=42.0]
BC[stage1_datasets_L40_stepsweep/bc_baseline_none_steps10000_tr1]:  31%|███       | 3083/10000 [01:13<02:57, 39.01it/s, acc=0.302, device=mps, eta=2m47s, loss=2.0022, sps=42.0]
BC[stage1_datasets_L40_stepsweep/bc_baseline_none_steps10000_tr1]:  31%|███       | 3089/10000 [01:13<02:38, 43.67it/s, acc=0.302, device=mps, eta=2m47s, loss=2.0022, sps=42.0]
BC[stage1_datasets_L40_stepsweep/bc_baseline_none_steps10000_tr1]:  31%|███       | 3095/10000 [01:13<02:26, 47.09it/s, acc=0.302, device=mps, eta=2m47s, loss=2.0022, sps=42.0]
BC[stage1_datasets_L40_stepsweep/bc_baseline_none_steps10000_tr1]:  31%|███       | 3101/10000 [01:13<02:56, 39.01it/s, acc=0.302, device=mps, eta=2m47s, loss=2.0022, sps=42.0]
BC[stage1_datasets_L40_stepsweep/bc_baseline_none_steps10000_tr1]:  31%|███       | 3106/10000 [01:14<02:52, 40.04it/s, acc=0.302, device=mps, eta=2m47s, loss=2.0022, sps=42.0]
BC[stage1_datasets_L40_stepsweep/bc_baseline_none_steps10000_tr1]:  31%|███       | 3112/10000 [01:14<02:38, 43.52it/s, acc=0.302, device=mps, eta=2m47s, loss=2.0022, sps=42.0]
BC[stage1_datasets_L40_stepsweep/bc_baseline_none_steps10000_tr1]:  31%|███       | 3118/10000 [01:14<02:25, 47.41it/s, acc=0.302, device=mps, eta=2m47s, loss=2.0022, sps=42.0]
BC[stage1_datasets_L40_stepsweep/bc_baseline_none_steps10000_tr1]:  31%|███       | 3124/10000 [01:14<02:53, 39.55it/s, acc=0.302, device=mps, eta=2m47s, loss=2.0022, sps=42.0]
BC[stage1_datasets_L40_stepsweep/bc_baseline_none_steps10000_tr1]:  31%|███▏      | 3131/10000 [01:14<02:33, 44.87it/s, acc=0.302, device=mps, eta=2m47s, loss=2.0022, sps=42.0]
BC[stage1_datasets_L40_stepsweep/bc_baseline_none_steps10000_tr1]:  31%|███▏      | 3138/10000 [01:14<02:19, 49.22it/s, acc=0.302, device=mps, eta=2m47s, loss=2.0022, sps=42.0]
BC[stage1_datasets_L40_stepsweep/bc_baseline_none_steps10000_tr1]:  31%|███▏      | 3144/10000 [01:14<02:48, 40.76it/s, acc=0.302, device=mps, eta=2m47s, loss=2.0022, sps=42.0]
BC[stage1_datasets_L40_stepsweep/bc_baseline_none_steps10000_tr1]:  32%|███▏      | 3150/10000 [01:15<02:37, 43.40it/s, acc=0.302, device=mps, eta=2m47s, loss=2.0022, sps=42.0]
BC[stage1_datasets_L40_stepsweep/bc_baseline_none_steps10000_tr1]:  32%|███▏      | 3156/10000 [01:15<02:29, 45.66it/s, acc=0.302, device=mps, eta=2m47s, loss=2.0022, sps=42.0]
BC[stage1_datasets_L40_stepsweep/bc_baseline_none_steps10000_tr1]:  32%|███▏      | 3161/10000 [01:15<03:02, 37.40it/s, acc=0.302, device=mps, eta=2m47s, loss=2.0022, sps=42.0]
BC[stage1_datasets_L40_stepsweep/bc_baseline_none_steps10000_tr1]:  32%|███▏      | 3167/10000 [01:15<02:47, 40.84it/s, acc=0.302, device=mps, eta=2m47s, loss=2.0022, sps=42.0]
BC[stage1_datasets_L40_stepsweep/bc_baseline_none_steps10000_tr1]:  32%|███▏      | 3173/10000 [01:15<02:34, 44.15it/s, acc=0.302, device=mps, eta=2m47s, loss=2.0022, sps=42.0]
BC[stage1_datasets_L40_stepsweep/bc_baseline_none_steps10000_tr1]:  32%|███▏      | 3180/10000 [01:15<02:18, 49.28it/s, acc=0.302, device=mps, eta=2m47s, loss=2.0022, sps=42.0]
BC[stage1_datasets_L40_stepsweep/bc_baseline_none_steps10000_tr1]:  32%|███▏      | 3186/10000 [01:15<02:53, 39.27it/s, acc=0.302, device=mps, eta=2m47s, loss=2.0022, sps=42.0]
BC[stage1_datasets_L40_stepsweep/bc_baseline_none_steps10000_tr1]:  32%|███▏      | 3191/10000 [01:16<02:44, 41.49it/s, acc=0.302, device=mps, eta=2m47s, loss=2.0022, sps=42.0]
BC[stage1_datasets_L40_stepsweep/bc_baseline_none_steps10000_tr1]:  32%|███▏      | 3197/10000 [01:16<02:32, 44.63it/s, acc=0.302, device=mps, eta=2m47s, loss=2.0022, sps=42.0]
BC[stage1_datasets_L40_stepsweep/bc_baseline_none_steps10000_tr1]:  32%|███▏      | 3197/10000 [01:16<02:32, 44.63it/s, acc=0.304, device=mps, eta=2m42s, loss=2.0037, sps=42.0]
BC[stage1_datasets_L40_stepsweep/bc_baseline_none_steps10000_tr1]:  32%|███▏      | 3202/10000 [01:16<03:04, 36.93it/s, acc=0.304, device=mps, eta=2m42s, loss=2.0037, sps=42.0]
BC[stage1_datasets_L40_stepsweep/bc_baseline_none_steps10000_tr1]:  32%|███▏      | 3207/10000 [01:16<02:50, 39.75it/s, acc=0.304, device=mps, eta=2m42s, loss=2.0037, sps=42.0]
BC[stage1_datasets_L40_stepsweep/bc_baseline_none_steps10000_tr1]:  32%|███▏      | 3213/10000 [01:16<02:33, 44.09it/s, acc=0.304, device=mps, eta=2m42s, loss=2.0037, sps=42.0]
BC[stage1_datasets_L40_stepsweep/bc_baseline_none_steps10000_tr1]:  32%|███▏      | 3220/10000 [01:16<02:17, 49.47it/s, acc=0.304, device=mps, eta=2m42s, loss=2.0037, sps=42.0]
BC[stage1_datasets_L40_stepsweep/bc_baseline_none_steps10000_tr1]:  32%|███▏      | 3226/10000 [01:16<02:50, 39.63it/s, acc=0.304, device=mps, eta=2m42s, loss=2.0037, sps=42.0]
BC[stage1_datasets_L40_stepsweep/bc_baseline_none_steps10000_tr1]:  32%|███▏      | 3233/10000 [01:16<02:31, 44.74it/s, acc=0.304, device=mps, eta=2m42s, loss=2.0037, sps=42.0]
BC[stage1_datasets_L40_stepsweep/bc_baseline_none_steps10000_tr1]:  32%|███▏      | 3239/10000 [01:17<02:21, 47.91it/s, acc=0.304, device=mps, eta=2m42s, loss=2.0037, sps=42.0]
BC[stage1_datasets_L40_stepsweep/bc_baseline_none_steps10000_tr1]:  32%|███▏      | 3245/10000 [01:17<02:54, 38.64it/s, acc=0.304, device=mps, eta=2m42s, loss=2.0037, sps=42.0]
BC[stage1_datasets_L40_stepsweep/bc_baseline_none_steps10000_tr1]:  33%|███▎      | 3251/10000 [01:17<02:36, 43.11it/s, acc=0.304, device=mps, eta=2m42s, loss=2.0037, sps=42.0]
BC[stage1_datasets_L40_stepsweep/bc_baseline_none_steps10000_tr1]:  33%|███▎      | 3258/10000 [01:17<02:21, 47.71it/s, acc=0.304, device=mps, eta=2m42s, loss=2.0037, sps=42.0]
BC[stage1_datasets_L40_stepsweep/bc_baseline_none_steps10000_tr1]:  33%|███▎      | 3264/10000 [01:17<02:48, 39.87it/s, acc=0.304, device=mps, eta=2m42s, loss=2.0037, sps=42.0]
BC[stage1_datasets_L40_stepsweep/bc_baseline_none_steps10000_tr1]:  33%|███▎      | 3270/10000 [01:17<02:35, 43.16it/s, acc=0.304, device=mps, eta=2m42s, loss=2.0037, sps=42.0]
BC[stage1_datasets_L40_stepsweep/bc_baseline_none_steps10000_tr1]:  33%|███▎      | 3276/10000 [01:17<02:25, 46.15it/s, acc=0.304, device=mps, eta=2m42s, loss=2.0037, sps=42.0]
BC[stage1_datasets_L40_stepsweep/bc_baseline_none_steps10000_tr1]:  33%|███▎      | 3282/10000 [01:18<02:51, 39.16it/s, acc=0.304, device=mps, eta=2m42s, loss=2.0037, sps=42.0]
BC[stage1_datasets_L40_stepsweep/bc_baseline_none_steps10000_tr1]:  33%|███▎      | 3288/10000 [01:18<02:38, 42.45it/s, acc=0.304, device=mps, eta=2m42s, loss=2.0037, sps=42.0]
BC[stage1_datasets_L40_stepsweep/bc_baseline_none_steps10000_tr1]:  33%|███▎      | 3294/10000 [01:18<02:26, 45.80it/s, acc=0.304, device=mps, eta=2m42s, loss=2.0037, sps=42.0]
BC[stage1_datasets_L40_stepsweep/bc_baseline_none_steps10000_tr1]:  33%|███▎      | 3300/10000 [01:18<02:16, 49.18it/s, acc=0.304, device=mps, eta=2m42s, loss=2.0037, sps=42.0]
BC[stage1_datasets_L40_stepsweep/bc_baseline_none_steps10000_tr1]:  33%|███▎      | 3306/10000 [01:18<02:56, 37.96it/s, acc=0.304, device=mps, eta=2m42s, loss=2.0037, sps=42.0]
BC[stage1_datasets_L40_stepsweep/bc_baseline_none_steps10000_tr1]:  33%|███▎      | 3312/10000 [01:18<02:37, 42.44it/s, acc=0.304, device=mps, eta=2m42s, loss=2.0037, sps=42.0]
BC[stage1_datasets_L40_stepsweep/bc_baseline_none_steps10000_tr1]:  33%|███▎      | 3319/10000 [01:18<02:21, 47.19it/s, acc=0.304, device=mps, eta=2m42s, loss=2.0037, sps=42.0]
BC[stage1_datasets_L40_stepsweep/bc_baseline_none_steps10000_tr1]:  33%|███▎      | 3325/10000 [01:19<02:48, 39.67it/s, acc=0.304, device=mps, eta=2m42s, loss=2.0037, sps=42.0]
BC[stage1_datasets_L40_stepsweep/bc_baseline_none_steps10000_tr1]:  33%|███▎      | 3331/10000 [01:19<02:35, 42.99it/s, acc=0.304, device=mps, eta=2m42s, loss=2.0037, sps=42.0]
BC[stage1_datasets_L40_stepsweep/bc_baseline_none_steps10000_tr1]:  33%|███▎      | 3337/10000 [01:19<02:26, 45.45it/s, acc=0.304, device=mps, eta=2m42s, loss=2.0037, sps=42.0]
BC[stage1_datasets_L40_stepsweep/bc_baseline_none_steps10000_tr1]:  33%|███▎      | 3342/10000 [01:19<02:55, 37.98it/s, acc=0.304, device=mps, eta=2m42s, loss=2.0037, sps=42.0]
BC[stage1_datasets_L40_stepsweep/bc_baseline_none_steps10000_tr1]:  34%|███▎      | 3350/10000 [01:19<02:22, 46.74it/s, acc=0.304, device=mps, eta=2m42s, loss=2.0037, sps=42.0]
BC[stage1_datasets_L40_stepsweep/bc_baseline_none_steps10000_tr1]:  34%|███▎      | 3358/10000 [01:19<02:03, 53.96it/s, acc=0.304, device=mps, eta=2m42s, loss=2.0037, sps=42.0]
BC[stage1_datasets_L40_stepsweep/bc_baseline_none_steps10000_tr1]:  34%|███▎      | 3364/10000 [01:19<02:27, 45.06it/s, acc=0.304, device=mps, eta=2m42s, loss=2.0037, sps=42.0]
BC[stage1_datasets_L40_stepsweep/bc_baseline_none_steps10000_tr1]:  34%|███▎      | 3370/10000 [01:20<02:22, 46.51it/s, acc=0.304, device=mps, eta=2m42s, loss=2.0037, sps=42.0]
BC[stage1_datasets_L40_stepsweep/bc_baseline_none_steps10000_tr1]:  34%|███▍      | 3376/10000 [01:20<02:19, 47.40it/s, acc=0.304, device=mps, eta=2m42s, loss=2.0037, sps=42.0]
BC[stage1_datasets_L40_stepsweep/bc_baseline_none_steps10000_tr1]:  34%|███▍      | 3382/10000 [01:20<02:49, 38.97it/s, acc=0.304, device=mps, eta=2m42s, loss=2.0037, sps=42.0]
BC[stage1_datasets_L40_stepsweep/bc_baseline_none_steps10000_tr1]:  34%|███▍      | 3388/10000 [01:20<02:37, 42.04it/s, acc=0.304, device=mps, eta=2m42s, loss=2.0037, sps=42.0]
BC[stage1_datasets_L40_stepsweep/bc_baseline_none_steps10000_tr1]:  34%|███▍      | 3394/10000 [01:20<02:27, 44.71it/s, acc=0.304, device=mps, eta=2m42s, loss=2.0037, sps=42.0]
BC[stage1_datasets_L40_stepsweep/bc_baseline_none_steps10000_tr1]:  34%|███▍      | 3394/10000 [01:20<02:27, 44.71it/s, acc=0.306, device=mps, eta=2m37s, loss=1.9927, sps=42.1]
BC[stage1_datasets_L40_stepsweep/bc_baseline_none_steps10000_tr1]:  34%|███▍      | 3401/10000 [01:20<02:49, 38.98it/s, acc=0.306, device=mps, eta=2m37s, loss=1.9927, sps=42.1]
BC[stage1_datasets_L40_stepsweep/bc_baseline_none_steps10000_tr1]:  34%|███▍      | 3407/10000 [01:20<02:33, 43.08it/s, acc=0.306, device=mps, eta=2m37s, loss=1.9927, sps=42.1]
BC[stage1_datasets_L40_stepsweep/bc_baseline_none_steps10000_tr1]:  34%|███▍      | 3413/10000 [01:21<02:21, 46.61it/s, acc=0.306, device=mps, eta=2m37s, loss=1.9927, sps=42.1]
BC[stage1_datasets_L40_stepsweep/bc_baseline_none_steps10000_tr1]:  34%|███▍      | 3419/10000 [01:21<02:13, 49.22it/s, acc=0.306, device=mps, eta=2m37s, loss=1.9927, sps=42.1]
BC[stage1_datasets_L40_stepsweep/bc_baseline_none_steps10000_tr1]:  34%|███▍      | 3425/10000 [01:21<02:51, 38.44it/s, acc=0.306, device=mps, eta=2m37s, loss=1.9927, sps=42.1]
BC[stage1_datasets_L40_stepsweep/bc_baseline_none_steps10000_tr1]:  34%|███▍      | 3430/10000 [01:21<02:41, 40.69it/s, acc=0.306, device=mps, eta=2m37s, loss=1.9927, sps=42.1]
BC[stage1_datasets_L40_stepsweep/bc_baseline_none_steps10000_tr1]:  34%|███▍      | 3436/10000 [01:21<02:30, 43.61it/s, acc=0.306, device=mps, eta=2m37s, loss=1.9927, sps=42.1]
BC[stage1_datasets_L40_stepsweep/bc_baseline_none_steps10000_tr1]:  34%|███▍      | 3441/10000 [01:21<02:58, 36.82it/s, acc=0.306, device=mps, eta=2m37s, loss=1.9927, sps=42.1]
BC[stage1_datasets_L40_stepsweep/bc_baseline_none_steps10000_tr1]:  34%|███▍      | 3447/10000 [01:21<02:37, 41.52it/s, acc=0.306, device=mps, eta=2m37s, loss=1.9927, sps=42.1]
BC[stage1_datasets_L40_stepsweep/bc_baseline_none_steps10000_tr1]:  35%|███▍      | 3454/10000 [01:22<02:19, 47.00it/s, acc=0.306, device=mps, eta=2m37s, loss=1.9927, sps=42.1]
BC[stage1_datasets_L40_stepsweep/bc_baseline_none_steps10000_tr1]:  35%|███▍      | 3461/10000 [01:22<02:37, 41.52it/s, acc=0.306, device=mps, eta=2m37s, loss=1.9927, sps=42.1]
BC[stage1_datasets_L40_stepsweep/bc_baseline_none_steps10000_tr1]:  35%|███▍      | 3467/10000 [01:22<02:25, 44.75it/s, acc=0.306, device=mps, eta=2m37s, loss=1.9927, sps=42.1]
BC[stage1_datasets_L40_stepsweep/bc_baseline_none_steps10000_tr1]:  35%|███▍      | 3473/10000 [01:22<02:16, 47.86it/s, acc=0.306, device=mps, eta=2m37s, loss=1.9927, sps=42.1]
BC[stage1_datasets_L40_stepsweep/bc_baseline_none_steps10000_tr1]:  35%|███▍      | 3480/10000 [01:22<02:05, 52.02it/s, acc=0.306, device=mps, eta=2m37s, loss=1.9927, sps=42.1]
BC[stage1_datasets_L40_stepsweep/bc_baseline_none_steps10000_tr1]:  35%|███▍      | 3486/10000 [01:22<02:45, 39.38it/s, acc=0.306, device=mps, eta=2m37s, loss=1.9927, sps=42.1]
BC[stage1_datasets_L40_stepsweep/bc_baseline_none_steps10000_tr1]:  35%|███▍      | 3492/10000 [01:22<02:33, 42.34it/s, acc=0.306, device=mps, eta=2m37s, loss=1.9927, sps=42.1]
BC[stage1_datasets_L40_stepsweep/bc_baseline_none_steps10000_tr1]:  35%|███▍      | 3498/10000 [01:23<02:21, 45.82it/s, acc=0.306, device=mps, eta=2m37s, loss=1.9927, sps=42.1]
BC[stage1_datasets_L40_stepsweep/bc_baseline_none_steps10000_tr1]:  35%|███▌      | 3504/10000 [01:23<02:47, 38.89it/s, acc=0.306, device=mps, eta=2m37s, loss=1.9927, sps=42.1]
BC[stage1_datasets_L40_stepsweep/bc_baseline_none_steps10000_tr1]:  35%|███▌      | 3511/10000 [01:23<02:27, 44.11it/s, acc=0.306, device=mps, eta=2m37s, loss=1.9927, sps=42.1]
BC[stage1_datasets_L40_stepsweep/bc_baseline_none_steps10000_tr1]:  35%|███▌      | 3517/10000 [01:23<02:16, 47.47it/s, acc=0.306, device=mps, eta=2m37s, loss=1.9927, sps=42.1]
BC[stage1_datasets_L40_stepsweep/bc_baseline_none_steps10000_tr1]:  35%|███▌      | 3523/10000 [01:23<02:46, 38.91it/s, acc=0.306, device=mps, eta=2m37s, loss=1.9927, sps=42.1]
BC[stage1_datasets_L40_stepsweep/bc_baseline_none_steps10000_tr1]:  35%|███▌      | 3528/10000 [01:23<02:40, 40.42it/s, acc=0.306, device=mps, eta=2m37s, loss=1.9927, sps=42.1]
BC[stage1_datasets_L40_stepsweep/bc_baseline_none_steps10000_tr1]:  35%|███▌      | 3534/10000 [01:23<02:29, 43.19it/s, acc=0.306, device=mps, eta=2m37s, loss=1.9927, sps=42.1]
BC[stage1_datasets_L40_stepsweep/bc_baseline_none_steps10000_tr1]:  35%|███▌      | 3540/10000 [01:24<02:18, 46.56it/s, acc=0.306, device=mps, eta=2m37s, loss=1.9927, sps=42.1]
BC[stage1_datasets_L40_stepsweep/bc_baseline_none_steps10000_tr1]:  35%|███▌      | 3545/10000 [01:24<02:54, 37.08it/s, acc=0.306, device=mps, eta=2m37s, loss=1.9927, sps=42.1]
BC[stage1_datasets_L40_stepsweep/bc_baseline_none_steps10000_tr1]:  36%|███▌      | 3551/10000 [01:24<02:35, 41.57it/s, acc=0.306, device=mps, eta=2m37s, loss=1.9927, sps=42.1]
BC[stage1_datasets_L40_stepsweep/bc_baseline_none_steps10000_tr1]:  36%|███▌      | 3557/10000 [01:24<02:23, 44.99it/s, acc=0.306, device=mps, eta=2m37s, loss=1.9927, sps=42.1]
BC[stage1_datasets_L40_stepsweep/bc_baseline_none_steps10000_tr1]:  36%|███▌      | 3562/10000 [01:24<02:54, 36.93it/s, acc=0.306, device=mps, eta=2m37s, loss=1.9927, sps=42.1]
BC[stage1_datasets_L40_stepsweep/bc_baseline_none_steps10000_tr1]:  36%|███▌      | 3567/10000 [01:24<02:47, 38.47it/s, acc=0.306, device=mps, eta=2m37s, loss=1.9927, sps=42.1]
BC[stage1_datasets_L40_stepsweep/bc_baseline_none_steps10000_tr1]:  36%|███▌      | 3573/10000 [01:24<02:34, 41.56it/s, acc=0.306, device=mps, eta=2m37s, loss=1.9927, sps=42.1]
BC[stage1_datasets_L40_stepsweep/bc_baseline_none_steps10000_tr1]:  36%|███▌      | 3579/10000 [01:25<02:24, 44.54it/s, acc=0.306, device=mps, eta=2m37s, loss=1.9927, sps=42.1]
BC[stage1_datasets_L40_stepsweep/bc_baseline_none_steps10000_tr1]:  36%|███▌      | 3584/10000 [01:25<02:53, 37.00it/s, acc=0.306, device=mps, eta=2m37s, loss=1.9927, sps=42.1]
BC[stage1_datasets_L40_stepsweep/bc_baseline_none_steps10000_tr1]:  36%|███▌      | 3590/10000 [01:25<02:35, 41.34it/s, acc=0.306, device=mps, eta=2m37s, loss=1.9927, sps=42.1]
BC[stage1_datasets_L40_stepsweep/bc_baseline_none_steps10000_tr1]:  36%|███▌      | 3596/10000 [01:25<02:20, 45.61it/s, acc=0.306, device=mps, eta=2m37s, loss=1.9927, sps=42.1]
BC[stage1_datasets_L40_stepsweep/bc_baseline_none_steps10000_tr1]:  36%|███▌      | 3596/10000 [01:25<02:20, 45.61it/s, acc=0.302, device=mps, eta=2m32s, loss=2.0096, sps=42.1]
BC[stage1_datasets_L40_stepsweep/bc_baseline_none_steps10000_tr1]:  36%|███▌      | 3601/10000 [01:25<02:50, 37.45it/s, acc=0.302, device=mps, eta=2m32s, loss=2.0096, sps=42.1]
BC[stage1_datasets_L40_stepsweep/bc_baseline_none_steps10000_tr1]:  36%|███▌      | 3607/10000 [01:25<02:35, 41.04it/s, acc=0.302, device=mps, eta=2m32s, loss=2.0096, sps=42.1]
BC[stage1_datasets_L40_stepsweep/bc_baseline_none_steps10000_tr1]:  36%|███▌      | 3613/10000 [01:25<02:20, 45.39it/s, acc=0.302, device=mps, eta=2m32s, loss=2.0096, sps=42.1]
BC[stage1_datasets_L40_stepsweep/bc_baseline_none_steps10000_tr1]:  36%|███▌      | 3619/10000 [01:25<02:10, 48.84it/s, acc=0.302, device=mps, eta=2m32s, loss=2.0096, sps=42.1]
BC[stage1_datasets_L40_stepsweep/bc_baseline_none_steps10000_tr1]:  36%|███▋      | 3625/10000 [01:26<02:40, 39.81it/s, acc=0.302, device=mps, eta=2m32s, loss=2.0096, sps=42.1]
BC[stage1_datasets_L40_stepsweep/bc_baseline_none_steps10000_tr1]:  36%|███▋      | 3631/10000 [01:26<02:25, 43.70it/s, acc=0.302, device=mps, eta=2m32s, loss=2.0096, sps=42.1]
BC[stage1_datasets_L40_stepsweep/bc_baseline_none_steps10000_tr1]:  36%|███▋      | 3637/10000 [01:26<02:15, 46.91it/s, acc=0.302, device=mps, eta=2m32s, loss=2.0096, sps=42.1]
BC[stage1_datasets_L40_stepsweep/bc_baseline_none_steps10000_tr1]:  36%|███▋      | 3643/10000 [01:26<02:42, 39.07it/s, acc=0.302, device=mps, eta=2m32s, loss=2.0096, sps=42.1]
BC[stage1_datasets_L40_stepsweep/bc_baseline_none_steps10000_tr1]:  36%|███▋      | 3648/10000 [01:26<02:33, 41.33it/s, acc=0.302, device=mps, eta=2m32s, loss=2.0096, sps=42.1]
BC[stage1_datasets_L40_stepsweep/bc_baseline_none_steps10000_tr1]:  37%|███▋      | 3654/10000 [01:26<02:21, 44.82it/s, acc=0.302, device=mps, eta=2m32s, loss=2.0096, sps=42.1]
BC[stage1_datasets_L40_stepsweep/bc_baseline_none_steps10000_tr1]:  37%|███▋      | 3660/10000 [01:26<02:10, 48.47it/s, acc=0.302, device=mps, eta=2m32s, loss=2.0096, sps=42.1]
BC[stage1_datasets_L40_stepsweep/bc_baseline_none_steps10000_tr1]:  37%|███▋      | 3666/10000 [01:27<02:49, 37.44it/s, acc=0.302, device=mps, eta=2m32s, loss=2.0096, sps=42.1]
BC[stage1_datasets_L40_stepsweep/bc_baseline_none_steps10000_tr1]:  37%|███▋      | 3672/10000 [01:27<02:32, 41.52it/s, acc=0.302, device=mps, eta=2m32s, loss=2.0096, sps=42.1]
BC[stage1_datasets_L40_stepsweep/bc_baseline_none_steps10000_tr1]:  37%|███▋      | 3678/10000 [01:27<02:20, 45.01it/s, acc=0.302, device=mps, eta=2m32s, loss=2.0096, sps=42.1]
BC[stage1_datasets_L40_stepsweep/bc_baseline_none_steps10000_tr1]:  37%|███▋      | 3683/10000 [01:27<02:50, 37.04it/s, acc=0.302, device=mps, eta=2m32s, loss=2.0096, sps=42.1]
BC[stage1_datasets_L40_stepsweep/bc_baseline_none_steps10000_tr1]:  37%|███▋      | 3689/10000 [01:27<02:35, 40.66it/s, acc=0.302, device=mps, eta=2m32s, loss=2.0096, sps=42.1]
BC[stage1_datasets_L40_stepsweep/bc_baseline_none_steps10000_tr1]:  37%|███▋      | 3695/10000 [01:27<02:20, 44.88it/s, acc=0.302, device=mps, eta=2m32s, loss=2.0096, sps=42.1]
BC[stage1_datasets_L40_stepsweep/bc_baseline_none_steps10000_tr1]:  37%|███▋      | 3701/10000 [01:27<02:43, 38.49it/s, acc=0.302, device=mps, eta=2m32s, loss=2.0096, sps=42.1]
BC[stage1_datasets_L40_stepsweep/bc_baseline_none_steps10000_tr1]:  37%|███▋      | 3706/10000 [01:28<02:33, 40.91it/s, acc=0.302, device=mps, eta=2m32s, loss=2.0096, sps=42.1]
BC[stage1_datasets_L40_stepsweep/bc_baseline_none_steps10000_tr1]:  37%|███▋      | 3712/10000 [01:28<02:22, 44.26it/s, acc=0.302, device=mps, eta=2m32s, loss=2.0096, sps=42.1]
BC[stage1_datasets_L40_stepsweep/bc_baseline_none_steps10000_tr1]:  37%|███▋      | 3718/10000 [01:28<02:14, 46.85it/s, acc=0.302, device=mps, eta=2m32s, loss=2.0096, sps=42.1]
BC[stage1_datasets_L40_stepsweep/bc_baseline_none_steps10000_tr1]:  37%|███▋      | 3723/10000 [01:28<02:45, 37.88it/s, acc=0.302, device=mps, eta=2m32s, loss=2.0096, sps=42.1]
BC[stage1_datasets_L40_stepsweep/bc_baseline_none_steps10000_tr1]:  37%|███▋      | 3728/10000 [01:28<02:36, 40.17it/s, acc=0.302, device=mps, eta=2m32s, loss=2.0096, sps=42.1]
BC[stage1_datasets_L40_stepsweep/bc_baseline_none_steps10000_tr1]:  37%|███▋      | 3734/10000 [01:28<02:23, 43.56it/s, acc=0.302, device=mps, eta=2m32s, loss=2.0096, sps=42.1]
BC[stage1_datasets_L40_stepsweep/bc_baseline_none_steps10000_tr1]:  37%|███▋      | 3740/10000 [01:28<02:11, 47.44it/s, acc=0.302, device=mps, eta=2m32s, loss=2.0096, sps=42.1]
BC[stage1_datasets_L40_stepsweep/bc_baseline_none_steps10000_tr1]:  37%|███▋      | 3746/10000 [01:29<02:45, 37.70it/s, acc=0.302, device=mps, eta=2m32s, loss=2.0096, sps=42.1]
BC[stage1_datasets_L40_stepsweep/bc_baseline_none_steps10000_tr1]:  38%|███▊      | 3752/10000 [01:29<02:28, 42.14it/s, acc=0.302, device=mps, eta=2m32s, loss=2.0096, sps=42.1]
BC[stage1_datasets_L40_stepsweep/bc_baseline_none_steps10000_tr1]:  38%|███▊      | 3758/10000 [01:29<02:16, 45.60it/s, acc=0.302, device=mps, eta=2m32s, loss=2.0096, sps=42.1]
BC[stage1_datasets_L40_stepsweep/bc_baseline_none_steps10000_tr1]:  38%|███▊      | 3763/10000 [01:29<02:42, 38.44it/s, acc=0.302, device=mps, eta=2m32s, loss=2.0096, sps=42.1]
BC[stage1_datasets_L40_stepsweep/bc_baseline_none_steps10000_tr1]:  38%|███▊      | 3769/10000 [01:29<02:24, 43.25it/s, acc=0.302, device=mps, eta=2m32s, loss=2.0096, sps=42.1]
BC[stage1_datasets_L40_stepsweep/bc_baseline_none_steps10000_tr1]:  38%|███▊      | 3775/10000 [01:29<02:13, 46.66it/s, acc=0.302, device=mps, eta=2m32s, loss=2.0096, sps=42.1]
BC[stage1_datasets_L40_stepsweep/bc_baseline_none_steps10000_tr1]:  38%|███▊      | 3781/10000 [01:29<02:44, 37.74it/s, acc=0.302, device=mps, eta=2m32s, loss=2.0096, sps=42.1]
BC[stage1_datasets_L40_stepsweep/bc_baseline_none_steps10000_tr1]:  38%|███▊      | 3789/10000 [01:29<02:15, 45.99it/s, acc=0.302, device=mps, eta=2m32s, loss=2.0096, sps=42.1]
BC[stage1_datasets_L40_stepsweep/bc_baseline_none_steps10000_tr1]:  38%|███▊      | 3797/10000 [01:30<01:58, 52.49it/s, acc=0.302, device=mps, eta=2m32s, loss=2.0096, sps=42.1]
BC[stage1_datasets_L40_stepsweep/bc_baseline_none_steps10000_tr1]:  38%|███▊      | 3797/10000 [01:30<01:58, 52.49it/s, acc=0.306, device=mps, eta=2m27s, loss=1.9998, sps=42.1]
BC[stage1_datasets_L40_stepsweep/bc_baseline_none_steps10000_tr1]:  38%|███▊      | 3803/10000 [01:30<02:20, 44.07it/s, acc=0.306, device=mps, eta=2m27s, loss=1.9998, sps=42.1]
BC[stage1_datasets_L40_stepsweep/bc_baseline_none_steps10000_tr1]:  38%|███▊      | 3809/10000 [01:30<02:13, 46.30it/s, acc=0.306, device=mps, eta=2m27s, loss=1.9998, sps=42.1]
BC[stage1_datasets_L40_stepsweep/bc_baseline_none_steps10000_tr1]:  38%|███▊      | 3815/10000 [01:30<02:07, 48.40it/s, acc=0.306, device=mps, eta=2m27s, loss=1.9998, sps=42.1]
BC[stage1_datasets_L40_stepsweep/bc_baseline_none_steps10000_tr1]:  38%|███▊      | 3821/10000 [01:30<02:34, 40.10it/s, acc=0.306, device=mps, eta=2m27s, loss=1.9998, sps=42.1]
BC[stage1_datasets_L40_stepsweep/bc_baseline_none_steps10000_tr1]:  38%|███▊      | 3827/10000 [01:30<02:23, 42.92it/s, acc=0.306, device=mps, eta=2m27s, loss=1.9998, sps=42.1]
BC[stage1_datasets_L40_stepsweep/bc_baseline_none_steps10000_tr1]:  38%|███▊      | 3833/10000 [01:30<02:13, 46.13it/s, acc=0.306, device=mps, eta=2m27s, loss=1.9998, sps=42.1]
BC[stage1_datasets_L40_stepsweep/bc_baseline_none_steps10000_tr1]:  38%|███▊      | 3839/10000 [01:31<02:07, 48.38it/s, acc=0.306, device=mps, eta=2m27s, loss=1.9998, sps=42.1]
BC[stage1_datasets_L40_stepsweep/bc_baseline_none_steps10000_tr1]:  38%|███▊      | 3845/10000 [01:31<02:36, 39.31it/s, acc=0.306, device=mps, eta=2m27s, loss=1.9998, sps=42.1]
BC[stage1_datasets_L40_stepsweep/bc_baseline_none_steps10000_tr1]:  39%|███▊      | 3851/10000 [01:31<02:24, 42.67it/s, acc=0.306, device=mps, eta=2m27s, loss=1.9998, sps=42.1]
BC[stage1_datasets_L40_stepsweep/bc_baseline_none_steps10000_tr1]:  39%|███▊      | 3858/10000 [01:31<02:09, 47.47it/s, acc=0.306, device=mps, eta=2m27s, loss=1.9998, sps=42.1]
BC[stage1_datasets_L40_stepsweep/bc_baseline_none_steps10000_tr1]:  39%|███▊      | 3864/10000 [01:31<02:34, 39.75it/s, acc=0.306, device=mps, eta=2m27s, loss=1.9998, sps=42.1]
BC[stage1_datasets_L40_stepsweep/bc_baseline_none_steps10000_tr1]:  39%|███▊      | 3869/10000 [01:31<02:26, 41.73it/s, acc=0.306, device=mps, eta=2m27s, loss=1.9998, sps=42.1]
BC[stage1_datasets_L40_stepsweep/bc_baseline_none_steps10000_tr1]:  39%|███▉      | 3875/10000 [01:31<02:16, 44.82it/s, acc=0.306, device=mps, eta=2m27s, loss=1.9998, sps=42.1]
BC[stage1_datasets_L40_stepsweep/bc_baseline_none_steps10000_tr1]:  39%|███▉      | 3881/10000 [01:32<02:41, 37.97it/s, acc=0.306, device=mps, eta=2m27s, loss=1.9998, sps=42.1]
BC[stage1_datasets_L40_stepsweep/bc_baseline_none_steps10000_tr1]:  39%|███▉      | 3887/10000 [01:32<02:28, 41.26it/s, acc=0.306, device=mps, eta=2m27s, loss=1.9998, sps=42.1]
BC[stage1_datasets_L40_stepsweep/bc_baseline_none_steps10000_tr1]:  39%|███▉      | 3893/10000 [01:32<02:16, 44.65it/s, acc=0.306, device=mps, eta=2m27s, loss=1.9998, sps=42.1]
BC[stage1_datasets_L40_stepsweep/bc_baseline_none_steps10000_tr1]:  39%|███▉      | 3899/10000 [01:32<02:07, 47.96it/s, acc=0.306, device=mps, eta=2m27s, loss=1.9998, sps=42.1]
BC[stage1_datasets_L40_stepsweep/bc_baseline_none_steps10000_tr1]:  39%|███▉      | 3905/10000 [01:32<02:32, 39.86it/s, acc=0.306, device=mps, eta=2m27s, loss=1.9998, sps=42.1]
BC[stage1_datasets_L40_stepsweep/bc_baseline_none_steps10000_tr1]:  39%|███▉      | 3911/10000 [01:32<02:19, 43.53it/s, acc=0.306, device=mps, eta=2m27s, loss=1.9998, sps=42.1]
BC[stage1_datasets_L40_stepsweep/bc_baseline_none_steps10000_tr1]:  39%|███▉      | 3918/10000 [01:32<02:06, 48.01it/s, acc=0.306, device=mps, eta=2m27s, loss=1.9998, sps=42.1]
BC[stage1_datasets_L40_stepsweep/bc_baseline_none_steps10000_tr1]:  39%|███▉      | 3924/10000 [01:33<02:32, 39.95it/s, acc=0.306, device=mps, eta=2m27s, loss=1.9998, sps=42.1]
BC[stage1_datasets_L40_stepsweep/bc_baseline_none_steps10000_tr1]:  39%|███▉      | 3930/10000 [01:33<02:22, 42.67it/s, acc=0.306, device=mps, eta=2m27s, loss=1.9998, sps=42.1]
BC[stage1_datasets_L40_stepsweep/bc_baseline_none_steps10000_tr1]:  39%|███▉      | 3936/10000 [01:33<02:11, 46.08it/s, acc=0.306, device=mps, eta=2m27s, loss=1.9998, sps=42.1]
BC[stage1_datasets_L40_stepsweep/bc_baseline_none_steps10000_tr1]:  39%|███▉      | 3941/10000 [01:33<02:35, 39.05it/s, acc=0.306, device=mps, eta=2m27s, loss=1.9998, sps=42.1]
BC[stage1_datasets_L40_stepsweep/bc_baseline_none_steps10000_tr1]:  39%|███▉      | 3947/10000 [01:33<02:23, 42.20it/s, acc=0.306, device=mps, eta=2m27s, loss=1.9998, sps=42.1]
BC[stage1_datasets_L40_stepsweep/bc_baseline_none_steps10000_tr1]:  40%|███▉      | 3953/10000 [01:33<02:13, 45.30it/s, acc=0.306, device=mps, eta=2m27s, loss=1.9998, sps=42.1]
BC[stage1_datasets_L40_stepsweep/bc_baseline_none_steps10000_tr1]:  40%|███▉      | 3959/10000 [01:33<02:06, 47.68it/s, acc=0.306, device=mps, eta=2m27s, loss=1.9998, sps=42.1]
BC[stage1_datasets_L40_stepsweep/bc_baseline_none_steps10000_tr1]:  40%|███▉      | 3964/10000 [01:34<02:42, 37.05it/s, acc=0.306, device=mps, eta=2m27s, loss=1.9998, sps=42.1]
BC[stage1_datasets_L40_stepsweep/bc_baseline_none_steps10000_tr1]:  40%|███▉      | 3969/10000 [01:34<02:32, 39.59it/s, acc=0.306, device=mps, eta=2m27s, loss=1.9998, sps=42.1]
BC[stage1_datasets_L40_stepsweep/bc_baseline_none_steps10000_tr1]:  40%|███▉      | 3975/10000 [01:34<02:18, 43.50it/s, acc=0.306, device=mps, eta=2m27s, loss=1.9998, sps=42.1]
BC[stage1_datasets_L40_stepsweep/bc_baseline_none_steps10000_tr1]:  40%|███▉      | 3981/10000 [01:34<02:39, 37.79it/s, acc=0.306, device=mps, eta=2m27s, loss=1.9998, sps=42.1]
BC[stage1_datasets_L40_stepsweep/bc_baseline_none_steps10000_tr1]:  40%|███▉      | 3987/10000 [01:34<02:25, 41.36it/s, acc=0.306, device=mps, eta=2m27s, loss=1.9998, sps=42.1]
BC[stage1_datasets_L40_stepsweep/bc_baseline_none_steps10000_tr1]:  40%|███▉      | 3993/10000 [01:34<02:15, 44.42it/s, acc=0.306, device=mps, eta=2m27s, loss=1.9998, sps=42.1]
BC[stage1_datasets_L40_stepsweep/bc_baseline_none_steps10000_tr1]:  40%|███▉      | 3999/10000 [01:34<02:05, 47.64it/s, acc=0.306, device=mps, eta=2m27s, loss=1.9998, sps=42.1]
BC[stage1_datasets_L40_stepsweep/bc_baseline_none_steps10000_tr1]:  40%|███▉      | 3999/10000 [01:34<02:05, 47.64it/s, acc=0.301, device=mps, eta=2m22s, loss=2.0041, sps=42.2]
BC[stage1_datasets_L40_stepsweep/bc_baseline_none_steps10000_tr1]:  40%|████      | 4005/10000 [01:35<02:39, 37.69it/s, acc=0.301, device=mps, eta=2m22s, loss=2.0041, sps=42.2]
BC[stage1_datasets_L40_stepsweep/bc_baseline_none_steps10000_tr1]:  40%|████      | 4011/10000 [01:35<02:25, 41.07it/s, acc=0.301, device=mps, eta=2m22s, loss=2.0041, sps=42.2]
BC[stage1_datasets_L40_stepsweep/bc_baseline_none_steps10000_tr1]:  40%|████      | 4017/10000 [01:35<02:12, 45.29it/s, acc=0.301, device=mps, eta=2m22s, loss=2.0041, sps=42.2]
BC[stage1_datasets_L40_stepsweep/bc_baseline_none_steps10000_tr1]:  40%|████      | 4022/10000 [01:35<02:35, 38.52it/s, acc=0.301, device=mps, eta=2m22s, loss=2.0041, sps=42.2]
BC[stage1_datasets_L40_stepsweep/bc_baseline_none_steps10000_tr1]:  40%|████      | 4028/10000 [01:35<02:20, 42.48it/s, acc=0.301, device=mps, eta=2m22s, loss=2.0041, sps=42.2]
BC[stage1_datasets_L40_stepsweep/bc_baseline_none_steps10000_tr1]:  40%|████      | 4034/10000 [01:35<02:08, 46.25it/s, acc=0.301, device=mps, eta=2m22s, loss=2.0041, sps=42.2]
BC[stage1_datasets_L40_stepsweep/bc_baseline_none_steps10000_tr1]:  40%|████      | 4041/10000 [01:35<02:30, 39.66it/s, acc=0.301, device=mps, eta=2m22s, loss=2.0041, sps=42.2]
BC[stage1_datasets_L40_stepsweep/bc_baseline_none_steps10000_tr1]:  40%|████      | 4046/10000 [01:36<02:24, 41.26it/s, acc=0.301, device=mps, eta=2m22s, loss=2.0041, sps=42.2]
BC[stage1_datasets_L40_stepsweep/bc_baseline_none_steps10000_tr1]:  41%|████      | 4052/10000 [01:36<02:14, 44.22it/s, acc=0.301, device=mps, eta=2m22s, loss=2.0041, sps=42.2]
BC[stage1_datasets_L40_stepsweep/bc_baseline_none_steps10000_tr1]:  41%|████      | 4058/10000 [01:36<02:03, 48.04it/s, acc=0.301, device=mps, eta=2m22s, loss=2.0041, sps=42.2]
BC[stage1_datasets_L40_stepsweep/bc_baseline_none_steps10000_tr1]:  41%|████      | 4064/10000 [01:36<02:28, 40.00it/s, acc=0.301, device=mps, eta=2m22s, loss=2.0041, sps=42.2]
BC[stage1_datasets_L40_stepsweep/bc_baseline_none_steps10000_tr1]:  41%|████      | 4070/10000 [01:36<02:15, 43.62it/s, acc=0.301, device=mps, eta=2m22s, loss=2.0041, sps=42.2]
BC[stage1_datasets_L40_stepsweep/bc_baseline_none_steps10000_tr1]:  41%|████      | 4077/10000 [01:36<02:02, 48.16it/s, acc=0.301, device=mps, eta=2m22s, loss=2.0041, sps=42.2]
BC[stage1_datasets_L40_stepsweep/bc_baseline_none_steps10000_tr1]:  41%|████      | 4083/10000 [01:36<02:32, 38.91it/s, acc=0.301, device=mps, eta=2m22s, loss=2.0041, sps=42.2]
BC[stage1_datasets_L40_stepsweep/bc_baseline_none_steps10000_tr1]:  41%|████      | 4088/10000 [01:36<02:24, 40.95it/s, acc=0.301, device=mps, eta=2m22s, loss=2.0041, sps=42.2]
BC[stage1_datasets_L40_stepsweep/bc_baseline_none_steps10000_tr1]:  41%|████      | 4094/10000 [01:37<02:13, 44.12it/s, acc=0.301, device=mps, eta=2m22s, loss=2.0041, sps=42.2]
BC[stage1_datasets_L40_stepsweep/bc_baseline_none_steps10000_tr1]:  41%|████      | 4100/10000 [01:37<02:03, 47.91it/s, acc=0.301, device=mps, eta=2m22s, loss=2.0041, sps=42.2]
BC[stage1_datasets_L40_stepsweep/bc_baseline_none_steps10000_tr1]:  41%|████      | 4106/10000 [01:37<02:29, 39.48it/s, acc=0.301, device=mps, eta=2m22s, loss=2.0041, sps=42.2]
BC[stage1_datasets_L40_stepsweep/bc_baseline_none_steps10000_tr1]:  41%|████      | 4111/10000 [01:37<02:21, 41.67it/s, acc=0.301, device=mps, eta=2m22s, loss=2.0041, sps=42.2]
BC[stage1_datasets_L40_stepsweep/bc_baseline_none_steps10000_tr1]:  41%|████      | 4117/10000 [01:37<02:13, 44.21it/s, acc=0.301, device=mps, eta=2m22s, loss=2.0041, sps=42.2]
BC[stage1_datasets_L40_stepsweep/bc_baseline_none_steps10000_tr1]:  41%|████      | 4122/10000 [01:37<02:42, 36.18it/s, acc=0.301, device=mps, eta=2m22s, loss=2.0041, sps=42.2]
BC[stage1_datasets_L40_stepsweep/bc_baseline_none_steps10000_tr1]:  41%|████▏     | 4127/10000 [01:37<02:32, 38.46it/s, acc=0.301, device=mps, eta=2m22s, loss=2.0041, sps=42.2]
BC[stage1_datasets_L40_stepsweep/bc_baseline_none_steps10000_tr1]:  41%|████▏     | 4133/10000 [01:38<02:18, 42.26it/s, acc=0.301, device=mps, eta=2m22s, loss=2.0041, sps=42.2]
BC[stage1_datasets_L40_stepsweep/bc_baseline_none_steps10000_tr1]:  41%|████▏     | 4139/10000 [01:38<02:07, 46.05it/s, acc=0.301, device=mps, eta=2m22s, loss=2.0041, sps=42.2]
BC[stage1_datasets_L40_stepsweep/bc_baseline_none_steps10000_tr1]:  41%|████▏     | 4144/10000 [01:38<02:35, 37.60it/s, acc=0.301, device=mps, eta=2m22s, loss=2.0041, sps=42.2]
BC[stage1_datasets_L40_stepsweep/bc_baseline_none_steps10000_tr1]:  42%|████▏     | 4150/10000 [01:38<02:21, 41.34it/s, acc=0.301, device=mps, eta=2m22s, loss=2.0041, sps=42.2]
BC[stage1_datasets_L40_stepsweep/bc_baseline_none_steps10000_tr1]:  42%|████▏     | 4156/10000 [01:38<02:09, 45.08it/s, acc=0.301, device=mps, eta=2m22s, loss=2.0041, sps=42.2]
BC[stage1_datasets_L40_stepsweep/bc_baseline_none_steps10000_tr1]:  42%|████▏     | 4161/10000 [01:38<02:36, 37.39it/s, acc=0.301, device=mps, eta=2m22s, loss=2.0041, sps=42.2]
BC[stage1_datasets_L40_stepsweep/bc_baseline_none_steps10000_tr1]:  42%|████▏     | 4167/10000 [01:38<02:21, 41.22it/s, acc=0.301, device=mps, eta=2m22s, loss=2.0041, sps=42.2]
BC[stage1_datasets_L40_stepsweep/bc_baseline_none_steps10000_tr1]:  42%|████▏     | 4173/10000 [01:39<02:08, 45.25it/s, acc=0.301, device=mps, eta=2m22s, loss=2.0041, sps=42.2]
BC[stage1_datasets_L40_stepsweep/bc_baseline_none_steps10000_tr1]:  42%|████▏     | 4179/10000 [01:39<02:00, 48.47it/s, acc=0.301, device=mps, eta=2m22s, loss=2.0041, sps=42.2]
BC[stage1_datasets_L40_stepsweep/bc_baseline_none_steps10000_tr1]:  42%|████▏     | 4185/10000 [01:39<02:27, 39.50it/s, acc=0.301, device=mps, eta=2m22s, loss=2.0041, sps=42.2]
BC[stage1_datasets_L40_stepsweep/bc_baseline_none_steps10000_tr1]:  42%|████▏     | 4191/10000 [01:39<02:15, 42.74it/s, acc=0.301, device=mps, eta=2m22s, loss=2.0041, sps=42.2]
BC[stage1_datasets_L40_stepsweep/bc_baseline_none_steps10000_tr1]:  42%|████▏     | 4197/10000 [01:39<02:07, 45.58it/s, acc=0.301, device=mps, eta=2m22s, loss=2.0041, sps=42.2]
BC[stage1_datasets_L40_stepsweep/bc_baseline_none_steps10000_tr1]:  42%|████▏     | 4197/10000 [01:39<02:07, 45.58it/s, acc=0.303, device=mps, eta=2m18s, loss=2.0034, sps=42.2]
BC[stage1_datasets_L40_stepsweep/bc_baseline_none_steps10000_tr1]:  42%|████▏     | 4202/10000 [01:39<02:33, 37.68it/s, acc=0.303, device=mps, eta=2m18s, loss=2.0034, sps=42.2]
BC[stage1_datasets_L40_stepsweep/bc_baseline_none_steps10000_tr1]:  42%|████▏     | 4207/10000 [01:39<02:24, 40.20it/s, acc=0.303, device=mps, eta=2m18s, loss=2.0034, sps=42.2]
BC[stage1_datasets_L40_stepsweep/bc_baseline_none_steps10000_tr1]:  42%|████▏     | 4213/10000 [01:39<02:11, 44.07it/s, acc=0.303, device=mps, eta=2m18s, loss=2.0034, sps=42.2]
BC[stage1_datasets_L40_stepsweep/bc_baseline_none_steps10000_tr1]:  42%|████▏     | 4219/10000 [01:40<02:02, 47.09it/s, acc=0.303, device=mps, eta=2m18s, loss=2.0034, sps=42.2]
BC[stage1_datasets_L40_stepsweep/bc_baseline_none_steps10000_tr1]:  42%|████▏     | 4224/10000 [01:40<02:35, 37.10it/s, acc=0.303, device=mps, eta=2m18s, loss=2.0034, sps=42.2]
BC[stage1_datasets_L40_stepsweep/bc_baseline_none_steps10000_tr1]:  42%|████▏     | 4230/10000 [01:40<02:21, 40.66it/s, acc=0.303, device=mps, eta=2m18s, loss=2.0034, sps=42.2]
BC[stage1_datasets_L40_stepsweep/bc_baseline_none_steps10000_tr1]:  42%|████▏     | 4236/10000 [01:40<02:08, 44.78it/s, acc=0.303, device=mps, eta=2m18s, loss=2.0034, sps=42.2]
BC[stage1_datasets_L40_stepsweep/bc_baseline_none_steps10000_tr1]:  42%|████▏     | 4241/10000 [01:40<02:32, 37.77it/s, acc=0.303, device=mps, eta=2m18s, loss=2.0034, sps=42.2]
BC[stage1_datasets_L40_stepsweep/bc_baseline_none_steps10000_tr1]:  42%|████▏     | 4247/10000 [01:40<02:18, 41.42it/s, acc=0.303, device=mps, eta=2m18s, loss=2.0034, sps=42.2]
BC[stage1_datasets_L40_stepsweep/bc_baseline_none_steps10000_tr1]:  43%|████▎     | 4253/10000 [01:40<02:05, 45.77it/s, acc=0.303, device=mps, eta=2m18s, loss=2.0034, sps=42.2]
BC[stage1_datasets_L40_stepsweep/bc_baseline_none_steps10000_tr1]:  43%|████▎     | 4260/10000 [01:41<01:53, 50.68it/s, acc=0.303, device=mps, eta=2m18s, loss=2.0034, sps=42.2]
BC[stage1_datasets_L40_stepsweep/bc_baseline_none_steps10000_tr1]:  43%|████▎     | 4266/10000 [01:41<02:27, 38.87it/s, acc=0.303, device=mps, eta=2m18s, loss=2.0034, sps=42.2]
BC[stage1_datasets_L40_stepsweep/bc_baseline_none_steps10000_tr1]:  43%|████▎     | 4272/10000 [01:41<02:15, 42.14it/s, acc=0.303, device=mps, eta=2m18s, loss=2.0034, sps=42.2]
BC[stage1_datasets_L40_stepsweep/bc_baseline_none_steps10000_tr1]:  43%|████▎     | 4278/10000 [01:41<02:05, 45.63it/s, acc=0.303, device=mps, eta=2m18s, loss=2.0034, sps=42.2]
BC[stage1_datasets_L40_stepsweep/bc_baseline_none_steps10000_tr1]:  43%|████▎     | 4284/10000 [01:41<02:29, 38.15it/s, acc=0.303, device=mps, eta=2m18s, loss=2.0034, sps=42.2]
BC[stage1_datasets_L40_stepsweep/bc_baseline_none_steps10000_tr1]:  43%|████▎     | 4290/10000 [01:41<02:16, 41.95it/s, acc=0.303, device=mps, eta=2m18s, loss=2.0034, sps=42.2]
BC[stage1_datasets_L40_stepsweep/bc_baseline_none_steps10000_tr1]:  43%|████▎     | 4297/10000 [01:41<02:01, 46.79it/s, acc=0.303, device=mps, eta=2m18s, loss=2.0034, sps=42.2]
BC[stage1_datasets_L40_stepsweep/bc_baseline_none_steps10000_tr1]:  43%|████▎     | 4303/10000 [01:42<02:22, 40.06it/s, acc=0.303, device=mps, eta=2m18s, loss=2.0034, sps=42.2]
BC[stage1_datasets_L40_stepsweep/bc_baseline_none_steps10000_tr1]:  43%|████▎     | 4310/10000 [01:42<02:06, 44.96it/s, acc=0.303, device=mps, eta=2m18s, loss=2.0034, sps=42.2]
BC[stage1_datasets_L40_stepsweep/bc_baseline_none_steps10000_tr1]:  43%|████▎     | 4316/10000 [01:42<01:58, 48.13it/s, acc=0.303, device=mps, eta=2m18s, loss=2.0034, sps=42.2]
BC[stage1_datasets_L40_stepsweep/bc_baseline_none_steps10000_tr1]:  43%|████▎     | 4322/10000 [01:42<02:21, 40.09it/s, acc=0.303, device=mps, eta=2m18s, loss=2.0034, sps=42.2]
BC[stage1_datasets_L40_stepsweep/bc_baseline_none_steps10000_tr1]:  43%|████▎     | 4327/10000 [01:42<02:15, 41.90it/s, acc=0.303, device=mps, eta=2m18s, loss=2.0034, sps=42.2]
BC[stage1_datasets_L40_stepsweep/bc_baseline_none_steps10000_tr1]:  43%|████▎     | 4333/10000 [01:42<02:03, 45.98it/s, acc=0.303, device=mps, eta=2m18s, loss=2.0034, sps=42.2]
BC[stage1_datasets_L40_stepsweep/bc_baseline_none_steps10000_tr1]:  43%|████▎     | 4340/10000 [01:42<01:51, 50.95it/s, acc=0.303, device=mps, eta=2m18s, loss=2.0034, sps=42.2]
BC[stage1_datasets_L40_stepsweep/bc_baseline_none_steps10000_tr1]:  43%|████▎     | 4346/10000 [01:43<02:17, 41.22it/s, acc=0.303, device=mps, eta=2m18s, loss=2.0034, sps=42.2]
BC[stage1_datasets_L40_stepsweep/bc_baseline_none_steps10000_tr1]:  44%|████▎     | 4352/10000 [01:43<02:08, 43.91it/s, acc=0.303, device=mps, eta=2m18s, loss=2.0034, sps=42.2]
BC[stage1_datasets_L40_stepsweep/bc_baseline_none_steps10000_tr1]:  44%|████▎     | 4358/10000 [01:43<02:00, 46.76it/s, acc=0.303, device=mps, eta=2m18s, loss=2.0034, sps=42.2]
BC[stage1_datasets_L40_stepsweep/bc_baseline_none_steps10000_tr1]:  44%|████▎     | 4364/10000 [01:43<02:21, 39.71it/s, acc=0.303, device=mps, eta=2m18s, loss=2.0034, sps=42.2]
BC[stage1_datasets_L40_stepsweep/bc_baseline_none_steps10000_tr1]:  44%|████▎     | 4370/10000 [01:43<02:08, 43.66it/s, acc=0.303, device=mps, eta=2m18s, loss=2.0034, sps=42.2]
BC[stage1_datasets_L40_stepsweep/bc_baseline_none_steps10000_tr1]:  44%|████▍     | 4376/10000 [01:43<02:01, 46.37it/s, acc=0.303, device=mps, eta=2m18s, loss=2.0034, sps=42.2]
BC[stage1_datasets_L40_stepsweep/bc_baseline_none_steps10000_tr1]:  44%|████▍     | 4381/10000 [01:43<02:27, 38.11it/s, acc=0.303, device=mps, eta=2m18s, loss=2.0034, sps=42.2]
BC[stage1_datasets_L40_stepsweep/bc_baseline_none_steps10000_tr1]:  44%|████▍     | 4386/10000 [01:44<02:20, 39.95it/s, acc=0.303, device=mps, eta=2m18s, loss=2.0034, sps=42.2]
BC[stage1_datasets_L40_stepsweep/bc_baseline_none_steps10000_tr1]:  44%|████▍     | 4392/10000 [01:44<02:08, 43.67it/s, acc=0.303, device=mps, eta=2m18s, loss=2.0034, sps=42.2]
BC[stage1_datasets_L40_stepsweep/bc_baseline_none_steps10000_tr1]:  44%|████▍     | 4399/10000 [01:44<01:55, 48.62it/s, acc=0.303, device=mps, eta=2m18s, loss=2.0034, sps=42.2]
BC[stage1_datasets_L40_stepsweep/bc_baseline_none_steps10000_tr1]:  44%|████▍     | 4399/10000 [01:44<01:55, 48.62it/s, acc=0.304, device=mps, eta=2m13s, loss=1.9967, sps=42.2]
BC[stage1_datasets_L40_stepsweep/bc_baseline_none_steps10000_tr1]:  44%|████▍     | 4405/10000 [01:44<02:17, 40.67it/s, acc=0.304, device=mps, eta=2m13s, loss=1.9967, sps=42.2]
BC[stage1_datasets_L40_stepsweep/bc_baseline_none_steps10000_tr1]:  44%|████▍     | 4411/10000 [01:44<02:06, 44.03it/s, acc=0.304, device=mps, eta=2m13s, loss=1.9967, sps=42.2]
BC[stage1_datasets_L40_stepsweep/bc_baseline_none_steps10000_tr1]:  44%|████▍     | 4417/10000 [01:44<01:58, 47.24it/s, acc=0.304, device=mps, eta=2m13s, loss=1.9967, sps=42.2]
BC[stage1_datasets_L40_stepsweep/bc_baseline_none_steps10000_tr1]:  44%|████▍     | 4423/10000 [01:44<02:19, 39.96it/s, acc=0.304, device=mps, eta=2m13s, loss=1.9967, sps=42.2]
BC[stage1_datasets_L40_stepsweep/bc_baseline_none_steps10000_tr1]:  44%|████▍     | 4428/10000 [01:44<02:18, 40.10it/s, acc=0.304, device=mps, eta=2m13s, loss=1.9967, sps=42.2]
BC[stage1_datasets_L40_stepsweep/bc_baseline_none_steps10000_tr1]:  44%|████▍     | 4434/10000 [01:45<02:08, 43.46it/s, acc=0.304, device=mps, eta=2m13s, loss=1.9967, sps=42.2]
BC[stage1_datasets_L40_stepsweep/bc_baseline_none_steps10000_tr1]:  44%|████▍     | 4441/10000 [01:45<02:23, 38.85it/s, acc=0.304, device=mps, eta=2m13s, loss=1.9967, sps=42.2]
BC[stage1_datasets_L40_stepsweep/bc_baseline_none_steps10000_tr1]:  44%|████▍     | 4447/10000 [01:45<02:08, 43.25it/s, acc=0.304, device=mps, eta=2m13s, loss=1.9967, sps=42.2]
BC[stage1_datasets_L40_stepsweep/bc_baseline_none_steps10000_tr1]:  45%|████▍     | 4453/10000 [01:45<02:01, 45.62it/s, acc=0.304, device=mps, eta=2m13s, loss=1.9967, sps=42.2]
BC[stage1_datasets_L40_stepsweep/bc_baseline_none_steps10000_tr1]:  45%|████▍     | 4459/10000 [01:45<01:55, 47.83it/s, acc=0.304, device=mps, eta=2m13s, loss=1.9967, sps=42.2]
BC[stage1_datasets_L40_stepsweep/bc_baseline_none_steps10000_tr1]:  45%|████▍     | 4465/10000 [01:45<02:21, 39.02it/s, acc=0.304, device=mps, eta=2m13s, loss=1.9967, sps=42.2]
BC[stage1_datasets_L40_stepsweep/bc_baseline_none_steps10000_tr1]:  45%|████▍     | 4471/10000 [01:45<02:10, 42.28it/s, acc=0.304, device=mps, eta=2m13s, loss=1.9967, sps=42.2]
BC[stage1_datasets_L40_stepsweep/bc_baseline_none_steps10000_tr1]:  45%|████▍     | 4477/10000 [01:46<02:00, 46.00it/s, acc=0.304, device=mps, eta=2m13s, loss=1.9967, sps=42.2]
BC[stage1_datasets_L40_stepsweep/bc_baseline_none_steps10000_tr1]:  45%|████▍     | 4482/10000 [01:46<02:23, 38.57it/s, acc=0.304, device=mps, eta=2m13s, loss=1.9967, sps=42.2]
BC[stage1_datasets_L40_stepsweep/bc_baseline_none_steps10000_tr1]:  45%|████▍     | 4488/10000 [01:46<02:09, 42.60it/s, acc=0.304, device=mps, eta=2m13s, loss=1.9967, sps=42.2]
BC[stage1_datasets_L40_stepsweep/bc_baseline_none_steps10000_tr1]:  45%|████▍     | 4494/10000 [01:46<01:58, 46.37it/s, acc=0.304, device=mps, eta=2m13s, loss=1.9967, sps=42.2]
BC[stage1_datasets_L40_stepsweep/bc_baseline_none_steps10000_tr1]:  45%|████▌     | 4501/10000 [01:46<02:17, 39.98it/s, acc=0.304, device=mps, eta=2m13s, loss=1.9967, sps=42.2]
BC[stage1_datasets_L40_stepsweep/bc_baseline_none_steps10000_tr1]:  45%|████▌     | 4507/10000 [01:46<02:06, 43.45it/s, acc=0.304, device=mps, eta=2m13s, loss=1.9967, sps=42.2]
BC[stage1_datasets_L40_stepsweep/bc_baseline_none_steps10000_tr1]:  45%|████▌     | 4513/10000 [01:46<01:59, 45.81it/s, acc=0.304, device=mps, eta=2m13s, loss=1.9967, sps=42.2]
BC[stage1_datasets_L40_stepsweep/bc_baseline_none_steps10000_tr1]:  45%|████▌     | 4520/10000 [01:47<01:48, 50.63it/s, acc=0.304, device=mps, eta=2m13s, loss=1.9967, sps=42.2]
BC[stage1_datasets_L40_stepsweep/bc_baseline_none_steps10000_tr1]:  45%|████▌     | 4526/10000 [01:47<02:16, 40.23it/s, acc=0.304, device=mps, eta=2m13s, loss=1.9967, sps=42.2]
BC[stage1_datasets_L40_stepsweep/bc_baseline_none_steps10000_tr1]:  45%|████▌     | 4532/10000 [01:47<02:07, 42.93it/s, acc=0.304, device=mps, eta=2m13s, loss=1.9967, sps=42.2]
BC[stage1_datasets_L40_stepsweep/bc_baseline_none_steps10000_tr1]:  45%|████▌     | 4538/10000 [01:47<01:58, 46.08it/s, acc=0.304, device=mps, eta=2m13s, loss=1.9967, sps=42.2]
BC[stage1_datasets_L40_stepsweep/bc_baseline_none_steps10000_tr1]:  45%|████▌     | 4543/10000 [01:47<02:21, 38.60it/s, acc=0.304, device=mps, eta=2m13s, loss=1.9967, sps=42.2]
BC[stage1_datasets_L40_stepsweep/bc_baseline_none_steps10000_tr1]:  45%|████▌     | 4549/10000 [01:47<02:06, 43.03it/s, acc=0.304, device=mps, eta=2m13s, loss=1.9967, sps=42.2]
BC[stage1_datasets_L40_stepsweep/bc_baseline_none_steps10000_tr1]:  46%|████▌     | 4555/10000 [01:47<01:56, 46.86it/s, acc=0.304, device=mps, eta=2m13s, loss=1.9967, sps=42.2]
BC[stage1_datasets_L40_stepsweep/bc_baseline_none_steps10000_tr1]:  46%|████▌     | 4561/10000 [01:48<02:16, 39.70it/s, acc=0.304, device=mps, eta=2m13s, loss=1.9967, sps=42.2]
BC[stage1_datasets_L40_stepsweep/bc_baseline_none_steps10000_tr1]:  46%|████▌     | 4567/10000 [01:48<02:05, 43.20it/s, acc=0.304, device=mps, eta=2m13s, loss=1.9967, sps=42.2]
BC[stage1_datasets_L40_stepsweep/bc_baseline_none_steps10000_tr1]:  46%|████▌     | 4573/10000 [01:48<01:58, 45.69it/s, acc=0.304, device=mps, eta=2m13s, loss=1.9967, sps=42.2]
BC[stage1_datasets_L40_stepsweep/bc_baseline_none_steps10000_tr1]:  46%|████▌     | 4579/10000 [01:48<01:53, 47.65it/s, acc=0.304, device=mps, eta=2m13s, loss=1.9967, sps=42.2]
BC[stage1_datasets_L40_stepsweep/bc_baseline_none_steps10000_tr1]:  46%|████▌     | 4585/10000 [01:48<02:14, 40.36it/s, acc=0.304, device=mps, eta=2m13s, loss=1.9967, sps=42.2]
BC[stage1_datasets_L40_stepsweep/bc_baseline_none_steps10000_tr1]:  46%|████▌     | 4591/10000 [01:48<02:06, 42.82it/s, acc=0.304, device=mps, eta=2m13s, loss=1.9967, sps=42.2]
BC[stage1_datasets_L40_stepsweep/bc_baseline_none_steps10000_tr1]:  46%|████▌     | 4597/10000 [01:48<01:56, 46.36it/s, acc=0.304, device=mps, eta=2m13s, loss=1.9967, sps=42.2]
BC[stage1_datasets_L40_stepsweep/bc_baseline_none_steps10000_tr1]:  46%|████▌     | 4597/10000 [01:48<01:56, 46.36it/s, acc=0.305, device=mps, eta=2m08s, loss=2.0039, sps=42.2]
BC[stage1_datasets_L40_stepsweep/bc_baseline_none_steps10000_tr1]:  46%|████▌     | 4602/10000 [01:49<02:18, 39.00it/s, acc=0.305, device=mps, eta=2m08s, loss=2.0039, sps=42.2]
BC[stage1_datasets_L40_stepsweep/bc_baseline_none_steps10000_tr1]:  46%|████▌     | 4609/10000 [01:49<02:00, 44.82it/s, acc=0.305, device=mps, eta=2m08s, loss=2.0039, sps=42.2]
BC[stage1_datasets_L40_stepsweep/bc_baseline_none_steps10000_tr1]:  46%|████▌     | 4615/10000 [01:49<01:53, 47.45it/s, acc=0.305, device=mps, eta=2m08s, loss=2.0039, sps=42.2]
BC[stage1_datasets_L40_stepsweep/bc_baseline_none_steps10000_tr1]:  46%|████▌     | 4621/10000 [01:49<02:15, 39.82it/s, acc=0.305, device=mps, eta=2m08s, loss=2.0039, sps=42.2]
BC[stage1_datasets_L40_stepsweep/bc_baseline_none_steps10000_tr1]:  46%|████▋     | 4627/10000 [01:49<02:02, 43.98it/s, acc=0.305, device=mps, eta=2m08s, loss=2.0039, sps=42.2]
BC[stage1_datasets_L40_stepsweep/bc_baseline_none_steps10000_tr1]:  46%|████▋     | 4633/10000 [01:49<01:55, 46.32it/s, acc=0.305, device=mps, eta=2m08s, loss=2.0039, sps=42.2]
BC[stage1_datasets_L40_stepsweep/bc_baseline_none_steps10000_tr1]:  46%|████▋     | 4639/10000 [01:49<01:49, 48.88it/s, acc=0.305, device=mps, eta=2m08s, loss=2.0039, sps=42.2]
BC[stage1_datasets_L40_stepsweep/bc_baseline_none_steps10000_tr1]:  46%|████▋     | 4645/10000 [01:50<02:13, 40.08it/s, acc=0.305, device=mps, eta=2m08s, loss=2.0039, sps=42.2]
BC[stage1_datasets_L40_stepsweep/bc_baseline_none_steps10000_tr1]:  47%|████▋     | 4651/10000 [01:50<02:03, 43.33it/s, acc=0.305, device=mps, eta=2m08s, loss=2.0039, sps=42.2]
BC[stage1_datasets_L40_stepsweep/bc_baseline_none_steps10000_tr1]:  47%|████▋     | 4657/10000 [01:50<01:54, 46.54it/s, acc=0.305, device=mps, eta=2m08s, loss=2.0039, sps=42.2]
BC[stage1_datasets_L40_stepsweep/bc_baseline_none_steps10000_tr1]:  47%|████▋     | 4662/10000 [01:50<02:19, 38.25it/s, acc=0.305, device=mps, eta=2m08s, loss=2.0039, sps=42.2]
BC[stage1_datasets_L40_stepsweep/bc_baseline_none_steps10000_tr1]:  47%|████▋     | 4668/10000 [01:50<02:04, 42.94it/s, acc=0.305, device=mps, eta=2m08s, loss=2.0039, sps=42.2]
BC[stage1_datasets_L40_stepsweep/bc_baseline_none_steps10000_tr1]:  47%|████▋     | 4674/10000 [01:50<01:56, 45.71it/s, acc=0.305, device=mps, eta=2m08s, loss=2.0039, sps=42.2]
BC[stage1_datasets_L40_stepsweep/bc_baseline_none_steps10000_tr1]:  47%|████▋     | 4680/10000 [01:50<01:48, 49.12it/s, acc=0.305, device=mps, eta=2m08s, loss=2.0039, sps=42.2]
BC[stage1_datasets_L40_stepsweep/bc_baseline_none_steps10000_tr1]:  47%|████▋     | 4686/10000 [01:50<02:13, 39.82it/s, acc=0.305, device=mps, eta=2m08s, loss=2.0039, sps=42.2]
BC[stage1_datasets_L40_stepsweep/bc_baseline_none_steps10000_tr1]:  47%|████▋     | 4692/10000 [01:51<02:02, 43.39it/s, acc=0.305, device=mps, eta=2m08s, loss=2.0039, sps=42.2]
BC[stage1_datasets_L40_stepsweep/bc_baseline_none_steps10000_tr1]:  47%|████▋     | 4698/10000 [01:51<01:52, 47.04it/s, acc=0.305, device=mps, eta=2m08s, loss=2.0039, sps=42.2]
BC[stage1_datasets_L40_stepsweep/bc_baseline_none_steps10000_tr1]:  47%|████▋     | 4704/10000 [01:51<02:12, 40.11it/s, acc=0.305, device=mps, eta=2m08s, loss=2.0039, sps=42.2]
BC[stage1_datasets_L40_stepsweep/bc_baseline_none_steps10000_tr1]:  47%|████▋     | 4711/10000 [01:51<01:55, 45.70it/s, acc=0.305, device=mps, eta=2m08s, loss=2.0039, sps=42.2]
BC[stage1_datasets_L40_stepsweep/bc_baseline_none_steps10000_tr1]:  47%|████▋     | 4719/10000 [01:51<01:40, 52.33it/s, acc=0.305, device=mps, eta=2m08s, loss=2.0039, sps=42.2]
BC[stage1_datasets_L40_stepsweep/bc_baseline_none_steps10000_tr1]:  47%|████▋     | 4725/10000 [01:51<02:00, 43.81it/s, acc=0.305, device=mps, eta=2m08s, loss=2.0039, sps=42.2]
BC[stage1_datasets_L40_stepsweep/bc_baseline_none_steps10000_tr1]:  47%|████▋     | 4731/10000 [01:51<01:51, 47.18it/s, acc=0.305, device=mps, eta=2m08s, loss=2.0039, sps=42.2]
BC[stage1_datasets_L40_stepsweep/bc_baseline_none_steps10000_tr1]:  47%|████▋     | 4737/10000 [01:52<01:48, 48.61it/s, acc=0.305, device=mps, eta=2m08s, loss=2.0039, sps=42.2]
BC[stage1_datasets_L40_stepsweep/bc_baseline_none_steps10000_tr1]:  47%|████▋     | 4743/10000 [01:52<02:11, 40.07it/s, acc=0.305, device=mps, eta=2m08s, loss=2.0039, sps=42.2]
BC[stage1_datasets_L40_stepsweep/bc_baseline_none_steps10000_tr1]:  47%|████▋     | 4749/10000 [01:52<02:00, 43.69it/s, acc=0.305, device=mps, eta=2m08s, loss=2.0039, sps=42.2]
BC[stage1_datasets_L40_stepsweep/bc_baseline_none_steps10000_tr1]:  48%|████▊     | 4755/10000 [01:52<01:54, 45.66it/s, acc=0.305, device=mps, eta=2m08s, loss=2.0039, sps=42.2]
BC[stage1_datasets_L40_stepsweep/bc_baseline_none_steps10000_tr1]:  48%|████▊     | 4761/10000 [01:52<02:15, 38.68it/s, acc=0.305, device=mps, eta=2m08s, loss=2.0039, sps=42.2]
BC[stage1_datasets_L40_stepsweep/bc_baseline_none_steps10000_tr1]:  48%|████▊     | 4767/10000 [01:52<02:01, 42.92it/s, acc=0.305, device=mps, eta=2m08s, loss=2.0039, sps=42.2]
BC[stage1_datasets_L40_stepsweep/bc_baseline_none_steps10000_tr1]:  48%|████▊     | 4773/10000 [01:52<01:51, 46.77it/s, acc=0.305, device=mps, eta=2m08s, loss=2.0039, sps=42.2]
BC[stage1_datasets_L40_stepsweep/bc_baseline_none_steps10000_tr1]:  48%|████▊     | 4779/10000 [01:52<01:45, 49.47it/s, acc=0.305, device=mps, eta=2m08s, loss=2.0039, sps=42.2]
BC[stage1_datasets_L40_stepsweep/bc_baseline_none_steps10000_tr1]:  48%|████▊     | 4785/10000 [01:53<02:07, 41.03it/s, acc=0.305, device=mps, eta=2m08s, loss=2.0039, sps=42.2]
BC[stage1_datasets_L40_stepsweep/bc_baseline_none_steps10000_tr1]:  48%|████▊     | 4791/10000 [01:53<01:55, 44.96it/s, acc=0.305, device=mps, eta=2m08s, loss=2.0039, sps=42.2]
BC[stage1_datasets_L40_stepsweep/bc_baseline_none_steps10000_tr1]:  48%|████▊     | 4797/10000 [01:53<01:47, 48.46it/s, acc=0.305, device=mps, eta=2m08s, loss=2.0039, sps=42.2]
BC[stage1_datasets_L40_stepsweep/bc_baseline_none_steps10000_tr1]:  48%|████▊     | 4797/10000 [01:53<01:47, 48.46it/s, acc=0.303, device=mps, eta=2m03s, loss=1.9961, sps=42.3]
BC[stage1_datasets_L40_stepsweep/bc_baseline_none_steps10000_tr1]:  48%|████▊     | 4803/10000 [01:53<02:08, 40.47it/s, acc=0.303, device=mps, eta=2m03s, loss=1.9961, sps=42.3]
BC[stage1_datasets_L40_stepsweep/bc_baseline_none_steps10000_tr1]:  48%|████▊     | 4808/10000 [01:53<02:04, 41.73it/s, acc=0.303, device=mps, eta=2m03s, loss=1.9961, sps=42.3]
BC[stage1_datasets_L40_stepsweep/bc_baseline_none_steps10000_tr1]:  48%|████▊     | 4814/10000 [01:53<01:55, 44.77it/s, acc=0.303, device=mps, eta=2m03s, loss=1.9961, sps=42.3]
BC[stage1_datasets_L40_stepsweep/bc_baseline_none_steps10000_tr1]:  48%|████▊     | 4821/10000 [01:54<02:12, 39.13it/s, acc=0.303, device=mps, eta=2m03s, loss=1.9961, sps=42.3]
BC[stage1_datasets_L40_stepsweep/bc_baseline_none_steps10000_tr1]:  48%|████▊     | 4827/10000 [01:54<02:00, 42.96it/s, acc=0.303, device=mps, eta=2m03s, loss=1.9961, sps=42.3]
BC[stage1_datasets_L40_stepsweep/bc_baseline_none_steps10000_tr1]:  48%|████▊     | 4833/10000 [01:54<01:52, 46.11it/s, acc=0.303, device=mps, eta=2m03s, loss=1.9961, sps=42.3]
BC[stage1_datasets_L40_stepsweep/bc_baseline_none_steps10000_tr1]:  48%|████▊     | 4840/10000 [01:54<01:41, 51.02it/s, acc=0.303, device=mps, eta=2m03s, loss=1.9961, sps=42.3]
BC[stage1_datasets_L40_stepsweep/bc_baseline_none_steps10000_tr1]:  48%|████▊     | 4846/10000 [01:54<02:03, 41.59it/s, acc=0.303, device=mps, eta=2m03s, loss=1.9961, sps=42.3]
BC[stage1_datasets_L40_stepsweep/bc_baseline_none_steps10000_tr1]:  49%|████▊     | 4852/10000 [01:54<01:54, 45.11it/s, acc=0.303, device=mps, eta=2m03s, loss=1.9961, sps=42.3]
BC[stage1_datasets_L40_stepsweep/bc_baseline_none_steps10000_tr1]:  49%|████▊     | 4858/10000 [01:54<01:48, 47.41it/s, acc=0.303, device=mps, eta=2m03s, loss=1.9961, sps=42.3]
BC[stage1_datasets_L40_stepsweep/bc_baseline_none_steps10000_tr1]:  49%|████▊     | 4864/10000 [01:54<02:08, 39.93it/s, acc=0.303, device=mps, eta=2m03s, loss=1.9961, sps=42.3]
BC[stage1_datasets_L40_stepsweep/bc_baseline_none_steps10000_tr1]:  49%|████▊     | 4870/10000 [01:55<01:59, 42.85it/s, acc=0.303, device=mps, eta=2m03s, loss=1.9961, sps=42.3]
BC[stage1_datasets_L40_stepsweep/bc_baseline_none_steps10000_tr1]:  49%|████▉     | 4876/10000 [01:55<01:52, 45.67it/s, acc=0.303, device=mps, eta=2m03s, loss=1.9961, sps=42.3]
BC[stage1_datasets_L40_stepsweep/bc_baseline_none_steps10000_tr1]:  49%|████▉     | 4881/10000 [01:55<02:14, 38.19it/s, acc=0.303, device=mps, eta=2m03s, loss=1.9961, sps=42.3]
BC[stage1_datasets_L40_stepsweep/bc_baseline_none_steps10000_tr1]:  49%|████▉     | 4887/10000 [01:55<02:01, 42.11it/s, acc=0.303, device=mps, eta=2m03s, loss=1.9961, sps=42.3]
BC[stage1_datasets_L40_stepsweep/bc_baseline_none_steps10000_tr1]:  49%|████▉     | 4893/10000 [01:55<01:51, 45.94it/s, acc=0.303, device=mps, eta=2m03s, loss=1.9961, sps=42.3]
BC[stage1_datasets_L40_stepsweep/bc_baseline_none_steps10000_tr1]:  49%|████▉     | 4899/10000 [01:55<01:43, 49.27it/s, acc=0.303, device=mps, eta=2m03s, loss=1.9961, sps=42.3]
BC[stage1_datasets_L40_stepsweep/bc_baseline_none_steps10000_tr1]:  49%|████▉     | 4905/10000 [01:55<02:05, 40.65it/s, acc=0.303, device=mps, eta=2m03s, loss=1.9961, sps=42.3]
BC[stage1_datasets_L40_stepsweep/bc_baseline_none_steps10000_tr1]:  49%|████▉     | 4911/10000 [01:56<01:53, 44.86it/s, acc=0.303, device=mps, eta=2m03s, loss=1.9961, sps=42.3]
BC[stage1_datasets_L40_stepsweep/bc_baseline_none_steps10000_tr1]:  49%|████▉     | 4918/10000 [01:56<01:42, 49.61it/s, acc=0.303, device=mps, eta=2m03s, loss=1.9961, sps=42.3]
BC[stage1_datasets_L40_stepsweep/bc_baseline_none_steps10000_tr1]:  49%|████▉     | 4924/10000 [01:56<02:01, 41.88it/s, acc=0.303, device=mps, eta=2m03s, loss=1.9961, sps=42.3]
BC[stage1_datasets_L40_stepsweep/bc_baseline_none_steps10000_tr1]:  49%|████▉     | 4930/10000 [01:56<01:51, 45.30it/s, acc=0.303, device=mps, eta=2m03s, loss=1.9961, sps=42.3]
BC[stage1_datasets_L40_stepsweep/bc_baseline_none_steps10000_tr1]:  49%|████▉     | 4936/10000 [01:56<01:44, 48.59it/s, acc=0.303, device=mps, eta=2m03s, loss=1.9961, sps=42.3]
BC[stage1_datasets_L40_stepsweep/bc_baseline_none_steps10000_tr1]:  49%|████▉     | 4942/10000 [01:56<02:05, 40.43it/s, acc=0.303, device=mps, eta=2m03s, loss=1.9961, sps=42.3]
BC[stage1_datasets_L40_stepsweep/bc_baseline_none_steps10000_tr1]:  49%|████▉     | 4947/10000 [01:56<01:59, 42.15it/s, acc=0.303, device=mps, eta=2m03s, loss=1.9961, sps=42.3]
BC[stage1_datasets_L40_stepsweep/bc_baseline_none_steps10000_tr1]:  50%|████▉     | 4953/10000 [01:56<01:53, 44.52it/s, acc=0.303, device=mps, eta=2m03s, loss=1.9961, sps=42.3]
BC[stage1_datasets_L40_stepsweep/bc_baseline_none_steps10000_tr1]:  50%|████▉     | 4960/10000 [01:57<01:41, 49.75it/s, acc=0.303, device=mps, eta=2m03s, loss=1.9961, sps=42.3]
BC[stage1_datasets_L40_stepsweep/bc_baseline_none_steps10000_tr1]:  50%|████▉     | 4966/10000 [01:57<02:04, 40.56it/s, acc=0.303, device=mps, eta=2m03s, loss=1.9961, sps=42.3]
BC[stage1_datasets_L40_stepsweep/bc_baseline_none_steps10000_tr1]:  50%|████▉     | 4972/10000 [01:57<01:54, 44.08it/s, acc=0.303, device=mps, eta=2m03s, loss=1.9961, sps=42.3]
BC[stage1_datasets_L40_stepsweep/bc_baseline_none_steps10000_tr1]:  50%|████▉     | 4978/10000 [01:57<01:46, 47.17it/s, acc=0.303, device=mps, eta=2m03s, loss=1.9961, sps=42.3]
BC[stage1_datasets_L40_stepsweep/bc_baseline_none_steps10000_tr1]:  50%|████▉     | 4984/10000 [01:57<02:06, 39.51it/s, acc=0.303, device=mps, eta=2m03s, loss=1.9961, sps=42.3]
BC[stage1_datasets_L40_stepsweep/bc_baseline_none_steps10000_tr1]:  50%|████▉     | 4990/10000 [01:57<01:58, 42.36it/s, acc=0.303, device=mps, eta=2m03s, loss=1.9961, sps=42.3]
BC[stage1_datasets_L40_stepsweep/bc_baseline_none_steps10000_tr1]:  50%|████▉     | 4996/10000 [01:57<01:48, 46.14it/s, acc=0.303, device=mps, eta=2m03s, loss=1.9961, sps=42.3]
BC[stage1_datasets_L40_stepsweep/bc_baseline_none_steps10000_tr1]:  50%|████▉     | 4996/10000 [01:57<01:48, 46.14it/s, acc=0.304, device=mps, eta=1m58s, loss=2.0033, sps=42.4]
BC[stage1_datasets_L40_stepsweep/bc_baseline_none_steps10000_tr1]:  50%|█████     | 5001/10000 [01:58<02:08, 39.00it/s, acc=0.304, device=mps, eta=1m58s, loss=2.0033, sps=42.4]
BC[stage1_datasets_L40_stepsweep/bc_baseline_none_steps10000_tr1]:  50%|█████     | 5008/10000 [01:58<01:51, 44.93it/s, acc=0.304, device=mps, eta=1m58s, loss=2.0033, sps=42.4]
BC[stage1_datasets_L40_stepsweep/bc_baseline_none_steps10000_tr1]:  50%|█████     | 5015/10000 [01:58<01:40, 49.78it/s, acc=0.304, device=mps, eta=1m58s, loss=2.0033, sps=42.4]
BC[stage1_datasets_L40_stepsweep/bc_baseline_none_steps10000_tr1]:  50%|█████     | 5021/10000 [01:58<01:59, 41.81it/s, acc=0.304, device=mps, eta=1m58s, loss=2.0033, sps=42.4]
BC[stage1_datasets_L40_stepsweep/bc_baseline_none_steps10000_tr1]:  50%|█████     | 5027/10000 [01:58<01:50, 45.05it/s, acc=0.304, device=mps, eta=1m58s, loss=2.0033, sps=42.4]
BC[stage1_datasets_L40_stepsweep/bc_baseline_none_steps10000_tr1]:  50%|█████     | 5033/10000 [01:58<01:43, 47.78it/s, acc=0.304, device=mps, eta=1m58s, loss=2.0033, sps=42.4]
BC[stage1_datasets_L40_stepsweep/bc_baseline_none_steps10000_tr1]:  50%|█████     | 5040/10000 [01:58<01:35, 52.10it/s, acc=0.304, device=mps, eta=1m58s, loss=2.0033, sps=42.4]
BC[stage1_datasets_L40_stepsweep/bc_baseline_none_steps10000_tr1]:  50%|█████     | 5046/10000 [01:59<01:59, 41.31it/s, acc=0.304, device=mps, eta=1m58s, loss=2.0033, sps=42.4]
BC[stage1_datasets_L40_stepsweep/bc_baseline_none_steps10000_tr1]:  51%|█████     | 5051/10000 [01:59<01:54, 43.06it/s, acc=0.304, device=mps, eta=1m58s, loss=2.0033, sps=42.4]
BC[stage1_datasets_L40_stepsweep/bc_baseline_none_steps10000_tr1]:  51%|█████     | 5057/10000 [01:59<01:48, 45.50it/s, acc=0.304, device=mps, eta=1m58s, loss=2.0033, sps=42.4]
BC[stage1_datasets_L40_stepsweep/bc_baseline_none_steps10000_tr1]:  51%|█████     | 5062/10000 [01:59<02:09, 38.09it/s, acc=0.304, device=mps, eta=1m58s, loss=2.0033, sps=42.4]
BC[stage1_datasets_L40_stepsweep/bc_baseline_none_steps10000_tr1]:  51%|█████     | 5068/10000 [01:59<01:54, 42.95it/s, acc=0.304, device=mps, eta=1m58s, loss=2.0033, sps=42.4]
BC[stage1_datasets_L40_stepsweep/bc_baseline_none_steps10000_tr1]:  51%|█████     | 5075/10000 [01:59<01:42, 47.85it/s, acc=0.304, device=mps, eta=1m58s, loss=2.0033, sps=42.4]
BC[stage1_datasets_L40_stepsweep/bc_baseline_none_steps10000_tr1]:  51%|█████     | 5081/10000 [01:59<02:00, 40.65it/s, acc=0.304, device=mps, eta=1m58s, loss=2.0033, sps=42.4]
BC[stage1_datasets_L40_stepsweep/bc_baseline_none_steps10000_tr1]:  51%|█████     | 5087/10000 [02:00<01:53, 43.39it/s, acc=0.304, device=mps, eta=1m58s, loss=2.0033, sps=42.4]
BC[stage1_datasets_L40_stepsweep/bc_baseline_none_steps10000_tr1]:  51%|█████     | 5093/10000 [02:00<01:44, 46.89it/s, acc=0.304, device=mps, eta=1m58s, loss=2.0033, sps=42.4]
BC[stage1_datasets_L40_stepsweep/bc_baseline_none_steps10000_tr1]:  51%|█████     | 5099/10000 [02:00<01:38, 49.97it/s, acc=0.304, device=mps, eta=1m58s, loss=2.0033, sps=42.4]
BC[stage1_datasets_L40_stepsweep/bc_baseline_none_steps10000_tr1]:  51%|█████     | 5105/10000 [02:00<01:59, 41.05it/s, acc=0.304, device=mps, eta=1m58s, loss=2.0033, sps=42.4]
BC[stage1_datasets_L40_stepsweep/bc_baseline_none_steps10000_tr1]:  51%|█████     | 5111/10000 [02:00<01:50, 44.08it/s, acc=0.304, device=mps, eta=1m58s, loss=2.0033, sps=42.4]
BC[stage1_datasets_L40_stepsweep/bc_baseline_none_steps10000_tr1]:  51%|█████     | 5117/10000 [02:00<01:43, 47.15it/s, acc=0.304, device=mps, eta=1m58s, loss=2.0033, sps=42.4]
BC[stage1_datasets_L40_stepsweep/bc_baseline_none_steps10000_tr1]:  51%|█████     | 5123/10000 [02:00<02:01, 40.03it/s, acc=0.304, device=mps, eta=1m58s, loss=2.0033, sps=42.4]
BC[stage1_datasets_L40_stepsweep/bc_baseline_none_steps10000_tr1]:  51%|█████▏    | 5129/10000 [02:00<01:53, 42.85it/s, acc=0.304, device=mps, eta=1m58s, loss=2.0033, sps=42.4]
BC[stage1_datasets_L40_stepsweep/bc_baseline_none_steps10000_tr1]:  51%|█████▏    | 5135/10000 [02:01<01:46, 45.87it/s, acc=0.304, device=mps, eta=1m58s, loss=2.0033, sps=42.4]
BC[stage1_datasets_L40_stepsweep/bc_baseline_none_steps10000_tr1]:  51%|█████▏    | 5141/10000 [02:01<02:04, 39.04it/s, acc=0.304, device=mps, eta=1m58s, loss=2.0033, sps=42.4]
BC[stage1_datasets_L40_stepsweep/bc_baseline_none_steps10000_tr1]:  51%|█████▏    | 5147/10000 [02:01<01:54, 42.35it/s, acc=0.304, device=mps, eta=1m58s, loss=2.0033, sps=42.4]
BC[stage1_datasets_L40_stepsweep/bc_baseline_none_steps10000_tr1]:  52%|█████▏    | 5153/10000 [02:01<01:44, 46.18it/s, acc=0.304, device=mps, eta=1m58s, loss=2.0033, sps=42.4]
BC[stage1_datasets_L40_stepsweep/bc_baseline_none_steps10000_tr1]:  52%|█████▏    | 5160/10000 [02:01<01:34, 51.10it/s, acc=0.304, device=mps, eta=1m58s, loss=2.0033, sps=42.4]
BC[stage1_datasets_L40_stepsweep/bc_baseline_none_steps10000_tr1]:  52%|█████▏    | 5166/10000 [02:01<02:01, 39.82it/s, acc=0.304, device=mps, eta=1m58s, loss=2.0033, sps=42.4]
BC[stage1_datasets_L40_stepsweep/bc_baseline_none_steps10000_tr1]:  52%|█████▏    | 5172/10000 [02:01<01:51, 43.38it/s, acc=0.304, device=mps, eta=1m58s, loss=2.0033, sps=42.4]
BC[stage1_datasets_L40_stepsweep/bc_baseline_none_steps10000_tr1]:  52%|█████▏    | 5178/10000 [02:02<01:42, 47.23it/s, acc=0.304, device=mps, eta=1m58s, loss=2.0033, sps=42.4]
BC[stage1_datasets_L40_stepsweep/bc_baseline_none_steps10000_tr1]:  52%|█████▏    | 5184/10000 [02:02<02:03, 39.15it/s, acc=0.304, device=mps, eta=1m58s, loss=2.0033, sps=42.4]
BC[stage1_datasets_L40_stepsweep/bc_baseline_none_steps10000_tr1]:  52%|█████▏    | 5190/10000 [02:02<01:54, 42.18it/s, acc=0.304, device=mps, eta=1m58s, loss=2.0033, sps=42.4]
BC[stage1_datasets_L40_stepsweep/bc_baseline_none_steps10000_tr1]:  52%|█████▏    | 5196/10000 [02:02<01:45, 45.49it/s, acc=0.304, device=mps, eta=1m58s, loss=2.0033, sps=42.4]
BC[stage1_datasets_L40_stepsweep/bc_baseline_none_steps10000_tr1]:  52%|█████▏    | 5196/10000 [02:02<01:45, 45.49it/s, acc=0.305, device=mps, eta=1m53s, loss=1.9942, sps=42.4]
BC[stage1_datasets_L40_stepsweep/bc_baseline_none_steps10000_tr1]:  52%|█████▏    | 5201/10000 [02:02<02:07, 37.71it/s, acc=0.305, device=mps, eta=1m53s, loss=1.9942, sps=42.4]
BC[stage1_datasets_L40_stepsweep/bc_baseline_none_steps10000_tr1]:  52%|█████▏    | 5207/10000 [02:02<01:56, 41.15it/s, acc=0.305, device=mps, eta=1m53s, loss=1.9942, sps=42.4]
BC[stage1_datasets_L40_stepsweep/bc_baseline_none_steps10000_tr1]:  52%|█████▏    | 5213/10000 [02:02<01:48, 44.07it/s, acc=0.305, device=mps, eta=1m53s, loss=1.9942, sps=42.4]
BC[stage1_datasets_L40_stepsweep/bc_baseline_none_steps10000_tr1]:  52%|█████▏    | 5219/10000 [02:03<01:40, 47.34it/s, acc=0.305, device=mps, eta=1m53s, loss=1.9942, sps=42.4]
BC[stage1_datasets_L40_stepsweep/bc_baseline_none_steps10000_tr1]:  52%|█████▏    | 5225/10000 [02:03<02:00, 39.62it/s, acc=0.305, device=mps, eta=1m53s, loss=1.9942, sps=42.4]
BC[stage1_datasets_L40_stepsweep/bc_baseline_none_steps10000_tr1]:  52%|█████▏    | 5232/10000 [02:03<01:45, 45.27it/s, acc=0.305, device=mps, eta=1m53s, loss=1.9942, sps=42.4]
BC[stage1_datasets_L40_stepsweep/bc_baseline_none_steps10000_tr1]:  52%|█████▏    | 5239/10000 [02:03<01:33, 50.79it/s, acc=0.305, device=mps, eta=1m53s, loss=1.9942, sps=42.4]
BC[stage1_datasets_L40_stepsweep/bc_baseline_none_steps10000_tr1]:  52%|█████▏    | 5245/10000 [02:03<01:51, 42.68it/s, acc=0.305, device=mps, eta=1m53s, loss=1.9942, sps=42.4]
BC[stage1_datasets_L40_stepsweep/bc_baseline_none_steps10000_tr1]:  53%|█████▎    | 5251/10000 [02:03<01:43, 45.80it/s, acc=0.305, device=mps, eta=1m53s, loss=1.9942, sps=42.4]
BC[stage1_datasets_L40_stepsweep/bc_baseline_none_steps10000_tr1]:  53%|█████▎    | 5258/10000 [02:03<01:35, 49.85it/s, acc=0.305, device=mps, eta=1m53s, loss=1.9942, sps=42.4]
BC[stage1_datasets_L40_stepsweep/bc_baseline_none_steps10000_tr1]:  53%|█████▎    | 5264/10000 [02:04<01:53, 41.55it/s, acc=0.305, device=mps, eta=1m53s, loss=1.9942, sps=42.4]
BC[stage1_datasets_L40_stepsweep/bc_baseline_none_steps10000_tr1]:  53%|█████▎    | 5270/10000 [02:04<01:46, 44.57it/s, acc=0.305, device=mps, eta=1m53s, loss=1.9942, sps=42.4]
BC[stage1_datasets_L40_stepsweep/bc_baseline_none_steps10000_tr1]:  53%|█████▎    | 5276/10000 [02:04<01:38, 48.02it/s, acc=0.305, device=mps, eta=1m53s, loss=1.9942, sps=42.4]
BC[stage1_datasets_L40_stepsweep/bc_baseline_none_steps10000_tr1]:  53%|█████▎    | 5282/10000 [02:04<01:55, 40.85it/s, acc=0.305, device=mps, eta=1m53s, loss=1.9942, sps=42.4]
BC[stage1_datasets_L40_stepsweep/bc_baseline_none_steps10000_tr1]:  53%|█████▎    | 5289/10000 [02:04<01:43, 45.73it/s, acc=0.305, device=mps, eta=1m53s, loss=1.9942, sps=42.4]
BC[stage1_datasets_L40_stepsweep/bc_baseline_none_steps10000_tr1]:  53%|█████▎    | 5296/10000 [02:04<01:34, 49.73it/s, acc=0.305, device=mps, eta=1m53s, loss=1.9942, sps=42.4]
BC[stage1_datasets_L40_stepsweep/bc_baseline_none_steps10000_tr1]:  53%|█████▎    | 5302/10000 [02:04<01:53, 41.38it/s, acc=0.305, device=mps, eta=1m53s, loss=1.9942, sps=42.4]
BC[stage1_datasets_L40_stepsweep/bc_baseline_none_steps10000_tr1]:  53%|█████▎    | 5309/10000 [02:05<01:41, 46.02it/s, acc=0.305, device=mps, eta=1m53s, loss=1.9942, sps=42.4]
BC[stage1_datasets_L40_stepsweep/bc_baseline_none_steps10000_tr1]:  53%|█████▎    | 5316/10000 [02:05<01:33, 50.09it/s, acc=0.305, device=mps, eta=1m53s, loss=1.9942, sps=42.4]
BC[stage1_datasets_L40_stepsweep/bc_baseline_none_steps10000_tr1]:  53%|█████▎    | 5322/10000 [02:05<01:49, 42.72it/s, acc=0.305, device=mps, eta=1m53s, loss=1.9942, sps=42.4]
BC[stage1_datasets_L40_stepsweep/bc_baseline_none_steps10000_tr1]:  53%|█████▎    | 5329/10000 [02:05<01:38, 47.64it/s, acc=0.305, device=mps, eta=1m53s, loss=1.9942, sps=42.4]
BC[stage1_datasets_L40_stepsweep/bc_baseline_none_steps10000_tr1]:  53%|█████▎    | 5336/10000 [02:05<01:30, 51.32it/s, acc=0.305, device=mps, eta=1m53s, loss=1.9942, sps=42.4]
BC[stage1_datasets_L40_stepsweep/bc_baseline_none_steps10000_tr1]:  53%|█████▎    | 5342/10000 [02:05<01:50, 42.34it/s, acc=0.305, device=mps, eta=1m53s, loss=1.9942, sps=42.4]
BC[stage1_datasets_L40_stepsweep/bc_baseline_none_steps10000_tr1]:  53%|█████▎    | 5348/10000 [02:05<01:44, 44.44it/s, acc=0.305, device=mps, eta=1m53s, loss=1.9942, sps=42.4]
BC[stage1_datasets_L40_stepsweep/bc_baseline_none_steps10000_tr1]:  54%|█████▎    | 5354/10000 [02:06<01:40, 46.25it/s, acc=0.305, device=mps, eta=1m53s, loss=1.9942, sps=42.4]
BC[stage1_datasets_L40_stepsweep/bc_baseline_none_steps10000_tr1]:  54%|█████▎    | 5360/10000 [02:06<01:35, 48.54it/s, acc=0.305, device=mps, eta=1m53s, loss=1.9942, sps=42.4]
BC[stage1_datasets_L40_stepsweep/bc_baseline_none_steps10000_tr1]:  54%|█████▎    | 5366/10000 [02:06<01:56, 39.61it/s, acc=0.305, device=mps, eta=1m53s, loss=1.9942, sps=42.4]
BC[stage1_datasets_L40_stepsweep/bc_baseline_none_steps10000_tr1]:  54%|█████▎    | 5372/10000 [02:06<01:46, 43.60it/s, acc=0.305, device=mps, eta=1m53s, loss=1.9942, sps=42.4]
BC[stage1_datasets_L40_stepsweep/bc_baseline_none_steps10000_tr1]:  54%|█████▍    | 5378/10000 [02:06<01:38, 47.12it/s, acc=0.305, device=mps, eta=1m53s, loss=1.9942, sps=42.4]
BC[stage1_datasets_L40_stepsweep/bc_baseline_none_steps10000_tr1]:  54%|█████▍    | 5384/10000 [02:06<01:54, 40.16it/s, acc=0.305, device=mps, eta=1m53s, loss=1.9942, sps=42.4]
BC[stage1_datasets_L40_stepsweep/bc_baseline_none_steps10000_tr1]:  54%|█████▍    | 5390/10000 [02:06<01:45, 43.77it/s, acc=0.305, device=mps, eta=1m53s, loss=1.9942, sps=42.4]
BC[stage1_datasets_L40_stepsweep/bc_baseline_none_steps10000_tr1]:  54%|█████▍    | 5396/10000 [02:06<01:36, 47.56it/s, acc=0.305, device=mps, eta=1m53s, loss=1.9942, sps=42.4]
BC[stage1_datasets_L40_stepsweep/bc_baseline_none_steps10000_tr1]:  54%|█████▍    | 5396/10000 [02:07<01:36, 47.56it/s, acc=0.306, device=mps, eta=1m48s, loss=1.9948, sps=42.5]
BC[stage1_datasets_L40_stepsweep/bc_baseline_none_steps10000_tr1]:  54%|█████▍    | 5402/10000 [02:07<01:55, 39.72it/s, acc=0.306, device=mps, eta=1m48s, loss=1.9948, sps=42.5]
BC[stage1_datasets_L40_stepsweep/bc_baseline_none_steps10000_tr1]:  54%|█████▍    | 5408/10000 [02:07<01:46, 43.15it/s, acc=0.306, device=mps, eta=1m48s, loss=1.9948, sps=42.5]
BC[stage1_datasets_L40_stepsweep/bc_baseline_none_steps10000_tr1]:  54%|█████▍    | 5414/10000 [02:07<01:38, 46.72it/s, acc=0.306, device=mps, eta=1m48s, loss=1.9948, sps=42.5]
BC[stage1_datasets_L40_stepsweep/bc_baseline_none_steps10000_tr1]:  54%|█████▍    | 5421/10000 [02:07<01:53, 40.24it/s, acc=0.306, device=mps, eta=1m48s, loss=1.9948, sps=42.5]
BC[stage1_datasets_L40_stepsweep/bc_baseline_none_steps10000_tr1]:  54%|█████▍    | 5427/10000 [02:07<01:43, 44.34it/s, acc=0.306, device=mps, eta=1m48s, loss=1.9948, sps=42.5]
BC[stage1_datasets_L40_stepsweep/bc_baseline_none_steps10000_tr1]:  54%|█████▍    | 5433/10000 [02:07<01:35, 47.77it/s, acc=0.306, device=mps, eta=1m48s, loss=1.9948, sps=42.5]
BC[stage1_datasets_L40_stepsweep/bc_baseline_none_steps10000_tr1]:  54%|█████▍    | 5439/10000 [02:07<01:30, 50.67it/s, acc=0.306, device=mps, eta=1m48s, loss=1.9948, sps=42.5]
BC[stage1_datasets_L40_stepsweep/bc_baseline_none_steps10000_tr1]:  54%|█████▍    | 5445/10000 [02:08<01:48, 41.82it/s, acc=0.306, device=mps, eta=1m48s, loss=1.9948, sps=42.5]
BC[stage1_datasets_L40_stepsweep/bc_baseline_none_steps10000_tr1]:  55%|█████▍    | 5450/10000 [02:08<01:45, 43.33it/s, acc=0.306, device=mps, eta=1m48s, loss=1.9948, sps=42.5]
BC[stage1_datasets_L40_stepsweep/bc_baseline_none_steps10000_tr1]:  55%|█████▍    | 5456/10000 [02:08<01:38, 46.28it/s, acc=0.306, device=mps, eta=1m48s, loss=1.9948, sps=42.5]
BC[stage1_datasets_L40_stepsweep/bc_baseline_none_steps10000_tr1]:  55%|█████▍    | 5461/10000 [02:08<01:57, 38.60it/s, acc=0.306, device=mps, eta=1m48s, loss=1.9948, sps=42.5]
BC[stage1_datasets_L40_stepsweep/bc_baseline_none_steps10000_tr1]:  55%|█████▍    | 5467/10000 [02:08<01:45, 43.13it/s, acc=0.306, device=mps, eta=1m48s, loss=1.9948, sps=42.5]
BC[stage1_datasets_L40_stepsweep/bc_baseline_none_steps10000_tr1]:  55%|█████▍    | 5473/10000 [02:08<01:37, 46.51it/s, acc=0.306, device=mps, eta=1m48s, loss=1.9948, sps=42.5]
BC[stage1_datasets_L40_stepsweep/bc_baseline_none_steps10000_tr1]:  55%|█████▍    | 5480/10000 [02:08<01:27, 51.39it/s, acc=0.306, device=mps, eta=1m48s, loss=1.9948, sps=42.5]
BC[stage1_datasets_L40_stepsweep/bc_baseline_none_steps10000_tr1]:  55%|█████▍    | 5486/10000 [02:09<01:48, 41.57it/s, acc=0.306, device=mps, eta=1m48s, loss=1.9948, sps=42.5]
BC[stage1_datasets_L40_stepsweep/bc_baseline_none_steps10000_tr1]:  55%|█████▍    | 5492/10000 [02:09<01:41, 44.61it/s, acc=0.306, device=mps, eta=1m48s, loss=1.9948, sps=42.5]
BC[stage1_datasets_L40_stepsweep/bc_baseline_none_steps10000_tr1]:  55%|█████▍    | 5498/10000 [02:09<01:34, 47.88it/s, acc=0.306, device=mps, eta=1m48s, loss=1.9948, sps=42.5]
BC[stage1_datasets_L40_stepsweep/bc_baseline_none_steps10000_tr1]:  55%|█████▌    | 5504/10000 [02:09<01:51, 40.22it/s, acc=0.306, device=mps, eta=1m48s, loss=1.9948, sps=42.5]
BC[stage1_datasets_L40_stepsweep/bc_baseline_none_steps10000_tr1]:  55%|█████▌    | 5510/10000 [02:09<01:43, 43.40it/s, acc=0.306, device=mps, eta=1m48s, loss=1.9948, sps=42.5]
BC[stage1_datasets_L40_stepsweep/bc_baseline_none_steps10000_tr1]:  55%|█████▌    | 5516/10000 [02:09<01:35, 46.86it/s, acc=0.306, device=mps, eta=1m48s, loss=1.9948, sps=42.5]
BC[stage1_datasets_L40_stepsweep/bc_baseline_none_steps10000_tr1]:  55%|█████▌    | 5522/10000 [02:09<01:54, 39.22it/s, acc=0.306, device=mps, eta=1m48s, loss=1.9948, sps=42.5]
BC[stage1_datasets_L40_stepsweep/bc_baseline_none_steps10000_tr1]:  55%|█████▌    | 5529/10000 [02:09<01:39, 44.85it/s, acc=0.306, device=mps, eta=1m48s, loss=1.9948, sps=42.5]
BC[stage1_datasets_L40_stepsweep/bc_baseline_none_steps10000_tr1]:  55%|█████▌    | 5535/10000 [02:10<01:33, 47.53it/s, acc=0.306, device=mps, eta=1m48s, loss=1.9948, sps=42.5]
BC[stage1_datasets_L40_stepsweep/bc_baseline_none_steps10000_tr1]:  55%|█████▌    | 5541/10000 [02:10<01:52, 39.55it/s, acc=0.306, device=mps, eta=1m48s, loss=1.9948, sps=42.5]
BC[stage1_datasets_L40_stepsweep/bc_baseline_none_steps10000_tr1]:  55%|█████▌    | 5547/10000 [02:10<01:44, 42.74it/s, acc=0.306, device=mps, eta=1m48s, loss=1.9948, sps=42.5]
BC[stage1_datasets_L40_stepsweep/bc_baseline_none_steps10000_tr1]:  56%|█████▌    | 5553/10000 [02:10<01:36, 46.09it/s, acc=0.306, device=mps, eta=1m48s, loss=1.9948, sps=42.5]
BC[stage1_datasets_L40_stepsweep/bc_baseline_none_steps10000_tr1]:  56%|█████▌    | 5560/10000 [02:10<01:26, 51.24it/s, acc=0.306, device=mps, eta=1m48s, loss=1.9948, sps=42.5]
BC[stage1_datasets_L40_stepsweep/bc_baseline_none_steps10000_tr1]:  56%|█████▌    | 5566/10000 [02:10<01:45, 42.03it/s, acc=0.306, device=mps, eta=1m48s, loss=1.9948, sps=42.5]
BC[stage1_datasets_L40_stepsweep/bc_baseline_none_steps10000_tr1]:  56%|█████▌    | 5572/10000 [02:10<01:37, 45.52it/s, acc=0.306, device=mps, eta=1m48s, loss=1.9948, sps=42.5]
BC[stage1_datasets_L40_stepsweep/bc_baseline_none_steps10000_tr1]:  56%|█████▌    | 5579/10000 [02:11<01:28, 50.00it/s, acc=0.306, device=mps, eta=1m48s, loss=1.9948, sps=42.5]
BC[stage1_datasets_L40_stepsweep/bc_baseline_none_steps10000_tr1]:  56%|█████▌    | 5585/10000 [02:11<01:45, 41.74it/s, acc=0.306, device=mps, eta=1m48s, loss=1.9948, sps=42.5]
BC[stage1_datasets_L40_stepsweep/bc_baseline_none_steps10000_tr1]:  56%|█████▌    | 5591/10000 [02:11<01:37, 45.45it/s, acc=0.306, device=mps, eta=1m48s, loss=1.9948, sps=42.5]
BC[stage1_datasets_L40_stepsweep/bc_baseline_none_steps10000_tr1]:  56%|█████▌    | 5597/10000 [02:11<01:30, 48.70it/s, acc=0.306, device=mps, eta=1m48s, loss=1.9948, sps=42.5]
BC[stage1_datasets_L40_stepsweep/bc_baseline_none_steps10000_tr1]:  56%|█████▌    | 5597/10000 [02:11<01:30, 48.70it/s, acc=0.303, device=mps, eta=1m43s, loss=1.9998, sps=42.6]
BC[stage1_datasets_L40_stepsweep/bc_baseline_none_steps10000_tr1]:  56%|█████▌    | 5603/10000 [02:11<01:48, 40.46it/s, acc=0.303, device=mps, eta=1m43s, loss=1.9998, sps=42.6]
BC[stage1_datasets_L40_stepsweep/bc_baseline_none_steps10000_tr1]:  56%|█████▌    | 5609/10000 [02:11<01:39, 44.20it/s, acc=0.303, device=mps, eta=1m43s, loss=1.9998, sps=42.6]
BC[stage1_datasets_L40_stepsweep/bc_baseline_none_steps10000_tr1]:  56%|█████▌    | 5614/10000 [02:11<01:36, 45.38it/s, acc=0.303, device=mps, eta=1m43s, loss=1.9998, sps=42.6]
BC[stage1_datasets_L40_stepsweep/bc_baseline_none_steps10000_tr1]:  56%|█████▌    | 5620/10000 [02:11<01:31, 48.11it/s, acc=0.303, device=mps, eta=1m43s, loss=1.9998, sps=42.6]
BC[stage1_datasets_L40_stepsweep/bc_baseline_none_steps10000_tr1]:  56%|█████▋    | 5626/10000 [02:12<01:52, 38.85it/s, acc=0.303, device=mps, eta=1m43s, loss=1.9998, sps=42.6]
BC[stage1_datasets_L40_stepsweep/bc_baseline_none_steps10000_tr1]:  56%|█████▋    | 5631/10000 [02:12<01:47, 40.68it/s, acc=0.303, device=mps, eta=1m43s, loss=1.9998, sps=42.6]
BC[stage1_datasets_L40_stepsweep/bc_baseline_none_steps10000_tr1]:  56%|█████▋    | 5637/10000 [02:12<01:38, 44.11it/s, acc=0.303, device=mps, eta=1m43s, loss=1.9998, sps=42.6]
BC[stage1_datasets_L40_stepsweep/bc_baseline_none_steps10000_tr1]:  56%|█████▋    | 5642/10000 [02:12<01:58, 36.82it/s, acc=0.303, device=mps, eta=1m43s, loss=1.9998, sps=42.6]
BC[stage1_datasets_L40_stepsweep/bc_baseline_none_steps10000_tr1]:  56%|█████▋    | 5648/10000 [02:12<01:44, 41.69it/s, acc=0.303, device=mps, eta=1m43s, loss=1.9998, sps=42.6]
BC[stage1_datasets_L40_stepsweep/bc_baseline_none_steps10000_tr1]:  57%|█████▋    | 5655/10000 [02:12<01:32, 46.82it/s, acc=0.303, device=mps, eta=1m43s, loss=1.9998, sps=42.6]
BC[stage1_datasets_L40_stepsweep/bc_baseline_none_steps10000_tr1]:  57%|█████▋    | 5661/10000 [02:13<01:49, 39.60it/s, acc=0.303, device=mps, eta=1m43s, loss=1.9998, sps=42.6]
BC[stage1_datasets_L40_stepsweep/bc_baseline_none_steps10000_tr1]:  57%|█████▋    | 5667/10000 [02:13<01:40, 42.96it/s, acc=0.303, device=mps, eta=1m43s, loss=1.9998, sps=42.6]
BC[stage1_datasets_L40_stepsweep/bc_baseline_none_steps10000_tr1]:  57%|█████▋    | 5674/10000 [02:13<01:30, 47.93it/s, acc=0.303, device=mps, eta=1m43s, loss=1.9998, sps=42.6]
BC[stage1_datasets_L40_stepsweep/bc_baseline_none_steps10000_tr1]:  57%|█████▋    | 5681/10000 [02:13<01:43, 41.83it/s, acc=0.303, device=mps, eta=1m43s, loss=1.9998, sps=42.6]
BC[stage1_datasets_L40_stepsweep/bc_baseline_none_steps10000_tr1]:  57%|█████▋    | 5687/10000 [02:13<01:35, 44.94it/s, acc=0.303, device=mps, eta=1m43s, loss=1.9998, sps=42.6]
BC[stage1_datasets_L40_stepsweep/bc_baseline_none_steps10000_tr1]:  57%|█████▋    | 5694/10000 [02:13<01:27, 49.02it/s, acc=0.303, device=mps, eta=1m43s, loss=1.9998, sps=42.6]
BC[stage1_datasets_L40_stepsweep/bc_baseline_none_steps10000_tr1]:  57%|█████▋    | 5701/10000 [02:13<01:42, 42.05it/s, acc=0.303, device=mps, eta=1m43s, loss=1.9998, sps=42.6]
BC[stage1_datasets_L40_stepsweep/bc_baseline_none_steps10000_tr1]:  57%|█████▋    | 5707/10000 [02:14<01:34, 45.23it/s, acc=0.303, device=mps, eta=1m43s, loss=1.9998, sps=42.6]
BC[stage1_datasets_L40_stepsweep/bc_baseline_none_steps10000_tr1]:  57%|█████▋    | 5713/10000 [02:14<01:30, 47.53it/s, acc=0.303, device=mps, eta=1m43s, loss=1.9998, sps=42.6]
BC[stage1_datasets_L40_stepsweep/bc_baseline_none_steps10000_tr1]:  57%|█████▋    | 5720/10000 [02:14<01:22, 51.98it/s, acc=0.303, device=mps, eta=1m43s, loss=1.9998, sps=42.6]
BC[stage1_datasets_L40_stepsweep/bc_baseline_none_steps10000_tr1]:  57%|█████▋    | 5726/10000 [02:14<01:43, 41.41it/s, acc=0.303, device=mps, eta=1m43s, loss=1.9998, sps=42.6]
BC[stage1_datasets_L40_stepsweep/bc_baseline_none_steps10000_tr1]:  57%|█████▋    | 5732/10000 [02:14<01:36, 44.28it/s, acc=0.303, device=mps, eta=1m43s, loss=1.9998, sps=42.6]
BC[stage1_datasets_L40_stepsweep/bc_baseline_none_steps10000_tr1]:  57%|█████▋    | 5738/10000 [02:14<01:29, 47.49it/s, acc=0.303, device=mps, eta=1m43s, loss=1.9998, sps=42.6]
BC[stage1_datasets_L40_stepsweep/bc_baseline_none_steps10000_tr1]:  57%|█████▋    | 5744/10000 [02:14<01:46, 40.08it/s, acc=0.303, device=mps, eta=1m43s, loss=1.9998, sps=42.6]
BC[stage1_datasets_L40_stepsweep/bc_baseline_none_steps10000_tr1]:  57%|█████▊    | 5750/10000 [02:15<01:35, 44.28it/s, acc=0.303, device=mps, eta=1m43s, loss=1.9998, sps=42.6]
BC[stage1_datasets_L40_stepsweep/bc_baseline_none_steps10000_tr1]:  58%|█████▊    | 5757/10000 [02:15<01:27, 48.57it/s, acc=0.303, device=mps, eta=1m43s, loss=1.9998, sps=42.6]
BC[stage1_datasets_L40_stepsweep/bc_baseline_none_steps10000_tr1]:  58%|█████▊    | 5763/10000 [02:15<01:42, 41.24it/s, acc=0.303, device=mps, eta=1m43s, loss=1.9998, sps=42.6]
BC[stage1_datasets_L40_stepsweep/bc_baseline_none_steps10000_tr1]:  58%|█████▊    | 5769/10000 [02:15<01:36, 43.74it/s, acc=0.303, device=mps, eta=1m43s, loss=1.9998, sps=42.6]
BC[stage1_datasets_L40_stepsweep/bc_baseline_none_steps10000_tr1]:  58%|█████▊    | 5775/10000 [02:15<01:32, 45.91it/s, acc=0.303, device=mps, eta=1m43s, loss=1.9998, sps=42.6]
BC[stage1_datasets_L40_stepsweep/bc_baseline_none_steps10000_tr1]:  58%|█████▊    | 5781/10000 [02:15<01:47, 39.40it/s, acc=0.303, device=mps, eta=1m43s, loss=1.9998, sps=42.6]
BC[stage1_datasets_L40_stepsweep/bc_baseline_none_steps10000_tr1]:  58%|█████▊    | 5787/10000 [02:15<01:38, 42.86it/s, acc=0.303, device=mps, eta=1m43s, loss=1.9998, sps=42.6]
BC[stage1_datasets_L40_stepsweep/bc_baseline_none_steps10000_tr1]:  58%|█████▊    | 5793/10000 [02:15<01:30, 46.53it/s, acc=0.303, device=mps, eta=1m43s, loss=1.9998, sps=42.6]
BC[stage1_datasets_L40_stepsweep/bc_baseline_none_steps10000_tr1]:  58%|█████▊    | 5793/10000 [02:16<01:30, 46.53it/s, acc=0.302, device=mps, eta=1m39s, loss=2.0039, sps=42.6]
BC[stage1_datasets_L40_stepsweep/bc_baseline_none_steps10000_tr1]:  58%|█████▊    | 5800/10000 [02:16<01:21, 51.45it/s, acc=0.302, device=mps, eta=1m39s, loss=2.0039, sps=42.6]
BC[stage1_datasets_L40_stepsweep/bc_baseline_none_steps10000_tr1]:  58%|█████▊    | 5806/10000 [02:16<01:40, 41.60it/s, acc=0.302, device=mps, eta=1m39s, loss=2.0039, sps=42.6]
BC[stage1_datasets_L40_stepsweep/bc_baseline_none_steps10000_tr1]:  58%|█████▊    | 5812/10000 [02:16<01:32, 45.08it/s, acc=0.302, device=mps, eta=1m39s, loss=2.0039, sps=42.6]
BC[stage1_datasets_L40_stepsweep/bc_baseline_none_steps10000_tr1]:  58%|█████▊    | 5818/10000 [02:16<01:27, 47.90it/s, acc=0.302, device=mps, eta=1m39s, loss=2.0039, sps=42.6]
BC[stage1_datasets_L40_stepsweep/bc_baseline_none_steps10000_tr1]:  58%|█████▊    | 5824/10000 [02:16<01:43, 40.47it/s, acc=0.302, device=mps, eta=1m39s, loss=2.0039, sps=42.6]
BC[stage1_datasets_L40_stepsweep/bc_baseline_none_steps10000_tr1]:  58%|█████▊    | 5829/10000 [02:16<01:38, 42.56it/s, acc=0.302, device=mps, eta=1m39s, loss=2.0039, sps=42.6]
BC[stage1_datasets_L40_stepsweep/bc_baseline_none_steps10000_tr1]:  58%|█████▊    | 5835/10000 [02:16<01:30, 45.83it/s, acc=0.302, device=mps, eta=1m39s, loss=2.0039, sps=42.6]
BC[stage1_datasets_L40_stepsweep/bc_baseline_none_steps10000_tr1]:  58%|█████▊    | 5841/10000 [02:17<01:47, 38.69it/s, acc=0.302, device=mps, eta=1m39s, loss=2.0039, sps=42.6]
BC[stage1_datasets_L40_stepsweep/bc_baseline_none_steps10000_tr1]:  58%|█████▊    | 5847/10000 [02:17<01:36, 42.86it/s, acc=0.302, device=mps, eta=1m39s, loss=2.0039, sps=42.6]
BC[stage1_datasets_L40_stepsweep/bc_baseline_none_steps10000_tr1]:  59%|█████▊    | 5853/10000 [02:17<01:31, 45.47it/s, acc=0.302, device=mps, eta=1m39s, loss=2.0039, sps=42.6]
BC[stage1_datasets_L40_stepsweep/bc_baseline_none_steps10000_tr1]:  59%|█████▊    | 5860/10000 [02:17<01:21, 50.64it/s, acc=0.302, device=mps, eta=1m39s, loss=2.0039, sps=42.6]
BC[stage1_datasets_L40_stepsweep/bc_baseline_none_steps10000_tr1]:  59%|█████▊    | 5866/10000 [02:17<01:39, 41.50it/s, acc=0.302, device=mps, eta=1m39s, loss=2.0039, sps=42.6]
BC[stage1_datasets_L40_stepsweep/bc_baseline_none_steps10000_tr1]:  59%|█████▊    | 5872/10000 [02:17<01:30, 45.50it/s, acc=0.302, device=mps, eta=1m39s, loss=2.0039, sps=42.6]
BC[stage1_datasets_L40_stepsweep/bc_baseline_none_steps10000_tr1]:  59%|█████▉    | 5879/10000 [02:17<01:22, 50.04it/s, acc=0.302, device=mps, eta=1m39s, loss=2.0039, sps=42.6]
BC[stage1_datasets_L40_stepsweep/bc_baseline_none_steps10000_tr1]:  59%|█████▉    | 5885/10000 [02:18<01:39, 41.32it/s, acc=0.302, device=mps, eta=1m39s, loss=2.0039, sps=42.6]
BC[stage1_datasets_L40_stepsweep/bc_baseline_none_steps10000_tr1]:  59%|█████▉    | 5891/10000 [02:18<01:33, 44.04it/s, acc=0.302, device=mps, eta=1m39s, loss=2.0039, sps=42.6]
BC[stage1_datasets_L40_stepsweep/bc_baseline_none_steps10000_tr1]:  59%|█████▉    | 5897/10000 [02:18<01:27, 47.16it/s, acc=0.302, device=mps, eta=1m39s, loss=2.0039, sps=42.6]
BC[stage1_datasets_L40_stepsweep/bc_baseline_none_steps10000_tr1]:  59%|█████▉    | 5903/10000 [02:18<01:42, 40.05it/s, acc=0.302, device=mps, eta=1m39s, loss=2.0039, sps=42.6]
BC[stage1_datasets_L40_stepsweep/bc_baseline_none_steps10000_tr1]:  59%|█████▉    | 5910/10000 [02:18<01:30, 45.07it/s, acc=0.302, device=mps, eta=1m39s, loss=2.0039, sps=42.6]
BC[stage1_datasets_L40_stepsweep/bc_baseline_none_steps10000_tr1]:  59%|█████▉    | 5916/10000 [02:18<01:24, 48.54it/s, acc=0.302, device=mps, eta=1m39s, loss=2.0039, sps=42.6]
BC[stage1_datasets_L40_stepsweep/bc_baseline_none_steps10000_tr1]:  59%|█████▉    | 5922/10000 [02:18<01:40, 40.46it/s, acc=0.302, device=mps, eta=1m39s, loss=2.0039, sps=42.6]
BC[stage1_datasets_L40_stepsweep/bc_baseline_none_steps10000_tr1]:  59%|█████▉    | 5928/10000 [02:19<01:34, 43.23it/s, acc=0.302, device=mps, eta=1m39s, loss=2.0039, sps=42.6]
BC[stage1_datasets_L40_stepsweep/bc_baseline_none_steps10000_tr1]:  59%|█████▉    | 5934/10000 [02:19<01:28, 46.06it/s, acc=0.302, device=mps, eta=1m39s, loss=2.0039, sps=42.6]
BC[stage1_datasets_L40_stepsweep/bc_baseline_none_steps10000_tr1]:  59%|█████▉    | 5941/10000 [02:19<01:43, 39.41it/s, acc=0.302, device=mps, eta=1m39s, loss=2.0039, sps=42.6]
BC[stage1_datasets_L40_stepsweep/bc_baseline_none_steps10000_tr1]:  59%|█████▉    | 5947/10000 [02:19<01:34, 42.83it/s, acc=0.302, device=mps, eta=1m39s, loss=2.0039, sps=42.6]
BC[stage1_datasets_L40_stepsweep/bc_baseline_none_steps10000_tr1]:  60%|█████▉    | 5953/10000 [02:19<01:29, 45.47it/s, acc=0.302, device=mps, eta=1m39s, loss=2.0039, sps=42.6]
BC[stage1_datasets_L40_stepsweep/bc_baseline_none_steps10000_tr1]:  60%|█████▉    | 5960/10000 [02:19<01:20, 50.43it/s, acc=0.302, device=mps, eta=1m39s, loss=2.0039, sps=42.6]
BC[stage1_datasets_L40_stepsweep/bc_baseline_none_steps10000_tr1]:  60%|█████▉    | 5966/10000 [02:19<01:40, 40.23it/s, acc=0.302, device=mps, eta=1m39s, loss=2.0039, sps=42.6]
BC[stage1_datasets_L40_stepsweep/bc_baseline_none_steps10000_tr1]:  60%|█████▉    | 5971/10000 [02:20<01:36, 41.95it/s, acc=0.302, device=mps, eta=1m39s, loss=2.0039, sps=42.6]
BC[stage1_datasets_L40_stepsweep/bc_baseline_none_steps10000_tr1]:  60%|█████▉    | 5977/10000 [02:20<01:29, 45.12it/s, acc=0.302, device=mps, eta=1m39s, loss=2.0039, sps=42.6]
BC[stage1_datasets_L40_stepsweep/bc_baseline_none_steps10000_tr1]:  60%|█████▉    | 5982/10000 [02:20<01:45, 38.08it/s, acc=0.302, device=mps, eta=1m39s, loss=2.0039, sps=42.6]
BC[stage1_datasets_L40_stepsweep/bc_baseline_none_steps10000_tr1]:  60%|█████▉    | 5988/10000 [02:20<01:33, 42.68it/s, acc=0.302, device=mps, eta=1m39s, loss=2.0039, sps=42.6]
BC[stage1_datasets_L40_stepsweep/bc_baseline_none_steps10000_tr1]:  60%|█████▉    | 5994/10000 [02:20<01:27, 45.54it/s, acc=0.302, device=mps, eta=1m39s, loss=2.0039, sps=42.6]
BC[stage1_datasets_L40_stepsweep/bc_baseline_none_steps10000_tr1]:  60%|█████▉    | 5994/10000 [02:20<01:27, 45.54it/s, acc=0.307, device=mps, eta=1m34s, loss=1.9896, sps=42.7]
BC[stage1_datasets_L40_stepsweep/bc_baseline_none_steps10000_tr1]:  60%|██████    | 6001/10000 [02:20<01:42, 39.18it/s, acc=0.307, device=mps, eta=1m34s, loss=1.9896, sps=42.7]
BC[stage1_datasets_L40_stepsweep/bc_baseline_none_steps10000_tr1]:  60%|██████    | 6008/10000 [02:20<01:30, 44.30it/s, acc=0.307, device=mps, eta=1m34s, loss=1.9896, sps=42.7]
BC[stage1_datasets_L40_stepsweep/bc_baseline_none_steps10000_tr1]:  60%|██████    | 6013/10000 [02:20<01:28, 45.09it/s, acc=0.307, device=mps, eta=1m34s, loss=1.9896, sps=42.7]
BC[stage1_datasets_L40_stepsweep/bc_baseline_none_steps10000_tr1]:  60%|██████    | 6019/10000 [02:21<01:23, 47.56it/s, acc=0.307, device=mps, eta=1m34s, loss=1.9896, sps=42.7]
BC[stage1_datasets_L40_stepsweep/bc_baseline_none_steps10000_tr1]:  60%|██████    | 6025/10000 [02:21<01:40, 39.54it/s, acc=0.307, device=mps, eta=1m34s, loss=1.9896, sps=42.7]
BC[stage1_datasets_L40_stepsweep/bc_baseline_none_steps10000_tr1]:  60%|██████    | 6031/10000 [02:21<01:30, 43.73it/s, acc=0.307, device=mps, eta=1m34s, loss=1.9896, sps=42.7]
BC[stage1_datasets_L40_stepsweep/bc_baseline_none_steps10000_tr1]:  60%|██████    | 6037/10000 [02:21<01:23, 47.50it/s, acc=0.307, device=mps, eta=1m34s, loss=1.9896, sps=42.7]
BC[stage1_datasets_L40_stepsweep/bc_baseline_none_steps10000_tr1]:  60%|██████    | 6043/10000 [02:21<01:40, 39.53it/s, acc=0.307, device=mps, eta=1m34s, loss=1.9896, sps=42.7]
BC[stage1_datasets_L40_stepsweep/bc_baseline_none_steps10000_tr1]:  60%|██████    | 6050/10000 [02:21<01:28, 44.49it/s, acc=0.307, device=mps, eta=1m34s, loss=1.9896, sps=42.7]
BC[stage1_datasets_L40_stepsweep/bc_baseline_none_steps10000_tr1]:  61%|██████    | 6057/10000 [02:21<01:20, 49.13it/s, acc=0.307, device=mps, eta=1m34s, loss=1.9896, sps=42.7]
BC[stage1_datasets_L40_stepsweep/bc_baseline_none_steps10000_tr1]:  61%|██████    | 6063/10000 [02:22<01:34, 41.60it/s, acc=0.307, device=mps, eta=1m34s, loss=1.9896, sps=42.7]
BC[stage1_datasets_L40_stepsweep/bc_baseline_none_steps10000_tr1]:  61%|██████    | 6070/10000 [02:22<01:24, 46.43it/s, acc=0.307, device=mps, eta=1m34s, loss=1.9896, sps=42.7]
BC[stage1_datasets_L40_stepsweep/bc_baseline_none_steps10000_tr1]:  61%|██████    | 6077/10000 [02:22<01:16, 51.23it/s, acc=0.307, device=mps, eta=1m34s, loss=1.9896, sps=42.7]
BC[stage1_datasets_L40_stepsweep/bc_baseline_none_steps10000_tr1]:  61%|██████    | 6083/10000 [02:22<01:30, 43.52it/s, acc=0.307, device=mps, eta=1m34s, loss=1.9896, sps=42.7]
BC[stage1_datasets_L40_stepsweep/bc_baseline_none_steps10000_tr1]:  61%|██████    | 6090/10000 [02:22<01:20, 48.47it/s, acc=0.307, device=mps, eta=1m34s, loss=1.9896, sps=42.7]
BC[stage1_datasets_L40_stepsweep/bc_baseline_none_steps10000_tr1]:  61%|██████    | 6097/10000 [02:22<01:14, 52.09it/s, acc=0.307, device=mps, eta=1m34s, loss=1.9896, sps=42.7]
BC[stage1_datasets_L40_stepsweep/bc_baseline_none_steps10000_tr1]:  61%|██████    | 6103/10000 [02:23<01:31, 42.43it/s, acc=0.307, device=mps, eta=1m34s, loss=1.9896, sps=42.7]
BC[stage1_datasets_L40_stepsweep/bc_baseline_none_steps10000_tr1]:  61%|██████    | 6109/10000 [02:23<01:26, 45.01it/s, acc=0.307, device=mps, eta=1m34s, loss=1.9896, sps=42.7]
BC[stage1_datasets_L40_stepsweep/bc_baseline_none_steps10000_tr1]:  61%|██████    | 6115/10000 [02:23<01:20, 48.12it/s, acc=0.307, device=mps, eta=1m34s, loss=1.9896, sps=42.7]
BC[stage1_datasets_L40_stepsweep/bc_baseline_none_steps10000_tr1]:  61%|██████    | 6121/10000 [02:23<01:35, 40.49it/s, acc=0.307, device=mps, eta=1m34s, loss=1.9896, sps=42.7]
BC[stage1_datasets_L40_stepsweep/bc_baseline_none_steps10000_tr1]:  61%|██████▏   | 6127/10000 [02:23<01:27, 44.23it/s, acc=0.307, device=mps, eta=1m34s, loss=1.9896, sps=42.7]
BC[stage1_datasets_L40_stepsweep/bc_baseline_none_steps10000_tr1]:  61%|██████▏   | 6133/10000 [02:23<01:21, 47.30it/s, acc=0.307, device=mps, eta=1m34s, loss=1.9896, sps=42.7]
BC[stage1_datasets_L40_stepsweep/bc_baseline_none_steps10000_tr1]:  61%|██████▏   | 6139/10000 [02:23<01:16, 50.30it/s, acc=0.307, device=mps, eta=1m34s, loss=1.9896, sps=42.7]
BC[stage1_datasets_L40_stepsweep/bc_baseline_none_steps10000_tr1]:  61%|██████▏   | 6145/10000 [02:23<01:33, 41.29it/s, acc=0.307, device=mps, eta=1m34s, loss=1.9896, sps=42.7]
BC[stage1_datasets_L40_stepsweep/bc_baseline_none_steps10000_tr1]:  62%|██████▏   | 6151/10000 [02:24<01:25, 45.16it/s, acc=0.307, device=mps, eta=1m34s, loss=1.9896, sps=42.7]
BC[stage1_datasets_L40_stepsweep/bc_baseline_none_steps10000_tr1]:  62%|██████▏   | 6158/10000 [02:24<01:17, 49.72it/s, acc=0.307, device=mps, eta=1m34s, loss=1.9896, sps=42.7]
BC[stage1_datasets_L40_stepsweep/bc_baseline_none_steps10000_tr1]:  62%|██████▏   | 6164/10000 [02:24<01:32, 41.56it/s, acc=0.307, device=mps, eta=1m34s, loss=1.9896, sps=42.7]
BC[stage1_datasets_L40_stepsweep/bc_baseline_none_steps10000_tr1]:  62%|██████▏   | 6171/10000 [02:24<01:22, 46.59it/s, acc=0.307, device=mps, eta=1m34s, loss=1.9896, sps=42.7]
BC[stage1_datasets_L40_stepsweep/bc_baseline_none_steps10000_tr1]:  62%|██████▏   | 6178/10000 [02:24<01:14, 51.03it/s, acc=0.307, device=mps, eta=1m34s, loss=1.9896, sps=42.7]
BC[stage1_datasets_L40_stepsweep/bc_baseline_none_steps10000_tr1]:  62%|██████▏   | 6184/10000 [02:24<01:30, 41.95it/s, acc=0.307, device=mps, eta=1m34s, loss=1.9896, sps=42.7]
BC[stage1_datasets_L40_stepsweep/bc_baseline_none_steps10000_tr1]:  62%|██████▏   | 6190/10000 [02:24<01:24, 45.28it/s, acc=0.307, device=mps, eta=1m34s, loss=1.9896, sps=42.7]
BC[stage1_datasets_L40_stepsweep/bc_baseline_none_steps10000_tr1]:  62%|██████▏   | 6196/10000 [02:25<01:19, 47.63it/s, acc=0.307, device=mps, eta=1m34s, loss=1.9896, sps=42.7]
BC[stage1_datasets_L40_stepsweep/bc_baseline_none_steps10000_tr1]:  62%|██████▏   | 6196/10000 [02:25<01:19, 47.63it/s, acc=0.307, device=mps, eta=1m29s, loss=1.9918, sps=42.7]
BC[stage1_datasets_L40_stepsweep/bc_baseline_none_steps10000_tr1]:  62%|██████▏   | 6202/10000 [02:25<01:40, 37.63it/s, acc=0.307, device=mps, eta=1m29s, loss=1.9918, sps=42.7]
BC[stage1_datasets_L40_stepsweep/bc_baseline_none_steps10000_tr1]:  62%|██████▏   | 6208/10000 [02:25<01:32, 40.81it/s, acc=0.307, device=mps, eta=1m29s, loss=1.9918, sps=42.7]
BC[stage1_datasets_L40_stepsweep/bc_baseline_none_steps10000_tr1]:  62%|██████▏   | 6214/10000 [02:25<01:25, 44.28it/s, acc=0.307, device=mps, eta=1m29s, loss=1.9918, sps=42.7]
BC[stage1_datasets_L40_stepsweep/bc_baseline_none_steps10000_tr1]:  62%|██████▏   | 6221/10000 [02:25<01:37, 38.81it/s, acc=0.307, device=mps, eta=1m29s, loss=1.9918, sps=42.7]
BC[stage1_datasets_L40_stepsweep/bc_baseline_none_steps10000_tr1]:  62%|██████▏   | 6227/10000 [02:25<01:30, 41.88it/s, acc=0.307, device=mps, eta=1m29s, loss=1.9918, sps=42.7]
BC[stage1_datasets_L40_stepsweep/bc_baseline_none_steps10000_tr1]:  62%|██████▏   | 6233/10000 [02:25<01:24, 44.36it/s, acc=0.307, device=mps, eta=1m29s, loss=1.9918, sps=42.7]
BC[stage1_datasets_L40_stepsweep/bc_baseline_none_steps10000_tr1]:  62%|██████▏   | 6239/10000 [02:26<01:20, 46.84it/s, acc=0.307, device=mps, eta=1m29s, loss=1.9918, sps=42.7]
BC[stage1_datasets_L40_stepsweep/bc_baseline_none_steps10000_tr1]:  62%|██████▏   | 6244/10000 [02:26<01:38, 38.21it/s, acc=0.307, device=mps, eta=1m29s, loss=1.9918, sps=42.7]
BC[stage1_datasets_L40_stepsweep/bc_baseline_none_steps10000_tr1]:  62%|██████▏   | 6249/10000 [02:26<01:32, 40.55it/s, acc=0.307, device=mps, eta=1m29s, loss=1.9918, sps=42.7]
BC[stage1_datasets_L40_stepsweep/bc_baseline_none_steps10000_tr1]:  63%|██████▎   | 6255/10000 [02:26<01:23, 45.00it/s, acc=0.307, device=mps, eta=1m29s, loss=1.9918, sps=42.7]
BC[stage1_datasets_L40_stepsweep/bc_baseline_none_steps10000_tr1]:  63%|██████▎   | 6261/10000 [02:26<01:36, 38.84it/s, acc=0.307, device=mps, eta=1m29s, loss=1.9918, sps=42.7]
BC[stage1_datasets_L40_stepsweep/bc_baseline_none_steps10000_tr1]:  63%|██████▎   | 6267/10000 [02:26<01:26, 43.08it/s, acc=0.307, device=mps, eta=1m29s, loss=1.9918, sps=42.7]
BC[stage1_datasets_L40_stepsweep/bc_baseline_none_steps10000_tr1]:  63%|██████▎   | 6273/10000 [02:26<01:20, 46.17it/s, acc=0.307, device=mps, eta=1m29s, loss=1.9918, sps=42.7]
BC[stage1_datasets_L40_stepsweep/bc_baseline_none_steps10000_tr1]:  63%|██████▎   | 6279/10000 [02:26<01:16, 48.79it/s, acc=0.307, device=mps, eta=1m29s, loss=1.9918, sps=42.7]
BC[stage1_datasets_L40_stepsweep/bc_baseline_none_steps10000_tr1]:  63%|██████▎   | 6285/10000 [02:27<01:32, 40.35it/s, acc=0.307, device=mps, eta=1m29s, loss=1.9918, sps=42.7]
BC[stage1_datasets_L40_stepsweep/bc_baseline_none_steps10000_tr1]:  63%|██████▎   | 6291/10000 [02:27<01:25, 43.55it/s, acc=0.307, device=mps, eta=1m29s, loss=1.9918, sps=42.7]
BC[stage1_datasets_L40_stepsweep/bc_baseline_none_steps10000_tr1]:  63%|██████▎   | 6297/10000 [02:27<01:19, 46.76it/s, acc=0.307, device=mps, eta=1m29s, loss=1.9918, sps=42.7]
BC[stage1_datasets_L40_stepsweep/bc_baseline_none_steps10000_tr1]:  63%|██████▎   | 6303/10000 [02:27<01:33, 39.40it/s, acc=0.307, device=mps, eta=1m29s, loss=1.9918, sps=42.7]
BC[stage1_datasets_L40_stepsweep/bc_baseline_none_steps10000_tr1]:  63%|██████▎   | 6309/10000 [02:27<01:26, 42.43it/s, acc=0.307, device=mps, eta=1m29s, loss=1.9918, sps=42.7]
BC[stage1_datasets_L40_stepsweep/bc_baseline_none_steps10000_tr1]:  63%|██████▎   | 6315/10000 [02:27<01:21, 45.07it/s, acc=0.307, device=mps, eta=1m29s, loss=1.9918, sps=42.7]
BC[stage1_datasets_L40_stepsweep/bc_baseline_none_steps10000_tr1]:  63%|██████▎   | 6321/10000 [02:28<01:36, 38.01it/s, acc=0.307, device=mps, eta=1m29s, loss=1.9918, sps=42.7]
BC[stage1_datasets_L40_stepsweep/bc_baseline_none_steps10000_tr1]:  63%|██████▎   | 6328/10000 [02:28<01:24, 43.35it/s, acc=0.307, device=mps, eta=1m29s, loss=1.9918, sps=42.7]
BC[stage1_datasets_L40_stepsweep/bc_baseline_none_steps10000_tr1]:  63%|██████▎   | 6334/10000 [02:28<01:17, 47.08it/s, acc=0.307, device=mps, eta=1m29s, loss=1.9918, sps=42.7]
BC[stage1_datasets_L40_stepsweep/bc_baseline_none_steps10000_tr1]:  63%|██████▎   | 6341/10000 [02:28<01:29, 40.78it/s, acc=0.307, device=mps, eta=1m29s, loss=1.9918, sps=42.7]
BC[stage1_datasets_L40_stepsweep/bc_baseline_none_steps10000_tr1]:  63%|██████▎   | 6347/10000 [02:28<01:21, 44.57it/s, acc=0.307, device=mps, eta=1m29s, loss=1.9918, sps=42.7]
BC[stage1_datasets_L40_stepsweep/bc_baseline_none_steps10000_tr1]:  64%|██████▎   | 6353/10000 [02:28<01:17, 47.21it/s, acc=0.307, device=mps, eta=1m29s, loss=1.9918, sps=42.7]
BC[stage1_datasets_L40_stepsweep/bc_baseline_none_steps10000_tr1]:  64%|██████▎   | 6359/10000 [02:28<01:12, 50.13it/s, acc=0.307, device=mps, eta=1m29s, loss=1.9918, sps=42.7]
BC[stage1_datasets_L40_stepsweep/bc_baseline_none_steps10000_tr1]:  64%|██████▎   | 6365/10000 [02:29<01:28, 40.85it/s, acc=0.307, device=mps, eta=1m29s, loss=1.9918, sps=42.7]
BC[stage1_datasets_L40_stepsweep/bc_baseline_none_steps10000_tr1]:  64%|██████▎   | 6370/10000 [02:29<01:24, 42.72it/s, acc=0.307, device=mps, eta=1m29s, loss=1.9918, sps=42.7]
BC[stage1_datasets_L40_stepsweep/bc_baseline_none_steps10000_tr1]:  64%|██████▍   | 6376/10000 [02:29<01:19, 45.57it/s, acc=0.307, device=mps, eta=1m29s, loss=1.9918, sps=42.7]
BC[stage1_datasets_L40_stepsweep/bc_baseline_none_steps10000_tr1]:  64%|██████▍   | 6381/10000 [02:29<01:37, 37.27it/s, acc=0.307, device=mps, eta=1m29s, loss=1.9918, sps=42.7]
BC[stage1_datasets_L40_stepsweep/bc_baseline_none_steps10000_tr1]:  64%|██████▍   | 6387/10000 [02:29<01:26, 41.67it/s, acc=0.307, device=mps, eta=1m29s, loss=1.9918, sps=42.7]
BC[stage1_datasets_L40_stepsweep/bc_baseline_none_steps10000_tr1]:  64%|██████▍   | 6393/10000 [02:29<01:20, 44.54it/s, acc=0.307, device=mps, eta=1m29s, loss=1.9918, sps=42.7]
BC[stage1_datasets_L40_stepsweep/bc_baseline_none_steps10000_tr1]:  64%|██████▍   | 6393/10000 [02:29<01:20, 44.54it/s, acc=0.304, device=mps, eta=1m24s, loss=2.0001, sps=42.7]
BC[stage1_datasets_L40_stepsweep/bc_baseline_none_steps10000_tr1]:  64%|██████▍   | 6400/10000 [02:29<01:12, 49.57it/s, acc=0.304, device=mps, eta=1m24s, loss=2.0001, sps=42.7]
BC[stage1_datasets_L40_stepsweep/bc_baseline_none_steps10000_tr1]:  64%|██████▍   | 6406/10000 [02:29<01:30, 39.66it/s, acc=0.304, device=mps, eta=1m24s, loss=2.0001, sps=42.7]
BC[stage1_datasets_L40_stepsweep/bc_baseline_none_steps10000_tr1]:  64%|██████▍   | 6412/10000 [02:30<01:23, 42.94it/s, acc=0.304, device=mps, eta=1m24s, loss=2.0001, sps=42.7]
BC[stage1_datasets_L40_stepsweep/bc_baseline_none_steps10000_tr1]:  64%|██████▍   | 6418/10000 [02:30<01:16, 46.60it/s, acc=0.304, device=mps, eta=1m24s, loss=2.0001, sps=42.7]
BC[stage1_datasets_L40_stepsweep/bc_baseline_none_steps10000_tr1]:  64%|██████▍   | 6424/10000 [02:30<01:30, 39.52it/s, acc=0.304, device=mps, eta=1m24s, loss=2.0001, sps=42.7]
BC[stage1_datasets_L40_stepsweep/bc_baseline_none_steps10000_tr1]:  64%|██████▍   | 6430/10000 [02:30<01:23, 42.87it/s, acc=0.304, device=mps, eta=1m24s, loss=2.0001, sps=42.7]
BC[stage1_datasets_L40_stepsweep/bc_baseline_none_steps10000_tr1]:  64%|██████▍   | 6437/10000 [02:30<01:14, 47.97it/s, acc=0.304, device=mps, eta=1m24s, loss=2.0001, sps=42.7]
BC[stage1_datasets_L40_stepsweep/bc_baseline_none_steps10000_tr1]:  64%|██████▍   | 6443/10000 [02:30<01:27, 40.44it/s, acc=0.304, device=mps, eta=1m24s, loss=2.0001, sps=42.7]
BC[stage1_datasets_L40_stepsweep/bc_baseline_none_steps10000_tr1]:  64%|██████▍   | 6450/10000 [02:30<01:18, 45.29it/s, acc=0.304, device=mps, eta=1m24s, loss=2.0001, sps=42.7]
BC[stage1_datasets_L40_stepsweep/bc_baseline_none_steps10000_tr1]:  65%|██████▍   | 6457/10000 [02:31<01:12, 49.13it/s, acc=0.304, device=mps, eta=1m24s, loss=2.0001, sps=42.7]
BC[stage1_datasets_L40_stepsweep/bc_baseline_none_steps10000_tr1]:  65%|██████▍   | 6463/10000 [02:31<01:25, 41.14it/s, acc=0.304, device=mps, eta=1m24s, loss=2.0001, sps=42.7]
BC[stage1_datasets_L40_stepsweep/bc_baseline_none_steps10000_tr1]:  65%|██████▍   | 6468/10000 [02:31<01:22, 42.63it/s, acc=0.304, device=mps, eta=1m24s, loss=2.0001, sps=42.7]
BC[stage1_datasets_L40_stepsweep/bc_baseline_none_steps10000_tr1]:  65%|██████▍   | 6474/10000 [02:31<01:16, 45.86it/s, acc=0.304, device=mps, eta=1m24s, loss=2.0001, sps=42.7]
BC[stage1_datasets_L40_stepsweep/bc_baseline_none_steps10000_tr1]:  65%|██████▍   | 6481/10000 [02:31<01:27, 40.23it/s, acc=0.304, device=mps, eta=1m24s, loss=2.0001, sps=42.7]
BC[stage1_datasets_L40_stepsweep/bc_baseline_none_steps10000_tr1]:  65%|██████▍   | 6487/10000 [02:31<01:20, 43.84it/s, acc=0.304, device=mps, eta=1m24s, loss=2.0001, sps=42.7]
BC[stage1_datasets_L40_stepsweep/bc_baseline_none_steps10000_tr1]:  65%|██████▍   | 6493/10000 [02:31<01:14, 47.19it/s, acc=0.304, device=mps, eta=1m24s, loss=2.0001, sps=42.7]
BC[stage1_datasets_L40_stepsweep/bc_baseline_none_steps10000_tr1]:  65%|██████▌   | 6500/10000 [02:32<01:07, 51.79it/s, acc=0.304, device=mps, eta=1m24s, loss=2.0001, sps=42.7]
BC[stage1_datasets_L40_stepsweep/bc_baseline_none_steps10000_tr1]:  65%|██████▌   | 6506/10000 [02:32<01:23, 42.01it/s, acc=0.304, device=mps, eta=1m24s, loss=2.0001, sps=42.7]
BC[stage1_datasets_L40_stepsweep/bc_baseline_none_steps10000_tr1]:  65%|██████▌   | 6512/10000 [02:32<01:16, 45.65it/s, acc=0.304, device=mps, eta=1m24s, loss=2.0001, sps=42.7]
BC[stage1_datasets_L40_stepsweep/bc_baseline_none_steps10000_tr1]:  65%|██████▌   | 6519/10000 [02:32<01:10, 49.46it/s, acc=0.304, device=mps, eta=1m24s, loss=2.0001, sps=42.7]
BC[stage1_datasets_L40_stepsweep/bc_baseline_none_steps10000_tr1]:  65%|██████▌   | 6525/10000 [02:32<01:25, 40.86it/s, acc=0.304, device=mps, eta=1m24s, loss=2.0001, sps=42.7]
BC[stage1_datasets_L40_stepsweep/bc_baseline_none_steps10000_tr1]:  65%|██████▌   | 6531/10000 [02:32<01:19, 43.65it/s, acc=0.304, device=mps, eta=1m24s, loss=2.0001, sps=42.7]
BC[stage1_datasets_L40_stepsweep/bc_baseline_none_steps10000_tr1]:  65%|██████▌   | 6537/10000 [02:32<01:14, 46.77it/s, acc=0.304, device=mps, eta=1m24s, loss=2.0001, sps=42.7]
BC[stage1_datasets_L40_stepsweep/bc_baseline_none_steps10000_tr1]:  65%|██████▌   | 6543/10000 [02:33<01:26, 39.86it/s, acc=0.304, device=mps, eta=1m24s, loss=2.0001, sps=42.7]
BC[stage1_datasets_L40_stepsweep/bc_baseline_none_steps10000_tr1]:  65%|██████▌   | 6549/10000 [02:33<01:20, 43.02it/s, acc=0.304, device=mps, eta=1m24s, loss=2.0001, sps=42.7]
BC[stage1_datasets_L40_stepsweep/bc_baseline_none_steps10000_tr1]:  66%|██████▌   | 6556/10000 [02:33<01:12, 47.55it/s, acc=0.304, device=mps, eta=1m24s, loss=2.0001, sps=42.7]
BC[stage1_datasets_L40_stepsweep/bc_baseline_none_steps10000_tr1]:  66%|██████▌   | 6562/10000 [02:33<01:25, 40.32it/s, acc=0.304, device=mps, eta=1m24s, loss=2.0001, sps=42.7]
BC[stage1_datasets_L40_stepsweep/bc_baseline_none_steps10000_tr1]:  66%|██████▌   | 6568/10000 [02:33<01:18, 43.88it/s, acc=0.304, device=mps, eta=1m24s, loss=2.0001, sps=42.7]
BC[stage1_datasets_L40_stepsweep/bc_baseline_none_steps10000_tr1]:  66%|██████▌   | 6574/10000 [02:33<01:13, 46.49it/s, acc=0.304, device=mps, eta=1m24s, loss=2.0001, sps=42.7]
BC[stage1_datasets_L40_stepsweep/bc_baseline_none_steps10000_tr1]:  66%|██████▌   | 6581/10000 [02:33<01:25, 40.08it/s, acc=0.304, device=mps, eta=1m24s, loss=2.0001, sps=42.7]
BC[stage1_datasets_L40_stepsweep/bc_baseline_none_steps10000_tr1]:  66%|██████▌   | 6587/10000 [02:34<01:17, 43.78it/s, acc=0.304, device=mps, eta=1m24s, loss=2.0001, sps=42.7]
BC[stage1_datasets_L40_stepsweep/bc_baseline_none_steps10000_tr1]:  66%|██████▌   | 6594/10000 [02:34<01:10, 48.57it/s, acc=0.304, device=mps, eta=1m24s, loss=2.0001, sps=42.7]
BC[stage1_datasets_L40_stepsweep/bc_baseline_none_steps10000_tr1]:  66%|██████▌   | 6594/10000 [02:34<01:10, 48.57it/s, acc=0.304, device=mps, eta=1m19s, loss=1.9885, sps=42.8]
BC[stage1_datasets_L40_stepsweep/bc_baseline_none_steps10000_tr1]:  66%|██████▌   | 6601/10000 [02:34<01:19, 42.69it/s, acc=0.304, device=mps, eta=1m19s, loss=1.9885, sps=42.8]
BC[stage1_datasets_L40_stepsweep/bc_baseline_none_steps10000_tr1]:  66%|██████▌   | 6607/10000 [02:34<01:13, 46.37it/s, acc=0.304, device=mps, eta=1m19s, loss=1.9885, sps=42.8]
BC[stage1_datasets_L40_stepsweep/bc_baseline_none_steps10000_tr1]:  66%|██████▌   | 6613/10000 [02:34<01:08, 49.34it/s, acc=0.304, device=mps, eta=1m19s, loss=1.9885, sps=42.8]
BC[stage1_datasets_L40_stepsweep/bc_baseline_none_steps10000_tr1]:  66%|██████▌   | 6620/10000 [02:34<01:03, 53.53it/s, acc=0.304, device=mps, eta=1m19s, loss=1.9885, sps=42.8]
BC[stage1_datasets_L40_stepsweep/bc_baseline_none_steps10000_tr1]:  66%|██████▋   | 6626/10000 [02:34<01:19, 42.44it/s, acc=0.304, device=mps, eta=1m19s, loss=1.9885, sps=42.8]
BC[stage1_datasets_L40_stepsweep/bc_baseline_none_steps10000_tr1]:  66%|██████▋   | 6632/10000 [02:35<01:15, 44.83it/s, acc=0.304, device=mps, eta=1m19s, loss=1.9885, sps=42.8]
BC[stage1_datasets_L40_stepsweep/bc_baseline_none_steps10000_tr1]:  66%|██████▋   | 6638/10000 [02:35<01:10, 47.53it/s, acc=0.304, device=mps, eta=1m19s, loss=1.9885, sps=42.8]
BC[stage1_datasets_L40_stepsweep/bc_baseline_none_steps10000_tr1]:  66%|██████▋   | 6644/10000 [02:35<01:24, 39.74it/s, acc=0.304, device=mps, eta=1m19s, loss=1.9885, sps=42.8]
BC[stage1_datasets_L40_stepsweep/bc_baseline_none_steps10000_tr1]:  66%|██████▋   | 6650/10000 [02:35<01:17, 43.32it/s, acc=0.304, device=mps, eta=1m19s, loss=1.9885, sps=42.8]
BC[stage1_datasets_L40_stepsweep/bc_baseline_none_steps10000_tr1]:  67%|██████▋   | 6656/10000 [02:35<01:11, 46.53it/s, acc=0.304, device=mps, eta=1m19s, loss=1.9885, sps=42.8]
BC[stage1_datasets_L40_stepsweep/bc_baseline_none_steps10000_tr1]:  67%|██████▋   | 6662/10000 [02:35<01:25, 38.86it/s, acc=0.304, device=mps, eta=1m19s, loss=1.9885, sps=42.8]
BC[stage1_datasets_L40_stepsweep/bc_baseline_none_steps10000_tr1]:  67%|██████▋   | 6668/10000 [02:35<01:17, 42.86it/s, acc=0.304, device=mps, eta=1m19s, loss=1.9885, sps=42.8]
BC[stage1_datasets_L40_stepsweep/bc_baseline_none_steps10000_tr1]:  67%|██████▋   | 6674/10000 [02:35<01:11, 46.65it/s, acc=0.304, device=mps, eta=1m19s, loss=1.9885, sps=42.8]
BC[stage1_datasets_L40_stepsweep/bc_baseline_none_steps10000_tr1]:  67%|██████▋   | 6681/10000 [02:36<01:21, 40.74it/s, acc=0.304, device=mps, eta=1m19s, loss=1.9885, sps=42.8]
BC[stage1_datasets_L40_stepsweep/bc_baseline_none_steps10000_tr1]:  67%|██████▋   | 6688/10000 [02:36<01:12, 45.69it/s, acc=0.304, device=mps, eta=1m19s, loss=1.9885, sps=42.8]
BC[stage1_datasets_L40_stepsweep/bc_baseline_none_steps10000_tr1]:  67%|██████▋   | 6694/10000 [02:36<01:08, 48.11it/s, acc=0.304, device=mps, eta=1m19s, loss=1.9885, sps=42.8]
BC[stage1_datasets_L40_stepsweep/bc_baseline_none_steps10000_tr1]:  67%|██████▋   | 6701/10000 [02:36<01:19, 41.42it/s, acc=0.304, device=mps, eta=1m19s, loss=1.9885, sps=42.8]
BC[stage1_datasets_L40_stepsweep/bc_baseline_none_steps10000_tr1]:  67%|██████▋   | 6707/10000 [02:36<01:14, 44.46it/s, acc=0.304, device=mps, eta=1m19s, loss=1.9885, sps=42.8]
BC[stage1_datasets_L40_stepsweep/bc_baseline_none_steps10000_tr1]:  67%|██████▋   | 6714/10000 [02:36<01:07, 48.85it/s, acc=0.304, device=mps, eta=1m19s, loss=1.9885, sps=42.8]
BC[stage1_datasets_L40_stepsweep/bc_baseline_none_steps10000_tr1]:  67%|██████▋   | 6721/10000 [02:37<01:21, 40.25it/s, acc=0.304, device=mps, eta=1m19s, loss=1.9885, sps=42.8]
BC[stage1_datasets_L40_stepsweep/bc_baseline_none_steps10000_tr1]:  67%|██████▋   | 6726/10000 [02:37<01:17, 42.23it/s, acc=0.304, device=mps, eta=1m19s, loss=1.9885, sps=42.8]
BC[stage1_datasets_L40_stepsweep/bc_baseline_none_steps10000_tr1]:  67%|██████▋   | 6732/10000 [02:37<01:11, 45.80it/s, acc=0.304, device=mps, eta=1m19s, loss=1.9885, sps=42.8]
BC[stage1_datasets_L40_stepsweep/bc_baseline_none_steps10000_tr1]:  67%|██████▋   | 6738/10000 [02:37<01:08, 47.95it/s, acc=0.304, device=mps, eta=1m19s, loss=1.9885, sps=42.8]
BC[stage1_datasets_L40_stepsweep/bc_baseline_none_steps10000_tr1]:  67%|██████▋   | 6744/10000 [02:37<01:21, 39.94it/s, acc=0.304, device=mps, eta=1m19s, loss=1.9885, sps=42.8]
BC[stage1_datasets_L40_stepsweep/bc_baseline_none_steps10000_tr1]:  67%|██████▋   | 6749/10000 [02:37<01:18, 41.51it/s, acc=0.304, device=mps, eta=1m19s, loss=1.9885, sps=42.8]
BC[stage1_datasets_L40_stepsweep/bc_baseline_none_steps10000_tr1]:  68%|██████▊   | 6755/10000 [02:37<01:11, 45.18it/s, acc=0.304, device=mps, eta=1m19s, loss=1.9885, sps=42.8]
BC[stage1_datasets_L40_stepsweep/bc_baseline_none_steps10000_tr1]:  68%|██████▊   | 6761/10000 [02:38<01:24, 38.38it/s, acc=0.304, device=mps, eta=1m19s, loss=1.9885, sps=42.8]
BC[stage1_datasets_L40_stepsweep/bc_baseline_none_steps10000_tr1]:  68%|██████▊   | 6767/10000 [02:38<01:15, 42.86it/s, acc=0.304, device=mps, eta=1m19s, loss=1.9885, sps=42.8]
BC[stage1_datasets_L40_stepsweep/bc_baseline_none_steps10000_tr1]:  68%|██████▊   | 6773/10000 [02:38<01:11, 45.41it/s, acc=0.304, device=mps, eta=1m19s, loss=1.9885, sps=42.8]
BC[stage1_datasets_L40_stepsweep/bc_baseline_none_steps10000_tr1]:  68%|██████▊   | 6779/10000 [02:38<01:06, 48.73it/s, acc=0.304, device=mps, eta=1m19s, loss=1.9885, sps=42.8]
BC[stage1_datasets_L40_stepsweep/bc_baseline_none_steps10000_tr1]:  68%|██████▊   | 6785/10000 [02:38<01:21, 39.26it/s, acc=0.304, device=mps, eta=1m19s, loss=1.9885, sps=42.8]
BC[stage1_datasets_L40_stepsweep/bc_baseline_none_steps10000_tr1]:  68%|██████▊   | 6791/10000 [02:38<01:14, 42.95it/s, acc=0.304, device=mps, eta=1m19s, loss=1.9885, sps=42.8]
BC[stage1_datasets_L40_stepsweep/bc_baseline_none_steps10000_tr1]:  68%|██████▊   | 6797/10000 [02:38<01:08, 46.69it/s, acc=0.304, device=mps, eta=1m19s, loss=1.9885, sps=42.8]
BC[stage1_datasets_L40_stepsweep/bc_baseline_none_steps10000_tr1]:  68%|██████▊   | 6797/10000 [02:38<01:08, 46.69it/s, acc=0.306, device=mps, eta=1m15s, loss=1.9995, sps=42.8]
BC[stage1_datasets_L40_stepsweep/bc_baseline_none_steps10000_tr1]:  68%|██████▊   | 6803/10000 [02:39<01:20, 39.50it/s, acc=0.306, device=mps, eta=1m15s, loss=1.9995, sps=42.8]
BC[stage1_datasets_L40_stepsweep/bc_baseline_none_steps10000_tr1]:  68%|██████▊   | 6809/10000 [02:39<01:13, 43.30it/s, acc=0.306, device=mps, eta=1m15s, loss=1.9995, sps=42.8]
BC[stage1_datasets_L40_stepsweep/bc_baseline_none_steps10000_tr1]:  68%|██████▊   | 6815/10000 [02:39<01:08, 46.73it/s, acc=0.306, device=mps, eta=1m15s, loss=1.9995, sps=42.8]
BC[stage1_datasets_L40_stepsweep/bc_baseline_none_steps10000_tr1]:  68%|██████▊   | 6821/10000 [02:39<01:21, 39.06it/s, acc=0.306, device=mps, eta=1m15s, loss=1.9995, sps=42.8]
BC[stage1_datasets_L40_stepsweep/bc_baseline_none_steps10000_tr1]:  68%|██████▊   | 6827/10000 [02:39<01:13, 43.40it/s, acc=0.306, device=mps, eta=1m15s, loss=1.9995, sps=42.8]
BC[stage1_datasets_L40_stepsweep/bc_baseline_none_steps10000_tr1]:  68%|██████▊   | 6833/10000 [02:39<01:07, 47.19it/s, acc=0.306, device=mps, eta=1m15s, loss=1.9995, sps=42.8]
BC[stage1_datasets_L40_stepsweep/bc_baseline_none_steps10000_tr1]:  68%|██████▊   | 6840/10000 [02:39<01:01, 51.66it/s, acc=0.306, device=mps, eta=1m15s, loss=1.9995, sps=42.8]
BC[stage1_datasets_L40_stepsweep/bc_baseline_none_steps10000_tr1]:  68%|██████▊   | 6846/10000 [02:39<01:19, 39.57it/s, acc=0.306, device=mps, eta=1m15s, loss=1.9995, sps=42.8]
BC[stage1_datasets_L40_stepsweep/bc_baseline_none_steps10000_tr1]:  69%|██████▊   | 6852/10000 [02:40<01:12, 43.36it/s, acc=0.306, device=mps, eta=1m15s, loss=1.9995, sps=42.8]
BC[stage1_datasets_L40_stepsweep/bc_baseline_none_steps10000_tr1]:  69%|██████▊   | 6858/10000 [02:40<01:08, 46.10it/s, acc=0.306, device=mps, eta=1m15s, loss=1.9995, sps=42.8]
BC[stage1_datasets_L40_stepsweep/bc_baseline_none_steps10000_tr1]:  69%|██████▊   | 6864/10000 [02:40<01:19, 39.34it/s, acc=0.306, device=mps, eta=1m15s, loss=1.9995, sps=42.8]
BC[stage1_datasets_L40_stepsweep/bc_baseline_none_steps10000_tr1]:  69%|██████▊   | 6870/10000 [02:40<01:13, 42.67it/s, acc=0.306, device=mps, eta=1m15s, loss=1.9995, sps=42.8]
BC[stage1_datasets_L40_stepsweep/bc_baseline_none_steps10000_tr1]:  69%|██████▉   | 6875/10000 [02:40<01:10, 44.33it/s, acc=0.306, device=mps, eta=1m15s, loss=1.9995, sps=42.8]
BC[stage1_datasets_L40_stepsweep/bc_baseline_none_steps10000_tr1]:  69%|██████▉   | 6881/10000 [02:40<01:24, 37.02it/s, acc=0.306, device=mps, eta=1m15s, loss=1.9995, sps=42.8]
BC[stage1_datasets_L40_stepsweep/bc_baseline_none_steps10000_tr1]:  69%|██████▉   | 6888/10000 [02:40<01:12, 43.03it/s, acc=0.306, device=mps, eta=1m15s, loss=1.9995, sps=42.8]
BC[stage1_datasets_L40_stepsweep/bc_baseline_none_steps10000_tr1]:  69%|██████▉   | 6893/10000 [02:41<01:10, 43.93it/s, acc=0.306, device=mps, eta=1m15s, loss=1.9995, sps=42.8]
BC[stage1_datasets_L40_stepsweep/bc_baseline_none_steps10000_tr1]:  69%|██████▉   | 6899/10000 [02:41<01:05, 47.49it/s, acc=0.306, device=mps, eta=1m15s, loss=1.9995, sps=42.8]
BC[stage1_datasets_L40_stepsweep/bc_baseline_none_steps10000_tr1]:  69%|██████▉   | 6905/10000 [02:41<01:16, 40.26it/s, acc=0.306, device=mps, eta=1m15s, loss=1.9995, sps=42.8]
BC[stage1_datasets_L40_stepsweep/bc_baseline_none_steps10000_tr1]:  69%|██████▉   | 6912/10000 [02:41<01:08, 45.32it/s, acc=0.306, device=mps, eta=1m15s, loss=1.9995, sps=42.8]
BC[stage1_datasets_L40_stepsweep/bc_baseline_none_steps10000_tr1]:  69%|██████▉   | 6918/10000 [02:41<01:03, 48.80it/s, acc=0.306, device=mps, eta=1m15s, loss=1.9995, sps=42.8]
BC[stage1_datasets_L40_stepsweep/bc_baseline_none_steps10000_tr1]:  69%|██████▉   | 6924/10000 [02:41<01:16, 40.45it/s, acc=0.306, device=mps, eta=1m15s, loss=1.9995, sps=42.8]
BC[stage1_datasets_L40_stepsweep/bc_baseline_none_steps10000_tr1]:  69%|██████▉   | 6929/10000 [02:41<01:13, 41.75it/s, acc=0.306, device=mps, eta=1m15s, loss=1.9995, sps=42.8]
BC[stage1_datasets_L40_stepsweep/bc_baseline_none_steps10000_tr1]:  69%|██████▉   | 6935/10000 [02:42<01:08, 44.82it/s, acc=0.306, device=mps, eta=1m15s, loss=1.9995, sps=42.8]
BC[stage1_datasets_L40_stepsweep/bc_baseline_none_steps10000_tr1]:  69%|██████▉   | 6941/10000 [02:42<01:19, 38.51it/s, acc=0.306, device=mps, eta=1m15s, loss=1.9995, sps=42.8]
BC[stage1_datasets_L40_stepsweep/bc_baseline_none_steps10000_tr1]:  69%|██████▉   | 6947/10000 [02:42<01:11, 42.62it/s, acc=0.306, device=mps, eta=1m15s, loss=1.9995, sps=42.8]
BC[stage1_datasets_L40_stepsweep/bc_baseline_none_steps10000_tr1]:  70%|██████▉   | 6953/10000 [02:42<01:06, 45.69it/s, acc=0.306, device=mps, eta=1m15s, loss=1.9995, sps=42.8]
BC[stage1_datasets_L40_stepsweep/bc_baseline_none_steps10000_tr1]:  70%|██████▉   | 6960/10000 [02:42<00:59, 50.72it/s, acc=0.306, device=mps, eta=1m15s, loss=1.9995, sps=42.8]
BC[stage1_datasets_L40_stepsweep/bc_baseline_none_steps10000_tr1]:  70%|██████▉   | 6966/10000 [02:42<01:15, 40.38it/s, acc=0.306, device=mps, eta=1m15s, loss=1.9995, sps=42.8]
BC[stage1_datasets_L40_stepsweep/bc_baseline_none_steps10000_tr1]:  70%|██████▉   | 6971/10000 [02:42<01:11, 42.23it/s, acc=0.306, device=mps, eta=1m15s, loss=1.9995, sps=42.8]
BC[stage1_datasets_L40_stepsweep/bc_baseline_none_steps10000_tr1]:  70%|██████▉   | 6977/10000 [02:42<01:06, 45.77it/s, acc=0.306, device=mps, eta=1m15s, loss=1.9995, sps=42.8]
BC[stage1_datasets_L40_stepsweep/bc_baseline_none_steps10000_tr1]:  70%|██████▉   | 6982/10000 [02:43<01:19, 38.11it/s, acc=0.306, device=mps, eta=1m15s, loss=1.9995, sps=42.8]
BC[stage1_datasets_L40_stepsweep/bc_baseline_none_steps10000_tr1]:  70%|██████▉   | 6989/10000 [02:43<01:08, 43.82it/s, acc=0.306, device=mps, eta=1m15s, loss=1.9995, sps=42.8]
BC[stage1_datasets_L40_stepsweep/bc_baseline_none_steps10000_tr1]:  70%|██████▉   | 6996/10000 [02:43<01:01, 48.74it/s, acc=0.306, device=mps, eta=1m15s, loss=1.9995, sps=42.8]
BC[stage1_datasets_L40_stepsweep/bc_baseline_none_steps10000_tr1]:  70%|██████▉   | 6996/10000 [02:43<01:01, 48.74it/s, acc=0.303, device=mps, eta=1m10s, loss=1.9960, sps=42.8]
BC[stage1_datasets_L40_stepsweep/bc_baseline_none_steps10000_tr1]:  70%|███████   | 7002/10000 [02:43<01:12, 41.49it/s, acc=0.303, device=mps, eta=1m10s, loss=1.9960, sps=42.8]
BC[stage1_datasets_L40_stepsweep/bc_baseline_none_steps10000_tr1]:  70%|███████   | 7008/10000 [02:43<01:06, 44.68it/s, acc=0.303, device=mps, eta=1m10s, loss=1.9960, sps=42.8]
BC[stage1_datasets_L40_stepsweep/bc_baseline_none_steps10000_tr1]:  70%|███████   | 7014/10000 [02:43<01:03, 46.90it/s, acc=0.303, device=mps, eta=1m10s, loss=1.9960, sps=42.8]
BC[stage1_datasets_L40_stepsweep/bc_baseline_none_steps10000_tr1]:  70%|███████   | 7020/10000 [02:43<00:59, 49.90it/s, acc=0.303, device=mps, eta=1m10s, loss=1.9960, sps=42.8]
BC[stage1_datasets_L40_stepsweep/bc_baseline_none_steps10000_tr1]:  70%|███████   | 7026/10000 [02:44<01:17, 38.24it/s, acc=0.303, device=mps, eta=1m10s, loss=1.9960, sps=42.8]
BC[stage1_datasets_L40_stepsweep/bc_baseline_none_steps10000_tr1]:  70%|███████   | 7032/10000 [02:44<01:10, 41.93it/s, acc=0.303, device=mps, eta=1m10s, loss=1.9960, sps=42.8]
BC[stage1_datasets_L40_stepsweep/bc_baseline_none_steps10000_tr1]:  70%|███████   | 7038/10000 [02:44<01:04, 46.06it/s, acc=0.303, device=mps, eta=1m10s, loss=1.9960, sps=42.8]
BC[stage1_datasets_L40_stepsweep/bc_baseline_none_steps10000_tr1]:  70%|███████   | 7044/10000 [02:44<01:16, 38.51it/s, acc=0.303, device=mps, eta=1m10s, loss=1.9960, sps=42.8]
BC[stage1_datasets_L40_stepsweep/bc_baseline_none_steps10000_tr1]:  70%|███████   | 7049/10000 [02:44<01:12, 40.62it/s, acc=0.303, device=mps, eta=1m10s, loss=1.9960, sps=42.8]
BC[stage1_datasets_L40_stepsweep/bc_baseline_none_steps10000_tr1]:  71%|███████   | 7055/10000 [02:44<01:06, 44.59it/s, acc=0.303, device=mps, eta=1m10s, loss=1.9960, sps=42.8]
BC[stage1_datasets_L40_stepsweep/bc_baseline_none_steps10000_tr1]:  71%|███████   | 7061/10000 [02:45<01:17, 38.12it/s, acc=0.303, device=mps, eta=1m10s, loss=1.9960, sps=42.8]
BC[stage1_datasets_L40_stepsweep/bc_baseline_none_steps10000_tr1]:  71%|███████   | 7068/10000 [02:45<01:07, 43.49it/s, acc=0.303, device=mps, eta=1m10s, loss=1.9960, sps=42.8]
BC[stage1_datasets_L40_stepsweep/bc_baseline_none_steps10000_tr1]:  71%|███████   | 7075/10000 [02:45<00:59, 49.12it/s, acc=0.303, device=mps, eta=1m10s, loss=1.9960, sps=42.8]
BC[stage1_datasets_L40_stepsweep/bc_baseline_none_steps10000_tr1]:  71%|███████   | 7081/10000 [02:45<01:07, 42.94it/s, acc=0.303, device=mps, eta=1m10s, loss=1.9960, sps=42.8]
BC[stage1_datasets_L40_stepsweep/bc_baseline_none_steps10000_tr1]:  71%|███████   | 7088/10000 [02:45<00:59, 48.70it/s, acc=0.303, device=mps, eta=1m10s, loss=1.9960, sps=42.8]
BC[stage1_datasets_L40_stepsweep/bc_baseline_none_steps10000_tr1]:  71%|███████   | 7096/10000 [02:45<00:53, 54.45it/s, acc=0.303, device=mps, eta=1m10s, loss=1.9960, sps=42.8]
BC[stage1_datasets_L40_stepsweep/bc_baseline_none_steps10000_tr1]:  71%|███████   | 7102/10000 [02:45<01:04, 45.12it/s, acc=0.303, device=mps, eta=1m10s, loss=1.9960, sps=42.8]
BC[stage1_datasets_L40_stepsweep/bc_baseline_none_steps10000_tr1]:  71%|███████   | 7108/10000 [02:45<01:00, 48.07it/s, acc=0.303, device=mps, eta=1m10s, loss=1.9960, sps=42.8]
BC[stage1_datasets_L40_stepsweep/bc_baseline_none_steps10000_tr1]:  71%|███████   | 7114/10000 [02:46<00:58, 49.19it/s, acc=0.303, device=mps, eta=1m10s, loss=1.9960, sps=42.8]
BC[stage1_datasets_L40_stepsweep/bc_baseline_none_steps10000_tr1]:  71%|███████   | 7120/10000 [02:46<00:55, 51.68it/s, acc=0.303, device=mps, eta=1m10s, loss=1.9960, sps=42.8]
BC[stage1_datasets_L40_stepsweep/bc_baseline_none_steps10000_tr1]:  71%|███████▏  | 7126/10000 [02:46<01:12, 39.66it/s, acc=0.303, device=mps, eta=1m10s, loss=1.9960, sps=42.8]
BC[stage1_datasets_L40_stepsweep/bc_baseline_none_steps10000_tr1]:  71%|███████▏  | 7132/10000 [02:46<01:06, 42.85it/s, acc=0.303, device=mps, eta=1m10s, loss=1.9960, sps=42.8]
BC[stage1_datasets_L40_stepsweep/bc_baseline_none_steps10000_tr1]:  71%|███████▏  | 7138/10000 [02:46<01:02, 45.68it/s, acc=0.303, device=mps, eta=1m10s, loss=1.9960, sps=42.8]
BC[stage1_datasets_L40_stepsweep/bc_baseline_none_steps10000_tr1]:  71%|███████▏  | 7143/10000 [02:46<01:19, 35.83it/s, acc=0.303, device=mps, eta=1m10s, loss=1.9960, sps=42.8]
BC[stage1_datasets_L40_stepsweep/bc_baseline_none_steps10000_tr1]:  71%|███████▏  | 7149/10000 [02:46<01:11, 40.05it/s, acc=0.303, device=mps, eta=1m10s, loss=1.9960, sps=42.8]
BC[stage1_datasets_L40_stepsweep/bc_baseline_none_steps10000_tr1]:  72%|███████▏  | 7155/10000 [02:47<01:03, 44.59it/s, acc=0.303, device=mps, eta=1m10s, loss=1.9960, sps=42.8]
BC[stage1_datasets_L40_stepsweep/bc_baseline_none_steps10000_tr1]:  72%|███████▏  | 7161/10000 [02:47<01:13, 38.65it/s, acc=0.303, device=mps, eta=1m10s, loss=1.9960, sps=42.8]
BC[stage1_datasets_L40_stepsweep/bc_baseline_none_steps10000_tr1]:  72%|███████▏  | 7167/10000 [02:47<01:07, 41.86it/s, acc=0.303, device=mps, eta=1m10s, loss=1.9960, sps=42.8]
BC[stage1_datasets_L40_stepsweep/bc_baseline_none_steps10000_tr1]:  72%|███████▏  | 7173/10000 [02:47<01:03, 44.38it/s, acc=0.303, device=mps, eta=1m10s, loss=1.9960, sps=42.8]
BC[stage1_datasets_L40_stepsweep/bc_baseline_none_steps10000_tr1]:  72%|███████▏  | 7179/10000 [02:47<01:00, 46.97it/s, acc=0.303, device=mps, eta=1m10s, loss=1.9960, sps=42.8]
BC[stage1_datasets_L40_stepsweep/bc_baseline_none_steps10000_tr1]:  72%|███████▏  | 7184/10000 [02:47<01:13, 38.35it/s, acc=0.303, device=mps, eta=1m10s, loss=1.9960, sps=42.8]
BC[stage1_datasets_L40_stepsweep/bc_baseline_none_steps10000_tr1]:  72%|███████▏  | 7189/10000 [02:47<01:11, 39.36it/s, acc=0.303, device=mps, eta=1m10s, loss=1.9960, sps=42.8]
BC[stage1_datasets_L40_stepsweep/bc_baseline_none_steps10000_tr1]:  72%|███████▏  | 7196/10000 [02:48<01:02, 45.06it/s, acc=0.303, device=mps, eta=1m10s, loss=1.9960, sps=42.8]
BC[stage1_datasets_L40_stepsweep/bc_baseline_none_steps10000_tr1]:  72%|███████▏  | 7196/10000 [02:48<01:02, 45.06it/s, acc=0.306, device=mps, eta=1m05s, loss=1.9891, sps=42.8]
BC[stage1_datasets_L40_stepsweep/bc_baseline_none_steps10000_tr1]:  72%|███████▏  | 7201/10000 [02:48<01:12, 38.55it/s, acc=0.306, device=mps, eta=1m05s, loss=1.9891, sps=42.8]
BC[stage1_datasets_L40_stepsweep/bc_baseline_none_steps10000_tr1]:  72%|███████▏  | 7208/10000 [02:48<01:03, 44.04it/s, acc=0.306, device=mps, eta=1m05s, loss=1.9891, sps=42.8]
BC[stage1_datasets_L40_stepsweep/bc_baseline_none_steps10000_tr1]:  72%|███████▏  | 7214/10000 [02:48<00:58, 47.72it/s, acc=0.306, device=mps, eta=1m05s, loss=1.9891, sps=42.8]
BC[stage1_datasets_L40_stepsweep/bc_baseline_none_steps10000_tr1]:  72%|███████▏  | 7221/10000 [02:48<01:08, 40.39it/s, acc=0.306, device=mps, eta=1m05s, loss=1.9891, sps=42.8]
BC[stage1_datasets_L40_stepsweep/bc_baseline_none_steps10000_tr1]:  72%|███████▏  | 7226/10000 [02:48<01:07, 41.05it/s, acc=0.306, device=mps, eta=1m05s, loss=1.9891, sps=42.8]
BC[stage1_datasets_L40_stepsweep/bc_baseline_none_steps10000_tr1]:  72%|███████▏  | 7231/10000 [02:48<01:06, 41.87it/s, acc=0.306, device=mps, eta=1m05s, loss=1.9891, sps=42.8]
BC[stage1_datasets_L40_stepsweep/bc_baseline_none_steps10000_tr1]:  72%|███████▏  | 7237/10000 [02:48<01:01, 44.85it/s, acc=0.306, device=mps, eta=1m05s, loss=1.9891, sps=42.8]
BC[stage1_datasets_L40_stepsweep/bc_baseline_none_steps10000_tr1]:  72%|███████▏  | 7242/10000 [02:49<01:13, 37.44it/s, acc=0.306, device=mps, eta=1m05s, loss=1.9891, sps=42.8]
BC[stage1_datasets_L40_stepsweep/bc_baseline_none_steps10000_tr1]:  72%|███████▏  | 7248/10000 [02:49<01:05, 41.82it/s, acc=0.306, device=mps, eta=1m05s, loss=1.9891, sps=42.8]
BC[stage1_datasets_L40_stepsweep/bc_baseline_none_steps10000_tr1]:  73%|███████▎  | 7254/10000 [02:49<01:00, 45.39it/s, acc=0.306, device=mps, eta=1m05s, loss=1.9891, sps=42.8]
BC[stage1_datasets_L40_stepsweep/bc_baseline_none_steps10000_tr1]:  73%|███████▎  | 7261/10000 [02:49<01:08, 40.05it/s, acc=0.306, device=mps, eta=1m05s, loss=1.9891, sps=42.8]
BC[stage1_datasets_L40_stepsweep/bc_baseline_none_steps10000_tr1]:  73%|███████▎  | 7267/10000 [02:49<01:02, 43.93it/s, acc=0.306, device=mps, eta=1m05s, loss=1.9891, sps=42.8]
BC[stage1_datasets_L40_stepsweep/bc_baseline_none_steps10000_tr1]:  73%|███████▎  | 7273/10000 [02:49<00:57, 47.31it/s, acc=0.306, device=mps, eta=1m05s, loss=1.9891, sps=42.8]
BC[stage1_datasets_L40_stepsweep/bc_baseline_none_steps10000_tr1]:  73%|███████▎  | 7279/10000 [02:49<00:54, 49.87it/s, acc=0.306, device=mps, eta=1m05s, loss=1.9891, sps=42.8]
BC[stage1_datasets_L40_stepsweep/bc_baseline_none_steps10000_tr1]:  73%|███████▎  | 7285/10000 [02:50<01:08, 39.47it/s, acc=0.306, device=mps, eta=1m05s, loss=1.9891, sps=42.8]
BC[stage1_datasets_L40_stepsweep/bc_baseline_none_steps10000_tr1]:  73%|███████▎  | 7291/10000 [02:50<01:01, 43.73it/s, acc=0.306, device=mps, eta=1m05s, loss=1.9891, sps=42.8]
BC[stage1_datasets_L40_stepsweep/bc_baseline_none_steps10000_tr1]:  73%|███████▎  | 7298/10000 [02:50<00:54, 49.71it/s, acc=0.306, device=mps, eta=1m05s, loss=1.9891, sps=42.8]
BC[stage1_datasets_L40_stepsweep/bc_baseline_none_steps10000_tr1]:  73%|███████▎  | 7304/10000 [02:50<01:01, 43.53it/s, acc=0.306, device=mps, eta=1m05s, loss=1.9891, sps=42.8]
BC[stage1_datasets_L40_stepsweep/bc_baseline_none_steps10000_tr1]:  73%|███████▎  | 7313/10000 [02:50<00:49, 53.90it/s, acc=0.306, device=mps, eta=1m05s, loss=1.9891, sps=42.8]
BC[stage1_datasets_L40_stepsweep/bc_baseline_none_steps10000_tr1]:  73%|███████▎  | 7321/10000 [02:50<00:54, 49.39it/s, acc=0.306, device=mps, eta=1m05s, loss=1.9891, sps=42.8]
BC[stage1_datasets_L40_stepsweep/bc_baseline_none_steps10000_tr1]:  73%|███████▎  | 7332/10000 [02:50<00:43, 61.81it/s, acc=0.306, device=mps, eta=1m05s, loss=1.9891, sps=42.8]
BC[stage1_datasets_L40_stepsweep/bc_baseline_none_steps10000_tr1]:  73%|███████▎  | 7341/10000 [02:51<00:47, 56.31it/s, acc=0.306, device=mps, eta=1m05s, loss=1.9891, sps=42.8]
BC[stage1_datasets_L40_stepsweep/bc_baseline_none_steps10000_tr1]:  74%|███████▎  | 7350/10000 [02:51<00:42, 63.05it/s, acc=0.306, device=mps, eta=1m05s, loss=1.9891, sps=42.8]
BC[stage1_datasets_L40_stepsweep/bc_baseline_none_steps10000_tr1]:  74%|███████▎  | 7358/10000 [02:51<00:39, 66.21it/s, acc=0.306, device=mps, eta=1m05s, loss=1.9891, sps=42.8]
BC[stage1_datasets_L40_stepsweep/bc_baseline_none_steps10000_tr1]:  74%|███████▎  | 7366/10000 [02:51<00:53, 49.31it/s, acc=0.306, device=mps, eta=1m05s, loss=1.9891, sps=42.8]
BC[stage1_datasets_L40_stepsweep/bc_baseline_none_steps10000_tr1]:  74%|███████▎  | 7372/10000 [02:51<00:54, 48.13it/s, acc=0.306, device=mps, eta=1m05s, loss=1.9891, sps=42.8]
BC[stage1_datasets_L40_stepsweep/bc_baseline_none_steps10000_tr1]:  74%|███████▍  | 7378/10000 [02:51<00:53, 49.17it/s, acc=0.306, device=mps, eta=1m05s, loss=1.9891, sps=42.8]
BC[stage1_datasets_L40_stepsweep/bc_baseline_none_steps10000_tr1]:  74%|███████▍  | 7384/10000 [02:52<01:03, 40.99it/s, acc=0.306, device=mps, eta=1m05s, loss=1.9891, sps=42.8]
BC[stage1_datasets_L40_stepsweep/bc_baseline_none_steps10000_tr1]:  74%|███████▍  | 7390/10000 [02:52<00:59, 43.67it/s, acc=0.306, device=mps, eta=1m05s, loss=1.9891, sps=42.8]
BC[stage1_datasets_L40_stepsweep/bc_baseline_none_steps10000_tr1]:  74%|███████▍  | 7396/10000 [02:52<00:55, 46.74it/s, acc=0.306, device=mps, eta=1m05s, loss=1.9891, sps=42.8]
BC[stage1_datasets_L40_stepsweep/bc_baseline_none_steps10000_tr1]:  74%|███████▍  | 7396/10000 [02:52<00:55, 46.74it/s, acc=0.306, device=mps, eta=1m01s, loss=1.9890, sps=42.9]
BC[stage1_datasets_L40_stepsweep/bc_baseline_none_steps10000_tr1]:  74%|███████▍  | 7402/10000 [02:52<01:06, 39.14it/s, acc=0.306, device=mps, eta=1m01s, loss=1.9890, sps=42.9]
BC[stage1_datasets_L40_stepsweep/bc_baseline_none_steps10000_tr1]:  74%|███████▍  | 7408/10000 [02:52<01:01, 42.17it/s, acc=0.306, device=mps, eta=1m01s, loss=1.9890, sps=42.9]
BC[stage1_datasets_L40_stepsweep/bc_baseline_none_steps10000_tr1]:  74%|███████▍  | 7414/10000 [02:52<00:55, 46.18it/s, acc=0.306, device=mps, eta=1m01s, loss=1.9890, sps=42.9]
BC[stage1_datasets_L40_stepsweep/bc_baseline_none_steps10000_tr1]:  74%|███████▍  | 7421/10000 [02:52<01:04, 40.12it/s, acc=0.306, device=mps, eta=1m01s, loss=1.9890, sps=42.9]
BC[stage1_datasets_L40_stepsweep/bc_baseline_none_steps10000_tr1]:  74%|███████▍  | 7426/10000 [02:53<01:01, 41.80it/s, acc=0.306, device=mps, eta=1m01s, loss=1.9890, sps=42.9]
BC[stage1_datasets_L40_stepsweep/bc_baseline_none_steps10000_tr1]:  74%|███████▍  | 7432/10000 [02:53<00:56, 45.16it/s, acc=0.306, device=mps, eta=1m01s, loss=1.9890, sps=42.9]
BC[stage1_datasets_L40_stepsweep/bc_baseline_none_steps10000_tr1]:  74%|███████▍  | 7438/10000 [02:53<00:53, 47.67it/s, acc=0.306, device=mps, eta=1m01s, loss=1.9890, sps=42.9]
BC[stage1_datasets_L40_stepsweep/bc_baseline_none_steps10000_tr1]:  74%|███████▍  | 7444/10000 [02:53<01:05, 39.08it/s, acc=0.306, device=mps, eta=1m01s, loss=1.9890, sps=42.9]
BC[stage1_datasets_L40_stepsweep/bc_baseline_none_steps10000_tr1]:  74%|███████▍  | 7450/10000 [02:53<00:58, 43.23it/s, acc=0.306, device=mps, eta=1m01s, loss=1.9890, sps=42.9]
BC[stage1_datasets_L40_stepsweep/bc_baseline_none_steps10000_tr1]:  75%|███████▍  | 7456/10000 [02:53<00:54, 46.80it/s, acc=0.306, device=mps, eta=1m01s, loss=1.9890, sps=42.9]
BC[stage1_datasets_L40_stepsweep/bc_baseline_none_steps10000_tr1]:  75%|███████▍  | 7462/10000 [02:53<01:04, 39.26it/s, acc=0.306, device=mps, eta=1m01s, loss=1.9890, sps=42.9]
BC[stage1_datasets_L40_stepsweep/bc_baseline_none_steps10000_tr1]:  75%|███████▍  | 7467/10000 [02:54<01:03, 39.82it/s, acc=0.306, device=mps, eta=1m01s, loss=1.9890, sps=42.9]
BC[stage1_datasets_L40_stepsweep/bc_baseline_none_steps10000_tr1]:  75%|███████▍  | 7472/10000 [02:54<01:00, 42.13it/s, acc=0.306, device=mps, eta=1m01s, loss=1.9890, sps=42.9]
BC[stage1_datasets_L40_stepsweep/bc_baseline_none_steps10000_tr1]:  75%|███████▍  | 7478/10000 [02:54<00:56, 44.81it/s, acc=0.306, device=mps, eta=1m01s, loss=1.9890, sps=42.9]
BC[stage1_datasets_L40_stepsweep/bc_baseline_none_steps10000_tr1]:  75%|███████▍  | 7483/10000 [02:54<01:08, 36.67it/s, acc=0.306, device=mps, eta=1m01s, loss=1.9890, sps=42.9]
BC[stage1_datasets_L40_stepsweep/bc_baseline_none_steps10000_tr1]:  75%|███████▍  | 7489/10000 [02:54<01:02, 40.49it/s, acc=0.306, device=mps, eta=1m01s, loss=1.9890, sps=42.9]
BC[stage1_datasets_L40_stepsweep/bc_baseline_none_steps10000_tr1]:  75%|███████▍  | 7496/10000 [02:54<00:54, 46.05it/s, acc=0.306, device=mps, eta=1m01s, loss=1.9890, sps=42.9]
BC[stage1_datasets_L40_stepsweep/bc_baseline_none_steps10000_tr1]:  75%|███████▌  | 7501/10000 [02:54<01:04, 38.86it/s, acc=0.306, device=mps, eta=1m01s, loss=1.9890, sps=42.9]
BC[stage1_datasets_L40_stepsweep/bc_baseline_none_steps10000_tr1]:  75%|███████▌  | 7507/10000 [02:54<00:57, 43.09it/s, acc=0.306, device=mps, eta=1m01s, loss=1.9890, sps=42.9]
BC[stage1_datasets_L40_stepsweep/bc_baseline_none_steps10000_tr1]:  75%|███████▌  | 7513/10000 [02:55<00:54, 45.78it/s, acc=0.306, device=mps, eta=1m01s, loss=1.9890, sps=42.9]
BC[stage1_datasets_L40_stepsweep/bc_baseline_none_steps10000_tr1]:  75%|███████▌  | 7519/10000 [02:55<00:51, 48.25it/s, acc=0.306, device=mps, eta=1m01s, loss=1.9890, sps=42.9]
BC[stage1_datasets_L40_stepsweep/bc_baseline_none_steps10000_tr1]:  75%|███████▌  | 7525/10000 [02:55<01:04, 38.32it/s, acc=0.306, device=mps, eta=1m01s, loss=1.9890, sps=42.9]
BC[stage1_datasets_L40_stepsweep/bc_baseline_none_steps10000_tr1]:  75%|███████▌  | 7531/10000 [02:55<00:59, 41.64it/s, acc=0.306, device=mps, eta=1m01s, loss=1.9890, sps=42.9]
BC[stage1_datasets_L40_stepsweep/bc_baseline_none_steps10000_tr1]:  75%|███████▌  | 7537/10000 [02:55<00:54, 44.83it/s, acc=0.306, device=mps, eta=1m01s, loss=1.9890, sps=42.9]
BC[stage1_datasets_L40_stepsweep/bc_baseline_none_steps10000_tr1]:  75%|███████▌  | 7542/10000 [02:55<01:04, 37.99it/s, acc=0.306, device=mps, eta=1m01s, loss=1.9890, sps=42.9]
BC[stage1_datasets_L40_stepsweep/bc_baseline_none_steps10000_tr1]:  75%|███████▌  | 7548/10000 [02:55<00:58, 41.58it/s, acc=0.306, device=mps, eta=1m01s, loss=1.9890, sps=42.9]
BC[stage1_datasets_L40_stepsweep/bc_baseline_none_steps10000_tr1]:  76%|███████▌  | 7554/10000 [02:56<00:53, 45.46it/s, acc=0.306, device=mps, eta=1m01s, loss=1.9890, sps=42.9]
BC[stage1_datasets_L40_stepsweep/bc_baseline_none_steps10000_tr1]:  76%|███████▌  | 7561/10000 [02:56<01:02, 38.97it/s, acc=0.306, device=mps, eta=1m01s, loss=1.9890, sps=42.9]
BC[stage1_datasets_L40_stepsweep/bc_baseline_none_steps10000_tr1]:  76%|███████▌  | 7567/10000 [02:56<00:57, 42.32it/s, acc=0.306, device=mps, eta=1m01s, loss=1.9890, sps=42.9]
BC[stage1_datasets_L40_stepsweep/bc_baseline_none_steps10000_tr1]:  76%|███████▌  | 7573/10000 [02:56<00:52, 45.93it/s, acc=0.306, device=mps, eta=1m01s, loss=1.9890, sps=42.9]
BC[stage1_datasets_L40_stepsweep/bc_baseline_none_steps10000_tr1]:  76%|███████▌  | 7580/10000 [02:56<00:47, 51.34it/s, acc=0.306, device=mps, eta=1m01s, loss=1.9890, sps=42.9]
BC[stage1_datasets_L40_stepsweep/bc_baseline_none_steps10000_tr1]:  76%|███████▌  | 7586/10000 [02:56<00:57, 41.65it/s, acc=0.306, device=mps, eta=1m01s, loss=1.9890, sps=42.9]
BC[stage1_datasets_L40_stepsweep/bc_baseline_none_steps10000_tr1]:  76%|███████▌  | 7592/10000 [02:56<00:52, 45.58it/s, acc=0.306, device=mps, eta=1m01s, loss=1.9890, sps=42.9]
BC[stage1_datasets_L40_stepsweep/bc_baseline_none_steps10000_tr1]:  76%|███████▌  | 7598/10000 [02:56<00:49, 49.01it/s, acc=0.306, device=mps, eta=1m01s, loss=1.9890, sps=42.9]
BC[stage1_datasets_L40_stepsweep/bc_baseline_none_steps10000_tr1]:  76%|███████▌  | 7598/10000 [02:57<00:49, 49.01it/s, acc=0.305, device=mps, eta=56s, loss=1.9920, sps=42.9]  
BC[stage1_datasets_L40_stepsweep/bc_baseline_none_steps10000_tr1]:  76%|███████▌  | 7604/10000 [02:57<01:00, 39.43it/s, acc=0.305, device=mps, eta=56s, loss=1.9920, sps=42.9]
BC[stage1_datasets_L40_stepsweep/bc_baseline_none_steps10000_tr1]:  76%|███████▌  | 7610/10000 [02:57<00:56, 42.61it/s, acc=0.305, device=mps, eta=56s, loss=1.9920, sps=42.9]
BC[stage1_datasets_L40_stepsweep/bc_baseline_none_steps10000_tr1]:  76%|███████▌  | 7616/10000 [02:57<00:51, 46.53it/s, acc=0.305, device=mps, eta=56s, loss=1.9920, sps=42.9]
BC[stage1_datasets_L40_stepsweep/bc_baseline_none_steps10000_tr1]:  76%|███████▌  | 7622/10000 [02:57<01:01, 38.95it/s, acc=0.305, device=mps, eta=56s, loss=1.9920, sps=42.9]
BC[stage1_datasets_L40_stepsweep/bc_baseline_none_steps10000_tr1]:  76%|███████▋  | 7628/10000 [02:57<00:55, 42.40it/s, acc=0.305, device=mps, eta=56s, loss=1.9920, sps=42.9]
BC[stage1_datasets_L40_stepsweep/bc_baseline_none_steps10000_tr1]:  76%|███████▋  | 7634/10000 [02:57<00:51, 46.18it/s, acc=0.305, device=mps, eta=56s, loss=1.9920, sps=42.9]
BC[stage1_datasets_L40_stepsweep/bc_baseline_none_steps10000_tr1]:  76%|███████▋  | 7641/10000 [02:58<00:58, 40.32it/s, acc=0.305, device=mps, eta=56s, loss=1.9920, sps=42.9]
BC[stage1_datasets_L40_stepsweep/bc_baseline_none_steps10000_tr1]:  76%|███████▋  | 7647/10000 [02:58<00:53, 43.58it/s, acc=0.305, device=mps, eta=56s, loss=1.9920, sps=42.9]
BC[stage1_datasets_L40_stepsweep/bc_baseline_none_steps10000_tr1]:  77%|███████▋  | 7652/10000 [02:58<00:52, 44.38it/s, acc=0.305, device=mps, eta=56s, loss=1.9920, sps=42.9]
BC[stage1_datasets_L40_stepsweep/bc_baseline_none_steps10000_tr1]:  77%|███████▋  | 7657/10000 [02:58<00:51, 45.53it/s, acc=0.305, device=mps, eta=56s, loss=1.9920, sps=42.9]
BC[stage1_datasets_L40_stepsweep/bc_baseline_none_steps10000_tr1]:  77%|███████▋  | 7662/10000 [02:58<01:01, 38.12it/s, acc=0.305, device=mps, eta=56s, loss=1.9920, sps=42.9]
BC[stage1_datasets_L40_stepsweep/bc_baseline_none_steps10000_tr1]:  77%|███████▋  | 7668/10000 [02:58<00:54, 42.46it/s, acc=0.305, device=mps, eta=56s, loss=1.9920, sps=42.9]
BC[stage1_datasets_L40_stepsweep/bc_baseline_none_steps10000_tr1]:  77%|███████▋  | 7673/10000 [02:58<00:53, 43.22it/s, acc=0.305, device=mps, eta=56s, loss=1.9920, sps=42.9]
BC[stage1_datasets_L40_stepsweep/bc_baseline_none_steps10000_tr1]:  77%|███████▋  | 7679/10000 [02:58<00:49, 46.62it/s, acc=0.305, device=mps, eta=56s, loss=1.9920, sps=42.9]
BC[stage1_datasets_L40_stepsweep/bc_baseline_none_steps10000_tr1]:  77%|███████▋  | 7684/10000 [02:59<01:01, 37.38it/s, acc=0.305, device=mps, eta=56s, loss=1.9920, sps=42.9]
BC[stage1_datasets_L40_stepsweep/bc_baseline_none_steps10000_tr1]:  77%|███████▋  | 7690/10000 [02:59<00:56, 41.23it/s, acc=0.305, device=mps, eta=56s, loss=1.9920, sps=42.9]
BC[stage1_datasets_L40_stepsweep/bc_baseline_none_steps10000_tr1]:  77%|███████▋  | 7696/10000 [02:59<00:50, 45.54it/s, acc=0.305, device=mps, eta=56s, loss=1.9920, sps=42.9]
BC[stage1_datasets_L40_stepsweep/bc_baseline_none_steps10000_tr1]:  77%|███████▋  | 7701/10000 [02:59<01:00, 38.29it/s, acc=0.305, device=mps, eta=56s, loss=1.9920, sps=42.9]
BC[stage1_datasets_L40_stepsweep/bc_baseline_none_steps10000_tr1]:  77%|███████▋  | 7707/10000 [02:59<00:54, 42.00it/s, acc=0.305, device=mps, eta=56s, loss=1.9920, sps=42.9]
BC[stage1_datasets_L40_stepsweep/bc_baseline_none_steps10000_tr1]:  77%|███████▋  | 7713/10000 [02:59<00:49, 46.29it/s, acc=0.305, device=mps, eta=56s, loss=1.9920, sps=42.9]
BC[stage1_datasets_L40_stepsweep/bc_baseline_none_steps10000_tr1]:  77%|███████▋  | 7719/10000 [02:59<00:46, 49.28it/s, acc=0.305, device=mps, eta=56s, loss=1.9920, sps=42.9]
BC[stage1_datasets_L40_stepsweep/bc_baseline_none_steps10000_tr1]:  77%|███████▋  | 7725/10000 [03:00<00:57, 39.66it/s, acc=0.305, device=mps, eta=56s, loss=1.9920, sps=42.9]
BC[stage1_datasets_L40_stepsweep/bc_baseline_none_steps10000_tr1]:  77%|███████▋  | 7731/10000 [03:00<00:52, 42.85it/s, acc=0.305, device=mps, eta=56s, loss=1.9920, sps=42.9]
BC[stage1_datasets_L40_stepsweep/bc_baseline_none_steps10000_tr1]:  77%|███████▋  | 7737/10000 [03:00<00:49, 45.94it/s, acc=0.305, device=mps, eta=56s, loss=1.9920, sps=42.9]
BC[stage1_datasets_L40_stepsweep/bc_baseline_none_steps10000_tr1]:  77%|███████▋  | 7742/10000 [03:00<00:58, 38.59it/s, acc=0.305, device=mps, eta=56s, loss=1.9920, sps=42.9]
BC[stage1_datasets_L40_stepsweep/bc_baseline_none_steps10000_tr1]:  77%|███████▋  | 7748/10000 [03:00<00:52, 43.11it/s, acc=0.305, device=mps, eta=56s, loss=1.9920, sps=42.9]
BC[stage1_datasets_L40_stepsweep/bc_baseline_none_steps10000_tr1]:  78%|███████▊  | 7754/10000 [03:00<00:48, 46.58it/s, acc=0.305, device=mps, eta=56s, loss=1.9920, sps=42.9]
BC[stage1_datasets_L40_stepsweep/bc_baseline_none_steps10000_tr1]:  78%|███████▊  | 7760/10000 [03:00<00:45, 49.44it/s, acc=0.305, device=mps, eta=56s, loss=1.9920, sps=42.9]
BC[stage1_datasets_L40_stepsweep/bc_baseline_none_steps10000_tr1]:  78%|███████▊  | 7766/10000 [03:01<00:59, 37.38it/s, acc=0.305, device=mps, eta=56s, loss=1.9920, sps=42.9]
BC[stage1_datasets_L40_stepsweep/bc_baseline_none_steps10000_tr1]:  78%|███████▊  | 7772/10000 [03:01<00:53, 41.53it/s, acc=0.305, device=mps, eta=56s, loss=1.9920, sps=42.9]
BC[stage1_datasets_L40_stepsweep/bc_baseline_none_steps10000_tr1]:  78%|███████▊  | 7779/10000 [03:01<00:47, 46.60it/s, acc=0.305, device=mps, eta=56s, loss=1.9920, sps=42.9]
BC[stage1_datasets_L40_stepsweep/bc_baseline_none_steps10000_tr1]:  78%|███████▊  | 7785/10000 [03:01<00:56, 39.36it/s, acc=0.305, device=mps, eta=56s, loss=1.9920, sps=42.9]
BC[stage1_datasets_L40_stepsweep/bc_baseline_none_steps10000_tr1]:  78%|███████▊  | 7791/10000 [03:01<00:51, 43.10it/s, acc=0.305, device=mps, eta=56s, loss=1.9920, sps=42.9]
BC[stage1_datasets_L40_stepsweep/bc_baseline_none_steps10000_tr1]:  78%|███████▊  | 7797/10000 [03:01<00:47, 46.67it/s, acc=0.305, device=mps, eta=56s, loss=1.9920, sps=42.9]
BC[stage1_datasets_L40_stepsweep/bc_baseline_none_steps10000_tr1]:  78%|███████▊  | 7797/10000 [03:01<00:47, 46.67it/s, acc=0.305, device=mps, eta=51s, loss=1.9900, sps=42.9]
BC[stage1_datasets_L40_stepsweep/bc_baseline_none_steps10000_tr1]:  78%|███████▊  | 7803/10000 [03:01<00:57, 38.36it/s, acc=0.305, device=mps, eta=51s, loss=1.9900, sps=42.9]
BC[stage1_datasets_L40_stepsweep/bc_baseline_none_steps10000_tr1]:  78%|███████▊  | 7809/10000 [03:01<00:51, 42.18it/s, acc=0.305, device=mps, eta=51s, loss=1.9900, sps=42.9]
BC[stage1_datasets_L40_stepsweep/bc_baseline_none_steps10000_tr1]:  78%|███████▊  | 7815/10000 [03:02<00:47, 46.02it/s, acc=0.305, device=mps, eta=51s, loss=1.9900, sps=42.9]
BC[stage1_datasets_L40_stepsweep/bc_baseline_none_steps10000_tr1]:  78%|███████▊  | 7821/10000 [03:02<00:55, 39.20it/s, acc=0.305, device=mps, eta=51s, loss=1.9900, sps=42.9]
BC[stage1_datasets_L40_stepsweep/bc_baseline_none_steps10000_tr1]:  78%|███████▊  | 7827/10000 [03:02<00:51, 42.50it/s, acc=0.305, device=mps, eta=51s, loss=1.9900, sps=42.9]
BC[stage1_datasets_L40_stepsweep/bc_baseline_none_steps10000_tr1]:  78%|███████▊  | 7833/10000 [03:02<00:47, 45.39it/s, acc=0.305, device=mps, eta=51s, loss=1.9900, sps=42.9]
BC[stage1_datasets_L40_stepsweep/bc_baseline_none_steps10000_tr1]:  78%|███████▊  | 7839/10000 [03:02<00:45, 47.93it/s, acc=0.305, device=mps, eta=51s, loss=1.9900, sps=42.9]
BC[stage1_datasets_L40_stepsweep/bc_baseline_none_steps10000_tr1]:  78%|███████▊  | 7845/10000 [03:02<00:55, 38.70it/s, acc=0.305, device=mps, eta=51s, loss=1.9900, sps=42.9]
BC[stage1_datasets_L40_stepsweep/bc_baseline_none_steps10000_tr1]:  79%|███████▊  | 7851/10000 [03:02<00:51, 42.04it/s, acc=0.305, device=mps, eta=51s, loss=1.9900, sps=42.9]
BC[stage1_datasets_L40_stepsweep/bc_baseline_none_steps10000_tr1]:  79%|███████▊  | 7857/10000 [03:03<00:46, 45.84it/s, acc=0.305, device=mps, eta=51s, loss=1.9900, sps=42.9]
BC[stage1_datasets_L40_stepsweep/bc_baseline_none_steps10000_tr1]:  79%|███████▊  | 7862/10000 [03:03<00:57, 37.44it/s, acc=0.305, device=mps, eta=51s, loss=1.9900, sps=42.9]
BC[stage1_datasets_L40_stepsweep/bc_baseline_none_steps10000_tr1]:  79%|███████▊  | 7868/10000 [03:03<00:52, 40.71it/s, acc=0.305, device=mps, eta=51s, loss=1.9900, sps=42.9]
BC[stage1_datasets_L40_stepsweep/bc_baseline_none_steps10000_tr1]:  79%|███████▊  | 7874/10000 [03:03<00:48, 44.29it/s, acc=0.305, device=mps, eta=51s, loss=1.9900, sps=42.9]
BC[stage1_datasets_L40_stepsweep/bc_baseline_none_steps10000_tr1]:  79%|███████▉  | 7881/10000 [03:03<00:53, 39.35it/s, acc=0.305, device=mps, eta=51s, loss=1.9900, sps=42.9]
BC[stage1_datasets_L40_stepsweep/bc_baseline_none_steps10000_tr1]:  79%|███████▉  | 7887/10000 [03:03<00:48, 43.20it/s, acc=0.305, device=mps, eta=51s, loss=1.9900, sps=42.9]
BC[stage1_datasets_L40_stepsweep/bc_baseline_none_steps10000_tr1]:  79%|███████▉  | 7893/10000 [03:03<00:45, 46.24it/s, acc=0.305, device=mps, eta=51s, loss=1.9900, sps=42.9]
BC[stage1_datasets_L40_stepsweep/bc_baseline_none_steps10000_tr1]:  79%|███████▉  | 7898/10000 [03:04<00:45, 46.03it/s, acc=0.305, device=mps, eta=51s, loss=1.9900, sps=42.9]
BC[stage1_datasets_L40_stepsweep/bc_baseline_none_steps10000_tr1]:  79%|███████▉  | 7903/10000 [03:04<00:54, 38.23it/s, acc=0.305, device=mps, eta=51s, loss=1.9900, sps=42.9]
BC[stage1_datasets_L40_stepsweep/bc_baseline_none_steps10000_tr1]:  79%|███████▉  | 7911/10000 [03:04<00:44, 46.65it/s, acc=0.305, device=mps, eta=51s, loss=1.9900, sps=42.9]
BC[stage1_datasets_L40_stepsweep/bc_baseline_none_steps10000_tr1]:  79%|███████▉  | 7919/10000 [03:04<00:39, 53.10it/s, acc=0.305, device=mps, eta=51s, loss=1.9900, sps=42.9]
BC[stage1_datasets_L40_stepsweep/bc_baseline_none_steps10000_tr1]:  79%|███████▉  | 7925/10000 [03:04<00:48, 42.94it/s, acc=0.305, device=mps, eta=51s, loss=1.9900, sps=42.9]
BC[stage1_datasets_L40_stepsweep/bc_baseline_none_steps10000_tr1]:  79%|███████▉  | 7931/10000 [03:04<00:46, 44.79it/s, acc=0.305, device=mps, eta=51s, loss=1.9900, sps=42.9]
BC[stage1_datasets_L40_stepsweep/bc_baseline_none_steps10000_tr1]:  79%|███████▉  | 7937/10000 [03:04<00:44, 46.48it/s, acc=0.305, device=mps, eta=51s, loss=1.9900, sps=42.9]
BC[stage1_datasets_L40_stepsweep/bc_baseline_none_steps10000_tr1]:  79%|███████▉  | 7942/10000 [03:05<00:53, 38.21it/s, acc=0.305, device=mps, eta=51s, loss=1.9900, sps=42.9]
BC[stage1_datasets_L40_stepsweep/bc_baseline_none_steps10000_tr1]:  79%|███████▉  | 7948/10000 [03:05<00:49, 41.84it/s, acc=0.305, device=mps, eta=51s, loss=1.9900, sps=42.9]
BC[stage1_datasets_L40_stepsweep/bc_baseline_none_steps10000_tr1]:  80%|███████▉  | 7954/10000 [03:05<00:44, 45.94it/s, acc=0.305, device=mps, eta=51s, loss=1.9900, sps=42.9]
BC[stage1_datasets_L40_stepsweep/bc_baseline_none_steps10000_tr1]:  80%|███████▉  | 7961/10000 [03:05<00:50, 40.70it/s, acc=0.305, device=mps, eta=51s, loss=1.9900, sps=42.9]
BC[stage1_datasets_L40_stepsweep/bc_baseline_none_steps10000_tr1]:  80%|███████▉  | 7968/10000 [03:05<00:44, 45.74it/s, acc=0.305, device=mps, eta=51s, loss=1.9900, sps=42.9]
BC[stage1_datasets_L40_stepsweep/bc_baseline_none_steps10000_tr1]:  80%|███████▉  | 7975/10000 [03:05<00:40, 49.80it/s, acc=0.305, device=mps, eta=51s, loss=1.9900, sps=42.9]
BC[stage1_datasets_L40_stepsweep/bc_baseline_none_steps10000_tr1]:  80%|███████▉  | 7981/10000 [03:05<00:48, 41.48it/s, acc=0.305, device=mps, eta=51s, loss=1.9900, sps=42.9]
BC[stage1_datasets_L40_stepsweep/bc_baseline_none_steps10000_tr1]:  80%|███████▉  | 7986/10000 [03:06<00:46, 43.20it/s, acc=0.305, device=mps, eta=51s, loss=1.9900, sps=42.9]
BC[stage1_datasets_L40_stepsweep/bc_baseline_none_steps10000_tr1]:  80%|███████▉  | 7991/10000 [03:06<00:44, 44.78it/s, acc=0.305, device=mps, eta=51s, loss=1.9900, sps=42.9]
BC[stage1_datasets_L40_stepsweep/bc_baseline_none_steps10000_tr1]:  80%|███████▉  | 7997/10000 [03:06<00:41, 47.90it/s, acc=0.305, device=mps, eta=51s, loss=1.9900, sps=42.9]
BC[stage1_datasets_L40_stepsweep/bc_baseline_none_steps10000_tr1]:  80%|███████▉  | 7997/10000 [03:06<00:41, 47.90it/s, acc=0.307, device=mps, eta=47s, loss=1.9916, sps=42.9]
BC[stage1_datasets_L40_stepsweep/bc_baseline_none_steps10000_tr1]:  80%|████████  | 8003/10000 [03:06<00:50, 39.92it/s, acc=0.307, device=mps, eta=47s, loss=1.9916, sps=42.9]
BC[stage1_datasets_L40_stepsweep/bc_baseline_none_steps10000_tr1]:  80%|████████  | 8009/10000 [03:06<00:45, 43.35it/s, acc=0.307, device=mps, eta=47s, loss=1.9916, sps=42.9]
BC[stage1_datasets_L40_stepsweep/bc_baseline_none_steps10000_tr1]:  80%|████████  | 8015/10000 [03:06<00:42, 46.76it/s, acc=0.307, device=mps, eta=47s, loss=1.9916, sps=42.9]
BC[stage1_datasets_L40_stepsweep/bc_baseline_none_steps10000_tr1]:  80%|████████  | 8021/10000 [03:06<00:50, 39.08it/s, acc=0.307, device=mps, eta=47s, loss=1.9916, sps=42.9]
BC[stage1_datasets_L40_stepsweep/bc_baseline_none_steps10000_tr1]:  80%|████████  | 8027/10000 [03:07<00:46, 42.50it/s, acc=0.307, device=mps, eta=47s, loss=1.9916, sps=42.9]
BC[stage1_datasets_L40_stepsweep/bc_baseline_none_steps10000_tr1]:  80%|████████  | 8033/10000 [03:07<00:43, 45.60it/s, acc=0.307, device=mps, eta=47s, loss=1.9916, sps=42.9]
BC[stage1_datasets_L40_stepsweep/bc_baseline_none_steps10000_tr1]:  80%|████████  | 8039/10000 [03:07<00:40, 48.52it/s, acc=0.307, device=mps, eta=47s, loss=1.9916, sps=42.9]
BC[stage1_datasets_L40_stepsweep/bc_baseline_none_steps10000_tr1]:  80%|████████  | 8045/10000 [03:07<00:48, 40.39it/s, acc=0.307, device=mps, eta=47s, loss=1.9916, sps=42.9]
BC[stage1_datasets_L40_stepsweep/bc_baseline_none_steps10000_tr1]:  81%|████████  | 8051/10000 [03:07<00:43, 44.35it/s, acc=0.307, device=mps, eta=47s, loss=1.9916, sps=42.9]
BC[stage1_datasets_L40_stepsweep/bc_baseline_none_steps10000_tr1]:  81%|████████  | 8057/10000 [03:07<00:41, 46.97it/s, acc=0.307, device=mps, eta=47s, loss=1.9916, sps=42.9]
BC[stage1_datasets_L40_stepsweep/bc_baseline_none_steps10000_tr1]:  81%|████████  | 8063/10000 [03:07<00:49, 39.08it/s, acc=0.307, device=mps, eta=47s, loss=1.9916, sps=42.9]
BC[stage1_datasets_L40_stepsweep/bc_baseline_none_steps10000_tr1]:  81%|████████  | 8069/10000 [03:07<00:45, 42.43it/s, acc=0.307, device=mps, eta=47s, loss=1.9916, sps=42.9]
BC[stage1_datasets_L40_stepsweep/bc_baseline_none_steps10000_tr1]:  81%|████████  | 8075/10000 [03:08<00:41, 45.88it/s, acc=0.307, device=mps, eta=47s, loss=1.9916, sps=42.9]
BC[stage1_datasets_L40_stepsweep/bc_baseline_none_steps10000_tr1]:  81%|████████  | 8081/10000 [03:08<00:48, 39.70it/s, acc=0.307, device=mps, eta=47s, loss=1.9916, sps=42.9]
BC[stage1_datasets_L40_stepsweep/bc_baseline_none_steps10000_tr1]:  81%|████████  | 8086/10000 [03:08<00:46, 40.90it/s, acc=0.307, device=mps, eta=47s, loss=1.9916, sps=42.9]
BC[stage1_datasets_L40_stepsweep/bc_baseline_none_steps10000_tr1]:  81%|████████  | 8092/10000 [03:08<00:42, 44.52it/s, acc=0.307, device=mps, eta=47s, loss=1.9916, sps=42.9]
BC[stage1_datasets_L40_stepsweep/bc_baseline_none_steps10000_tr1]:  81%|████████  | 8098/10000 [03:08<00:39, 47.87it/s, acc=0.307, device=mps, eta=47s, loss=1.9916, sps=42.9]
BC[stage1_datasets_L40_stepsweep/bc_baseline_none_steps10000_tr1]:  81%|████████  | 8104/10000 [03:08<00:49, 38.68it/s, acc=0.307, device=mps, eta=47s, loss=1.9916, sps=42.9]
BC[stage1_datasets_L40_stepsweep/bc_baseline_none_steps10000_tr1]:  81%|████████  | 8109/10000 [03:08<00:46, 40.61it/s, acc=0.307, device=mps, eta=47s, loss=1.9916, sps=42.9]
BC[stage1_datasets_L40_stepsweep/bc_baseline_none_steps10000_tr1]:  81%|████████  | 8115/10000 [03:09<00:43, 43.47it/s, acc=0.307, device=mps, eta=47s, loss=1.9916, sps=42.9]
BC[stage1_datasets_L40_stepsweep/bc_baseline_none_steps10000_tr1]:  81%|████████  | 8121/10000 [03:09<00:49, 38.16it/s, acc=0.307, device=mps, eta=47s, loss=1.9916, sps=42.9]
BC[stage1_datasets_L40_stepsweep/bc_baseline_none_steps10000_tr1]:  81%|████████▏ | 8127/10000 [03:09<00:43, 42.90it/s, acc=0.307, device=mps, eta=47s, loss=1.9916, sps=42.9]
BC[stage1_datasets_L40_stepsweep/bc_baseline_none_steps10000_tr1]:  81%|████████▏ | 8133/10000 [03:09<00:40, 46.46it/s, acc=0.307, device=mps, eta=47s, loss=1.9916, sps=42.9]
BC[stage1_datasets_L40_stepsweep/bc_baseline_none_steps10000_tr1]:  81%|████████▏ | 8139/10000 [03:09<00:38, 48.88it/s, acc=0.307, device=mps, eta=47s, loss=1.9916, sps=42.9]
BC[stage1_datasets_L40_stepsweep/bc_baseline_none_steps10000_tr1]:  81%|████████▏ | 8145/10000 [03:09<00:45, 40.36it/s, acc=0.307, device=mps, eta=47s, loss=1.9916, sps=42.9]
BC[stage1_datasets_L40_stepsweep/bc_baseline_none_steps10000_tr1]:  82%|████████▏ | 8153/10000 [03:09<00:38, 48.12it/s, acc=0.307, device=mps, eta=47s, loss=1.9916, sps=42.9]
BC[stage1_datasets_L40_stepsweep/bc_baseline_none_steps10000_tr1]:  82%|████████▏ | 8161/10000 [03:10<00:42, 43.01it/s, acc=0.307, device=mps, eta=47s, loss=1.9916, sps=42.9]
BC[stage1_datasets_L40_stepsweep/bc_baseline_none_steps10000_tr1]:  82%|████████▏ | 8166/10000 [03:10<00:41, 44.08it/s, acc=0.307, device=mps, eta=47s, loss=1.9916, sps=42.9]
BC[stage1_datasets_L40_stepsweep/bc_baseline_none_steps10000_tr1]:  82%|████████▏ | 8172/10000 [03:10<00:39, 45.79it/s, acc=0.307, device=mps, eta=47s, loss=1.9916, sps=42.9]
BC[stage1_datasets_L40_stepsweep/bc_baseline_none_steps10000_tr1]:  82%|████████▏ | 8178/10000 [03:10<00:37, 49.14it/s, acc=0.307, device=mps, eta=47s, loss=1.9916, sps=42.9]
BC[stage1_datasets_L40_stepsweep/bc_baseline_none_steps10000_tr1]:  82%|████████▏ | 8184/10000 [03:10<00:44, 40.80it/s, acc=0.307, device=mps, eta=47s, loss=1.9916, sps=42.9]
BC[stage1_datasets_L40_stepsweep/bc_baseline_none_steps10000_tr1]:  82%|████████▏ | 8190/10000 [03:10<00:41, 43.93it/s, acc=0.307, device=mps, eta=47s, loss=1.9916, sps=42.9]
BC[stage1_datasets_L40_stepsweep/bc_baseline_none_steps10000_tr1]:  82%|████████▏ | 8196/10000 [03:10<00:38, 46.34it/s, acc=0.307, device=mps, eta=47s, loss=1.9916, sps=42.9]
BC[stage1_datasets_L40_stepsweep/bc_baseline_none_steps10000_tr1]:  82%|████████▏ | 8196/10000 [03:10<00:38, 46.34it/s, acc=0.303, device=mps, eta=42s, loss=1.9899, sps=42.9]
BC[stage1_datasets_L40_stepsweep/bc_baseline_none_steps10000_tr1]:  82%|████████▏ | 8201/10000 [03:11<00:47, 38.06it/s, acc=0.303, device=mps, eta=42s, loss=1.9899, sps=42.9]
BC[stage1_datasets_L40_stepsweep/bc_baseline_none_steps10000_tr1]:  82%|████████▏ | 8206/10000 [03:11<00:44, 40.40it/s, acc=0.303, device=mps, eta=42s, loss=1.9899, sps=42.9]
BC[stage1_datasets_L40_stepsweep/bc_baseline_none_steps10000_tr1]:  82%|████████▏ | 8212/10000 [03:11<00:40, 44.66it/s, acc=0.303, device=mps, eta=42s, loss=1.9899, sps=42.9]
BC[stage1_datasets_L40_stepsweep/bc_baseline_none_steps10000_tr1]:  82%|████████▏ | 8219/10000 [03:11<00:35, 49.63it/s, acc=0.303, device=mps, eta=42s, loss=1.9899, sps=42.9]
BC[stage1_datasets_L40_stepsweep/bc_baseline_none_steps10000_tr1]:  82%|████████▏ | 8225/10000 [03:11<00:43, 41.22it/s, acc=0.303, device=mps, eta=42s, loss=1.9899, sps=42.9]
BC[stage1_datasets_L40_stepsweep/bc_baseline_none_steps10000_tr1]:  82%|████████▏ | 8231/10000 [03:11<00:39, 44.71it/s, acc=0.303, device=mps, eta=42s, loss=1.9899, sps=42.9]
BC[stage1_datasets_L40_stepsweep/bc_baseline_none_steps10000_tr1]:  82%|████████▏ | 8237/10000 [03:11<00:37, 47.15it/s, acc=0.303, device=mps, eta=42s, loss=1.9899, sps=42.9]
BC[stage1_datasets_L40_stepsweep/bc_baseline_none_steps10000_tr1]:  82%|████████▏ | 8243/10000 [03:12<00:44, 39.56it/s, acc=0.303, device=mps, eta=42s, loss=1.9899, sps=42.9]
BC[stage1_datasets_L40_stepsweep/bc_baseline_none_steps10000_tr1]:  82%|████████▏ | 8248/10000 [03:12<00:41, 41.74it/s, acc=0.303, device=mps, eta=42s, loss=1.9899, sps=42.9]
BC[stage1_datasets_L40_stepsweep/bc_baseline_none_steps10000_tr1]:  83%|████████▎ | 8254/10000 [03:12<00:39, 44.47it/s, acc=0.303, device=mps, eta=42s, loss=1.9899, sps=42.9]
BC[stage1_datasets_L40_stepsweep/bc_baseline_none_steps10000_tr1]:  83%|████████▎ | 8260/10000 [03:12<00:36, 47.93it/s, acc=0.303, device=mps, eta=42s, loss=1.9899, sps=42.9]
BC[stage1_datasets_L40_stepsweep/bc_baseline_none_steps10000_tr1]:  83%|████████▎ | 8266/10000 [03:12<00:45, 38.11it/s, acc=0.303, device=mps, eta=42s, loss=1.9899, sps=42.9]
BC[stage1_datasets_L40_stepsweep/bc_baseline_none_steps10000_tr1]:  83%|████████▎ | 8272/10000 [03:12<00:40, 42.35it/s, acc=0.303, device=mps, eta=42s, loss=1.9899, sps=42.9]
BC[stage1_datasets_L40_stepsweep/bc_baseline_none_steps10000_tr1]:  83%|████████▎ | 8279/10000 [03:12<00:36, 47.48it/s, acc=0.303, device=mps, eta=42s, loss=1.9899, sps=42.9]
BC[stage1_datasets_L40_stepsweep/bc_baseline_none_steps10000_tr1]:  83%|████████▎ | 8285/10000 [03:12<00:42, 40.36it/s, acc=0.303, device=mps, eta=42s, loss=1.9899, sps=42.9]
BC[stage1_datasets_L40_stepsweep/bc_baseline_none_steps10000_tr1]:  83%|████████▎ | 8291/10000 [03:13<00:38, 44.49it/s, acc=0.303, device=mps, eta=42s, loss=1.9899, sps=42.9]
BC[stage1_datasets_L40_stepsweep/bc_baseline_none_steps10000_tr1]:  83%|████████▎ | 8298/10000 [03:13<00:34, 48.79it/s, acc=0.303, device=mps, eta=42s, loss=1.9899, sps=42.9]
BC[stage1_datasets_L40_stepsweep/bc_baseline_none_steps10000_tr1]:  83%|████████▎ | 8304/10000 [03:13<00:41, 40.60it/s, acc=0.303, device=mps, eta=42s, loss=1.9899, sps=42.9]
BC[stage1_datasets_L40_stepsweep/bc_baseline_none_steps10000_tr1]:  83%|████████▎ | 8310/10000 [03:13<00:38, 43.34it/s, acc=0.303, device=mps, eta=42s, loss=1.9899, sps=42.9]
BC[stage1_datasets_L40_stepsweep/bc_baseline_none_steps10000_tr1]:  83%|████████▎ | 8316/10000 [03:13<00:36, 45.69it/s, acc=0.303, device=mps, eta=42s, loss=1.9899, sps=42.9]
BC[stage1_datasets_L40_stepsweep/bc_baseline_none_steps10000_tr1]:  83%|████████▎ | 8321/10000 [03:13<00:44, 37.44it/s, acc=0.303, device=mps, eta=42s, loss=1.9899, sps=42.9]
BC[stage1_datasets_L40_stepsweep/bc_baseline_none_steps10000_tr1]:  83%|████████▎ | 8326/10000 [03:13<00:42, 39.71it/s, acc=0.303, device=mps, eta=42s, loss=1.9899, sps=42.9]
BC[stage1_datasets_L40_stepsweep/bc_baseline_none_steps10000_tr1]:  83%|████████▎ | 8332/10000 [03:14<00:38, 43.50it/s, acc=0.303, device=mps, eta=42s, loss=1.9899, sps=42.9]
BC[stage1_datasets_L40_stepsweep/bc_baseline_none_steps10000_tr1]:  83%|████████▎ | 8338/10000 [03:14<00:35, 47.24it/s, acc=0.303, device=mps, eta=42s, loss=1.9899, sps=42.9]
BC[stage1_datasets_L40_stepsweep/bc_baseline_none_steps10000_tr1]:  83%|████████▎ | 8344/10000 [03:14<00:42, 38.71it/s, acc=0.303, device=mps, eta=42s, loss=1.9899, sps=42.9]
BC[stage1_datasets_L40_stepsweep/bc_baseline_none_steps10000_tr1]:  84%|████████▎ | 8350/10000 [03:14<00:39, 42.21it/s, acc=0.303, device=mps, eta=42s, loss=1.9899, sps=42.9]
BC[stage1_datasets_L40_stepsweep/bc_baseline_none_steps10000_tr1]:  84%|████████▎ | 8356/10000 [03:14<00:36, 45.64it/s, acc=0.303, device=mps, eta=42s, loss=1.9899, sps=42.9]
BC[stage1_datasets_L40_stepsweep/bc_baseline_none_steps10000_tr1]:  84%|████████▎ | 8361/10000 [03:14<00:43, 37.86it/s, acc=0.303, device=mps, eta=42s, loss=1.9899, sps=42.9]
BC[stage1_datasets_L40_stepsweep/bc_baseline_none_steps10000_tr1]:  84%|████████▎ | 8367/10000 [03:14<00:39, 41.05it/s, acc=0.303, device=mps, eta=42s, loss=1.9899, sps=42.9]
BC[stage1_datasets_L40_stepsweep/bc_baseline_none_steps10000_tr1]:  84%|████████▎ | 8373/10000 [03:15<00:36, 44.37it/s, acc=0.303, device=mps, eta=42s, loss=1.9899, sps=42.9]
BC[stage1_datasets_L40_stepsweep/bc_baseline_none_steps10000_tr1]:  84%|████████▍ | 8379/10000 [03:15<00:33, 47.95it/s, acc=0.303, device=mps, eta=42s, loss=1.9899, sps=42.9]
BC[stage1_datasets_L40_stepsweep/bc_baseline_none_steps10000_tr1]:  84%|████████▍ | 8385/10000 [03:15<00:41, 39.23it/s, acc=0.303, device=mps, eta=42s, loss=1.9899, sps=42.9]
BC[stage1_datasets_L40_stepsweep/bc_baseline_none_steps10000_tr1]:  84%|████████▍ | 8391/10000 [03:15<00:37, 42.85it/s, acc=0.303, device=mps, eta=42s, loss=1.9899, sps=42.9]
BC[stage1_datasets_L40_stepsweep/bc_baseline_none_steps10000_tr1]:  84%|████████▍ | 8398/10000 [03:15<00:33, 47.56it/s, acc=0.303, device=mps, eta=42s, loss=1.9899, sps=42.9]
BC[stage1_datasets_L40_stepsweep/bc_baseline_none_steps10000_tr1]:  84%|████████▍ | 8398/10000 [03:15<00:33, 47.56it/s, acc=0.308, device=mps, eta=37s, loss=1.9871, sps=42.9]
BC[stage1_datasets_L40_stepsweep/bc_baseline_none_steps10000_tr1]:  84%|████████▍ | 8404/10000 [03:15<00:39, 40.49it/s, acc=0.308, device=mps, eta=37s, loss=1.9871, sps=42.9]
BC[stage1_datasets_L40_stepsweep/bc_baseline_none_steps10000_tr1]:  84%|████████▍ | 8411/10000 [03:15<00:35, 45.24it/s, acc=0.308, device=mps, eta=37s, loss=1.9871, sps=42.9]
BC[stage1_datasets_L40_stepsweep/bc_baseline_none_steps10000_tr1]:  84%|████████▍ | 8417/10000 [03:15<00:32, 48.23it/s, acc=0.308, device=mps, eta=37s, loss=1.9871, sps=42.9]
BC[stage1_datasets_L40_stepsweep/bc_baseline_none_steps10000_tr1]:  84%|████████▍ | 8423/10000 [03:16<00:39, 40.00it/s, acc=0.308, device=mps, eta=37s, loss=1.9871, sps=42.9]
BC[stage1_datasets_L40_stepsweep/bc_baseline_none_steps10000_tr1]:  84%|████████▍ | 8428/10000 [03:16<00:37, 41.55it/s, acc=0.308, device=mps, eta=37s, loss=1.9871, sps=42.9]
BC[stage1_datasets_L40_stepsweep/bc_baseline_none_steps10000_tr1]:  84%|████████▍ | 8434/10000 [03:16<00:35, 44.63it/s, acc=0.308, device=mps, eta=37s, loss=1.9871, sps=42.9]
BC[stage1_datasets_L40_stepsweep/bc_baseline_none_steps10000_tr1]:  84%|████████▍ | 8441/10000 [03:16<00:39, 39.51it/s, acc=0.308, device=mps, eta=37s, loss=1.9871, sps=42.9]
BC[stage1_datasets_L40_stepsweep/bc_baseline_none_steps10000_tr1]:  84%|████████▍ | 8447/10000 [03:16<00:35, 43.34it/s, acc=0.308, device=mps, eta=37s, loss=1.9871, sps=42.9]
BC[stage1_datasets_L40_stepsweep/bc_baseline_none_steps10000_tr1]:  85%|████████▍ | 8453/10000 [03:16<00:33, 45.52it/s, acc=0.308, device=mps, eta=37s, loss=1.9871, sps=42.9]
BC[stage1_datasets_L40_stepsweep/bc_baseline_none_steps10000_tr1]:  85%|████████▍ | 8459/10000 [03:16<00:32, 47.15it/s, acc=0.308, device=mps, eta=37s, loss=1.9871, sps=42.9]
BC[stage1_datasets_L40_stepsweep/bc_baseline_none_steps10000_tr1]:  85%|████████▍ | 8464/10000 [03:17<00:40, 37.84it/s, acc=0.308, device=mps, eta=37s, loss=1.9871, sps=42.9]
BC[stage1_datasets_L40_stepsweep/bc_baseline_none_steps10000_tr1]:  85%|████████▍ | 8470/10000 [03:17<00:36, 41.80it/s, acc=0.308, device=mps, eta=37s, loss=1.9871, sps=42.9]
BC[stage1_datasets_L40_stepsweep/bc_baseline_none_steps10000_tr1]:  85%|████████▍ | 8476/10000 [03:17<00:33, 45.41it/s, acc=0.308, device=mps, eta=37s, loss=1.9871, sps=42.9]
BC[stage1_datasets_L40_stepsweep/bc_baseline_none_steps10000_tr1]:  85%|████████▍ | 8481/10000 [03:17<00:39, 37.98it/s, acc=0.308, device=mps, eta=37s, loss=1.9871, sps=42.9]
BC[stage1_datasets_L40_stepsweep/bc_baseline_none_steps10000_tr1]:  85%|████████▍ | 8487/10000 [03:17<00:36, 41.51it/s, acc=0.308, device=mps, eta=37s, loss=1.9871, sps=42.9]
BC[stage1_datasets_L40_stepsweep/bc_baseline_none_steps10000_tr1]:  85%|████████▍ | 8493/10000 [03:17<00:33, 45.38it/s, acc=0.308, device=mps, eta=37s, loss=1.9871, sps=42.9]
BC[stage1_datasets_L40_stepsweep/bc_baseline_none_steps10000_tr1]:  85%|████████▍ | 8499/10000 [03:17<00:30, 49.01it/s, acc=0.308, device=mps, eta=37s, loss=1.9871, sps=42.9]
BC[stage1_datasets_L40_stepsweep/bc_baseline_none_steps10000_tr1]:  85%|████████▌ | 8505/10000 [03:18<00:38, 38.83it/s, acc=0.308, device=mps, eta=37s, loss=1.9871, sps=42.9]
BC[stage1_datasets_L40_stepsweep/bc_baseline_none_steps10000_tr1]:  85%|████████▌ | 8511/10000 [03:18<00:34, 43.27it/s, acc=0.308, device=mps, eta=37s, loss=1.9871, sps=42.9]
BC[stage1_datasets_L40_stepsweep/bc_baseline_none_steps10000_tr1]:  85%|████████▌ | 8518/10000 [03:18<00:30, 48.02it/s, acc=0.308, device=mps, eta=37s, loss=1.9871, sps=42.9]
BC[stage1_datasets_L40_stepsweep/bc_baseline_none_steps10000_tr1]:  85%|████████▌ | 8524/10000 [03:18<00:36, 39.90it/s, acc=0.308, device=mps, eta=37s, loss=1.9871, sps=42.9]
BC[stage1_datasets_L40_stepsweep/bc_baseline_none_steps10000_tr1]:  85%|████████▌ | 8530/10000 [03:18<00:34, 43.18it/s, acc=0.308, device=mps, eta=37s, loss=1.9871, sps=42.9]
BC[stage1_datasets_L40_stepsweep/bc_baseline_none_steps10000_tr1]:  85%|████████▌ | 8536/10000 [03:18<00:31, 46.45it/s, acc=0.308, device=mps, eta=37s, loss=1.9871, sps=42.9]
BC[stage1_datasets_L40_stepsweep/bc_baseline_none_steps10000_tr1]:  85%|████████▌ | 8542/10000 [03:18<00:36, 39.41it/s, acc=0.308, device=mps, eta=37s, loss=1.9871, sps=42.9]
BC[stage1_datasets_L40_stepsweep/bc_baseline_none_steps10000_tr1]:  85%|████████▌ | 8548/10000 [03:19<00:33, 42.71it/s, acc=0.308, device=mps, eta=37s, loss=1.9871, sps=42.9]
BC[stage1_datasets_L40_stepsweep/bc_baseline_none_steps10000_tr1]:  86%|████████▌ | 8554/10000 [03:19<00:31, 46.11it/s, acc=0.308, device=mps, eta=37s, loss=1.9871, sps=42.9]
BC[stage1_datasets_L40_stepsweep/bc_baseline_none_steps10000_tr1]:  86%|████████▌ | 8561/10000 [03:19<00:36, 39.52it/s, acc=0.308, device=mps, eta=37s, loss=1.9871, sps=42.9]
BC[stage1_datasets_L40_stepsweep/bc_baseline_none_steps10000_tr1]:  86%|████████▌ | 8566/10000 [03:19<00:34, 41.60it/s, acc=0.308, device=mps, eta=37s, loss=1.9871, sps=42.9]
BC[stage1_datasets_L40_stepsweep/bc_baseline_none_steps10000_tr1]:  86%|████████▌ | 8572/10000 [03:19<00:32, 44.61it/s, acc=0.308, device=mps, eta=37s, loss=1.9871, sps=42.9]
BC[stage1_datasets_L40_stepsweep/bc_baseline_none_steps10000_tr1]:  86%|████████▌ | 8579/10000 [03:19<00:29, 48.94it/s, acc=0.308, device=mps, eta=37s, loss=1.9871, sps=42.9]
BC[stage1_datasets_L40_stepsweep/bc_baseline_none_steps10000_tr1]:  86%|████████▌ | 8585/10000 [03:19<00:34, 41.00it/s, acc=0.308, device=mps, eta=37s, loss=1.9871, sps=42.9]
BC[stage1_datasets_L40_stepsweep/bc_baseline_none_steps10000_tr1]:  86%|████████▌ | 8591/10000 [03:20<00:32, 43.66it/s, acc=0.308, device=mps, eta=37s, loss=1.9871, sps=42.9]
BC[stage1_datasets_L40_stepsweep/bc_baseline_none_steps10000_tr1]:  86%|████████▌ | 8597/10000 [03:20<00:30, 46.31it/s, acc=0.308, device=mps, eta=37s, loss=1.9871, sps=42.9]
BC[stage1_datasets_L40_stepsweep/bc_baseline_none_steps10000_tr1]:  86%|████████▌ | 8597/10000 [03:20<00:30, 46.31it/s, acc=0.305, device=mps, eta=33s, loss=1.9861, sps=42.9]
BC[stage1_datasets_L40_stepsweep/bc_baseline_none_steps10000_tr1]:  86%|████████▌ | 8602/10000 [03:20<00:36, 38.10it/s, acc=0.305, device=mps, eta=33s, loss=1.9861, sps=42.9]
BC[stage1_datasets_L40_stepsweep/bc_baseline_none_steps10000_tr1]:  86%|████████▌ | 8608/10000 [03:20<00:33, 41.64it/s, acc=0.305, device=mps, eta=33s, loss=1.9861, sps=42.9]
BC[stage1_datasets_L40_stepsweep/bc_baseline_none_steps10000_tr1]:  86%|████████▌ | 8614/10000 [03:20<00:30, 45.60it/s, acc=0.305, device=mps, eta=33s, loss=1.9861, sps=42.9]
BC[stage1_datasets_L40_stepsweep/bc_baseline_none_steps10000_tr1]:  86%|████████▌ | 8620/10000 [03:20<00:28, 49.12it/s, acc=0.305, device=mps, eta=33s, loss=1.9861, sps=42.9]
BC[stage1_datasets_L40_stepsweep/bc_baseline_none_steps10000_tr1]:  86%|████████▋ | 8626/10000 [03:20<00:37, 37.00it/s, acc=0.305, device=mps, eta=33s, loss=1.9861, sps=42.9]
BC[stage1_datasets_L40_stepsweep/bc_baseline_none_steps10000_tr1]:  86%|████████▋ | 8631/10000 [03:21<00:34, 39.38it/s, acc=0.305, device=mps, eta=33s, loss=1.9861, sps=42.9]
BC[stage1_datasets_L40_stepsweep/bc_baseline_none_steps10000_tr1]:  86%|████████▋ | 8637/10000 [03:21<00:31, 43.47it/s, acc=0.305, device=mps, eta=33s, loss=1.9861, sps=42.9]
BC[stage1_datasets_L40_stepsweep/bc_baseline_none_steps10000_tr1]:  86%|████████▋ | 8642/10000 [03:21<00:36, 36.89it/s, acc=0.305, device=mps, eta=33s, loss=1.9861, sps=42.9]
BC[stage1_datasets_L40_stepsweep/bc_baseline_none_steps10000_tr1]:  86%|████████▋ | 8648/10000 [03:21<00:33, 40.95it/s, acc=0.305, device=mps, eta=33s, loss=1.9861, sps=42.9]
BC[stage1_datasets_L40_stepsweep/bc_baseline_none_steps10000_tr1]:  87%|████████▋ | 8654/10000 [03:21<00:30, 44.61it/s, acc=0.305, device=mps, eta=33s, loss=1.9861, sps=42.9]
BC[stage1_datasets_L40_stepsweep/bc_baseline_none_steps10000_tr1]:  87%|████████▋ | 8660/10000 [03:21<00:28, 47.57it/s, acc=0.305, device=mps, eta=33s, loss=1.9861, sps=42.9]
BC[stage1_datasets_L40_stepsweep/bc_baseline_none_steps10000_tr1]:  87%|████████▋ | 8666/10000 [03:21<00:34, 39.08it/s, acc=0.305, device=mps, eta=33s, loss=1.9861, sps=42.9]
BC[stage1_datasets_L40_stepsweep/bc_baseline_none_steps10000_tr1]:  87%|████████▋ | 8674/10000 [03:22<00:28, 47.03it/s, acc=0.305, device=mps, eta=33s, loss=1.9861, sps=42.9]
BC[stage1_datasets_L40_stepsweep/bc_baseline_none_steps10000_tr1]:  87%|████████▋ | 8681/10000 [03:22<00:31, 42.17it/s, acc=0.305, device=mps, eta=33s, loss=1.9861, sps=42.9]
BC[stage1_datasets_L40_stepsweep/bc_baseline_none_steps10000_tr1]:  87%|████████▋ | 8687/10000 [03:22<00:29, 44.62it/s, acc=0.305, device=mps, eta=33s, loss=1.9861, sps=42.9]
BC[stage1_datasets_L40_stepsweep/bc_baseline_none_steps10000_tr1]:  87%|████████▋ | 8693/10000 [03:22<00:28, 46.45it/s, acc=0.305, device=mps, eta=33s, loss=1.9861, sps=42.9]
BC[stage1_datasets_L40_stepsweep/bc_baseline_none_steps10000_tr1]:  87%|████████▋ | 8699/10000 [03:22<00:26, 48.86it/s, acc=0.305, device=mps, eta=33s, loss=1.9861, sps=42.9]
BC[stage1_datasets_L40_stepsweep/bc_baseline_none_steps10000_tr1]:  87%|████████▋ | 8705/10000 [03:22<00:33, 38.93it/s, acc=0.305, device=mps, eta=33s, loss=1.9861, sps=42.9]
BC[stage1_datasets_L40_stepsweep/bc_baseline_none_steps10000_tr1]:  87%|████████▋ | 8710/10000 [03:22<00:31, 40.93it/s, acc=0.305, device=mps, eta=33s, loss=1.9861, sps=42.9]
BC[stage1_datasets_L40_stepsweep/bc_baseline_none_steps10000_tr1]:  87%|████████▋ | 8715/10000 [03:22<00:30, 42.77it/s, acc=0.305, device=mps, eta=33s, loss=1.9861, sps=42.9]
BC[stage1_datasets_L40_stepsweep/bc_baseline_none_steps10000_tr1]:  87%|████████▋ | 8721/10000 [03:23<00:34, 36.90it/s, acc=0.305, device=mps, eta=33s, loss=1.9861, sps=42.9]
BC[stage1_datasets_L40_stepsweep/bc_baseline_none_steps10000_tr1]:  87%|████████▋ | 8727/10000 [03:23<00:31, 40.20it/s, acc=0.305, device=mps, eta=33s, loss=1.9861, sps=42.9]
BC[stage1_datasets_L40_stepsweep/bc_baseline_none_steps10000_tr1]:  87%|████████▋ | 8733/10000 [03:23<00:28, 43.86it/s, acc=0.305, device=mps, eta=33s, loss=1.9861, sps=42.9]
BC[stage1_datasets_L40_stepsweep/bc_baseline_none_steps10000_tr1]:  87%|████████▋ | 8740/10000 [03:23<00:25, 49.31it/s, acc=0.305, device=mps, eta=33s, loss=1.9861, sps=42.9]
BC[stage1_datasets_L40_stepsweep/bc_baseline_none_steps10000_tr1]:  87%|████████▋ | 8746/10000 [03:23<00:31, 39.45it/s, acc=0.305, device=mps, eta=33s, loss=1.9861, sps=42.9]
BC[stage1_datasets_L40_stepsweep/bc_baseline_none_steps10000_tr1]:  88%|████████▊ | 8753/10000 [03:23<00:28, 44.50it/s, acc=0.305, device=mps, eta=33s, loss=1.9861, sps=42.9]
BC[stage1_datasets_L40_stepsweep/bc_baseline_none_steps10000_tr1]:  88%|████████▊ | 8760/10000 [03:23<00:25, 49.30it/s, acc=0.305, device=mps, eta=33s, loss=1.9861, sps=42.9]
BC[stage1_datasets_L40_stepsweep/bc_baseline_none_steps10000_tr1]:  88%|████████▊ | 8766/10000 [03:24<00:31, 39.13it/s, acc=0.305, device=mps, eta=33s, loss=1.9861, sps=42.9]
BC[stage1_datasets_L40_stepsweep/bc_baseline_none_steps10000_tr1]:  88%|████████▊ | 8772/10000 [03:24<00:28, 42.84it/s, acc=0.305, device=mps, eta=33s, loss=1.9861, sps=42.9]
BC[stage1_datasets_L40_stepsweep/bc_baseline_none_steps10000_tr1]:  88%|████████▊ | 8779/10000 [03:24<00:25, 47.43it/s, acc=0.305, device=mps, eta=33s, loss=1.9861, sps=42.9]
BC[stage1_datasets_L40_stepsweep/bc_baseline_none_steps10000_tr1]:  88%|████████▊ | 8785/10000 [03:24<00:30, 39.68it/s, acc=0.305, device=mps, eta=33s, loss=1.9861, sps=42.9]
BC[stage1_datasets_L40_stepsweep/bc_baseline_none_steps10000_tr1]:  88%|████████▊ | 8791/10000 [03:24<00:28, 43.13it/s, acc=0.305, device=mps, eta=33s, loss=1.9861, sps=42.9]
BC[stage1_datasets_L40_stepsweep/bc_baseline_none_steps10000_tr1]:  88%|████████▊ | 8797/10000 [03:24<00:26, 45.97it/s, acc=0.305, device=mps, eta=33s, loss=1.9861, sps=42.9]
BC[stage1_datasets_L40_stepsweep/bc_baseline_none_steps10000_tr1]:  88%|████████▊ | 8797/10000 [03:24<00:26, 45.97it/s, acc=0.307, device=mps, eta=28s, loss=1.9868, sps=42.9]
BC[stage1_datasets_L40_stepsweep/bc_baseline_none_steps10000_tr1]:  88%|████████▊ | 8803/10000 [03:25<00:30, 39.10it/s, acc=0.307, device=mps, eta=28s, loss=1.9868, sps=42.9]
BC[stage1_datasets_L40_stepsweep/bc_baseline_none_steps10000_tr1]:  88%|████████▊ | 8809/10000 [03:25<00:28, 42.45it/s, acc=0.307, device=mps, eta=28s, loss=1.9868, sps=42.9]
BC[stage1_datasets_L40_stepsweep/bc_baseline_none_steps10000_tr1]:  88%|████████▊ | 8815/10000 [03:25<00:25, 46.00it/s, acc=0.307, device=mps, eta=28s, loss=1.9868, sps=42.9]
BC[stage1_datasets_L40_stepsweep/bc_baseline_none_steps10000_tr1]:  88%|████████▊ | 8821/10000 [03:25<00:30, 38.89it/s, acc=0.307, device=mps, eta=28s, loss=1.9868, sps=42.9]
BC[stage1_datasets_L40_stepsweep/bc_baseline_none_steps10000_tr1]:  88%|████████▊ | 8827/10000 [03:25<00:27, 42.93it/s, acc=0.307, device=mps, eta=28s, loss=1.9868, sps=42.9]
BC[stage1_datasets_L40_stepsweep/bc_baseline_none_steps10000_tr1]:  88%|████████▊ | 8833/10000 [03:25<00:25, 46.10it/s, acc=0.307, device=mps, eta=28s, loss=1.9868, sps=42.9]
BC[stage1_datasets_L40_stepsweep/bc_baseline_none_steps10000_tr1]:  88%|████████▊ | 8840/10000 [03:25<00:22, 50.88it/s, acc=0.307, device=mps, eta=28s, loss=1.9868, sps=42.9]
BC[stage1_datasets_L40_stepsweep/bc_baseline_none_steps10000_tr1]:  88%|████████▊ | 8846/10000 [03:26<00:27, 41.43it/s, acc=0.307, device=mps, eta=28s, loss=1.9868, sps=42.9]
BC[stage1_datasets_L40_stepsweep/bc_baseline_none_steps10000_tr1]:  89%|████████▊ | 8852/10000 [03:26<00:25, 44.75it/s, acc=0.307, device=mps, eta=28s, loss=1.9868, sps=42.9]
BC[stage1_datasets_L40_stepsweep/bc_baseline_none_steps10000_tr1]:  89%|████████▊ | 8858/10000 [03:26<00:24, 47.41it/s, acc=0.307, device=mps, eta=28s, loss=1.9868, sps=42.9]
BC[stage1_datasets_L40_stepsweep/bc_baseline_none_steps10000_tr1]:  89%|████████▊ | 8864/10000 [03:26<00:28, 39.38it/s, acc=0.307, device=mps, eta=28s, loss=1.9868, sps=42.9]
BC[stage1_datasets_L40_stepsweep/bc_baseline_none_steps10000_tr1]:  89%|████████▊ | 8870/10000 [03:26<00:26, 42.28it/s, acc=0.307, device=mps, eta=28s, loss=1.9868, sps=42.9]
BC[stage1_datasets_L40_stepsweep/bc_baseline_none_steps10000_tr1]:  89%|████████▉ | 8876/10000 [03:26<00:24, 45.15it/s, acc=0.307, device=mps, eta=28s, loss=1.9868, sps=42.9]
BC[stage1_datasets_L40_stepsweep/bc_baseline_none_steps10000_tr1]:  89%|████████▉ | 8881/10000 [03:26<00:29, 37.39it/s, acc=0.307, device=mps, eta=28s, loss=1.9868, sps=42.9]
BC[stage1_datasets_L40_stepsweep/bc_baseline_none_steps10000_tr1]:  89%|████████▉ | 8886/10000 [03:27<00:27, 39.91it/s, acc=0.307, device=mps, eta=28s, loss=1.9868, sps=42.9]
BC[stage1_datasets_L40_stepsweep/bc_baseline_none_steps10000_tr1]:  89%|████████▉ | 8892/10000 [03:27<00:25, 43.61it/s, acc=0.307, device=mps, eta=28s, loss=1.9868, sps=42.9]
BC[stage1_datasets_L40_stepsweep/bc_baseline_none_steps10000_tr1]:  89%|████████▉ | 8898/10000 [03:27<00:23, 47.35it/s, acc=0.307, device=mps, eta=28s, loss=1.9868, sps=42.9]
BC[stage1_datasets_L40_stepsweep/bc_baseline_none_steps10000_tr1]:  89%|████████▉ | 8904/10000 [03:27<00:27, 39.30it/s, acc=0.307, device=mps, eta=28s, loss=1.9868, sps=42.9]
BC[stage1_datasets_L40_stepsweep/bc_baseline_none_steps10000_tr1]:  89%|████████▉ | 8910/10000 [03:27<00:25, 42.21it/s, acc=0.307, device=mps, eta=28s, loss=1.9868, sps=42.9]
BC[stage1_datasets_L40_stepsweep/bc_baseline_none_steps10000_tr1]:  89%|████████▉ | 8916/10000 [03:27<00:24, 44.97it/s, acc=0.307, device=mps, eta=28s, loss=1.9868, sps=42.9]
BC[stage1_datasets_L40_stepsweep/bc_baseline_none_steps10000_tr1]:  89%|████████▉ | 8921/10000 [03:27<00:28, 38.07it/s, acc=0.307, device=mps, eta=28s, loss=1.9868, sps=42.9]
BC[stage1_datasets_L40_stepsweep/bc_baseline_none_steps10000_tr1]:  89%|████████▉ | 8927/10000 [03:27<00:25, 41.57it/s, acc=0.307, device=mps, eta=28s, loss=1.9868, sps=42.9]
BC[stage1_datasets_L40_stepsweep/bc_baseline_none_steps10000_tr1]:  89%|████████▉ | 8933/10000 [03:28<00:23, 45.92it/s, acc=0.307, device=mps, eta=28s, loss=1.9868, sps=42.9]
BC[stage1_datasets_L40_stepsweep/bc_baseline_none_steps10000_tr1]:  89%|████████▉ | 8940/10000 [03:28<00:20, 50.92it/s, acc=0.307, device=mps, eta=28s, loss=1.9868, sps=42.9]
BC[stage1_datasets_L40_stepsweep/bc_baseline_none_steps10000_tr1]:  89%|████████▉ | 8946/10000 [03:28<00:27, 38.92it/s, acc=0.307, device=mps, eta=28s, loss=1.9868, sps=42.9]
BC[stage1_datasets_L40_stepsweep/bc_baseline_none_steps10000_tr1]:  90%|████████▉ | 8952/10000 [03:28<00:24, 43.01it/s, acc=0.307, device=mps, eta=28s, loss=1.9868, sps=42.9]
BC[stage1_datasets_L40_stepsweep/bc_baseline_none_steps10000_tr1]:  90%|████████▉ | 8958/10000 [03:28<00:22, 46.85it/s, acc=0.307, device=mps, eta=28s, loss=1.9868, sps=42.9]
BC[stage1_datasets_L40_stepsweep/bc_baseline_none_steps10000_tr1]:  90%|████████▉ | 8964/10000 [03:28<00:26, 39.55it/s, acc=0.307, device=mps, eta=28s, loss=1.9868, sps=42.9]
BC[stage1_datasets_L40_stepsweep/bc_baseline_none_steps10000_tr1]:  90%|████████▉ | 8970/10000 [03:28<00:23, 43.57it/s, acc=0.307, device=mps, eta=28s, loss=1.9868, sps=42.9]
BC[stage1_datasets_L40_stepsweep/bc_baseline_none_steps10000_tr1]:  90%|████████▉ | 8975/10000 [03:29<00:22, 45.03it/s, acc=0.307, device=mps, eta=28s, loss=1.9868, sps=42.9]
BC[stage1_datasets_L40_stepsweep/bc_baseline_none_steps10000_tr1]:  90%|████████▉ | 8981/10000 [03:29<00:26, 38.03it/s, acc=0.307, device=mps, eta=28s, loss=1.9868, sps=42.9]
BC[stage1_datasets_L40_stepsweep/bc_baseline_none_steps10000_tr1]:  90%|████████▉ | 8986/10000 [03:29<00:25, 39.83it/s, acc=0.307, device=mps, eta=28s, loss=1.9868, sps=42.9]
BC[stage1_datasets_L40_stepsweep/bc_baseline_none_steps10000_tr1]:  90%|████████▉ | 8992/10000 [03:29<00:23, 43.69it/s, acc=0.307, device=mps, eta=28s, loss=1.9868, sps=42.9]
BC[stage1_datasets_L40_stepsweep/bc_baseline_none_steps10000_tr1]:  90%|████████▉ | 8999/10000 [03:29<00:20, 48.88it/s, acc=0.307, device=mps, eta=28s, loss=1.9868, sps=42.9]
BC[stage1_datasets_L40_stepsweep/bc_baseline_none_steps10000_tr1]:  90%|████████▉ | 8999/10000 [03:29<00:20, 48.88it/s, acc=0.308, device=mps, eta=23s, loss=1.9815, sps=42.9]
BC[stage1_datasets_L40_stepsweep/bc_baseline_none_steps10000_tr1]:  90%|█████████ | 9005/10000 [03:29<00:24, 41.26it/s, acc=0.308, device=mps, eta=23s, loss=1.9815, sps=42.9]
BC[stage1_datasets_L40_stepsweep/bc_baseline_none_steps10000_tr1]:  90%|█████████ | 9011/10000 [03:29<00:22, 44.90it/s, acc=0.308, device=mps, eta=23s, loss=1.9815, sps=42.9]
BC[stage1_datasets_L40_stepsweep/bc_baseline_none_steps10000_tr1]:  90%|█████████ | 9017/10000 [03:29<00:20, 48.09it/s, acc=0.308, device=mps, eta=23s, loss=1.9815, sps=42.9]
BC[stage1_datasets_L40_stepsweep/bc_baseline_none_steps10000_tr1]:  90%|█████████ | 9023/10000 [03:30<00:24, 39.58it/s, acc=0.308, device=mps, eta=23s, loss=1.9815, sps=42.9]
BC[stage1_datasets_L40_stepsweep/bc_baseline_none_steps10000_tr1]:  90%|█████████ | 9029/10000 [03:30<00:22, 42.46it/s, acc=0.308, device=mps, eta=23s, loss=1.9815, sps=42.9]
BC[stage1_datasets_L40_stepsweep/bc_baseline_none_steps10000_tr1]:  90%|█████████ | 9035/10000 [03:30<00:21, 45.18it/s, acc=0.308, device=mps, eta=23s, loss=1.9815, sps=42.9]
BC[stage1_datasets_L40_stepsweep/bc_baseline_none_steps10000_tr1]:  90%|█████████ | 9041/10000 [03:30<00:24, 38.78it/s, acc=0.308, device=mps, eta=23s, loss=1.9815, sps=42.9]
BC[stage1_datasets_L40_stepsweep/bc_baseline_none_steps10000_tr1]:  90%|█████████ | 9047/10000 [03:30<00:22, 42.48it/s, acc=0.308, device=mps, eta=23s, loss=1.9815, sps=42.9]
BC[stage1_datasets_L40_stepsweep/bc_baseline_none_steps10000_tr1]:  91%|█████████ | 9054/10000 [03:30<00:19, 47.43it/s, acc=0.308, device=mps, eta=23s, loss=1.9815, sps=42.9]
BC[stage1_datasets_L40_stepsweep/bc_baseline_none_steps10000_tr1]:  91%|█████████ | 9061/10000 [03:31<00:22, 42.34it/s, acc=0.308, device=mps, eta=23s, loss=1.9815, sps=42.9]
BC[stage1_datasets_L40_stepsweep/bc_baseline_none_steps10000_tr1]:  91%|█████████ | 9068/10000 [03:31<00:19, 46.94it/s, acc=0.308, device=mps, eta=23s, loss=1.9815, sps=42.9]
BC[stage1_datasets_L40_stepsweep/bc_baseline_none_steps10000_tr1]:  91%|█████████ | 9075/10000 [03:31<00:17, 51.89it/s, acc=0.308, device=mps, eta=23s, loss=1.9815, sps=42.9]
BC[stage1_datasets_L40_stepsweep/bc_baseline_none_steps10000_tr1]:  91%|█████████ | 9081/10000 [03:31<00:20, 44.50it/s, acc=0.308, device=mps, eta=23s, loss=1.9815, sps=42.9]
BC[stage1_datasets_L40_stepsweep/bc_baseline_none_steps10000_tr1]:  91%|█████████ | 9088/10000 [03:31<00:18, 49.08it/s, acc=0.308, device=mps, eta=23s, loss=1.9815, sps=42.9]
BC[stage1_datasets_L40_stepsweep/bc_baseline_none_steps10000_tr1]:  91%|█████████ | 9095/10000 [03:31<00:17, 52.84it/s, acc=0.308, device=mps, eta=23s, loss=1.9815, sps=42.9]
BC[stage1_datasets_L40_stepsweep/bc_baseline_none_steps10000_tr1]:  91%|█████████ | 9101/10000 [03:31<00:20, 43.95it/s, acc=0.308, device=mps, eta=23s, loss=1.9815, sps=42.9]
BC[stage1_datasets_L40_stepsweep/bc_baseline_none_steps10000_tr1]:  91%|█████████ | 9107/10000 [03:31<00:18, 47.25it/s, acc=0.308, device=mps, eta=23s, loss=1.9815, sps=42.9]
BC[stage1_datasets_L40_stepsweep/bc_baseline_none_steps10000_tr1]:  91%|█████████ | 9113/10000 [03:32<00:17, 49.45it/s, acc=0.308, device=mps, eta=23s, loss=1.9815, sps=42.9]
BC[stage1_datasets_L40_stepsweep/bc_baseline_none_steps10000_tr1]:  91%|█████████ | 9119/10000 [03:32<00:17, 51.18it/s, acc=0.308, device=mps, eta=23s, loss=1.9815, sps=42.9]
BC[stage1_datasets_L40_stepsweep/bc_baseline_none_steps10000_tr1]:  91%|█████████▏| 9125/10000 [03:32<00:21, 40.79it/s, acc=0.308, device=mps, eta=23s, loss=1.9815, sps=42.9]
BC[stage1_datasets_L40_stepsweep/bc_baseline_none_steps10000_tr1]:  91%|█████████▏| 9131/10000 [03:32<00:19, 44.25it/s, acc=0.308, device=mps, eta=23s, loss=1.9815, sps=42.9]
BC[stage1_datasets_L40_stepsweep/bc_baseline_none_steps10000_tr1]:  91%|█████████▏| 9137/10000 [03:32<00:18, 47.38it/s, acc=0.308, device=mps, eta=23s, loss=1.9815, sps=42.9]
BC[stage1_datasets_L40_stepsweep/bc_baseline_none_steps10000_tr1]:  91%|█████████▏| 9143/10000 [03:32<00:21, 39.60it/s, acc=0.308, device=mps, eta=23s, loss=1.9815, sps=42.9]
BC[stage1_datasets_L40_stepsweep/bc_baseline_none_steps10000_tr1]:  91%|█████████▏| 9149/10000 [03:32<00:20, 42.30it/s, acc=0.308, device=mps, eta=23s, loss=1.9815, sps=42.9]
BC[stage1_datasets_L40_stepsweep/bc_baseline_none_steps10000_tr1]:  92%|█████████▏| 9155/10000 [03:33<00:18, 46.14it/s, acc=0.308, device=mps, eta=23s, loss=1.9815, sps=42.9]
BC[stage1_datasets_L40_stepsweep/bc_baseline_none_steps10000_tr1]:  92%|█████████▏| 9161/10000 [03:33<00:21, 39.94it/s, acc=0.308, device=mps, eta=23s, loss=1.9815, sps=42.9]
BC[stage1_datasets_L40_stepsweep/bc_baseline_none_steps10000_tr1]:  92%|█████████▏| 9167/10000 [03:33<00:19, 43.76it/s, acc=0.308, device=mps, eta=23s, loss=1.9815, sps=42.9]
BC[stage1_datasets_L40_stepsweep/bc_baseline_none_steps10000_tr1]:  92%|█████████▏| 9173/10000 [03:33<00:17, 46.71it/s, acc=0.308, device=mps, eta=23s, loss=1.9815, sps=42.9]
BC[stage1_datasets_L40_stepsweep/bc_baseline_none_steps10000_tr1]:  92%|█████████▏| 9179/10000 [03:33<00:16, 49.22it/s, acc=0.308, device=mps, eta=23s, loss=1.9815, sps=42.9]
BC[stage1_datasets_L40_stepsweep/bc_baseline_none_steps10000_tr1]:  92%|█████████▏| 9185/10000 [03:33<00:20, 39.47it/s, acc=0.308, device=mps, eta=23s, loss=1.9815, sps=42.9]
BC[stage1_datasets_L40_stepsweep/bc_baseline_none_steps10000_tr1]:  92%|█████████▏| 9191/10000 [03:33<00:18, 42.93it/s, acc=0.308, device=mps, eta=23s, loss=1.9815, sps=42.9]
BC[stage1_datasets_L40_stepsweep/bc_baseline_none_steps10000_tr1]:  92%|█████████▏| 9198/10000 [03:34<00:16, 47.84it/s, acc=0.308, device=mps, eta=23s, loss=1.9815, sps=42.9]
BC[stage1_datasets_L40_stepsweep/bc_baseline_none_steps10000_tr1]:  92%|█████████▏| 9198/10000 [03:34<00:16, 47.84it/s, acc=0.306, device=mps, eta=19s, loss=1.9866, sps=43.0]
BC[stage1_datasets_L40_stepsweep/bc_baseline_none_steps10000_tr1]:  92%|█████████▏| 9204/10000 [03:34<00:19, 40.51it/s, acc=0.306, device=mps, eta=19s, loss=1.9866, sps=43.0]
BC[stage1_datasets_L40_stepsweep/bc_baseline_none_steps10000_tr1]:  92%|█████████▏| 9211/10000 [03:34<00:17, 45.30it/s, acc=0.306, device=mps, eta=19s, loss=1.9866, sps=43.0]
BC[stage1_datasets_L40_stepsweep/bc_baseline_none_steps10000_tr1]:  92%|█████████▏| 9217/10000 [03:34<00:16, 48.41it/s, acc=0.306, device=mps, eta=19s, loss=1.9866, sps=43.0]
BC[stage1_datasets_L40_stepsweep/bc_baseline_none_steps10000_tr1]:  92%|█████████▏| 9223/10000 [03:34<00:19, 39.83it/s, acc=0.306, device=mps, eta=19s, loss=1.9866, sps=43.0]
BC[stage1_datasets_L40_stepsweep/bc_baseline_none_steps10000_tr1]:  92%|█████████▏| 9228/10000 [03:34<00:18, 41.09it/s, acc=0.306, device=mps, eta=19s, loss=1.9866, sps=43.0]
BC[stage1_datasets_L40_stepsweep/bc_baseline_none_steps10000_tr1]:  92%|█████████▏| 9234/10000 [03:34<00:17, 44.98it/s, acc=0.306, device=mps, eta=19s, loss=1.9866, sps=43.0]
BC[stage1_datasets_L40_stepsweep/bc_baseline_none_steps10000_tr1]:  92%|█████████▏| 9241/10000 [03:35<00:19, 39.76it/s, acc=0.306, device=mps, eta=19s, loss=1.9866, sps=43.0]
BC[stage1_datasets_L40_stepsweep/bc_baseline_none_steps10000_tr1]:  92%|█████████▏| 9247/10000 [03:35<00:17, 43.96it/s, acc=0.306, device=mps, eta=19s, loss=1.9866, sps=43.0]
BC[stage1_datasets_L40_stepsweep/bc_baseline_none_steps10000_tr1]:  93%|█████████▎| 9253/10000 [03:35<00:15, 46.71it/s, acc=0.306, device=mps, eta=19s, loss=1.9866, sps=43.0]
BC[stage1_datasets_L40_stepsweep/bc_baseline_none_steps10000_tr1]:  93%|█████████▎| 9259/10000 [03:35<00:15, 49.35it/s, acc=0.306, device=mps, eta=19s, loss=1.9866, sps=43.0]
BC[stage1_datasets_L40_stepsweep/bc_baseline_none_steps10000_tr1]:  93%|█████████▎| 9265/10000 [03:35<00:18, 39.93it/s, acc=0.306, device=mps, eta=19s, loss=1.9866, sps=43.0]
BC[stage1_datasets_L40_stepsweep/bc_baseline_none_steps10000_tr1]:  93%|█████████▎| 9271/10000 [03:35<00:16, 43.73it/s, acc=0.306, device=mps, eta=19s, loss=1.9866, sps=43.0]
BC[stage1_datasets_L40_stepsweep/bc_baseline_none_steps10000_tr1]:  93%|█████████▎| 9277/10000 [03:35<00:15, 47.17it/s, acc=0.306, device=mps, eta=19s, loss=1.9866, sps=43.0]
BC[stage1_datasets_L40_stepsweep/bc_baseline_none_steps10000_tr1]:  93%|█████████▎| 9283/10000 [03:36<00:17, 39.86it/s, acc=0.306, device=mps, eta=19s, loss=1.9866, sps=43.0]
BC[stage1_datasets_L40_stepsweep/bc_baseline_none_steps10000_tr1]:  93%|█████████▎| 9290/10000 [03:36<00:15, 45.01it/s, acc=0.306, device=mps, eta=19s, loss=1.9866, sps=43.0]
BC[stage1_datasets_L40_stepsweep/bc_baseline_none_steps10000_tr1]:  93%|█████████▎| 9297/10000 [03:36<00:14, 49.68it/s, acc=0.306, device=mps, eta=19s, loss=1.9866, sps=43.0]
BC[stage1_datasets_L40_stepsweep/bc_baseline_none_steps10000_tr1]:  93%|█████████▎| 9303/10000 [03:36<00:16, 41.49it/s, acc=0.306, device=mps, eta=19s, loss=1.9866, sps=43.0]
BC[stage1_datasets_L40_stepsweep/bc_baseline_none_steps10000_tr1]:  93%|█████████▎| 9309/10000 [03:36<00:15, 45.13it/s, acc=0.306, device=mps, eta=19s, loss=1.9866, sps=43.0]
BC[stage1_datasets_L40_stepsweep/bc_baseline_none_steps10000_tr1]:  93%|█████████▎| 9316/10000 [03:36<00:13, 49.21it/s, acc=0.306, device=mps, eta=19s, loss=1.9866, sps=43.0]
BC[stage1_datasets_L40_stepsweep/bc_baseline_none_steps10000_tr1]:  93%|█████████▎| 9322/10000 [03:36<00:16, 41.29it/s, acc=0.306, device=mps, eta=19s, loss=1.9866, sps=43.0]
BC[stage1_datasets_L40_stepsweep/bc_baseline_none_steps10000_tr1]:  93%|█████████▎| 9328/10000 [03:37<00:15, 43.84it/s, acc=0.306, device=mps, eta=19s, loss=1.9866, sps=43.0]
BC[stage1_datasets_L40_stepsweep/bc_baseline_none_steps10000_tr1]:  93%|█████████▎| 9334/10000 [03:37<00:14, 46.00it/s, acc=0.306, device=mps, eta=19s, loss=1.9866, sps=43.0]
BC[stage1_datasets_L40_stepsweep/bc_baseline_none_steps10000_tr1]:  93%|█████████▎| 9341/10000 [03:37<00:16, 39.48it/s, acc=0.306, device=mps, eta=19s, loss=1.9866, sps=43.0]
BC[stage1_datasets_L40_stepsweep/bc_baseline_none_steps10000_tr1]:  93%|█████████▎| 9347/10000 [03:37<00:15, 42.15it/s, acc=0.306, device=mps, eta=19s, loss=1.9866, sps=43.0]
BC[stage1_datasets_L40_stepsweep/bc_baseline_none_steps10000_tr1]:  94%|█████████▎| 9353/10000 [03:37<00:14, 44.99it/s, acc=0.306, device=mps, eta=19s, loss=1.9866, sps=43.0]
BC[stage1_datasets_L40_stepsweep/bc_baseline_none_steps10000_tr1]:  94%|█████████▎| 9359/10000 [03:37<00:13, 47.67it/s, acc=0.306, device=mps, eta=19s, loss=1.9866, sps=43.0]
BC[stage1_datasets_L40_stepsweep/bc_baseline_none_steps10000_tr1]:  94%|█████████▎| 9365/10000 [03:37<00:16, 38.62it/s, acc=0.306, device=mps, eta=19s, loss=1.9866, sps=43.0]
BC[stage1_datasets_L40_stepsweep/bc_baseline_none_steps10000_tr1]:  94%|█████████▎| 9371/10000 [03:38<00:14, 42.52it/s, acc=0.306, device=mps, eta=19s, loss=1.9866, sps=43.0]
BC[stage1_datasets_L40_stepsweep/bc_baseline_none_steps10000_tr1]:  94%|█████████▍| 9378/10000 [03:38<00:13, 47.19it/s, acc=0.306, device=mps, eta=19s, loss=1.9866, sps=43.0]
BC[stage1_datasets_L40_stepsweep/bc_baseline_none_steps10000_tr1]:  94%|█████████▍| 9384/10000 [03:38<00:15, 39.70it/s, acc=0.306, device=mps, eta=19s, loss=1.9866, sps=43.0]
BC[stage1_datasets_L40_stepsweep/bc_baseline_none_steps10000_tr1]:  94%|█████████▍| 9390/10000 [03:38<00:14, 43.28it/s, acc=0.306, device=mps, eta=19s, loss=1.9866, sps=43.0]
BC[stage1_datasets_L40_stepsweep/bc_baseline_none_steps10000_tr1]:  94%|█████████▍| 9396/10000 [03:38<00:12, 46.72it/s, acc=0.306, device=mps, eta=19s, loss=1.9866, sps=43.0]
BC[stage1_datasets_L40_stepsweep/bc_baseline_none_steps10000_tr1]:  94%|█████████▍| 9396/10000 [03:38<00:12, 46.72it/s, acc=0.305, device=mps, eta=14s, loss=1.9849, sps=43.0]
BC[stage1_datasets_L40_stepsweep/bc_baseline_none_steps10000_tr1]:  94%|█████████▍| 9402/10000 [03:38<00:15, 39.16it/s, acc=0.305, device=mps, eta=14s, loss=1.9849, sps=43.0]
BC[stage1_datasets_L40_stepsweep/bc_baseline_none_steps10000_tr1]:  94%|█████████▍| 9408/10000 [03:38<00:13, 43.06it/s, acc=0.305, device=mps, eta=14s, loss=1.9849, sps=43.0]
BC[stage1_datasets_L40_stepsweep/bc_baseline_none_steps10000_tr1]:  94%|█████████▍| 9414/10000 [03:38<00:12, 46.30it/s, acc=0.305, device=mps, eta=14s, loss=1.9849, sps=43.0]
BC[stage1_datasets_L40_stepsweep/bc_baseline_none_steps10000_tr1]:  94%|█████████▍| 9421/10000 [03:39<00:14, 40.36it/s, acc=0.305, device=mps, eta=14s, loss=1.9849, sps=43.0]
BC[stage1_datasets_L40_stepsweep/bc_baseline_none_steps10000_tr1]:  94%|█████████▍| 9427/10000 [03:39<00:13, 43.97it/s, acc=0.305, device=mps, eta=14s, loss=1.9849, sps=43.0]
BC[stage1_datasets_L40_stepsweep/bc_baseline_none_steps10000_tr1]:  94%|█████████▍| 9433/10000 [03:39<00:12, 46.82it/s, acc=0.305, device=mps, eta=14s, loss=1.9849, sps=43.0]
BC[stage1_datasets_L40_stepsweep/bc_baseline_none_steps10000_tr1]:  94%|█████████▍| 9439/10000 [03:39<00:11, 50.05it/s, acc=0.305, device=mps, eta=14s, loss=1.9849, sps=43.0]
BC[stage1_datasets_L40_stepsweep/bc_baseline_none_steps10000_tr1]:  94%|█████████▍| 9445/10000 [03:39<00:13, 41.68it/s, acc=0.305, device=mps, eta=14s, loss=1.9849, sps=43.0]
BC[stage1_datasets_L40_stepsweep/bc_baseline_none_steps10000_tr1]:  95%|█████████▍| 9452/10000 [03:39<00:11, 46.76it/s, acc=0.305, device=mps, eta=14s, loss=1.9849, sps=43.0]
BC[stage1_datasets_L40_stepsweep/bc_baseline_none_steps10000_tr1]:  95%|█████████▍| 9459/10000 [03:39<00:10, 51.16it/s, acc=0.305, device=mps, eta=14s, loss=1.9849, sps=43.0]
BC[stage1_datasets_L40_stepsweep/bc_baseline_none_steps10000_tr1]:  95%|█████████▍| 9465/10000 [03:40<00:12, 41.26it/s, acc=0.305, device=mps, eta=14s, loss=1.9849, sps=43.0]
BC[stage1_datasets_L40_stepsweep/bc_baseline_none_steps10000_tr1]:  95%|█████████▍| 9471/10000 [03:40<00:11, 44.18it/s, acc=0.305, device=mps, eta=14s, loss=1.9849, sps=43.0]
BC[stage1_datasets_L40_stepsweep/bc_baseline_none_steps10000_tr1]:  95%|█████████▍| 9478/10000 [03:40<00:10, 48.39it/s, acc=0.305, device=mps, eta=14s, loss=1.9849, sps=43.0]
BC[stage1_datasets_L40_stepsweep/bc_baseline_none_steps10000_tr1]:  95%|█████████▍| 9484/10000 [03:40<00:12, 40.46it/s, acc=0.305, device=mps, eta=14s, loss=1.9849, sps=43.0]
BC[stage1_datasets_L40_stepsweep/bc_baseline_none_steps10000_tr1]:  95%|█████████▍| 9490/10000 [03:40<00:11, 43.30it/s, acc=0.305, device=mps, eta=14s, loss=1.9849, sps=43.0]
BC[stage1_datasets_L40_stepsweep/bc_baseline_none_steps10000_tr1]:  95%|█████████▍| 9496/10000 [03:40<00:10, 46.12it/s, acc=0.305, device=mps, eta=14s, loss=1.9849, sps=43.0]
BC[stage1_datasets_L40_stepsweep/bc_baseline_none_steps10000_tr1]:  95%|█████████▌| 9501/10000 [03:41<00:12, 38.76it/s, acc=0.305, device=mps, eta=14s, loss=1.9849, sps=43.0]
BC[stage1_datasets_L40_stepsweep/bc_baseline_none_steps10000_tr1]:  95%|█████████▌| 9507/10000 [03:41<00:11, 41.93it/s, acc=0.305, device=mps, eta=14s, loss=1.9849, sps=43.0]
BC[stage1_datasets_L40_stepsweep/bc_baseline_none_steps10000_tr1]:  95%|█████████▌| 9513/10000 [03:41<00:10, 44.88it/s, acc=0.305, device=mps, eta=14s, loss=1.9849, sps=43.0]
BC[stage1_datasets_L40_stepsweep/bc_baseline_none_steps10000_tr1]:  95%|█████████▌| 9519/10000 [03:41<00:09, 48.53it/s, acc=0.305, device=mps, eta=14s, loss=1.9849, sps=43.0]
BC[stage1_datasets_L40_stepsweep/bc_baseline_none_steps10000_tr1]:  95%|█████████▌| 9525/10000 [03:41<00:12, 39.10it/s, acc=0.305, device=mps, eta=14s, loss=1.9849, sps=43.0]
BC[stage1_datasets_L40_stepsweep/bc_baseline_none_steps10000_tr1]:  95%|█████████▌| 9531/10000 [03:41<00:11, 42.60it/s, acc=0.305, device=mps, eta=14s, loss=1.9849, sps=43.0]
BC[stage1_datasets_L40_stepsweep/bc_baseline_none_steps10000_tr1]:  95%|█████████▌| 9537/10000 [03:41<00:09, 46.67it/s, acc=0.305, device=mps, eta=14s, loss=1.9849, sps=43.0]
BC[stage1_datasets_L40_stepsweep/bc_baseline_none_steps10000_tr1]:  95%|█████████▌| 9543/10000 [03:41<00:11, 39.97it/s, acc=0.305, device=mps, eta=14s, loss=1.9849, sps=43.0]
BC[stage1_datasets_L40_stepsweep/bc_baseline_none_steps10000_tr1]:  95%|█████████▌| 9549/10000 [03:42<00:10, 43.87it/s, acc=0.305, device=mps, eta=14s, loss=1.9849, sps=43.0]
BC[stage1_datasets_L40_stepsweep/bc_baseline_none_steps10000_tr1]:  96%|█████████▌| 9555/10000 [03:42<00:09, 46.81it/s, acc=0.305, device=mps, eta=14s, loss=1.9849, sps=43.0]
BC[stage1_datasets_L40_stepsweep/bc_baseline_none_steps10000_tr1]:  96%|█████████▌| 9561/10000 [03:42<00:11, 39.15it/s, acc=0.305, device=mps, eta=14s, loss=1.9849, sps=43.0]
BC[stage1_datasets_L40_stepsweep/bc_baseline_none_steps10000_tr1]:  96%|█████████▌| 9566/10000 [03:42<00:10, 41.45it/s, acc=0.305, device=mps, eta=14s, loss=1.9849, sps=43.0]
BC[stage1_datasets_L40_stepsweep/bc_baseline_none_steps10000_tr1]:  96%|█████████▌| 9572/10000 [03:42<00:09, 44.43it/s, acc=0.305, device=mps, eta=14s, loss=1.9849, sps=43.0]
BC[stage1_datasets_L40_stepsweep/bc_baseline_none_steps10000_tr1]:  96%|█████████▌| 9578/10000 [03:42<00:08, 47.50it/s, acc=0.305, device=mps, eta=14s, loss=1.9849, sps=43.0]
BC[stage1_datasets_L40_stepsweep/bc_baseline_none_steps10000_tr1]:  96%|█████████▌| 9584/10000 [03:42<00:10, 39.95it/s, acc=0.305, device=mps, eta=14s, loss=1.9849, sps=43.0]
BC[stage1_datasets_L40_stepsweep/bc_baseline_none_steps10000_tr1]:  96%|█████████▌| 9590/10000 [03:43<00:09, 43.59it/s, acc=0.305, device=mps, eta=14s, loss=1.9849, sps=43.0]
BC[stage1_datasets_L40_stepsweep/bc_baseline_none_steps10000_tr1]:  96%|█████████▌| 9596/10000 [03:43<00:08, 46.95it/s, acc=0.305, device=mps, eta=14s, loss=1.9849, sps=43.0]
BC[stage1_datasets_L40_stepsweep/bc_baseline_none_steps10000_tr1]:  96%|█████████▌| 9596/10000 [03:43<00:08, 46.95it/s, acc=0.311, device=mps, eta=9s, loss=1.9835, sps=43.0] 
BC[stage1_datasets_L40_stepsweep/bc_baseline_none_steps10000_tr1]:  96%|█████████▌| 9602/10000 [03:43<00:10, 39.35it/s, acc=0.311, device=mps, eta=9s, loss=1.9835, sps=43.0]
BC[stage1_datasets_L40_stepsweep/bc_baseline_none_steps10000_tr1]:  96%|█████████▌| 9608/10000 [03:43<00:09, 43.40it/s, acc=0.311, device=mps, eta=9s, loss=1.9835, sps=43.0]
BC[stage1_datasets_L40_stepsweep/bc_baseline_none_steps10000_tr1]:  96%|█████████▌| 9614/10000 [03:43<00:08, 46.70it/s, acc=0.311, device=mps, eta=9s, loss=1.9835, sps=43.0]
BC[stage1_datasets_L40_stepsweep/bc_baseline_none_steps10000_tr1]:  96%|█████████▌| 9621/10000 [03:43<00:09, 40.32it/s, acc=0.311, device=mps, eta=9s, loss=1.9835, sps=43.0]
BC[stage1_datasets_L40_stepsweep/bc_baseline_none_steps10000_tr1]:  96%|█████████▋| 9627/10000 [03:43<00:08, 44.08it/s, acc=0.311, device=mps, eta=9s, loss=1.9835, sps=43.0]
BC[stage1_datasets_L40_stepsweep/bc_baseline_none_steps10000_tr1]:  96%|█████████▋| 9633/10000 [03:44<00:07, 46.72it/s, acc=0.311, device=mps, eta=9s, loss=1.9835, sps=43.0]
BC[stage1_datasets_L40_stepsweep/bc_baseline_none_steps10000_tr1]:  96%|█████████▋| 9639/10000 [03:44<00:07, 49.19it/s, acc=0.311, device=mps, eta=9s, loss=1.9835, sps=43.0]
BC[stage1_datasets_L40_stepsweep/bc_baseline_none_steps10000_tr1]:  96%|█████████▋| 9645/10000 [03:44<00:08, 40.59it/s, acc=0.311, device=mps, eta=9s, loss=1.9835, sps=43.0]
BC[stage1_datasets_L40_stepsweep/bc_baseline_none_steps10000_tr1]:  97%|█████████▋| 9651/10000 [03:44<00:08, 43.21it/s, acc=0.311, device=mps, eta=9s, loss=1.9835, sps=43.0]
BC[stage1_datasets_L40_stepsweep/bc_baseline_none_steps10000_tr1]:  97%|█████████▋| 9657/10000 [03:44<00:07, 45.98it/s, acc=0.311, device=mps, eta=9s, loss=1.9835, sps=43.0]
BC[stage1_datasets_L40_stepsweep/bc_baseline_none_steps10000_tr1]:  97%|█████████▋| 9662/10000 [03:44<00:08, 38.82it/s, acc=0.311, device=mps, eta=9s, loss=1.9835, sps=43.0]
BC[stage1_datasets_L40_stepsweep/bc_baseline_none_steps10000_tr1]:  97%|█████████▋| 9669/10000 [03:44<00:07, 44.58it/s, acc=0.311, device=mps, eta=9s, loss=1.9835, sps=43.0]
BC[stage1_datasets_L40_stepsweep/bc_baseline_none_steps10000_tr1]:  97%|█████████▋| 9676/10000 [03:44<00:06, 49.13it/s, acc=0.311, device=mps, eta=9s, loss=1.9835, sps=43.0]
BC[stage1_datasets_L40_stepsweep/bc_baseline_none_steps10000_tr1]:  97%|█████████▋| 9682/10000 [03:45<00:07, 41.44it/s, acc=0.311, device=mps, eta=9s, loss=1.9835, sps=43.0]
BC[stage1_datasets_L40_stepsweep/bc_baseline_none_steps10000_tr1]:  97%|█████████▋| 9688/10000 [03:45<00:06, 45.06it/s, acc=0.311, device=mps, eta=9s, loss=1.9835, sps=43.0]
BC[stage1_datasets_L40_stepsweep/bc_baseline_none_steps10000_tr1]:  97%|█████████▋| 9695/10000 [03:45<00:06, 49.17it/s, acc=0.311, device=mps, eta=9s, loss=1.9835, sps=43.0]
BC[stage1_datasets_L40_stepsweep/bc_baseline_none_steps10000_tr1]:  97%|█████████▋| 9701/10000 [03:45<00:07, 41.33it/s, acc=0.311, device=mps, eta=9s, loss=1.9835, sps=43.0]
BC[stage1_datasets_L40_stepsweep/bc_baseline_none_steps10000_tr1]:  97%|█████████▋| 9707/10000 [03:45<00:06, 44.66it/s, acc=0.311, device=mps, eta=9s, loss=1.9835, sps=43.0]
BC[stage1_datasets_L40_stepsweep/bc_baseline_none_steps10000_tr1]:  97%|█████████▋| 9713/10000 [03:45<00:06, 47.75it/s, acc=0.311, device=mps, eta=9s, loss=1.9835, sps=43.0]
BC[stage1_datasets_L40_stepsweep/bc_baseline_none_steps10000_tr1]:  97%|█████████▋| 9721/10000 [03:46<00:06, 42.94it/s, acc=0.311, device=mps, eta=9s, loss=1.9835, sps=43.0]
BC[stage1_datasets_L40_stepsweep/bc_baseline_none_steps10000_tr1]:  97%|█████████▋| 9728/10000 [03:46<00:05, 47.72it/s, acc=0.311, device=mps, eta=9s, loss=1.9835, sps=43.0]
BC[stage1_datasets_L40_stepsweep/bc_baseline_none_steps10000_tr1]:  97%|█████████▋| 9735/10000 [03:46<00:05, 52.06it/s, acc=0.311, device=mps, eta=9s, loss=1.9835, sps=43.0]
BC[stage1_datasets_L40_stepsweep/bc_baseline_none_steps10000_tr1]:  97%|█████████▋| 9741/10000 [03:46<00:05, 43.48it/s, acc=0.311, device=mps, eta=9s, loss=1.9835, sps=43.0]
BC[stage1_datasets_L40_stepsweep/bc_baseline_none_steps10000_tr1]:  97%|█████████▋| 9747/10000 [03:46<00:05, 47.11it/s, acc=0.311, device=mps, eta=9s, loss=1.9835, sps=43.0]
BC[stage1_datasets_L40_stepsweep/bc_baseline_none_steps10000_tr1]:  98%|█████████▊| 9753/10000 [03:46<00:04, 50.05it/s, acc=0.311, device=mps, eta=9s, loss=1.9835, sps=43.0]
BC[stage1_datasets_L40_stepsweep/bc_baseline_none_steps10000_tr1]:  98%|█████████▊| 9759/10000 [03:46<00:04, 51.88it/s, acc=0.311, device=mps, eta=9s, loss=1.9835, sps=43.0]
BC[stage1_datasets_L40_stepsweep/bc_baseline_none_steps10000_tr1]:  98%|█████████▊| 9765/10000 [03:46<00:05, 42.93it/s, acc=0.311, device=mps, eta=9s, loss=1.9835, sps=43.0]
BC[stage1_datasets_L40_stepsweep/bc_baseline_none_steps10000_tr1]:  98%|█████████▊| 9770/10000 [03:47<00:05, 44.51it/s, acc=0.311, device=mps, eta=9s, loss=1.9835, sps=43.0]
BC[stage1_datasets_L40_stepsweep/bc_baseline_none_steps10000_tr1]:  98%|█████████▊| 9776/10000 [03:47<00:04, 47.45it/s, acc=0.311, device=mps, eta=9s, loss=1.9835, sps=43.0]
BC[stage1_datasets_L40_stepsweep/bc_baseline_none_steps10000_tr1]:  98%|█████████▊| 9782/10000 [03:47<00:05, 39.80it/s, acc=0.311, device=mps, eta=9s, loss=1.9835, sps=43.0]
BC[stage1_datasets_L40_stepsweep/bc_baseline_none_steps10000_tr1]:  98%|█████████▊| 9788/10000 [03:47<00:04, 43.74it/s, acc=0.311, device=mps, eta=9s, loss=1.9835, sps=43.0]
BC[stage1_datasets_L40_stepsweep/bc_baseline_none_steps10000_tr1]:  98%|█████████▊| 9794/10000 [03:47<00:04, 47.53it/s, acc=0.311, device=mps, eta=9s, loss=1.9835, sps=43.0]
BC[stage1_datasets_L40_stepsweep/bc_baseline_none_steps10000_tr1]:  98%|█████████▊| 9794/10000 [03:47<00:04, 47.53it/s, acc=0.309, device=mps, eta=5s, loss=1.9798, sps=43.0]
BC[stage1_datasets_L40_stepsweep/bc_baseline_none_steps10000_tr1]:  98%|█████████▊| 9801/10000 [03:47<00:04, 40.32it/s, acc=0.309, device=mps, eta=5s, loss=1.9798, sps=43.0]
BC[stage1_datasets_L40_stepsweep/bc_baseline_none_steps10000_tr1]:  98%|█████████▊| 9808/10000 [03:47<00:04, 45.60it/s, acc=0.309, device=mps, eta=5s, loss=1.9798, sps=43.0]
BC[stage1_datasets_L40_stepsweep/bc_baseline_none_steps10000_tr1]:  98%|█████████▊| 9815/10000 [03:48<00:03, 50.83it/s, acc=0.309, device=mps, eta=5s, loss=1.9798, sps=43.0]
BC[stage1_datasets_L40_stepsweep/bc_baseline_none_steps10000_tr1]:  98%|█████████▊| 9821/10000 [03:48<00:04, 43.34it/s, acc=0.309, device=mps, eta=5s, loss=1.9798, sps=43.0]
BC[stage1_datasets_L40_stepsweep/bc_baseline_none_steps10000_tr1]:  98%|█████████▊| 9827/10000 [03:48<00:03, 46.74it/s, acc=0.309, device=mps, eta=5s, loss=1.9798, sps=43.0]
BC[stage1_datasets_L40_stepsweep/bc_baseline_none_steps10000_tr1]:  98%|█████████▊| 9833/10000 [03:48<00:03, 49.47it/s, acc=0.309, device=mps, eta=5s, loss=1.9798, sps=43.0]
BC[stage1_datasets_L40_stepsweep/bc_baseline_none_steps10000_tr1]:  98%|█████████▊| 9840/10000 [03:48<00:02, 53.52it/s, acc=0.309, device=mps, eta=5s, loss=1.9798, sps=43.0]
BC[stage1_datasets_L40_stepsweep/bc_baseline_none_steps10000_tr1]:  98%|█████████▊| 9846/10000 [03:48<00:03, 42.00it/s, acc=0.309, device=mps, eta=5s, loss=1.9798, sps=43.0]
BC[stage1_datasets_L40_stepsweep/bc_baseline_none_steps10000_tr1]:  99%|█████████▊| 9852/10000 [03:48<00:03, 44.88it/s, acc=0.309, device=mps, eta=5s, loss=1.9798, sps=43.0]
BC[stage1_datasets_L40_stepsweep/bc_baseline_none_steps10000_tr1]:  99%|█████████▊| 9858/10000 [03:48<00:03, 47.10it/s, acc=0.309, device=mps, eta=5s, loss=1.9798, sps=43.0]
BC[stage1_datasets_L40_stepsweep/bc_baseline_none_steps10000_tr1]:  99%|█████████▊| 9864/10000 [03:49<00:03, 39.91it/s, acc=0.309, device=mps, eta=5s, loss=1.9798, sps=43.0]
BC[stage1_datasets_L40_stepsweep/bc_baseline_none_steps10000_tr1]:  99%|█████████▊| 9869/10000 [03:49<00:03, 41.78it/s, acc=0.309, device=mps, eta=5s, loss=1.9798, sps=43.0]
BC[stage1_datasets_L40_stepsweep/bc_baseline_none_steps10000_tr1]:  99%|█████████▉| 9875/10000 [03:49<00:02, 45.10it/s, acc=0.309, device=mps, eta=5s, loss=1.9798, sps=43.0]
BC[stage1_datasets_L40_stepsweep/bc_baseline_none_steps10000_tr1]:  99%|█████████▉| 9881/10000 [03:49<00:03, 38.92it/s, acc=0.309, device=mps, eta=5s, loss=1.9798, sps=43.0]
BC[stage1_datasets_L40_stepsweep/bc_baseline_none_steps10000_tr1]:  99%|█████████▉| 9887/10000 [03:49<00:02, 43.48it/s, acc=0.309, device=mps, eta=5s, loss=1.9798, sps=43.0]
BC[stage1_datasets_L40_stepsweep/bc_baseline_none_steps10000_tr1]:  99%|█████████▉| 9893/10000 [03:49<00:02, 47.06it/s, acc=0.309, device=mps, eta=5s, loss=1.9798, sps=43.0]
BC[stage1_datasets_L40_stepsweep/bc_baseline_none_steps10000_tr1]:  99%|█████████▉| 9899/10000 [03:49<00:02, 49.19it/s, acc=0.309, device=mps, eta=5s, loss=1.9798, sps=43.0]
BC[stage1_datasets_L40_stepsweep/bc_baseline_none_steps10000_tr1]:  99%|█████████▉| 9905/10000 [03:50<00:02, 39.96it/s, acc=0.309, device=mps, eta=5s, loss=1.9798, sps=43.0]
BC[stage1_datasets_L40_stepsweep/bc_baseline_none_steps10000_tr1]:  99%|█████████▉| 9910/10000 [03:50<00:02, 41.84it/s, acc=0.309, device=mps, eta=5s, loss=1.9798, sps=43.0]
BC[stage1_datasets_L40_stepsweep/bc_baseline_none_steps10000_tr1]:  99%|█████████▉| 9916/10000 [03:50<00:01, 44.78it/s, acc=0.309, device=mps, eta=5s, loss=1.9798, sps=43.0]
BC[stage1_datasets_L40_stepsweep/bc_baseline_none_steps10000_tr1]:  99%|█████████▉| 9921/10000 [03:50<00:02, 37.60it/s, acc=0.309, device=mps, eta=5s, loss=1.9798, sps=43.0]
BC[stage1_datasets_L40_stepsweep/bc_baseline_none_steps10000_tr1]:  99%|█████████▉| 9927/10000 [03:50<00:01, 42.13it/s, acc=0.309, device=mps, eta=5s, loss=1.9798, sps=43.0]
BC[stage1_datasets_L40_stepsweep/bc_baseline_none_steps10000_tr1]:  99%|█████████▉| 9933/10000 [03:50<00:01, 46.36it/s, acc=0.309, device=mps, eta=5s, loss=1.9798, sps=43.0]
BC[stage1_datasets_L40_stepsweep/bc_baseline_none_steps10000_tr1]:  99%|█████████▉| 9940/10000 [03:50<00:01, 51.99it/s, acc=0.309, device=mps, eta=5s, loss=1.9798, sps=43.0]
BC[stage1_datasets_L40_stepsweep/bc_baseline_none_steps10000_tr1]:  99%|█████████▉| 9946/10000 [03:51<00:01, 41.80it/s, acc=0.309, device=mps, eta=5s, loss=1.9798, sps=43.0]
BC[stage1_datasets_L40_stepsweep/bc_baseline_none_steps10000_tr1]: 100%|█████████▉| 9952/10000 [03:51<00:01, 45.55it/s, acc=0.309, device=mps, eta=5s, loss=1.9798, sps=43.0]
BC[stage1_datasets_L40_stepsweep/bc_baseline_none_steps10000_tr1]: 100%|█████████▉| 9959/10000 [03:51<00:00, 50.93it/s, acc=0.309, device=mps, eta=5s, loss=1.9798, sps=43.0]
BC[stage1_datasets_L40_stepsweep/bc_baseline_none_steps10000_tr1]: 100%|█████████▉| 9965/10000 [03:51<00:00, 42.71it/s, acc=0.309, device=mps, eta=5s, loss=1.9798, sps=43.0]
BC[stage1_datasets_L40_stepsweep/bc_baseline_none_steps10000_tr1]: 100%|█████████▉| 9972/10000 [03:51<00:00, 47.35it/s, acc=0.309, device=mps, eta=5s, loss=1.9798, sps=43.0]
BC[stage1_datasets_L40_stepsweep/bc_baseline_none_steps10000_tr1]: 100%|█████████▉| 9979/10000 [03:51<00:00, 51.38it/s, acc=0.309, device=mps, eta=5s, loss=1.9798, sps=43.0]
BC[stage1_datasets_L40_stepsweep/bc_baseline_none_steps10000_tr1]: 100%|█████████▉| 9985/10000 [03:51<00:00, 42.04it/s, acc=0.309, device=mps, eta=5s, loss=1.9798, sps=43.0]
BC[stage1_datasets_L40_stepsweep/bc_baseline_none_steps10000_tr1]: 100%|█████████▉| 9991/10000 [03:51<00:00, 45.89it/s, acc=0.309, device=mps, eta=5s, loss=1.9798, sps=43.0]
BC[stage1_datasets_L40_stepsweep/bc_baseline_none_steps10000_tr1]: 100%|█████████▉| 9998/10000 [03:52<00:00, 49.75it/s, acc=0.309, device=mps, eta=5s, loss=1.9798, sps=43.0]
BC[stage1_datasets_L40_stepsweep/bc_baseline_none_steps10000_tr1]: 100%|█████████▉| 9998/10000 [03:52<00:00, 49.75it/s, acc=0.308, device=mps, eta=0s, loss=1.9834, sps=43.1]
BC[stage1_datasets_L40_stepsweep/bc_baseline_none_steps10000_tr1]: 100%|██████████| 10000/10000 [03:52<00:00, 43.08it/s, acc=0.308, device=mps, eta=0s, loss=1.9834, sps=43.1]
Saved checkpoint: runs/stage1_datasets_L40_stepsweep/bc_baseline_none_steps10000_tr1/bc_ckpt.pt (elapsed 3m52s)
