$ /Users/marcovizcarra/miniforge3/envs/procgen-augmented-rl/bin/python -u scripts/train_bc_min.py --dataset-root data/stage1_datasets_L40/shift4_scale_0p8_1p2 --run-name stage1_datasets_L40_stepsweep/bc_shift4_scale_0p8_1p2_steps10000_tr1 --steps 10000 --batch-size 256 --lr 0.0003 --seed 1 --device auto

Device: mps
Run: stage1_datasets_L40_stepsweep/bc_shift4_scale_0p8_1p2_steps10000_tr1 | steps=10000 | batch_size=256 | lr=0.0003 | seed=1
Data: NPZ(manifest=data/stage1_datasets_L40/shift4_scale_0p8_1p2/manifest.json)

BC[stage1_datasets_L40_stepsweep/bc_shift4_scale_0p8_1p2_steps10000_tr1]:   0%|          | 0/10000 [00:00<?, ?it/s]
BC[stage1_datasets_L40_stepsweep/bc_shift4_scale_0p8_1p2_steps10000_tr1]:   0%|          | 0/10000 [00:00<?, ?it/s, acc=0.070, device=mps, eta=1h39m31s, loss=2.7111, sps=1.7]
BC[stage1_datasets_L40_stepsweep/bc_shift4_scale_0p8_1p2_steps10000_tr1]:   0%|          | 1/10000 [00:00<1:37:14,  1.71it/s, acc=0.070, device=mps, eta=1h39m31s, loss=2.7111, sps=1.7]
BC[stage1_datasets_L40_stepsweep/bc_shift4_scale_0p8_1p2_steps10000_tr1]:   0%|          | 6/10000 [00:00<15:00, 11.10it/s, acc=0.070, device=mps, eta=1h39m31s, loss=2.7111, sps=1.7]  
BC[stage1_datasets_L40_stepsweep/bc_shift4_scale_0p8_1p2_steps10000_tr1]:   0%|          | 15/10000 [00:00<06:01, 27.60it/s, acc=0.070, device=mps, eta=1h39m31s, loss=2.7111, sps=1.7]
BC[stage1_datasets_L40_stepsweep/bc_shift4_scale_0p8_1p2_steps10000_tr1]:   0%|          | 21/10000 [00:01<07:44, 21.48it/s, acc=0.070, device=mps, eta=1h39m31s, loss=2.7111, sps=1.7]
BC[stage1_datasets_L40_stepsweep/bc_shift4_scale_0p8_1p2_steps10000_tr1]:   0%|          | 30/10000 [00:01<05:06, 32.49it/s, acc=0.070, device=mps, eta=1h39m31s, loss=2.7111, sps=1.7]
BC[stage1_datasets_L40_stepsweep/bc_shift4_scale_0p8_1p2_steps10000_tr1]:   0%|          | 38/10000 [00:01<04:03, 40.97it/s, acc=0.070, device=mps, eta=1h39m31s, loss=2.7111, sps=1.7]
BC[stage1_datasets_L40_stepsweep/bc_shift4_scale_0p8_1p2_steps10000_tr1]:   0%|          | 45/10000 [00:01<05:01, 33.05it/s, acc=0.070, device=mps, eta=1h39m31s, loss=2.7111, sps=1.7]
BC[stage1_datasets_L40_stepsweep/bc_shift4_scale_0p8_1p2_steps10000_tr1]:   1%|          | 51/10000 [00:01<04:30, 36.79it/s, acc=0.070, device=mps, eta=1h39m31s, loss=2.7111, sps=1.7]
BC[stage1_datasets_L40_stepsweep/bc_shift4_scale_0p8_1p2_steps10000_tr1]:   1%|          | 57/10000 [00:01<04:01, 41.21it/s, acc=0.070, device=mps, eta=1h39m31s, loss=2.7111, sps=1.7]
BC[stage1_datasets_L40_stepsweep/bc_shift4_scale_0p8_1p2_steps10000_tr1]:   1%|          | 63/10000 [00:02<05:05, 32.52it/s, acc=0.070, device=mps, eta=1h39m31s, loss=2.7111, sps=1.7]
BC[stage1_datasets_L40_stepsweep/bc_shift4_scale_0p8_1p2_steps10000_tr1]:   1%|          | 70/10000 [00:02<04:12, 39.28it/s, acc=0.070, device=mps, eta=1h39m31s, loss=2.7111, sps=1.7]
BC[stage1_datasets_L40_stepsweep/bc_shift4_scale_0p8_1p2_steps10000_tr1]:   1%|          | 77/10000 [00:02<03:40, 45.00it/s, acc=0.070, device=mps, eta=1h39m31s, loss=2.7111, sps=1.7]
BC[stage1_datasets_L40_stepsweep/bc_shift4_scale_0p8_1p2_steps10000_tr1]:   1%|          | 83/10000 [00:02<04:52, 33.88it/s, acc=0.070, device=mps, eta=1h39m31s, loss=2.7111, sps=1.7]
BC[stage1_datasets_L40_stepsweep/bc_shift4_scale_0p8_1p2_steps10000_tr1]:   1%|          | 89/10000 [00:02<04:18, 38.32it/s, acc=0.070, device=mps, eta=1h39m31s, loss=2.7111, sps=1.7]
BC[stage1_datasets_L40_stepsweep/bc_shift4_scale_0p8_1p2_steps10000_tr1]:   1%|          | 95/10000 [00:02<03:56, 41.94it/s, acc=0.070, device=mps, eta=1h39m31s, loss=2.7111, sps=1.7]
BC[stage1_datasets_L40_stepsweep/bc_shift4_scale_0p8_1p2_steps10000_tr1]:   1%|          | 101/10000 [00:03<05:12, 31.71it/s, acc=0.070, device=mps, eta=1h39m31s, loss=2.7111, sps=1.7]
BC[stage1_datasets_L40_stepsweep/bc_shift4_scale_0p8_1p2_steps10000_tr1]:   1%|          | 109/10000 [00:03<04:07, 39.89it/s, acc=0.070, device=mps, eta=1h39m31s, loss=2.7111, sps=1.7]
BC[stage1_datasets_L40_stepsweep/bc_shift4_scale_0p8_1p2_steps10000_tr1]:   1%|          | 117/10000 [00:03<03:29, 47.22it/s, acc=0.070, device=mps, eta=1h39m31s, loss=2.7111, sps=1.7]
BC[stage1_datasets_L40_stepsweep/bc_shift4_scale_0p8_1p2_steps10000_tr1]:   1%|          | 123/10000 [00:03<04:35, 35.80it/s, acc=0.070, device=mps, eta=1h39m31s, loss=2.7111, sps=1.7]
BC[stage1_datasets_L40_stepsweep/bc_shift4_scale_0p8_1p2_steps10000_tr1]:   1%|▏         | 131/10000 [00:03<03:48, 43.22it/s, acc=0.070, device=mps, eta=1h39m31s, loss=2.7111, sps=1.7]
BC[stage1_datasets_L40_stepsweep/bc_shift4_scale_0p8_1p2_steps10000_tr1]:   1%|▏         | 139/10000 [00:03<03:18, 49.68it/s, acc=0.070, device=mps, eta=1h39m31s, loss=2.7111, sps=1.7]
BC[stage1_datasets_L40_stepsweep/bc_shift4_scale_0p8_1p2_steps10000_tr1]:   1%|▏         | 146/10000 [00:04<04:32, 36.15it/s, acc=0.070, device=mps, eta=1h39m31s, loss=2.7111, sps=1.7]
BC[stage1_datasets_L40_stepsweep/bc_shift4_scale_0p8_1p2_steps10000_tr1]:   2%|▏         | 152/10000 [00:04<04:08, 39.66it/s, acc=0.070, device=mps, eta=1h39m31s, loss=2.7111, sps=1.7]
BC[stage1_datasets_L40_stepsweep/bc_shift4_scale_0p8_1p2_steps10000_tr1]:   2%|▏         | 159/10000 [00:04<03:38, 44.95it/s, acc=0.070, device=mps, eta=1h39m31s, loss=2.7111, sps=1.7]
BC[stage1_datasets_L40_stepsweep/bc_shift4_scale_0p8_1p2_steps10000_tr1]:   2%|▏         | 165/10000 [00:04<04:43, 34.66it/s, acc=0.070, device=mps, eta=1h39m31s, loss=2.7111, sps=1.7]
BC[stage1_datasets_L40_stepsweep/bc_shift4_scale_0p8_1p2_steps10000_tr1]:   2%|▏         | 173/10000 [00:04<03:51, 42.49it/s, acc=0.070, device=mps, eta=1h39m31s, loss=2.7111, sps=1.7]
BC[stage1_datasets_L40_stepsweep/bc_shift4_scale_0p8_1p2_steps10000_tr1]:   2%|▏         | 181/10000 [00:05<04:39, 35.18it/s, acc=0.070, device=mps, eta=1h39m31s, loss=2.7111, sps=1.7]
BC[stage1_datasets_L40_stepsweep/bc_shift4_scale_0p8_1p2_steps10000_tr1]:   2%|▏         | 189/10000 [00:05<03:51, 42.36it/s, acc=0.070, device=mps, eta=1h39m31s, loss=2.7111, sps=1.7]
BC[stage1_datasets_L40_stepsweep/bc_shift4_scale_0p8_1p2_steps10000_tr1]:   2%|▏         | 197/10000 [00:05<03:19, 49.02it/s, acc=0.070, device=mps, eta=1h39m31s, loss=2.7111, sps=1.7]
BC[stage1_datasets_L40_stepsweep/bc_shift4_scale_0p8_1p2_steps10000_tr1]:   2%|▏         | 197/10000 [00:05<03:19, 49.02it/s, acc=0.253, device=mps, eta=4m25s, loss=2.1546, sps=36.9]  
BC[stage1_datasets_L40_stepsweep/bc_shift4_scale_0p8_1p2_steps10000_tr1]:   2%|▏         | 204/10000 [00:05<04:18, 37.85it/s, acc=0.253, device=mps, eta=4m25s, loss=2.1546, sps=36.9]
BC[stage1_datasets_L40_stepsweep/bc_shift4_scale_0p8_1p2_steps10000_tr1]:   2%|▏         | 210/10000 [00:05<03:55, 41.63it/s, acc=0.253, device=mps, eta=4m25s, loss=2.1546, sps=36.9]
BC[stage1_datasets_L40_stepsweep/bc_shift4_scale_0p8_1p2_steps10000_tr1]:   2%|▏         | 216/10000 [00:05<03:39, 44.60it/s, acc=0.253, device=mps, eta=4m25s, loss=2.1546, sps=36.9]
BC[stage1_datasets_L40_stepsweep/bc_shift4_scale_0p8_1p2_steps10000_tr1]:   2%|▏         | 222/10000 [00:06<04:52, 33.49it/s, acc=0.253, device=mps, eta=4m25s, loss=2.1546, sps=36.9]
BC[stage1_datasets_L40_stepsweep/bc_shift4_scale_0p8_1p2_steps10000_tr1]:   2%|▏         | 230/10000 [00:06<03:56, 41.35it/s, acc=0.253, device=mps, eta=4m25s, loss=2.1546, sps=36.9]
BC[stage1_datasets_L40_stepsweep/bc_shift4_scale_0p8_1p2_steps10000_tr1]:   2%|▏         | 238/10000 [00:06<03:21, 48.43it/s, acc=0.253, device=mps, eta=4m25s, loss=2.1546, sps=36.9]
BC[stage1_datasets_L40_stepsweep/bc_shift4_scale_0p8_1p2_steps10000_tr1]:   2%|▏         | 244/10000 [00:06<04:27, 36.49it/s, acc=0.253, device=mps, eta=4m25s, loss=2.1546, sps=36.9]
BC[stage1_datasets_L40_stepsweep/bc_shift4_scale_0p8_1p2_steps10000_tr1]:   3%|▎         | 252/10000 [00:06<03:41, 44.03it/s, acc=0.253, device=mps, eta=4m25s, loss=2.1546, sps=36.9]
BC[stage1_datasets_L40_stepsweep/bc_shift4_scale_0p8_1p2_steps10000_tr1]:   3%|▎         | 261/10000 [00:07<04:24, 36.82it/s, acc=0.253, device=mps, eta=4m25s, loss=2.1546, sps=36.9]
BC[stage1_datasets_L40_stepsweep/bc_shift4_scale_0p8_1p2_steps10000_tr1]:   3%|▎         | 269/10000 [00:07<03:41, 43.99it/s, acc=0.253, device=mps, eta=4m25s, loss=2.1546, sps=36.9]
BC[stage1_datasets_L40_stepsweep/bc_shift4_scale_0p8_1p2_steps10000_tr1]:   3%|▎         | 278/10000 [00:07<03:07, 51.94it/s, acc=0.253, device=mps, eta=4m25s, loss=2.1546, sps=36.9]
BC[stage1_datasets_L40_stepsweep/bc_shift4_scale_0p8_1p2_steps10000_tr1]:   3%|▎         | 285/10000 [00:07<04:05, 39.61it/s, acc=0.253, device=mps, eta=4m25s, loss=2.1546, sps=36.9]
BC[stage1_datasets_L40_stepsweep/bc_shift4_scale_0p8_1p2_steps10000_tr1]:   3%|▎         | 293/10000 [00:07<03:29, 46.34it/s, acc=0.253, device=mps, eta=4m25s, loss=2.1546, sps=36.9]
BC[stage1_datasets_L40_stepsweep/bc_shift4_scale_0p8_1p2_steps10000_tr1]:   3%|▎         | 301/10000 [00:08<04:20, 37.29it/s, acc=0.253, device=mps, eta=4m25s, loss=2.1546, sps=36.9]
BC[stage1_datasets_L40_stepsweep/bc_shift4_scale_0p8_1p2_steps10000_tr1]:   3%|▎         | 306/10000 [00:08<04:08, 39.00it/s, acc=0.253, device=mps, eta=4m25s, loss=2.1546, sps=36.9]
BC[stage1_datasets_L40_stepsweep/bc_shift4_scale_0p8_1p2_steps10000_tr1]:   3%|▎         | 312/10000 [00:08<03:48, 42.39it/s, acc=0.253, device=mps, eta=4m25s, loss=2.1546, sps=36.9]
BC[stage1_datasets_L40_stepsweep/bc_shift4_scale_0p8_1p2_steps10000_tr1]:   3%|▎         | 318/10000 [00:08<03:38, 44.32it/s, acc=0.253, device=mps, eta=4m25s, loss=2.1546, sps=36.9]
BC[stage1_datasets_L40_stepsweep/bc_shift4_scale_0p8_1p2_steps10000_tr1]:   3%|▎         | 324/10000 [00:08<05:11, 31.08it/s, acc=0.253, device=mps, eta=4m25s, loss=2.1546, sps=36.9]
BC[stage1_datasets_L40_stepsweep/bc_shift4_scale_0p8_1p2_steps10000_tr1]:   3%|▎         | 332/10000 [00:08<04:07, 39.06it/s, acc=0.253, device=mps, eta=4m25s, loss=2.1546, sps=36.9]
BC[stage1_datasets_L40_stepsweep/bc_shift4_scale_0p8_1p2_steps10000_tr1]:   3%|▎         | 340/10000 [00:08<03:26, 46.74it/s, acc=0.253, device=mps, eta=4m25s, loss=2.1546, sps=36.9]
BC[stage1_datasets_L40_stepsweep/bc_shift4_scale_0p8_1p2_steps10000_tr1]:   3%|▎         | 346/10000 [00:09<04:31, 35.57it/s, acc=0.253, device=mps, eta=4m25s, loss=2.1546, sps=36.9]
BC[stage1_datasets_L40_stepsweep/bc_shift4_scale_0p8_1p2_steps10000_tr1]:   4%|▎         | 354/10000 [00:09<03:44, 42.96it/s, acc=0.253, device=mps, eta=4m25s, loss=2.1546, sps=36.9]
BC[stage1_datasets_L40_stepsweep/bc_shift4_scale_0p8_1p2_steps10000_tr1]:   4%|▎         | 361/10000 [00:09<04:37, 34.80it/s, acc=0.253, device=mps, eta=4m25s, loss=2.1546, sps=36.9]
BC[stage1_datasets_L40_stepsweep/bc_shift4_scale_0p8_1p2_steps10000_tr1]:   4%|▎         | 369/10000 [00:09<03:48, 42.20it/s, acc=0.253, device=mps, eta=4m25s, loss=2.1546, sps=36.9]
BC[stage1_datasets_L40_stepsweep/bc_shift4_scale_0p8_1p2_steps10000_tr1]:   4%|▍         | 377/10000 [00:09<03:17, 48.73it/s, acc=0.253, device=mps, eta=4m25s, loss=2.1546, sps=36.9]
BC[stage1_datasets_L40_stepsweep/bc_shift4_scale_0p8_1p2_steps10000_tr1]:   4%|▍         | 384/10000 [00:10<04:32, 35.23it/s, acc=0.253, device=mps, eta=4m25s, loss=2.1546, sps=36.9]
BC[stage1_datasets_L40_stepsweep/bc_shift4_scale_0p8_1p2_steps10000_tr1]:   4%|▍         | 390/10000 [00:10<04:08, 38.75it/s, acc=0.253, device=mps, eta=4m25s, loss=2.1546, sps=36.9]
BC[stage1_datasets_L40_stepsweep/bc_shift4_scale_0p8_1p2_steps10000_tr1]:   4%|▍         | 397/10000 [00:10<03:38, 43.86it/s, acc=0.253, device=mps, eta=4m25s, loss=2.1546, sps=36.9]
BC[stage1_datasets_L40_stepsweep/bc_shift4_scale_0p8_1p2_steps10000_tr1]:   4%|▍         | 397/10000 [00:10<03:38, 43.86it/s, acc=0.279, device=mps, eta=4m10s, loss=2.0640, sps=38.5]
BC[stage1_datasets_L40_stepsweep/bc_shift4_scale_0p8_1p2_steps10000_tr1]:   4%|▍         | 403/10000 [00:10<04:42, 34.02it/s, acc=0.279, device=mps, eta=4m10s, loss=2.0640, sps=38.5]
BC[stage1_datasets_L40_stepsweep/bc_shift4_scale_0p8_1p2_steps10000_tr1]:   4%|▍         | 411/10000 [00:10<03:50, 41.61it/s, acc=0.279, device=mps, eta=4m10s, loss=2.0640, sps=38.5]
BC[stage1_datasets_L40_stepsweep/bc_shift4_scale_0p8_1p2_steps10000_tr1]:   4%|▍         | 419/10000 [00:10<03:18, 48.36it/s, acc=0.279, device=mps, eta=4m10s, loss=2.0640, sps=38.5]
BC[stage1_datasets_L40_stepsweep/bc_shift4_scale_0p8_1p2_steps10000_tr1]:   4%|▍         | 425/10000 [00:11<04:20, 36.69it/s, acc=0.279, device=mps, eta=4m10s, loss=2.0640, sps=38.5]
BC[stage1_datasets_L40_stepsweep/bc_shift4_scale_0p8_1p2_steps10000_tr1]:   4%|▍         | 433/10000 [00:11<03:37, 44.03it/s, acc=0.279, device=mps, eta=4m10s, loss=2.0640, sps=38.5]
BC[stage1_datasets_L40_stepsweep/bc_shift4_scale_0p8_1p2_steps10000_tr1]:   4%|▍         | 441/10000 [00:11<04:24, 36.12it/s, acc=0.279, device=mps, eta=4m10s, loss=2.0640, sps=38.5]
BC[stage1_datasets_L40_stepsweep/bc_shift4_scale_0p8_1p2_steps10000_tr1]:   4%|▍         | 449/10000 [00:11<03:41, 43.16it/s, acc=0.279, device=mps, eta=4m10s, loss=2.0640, sps=38.5]
BC[stage1_datasets_L40_stepsweep/bc_shift4_scale_0p8_1p2_steps10000_tr1]:   5%|▍         | 457/10000 [00:11<03:12, 49.55it/s, acc=0.279, device=mps, eta=4m10s, loss=2.0640, sps=38.5]
BC[stage1_datasets_L40_stepsweep/bc_shift4_scale_0p8_1p2_steps10000_tr1]:   5%|▍         | 464/10000 [00:12<04:09, 38.24it/s, acc=0.279, device=mps, eta=4m10s, loss=2.0640, sps=38.5]
BC[stage1_datasets_L40_stepsweep/bc_shift4_scale_0p8_1p2_steps10000_tr1]:   5%|▍         | 472/10000 [00:12<03:31, 45.14it/s, acc=0.279, device=mps, eta=4m10s, loss=2.0640, sps=38.5]
BC[stage1_datasets_L40_stepsweep/bc_shift4_scale_0p8_1p2_steps10000_tr1]:   5%|▍         | 480/10000 [00:12<03:04, 51.72it/s, acc=0.279, device=mps, eta=4m10s, loss=2.0640, sps=38.5]
BC[stage1_datasets_L40_stepsweep/bc_shift4_scale_0p8_1p2_steps10000_tr1]:   5%|▍         | 487/10000 [00:12<04:04, 38.89it/s, acc=0.279, device=mps, eta=4m10s, loss=2.0640, sps=38.5]
BC[stage1_datasets_L40_stepsweep/bc_shift4_scale_0p8_1p2_steps10000_tr1]:   5%|▍         | 495/10000 [00:12<03:28, 45.60it/s, acc=0.279, device=mps, eta=4m10s, loss=2.0640, sps=38.5]
BC[stage1_datasets_L40_stepsweep/bc_shift4_scale_0p8_1p2_steps10000_tr1]:   5%|▌         | 501/10000 [00:12<04:26, 35.59it/s, acc=0.279, device=mps, eta=4m10s, loss=2.0640, sps=38.5]
BC[stage1_datasets_L40_stepsweep/bc_shift4_scale_0p8_1p2_steps10000_tr1]:   5%|▌         | 509/10000 [00:13<03:41, 42.87it/s, acc=0.279, device=mps, eta=4m10s, loss=2.0640, sps=38.5]
BC[stage1_datasets_L40_stepsweep/bc_shift4_scale_0p8_1p2_steps10000_tr1]:   5%|▌         | 517/10000 [00:13<03:12, 49.36it/s, acc=0.279, device=mps, eta=4m10s, loss=2.0640, sps=38.5]
BC[stage1_datasets_L40_stepsweep/bc_shift4_scale_0p8_1p2_steps10000_tr1]:   5%|▌         | 524/10000 [00:13<04:08, 38.08it/s, acc=0.279, device=mps, eta=4m10s, loss=2.0640, sps=38.5]
BC[stage1_datasets_L40_stepsweep/bc_shift4_scale_0p8_1p2_steps10000_tr1]:   5%|▌         | 532/10000 [00:13<03:30, 44.94it/s, acc=0.279, device=mps, eta=4m10s, loss=2.0640, sps=38.5]
BC[stage1_datasets_L40_stepsweep/bc_shift4_scale_0p8_1p2_steps10000_tr1]:   5%|▌         | 539/10000 [00:13<03:09, 49.88it/s, acc=0.279, device=mps, eta=4m10s, loss=2.0640, sps=38.5]
BC[stage1_datasets_L40_stepsweep/bc_shift4_scale_0p8_1p2_steps10000_tr1]:   5%|▌         | 546/10000 [00:13<04:09, 37.82it/s, acc=0.279, device=mps, eta=4m10s, loss=2.0640, sps=38.5]
BC[stage1_datasets_L40_stepsweep/bc_shift4_scale_0p8_1p2_steps10000_tr1]:   6%|▌         | 554/10000 [00:14<03:30, 44.77it/s, acc=0.279, device=mps, eta=4m10s, loss=2.0640, sps=38.5]
BC[stage1_datasets_L40_stepsweep/bc_shift4_scale_0p8_1p2_steps10000_tr1]:   6%|▌         | 561/10000 [00:14<04:24, 35.63it/s, acc=0.279, device=mps, eta=4m10s, loss=2.0640, sps=38.5]
BC[stage1_datasets_L40_stepsweep/bc_shift4_scale_0p8_1p2_steps10000_tr1]:   6%|▌         | 569/10000 [00:14<03:40, 42.79it/s, acc=0.279, device=mps, eta=4m10s, loss=2.0640, sps=38.5]
BC[stage1_datasets_L40_stepsweep/bc_shift4_scale_0p8_1p2_steps10000_tr1]:   6%|▌         | 577/10000 [00:14<03:11, 49.23it/s, acc=0.279, device=mps, eta=4m10s, loss=2.0640, sps=38.5]
BC[stage1_datasets_L40_stepsweep/bc_shift4_scale_0p8_1p2_steps10000_tr1]:   6%|▌         | 584/10000 [00:14<04:07, 38.11it/s, acc=0.279, device=mps, eta=4m10s, loss=2.0640, sps=38.5]
BC[stage1_datasets_L40_stepsweep/bc_shift4_scale_0p8_1p2_steps10000_tr1]:   6%|▌         | 592/10000 [00:14<03:28, 45.11it/s, acc=0.279, device=mps, eta=4m10s, loss=2.0640, sps=38.5]
BC[stage1_datasets_L40_stepsweep/bc_shift4_scale_0p8_1p2_steps10000_tr1]:   6%|▌         | 592/10000 [00:15<03:28, 45.11it/s, acc=0.287, device=mps, eta=3m56s, loss=2.0436, sps=39.8]
BC[stage1_datasets_L40_stepsweep/bc_shift4_scale_0p8_1p2_steps10000_tr1]:   6%|▌         | 600/10000 [00:15<03:01, 51.66it/s, acc=0.287, device=mps, eta=3m56s, loss=2.0436, sps=39.8]
BC[stage1_datasets_L40_stepsweep/bc_shift4_scale_0p8_1p2_steps10000_tr1]:   6%|▌         | 607/10000 [00:15<04:01, 38.89it/s, acc=0.287, device=mps, eta=3m56s, loss=2.0436, sps=39.8]
BC[stage1_datasets_L40_stepsweep/bc_shift4_scale_0p8_1p2_steps10000_tr1]:   6%|▌         | 615/10000 [00:15<03:25, 45.59it/s, acc=0.287, device=mps, eta=3m56s, loss=2.0436, sps=39.8]
BC[stage1_datasets_L40_stepsweep/bc_shift4_scale_0p8_1p2_steps10000_tr1]:   6%|▌         | 621/10000 [00:15<04:23, 35.57it/s, acc=0.287, device=mps, eta=3m56s, loss=2.0436, sps=39.8]
BC[stage1_datasets_L40_stepsweep/bc_shift4_scale_0p8_1p2_steps10000_tr1]:   6%|▋         | 629/10000 [00:15<03:38, 42.83it/s, acc=0.287, device=mps, eta=3m56s, loss=2.0436, sps=39.8]
BC[stage1_datasets_L40_stepsweep/bc_shift4_scale_0p8_1p2_steps10000_tr1]:   6%|▋         | 637/10000 [00:15<03:09, 49.33it/s, acc=0.287, device=mps, eta=3m56s, loss=2.0436, sps=39.8]
BC[stage1_datasets_L40_stepsweep/bc_shift4_scale_0p8_1p2_steps10000_tr1]:   6%|▋         | 644/10000 [00:16<04:05, 38.10it/s, acc=0.287, device=mps, eta=3m56s, loss=2.0436, sps=39.8]
BC[stage1_datasets_L40_stepsweep/bc_shift4_scale_0p8_1p2_steps10000_tr1]:   7%|▋         | 652/10000 [00:16<03:27, 45.10it/s, acc=0.287, device=mps, eta=3m56s, loss=2.0436, sps=39.8]
BC[stage1_datasets_L40_stepsweep/bc_shift4_scale_0p8_1p2_steps10000_tr1]:   7%|▋         | 660/10000 [00:16<03:00, 51.71it/s, acc=0.287, device=mps, eta=3m56s, loss=2.0436, sps=39.8]
BC[stage1_datasets_L40_stepsweep/bc_shift4_scale_0p8_1p2_steps10000_tr1]:   7%|▋         | 667/10000 [00:16<03:59, 38.91it/s, acc=0.287, device=mps, eta=3m56s, loss=2.0436, sps=39.8]
BC[stage1_datasets_L40_stepsweep/bc_shift4_scale_0p8_1p2_steps10000_tr1]:   7%|▋         | 675/10000 [00:16<03:23, 45.72it/s, acc=0.287, device=mps, eta=3m56s, loss=2.0436, sps=39.8]
BC[stage1_datasets_L40_stepsweep/bc_shift4_scale_0p8_1p2_steps10000_tr1]:   7%|▋         | 681/10000 [00:17<04:21, 35.58it/s, acc=0.287, device=mps, eta=3m56s, loss=2.0436, sps=39.8]
BC[stage1_datasets_L40_stepsweep/bc_shift4_scale_0p8_1p2_steps10000_tr1]:   7%|▋         | 689/10000 [00:17<03:36, 42.99it/s, acc=0.287, device=mps, eta=3m56s, loss=2.0436, sps=39.8]
BC[stage1_datasets_L40_stepsweep/bc_shift4_scale_0p8_1p2_steps10000_tr1]:   7%|▋         | 697/10000 [00:17<03:07, 49.61it/s, acc=0.287, device=mps, eta=3m56s, loss=2.0436, sps=39.8]
BC[stage1_datasets_L40_stepsweep/bc_shift4_scale_0p8_1p2_steps10000_tr1]:   7%|▋         | 704/10000 [00:17<04:08, 37.41it/s, acc=0.287, device=mps, eta=3m56s, loss=2.0436, sps=39.8]
BC[stage1_datasets_L40_stepsweep/bc_shift4_scale_0p8_1p2_steps10000_tr1]:   7%|▋         | 710/10000 [00:17<03:47, 40.82it/s, acc=0.287, device=mps, eta=3m56s, loss=2.0436, sps=39.8]
BC[stage1_datasets_L40_stepsweep/bc_shift4_scale_0p8_1p2_steps10000_tr1]:   7%|▋         | 716/10000 [00:17<03:30, 44.08it/s, acc=0.287, device=mps, eta=3m56s, loss=2.0436, sps=39.8]
BC[stage1_datasets_L40_stepsweep/bc_shift4_scale_0p8_1p2_steps10000_tr1]:   7%|▋         | 722/10000 [00:18<04:39, 33.25it/s, acc=0.287, device=mps, eta=3m56s, loss=2.0436, sps=39.8]
BC[stage1_datasets_L40_stepsweep/bc_shift4_scale_0p8_1p2_steps10000_tr1]:   7%|▋         | 730/10000 [00:18<03:44, 41.22it/s, acc=0.287, device=mps, eta=3m56s, loss=2.0436, sps=39.8]
BC[stage1_datasets_L40_stepsweep/bc_shift4_scale_0p8_1p2_steps10000_tr1]:   7%|▋         | 738/10000 [00:18<03:12, 48.22it/s, acc=0.287, device=mps, eta=3m56s, loss=2.0436, sps=39.8]
BC[stage1_datasets_L40_stepsweep/bc_shift4_scale_0p8_1p2_steps10000_tr1]:   7%|▋         | 744/10000 [00:18<04:15, 36.24it/s, acc=0.287, device=mps, eta=3m56s, loss=2.0436, sps=39.8]
BC[stage1_datasets_L40_stepsweep/bc_shift4_scale_0p8_1p2_steps10000_tr1]:   8%|▊         | 752/10000 [00:18<03:31, 43.78it/s, acc=0.287, device=mps, eta=3m56s, loss=2.0436, sps=39.8]
BC[stage1_datasets_L40_stepsweep/bc_shift4_scale_0p8_1p2_steps10000_tr1]:   8%|▊         | 760/10000 [00:18<03:01, 50.80it/s, acc=0.287, device=mps, eta=3m56s, loss=2.0436, sps=39.8]
BC[stage1_datasets_L40_stepsweep/bc_shift4_scale_0p8_1p2_steps10000_tr1]:   8%|▊         | 767/10000 [00:19<04:00, 38.35it/s, acc=0.287, device=mps, eta=3m56s, loss=2.0436, sps=39.8]
BC[stage1_datasets_L40_stepsweep/bc_shift4_scale_0p8_1p2_steps10000_tr1]:   8%|▊         | 775/10000 [00:19<03:23, 45.27it/s, acc=0.287, device=mps, eta=3m56s, loss=2.0436, sps=39.8]
BC[stage1_datasets_L40_stepsweep/bc_shift4_scale_0p8_1p2_steps10000_tr1]:   8%|▊         | 781/10000 [00:19<04:21, 35.29it/s, acc=0.287, device=mps, eta=3m56s, loss=2.0436, sps=39.8]
BC[stage1_datasets_L40_stepsweep/bc_shift4_scale_0p8_1p2_steps10000_tr1]:   8%|▊         | 789/10000 [00:19<03:35, 42.72it/s, acc=0.287, device=mps, eta=3m56s, loss=2.0436, sps=39.8]
BC[stage1_datasets_L40_stepsweep/bc_shift4_scale_0p8_1p2_steps10000_tr1]:   8%|▊         | 797/10000 [00:19<03:07, 49.07it/s, acc=0.287, device=mps, eta=3m56s, loss=2.0436, sps=39.8]
BC[stage1_datasets_L40_stepsweep/bc_shift4_scale_0p8_1p2_steps10000_tr1]:   8%|▊         | 797/10000 [00:19<03:07, 49.07it/s, acc=0.290, device=mps, eta=3m48s, loss=2.0347, sps=40.3]
BC[stage1_datasets_L40_stepsweep/bc_shift4_scale_0p8_1p2_steps10000_tr1]:   8%|▊         | 804/10000 [00:20<04:10, 36.66it/s, acc=0.290, device=mps, eta=3m48s, loss=2.0347, sps=40.3]
BC[stage1_datasets_L40_stepsweep/bc_shift4_scale_0p8_1p2_steps10000_tr1]:   8%|▊         | 809/10000 [00:20<03:56, 38.87it/s, acc=0.290, device=mps, eta=3m48s, loss=2.0347, sps=40.3]
BC[stage1_datasets_L40_stepsweep/bc_shift4_scale_0p8_1p2_steps10000_tr1]:   8%|▊         | 816/10000 [00:20<03:27, 44.22it/s, acc=0.290, device=mps, eta=3m48s, loss=2.0347, sps=40.3]
BC[stage1_datasets_L40_stepsweep/bc_shift4_scale_0p8_1p2_steps10000_tr1]:   8%|▊         | 822/10000 [00:20<04:35, 33.31it/s, acc=0.290, device=mps, eta=3m48s, loss=2.0347, sps=40.3]
BC[stage1_datasets_L40_stepsweep/bc_shift4_scale_0p8_1p2_steps10000_tr1]:   8%|▊         | 828/10000 [00:20<04:07, 37.04it/s, acc=0.290, device=mps, eta=3m48s, loss=2.0347, sps=40.3]
BC[stage1_datasets_L40_stepsweep/bc_shift4_scale_0p8_1p2_steps10000_tr1]:   8%|▊         | 835/10000 [00:20<03:34, 42.75it/s, acc=0.290, device=mps, eta=3m48s, loss=2.0347, sps=40.3]
BC[stage1_datasets_L40_stepsweep/bc_shift4_scale_0p8_1p2_steps10000_tr1]:   8%|▊         | 841/10000 [00:21<04:35, 33.20it/s, acc=0.290, device=mps, eta=3m48s, loss=2.0347, sps=40.3]
BC[stage1_datasets_L40_stepsweep/bc_shift4_scale_0p8_1p2_steps10000_tr1]:   8%|▊         | 849/10000 [00:21<03:41, 41.22it/s, acc=0.290, device=mps, eta=3m48s, loss=2.0347, sps=40.3]
BC[stage1_datasets_L40_stepsweep/bc_shift4_scale_0p8_1p2_steps10000_tr1]:   9%|▊         | 857/10000 [00:21<03:09, 48.30it/s, acc=0.290, device=mps, eta=3m48s, loss=2.0347, sps=40.3]
BC[stage1_datasets_L40_stepsweep/bc_shift4_scale_0p8_1p2_steps10000_tr1]:   9%|▊         | 863/10000 [00:21<04:10, 36.41it/s, acc=0.290, device=mps, eta=3m48s, loss=2.0347, sps=40.3]
BC[stage1_datasets_L40_stepsweep/bc_shift4_scale_0p8_1p2_steps10000_tr1]:   9%|▊         | 871/10000 [00:21<03:29, 43.56it/s, acc=0.290, device=mps, eta=3m48s, loss=2.0347, sps=40.3]
BC[stage1_datasets_L40_stepsweep/bc_shift4_scale_0p8_1p2_steps10000_tr1]:   9%|▉         | 879/10000 [00:21<03:02, 50.08it/s, acc=0.290, device=mps, eta=3m48s, loss=2.0347, sps=40.3]
BC[stage1_datasets_L40_stepsweep/bc_shift4_scale_0p8_1p2_steps10000_tr1]:   9%|▉         | 886/10000 [00:22<04:04, 37.26it/s, acc=0.290, device=mps, eta=3m48s, loss=2.0347, sps=40.3]
BC[stage1_datasets_L40_stepsweep/bc_shift4_scale_0p8_1p2_steps10000_tr1]:   9%|▉         | 891/10000 [00:22<03:54, 38.84it/s, acc=0.290, device=mps, eta=3m48s, loss=2.0347, sps=40.3]
BC[stage1_datasets_L40_stepsweep/bc_shift4_scale_0p8_1p2_steps10000_tr1]:   9%|▉         | 898/10000 [00:22<03:26, 44.17it/s, acc=0.290, device=mps, eta=3m48s, loss=2.0347, sps=40.3]
BC[stage1_datasets_L40_stepsweep/bc_shift4_scale_0p8_1p2_steps10000_tr1]:   9%|▉         | 904/10000 [00:22<04:27, 34.00it/s, acc=0.290, device=mps, eta=3m48s, loss=2.0347, sps=40.3]
BC[stage1_datasets_L40_stepsweep/bc_shift4_scale_0p8_1p2_steps10000_tr1]:   9%|▉         | 912/10000 [00:22<03:37, 41.87it/s, acc=0.290, device=mps, eta=3m48s, loss=2.0347, sps=40.3]
BC[stage1_datasets_L40_stepsweep/bc_shift4_scale_0p8_1p2_steps10000_tr1]:   9%|▉         | 920/10000 [00:22<03:04, 49.26it/s, acc=0.290, device=mps, eta=3m48s, loss=2.0347, sps=40.3]
BC[stage1_datasets_L40_stepsweep/bc_shift4_scale_0p8_1p2_steps10000_tr1]:   9%|▉         | 926/10000 [00:23<04:06, 36.76it/s, acc=0.290, device=mps, eta=3m48s, loss=2.0347, sps=40.3]
BC[stage1_datasets_L40_stepsweep/bc_shift4_scale_0p8_1p2_steps10000_tr1]:   9%|▉         | 931/10000 [00:23<04:09, 36.33it/s, acc=0.290, device=mps, eta=3m48s, loss=2.0347, sps=40.3]
BC[stage1_datasets_L40_stepsweep/bc_shift4_scale_0p8_1p2_steps10000_tr1]:   9%|▉         | 937/10000 [00:23<03:44, 40.42it/s, acc=0.290, device=mps, eta=3m48s, loss=2.0347, sps=40.3]
BC[stage1_datasets_L40_stepsweep/bc_shift4_scale_0p8_1p2_steps10000_tr1]:   9%|▉         | 942/10000 [00:23<04:53, 30.83it/s, acc=0.290, device=mps, eta=3m48s, loss=2.0347, sps=40.3]
BC[stage1_datasets_L40_stepsweep/bc_shift4_scale_0p8_1p2_steps10000_tr1]:   9%|▉         | 949/10000 [00:23<03:58, 38.01it/s, acc=0.290, device=mps, eta=3m48s, loss=2.0347, sps=40.3]
BC[stage1_datasets_L40_stepsweep/bc_shift4_scale_0p8_1p2_steps10000_tr1]:  10%|▉         | 956/10000 [00:23<03:24, 44.29it/s, acc=0.290, device=mps, eta=3m48s, loss=2.0347, sps=40.3]
BC[stage1_datasets_L40_stepsweep/bc_shift4_scale_0p8_1p2_steps10000_tr1]:  10%|▉         | 962/10000 [00:24<04:28, 33.64it/s, acc=0.290, device=mps, eta=3m48s, loss=2.0347, sps=40.3]
BC[stage1_datasets_L40_stepsweep/bc_shift4_scale_0p8_1p2_steps10000_tr1]:  10%|▉         | 970/10000 [00:24<03:36, 41.77it/s, acc=0.290, device=mps, eta=3m48s, loss=2.0347, sps=40.3]
BC[stage1_datasets_L40_stepsweep/bc_shift4_scale_0p8_1p2_steps10000_tr1]:  10%|▉         | 978/10000 [00:24<03:04, 48.82it/s, acc=0.290, device=mps, eta=3m48s, loss=2.0347, sps=40.3]
BC[stage1_datasets_L40_stepsweep/bc_shift4_scale_0p8_1p2_steps10000_tr1]:  10%|▉         | 984/10000 [00:24<04:06, 36.61it/s, acc=0.290, device=mps, eta=3m48s, loss=2.0347, sps=40.3]
BC[stage1_datasets_L40_stepsweep/bc_shift4_scale_0p8_1p2_steps10000_tr1]:  10%|▉         | 992/10000 [00:24<03:23, 44.16it/s, acc=0.290, device=mps, eta=3m48s, loss=2.0347, sps=40.3]
BC[stage1_datasets_L40_stepsweep/bc_shift4_scale_0p8_1p2_steps10000_tr1]:  10%|▉         | 992/10000 [00:24<03:23, 44.16it/s, acc=0.292, device=mps, eta=3m44s, loss=2.0286, sps=40.2]
BC[stage1_datasets_L40_stepsweep/bc_shift4_scale_0p8_1p2_steps10000_tr1]:  10%|█         | 1000/10000 [00:24<02:56, 51.01it/s, acc=0.292, device=mps, eta=3m44s, loss=2.0286, sps=40.2]
BC[stage1_datasets_L40_stepsweep/bc_shift4_scale_0p8_1p2_steps10000_tr1]:  10%|█         | 1007/10000 [00:25<03:54, 38.32it/s, acc=0.292, device=mps, eta=3m44s, loss=2.0286, sps=40.2]
BC[stage1_datasets_L40_stepsweep/bc_shift4_scale_0p8_1p2_steps10000_tr1]:  10%|█         | 1015/10000 [00:25<03:19, 45.11it/s, acc=0.292, device=mps, eta=3m44s, loss=2.0286, sps=40.2]
BC[stage1_datasets_L40_stepsweep/bc_shift4_scale_0p8_1p2_steps10000_tr1]:  10%|█         | 1021/10000 [00:25<04:18, 34.69it/s, acc=0.292, device=mps, eta=3m44s, loss=2.0286, sps=40.2]
BC[stage1_datasets_L40_stepsweep/bc_shift4_scale_0p8_1p2_steps10000_tr1]:  10%|█         | 1029/10000 [00:25<03:33, 42.08it/s, acc=0.292, device=mps, eta=3m44s, loss=2.0286, sps=40.2]
BC[stage1_datasets_L40_stepsweep/bc_shift4_scale_0p8_1p2_steps10000_tr1]:  10%|█         | 1036/10000 [00:25<03:08, 47.46it/s, acc=0.292, device=mps, eta=3m44s, loss=2.0286, sps=40.2]
BC[stage1_datasets_L40_stepsweep/bc_shift4_scale_0p8_1p2_steps10000_tr1]:  10%|█         | 1042/10000 [00:26<04:03, 36.85it/s, acc=0.292, device=mps, eta=3m44s, loss=2.0286, sps=40.2]
BC[stage1_datasets_L40_stepsweep/bc_shift4_scale_0p8_1p2_steps10000_tr1]:  10%|█         | 1050/10000 [00:26<03:21, 44.37it/s, acc=0.292, device=mps, eta=3m44s, loss=2.0286, sps=40.2]
BC[stage1_datasets_L40_stepsweep/bc_shift4_scale_0p8_1p2_steps10000_tr1]:  11%|█         | 1058/10000 [00:26<02:56, 50.76it/s, acc=0.292, device=mps, eta=3m44s, loss=2.0286, sps=40.2]
BC[stage1_datasets_L40_stepsweep/bc_shift4_scale_0p8_1p2_steps10000_tr1]:  11%|█         | 1065/10000 [00:26<03:53, 38.20it/s, acc=0.292, device=mps, eta=3m44s, loss=2.0286, sps=40.2]
BC[stage1_datasets_L40_stepsweep/bc_shift4_scale_0p8_1p2_steps10000_tr1]:  11%|█         | 1073/10000 [00:26<03:17, 45.20it/s, acc=0.292, device=mps, eta=3m44s, loss=2.0286, sps=40.2]
BC[stage1_datasets_L40_stepsweep/bc_shift4_scale_0p8_1p2_steps10000_tr1]:  11%|█         | 1081/10000 [00:26<04:02, 36.71it/s, acc=0.292, device=mps, eta=3m44s, loss=2.0286, sps=40.2]
BC[stage1_datasets_L40_stepsweep/bc_shift4_scale_0p8_1p2_steps10000_tr1]:  11%|█         | 1089/10000 [00:27<03:24, 43.59it/s, acc=0.292, device=mps, eta=3m44s, loss=2.0286, sps=40.2]
BC[stage1_datasets_L40_stepsweep/bc_shift4_scale_0p8_1p2_steps10000_tr1]:  11%|█         | 1097/10000 [00:27<02:58, 49.89it/s, acc=0.292, device=mps, eta=3m44s, loss=2.0286, sps=40.2]
BC[stage1_datasets_L40_stepsweep/bc_shift4_scale_0p8_1p2_steps10000_tr1]:  11%|█         | 1104/10000 [00:27<03:51, 38.39it/s, acc=0.292, device=mps, eta=3m44s, loss=2.0286, sps=40.2]
BC[stage1_datasets_L40_stepsweep/bc_shift4_scale_0p8_1p2_steps10000_tr1]:  11%|█         | 1112/10000 [00:27<03:16, 45.25it/s, acc=0.292, device=mps, eta=3m44s, loss=2.0286, sps=40.2]
BC[stage1_datasets_L40_stepsweep/bc_shift4_scale_0p8_1p2_steps10000_tr1]:  11%|█         | 1120/10000 [00:27<02:51, 51.73it/s, acc=0.292, device=mps, eta=3m44s, loss=2.0286, sps=40.2]
BC[stage1_datasets_L40_stepsweep/bc_shift4_scale_0p8_1p2_steps10000_tr1]:  11%|█▏        | 1127/10000 [00:27<03:47, 38.95it/s, acc=0.292, device=mps, eta=3m44s, loss=2.0286, sps=40.2]
BC[stage1_datasets_L40_stepsweep/bc_shift4_scale_0p8_1p2_steps10000_tr1]:  11%|█▏        | 1135/10000 [00:28<03:14, 45.62it/s, acc=0.292, device=mps, eta=3m44s, loss=2.0286, sps=40.2]
BC[stage1_datasets_L40_stepsweep/bc_shift4_scale_0p8_1p2_steps10000_tr1]:  11%|█▏        | 1141/10000 [00:28<04:08, 35.63it/s, acc=0.292, device=mps, eta=3m44s, loss=2.0286, sps=40.2]
BC[stage1_datasets_L40_stepsweep/bc_shift4_scale_0p8_1p2_steps10000_tr1]:  11%|█▏        | 1149/10000 [00:28<03:26, 42.87it/s, acc=0.292, device=mps, eta=3m44s, loss=2.0286, sps=40.2]
BC[stage1_datasets_L40_stepsweep/bc_shift4_scale_0p8_1p2_steps10000_tr1]:  12%|█▏        | 1157/10000 [00:28<02:59, 49.32it/s, acc=0.292, device=mps, eta=3m44s, loss=2.0286, sps=40.2]
BC[stage1_datasets_L40_stepsweep/bc_shift4_scale_0p8_1p2_steps10000_tr1]:  12%|█▏        | 1164/10000 [00:28<03:52, 38.08it/s, acc=0.292, device=mps, eta=3m44s, loss=2.0286, sps=40.2]
BC[stage1_datasets_L40_stepsweep/bc_shift4_scale_0p8_1p2_steps10000_tr1]:  12%|█▏        | 1172/10000 [00:28<03:14, 45.32it/s, acc=0.292, device=mps, eta=3m44s, loss=2.0286, sps=40.2]
BC[stage1_datasets_L40_stepsweep/bc_shift4_scale_0p8_1p2_steps10000_tr1]:  12%|█▏        | 1181/10000 [00:29<03:54, 37.62it/s, acc=0.292, device=mps, eta=3m44s, loss=2.0286, sps=40.2]
BC[stage1_datasets_L40_stepsweep/bc_shift4_scale_0p8_1p2_steps10000_tr1]:  12%|█▏        | 1186/10000 [00:29<03:43, 39.36it/s, acc=0.292, device=mps, eta=3m44s, loss=2.0286, sps=40.2]
BC[stage1_datasets_L40_stepsweep/bc_shift4_scale_0p8_1p2_steps10000_tr1]:  12%|█▏        | 1192/10000 [00:29<03:26, 42.66it/s, acc=0.292, device=mps, eta=3m44s, loss=2.0286, sps=40.2]
BC[stage1_datasets_L40_stepsweep/bc_shift4_scale_0p8_1p2_steps10000_tr1]:  12%|█▏        | 1199/10000 [00:29<03:04, 47.71it/s, acc=0.292, device=mps, eta=3m44s, loss=2.0286, sps=40.2]
BC[stage1_datasets_L40_stepsweep/bc_shift4_scale_0p8_1p2_steps10000_tr1]:  12%|█▏        | 1199/10000 [00:29<03:04, 47.71it/s, acc=0.291, device=mps, eta=3m37s, loss=2.0257, sps=40.5]
BC[stage1_datasets_L40_stepsweep/bc_shift4_scale_0p8_1p2_steps10000_tr1]:  12%|█▏        | 1205/10000 [00:29<04:07, 35.52it/s, acc=0.291, device=mps, eta=3m37s, loss=2.0257, sps=40.5]
BC[stage1_datasets_L40_stepsweep/bc_shift4_scale_0p8_1p2_steps10000_tr1]:  12%|█▏        | 1213/10000 [00:29<03:23, 43.17it/s, acc=0.291, device=mps, eta=3m37s, loss=2.0257, sps=40.5]
BC[stage1_datasets_L40_stepsweep/bc_shift4_scale_0p8_1p2_steps10000_tr1]:  12%|█▏        | 1221/10000 [00:30<04:07, 35.52it/s, acc=0.291, device=mps, eta=3m37s, loss=2.0257, sps=40.5]
BC[stage1_datasets_L40_stepsweep/bc_shift4_scale_0p8_1p2_steps10000_tr1]:  12%|█▏        | 1229/10000 [00:30<03:25, 42.63it/s, acc=0.291, device=mps, eta=3m37s, loss=2.0257, sps=40.5]
BC[stage1_datasets_L40_stepsweep/bc_shift4_scale_0p8_1p2_steps10000_tr1]:  12%|█▏        | 1237/10000 [00:30<02:58, 49.06it/s, acc=0.291, device=mps, eta=3m37s, loss=2.0257, sps=40.5]
BC[stage1_datasets_L40_stepsweep/bc_shift4_scale_0p8_1p2_steps10000_tr1]:  12%|█▏        | 1243/10000 [00:30<03:55, 37.22it/s, acc=0.291, device=mps, eta=3m37s, loss=2.0257, sps=40.5]
BC[stage1_datasets_L40_stepsweep/bc_shift4_scale_0p8_1p2_steps10000_tr1]:  13%|█▎        | 1251/10000 [00:30<03:17, 44.37it/s, acc=0.291, device=mps, eta=3m37s, loss=2.0257, sps=40.5]
BC[stage1_datasets_L40_stepsweep/bc_shift4_scale_0p8_1p2_steps10000_tr1]:  13%|█▎        | 1259/10000 [00:31<02:53, 50.44it/s, acc=0.291, device=mps, eta=3m37s, loss=2.0257, sps=40.5]
BC[stage1_datasets_L40_stepsweep/bc_shift4_scale_0p8_1p2_steps10000_tr1]:  13%|█▎        | 1266/10000 [00:31<04:00, 36.37it/s, acc=0.291, device=mps, eta=3m37s, loss=2.0257, sps=40.5]
BC[stage1_datasets_L40_stepsweep/bc_shift4_scale_0p8_1p2_steps10000_tr1]:  13%|█▎        | 1272/10000 [00:31<03:37, 40.14it/s, acc=0.291, device=mps, eta=3m37s, loss=2.0257, sps=40.5]
BC[stage1_datasets_L40_stepsweep/bc_shift4_scale_0p8_1p2_steps10000_tr1]:  13%|█▎        | 1279/10000 [00:31<03:12, 45.40it/s, acc=0.291, device=mps, eta=3m37s, loss=2.0257, sps=40.5]
BC[stage1_datasets_L40_stepsweep/bc_shift4_scale_0p8_1p2_steps10000_tr1]:  13%|█▎        | 1285/10000 [00:31<04:09, 34.88it/s, acc=0.291, device=mps, eta=3m37s, loss=2.0257, sps=40.5]
BC[stage1_datasets_L40_stepsweep/bc_shift4_scale_0p8_1p2_steps10000_tr1]:  13%|█▎        | 1293/10000 [00:31<03:24, 42.53it/s, acc=0.291, device=mps, eta=3m37s, loss=2.0257, sps=40.5]
BC[stage1_datasets_L40_stepsweep/bc_shift4_scale_0p8_1p2_steps10000_tr1]:  13%|█▎        | 1301/10000 [00:32<04:06, 35.24it/s, acc=0.291, device=mps, eta=3m37s, loss=2.0257, sps=40.5]
BC[stage1_datasets_L40_stepsweep/bc_shift4_scale_0p8_1p2_steps10000_tr1]:  13%|█▎        | 1309/10000 [00:32<03:25, 42.31it/s, acc=0.291, device=mps, eta=3m37s, loss=2.0257, sps=40.5]
BC[stage1_datasets_L40_stepsweep/bc_shift4_scale_0p8_1p2_steps10000_tr1]:  13%|█▎        | 1317/10000 [00:32<02:58, 48.55it/s, acc=0.291, device=mps, eta=3m37s, loss=2.0257, sps=40.5]
BC[stage1_datasets_L40_stepsweep/bc_shift4_scale_0p8_1p2_steps10000_tr1]:  13%|█▎        | 1323/10000 [00:32<03:54, 37.07it/s, acc=0.291, device=mps, eta=3m37s, loss=2.0257, sps=40.5]
BC[stage1_datasets_L40_stepsweep/bc_shift4_scale_0p8_1p2_steps10000_tr1]:  13%|█▎        | 1331/10000 [00:32<03:16, 44.14it/s, acc=0.291, device=mps, eta=3m37s, loss=2.0257, sps=40.5]
BC[stage1_datasets_L40_stepsweep/bc_shift4_scale_0p8_1p2_steps10000_tr1]:  13%|█▎        | 1339/10000 [00:32<02:51, 50.39it/s, acc=0.291, device=mps, eta=3m37s, loss=2.0257, sps=40.5]
BC[stage1_datasets_L40_stepsweep/bc_shift4_scale_0p8_1p2_steps10000_tr1]:  13%|█▎        | 1346/10000 [00:33<04:00, 36.00it/s, acc=0.291, device=mps, eta=3m37s, loss=2.0257, sps=40.5]
BC[stage1_datasets_L40_stepsweep/bc_shift4_scale_0p8_1p2_steps10000_tr1]:  14%|█▎        | 1352/10000 [00:33<03:38, 39.54it/s, acc=0.291, device=mps, eta=3m37s, loss=2.0257, sps=40.5]
BC[stage1_datasets_L40_stepsweep/bc_shift4_scale_0p8_1p2_steps10000_tr1]:  14%|█▎        | 1358/10000 [00:33<03:19, 43.39it/s, acc=0.291, device=mps, eta=3m37s, loss=2.0257, sps=40.5]
BC[stage1_datasets_L40_stepsweep/bc_shift4_scale_0p8_1p2_steps10000_tr1]:  14%|█▎        | 1364/10000 [00:33<04:16, 33.71it/s, acc=0.291, device=mps, eta=3m37s, loss=2.0257, sps=40.5]
BC[stage1_datasets_L40_stepsweep/bc_shift4_scale_0p8_1p2_steps10000_tr1]:  14%|█▎        | 1372/10000 [00:33<03:26, 41.71it/s, acc=0.291, device=mps, eta=3m37s, loss=2.0257, sps=40.5]
BC[stage1_datasets_L40_stepsweep/bc_shift4_scale_0p8_1p2_steps10000_tr1]:  14%|█▍        | 1380/10000 [00:34<02:55, 49.16it/s, acc=0.291, device=mps, eta=3m37s, loss=2.0257, sps=40.5]
BC[stage1_datasets_L40_stepsweep/bc_shift4_scale_0p8_1p2_steps10000_tr1]:  14%|█▍        | 1387/10000 [00:34<03:50, 37.31it/s, acc=0.291, device=mps, eta=3m37s, loss=2.0257, sps=40.5]
BC[stage1_datasets_L40_stepsweep/bc_shift4_scale_0p8_1p2_steps10000_tr1]:  14%|█▍        | 1395/10000 [00:34<03:13, 44.49it/s, acc=0.291, device=mps, eta=3m37s, loss=2.0257, sps=40.5]
BC[stage1_datasets_L40_stepsweep/bc_shift4_scale_0p8_1p2_steps10000_tr1]:  14%|█▍        | 1395/10000 [00:34<03:13, 44.49it/s, acc=0.293, device=mps, eta=3m32s, loss=2.0261, sps=40.6]
BC[stage1_datasets_L40_stepsweep/bc_shift4_scale_0p8_1p2_steps10000_tr1]:  14%|█▍        | 1401/10000 [00:34<04:06, 34.87it/s, acc=0.293, device=mps, eta=3m32s, loss=2.0261, sps=40.6]
BC[stage1_datasets_L40_stepsweep/bc_shift4_scale_0p8_1p2_steps10000_tr1]:  14%|█▍        | 1409/10000 [00:34<03:23, 42.32it/s, acc=0.293, device=mps, eta=3m32s, loss=2.0261, sps=40.6]
BC[stage1_datasets_L40_stepsweep/bc_shift4_scale_0p8_1p2_steps10000_tr1]:  14%|█▍        | 1417/10000 [00:34<02:55, 48.90it/s, acc=0.293, device=mps, eta=3m32s, loss=2.0261, sps=40.6]
BC[stage1_datasets_L40_stepsweep/bc_shift4_scale_0p8_1p2_steps10000_tr1]:  14%|█▍        | 1424/10000 [00:35<03:46, 37.79it/s, acc=0.293, device=mps, eta=3m32s, loss=2.0261, sps=40.6]
BC[stage1_datasets_L40_stepsweep/bc_shift4_scale_0p8_1p2_steps10000_tr1]:  14%|█▍        | 1432/10000 [00:35<03:09, 45.19it/s, acc=0.293, device=mps, eta=3m32s, loss=2.0261, sps=40.6]
BC[stage1_datasets_L40_stepsweep/bc_shift4_scale_0p8_1p2_steps10000_tr1]:  14%|█▍        | 1441/10000 [00:35<03:47, 37.66it/s, acc=0.293, device=mps, eta=3m32s, loss=2.0261, sps=40.6]
BC[stage1_datasets_L40_stepsweep/bc_shift4_scale_0p8_1p2_steps10000_tr1]:  14%|█▍        | 1446/10000 [00:35<03:37, 39.29it/s, acc=0.293, device=mps, eta=3m32s, loss=2.0261, sps=40.6]
BC[stage1_datasets_L40_stepsweep/bc_shift4_scale_0p8_1p2_steps10000_tr1]:  15%|█▍        | 1453/10000 [00:35<03:13, 44.16it/s, acc=0.293, device=mps, eta=3m32s, loss=2.0261, sps=40.6]
BC[stage1_datasets_L40_stepsweep/bc_shift4_scale_0p8_1p2_steps10000_tr1]:  15%|█▍        | 1461/10000 [00:36<03:53, 36.55it/s, acc=0.293, device=mps, eta=3m32s, loss=2.0261, sps=40.6]
BC[stage1_datasets_L40_stepsweep/bc_shift4_scale_0p8_1p2_steps10000_tr1]:  15%|█▍        | 1469/10000 [00:36<03:15, 43.60it/s, acc=0.293, device=mps, eta=3m32s, loss=2.0261, sps=40.6]
BC[stage1_datasets_L40_stepsweep/bc_shift4_scale_0p8_1p2_steps10000_tr1]:  15%|█▍        | 1477/10000 [00:36<02:50, 49.95it/s, acc=0.293, device=mps, eta=3m32s, loss=2.0261, sps=40.6]
BC[stage1_datasets_L40_stepsweep/bc_shift4_scale_0p8_1p2_steps10000_tr1]:  15%|█▍        | 1483/10000 [00:36<03:48, 37.29it/s, acc=0.293, device=mps, eta=3m32s, loss=2.0261, sps=40.6]
BC[stage1_datasets_L40_stepsweep/bc_shift4_scale_0p8_1p2_steps10000_tr1]:  15%|█▍        | 1491/10000 [00:36<03:11, 44.55it/s, acc=0.293, device=mps, eta=3m32s, loss=2.0261, sps=40.6]
BC[stage1_datasets_L40_stepsweep/bc_shift4_scale_0p8_1p2_steps10000_tr1]:  15%|█▍        | 1498/10000 [00:36<02:51, 49.63it/s, acc=0.293, device=mps, eta=3m32s, loss=2.0261, sps=40.6]
BC[stage1_datasets_L40_stepsweep/bc_shift4_scale_0p8_1p2_steps10000_tr1]:  15%|█▌        | 1505/10000 [00:37<03:57, 35.73it/s, acc=0.293, device=mps, eta=3m32s, loss=2.0261, sps=40.6]
BC[stage1_datasets_L40_stepsweep/bc_shift4_scale_0p8_1p2_steps10000_tr1]:  15%|█▌        | 1510/10000 [00:37<03:45, 37.62it/s, acc=0.293, device=mps, eta=3m32s, loss=2.0261, sps=40.6]
BC[stage1_datasets_L40_stepsweep/bc_shift4_scale_0p8_1p2_steps10000_tr1]:  15%|█▌        | 1516/10000 [00:37<03:22, 41.90it/s, acc=0.293, device=mps, eta=3m32s, loss=2.0261, sps=40.6]
BC[stage1_datasets_L40_stepsweep/bc_shift4_scale_0p8_1p2_steps10000_tr1]:  15%|█▌        | 1522/10000 [00:37<04:26, 31.87it/s, acc=0.293, device=mps, eta=3m32s, loss=2.0261, sps=40.6]
BC[stage1_datasets_L40_stepsweep/bc_shift4_scale_0p8_1p2_steps10000_tr1]:  15%|█▌        | 1528/10000 [00:37<03:56, 35.77it/s, acc=0.293, device=mps, eta=3m32s, loss=2.0261, sps=40.6]
BC[stage1_datasets_L40_stepsweep/bc_shift4_scale_0p8_1p2_steps10000_tr1]:  15%|█▌        | 1534/10000 [00:37<03:29, 40.38it/s, acc=0.293, device=mps, eta=3m32s, loss=2.0261, sps=40.6]
BC[stage1_datasets_L40_stepsweep/bc_shift4_scale_0p8_1p2_steps10000_tr1]:  15%|█▌        | 1541/10000 [00:38<04:22, 32.18it/s, acc=0.293, device=mps, eta=3m32s, loss=2.0261, sps=40.6]
BC[stage1_datasets_L40_stepsweep/bc_shift4_scale_0p8_1p2_steps10000_tr1]:  15%|█▌        | 1549/10000 [00:38<03:31, 40.04it/s, acc=0.293, device=mps, eta=3m32s, loss=2.0261, sps=40.6]
BC[stage1_datasets_L40_stepsweep/bc_shift4_scale_0p8_1p2_steps10000_tr1]:  16%|█▌        | 1557/10000 [00:38<02:59, 46.96it/s, acc=0.293, device=mps, eta=3m32s, loss=2.0261, sps=40.6]
BC[stage1_datasets_L40_stepsweep/bc_shift4_scale_0p8_1p2_steps10000_tr1]:  16%|█▌        | 1563/10000 [00:38<04:08, 33.93it/s, acc=0.293, device=mps, eta=3m32s, loss=2.0261, sps=40.6]
BC[stage1_datasets_L40_stepsweep/bc_shift4_scale_0p8_1p2_steps10000_tr1]:  16%|█▌        | 1569/10000 [00:38<03:43, 37.64it/s, acc=0.293, device=mps, eta=3m32s, loss=2.0261, sps=40.6]
BC[stage1_datasets_L40_stepsweep/bc_shift4_scale_0p8_1p2_steps10000_tr1]:  16%|█▌        | 1576/10000 [00:38<03:14, 43.40it/s, acc=0.293, device=mps, eta=3m32s, loss=2.0261, sps=40.6]
BC[stage1_datasets_L40_stepsweep/bc_shift4_scale_0p8_1p2_steps10000_tr1]:  16%|█▌        | 1582/10000 [00:39<04:11, 33.42it/s, acc=0.293, device=mps, eta=3m32s, loss=2.0261, sps=40.6]
BC[stage1_datasets_L40_stepsweep/bc_shift4_scale_0p8_1p2_steps10000_tr1]:  16%|█▌        | 1588/10000 [00:39<03:41, 37.94it/s, acc=0.293, device=mps, eta=3m32s, loss=2.0261, sps=40.6]
BC[stage1_datasets_L40_stepsweep/bc_shift4_scale_0p8_1p2_steps10000_tr1]:  16%|█▌        | 1594/10000 [00:39<03:24, 41.07it/s, acc=0.293, device=mps, eta=3m32s, loss=2.0261, sps=40.6]
BC[stage1_datasets_L40_stepsweep/bc_shift4_scale_0p8_1p2_steps10000_tr1]:  16%|█▌        | 1594/10000 [00:39<03:24, 41.07it/s, acc=0.295, device=mps, eta=3m28s, loss=2.0169, sps=40.4]
BC[stage1_datasets_L40_stepsweep/bc_shift4_scale_0p8_1p2_steps10000_tr1]:  16%|█▌        | 1601/10000 [00:39<04:20, 32.21it/s, acc=0.295, device=mps, eta=3m28s, loss=2.0169, sps=40.4]
BC[stage1_datasets_L40_stepsweep/bc_shift4_scale_0p8_1p2_steps10000_tr1]:  16%|█▌        | 1607/10000 [00:39<03:49, 36.58it/s, acc=0.295, device=mps, eta=3m28s, loss=2.0169, sps=40.4]
BC[stage1_datasets_L40_stepsweep/bc_shift4_scale_0p8_1p2_steps10000_tr1]:  16%|█▌        | 1613/10000 [00:40<03:28, 40.31it/s, acc=0.295, device=mps, eta=3m28s, loss=2.0169, sps=40.4]
BC[stage1_datasets_L40_stepsweep/bc_shift4_scale_0p8_1p2_steps10000_tr1]:  16%|█▌        | 1620/10000 [00:40<02:59, 46.59it/s, acc=0.295, device=mps, eta=3m28s, loss=2.0169, sps=40.4]
BC[stage1_datasets_L40_stepsweep/bc_shift4_scale_0p8_1p2_steps10000_tr1]:  16%|█▋        | 1626/10000 [00:40<04:01, 34.74it/s, acc=0.295, device=mps, eta=3m28s, loss=2.0169, sps=40.4]
BC[stage1_datasets_L40_stepsweep/bc_shift4_scale_0p8_1p2_steps10000_tr1]:  16%|█▋        | 1634/10000 [00:40<03:15, 42.74it/s, acc=0.295, device=mps, eta=3m28s, loss=2.0169, sps=40.4]
BC[stage1_datasets_L40_stepsweep/bc_shift4_scale_0p8_1p2_steps10000_tr1]:  16%|█▋        | 1641/10000 [00:40<04:03, 34.37it/s, acc=0.295, device=mps, eta=3m28s, loss=2.0169, sps=40.4]
BC[stage1_datasets_L40_stepsweep/bc_shift4_scale_0p8_1p2_steps10000_tr1]:  16%|█▋        | 1649/10000 [00:40<03:19, 41.96it/s, acc=0.295, device=mps, eta=3m28s, loss=2.0169, sps=40.4]
BC[stage1_datasets_L40_stepsweep/bc_shift4_scale_0p8_1p2_steps10000_tr1]:  17%|█▋        | 1657/10000 [00:40<02:50, 49.05it/s, acc=0.295, device=mps, eta=3m28s, loss=2.0169, sps=40.4]
BC[stage1_datasets_L40_stepsweep/bc_shift4_scale_0p8_1p2_steps10000_tr1]:  17%|█▋        | 1664/10000 [00:41<03:41, 37.69it/s, acc=0.295, device=mps, eta=3m28s, loss=2.0169, sps=40.4]
BC[stage1_datasets_L40_stepsweep/bc_shift4_scale_0p8_1p2_steps10000_tr1]:  17%|█▋        | 1672/10000 [00:41<03:05, 44.86it/s, acc=0.295, device=mps, eta=3m28s, loss=2.0169, sps=40.4]
BC[stage1_datasets_L40_stepsweep/bc_shift4_scale_0p8_1p2_steps10000_tr1]:  17%|█▋        | 1680/10000 [00:41<02:40, 51.85it/s, acc=0.295, device=mps, eta=3m28s, loss=2.0169, sps=40.4]
BC[stage1_datasets_L40_stepsweep/bc_shift4_scale_0p8_1p2_steps10000_tr1]:  17%|█▋        | 1687/10000 [00:41<03:34, 38.73it/s, acc=0.295, device=mps, eta=3m28s, loss=2.0169, sps=40.4]
BC[stage1_datasets_L40_stepsweep/bc_shift4_scale_0p8_1p2_steps10000_tr1]:  17%|█▋        | 1695/10000 [00:41<03:01, 45.64it/s, acc=0.295, device=mps, eta=3m28s, loss=2.0169, sps=40.4]
BC[stage1_datasets_L40_stepsweep/bc_shift4_scale_0p8_1p2_steps10000_tr1]:  17%|█▋        | 1701/10000 [00:42<03:54, 35.44it/s, acc=0.295, device=mps, eta=3m28s, loss=2.0169, sps=40.4]
BC[stage1_datasets_L40_stepsweep/bc_shift4_scale_0p8_1p2_steps10000_tr1]:  17%|█▋        | 1709/10000 [00:42<03:13, 42.80it/s, acc=0.295, device=mps, eta=3m28s, loss=2.0169, sps=40.4]
BC[stage1_datasets_L40_stepsweep/bc_shift4_scale_0p8_1p2_steps10000_tr1]:  17%|█▋        | 1717/10000 [00:42<02:47, 49.39it/s, acc=0.295, device=mps, eta=3m28s, loss=2.0169, sps=40.4]
BC[stage1_datasets_L40_stepsweep/bc_shift4_scale_0p8_1p2_steps10000_tr1]:  17%|█▋        | 1724/10000 [00:42<03:37, 38.01it/s, acc=0.295, device=mps, eta=3m28s, loss=2.0169, sps=40.4]
BC[stage1_datasets_L40_stepsweep/bc_shift4_scale_0p8_1p2_steps10000_tr1]:  17%|█▋        | 1732/10000 [00:42<03:03, 45.15it/s, acc=0.295, device=mps, eta=3m28s, loss=2.0169, sps=40.4]
BC[stage1_datasets_L40_stepsweep/bc_shift4_scale_0p8_1p2_steps10000_tr1]:  17%|█▋        | 1740/10000 [00:42<02:38, 52.15it/s, acc=0.295, device=mps, eta=3m28s, loss=2.0169, sps=40.4]
BC[stage1_datasets_L40_stepsweep/bc_shift4_scale_0p8_1p2_steps10000_tr1]:  17%|█▋        | 1747/10000 [00:43<03:32, 38.79it/s, acc=0.295, device=mps, eta=3m28s, loss=2.0169, sps=40.4]
BC[stage1_datasets_L40_stepsweep/bc_shift4_scale_0p8_1p2_steps10000_tr1]:  18%|█▊        | 1755/10000 [00:43<02:59, 45.94it/s, acc=0.295, device=mps, eta=3m28s, loss=2.0169, sps=40.4]
BC[stage1_datasets_L40_stepsweep/bc_shift4_scale_0p8_1p2_steps10000_tr1]:  18%|█▊        | 1761/10000 [00:43<03:51, 35.54it/s, acc=0.295, device=mps, eta=3m28s, loss=2.0169, sps=40.4]
BC[stage1_datasets_L40_stepsweep/bc_shift4_scale_0p8_1p2_steps10000_tr1]:  18%|█▊        | 1767/10000 [00:43<03:27, 39.77it/s, acc=0.295, device=mps, eta=3m28s, loss=2.0169, sps=40.4]
BC[stage1_datasets_L40_stepsweep/bc_shift4_scale_0p8_1p2_steps10000_tr1]:  18%|█▊        | 1773/10000 [00:43<03:08, 43.54it/s, acc=0.295, device=mps, eta=3m28s, loss=2.0169, sps=40.4]
BC[stage1_datasets_L40_stepsweep/bc_shift4_scale_0p8_1p2_steps10000_tr1]:  18%|█▊        | 1780/10000 [00:43<02:46, 49.37it/s, acc=0.295, device=mps, eta=3m28s, loss=2.0169, sps=40.4]
BC[stage1_datasets_L40_stepsweep/bc_shift4_scale_0p8_1p2_steps10000_tr1]:  18%|█▊        | 1786/10000 [00:44<03:47, 36.13it/s, acc=0.295, device=mps, eta=3m28s, loss=2.0169, sps=40.4]
BC[stage1_datasets_L40_stepsweep/bc_shift4_scale_0p8_1p2_steps10000_tr1]:  18%|█▊        | 1794/10000 [00:44<03:06, 43.95it/s, acc=0.295, device=mps, eta=3m28s, loss=2.0169, sps=40.4]
BC[stage1_datasets_L40_stepsweep/bc_shift4_scale_0p8_1p2_steps10000_tr1]:  18%|█▊        | 1794/10000 [00:44<03:06, 43.95it/s, acc=0.294, device=mps, eta=3m22s, loss=2.0154, sps=40.6]
BC[stage1_datasets_L40_stepsweep/bc_shift4_scale_0p8_1p2_steps10000_tr1]:  18%|█▊        | 1801/10000 [00:44<03:53, 35.08it/s, acc=0.294, device=mps, eta=3m22s, loss=2.0154, sps=40.6]
BC[stage1_datasets_L40_stepsweep/bc_shift4_scale_0p8_1p2_steps10000_tr1]:  18%|█▊        | 1809/10000 [00:44<03:12, 42.65it/s, acc=0.294, device=mps, eta=3m22s, loss=2.0154, sps=40.6]
BC[stage1_datasets_L40_stepsweep/bc_shift4_scale_0p8_1p2_steps10000_tr1]:  18%|█▊        | 1817/10000 [00:44<02:45, 49.46it/s, acc=0.294, device=mps, eta=3m22s, loss=2.0154, sps=40.6]
BC[stage1_datasets_L40_stepsweep/bc_shift4_scale_0p8_1p2_steps10000_tr1]:  18%|█▊        | 1824/10000 [00:45<03:35, 37.90it/s, acc=0.294, device=mps, eta=3m22s, loss=2.0154, sps=40.6]
BC[stage1_datasets_L40_stepsweep/bc_shift4_scale_0p8_1p2_steps10000_tr1]:  18%|█▊        | 1832/10000 [00:45<03:01, 45.07it/s, acc=0.294, device=mps, eta=3m22s, loss=2.0154, sps=40.6]
BC[stage1_datasets_L40_stepsweep/bc_shift4_scale_0p8_1p2_steps10000_tr1]:  18%|█▊        | 1840/10000 [00:45<02:37, 51.88it/s, acc=0.294, device=mps, eta=3m22s, loss=2.0154, sps=40.6]
BC[stage1_datasets_L40_stepsweep/bc_shift4_scale_0p8_1p2_steps10000_tr1]:  18%|█▊        | 1847/10000 [00:45<03:30, 38.77it/s, acc=0.294, device=mps, eta=3m22s, loss=2.0154, sps=40.6]
BC[stage1_datasets_L40_stepsweep/bc_shift4_scale_0p8_1p2_steps10000_tr1]:  19%|█▊        | 1855/10000 [00:45<02:58, 45.62it/s, acc=0.294, device=mps, eta=3m22s, loss=2.0154, sps=40.6]
BC[stage1_datasets_L40_stepsweep/bc_shift4_scale_0p8_1p2_steps10000_tr1]:  19%|█▊        | 1861/10000 [00:45<03:49, 35.44it/s, acc=0.294, device=mps, eta=3m22s, loss=2.0154, sps=40.6]
BC[stage1_datasets_L40_stepsweep/bc_shift4_scale_0p8_1p2_steps10000_tr1]:  19%|█▊        | 1869/10000 [00:46<03:09, 42.89it/s, acc=0.294, device=mps, eta=3m22s, loss=2.0154, sps=40.6]
BC[stage1_datasets_L40_stepsweep/bc_shift4_scale_0p8_1p2_steps10000_tr1]:  19%|█▉        | 1877/10000 [00:46<02:44, 49.49it/s, acc=0.294, device=mps, eta=3m22s, loss=2.0154, sps=40.6]
BC[stage1_datasets_L40_stepsweep/bc_shift4_scale_0p8_1p2_steps10000_tr1]:  19%|█▉        | 1884/10000 [00:46<03:33, 37.95it/s, acc=0.294, device=mps, eta=3m22s, loss=2.0154, sps=40.6]
BC[stage1_datasets_L40_stepsweep/bc_shift4_scale_0p8_1p2_steps10000_tr1]:  19%|█▉        | 1892/10000 [00:46<02:59, 45.05it/s, acc=0.294, device=mps, eta=3m22s, loss=2.0154, sps=40.6]
BC[stage1_datasets_L40_stepsweep/bc_shift4_scale_0p8_1p2_steps10000_tr1]:  19%|█▉        | 1900/10000 [00:46<02:35, 52.06it/s, acc=0.294, device=mps, eta=3m22s, loss=2.0154, sps=40.6]
BC[stage1_datasets_L40_stepsweep/bc_shift4_scale_0p8_1p2_steps10000_tr1]:  19%|█▉        | 1907/10000 [00:46<03:28, 38.86it/s, acc=0.294, device=mps, eta=3m22s, loss=2.0154, sps=40.6]
BC[stage1_datasets_L40_stepsweep/bc_shift4_scale_0p8_1p2_steps10000_tr1]:  19%|█▉        | 1915/10000 [00:47<02:56, 45.90it/s, acc=0.294, device=mps, eta=3m22s, loss=2.0154, sps=40.6]
BC[stage1_datasets_L40_stepsweep/bc_shift4_scale_0p8_1p2_steps10000_tr1]:  19%|█▉        | 1921/10000 [00:47<03:46, 35.60it/s, acc=0.294, device=mps, eta=3m22s, loss=2.0154, sps=40.6]
BC[stage1_datasets_L40_stepsweep/bc_shift4_scale_0p8_1p2_steps10000_tr1]:  19%|█▉        | 1929/10000 [00:47<03:11, 42.17it/s, acc=0.294, device=mps, eta=3m22s, loss=2.0154, sps=40.6]
BC[stage1_datasets_L40_stepsweep/bc_shift4_scale_0p8_1p2_steps10000_tr1]:  19%|█▉        | 1935/10000 [00:47<03:02, 44.16it/s, acc=0.294, device=mps, eta=3m22s, loss=2.0154, sps=40.6]
BC[stage1_datasets_L40_stepsweep/bc_shift4_scale_0p8_1p2_steps10000_tr1]:  19%|█▉        | 1941/10000 [00:47<04:02, 33.25it/s, acc=0.294, device=mps, eta=3m22s, loss=2.0154, sps=40.6]
BC[stage1_datasets_L40_stepsweep/bc_shift4_scale_0p8_1p2_steps10000_tr1]:  20%|█▉        | 1950/10000 [00:48<03:10, 42.31it/s, acc=0.294, device=mps, eta=3m22s, loss=2.0154, sps=40.6]
BC[stage1_datasets_L40_stepsweep/bc_shift4_scale_0p8_1p2_steps10000_tr1]:  20%|█▉        | 1958/10000 [00:48<02:42, 49.61it/s, acc=0.294, device=mps, eta=3m22s, loss=2.0154, sps=40.6]
BC[stage1_datasets_L40_stepsweep/bc_shift4_scale_0p8_1p2_steps10000_tr1]:  20%|█▉        | 1965/10000 [00:48<03:30, 38.24it/s, acc=0.294, device=mps, eta=3m22s, loss=2.0154, sps=40.6]
BC[stage1_datasets_L40_stepsweep/bc_shift4_scale_0p8_1p2_steps10000_tr1]:  20%|█▉        | 1973/10000 [00:48<02:58, 45.06it/s, acc=0.294, device=mps, eta=3m22s, loss=2.0154, sps=40.6]
BC[stage1_datasets_L40_stepsweep/bc_shift4_scale_0p8_1p2_steps10000_tr1]:  20%|█▉        | 1981/10000 [00:48<03:38, 36.65it/s, acc=0.294, device=mps, eta=3m22s, loss=2.0154, sps=40.6]
BC[stage1_datasets_L40_stepsweep/bc_shift4_scale_0p8_1p2_steps10000_tr1]:  20%|█▉        | 1989/10000 [00:48<03:04, 43.48it/s, acc=0.294, device=mps, eta=3m22s, loss=2.0154, sps=40.6]
BC[stage1_datasets_L40_stepsweep/bc_shift4_scale_0p8_1p2_steps10000_tr1]:  20%|█▉        | 1997/10000 [00:49<02:40, 49.97it/s, acc=0.294, device=mps, eta=3m22s, loss=2.0154, sps=40.6]
BC[stage1_datasets_L40_stepsweep/bc_shift4_scale_0p8_1p2_steps10000_tr1]:  20%|█▉        | 1997/10000 [00:49<02:40, 49.97it/s, acc=0.295, device=mps, eta=3m16s, loss=2.0198, sps=40.7]
BC[stage1_datasets_L40_stepsweep/bc_shift4_scale_0p8_1p2_steps10000_tr1]:  20%|██        | 2004/10000 [00:49<03:27, 38.45it/s, acc=0.295, device=mps, eta=3m16s, loss=2.0198, sps=40.7]
BC[stage1_datasets_L40_stepsweep/bc_shift4_scale_0p8_1p2_steps10000_tr1]:  20%|██        | 2012/10000 [00:49<02:56, 45.30it/s, acc=0.295, device=mps, eta=3m16s, loss=2.0198, sps=40.7]
BC[stage1_datasets_L40_stepsweep/bc_shift4_scale_0p8_1p2_steps10000_tr1]:  20%|██        | 2020/10000 [00:49<02:33, 52.14it/s, acc=0.295, device=mps, eta=3m16s, loss=2.0198, sps=40.7]
BC[stage1_datasets_L40_stepsweep/bc_shift4_scale_0p8_1p2_steps10000_tr1]:  20%|██        | 2027/10000 [00:49<03:24, 39.05it/s, acc=0.295, device=mps, eta=3m16s, loss=2.0198, sps=40.7]
BC[stage1_datasets_L40_stepsweep/bc_shift4_scale_0p8_1p2_steps10000_tr1]:  20%|██        | 2035/10000 [00:49<02:54, 45.72it/s, acc=0.295, device=mps, eta=3m16s, loss=2.0198, sps=40.7]
BC[stage1_datasets_L40_stepsweep/bc_shift4_scale_0p8_1p2_steps10000_tr1]:  20%|██        | 2041/10000 [00:50<03:43, 35.55it/s, acc=0.295, device=mps, eta=3m16s, loss=2.0198, sps=40.7]
BC[stage1_datasets_L40_stepsweep/bc_shift4_scale_0p8_1p2_steps10000_tr1]:  20%|██        | 2049/10000 [00:50<03:05, 42.96it/s, acc=0.295, device=mps, eta=3m16s, loss=2.0198, sps=40.7]
BC[stage1_datasets_L40_stepsweep/bc_shift4_scale_0p8_1p2_steps10000_tr1]:  21%|██        | 2057/10000 [00:50<02:40, 49.48it/s, acc=0.295, device=mps, eta=3m16s, loss=2.0198, sps=40.7]
BC[stage1_datasets_L40_stepsweep/bc_shift4_scale_0p8_1p2_steps10000_tr1]:  21%|██        | 2064/10000 [00:50<03:28, 38.00it/s, acc=0.295, device=mps, eta=3m16s, loss=2.0198, sps=40.7]
BC[stage1_datasets_L40_stepsweep/bc_shift4_scale_0p8_1p2_steps10000_tr1]:  21%|██        | 2072/10000 [00:50<02:55, 45.05it/s, acc=0.295, device=mps, eta=3m16s, loss=2.0198, sps=40.7]
BC[stage1_datasets_L40_stepsweep/bc_shift4_scale_0p8_1p2_steps10000_tr1]:  21%|██        | 2080/10000 [00:50<02:32, 51.77it/s, acc=0.295, device=mps, eta=3m16s, loss=2.0198, sps=40.7]
BC[stage1_datasets_L40_stepsweep/bc_shift4_scale_0p8_1p2_steps10000_tr1]:  21%|██        | 2087/10000 [00:51<03:23, 38.91it/s, acc=0.295, device=mps, eta=3m16s, loss=2.0198, sps=40.7]
BC[stage1_datasets_L40_stepsweep/bc_shift4_scale_0p8_1p2_steps10000_tr1]:  21%|██        | 2095/10000 [00:51<02:52, 45.84it/s, acc=0.295, device=mps, eta=3m16s, loss=2.0198, sps=40.7]
BC[stage1_datasets_L40_stepsweep/bc_shift4_scale_0p8_1p2_steps10000_tr1]:  21%|██        | 2101/10000 [00:51<03:42, 35.51it/s, acc=0.295, device=mps, eta=3m16s, loss=2.0198, sps=40.7]
BC[stage1_datasets_L40_stepsweep/bc_shift4_scale_0p8_1p2_steps10000_tr1]:  21%|██        | 2109/10000 [00:51<03:03, 42.91it/s, acc=0.295, device=mps, eta=3m16s, loss=2.0198, sps=40.7]
BC[stage1_datasets_L40_stepsweep/bc_shift4_scale_0p8_1p2_steps10000_tr1]:  21%|██        | 2117/10000 [00:51<02:38, 49.70it/s, acc=0.295, device=mps, eta=3m16s, loss=2.0198, sps=40.7]
BC[stage1_datasets_L40_stepsweep/bc_shift4_scale_0p8_1p2_steps10000_tr1]:  21%|██        | 2124/10000 [00:52<03:27, 38.05it/s, acc=0.295, device=mps, eta=3m16s, loss=2.0198, sps=40.7]
BC[stage1_datasets_L40_stepsweep/bc_shift4_scale_0p8_1p2_steps10000_tr1]:  21%|██▏       | 2132/10000 [00:52<02:54, 45.11it/s, acc=0.295, device=mps, eta=3m16s, loss=2.0198, sps=40.7]
BC[stage1_datasets_L40_stepsweep/bc_shift4_scale_0p8_1p2_steps10000_tr1]:  21%|██▏       | 2141/10000 [00:52<03:29, 37.53it/s, acc=0.295, device=mps, eta=3m16s, loss=2.0198, sps=40.7]
BC[stage1_datasets_L40_stepsweep/bc_shift4_scale_0p8_1p2_steps10000_tr1]:  21%|██▏       | 2149/10000 [00:52<03:00, 43.55it/s, acc=0.295, device=mps, eta=3m16s, loss=2.0198, sps=40.7]
BC[stage1_datasets_L40_stepsweep/bc_shift4_scale_0p8_1p2_steps10000_tr1]:  22%|██▏       | 2155/10000 [00:52<02:52, 45.35it/s, acc=0.295, device=mps, eta=3m16s, loss=2.0198, sps=40.7]
BC[stage1_datasets_L40_stepsweep/bc_shift4_scale_0p8_1p2_steps10000_tr1]:  22%|██▏       | 2161/10000 [00:53<03:50, 34.05it/s, acc=0.295, device=mps, eta=3m16s, loss=2.0198, sps=40.7]
BC[stage1_datasets_L40_stepsweep/bc_shift4_scale_0p8_1p2_steps10000_tr1]:  22%|██▏       | 2167/10000 [00:53<03:24, 38.34it/s, acc=0.295, device=mps, eta=3m16s, loss=2.0198, sps=40.7]
BC[stage1_datasets_L40_stepsweep/bc_shift4_scale_0p8_1p2_steps10000_tr1]:  22%|██▏       | 2173/10000 [00:53<03:09, 41.29it/s, acc=0.295, device=mps, eta=3m16s, loss=2.0198, sps=40.7]
BC[stage1_datasets_L40_stepsweep/bc_shift4_scale_0p8_1p2_steps10000_tr1]:  22%|██▏       | 2180/10000 [00:53<02:47, 46.58it/s, acc=0.295, device=mps, eta=3m16s, loss=2.0198, sps=40.7]
BC[stage1_datasets_L40_stepsweep/bc_shift4_scale_0p8_1p2_steps10000_tr1]:  22%|██▏       | 2186/10000 [00:53<03:46, 34.55it/s, acc=0.295, device=mps, eta=3m16s, loss=2.0198, sps=40.7]
BC[stage1_datasets_L40_stepsweep/bc_shift4_scale_0p8_1p2_steps10000_tr1]:  22%|██▏       | 2194/10000 [00:53<03:02, 42.83it/s, acc=0.295, device=mps, eta=3m16s, loss=2.0198, sps=40.7]
BC[stage1_datasets_L40_stepsweep/bc_shift4_scale_0p8_1p2_steps10000_tr1]:  22%|██▏       | 2194/10000 [00:53<03:02, 42.83it/s, acc=0.297, device=mps, eta=3m11s, loss=2.0093, sps=40.8]
BC[stage1_datasets_L40_stepsweep/bc_shift4_scale_0p8_1p2_steps10000_tr1]:  22%|██▏       | 2201/10000 [00:54<03:43, 34.90it/s, acc=0.297, device=mps, eta=3m11s, loss=2.0093, sps=40.8]
BC[stage1_datasets_L40_stepsweep/bc_shift4_scale_0p8_1p2_steps10000_tr1]:  22%|██▏       | 2209/10000 [00:54<03:03, 42.43it/s, acc=0.297, device=mps, eta=3m11s, loss=2.0093, sps=40.8]
BC[stage1_datasets_L40_stepsweep/bc_shift4_scale_0p8_1p2_steps10000_tr1]:  22%|██▏       | 2217/10000 [00:54<02:37, 49.44it/s, acc=0.297, device=mps, eta=3m11s, loss=2.0093, sps=40.8]
BC[stage1_datasets_L40_stepsweep/bc_shift4_scale_0p8_1p2_steps10000_tr1]:  22%|██▏       | 2224/10000 [00:54<03:24, 37.94it/s, acc=0.297, device=mps, eta=3m11s, loss=2.0093, sps=40.8]
BC[stage1_datasets_L40_stepsweep/bc_shift4_scale_0p8_1p2_steps10000_tr1]:  22%|██▏       | 2232/10000 [00:54<02:52, 45.03it/s, acc=0.297, device=mps, eta=3m11s, loss=2.0093, sps=40.8]
BC[stage1_datasets_L40_stepsweep/bc_shift4_scale_0p8_1p2_steps10000_tr1]:  22%|██▏       | 2240/10000 [00:54<02:28, 52.10it/s, acc=0.297, device=mps, eta=3m11s, loss=2.0093, sps=40.8]
BC[stage1_datasets_L40_stepsweep/bc_shift4_scale_0p8_1p2_steps10000_tr1]:  22%|██▏       | 2247/10000 [00:55<03:19, 38.86it/s, acc=0.297, device=mps, eta=3m11s, loss=2.0093, sps=40.8]
BC[stage1_datasets_L40_stepsweep/bc_shift4_scale_0p8_1p2_steps10000_tr1]:  23%|██▎       | 2255/10000 [00:55<02:48, 46.00it/s, acc=0.297, device=mps, eta=3m11s, loss=2.0093, sps=40.8]
BC[stage1_datasets_L40_stepsweep/bc_shift4_scale_0p8_1p2_steps10000_tr1]:  23%|██▎       | 2261/10000 [00:55<03:36, 35.69it/s, acc=0.297, device=mps, eta=3m11s, loss=2.0093, sps=40.8]
BC[stage1_datasets_L40_stepsweep/bc_shift4_scale_0p8_1p2_steps10000_tr1]:  23%|██▎       | 2268/10000 [00:55<03:10, 40.52it/s, acc=0.297, device=mps, eta=3m11s, loss=2.0093, sps=40.8]
BC[stage1_datasets_L40_stepsweep/bc_shift4_scale_0p8_1p2_steps10000_tr1]:  23%|██▎       | 2274/10000 [00:55<03:00, 42.70it/s, acc=0.297, device=mps, eta=3m11s, loss=2.0093, sps=40.8]
BC[stage1_datasets_L40_stepsweep/bc_shift4_scale_0p8_1p2_steps10000_tr1]:  23%|██▎       | 2281/10000 [00:56<03:52, 33.27it/s, acc=0.297, device=mps, eta=3m11s, loss=2.0093, sps=40.8]
BC[stage1_datasets_L40_stepsweep/bc_shift4_scale_0p8_1p2_steps10000_tr1]:  23%|██▎       | 2287/10000 [00:56<03:25, 37.50it/s, acc=0.297, device=mps, eta=3m11s, loss=2.0093, sps=40.8]
BC[stage1_datasets_L40_stepsweep/bc_shift4_scale_0p8_1p2_steps10000_tr1]:  23%|██▎       | 2293/10000 [00:56<03:08, 40.82it/s, acc=0.297, device=mps, eta=3m11s, loss=2.0093, sps=40.8]
BC[stage1_datasets_L40_stepsweep/bc_shift4_scale_0p8_1p2_steps10000_tr1]:  23%|██▎       | 2300/10000 [00:56<02:45, 46.50it/s, acc=0.297, device=mps, eta=3m11s, loss=2.0093, sps=40.8]
BC[stage1_datasets_L40_stepsweep/bc_shift4_scale_0p8_1p2_steps10000_tr1]:  23%|██▎       | 2306/10000 [00:56<03:39, 35.03it/s, acc=0.297, device=mps, eta=3m11s, loss=2.0093, sps=40.8]
BC[stage1_datasets_L40_stepsweep/bc_shift4_scale_0p8_1p2_steps10000_tr1]:  23%|██▎       | 2314/10000 [00:56<02:58, 43.01it/s, acc=0.297, device=mps, eta=3m11s, loss=2.0093, sps=40.8]
BC[stage1_datasets_L40_stepsweep/bc_shift4_scale_0p8_1p2_steps10000_tr1]:  23%|██▎       | 2321/10000 [00:57<03:41, 34.62it/s, acc=0.297, device=mps, eta=3m11s, loss=2.0093, sps=40.8]
BC[stage1_datasets_L40_stepsweep/bc_shift4_scale_0p8_1p2_steps10000_tr1]:  23%|██▎       | 2329/10000 [00:57<03:01, 42.22it/s, acc=0.297, device=mps, eta=3m11s, loss=2.0093, sps=40.8]
BC[stage1_datasets_L40_stepsweep/bc_shift4_scale_0p8_1p2_steps10000_tr1]:  23%|██▎       | 2337/10000 [00:57<02:36, 49.03it/s, acc=0.297, device=mps, eta=3m11s, loss=2.0093, sps=40.8]
BC[stage1_datasets_L40_stepsweep/bc_shift4_scale_0p8_1p2_steps10000_tr1]:  23%|██▎       | 2344/10000 [00:57<03:23, 37.67it/s, acc=0.297, device=mps, eta=3m11s, loss=2.0093, sps=40.8]
BC[stage1_datasets_L40_stepsweep/bc_shift4_scale_0p8_1p2_steps10000_tr1]:  24%|██▎       | 2352/10000 [00:57<02:50, 44.80it/s, acc=0.297, device=mps, eta=3m11s, loss=2.0093, sps=40.8]
BC[stage1_datasets_L40_stepsweep/bc_shift4_scale_0p8_1p2_steps10000_tr1]:  24%|██▎       | 2360/10000 [00:57<02:28, 51.48it/s, acc=0.297, device=mps, eta=3m11s, loss=2.0093, sps=40.8]
BC[stage1_datasets_L40_stepsweep/bc_shift4_scale_0p8_1p2_steps10000_tr1]:  24%|██▎       | 2367/10000 [00:58<03:17, 38.73it/s, acc=0.297, device=mps, eta=3m11s, loss=2.0093, sps=40.8]
BC[stage1_datasets_L40_stepsweep/bc_shift4_scale_0p8_1p2_steps10000_tr1]:  24%|██▍       | 2375/10000 [00:58<02:47, 45.60it/s, acc=0.297, device=mps, eta=3m11s, loss=2.0093, sps=40.8]
BC[stage1_datasets_L40_stepsweep/bc_shift4_scale_0p8_1p2_steps10000_tr1]:  24%|██▍       | 2381/10000 [00:58<03:34, 35.46it/s, acc=0.297, device=mps, eta=3m11s, loss=2.0093, sps=40.8]
BC[stage1_datasets_L40_stepsweep/bc_shift4_scale_0p8_1p2_steps10000_tr1]:  24%|██▍       | 2389/10000 [00:58<02:57, 42.81it/s, acc=0.297, device=mps, eta=3m11s, loss=2.0093, sps=40.8]
BC[stage1_datasets_L40_stepsweep/bc_shift4_scale_0p8_1p2_steps10000_tr1]:  24%|██▍       | 2397/10000 [00:58<02:32, 49.84it/s, acc=0.297, device=mps, eta=3m11s, loss=2.0093, sps=40.8]
BC[stage1_datasets_L40_stepsweep/bc_shift4_scale_0p8_1p2_steps10000_tr1]:  24%|██▍       | 2397/10000 [00:58<02:32, 49.84it/s, acc=0.296, device=mps, eta=3m06s, loss=2.0184, sps=40.9]
BC[stage1_datasets_L40_stepsweep/bc_shift4_scale_0p8_1p2_steps10000_tr1]:  24%|██▍       | 2404/10000 [00:58<03:20, 37.81it/s, acc=0.296, device=mps, eta=3m06s, loss=2.0184, sps=40.9]
BC[stage1_datasets_L40_stepsweep/bc_shift4_scale_0p8_1p2_steps10000_tr1]:  24%|██▍       | 2410/10000 [00:59<03:02, 41.50it/s, acc=0.296, device=mps, eta=3m06s, loss=2.0184, sps=40.9]
BC[stage1_datasets_L40_stepsweep/bc_shift4_scale_0p8_1p2_steps10000_tr1]:  24%|██▍       | 2416/10000 [00:59<02:49, 44.87it/s, acc=0.296, device=mps, eta=3m06s, loss=2.0184, sps=40.9]
BC[stage1_datasets_L40_stepsweep/bc_shift4_scale_0p8_1p2_steps10000_tr1]:  24%|██▍       | 2422/10000 [00:59<03:46, 33.52it/s, acc=0.296, device=mps, eta=3m06s, loss=2.0184, sps=40.9]
BC[stage1_datasets_L40_stepsweep/bc_shift4_scale_0p8_1p2_steps10000_tr1]:  24%|██▍       | 2431/10000 [00:59<02:55, 43.04it/s, acc=0.296, device=mps, eta=3m06s, loss=2.0184, sps=40.9]
BC[stage1_datasets_L40_stepsweep/bc_shift4_scale_0p8_1p2_steps10000_tr1]:  24%|██▍       | 2439/10000 [00:59<02:29, 50.50it/s, acc=0.296, device=mps, eta=3m06s, loss=2.0184, sps=40.9]
BC[stage1_datasets_L40_stepsweep/bc_shift4_scale_0p8_1p2_steps10000_tr1]:  24%|██▍       | 2446/10000 [00:59<03:16, 38.39it/s, acc=0.296, device=mps, eta=3m06s, loss=2.0184, sps=40.9]
BC[stage1_datasets_L40_stepsweep/bc_shift4_scale_0p8_1p2_steps10000_tr1]:  25%|██▍       | 2454/10000 [01:00<02:45, 45.48it/s, acc=0.296, device=mps, eta=3m06s, loss=2.0184, sps=40.9]
BC[stage1_datasets_L40_stepsweep/bc_shift4_scale_0p8_1p2_steps10000_tr1]:  25%|██▍       | 2461/10000 [01:00<03:28, 36.07it/s, acc=0.296, device=mps, eta=3m06s, loss=2.0184, sps=40.9]
BC[stage1_datasets_L40_stepsweep/bc_shift4_scale_0p8_1p2_steps10000_tr1]:  25%|██▍       | 2469/10000 [01:00<02:53, 43.31it/s, acc=0.296, device=mps, eta=3m06s, loss=2.0184, sps=40.9]
BC[stage1_datasets_L40_stepsweep/bc_shift4_scale_0p8_1p2_steps10000_tr1]:  25%|██▍       | 2477/10000 [01:00<02:30, 49.84it/s, acc=0.296, device=mps, eta=3m06s, loss=2.0184, sps=40.9]
BC[stage1_datasets_L40_stepsweep/bc_shift4_scale_0p8_1p2_steps10000_tr1]:  25%|██▍       | 2484/10000 [01:00<03:16, 38.16it/s, acc=0.296, device=mps, eta=3m06s, loss=2.0184, sps=40.9]
BC[stage1_datasets_L40_stepsweep/bc_shift4_scale_0p8_1p2_steps10000_tr1]:  25%|██▍       | 2492/10000 [01:00<02:45, 45.25it/s, acc=0.296, device=mps, eta=3m06s, loss=2.0184, sps=40.9]
BC[stage1_datasets_L40_stepsweep/bc_shift4_scale_0p8_1p2_steps10000_tr1]:  25%|██▌       | 2501/10000 [01:01<03:19, 37.61it/s, acc=0.296, device=mps, eta=3m06s, loss=2.0184, sps=40.9]
BC[stage1_datasets_L40_stepsweep/bc_shift4_scale_0p8_1p2_steps10000_tr1]:  25%|██▌       | 2508/10000 [01:01<03:00, 41.44it/s, acc=0.296, device=mps, eta=3m06s, loss=2.0184, sps=40.9]
BC[stage1_datasets_L40_stepsweep/bc_shift4_scale_0p8_1p2_steps10000_tr1]:  25%|██▌       | 2514/10000 [01:01<02:50, 43.94it/s, acc=0.296, device=mps, eta=3m06s, loss=2.0184, sps=40.9]
BC[stage1_datasets_L40_stepsweep/bc_shift4_scale_0p8_1p2_steps10000_tr1]:  25%|██▌       | 2521/10000 [01:01<03:38, 34.18it/s, acc=0.296, device=mps, eta=3m06s, loss=2.0184, sps=40.9]
BC[stage1_datasets_L40_stepsweep/bc_shift4_scale_0p8_1p2_steps10000_tr1]:  25%|██▌       | 2527/10000 [01:01<03:20, 37.28it/s, acc=0.296, device=mps, eta=3m06s, loss=2.0184, sps=40.9]
BC[stage1_datasets_L40_stepsweep/bc_shift4_scale_0p8_1p2_steps10000_tr1]:  25%|██▌       | 2533/10000 [01:02<02:59, 41.51it/s, acc=0.296, device=mps, eta=3m06s, loss=2.0184, sps=40.9]
BC[stage1_datasets_L40_stepsweep/bc_shift4_scale_0p8_1p2_steps10000_tr1]:  25%|██▌       | 2541/10000 [01:02<03:36, 34.53it/s, acc=0.296, device=mps, eta=3m06s, loss=2.0184, sps=40.9]
BC[stage1_datasets_L40_stepsweep/bc_shift4_scale_0p8_1p2_steps10000_tr1]:  25%|██▌       | 2548/10000 [01:02<03:07, 39.80it/s, acc=0.296, device=mps, eta=3m06s, loss=2.0184, sps=40.9]
BC[stage1_datasets_L40_stepsweep/bc_shift4_scale_0p8_1p2_steps10000_tr1]:  26%|██▌       | 2555/10000 [01:02<02:48, 44.29it/s, acc=0.296, device=mps, eta=3m06s, loss=2.0184, sps=40.9]
BC[stage1_datasets_L40_stepsweep/bc_shift4_scale_0p8_1p2_steps10000_tr1]:  26%|██▌       | 2561/10000 [01:02<03:40, 33.77it/s, acc=0.296, device=mps, eta=3m06s, loss=2.0184, sps=40.9]
BC[stage1_datasets_L40_stepsweep/bc_shift4_scale_0p8_1p2_steps10000_tr1]:  26%|██▌       | 2568/10000 [01:03<03:12, 38.58it/s, acc=0.296, device=mps, eta=3m06s, loss=2.0184, sps=40.9]
BC[stage1_datasets_L40_stepsweep/bc_shift4_scale_0p8_1p2_steps10000_tr1]:  26%|██▌       | 2574/10000 [01:03<02:57, 41.76it/s, acc=0.296, device=mps, eta=3m06s, loss=2.0184, sps=40.9]
BC[stage1_datasets_L40_stepsweep/bc_shift4_scale_0p8_1p2_steps10000_tr1]:  26%|██▌       | 2581/10000 [01:03<03:46, 32.76it/s, acc=0.296, device=mps, eta=3m06s, loss=2.0184, sps=40.9]
BC[stage1_datasets_L40_stepsweep/bc_shift4_scale_0p8_1p2_steps10000_tr1]:  26%|██▌       | 2587/10000 [01:03<03:19, 37.17it/s, acc=0.296, device=mps, eta=3m06s, loss=2.0184, sps=40.9]
BC[stage1_datasets_L40_stepsweep/bc_shift4_scale_0p8_1p2_steps10000_tr1]:  26%|██▌       | 2593/10000 [01:03<03:03, 40.29it/s, acc=0.296, device=mps, eta=3m06s, loss=2.0184, sps=40.9]
BC[stage1_datasets_L40_stepsweep/bc_shift4_scale_0p8_1p2_steps10000_tr1]:  26%|██▌       | 2599/10000 [01:03<02:46, 44.45it/s, acc=0.296, device=mps, eta=3m06s, loss=2.0184, sps=40.9]
BC[stage1_datasets_L40_stepsweep/bc_shift4_scale_0p8_1p2_steps10000_tr1]:  26%|██▌       | 2599/10000 [01:03<02:46, 44.45it/s, acc=0.299, device=mps, eta=3m02s, loss=2.0067, sps=40.8]
BC[stage1_datasets_L40_stepsweep/bc_shift4_scale_0p8_1p2_steps10000_tr1]:  26%|██▌       | 2605/10000 [01:04<03:39, 33.71it/s, acc=0.299, device=mps, eta=3m02s, loss=2.0067, sps=40.8]
BC[stage1_datasets_L40_stepsweep/bc_shift4_scale_0p8_1p2_steps10000_tr1]:  26%|██▌       | 2613/10000 [01:04<02:56, 41.93it/s, acc=0.299, device=mps, eta=3m02s, loss=2.0067, sps=40.8]
BC[stage1_datasets_L40_stepsweep/bc_shift4_scale_0p8_1p2_steps10000_tr1]:  26%|██▌       | 2621/10000 [01:04<03:32, 34.74it/s, acc=0.299, device=mps, eta=3m02s, loss=2.0067, sps=40.8]
BC[stage1_datasets_L40_stepsweep/bc_shift4_scale_0p8_1p2_steps10000_tr1]:  26%|██▋       | 2629/10000 [01:04<02:53, 42.44it/s, acc=0.299, device=mps, eta=3m02s, loss=2.0067, sps=40.8]
BC[stage1_datasets_L40_stepsweep/bc_shift4_scale_0p8_1p2_steps10000_tr1]:  26%|██▋       | 2637/10000 [01:04<02:28, 49.70it/s, acc=0.299, device=mps, eta=3m02s, loss=2.0067, sps=40.8]
BC[stage1_datasets_L40_stepsweep/bc_shift4_scale_0p8_1p2_steps10000_tr1]:  26%|██▋       | 2644/10000 [01:04<03:11, 38.34it/s, acc=0.299, device=mps, eta=3m02s, loss=2.0067, sps=40.8]
BC[stage1_datasets_L40_stepsweep/bc_shift4_scale_0p8_1p2_steps10000_tr1]:  27%|██▋       | 2652/10000 [01:05<02:41, 45.45it/s, acc=0.299, device=mps, eta=3m02s, loss=2.0067, sps=40.8]
BC[stage1_datasets_L40_stepsweep/bc_shift4_scale_0p8_1p2_steps10000_tr1]:  27%|██▋       | 2660/10000 [01:05<02:20, 52.14it/s, acc=0.299, device=mps, eta=3m02s, loss=2.0067, sps=40.8]
BC[stage1_datasets_L40_stepsweep/bc_shift4_scale_0p8_1p2_steps10000_tr1]:  27%|██▋       | 2667/10000 [01:05<03:08, 38.90it/s, acc=0.299, device=mps, eta=3m02s, loss=2.0067, sps=40.8]
BC[stage1_datasets_L40_stepsweep/bc_shift4_scale_0p8_1p2_steps10000_tr1]:  27%|██▋       | 2675/10000 [01:05<02:40, 45.70it/s, acc=0.299, device=mps, eta=3m02s, loss=2.0067, sps=40.8]
BC[stage1_datasets_L40_stepsweep/bc_shift4_scale_0p8_1p2_steps10000_tr1]:  27%|██▋       | 2681/10000 [01:05<03:25, 35.54it/s, acc=0.299, device=mps, eta=3m02s, loss=2.0067, sps=40.8]
BC[stage1_datasets_L40_stepsweep/bc_shift4_scale_0p8_1p2_steps10000_tr1]:  27%|██▋       | 2689/10000 [01:05<02:50, 42.76it/s, acc=0.299, device=mps, eta=3m02s, loss=2.0067, sps=40.8]
BC[stage1_datasets_L40_stepsweep/bc_shift4_scale_0p8_1p2_steps10000_tr1]:  27%|██▋       | 2697/10000 [01:06<02:28, 49.09it/s, acc=0.299, device=mps, eta=3m02s, loss=2.0067, sps=40.8]
BC[stage1_datasets_L40_stepsweep/bc_shift4_scale_0p8_1p2_steps10000_tr1]:  27%|██▋       | 2704/10000 [01:06<03:18, 36.83it/s, acc=0.299, device=mps, eta=3m02s, loss=2.0067, sps=40.8]
BC[stage1_datasets_L40_stepsweep/bc_shift4_scale_0p8_1p2_steps10000_tr1]:  27%|██▋       | 2710/10000 [01:06<02:59, 40.64it/s, acc=0.299, device=mps, eta=3m02s, loss=2.0067, sps=40.8]
BC[stage1_datasets_L40_stepsweep/bc_shift4_scale_0p8_1p2_steps10000_tr1]:  27%|██▋       | 2716/10000 [01:06<02:47, 43.38it/s, acc=0.299, device=mps, eta=3m02s, loss=2.0067, sps=40.8]
BC[stage1_datasets_L40_stepsweep/bc_shift4_scale_0p8_1p2_steps10000_tr1]:  27%|██▋       | 2722/10000 [01:06<03:41, 32.87it/s, acc=0.299, device=mps, eta=3m02s, loss=2.0067, sps=40.8]
BC[stage1_datasets_L40_stepsweep/bc_shift4_scale_0p8_1p2_steps10000_tr1]:  27%|██▋       | 2730/10000 [01:06<02:57, 41.06it/s, acc=0.299, device=mps, eta=3m02s, loss=2.0067, sps=40.8]
BC[stage1_datasets_L40_stepsweep/bc_shift4_scale_0p8_1p2_steps10000_tr1]:  27%|██▋       | 2738/10000 [01:07<02:28, 48.86it/s, acc=0.299, device=mps, eta=3m02s, loss=2.0067, sps=40.8]
BC[stage1_datasets_L40_stepsweep/bc_shift4_scale_0p8_1p2_steps10000_tr1]:  27%|██▋       | 2745/10000 [01:07<03:12, 37.74it/s, acc=0.299, device=mps, eta=3m02s, loss=2.0067, sps=40.8]
BC[stage1_datasets_L40_stepsweep/bc_shift4_scale_0p8_1p2_steps10000_tr1]:  28%|██▊       | 2753/10000 [01:07<02:41, 44.96it/s, acc=0.299, device=mps, eta=3m02s, loss=2.0067, sps=40.8]
BC[stage1_datasets_L40_stepsweep/bc_shift4_scale_0p8_1p2_steps10000_tr1]:  28%|██▊       | 2761/10000 [01:07<03:17, 36.63it/s, acc=0.299, device=mps, eta=3m02s, loss=2.0067, sps=40.8]
BC[stage1_datasets_L40_stepsweep/bc_shift4_scale_0p8_1p2_steps10000_tr1]:  28%|██▊       | 2769/10000 [01:07<02:44, 44.03it/s, acc=0.299, device=mps, eta=3m02s, loss=2.0067, sps=40.8]
BC[stage1_datasets_L40_stepsweep/bc_shift4_scale_0p8_1p2_steps10000_tr1]:  28%|██▊       | 2777/10000 [01:07<02:23, 50.47it/s, acc=0.299, device=mps, eta=3m02s, loss=2.0067, sps=40.8]
BC[stage1_datasets_L40_stepsweep/bc_shift4_scale_0p8_1p2_steps10000_tr1]:  28%|██▊       | 2784/10000 [01:08<03:05, 38.96it/s, acc=0.299, device=mps, eta=3m02s, loss=2.0067, sps=40.8]
BC[stage1_datasets_L40_stepsweep/bc_shift4_scale_0p8_1p2_steps10000_tr1]:  28%|██▊       | 2792/10000 [01:08<02:37, 45.85it/s, acc=0.299, device=mps, eta=3m02s, loss=2.0067, sps=40.8]
BC[stage1_datasets_L40_stepsweep/bc_shift4_scale_0p8_1p2_steps10000_tr1]:  28%|██▊       | 2792/10000 [01:08<02:37, 45.85it/s, acc=0.299, device=mps, eta=2m56s, loss=2.0125, sps=40.9]
BC[stage1_datasets_L40_stepsweep/bc_shift4_scale_0p8_1p2_steps10000_tr1]:  28%|██▊       | 2800/10000 [01:08<02:16, 52.79it/s, acc=0.299, device=mps, eta=2m56s, loss=2.0125, sps=40.9]
BC[stage1_datasets_L40_stepsweep/bc_shift4_scale_0p8_1p2_steps10000_tr1]:  28%|██▊       | 2807/10000 [01:08<03:02, 39.35it/s, acc=0.299, device=mps, eta=2m56s, loss=2.0125, sps=40.9]
BC[stage1_datasets_L40_stepsweep/bc_shift4_scale_0p8_1p2_steps10000_tr1]:  28%|██▊       | 2815/10000 [01:08<02:35, 46.22it/s, acc=0.299, device=mps, eta=2m56s, loss=2.0125, sps=40.9]
BC[stage1_datasets_L40_stepsweep/bc_shift4_scale_0p8_1p2_steps10000_tr1]:  28%|██▊       | 2821/10000 [01:09<03:20, 35.73it/s, acc=0.299, device=mps, eta=2m56s, loss=2.0125, sps=40.9]
BC[stage1_datasets_L40_stepsweep/bc_shift4_scale_0p8_1p2_steps10000_tr1]:  28%|██▊       | 2829/10000 [01:09<02:46, 43.11it/s, acc=0.299, device=mps, eta=2m56s, loss=2.0125, sps=40.9]
BC[stage1_datasets_L40_stepsweep/bc_shift4_scale_0p8_1p2_steps10000_tr1]:  28%|██▊       | 2837/10000 [01:09<02:23, 49.89it/s, acc=0.299, device=mps, eta=2m56s, loss=2.0125, sps=40.9]
BC[stage1_datasets_L40_stepsweep/bc_shift4_scale_0p8_1p2_steps10000_tr1]:  28%|██▊       | 2844/10000 [01:09<03:07, 38.10it/s, acc=0.299, device=mps, eta=2m56s, loss=2.0125, sps=40.9]
BC[stage1_datasets_L40_stepsweep/bc_shift4_scale_0p8_1p2_steps10000_tr1]:  29%|██▊       | 2852/10000 [01:09<02:38, 45.21it/s, acc=0.299, device=mps, eta=2m56s, loss=2.0125, sps=40.9]
BC[stage1_datasets_L40_stepsweep/bc_shift4_scale_0p8_1p2_steps10000_tr1]:  29%|██▊       | 2860/10000 [01:09<02:18, 51.71it/s, acc=0.299, device=mps, eta=2m56s, loss=2.0125, sps=40.9]
BC[stage1_datasets_L40_stepsweep/bc_shift4_scale_0p8_1p2_steps10000_tr1]:  29%|██▊       | 2867/10000 [01:10<03:03, 38.84it/s, acc=0.299, device=mps, eta=2m56s, loss=2.0125, sps=40.9]
BC[stage1_datasets_L40_stepsweep/bc_shift4_scale_0p8_1p2_steps10000_tr1]:  29%|██▉       | 2875/10000 [01:10<02:34, 46.19it/s, acc=0.299, device=mps, eta=2m56s, loss=2.0125, sps=40.9]
BC[stage1_datasets_L40_stepsweep/bc_shift4_scale_0p8_1p2_steps10000_tr1]:  29%|██▉       | 2881/10000 [01:10<03:16, 36.18it/s, acc=0.299, device=mps, eta=2m56s, loss=2.0125, sps=40.9]
BC[stage1_datasets_L40_stepsweep/bc_shift4_scale_0p8_1p2_steps10000_tr1]:  29%|██▉       | 2889/10000 [01:10<02:43, 43.61it/s, acc=0.299, device=mps, eta=2m56s, loss=2.0125, sps=40.9]
BC[stage1_datasets_L40_stepsweep/bc_shift4_scale_0p8_1p2_steps10000_tr1]:  29%|██▉       | 2897/10000 [01:10<02:21, 50.17it/s, acc=0.299, device=mps, eta=2m56s, loss=2.0125, sps=40.9]
BC[stage1_datasets_L40_stepsweep/bc_shift4_scale_0p8_1p2_steps10000_tr1]:  29%|██▉       | 2904/10000 [01:11<03:05, 38.25it/s, acc=0.299, device=mps, eta=2m56s, loss=2.0125, sps=40.9]
BC[stage1_datasets_L40_stepsweep/bc_shift4_scale_0p8_1p2_steps10000_tr1]:  29%|██▉       | 2912/10000 [01:11<02:35, 45.49it/s, acc=0.299, device=mps, eta=2m56s, loss=2.0125, sps=40.9]
BC[stage1_datasets_L40_stepsweep/bc_shift4_scale_0p8_1p2_steps10000_tr1]:  29%|██▉       | 2921/10000 [01:11<03:04, 38.27it/s, acc=0.299, device=mps, eta=2m56s, loss=2.0125, sps=40.9]
BC[stage1_datasets_L40_stepsweep/bc_shift4_scale_0p8_1p2_steps10000_tr1]:  29%|██▉       | 2929/10000 [01:11<02:37, 44.92it/s, acc=0.299, device=mps, eta=2m56s, loss=2.0125, sps=40.9]
BC[stage1_datasets_L40_stepsweep/bc_shift4_scale_0p8_1p2_steps10000_tr1]:  29%|██▉       | 2937/10000 [01:11<02:18, 50.96it/s, acc=0.299, device=mps, eta=2m56s, loss=2.0125, sps=40.9]
BC[stage1_datasets_L40_stepsweep/bc_shift4_scale_0p8_1p2_steps10000_tr1]:  29%|██▉       | 2944/10000 [01:11<03:00, 39.05it/s, acc=0.299, device=mps, eta=2m56s, loss=2.0125, sps=40.9]
BC[stage1_datasets_L40_stepsweep/bc_shift4_scale_0p8_1p2_steps10000_tr1]:  30%|██▉       | 2952/10000 [01:12<02:33, 45.86it/s, acc=0.299, device=mps, eta=2m56s, loss=2.0125, sps=40.9]
BC[stage1_datasets_L40_stepsweep/bc_shift4_scale_0p8_1p2_steps10000_tr1]:  30%|██▉       | 2960/10000 [01:12<02:14, 52.33it/s, acc=0.299, device=mps, eta=2m56s, loss=2.0125, sps=40.9]
BC[stage1_datasets_L40_stepsweep/bc_shift4_scale_0p8_1p2_steps10000_tr1]:  30%|██▉       | 2967/10000 [01:12<02:58, 39.33it/s, acc=0.299, device=mps, eta=2m56s, loss=2.0125, sps=40.9]
BC[stage1_datasets_L40_stepsweep/bc_shift4_scale_0p8_1p2_steps10000_tr1]:  30%|██▉       | 2975/10000 [01:12<02:32, 46.04it/s, acc=0.299, device=mps, eta=2m56s, loss=2.0125, sps=40.9]
BC[stage1_datasets_L40_stepsweep/bc_shift4_scale_0p8_1p2_steps10000_tr1]:  30%|██▉       | 2981/10000 [01:12<03:16, 35.71it/s, acc=0.299, device=mps, eta=2m56s, loss=2.0125, sps=40.9]
BC[stage1_datasets_L40_stepsweep/bc_shift4_scale_0p8_1p2_steps10000_tr1]:  30%|██▉       | 2989/10000 [01:12<02:43, 42.99it/s, acc=0.299, device=mps, eta=2m56s, loss=2.0125, sps=40.9]
BC[stage1_datasets_L40_stepsweep/bc_shift4_scale_0p8_1p2_steps10000_tr1]:  30%|██▉       | 2997/10000 [01:13<02:20, 49.91it/s, acc=0.299, device=mps, eta=2m56s, loss=2.0125, sps=40.9]
BC[stage1_datasets_L40_stepsweep/bc_shift4_scale_0p8_1p2_steps10000_tr1]:  30%|██▉       | 2997/10000 [01:13<02:20, 49.91it/s, acc=0.299, device=mps, eta=2m51s, loss=2.0078, sps=41.0]
BC[stage1_datasets_L40_stepsweep/bc_shift4_scale_0p8_1p2_steps10000_tr1]:  30%|███       | 3004/10000 [01:13<03:03, 38.21it/s, acc=0.299, device=mps, eta=2m51s, loss=2.0078, sps=41.0]
BC[stage1_datasets_L40_stepsweep/bc_shift4_scale_0p8_1p2_steps10000_tr1]:  30%|███       | 3012/10000 [01:13<02:34, 45.24it/s, acc=0.299, device=mps, eta=2m51s, loss=2.0078, sps=41.0]
BC[stage1_datasets_L40_stepsweep/bc_shift4_scale_0p8_1p2_steps10000_tr1]:  30%|███       | 3020/10000 [01:13<02:14, 52.03it/s, acc=0.299, device=mps, eta=2m51s, loss=2.0078, sps=41.0]
BC[stage1_datasets_L40_stepsweep/bc_shift4_scale_0p8_1p2_steps10000_tr1]:  30%|███       | 3027/10000 [01:13<02:59, 38.81it/s, acc=0.299, device=mps, eta=2m51s, loss=2.0078, sps=41.0]
BC[stage1_datasets_L40_stepsweep/bc_shift4_scale_0p8_1p2_steps10000_tr1]:  30%|███       | 3035/10000 [01:13<02:31, 46.01it/s, acc=0.299, device=mps, eta=2m51s, loss=2.0078, sps=41.0]
BC[stage1_datasets_L40_stepsweep/bc_shift4_scale_0p8_1p2_steps10000_tr1]:  30%|███       | 3041/10000 [01:14<03:12, 36.12it/s, acc=0.299, device=mps, eta=2m51s, loss=2.0078, sps=41.0]
BC[stage1_datasets_L40_stepsweep/bc_shift4_scale_0p8_1p2_steps10000_tr1]:  30%|███       | 3049/10000 [01:14<02:39, 43.50it/s, acc=0.299, device=mps, eta=2m51s, loss=2.0078, sps=41.0]
BC[stage1_datasets_L40_stepsweep/bc_shift4_scale_0p8_1p2_steps10000_tr1]:  31%|███       | 3057/10000 [01:14<02:18, 50.01it/s, acc=0.299, device=mps, eta=2m51s, loss=2.0078, sps=41.0]
BC[stage1_datasets_L40_stepsweep/bc_shift4_scale_0p8_1p2_steps10000_tr1]:  31%|███       | 3064/10000 [01:14<03:01, 38.30it/s, acc=0.299, device=mps, eta=2m51s, loss=2.0078, sps=41.0]
BC[stage1_datasets_L40_stepsweep/bc_shift4_scale_0p8_1p2_steps10000_tr1]:  31%|███       | 3072/10000 [01:14<02:32, 45.42it/s, acc=0.299, device=mps, eta=2m51s, loss=2.0078, sps=41.0]
BC[stage1_datasets_L40_stepsweep/bc_shift4_scale_0p8_1p2_steps10000_tr1]:  31%|███       | 3080/10000 [01:14<02:11, 52.43it/s, acc=0.299, device=mps, eta=2m51s, loss=2.0078, sps=41.0]
BC[stage1_datasets_L40_stepsweep/bc_shift4_scale_0p8_1p2_steps10000_tr1]:  31%|███       | 3087/10000 [01:15<02:57, 39.03it/s, acc=0.299, device=mps, eta=2m51s, loss=2.0078, sps=41.0]
BC[stage1_datasets_L40_stepsweep/bc_shift4_scale_0p8_1p2_steps10000_tr1]:  31%|███       | 3095/10000 [01:15<02:29, 46.11it/s, acc=0.299, device=mps, eta=2m51s, loss=2.0078, sps=41.0]
BC[stage1_datasets_L40_stepsweep/bc_shift4_scale_0p8_1p2_steps10000_tr1]:  31%|███       | 3101/10000 [01:15<03:13, 35.71it/s, acc=0.299, device=mps, eta=2m51s, loss=2.0078, sps=41.0]
BC[stage1_datasets_L40_stepsweep/bc_shift4_scale_0p8_1p2_steps10000_tr1]:  31%|███       | 3109/10000 [01:15<02:43, 42.21it/s, acc=0.299, device=mps, eta=2m51s, loss=2.0078, sps=41.0]
BC[stage1_datasets_L40_stepsweep/bc_shift4_scale_0p8_1p2_steps10000_tr1]:  31%|███       | 3115/10000 [01:15<02:36, 44.08it/s, acc=0.299, device=mps, eta=2m51s, loss=2.0078, sps=41.0]
BC[stage1_datasets_L40_stepsweep/bc_shift4_scale_0p8_1p2_steps10000_tr1]:  31%|███       | 3121/10000 [01:16<03:26, 33.38it/s, acc=0.299, device=mps, eta=2m51s, loss=2.0078, sps=41.0]
BC[stage1_datasets_L40_stepsweep/bc_shift4_scale_0p8_1p2_steps10000_tr1]:  31%|███▏      | 3128/10000 [01:16<02:59, 38.36it/s, acc=0.299, device=mps, eta=2m51s, loss=2.0078, sps=41.0]
BC[stage1_datasets_L40_stepsweep/bc_shift4_scale_0p8_1p2_steps10000_tr1]:  31%|███▏      | 3134/10000 [01:16<02:45, 41.59it/s, acc=0.299, device=mps, eta=2m51s, loss=2.0078, sps=41.0]
BC[stage1_datasets_L40_stepsweep/bc_shift4_scale_0p8_1p2_steps10000_tr1]:  31%|███▏      | 3141/10000 [01:16<03:30, 32.63it/s, acc=0.299, device=mps, eta=2m51s, loss=2.0078, sps=41.0]
BC[stage1_datasets_L40_stepsweep/bc_shift4_scale_0p8_1p2_steps10000_tr1]:  31%|███▏      | 3149/10000 [01:16<02:51, 39.86it/s, acc=0.299, device=mps, eta=2m51s, loss=2.0078, sps=41.0]
BC[stage1_datasets_L40_stepsweep/bc_shift4_scale_0p8_1p2_steps10000_tr1]:  32%|███▏      | 3154/10000 [01:16<02:44, 41.65it/s, acc=0.299, device=mps, eta=2m51s, loss=2.0078, sps=41.0]
BC[stage1_datasets_L40_stepsweep/bc_shift4_scale_0p8_1p2_steps10000_tr1]:  32%|███▏      | 3161/10000 [01:17<03:28, 32.83it/s, acc=0.299, device=mps, eta=2m51s, loss=2.0078, sps=41.0]
BC[stage1_datasets_L40_stepsweep/bc_shift4_scale_0p8_1p2_steps10000_tr1]:  32%|███▏      | 3167/10000 [01:17<03:02, 37.50it/s, acc=0.299, device=mps, eta=2m51s, loss=2.0078, sps=41.0]
BC[stage1_datasets_L40_stepsweep/bc_shift4_scale_0p8_1p2_steps10000_tr1]:  32%|███▏      | 3173/10000 [01:17<02:46, 40.90it/s, acc=0.299, device=mps, eta=2m51s, loss=2.0078, sps=41.0]
BC[stage1_datasets_L40_stepsweep/bc_shift4_scale_0p8_1p2_steps10000_tr1]:  32%|███▏      | 3181/10000 [01:17<03:22, 33.70it/s, acc=0.299, device=mps, eta=2m51s, loss=2.0078, sps=41.0]
BC[stage1_datasets_L40_stepsweep/bc_shift4_scale_0p8_1p2_steps10000_tr1]:  32%|███▏      | 3189/10000 [01:17<02:44, 41.41it/s, acc=0.299, device=mps, eta=2m51s, loss=2.0078, sps=41.0]
BC[stage1_datasets_L40_stepsweep/bc_shift4_scale_0p8_1p2_steps10000_tr1]:  32%|███▏      | 3197/10000 [01:17<02:19, 48.72it/s, acc=0.299, device=mps, eta=2m51s, loss=2.0078, sps=41.0]
BC[stage1_datasets_L40_stepsweep/bc_shift4_scale_0p8_1p2_steps10000_tr1]:  32%|███▏      | 3197/10000 [01:18<02:19, 48.72it/s, acc=0.300, device=mps, eta=2m46s, loss=2.0089, sps=41.0]
BC[stage1_datasets_L40_stepsweep/bc_shift4_scale_0p8_1p2_steps10000_tr1]:  32%|███▏      | 3203/10000 [01:18<03:05, 36.73it/s, acc=0.300, device=mps, eta=2m46s, loss=2.0089, sps=41.0]
BC[stage1_datasets_L40_stepsweep/bc_shift4_scale_0p8_1p2_steps10000_tr1]:  32%|███▏      | 3211/10000 [01:18<02:33, 44.25it/s, acc=0.300, device=mps, eta=2m46s, loss=2.0089, sps=41.0]
BC[stage1_datasets_L40_stepsweep/bc_shift4_scale_0p8_1p2_steps10000_tr1]:  32%|███▏      | 3219/10000 [01:18<02:11, 51.38it/s, acc=0.300, device=mps, eta=2m46s, loss=2.0089, sps=41.0]
BC[stage1_datasets_L40_stepsweep/bc_shift4_scale_0p8_1p2_steps10000_tr1]:  32%|███▏      | 3226/10000 [01:18<02:53, 39.12it/s, acc=0.300, device=mps, eta=2m46s, loss=2.0089, sps=41.0]
BC[stage1_datasets_L40_stepsweep/bc_shift4_scale_0p8_1p2_steps10000_tr1]:  32%|███▏      | 3234/10000 [01:18<02:26, 46.15it/s, acc=0.300, device=mps, eta=2m46s, loss=2.0089, sps=41.0]
BC[stage1_datasets_L40_stepsweep/bc_shift4_scale_0p8_1p2_steps10000_tr1]:  32%|███▏      | 3241/10000 [01:19<03:05, 36.48it/s, acc=0.300, device=mps, eta=2m46s, loss=2.0089, sps=41.0]
BC[stage1_datasets_L40_stepsweep/bc_shift4_scale_0p8_1p2_steps10000_tr1]:  32%|███▏      | 3249/10000 [01:19<02:34, 43.76it/s, acc=0.300, device=mps, eta=2m46s, loss=2.0089, sps=41.0]
BC[stage1_datasets_L40_stepsweep/bc_shift4_scale_0p8_1p2_steps10000_tr1]:  33%|███▎      | 3257/10000 [01:19<02:14, 50.31it/s, acc=0.300, device=mps, eta=2m46s, loss=2.0089, sps=41.0]
BC[stage1_datasets_L40_stepsweep/bc_shift4_scale_0p8_1p2_steps10000_tr1]:  33%|███▎      | 3264/10000 [01:19<02:55, 38.33it/s, acc=0.300, device=mps, eta=2m46s, loss=2.0089, sps=41.0]
BC[stage1_datasets_L40_stepsweep/bc_shift4_scale_0p8_1p2_steps10000_tr1]:  33%|███▎      | 3272/10000 [01:19<02:28, 45.40it/s, acc=0.300, device=mps, eta=2m46s, loss=2.0089, sps=41.0]
BC[stage1_datasets_L40_stepsweep/bc_shift4_scale_0p8_1p2_steps10000_tr1]:  33%|███▎      | 3280/10000 [01:19<02:08, 52.12it/s, acc=0.300, device=mps, eta=2m46s, loss=2.0089, sps=41.0]
BC[stage1_datasets_L40_stepsweep/bc_shift4_scale_0p8_1p2_steps10000_tr1]:  33%|███▎      | 3287/10000 [01:20<02:52, 38.91it/s, acc=0.300, device=mps, eta=2m46s, loss=2.0089, sps=41.0]
BC[stage1_datasets_L40_stepsweep/bc_shift4_scale_0p8_1p2_steps10000_tr1]:  33%|███▎      | 3295/10000 [01:20<02:26, 45.91it/s, acc=0.300, device=mps, eta=2m46s, loss=2.0089, sps=41.0]
BC[stage1_datasets_L40_stepsweep/bc_shift4_scale_0p8_1p2_steps10000_tr1]:  33%|███▎      | 3301/10000 [01:20<03:08, 35.58it/s, acc=0.300, device=mps, eta=2m46s, loss=2.0089, sps=41.0]
BC[stage1_datasets_L40_stepsweep/bc_shift4_scale_0p8_1p2_steps10000_tr1]:  33%|███▎      | 3309/10000 [01:20<02:37, 42.61it/s, acc=0.300, device=mps, eta=2m46s, loss=2.0089, sps=41.0]
BC[stage1_datasets_L40_stepsweep/bc_shift4_scale_0p8_1p2_steps10000_tr1]:  33%|███▎      | 3315/10000 [01:20<02:26, 45.64it/s, acc=0.300, device=mps, eta=2m46s, loss=2.0089, sps=41.0]
BC[stage1_datasets_L40_stepsweep/bc_shift4_scale_0p8_1p2_steps10000_tr1]:  33%|███▎      | 3321/10000 [01:21<03:11, 34.91it/s, acc=0.300, device=mps, eta=2m46s, loss=2.0089, sps=41.0]
BC[stage1_datasets_L40_stepsweep/bc_shift4_scale_0p8_1p2_steps10000_tr1]:  33%|███▎      | 3328/10000 [01:21<02:45, 40.38it/s, acc=0.300, device=mps, eta=2m46s, loss=2.0089, sps=41.0]
BC[stage1_datasets_L40_stepsweep/bc_shift4_scale_0p8_1p2_steps10000_tr1]:  33%|███▎      | 3334/10000 [01:21<02:30, 44.20it/s, acc=0.300, device=mps, eta=2m46s, loss=2.0089, sps=41.0]
BC[stage1_datasets_L40_stepsweep/bc_shift4_scale_0p8_1p2_steps10000_tr1]:  33%|███▎      | 3341/10000 [01:21<03:19, 33.33it/s, acc=0.300, device=mps, eta=2m46s, loss=2.0089, sps=41.0]
BC[stage1_datasets_L40_stepsweep/bc_shift4_scale_0p8_1p2_steps10000_tr1]:  33%|███▎      | 3349/10000 [01:21<02:41, 41.19it/s, acc=0.300, device=mps, eta=2m46s, loss=2.0089, sps=41.0]
BC[stage1_datasets_L40_stepsweep/bc_shift4_scale_0p8_1p2_steps10000_tr1]:  34%|███▎      | 3357/10000 [01:21<02:17, 48.26it/s, acc=0.300, device=mps, eta=2m46s, loss=2.0089, sps=41.0]
BC[stage1_datasets_L40_stepsweep/bc_shift4_scale_0p8_1p2_steps10000_tr1]:  34%|███▎      | 3363/10000 [01:22<03:02, 36.38it/s, acc=0.300, device=mps, eta=2m46s, loss=2.0089, sps=41.0]
BC[stage1_datasets_L40_stepsweep/bc_shift4_scale_0p8_1p2_steps10000_tr1]:  34%|███▎      | 3371/10000 [01:22<02:30, 43.97it/s, acc=0.300, device=mps, eta=2m46s, loss=2.0089, sps=41.0]
BC[stage1_datasets_L40_stepsweep/bc_shift4_scale_0p8_1p2_steps10000_tr1]:  34%|███▍      | 3379/10000 [01:22<02:09, 51.19it/s, acc=0.300, device=mps, eta=2m46s, loss=2.0089, sps=41.0]
BC[stage1_datasets_L40_stepsweep/bc_shift4_scale_0p8_1p2_steps10000_tr1]:  34%|███▍      | 3386/10000 [01:22<02:49, 39.02it/s, acc=0.300, device=mps, eta=2m46s, loss=2.0089, sps=41.0]
BC[stage1_datasets_L40_stepsweep/bc_shift4_scale_0p8_1p2_steps10000_tr1]:  34%|███▍      | 3394/10000 [01:22<02:23, 46.08it/s, acc=0.300, device=mps, eta=2m46s, loss=2.0089, sps=41.0]
BC[stage1_datasets_L40_stepsweep/bc_shift4_scale_0p8_1p2_steps10000_tr1]:  34%|███▍      | 3394/10000 [01:22<02:23, 46.08it/s, acc=0.303, device=mps, eta=2m41s, loss=1.9952, sps=41.1]
BC[stage1_datasets_L40_stepsweep/bc_shift4_scale_0p8_1p2_steps10000_tr1]:  34%|███▍      | 3401/10000 [01:22<03:01, 36.45it/s, acc=0.303, device=mps, eta=2m41s, loss=1.9952, sps=41.1]
BC[stage1_datasets_L40_stepsweep/bc_shift4_scale_0p8_1p2_steps10000_tr1]:  34%|███▍      | 3409/10000 [01:23<02:30, 43.71it/s, acc=0.303, device=mps, eta=2m41s, loss=1.9952, sps=41.1]
BC[stage1_datasets_L40_stepsweep/bc_shift4_scale_0p8_1p2_steps10000_tr1]:  34%|███▍      | 3417/10000 [01:23<02:10, 50.55it/s, acc=0.303, device=mps, eta=2m41s, loss=1.9952, sps=41.1]
BC[stage1_datasets_L40_stepsweep/bc_shift4_scale_0p8_1p2_steps10000_tr1]:  34%|███▍      | 3424/10000 [01:23<02:51, 38.31it/s, acc=0.303, device=mps, eta=2m41s, loss=1.9952, sps=41.1]
BC[stage1_datasets_L40_stepsweep/bc_shift4_scale_0p8_1p2_steps10000_tr1]:  34%|███▍      | 3430/10000 [01:23<02:40, 41.05it/s, acc=0.303, device=mps, eta=2m41s, loss=1.9952, sps=41.1]
BC[stage1_datasets_L40_stepsweep/bc_shift4_scale_0p8_1p2_steps10000_tr1]:  34%|███▍      | 3436/10000 [01:23<02:27, 44.37it/s, acc=0.303, device=mps, eta=2m41s, loss=1.9952, sps=41.1]
BC[stage1_datasets_L40_stepsweep/bc_shift4_scale_0p8_1p2_steps10000_tr1]:  34%|███▍      | 3442/10000 [01:24<03:14, 33.72it/s, acc=0.303, device=mps, eta=2m41s, loss=1.9952, sps=41.1]
BC[stage1_datasets_L40_stepsweep/bc_shift4_scale_0p8_1p2_steps10000_tr1]:  34%|███▍      | 3450/10000 [01:24<02:36, 41.91it/s, acc=0.303, device=mps, eta=2m41s, loss=1.9952, sps=41.1]
BC[stage1_datasets_L40_stepsweep/bc_shift4_scale_0p8_1p2_steps10000_tr1]:  35%|███▍      | 3458/10000 [01:24<02:12, 49.53it/s, acc=0.303, device=mps, eta=2m41s, loss=1.9952, sps=41.1]
BC[stage1_datasets_L40_stepsweep/bc_shift4_scale_0p8_1p2_steps10000_tr1]:  35%|███▍      | 3465/10000 [01:24<02:50, 38.23it/s, acc=0.303, device=mps, eta=2m41s, loss=1.9952, sps=41.1]
BC[stage1_datasets_L40_stepsweep/bc_shift4_scale_0p8_1p2_steps10000_tr1]:  35%|███▍      | 3473/10000 [01:24<02:24, 45.19it/s, acc=0.303, device=mps, eta=2m41s, loss=1.9952, sps=41.1]
BC[stage1_datasets_L40_stepsweep/bc_shift4_scale_0p8_1p2_steps10000_tr1]:  35%|███▍      | 3481/10000 [01:24<02:56, 36.86it/s, acc=0.303, device=mps, eta=2m41s, loss=1.9952, sps=41.1]
BC[stage1_datasets_L40_stepsweep/bc_shift4_scale_0p8_1p2_steps10000_tr1]:  35%|███▍      | 3489/10000 [01:25<02:28, 43.92it/s, acc=0.303, device=mps, eta=2m41s, loss=1.9952, sps=41.1]
BC[stage1_datasets_L40_stepsweep/bc_shift4_scale_0p8_1p2_steps10000_tr1]:  35%|███▍      | 3497/10000 [01:25<02:08, 50.52it/s, acc=0.303, device=mps, eta=2m41s, loss=1.9952, sps=41.1]
BC[stage1_datasets_L40_stepsweep/bc_shift4_scale_0p8_1p2_steps10000_tr1]:  35%|███▌      | 3504/10000 [01:25<02:48, 38.50it/s, acc=0.303, device=mps, eta=2m41s, loss=1.9952, sps=41.1]
BC[stage1_datasets_L40_stepsweep/bc_shift4_scale_0p8_1p2_steps10000_tr1]:  35%|███▌      | 3512/10000 [01:25<02:22, 45.49it/s, acc=0.303, device=mps, eta=2m41s, loss=1.9952, sps=41.1]
BC[stage1_datasets_L40_stepsweep/bc_shift4_scale_0p8_1p2_steps10000_tr1]:  35%|███▌      | 3520/10000 [01:25<02:03, 52.46it/s, acc=0.303, device=mps, eta=2m41s, loss=1.9952, sps=41.1]
BC[stage1_datasets_L40_stepsweep/bc_shift4_scale_0p8_1p2_steps10000_tr1]:  35%|███▌      | 3527/10000 [01:25<02:48, 38.32it/s, acc=0.303, device=mps, eta=2m41s, loss=1.9952, sps=41.1]
BC[stage1_datasets_L40_stepsweep/bc_shift4_scale_0p8_1p2_steps10000_tr1]:  35%|███▌      | 3533/10000 [01:26<02:37, 41.14it/s, acc=0.303, device=mps, eta=2m41s, loss=1.9952, sps=41.1]
BC[stage1_datasets_L40_stepsweep/bc_shift4_scale_0p8_1p2_steps10000_tr1]:  35%|███▌      | 3540/10000 [01:26<02:20, 46.02it/s, acc=0.303, device=mps, eta=2m41s, loss=1.9952, sps=41.1]
BC[stage1_datasets_L40_stepsweep/bc_shift4_scale_0p8_1p2_steps10000_tr1]:  35%|███▌      | 3546/10000 [01:26<03:04, 34.89it/s, acc=0.303, device=mps, eta=2m41s, loss=1.9952, sps=41.1]
BC[stage1_datasets_L40_stepsweep/bc_shift4_scale_0p8_1p2_steps10000_tr1]:  36%|███▌      | 3554/10000 [01:26<02:30, 42.74it/s, acc=0.303, device=mps, eta=2m41s, loss=1.9952, sps=41.1]
BC[stage1_datasets_L40_stepsweep/bc_shift4_scale_0p8_1p2_steps10000_tr1]:  36%|███▌      | 3561/10000 [01:26<03:06, 34.53it/s, acc=0.303, device=mps, eta=2m41s, loss=1.9952, sps=41.1]
BC[stage1_datasets_L40_stepsweep/bc_shift4_scale_0p8_1p2_steps10000_tr1]:  36%|███▌      | 3569/10000 [01:26<02:35, 41.27it/s, acc=0.303, device=mps, eta=2m41s, loss=1.9952, sps=41.1]
BC[stage1_datasets_L40_stepsweep/bc_shift4_scale_0p8_1p2_steps10000_tr1]:  36%|███▌      | 3575/10000 [01:27<02:27, 43.59it/s, acc=0.303, device=mps, eta=2m41s, loss=1.9952, sps=41.1]
BC[stage1_datasets_L40_stepsweep/bc_shift4_scale_0p8_1p2_steps10000_tr1]:  36%|███▌      | 3581/10000 [01:27<03:12, 33.32it/s, acc=0.303, device=mps, eta=2m41s, loss=1.9952, sps=41.1]
BC[stage1_datasets_L40_stepsweep/bc_shift4_scale_0p8_1p2_steps10000_tr1]:  36%|███▌      | 3587/10000 [01:27<02:54, 36.80it/s, acc=0.303, device=mps, eta=2m41s, loss=1.9952, sps=41.1]
BC[stage1_datasets_L40_stepsweep/bc_shift4_scale_0p8_1p2_steps10000_tr1]:  36%|███▌      | 3593/10000 [01:27<02:35, 41.11it/s, acc=0.303, device=mps, eta=2m41s, loss=1.9952, sps=41.1]
BC[stage1_datasets_L40_stepsweep/bc_shift4_scale_0p8_1p2_steps10000_tr1]:  36%|███▌      | 3593/10000 [01:27<02:35, 41.11it/s, acc=0.297, device=mps, eta=2m36s, loss=2.0140, sps=41.1]
BC[stage1_datasets_L40_stepsweep/bc_shift4_scale_0p8_1p2_steps10000_tr1]:  36%|███▌      | 3601/10000 [01:27<03:11, 33.50it/s, acc=0.297, device=mps, eta=2m36s, loss=2.0140, sps=41.1]
BC[stage1_datasets_L40_stepsweep/bc_shift4_scale_0p8_1p2_steps10000_tr1]:  36%|███▌      | 3609/10000 [01:28<02:35, 41.17it/s, acc=0.297, device=mps, eta=2m36s, loss=2.0140, sps=41.1]
BC[stage1_datasets_L40_stepsweep/bc_shift4_scale_0p8_1p2_steps10000_tr1]:  36%|███▌      | 3617/10000 [01:28<02:12, 48.24it/s, acc=0.297, device=mps, eta=2m36s, loss=2.0140, sps=41.1]
BC[stage1_datasets_L40_stepsweep/bc_shift4_scale_0p8_1p2_steps10000_tr1]:  36%|███▌      | 3623/10000 [01:28<02:55, 36.42it/s, acc=0.297, device=mps, eta=2m36s, loss=2.0140, sps=41.1]
BC[stage1_datasets_L40_stepsweep/bc_shift4_scale_0p8_1p2_steps10000_tr1]:  36%|███▋      | 3631/10000 [01:28<02:24, 44.07it/s, acc=0.297, device=mps, eta=2m36s, loss=2.0140, sps=41.1]
BC[stage1_datasets_L40_stepsweep/bc_shift4_scale_0p8_1p2_steps10000_tr1]:  36%|███▋      | 3640/10000 [01:28<01:59, 53.26it/s, acc=0.297, device=mps, eta=2m36s, loss=2.0140, sps=41.1]
BC[stage1_datasets_L40_stepsweep/bc_shift4_scale_0p8_1p2_steps10000_tr1]:  36%|███▋      | 3647/10000 [01:28<02:40, 39.66it/s, acc=0.297, device=mps, eta=2m36s, loss=2.0140, sps=41.1]
BC[stage1_datasets_L40_stepsweep/bc_shift4_scale_0p8_1p2_steps10000_tr1]:  37%|███▋      | 3655/10000 [01:28<02:16, 46.63it/s, acc=0.297, device=mps, eta=2m36s, loss=2.0140, sps=41.1]
BC[stage1_datasets_L40_stepsweep/bc_shift4_scale_0p8_1p2_steps10000_tr1]:  37%|███▋      | 3662/10000 [01:29<02:50, 37.18it/s, acc=0.297, device=mps, eta=2m36s, loss=2.0140, sps=41.1]
BC[stage1_datasets_L40_stepsweep/bc_shift4_scale_0p8_1p2_steps10000_tr1]:  37%|███▋      | 3670/10000 [01:29<02:23, 44.22it/s, acc=0.297, device=mps, eta=2m36s, loss=2.0140, sps=41.1]
BC[stage1_datasets_L40_stepsweep/bc_shift4_scale_0p8_1p2_steps10000_tr1]:  37%|███▋      | 3678/10000 [01:29<02:04, 50.59it/s, acc=0.297, device=mps, eta=2m36s, loss=2.0140, sps=41.1]
BC[stage1_datasets_L40_stepsweep/bc_shift4_scale_0p8_1p2_steps10000_tr1]:  37%|███▋      | 3685/10000 [01:29<02:43, 38.69it/s, acc=0.297, device=mps, eta=2m36s, loss=2.0140, sps=41.1]
BC[stage1_datasets_L40_stepsweep/bc_shift4_scale_0p8_1p2_steps10000_tr1]:  37%|███▋      | 3693/10000 [01:29<02:18, 45.60it/s, acc=0.297, device=mps, eta=2m36s, loss=2.0140, sps=41.1]
BC[stage1_datasets_L40_stepsweep/bc_shift4_scale_0p8_1p2_steps10000_tr1]:  37%|███▋      | 3701/10000 [01:30<02:50, 37.01it/s, acc=0.297, device=mps, eta=2m36s, loss=2.0140, sps=41.1]
BC[stage1_datasets_L40_stepsweep/bc_shift4_scale_0p8_1p2_steps10000_tr1]:  37%|███▋      | 3709/10000 [01:30<02:23, 43.90it/s, acc=0.297, device=mps, eta=2m36s, loss=2.0140, sps=41.1]
BC[stage1_datasets_L40_stepsweep/bc_shift4_scale_0p8_1p2_steps10000_tr1]:  37%|███▋      | 3717/10000 [01:30<02:05, 50.19it/s, acc=0.297, device=mps, eta=2m36s, loss=2.0140, sps=41.1]
BC[stage1_datasets_L40_stepsweep/bc_shift4_scale_0p8_1p2_steps10000_tr1]:  37%|███▋      | 3724/10000 [01:30<02:42, 38.51it/s, acc=0.297, device=mps, eta=2m36s, loss=2.0140, sps=41.1]
BC[stage1_datasets_L40_stepsweep/bc_shift4_scale_0p8_1p2_steps10000_tr1]:  37%|███▋      | 3731/10000 [01:30<02:24, 43.43it/s, acc=0.297, device=mps, eta=2m36s, loss=2.0140, sps=41.1]
BC[stage1_datasets_L40_stepsweep/bc_shift4_scale_0p8_1p2_steps10000_tr1]:  37%|███▋      | 3739/10000 [01:30<02:06, 49.44it/s, acc=0.297, device=mps, eta=2m36s, loss=2.0140, sps=41.1]
BC[stage1_datasets_L40_stepsweep/bc_shift4_scale_0p8_1p2_steps10000_tr1]:  37%|███▋      | 3745/10000 [01:31<02:46, 37.46it/s, acc=0.297, device=mps, eta=2m36s, loss=2.0140, sps=41.1]
BC[stage1_datasets_L40_stepsweep/bc_shift4_scale_0p8_1p2_steps10000_tr1]:  38%|███▊      | 3753/10000 [01:31<02:19, 44.75it/s, acc=0.297, device=mps, eta=2m36s, loss=2.0140, sps=41.1]
BC[stage1_datasets_L40_stepsweep/bc_shift4_scale_0p8_1p2_steps10000_tr1]:  38%|███▊      | 3761/10000 [01:31<02:51, 36.43it/s, acc=0.297, device=mps, eta=2m36s, loss=2.0140, sps=41.1]
BC[stage1_datasets_L40_stepsweep/bc_shift4_scale_0p8_1p2_steps10000_tr1]:  38%|███▊      | 3769/10000 [01:31<02:23, 43.54it/s, acc=0.297, device=mps, eta=2m36s, loss=2.0140, sps=41.1]
BC[stage1_datasets_L40_stepsweep/bc_shift4_scale_0p8_1p2_steps10000_tr1]:  38%|███▊      | 3777/10000 [01:31<02:04, 50.04it/s, acc=0.297, device=mps, eta=2m36s, loss=2.0140, sps=41.1]
BC[stage1_datasets_L40_stepsweep/bc_shift4_scale_0p8_1p2_steps10000_tr1]:  38%|███▊      | 3784/10000 [01:32<02:42, 38.23it/s, acc=0.297, device=mps, eta=2m36s, loss=2.0140, sps=41.1]
BC[stage1_datasets_L40_stepsweep/bc_shift4_scale_0p8_1p2_steps10000_tr1]:  38%|███▊      | 3790/10000 [01:32<02:28, 41.70it/s, acc=0.297, device=mps, eta=2m36s, loss=2.0140, sps=41.1]
BC[stage1_datasets_L40_stepsweep/bc_shift4_scale_0p8_1p2_steps10000_tr1]:  38%|███▊      | 3796/10000 [01:32<02:16, 45.33it/s, acc=0.297, device=mps, eta=2m36s, loss=2.0140, sps=41.1]
BC[stage1_datasets_L40_stepsweep/bc_shift4_scale_0p8_1p2_steps10000_tr1]:  38%|███▊      | 3796/10000 [01:32<02:16, 45.33it/s, acc=0.303, device=mps, eta=2m31s, loss=2.0016, sps=41.1]
BC[stage1_datasets_L40_stepsweep/bc_shift4_scale_0p8_1p2_steps10000_tr1]:  38%|███▊      | 3802/10000 [01:32<03:05, 33.48it/s, acc=0.303, device=mps, eta=2m31s, loss=2.0016, sps=41.1]
BC[stage1_datasets_L40_stepsweep/bc_shift4_scale_0p8_1p2_steps10000_tr1]:  38%|███▊      | 3809/10000 [01:32<02:39, 38.88it/s, acc=0.303, device=mps, eta=2m31s, loss=2.0016, sps=41.1]
BC[stage1_datasets_L40_stepsweep/bc_shift4_scale_0p8_1p2_steps10000_tr1]:  38%|███▊      | 3816/10000 [01:32<02:19, 44.20it/s, acc=0.303, device=mps, eta=2m31s, loss=2.0016, sps=41.1]
BC[stage1_datasets_L40_stepsweep/bc_shift4_scale_0p8_1p2_steps10000_tr1]:  38%|███▊      | 3822/10000 [01:33<03:02, 33.88it/s, acc=0.303, device=mps, eta=2m31s, loss=2.0016, sps=41.1]
BC[stage1_datasets_L40_stepsweep/bc_shift4_scale_0p8_1p2_steps10000_tr1]:  38%|███▊      | 3830/10000 [01:33<02:27, 41.78it/s, acc=0.303, device=mps, eta=2m31s, loss=2.0016, sps=41.1]
BC[stage1_datasets_L40_stepsweep/bc_shift4_scale_0p8_1p2_steps10000_tr1]:  38%|███▊      | 3838/10000 [01:33<02:05, 48.99it/s, acc=0.303, device=mps, eta=2m31s, loss=2.0016, sps=41.1]
BC[stage1_datasets_L40_stepsweep/bc_shift4_scale_0p8_1p2_steps10000_tr1]:  38%|███▊      | 3844/10000 [01:33<02:47, 36.70it/s, acc=0.303, device=mps, eta=2m31s, loss=2.0016, sps=41.1]
BC[stage1_datasets_L40_stepsweep/bc_shift4_scale_0p8_1p2_steps10000_tr1]:  39%|███▊      | 3852/10000 [01:33<02:18, 44.28it/s, acc=0.303, device=mps, eta=2m31s, loss=2.0016, sps=41.1]
BC[stage1_datasets_L40_stepsweep/bc_shift4_scale_0p8_1p2_steps10000_tr1]:  39%|███▊      | 3861/10000 [01:34<02:46, 36.85it/s, acc=0.303, device=mps, eta=2m31s, loss=2.0016, sps=41.1]
BC[stage1_datasets_L40_stepsweep/bc_shift4_scale_0p8_1p2_steps10000_tr1]:  39%|███▊      | 3867/10000 [01:34<02:34, 39.82it/s, acc=0.303, device=mps, eta=2m31s, loss=2.0016, sps=41.1]
BC[stage1_datasets_L40_stepsweep/bc_shift4_scale_0p8_1p2_steps10000_tr1]:  39%|███▊      | 3873/10000 [01:34<02:20, 43.54it/s, acc=0.303, device=mps, eta=2m31s, loss=2.0016, sps=41.1]
BC[stage1_datasets_L40_stepsweep/bc_shift4_scale_0p8_1p2_steps10000_tr1]:  39%|███▉      | 3881/10000 [01:34<02:55, 34.94it/s, acc=0.303, device=mps, eta=2m31s, loss=2.0016, sps=41.1]
BC[stage1_datasets_L40_stepsweep/bc_shift4_scale_0p8_1p2_steps10000_tr1]:  39%|███▉      | 3889/10000 [01:34<02:24, 42.23it/s, acc=0.303, device=mps, eta=2m31s, loss=2.0016, sps=41.1]
BC[stage1_datasets_L40_stepsweep/bc_shift4_scale_0p8_1p2_steps10000_tr1]:  39%|███▉      | 3897/10000 [01:34<02:04, 49.04it/s, acc=0.303, device=mps, eta=2m31s, loss=2.0016, sps=41.1]
BC[stage1_datasets_L40_stepsweep/bc_shift4_scale_0p8_1p2_steps10000_tr1]:  39%|███▉      | 3904/10000 [01:35<02:41, 37.79it/s, acc=0.303, device=mps, eta=2m31s, loss=2.0016, sps=41.1]
BC[stage1_datasets_L40_stepsweep/bc_shift4_scale_0p8_1p2_steps10000_tr1]:  39%|███▉      | 3912/10000 [01:35<02:15, 44.92it/s, acc=0.303, device=mps, eta=2m31s, loss=2.0016, sps=41.1]
BC[stage1_datasets_L40_stepsweep/bc_shift4_scale_0p8_1p2_steps10000_tr1]:  39%|███▉      | 3920/10000 [01:35<01:57, 51.80it/s, acc=0.303, device=mps, eta=2m31s, loss=2.0016, sps=41.1]
BC[stage1_datasets_L40_stepsweep/bc_shift4_scale_0p8_1p2_steps10000_tr1]:  39%|███▉      | 3927/10000 [01:35<02:36, 38.80it/s, acc=0.303, device=mps, eta=2m31s, loss=2.0016, sps=41.1]
BC[stage1_datasets_L40_stepsweep/bc_shift4_scale_0p8_1p2_steps10000_tr1]:  39%|███▉      | 3935/10000 [01:35<02:12, 45.72it/s, acc=0.303, device=mps, eta=2m31s, loss=2.0016, sps=41.1]
BC[stage1_datasets_L40_stepsweep/bc_shift4_scale_0p8_1p2_steps10000_tr1]:  39%|███▉      | 3941/10000 [01:35<02:49, 35.64it/s, acc=0.303, device=mps, eta=2m31s, loss=2.0016, sps=41.1]
BC[stage1_datasets_L40_stepsweep/bc_shift4_scale_0p8_1p2_steps10000_tr1]:  39%|███▉      | 3947/10000 [01:36<02:33, 39.35it/s, acc=0.303, device=mps, eta=2m31s, loss=2.0016, sps=41.1]
BC[stage1_datasets_L40_stepsweep/bc_shift4_scale_0p8_1p2_steps10000_tr1]:  40%|███▉      | 3953/10000 [01:36<02:20, 43.02it/s, acc=0.303, device=mps, eta=2m31s, loss=2.0016, sps=41.1]
BC[stage1_datasets_L40_stepsweep/bc_shift4_scale_0p8_1p2_steps10000_tr1]:  40%|███▉      | 3959/10000 [01:36<02:10, 46.12it/s, acc=0.303, device=mps, eta=2m31s, loss=2.0016, sps=41.1]
BC[stage1_datasets_L40_stepsweep/bc_shift4_scale_0p8_1p2_steps10000_tr1]:  40%|███▉      | 3965/10000 [01:36<02:54, 34.60it/s, acc=0.303, device=mps, eta=2m31s, loss=2.0016, sps=41.1]
BC[stage1_datasets_L40_stepsweep/bc_shift4_scale_0p8_1p2_steps10000_tr1]:  40%|███▉      | 3971/10000 [01:36<02:33, 39.28it/s, acc=0.303, device=mps, eta=2m31s, loss=2.0016, sps=41.1]
BC[stage1_datasets_L40_stepsweep/bc_shift4_scale_0p8_1p2_steps10000_tr1]:  40%|███▉      | 3978/10000 [01:36<02:14, 44.72it/s, acc=0.303, device=mps, eta=2m31s, loss=2.0016, sps=41.1]
BC[stage1_datasets_L40_stepsweep/bc_shift4_scale_0p8_1p2_steps10000_tr1]:  40%|███▉      | 3984/10000 [01:37<02:56, 34.07it/s, acc=0.303, device=mps, eta=2m31s, loss=2.0016, sps=41.1]
BC[stage1_datasets_L40_stepsweep/bc_shift4_scale_0p8_1p2_steps10000_tr1]:  40%|███▉      | 3992/10000 [01:37<02:22, 42.26it/s, acc=0.303, device=mps, eta=2m31s, loss=2.0016, sps=41.1]
BC[stage1_datasets_L40_stepsweep/bc_shift4_scale_0p8_1p2_steps10000_tr1]:  40%|███▉      | 3992/10000 [01:37<02:22, 42.26it/s, acc=0.297, device=mps, eta=2m26s, loss=2.0061, sps=41.1]
BC[stage1_datasets_L40_stepsweep/bc_shift4_scale_0p8_1p2_steps10000_tr1]:  40%|████      | 4001/10000 [01:37<02:47, 35.79it/s, acc=0.297, device=mps, eta=2m26s, loss=2.0061, sps=41.1]
BC[stage1_datasets_L40_stepsweep/bc_shift4_scale_0p8_1p2_steps10000_tr1]:  40%|████      | 4007/10000 [01:37<02:30, 39.87it/s, acc=0.297, device=mps, eta=2m26s, loss=2.0061, sps=41.1]
BC[stage1_datasets_L40_stepsweep/bc_shift4_scale_0p8_1p2_steps10000_tr1]:  40%|████      | 4013/10000 [01:37<02:19, 43.01it/s, acc=0.297, device=mps, eta=2m26s, loss=2.0061, sps=41.1]
BC[stage1_datasets_L40_stepsweep/bc_shift4_scale_0p8_1p2_steps10000_tr1]:  40%|████      | 4020/10000 [01:37<02:04, 48.11it/s, acc=0.297, device=mps, eta=2m26s, loss=2.0061, sps=41.1]
BC[stage1_datasets_L40_stepsweep/bc_shift4_scale_0p8_1p2_steps10000_tr1]:  40%|████      | 4026/10000 [01:38<02:43, 36.59it/s, acc=0.297, device=mps, eta=2m26s, loss=2.0061, sps=41.1]
BC[stage1_datasets_L40_stepsweep/bc_shift4_scale_0p8_1p2_steps10000_tr1]:  40%|████      | 4034/10000 [01:38<02:12, 44.93it/s, acc=0.297, device=mps, eta=2m26s, loss=2.0061, sps=41.1]
BC[stage1_datasets_L40_stepsweep/bc_shift4_scale_0p8_1p2_steps10000_tr1]:  40%|████      | 4041/10000 [01:38<02:48, 35.39it/s, acc=0.297, device=mps, eta=2m26s, loss=2.0061, sps=41.1]
BC[stage1_datasets_L40_stepsweep/bc_shift4_scale_0p8_1p2_steps10000_tr1]:  40%|████      | 4048/10000 [01:38<02:28, 40.00it/s, acc=0.297, device=mps, eta=2m26s, loss=2.0061, sps=41.1]
BC[stage1_datasets_L40_stepsweep/bc_shift4_scale_0p8_1p2_steps10000_tr1]:  41%|████      | 4054/10000 [01:38<02:17, 43.14it/s, acc=0.297, device=mps, eta=2m26s, loss=2.0061, sps=41.1]
BC[stage1_datasets_L40_stepsweep/bc_shift4_scale_0p8_1p2_steps10000_tr1]:  41%|████      | 4061/10000 [01:39<02:55, 33.77it/s, acc=0.297, device=mps, eta=2m26s, loss=2.0061, sps=41.1]
BC[stage1_datasets_L40_stepsweep/bc_shift4_scale_0p8_1p2_steps10000_tr1]:  41%|████      | 4069/10000 [01:39<02:22, 41.49it/s, acc=0.297, device=mps, eta=2m26s, loss=2.0061, sps=41.1]
BC[stage1_datasets_L40_stepsweep/bc_shift4_scale_0p8_1p2_steps10000_tr1]:  41%|████      | 4077/10000 [01:39<02:01, 48.63it/s, acc=0.297, device=mps, eta=2m26s, loss=2.0061, sps=41.1]
BC[stage1_datasets_L40_stepsweep/bc_shift4_scale_0p8_1p2_steps10000_tr1]:  41%|████      | 4083/10000 [01:39<02:41, 36.74it/s, acc=0.297, device=mps, eta=2m26s, loss=2.0061, sps=41.1]
BC[stage1_datasets_L40_stepsweep/bc_shift4_scale_0p8_1p2_steps10000_tr1]:  41%|████      | 4089/10000 [01:39<02:25, 40.69it/s, acc=0.297, device=mps, eta=2m26s, loss=2.0061, sps=41.1]
BC[stage1_datasets_L40_stepsweep/bc_shift4_scale_0p8_1p2_steps10000_tr1]:  41%|████      | 4095/10000 [01:39<02:12, 44.54it/s, acc=0.297, device=mps, eta=2m26s, loss=2.0061, sps=41.1]
BC[stage1_datasets_L40_stepsweep/bc_shift4_scale_0p8_1p2_steps10000_tr1]:  41%|████      | 4101/10000 [01:40<02:58, 32.96it/s, acc=0.297, device=mps, eta=2m26s, loss=2.0061, sps=41.1]
BC[stage1_datasets_L40_stepsweep/bc_shift4_scale_0p8_1p2_steps10000_tr1]:  41%|████      | 4108/10000 [01:40<02:32, 38.69it/s, acc=0.297, device=mps, eta=2m26s, loss=2.0061, sps=41.1]
BC[stage1_datasets_L40_stepsweep/bc_shift4_scale_0p8_1p2_steps10000_tr1]:  41%|████      | 4114/10000 [01:40<02:18, 42.63it/s, acc=0.297, device=mps, eta=2m26s, loss=2.0061, sps=41.1]
BC[stage1_datasets_L40_stepsweep/bc_shift4_scale_0p8_1p2_steps10000_tr1]:  41%|████      | 4121/10000 [01:40<02:55, 33.57it/s, acc=0.297, device=mps, eta=2m26s, loss=2.0061, sps=41.1]
BC[stage1_datasets_L40_stepsweep/bc_shift4_scale_0p8_1p2_steps10000_tr1]:  41%|████▏     | 4129/10000 [01:40<02:21, 41.52it/s, acc=0.297, device=mps, eta=2m26s, loss=2.0061, sps=41.1]
BC[stage1_datasets_L40_stepsweep/bc_shift4_scale_0p8_1p2_steps10000_tr1]:  41%|████▏     | 4137/10000 [01:40<01:59, 48.95it/s, acc=0.297, device=mps, eta=2m26s, loss=2.0061, sps=41.1]
BC[stage1_datasets_L40_stepsweep/bc_shift4_scale_0p8_1p2_steps10000_tr1]:  41%|████▏     | 4144/10000 [01:41<02:36, 37.53it/s, acc=0.297, device=mps, eta=2m26s, loss=2.0061, sps=41.1]
BC[stage1_datasets_L40_stepsweep/bc_shift4_scale_0p8_1p2_steps10000_tr1]:  42%|████▏     | 4152/10000 [01:41<02:10, 44.86it/s, acc=0.297, device=mps, eta=2m26s, loss=2.0061, sps=41.1]
BC[stage1_datasets_L40_stepsweep/bc_shift4_scale_0p8_1p2_steps10000_tr1]:  42%|████▏     | 4160/10000 [01:41<01:52, 51.96it/s, acc=0.297, device=mps, eta=2m26s, loss=2.0061, sps=41.1]
BC[stage1_datasets_L40_stepsweep/bc_shift4_scale_0p8_1p2_steps10000_tr1]:  42%|████▏     | 4167/10000 [01:41<02:34, 37.65it/s, acc=0.297, device=mps, eta=2m26s, loss=2.0061, sps=41.1]
BC[stage1_datasets_L40_stepsweep/bc_shift4_scale_0p8_1p2_steps10000_tr1]:  42%|████▏     | 4173/10000 [01:41<02:22, 41.03it/s, acc=0.297, device=mps, eta=2m26s, loss=2.0061, sps=41.1]
BC[stage1_datasets_L40_stepsweep/bc_shift4_scale_0p8_1p2_steps10000_tr1]:  42%|████▏     | 4180/10000 [01:41<02:05, 46.41it/s, acc=0.297, device=mps, eta=2m26s, loss=2.0061, sps=41.1]
BC[stage1_datasets_L40_stepsweep/bc_shift4_scale_0p8_1p2_steps10000_tr1]:  42%|████▏     | 4186/10000 [01:42<02:50, 34.14it/s, acc=0.297, device=mps, eta=2m26s, loss=2.0061, sps=41.1]
BC[stage1_datasets_L40_stepsweep/bc_shift4_scale_0p8_1p2_steps10000_tr1]:  42%|████▏     | 4191/10000 [01:42<02:37, 36.98it/s, acc=0.297, device=mps, eta=2m26s, loss=2.0061, sps=41.1]
BC[stage1_datasets_L40_stepsweep/bc_shift4_scale_0p8_1p2_steps10000_tr1]:  42%|████▏     | 4197/10000 [01:42<02:20, 41.41it/s, acc=0.297, device=mps, eta=2m26s, loss=2.0061, sps=41.1]
BC[stage1_datasets_L40_stepsweep/bc_shift4_scale_0p8_1p2_steps10000_tr1]:  42%|████▏     | 4197/10000 [01:42<02:20, 41.41it/s, acc=0.302, device=mps, eta=2m21s, loss=2.0029, sps=41.0]
BC[stage1_datasets_L40_stepsweep/bc_shift4_scale_0p8_1p2_steps10000_tr1]:  42%|████▏     | 4203/10000 [01:42<02:59, 32.28it/s, acc=0.302, device=mps, eta=2m21s, loss=2.0029, sps=41.0]
BC[stage1_datasets_L40_stepsweep/bc_shift4_scale_0p8_1p2_steps10000_tr1]:  42%|████▏     | 4211/10000 [01:42<02:22, 40.67it/s, acc=0.302, device=mps, eta=2m21s, loss=2.0029, sps=41.0]
BC[stage1_datasets_L40_stepsweep/bc_shift4_scale_0p8_1p2_steps10000_tr1]:  42%|████▏     | 4219/10000 [01:42<02:00, 48.13it/s, acc=0.302, device=mps, eta=2m21s, loss=2.0029, sps=41.0]
BC[stage1_datasets_L40_stepsweep/bc_shift4_scale_0p8_1p2_steps10000_tr1]:  42%|████▏     | 4225/10000 [01:43<02:42, 35.63it/s, acc=0.302, device=mps, eta=2m21s, loss=2.0029, sps=41.0]
BC[stage1_datasets_L40_stepsweep/bc_shift4_scale_0p8_1p2_steps10000_tr1]:  42%|████▏     | 4230/10000 [01:43<02:32, 37.87it/s, acc=0.302, device=mps, eta=2m21s, loss=2.0029, sps=41.0]
BC[stage1_datasets_L40_stepsweep/bc_shift4_scale_0p8_1p2_steps10000_tr1]:  42%|████▏     | 4236/10000 [01:43<02:19, 41.37it/s, acc=0.302, device=mps, eta=2m21s, loss=2.0029, sps=41.0]
BC[stage1_datasets_L40_stepsweep/bc_shift4_scale_0p8_1p2_steps10000_tr1]:  42%|████▏     | 4241/10000 [01:43<03:07, 30.65it/s, acc=0.302, device=mps, eta=2m21s, loss=2.0029, sps=41.0]
BC[stage1_datasets_L40_stepsweep/bc_shift4_scale_0p8_1p2_steps10000_tr1]:  42%|████▏     | 4249/10000 [01:43<02:25, 39.40it/s, acc=0.302, device=mps, eta=2m21s, loss=2.0029, sps=41.0]
BC[stage1_datasets_L40_stepsweep/bc_shift4_scale_0p8_1p2_steps10000_tr1]:  43%|████▎     | 4257/10000 [01:43<02:01, 47.14it/s, acc=0.302, device=mps, eta=2m21s, loss=2.0029, sps=41.0]
BC[stage1_datasets_L40_stepsweep/bc_shift4_scale_0p8_1p2_steps10000_tr1]:  43%|████▎     | 4263/10000 [01:44<02:41, 35.57it/s, acc=0.302, device=mps, eta=2m21s, loss=2.0029, sps=41.0]
BC[stage1_datasets_L40_stepsweep/bc_shift4_scale_0p8_1p2_steps10000_tr1]:  43%|████▎     | 4271/10000 [01:44<02:10, 43.77it/s, acc=0.302, device=mps, eta=2m21s, loss=2.0029, sps=41.0]
BC[stage1_datasets_L40_stepsweep/bc_shift4_scale_0p8_1p2_steps10000_tr1]:  43%|████▎     | 4279/10000 [01:44<01:52, 50.64it/s, acc=0.302, device=mps, eta=2m21s, loss=2.0029, sps=41.0]
BC[stage1_datasets_L40_stepsweep/bc_shift4_scale_0p8_1p2_steps10000_tr1]:  43%|████▎     | 4286/10000 [01:44<02:33, 37.24it/s, acc=0.302, device=mps, eta=2m21s, loss=2.0029, sps=41.0]
BC[stage1_datasets_L40_stepsweep/bc_shift4_scale_0p8_1p2_steps10000_tr1]:  43%|████▎     | 4292/10000 [01:44<02:23, 39.86it/s, acc=0.302, device=mps, eta=2m21s, loss=2.0029, sps=41.0]
BC[stage1_datasets_L40_stepsweep/bc_shift4_scale_0p8_1p2_steps10000_tr1]:  43%|████▎     | 4299/10000 [01:44<02:07, 44.84it/s, acc=0.302, device=mps, eta=2m21s, loss=2.0029, sps=41.0]
BC[stage1_datasets_L40_stepsweep/bc_shift4_scale_0p8_1p2_steps10000_tr1]:  43%|████▎     | 4305/10000 [01:45<02:43, 34.73it/s, acc=0.302, device=mps, eta=2m21s, loss=2.0029, sps=41.0]
BC[stage1_datasets_L40_stepsweep/bc_shift4_scale_0p8_1p2_steps10000_tr1]:  43%|████▎     | 4313/10000 [01:45<02:13, 42.53it/s, acc=0.302, device=mps, eta=2m21s, loss=2.0029, sps=41.0]
BC[stage1_datasets_L40_stepsweep/bc_shift4_scale_0p8_1p2_steps10000_tr1]:  43%|████▎     | 4321/10000 [01:45<02:41, 35.19it/s, acc=0.302, device=mps, eta=2m21s, loss=2.0029, sps=41.0]
BC[stage1_datasets_L40_stepsweep/bc_shift4_scale_0p8_1p2_steps10000_tr1]:  43%|████▎     | 4329/10000 [01:45<02:13, 42.47it/s, acc=0.302, device=mps, eta=2m21s, loss=2.0029, sps=41.0]
BC[stage1_datasets_L40_stepsweep/bc_shift4_scale_0p8_1p2_steps10000_tr1]:  43%|████▎     | 4337/10000 [01:45<01:55, 49.07it/s, acc=0.302, device=mps, eta=2m21s, loss=2.0029, sps=41.0]
BC[stage1_datasets_L40_stepsweep/bc_shift4_scale_0p8_1p2_steps10000_tr1]:  43%|████▎     | 4344/10000 [01:46<02:29, 37.90it/s, acc=0.302, device=mps, eta=2m21s, loss=2.0029, sps=41.0]
BC[stage1_datasets_L40_stepsweep/bc_shift4_scale_0p8_1p2_steps10000_tr1]:  44%|████▎     | 4352/10000 [01:46<02:05, 44.91it/s, acc=0.302, device=mps, eta=2m21s, loss=2.0029, sps=41.0]
BC[stage1_datasets_L40_stepsweep/bc_shift4_scale_0p8_1p2_steps10000_tr1]:  44%|████▎     | 4360/10000 [01:46<01:48, 51.81it/s, acc=0.302, device=mps, eta=2m21s, loss=2.0029, sps=41.0]
BC[stage1_datasets_L40_stepsweep/bc_shift4_scale_0p8_1p2_steps10000_tr1]:  44%|████▎     | 4367/10000 [01:46<02:25, 38.83it/s, acc=0.302, device=mps, eta=2m21s, loss=2.0029, sps=41.0]
BC[stage1_datasets_L40_stepsweep/bc_shift4_scale_0p8_1p2_steps10000_tr1]:  44%|████▍     | 4375/10000 [01:46<02:03, 45.66it/s, acc=0.302, device=mps, eta=2m21s, loss=2.0029, sps=41.0]
BC[stage1_datasets_L40_stepsweep/bc_shift4_scale_0p8_1p2_steps10000_tr1]:  44%|████▍     | 4381/10000 [01:46<02:38, 35.55it/s, acc=0.302, device=mps, eta=2m21s, loss=2.0029, sps=41.0]
BC[stage1_datasets_L40_stepsweep/bc_shift4_scale_0p8_1p2_steps10000_tr1]:  44%|████▍     | 4387/10000 [01:47<02:25, 38.67it/s, acc=0.302, device=mps, eta=2m21s, loss=2.0029, sps=41.0]
BC[stage1_datasets_L40_stepsweep/bc_shift4_scale_0p8_1p2_steps10000_tr1]:  44%|████▍     | 4394/10000 [01:47<02:07, 43.91it/s, acc=0.302, device=mps, eta=2m21s, loss=2.0029, sps=41.0]
BC[stage1_datasets_L40_stepsweep/bc_shift4_scale_0p8_1p2_steps10000_tr1]:  44%|████▍     | 4394/10000 [01:47<02:07, 43.91it/s, acc=0.303, device=mps, eta=2m16s, loss=1.9977, sps=41.0]
BC[stage1_datasets_L40_stepsweep/bc_shift4_scale_0p8_1p2_steps10000_tr1]:  44%|████▍     | 4401/10000 [01:47<02:40, 34.92it/s, acc=0.303, device=mps, eta=2m16s, loss=1.9977, sps=41.0]
BC[stage1_datasets_L40_stepsweep/bc_shift4_scale_0p8_1p2_steps10000_tr1]:  44%|████▍     | 4409/10000 [01:47<02:11, 42.58it/s, acc=0.303, device=mps, eta=2m16s, loss=1.9977, sps=41.0]
BC[stage1_datasets_L40_stepsweep/bc_shift4_scale_0p8_1p2_steps10000_tr1]:  44%|████▍     | 4417/10000 [01:47<01:52, 49.51it/s, acc=0.303, device=mps, eta=2m16s, loss=1.9977, sps=41.0]
BC[stage1_datasets_L40_stepsweep/bc_shift4_scale_0p8_1p2_steps10000_tr1]:  44%|████▍     | 4424/10000 [01:47<02:27, 37.87it/s, acc=0.303, device=mps, eta=2m16s, loss=1.9977, sps=41.0]
BC[stage1_datasets_L40_stepsweep/bc_shift4_scale_0p8_1p2_steps10000_tr1]:  44%|████▍     | 4432/10000 [01:48<02:03, 45.08it/s, acc=0.303, device=mps, eta=2m16s, loss=1.9977, sps=41.0]
BC[stage1_datasets_L40_stepsweep/bc_shift4_scale_0p8_1p2_steps10000_tr1]:  44%|████▍     | 4440/10000 [01:48<01:47, 51.93it/s, acc=0.303, device=mps, eta=2m16s, loss=1.9977, sps=41.0]
BC[stage1_datasets_L40_stepsweep/bc_shift4_scale_0p8_1p2_steps10000_tr1]:  44%|████▍     | 4447/10000 [01:48<02:23, 38.80it/s, acc=0.303, device=mps, eta=2m16s, loss=1.9977, sps=41.0]
BC[stage1_datasets_L40_stepsweep/bc_shift4_scale_0p8_1p2_steps10000_tr1]:  45%|████▍     | 4455/10000 [01:48<02:01, 45.71it/s, acc=0.303, device=mps, eta=2m16s, loss=1.9977, sps=41.0]
BC[stage1_datasets_L40_stepsweep/bc_shift4_scale_0p8_1p2_steps10000_tr1]:  45%|████▍     | 4461/10000 [01:48<02:35, 35.51it/s, acc=0.303, device=mps, eta=2m16s, loss=1.9977, sps=41.0]
BC[stage1_datasets_L40_stepsweep/bc_shift4_scale_0p8_1p2_steps10000_tr1]:  45%|████▍     | 4469/10000 [01:48<02:08, 42.96it/s, acc=0.303, device=mps, eta=2m16s, loss=1.9977, sps=41.0]
BC[stage1_datasets_L40_stepsweep/bc_shift4_scale_0p8_1p2_steps10000_tr1]:  45%|████▍     | 4477/10000 [01:49<01:51, 49.75it/s, acc=0.303, device=mps, eta=2m16s, loss=1.9977, sps=41.0]
BC[stage1_datasets_L40_stepsweep/bc_shift4_scale_0p8_1p2_steps10000_tr1]:  45%|████▍     | 4484/10000 [01:49<02:25, 38.03it/s, acc=0.303, device=mps, eta=2m16s, loss=1.9977, sps=41.0]
BC[stage1_datasets_L40_stepsweep/bc_shift4_scale_0p8_1p2_steps10000_tr1]:  45%|████▍     | 4492/10000 [01:49<02:02, 45.13it/s, acc=0.303, device=mps, eta=2m16s, loss=1.9977, sps=41.0]
BC[stage1_datasets_L40_stepsweep/bc_shift4_scale_0p8_1p2_steps10000_tr1]:  45%|████▌     | 4500/10000 [01:49<01:45, 52.03it/s, acc=0.303, device=mps, eta=2m16s, loss=1.9977, sps=41.0]
BC[stage1_datasets_L40_stepsweep/bc_shift4_scale_0p8_1p2_steps10000_tr1]:  45%|████▌     | 4507/10000 [01:49<02:21, 38.83it/s, acc=0.303, device=mps, eta=2m16s, loss=1.9977, sps=41.0]
BC[stage1_datasets_L40_stepsweep/bc_shift4_scale_0p8_1p2_steps10000_tr1]:  45%|████▌     | 4515/10000 [01:49<01:59, 45.75it/s, acc=0.303, device=mps, eta=2m16s, loss=1.9977, sps=41.0]
BC[stage1_datasets_L40_stepsweep/bc_shift4_scale_0p8_1p2_steps10000_tr1]:  45%|████▌     | 4521/10000 [01:50<02:33, 35.62it/s, acc=0.303, device=mps, eta=2m16s, loss=1.9977, sps=41.0]
BC[stage1_datasets_L40_stepsweep/bc_shift4_scale_0p8_1p2_steps10000_tr1]:  45%|████▌     | 4527/10000 [01:50<02:17, 39.77it/s, acc=0.303, device=mps, eta=2m16s, loss=1.9977, sps=41.0]
BC[stage1_datasets_L40_stepsweep/bc_shift4_scale_0p8_1p2_steps10000_tr1]:  45%|████▌     | 4533/10000 [01:50<02:10, 41.94it/s, acc=0.303, device=mps, eta=2m16s, loss=1.9977, sps=41.0]
BC[stage1_datasets_L40_stepsweep/bc_shift4_scale_0p8_1p2_steps10000_tr1]:  45%|████▌     | 4539/10000 [01:50<02:01, 44.98it/s, acc=0.303, device=mps, eta=2m16s, loss=1.9977, sps=41.0]
BC[stage1_datasets_L40_stepsweep/bc_shift4_scale_0p8_1p2_steps10000_tr1]:  45%|████▌     | 4545/10000 [01:50<02:41, 33.77it/s, acc=0.303, device=mps, eta=2m16s, loss=1.9977, sps=41.0]
BC[stage1_datasets_L40_stepsweep/bc_shift4_scale_0p8_1p2_steps10000_tr1]:  46%|████▌     | 4553/10000 [01:50<02:09, 41.96it/s, acc=0.303, device=mps, eta=2m16s, loss=1.9977, sps=41.0]
BC[stage1_datasets_L40_stepsweep/bc_shift4_scale_0p8_1p2_steps10000_tr1]:  46%|████▌     | 4561/10000 [01:51<02:36, 34.67it/s, acc=0.303, device=mps, eta=2m16s, loss=1.9977, sps=41.0]
BC[stage1_datasets_L40_stepsweep/bc_shift4_scale_0p8_1p2_steps10000_tr1]:  46%|████▌     | 4569/10000 [01:51<02:08, 42.42it/s, acc=0.303, device=mps, eta=2m16s, loss=1.9977, sps=41.0]
BC[stage1_datasets_L40_stepsweep/bc_shift4_scale_0p8_1p2_steps10000_tr1]:  46%|████▌     | 4578/10000 [01:51<01:46, 50.89it/s, acc=0.303, device=mps, eta=2m16s, loss=1.9977, sps=41.0]
BC[stage1_datasets_L40_stepsweep/bc_shift4_scale_0p8_1p2_steps10000_tr1]:  46%|████▌     | 4585/10000 [01:51<02:19, 38.88it/s, acc=0.303, device=mps, eta=2m16s, loss=1.9977, sps=41.0]
BC[stage1_datasets_L40_stepsweep/bc_shift4_scale_0p8_1p2_steps10000_tr1]:  46%|████▌     | 4593/10000 [01:51<01:58, 45.75it/s, acc=0.303, device=mps, eta=2m16s, loss=1.9977, sps=41.0]
BC[stage1_datasets_L40_stepsweep/bc_shift4_scale_0p8_1p2_steps10000_tr1]:  46%|████▌     | 4593/10000 [01:51<01:58, 45.75it/s, acc=0.302, device=mps, eta=2m11s, loss=2.0025, sps=41.1]
BC[stage1_datasets_L40_stepsweep/bc_shift4_scale_0p8_1p2_steps10000_tr1]:  46%|████▌     | 4601/10000 [01:52<02:25, 37.02it/s, acc=0.302, device=mps, eta=2m11s, loss=2.0025, sps=41.1]
BC[stage1_datasets_L40_stepsweep/bc_shift4_scale_0p8_1p2_steps10000_tr1]:  46%|████▌     | 4609/10000 [01:52<02:02, 44.18it/s, acc=0.302, device=mps, eta=2m11s, loss=2.0025, sps=41.1]
BC[stage1_datasets_L40_stepsweep/bc_shift4_scale_0p8_1p2_steps10000_tr1]:  46%|████▌     | 4617/10000 [01:52<01:45, 51.01it/s, acc=0.302, device=mps, eta=2m11s, loss=2.0025, sps=41.1]
BC[stage1_datasets_L40_stepsweep/bc_shift4_scale_0p8_1p2_steps10000_tr1]:  46%|████▌     | 4624/10000 [01:52<02:17, 39.12it/s, acc=0.302, device=mps, eta=2m11s, loss=2.0025, sps=41.1]
BC[stage1_datasets_L40_stepsweep/bc_shift4_scale_0p8_1p2_steps10000_tr1]:  46%|████▋     | 4632/10000 [01:52<01:56, 45.99it/s, acc=0.302, device=mps, eta=2m11s, loss=2.0025, sps=41.1]
BC[stage1_datasets_L40_stepsweep/bc_shift4_scale_0p8_1p2_steps10000_tr1]:  46%|████▋     | 4640/10000 [01:52<01:42, 52.46it/s, acc=0.302, device=mps, eta=2m11s, loss=2.0025, sps=41.1]
BC[stage1_datasets_L40_stepsweep/bc_shift4_scale_0p8_1p2_steps10000_tr1]:  46%|████▋     | 4647/10000 [01:53<02:16, 39.30it/s, acc=0.302, device=mps, eta=2m11s, loss=2.0025, sps=41.1]
BC[stage1_datasets_L40_stepsweep/bc_shift4_scale_0p8_1p2_steps10000_tr1]:  47%|████▋     | 4655/10000 [01:53<01:56, 46.05it/s, acc=0.302, device=mps, eta=2m11s, loss=2.0025, sps=41.1]
BC[stage1_datasets_L40_stepsweep/bc_shift4_scale_0p8_1p2_steps10000_tr1]:  47%|████▋     | 4661/10000 [01:53<02:29, 35.72it/s, acc=0.302, device=mps, eta=2m11s, loss=2.0025, sps=41.1]
BC[stage1_datasets_L40_stepsweep/bc_shift4_scale_0p8_1p2_steps10000_tr1]:  47%|████▋     | 4669/10000 [01:53<02:03, 43.17it/s, acc=0.302, device=mps, eta=2m11s, loss=2.0025, sps=41.1]
BC[stage1_datasets_L40_stepsweep/bc_shift4_scale_0p8_1p2_steps10000_tr1]:  47%|████▋     | 4677/10000 [01:53<01:46, 49.81it/s, acc=0.302, device=mps, eta=2m11s, loss=2.0025, sps=41.1]
BC[stage1_datasets_L40_stepsweep/bc_shift4_scale_0p8_1p2_steps10000_tr1]:  47%|████▋     | 4684/10000 [01:54<02:20, 37.74it/s, acc=0.302, device=mps, eta=2m11s, loss=2.0025, sps=41.1]
BC[stage1_datasets_L40_stepsweep/bc_shift4_scale_0p8_1p2_steps10000_tr1]:  47%|████▋     | 4690/10000 [01:54<02:09, 41.13it/s, acc=0.302, device=mps, eta=2m11s, loss=2.0025, sps=41.1]
BC[stage1_datasets_L40_stepsweep/bc_shift4_scale_0p8_1p2_steps10000_tr1]:  47%|████▋     | 4696/10000 [01:54<02:00, 44.07it/s, acc=0.302, device=mps, eta=2m11s, loss=2.0025, sps=41.1]
BC[stage1_datasets_L40_stepsweep/bc_shift4_scale_0p8_1p2_steps10000_tr1]:  47%|████▋     | 4702/10000 [01:54<02:40, 33.04it/s, acc=0.302, device=mps, eta=2m11s, loss=2.0025, sps=41.1]
BC[stage1_datasets_L40_stepsweep/bc_shift4_scale_0p8_1p2_steps10000_tr1]:  47%|████▋     | 4710/10000 [01:54<02:08, 41.16it/s, acc=0.302, device=mps, eta=2m11s, loss=2.0025, sps=41.1]
BC[stage1_datasets_L40_stepsweep/bc_shift4_scale_0p8_1p2_steps10000_tr1]:  47%|████▋     | 4718/10000 [01:54<01:48, 48.86it/s, acc=0.302, device=mps, eta=2m11s, loss=2.0025, sps=41.1]
BC[stage1_datasets_L40_stepsweep/bc_shift4_scale_0p8_1p2_steps10000_tr1]:  47%|████▋     | 4725/10000 [01:55<02:19, 37.81it/s, acc=0.302, device=mps, eta=2m11s, loss=2.0025, sps=41.1]
BC[stage1_datasets_L40_stepsweep/bc_shift4_scale_0p8_1p2_steps10000_tr1]:  47%|████▋     | 4733/10000 [01:55<01:56, 45.04it/s, acc=0.302, device=mps, eta=2m11s, loss=2.0025, sps=41.1]
BC[stage1_datasets_L40_stepsweep/bc_shift4_scale_0p8_1p2_steps10000_tr1]:  47%|████▋     | 4741/10000 [01:55<02:23, 36.65it/s, acc=0.302, device=mps, eta=2m11s, loss=2.0025, sps=41.1]
BC[stage1_datasets_L40_stepsweep/bc_shift4_scale_0p8_1p2_steps10000_tr1]:  47%|████▋     | 4749/10000 [01:55<01:59, 43.77it/s, acc=0.302, device=mps, eta=2m11s, loss=2.0025, sps=41.1]
BC[stage1_datasets_L40_stepsweep/bc_shift4_scale_0p8_1p2_steps10000_tr1]:  48%|████▊     | 4757/10000 [01:55<01:44, 50.20it/s, acc=0.302, device=mps, eta=2m11s, loss=2.0025, sps=41.1]
BC[stage1_datasets_L40_stepsweep/bc_shift4_scale_0p8_1p2_steps10000_tr1]:  48%|████▊     | 4764/10000 [01:56<02:16, 38.37it/s, acc=0.302, device=mps, eta=2m11s, loss=2.0025, sps=41.1]
BC[stage1_datasets_L40_stepsweep/bc_shift4_scale_0p8_1p2_steps10000_tr1]:  48%|████▊     | 4772/10000 [01:56<01:55, 45.33it/s, acc=0.302, device=mps, eta=2m11s, loss=2.0025, sps=41.1]
BC[stage1_datasets_L40_stepsweep/bc_shift4_scale_0p8_1p2_steps10000_tr1]:  48%|████▊     | 4780/10000 [01:56<01:40, 51.96it/s, acc=0.302, device=mps, eta=2m11s, loss=2.0025, sps=41.1]
BC[stage1_datasets_L40_stepsweep/bc_shift4_scale_0p8_1p2_steps10000_tr1]:  48%|████▊     | 4787/10000 [01:56<02:13, 39.01it/s, acc=0.302, device=mps, eta=2m11s, loss=2.0025, sps=41.1]
BC[stage1_datasets_L40_stepsweep/bc_shift4_scale_0p8_1p2_steps10000_tr1]:  48%|████▊     | 4795/10000 [01:56<01:53, 45.85it/s, acc=0.302, device=mps, eta=2m11s, loss=2.0025, sps=41.1]
BC[stage1_datasets_L40_stepsweep/bc_shift4_scale_0p8_1p2_steps10000_tr1]:  48%|████▊     | 4795/10000 [01:56<01:53, 45.85it/s, acc=0.303, device=mps, eta=2m06s, loss=1.9950, sps=41.1]
BC[stage1_datasets_L40_stepsweep/bc_shift4_scale_0p8_1p2_steps10000_tr1]:  48%|████▊     | 4801/10000 [01:56<02:26, 35.52it/s, acc=0.303, device=mps, eta=2m06s, loss=1.9950, sps=41.1]
BC[stage1_datasets_L40_stepsweep/bc_shift4_scale_0p8_1p2_steps10000_tr1]:  48%|████▊     | 4809/10000 [01:57<02:00, 42.97it/s, acc=0.303, device=mps, eta=2m06s, loss=1.9950, sps=41.1]
BC[stage1_datasets_L40_stepsweep/bc_shift4_scale_0p8_1p2_steps10000_tr1]:  48%|████▊     | 4817/10000 [01:57<01:44, 49.74it/s, acc=0.303, device=mps, eta=2m06s, loss=1.9950, sps=41.1]
BC[stage1_datasets_L40_stepsweep/bc_shift4_scale_0p8_1p2_steps10000_tr1]:  48%|████▊     | 4824/10000 [01:57<02:16, 38.00it/s, acc=0.303, device=mps, eta=2m06s, loss=1.9950, sps=41.1]
BC[stage1_datasets_L40_stepsweep/bc_shift4_scale_0p8_1p2_steps10000_tr1]:  48%|████▊     | 4832/10000 [01:57<01:54, 45.11it/s, acc=0.303, device=mps, eta=2m06s, loss=1.9950, sps=41.1]
BC[stage1_datasets_L40_stepsweep/bc_shift4_scale_0p8_1p2_steps10000_tr1]:  48%|████▊     | 4840/10000 [01:57<01:38, 52.19it/s, acc=0.303, device=mps, eta=2m06s, loss=1.9950, sps=41.1]
BC[stage1_datasets_L40_stepsweep/bc_shift4_scale_0p8_1p2_steps10000_tr1]:  48%|████▊     | 4847/10000 [01:57<02:17, 37.56it/s, acc=0.303, device=mps, eta=2m06s, loss=1.9950, sps=41.1]
BC[stage1_datasets_L40_stepsweep/bc_shift4_scale_0p8_1p2_steps10000_tr1]:  49%|████▊     | 4853/10000 [01:58<02:08, 40.06it/s, acc=0.303, device=mps, eta=2m06s, loss=1.9950, sps=41.1]
BC[stage1_datasets_L40_stepsweep/bc_shift4_scale_0p8_1p2_steps10000_tr1]:  49%|████▊     | 4859/10000 [01:58<01:59, 43.03it/s, acc=0.303, device=mps, eta=2m06s, loss=1.9950, sps=41.1]
BC[stage1_datasets_L40_stepsweep/bc_shift4_scale_0p8_1p2_steps10000_tr1]:  49%|████▊     | 4865/10000 [01:58<02:35, 32.92it/s, acc=0.303, device=mps, eta=2m06s, loss=1.9950, sps=41.1]
BC[stage1_datasets_L40_stepsweep/bc_shift4_scale_0p8_1p2_steps10000_tr1]:  49%|████▊     | 4872/10000 [01:58<02:13, 38.46it/s, acc=0.303, device=mps, eta=2m06s, loss=1.9950, sps=41.1]
BC[stage1_datasets_L40_stepsweep/bc_shift4_scale_0p8_1p2_steps10000_tr1]:  49%|████▉     | 4878/10000 [01:58<02:01, 42.07it/s, acc=0.303, device=mps, eta=2m06s, loss=1.9950, sps=41.1]
BC[stage1_datasets_L40_stepsweep/bc_shift4_scale_0p8_1p2_steps10000_tr1]:  49%|████▉     | 4884/10000 [01:58<02:37, 32.48it/s, acc=0.303, device=mps, eta=2m06s, loss=1.9950, sps=41.1]
BC[stage1_datasets_L40_stepsweep/bc_shift4_scale_0p8_1p2_steps10000_tr1]:  49%|████▉     | 4892/10000 [01:59<02:05, 40.64it/s, acc=0.303, device=mps, eta=2m06s, loss=1.9950, sps=41.1]
BC[stage1_datasets_L40_stepsweep/bc_shift4_scale_0p8_1p2_steps10000_tr1]:  49%|████▉     | 4900/10000 [01:59<01:44, 48.64it/s, acc=0.303, device=mps, eta=2m06s, loss=1.9950, sps=41.1]
BC[stage1_datasets_L40_stepsweep/bc_shift4_scale_0p8_1p2_steps10000_tr1]:  49%|████▉     | 4907/10000 [01:59<02:21, 35.92it/s, acc=0.303, device=mps, eta=2m06s, loss=1.9950, sps=41.1]
BC[stage1_datasets_L40_stepsweep/bc_shift4_scale_0p8_1p2_steps10000_tr1]:  49%|████▉     | 4913/10000 [01:59<02:08, 39.49it/s, acc=0.303, device=mps, eta=2m06s, loss=1.9950, sps=41.1]
BC[stage1_datasets_L40_stepsweep/bc_shift4_scale_0p8_1p2_steps10000_tr1]:  49%|████▉     | 4920/10000 [01:59<01:52, 45.08it/s, acc=0.303, device=mps, eta=2m06s, loss=1.9950, sps=41.1]
BC[stage1_datasets_L40_stepsweep/bc_shift4_scale_0p8_1p2_steps10000_tr1]:  49%|████▉     | 4926/10000 [01:59<02:28, 34.23it/s, acc=0.303, device=mps, eta=2m06s, loss=1.9950, sps=41.1]
BC[stage1_datasets_L40_stepsweep/bc_shift4_scale_0p8_1p2_steps10000_tr1]:  49%|████▉     | 4934/10000 [02:00<02:00, 42.01it/s, acc=0.303, device=mps, eta=2m06s, loss=1.9950, sps=41.1]
BC[stage1_datasets_L40_stepsweep/bc_shift4_scale_0p8_1p2_steps10000_tr1]:  49%|████▉     | 4941/10000 [02:00<02:28, 34.11it/s, acc=0.303, device=mps, eta=2m06s, loss=1.9950, sps=41.1]
BC[stage1_datasets_L40_stepsweep/bc_shift4_scale_0p8_1p2_steps10000_tr1]:  49%|████▉     | 4949/10000 [02:00<02:01, 41.74it/s, acc=0.303, device=mps, eta=2m06s, loss=1.9950, sps=41.1]
BC[stage1_datasets_L40_stepsweep/bc_shift4_scale_0p8_1p2_steps10000_tr1]:  50%|████▉     | 4957/10000 [02:00<01:43, 48.69it/s, acc=0.303, device=mps, eta=2m06s, loss=1.9950, sps=41.1]
BC[stage1_datasets_L40_stepsweep/bc_shift4_scale_0p8_1p2_steps10000_tr1]:  50%|████▉     | 4964/10000 [02:00<02:14, 37.48it/s, acc=0.303, device=mps, eta=2m06s, loss=1.9950, sps=41.1]
BC[stage1_datasets_L40_stepsweep/bc_shift4_scale_0p8_1p2_steps10000_tr1]:  50%|████▉     | 4972/10000 [02:01<01:52, 44.61it/s, acc=0.303, device=mps, eta=2m06s, loss=1.9950, sps=41.1]
BC[stage1_datasets_L40_stepsweep/bc_shift4_scale_0p8_1p2_steps10000_tr1]:  50%|████▉     | 4980/10000 [02:01<01:37, 51.72it/s, acc=0.303, device=mps, eta=2m06s, loss=1.9950, sps=41.1]
BC[stage1_datasets_L40_stepsweep/bc_shift4_scale_0p8_1p2_steps10000_tr1]:  50%|████▉     | 4987/10000 [02:01<02:14, 37.37it/s, acc=0.303, device=mps, eta=2m06s, loss=1.9950, sps=41.1]
BC[stage1_datasets_L40_stepsweep/bc_shift4_scale_0p8_1p2_steps10000_tr1]:  50%|████▉     | 4993/10000 [02:01<02:03, 40.41it/s, acc=0.303, device=mps, eta=2m06s, loss=1.9950, sps=41.1]
BC[stage1_datasets_L40_stepsweep/bc_shift4_scale_0p8_1p2_steps10000_tr1]:  50%|████▉     | 4999/10000 [02:01<01:54, 43.87it/s, acc=0.303, device=mps, eta=2m06s, loss=1.9950, sps=41.1]
BC[stage1_datasets_L40_stepsweep/bc_shift4_scale_0p8_1p2_steps10000_tr1]:  50%|████▉     | 4999/10000 [02:01<01:54, 43.87it/s, acc=0.303, device=mps, eta=2m02s, loss=1.9996, sps=41.1]
BC[stage1_datasets_L40_stepsweep/bc_shift4_scale_0p8_1p2_steps10000_tr1]:  50%|█████     | 5005/10000 [02:01<02:27, 33.76it/s, acc=0.303, device=mps, eta=2m02s, loss=1.9996, sps=41.1]
BC[stage1_datasets_L40_stepsweep/bc_shift4_scale_0p8_1p2_steps10000_tr1]:  50%|█████     | 5013/10000 [02:02<01:59, 41.70it/s, acc=0.303, device=mps, eta=2m02s, loss=1.9996, sps=41.1]
BC[stage1_datasets_L40_stepsweep/bc_shift4_scale_0p8_1p2_steps10000_tr1]:  50%|█████     | 5021/10000 [02:02<02:23, 34.74it/s, acc=0.303, device=mps, eta=2m02s, loss=1.9996, sps=41.1]
BC[stage1_datasets_L40_stepsweep/bc_shift4_scale_0p8_1p2_steps10000_tr1]:  50%|█████     | 5029/10000 [02:02<01:57, 42.33it/s, acc=0.303, device=mps, eta=2m02s, loss=1.9996, sps=41.1]
BC[stage1_datasets_L40_stepsweep/bc_shift4_scale_0p8_1p2_steps10000_tr1]:  50%|█████     | 5038/10000 [02:02<01:37, 50.64it/s, acc=0.303, device=mps, eta=2m02s, loss=1.9996, sps=41.1]
BC[stage1_datasets_L40_stepsweep/bc_shift4_scale_0p8_1p2_steps10000_tr1]:  50%|█████     | 5045/10000 [02:02<02:08, 38.62it/s, acc=0.303, device=mps, eta=2m02s, loss=1.9996, sps=41.1]
BC[stage1_datasets_L40_stepsweep/bc_shift4_scale_0p8_1p2_steps10000_tr1]:  51%|█████     | 5051/10000 [02:02<02:00, 41.20it/s, acc=0.303, device=mps, eta=2m02s, loss=1.9996, sps=41.1]
BC[stage1_datasets_L40_stepsweep/bc_shift4_scale_0p8_1p2_steps10000_tr1]:  51%|█████     | 5057/10000 [02:03<01:51, 44.29it/s, acc=0.303, device=mps, eta=2m02s, loss=1.9996, sps=41.1]
BC[stage1_datasets_L40_stepsweep/bc_shift4_scale_0p8_1p2_steps10000_tr1]:  51%|█████     | 5063/10000 [02:03<02:29, 33.12it/s, acc=0.303, device=mps, eta=2m02s, loss=1.9996, sps=41.1]
BC[stage1_datasets_L40_stepsweep/bc_shift4_scale_0p8_1p2_steps10000_tr1]:  51%|█████     | 5069/10000 [02:03<02:10, 37.68it/s, acc=0.303, device=mps, eta=2m02s, loss=1.9996, sps=41.1]
BC[stage1_datasets_L40_stepsweep/bc_shift4_scale_0p8_1p2_steps10000_tr1]:  51%|█████     | 5075/10000 [02:03<01:58, 41.72it/s, acc=0.303, device=mps, eta=2m02s, loss=1.9996, sps=41.1]
BC[stage1_datasets_L40_stepsweep/bc_shift4_scale_0p8_1p2_steps10000_tr1]:  51%|█████     | 5081/10000 [02:03<02:33, 31.98it/s, acc=0.303, device=mps, eta=2m02s, loss=1.9996, sps=41.1]
BC[stage1_datasets_L40_stepsweep/bc_shift4_scale_0p8_1p2_steps10000_tr1]:  51%|█████     | 5089/10000 [02:03<02:02, 40.23it/s, acc=0.303, device=mps, eta=2m02s, loss=1.9996, sps=41.1]
BC[stage1_datasets_L40_stepsweep/bc_shift4_scale_0p8_1p2_steps10000_tr1]:  51%|█████     | 5097/10000 [02:04<01:42, 47.68it/s, acc=0.303, device=mps, eta=2m02s, loss=1.9996, sps=41.1]
BC[stage1_datasets_L40_stepsweep/bc_shift4_scale_0p8_1p2_steps10000_tr1]:  51%|█████     | 5103/10000 [02:04<02:15, 36.01it/s, acc=0.303, device=mps, eta=2m02s, loss=1.9996, sps=41.1]
BC[stage1_datasets_L40_stepsweep/bc_shift4_scale_0p8_1p2_steps10000_tr1]:  51%|█████     | 5111/10000 [02:04<01:51, 43.88it/s, acc=0.303, device=mps, eta=2m02s, loss=1.9996, sps=41.1]
BC[stage1_datasets_L40_stepsweep/bc_shift4_scale_0p8_1p2_steps10000_tr1]:  51%|█████     | 5119/10000 [02:04<01:35, 51.24it/s, acc=0.303, device=mps, eta=2m02s, loss=1.9996, sps=41.1]
BC[stage1_datasets_L40_stepsweep/bc_shift4_scale_0p8_1p2_steps10000_tr1]:  51%|█████▏    | 5126/10000 [02:04<02:05, 38.99it/s, acc=0.303, device=mps, eta=2m02s, loss=1.9996, sps=41.1]
BC[stage1_datasets_L40_stepsweep/bc_shift4_scale_0p8_1p2_steps10000_tr1]:  51%|█████▏    | 5134/10000 [02:04<01:46, 45.88it/s, acc=0.303, device=mps, eta=2m02s, loss=1.9996, sps=41.1]
BC[stage1_datasets_L40_stepsweep/bc_shift4_scale_0p8_1p2_steps10000_tr1]:  51%|█████▏    | 5141/10000 [02:05<02:15, 35.78it/s, acc=0.303, device=mps, eta=2m02s, loss=1.9996, sps=41.1]
BC[stage1_datasets_L40_stepsweep/bc_shift4_scale_0p8_1p2_steps10000_tr1]:  51%|█████▏    | 5147/10000 [02:05<02:02, 39.55it/s, acc=0.303, device=mps, eta=2m02s, loss=1.9996, sps=41.1]
BC[stage1_datasets_L40_stepsweep/bc_shift4_scale_0p8_1p2_steps10000_tr1]:  52%|█████▏    | 5153/10000 [02:05<01:53, 42.60it/s, acc=0.303, device=mps, eta=2m02s, loss=1.9996, sps=41.1]
BC[stage1_datasets_L40_stepsweep/bc_shift4_scale_0p8_1p2_steps10000_tr1]:  52%|█████▏    | 5160/10000 [02:05<01:40, 48.20it/s, acc=0.303, device=mps, eta=2m02s, loss=1.9996, sps=41.1]
BC[stage1_datasets_L40_stepsweep/bc_shift4_scale_0p8_1p2_steps10000_tr1]:  52%|█████▏    | 5166/10000 [02:05<02:15, 35.57it/s, acc=0.303, device=mps, eta=2m02s, loss=1.9996, sps=41.1]
BC[stage1_datasets_L40_stepsweep/bc_shift4_scale_0p8_1p2_steps10000_tr1]:  52%|█████▏    | 5174/10000 [02:05<01:51, 43.25it/s, acc=0.303, device=mps, eta=2m02s, loss=1.9996, sps=41.1]
BC[stage1_datasets_L40_stepsweep/bc_shift4_scale_0p8_1p2_steps10000_tr1]:  52%|█████▏    | 5181/10000 [02:06<02:20, 34.22it/s, acc=0.303, device=mps, eta=2m02s, loss=1.9996, sps=41.1]
BC[stage1_datasets_L40_stepsweep/bc_shift4_scale_0p8_1p2_steps10000_tr1]:  52%|█████▏    | 5189/10000 [02:06<01:55, 41.56it/s, acc=0.303, device=mps, eta=2m02s, loss=1.9996, sps=41.1]
BC[stage1_datasets_L40_stepsweep/bc_shift4_scale_0p8_1p2_steps10000_tr1]:  52%|█████▏    | 5195/10000 [02:06<01:48, 44.24it/s, acc=0.303, device=mps, eta=2m02s, loss=1.9996, sps=41.1]
BC[stage1_datasets_L40_stepsweep/bc_shift4_scale_0p8_1p2_steps10000_tr1]:  52%|█████▏    | 5195/10000 [02:06<01:48, 44.24it/s, acc=0.304, device=mps, eta=1m57s, loss=1.9918, sps=41.1]
BC[stage1_datasets_L40_stepsweep/bc_shift4_scale_0p8_1p2_steps10000_tr1]:  52%|█████▏    | 5201/10000 [02:06<02:23, 33.42it/s, acc=0.304, device=mps, eta=1m57s, loss=1.9918, sps=41.1]
BC[stage1_datasets_L40_stepsweep/bc_shift4_scale_0p8_1p2_steps10000_tr1]:  52%|█████▏    | 5208/10000 [02:06<02:03, 38.93it/s, acc=0.304, device=mps, eta=1m57s, loss=1.9918, sps=41.1]
BC[stage1_datasets_L40_stepsweep/bc_shift4_scale_0p8_1p2_steps10000_tr1]:  52%|█████▏    | 5214/10000 [02:07<01:51, 42.99it/s, acc=0.304, device=mps, eta=1m57s, loss=1.9918, sps=41.1]
BC[stage1_datasets_L40_stepsweep/bc_shift4_scale_0p8_1p2_steps10000_tr1]:  52%|█████▏    | 5221/10000 [02:07<02:21, 33.69it/s, acc=0.304, device=mps, eta=1m57s, loss=1.9918, sps=41.1]
BC[stage1_datasets_L40_stepsweep/bc_shift4_scale_0p8_1p2_steps10000_tr1]:  52%|█████▏    | 5229/10000 [02:07<01:55, 41.45it/s, acc=0.304, device=mps, eta=1m57s, loss=1.9918, sps=41.1]
BC[stage1_datasets_L40_stepsweep/bc_shift4_scale_0p8_1p2_steps10000_tr1]:  52%|█████▏    | 5237/10000 [02:07<01:37, 48.90it/s, acc=0.304, device=mps, eta=1m57s, loss=1.9918, sps=41.1]
BC[stage1_datasets_L40_stepsweep/bc_shift4_scale_0p8_1p2_steps10000_tr1]:  52%|█████▏    | 5244/10000 [02:07<02:06, 37.52it/s, acc=0.304, device=mps, eta=1m57s, loss=1.9918, sps=41.1]
BC[stage1_datasets_L40_stepsweep/bc_shift4_scale_0p8_1p2_steps10000_tr1]:  53%|█████▎    | 5252/10000 [02:07<01:46, 44.68it/s, acc=0.304, device=mps, eta=1m57s, loss=1.9918, sps=41.1]
BC[stage1_datasets_L40_stepsweep/bc_shift4_scale_0p8_1p2_steps10000_tr1]:  53%|█████▎    | 5260/10000 [02:08<01:31, 51.54it/s, acc=0.304, device=mps, eta=1m57s, loss=1.9918, sps=41.1]
BC[stage1_datasets_L40_stepsweep/bc_shift4_scale_0p8_1p2_steps10000_tr1]:  53%|█████▎    | 5267/10000 [02:08<02:02, 38.68it/s, acc=0.304, device=mps, eta=1m57s, loss=1.9918, sps=41.1]
BC[stage1_datasets_L40_stepsweep/bc_shift4_scale_0p8_1p2_steps10000_tr1]:  53%|█████▎    | 5275/10000 [02:08<01:43, 45.68it/s, acc=0.304, device=mps, eta=1m57s, loss=1.9918, sps=41.1]
BC[stage1_datasets_L40_stepsweep/bc_shift4_scale_0p8_1p2_steps10000_tr1]:  53%|█████▎    | 5281/10000 [02:08<02:11, 35.80it/s, acc=0.304, device=mps, eta=1m57s, loss=1.9918, sps=41.1]
BC[stage1_datasets_L40_stepsweep/bc_shift4_scale_0p8_1p2_steps10000_tr1]:  53%|█████▎    | 5287/10000 [02:08<01:58, 39.77it/s, acc=0.304, device=mps, eta=1m57s, loss=1.9918, sps=41.1]
BC[stage1_datasets_L40_stepsweep/bc_shift4_scale_0p8_1p2_steps10000_tr1]:  53%|█████▎    | 5294/10000 [02:08<01:45, 44.49it/s, acc=0.304, device=mps, eta=1m57s, loss=1.9918, sps=41.1]
BC[stage1_datasets_L40_stepsweep/bc_shift4_scale_0p8_1p2_steps10000_tr1]:  53%|█████▎    | 5301/10000 [02:09<02:16, 34.47it/s, acc=0.304, device=mps, eta=1m57s, loss=1.9918, sps=41.1]
BC[stage1_datasets_L40_stepsweep/bc_shift4_scale_0p8_1p2_steps10000_tr1]:  53%|█████▎    | 5309/10000 [02:09<01:51, 42.08it/s, acc=0.304, device=mps, eta=1m57s, loss=1.9918, sps=41.1]
BC[stage1_datasets_L40_stepsweep/bc_shift4_scale_0p8_1p2_steps10000_tr1]:  53%|█████▎    | 5317/10000 [02:09<01:34, 49.58it/s, acc=0.304, device=mps, eta=1m57s, loss=1.9918, sps=41.1]
BC[stage1_datasets_L40_stepsweep/bc_shift4_scale_0p8_1p2_steps10000_tr1]:  53%|█████▎    | 5324/10000 [02:09<02:04, 37.68it/s, acc=0.304, device=mps, eta=1m57s, loss=1.9918, sps=41.1]
BC[stage1_datasets_L40_stepsweep/bc_shift4_scale_0p8_1p2_steps10000_tr1]:  53%|█████▎    | 5330/10000 [02:09<01:57, 39.75it/s, acc=0.304, device=mps, eta=1m57s, loss=1.9918, sps=41.1]
BC[stage1_datasets_L40_stepsweep/bc_shift4_scale_0p8_1p2_steps10000_tr1]:  53%|█████▎    | 5336/10000 [02:09<01:47, 43.37it/s, acc=0.304, device=mps, eta=1m57s, loss=1.9918, sps=41.1]
BC[stage1_datasets_L40_stepsweep/bc_shift4_scale_0p8_1p2_steps10000_tr1]:  53%|█████▎    | 5342/10000 [02:10<02:20, 33.13it/s, acc=0.304, device=mps, eta=1m57s, loss=1.9918, sps=41.1]
BC[stage1_datasets_L40_stepsweep/bc_shift4_scale_0p8_1p2_steps10000_tr1]:  54%|█████▎    | 5351/10000 [02:10<01:49, 42.49it/s, acc=0.304, device=mps, eta=1m57s, loss=1.9918, sps=41.1]
BC[stage1_datasets_L40_stepsweep/bc_shift4_scale_0p8_1p2_steps10000_tr1]:  54%|█████▎    | 5360/10000 [02:10<01:29, 51.75it/s, acc=0.304, device=mps, eta=1m57s, loss=1.9918, sps=41.1]
BC[stage1_datasets_L40_stepsweep/bc_shift4_scale_0p8_1p2_steps10000_tr1]:  54%|█████▎    | 5367/10000 [02:10<02:00, 38.46it/s, acc=0.304, device=mps, eta=1m57s, loss=1.9918, sps=41.1]
BC[stage1_datasets_L40_stepsweep/bc_shift4_scale_0p8_1p2_steps10000_tr1]:  54%|█████▎    | 5373/10000 [02:10<01:50, 42.02it/s, acc=0.304, device=mps, eta=1m57s, loss=1.9918, sps=41.1]
BC[stage1_datasets_L40_stepsweep/bc_shift4_scale_0p8_1p2_steps10000_tr1]:  54%|█████▍    | 5380/10000 [02:11<01:37, 47.26it/s, acc=0.304, device=mps, eta=1m57s, loss=1.9918, sps=41.1]
BC[stage1_datasets_L40_stepsweep/bc_shift4_scale_0p8_1p2_steps10000_tr1]:  54%|█████▍    | 5386/10000 [02:11<02:09, 35.74it/s, acc=0.304, device=mps, eta=1m57s, loss=1.9918, sps=41.1]
BC[stage1_datasets_L40_stepsweep/bc_shift4_scale_0p8_1p2_steps10000_tr1]:  54%|█████▍    | 5394/10000 [02:11<01:46, 43.40it/s, acc=0.304, device=mps, eta=1m57s, loss=1.9918, sps=41.1]
BC[stage1_datasets_L40_stepsweep/bc_shift4_scale_0p8_1p2_steps10000_tr1]:  54%|█████▍    | 5394/10000 [02:11<01:46, 43.40it/s, acc=0.308, device=mps, eta=1m52s, loss=1.9878, sps=41.1]
BC[stage1_datasets_L40_stepsweep/bc_shift4_scale_0p8_1p2_steps10000_tr1]:  54%|█████▍    | 5401/10000 [02:11<02:11, 34.94it/s, acc=0.308, device=mps, eta=1m52s, loss=1.9878, sps=41.1]
BC[stage1_datasets_L40_stepsweep/bc_shift4_scale_0p8_1p2_steps10000_tr1]:  54%|█████▍    | 5409/10000 [02:11<01:48, 42.47it/s, acc=0.308, device=mps, eta=1m52s, loss=1.9878, sps=41.1]
BC[stage1_datasets_L40_stepsweep/bc_shift4_scale_0p8_1p2_steps10000_tr1]:  54%|█████▍    | 5417/10000 [02:11<01:33, 49.08it/s, acc=0.308, device=mps, eta=1m52s, loss=1.9878, sps=41.1]
BC[stage1_datasets_L40_stepsweep/bc_shift4_scale_0p8_1p2_steps10000_tr1]:  54%|█████▍    | 5424/10000 [02:12<02:01, 37.77it/s, acc=0.308, device=mps, eta=1m52s, loss=1.9878, sps=41.1]
BC[stage1_datasets_L40_stepsweep/bc_shift4_scale_0p8_1p2_steps10000_tr1]:  54%|█████▍    | 5432/10000 [02:12<01:41, 44.88it/s, acc=0.308, device=mps, eta=1m52s, loss=1.9878, sps=41.1]
BC[stage1_datasets_L40_stepsweep/bc_shift4_scale_0p8_1p2_steps10000_tr1]:  54%|█████▍    | 5440/10000 [02:12<01:28, 51.38it/s, acc=0.308, device=mps, eta=1m52s, loss=1.9878, sps=41.1]
BC[stage1_datasets_L40_stepsweep/bc_shift4_scale_0p8_1p2_steps10000_tr1]:  54%|█████▍    | 5447/10000 [02:12<01:57, 38.79it/s, acc=0.308, device=mps, eta=1m52s, loss=1.9878, sps=41.1]
BC[stage1_datasets_L40_stepsweep/bc_shift4_scale_0p8_1p2_steps10000_tr1]:  55%|█████▍    | 5455/10000 [02:12<01:38, 46.02it/s, acc=0.308, device=mps, eta=1m52s, loss=1.9878, sps=41.1]
BC[stage1_datasets_L40_stepsweep/bc_shift4_scale_0p8_1p2_steps10000_tr1]:  55%|█████▍    | 5461/10000 [02:13<02:07, 35.64it/s, acc=0.308, device=mps, eta=1m52s, loss=1.9878, sps=41.1]
BC[stage1_datasets_L40_stepsweep/bc_shift4_scale_0p8_1p2_steps10000_tr1]:  55%|█████▍    | 5468/10000 [02:13<01:52, 40.17it/s, acc=0.308, device=mps, eta=1m52s, loss=1.9878, sps=41.1]
BC[stage1_datasets_L40_stepsweep/bc_shift4_scale_0p8_1p2_steps10000_tr1]:  55%|█████▍    | 5474/10000 [02:13<01:45, 43.07it/s, acc=0.308, device=mps, eta=1m52s, loss=1.9878, sps=41.1]
BC[stage1_datasets_L40_stepsweep/bc_shift4_scale_0p8_1p2_steps10000_tr1]:  55%|█████▍    | 5481/10000 [02:13<02:15, 33.36it/s, acc=0.308, device=mps, eta=1m52s, loss=1.9878, sps=41.1]
BC[stage1_datasets_L40_stepsweep/bc_shift4_scale_0p8_1p2_steps10000_tr1]:  55%|█████▍    | 5486/10000 [02:13<02:05, 36.00it/s, acc=0.308, device=mps, eta=1m52s, loss=1.9878, sps=41.1]
BC[stage1_datasets_L40_stepsweep/bc_shift4_scale_0p8_1p2_steps10000_tr1]:  55%|█████▍    | 5492/10000 [02:13<01:51, 40.58it/s, acc=0.308, device=mps, eta=1m52s, loss=1.9878, sps=41.1]
BC[stage1_datasets_L40_stepsweep/bc_shift4_scale_0p8_1p2_steps10000_tr1]:  55%|█████▍    | 5499/10000 [02:13<01:35, 46.98it/s, acc=0.308, device=mps, eta=1m52s, loss=1.9878, sps=41.1]
BC[stage1_datasets_L40_stepsweep/bc_shift4_scale_0p8_1p2_steps10000_tr1]:  55%|█████▌    | 5505/10000 [02:14<02:08, 35.02it/s, acc=0.308, device=mps, eta=1m52s, loss=1.9878, sps=41.1]
BC[stage1_datasets_L40_stepsweep/bc_shift4_scale_0p8_1p2_steps10000_tr1]:  55%|█████▌    | 5513/10000 [02:14<01:43, 43.20it/s, acc=0.308, device=mps, eta=1m52s, loss=1.9878, sps=41.1]
BC[stage1_datasets_L40_stepsweep/bc_shift4_scale_0p8_1p2_steps10000_tr1]:  55%|█████▌    | 5521/10000 [02:14<02:07, 35.23it/s, acc=0.308, device=mps, eta=1m52s, loss=1.9878, sps=41.1]
BC[stage1_datasets_L40_stepsweep/bc_shift4_scale_0p8_1p2_steps10000_tr1]:  55%|█████▌    | 5527/10000 [02:14<01:56, 38.48it/s, acc=0.308, device=mps, eta=1m52s, loss=1.9878, sps=41.1]
BC[stage1_datasets_L40_stepsweep/bc_shift4_scale_0p8_1p2_steps10000_tr1]:  55%|█████▌    | 5534/10000 [02:14<01:42, 43.54it/s, acc=0.308, device=mps, eta=1m52s, loss=1.9878, sps=41.1]
BC[stage1_datasets_L40_stepsweep/bc_shift4_scale_0p8_1p2_steps10000_tr1]:  55%|█████▌    | 5541/10000 [02:15<02:09, 34.44it/s, acc=0.308, device=mps, eta=1m52s, loss=1.9878, sps=41.1]
BC[stage1_datasets_L40_stepsweep/bc_shift4_scale_0p8_1p2_steps10000_tr1]:  55%|█████▌    | 5547/10000 [02:15<01:55, 38.50it/s, acc=0.308, device=mps, eta=1m52s, loss=1.9878, sps=41.1]
BC[stage1_datasets_L40_stepsweep/bc_shift4_scale_0p8_1p2_steps10000_tr1]:  56%|█████▌    | 5553/10000 [02:15<01:47, 41.48it/s, acc=0.308, device=mps, eta=1m52s, loss=1.9878, sps=41.1]
BC[stage1_datasets_L40_stepsweep/bc_shift4_scale_0p8_1p2_steps10000_tr1]:  56%|█████▌    | 5560/10000 [02:15<01:33, 47.44it/s, acc=0.308, device=mps, eta=1m52s, loss=1.9878, sps=41.1]
BC[stage1_datasets_L40_stepsweep/bc_shift4_scale_0p8_1p2_steps10000_tr1]:  56%|█████▌    | 5566/10000 [02:15<02:05, 35.41it/s, acc=0.308, device=mps, eta=1m52s, loss=1.9878, sps=41.1]
BC[stage1_datasets_L40_stepsweep/bc_shift4_scale_0p8_1p2_steps10000_tr1]:  56%|█████▌    | 5574/10000 [02:15<01:42, 43.34it/s, acc=0.308, device=mps, eta=1m52s, loss=1.9878, sps=41.1]
BC[stage1_datasets_L40_stepsweep/bc_shift4_scale_0p8_1p2_steps10000_tr1]:  56%|█████▌    | 5581/10000 [02:16<02:06, 34.84it/s, acc=0.308, device=mps, eta=1m52s, loss=1.9878, sps=41.1]
BC[stage1_datasets_L40_stepsweep/bc_shift4_scale_0p8_1p2_steps10000_tr1]:  56%|█████▌    | 5587/10000 [02:16<01:53, 38.94it/s, acc=0.308, device=mps, eta=1m52s, loss=1.9878, sps=41.1]
BC[stage1_datasets_L40_stepsweep/bc_shift4_scale_0p8_1p2_steps10000_tr1]:  56%|█████▌    | 5593/10000 [02:16<01:44, 42.25it/s, acc=0.308, device=mps, eta=1m52s, loss=1.9878, sps=41.1]
BC[stage1_datasets_L40_stepsweep/bc_shift4_scale_0p8_1p2_steps10000_tr1]:  56%|█████▌    | 5593/10000 [02:16<01:44, 42.25it/s, acc=0.303, device=mps, eta=1m47s, loss=1.9962, sps=41.0]
BC[stage1_datasets_L40_stepsweep/bc_shift4_scale_0p8_1p2_steps10000_tr1]:  56%|█████▌    | 5600/10000 [02:16<01:32, 47.79it/s, acc=0.303, device=mps, eta=1m47s, loss=1.9962, sps=41.0]
BC[stage1_datasets_L40_stepsweep/bc_shift4_scale_0p8_1p2_steps10000_tr1]:  56%|█████▌    | 5606/10000 [02:16<02:03, 35.47it/s, acc=0.303, device=mps, eta=1m47s, loss=1.9962, sps=41.0]
BC[stage1_datasets_L40_stepsweep/bc_shift4_scale_0p8_1p2_steps10000_tr1]:  56%|█████▌    | 5614/10000 [02:16<01:41, 43.40it/s, acc=0.303, device=mps, eta=1m47s, loss=1.9962, sps=41.0]
BC[stage1_datasets_L40_stepsweep/bc_shift4_scale_0p8_1p2_steps10000_tr1]:  56%|█████▌    | 5621/10000 [02:17<02:05, 34.82it/s, acc=0.303, device=mps, eta=1m47s, loss=1.9962, sps=41.0]
BC[stage1_datasets_L40_stepsweep/bc_shift4_scale_0p8_1p2_steps10000_tr1]:  56%|█████▋    | 5629/10000 [02:17<01:42, 42.47it/s, acc=0.303, device=mps, eta=1m47s, loss=1.9962, sps=41.0]
BC[stage1_datasets_L40_stepsweep/bc_shift4_scale_0p8_1p2_steps10000_tr1]:  56%|█████▋    | 5637/10000 [02:17<01:28, 49.36it/s, acc=0.303, device=mps, eta=1m47s, loss=1.9962, sps=41.0]
BC[stage1_datasets_L40_stepsweep/bc_shift4_scale_0p8_1p2_steps10000_tr1]:  56%|█████▋    | 5644/10000 [02:17<01:55, 37.75it/s, acc=0.303, device=mps, eta=1m47s, loss=1.9962, sps=41.0]
BC[stage1_datasets_L40_stepsweep/bc_shift4_scale_0p8_1p2_steps10000_tr1]:  57%|█████▋    | 5652/10000 [02:17<01:36, 44.87it/s, acc=0.303, device=mps, eta=1m47s, loss=1.9962, sps=41.0]
BC[stage1_datasets_L40_stepsweep/bc_shift4_scale_0p8_1p2_steps10000_tr1]:  57%|█████▋    | 5660/10000 [02:17<01:23, 51.89it/s, acc=0.303, device=mps, eta=1m47s, loss=1.9962, sps=41.0]
BC[stage1_datasets_L40_stepsweep/bc_shift4_scale_0p8_1p2_steps10000_tr1]:  57%|█████▋    | 5667/10000 [02:18<01:51, 38.77it/s, acc=0.303, device=mps, eta=1m47s, loss=1.9962, sps=41.0]
BC[stage1_datasets_L40_stepsweep/bc_shift4_scale_0p8_1p2_steps10000_tr1]:  57%|█████▋    | 5675/10000 [02:18<01:34, 45.62it/s, acc=0.303, device=mps, eta=1m47s, loss=1.9962, sps=41.0]
BC[stage1_datasets_L40_stepsweep/bc_shift4_scale_0p8_1p2_steps10000_tr1]:  57%|█████▋    | 5681/10000 [02:18<02:01, 35.42it/s, acc=0.303, device=mps, eta=1m47s, loss=1.9962, sps=41.0]
BC[stage1_datasets_L40_stepsweep/bc_shift4_scale_0p8_1p2_steps10000_tr1]:  57%|█████▋    | 5689/10000 [02:18<01:40, 42.84it/s, acc=0.303, device=mps, eta=1m47s, loss=1.9962, sps=41.0]
BC[stage1_datasets_L40_stepsweep/bc_shift4_scale_0p8_1p2_steps10000_tr1]:  57%|█████▋    | 5697/10000 [02:18<01:26, 49.51it/s, acc=0.303, device=mps, eta=1m47s, loss=1.9962, sps=41.0]
BC[stage1_datasets_L40_stepsweep/bc_shift4_scale_0p8_1p2_steps10000_tr1]:  57%|█████▋    | 5704/10000 [02:19<01:53, 37.94it/s, acc=0.303, device=mps, eta=1m47s, loss=1.9962, sps=41.0]
BC[stage1_datasets_L40_stepsweep/bc_shift4_scale_0p8_1p2_steps10000_tr1]:  57%|█████▋    | 5712/10000 [02:19<01:35, 45.09it/s, acc=0.303, device=mps, eta=1m47s, loss=1.9962, sps=41.0]
BC[stage1_datasets_L40_stepsweep/bc_shift4_scale_0p8_1p2_steps10000_tr1]:  57%|█████▋    | 5720/10000 [02:19<01:22, 51.84it/s, acc=0.303, device=mps, eta=1m47s, loss=1.9962, sps=41.0]
BC[stage1_datasets_L40_stepsweep/bc_shift4_scale_0p8_1p2_steps10000_tr1]:  57%|█████▋    | 5727/10000 [02:19<01:50, 38.67it/s, acc=0.303, device=mps, eta=1m47s, loss=1.9962, sps=41.0]
BC[stage1_datasets_L40_stepsweep/bc_shift4_scale_0p8_1p2_steps10000_tr1]:  57%|█████▋    | 5735/10000 [02:19<01:32, 45.88it/s, acc=0.303, device=mps, eta=1m47s, loss=1.9962, sps=41.0]
BC[stage1_datasets_L40_stepsweep/bc_shift4_scale_0p8_1p2_steps10000_tr1]:  57%|█████▋    | 5741/10000 [02:19<01:59, 35.60it/s, acc=0.303, device=mps, eta=1m47s, loss=1.9962, sps=41.0]
BC[stage1_datasets_L40_stepsweep/bc_shift4_scale_0p8_1p2_steps10000_tr1]:  57%|█████▋    | 5748/10000 [02:20<01:45, 40.41it/s, acc=0.303, device=mps, eta=1m47s, loss=1.9962, sps=41.0]
BC[stage1_datasets_L40_stepsweep/bc_shift4_scale_0p8_1p2_steps10000_tr1]:  58%|█████▊    | 5754/10000 [02:20<01:36, 44.06it/s, acc=0.303, device=mps, eta=1m47s, loss=1.9962, sps=41.0]
BC[stage1_datasets_L40_stepsweep/bc_shift4_scale_0p8_1p2_steps10000_tr1]:  58%|█████▊    | 5761/10000 [02:20<02:02, 34.51it/s, acc=0.303, device=mps, eta=1m47s, loss=1.9962, sps=41.0]
BC[stage1_datasets_L40_stepsweep/bc_shift4_scale_0p8_1p2_steps10000_tr1]:  58%|█████▊    | 5769/10000 [02:20<01:40, 42.19it/s, acc=0.303, device=mps, eta=1m47s, loss=1.9962, sps=41.0]
BC[stage1_datasets_L40_stepsweep/bc_shift4_scale_0p8_1p2_steps10000_tr1]:  58%|█████▊    | 5777/10000 [02:20<01:26, 49.07it/s, acc=0.303, device=mps, eta=1m47s, loss=1.9962, sps=41.0]
BC[stage1_datasets_L40_stepsweep/bc_shift4_scale_0p8_1p2_steps10000_tr1]:  58%|█████▊    | 5784/10000 [02:20<01:51, 37.74it/s, acc=0.303, device=mps, eta=1m47s, loss=1.9962, sps=41.0]
BC[stage1_datasets_L40_stepsweep/bc_shift4_scale_0p8_1p2_steps10000_tr1]:  58%|█████▊    | 5792/10000 [02:21<01:33, 44.93it/s, acc=0.303, device=mps, eta=1m47s, loss=1.9962, sps=41.0]
BC[stage1_datasets_L40_stepsweep/bc_shift4_scale_0p8_1p2_steps10000_tr1]:  58%|█████▊    | 5792/10000 [02:21<01:33, 44.93it/s, acc=0.304, device=mps, eta=1m42s, loss=1.9944, sps=41.1]
BC[stage1_datasets_L40_stepsweep/bc_shift4_scale_0p8_1p2_steps10000_tr1]:  58%|█████▊    | 5800/10000 [02:21<01:20, 52.06it/s, acc=0.304, device=mps, eta=1m42s, loss=1.9944, sps=41.1]
BC[stage1_datasets_L40_stepsweep/bc_shift4_scale_0p8_1p2_steps10000_tr1]:  58%|█████▊    | 5807/10000 [02:21<01:48, 38.82it/s, acc=0.304, device=mps, eta=1m42s, loss=1.9944, sps=41.1]
BC[stage1_datasets_L40_stepsweep/bc_shift4_scale_0p8_1p2_steps10000_tr1]:  58%|█████▊    | 5815/10000 [02:21<01:31, 45.86it/s, acc=0.304, device=mps, eta=1m42s, loss=1.9944, sps=41.1]
BC[stage1_datasets_L40_stepsweep/bc_shift4_scale_0p8_1p2_steps10000_tr1]:  58%|█████▊    | 5821/10000 [02:21<01:57, 35.46it/s, acc=0.304, device=mps, eta=1m42s, loss=1.9944, sps=41.1]
BC[stage1_datasets_L40_stepsweep/bc_shift4_scale_0p8_1p2_steps10000_tr1]:  58%|█████▊    | 5829/10000 [02:21<01:37, 42.94it/s, acc=0.304, device=mps, eta=1m42s, loss=1.9944, sps=41.1]
BC[stage1_datasets_L40_stepsweep/bc_shift4_scale_0p8_1p2_steps10000_tr1]:  58%|█████▊    | 5837/10000 [02:22<01:23, 49.73it/s, acc=0.304, device=mps, eta=1m42s, loss=1.9944, sps=41.1]
BC[stage1_datasets_L40_stepsweep/bc_shift4_scale_0p8_1p2_steps10000_tr1]:  58%|█████▊    | 5844/10000 [02:22<01:49, 37.92it/s, acc=0.304, device=mps, eta=1m42s, loss=1.9944, sps=41.1]
BC[stage1_datasets_L40_stepsweep/bc_shift4_scale_0p8_1p2_steps10000_tr1]:  59%|█████▊    | 5852/10000 [02:22<01:31, 45.10it/s, acc=0.304, device=mps, eta=1m42s, loss=1.9944, sps=41.1]
BC[stage1_datasets_L40_stepsweep/bc_shift4_scale_0p8_1p2_steps10000_tr1]:  59%|█████▊    | 5861/10000 [02:22<01:50, 37.43it/s, acc=0.304, device=mps, eta=1m42s, loss=1.9944, sps=41.1]
BC[stage1_datasets_L40_stepsweep/bc_shift4_scale_0p8_1p2_steps10000_tr1]:  59%|█████▊    | 5867/10000 [02:22<01:42, 40.36it/s, acc=0.304, device=mps, eta=1m42s, loss=1.9944, sps=41.1]
BC[stage1_datasets_L40_stepsweep/bc_shift4_scale_0p8_1p2_steps10000_tr1]:  59%|█████▊    | 5874/10000 [02:23<01:31, 44.92it/s, acc=0.304, device=mps, eta=1m42s, loss=1.9944, sps=41.1]
BC[stage1_datasets_L40_stepsweep/bc_shift4_scale_0p8_1p2_steps10000_tr1]:  59%|█████▉    | 5881/10000 [02:23<01:55, 35.65it/s, acc=0.304, device=mps, eta=1m42s, loss=1.9944, sps=41.1]
BC[stage1_datasets_L40_stepsweep/bc_shift4_scale_0p8_1p2_steps10000_tr1]:  59%|█████▉    | 5889/10000 [02:23<01:35, 43.02it/s, acc=0.304, device=mps, eta=1m42s, loss=1.9944, sps=41.1]
BC[stage1_datasets_L40_stepsweep/bc_shift4_scale_0p8_1p2_steps10000_tr1]:  59%|█████▉    | 5897/10000 [02:23<01:22, 49.69it/s, acc=0.304, device=mps, eta=1m42s, loss=1.9944, sps=41.1]
BC[stage1_datasets_L40_stepsweep/bc_shift4_scale_0p8_1p2_steps10000_tr1]:  59%|█████▉    | 5904/10000 [02:23<01:47, 38.02it/s, acc=0.304, device=mps, eta=1m42s, loss=1.9944, sps=41.1]
BC[stage1_datasets_L40_stepsweep/bc_shift4_scale_0p8_1p2_steps10000_tr1]:  59%|█████▉    | 5912/10000 [02:23<01:30, 45.13it/s, acc=0.304, device=mps, eta=1m42s, loss=1.9944, sps=41.1]
BC[stage1_datasets_L40_stepsweep/bc_shift4_scale_0p8_1p2_steps10000_tr1]:  59%|█████▉    | 5921/10000 [02:24<01:48, 37.54it/s, acc=0.304, device=mps, eta=1m42s, loss=1.9944, sps=41.1]
BC[stage1_datasets_L40_stepsweep/bc_shift4_scale_0p8_1p2_steps10000_tr1]:  59%|█████▉    | 5927/10000 [02:24<01:41, 40.13it/s, acc=0.304, device=mps, eta=1m42s, loss=1.9944, sps=41.1]
BC[stage1_datasets_L40_stepsweep/bc_shift4_scale_0p8_1p2_steps10000_tr1]:  59%|█████▉    | 5934/10000 [02:24<01:30, 44.82it/s, acc=0.304, device=mps, eta=1m42s, loss=1.9944, sps=41.1]
BC[stage1_datasets_L40_stepsweep/bc_shift4_scale_0p8_1p2_steps10000_tr1]:  59%|█████▉    | 5941/10000 [02:24<01:55, 35.18it/s, acc=0.304, device=mps, eta=1m42s, loss=1.9944, sps=41.1]
BC[stage1_datasets_L40_stepsweep/bc_shift4_scale_0p8_1p2_steps10000_tr1]:  59%|█████▉    | 5947/10000 [02:24<01:43, 39.26it/s, acc=0.304, device=mps, eta=1m42s, loss=1.9944, sps=41.1]
BC[stage1_datasets_L40_stepsweep/bc_shift4_scale_0p8_1p2_steps10000_tr1]:  60%|█████▉    | 5952/10000 [02:25<01:38, 41.21it/s, acc=0.304, device=mps, eta=1m42s, loss=1.9944, sps=41.1]
BC[stage1_datasets_L40_stepsweep/bc_shift4_scale_0p8_1p2_steps10000_tr1]:  60%|█████▉    | 5959/10000 [02:25<01:26, 46.55it/s, acc=0.304, device=mps, eta=1m42s, loss=1.9944, sps=41.1]
BC[stage1_datasets_L40_stepsweep/bc_shift4_scale_0p8_1p2_steps10000_tr1]:  60%|█████▉    | 5965/10000 [02:25<01:54, 35.10it/s, acc=0.304, device=mps, eta=1m42s, loss=1.9944, sps=41.1]
BC[stage1_datasets_L40_stepsweep/bc_shift4_scale_0p8_1p2_steps10000_tr1]:  60%|█████▉    | 5973/10000 [02:25<01:33, 43.17it/s, acc=0.304, device=mps, eta=1m42s, loss=1.9944, sps=41.1]
BC[stage1_datasets_L40_stepsweep/bc_shift4_scale_0p8_1p2_steps10000_tr1]:  60%|█████▉    | 5981/10000 [02:25<01:53, 35.45it/s, acc=0.304, device=mps, eta=1m42s, loss=1.9944, sps=41.1]
BC[stage1_datasets_L40_stepsweep/bc_shift4_scale_0p8_1p2_steps10000_tr1]:  60%|█████▉    | 5989/10000 [02:25<01:33, 42.77it/s, acc=0.304, device=mps, eta=1m42s, loss=1.9944, sps=41.1]
BC[stage1_datasets_L40_stepsweep/bc_shift4_scale_0p8_1p2_steps10000_tr1]:  60%|█████▉    | 5997/10000 [02:26<01:21, 49.37it/s, acc=0.304, device=mps, eta=1m42s, loss=1.9944, sps=41.1]
BC[stage1_datasets_L40_stepsweep/bc_shift4_scale_0p8_1p2_steps10000_tr1]:  60%|█████▉    | 5997/10000 [02:26<01:21, 49.37it/s, acc=0.306, device=mps, eta=1m37s, loss=1.9838, sps=41.1]
BC[stage1_datasets_L40_stepsweep/bc_shift4_scale_0p8_1p2_steps10000_tr1]:  60%|██████    | 6004/10000 [02:26<01:45, 37.89it/s, acc=0.306, device=mps, eta=1m37s, loss=1.9838, sps=41.1]
BC[stage1_datasets_L40_stepsweep/bc_shift4_scale_0p8_1p2_steps10000_tr1]:  60%|██████    | 6012/10000 [02:26<01:28, 44.96it/s, acc=0.306, device=mps, eta=1m37s, loss=1.9838, sps=41.1]
BC[stage1_datasets_L40_stepsweep/bc_shift4_scale_0p8_1p2_steps10000_tr1]:  60%|██████    | 6020/10000 [02:26<01:16, 51.69it/s, acc=0.306, device=mps, eta=1m37s, loss=1.9838, sps=41.1]
BC[stage1_datasets_L40_stepsweep/bc_shift4_scale_0p8_1p2_steps10000_tr1]:  60%|██████    | 6027/10000 [02:26<01:42, 38.92it/s, acc=0.306, device=mps, eta=1m37s, loss=1.9838, sps=41.1]
BC[stage1_datasets_L40_stepsweep/bc_shift4_scale_0p8_1p2_steps10000_tr1]:  60%|██████    | 6035/10000 [02:26<01:26, 45.95it/s, acc=0.306, device=mps, eta=1m37s, loss=1.9838, sps=41.1]
BC[stage1_datasets_L40_stepsweep/bc_shift4_scale_0p8_1p2_steps10000_tr1]:  60%|██████    | 6041/10000 [02:27<01:49, 36.17it/s, acc=0.306, device=mps, eta=1m37s, loss=1.9838, sps=41.1]
BC[stage1_datasets_L40_stepsweep/bc_shift4_scale_0p8_1p2_steps10000_tr1]:  60%|██████    | 6047/10000 [02:27<01:38, 40.25it/s, acc=0.306, device=mps, eta=1m37s, loss=1.9838, sps=41.1]
BC[stage1_datasets_L40_stepsweep/bc_shift4_scale_0p8_1p2_steps10000_tr1]:  61%|██████    | 6053/10000 [02:27<01:30, 43.73it/s, acc=0.306, device=mps, eta=1m37s, loss=1.9838, sps=41.1]
BC[stage1_datasets_L40_stepsweep/bc_shift4_scale_0p8_1p2_steps10000_tr1]:  61%|██████    | 6060/10000 [02:27<01:19, 49.25it/s, acc=0.306, device=mps, eta=1m37s, loss=1.9838, sps=41.1]
BC[stage1_datasets_L40_stepsweep/bc_shift4_scale_0p8_1p2_steps10000_tr1]:  61%|██████    | 6066/10000 [02:27<01:49, 35.97it/s, acc=0.306, device=mps, eta=1m37s, loss=1.9838, sps=41.1]
BC[stage1_datasets_L40_stepsweep/bc_shift4_scale_0p8_1p2_steps10000_tr1]:  61%|██████    | 6074/10000 [02:27<01:29, 43.86it/s, acc=0.306, device=mps, eta=1m37s, loss=1.9838, sps=41.1]
BC[stage1_datasets_L40_stepsweep/bc_shift4_scale_0p8_1p2_steps10000_tr1]:  61%|██████    | 6081/10000 [02:28<01:52, 34.92it/s, acc=0.306, device=mps, eta=1m37s, loss=1.9838, sps=41.1]
BC[stage1_datasets_L40_stepsweep/bc_shift4_scale_0p8_1p2_steps10000_tr1]:  61%|██████    | 6089/10000 [02:28<01:32, 42.49it/s, acc=0.306, device=mps, eta=1m37s, loss=1.9838, sps=41.1]
BC[stage1_datasets_L40_stepsweep/bc_shift4_scale_0p8_1p2_steps10000_tr1]:  61%|██████    | 6097/10000 [02:28<01:19, 49.18it/s, acc=0.306, device=mps, eta=1m37s, loss=1.9838, sps=41.1]
BC[stage1_datasets_L40_stepsweep/bc_shift4_scale_0p8_1p2_steps10000_tr1]:  61%|██████    | 6104/10000 [02:28<01:43, 37.74it/s, acc=0.306, device=mps, eta=1m37s, loss=1.9838, sps=41.1]
BC[stage1_datasets_L40_stepsweep/bc_shift4_scale_0p8_1p2_steps10000_tr1]:  61%|██████    | 6112/10000 [02:28<01:26, 44.83it/s, acc=0.306, device=mps, eta=1m37s, loss=1.9838, sps=41.1]
BC[stage1_datasets_L40_stepsweep/bc_shift4_scale_0p8_1p2_steps10000_tr1]:  61%|██████    | 6120/10000 [02:28<01:14, 51.90it/s, acc=0.306, device=mps, eta=1m37s, loss=1.9838, sps=41.1]
BC[stage1_datasets_L40_stepsweep/bc_shift4_scale_0p8_1p2_steps10000_tr1]:  61%|██████▏   | 6127/10000 [02:29<01:39, 38.85it/s, acc=0.306, device=mps, eta=1m37s, loss=1.9838, sps=41.1]
BC[stage1_datasets_L40_stepsweep/bc_shift4_scale_0p8_1p2_steps10000_tr1]:  61%|██████▏   | 6135/10000 [02:29<01:23, 46.07it/s, acc=0.306, device=mps, eta=1m37s, loss=1.9838, sps=41.1]
BC[stage1_datasets_L40_stepsweep/bc_shift4_scale_0p8_1p2_steps10000_tr1]:  61%|██████▏   | 6141/10000 [02:29<01:46, 36.14it/s, acc=0.306, device=mps, eta=1m37s, loss=1.9838, sps=41.1]
BC[stage1_datasets_L40_stepsweep/bc_shift4_scale_0p8_1p2_steps10000_tr1]:  61%|██████▏   | 6149/10000 [02:29<01:28, 43.57it/s, acc=0.306, device=mps, eta=1m37s, loss=1.9838, sps=41.1]
BC[stage1_datasets_L40_stepsweep/bc_shift4_scale_0p8_1p2_steps10000_tr1]:  62%|██████▏   | 6157/10000 [02:29<01:15, 50.66it/s, acc=0.306, device=mps, eta=1m37s, loss=1.9838, sps=41.1]
BC[stage1_datasets_L40_stepsweep/bc_shift4_scale_0p8_1p2_steps10000_tr1]:  62%|██████▏   | 6164/10000 [02:30<01:40, 38.06it/s, acc=0.306, device=mps, eta=1m37s, loss=1.9838, sps=41.1]
BC[stage1_datasets_L40_stepsweep/bc_shift4_scale_0p8_1p2_steps10000_tr1]:  62%|██████▏   | 6170/10000 [02:30<01:31, 41.69it/s, acc=0.306, device=mps, eta=1m37s, loss=1.9838, sps=41.1]
BC[stage1_datasets_L40_stepsweep/bc_shift4_scale_0p8_1p2_steps10000_tr1]:  62%|██████▏   | 6177/10000 [02:30<01:22, 46.60it/s, acc=0.306, device=mps, eta=1m37s, loss=1.9838, sps=41.1]
BC[stage1_datasets_L40_stepsweep/bc_shift4_scale_0p8_1p2_steps10000_tr1]:  62%|██████▏   | 6183/10000 [02:30<01:48, 35.08it/s, acc=0.306, device=mps, eta=1m37s, loss=1.9838, sps=41.1]
BC[stage1_datasets_L40_stepsweep/bc_shift4_scale_0p8_1p2_steps10000_tr1]:  62%|██████▏   | 6191/10000 [02:30<01:29, 42.54it/s, acc=0.306, device=mps, eta=1m37s, loss=1.9838, sps=41.1]
BC[stage1_datasets_L40_stepsweep/bc_shift4_scale_0p8_1p2_steps10000_tr1]:  62%|██████▏   | 6199/10000 [02:30<01:17, 49.28it/s, acc=0.306, device=mps, eta=1m37s, loss=1.9838, sps=41.1]
BC[stage1_datasets_L40_stepsweep/bc_shift4_scale_0p8_1p2_steps10000_tr1]:  62%|██████▏   | 6199/10000 [02:30<01:17, 49.28it/s, acc=0.309, device=mps, eta=1m32s, loss=1.9798, sps=41.1]
BC[stage1_datasets_L40_stepsweep/bc_shift4_scale_0p8_1p2_steps10000_tr1]:  62%|██████▏   | 6205/10000 [02:31<01:42, 37.14it/s, acc=0.309, device=mps, eta=1m32s, loss=1.9798, sps=41.1]
BC[stage1_datasets_L40_stepsweep/bc_shift4_scale_0p8_1p2_steps10000_tr1]:  62%|██████▏   | 6213/10000 [02:31<01:24, 44.57it/s, acc=0.309, device=mps, eta=1m32s, loss=1.9798, sps=41.1]
BC[stage1_datasets_L40_stepsweep/bc_shift4_scale_0p8_1p2_steps10000_tr1]:  62%|██████▏   | 6221/10000 [02:31<01:43, 36.37it/s, acc=0.309, device=mps, eta=1m32s, loss=1.9798, sps=41.1]
BC[stage1_datasets_L40_stepsweep/bc_shift4_scale_0p8_1p2_steps10000_tr1]:  62%|██████▏   | 6229/10000 [02:31<01:26, 43.59it/s, acc=0.309, device=mps, eta=1m32s, loss=1.9798, sps=41.1]
BC[stage1_datasets_L40_stepsweep/bc_shift4_scale_0p8_1p2_steps10000_tr1]:  62%|██████▏   | 6237/10000 [02:31<01:15, 50.04it/s, acc=0.309, device=mps, eta=1m32s, loss=1.9798, sps=41.1]
BC[stage1_datasets_L40_stepsweep/bc_shift4_scale_0p8_1p2_steps10000_tr1]:  62%|██████▏   | 6244/10000 [02:31<01:38, 38.18it/s, acc=0.309, device=mps, eta=1m32s, loss=1.9798, sps=41.1]
BC[stage1_datasets_L40_stepsweep/bc_shift4_scale_0p8_1p2_steps10000_tr1]:  63%|██████▎   | 6252/10000 [02:32<01:23, 45.15it/s, acc=0.309, device=mps, eta=1m32s, loss=1.9798, sps=41.1]
BC[stage1_datasets_L40_stepsweep/bc_shift4_scale_0p8_1p2_steps10000_tr1]:  63%|██████▎   | 6261/10000 [02:32<01:39, 37.56it/s, acc=0.309, device=mps, eta=1m32s, loss=1.9798, sps=41.1]
BC[stage1_datasets_L40_stepsweep/bc_shift4_scale_0p8_1p2_steps10000_tr1]:  63%|██████▎   | 6269/10000 [02:32<01:24, 44.38it/s, acc=0.309, device=mps, eta=1m32s, loss=1.9798, sps=41.1]
BC[stage1_datasets_L40_stepsweep/bc_shift4_scale_0p8_1p2_steps10000_tr1]:  63%|██████▎   | 6277/10000 [02:32<01:13, 50.82it/s, acc=0.309, device=mps, eta=1m32s, loss=1.9798, sps=41.1]
BC[stage1_datasets_L40_stepsweep/bc_shift4_scale_0p8_1p2_steps10000_tr1]:  63%|██████▎   | 6284/10000 [02:32<01:36, 38.62it/s, acc=0.309, device=mps, eta=1m32s, loss=1.9798, sps=41.1]
BC[stage1_datasets_L40_stepsweep/bc_shift4_scale_0p8_1p2_steps10000_tr1]:  63%|██████▎   | 6291/10000 [02:33<01:26, 42.90it/s, acc=0.309, device=mps, eta=1m32s, loss=1.9798, sps=41.1]
BC[stage1_datasets_L40_stepsweep/bc_shift4_scale_0p8_1p2_steps10000_tr1]:  63%|██████▎   | 6297/10000 [02:33<01:20, 46.11it/s, acc=0.309, device=mps, eta=1m32s, loss=1.9798, sps=41.1]
BC[stage1_datasets_L40_stepsweep/bc_shift4_scale_0p8_1p2_steps10000_tr1]:  63%|██████▎   | 6303/10000 [02:33<01:46, 34.86it/s, acc=0.309, device=mps, eta=1m32s, loss=1.9798, sps=41.1]
BC[stage1_datasets_L40_stepsweep/bc_shift4_scale_0p8_1p2_steps10000_tr1]:  63%|██████▎   | 6311/10000 [02:33<01:26, 42.64it/s, acc=0.309, device=mps, eta=1m32s, loss=1.9798, sps=41.1]
BC[stage1_datasets_L40_stepsweep/bc_shift4_scale_0p8_1p2_steps10000_tr1]:  63%|██████▎   | 6319/10000 [02:33<01:14, 49.57it/s, acc=0.309, device=mps, eta=1m32s, loss=1.9798, sps=41.1]
BC[stage1_datasets_L40_stepsweep/bc_shift4_scale_0p8_1p2_steps10000_tr1]:  63%|██████▎   | 6326/10000 [02:33<01:37, 37.83it/s, acc=0.309, device=mps, eta=1m32s, loss=1.9798, sps=41.1]
BC[stage1_datasets_L40_stepsweep/bc_shift4_scale_0p8_1p2_steps10000_tr1]:  63%|██████▎   | 6334/10000 [02:34<01:21, 44.94it/s, acc=0.309, device=mps, eta=1m32s, loss=1.9798, sps=41.1]
BC[stage1_datasets_L40_stepsweep/bc_shift4_scale_0p8_1p2_steps10000_tr1]:  63%|██████▎   | 6341/10000 [02:34<01:41, 35.94it/s, acc=0.309, device=mps, eta=1m32s, loss=1.9798, sps=41.1]
BC[stage1_datasets_L40_stepsweep/bc_shift4_scale_0p8_1p2_steps10000_tr1]:  63%|██████▎   | 6347/10000 [02:34<01:31, 39.75it/s, acc=0.309, device=mps, eta=1m32s, loss=1.9798, sps=41.1]
BC[stage1_datasets_L40_stepsweep/bc_shift4_scale_0p8_1p2_steps10000_tr1]:  64%|██████▎   | 6353/10000 [02:34<01:24, 43.04it/s, acc=0.309, device=mps, eta=1m32s, loss=1.9798, sps=41.1]
BC[stage1_datasets_L40_stepsweep/bc_shift4_scale_0p8_1p2_steps10000_tr1]:  64%|██████▎   | 6359/10000 [02:34<01:18, 46.53it/s, acc=0.309, device=mps, eta=1m32s, loss=1.9798, sps=41.1]
BC[stage1_datasets_L40_stepsweep/bc_shift4_scale_0p8_1p2_steps10000_tr1]:  64%|██████▎   | 6365/10000 [02:34<01:46, 34.02it/s, acc=0.309, device=mps, eta=1m32s, loss=1.9798, sps=41.1]
BC[stage1_datasets_L40_stepsweep/bc_shift4_scale_0p8_1p2_steps10000_tr1]:  64%|██████▎   | 6371/10000 [02:35<01:35, 38.00it/s, acc=0.309, device=mps, eta=1m32s, loss=1.9798, sps=41.1]
BC[stage1_datasets_L40_stepsweep/bc_shift4_scale_0p8_1p2_steps10000_tr1]:  64%|██████▍   | 6377/10000 [02:35<01:25, 42.39it/s, acc=0.309, device=mps, eta=1m32s, loss=1.9798, sps=41.1]
BC[stage1_datasets_L40_stepsweep/bc_shift4_scale_0p8_1p2_steps10000_tr1]:  64%|██████▍   | 6383/10000 [02:35<01:51, 32.55it/s, acc=0.309, device=mps, eta=1m32s, loss=1.9798, sps=41.1]
BC[stage1_datasets_L40_stepsweep/bc_shift4_scale_0p8_1p2_steps10000_tr1]:  64%|██████▍   | 6391/10000 [02:35<01:27, 41.03it/s, acc=0.309, device=mps, eta=1m32s, loss=1.9798, sps=41.1]
BC[stage1_datasets_L40_stepsweep/bc_shift4_scale_0p8_1p2_steps10000_tr1]:  64%|██████▍   | 6399/10000 [02:35<01:14, 48.61it/s, acc=0.309, device=mps, eta=1m32s, loss=1.9798, sps=41.1]
BC[stage1_datasets_L40_stepsweep/bc_shift4_scale_0p8_1p2_steps10000_tr1]:  64%|██████▍   | 6399/10000 [02:35<01:14, 48.61it/s, acc=0.306, device=mps, eta=1m28s, loss=1.9900, sps=41.1]
BC[stage1_datasets_L40_stepsweep/bc_shift4_scale_0p8_1p2_steps10000_tr1]:  64%|██████▍   | 6405/10000 [02:35<01:40, 35.91it/s, acc=0.306, device=mps, eta=1m28s, loss=1.9900, sps=41.1]
BC[stage1_datasets_L40_stepsweep/bc_shift4_scale_0p8_1p2_steps10000_tr1]:  64%|██████▍   | 6411/10000 [02:36<01:29, 39.96it/s, acc=0.306, device=mps, eta=1m28s, loss=1.9900, sps=41.1]
BC[stage1_datasets_L40_stepsweep/bc_shift4_scale_0p8_1p2_steps10000_tr1]:  64%|██████▍   | 6418/10000 [02:36<01:17, 46.14it/s, acc=0.306, device=mps, eta=1m28s, loss=1.9900, sps=41.1]
BC[stage1_datasets_L40_stepsweep/bc_shift4_scale_0p8_1p2_steps10000_tr1]:  64%|██████▍   | 6424/10000 [02:36<01:41, 35.08it/s, acc=0.306, device=mps, eta=1m28s, loss=1.9900, sps=41.1]
BC[stage1_datasets_L40_stepsweep/bc_shift4_scale_0p8_1p2_steps10000_tr1]:  64%|██████▍   | 6432/10000 [02:36<01:22, 43.02it/s, acc=0.306, device=mps, eta=1m28s, loss=1.9900, sps=41.1]
BC[stage1_datasets_L40_stepsweep/bc_shift4_scale_0p8_1p2_steps10000_tr1]:  64%|██████▍   | 6440/10000 [02:36<01:10, 50.74it/s, acc=0.306, device=mps, eta=1m28s, loss=1.9900, sps=41.1]
BC[stage1_datasets_L40_stepsweep/bc_shift4_scale_0p8_1p2_steps10000_tr1]:  64%|██████▍   | 6447/10000 [02:36<01:33, 37.96it/s, acc=0.306, device=mps, eta=1m28s, loss=1.9900, sps=41.1]
BC[stage1_datasets_L40_stepsweep/bc_shift4_scale_0p8_1p2_steps10000_tr1]:  65%|██████▍   | 6455/10000 [02:37<01:18, 45.13it/s, acc=0.306, device=mps, eta=1m28s, loss=1.9900, sps=41.1]
BC[stage1_datasets_L40_stepsweep/bc_shift4_scale_0p8_1p2_steps10000_tr1]:  65%|██████▍   | 6461/10000 [02:37<01:40, 35.04it/s, acc=0.306, device=mps, eta=1m28s, loss=1.9900, sps=41.1]
BC[stage1_datasets_L40_stepsweep/bc_shift4_scale_0p8_1p2_steps10000_tr1]:  65%|██████▍   | 6469/10000 [02:37<01:22, 42.58it/s, acc=0.306, device=mps, eta=1m28s, loss=1.9900, sps=41.1]
BC[stage1_datasets_L40_stepsweep/bc_shift4_scale_0p8_1p2_steps10000_tr1]:  65%|██████▍   | 6477/10000 [02:37<01:11, 49.38it/s, acc=0.306, device=mps, eta=1m28s, loss=1.9900, sps=41.1]
BC[stage1_datasets_L40_stepsweep/bc_shift4_scale_0p8_1p2_steps10000_tr1]:  65%|██████▍   | 6484/10000 [02:37<01:34, 37.13it/s, acc=0.306, device=mps, eta=1m28s, loss=1.9900, sps=41.1]
BC[stage1_datasets_L40_stepsweep/bc_shift4_scale_0p8_1p2_steps10000_tr1]:  65%|██████▍   | 6489/10000 [02:37<01:29, 39.24it/s, acc=0.306, device=mps, eta=1m28s, loss=1.9900, sps=41.1]
BC[stage1_datasets_L40_stepsweep/bc_shift4_scale_0p8_1p2_steps10000_tr1]:  65%|██████▍   | 6495/10000 [02:38<01:22, 42.38it/s, acc=0.306, device=mps, eta=1m28s, loss=1.9900, sps=41.1]
BC[stage1_datasets_L40_stepsweep/bc_shift4_scale_0p8_1p2_steps10000_tr1]:  65%|██████▌   | 6501/10000 [02:38<01:48, 32.22it/s, acc=0.306, device=mps, eta=1m28s, loss=1.9900, sps=41.1]
BC[stage1_datasets_L40_stepsweep/bc_shift4_scale_0p8_1p2_steps10000_tr1]:  65%|██████▌   | 6507/10000 [02:38<01:34, 37.02it/s, acc=0.306, device=mps, eta=1m28s, loss=1.9900, sps=41.1]
BC[stage1_datasets_L40_stepsweep/bc_shift4_scale_0p8_1p2_steps10000_tr1]:  65%|██████▌   | 6513/10000 [02:38<01:24, 41.39it/s, acc=0.306, device=mps, eta=1m28s, loss=1.9900, sps=41.1]
BC[stage1_datasets_L40_stepsweep/bc_shift4_scale_0p8_1p2_steps10000_tr1]:  65%|██████▌   | 6520/10000 [02:38<01:12, 47.77it/s, acc=0.306, device=mps, eta=1m28s, loss=1.9900, sps=41.1]
BC[stage1_datasets_L40_stepsweep/bc_shift4_scale_0p8_1p2_steps10000_tr1]:  65%|██████▌   | 6526/10000 [02:38<01:38, 35.32it/s, acc=0.306, device=mps, eta=1m28s, loss=1.9900, sps=41.1]
BC[stage1_datasets_L40_stepsweep/bc_shift4_scale_0p8_1p2_steps10000_tr1]:  65%|██████▌   | 6534/10000 [02:39<01:19, 43.39it/s, acc=0.306, device=mps, eta=1m28s, loss=1.9900, sps=41.1]
BC[stage1_datasets_L40_stepsweep/bc_shift4_scale_0p8_1p2_steps10000_tr1]:  65%|██████▌   | 6541/10000 [02:39<01:39, 34.69it/s, acc=0.306, device=mps, eta=1m28s, loss=1.9900, sps=41.1]
BC[stage1_datasets_L40_stepsweep/bc_shift4_scale_0p8_1p2_steps10000_tr1]:  65%|██████▌   | 6549/10000 [02:39<01:21, 42.32it/s, acc=0.306, device=mps, eta=1m28s, loss=1.9900, sps=41.1]
BC[stage1_datasets_L40_stepsweep/bc_shift4_scale_0p8_1p2_steps10000_tr1]:  66%|██████▌   | 6557/10000 [02:39<01:09, 49.39it/s, acc=0.306, device=mps, eta=1m28s, loss=1.9900, sps=41.1]
BC[stage1_datasets_L40_stepsweep/bc_shift4_scale_0p8_1p2_steps10000_tr1]:  66%|██████▌   | 6564/10000 [02:39<01:30, 37.80it/s, acc=0.306, device=mps, eta=1m28s, loss=1.9900, sps=41.1]
BC[stage1_datasets_L40_stepsweep/bc_shift4_scale_0p8_1p2_steps10000_tr1]:  66%|██████▌   | 6572/10000 [02:39<01:16, 44.94it/s, acc=0.306, device=mps, eta=1m28s, loss=1.9900, sps=41.1]
BC[stage1_datasets_L40_stepsweep/bc_shift4_scale_0p8_1p2_steps10000_tr1]:  66%|██████▌   | 6580/10000 [02:40<01:06, 51.59it/s, acc=0.306, device=mps, eta=1m28s, loss=1.9900, sps=41.1]
BC[stage1_datasets_L40_stepsweep/bc_shift4_scale_0p8_1p2_steps10000_tr1]:  66%|██████▌   | 6587/10000 [02:40<01:28, 38.76it/s, acc=0.306, device=mps, eta=1m28s, loss=1.9900, sps=41.1]
BC[stage1_datasets_L40_stepsweep/bc_shift4_scale_0p8_1p2_steps10000_tr1]:  66%|██████▌   | 6595/10000 [02:40<01:14, 45.68it/s, acc=0.306, device=mps, eta=1m28s, loss=1.9900, sps=41.1]
BC[stage1_datasets_L40_stepsweep/bc_shift4_scale_0p8_1p2_steps10000_tr1]:  66%|██████▌   | 6595/10000 [02:40<01:14, 45.68it/s, acc=0.309, device=mps, eta=1m23s, loss=1.9733, sps=41.1]
BC[stage1_datasets_L40_stepsweep/bc_shift4_scale_0p8_1p2_steps10000_tr1]:  66%|██████▌   | 6601/10000 [02:40<01:35, 35.48it/s, acc=0.309, device=mps, eta=1m23s, loss=1.9733, sps=41.1]
BC[stage1_datasets_L40_stepsweep/bc_shift4_scale_0p8_1p2_steps10000_tr1]:  66%|██████▌   | 6609/10000 [02:40<01:18, 42.93it/s, acc=0.309, device=mps, eta=1m23s, loss=1.9733, sps=41.1]
BC[stage1_datasets_L40_stepsweep/bc_shift4_scale_0p8_1p2_steps10000_tr1]:  66%|██████▌   | 6617/10000 [02:40<01:07, 49.93it/s, acc=0.309, device=mps, eta=1m23s, loss=1.9733, sps=41.1]
BC[stage1_datasets_L40_stepsweep/bc_shift4_scale_0p8_1p2_steps10000_tr1]:  66%|██████▌   | 6624/10000 [02:41<01:28, 37.98it/s, acc=0.309, device=mps, eta=1m23s, loss=1.9733, sps=41.1]
BC[stage1_datasets_L40_stepsweep/bc_shift4_scale_0p8_1p2_steps10000_tr1]:  66%|██████▋   | 6630/10000 [02:41<01:21, 41.48it/s, acc=0.309, device=mps, eta=1m23s, loss=1.9733, sps=41.1]
BC[stage1_datasets_L40_stepsweep/bc_shift4_scale_0p8_1p2_steps10000_tr1]:  66%|██████▋   | 6636/10000 [02:41<01:15, 44.64it/s, acc=0.309, device=mps, eta=1m23s, loss=1.9733, sps=41.1]
BC[stage1_datasets_L40_stepsweep/bc_shift4_scale_0p8_1p2_steps10000_tr1]:  66%|██████▋   | 6642/10000 [02:41<01:40, 33.54it/s, acc=0.309, device=mps, eta=1m23s, loss=1.9733, sps=41.1]
BC[stage1_datasets_L40_stepsweep/bc_shift4_scale_0p8_1p2_steps10000_tr1]:  66%|██████▋   | 6647/10000 [02:41<01:32, 36.29it/s, acc=0.309, device=mps, eta=1m23s, loss=1.9733, sps=41.1]
BC[stage1_datasets_L40_stepsweep/bc_shift4_scale_0p8_1p2_steps10000_tr1]:  67%|██████▋   | 6653/10000 [02:41<01:22, 40.59it/s, acc=0.309, device=mps, eta=1m23s, loss=1.9733, sps=41.1]
BC[stage1_datasets_L40_stepsweep/bc_shift4_scale_0p8_1p2_steps10000_tr1]:  67%|██████▋   | 6660/10000 [02:42<01:11, 46.87it/s, acc=0.309, device=mps, eta=1m23s, loss=1.9733, sps=41.1]
BC[stage1_datasets_L40_stepsweep/bc_shift4_scale_0p8_1p2_steps10000_tr1]:  67%|██████▋   | 6666/10000 [02:42<01:37, 34.04it/s, acc=0.309, device=mps, eta=1m23s, loss=1.9733, sps=41.1]
BC[stage1_datasets_L40_stepsweep/bc_shift4_scale_0p8_1p2_steps10000_tr1]:  67%|██████▋   | 6672/10000 [02:42<01:27, 38.08it/s, acc=0.309, device=mps, eta=1m23s, loss=1.9733, sps=41.1]
BC[stage1_datasets_L40_stepsweep/bc_shift4_scale_0p8_1p2_steps10000_tr1]:  67%|██████▋   | 6679/10000 [02:42<01:15, 43.86it/s, acc=0.309, device=mps, eta=1m23s, loss=1.9733, sps=41.1]
BC[stage1_datasets_L40_stepsweep/bc_shift4_scale_0p8_1p2_steps10000_tr1]:  67%|██████▋   | 6685/10000 [02:42<01:38, 33.81it/s, acc=0.309, device=mps, eta=1m23s, loss=1.9733, sps=41.1]
BC[stage1_datasets_L40_stepsweep/bc_shift4_scale_0p8_1p2_steps10000_tr1]:  67%|██████▋   | 6693/10000 [02:42<01:18, 41.95it/s, acc=0.309, device=mps, eta=1m23s, loss=1.9733, sps=41.1]
BC[stage1_datasets_L40_stepsweep/bc_shift4_scale_0p8_1p2_steps10000_tr1]:  67%|██████▋   | 6701/10000 [02:43<01:34, 34.82it/s, acc=0.309, device=mps, eta=1m23s, loss=1.9733, sps=41.1]
BC[stage1_datasets_L40_stepsweep/bc_shift4_scale_0p8_1p2_steps10000_tr1]:  67%|██████▋   | 6710/10000 [02:43<01:15, 43.45it/s, acc=0.309, device=mps, eta=1m23s, loss=1.9733, sps=41.1]
BC[stage1_datasets_L40_stepsweep/bc_shift4_scale_0p8_1p2_steps10000_tr1]:  67%|██████▋   | 6718/10000 [02:43<01:05, 49.87it/s, acc=0.309, device=mps, eta=1m23s, loss=1.9733, sps=41.1]
BC[stage1_datasets_L40_stepsweep/bc_shift4_scale_0p8_1p2_steps10000_tr1]:  67%|██████▋   | 6725/10000 [02:43<01:25, 38.27it/s, acc=0.309, device=mps, eta=1m23s, loss=1.9733, sps=41.1]
BC[stage1_datasets_L40_stepsweep/bc_shift4_scale_0p8_1p2_steps10000_tr1]:  67%|██████▋   | 6731/10000 [02:43<01:18, 41.56it/s, acc=0.309, device=mps, eta=1m23s, loss=1.9733, sps=41.1]
BC[stage1_datasets_L40_stepsweep/bc_shift4_scale_0p8_1p2_steps10000_tr1]:  67%|██████▋   | 6737/10000 [02:43<01:13, 44.55it/s, acc=0.309, device=mps, eta=1m23s, loss=1.9733, sps=41.1]
BC[stage1_datasets_L40_stepsweep/bc_shift4_scale_0p8_1p2_steps10000_tr1]:  67%|██████▋   | 6743/10000 [02:44<01:35, 34.17it/s, acc=0.309, device=mps, eta=1m23s, loss=1.9733, sps=41.1]
BC[stage1_datasets_L40_stepsweep/bc_shift4_scale_0p8_1p2_steps10000_tr1]:  68%|██████▊   | 6751/10000 [02:44<01:17, 42.05it/s, acc=0.309, device=mps, eta=1m23s, loss=1.9733, sps=41.1]
BC[stage1_datasets_L40_stepsweep/bc_shift4_scale_0p8_1p2_steps10000_tr1]:  68%|██████▊   | 6759/10000 [02:44<01:06, 49.07it/s, acc=0.309, device=mps, eta=1m23s, loss=1.9733, sps=41.1]
BC[stage1_datasets_L40_stepsweep/bc_shift4_scale_0p8_1p2_steps10000_tr1]:  68%|██████▊   | 6765/10000 [02:44<01:27, 36.92it/s, acc=0.309, device=mps, eta=1m23s, loss=1.9733, sps=41.1]
BC[stage1_datasets_L40_stepsweep/bc_shift4_scale_0p8_1p2_steps10000_tr1]:  68%|██████▊   | 6773/10000 [02:44<01:12, 44.44it/s, acc=0.309, device=mps, eta=1m23s, loss=1.9733, sps=41.1]
BC[stage1_datasets_L40_stepsweep/bc_shift4_scale_0p8_1p2_steps10000_tr1]:  68%|██████▊   | 6781/10000 [02:45<01:29, 36.16it/s, acc=0.309, device=mps, eta=1m23s, loss=1.9733, sps=41.1]
BC[stage1_datasets_L40_stepsweep/bc_shift4_scale_0p8_1p2_steps10000_tr1]:  68%|██████▊   | 6789/10000 [02:45<01:14, 43.22it/s, acc=0.309, device=mps, eta=1m23s, loss=1.9733, sps=41.1]
BC[stage1_datasets_L40_stepsweep/bc_shift4_scale_0p8_1p2_steps10000_tr1]:  68%|██████▊   | 6797/10000 [02:45<01:04, 49.91it/s, acc=0.309, device=mps, eta=1m23s, loss=1.9733, sps=41.1]
BC[stage1_datasets_L40_stepsweep/bc_shift4_scale_0p8_1p2_steps10000_tr1]:  68%|██████▊   | 6797/10000 [02:45<01:04, 49.91it/s, acc=0.307, device=mps, eta=1m18s, loss=1.9887, sps=41.1]
BC[stage1_datasets_L40_stepsweep/bc_shift4_scale_0p8_1p2_steps10000_tr1]:  68%|██████▊   | 6804/10000 [02:45<01:23, 38.33it/s, acc=0.307, device=mps, eta=1m18s, loss=1.9887, sps=41.1]
BC[stage1_datasets_L40_stepsweep/bc_shift4_scale_0p8_1p2_steps10000_tr1]:  68%|██████▊   | 6812/10000 [02:45<01:10, 45.44it/s, acc=0.307, device=mps, eta=1m18s, loss=1.9887, sps=41.1]
BC[stage1_datasets_L40_stepsweep/bc_shift4_scale_0p8_1p2_steps10000_tr1]:  68%|██████▊   | 6821/10000 [02:46<01:24, 37.65it/s, acc=0.307, device=mps, eta=1m18s, loss=1.9887, sps=41.1]
BC[stage1_datasets_L40_stepsweep/bc_shift4_scale_0p8_1p2_steps10000_tr1]:  68%|██████▊   | 6827/10000 [02:46<01:16, 41.26it/s, acc=0.307, device=mps, eta=1m18s, loss=1.9887, sps=41.1]
BC[stage1_datasets_L40_stepsweep/bc_shift4_scale_0p8_1p2_steps10000_tr1]:  68%|██████▊   | 6833/10000 [02:46<01:12, 43.81it/s, acc=0.307, device=mps, eta=1m18s, loss=1.9887, sps=41.1]
BC[stage1_datasets_L40_stepsweep/bc_shift4_scale_0p8_1p2_steps10000_tr1]:  68%|██████▊   | 6840/10000 [02:46<01:04, 48.69it/s, acc=0.307, device=mps, eta=1m18s, loss=1.9887, sps=41.1]
BC[stage1_datasets_L40_stepsweep/bc_shift4_scale_0p8_1p2_steps10000_tr1]:  68%|██████▊   | 6846/10000 [02:46<01:27, 36.11it/s, acc=0.307, device=mps, eta=1m18s, loss=1.9887, sps=41.1]
BC[stage1_datasets_L40_stepsweep/bc_shift4_scale_0p8_1p2_steps10000_tr1]:  69%|██████▊   | 6854/10000 [02:46<01:11, 43.74it/s, acc=0.307, device=mps, eta=1m18s, loss=1.9887, sps=41.1]
BC[stage1_datasets_L40_stepsweep/bc_shift4_scale_0p8_1p2_steps10000_tr1]:  69%|██████▊   | 6861/10000 [02:47<01:29, 34.99it/s, acc=0.307, device=mps, eta=1m18s, loss=1.9887, sps=41.1]
BC[stage1_datasets_L40_stepsweep/bc_shift4_scale_0p8_1p2_steps10000_tr1]:  69%|██████▊   | 6869/10000 [02:47<01:13, 42.46it/s, acc=0.307, device=mps, eta=1m18s, loss=1.9887, sps=41.1]
BC[stage1_datasets_L40_stepsweep/bc_shift4_scale_0p8_1p2_steps10000_tr1]:  69%|██████▉   | 6877/10000 [02:47<01:03, 49.43it/s, acc=0.307, device=mps, eta=1m18s, loss=1.9887, sps=41.1]
BC[stage1_datasets_L40_stepsweep/bc_shift4_scale_0p8_1p2_steps10000_tr1]:  69%|██████▉   | 6884/10000 [02:47<01:22, 37.95it/s, acc=0.307, device=mps, eta=1m18s, loss=1.9887, sps=41.1]
BC[stage1_datasets_L40_stepsweep/bc_shift4_scale_0p8_1p2_steps10000_tr1]:  69%|██████▉   | 6892/10000 [02:47<01:08, 45.08it/s, acc=0.307, device=mps, eta=1m18s, loss=1.9887, sps=41.1]
BC[stage1_datasets_L40_stepsweep/bc_shift4_scale_0p8_1p2_steps10000_tr1]:  69%|██████▉   | 6901/10000 [02:48<01:22, 37.39it/s, acc=0.307, device=mps, eta=1m18s, loss=1.9887, sps=41.1]
BC[stage1_datasets_L40_stepsweep/bc_shift4_scale_0p8_1p2_steps10000_tr1]:  69%|██████▉   | 6907/10000 [02:48<01:16, 40.36it/s, acc=0.307, device=mps, eta=1m18s, loss=1.9887, sps=41.1]
BC[stage1_datasets_L40_stepsweep/bc_shift4_scale_0p8_1p2_steps10000_tr1]:  69%|██████▉   | 6913/10000 [02:48<01:11, 43.30it/s, acc=0.307, device=mps, eta=1m18s, loss=1.9887, sps=41.1]
BC[stage1_datasets_L40_stepsweep/bc_shift4_scale_0p8_1p2_steps10000_tr1]:  69%|██████▉   | 6920/10000 [02:48<01:03, 48.36it/s, acc=0.307, device=mps, eta=1m18s, loss=1.9887, sps=41.1]
BC[stage1_datasets_L40_stepsweep/bc_shift4_scale_0p8_1p2_steps10000_tr1]:  69%|██████▉   | 6926/10000 [02:48<01:30, 34.12it/s, acc=0.307, device=mps, eta=1m18s, loss=1.9887, sps=41.1]
BC[stage1_datasets_L40_stepsweep/bc_shift4_scale_0p8_1p2_steps10000_tr1]:  69%|██████▉   | 6932/10000 [02:48<01:19, 38.43it/s, acc=0.307, device=mps, eta=1m18s, loss=1.9887, sps=41.1]
BC[stage1_datasets_L40_stepsweep/bc_shift4_scale_0p8_1p2_steps10000_tr1]:  69%|██████▉   | 6940/10000 [02:48<01:06, 46.08it/s, acc=0.307, device=mps, eta=1m18s, loss=1.9887, sps=41.1]
BC[stage1_datasets_L40_stepsweep/bc_shift4_scale_0p8_1p2_steps10000_tr1]:  69%|██████▉   | 6946/10000 [02:49<01:26, 35.16it/s, acc=0.307, device=mps, eta=1m18s, loss=1.9887, sps=41.1]
BC[stage1_datasets_L40_stepsweep/bc_shift4_scale_0p8_1p2_steps10000_tr1]:  70%|██████▉   | 6954/10000 [02:49<01:10, 42.91it/s, acc=0.307, device=mps, eta=1m18s, loss=1.9887, sps=41.1]
BC[stage1_datasets_L40_stepsweep/bc_shift4_scale_0p8_1p2_steps10000_tr1]:  70%|██████▉   | 6961/10000 [02:49<01:27, 34.63it/s, acc=0.307, device=mps, eta=1m18s, loss=1.9887, sps=41.1]
BC[stage1_datasets_L40_stepsweep/bc_shift4_scale_0p8_1p2_steps10000_tr1]:  70%|██████▉   | 6969/10000 [02:49<01:11, 42.13it/s, acc=0.307, device=mps, eta=1m18s, loss=1.9887, sps=41.1]
BC[stage1_datasets_L40_stepsweep/bc_shift4_scale_0p8_1p2_steps10000_tr1]:  70%|██████▉   | 6977/10000 [02:49<01:01, 49.36it/s, acc=0.307, device=mps, eta=1m18s, loss=1.9887, sps=41.1]
BC[stage1_datasets_L40_stepsweep/bc_shift4_scale_0p8_1p2_steps10000_tr1]:  70%|██████▉   | 6984/10000 [02:50<01:21, 37.01it/s, acc=0.307, device=mps, eta=1m18s, loss=1.9887, sps=41.1]
BC[stage1_datasets_L40_stepsweep/bc_shift4_scale_0p8_1p2_steps10000_tr1]:  70%|██████▉   | 6990/10000 [02:50<01:15, 39.87it/s, acc=0.307, device=mps, eta=1m18s, loss=1.9887, sps=41.1]
BC[stage1_datasets_L40_stepsweep/bc_shift4_scale_0p8_1p2_steps10000_tr1]:  70%|██████▉   | 6997/10000 [02:50<01:07, 44.46it/s, acc=0.307, device=mps, eta=1m18s, loss=1.9887, sps=41.1]
BC[stage1_datasets_L40_stepsweep/bc_shift4_scale_0p8_1p2_steps10000_tr1]:  70%|██████▉   | 6997/10000 [02:50<01:07, 44.46it/s, acc=0.312, device=mps, eta=1m13s, loss=1.9772, sps=41.1]
BC[stage1_datasets_L40_stepsweep/bc_shift4_scale_0p8_1p2_steps10000_tr1]:  70%|███████   | 7003/10000 [02:50<01:28, 33.82it/s, acc=0.312, device=mps, eta=1m13s, loss=1.9772, sps=41.1]
BC[stage1_datasets_L40_stepsweep/bc_shift4_scale_0p8_1p2_steps10000_tr1]:  70%|███████   | 7009/10000 [02:50<01:19, 37.74it/s, acc=0.312, device=mps, eta=1m13s, loss=1.9772, sps=41.1]
BC[stage1_datasets_L40_stepsweep/bc_shift4_scale_0p8_1p2_steps10000_tr1]:  70%|███████   | 7015/10000 [02:50<01:11, 41.91it/s, acc=0.312, device=mps, eta=1m13s, loss=1.9772, sps=41.1]
BC[stage1_datasets_L40_stepsweep/bc_shift4_scale_0p8_1p2_steps10000_tr1]:  70%|███████   | 7021/10000 [02:51<01:32, 32.22it/s, acc=0.312, device=mps, eta=1m13s, loss=1.9772, sps=41.1]
BC[stage1_datasets_L40_stepsweep/bc_shift4_scale_0p8_1p2_steps10000_tr1]:  70%|███████   | 7029/10000 [02:51<01:13, 40.51it/s, acc=0.312, device=mps, eta=1m13s, loss=1.9772, sps=41.1]
BC[stage1_datasets_L40_stepsweep/bc_shift4_scale_0p8_1p2_steps10000_tr1]:  70%|███████   | 7037/10000 [02:51<01:01, 47.90it/s, acc=0.312, device=mps, eta=1m13s, loss=1.9772, sps=41.1]
BC[stage1_datasets_L40_stepsweep/bc_shift4_scale_0p8_1p2_steps10000_tr1]:  70%|███████   | 7043/10000 [02:51<01:22, 36.04it/s, acc=0.312, device=mps, eta=1m13s, loss=1.9772, sps=41.1]
BC[stage1_datasets_L40_stepsweep/bc_shift4_scale_0p8_1p2_steps10000_tr1]:  71%|███████   | 7051/10000 [02:51<01:06, 44.02it/s, acc=0.312, device=mps, eta=1m13s, loss=1.9772, sps=41.1]
BC[stage1_datasets_L40_stepsweep/bc_shift4_scale_0p8_1p2_steps10000_tr1]:  71%|███████   | 7060/10000 [02:51<00:55, 53.04it/s, acc=0.312, device=mps, eta=1m13s, loss=1.9772, sps=41.1]
BC[stage1_datasets_L40_stepsweep/bc_shift4_scale_0p8_1p2_steps10000_tr1]:  71%|███████   | 7067/10000 [02:52<01:14, 39.39it/s, acc=0.312, device=mps, eta=1m13s, loss=1.9772, sps=41.1]
BC[stage1_datasets_L40_stepsweep/bc_shift4_scale_0p8_1p2_steps10000_tr1]:  71%|███████   | 7075/10000 [02:52<01:02, 46.57it/s, acc=0.312, device=mps, eta=1m13s, loss=1.9772, sps=41.1]
BC[stage1_datasets_L40_stepsweep/bc_shift4_scale_0p8_1p2_steps10000_tr1]:  71%|███████   | 7082/10000 [02:52<01:18, 37.15it/s, acc=0.312, device=mps, eta=1m13s, loss=1.9772, sps=41.1]
BC[stage1_datasets_L40_stepsweep/bc_shift4_scale_0p8_1p2_steps10000_tr1]:  71%|███████   | 7088/10000 [02:52<01:11, 40.96it/s, acc=0.312, device=mps, eta=1m13s, loss=1.9772, sps=41.1]
BC[stage1_datasets_L40_stepsweep/bc_shift4_scale_0p8_1p2_steps10000_tr1]:  71%|███████   | 7094/10000 [02:52<01:06, 43.77it/s, acc=0.312, device=mps, eta=1m13s, loss=1.9772, sps=41.1]
BC[stage1_datasets_L40_stepsweep/bc_shift4_scale_0p8_1p2_steps10000_tr1]:  71%|███████   | 7101/10000 [02:53<01:26, 33.51it/s, acc=0.312, device=mps, eta=1m13s, loss=1.9772, sps=41.1]
BC[stage1_datasets_L40_stepsweep/bc_shift4_scale_0p8_1p2_steps10000_tr1]:  71%|███████   | 7110/10000 [02:53<01:08, 42.47it/s, acc=0.312, device=mps, eta=1m13s, loss=1.9772, sps=41.1]
BC[stage1_datasets_L40_stepsweep/bc_shift4_scale_0p8_1p2_steps10000_tr1]:  71%|███████   | 7118/10000 [02:53<00:58, 49.37it/s, acc=0.312, device=mps, eta=1m13s, loss=1.9772, sps=41.1]
BC[stage1_datasets_L40_stepsweep/bc_shift4_scale_0p8_1p2_steps10000_tr1]:  71%|███████▏  | 7125/10000 [02:53<01:14, 38.83it/s, acc=0.312, device=mps, eta=1m13s, loss=1.9772, sps=41.1]
BC[stage1_datasets_L40_stepsweep/bc_shift4_scale_0p8_1p2_steps10000_tr1]:  71%|███████▏  | 7133/10000 [02:53<01:02, 45.83it/s, acc=0.312, device=mps, eta=1m13s, loss=1.9772, sps=41.1]
BC[stage1_datasets_L40_stepsweep/bc_shift4_scale_0p8_1p2_steps10000_tr1]:  71%|███████▏  | 7141/10000 [02:53<01:16, 37.36it/s, acc=0.312, device=mps, eta=1m13s, loss=1.9772, sps=41.1]
BC[stage1_datasets_L40_stepsweep/bc_shift4_scale_0p8_1p2_steps10000_tr1]:  71%|███████▏  | 7149/10000 [02:54<01:04, 44.21it/s, acc=0.312, device=mps, eta=1m13s, loss=1.9772, sps=41.1]
BC[stage1_datasets_L40_stepsweep/bc_shift4_scale_0p8_1p2_steps10000_tr1]:  72%|███████▏  | 7157/10000 [02:54<00:55, 50.88it/s, acc=0.312, device=mps, eta=1m13s, loss=1.9772, sps=41.1]
BC[stage1_datasets_L40_stepsweep/bc_shift4_scale_0p8_1p2_steps10000_tr1]:  72%|███████▏  | 7164/10000 [02:54<01:13, 38.80it/s, acc=0.312, device=mps, eta=1m13s, loss=1.9772, sps=41.1]
BC[stage1_datasets_L40_stepsweep/bc_shift4_scale_0p8_1p2_steps10000_tr1]:  72%|███████▏  | 7172/10000 [02:54<01:01, 45.77it/s, acc=0.312, device=mps, eta=1m13s, loss=1.9772, sps=41.1]
BC[stage1_datasets_L40_stepsweep/bc_shift4_scale_0p8_1p2_steps10000_tr1]:  72%|███████▏  | 7181/10000 [02:54<01:13, 38.40it/s, acc=0.312, device=mps, eta=1m13s, loss=1.9772, sps=41.1]
BC[stage1_datasets_L40_stepsweep/bc_shift4_scale_0p8_1p2_steps10000_tr1]:  72%|███████▏  | 7189/10000 [02:54<01:02, 45.00it/s, acc=0.312, device=mps, eta=1m13s, loss=1.9772, sps=41.1]
BC[stage1_datasets_L40_stepsweep/bc_shift4_scale_0p8_1p2_steps10000_tr1]:  72%|███████▏  | 7197/10000 [02:55<00:54, 51.34it/s, acc=0.312, device=mps, eta=1m13s, loss=1.9772, sps=41.1]
BC[stage1_datasets_L40_stepsweep/bc_shift4_scale_0p8_1p2_steps10000_tr1]:  72%|███████▏  | 7197/10000 [02:55<00:54, 51.34it/s, acc=0.309, device=mps, eta=1m08s, loss=1.9740, sps=41.1]
BC[stage1_datasets_L40_stepsweep/bc_shift4_scale_0p8_1p2_steps10000_tr1]:  72%|███████▏  | 7204/10000 [02:55<01:11, 39.20it/s, acc=0.309, device=mps, eta=1m08s, loss=1.9740, sps=41.1]
BC[stage1_datasets_L40_stepsweep/bc_shift4_scale_0p8_1p2_steps10000_tr1]:  72%|███████▏  | 7212/10000 [02:55<01:00, 46.02it/s, acc=0.309, device=mps, eta=1m08s, loss=1.9740, sps=41.1]
BC[stage1_datasets_L40_stepsweep/bc_shift4_scale_0p8_1p2_steps10000_tr1]:  72%|███████▏  | 7220/10000 [02:55<00:52, 52.58it/s, acc=0.309, device=mps, eta=1m08s, loss=1.9740, sps=41.1]
BC[stage1_datasets_L40_stepsweep/bc_shift4_scale_0p8_1p2_steps10000_tr1]:  72%|███████▏  | 7227/10000 [02:55<01:10, 39.28it/s, acc=0.309, device=mps, eta=1m08s, loss=1.9740, sps=41.1]
BC[stage1_datasets_L40_stepsweep/bc_shift4_scale_0p8_1p2_steps10000_tr1]:  72%|███████▏  | 7235/10000 [02:55<01:00, 46.06it/s, acc=0.309, device=mps, eta=1m08s, loss=1.9740, sps=41.1]
BC[stage1_datasets_L40_stepsweep/bc_shift4_scale_0p8_1p2_steps10000_tr1]:  72%|███████▏  | 7241/10000 [02:56<01:16, 36.10it/s, acc=0.309, device=mps, eta=1m08s, loss=1.9740, sps=41.1]
BC[stage1_datasets_L40_stepsweep/bc_shift4_scale_0p8_1p2_steps10000_tr1]:  72%|███████▏  | 7247/10000 [02:56<01:08, 40.30it/s, acc=0.309, device=mps, eta=1m08s, loss=1.9740, sps=41.1]
BC[stage1_datasets_L40_stepsweep/bc_shift4_scale_0p8_1p2_steps10000_tr1]:  73%|███████▎  | 7253/10000 [02:56<01:02, 44.11it/s, acc=0.309, device=mps, eta=1m08s, loss=1.9740, sps=41.1]
BC[stage1_datasets_L40_stepsweep/bc_shift4_scale_0p8_1p2_steps10000_tr1]:  73%|███████▎  | 7260/10000 [02:56<00:56, 48.81it/s, acc=0.309, device=mps, eta=1m08s, loss=1.9740, sps=41.1]
BC[stage1_datasets_L40_stepsweep/bc_shift4_scale_0p8_1p2_steps10000_tr1]:  73%|███████▎  | 7266/10000 [02:56<01:15, 35.99it/s, acc=0.309, device=mps, eta=1m08s, loss=1.9740, sps=41.1]
BC[stage1_datasets_L40_stepsweep/bc_shift4_scale_0p8_1p2_steps10000_tr1]:  73%|███████▎  | 7274/10000 [02:56<01:02, 43.87it/s, acc=0.309, device=mps, eta=1m08s, loss=1.9740, sps=41.1]
BC[stage1_datasets_L40_stepsweep/bc_shift4_scale_0p8_1p2_steps10000_tr1]:  73%|███████▎  | 7281/10000 [02:57<01:17, 35.07it/s, acc=0.309, device=mps, eta=1m08s, loss=1.9740, sps=41.1]
BC[stage1_datasets_L40_stepsweep/bc_shift4_scale_0p8_1p2_steps10000_tr1]:  73%|███████▎  | 7289/10000 [02:57<01:03, 42.79it/s, acc=0.309, device=mps, eta=1m08s, loss=1.9740, sps=41.1]
BC[stage1_datasets_L40_stepsweep/bc_shift4_scale_0p8_1p2_steps10000_tr1]:  73%|███████▎  | 7297/10000 [02:57<00:54, 49.89it/s, acc=0.309, device=mps, eta=1m08s, loss=1.9740, sps=41.1]
BC[stage1_datasets_L40_stepsweep/bc_shift4_scale_0p8_1p2_steps10000_tr1]:  73%|███████▎  | 7304/10000 [02:57<01:12, 37.39it/s, acc=0.309, device=mps, eta=1m08s, loss=1.9740, sps=41.1]
BC[stage1_datasets_L40_stepsweep/bc_shift4_scale_0p8_1p2_steps10000_tr1]:  73%|███████▎  | 7311/10000 [02:57<01:02, 42.97it/s, acc=0.309, device=mps, eta=1m08s, loss=1.9740, sps=41.1]
BC[stage1_datasets_L40_stepsweep/bc_shift4_scale_0p8_1p2_steps10000_tr1]:  73%|███████▎  | 7318/10000 [02:57<00:56, 47.45it/s, acc=0.309, device=mps, eta=1m08s, loss=1.9740, sps=41.1]
BC[stage1_datasets_L40_stepsweep/bc_shift4_scale_0p8_1p2_steps10000_tr1]:  73%|███████▎  | 7324/10000 [02:58<01:14, 35.81it/s, acc=0.309, device=mps, eta=1m08s, loss=1.9740, sps=41.1]
BC[stage1_datasets_L40_stepsweep/bc_shift4_scale_0p8_1p2_steps10000_tr1]:  73%|███████▎  | 7332/10000 [02:58<01:00, 43.76it/s, acc=0.309, device=mps, eta=1m08s, loss=1.9740, sps=41.1]
BC[stage1_datasets_L40_stepsweep/bc_shift4_scale_0p8_1p2_steps10000_tr1]:  73%|███████▎  | 7341/10000 [02:58<01:11, 37.22it/s, acc=0.309, device=mps, eta=1m08s, loss=1.9740, sps=41.1]
BC[stage1_datasets_L40_stepsweep/bc_shift4_scale_0p8_1p2_steps10000_tr1]:  73%|███████▎  | 7349/10000 [02:58<01:00, 44.12it/s, acc=0.309, device=mps, eta=1m08s, loss=1.9740, sps=41.1]
BC[stage1_datasets_L40_stepsweep/bc_shift4_scale_0p8_1p2_steps10000_tr1]:  74%|███████▎  | 7357/10000 [02:58<00:52, 50.57it/s, acc=0.309, device=mps, eta=1m08s, loss=1.9740, sps=41.1]
BC[stage1_datasets_L40_stepsweep/bc_shift4_scale_0p8_1p2_steps10000_tr1]:  74%|███████▎  | 7364/10000 [02:59<01:08, 38.67it/s, acc=0.309, device=mps, eta=1m08s, loss=1.9740, sps=41.1]
BC[stage1_datasets_L40_stepsweep/bc_shift4_scale_0p8_1p2_steps10000_tr1]:  74%|███████▎  | 7372/10000 [02:59<00:57, 45.57it/s, acc=0.309, device=mps, eta=1m08s, loss=1.9740, sps=41.1]
BC[stage1_datasets_L40_stepsweep/bc_shift4_scale_0p8_1p2_steps10000_tr1]:  74%|███████▍  | 7381/10000 [02:59<01:09, 37.74it/s, acc=0.309, device=mps, eta=1m08s, loss=1.9740, sps=41.1]
BC[stage1_datasets_L40_stepsweep/bc_shift4_scale_0p8_1p2_steps10000_tr1]:  74%|███████▍  | 7389/10000 [02:59<00:58, 44.60it/s, acc=0.309, device=mps, eta=1m08s, loss=1.9740, sps=41.1]
BC[stage1_datasets_L40_stepsweep/bc_shift4_scale_0p8_1p2_steps10000_tr1]:  74%|███████▍  | 7397/10000 [02:59<00:51, 50.82it/s, acc=0.309, device=mps, eta=1m08s, loss=1.9740, sps=41.1]
BC[stage1_datasets_L40_stepsweep/bc_shift4_scale_0p8_1p2_steps10000_tr1]:  74%|███████▍  | 7397/10000 [02:59<00:51, 50.82it/s, acc=0.313, device=mps, eta=1m03s, loss=1.9679, sps=41.1]
BC[stage1_datasets_L40_stepsweep/bc_shift4_scale_0p8_1p2_steps10000_tr1]:  74%|███████▍  | 7404/10000 [03:00<01:08, 37.89it/s, acc=0.313, device=mps, eta=1m03s, loss=1.9679, sps=41.1]
BC[stage1_datasets_L40_stepsweep/bc_shift4_scale_0p8_1p2_steps10000_tr1]:  74%|███████▍  | 7410/10000 [03:00<01:02, 41.57it/s, acc=0.313, device=mps, eta=1m03s, loss=1.9679, sps=41.1]
BC[stage1_datasets_L40_stepsweep/bc_shift4_scale_0p8_1p2_steps10000_tr1]:  74%|███████▍  | 7416/10000 [03:00<00:57, 44.84it/s, acc=0.313, device=mps, eta=1m03s, loss=1.9679, sps=41.1]
BC[stage1_datasets_L40_stepsweep/bc_shift4_scale_0p8_1p2_steps10000_tr1]:  74%|███████▍  | 7422/10000 [03:00<01:15, 34.05it/s, acc=0.313, device=mps, eta=1m03s, loss=1.9679, sps=41.1]
BC[stage1_datasets_L40_stepsweep/bc_shift4_scale_0p8_1p2_steps10000_tr1]:  74%|███████▍  | 7430/10000 [03:00<01:01, 42.00it/s, acc=0.313, device=mps, eta=1m03s, loss=1.9679, sps=41.1]
BC[stage1_datasets_L40_stepsweep/bc_shift4_scale_0p8_1p2_steps10000_tr1]:  74%|███████▍  | 7438/10000 [03:00<00:51, 49.29it/s, acc=0.313, device=mps, eta=1m03s, loss=1.9679, sps=41.1]
BC[stage1_datasets_L40_stepsweep/bc_shift4_scale_0p8_1p2_steps10000_tr1]:  74%|███████▍  | 7445/10000 [03:01<01:07, 37.62it/s, acc=0.313, device=mps, eta=1m03s, loss=1.9679, sps=41.1]
BC[stage1_datasets_L40_stepsweep/bc_shift4_scale_0p8_1p2_steps10000_tr1]:  75%|███████▍  | 7453/10000 [03:01<00:56, 44.86it/s, acc=0.313, device=mps, eta=1m03s, loss=1.9679, sps=41.1]
BC[stage1_datasets_L40_stepsweep/bc_shift4_scale_0p8_1p2_steps10000_tr1]:  75%|███████▍  | 7461/10000 [03:01<01:09, 36.42it/s, acc=0.313, device=mps, eta=1m03s, loss=1.9679, sps=41.1]
BC[stage1_datasets_L40_stepsweep/bc_shift4_scale_0p8_1p2_steps10000_tr1]:  75%|███████▍  | 7469/10000 [03:01<00:58, 43.47it/s, acc=0.313, device=mps, eta=1m03s, loss=1.9679, sps=41.1]
BC[stage1_datasets_L40_stepsweep/bc_shift4_scale_0p8_1p2_steps10000_tr1]:  75%|███████▍  | 7477/10000 [03:01<00:50, 49.88it/s, acc=0.313, device=mps, eta=1m03s, loss=1.9679, sps=41.1]
BC[stage1_datasets_L40_stepsweep/bc_shift4_scale_0p8_1p2_steps10000_tr1]:  75%|███████▍  | 7484/10000 [03:02<01:05, 38.22it/s, acc=0.313, device=mps, eta=1m03s, loss=1.9679, sps=41.1]
BC[stage1_datasets_L40_stepsweep/bc_shift4_scale_0p8_1p2_steps10000_tr1]:  75%|███████▍  | 7492/10000 [03:02<00:55, 45.05it/s, acc=0.313, device=mps, eta=1m03s, loss=1.9679, sps=41.1]
BC[stage1_datasets_L40_stepsweep/bc_shift4_scale_0p8_1p2_steps10000_tr1]:  75%|███████▌  | 7500/10000 [03:02<00:48, 51.44it/s, acc=0.313, device=mps, eta=1m03s, loss=1.9679, sps=41.1]
BC[stage1_datasets_L40_stepsweep/bc_shift4_scale_0p8_1p2_steps10000_tr1]:  75%|███████▌  | 7507/10000 [03:02<01:04, 38.92it/s, acc=0.313, device=mps, eta=1m03s, loss=1.9679, sps=41.1]
BC[stage1_datasets_L40_stepsweep/bc_shift4_scale_0p8_1p2_steps10000_tr1]:  75%|███████▌  | 7515/10000 [03:02<00:54, 45.72it/s, acc=0.313, device=mps, eta=1m03s, loss=1.9679, sps=41.1]
BC[stage1_datasets_L40_stepsweep/bc_shift4_scale_0p8_1p2_steps10000_tr1]:  75%|███████▌  | 7521/10000 [03:02<01:09, 35.52it/s, acc=0.313, device=mps, eta=1m03s, loss=1.9679, sps=41.1]
BC[stage1_datasets_L40_stepsweep/bc_shift4_scale_0p8_1p2_steps10000_tr1]:  75%|███████▌  | 7529/10000 [03:03<00:57, 42.77it/s, acc=0.313, device=mps, eta=1m03s, loss=1.9679, sps=41.1]
BC[stage1_datasets_L40_stepsweep/bc_shift4_scale_0p8_1p2_steps10000_tr1]:  75%|███████▌  | 7537/10000 [03:03<00:49, 49.38it/s, acc=0.313, device=mps, eta=1m03s, loss=1.9679, sps=41.1]
BC[stage1_datasets_L40_stepsweep/bc_shift4_scale_0p8_1p2_steps10000_tr1]:  75%|███████▌  | 7544/10000 [03:03<01:05, 37.56it/s, acc=0.313, device=mps, eta=1m03s, loss=1.9679, sps=41.1]
BC[stage1_datasets_L40_stepsweep/bc_shift4_scale_0p8_1p2_steps10000_tr1]:  76%|███████▌  | 7550/10000 [03:03<00:59, 40.95it/s, acc=0.313, device=mps, eta=1m03s, loss=1.9679, sps=41.1]
BC[stage1_datasets_L40_stepsweep/bc_shift4_scale_0p8_1p2_steps10000_tr1]:  76%|███████▌  | 7556/10000 [03:03<00:55, 44.16it/s, acc=0.313, device=mps, eta=1m03s, loss=1.9679, sps=41.1]
BC[stage1_datasets_L40_stepsweep/bc_shift4_scale_0p8_1p2_steps10000_tr1]:  76%|███████▌  | 7562/10000 [03:03<01:13, 33.19it/s, acc=0.313, device=mps, eta=1m03s, loss=1.9679, sps=41.1]
BC[stage1_datasets_L40_stepsweep/bc_shift4_scale_0p8_1p2_steps10000_tr1]:  76%|███████▌  | 7570/10000 [03:04<00:58, 41.46it/s, acc=0.313, device=mps, eta=1m03s, loss=1.9679, sps=41.1]
BC[stage1_datasets_L40_stepsweep/bc_shift4_scale_0p8_1p2_steps10000_tr1]:  76%|███████▌  | 7578/10000 [03:04<00:49, 49.26it/s, acc=0.313, device=mps, eta=1m03s, loss=1.9679, sps=41.1]
BC[stage1_datasets_L40_stepsweep/bc_shift4_scale_0p8_1p2_steps10000_tr1]:  76%|███████▌  | 7585/10000 [03:04<01:03, 37.85it/s, acc=0.313, device=mps, eta=1m03s, loss=1.9679, sps=41.1]
BC[stage1_datasets_L40_stepsweep/bc_shift4_scale_0p8_1p2_steps10000_tr1]:  76%|███████▌  | 7593/10000 [03:04<00:53, 45.10it/s, acc=0.313, device=mps, eta=1m03s, loss=1.9679, sps=41.1]
BC[stage1_datasets_L40_stepsweep/bc_shift4_scale_0p8_1p2_steps10000_tr1]:  76%|███████▌  | 7593/10000 [03:04<00:53, 45.10it/s, acc=0.312, device=mps, eta=58s, loss=1.9726, sps=41.2]  
BC[stage1_datasets_L40_stepsweep/bc_shift4_scale_0p8_1p2_steps10000_tr1]:  76%|███████▌  | 7601/10000 [03:04<01:05, 36.65it/s, acc=0.312, device=mps, eta=58s, loss=1.9726, sps=41.2]
BC[stage1_datasets_L40_stepsweep/bc_shift4_scale_0p8_1p2_steps10000_tr1]:  76%|███████▌  | 7609/10000 [03:04<00:54, 43.76it/s, acc=0.312, device=mps, eta=58s, loss=1.9726, sps=41.2]
BC[stage1_datasets_L40_stepsweep/bc_shift4_scale_0p8_1p2_steps10000_tr1]:  76%|███████▌  | 7617/10000 [03:05<00:47, 50.00it/s, acc=0.312, device=mps, eta=58s, loss=1.9726, sps=41.2]
BC[stage1_datasets_L40_stepsweep/bc_shift4_scale_0p8_1p2_steps10000_tr1]:  76%|███████▌  | 7624/10000 [03:05<01:02, 38.32it/s, acc=0.312, device=mps, eta=58s, loss=1.9726, sps=41.2]
BC[stage1_datasets_L40_stepsweep/bc_shift4_scale_0p8_1p2_steps10000_tr1]:  76%|███████▋  | 7632/10000 [03:05<00:52, 45.12it/s, acc=0.312, device=mps, eta=58s, loss=1.9726, sps=41.2]
BC[stage1_datasets_L40_stepsweep/bc_shift4_scale_0p8_1p2_steps10000_tr1]:  76%|███████▋  | 7640/10000 [03:05<00:45, 51.46it/s, acc=0.312, device=mps, eta=58s, loss=1.9726, sps=41.2]
BC[stage1_datasets_L40_stepsweep/bc_shift4_scale_0p8_1p2_steps10000_tr1]:  76%|███████▋  | 7647/10000 [03:05<01:00, 38.92it/s, acc=0.312, device=mps, eta=58s, loss=1.9726, sps=41.2]
BC[stage1_datasets_L40_stepsweep/bc_shift4_scale_0p8_1p2_steps10000_tr1]:  77%|███████▋  | 7655/10000 [03:05<00:51, 45.96it/s, acc=0.312, device=mps, eta=58s, loss=1.9726, sps=41.2]
BC[stage1_datasets_L40_stepsweep/bc_shift4_scale_0p8_1p2_steps10000_tr1]:  77%|███████▋  | 7661/10000 [03:06<01:05, 35.71it/s, acc=0.312, device=mps, eta=58s, loss=1.9726, sps=41.2]
BC[stage1_datasets_L40_stepsweep/bc_shift4_scale_0p8_1p2_steps10000_tr1]:  77%|███████▋  | 7669/10000 [03:06<00:53, 43.37it/s, acc=0.312, device=mps, eta=58s, loss=1.9726, sps=41.2]
BC[stage1_datasets_L40_stepsweep/bc_shift4_scale_0p8_1p2_steps10000_tr1]:  77%|███████▋  | 7677/10000 [03:06<00:46, 49.98it/s, acc=0.312, device=mps, eta=58s, loss=1.9726, sps=41.2]
BC[stage1_datasets_L40_stepsweep/bc_shift4_scale_0p8_1p2_steps10000_tr1]:  77%|███████▋  | 7684/10000 [03:06<01:01, 37.84it/s, acc=0.312, device=mps, eta=58s, loss=1.9726, sps=41.2]
BC[stage1_datasets_L40_stepsweep/bc_shift4_scale_0p8_1p2_steps10000_tr1]:  77%|███████▋  | 7690/10000 [03:06<00:56, 40.68it/s, acc=0.312, device=mps, eta=58s, loss=1.9726, sps=41.2]
BC[stage1_datasets_L40_stepsweep/bc_shift4_scale_0p8_1p2_steps10000_tr1]:  77%|███████▋  | 7696/10000 [03:06<00:52, 44.17it/s, acc=0.312, device=mps, eta=58s, loss=1.9726, sps=41.2]
BC[stage1_datasets_L40_stepsweep/bc_shift4_scale_0p8_1p2_steps10000_tr1]:  77%|███████▋  | 7702/10000 [03:07<01:08, 33.67it/s, acc=0.312, device=mps, eta=58s, loss=1.9726, sps=41.2]
BC[stage1_datasets_L40_stepsweep/bc_shift4_scale_0p8_1p2_steps10000_tr1]:  77%|███████▋  | 7710/10000 [03:07<00:55, 41.64it/s, acc=0.312, device=mps, eta=58s, loss=1.9726, sps=41.2]
BC[stage1_datasets_L40_stepsweep/bc_shift4_scale_0p8_1p2_steps10000_tr1]:  77%|███████▋  | 7718/10000 [03:07<00:46, 49.38it/s, acc=0.312, device=mps, eta=58s, loss=1.9726, sps=41.2]
BC[stage1_datasets_L40_stepsweep/bc_shift4_scale_0p8_1p2_steps10000_tr1]:  77%|███████▋  | 7725/10000 [03:07<01:02, 36.35it/s, acc=0.312, device=mps, eta=58s, loss=1.9726, sps=41.2]
BC[stage1_datasets_L40_stepsweep/bc_shift4_scale_0p8_1p2_steps10000_tr1]:  77%|███████▋  | 7731/10000 [03:07<00:56, 39.93it/s, acc=0.312, device=mps, eta=58s, loss=1.9726, sps=41.2]
BC[stage1_datasets_L40_stepsweep/bc_shift4_scale_0p8_1p2_steps10000_tr1]:  77%|███████▋  | 7738/10000 [03:08<00:50, 45.00it/s, acc=0.312, device=mps, eta=58s, loss=1.9726, sps=41.2]
BC[stage1_datasets_L40_stepsweep/bc_shift4_scale_0p8_1p2_steps10000_tr1]:  77%|███████▋  | 7744/10000 [03:08<01:05, 34.57it/s, acc=0.312, device=mps, eta=58s, loss=1.9726, sps=41.2]
BC[stage1_datasets_L40_stepsweep/bc_shift4_scale_0p8_1p2_steps10000_tr1]:  78%|███████▊  | 7752/10000 [03:08<00:53, 42.37it/s, acc=0.312, device=mps, eta=58s, loss=1.9726, sps=41.2]
BC[stage1_datasets_L40_stepsweep/bc_shift4_scale_0p8_1p2_steps10000_tr1]:  78%|███████▊  | 7760/10000 [03:08<00:44, 50.01it/s, acc=0.312, device=mps, eta=58s, loss=1.9726, sps=41.2]
BC[stage1_datasets_L40_stepsweep/bc_shift4_scale_0p8_1p2_steps10000_tr1]:  78%|███████▊  | 7767/10000 [03:08<00:59, 37.82it/s, acc=0.312, device=mps, eta=58s, loss=1.9726, sps=41.2]
BC[stage1_datasets_L40_stepsweep/bc_shift4_scale_0p8_1p2_steps10000_tr1]:  78%|███████▊  | 7775/10000 [03:08<00:49, 45.04it/s, acc=0.312, device=mps, eta=58s, loss=1.9726, sps=41.2]
BC[stage1_datasets_L40_stepsweep/bc_shift4_scale_0p8_1p2_steps10000_tr1]:  78%|███████▊  | 7781/10000 [03:09<01:03, 34.93it/s, acc=0.312, device=mps, eta=58s, loss=1.9726, sps=41.2]
BC[stage1_datasets_L40_stepsweep/bc_shift4_scale_0p8_1p2_steps10000_tr1]:  78%|███████▊  | 7787/10000 [03:09<00:57, 38.58it/s, acc=0.312, device=mps, eta=58s, loss=1.9726, sps=41.2]
BC[stage1_datasets_L40_stepsweep/bc_shift4_scale_0p8_1p2_steps10000_tr1]:  78%|███████▊  | 7793/10000 [03:09<00:51, 42.51it/s, acc=0.312, device=mps, eta=58s, loss=1.9726, sps=41.2]
BC[stage1_datasets_L40_stepsweep/bc_shift4_scale_0p8_1p2_steps10000_tr1]:  78%|███████▊  | 7793/10000 [03:09<00:51, 42.51it/s, acc=0.315, device=mps, eta=53s, loss=1.9636, sps=41.2]
BC[stage1_datasets_L40_stepsweep/bc_shift4_scale_0p8_1p2_steps10000_tr1]:  78%|███████▊  | 7800/10000 [03:09<00:45, 48.33it/s, acc=0.315, device=mps, eta=53s, loss=1.9636, sps=41.2]
BC[stage1_datasets_L40_stepsweep/bc_shift4_scale_0p8_1p2_steps10000_tr1]:  78%|███████▊  | 7806/10000 [03:09<01:01, 35.53it/s, acc=0.315, device=mps, eta=53s, loss=1.9636, sps=41.2]
BC[stage1_datasets_L40_stepsweep/bc_shift4_scale_0p8_1p2_steps10000_tr1]:  78%|███████▊  | 7814/10000 [03:09<00:49, 43.90it/s, acc=0.315, device=mps, eta=53s, loss=1.9636, sps=41.2]
BC[stage1_datasets_L40_stepsweep/bc_shift4_scale_0p8_1p2_steps10000_tr1]:  78%|███████▊  | 7821/10000 [03:10<01:01, 35.46it/s, acc=0.315, device=mps, eta=53s, loss=1.9636, sps=41.2]
BC[stage1_datasets_L40_stepsweep/bc_shift4_scale_0p8_1p2_steps10000_tr1]:  78%|███████▊  | 7829/10000 [03:10<00:50, 43.02it/s, acc=0.315, device=mps, eta=53s, loss=1.9636, sps=41.2]
BC[stage1_datasets_L40_stepsweep/bc_shift4_scale_0p8_1p2_steps10000_tr1]:  78%|███████▊  | 7837/10000 [03:10<00:43, 50.12it/s, acc=0.315, device=mps, eta=53s, loss=1.9636, sps=41.2]
BC[stage1_datasets_L40_stepsweep/bc_shift4_scale_0p8_1p2_steps10000_tr1]:  78%|███████▊  | 7844/10000 [03:10<00:56, 38.12it/s, acc=0.315, device=mps, eta=53s, loss=1.9636, sps=41.2]
BC[stage1_datasets_L40_stepsweep/bc_shift4_scale_0p8_1p2_steps10000_tr1]:  79%|███████▊  | 7852/10000 [03:10<00:47, 45.36it/s, acc=0.315, device=mps, eta=53s, loss=1.9636, sps=41.2]
BC[stage1_datasets_L40_stepsweep/bc_shift4_scale_0p8_1p2_steps10000_tr1]:  79%|███████▊  | 7860/10000 [03:10<00:40, 52.40it/s, acc=0.315, device=mps, eta=53s, loss=1.9636, sps=41.2]
BC[stage1_datasets_L40_stepsweep/bc_shift4_scale_0p8_1p2_steps10000_tr1]:  79%|███████▊  | 7867/10000 [03:11<00:56, 37.59it/s, acc=0.315, device=mps, eta=53s, loss=1.9636, sps=41.2]
BC[stage1_datasets_L40_stepsweep/bc_shift4_scale_0p8_1p2_steps10000_tr1]:  79%|███████▊  | 7873/10000 [03:11<00:51, 41.23it/s, acc=0.315, device=mps, eta=53s, loss=1.9636, sps=41.2]
BC[stage1_datasets_L40_stepsweep/bc_shift4_scale_0p8_1p2_steps10000_tr1]:  79%|███████▉  | 7880/10000 [03:11<00:45, 46.79it/s, acc=0.315, device=mps, eta=53s, loss=1.9636, sps=41.2]
BC[stage1_datasets_L40_stepsweep/bc_shift4_scale_0p8_1p2_steps10000_tr1]:  79%|███████▉  | 7886/10000 [03:11<01:01, 34.33it/s, acc=0.315, device=mps, eta=53s, loss=1.9636, sps=41.2]
BC[stage1_datasets_L40_stepsweep/bc_shift4_scale_0p8_1p2_steps10000_tr1]:  79%|███████▉  | 7892/10000 [03:11<00:55, 37.97it/s, acc=0.315, device=mps, eta=53s, loss=1.9636, sps=41.2]
BC[stage1_datasets_L40_stepsweep/bc_shift4_scale_0p8_1p2_steps10000_tr1]:  79%|███████▉  | 7898/10000 [03:11<00:49, 42.15it/s, acc=0.315, device=mps, eta=53s, loss=1.9636, sps=41.2]
BC[stage1_datasets_L40_stepsweep/bc_shift4_scale_0p8_1p2_steps10000_tr1]:  79%|███████▉  | 7904/10000 [03:12<01:04, 32.72it/s, acc=0.315, device=mps, eta=53s, loss=1.9636, sps=41.2]
BC[stage1_datasets_L40_stepsweep/bc_shift4_scale_0p8_1p2_steps10000_tr1]:  79%|███████▉  | 7912/10000 [03:12<00:50, 40.94it/s, acc=0.315, device=mps, eta=53s, loss=1.9636, sps=41.2]
BC[stage1_datasets_L40_stepsweep/bc_shift4_scale_0p8_1p2_steps10000_tr1]:  79%|███████▉  | 7920/10000 [03:12<00:42, 48.68it/s, acc=0.315, device=mps, eta=53s, loss=1.9636, sps=41.2]
BC[stage1_datasets_L40_stepsweep/bc_shift4_scale_0p8_1p2_steps10000_tr1]:  79%|███████▉  | 7926/10000 [03:12<00:57, 36.29it/s, acc=0.315, device=mps, eta=53s, loss=1.9636, sps=41.2]
BC[stage1_datasets_L40_stepsweep/bc_shift4_scale_0p8_1p2_steps10000_tr1]:  79%|███████▉  | 7934/10000 [03:12<00:46, 44.27it/s, acc=0.315, device=mps, eta=53s, loss=1.9636, sps=41.2]
BC[stage1_datasets_L40_stepsweep/bc_shift4_scale_0p8_1p2_steps10000_tr1]:  79%|███████▉  | 7941/10000 [03:13<00:57, 35.76it/s, acc=0.315, device=mps, eta=53s, loss=1.9636, sps=41.2]
BC[stage1_datasets_L40_stepsweep/bc_shift4_scale_0p8_1p2_steps10000_tr1]:  79%|███████▉  | 7949/10000 [03:13<00:47, 43.17it/s, acc=0.315, device=mps, eta=53s, loss=1.9636, sps=41.2]
BC[stage1_datasets_L40_stepsweep/bc_shift4_scale_0p8_1p2_steps10000_tr1]:  80%|███████▉  | 7957/10000 [03:13<00:41, 49.80it/s, acc=0.315, device=mps, eta=53s, loss=1.9636, sps=41.2]
BC[stage1_datasets_L40_stepsweep/bc_shift4_scale_0p8_1p2_steps10000_tr1]:  80%|███████▉  | 7964/10000 [03:13<00:53, 38.14it/s, acc=0.315, device=mps, eta=53s, loss=1.9636, sps=41.2]
BC[stage1_datasets_L40_stepsweep/bc_shift4_scale_0p8_1p2_steps10000_tr1]:  80%|███████▉  | 7972/10000 [03:13<00:44, 45.41it/s, acc=0.315, device=mps, eta=53s, loss=1.9636, sps=41.2]
BC[stage1_datasets_L40_stepsweep/bc_shift4_scale_0p8_1p2_steps10000_tr1]:  80%|███████▉  | 7981/10000 [03:14<00:53, 37.61it/s, acc=0.315, device=mps, eta=53s, loss=1.9636, sps=41.2]
BC[stage1_datasets_L40_stepsweep/bc_shift4_scale_0p8_1p2_steps10000_tr1]:  80%|███████▉  | 7989/10000 [03:14<00:46, 43.62it/s, acc=0.315, device=mps, eta=53s, loss=1.9636, sps=41.2]
BC[stage1_datasets_L40_stepsweep/bc_shift4_scale_0p8_1p2_steps10000_tr1]:  80%|███████▉  | 7995/10000 [03:14<00:43, 46.46it/s, acc=0.315, device=mps, eta=53s, loss=1.9636, sps=41.2]
BC[stage1_datasets_L40_stepsweep/bc_shift4_scale_0p8_1p2_steps10000_tr1]:  80%|███████▉  | 7995/10000 [03:14<00:43, 46.46it/s, acc=0.312, device=mps, eta=49s, loss=1.9685, sps=41.2]
BC[stage1_datasets_L40_stepsweep/bc_shift4_scale_0p8_1p2_steps10000_tr1]:  80%|████████  | 8001/10000 [03:14<00:57, 34.85it/s, acc=0.312, device=mps, eta=49s, loss=1.9685, sps=41.2]
BC[stage1_datasets_L40_stepsweep/bc_shift4_scale_0p8_1p2_steps10000_tr1]:  80%|████████  | 8007/10000 [03:14<00:51, 38.61it/s, acc=0.312, device=mps, eta=49s, loss=1.9685, sps=41.2]
BC[stage1_datasets_L40_stepsweep/bc_shift4_scale_0p8_1p2_steps10000_tr1]:  80%|████████  | 8013/10000 [03:14<00:47, 41.83it/s, acc=0.312, device=mps, eta=49s, loss=1.9685, sps=41.2]
BC[stage1_datasets_L40_stepsweep/bc_shift4_scale_0p8_1p2_steps10000_tr1]:  80%|████████  | 8020/10000 [03:14<00:41, 47.61it/s, acc=0.312, device=mps, eta=49s, loss=1.9685, sps=41.2]
BC[stage1_datasets_L40_stepsweep/bc_shift4_scale_0p8_1p2_steps10000_tr1]:  80%|████████  | 8026/10000 [03:15<00:57, 34.31it/s, acc=0.312, device=mps, eta=49s, loss=1.9685, sps=41.2]
BC[stage1_datasets_L40_stepsweep/bc_shift4_scale_0p8_1p2_steps10000_tr1]:  80%|████████  | 8032/10000 [03:15<00:51, 38.04it/s, acc=0.312, device=mps, eta=49s, loss=1.9685, sps=41.2]
BC[stage1_datasets_L40_stepsweep/bc_shift4_scale_0p8_1p2_steps10000_tr1]:  80%|████████  | 8039/10000 [03:15<00:45, 43.40it/s, acc=0.312, device=mps, eta=49s, loss=1.9685, sps=41.2]
BC[stage1_datasets_L40_stepsweep/bc_shift4_scale_0p8_1p2_steps10000_tr1]:  80%|████████  | 8045/10000 [03:15<00:58, 33.43it/s, acc=0.312, device=mps, eta=49s, loss=1.9685, sps=41.2]
BC[stage1_datasets_L40_stepsweep/bc_shift4_scale_0p8_1p2_steps10000_tr1]:  81%|████████  | 8053/10000 [03:15<00:46, 41.59it/s, acc=0.312, device=mps, eta=49s, loss=1.9685, sps=41.2]
BC[stage1_datasets_L40_stepsweep/bc_shift4_scale_0p8_1p2_steps10000_tr1]:  81%|████████  | 8061/10000 [03:16<00:56, 34.59it/s, acc=0.312, device=mps, eta=49s, loss=1.9685, sps=41.2]
BC[stage1_datasets_L40_stepsweep/bc_shift4_scale_0p8_1p2_steps10000_tr1]:  81%|████████  | 8069/10000 [03:16<00:45, 42.03it/s, acc=0.312, device=mps, eta=49s, loss=1.9685, sps=41.2]
BC[stage1_datasets_L40_stepsweep/bc_shift4_scale_0p8_1p2_steps10000_tr1]:  81%|████████  | 8077/10000 [03:16<00:39, 49.06it/s, acc=0.312, device=mps, eta=49s, loss=1.9685, sps=41.2]
BC[stage1_datasets_L40_stepsweep/bc_shift4_scale_0p8_1p2_steps10000_tr1]:  81%|████████  | 8084/10000 [03:16<00:50, 37.96it/s, acc=0.312, device=mps, eta=49s, loss=1.9685, sps=41.2]
BC[stage1_datasets_L40_stepsweep/bc_shift4_scale_0p8_1p2_steps10000_tr1]:  81%|████████  | 8090/10000 [03:16<00:46, 40.87it/s, acc=0.312, device=mps, eta=49s, loss=1.9685, sps=41.2]
BC[stage1_datasets_L40_stepsweep/bc_shift4_scale_0p8_1p2_steps10000_tr1]:  81%|████████  | 8096/10000 [03:16<00:43, 44.06it/s, acc=0.312, device=mps, eta=49s, loss=1.9685, sps=41.2]
BC[stage1_datasets_L40_stepsweep/bc_shift4_scale_0p8_1p2_steps10000_tr1]:  81%|████████  | 8102/10000 [03:17<00:56, 33.34it/s, acc=0.312, device=mps, eta=49s, loss=1.9685, sps=41.2]
BC[stage1_datasets_L40_stepsweep/bc_shift4_scale_0p8_1p2_steps10000_tr1]:  81%|████████  | 8110/10000 [03:17<00:45, 41.67it/s, acc=0.312, device=mps, eta=49s, loss=1.9685, sps=41.2]
BC[stage1_datasets_L40_stepsweep/bc_shift4_scale_0p8_1p2_steps10000_tr1]:  81%|████████  | 8118/10000 [03:17<00:38, 49.44it/s, acc=0.312, device=mps, eta=49s, loss=1.9685, sps=41.2]
BC[stage1_datasets_L40_stepsweep/bc_shift4_scale_0p8_1p2_steps10000_tr1]:  81%|████████▏ | 8125/10000 [03:17<00:49, 37.99it/s, acc=0.312, device=mps, eta=49s, loss=1.9685, sps=41.2]
BC[stage1_datasets_L40_stepsweep/bc_shift4_scale_0p8_1p2_steps10000_tr1]:  81%|████████▏ | 8133/10000 [03:17<00:41, 45.20it/s, acc=0.312, device=mps, eta=49s, loss=1.9685, sps=41.2]
BC[stage1_datasets_L40_stepsweep/bc_shift4_scale_0p8_1p2_steps10000_tr1]:  81%|████████▏ | 8141/10000 [03:18<00:50, 36.65it/s, acc=0.312, device=mps, eta=49s, loss=1.9685, sps=41.2]
BC[stage1_datasets_L40_stepsweep/bc_shift4_scale_0p8_1p2_steps10000_tr1]:  81%|████████▏ | 8149/10000 [03:18<00:42, 43.74it/s, acc=0.312, device=mps, eta=49s, loss=1.9685, sps=41.2]
BC[stage1_datasets_L40_stepsweep/bc_shift4_scale_0p8_1p2_steps10000_tr1]:  82%|████████▏ | 8157/10000 [03:18<00:36, 50.11it/s, acc=0.312, device=mps, eta=49s, loss=1.9685, sps=41.2]
BC[stage1_datasets_L40_stepsweep/bc_shift4_scale_0p8_1p2_steps10000_tr1]:  82%|████████▏ | 8164/10000 [03:18<00:47, 38.36it/s, acc=0.312, device=mps, eta=49s, loss=1.9685, sps=41.2]
BC[stage1_datasets_L40_stepsweep/bc_shift4_scale_0p8_1p2_steps10000_tr1]:  82%|████████▏ | 8172/10000 [03:18<00:40, 45.25it/s, acc=0.312, device=mps, eta=49s, loss=1.9685, sps=41.2]
BC[stage1_datasets_L40_stepsweep/bc_shift4_scale_0p8_1p2_steps10000_tr1]:  82%|████████▏ | 8181/10000 [03:18<00:48, 37.60it/s, acc=0.312, device=mps, eta=49s, loss=1.9685, sps=41.2]
BC[stage1_datasets_L40_stepsweep/bc_shift4_scale_0p8_1p2_steps10000_tr1]:  82%|████████▏ | 8189/10000 [03:19<00:40, 44.60it/s, acc=0.312, device=mps, eta=49s, loss=1.9685, sps=41.2]
BC[stage1_datasets_L40_stepsweep/bc_shift4_scale_0p8_1p2_steps10000_tr1]:  82%|████████▏ | 8197/10000 [03:19<00:35, 51.31it/s, acc=0.312, device=mps, eta=49s, loss=1.9685, sps=41.2]
BC[stage1_datasets_L40_stepsweep/bc_shift4_scale_0p8_1p2_steps10000_tr1]:  82%|████████▏ | 8197/10000 [03:19<00:35, 51.31it/s, acc=0.316, device=mps, eta=44s, loss=1.9569, sps=41.2]
BC[stage1_datasets_L40_stepsweep/bc_shift4_scale_0p8_1p2_steps10000_tr1]:  82%|████████▏ | 8204/10000 [03:19<00:45, 39.32it/s, acc=0.316, device=mps, eta=44s, loss=1.9569, sps=41.2]
BC[stage1_datasets_L40_stepsweep/bc_shift4_scale_0p8_1p2_steps10000_tr1]:  82%|████████▏ | 8212/10000 [03:19<00:38, 46.11it/s, acc=0.316, device=mps, eta=44s, loss=1.9569, sps=41.2]
BC[stage1_datasets_L40_stepsweep/bc_shift4_scale_0p8_1p2_steps10000_tr1]:  82%|████████▏ | 8221/10000 [03:19<00:46, 38.10it/s, acc=0.316, device=mps, eta=44s, loss=1.9569, sps=41.2]
BC[stage1_datasets_L40_stepsweep/bc_shift4_scale_0p8_1p2_steps10000_tr1]:  82%|████████▏ | 8229/10000 [03:19<00:40, 43.98it/s, acc=0.316, device=mps, eta=44s, loss=1.9569, sps=41.2]
BC[stage1_datasets_L40_stepsweep/bc_shift4_scale_0p8_1p2_steps10000_tr1]:  82%|████████▏ | 8235/10000 [03:20<00:37, 46.59it/s, acc=0.316, device=mps, eta=44s, loss=1.9569, sps=41.2]
BC[stage1_datasets_L40_stepsweep/bc_shift4_scale_0p8_1p2_steps10000_tr1]:  82%|████████▏ | 8241/10000 [03:20<00:50, 34.89it/s, acc=0.316, device=mps, eta=44s, loss=1.9569, sps=41.2]
BC[stage1_datasets_L40_stepsweep/bc_shift4_scale_0p8_1p2_steps10000_tr1]:  82%|████████▏ | 8249/10000 [03:20<00:41, 42.38it/s, acc=0.316, device=mps, eta=44s, loss=1.9569, sps=41.2]
BC[stage1_datasets_L40_stepsweep/bc_shift4_scale_0p8_1p2_steps10000_tr1]:  83%|████████▎ | 8257/10000 [03:20<00:35, 49.17it/s, acc=0.316, device=mps, eta=44s, loss=1.9569, sps=41.2]
BC[stage1_datasets_L40_stepsweep/bc_shift4_scale_0p8_1p2_steps10000_tr1]:  83%|████████▎ | 8264/10000 [03:20<00:45, 37.80it/s, acc=0.316, device=mps, eta=44s, loss=1.9569, sps=41.2]
BC[stage1_datasets_L40_stepsweep/bc_shift4_scale_0p8_1p2_steps10000_tr1]:  83%|████████▎ | 8272/10000 [03:20<00:38, 44.91it/s, acc=0.316, device=mps, eta=44s, loss=1.9569, sps=41.2]
BC[stage1_datasets_L40_stepsweep/bc_shift4_scale_0p8_1p2_steps10000_tr1]:  83%|████████▎ | 8280/10000 [03:21<00:33, 51.66it/s, acc=0.316, device=mps, eta=44s, loss=1.9569, sps=41.2]
BC[stage1_datasets_L40_stepsweep/bc_shift4_scale_0p8_1p2_steps10000_tr1]:  83%|████████▎ | 8287/10000 [03:21<00:44, 38.76it/s, acc=0.316, device=mps, eta=44s, loss=1.9569, sps=41.2]
BC[stage1_datasets_L40_stepsweep/bc_shift4_scale_0p8_1p2_steps10000_tr1]:  83%|████████▎ | 8295/10000 [03:21<00:37, 45.94it/s, acc=0.316, device=mps, eta=44s, loss=1.9569, sps=41.2]
BC[stage1_datasets_L40_stepsweep/bc_shift4_scale_0p8_1p2_steps10000_tr1]:  83%|████████▎ | 8301/10000 [03:21<00:47, 36.09it/s, acc=0.316, device=mps, eta=44s, loss=1.9569, sps=41.2]
BC[stage1_datasets_L40_stepsweep/bc_shift4_scale_0p8_1p2_steps10000_tr1]:  83%|████████▎ | 8309/10000 [03:21<00:38, 43.40it/s, acc=0.316, device=mps, eta=44s, loss=1.9569, sps=41.2]
BC[stage1_datasets_L40_stepsweep/bc_shift4_scale_0p8_1p2_steps10000_tr1]:  83%|████████▎ | 8317/10000 [03:21<00:33, 50.36it/s, acc=0.316, device=mps, eta=44s, loss=1.9569, sps=41.2]
BC[stage1_datasets_L40_stepsweep/bc_shift4_scale_0p8_1p2_steps10000_tr1]:  83%|████████▎ | 8324/10000 [03:22<00:43, 38.40it/s, acc=0.316, device=mps, eta=44s, loss=1.9569, sps=41.2]
BC[stage1_datasets_L40_stepsweep/bc_shift4_scale_0p8_1p2_steps10000_tr1]:  83%|████████▎ | 8332/10000 [03:22<00:36, 45.45it/s, acc=0.316, device=mps, eta=44s, loss=1.9569, sps=41.2]
BC[stage1_datasets_L40_stepsweep/bc_shift4_scale_0p8_1p2_steps10000_tr1]:  83%|████████▎ | 8341/10000 [03:22<00:43, 37.75it/s, acc=0.316, device=mps, eta=44s, loss=1.9569, sps=41.2]
BC[stage1_datasets_L40_stepsweep/bc_shift4_scale_0p8_1p2_steps10000_tr1]:  83%|████████▎ | 8347/10000 [03:22<00:40, 41.14it/s, acc=0.316, device=mps, eta=44s, loss=1.9569, sps=41.2]
BC[stage1_datasets_L40_stepsweep/bc_shift4_scale_0p8_1p2_steps10000_tr1]:  84%|████████▎ | 8353/10000 [03:22<00:37, 43.77it/s, acc=0.316, device=mps, eta=44s, loss=1.9569, sps=41.2]
BC[stage1_datasets_L40_stepsweep/bc_shift4_scale_0p8_1p2_steps10000_tr1]:  84%|████████▎ | 8360/10000 [03:23<00:33, 49.09it/s, acc=0.316, device=mps, eta=44s, loss=1.9569, sps=41.2]
BC[stage1_datasets_L40_stepsweep/bc_shift4_scale_0p8_1p2_steps10000_tr1]:  84%|████████▎ | 8366/10000 [03:23<00:45, 36.28it/s, acc=0.316, device=mps, eta=44s, loss=1.9569, sps=41.2]
BC[stage1_datasets_L40_stepsweep/bc_shift4_scale_0p8_1p2_steps10000_tr1]:  84%|████████▎ | 8374/10000 [03:23<00:36, 44.16it/s, acc=0.316, device=mps, eta=44s, loss=1.9569, sps=41.2]
BC[stage1_datasets_L40_stepsweep/bc_shift4_scale_0p8_1p2_steps10000_tr1]:  84%|████████▍ | 8381/10000 [03:23<00:46, 35.15it/s, acc=0.316, device=mps, eta=44s, loss=1.9569, sps=41.2]
BC[stage1_datasets_L40_stepsweep/bc_shift4_scale_0p8_1p2_steps10000_tr1]:  84%|████████▍ | 8387/10000 [03:23<00:41, 39.15it/s, acc=0.316, device=mps, eta=44s, loss=1.9569, sps=41.2]
BC[stage1_datasets_L40_stepsweep/bc_shift4_scale_0p8_1p2_steps10000_tr1]:  84%|████████▍ | 8393/10000 [03:23<00:37, 42.75it/s, acc=0.316, device=mps, eta=44s, loss=1.9569, sps=41.2]
BC[stage1_datasets_L40_stepsweep/bc_shift4_scale_0p8_1p2_steps10000_tr1]:  84%|████████▍ | 8393/10000 [03:24<00:37, 42.75it/s, acc=0.315, device=mps, eta=39s, loss=1.9592, sps=41.2]
BC[stage1_datasets_L40_stepsweep/bc_shift4_scale_0p8_1p2_steps10000_tr1]:  84%|████████▍ | 8400/10000 [03:24<00:33, 48.47it/s, acc=0.315, device=mps, eta=39s, loss=1.9592, sps=41.2]
BC[stage1_datasets_L40_stepsweep/bc_shift4_scale_0p8_1p2_steps10000_tr1]:  84%|████████▍ | 8406/10000 [03:24<00:44, 35.51it/s, acc=0.315, device=mps, eta=39s, loss=1.9592, sps=41.2]
BC[stage1_datasets_L40_stepsweep/bc_shift4_scale_0p8_1p2_steps10000_tr1]:  84%|████████▍ | 8414/10000 [03:24<00:36, 43.61it/s, acc=0.315, device=mps, eta=39s, loss=1.9592, sps=41.2]
BC[stage1_datasets_L40_stepsweep/bc_shift4_scale_0p8_1p2_steps10000_tr1]:  84%|████████▍ | 8421/10000 [03:24<00:45, 34.53it/s, acc=0.315, device=mps, eta=39s, loss=1.9592, sps=41.2]
BC[stage1_datasets_L40_stepsweep/bc_shift4_scale_0p8_1p2_steps10000_tr1]:  84%|████████▍ | 8429/10000 [03:24<00:37, 42.11it/s, acc=0.315, device=mps, eta=39s, loss=1.9592, sps=41.2]
BC[stage1_datasets_L40_stepsweep/bc_shift4_scale_0p8_1p2_steps10000_tr1]:  84%|████████▍ | 8437/10000 [03:24<00:31, 49.19it/s, acc=0.315, device=mps, eta=39s, loss=1.9592, sps=41.2]
BC[stage1_datasets_L40_stepsweep/bc_shift4_scale_0p8_1p2_steps10000_tr1]:  84%|████████▍ | 8444/10000 [03:25<00:41, 37.72it/s, acc=0.315, device=mps, eta=39s, loss=1.9592, sps=41.2]
BC[stage1_datasets_L40_stepsweep/bc_shift4_scale_0p8_1p2_steps10000_tr1]:  85%|████████▍ | 8452/10000 [03:25<00:34, 44.87it/s, acc=0.315, device=mps, eta=39s, loss=1.9592, sps=41.2]
BC[stage1_datasets_L40_stepsweep/bc_shift4_scale_0p8_1p2_steps10000_tr1]:  85%|████████▍ | 8461/10000 [03:25<00:40, 37.93it/s, acc=0.315, device=mps, eta=39s, loss=1.9592, sps=41.2]
BC[stage1_datasets_L40_stepsweep/bc_shift4_scale_0p8_1p2_steps10000_tr1]:  85%|████████▍ | 8468/10000 [03:25<00:36, 42.11it/s, acc=0.315, device=mps, eta=39s, loss=1.9592, sps=41.2]
BC[stage1_datasets_L40_stepsweep/bc_shift4_scale_0p8_1p2_steps10000_tr1]:  85%|████████▍ | 8474/10000 [03:25<00:34, 44.63it/s, acc=0.315, device=mps, eta=39s, loss=1.9592, sps=41.2]
BC[stage1_datasets_L40_stepsweep/bc_shift4_scale_0p8_1p2_steps10000_tr1]:  85%|████████▍ | 8481/10000 [03:26<00:44, 34.32it/s, acc=0.315, device=mps, eta=39s, loss=1.9592, sps=41.2]
BC[stage1_datasets_L40_stepsweep/bc_shift4_scale_0p8_1p2_steps10000_tr1]:  85%|████████▍ | 8488/10000 [03:26<00:38, 39.25it/s, acc=0.315, device=mps, eta=39s, loss=1.9592, sps=41.2]
BC[stage1_datasets_L40_stepsweep/bc_shift4_scale_0p8_1p2_steps10000_tr1]:  85%|████████▍ | 8495/10000 [03:26<00:34, 44.16it/s, acc=0.315, device=mps, eta=39s, loss=1.9592, sps=41.2]
BC[stage1_datasets_L40_stepsweep/bc_shift4_scale_0p8_1p2_steps10000_tr1]:  85%|████████▌ | 8501/10000 [03:26<00:44, 33.96it/s, acc=0.315, device=mps, eta=39s, loss=1.9592, sps=41.2]
BC[stage1_datasets_L40_stepsweep/bc_shift4_scale_0p8_1p2_steps10000_tr1]:  85%|████████▌ | 8509/10000 [03:26<00:35, 41.74it/s, acc=0.315, device=mps, eta=39s, loss=1.9592, sps=41.2]
BC[stage1_datasets_L40_stepsweep/bc_shift4_scale_0p8_1p2_steps10000_tr1]:  85%|████████▌ | 8517/10000 [03:26<00:30, 48.83it/s, acc=0.315, device=mps, eta=39s, loss=1.9592, sps=41.2]
BC[stage1_datasets_L40_stepsweep/bc_shift4_scale_0p8_1p2_steps10000_tr1]:  85%|████████▌ | 8523/10000 [03:27<00:40, 36.59it/s, acc=0.315, device=mps, eta=39s, loss=1.9592, sps=41.2]
BC[stage1_datasets_L40_stepsweep/bc_shift4_scale_0p8_1p2_steps10000_tr1]:  85%|████████▌ | 8531/10000 [03:27<00:33, 44.19it/s, acc=0.315, device=mps, eta=39s, loss=1.9592, sps=41.2]
BC[stage1_datasets_L40_stepsweep/bc_shift4_scale_0p8_1p2_steps10000_tr1]:  85%|████████▌ | 8539/10000 [03:27<00:28, 50.79it/s, acc=0.315, device=mps, eta=39s, loss=1.9592, sps=41.2]
BC[stage1_datasets_L40_stepsweep/bc_shift4_scale_0p8_1p2_steps10000_tr1]:  85%|████████▌ | 8546/10000 [03:27<00:37, 38.49it/s, acc=0.315, device=mps, eta=39s, loss=1.9592, sps=41.2]
BC[stage1_datasets_L40_stepsweep/bc_shift4_scale_0p8_1p2_steps10000_tr1]:  86%|████████▌ | 8554/10000 [03:27<00:31, 45.60it/s, acc=0.315, device=mps, eta=39s, loss=1.9592, sps=41.2]
BC[stage1_datasets_L40_stepsweep/bc_shift4_scale_0p8_1p2_steps10000_tr1]:  86%|████████▌ | 8561/10000 [03:28<00:39, 36.08it/s, acc=0.315, device=mps, eta=39s, loss=1.9592, sps=41.2]
BC[stage1_datasets_L40_stepsweep/bc_shift4_scale_0p8_1p2_steps10000_tr1]:  86%|████████▌ | 8568/10000 [03:28<00:35, 40.77it/s, acc=0.315, device=mps, eta=39s, loss=1.9592, sps=41.2]
BC[stage1_datasets_L40_stepsweep/bc_shift4_scale_0p8_1p2_steps10000_tr1]:  86%|████████▌ | 8574/10000 [03:28<00:32, 43.72it/s, acc=0.315, device=mps, eta=39s, loss=1.9592, sps=41.2]
BC[stage1_datasets_L40_stepsweep/bc_shift4_scale_0p8_1p2_steps10000_tr1]:  86%|████████▌ | 8581/10000 [03:28<00:41, 34.02it/s, acc=0.315, device=mps, eta=39s, loss=1.9592, sps=41.2]
BC[stage1_datasets_L40_stepsweep/bc_shift4_scale_0p8_1p2_steps10000_tr1]:  86%|████████▌ | 8589/10000 [03:28<00:33, 41.60it/s, acc=0.315, device=mps, eta=39s, loss=1.9592, sps=41.2]
BC[stage1_datasets_L40_stepsweep/bc_shift4_scale_0p8_1p2_steps10000_tr1]:  86%|████████▌ | 8597/10000 [03:28<00:28, 48.85it/s, acc=0.315, device=mps, eta=39s, loss=1.9592, sps=41.2]
BC[stage1_datasets_L40_stepsweep/bc_shift4_scale_0p8_1p2_steps10000_tr1]:  86%|████████▌ | 8597/10000 [03:28<00:28, 48.85it/s, acc=0.317, device=mps, eta=34s, loss=1.9470, sps=41.2]
BC[stage1_datasets_L40_stepsweep/bc_shift4_scale_0p8_1p2_steps10000_tr1]:  86%|████████▌ | 8604/10000 [03:29<00:37, 37.13it/s, acc=0.317, device=mps, eta=34s, loss=1.9470, sps=41.2]
BC[stage1_datasets_L40_stepsweep/bc_shift4_scale_0p8_1p2_steps10000_tr1]:  86%|████████▌ | 8611/10000 [03:29<00:32, 42.54it/s, acc=0.317, device=mps, eta=34s, loss=1.9470, sps=41.2]
BC[stage1_datasets_L40_stepsweep/bc_shift4_scale_0p8_1p2_steps10000_tr1]:  86%|████████▌ | 8617/10000 [03:29<00:30, 45.08it/s, acc=0.317, device=mps, eta=34s, loss=1.9470, sps=41.2]
BC[stage1_datasets_L40_stepsweep/bc_shift4_scale_0p8_1p2_steps10000_tr1]:  86%|████████▌ | 8623/10000 [03:29<00:40, 33.85it/s, acc=0.317, device=mps, eta=34s, loss=1.9470, sps=41.2]
BC[stage1_datasets_L40_stepsweep/bc_shift4_scale_0p8_1p2_steps10000_tr1]:  86%|████████▋ | 8631/10000 [03:29<00:32, 42.02it/s, acc=0.317, device=mps, eta=34s, loss=1.9470, sps=41.2]
BC[stage1_datasets_L40_stepsweep/bc_shift4_scale_0p8_1p2_steps10000_tr1]:  86%|████████▋ | 8640/10000 [03:29<00:26, 51.22it/s, acc=0.317, device=mps, eta=34s, loss=1.9470, sps=41.2]
BC[stage1_datasets_L40_stepsweep/bc_shift4_scale_0p8_1p2_steps10000_tr1]:  86%|████████▋ | 8647/10000 [03:30<00:35, 38.59it/s, acc=0.317, device=mps, eta=34s, loss=1.9470, sps=41.2]
BC[stage1_datasets_L40_stepsweep/bc_shift4_scale_0p8_1p2_steps10000_tr1]:  87%|████████▋ | 8655/10000 [03:30<00:29, 45.63it/s, acc=0.317, device=mps, eta=34s, loss=1.9470, sps=41.2]
BC[stage1_datasets_L40_stepsweep/bc_shift4_scale_0p8_1p2_steps10000_tr1]:  87%|████████▋ | 8661/10000 [03:30<00:37, 35.75it/s, acc=0.317, device=mps, eta=34s, loss=1.9470, sps=41.2]
BC[stage1_datasets_L40_stepsweep/bc_shift4_scale_0p8_1p2_steps10000_tr1]:  87%|████████▋ | 8667/10000 [03:30<00:33, 39.63it/s, acc=0.317, device=mps, eta=34s, loss=1.9470, sps=41.2]
BC[stage1_datasets_L40_stepsweep/bc_shift4_scale_0p8_1p2_steps10000_tr1]:  87%|████████▋ | 8674/10000 [03:30<00:29, 44.47it/s, acc=0.317, device=mps, eta=34s, loss=1.9470, sps=41.2]
BC[stage1_datasets_L40_stepsweep/bc_shift4_scale_0p8_1p2_steps10000_tr1]:  87%|████████▋ | 8681/10000 [03:31<00:38, 34.40it/s, acc=0.317, device=mps, eta=34s, loss=1.9470, sps=41.2]
BC[stage1_datasets_L40_stepsweep/bc_shift4_scale_0p8_1p2_steps10000_tr1]:  87%|████████▋ | 8689/10000 [03:31<00:31, 42.08it/s, acc=0.317, device=mps, eta=34s, loss=1.9470, sps=41.2]
BC[stage1_datasets_L40_stepsweep/bc_shift4_scale_0p8_1p2_steps10000_tr1]:  87%|████████▋ | 8697/10000 [03:31<00:26, 49.37it/s, acc=0.317, device=mps, eta=34s, loss=1.9470, sps=41.2]
BC[stage1_datasets_L40_stepsweep/bc_shift4_scale_0p8_1p2_steps10000_tr1]:  87%|████████▋ | 8704/10000 [03:31<00:34, 37.84it/s, acc=0.317, device=mps, eta=34s, loss=1.9470, sps=41.2]
BC[stage1_datasets_L40_stepsweep/bc_shift4_scale_0p8_1p2_steps10000_tr1]:  87%|████████▋ | 8712/10000 [03:31<00:28, 44.98it/s, acc=0.317, device=mps, eta=34s, loss=1.9470, sps=41.2]
BC[stage1_datasets_L40_stepsweep/bc_shift4_scale_0p8_1p2_steps10000_tr1]:  87%|████████▋ | 8721/10000 [03:31<00:34, 37.32it/s, acc=0.317, device=mps, eta=34s, loss=1.9470, sps=41.2]
BC[stage1_datasets_L40_stepsweep/bc_shift4_scale_0p8_1p2_steps10000_tr1]:  87%|████████▋ | 8728/10000 [03:32<00:30, 41.82it/s, acc=0.317, device=mps, eta=34s, loss=1.9470, sps=41.2]
BC[stage1_datasets_L40_stepsweep/bc_shift4_scale_0p8_1p2_steps10000_tr1]:  87%|████████▋ | 8734/10000 [03:32<00:28, 45.16it/s, acc=0.317, device=mps, eta=34s, loss=1.9470, sps=41.2]
BC[stage1_datasets_L40_stepsweep/bc_shift4_scale_0p8_1p2_steps10000_tr1]:  87%|████████▋ | 8741/10000 [03:32<00:35, 35.20it/s, acc=0.317, device=mps, eta=34s, loss=1.9470, sps=41.2]
BC[stage1_datasets_L40_stepsweep/bc_shift4_scale_0p8_1p2_steps10000_tr1]:  87%|████████▋ | 8749/10000 [03:32<00:29, 42.59it/s, acc=0.317, device=mps, eta=34s, loss=1.9470, sps=41.2]
BC[stage1_datasets_L40_stepsweep/bc_shift4_scale_0p8_1p2_steps10000_tr1]:  88%|████████▊ | 8757/10000 [03:32<00:25, 49.39it/s, acc=0.317, device=mps, eta=34s, loss=1.9470, sps=41.2]
BC[stage1_datasets_L40_stepsweep/bc_shift4_scale_0p8_1p2_steps10000_tr1]:  88%|████████▊ | 8764/10000 [03:33<00:32, 37.95it/s, acc=0.317, device=mps, eta=34s, loss=1.9470, sps=41.2]
BC[stage1_datasets_L40_stepsweep/bc_shift4_scale_0p8_1p2_steps10000_tr1]:  88%|████████▊ | 8772/10000 [03:33<00:27, 45.06it/s, acc=0.317, device=mps, eta=34s, loss=1.9470, sps=41.2]
BC[stage1_datasets_L40_stepsweep/bc_shift4_scale_0p8_1p2_steps10000_tr1]:  88%|████████▊ | 8780/10000 [03:33<00:23, 51.92it/s, acc=0.317, device=mps, eta=34s, loss=1.9470, sps=41.2]
BC[stage1_datasets_L40_stepsweep/bc_shift4_scale_0p8_1p2_steps10000_tr1]:  88%|████████▊ | 8787/10000 [03:33<00:31, 38.77it/s, acc=0.317, device=mps, eta=34s, loss=1.9470, sps=41.2]
BC[stage1_datasets_L40_stepsweep/bc_shift4_scale_0p8_1p2_steps10000_tr1]:  88%|████████▊ | 8795/10000 [03:33<00:26, 45.71it/s, acc=0.317, device=mps, eta=34s, loss=1.9470, sps=41.2]
BC[stage1_datasets_L40_stepsweep/bc_shift4_scale_0p8_1p2_steps10000_tr1]:  88%|████████▊ | 8795/10000 [03:33<00:26, 45.71it/s, acc=0.317, device=mps, eta=29s, loss=1.9552, sps=41.2]
BC[stage1_datasets_L40_stepsweep/bc_shift4_scale_0p8_1p2_steps10000_tr1]:  88%|████████▊ | 8801/10000 [03:33<00:33, 35.45it/s, acc=0.317, device=mps, eta=29s, loss=1.9552, sps=41.2]
BC[stage1_datasets_L40_stepsweep/bc_shift4_scale_0p8_1p2_steps10000_tr1]:  88%|████████▊ | 8809/10000 [03:34<00:27, 42.98it/s, acc=0.317, device=mps, eta=29s, loss=1.9552, sps=41.2]
BC[stage1_datasets_L40_stepsweep/bc_shift4_scale_0p8_1p2_steps10000_tr1]:  88%|████████▊ | 8817/10000 [03:34<00:23, 49.91it/s, acc=0.317, device=mps, eta=29s, loss=1.9552, sps=41.2]
BC[stage1_datasets_L40_stepsweep/bc_shift4_scale_0p8_1p2_steps10000_tr1]:  88%|████████▊ | 8824/10000 [03:34<00:31, 37.06it/s, acc=0.317, device=mps, eta=29s, loss=1.9552, sps=41.2]
BC[stage1_datasets_L40_stepsweep/bc_shift4_scale_0p8_1p2_steps10000_tr1]:  88%|████████▊ | 8830/10000 [03:34<00:29, 40.22it/s, acc=0.317, device=mps, eta=29s, loss=1.9552, sps=41.2]
BC[stage1_datasets_L40_stepsweep/bc_shift4_scale_0p8_1p2_steps10000_tr1]:  88%|████████▊ | 8837/10000 [03:34<00:25, 45.28it/s, acc=0.317, device=mps, eta=29s, loss=1.9552, sps=41.2]
BC[stage1_datasets_L40_stepsweep/bc_shift4_scale_0p8_1p2_steps10000_tr1]:  88%|████████▊ | 8843/10000 [03:34<00:33, 34.55it/s, acc=0.317, device=mps, eta=29s, loss=1.9552, sps=41.2]
BC[stage1_datasets_L40_stepsweep/bc_shift4_scale_0p8_1p2_steps10000_tr1]:  89%|████████▊ | 8851/10000 [03:35<00:27, 42.46it/s, acc=0.317, device=mps, eta=29s, loss=1.9552, sps=41.2]
BC[stage1_datasets_L40_stepsweep/bc_shift4_scale_0p8_1p2_steps10000_tr1]:  89%|████████▊ | 8860/10000 [03:35<00:21, 52.01it/s, acc=0.317, device=mps, eta=29s, loss=1.9552, sps=41.2]
BC[stage1_datasets_L40_stepsweep/bc_shift4_scale_0p8_1p2_steps10000_tr1]:  89%|████████▊ | 8867/10000 [03:35<00:29, 38.98it/s, acc=0.317, device=mps, eta=29s, loss=1.9552, sps=41.2]
BC[stage1_datasets_L40_stepsweep/bc_shift4_scale_0p8_1p2_steps10000_tr1]:  89%|████████▉ | 8875/10000 [03:35<00:24, 45.86it/s, acc=0.317, device=mps, eta=29s, loss=1.9552, sps=41.2]
BC[stage1_datasets_L40_stepsweep/bc_shift4_scale_0p8_1p2_steps10000_tr1]:  89%|████████▉ | 8881/10000 [03:35<00:31, 35.47it/s, acc=0.317, device=mps, eta=29s, loss=1.9552, sps=41.2]
BC[stage1_datasets_L40_stepsweep/bc_shift4_scale_0p8_1p2_steps10000_tr1]:  89%|████████▉ | 8889/10000 [03:35<00:25, 42.93it/s, acc=0.317, device=mps, eta=29s, loss=1.9552, sps=41.2]
BC[stage1_datasets_L40_stepsweep/bc_shift4_scale_0p8_1p2_steps10000_tr1]:  89%|████████▉ | 8897/10000 [03:36<00:22, 49.72it/s, acc=0.317, device=mps, eta=29s, loss=1.9552, sps=41.2]
BC[stage1_datasets_L40_stepsweep/bc_shift4_scale_0p8_1p2_steps10000_tr1]:  89%|████████▉ | 8904/10000 [03:36<00:28, 37.93it/s, acc=0.317, device=mps, eta=29s, loss=1.9552, sps=41.2]
BC[stage1_datasets_L40_stepsweep/bc_shift4_scale_0p8_1p2_steps10000_tr1]:  89%|████████▉ | 8912/10000 [03:36<00:24, 45.02it/s, acc=0.317, device=mps, eta=29s, loss=1.9552, sps=41.2]
BC[stage1_datasets_L40_stepsweep/bc_shift4_scale_0p8_1p2_steps10000_tr1]:  89%|████████▉ | 8921/10000 [03:36<00:28, 37.42it/s, acc=0.317, device=mps, eta=29s, loss=1.9552, sps=41.2]
BC[stage1_datasets_L40_stepsweep/bc_shift4_scale_0p8_1p2_steps10000_tr1]:  89%|████████▉ | 8928/10000 [03:36<00:25, 41.73it/s, acc=0.317, device=mps, eta=29s, loss=1.9552, sps=41.2]
BC[stage1_datasets_L40_stepsweep/bc_shift4_scale_0p8_1p2_steps10000_tr1]:  89%|████████▉ | 8935/10000 [03:36<00:23, 45.90it/s, acc=0.317, device=mps, eta=29s, loss=1.9552, sps=41.2]
BC[stage1_datasets_L40_stepsweep/bc_shift4_scale_0p8_1p2_steps10000_tr1]:  89%|████████▉ | 8941/10000 [03:37<00:30, 35.07it/s, acc=0.317, device=mps, eta=29s, loss=1.9552, sps=41.2]
BC[stage1_datasets_L40_stepsweep/bc_shift4_scale_0p8_1p2_steps10000_tr1]:  89%|████████▉ | 8949/10000 [03:37<00:24, 42.56it/s, acc=0.317, device=mps, eta=29s, loss=1.9552, sps=41.2]
BC[stage1_datasets_L40_stepsweep/bc_shift4_scale_0p8_1p2_steps10000_tr1]:  90%|████████▉ | 8957/10000 [03:37<00:21, 49.40it/s, acc=0.317, device=mps, eta=29s, loss=1.9552, sps=41.2]
BC[stage1_datasets_L40_stepsweep/bc_shift4_scale_0p8_1p2_steps10000_tr1]:  90%|████████▉ | 8964/10000 [03:37<00:27, 37.92it/s, acc=0.317, device=mps, eta=29s, loss=1.9552, sps=41.2]
BC[stage1_datasets_L40_stepsweep/bc_shift4_scale_0p8_1p2_steps10000_tr1]:  90%|████████▉ | 8972/10000 [03:37<00:22, 45.14it/s, acc=0.317, device=mps, eta=29s, loss=1.9552, sps=41.2]
BC[stage1_datasets_L40_stepsweep/bc_shift4_scale_0p8_1p2_steps10000_tr1]:  90%|████████▉ | 8980/10000 [03:37<00:19, 52.23it/s, acc=0.317, device=mps, eta=29s, loss=1.9552, sps=41.2]
BC[stage1_datasets_L40_stepsweep/bc_shift4_scale_0p8_1p2_steps10000_tr1]:  90%|████████▉ | 8987/10000 [03:38<00:27, 36.46it/s, acc=0.317, device=mps, eta=29s, loss=1.9552, sps=41.2]
BC[stage1_datasets_L40_stepsweep/bc_shift4_scale_0p8_1p2_steps10000_tr1]:  90%|████████▉ | 8993/10000 [03:38<00:25, 39.94it/s, acc=0.317, device=mps, eta=29s, loss=1.9552, sps=41.2]
BC[stage1_datasets_L40_stepsweep/bc_shift4_scale_0p8_1p2_steps10000_tr1]:  90%|████████▉ | 8993/10000 [03:38<00:25, 39.94it/s, acc=0.323, device=mps, eta=24s, loss=1.9351, sps=41.2]
BC[stage1_datasets_L40_stepsweep/bc_shift4_scale_0p8_1p2_steps10000_tr1]:  90%|█████████ | 9000/10000 [03:38<00:22, 45.43it/s, acc=0.323, device=mps, eta=24s, loss=1.9351, sps=41.2]
BC[stage1_datasets_L40_stepsweep/bc_shift4_scale_0p8_1p2_steps10000_tr1]:  90%|█████████ | 9006/10000 [03:38<00:28, 34.63it/s, acc=0.323, device=mps, eta=24s, loss=1.9351, sps=41.2]
BC[stage1_datasets_L40_stepsweep/bc_shift4_scale_0p8_1p2_steps10000_tr1]:  90%|█████████ | 9014/10000 [03:38<00:23, 42.26it/s, acc=0.323, device=mps, eta=24s, loss=1.9351, sps=41.2]
BC[stage1_datasets_L40_stepsweep/bc_shift4_scale_0p8_1p2_steps10000_tr1]:  90%|█████████ | 9021/10000 [03:39<00:28, 34.31it/s, acc=0.323, device=mps, eta=24s, loss=1.9351, sps=41.2]
BC[stage1_datasets_L40_stepsweep/bc_shift4_scale_0p8_1p2_steps10000_tr1]:  90%|█████████ | 9029/10000 [03:39<00:23, 41.78it/s, acc=0.323, device=mps, eta=24s, loss=1.9351, sps=41.2]
BC[stage1_datasets_L40_stepsweep/bc_shift4_scale_0p8_1p2_steps10000_tr1]:  90%|█████████ | 9037/10000 [03:39<00:19, 48.95it/s, acc=0.323, device=mps, eta=24s, loss=1.9351, sps=41.2]
BC[stage1_datasets_L40_stepsweep/bc_shift4_scale_0p8_1p2_steps10000_tr1]:  90%|█████████ | 9044/10000 [03:39<00:25, 37.81it/s, acc=0.323, device=mps, eta=24s, loss=1.9351, sps=41.2]
BC[stage1_datasets_L40_stepsweep/bc_shift4_scale_0p8_1p2_steps10000_tr1]:  91%|█████████ | 9051/10000 [03:39<00:22, 42.72it/s, acc=0.323, device=mps, eta=24s, loss=1.9351, sps=41.2]
BC[stage1_datasets_L40_stepsweep/bc_shift4_scale_0p8_1p2_steps10000_tr1]:  91%|█████████ | 9058/10000 [03:39<00:20, 46.84it/s, acc=0.323, device=mps, eta=24s, loss=1.9351, sps=41.2]
BC[stage1_datasets_L40_stepsweep/bc_shift4_scale_0p8_1p2_steps10000_tr1]:  91%|█████████ | 9064/10000 [03:40<00:26, 35.60it/s, acc=0.323, device=mps, eta=24s, loss=1.9351, sps=41.2]
BC[stage1_datasets_L40_stepsweep/bc_shift4_scale_0p8_1p2_steps10000_tr1]:  91%|█████████ | 9072/10000 [03:40<00:21, 43.18it/s, acc=0.323, device=mps, eta=24s, loss=1.9351, sps=41.2]
BC[stage1_datasets_L40_stepsweep/bc_shift4_scale_0p8_1p2_steps10000_tr1]:  91%|█████████ | 9081/10000 [03:40<00:25, 36.53it/s, acc=0.323, device=mps, eta=24s, loss=1.9351, sps=41.2]
BC[stage1_datasets_L40_stepsweep/bc_shift4_scale_0p8_1p2_steps10000_tr1]:  91%|█████████ | 9089/10000 [03:40<00:20, 43.46it/s, acc=0.323, device=mps, eta=24s, loss=1.9351, sps=41.2]
BC[stage1_datasets_L40_stepsweep/bc_shift4_scale_0p8_1p2_steps10000_tr1]:  91%|█████████ | 9097/10000 [03:40<00:18, 49.90it/s, acc=0.323, device=mps, eta=24s, loss=1.9351, sps=41.2]
BC[stage1_datasets_L40_stepsweep/bc_shift4_scale_0p8_1p2_steps10000_tr1]:  91%|█████████ | 9104/10000 [03:41<00:23, 38.29it/s, acc=0.323, device=mps, eta=24s, loss=1.9351, sps=41.2]
BC[stage1_datasets_L40_stepsweep/bc_shift4_scale_0p8_1p2_steps10000_tr1]:  91%|█████████ | 9112/10000 [03:41<00:19, 45.28it/s, acc=0.323, device=mps, eta=24s, loss=1.9351, sps=41.2]
BC[stage1_datasets_L40_stepsweep/bc_shift4_scale_0p8_1p2_steps10000_tr1]:  91%|█████████ | 9121/10000 [03:41<00:23, 37.72it/s, acc=0.323, device=mps, eta=24s, loss=1.9351, sps=41.2]
BC[stage1_datasets_L40_stepsweep/bc_shift4_scale_0p8_1p2_steps10000_tr1]:  91%|█████████▏| 9127/10000 [03:41<00:21, 40.60it/s, acc=0.323, device=mps, eta=24s, loss=1.9351, sps=41.2]
BC[stage1_datasets_L40_stepsweep/bc_shift4_scale_0p8_1p2_steps10000_tr1]:  91%|█████████▏| 9133/10000 [03:41<00:20, 42.38it/s, acc=0.323, device=mps, eta=24s, loss=1.9351, sps=41.2]
BC[stage1_datasets_L40_stepsweep/bc_shift4_scale_0p8_1p2_steps10000_tr1]:  91%|█████████▏| 9140/10000 [03:41<00:18, 47.27it/s, acc=0.323, device=mps, eta=24s, loss=1.9351, sps=41.2]
BC[stage1_datasets_L40_stepsweep/bc_shift4_scale_0p8_1p2_steps10000_tr1]:  91%|█████████▏| 9146/10000 [03:42<00:24, 34.46it/s, acc=0.323, device=mps, eta=24s, loss=1.9351, sps=41.2]
BC[stage1_datasets_L40_stepsweep/bc_shift4_scale_0p8_1p2_steps10000_tr1]:  92%|█████████▏| 9152/10000 [03:42<00:21, 38.89it/s, acc=0.323, device=mps, eta=24s, loss=1.9351, sps=41.2]
BC[stage1_datasets_L40_stepsweep/bc_shift4_scale_0p8_1p2_steps10000_tr1]:  92%|█████████▏| 9160/10000 [03:42<00:18, 46.54it/s, acc=0.323, device=mps, eta=24s, loss=1.9351, sps=41.2]
BC[stage1_datasets_L40_stepsweep/bc_shift4_scale_0p8_1p2_steps10000_tr1]:  92%|█████████▏| 9166/10000 [03:42<00:23, 35.38it/s, acc=0.323, device=mps, eta=24s, loss=1.9351, sps=41.2]
BC[stage1_datasets_L40_stepsweep/bc_shift4_scale_0p8_1p2_steps10000_tr1]:  92%|█████████▏| 9174/10000 [03:42<00:19, 43.31it/s, acc=0.323, device=mps, eta=24s, loss=1.9351, sps=41.2]
BC[stage1_datasets_L40_stepsweep/bc_shift4_scale_0p8_1p2_steps10000_tr1]:  92%|█████████▏| 9181/10000 [03:43<00:23, 34.76it/s, acc=0.323, device=mps, eta=24s, loss=1.9351, sps=41.2]
BC[stage1_datasets_L40_stepsweep/bc_shift4_scale_0p8_1p2_steps10000_tr1]:  92%|█████████▏| 9187/10000 [03:43<00:21, 38.32it/s, acc=0.323, device=mps, eta=24s, loss=1.9351, sps=41.2]
BC[stage1_datasets_L40_stepsweep/bc_shift4_scale_0p8_1p2_steps10000_tr1]:  92%|█████████▏| 9193/10000 [03:43<00:19, 42.37it/s, acc=0.323, device=mps, eta=24s, loss=1.9351, sps=41.2]
BC[stage1_datasets_L40_stepsweep/bc_shift4_scale_0p8_1p2_steps10000_tr1]:  92%|█████████▏| 9193/10000 [03:43<00:19, 42.37it/s, acc=0.320, device=mps, eta=19s, loss=1.9490, sps=41.2]
BC[stage1_datasets_L40_stepsweep/bc_shift4_scale_0p8_1p2_steps10000_tr1]:  92%|█████████▏| 9200/10000 [03:43<00:16, 48.36it/s, acc=0.320, device=mps, eta=19s, loss=1.9490, sps=41.2]
BC[stage1_datasets_L40_stepsweep/bc_shift4_scale_0p8_1p2_steps10000_tr1]:  92%|█████████▏| 9206/10000 [03:43<00:22, 35.60it/s, acc=0.320, device=mps, eta=19s, loss=1.9490, sps=41.2]
BC[stage1_datasets_L40_stepsweep/bc_shift4_scale_0p8_1p2_steps10000_tr1]:  92%|█████████▏| 9214/10000 [03:43<00:18, 43.54it/s, acc=0.320, device=mps, eta=19s, loss=1.9490, sps=41.2]
BC[stage1_datasets_L40_stepsweep/bc_shift4_scale_0p8_1p2_steps10000_tr1]:  92%|█████████▏| 9221/10000 [03:44<00:22, 34.69it/s, acc=0.320, device=mps, eta=19s, loss=1.9490, sps=41.2]
BC[stage1_datasets_L40_stepsweep/bc_shift4_scale_0p8_1p2_steps10000_tr1]:  92%|█████████▏| 9229/10000 [03:44<00:18, 41.71it/s, acc=0.320, device=mps, eta=19s, loss=1.9490, sps=41.2]
BC[stage1_datasets_L40_stepsweep/bc_shift4_scale_0p8_1p2_steps10000_tr1]:  92%|█████████▏| 9235/10000 [03:44<00:17, 43.88it/s, acc=0.320, device=mps, eta=19s, loss=1.9490, sps=41.2]
BC[stage1_datasets_L40_stepsweep/bc_shift4_scale_0p8_1p2_steps10000_tr1]:  92%|█████████▏| 9241/10000 [03:44<00:22, 33.04it/s, acc=0.320, device=mps, eta=19s, loss=1.9490, sps=41.2]
BC[stage1_datasets_L40_stepsweep/bc_shift4_scale_0p8_1p2_steps10000_tr1]:  92%|█████████▏| 9247/10000 [03:44<00:19, 37.74it/s, acc=0.320, device=mps, eta=19s, loss=1.9490, sps=41.2]
BC[stage1_datasets_L40_stepsweep/bc_shift4_scale_0p8_1p2_steps10000_tr1]:  93%|█████████▎| 9254/10000 [03:44<00:17, 43.17it/s, acc=0.320, device=mps, eta=19s, loss=1.9490, sps=41.2]
BC[stage1_datasets_L40_stepsweep/bc_shift4_scale_0p8_1p2_steps10000_tr1]:  93%|█████████▎| 9261/10000 [03:45<00:21, 33.96it/s, acc=0.320, device=mps, eta=19s, loss=1.9490, sps=41.2]
BC[stage1_datasets_L40_stepsweep/bc_shift4_scale_0p8_1p2_steps10000_tr1]:  93%|█████████▎| 9269/10000 [03:45<00:17, 40.90it/s, acc=0.320, device=mps, eta=19s, loss=1.9490, sps=41.2]
BC[stage1_datasets_L40_stepsweep/bc_shift4_scale_0p8_1p2_steps10000_tr1]:  93%|█████████▎| 9275/10000 [03:45<00:16, 44.22it/s, acc=0.320, device=mps, eta=19s, loss=1.9490, sps=41.2]
BC[stage1_datasets_L40_stepsweep/bc_shift4_scale_0p8_1p2_steps10000_tr1]:  93%|█████████▎| 9281/10000 [03:45<00:21, 33.38it/s, acc=0.320, device=mps, eta=19s, loss=1.9490, sps=41.2]
BC[stage1_datasets_L40_stepsweep/bc_shift4_scale_0p8_1p2_steps10000_tr1]:  93%|█████████▎| 9288/10000 [03:45<00:18, 38.82it/s, acc=0.320, device=mps, eta=19s, loss=1.9490, sps=41.2]
BC[stage1_datasets_L40_stepsweep/bc_shift4_scale_0p8_1p2_steps10000_tr1]:  93%|█████████▎| 9295/10000 [03:45<00:15, 44.18it/s, acc=0.320, device=mps, eta=19s, loss=1.9490, sps=41.2]
BC[stage1_datasets_L40_stepsweep/bc_shift4_scale_0p8_1p2_steps10000_tr1]:  93%|█████████▎| 9301/10000 [03:46<00:20, 34.31it/s, acc=0.320, device=mps, eta=19s, loss=1.9490, sps=41.2]
BC[stage1_datasets_L40_stepsweep/bc_shift4_scale_0p8_1p2_steps10000_tr1]:  93%|█████████▎| 9309/10000 [03:46<00:16, 42.28it/s, acc=0.320, device=mps, eta=19s, loss=1.9490, sps=41.2]
BC[stage1_datasets_L40_stepsweep/bc_shift4_scale_0p8_1p2_steps10000_tr1]:  93%|█████████▎| 9318/10000 [03:46<00:13, 50.90it/s, acc=0.320, device=mps, eta=19s, loss=1.9490, sps=41.2]
BC[stage1_datasets_L40_stepsweep/bc_shift4_scale_0p8_1p2_steps10000_tr1]:  93%|█████████▎| 9325/10000 [03:46<00:17, 39.09it/s, acc=0.320, device=mps, eta=19s, loss=1.9490, sps=41.2]
BC[stage1_datasets_L40_stepsweep/bc_shift4_scale_0p8_1p2_steps10000_tr1]:  93%|█████████▎| 9333/10000 [03:46<00:14, 46.10it/s, acc=0.320, device=mps, eta=19s, loss=1.9490, sps=41.2]
BC[stage1_datasets_L40_stepsweep/bc_shift4_scale_0p8_1p2_steps10000_tr1]:  93%|█████████▎| 9341/10000 [03:47<00:17, 37.17it/s, acc=0.320, device=mps, eta=19s, loss=1.9490, sps=41.2]
BC[stage1_datasets_L40_stepsweep/bc_shift4_scale_0p8_1p2_steps10000_tr1]:  93%|█████████▎| 9349/10000 [03:47<00:14, 44.16it/s, acc=0.320, device=mps, eta=19s, loss=1.9490, sps=41.2]
BC[stage1_datasets_L40_stepsweep/bc_shift4_scale_0p8_1p2_steps10000_tr1]:  94%|█████████▎| 9357/10000 [03:47<00:12, 50.47it/s, acc=0.320, device=mps, eta=19s, loss=1.9490, sps=41.2]
BC[stage1_datasets_L40_stepsweep/bc_shift4_scale_0p8_1p2_steps10000_tr1]:  94%|█████████▎| 9364/10000 [03:47<00:16, 38.57it/s, acc=0.320, device=mps, eta=19s, loss=1.9490, sps=41.2]
BC[stage1_datasets_L40_stepsweep/bc_shift4_scale_0p8_1p2_steps10000_tr1]:  94%|█████████▎| 9372/10000 [03:47<00:13, 45.48it/s, acc=0.320, device=mps, eta=19s, loss=1.9490, sps=41.2]
BC[stage1_datasets_L40_stepsweep/bc_shift4_scale_0p8_1p2_steps10000_tr1]:  94%|█████████▍| 9381/10000 [03:48<00:16, 37.68it/s, acc=0.320, device=mps, eta=19s, loss=1.9490, sps=41.2]
BC[stage1_datasets_L40_stepsweep/bc_shift4_scale_0p8_1p2_steps10000_tr1]:  94%|█████████▍| 9389/10000 [03:48<00:13, 43.66it/s, acc=0.320, device=mps, eta=19s, loss=1.9490, sps=41.2]
BC[stage1_datasets_L40_stepsweep/bc_shift4_scale_0p8_1p2_steps10000_tr1]:  94%|█████████▍| 9395/10000 [03:48<00:13, 46.32it/s, acc=0.320, device=mps, eta=19s, loss=1.9490, sps=41.2]
BC[stage1_datasets_L40_stepsweep/bc_shift4_scale_0p8_1p2_steps10000_tr1]:  94%|█████████▍| 9395/10000 [03:48<00:13, 46.32it/s, acc=0.322, device=mps, eta=15s, loss=1.9342, sps=41.2]
BC[stage1_datasets_L40_stepsweep/bc_shift4_scale_0p8_1p2_steps10000_tr1]:  94%|█████████▍| 9401/10000 [03:48<00:17, 34.82it/s, acc=0.322, device=mps, eta=15s, loss=1.9342, sps=41.2]
BC[stage1_datasets_L40_stepsweep/bc_shift4_scale_0p8_1p2_steps10000_tr1]:  94%|█████████▍| 9407/10000 [03:48<00:15, 38.26it/s, acc=0.322, device=mps, eta=15s, loss=1.9342, sps=41.2]
BC[stage1_datasets_L40_stepsweep/bc_shift4_scale_0p8_1p2_steps10000_tr1]:  94%|█████████▍| 9413/10000 [03:48<00:13, 42.25it/s, acc=0.322, device=mps, eta=15s, loss=1.9342, sps=41.2]
BC[stage1_datasets_L40_stepsweep/bc_shift4_scale_0p8_1p2_steps10000_tr1]:  94%|█████████▍| 9420/10000 [03:48<00:12, 47.90it/s, acc=0.322, device=mps, eta=15s, loss=1.9342, sps=41.2]
BC[stage1_datasets_L40_stepsweep/bc_shift4_scale_0p8_1p2_steps10000_tr1]:  94%|█████████▍| 9426/10000 [03:49<00:16, 35.39it/s, acc=0.322, device=mps, eta=15s, loss=1.9342, sps=41.2]
BC[stage1_datasets_L40_stepsweep/bc_shift4_scale_0p8_1p2_steps10000_tr1]:  94%|█████████▍| 9434/10000 [03:49<00:12, 43.85it/s, acc=0.322, device=mps, eta=15s, loss=1.9342, sps=41.2]
BC[stage1_datasets_L40_stepsweep/bc_shift4_scale_0p8_1p2_steps10000_tr1]:  94%|█████████▍| 9441/10000 [03:49<00:15, 35.11it/s, acc=0.322, device=mps, eta=15s, loss=1.9342, sps=41.2]
BC[stage1_datasets_L40_stepsweep/bc_shift4_scale_0p8_1p2_steps10000_tr1]:  94%|█████████▍| 9446/10000 [03:49<00:14, 37.32it/s, acc=0.322, device=mps, eta=15s, loss=1.9342, sps=41.2]
BC[stage1_datasets_L40_stepsweep/bc_shift4_scale_0p8_1p2_steps10000_tr1]:  95%|█████████▍| 9452/10000 [03:49<00:13, 41.68it/s, acc=0.322, device=mps, eta=15s, loss=1.9342, sps=41.2]
BC[stage1_datasets_L40_stepsweep/bc_shift4_scale_0p8_1p2_steps10000_tr1]:  95%|█████████▍| 9459/10000 [03:49<00:11, 47.61it/s, acc=0.322, device=mps, eta=15s, loss=1.9342, sps=41.2]
BC[stage1_datasets_L40_stepsweep/bc_shift4_scale_0p8_1p2_steps10000_tr1]:  95%|█████████▍| 9465/10000 [03:50<00:15, 35.42it/s, acc=0.322, device=mps, eta=15s, loss=1.9342, sps=41.2]
BC[stage1_datasets_L40_stepsweep/bc_shift4_scale_0p8_1p2_steps10000_tr1]:  95%|█████████▍| 9473/10000 [03:50<00:12, 43.48it/s, acc=0.322, device=mps, eta=15s, loss=1.9342, sps=41.2]
BC[stage1_datasets_L40_stepsweep/bc_shift4_scale_0p8_1p2_steps10000_tr1]:  95%|█████████▍| 9481/10000 [03:50<00:14, 35.56it/s, acc=0.322, device=mps, eta=15s, loss=1.9342, sps=41.2]
BC[stage1_datasets_L40_stepsweep/bc_shift4_scale_0p8_1p2_steps10000_tr1]:  95%|█████████▍| 9489/10000 [03:50<00:11, 42.98it/s, acc=0.322, device=mps, eta=15s, loss=1.9342, sps=41.2]
BC[stage1_datasets_L40_stepsweep/bc_shift4_scale_0p8_1p2_steps10000_tr1]:  95%|█████████▍| 9497/10000 [03:50<00:10, 49.76it/s, acc=0.322, device=mps, eta=15s, loss=1.9342, sps=41.2]
BC[stage1_datasets_L40_stepsweep/bc_shift4_scale_0p8_1p2_steps10000_tr1]:  95%|█████████▌| 9504/10000 [03:51<00:13, 37.97it/s, acc=0.322, device=mps, eta=15s, loss=1.9342, sps=41.2]
BC[stage1_datasets_L40_stepsweep/bc_shift4_scale_0p8_1p2_steps10000_tr1]:  95%|█████████▌| 9512/10000 [03:51<00:10, 45.12it/s, acc=0.322, device=mps, eta=15s, loss=1.9342, sps=41.2]
BC[stage1_datasets_L40_stepsweep/bc_shift4_scale_0p8_1p2_steps10000_tr1]:  95%|█████████▌| 9520/10000 [03:51<00:09, 52.05it/s, acc=0.322, device=mps, eta=15s, loss=1.9342, sps=41.2]
BC[stage1_datasets_L40_stepsweep/bc_shift4_scale_0p8_1p2_steps10000_tr1]:  95%|█████████▌| 9527/10000 [03:51<00:12, 38.81it/s, acc=0.322, device=mps, eta=15s, loss=1.9342, sps=41.2]
BC[stage1_datasets_L40_stepsweep/bc_shift4_scale_0p8_1p2_steps10000_tr1]:  95%|█████████▌| 9535/10000 [03:51<00:10, 46.11it/s, acc=0.322, device=mps, eta=15s, loss=1.9342, sps=41.2]
BC[stage1_datasets_L40_stepsweep/bc_shift4_scale_0p8_1p2_steps10000_tr1]:  95%|█████████▌| 9541/10000 [03:51<00:12, 36.13it/s, acc=0.322, device=mps, eta=15s, loss=1.9342, sps=41.2]
BC[stage1_datasets_L40_stepsweep/bc_shift4_scale_0p8_1p2_steps10000_tr1]:  95%|█████████▌| 9549/10000 [03:52<00:10, 43.58it/s, acc=0.322, device=mps, eta=15s, loss=1.9342, sps=41.2]
BC[stage1_datasets_L40_stepsweep/bc_shift4_scale_0p8_1p2_steps10000_tr1]:  96%|█████████▌| 9557/10000 [03:52<00:08, 50.50it/s, acc=0.322, device=mps, eta=15s, loss=1.9342, sps=41.2]
BC[stage1_datasets_L40_stepsweep/bc_shift4_scale_0p8_1p2_steps10000_tr1]:  96%|█████████▌| 9564/10000 [03:52<00:11, 38.44it/s, acc=0.322, device=mps, eta=15s, loss=1.9342, sps=41.2]
BC[stage1_datasets_L40_stepsweep/bc_shift4_scale_0p8_1p2_steps10000_tr1]:  96%|█████████▌| 9572/10000 [03:52<00:09, 45.77it/s, acc=0.322, device=mps, eta=15s, loss=1.9342, sps=41.2]
BC[stage1_datasets_L40_stepsweep/bc_shift4_scale_0p8_1p2_steps10000_tr1]:  96%|█████████▌| 9580/10000 [03:52<00:07, 52.58it/s, acc=0.322, device=mps, eta=15s, loss=1.9342, sps=41.2]
BC[stage1_datasets_L40_stepsweep/bc_shift4_scale_0p8_1p2_steps10000_tr1]:  96%|█████████▌| 9587/10000 [03:52<00:11, 37.03it/s, acc=0.322, device=mps, eta=15s, loss=1.9342, sps=41.2]
BC[stage1_datasets_L40_stepsweep/bc_shift4_scale_0p8_1p2_steps10000_tr1]:  96%|█████████▌| 9593/10000 [03:53<00:10, 39.81it/s, acc=0.322, device=mps, eta=15s, loss=1.9342, sps=41.2]
BC[stage1_datasets_L40_stepsweep/bc_shift4_scale_0p8_1p2_steps10000_tr1]:  96%|█████████▌| 9599/10000 [03:53<00:09, 43.44it/s, acc=0.322, device=mps, eta=15s, loss=1.9342, sps=41.2]
BC[stage1_datasets_L40_stepsweep/bc_shift4_scale_0p8_1p2_steps10000_tr1]:  96%|█████████▌| 9599/10000 [03:53<00:09, 43.44it/s, acc=0.322, device=mps, eta=10s, loss=1.9401, sps=41.2]
BC[stage1_datasets_L40_stepsweep/bc_shift4_scale_0p8_1p2_steps10000_tr1]:  96%|█████████▌| 9605/10000 [03:53<00:12, 32.89it/s, acc=0.322, device=mps, eta=10s, loss=1.9401, sps=41.2]
BC[stage1_datasets_L40_stepsweep/bc_shift4_scale_0p8_1p2_steps10000_tr1]:  96%|█████████▌| 9611/10000 [03:53<00:10, 36.65it/s, acc=0.322, device=mps, eta=10s, loss=1.9401, sps=41.2]
BC[stage1_datasets_L40_stepsweep/bc_shift4_scale_0p8_1p2_steps10000_tr1]:  96%|█████████▌| 9618/10000 [03:53<00:09, 42.09it/s, acc=0.322, device=mps, eta=10s, loss=1.9401, sps=41.2]
BC[stage1_datasets_L40_stepsweep/bc_shift4_scale_0p8_1p2_steps10000_tr1]:  96%|█████████▌| 9624/10000 [03:54<00:11, 32.96it/s, acc=0.322, device=mps, eta=10s, loss=1.9401, sps=41.2]
BC[stage1_datasets_L40_stepsweep/bc_shift4_scale_0p8_1p2_steps10000_tr1]:  96%|█████████▋| 9632/10000 [03:54<00:08, 41.05it/s, acc=0.322, device=mps, eta=10s, loss=1.9401, sps=41.2]
BC[stage1_datasets_L40_stepsweep/bc_shift4_scale_0p8_1p2_steps10000_tr1]:  96%|█████████▋| 9640/10000 [03:54<00:07, 48.98it/s, acc=0.322, device=mps, eta=10s, loss=1.9401, sps=41.2]
BC[stage1_datasets_L40_stepsweep/bc_shift4_scale_0p8_1p2_steps10000_tr1]:  96%|█████████▋| 9647/10000 [03:54<00:09, 37.18it/s, acc=0.322, device=mps, eta=10s, loss=1.9401, sps=41.2]
BC[stage1_datasets_L40_stepsweep/bc_shift4_scale_0p8_1p2_steps10000_tr1]:  97%|█████████▋| 9655/10000 [03:54<00:07, 44.44it/s, acc=0.322, device=mps, eta=10s, loss=1.9401, sps=41.2]
BC[stage1_datasets_L40_stepsweep/bc_shift4_scale_0p8_1p2_steps10000_tr1]:  97%|█████████▋| 9661/10000 [03:54<00:09, 34.61it/s, acc=0.322, device=mps, eta=10s, loss=1.9401, sps=41.2]
BC[stage1_datasets_L40_stepsweep/bc_shift4_scale_0p8_1p2_steps10000_tr1]:  97%|█████████▋| 9669/10000 [03:55<00:07, 42.28it/s, acc=0.322, device=mps, eta=10s, loss=1.9401, sps=41.2]
BC[stage1_datasets_L40_stepsweep/bc_shift4_scale_0p8_1p2_steps10000_tr1]:  97%|█████████▋| 9677/10000 [03:55<00:06, 49.12it/s, acc=0.322, device=mps, eta=10s, loss=1.9401, sps=41.2]
BC[stage1_datasets_L40_stepsweep/bc_shift4_scale_0p8_1p2_steps10000_tr1]:  97%|█████████▋| 9684/10000 [03:55<00:08, 37.62it/s, acc=0.322, device=mps, eta=10s, loss=1.9401, sps=41.2]
BC[stage1_datasets_L40_stepsweep/bc_shift4_scale_0p8_1p2_steps10000_tr1]:  97%|█████████▋| 9692/10000 [03:55<00:06, 44.76it/s, acc=0.322, device=mps, eta=10s, loss=1.9401, sps=41.2]
BC[stage1_datasets_L40_stepsweep/bc_shift4_scale_0p8_1p2_steps10000_tr1]:  97%|█████████▋| 9700/10000 [03:55<00:05, 51.71it/s, acc=0.322, device=mps, eta=10s, loss=1.9401, sps=41.2]
BC[stage1_datasets_L40_stepsweep/bc_shift4_scale_0p8_1p2_steps10000_tr1]:  97%|█████████▋| 9707/10000 [03:55<00:07, 38.80it/s, acc=0.322, device=mps, eta=10s, loss=1.9401, sps=41.2]
BC[stage1_datasets_L40_stepsweep/bc_shift4_scale_0p8_1p2_steps10000_tr1]:  97%|█████████▋| 9715/10000 [03:56<00:06, 45.71it/s, acc=0.322, device=mps, eta=10s, loss=1.9401, sps=41.2]
BC[stage1_datasets_L40_stepsweep/bc_shift4_scale_0p8_1p2_steps10000_tr1]:  97%|█████████▋| 9721/10000 [03:56<00:07, 35.41it/s, acc=0.322, device=mps, eta=10s, loss=1.9401, sps=41.2]
BC[stage1_datasets_L40_stepsweep/bc_shift4_scale_0p8_1p2_steps10000_tr1]:  97%|█████████▋| 9729/10000 [03:56<00:06, 42.92it/s, acc=0.322, device=mps, eta=10s, loss=1.9401, sps=41.2]
BC[stage1_datasets_L40_stepsweep/bc_shift4_scale_0p8_1p2_steps10000_tr1]:  97%|█████████▋| 9737/10000 [03:56<00:05, 49.80it/s, acc=0.322, device=mps, eta=10s, loss=1.9401, sps=41.2]
BC[stage1_datasets_L40_stepsweep/bc_shift4_scale_0p8_1p2_steps10000_tr1]:  97%|█████████▋| 9744/10000 [03:56<00:06, 37.03it/s, acc=0.322, device=mps, eta=10s, loss=1.9401, sps=41.2]
BC[stage1_datasets_L40_stepsweep/bc_shift4_scale_0p8_1p2_steps10000_tr1]:  98%|█████████▊| 9750/10000 [03:56<00:06, 39.91it/s, acc=0.322, device=mps, eta=10s, loss=1.9401, sps=41.2]
BC[stage1_datasets_L40_stepsweep/bc_shift4_scale_0p8_1p2_steps10000_tr1]:  98%|█████████▊| 9757/10000 [03:57<00:05, 44.61it/s, acc=0.322, device=mps, eta=10s, loss=1.9401, sps=41.2]
BC[stage1_datasets_L40_stepsweep/bc_shift4_scale_0p8_1p2_steps10000_tr1]:  98%|█████████▊| 9763/10000 [03:57<00:06, 33.90it/s, acc=0.322, device=mps, eta=10s, loss=1.9401, sps=41.2]
BC[stage1_datasets_L40_stepsweep/bc_shift4_scale_0p8_1p2_steps10000_tr1]:  98%|█████████▊| 9769/10000 [03:57<00:06, 38.02it/s, acc=0.322, device=mps, eta=10s, loss=1.9401, sps=41.2]
BC[stage1_datasets_L40_stepsweep/bc_shift4_scale_0p8_1p2_steps10000_tr1]:  98%|█████████▊| 9776/10000 [03:57<00:05, 43.55it/s, acc=0.322, device=mps, eta=10s, loss=1.9401, sps=41.2]
BC[stage1_datasets_L40_stepsweep/bc_shift4_scale_0p8_1p2_steps10000_tr1]:  98%|█████████▊| 9782/10000 [03:57<00:06, 33.49it/s, acc=0.322, device=mps, eta=10s, loss=1.9401, sps=41.2]
BC[stage1_datasets_L40_stepsweep/bc_shift4_scale_0p8_1p2_steps10000_tr1]:  98%|█████████▊| 9790/10000 [03:57<00:05, 41.57it/s, acc=0.322, device=mps, eta=10s, loss=1.9401, sps=41.2]
BC[stage1_datasets_L40_stepsweep/bc_shift4_scale_0p8_1p2_steps10000_tr1]:  98%|█████████▊| 9798/10000 [03:58<00:04, 48.42it/s, acc=0.322, device=mps, eta=10s, loss=1.9401, sps=41.2]
BC[stage1_datasets_L40_stepsweep/bc_shift4_scale_0p8_1p2_steps10000_tr1]:  98%|█████████▊| 9798/10000 [03:58<00:04, 48.42it/s, acc=0.328, device=mps, eta=5s, loss=1.9206, sps=41.2] 
BC[stage1_datasets_L40_stepsweep/bc_shift4_scale_0p8_1p2_steps10000_tr1]:  98%|█████████▊| 9804/10000 [03:58<00:05, 36.51it/s, acc=0.328, device=mps, eta=5s, loss=1.9206, sps=41.2]
BC[stage1_datasets_L40_stepsweep/bc_shift4_scale_0p8_1p2_steps10000_tr1]:  98%|█████████▊| 9812/10000 [03:58<00:04, 44.12it/s, acc=0.328, device=mps, eta=5s, loss=1.9206, sps=41.2]
BC[stage1_datasets_L40_stepsweep/bc_shift4_scale_0p8_1p2_steps10000_tr1]:  98%|█████████▊| 9820/10000 [03:58<00:03, 51.53it/s, acc=0.328, device=mps, eta=5s, loss=1.9206, sps=41.2]
BC[stage1_datasets_L40_stepsweep/bc_shift4_scale_0p8_1p2_steps10000_tr1]:  98%|█████████▊| 9827/10000 [03:58<00:04, 38.41it/s, acc=0.328, device=mps, eta=5s, loss=1.9206, sps=41.2]
BC[stage1_datasets_L40_stepsweep/bc_shift4_scale_0p8_1p2_steps10000_tr1]:  98%|█████████▊| 9835/10000 [03:58<00:03, 45.51it/s, acc=0.328, device=mps, eta=5s, loss=1.9206, sps=41.2]
BC[stage1_datasets_L40_stepsweep/bc_shift4_scale_0p8_1p2_steps10000_tr1]:  98%|█████████▊| 9841/10000 [03:59<00:04, 35.25it/s, acc=0.328, device=mps, eta=5s, loss=1.9206, sps=41.2]
BC[stage1_datasets_L40_stepsweep/bc_shift4_scale_0p8_1p2_steps10000_tr1]:  98%|█████████▊| 9849/10000 [03:59<00:03, 42.82it/s, acc=0.328, device=mps, eta=5s, loss=1.9206, sps=41.2]
BC[stage1_datasets_L40_stepsweep/bc_shift4_scale_0p8_1p2_steps10000_tr1]:  99%|█████████▊| 9857/10000 [03:59<00:02, 49.63it/s, acc=0.328, device=mps, eta=5s, loss=1.9206, sps=41.2]
BC[stage1_datasets_L40_stepsweep/bc_shift4_scale_0p8_1p2_steps10000_tr1]:  99%|█████████▊| 9864/10000 [03:59<00:03, 37.87it/s, acc=0.328, device=mps, eta=5s, loss=1.9206, sps=41.2]
BC[stage1_datasets_L40_stepsweep/bc_shift4_scale_0p8_1p2_steps10000_tr1]:  99%|█████████▊| 9872/10000 [03:59<00:02, 44.99it/s, acc=0.328, device=mps, eta=5s, loss=1.9206, sps=41.2]
BC[stage1_datasets_L40_stepsweep/bc_shift4_scale_0p8_1p2_steps10000_tr1]:  99%|█████████▉| 9880/10000 [03:59<00:02, 51.83it/s, acc=0.328, device=mps, eta=5s, loss=1.9206, sps=41.2]
BC[stage1_datasets_L40_stepsweep/bc_shift4_scale_0p8_1p2_steps10000_tr1]:  99%|█████████▉| 9887/10000 [04:00<00:02, 38.78it/s, acc=0.328, device=mps, eta=5s, loss=1.9206, sps=41.2]
BC[stage1_datasets_L40_stepsweep/bc_shift4_scale_0p8_1p2_steps10000_tr1]:  99%|█████████▉| 9895/10000 [04:00<00:02, 45.68it/s, acc=0.328, device=mps, eta=5s, loss=1.9206, sps=41.2]
BC[stage1_datasets_L40_stepsweep/bc_shift4_scale_0p8_1p2_steps10000_tr1]:  99%|█████████▉| 9901/10000 [04:00<00:02, 35.42it/s, acc=0.328, device=mps, eta=5s, loss=1.9206, sps=41.2]
BC[stage1_datasets_L40_stepsweep/bc_shift4_scale_0p8_1p2_steps10000_tr1]:  99%|█████████▉| 9909/10000 [04:00<00:02, 42.79it/s, acc=0.328, device=mps, eta=5s, loss=1.9206, sps=41.2]
BC[stage1_datasets_L40_stepsweep/bc_shift4_scale_0p8_1p2_steps10000_tr1]:  99%|█████████▉| 9917/10000 [04:00<00:01, 49.51it/s, acc=0.328, device=mps, eta=5s, loss=1.9206, sps=41.2]
BC[stage1_datasets_L40_stepsweep/bc_shift4_scale_0p8_1p2_steps10000_tr1]:  99%|█████████▉| 9924/10000 [04:01<00:02, 37.95it/s, acc=0.328, device=mps, eta=5s, loss=1.9206, sps=41.2]
BC[stage1_datasets_L40_stepsweep/bc_shift4_scale_0p8_1p2_steps10000_tr1]:  99%|█████████▉| 9932/10000 [04:01<00:01, 45.03it/s, acc=0.328, device=mps, eta=5s, loss=1.9206, sps=41.2]
BC[stage1_datasets_L40_stepsweep/bc_shift4_scale_0p8_1p2_steps10000_tr1]:  99%|█████████▉| 9940/10000 [04:01<00:01, 51.87it/s, acc=0.328, device=mps, eta=5s, loss=1.9206, sps=41.2]
BC[stage1_datasets_L40_stepsweep/bc_shift4_scale_0p8_1p2_steps10000_tr1]:  99%|█████████▉| 9947/10000 [04:01<00:01, 38.80it/s, acc=0.328, device=mps, eta=5s, loss=1.9206, sps=41.2]
BC[stage1_datasets_L40_stepsweep/bc_shift4_scale_0p8_1p2_steps10000_tr1]: 100%|█████████▉| 9955/10000 [04:01<00:00, 45.79it/s, acc=0.328, device=mps, eta=5s, loss=1.9206, sps=41.2]
BC[stage1_datasets_L40_stepsweep/bc_shift4_scale_0p8_1p2_steps10000_tr1]: 100%|█████████▉| 9961/10000 [04:02<00:01, 35.52it/s, acc=0.328, device=mps, eta=5s, loss=1.9206, sps=41.2]
BC[stage1_datasets_L40_stepsweep/bc_shift4_scale_0p8_1p2_steps10000_tr1]: 100%|█████████▉| 9969/10000 [04:02<00:00, 43.11it/s, acc=0.328, device=mps, eta=5s, loss=1.9206, sps=41.2]
BC[stage1_datasets_L40_stepsweep/bc_shift4_scale_0p8_1p2_steps10000_tr1]: 100%|█████████▉| 9977/10000 [04:02<00:00, 50.18it/s, acc=0.328, device=mps, eta=5s, loss=1.9206, sps=41.2]
BC[stage1_datasets_L40_stepsweep/bc_shift4_scale_0p8_1p2_steps10000_tr1]: 100%|█████████▉| 9984/10000 [04:02<00:00, 38.66it/s, acc=0.328, device=mps, eta=5s, loss=1.9206, sps=41.2]
BC[stage1_datasets_L40_stepsweep/bc_shift4_scale_0p8_1p2_steps10000_tr1]: 100%|█████████▉| 9992/10000 [04:02<00:00, 45.77it/s, acc=0.328, device=mps, eta=5s, loss=1.9206, sps=41.2]
BC[stage1_datasets_L40_stepsweep/bc_shift4_scale_0p8_1p2_steps10000_tr1]: 100%|█████████▉| 9992/10000 [04:02<00:00, 45.77it/s, acc=0.324, device=mps, eta=0s, loss=1.9328, sps=41.2]
BC[stage1_datasets_L40_stepsweep/bc_shift4_scale_0p8_1p2_steps10000_tr1]: 100%|██████████| 10000/10000 [04:02<00:00, 52.73it/s, acc=0.324, device=mps, eta=0s, loss=1.9328, sps=41.2]
BC[stage1_datasets_L40_stepsweep/bc_shift4_scale_0p8_1p2_steps10000_tr1]: 100%|██████████| 10000/10000 [04:02<00:00, 41.20it/s, acc=0.324, device=mps, eta=0s, loss=1.9328, sps=41.2]
Saved checkpoint: runs/stage1_datasets_L40_stepsweep/bc_shift4_scale_0p8_1p2_steps10000_tr1/bc_ckpt.pt (elapsed 4m03s)
