$ /Users/marcovizcarra/miniforge3/envs/procgen-augmented-rl/bin/python -u scripts/train_bc_min.py --dataset-root data/stage1_datasets_L40/baseline_none --run-name stage1_datasets_L40_stepsweep/bc_baseline_none_steps20000_tr1 --steps 20000 --batch-size 256 --lr 0.0003 --seed 1 --device auto

Device: mps
Run: stage1_datasets_L40_stepsweep/bc_baseline_none_steps20000_tr1 | steps=20000 | batch_size=256 | lr=0.0003 | seed=1
Data: NPZ(manifest=data/stage1_datasets_L40/baseline_none/manifest.json)

BC[stage1_datasets_L40_stepsweep/bc_baseline_none_steps20000_tr1]:   0%|          | 0/20000 [00:00<?, ?it/s]
BC[stage1_datasets_L40_stepsweep/bc_baseline_none_steps20000_tr1]:   0%|          | 0/20000 [00:00<?, ?it/s, acc=0.082, device=mps, eta=2h46m26s, loss=2.7109, sps=2.0]
BC[stage1_datasets_L40_stepsweep/bc_baseline_none_steps20000_tr1]:   0%|          | 1/20000 [00:00<2:42:15,  2.05it/s, acc=0.082, device=mps, eta=2h46m26s, loss=2.7109, sps=2.0]
BC[stage1_datasets_L40_stepsweep/bc_baseline_none_steps20000_tr1]:   0%|          | 6/20000 [00:00<25:48, 12.91it/s, acc=0.082, device=mps, eta=2h46m26s, loss=2.7109, sps=2.0]  
BC[stage1_datasets_L40_stepsweep/bc_baseline_none_steps20000_tr1]:   0%|          | 13/20000 [00:00<12:28, 26.72it/s, acc=0.082, device=mps, eta=2h46m26s, loss=2.7109, sps=2.0]
BC[stage1_datasets_L40_stepsweep/bc_baseline_none_steps20000_tr1]:   0%|          | 20/20000 [00:00<10:59, 30.28it/s, acc=0.082, device=mps, eta=2h46m26s, loss=2.7109, sps=2.0]
BC[stage1_datasets_L40_stepsweep/bc_baseline_none_steps20000_tr1]:   0%|          | 25/20000 [00:01<11:33, 28.80it/s, acc=0.082, device=mps, eta=2h46m26s, loss=2.7109, sps=2.0]
BC[stage1_datasets_L40_stepsweep/bc_baseline_none_steps20000_tr1]:   0%|          | 31/20000 [00:01<09:27, 35.21it/s, acc=0.082, device=mps, eta=2h46m26s, loss=2.7109, sps=2.0]
BC[stage1_datasets_L40_stepsweep/bc_baseline_none_steps20000_tr1]:   0%|          | 36/20000 [00:01<08:47, 37.82it/s, acc=0.082, device=mps, eta=2h46m26s, loss=2.7109, sps=2.0]
BC[stage1_datasets_L40_stepsweep/bc_baseline_none_steps20000_tr1]:   0%|          | 41/20000 [00:01<10:34, 31.46it/s, acc=0.082, device=mps, eta=2h46m26s, loss=2.7109, sps=2.0]
BC[stage1_datasets_L40_stepsweep/bc_baseline_none_steps20000_tr1]:   0%|          | 46/20000 [00:01<09:36, 34.63it/s, acc=0.082, device=mps, eta=2h46m26s, loss=2.7109, sps=2.0]
BC[stage1_datasets_L40_stepsweep/bc_baseline_none_steps20000_tr1]:   0%|          | 51/20000 [00:01<10:11, 32.64it/s, acc=0.082, device=mps, eta=2h46m26s, loss=2.7109, sps=2.0]
BC[stage1_datasets_L40_stepsweep/bc_baseline_none_steps20000_tr1]:   0%|          | 55/20000 [00:01<09:44, 34.15it/s, acc=0.082, device=mps, eta=2h46m26s, loss=2.7109, sps=2.0]
BC[stage1_datasets_L40_stepsweep/bc_baseline_none_steps20000_tr1]:   0%|          | 61/20000 [00:02<10:46, 30.83it/s, acc=0.082, device=mps, eta=2h46m26s, loss=2.7109, sps=2.0]
BC[stage1_datasets_L40_stepsweep/bc_baseline_none_steps20000_tr1]:   0%|          | 69/20000 [00:02<08:14, 40.28it/s, acc=0.082, device=mps, eta=2h46m26s, loss=2.7109, sps=2.0]
BC[stage1_datasets_L40_stepsweep/bc_baseline_none_steps20000_tr1]:   0%|          | 77/20000 [00:02<06:55, 47.96it/s, acc=0.082, device=mps, eta=2h46m26s, loss=2.7109, sps=2.0]
BC[stage1_datasets_L40_stepsweep/bc_baseline_none_steps20000_tr1]:   0%|          | 83/20000 [00:02<07:47, 42.58it/s, acc=0.082, device=mps, eta=2h46m26s, loss=2.7109, sps=2.0]
BC[stage1_datasets_L40_stepsweep/bc_baseline_none_steps20000_tr1]:   0%|          | 91/20000 [00:02<06:39, 49.81it/s, acc=0.082, device=mps, eta=2h46m26s, loss=2.7109, sps=2.0]
BC[stage1_datasets_L40_stepsweep/bc_baseline_none_steps20000_tr1]:   0%|          | 98/20000 [00:02<06:04, 54.55it/s, acc=0.082, device=mps, eta=2h46m26s, loss=2.7109, sps=2.0]
BC[stage1_datasets_L40_stepsweep/bc_baseline_none_steps20000_tr1]:   1%|          | 104/20000 [00:02<07:26, 44.52it/s, acc=0.082, device=mps, eta=2h46m26s, loss=2.7109, sps=2.0]
BC[stage1_datasets_L40_stepsweep/bc_baseline_none_steps20000_tr1]:   1%|          | 110/20000 [00:03<07:08, 46.46it/s, acc=0.082, device=mps, eta=2h46m26s, loss=2.7109, sps=2.0]
BC[stage1_datasets_L40_stepsweep/bc_baseline_none_steps20000_tr1]:   1%|          | 116/20000 [00:03<06:53, 48.03it/s, acc=0.082, device=mps, eta=2h46m26s, loss=2.7109, sps=2.0]
BC[stage1_datasets_L40_stepsweep/bc_baseline_none_steps20000_tr1]:   1%|          | 122/20000 [00:03<08:10, 40.56it/s, acc=0.082, device=mps, eta=2h46m26s, loss=2.7109, sps=2.0]
BC[stage1_datasets_L40_stepsweep/bc_baseline_none_steps20000_tr1]:   1%|          | 129/20000 [00:03<07:18, 45.36it/s, acc=0.082, device=mps, eta=2h46m26s, loss=2.7109, sps=2.0]
BC[stage1_datasets_L40_stepsweep/bc_baseline_none_steps20000_tr1]:   1%|          | 136/20000 [00:03<06:43, 49.21it/s, acc=0.082, device=mps, eta=2h46m26s, loss=2.7109, sps=2.0]
BC[stage1_datasets_L40_stepsweep/bc_baseline_none_steps20000_tr1]:   1%|          | 142/20000 [00:03<07:58, 41.54it/s, acc=0.082, device=mps, eta=2h46m26s, loss=2.7109, sps=2.0]
BC[stage1_datasets_L40_stepsweep/bc_baseline_none_steps20000_tr1]:   1%|          | 148/20000 [00:03<07:22, 44.83it/s, acc=0.082, device=mps, eta=2h46m26s, loss=2.7109, sps=2.0]
BC[stage1_datasets_L40_stepsweep/bc_baseline_none_steps20000_tr1]:   1%|          | 154/20000 [00:04<07:00, 47.23it/s, acc=0.082, device=mps, eta=2h46m26s, loss=2.7109, sps=2.0]
BC[stage1_datasets_L40_stepsweep/bc_baseline_none_steps20000_tr1]:   1%|          | 161/20000 [00:04<08:15, 40.06it/s, acc=0.082, device=mps, eta=2h46m26s, loss=2.7109, sps=2.0]
BC[stage1_datasets_L40_stepsweep/bc_baseline_none_steps20000_tr1]:   1%|          | 166/20000 [00:04<08:02, 41.13it/s, acc=0.082, device=mps, eta=2h46m26s, loss=2.7109, sps=2.0]
BC[stage1_datasets_L40_stepsweep/bc_baseline_none_steps20000_tr1]:   1%|          | 172/20000 [00:04<07:21, 44.87it/s, acc=0.082, device=mps, eta=2h46m26s, loss=2.7109, sps=2.0]
BC[stage1_datasets_L40_stepsweep/bc_baseline_none_steps20000_tr1]:   1%|          | 179/20000 [00:04<06:36, 50.01it/s, acc=0.082, device=mps, eta=2h46m26s, loss=2.7109, sps=2.0]
BC[stage1_datasets_L40_stepsweep/bc_baseline_none_steps20000_tr1]:   1%|          | 185/20000 [00:04<07:44, 42.64it/s, acc=0.082, device=mps, eta=2h46m26s, loss=2.7109, sps=2.0]
BC[stage1_datasets_L40_stepsweep/bc_baseline_none_steps20000_tr1]:   1%|          | 192/20000 [00:04<06:49, 48.36it/s, acc=0.082, device=mps, eta=2h46m26s, loss=2.7109, sps=2.0]
BC[stage1_datasets_L40_stepsweep/bc_baseline_none_steps20000_tr1]:   1%|          | 199/20000 [00:04<06:09, 53.55it/s, acc=0.082, device=mps, eta=2h46m26s, loss=2.7109, sps=2.0]
BC[stage1_datasets_L40_stepsweep/bc_baseline_none_steps20000_tr1]:   1%|          | 199/20000 [00:04<06:09, 53.55it/s, acc=0.271, device=mps, eta=8m15s, loss=2.1021, sps=40.0]  
BC[stage1_datasets_L40_stepsweep/bc_baseline_none_steps20000_tr1]:   1%|          | 205/20000 [00:05<07:25, 44.47it/s, acc=0.271, device=mps, eta=8m15s, loss=2.1021, sps=40.0]
BC[stage1_datasets_L40_stepsweep/bc_baseline_none_steps20000_tr1]:   1%|          | 212/20000 [00:05<06:36, 49.88it/s, acc=0.271, device=mps, eta=8m15s, loss=2.1021, sps=40.0]
BC[stage1_datasets_L40_stepsweep/bc_baseline_none_steps20000_tr1]:   1%|          | 219/20000 [00:05<06:04, 54.31it/s, acc=0.271, device=mps, eta=8m15s, loss=2.1021, sps=40.0]
BC[stage1_datasets_L40_stepsweep/bc_baseline_none_steps20000_tr1]:   1%|          | 225/20000 [00:05<07:24, 44.53it/s, acc=0.271, device=mps, eta=8m15s, loss=2.1021, sps=40.0]
BC[stage1_datasets_L40_stepsweep/bc_baseline_none_steps20000_tr1]:   1%|          | 231/20000 [00:05<06:57, 47.32it/s, acc=0.271, device=mps, eta=8m15s, loss=2.1021, sps=40.0]
BC[stage1_datasets_L40_stepsweep/bc_baseline_none_steps20000_tr1]:   1%|          | 237/20000 [00:05<06:43, 49.01it/s, acc=0.271, device=mps, eta=8m15s, loss=2.1021, sps=40.0]
BC[stage1_datasets_L40_stepsweep/bc_baseline_none_steps20000_tr1]:   1%|          | 243/20000 [00:06<08:06, 40.57it/s, acc=0.271, device=mps, eta=8m15s, loss=2.1021, sps=40.0]
BC[stage1_datasets_L40_stepsweep/bc_baseline_none_steps20000_tr1]:   1%|▏         | 251/20000 [00:06<06:47, 48.42it/s, acc=0.271, device=mps, eta=8m15s, loss=2.1021, sps=40.0]
BC[stage1_datasets_L40_stepsweep/bc_baseline_none_steps20000_tr1]:   1%|▏         | 259/20000 [00:06<06:01, 54.67it/s, acc=0.271, device=mps, eta=8m15s, loss=2.1021, sps=40.0]
BC[stage1_datasets_L40_stepsweep/bc_baseline_none_steps20000_tr1]:   1%|▏         | 265/20000 [00:06<07:21, 44.70it/s, acc=0.271, device=mps, eta=8m15s, loss=2.1021, sps=40.0]
BC[stage1_datasets_L40_stepsweep/bc_baseline_none_steps20000_tr1]:   1%|▏         | 271/20000 [00:06<06:53, 47.67it/s, acc=0.271, device=mps, eta=8m15s, loss=2.1021, sps=40.0]
BC[stage1_datasets_L40_stepsweep/bc_baseline_none_steps20000_tr1]:   1%|▏         | 277/20000 [00:06<06:36, 49.80it/s, acc=0.271, device=mps, eta=8m15s, loss=2.1021, sps=40.0]
BC[stage1_datasets_L40_stepsweep/bc_baseline_none_steps20000_tr1]:   1%|▏         | 283/20000 [00:06<07:53, 41.64it/s, acc=0.271, device=mps, eta=8m15s, loss=2.1021, sps=40.0]
BC[stage1_datasets_L40_stepsweep/bc_baseline_none_steps20000_tr1]:   1%|▏         | 291/20000 [00:06<06:39, 49.36it/s, acc=0.271, device=mps, eta=8m15s, loss=2.1021, sps=40.0]
BC[stage1_datasets_L40_stepsweep/bc_baseline_none_steps20000_tr1]:   1%|▏         | 299/20000 [00:07<05:54, 55.51it/s, acc=0.271, device=mps, eta=8m15s, loss=2.1021, sps=40.0]
BC[stage1_datasets_L40_stepsweep/bc_baseline_none_steps20000_tr1]:   2%|▏         | 306/20000 [00:07<07:13, 45.46it/s, acc=0.271, device=mps, eta=8m15s, loss=2.1021, sps=40.0]
BC[stage1_datasets_L40_stepsweep/bc_baseline_none_steps20000_tr1]:   2%|▏         | 312/20000 [00:07<06:48, 48.15it/s, acc=0.271, device=mps, eta=8m15s, loss=2.1021, sps=40.0]
BC[stage1_datasets_L40_stepsweep/bc_baseline_none_steps20000_tr1]:   2%|▏         | 318/20000 [00:07<06:34, 49.84it/s, acc=0.271, device=mps, eta=8m15s, loss=2.1021, sps=40.0]
BC[stage1_datasets_L40_stepsweep/bc_baseline_none_steps20000_tr1]:   2%|▏         | 324/20000 [00:07<07:53, 41.59it/s, acc=0.271, device=mps, eta=8m15s, loss=2.1021, sps=40.0]
BC[stage1_datasets_L40_stepsweep/bc_baseline_none_steps20000_tr1]:   2%|▏         | 331/20000 [00:07<07:05, 46.19it/s, acc=0.271, device=mps, eta=8m15s, loss=2.1021, sps=40.0]
BC[stage1_datasets_L40_stepsweep/bc_baseline_none_steps20000_tr1]:   2%|▏         | 338/20000 [00:07<06:34, 49.80it/s, acc=0.271, device=mps, eta=8m15s, loss=2.1021, sps=40.0]
BC[stage1_datasets_L40_stepsweep/bc_baseline_none_steps20000_tr1]:   2%|▏         | 344/20000 [00:08<07:56, 41.28it/s, acc=0.271, device=mps, eta=8m15s, loss=2.1021, sps=40.0]
BC[stage1_datasets_L40_stepsweep/bc_baseline_none_steps20000_tr1]:   2%|▏         | 350/20000 [00:08<07:28, 43.77it/s, acc=0.271, device=mps, eta=8m15s, loss=2.1021, sps=40.0]
BC[stage1_datasets_L40_stepsweep/bc_baseline_none_steps20000_tr1]:   2%|▏         | 356/20000 [00:08<07:00, 46.69it/s, acc=0.271, device=mps, eta=8m15s, loss=2.1021, sps=40.0]
BC[stage1_datasets_L40_stepsweep/bc_baseline_none_steps20000_tr1]:   2%|▏         | 362/20000 [00:08<08:09, 40.14it/s, acc=0.271, device=mps, eta=8m15s, loss=2.1021, sps=40.0]
BC[stage1_datasets_L40_stepsweep/bc_baseline_none_steps20000_tr1]:   2%|▏         | 370/20000 [00:08<06:47, 48.22it/s, acc=0.271, device=mps, eta=8m15s, loss=2.1021, sps=40.0]
BC[stage1_datasets_L40_stepsweep/bc_baseline_none_steps20000_tr1]:   2%|▏         | 378/20000 [00:08<05:58, 54.71it/s, acc=0.271, device=mps, eta=8m15s, loss=2.1021, sps=40.0]
BC[stage1_datasets_L40_stepsweep/bc_baseline_none_steps20000_tr1]:   2%|▏         | 384/20000 [00:08<07:11, 45.43it/s, acc=0.271, device=mps, eta=8m15s, loss=2.1021, sps=40.0]
BC[stage1_datasets_L40_stepsweep/bc_baseline_none_steps20000_tr1]:   2%|▏         | 391/20000 [00:09<06:33, 49.83it/s, acc=0.271, device=mps, eta=8m15s, loss=2.1021, sps=40.0]
BC[stage1_datasets_L40_stepsweep/bc_baseline_none_steps20000_tr1]:   2%|▏         | 398/20000 [00:09<06:11, 52.70it/s, acc=0.271, device=mps, eta=8m15s, loss=2.1021, sps=40.0]
BC[stage1_datasets_L40_stepsweep/bc_baseline_none_steps20000_tr1]:   2%|▏         | 398/20000 [00:09<06:11, 52.70it/s, acc=0.293, device=mps, eta=7m32s, loss=2.0164, sps=43.3]
BC[stage1_datasets_L40_stepsweep/bc_baseline_none_steps20000_tr1]:   2%|▏         | 404/20000 [00:09<07:44, 42.15it/s, acc=0.293, device=mps, eta=7m32s, loss=2.0164, sps=43.3]
BC[stage1_datasets_L40_stepsweep/bc_baseline_none_steps20000_tr1]:   2%|▏         | 410/20000 [00:09<07:14, 45.12it/s, acc=0.293, device=mps, eta=7m32s, loss=2.0164, sps=43.3]
BC[stage1_datasets_L40_stepsweep/bc_baseline_none_steps20000_tr1]:   2%|▏         | 416/20000 [00:09<06:48, 47.89it/s, acc=0.293, device=mps, eta=7m32s, loss=2.0164, sps=43.3]
BC[stage1_datasets_L40_stepsweep/bc_baseline_none_steps20000_tr1]:   2%|▏         | 422/20000 [00:09<07:59, 40.84it/s, acc=0.293, device=mps, eta=7m32s, loss=2.0164, sps=43.3]
BC[stage1_datasets_L40_stepsweep/bc_baseline_none_steps20000_tr1]:   2%|▏         | 430/20000 [00:09<06:40, 48.85it/s, acc=0.293, device=mps, eta=7m32s, loss=2.0164, sps=43.3]
BC[stage1_datasets_L40_stepsweep/bc_baseline_none_steps20000_tr1]:   2%|▏         | 438/20000 [00:10<05:54, 55.24it/s, acc=0.293, device=mps, eta=7m32s, loss=2.0164, sps=43.3]
BC[stage1_datasets_L40_stepsweep/bc_baseline_none_steps20000_tr1]:   2%|▏         | 445/20000 [00:10<07:01, 46.34it/s, acc=0.293, device=mps, eta=7m32s, loss=2.0164, sps=43.3]
BC[stage1_datasets_L40_stepsweep/bc_baseline_none_steps20000_tr1]:   2%|▏         | 452/20000 [00:10<06:30, 50.09it/s, acc=0.293, device=mps, eta=7m32s, loss=2.0164, sps=43.3]
BC[stage1_datasets_L40_stepsweep/bc_baseline_none_steps20000_tr1]:   2%|▏         | 458/20000 [00:10<06:14, 52.18it/s, acc=0.293, device=mps, eta=7m32s, loss=2.0164, sps=43.3]
BC[stage1_datasets_L40_stepsweep/bc_baseline_none_steps20000_tr1]:   2%|▏         | 464/20000 [00:10<07:46, 41.92it/s, acc=0.293, device=mps, eta=7m32s, loss=2.0164, sps=43.3]
BC[stage1_datasets_L40_stepsweep/bc_baseline_none_steps20000_tr1]:   2%|▏         | 470/20000 [00:10<07:06, 45.76it/s, acc=0.293, device=mps, eta=7m32s, loss=2.0164, sps=43.3]
BC[stage1_datasets_L40_stepsweep/bc_baseline_none_steps20000_tr1]:   2%|▏         | 477/20000 [00:10<06:28, 50.28it/s, acc=0.293, device=mps, eta=7m32s, loss=2.0164, sps=43.3]
BC[stage1_datasets_L40_stepsweep/bc_baseline_none_steps20000_tr1]:   2%|▏         | 483/20000 [00:11<07:40, 42.42it/s, acc=0.293, device=mps, eta=7m32s, loss=2.0164, sps=43.3]
BC[stage1_datasets_L40_stepsweep/bc_baseline_none_steps20000_tr1]:   2%|▏         | 491/20000 [00:11<06:31, 49.90it/s, acc=0.293, device=mps, eta=7m32s, loss=2.0164, sps=43.3]
BC[stage1_datasets_L40_stepsweep/bc_baseline_none_steps20000_tr1]:   2%|▎         | 500/20000 [00:11<05:32, 58.65it/s, acc=0.293, device=mps, eta=7m32s, loss=2.0164, sps=43.3]
BC[stage1_datasets_L40_stepsweep/bc_baseline_none_steps20000_tr1]:   3%|▎         | 507/20000 [00:11<06:46, 47.97it/s, acc=0.293, device=mps, eta=7m32s, loss=2.0164, sps=43.3]
BC[stage1_datasets_L40_stepsweep/bc_baseline_none_steps20000_tr1]:   3%|▎         | 514/20000 [00:11<06:18, 51.52it/s, acc=0.293, device=mps, eta=7m32s, loss=2.0164, sps=43.3]
BC[stage1_datasets_L40_stepsweep/bc_baseline_none_steps20000_tr1]:   3%|▎         | 521/20000 [00:11<07:37, 42.57it/s, acc=0.293, device=mps, eta=7m32s, loss=2.0164, sps=43.3]
BC[stage1_datasets_L40_stepsweep/bc_baseline_none_steps20000_tr1]:   3%|▎         | 526/20000 [00:11<07:27, 43.52it/s, acc=0.293, device=mps, eta=7m32s, loss=2.0164, sps=43.3]
BC[stage1_datasets_L40_stepsweep/bc_baseline_none_steps20000_tr1]:   3%|▎         | 533/20000 [00:12<06:45, 48.01it/s, acc=0.293, device=mps, eta=7m32s, loss=2.0164, sps=43.3]
BC[stage1_datasets_L40_stepsweep/bc_baseline_none_steps20000_tr1]:   3%|▎         | 541/20000 [00:12<07:29, 43.31it/s, acc=0.293, device=mps, eta=7m32s, loss=2.0164, sps=43.3]
BC[stage1_datasets_L40_stepsweep/bc_baseline_none_steps20000_tr1]:   3%|▎         | 549/20000 [00:12<06:27, 50.21it/s, acc=0.293, device=mps, eta=7m32s, loss=2.0164, sps=43.3]
BC[stage1_datasets_L40_stepsweep/bc_baseline_none_steps20000_tr1]:   3%|▎         | 557/20000 [00:12<05:51, 55.29it/s, acc=0.293, device=mps, eta=7m32s, loss=2.0164, sps=43.3]
BC[stage1_datasets_L40_stepsweep/bc_baseline_none_steps20000_tr1]:   3%|▎         | 564/20000 [00:12<07:24, 43.77it/s, acc=0.293, device=mps, eta=7m32s, loss=2.0164, sps=43.3]
BC[stage1_datasets_L40_stepsweep/bc_baseline_none_steps20000_tr1]:   3%|▎         | 570/20000 [00:12<06:56, 46.70it/s, acc=0.293, device=mps, eta=7m32s, loss=2.0164, sps=43.3]
BC[stage1_datasets_L40_stepsweep/bc_baseline_none_steps20000_tr1]:   3%|▎         | 577/20000 [00:12<06:17, 51.47it/s, acc=0.293, device=mps, eta=7m32s, loss=2.0164, sps=43.3]
BC[stage1_datasets_L40_stepsweep/bc_baseline_none_steps20000_tr1]:   3%|▎         | 583/20000 [00:13<07:50, 41.29it/s, acc=0.293, device=mps, eta=7m32s, loss=2.0164, sps=43.3]
BC[stage1_datasets_L40_stepsweep/bc_baseline_none_steps20000_tr1]:   3%|▎         | 589/20000 [00:13<07:17, 44.33it/s, acc=0.293, device=mps, eta=7m32s, loss=2.0164, sps=43.3]
BC[stage1_datasets_L40_stepsweep/bc_baseline_none_steps20000_tr1]:   3%|▎         | 596/20000 [00:13<06:35, 49.05it/s, acc=0.293, device=mps, eta=7m32s, loss=2.0164, sps=43.3]
BC[stage1_datasets_L40_stepsweep/bc_baseline_none_steps20000_tr1]:   3%|▎         | 596/20000 [00:13<06:35, 49.05it/s, acc=0.298, device=mps, eta=7m16s, loss=2.0138, sps=44.5]
BC[stage1_datasets_L40_stepsweep/bc_baseline_none_steps20000_tr1]:   3%|▎         | 602/20000 [00:13<07:35, 42.56it/s, acc=0.298, device=mps, eta=7m16s, loss=2.0138, sps=44.5]
BC[stage1_datasets_L40_stepsweep/bc_baseline_none_steps20000_tr1]:   3%|▎         | 610/20000 [00:13<06:32, 49.35it/s, acc=0.298, device=mps, eta=7m16s, loss=2.0138, sps=44.5]
BC[stage1_datasets_L40_stepsweep/bc_baseline_none_steps20000_tr1]:   3%|▎         | 618/20000 [00:13<05:48, 55.65it/s, acc=0.298, device=mps, eta=7m16s, loss=2.0138, sps=44.5]
BC[stage1_datasets_L40_stepsweep/bc_baseline_none_steps20000_tr1]:   3%|▎         | 625/20000 [00:14<06:53, 46.82it/s, acc=0.298, device=mps, eta=7m16s, loss=2.0138, sps=44.5]
BC[stage1_datasets_L40_stepsweep/bc_baseline_none_steps20000_tr1]:   3%|▎         | 632/20000 [00:14<06:21, 50.72it/s, acc=0.298, device=mps, eta=7m16s, loss=2.0138, sps=44.5]
BC[stage1_datasets_L40_stepsweep/bc_baseline_none_steps20000_tr1]:   3%|▎         | 638/20000 [00:14<06:07, 52.67it/s, acc=0.298, device=mps, eta=7m16s, loss=2.0138, sps=44.5]
BC[stage1_datasets_L40_stepsweep/bc_baseline_none_steps20000_tr1]:   3%|▎         | 644/20000 [00:14<07:25, 43.44it/s, acc=0.298, device=mps, eta=7m16s, loss=2.0138, sps=44.5]
BC[stage1_datasets_L40_stepsweep/bc_baseline_none_steps20000_tr1]:   3%|▎         | 650/20000 [00:14<06:53, 46.83it/s, acc=0.298, device=mps, eta=7m16s, loss=2.0138, sps=44.5]
BC[stage1_datasets_L40_stepsweep/bc_baseline_none_steps20000_tr1]:   3%|▎         | 656/20000 [00:14<06:32, 49.29it/s, acc=0.298, device=mps, eta=7m16s, loss=2.0138, sps=44.5]
BC[stage1_datasets_L40_stepsweep/bc_baseline_none_steps20000_tr1]:   3%|▎         | 662/20000 [00:14<07:52, 40.95it/s, acc=0.298, device=mps, eta=7m16s, loss=2.0138, sps=44.5]
BC[stage1_datasets_L40_stepsweep/bc_baseline_none_steps20000_tr1]:   3%|▎         | 670/20000 [00:14<06:34, 49.03it/s, acc=0.298, device=mps, eta=7m16s, loss=2.0138, sps=44.5]
BC[stage1_datasets_L40_stepsweep/bc_baseline_none_steps20000_tr1]:   3%|▎         | 678/20000 [00:15<05:48, 55.48it/s, acc=0.298, device=mps, eta=7m16s, loss=2.0138, sps=44.5]
BC[stage1_datasets_L40_stepsweep/bc_baseline_none_steps20000_tr1]:   3%|▎         | 685/20000 [00:15<06:51, 46.92it/s, acc=0.298, device=mps, eta=7m16s, loss=2.0138, sps=44.5]
BC[stage1_datasets_L40_stepsweep/bc_baseline_none_steps20000_tr1]:   3%|▎         | 692/20000 [00:15<06:20, 50.77it/s, acc=0.298, device=mps, eta=7m16s, loss=2.0138, sps=44.5]
BC[stage1_datasets_L40_stepsweep/bc_baseline_none_steps20000_tr1]:   3%|▎         | 699/20000 [00:15<05:57, 54.02it/s, acc=0.298, device=mps, eta=7m16s, loss=2.0138, sps=44.5]
BC[stage1_datasets_L40_stepsweep/bc_baseline_none_steps20000_tr1]:   4%|▎         | 705/20000 [00:15<07:28, 43.02it/s, acc=0.298, device=mps, eta=7m16s, loss=2.0138, sps=44.5]
BC[stage1_datasets_L40_stepsweep/bc_baseline_none_steps20000_tr1]:   4%|▎         | 711/20000 [00:15<07:07, 45.14it/s, acc=0.298, device=mps, eta=7m16s, loss=2.0138, sps=44.5]
BC[stage1_datasets_L40_stepsweep/bc_baseline_none_steps20000_tr1]:   4%|▎         | 717/20000 [00:15<06:37, 48.52it/s, acc=0.298, device=mps, eta=7m16s, loss=2.0138, sps=44.5]
BC[stage1_datasets_L40_stepsweep/bc_baseline_none_steps20000_tr1]:   4%|▎         | 723/20000 [00:16<07:44, 41.53it/s, acc=0.298, device=mps, eta=7m16s, loss=2.0138, sps=44.5]
BC[stage1_datasets_L40_stepsweep/bc_baseline_none_steps20000_tr1]:   4%|▎         | 729/20000 [00:16<07:02, 45.57it/s, acc=0.298, device=mps, eta=7m16s, loss=2.0138, sps=44.5]
BC[stage1_datasets_L40_stepsweep/bc_baseline_none_steps20000_tr1]:   4%|▎         | 736/20000 [00:16<06:18, 50.94it/s, acc=0.298, device=mps, eta=7m16s, loss=2.0138, sps=44.5]
BC[stage1_datasets_L40_stepsweep/bc_baseline_none_steps20000_tr1]:   4%|▎         | 742/20000 [00:16<07:58, 40.23it/s, acc=0.298, device=mps, eta=7m16s, loss=2.0138, sps=44.5]
BC[stage1_datasets_L40_stepsweep/bc_baseline_none_steps20000_tr1]:   4%|▎         | 748/20000 [00:16<07:14, 44.32it/s, acc=0.298, device=mps, eta=7m16s, loss=2.0138, sps=44.5]
BC[stage1_datasets_L40_stepsweep/bc_baseline_none_steps20000_tr1]:   4%|▍         | 755/20000 [00:16<06:32, 49.01it/s, acc=0.298, device=mps, eta=7m16s, loss=2.0138, sps=44.5]
BC[stage1_datasets_L40_stepsweep/bc_baseline_none_steps20000_tr1]:   4%|▍         | 761/20000 [00:16<07:52, 40.74it/s, acc=0.298, device=mps, eta=7m16s, loss=2.0138, sps=44.5]
BC[stage1_datasets_L40_stepsweep/bc_baseline_none_steps20000_tr1]:   4%|▍         | 769/20000 [00:17<06:38, 48.32it/s, acc=0.298, device=mps, eta=7m16s, loss=2.0138, sps=44.5]
BC[stage1_datasets_L40_stepsweep/bc_baseline_none_steps20000_tr1]:   4%|▍         | 777/20000 [00:17<05:53, 54.32it/s, acc=0.298, device=mps, eta=7m16s, loss=2.0138, sps=44.5]
BC[stage1_datasets_L40_stepsweep/bc_baseline_none_steps20000_tr1]:   4%|▍         | 783/20000 [00:17<07:32, 42.49it/s, acc=0.298, device=mps, eta=7m16s, loss=2.0138, sps=44.5]
BC[stage1_datasets_L40_stepsweep/bc_baseline_none_steps20000_tr1]:   4%|▍         | 789/20000 [00:17<07:03, 45.33it/s, acc=0.298, device=mps, eta=7m16s, loss=2.0138, sps=44.5]
BC[stage1_datasets_L40_stepsweep/bc_baseline_none_steps20000_tr1]:   4%|▍         | 796/20000 [00:17<06:23, 50.04it/s, acc=0.298, device=mps, eta=7m16s, loss=2.0138, sps=44.5]
BC[stage1_datasets_L40_stepsweep/bc_baseline_none_steps20000_tr1]:   4%|▍         | 796/20000 [00:17<06:23, 50.04it/s, acc=0.301, device=mps, eta=7m05s, loss=2.0097, sps=45.2]
BC[stage1_datasets_L40_stepsweep/bc_baseline_none_steps20000_tr1]:   4%|▍         | 802/20000 [00:17<07:25, 43.14it/s, acc=0.301, device=mps, eta=7m05s, loss=2.0097, sps=45.2]
BC[stage1_datasets_L40_stepsweep/bc_baseline_none_steps20000_tr1]:   4%|▍         | 809/20000 [00:17<06:34, 48.59it/s, acc=0.301, device=mps, eta=7m05s, loss=2.0097, sps=45.2]
BC[stage1_datasets_L40_stepsweep/bc_baseline_none_steps20000_tr1]:   4%|▍         | 816/20000 [00:18<05:58, 53.54it/s, acc=0.301, device=mps, eta=7m05s, loss=2.0097, sps=45.2]
BC[stage1_datasets_L40_stepsweep/bc_baseline_none_steps20000_tr1]:   4%|▍         | 822/20000 [00:18<07:28, 42.80it/s, acc=0.301, device=mps, eta=7m05s, loss=2.0097, sps=45.2]
BC[stage1_datasets_L40_stepsweep/bc_baseline_none_steps20000_tr1]:   4%|▍         | 828/20000 [00:18<07:07, 44.85it/s, acc=0.301, device=mps, eta=7m05s, loss=2.0097, sps=45.2]
BC[stage1_datasets_L40_stepsweep/bc_baseline_none_steps20000_tr1]:   4%|▍         | 835/20000 [00:18<06:31, 48.96it/s, acc=0.301, device=mps, eta=7m05s, loss=2.0097, sps=45.2]
BC[stage1_datasets_L40_stepsweep/bc_baseline_none_steps20000_tr1]:   4%|▍         | 841/20000 [00:18<07:37, 41.88it/s, acc=0.301, device=mps, eta=7m05s, loss=2.0097, sps=45.2]
BC[stage1_datasets_L40_stepsweep/bc_baseline_none_steps20000_tr1]:   4%|▍         | 849/20000 [00:18<06:28, 49.33it/s, acc=0.301, device=mps, eta=7m05s, loss=2.0097, sps=45.2]
BC[stage1_datasets_L40_stepsweep/bc_baseline_none_steps20000_tr1]:   4%|▍         | 857/20000 [00:18<05:41, 56.09it/s, acc=0.301, device=mps, eta=7m05s, loss=2.0097, sps=45.2]
BC[stage1_datasets_L40_stepsweep/bc_baseline_none_steps20000_tr1]:   4%|▍         | 864/20000 [00:19<06:47, 46.96it/s, acc=0.301, device=mps, eta=7m05s, loss=2.0097, sps=45.2]
BC[stage1_datasets_L40_stepsweep/bc_baseline_none_steps20000_tr1]:   4%|▍         | 872/20000 [00:19<05:58, 53.29it/s, acc=0.301, device=mps, eta=7m05s, loss=2.0097, sps=45.2]
BC[stage1_datasets_L40_stepsweep/bc_baseline_none_steps20000_tr1]:   4%|▍         | 880/20000 [00:19<05:25, 58.80it/s, acc=0.301, device=mps, eta=7m05s, loss=2.0097, sps=45.2]
BC[stage1_datasets_L40_stepsweep/bc_baseline_none_steps20000_tr1]:   4%|▍         | 887/20000 [00:19<06:48, 46.80it/s, acc=0.301, device=mps, eta=7m05s, loss=2.0097, sps=45.2]
BC[stage1_datasets_L40_stepsweep/bc_baseline_none_steps20000_tr1]:   4%|▍         | 893/20000 [00:19<06:28, 49.20it/s, acc=0.301, device=mps, eta=7m05s, loss=2.0097, sps=45.2]
BC[stage1_datasets_L40_stepsweep/bc_baseline_none_steps20000_tr1]:   4%|▍         | 899/20000 [00:19<06:15, 50.82it/s, acc=0.301, device=mps, eta=7m05s, loss=2.0097, sps=45.2]
BC[stage1_datasets_L40_stepsweep/bc_baseline_none_steps20000_tr1]:   5%|▍         | 905/20000 [00:19<07:52, 40.40it/s, acc=0.301, device=mps, eta=7m05s, loss=2.0097, sps=45.2]
BC[stage1_datasets_L40_stepsweep/bc_baseline_none_steps20000_tr1]:   5%|▍         | 911/20000 [00:20<07:20, 43.32it/s, acc=0.301, device=mps, eta=7m05s, loss=2.0097, sps=45.2]
BC[stage1_datasets_L40_stepsweep/bc_baseline_none_steps20000_tr1]:   5%|▍         | 918/20000 [00:20<06:36, 48.08it/s, acc=0.301, device=mps, eta=7m05s, loss=2.0097, sps=45.2]
BC[stage1_datasets_L40_stepsweep/bc_baseline_none_steps20000_tr1]:   5%|▍         | 924/20000 [00:20<07:39, 41.52it/s, acc=0.301, device=mps, eta=7m05s, loss=2.0097, sps=45.2]
BC[stage1_datasets_L40_stepsweep/bc_baseline_none_steps20000_tr1]:   5%|▍         | 931/20000 [00:20<06:49, 46.58it/s, acc=0.301, device=mps, eta=7m05s, loss=2.0097, sps=45.2]
BC[stage1_datasets_L40_stepsweep/bc_baseline_none_steps20000_tr1]:   5%|▍         | 938/20000 [00:20<06:15, 50.70it/s, acc=0.301, device=mps, eta=7m05s, loss=2.0097, sps=45.2]
BC[stage1_datasets_L40_stepsweep/bc_baseline_none_steps20000_tr1]:   5%|▍         | 944/20000 [00:20<07:25, 42.80it/s, acc=0.301, device=mps, eta=7m05s, loss=2.0097, sps=45.2]
BC[stage1_datasets_L40_stepsweep/bc_baseline_none_steps20000_tr1]:   5%|▍         | 952/20000 [00:20<06:21, 49.87it/s, acc=0.301, device=mps, eta=7m05s, loss=2.0097, sps=45.2]
BC[stage1_datasets_L40_stepsweep/bc_baseline_none_steps20000_tr1]:   5%|▍         | 960/20000 [00:21<05:40, 55.94it/s, acc=0.301, device=mps, eta=7m05s, loss=2.0097, sps=45.2]
BC[stage1_datasets_L40_stepsweep/bc_baseline_none_steps20000_tr1]:   5%|▍         | 967/20000 [00:21<06:59, 45.39it/s, acc=0.301, device=mps, eta=7m05s, loss=2.0097, sps=45.2]
BC[stage1_datasets_L40_stepsweep/bc_baseline_none_steps20000_tr1]:   5%|▍         | 973/20000 [00:21<06:46, 46.85it/s, acc=0.301, device=mps, eta=7m05s, loss=2.0097, sps=45.2]
BC[stage1_datasets_L40_stepsweep/bc_baseline_none_steps20000_tr1]:   5%|▍         | 979/20000 [00:21<06:29, 48.77it/s, acc=0.301, device=mps, eta=7m05s, loss=2.0097, sps=45.2]
BC[stage1_datasets_L40_stepsweep/bc_baseline_none_steps20000_tr1]:   5%|▍         | 985/20000 [00:21<07:48, 40.55it/s, acc=0.301, device=mps, eta=7m05s, loss=2.0097, sps=45.2]
BC[stage1_datasets_L40_stepsweep/bc_baseline_none_steps20000_tr1]:   5%|▍         | 991/20000 [00:21<07:12, 43.95it/s, acc=0.301, device=mps, eta=7m05s, loss=2.0097, sps=45.2]
BC[stage1_datasets_L40_stepsweep/bc_baseline_none_steps20000_tr1]:   5%|▍         | 997/20000 [00:21<06:39, 47.62it/s, acc=0.301, device=mps, eta=7m05s, loss=2.0097, sps=45.2]
BC[stage1_datasets_L40_stepsweep/bc_baseline_none_steps20000_tr1]:   5%|▍         | 997/20000 [00:21<06:39, 47.62it/s, acc=0.302, device=mps, eta=6m57s, loss=2.0097, sps=45.5]
BC[stage1_datasets_L40_stepsweep/bc_baseline_none_steps20000_tr1]:   5%|▌         | 1003/20000 [00:22<07:52, 40.24it/s, acc=0.302, device=mps, eta=6m57s, loss=2.0097, sps=45.5]
BC[stage1_datasets_L40_stepsweep/bc_baseline_none_steps20000_tr1]:   5%|▌         | 1009/20000 [00:22<07:14, 43.66it/s, acc=0.302, device=mps, eta=6m57s, loss=2.0097, sps=45.5]
BC[stage1_datasets_L40_stepsweep/bc_baseline_none_steps20000_tr1]:   5%|▌         | 1015/20000 [00:22<06:41, 47.27it/s, acc=0.302, device=mps, eta=6m57s, loss=2.0097, sps=45.5]
BC[stage1_datasets_L40_stepsweep/bc_baseline_none_steps20000_tr1]:   5%|▌         | 1021/20000 [00:22<07:55, 39.95it/s, acc=0.302, device=mps, eta=6m57s, loss=2.0097, sps=45.5]
BC[stage1_datasets_L40_stepsweep/bc_baseline_none_steps20000_tr1]:   5%|▌         | 1029/20000 [00:22<06:36, 47.81it/s, acc=0.302, device=mps, eta=6m57s, loss=2.0097, sps=45.5]
BC[stage1_datasets_L40_stepsweep/bc_baseline_none_steps20000_tr1]:   5%|▌         | 1037/20000 [00:22<05:52, 53.78it/s, acc=0.302, device=mps, eta=6m57s, loss=2.0097, sps=45.5]
BC[stage1_datasets_L40_stepsweep/bc_baseline_none_steps20000_tr1]:   5%|▌         | 1043/20000 [00:22<07:21, 42.90it/s, acc=0.302, device=mps, eta=6m57s, loss=2.0097, sps=45.5]
BC[stage1_datasets_L40_stepsweep/bc_baseline_none_steps20000_tr1]:   5%|▌         | 1051/20000 [00:23<06:19, 49.94it/s, acc=0.302, device=mps, eta=6m57s, loss=2.0097, sps=45.5]
BC[stage1_datasets_L40_stepsweep/bc_baseline_none_steps20000_tr1]:   5%|▌         | 1059/20000 [00:23<05:41, 55.40it/s, acc=0.302, device=mps, eta=6m57s, loss=2.0097, sps=45.5]
BC[stage1_datasets_L40_stepsweep/bc_baseline_none_steps20000_tr1]:   5%|▌         | 1066/20000 [00:23<06:49, 46.26it/s, acc=0.302, device=mps, eta=6m57s, loss=2.0097, sps=45.5]
BC[stage1_datasets_L40_stepsweep/bc_baseline_none_steps20000_tr1]:   5%|▌         | 1072/20000 [00:23<06:30, 48.53it/s, acc=0.302, device=mps, eta=6m57s, loss=2.0097, sps=45.5]
BC[stage1_datasets_L40_stepsweep/bc_baseline_none_steps20000_tr1]:   5%|▌         | 1079/20000 [00:23<06:06, 51.63it/s, acc=0.302, device=mps, eta=6m57s, loss=2.0097, sps=45.5]
BC[stage1_datasets_L40_stepsweep/bc_baseline_none_steps20000_tr1]:   5%|▌         | 1085/20000 [00:23<07:22, 42.76it/s, acc=0.302, device=mps, eta=6m57s, loss=2.0097, sps=45.5]
BC[stage1_datasets_L40_stepsweep/bc_baseline_none_steps20000_tr1]:   5%|▌         | 1091/20000 [00:23<06:55, 45.49it/s, acc=0.302, device=mps, eta=6m57s, loss=2.0097, sps=45.5]
BC[stage1_datasets_L40_stepsweep/bc_baseline_none_steps20000_tr1]:   5%|▌         | 1098/20000 [00:24<06:22, 49.42it/s, acc=0.302, device=mps, eta=6m57s, loss=2.0097, sps=45.5]
BC[stage1_datasets_L40_stepsweep/bc_baseline_none_steps20000_tr1]:   6%|▌         | 1104/20000 [00:24<07:28, 42.13it/s, acc=0.302, device=mps, eta=6m57s, loss=2.0097, sps=45.5]
BC[stage1_datasets_L40_stepsweep/bc_baseline_none_steps20000_tr1]:   6%|▌         | 1112/20000 [00:24<06:23, 49.27it/s, acc=0.302, device=mps, eta=6m57s, loss=2.0097, sps=45.5]
BC[stage1_datasets_L40_stepsweep/bc_baseline_none_steps20000_tr1]:   6%|▌         | 1119/20000 [00:24<05:50, 53.88it/s, acc=0.302, device=mps, eta=6m57s, loss=2.0097, sps=45.5]
BC[stage1_datasets_L40_stepsweep/bc_baseline_none_steps20000_tr1]:   6%|▌         | 1125/20000 [00:24<07:08, 44.05it/s, acc=0.302, device=mps, eta=6m57s, loss=2.0097, sps=45.5]
BC[stage1_datasets_L40_stepsweep/bc_baseline_none_steps20000_tr1]:   6%|▌         | 1131/20000 [00:24<06:45, 46.54it/s, acc=0.302, device=mps, eta=6m57s, loss=2.0097, sps=45.5]
BC[stage1_datasets_L40_stepsweep/bc_baseline_none_steps20000_tr1]:   6%|▌         | 1137/20000 [00:24<06:29, 48.44it/s, acc=0.302, device=mps, eta=6m57s, loss=2.0097, sps=45.5]
BC[stage1_datasets_L40_stepsweep/bc_baseline_none_steps20000_tr1]:   6%|▌         | 1143/20000 [00:25<07:42, 40.76it/s, acc=0.302, device=mps, eta=6m57s, loss=2.0097, sps=45.5]
BC[stage1_datasets_L40_stepsweep/bc_baseline_none_steps20000_tr1]:   6%|▌         | 1149/20000 [00:25<07:03, 44.53it/s, acc=0.302, device=mps, eta=6m57s, loss=2.0097, sps=45.5]
BC[stage1_datasets_L40_stepsweep/bc_baseline_none_steps20000_tr1]:   6%|▌         | 1155/20000 [00:25<06:39, 47.15it/s, acc=0.302, device=mps, eta=6m57s, loss=2.0097, sps=45.5]
BC[stage1_datasets_L40_stepsweep/bc_baseline_none_steps20000_tr1]:   6%|▌         | 1161/20000 [00:25<07:53, 39.76it/s, acc=0.302, device=mps, eta=6m57s, loss=2.0097, sps=45.5]
BC[stage1_datasets_L40_stepsweep/bc_baseline_none_steps20000_tr1]:   6%|▌         | 1169/20000 [00:25<06:34, 47.76it/s, acc=0.302, device=mps, eta=6m57s, loss=2.0097, sps=45.5]
BC[stage1_datasets_L40_stepsweep/bc_baseline_none_steps20000_tr1]:   6%|▌         | 1177/20000 [00:25<05:48, 53.98it/s, acc=0.302, device=mps, eta=6m57s, loss=2.0097, sps=45.5]
BC[stage1_datasets_L40_stepsweep/bc_baseline_none_steps20000_tr1]:   6%|▌         | 1183/20000 [00:25<06:54, 45.35it/s, acc=0.302, device=mps, eta=6m57s, loss=2.0097, sps=45.5]
BC[stage1_datasets_L40_stepsweep/bc_baseline_none_steps20000_tr1]:   6%|▌         | 1190/20000 [00:26<06:22, 49.16it/s, acc=0.302, device=mps, eta=6m57s, loss=2.0097, sps=45.5]
BC[stage1_datasets_L40_stepsweep/bc_baseline_none_steps20000_tr1]:   6%|▌         | 1196/20000 [00:26<06:06, 51.24it/s, acc=0.302, device=mps, eta=6m57s, loss=2.0097, sps=45.5]
BC[stage1_datasets_L40_stepsweep/bc_baseline_none_steps20000_tr1]:   6%|▌         | 1196/20000 [00:26<06:06, 51.24it/s, acc=0.300, device=mps, eta=6m51s, loss=2.0085, sps=45.8]
BC[stage1_datasets_L40_stepsweep/bc_baseline_none_steps20000_tr1]:   6%|▌         | 1202/20000 [00:26<07:28, 41.91it/s, acc=0.300, device=mps, eta=6m51s, loss=2.0085, sps=45.8]
BC[stage1_datasets_L40_stepsweep/bc_baseline_none_steps20000_tr1]:   6%|▌         | 1207/20000 [00:26<07:11, 43.53it/s, acc=0.300, device=mps, eta=6m51s, loss=2.0085, sps=45.8]
BC[stage1_datasets_L40_stepsweep/bc_baseline_none_steps20000_tr1]:   6%|▌         | 1213/20000 [00:26<06:40, 46.88it/s, acc=0.300, device=mps, eta=6m51s, loss=2.0085, sps=45.8]
BC[stage1_datasets_L40_stepsweep/bc_baseline_none_steps20000_tr1]:   6%|▌         | 1220/20000 [00:26<06:04, 51.57it/s, acc=0.300, device=mps, eta=6m51s, loss=2.0085, sps=45.8]
BC[stage1_datasets_L40_stepsweep/bc_baseline_none_steps20000_tr1]:   6%|▌         | 1226/20000 [00:26<07:27, 41.92it/s, acc=0.300, device=mps, eta=6m51s, loss=2.0085, sps=45.8]
BC[stage1_datasets_L40_stepsweep/bc_baseline_none_steps20000_tr1]:   6%|▌         | 1232/20000 [00:26<06:50, 45.67it/s, acc=0.300, device=mps, eta=6m51s, loss=2.0085, sps=45.8]
BC[stage1_datasets_L40_stepsweep/bc_baseline_none_steps20000_tr1]:   6%|▌         | 1238/20000 [00:27<06:23, 48.92it/s, acc=0.300, device=mps, eta=6m51s, loss=2.0085, sps=45.8]
BC[stage1_datasets_L40_stepsweep/bc_baseline_none_steps20000_tr1]:   6%|▌         | 1244/20000 [00:27<08:03, 38.77it/s, acc=0.300, device=mps, eta=6m51s, loss=2.0085, sps=45.8]
BC[stage1_datasets_L40_stepsweep/bc_baseline_none_steps20000_tr1]:   6%|▋         | 1250/20000 [00:27<07:19, 42.66it/s, acc=0.300, device=mps, eta=6m51s, loss=2.0085, sps=45.8]
BC[stage1_datasets_L40_stepsweep/bc_baseline_none_steps20000_tr1]:   6%|▋         | 1257/20000 [00:27<06:32, 47.73it/s, acc=0.300, device=mps, eta=6m51s, loss=2.0085, sps=45.8]
BC[stage1_datasets_L40_stepsweep/bc_baseline_none_steps20000_tr1]:   6%|▋         | 1263/20000 [00:27<08:02, 38.81it/s, acc=0.300, device=mps, eta=6m51s, loss=2.0085, sps=45.8]
BC[stage1_datasets_L40_stepsweep/bc_baseline_none_steps20000_tr1]:   6%|▋         | 1269/20000 [00:27<07:26, 41.97it/s, acc=0.300, device=mps, eta=6m51s, loss=2.0085, sps=45.8]
BC[stage1_datasets_L40_stepsweep/bc_baseline_none_steps20000_tr1]:   6%|▋         | 1276/20000 [00:27<06:40, 46.77it/s, acc=0.300, device=mps, eta=6m51s, loss=2.0085, sps=45.8]
BC[stage1_datasets_L40_stepsweep/bc_baseline_none_steps20000_tr1]:   6%|▋         | 1282/20000 [00:28<07:57, 39.19it/s, acc=0.300, device=mps, eta=6m51s, loss=2.0085, sps=45.8]
BC[stage1_datasets_L40_stepsweep/bc_baseline_none_steps20000_tr1]:   6%|▋         | 1288/20000 [00:28<07:24, 42.13it/s, acc=0.300, device=mps, eta=6m51s, loss=2.0085, sps=45.8]
BC[stage1_datasets_L40_stepsweep/bc_baseline_none_steps20000_tr1]:   6%|▋         | 1295/20000 [00:28<06:37, 47.00it/s, acc=0.300, device=mps, eta=6m51s, loss=2.0085, sps=45.8]
BC[stage1_datasets_L40_stepsweep/bc_baseline_none_steps20000_tr1]:   7%|▋         | 1301/20000 [00:28<07:41, 40.53it/s, acc=0.300, device=mps, eta=6m51s, loss=2.0085, sps=45.8]
BC[stage1_datasets_L40_stepsweep/bc_baseline_none_steps20000_tr1]:   7%|▋         | 1309/20000 [00:28<06:28, 48.16it/s, acc=0.300, device=mps, eta=6m51s, loss=2.0085, sps=45.8]
BC[stage1_datasets_L40_stepsweep/bc_baseline_none_steps20000_tr1]:   7%|▋         | 1317/20000 [00:28<05:45, 54.06it/s, acc=0.300, device=mps, eta=6m51s, loss=2.0085, sps=45.8]
BC[stage1_datasets_L40_stepsweep/bc_baseline_none_steps20000_tr1]:   7%|▋         | 1323/20000 [00:29<07:23, 42.15it/s, acc=0.300, device=mps, eta=6m51s, loss=2.0085, sps=45.8]
BC[stage1_datasets_L40_stepsweep/bc_baseline_none_steps20000_tr1]:   7%|▋         | 1329/20000 [00:29<06:57, 44.75it/s, acc=0.300, device=mps, eta=6m51s, loss=2.0085, sps=45.8]
BC[stage1_datasets_L40_stepsweep/bc_baseline_none_steps20000_tr1]:   7%|▋         | 1336/20000 [00:29<06:17, 49.42it/s, acc=0.300, device=mps, eta=6m51s, loss=2.0085, sps=45.8]
BC[stage1_datasets_L40_stepsweep/bc_baseline_none_steps20000_tr1]:   7%|▋         | 1342/20000 [00:29<07:19, 42.44it/s, acc=0.300, device=mps, eta=6m51s, loss=2.0085, sps=45.8]
BC[stage1_datasets_L40_stepsweep/bc_baseline_none_steps20000_tr1]:   7%|▋         | 1350/20000 [00:29<06:15, 49.65it/s, acc=0.300, device=mps, eta=6m51s, loss=2.0085, sps=45.8]
BC[stage1_datasets_L40_stepsweep/bc_baseline_none_steps20000_tr1]:   7%|▋         | 1357/20000 [00:29<05:43, 54.26it/s, acc=0.300, device=mps, eta=6m51s, loss=2.0085, sps=45.8]
BC[stage1_datasets_L40_stepsweep/bc_baseline_none_steps20000_tr1]:   7%|▋         | 1363/20000 [00:29<06:55, 44.81it/s, acc=0.300, device=mps, eta=6m51s, loss=2.0085, sps=45.8]
BC[stage1_datasets_L40_stepsweep/bc_baseline_none_steps20000_tr1]:   7%|▋         | 1369/20000 [00:30<06:31, 47.58it/s, acc=0.300, device=mps, eta=6m51s, loss=2.0085, sps=45.8]
BC[stage1_datasets_L40_stepsweep/bc_baseline_none_steps20000_tr1]:   7%|▋         | 1376/20000 [00:30<06:04, 51.09it/s, acc=0.300, device=mps, eta=6m51s, loss=2.0085, sps=45.8]
BC[stage1_datasets_L40_stepsweep/bc_baseline_none_steps20000_tr1]:   7%|▋         | 1382/20000 [00:30<07:17, 42.57it/s, acc=0.300, device=mps, eta=6m51s, loss=2.0085, sps=45.8]
BC[stage1_datasets_L40_stepsweep/bc_baseline_none_steps20000_tr1]:   7%|▋         | 1390/20000 [00:30<06:14, 49.73it/s, acc=0.300, device=mps, eta=6m51s, loss=2.0085, sps=45.8]
BC[stage1_datasets_L40_stepsweep/bc_baseline_none_steps20000_tr1]:   7%|▋         | 1398/20000 [00:30<05:37, 55.12it/s, acc=0.300, device=mps, eta=6m51s, loss=2.0085, sps=45.8]
BC[stage1_datasets_L40_stepsweep/bc_baseline_none_steps20000_tr1]:   7%|▋         | 1398/20000 [00:30<05:37, 55.12it/s, acc=0.301, device=mps, eta=6m46s, loss=2.0106, sps=45.8]
BC[stage1_datasets_L40_stepsweep/bc_baseline_none_steps20000_tr1]:   7%|▋         | 1404/20000 [00:30<06:50, 45.35it/s, acc=0.301, device=mps, eta=6m46s, loss=2.0106, sps=45.8]
BC[stage1_datasets_L40_stepsweep/bc_baseline_none_steps20000_tr1]:   7%|▋         | 1410/20000 [00:30<06:35, 46.96it/s, acc=0.301, device=mps, eta=6m46s, loss=2.0106, sps=45.8]
BC[stage1_datasets_L40_stepsweep/bc_baseline_none_steps20000_tr1]:   7%|▋         | 1416/20000 [00:30<06:24, 48.28it/s, acc=0.301, device=mps, eta=6m46s, loss=2.0106, sps=45.8]
BC[stage1_datasets_L40_stepsweep/bc_baseline_none_steps20000_tr1]:   7%|▋         | 1422/20000 [00:31<07:52, 39.32it/s, acc=0.301, device=mps, eta=6m46s, loss=2.0106, sps=45.8]
BC[stage1_datasets_L40_stepsweep/bc_baseline_none_steps20000_tr1]:   7%|▋         | 1427/20000 [00:31<07:27, 41.53it/s, acc=0.301, device=mps, eta=6m46s, loss=2.0106, sps=45.8]
BC[stage1_datasets_L40_stepsweep/bc_baseline_none_steps20000_tr1]:   7%|▋         | 1433/20000 [00:31<06:47, 45.53it/s, acc=0.301, device=mps, eta=6m46s, loss=2.0106, sps=45.8]
BC[stage1_datasets_L40_stepsweep/bc_baseline_none_steps20000_tr1]:   7%|▋         | 1440/20000 [00:31<06:02, 51.26it/s, acc=0.301, device=mps, eta=6m46s, loss=2.0106, sps=45.8]
BC[stage1_datasets_L40_stepsweep/bc_baseline_none_steps20000_tr1]:   7%|▋         | 1446/20000 [00:31<07:15, 42.60it/s, acc=0.301, device=mps, eta=6m46s, loss=2.0106, sps=45.8]
BC[stage1_datasets_L40_stepsweep/bc_baseline_none_steps20000_tr1]:   7%|▋         | 1453/20000 [00:31<06:23, 48.31it/s, acc=0.301, device=mps, eta=6m46s, loss=2.0106, sps=45.8]
BC[stage1_datasets_L40_stepsweep/bc_baseline_none_steps20000_tr1]:   7%|▋         | 1461/20000 [00:32<07:16, 42.45it/s, acc=0.301, device=mps, eta=6m46s, loss=2.0106, sps=45.8]
BC[stage1_datasets_L40_stepsweep/bc_baseline_none_steps20000_tr1]:   7%|▋         | 1466/20000 [00:32<07:08, 43.27it/s, acc=0.301, device=mps, eta=6m46s, loss=2.0106, sps=45.8]
BC[stage1_datasets_L40_stepsweep/bc_baseline_none_steps20000_tr1]:   7%|▋         | 1472/20000 [00:32<06:35, 46.91it/s, acc=0.301, device=mps, eta=6m46s, loss=2.0106, sps=45.8]
BC[stage1_datasets_L40_stepsweep/bc_baseline_none_steps20000_tr1]:   7%|▋         | 1479/20000 [00:32<05:54, 52.31it/s, acc=0.301, device=mps, eta=6m46s, loss=2.0106, sps=45.8]
BC[stage1_datasets_L40_stepsweep/bc_baseline_none_steps20000_tr1]:   7%|▋         | 1485/20000 [00:32<06:58, 44.24it/s, acc=0.301, device=mps, eta=6m46s, loss=2.0106, sps=45.8]
BC[stage1_datasets_L40_stepsweep/bc_baseline_none_steps20000_tr1]:   7%|▋         | 1493/20000 [00:32<05:55, 52.04it/s, acc=0.301, device=mps, eta=6m46s, loss=2.0106, sps=45.8]
BC[stage1_datasets_L40_stepsweep/bc_baseline_none_steps20000_tr1]:   8%|▊         | 1501/20000 [00:32<06:43, 45.83it/s, acc=0.301, device=mps, eta=6m46s, loss=2.0106, sps=45.8]
BC[stage1_datasets_L40_stepsweep/bc_baseline_none_steps20000_tr1]:   8%|▊         | 1509/20000 [00:32<05:54, 52.22it/s, acc=0.301, device=mps, eta=6m46s, loss=2.0106, sps=45.8]
BC[stage1_datasets_L40_stepsweep/bc_baseline_none_steps20000_tr1]:   8%|▊         | 1517/20000 [00:33<05:21, 57.53it/s, acc=0.301, device=mps, eta=6m46s, loss=2.0106, sps=45.8]
BC[stage1_datasets_L40_stepsweep/bc_baseline_none_steps20000_tr1]:   8%|▊         | 1524/20000 [00:33<06:25, 47.94it/s, acc=0.301, device=mps, eta=6m46s, loss=2.0106, sps=45.8]
BC[stage1_datasets_L40_stepsweep/bc_baseline_none_steps20000_tr1]:   8%|▊         | 1532/20000 [00:33<05:42, 53.88it/s, acc=0.301, device=mps, eta=6m46s, loss=2.0106, sps=45.8]
BC[stage1_datasets_L40_stepsweep/bc_baseline_none_steps20000_tr1]:   8%|▊         | 1540/20000 [00:33<05:11, 59.21it/s, acc=0.301, device=mps, eta=6m46s, loss=2.0106, sps=45.8]
BC[stage1_datasets_L40_stepsweep/bc_baseline_none_steps20000_tr1]:   8%|▊         | 1547/20000 [00:33<06:30, 47.25it/s, acc=0.301, device=mps, eta=6m46s, loss=2.0106, sps=45.8]
BC[stage1_datasets_L40_stepsweep/bc_baseline_none_steps20000_tr1]:   8%|▊         | 1553/20000 [00:33<06:16, 49.02it/s, acc=0.301, device=mps, eta=6m46s, loss=2.0106, sps=45.8]
BC[stage1_datasets_L40_stepsweep/bc_baseline_none_steps20000_tr1]:   8%|▊         | 1559/20000 [00:33<06:04, 50.63it/s, acc=0.301, device=mps, eta=6m46s, loss=2.0106, sps=45.8]
BC[stage1_datasets_L40_stepsweep/bc_baseline_none_steps20000_tr1]:   8%|▊         | 1565/20000 [00:34<07:22, 41.68it/s, acc=0.301, device=mps, eta=6m46s, loss=2.0106, sps=45.8]
BC[stage1_datasets_L40_stepsweep/bc_baseline_none_steps20000_tr1]:   8%|▊         | 1571/20000 [00:34<06:48, 45.08it/s, acc=0.301, device=mps, eta=6m46s, loss=2.0106, sps=45.8]
BC[stage1_datasets_L40_stepsweep/bc_baseline_none_steps20000_tr1]:   8%|▊         | 1578/20000 [00:34<06:13, 49.38it/s, acc=0.301, device=mps, eta=6m46s, loss=2.0106, sps=45.8]
BC[stage1_datasets_L40_stepsweep/bc_baseline_none_steps20000_tr1]:   8%|▊         | 1584/20000 [00:34<07:22, 41.64it/s, acc=0.301, device=mps, eta=6m46s, loss=2.0106, sps=45.8]
BC[stage1_datasets_L40_stepsweep/bc_baseline_none_steps20000_tr1]:   8%|▊         | 1591/20000 [00:34<06:35, 46.50it/s, acc=0.301, device=mps, eta=6m46s, loss=2.0106, sps=45.8]
BC[stage1_datasets_L40_stepsweep/bc_baseline_none_steps20000_tr1]:   8%|▊         | 1598/20000 [00:34<05:58, 51.32it/s, acc=0.301, device=mps, eta=6m46s, loss=2.0106, sps=45.8]
BC[stage1_datasets_L40_stepsweep/bc_baseline_none_steps20000_tr1]:   8%|▊         | 1598/20000 [00:34<05:58, 51.32it/s, acc=0.302, device=mps, eta=6m40s, loss=2.0030, sps=45.9]
BC[stage1_datasets_L40_stepsweep/bc_baseline_none_steps20000_tr1]:   8%|▊         | 1604/20000 [00:34<07:05, 43.25it/s, acc=0.302, device=mps, eta=6m40s, loss=2.0030, sps=45.9]
BC[stage1_datasets_L40_stepsweep/bc_baseline_none_steps20000_tr1]:   8%|▊         | 1611/20000 [00:35<06:26, 47.52it/s, acc=0.302, device=mps, eta=6m40s, loss=2.0030, sps=45.9]
BC[stage1_datasets_L40_stepsweep/bc_baseline_none_steps20000_tr1]:   8%|▊         | 1617/20000 [00:35<06:07, 50.08it/s, acc=0.302, device=mps, eta=6m40s, loss=2.0030, sps=45.9]
BC[stage1_datasets_L40_stepsweep/bc_baseline_none_steps20000_tr1]:   8%|▊         | 1623/20000 [00:35<07:18, 41.95it/s, acc=0.302, device=mps, eta=6m40s, loss=2.0030, sps=45.9]
BC[stage1_datasets_L40_stepsweep/bc_baseline_none_steps20000_tr1]:   8%|▊         | 1631/20000 [00:35<06:11, 49.49it/s, acc=0.302, device=mps, eta=6m40s, loss=2.0030, sps=45.9]
BC[stage1_datasets_L40_stepsweep/bc_baseline_none_steps20000_tr1]:   8%|▊         | 1639/20000 [00:35<05:28, 55.84it/s, acc=0.302, device=mps, eta=6m40s, loss=2.0030, sps=45.9]
BC[stage1_datasets_L40_stepsweep/bc_baseline_none_steps20000_tr1]:   8%|▊         | 1646/20000 [00:35<06:32, 46.81it/s, acc=0.302, device=mps, eta=6m40s, loss=2.0030, sps=45.9]
BC[stage1_datasets_L40_stepsweep/bc_baseline_none_steps20000_tr1]:   8%|▊         | 1653/20000 [00:35<06:04, 50.32it/s, acc=0.302, device=mps, eta=6m40s, loss=2.0030, sps=45.9]
BC[stage1_datasets_L40_stepsweep/bc_baseline_none_steps20000_tr1]:   8%|▊         | 1659/20000 [00:36<05:52, 52.02it/s, acc=0.302, device=mps, eta=6m40s, loss=2.0030, sps=45.9]
BC[stage1_datasets_L40_stepsweep/bc_baseline_none_steps20000_tr1]:   8%|▊         | 1665/20000 [00:36<07:02, 43.36it/s, acc=0.302, device=mps, eta=6m40s, loss=2.0030, sps=45.9]
BC[stage1_datasets_L40_stepsweep/bc_baseline_none_steps20000_tr1]:   8%|▊         | 1671/20000 [00:36<06:30, 46.94it/s, acc=0.302, device=mps, eta=6m40s, loss=2.0030, sps=45.9]
BC[stage1_datasets_L40_stepsweep/bc_baseline_none_steps20000_tr1]:   8%|▊         | 1677/20000 [00:36<06:13, 48.99it/s, acc=0.302, device=mps, eta=6m40s, loss=2.0030, sps=45.9]
BC[stage1_datasets_L40_stepsweep/bc_baseline_none_steps20000_tr1]:   8%|▊         | 1683/20000 [00:36<07:38, 39.92it/s, acc=0.302, device=mps, eta=6m40s, loss=2.0030, sps=45.9]
BC[stage1_datasets_L40_stepsweep/bc_baseline_none_steps20000_tr1]:   8%|▊         | 1689/20000 [00:36<06:57, 43.87it/s, acc=0.302, device=mps, eta=6m40s, loss=2.0030, sps=45.9]
BC[stage1_datasets_L40_stepsweep/bc_baseline_none_steps20000_tr1]:   8%|▊         | 1696/20000 [00:36<06:16, 48.68it/s, acc=0.302, device=mps, eta=6m40s, loss=2.0030, sps=45.9]
BC[stage1_datasets_L40_stepsweep/bc_baseline_none_steps20000_tr1]:   9%|▊         | 1702/20000 [00:37<07:24, 41.19it/s, acc=0.302, device=mps, eta=6m40s, loss=2.0030, sps=45.9]
BC[stage1_datasets_L40_stepsweep/bc_baseline_none_steps20000_tr1]:   9%|▊         | 1710/20000 [00:37<06:14, 48.89it/s, acc=0.302, device=mps, eta=6m40s, loss=2.0030, sps=45.9]
BC[stage1_datasets_L40_stepsweep/bc_baseline_none_steps20000_tr1]:   9%|▊         | 1718/20000 [00:37<05:30, 55.35it/s, acc=0.302, device=mps, eta=6m40s, loss=2.0030, sps=45.9]
BC[stage1_datasets_L40_stepsweep/bc_baseline_none_steps20000_tr1]:   9%|▊         | 1725/20000 [00:37<06:31, 46.64it/s, acc=0.302, device=mps, eta=6m40s, loss=2.0030, sps=45.9]
BC[stage1_datasets_L40_stepsweep/bc_baseline_none_steps20000_tr1]:   9%|▊         | 1732/20000 [00:37<06:02, 50.38it/s, acc=0.302, device=mps, eta=6m40s, loss=2.0030, sps=45.9]
BC[stage1_datasets_L40_stepsweep/bc_baseline_none_steps20000_tr1]:   9%|▊         | 1738/20000 [00:37<05:51, 52.01it/s, acc=0.302, device=mps, eta=6m40s, loss=2.0030, sps=45.9]
BC[stage1_datasets_L40_stepsweep/bc_baseline_none_steps20000_tr1]:   9%|▊         | 1744/20000 [00:37<07:09, 42.46it/s, acc=0.302, device=mps, eta=6m40s, loss=2.0030, sps=45.9]
BC[stage1_datasets_L40_stepsweep/bc_baseline_none_steps20000_tr1]:   9%|▉         | 1750/20000 [00:38<06:39, 45.71it/s, acc=0.302, device=mps, eta=6m40s, loss=2.0030, sps=45.9]
BC[stage1_datasets_L40_stepsweep/bc_baseline_none_steps20000_tr1]:   9%|▉         | 1756/20000 [00:38<06:16, 48.46it/s, acc=0.302, device=mps, eta=6m40s, loss=2.0030, sps=45.9]
BC[stage1_datasets_L40_stepsweep/bc_baseline_none_steps20000_tr1]:   9%|▉         | 1762/20000 [00:38<07:42, 39.45it/s, acc=0.302, device=mps, eta=6m40s, loss=2.0030, sps=45.9]
BC[stage1_datasets_L40_stepsweep/bc_baseline_none_steps20000_tr1]:   9%|▉         | 1768/20000 [00:38<07:03, 43.01it/s, acc=0.302, device=mps, eta=6m40s, loss=2.0030, sps=45.9]
BC[stage1_datasets_L40_stepsweep/bc_baseline_none_steps20000_tr1]:   9%|▉         | 1774/20000 [00:38<06:42, 45.25it/s, acc=0.302, device=mps, eta=6m40s, loss=2.0030, sps=45.9]
BC[stage1_datasets_L40_stepsweep/bc_baseline_none_steps20000_tr1]:   9%|▉         | 1781/20000 [00:38<07:48, 38.93it/s, acc=0.302, device=mps, eta=6m40s, loss=2.0030, sps=45.9]
BC[stage1_datasets_L40_stepsweep/bc_baseline_none_steps20000_tr1]:   9%|▉         | 1789/20000 [00:38<06:29, 46.70it/s, acc=0.302, device=mps, eta=6m40s, loss=2.0030, sps=45.9]
BC[stage1_datasets_L40_stepsweep/bc_baseline_none_steps20000_tr1]:   9%|▉         | 1797/20000 [00:39<05:44, 52.86it/s, acc=0.302, device=mps, eta=6m40s, loss=2.0030, sps=45.9]
BC[stage1_datasets_L40_stepsweep/bc_baseline_none_steps20000_tr1]:   9%|▉         | 1797/20000 [00:39<05:44, 52.86it/s, acc=0.300, device=mps, eta=6m35s, loss=2.0044, sps=46.0]
BC[stage1_datasets_L40_stepsweep/bc_baseline_none_steps20000_tr1]:   9%|▉         | 1803/20000 [00:39<06:46, 44.75it/s, acc=0.300, device=mps, eta=6m35s, loss=2.0044, sps=46.0]
BC[stage1_datasets_L40_stepsweep/bc_baseline_none_steps20000_tr1]:   9%|▉         | 1809/20000 [00:39<06:18, 48.04it/s, acc=0.300, device=mps, eta=6m35s, loss=2.0044, sps=46.0]
BC[stage1_datasets_L40_stepsweep/bc_baseline_none_steps20000_tr1]:   9%|▉         | 1816/20000 [00:39<05:52, 51.53it/s, acc=0.300, device=mps, eta=6m35s, loss=2.0044, sps=46.0]
BC[stage1_datasets_L40_stepsweep/bc_baseline_none_steps20000_tr1]:   9%|▉         | 1822/20000 [00:39<07:07, 42.50it/s, acc=0.300, device=mps, eta=6m35s, loss=2.0044, sps=46.0]
BC[stage1_datasets_L40_stepsweep/bc_baseline_none_steps20000_tr1]:   9%|▉         | 1830/20000 [00:39<06:05, 49.73it/s, acc=0.300, device=mps, eta=6m35s, loss=2.0044, sps=46.0]
BC[stage1_datasets_L40_stepsweep/bc_baseline_none_steps20000_tr1]:   9%|▉         | 1838/20000 [00:39<05:26, 55.59it/s, acc=0.300, device=mps, eta=6m35s, loss=2.0044, sps=46.0]
BC[stage1_datasets_L40_stepsweep/bc_baseline_none_steps20000_tr1]:   9%|▉         | 1845/20000 [00:40<06:29, 46.64it/s, acc=0.300, device=mps, eta=6m35s, loss=2.0044, sps=46.0]
BC[stage1_datasets_L40_stepsweep/bc_baseline_none_steps20000_tr1]:   9%|▉         | 1851/20000 [00:40<06:06, 49.47it/s, acc=0.300, device=mps, eta=6m35s, loss=2.0044, sps=46.0]
BC[stage1_datasets_L40_stepsweep/bc_baseline_none_steps20000_tr1]:   9%|▉         | 1857/20000 [00:40<05:50, 51.82it/s, acc=0.300, device=mps, eta=6m35s, loss=2.0044, sps=46.0]
BC[stage1_datasets_L40_stepsweep/bc_baseline_none_steps20000_tr1]:   9%|▉         | 1863/20000 [00:40<07:13, 41.88it/s, acc=0.300, device=mps, eta=6m35s, loss=2.0044, sps=46.0]
BC[stage1_datasets_L40_stepsweep/bc_baseline_none_steps20000_tr1]:   9%|▉         | 1869/20000 [00:40<06:49, 44.32it/s, acc=0.300, device=mps, eta=6m35s, loss=2.0044, sps=46.0]
BC[stage1_datasets_L40_stepsweep/bc_baseline_none_steps20000_tr1]:   9%|▉         | 1875/20000 [00:40<06:24, 47.12it/s, acc=0.300, device=mps, eta=6m35s, loss=2.0044, sps=46.0]
BC[stage1_datasets_L40_stepsweep/bc_baseline_none_steps20000_tr1]:   9%|▉         | 1881/20000 [00:40<07:33, 39.99it/s, acc=0.300, device=mps, eta=6m35s, loss=2.0044, sps=46.0]
BC[stage1_datasets_L40_stepsweep/bc_baseline_none_steps20000_tr1]:   9%|▉         | 1889/20000 [00:41<06:18, 47.88it/s, acc=0.300, device=mps, eta=6m35s, loss=2.0044, sps=46.0]
BC[stage1_datasets_L40_stepsweep/bc_baseline_none_steps20000_tr1]:   9%|▉         | 1897/20000 [00:41<05:35, 54.00it/s, acc=0.300, device=mps, eta=6m35s, loss=2.0044, sps=46.0]
BC[stage1_datasets_L40_stepsweep/bc_baseline_none_steps20000_tr1]:  10%|▉         | 1903/20000 [00:41<06:39, 45.29it/s, acc=0.300, device=mps, eta=6m35s, loss=2.0044, sps=46.0]
BC[stage1_datasets_L40_stepsweep/bc_baseline_none_steps20000_tr1]:  10%|▉         | 1910/20000 [00:41<06:07, 49.27it/s, acc=0.300, device=mps, eta=6m35s, loss=2.0044, sps=46.0]
BC[stage1_datasets_L40_stepsweep/bc_baseline_none_steps20000_tr1]:  10%|▉         | 1917/20000 [00:41<05:46, 52.22it/s, acc=0.300, device=mps, eta=6m35s, loss=2.0044, sps=46.0]
BC[stage1_datasets_L40_stepsweep/bc_baseline_none_steps20000_tr1]:  10%|▉         | 1923/20000 [00:41<06:58, 43.24it/s, acc=0.300, device=mps, eta=6m35s, loss=2.0044, sps=46.0]
BC[stage1_datasets_L40_stepsweep/bc_baseline_none_steps20000_tr1]:  10%|▉         | 1931/20000 [00:41<05:59, 50.30it/s, acc=0.300, device=mps, eta=6m35s, loss=2.0044, sps=46.0]
BC[stage1_datasets_L40_stepsweep/bc_baseline_none_steps20000_tr1]:  10%|▉         | 1939/20000 [00:41<05:23, 55.82it/s, acc=0.300, device=mps, eta=6m35s, loss=2.0044, sps=46.0]
BC[stage1_datasets_L40_stepsweep/bc_baseline_none_steps20000_tr1]:  10%|▉         | 1946/20000 [00:42<06:29, 46.39it/s, acc=0.300, device=mps, eta=6m35s, loss=2.0044, sps=46.0]
BC[stage1_datasets_L40_stepsweep/bc_baseline_none_steps20000_tr1]:  10%|▉         | 1952/20000 [00:42<06:11, 48.56it/s, acc=0.300, device=mps, eta=6m35s, loss=2.0044, sps=46.0]
BC[stage1_datasets_L40_stepsweep/bc_baseline_none_steps20000_tr1]:  10%|▉         | 1958/20000 [00:42<06:03, 49.65it/s, acc=0.300, device=mps, eta=6m35s, loss=2.0044, sps=46.0]
BC[stage1_datasets_L40_stepsweep/bc_baseline_none_steps20000_tr1]:  10%|▉         | 1964/20000 [00:42<07:19, 41.05it/s, acc=0.300, device=mps, eta=6m35s, loss=2.0044, sps=46.0]
BC[stage1_datasets_L40_stepsweep/bc_baseline_none_steps20000_tr1]:  10%|▉         | 1970/20000 [00:42<06:42, 44.84it/s, acc=0.300, device=mps, eta=6m35s, loss=2.0044, sps=46.0]
BC[stage1_datasets_L40_stepsweep/bc_baseline_none_steps20000_tr1]:  10%|▉         | 1977/20000 [00:42<06:05, 49.26it/s, acc=0.300, device=mps, eta=6m35s, loss=2.0044, sps=46.0]
BC[stage1_datasets_L40_stepsweep/bc_baseline_none_steps20000_tr1]:  10%|▉         | 1983/20000 [00:43<07:10, 41.84it/s, acc=0.300, device=mps, eta=6m35s, loss=2.0044, sps=46.0]
BC[stage1_datasets_L40_stepsweep/bc_baseline_none_steps20000_tr1]:  10%|▉         | 1989/20000 [00:43<06:35, 45.51it/s, acc=0.300, device=mps, eta=6m35s, loss=2.0044, sps=46.0]
BC[stage1_datasets_L40_stepsweep/bc_baseline_none_steps20000_tr1]:  10%|▉         | 1995/20000 [00:43<06:08, 48.84it/s, acc=0.300, device=mps, eta=6m35s, loss=2.0044, sps=46.0]
BC[stage1_datasets_L40_stepsweep/bc_baseline_none_steps20000_tr1]:  10%|▉         | 1995/20000 [00:43<06:08, 48.84it/s, acc=0.301, device=mps, eta=6m30s, loss=2.0089, sps=46.1]
BC[stage1_datasets_L40_stepsweep/bc_baseline_none_steps20000_tr1]:  10%|█         | 2001/20000 [00:43<07:21, 40.81it/s, acc=0.301, device=mps, eta=6m30s, loss=2.0089, sps=46.1]
BC[stage1_datasets_L40_stepsweep/bc_baseline_none_steps20000_tr1]:  10%|█         | 2008/20000 [00:43<06:34, 45.56it/s, acc=0.301, device=mps, eta=6m30s, loss=2.0089, sps=46.1]
BC[stage1_datasets_L40_stepsweep/bc_baseline_none_steps20000_tr1]:  10%|█         | 2014/20000 [00:43<06:21, 47.12it/s, acc=0.301, device=mps, eta=6m30s, loss=2.0089, sps=46.1]
BC[stage1_datasets_L40_stepsweep/bc_baseline_none_steps20000_tr1]:  10%|█         | 2020/20000 [00:43<06:01, 49.74it/s, acc=0.301, device=mps, eta=6m30s, loss=2.0089, sps=46.1]
BC[stage1_datasets_L40_stepsweep/bc_baseline_none_steps20000_tr1]:  10%|█         | 2026/20000 [00:44<07:36, 39.37it/s, acc=0.301, device=mps, eta=6m30s, loss=2.0089, sps=46.1]
BC[stage1_datasets_L40_stepsweep/bc_baseline_none_steps20000_tr1]:  10%|█         | 2032/20000 [00:44<06:57, 42.99it/s, acc=0.301, device=mps, eta=6m30s, loss=2.0089, sps=46.1]
BC[stage1_datasets_L40_stepsweep/bc_baseline_none_steps20000_tr1]:  10%|█         | 2038/20000 [00:44<06:24, 46.69it/s, acc=0.301, device=mps, eta=6m30s, loss=2.0089, sps=46.1]
BC[stage1_datasets_L40_stepsweep/bc_baseline_none_steps20000_tr1]:  10%|█         | 2044/20000 [00:44<07:27, 40.09it/s, acc=0.301, device=mps, eta=6m30s, loss=2.0089, sps=46.1]
BC[stage1_datasets_L40_stepsweep/bc_baseline_none_steps20000_tr1]:  10%|█         | 2051/20000 [00:44<06:36, 45.29it/s, acc=0.301, device=mps, eta=6m30s, loss=2.0089, sps=46.1]
BC[stage1_datasets_L40_stepsweep/bc_baseline_none_steps20000_tr1]:  10%|█         | 2058/20000 [00:44<06:03, 49.38it/s, acc=0.301, device=mps, eta=6m30s, loss=2.0089, sps=46.1]
BC[stage1_datasets_L40_stepsweep/bc_baseline_none_steps20000_tr1]:  10%|█         | 2064/20000 [00:44<07:11, 41.58it/s, acc=0.301, device=mps, eta=6m30s, loss=2.0089, sps=46.1]
BC[stage1_datasets_L40_stepsweep/bc_baseline_none_steps20000_tr1]:  10%|█         | 2070/20000 [00:44<06:36, 45.26it/s, acc=0.301, device=mps, eta=6m30s, loss=2.0089, sps=46.1]
BC[stage1_datasets_L40_stepsweep/bc_baseline_none_steps20000_tr1]:  10%|█         | 2076/20000 [00:45<06:08, 48.70it/s, acc=0.301, device=mps, eta=6m30s, loss=2.0089, sps=46.1]
BC[stage1_datasets_L40_stepsweep/bc_baseline_none_steps20000_tr1]:  10%|█         | 2082/20000 [00:45<07:34, 39.43it/s, acc=0.301, device=mps, eta=6m30s, loss=2.0089, sps=46.1]
BC[stage1_datasets_L40_stepsweep/bc_baseline_none_steps20000_tr1]:  10%|█         | 2090/20000 [00:45<06:25, 46.43it/s, acc=0.301, device=mps, eta=6m30s, loss=2.0089, sps=46.1]
BC[stage1_datasets_L40_stepsweep/bc_baseline_none_steps20000_tr1]:  10%|█         | 2096/20000 [00:45<06:10, 48.37it/s, acc=0.301, device=mps, eta=6m30s, loss=2.0089, sps=46.1]
BC[stage1_datasets_L40_stepsweep/bc_baseline_none_steps20000_tr1]:  11%|█         | 2102/20000 [00:45<07:31, 39.66it/s, acc=0.301, device=mps, eta=6m30s, loss=2.0089, sps=46.1]
BC[stage1_datasets_L40_stepsweep/bc_baseline_none_steps20000_tr1]:  11%|█         | 2108/20000 [00:45<06:47, 43.89it/s, acc=0.301, device=mps, eta=6m30s, loss=2.0089, sps=46.1]
BC[stage1_datasets_L40_stepsweep/bc_baseline_none_steps20000_tr1]:  11%|█         | 2114/20000 [00:45<06:21, 46.86it/s, acc=0.301, device=mps, eta=6m30s, loss=2.0089, sps=46.1]
BC[stage1_datasets_L40_stepsweep/bc_baseline_none_steps20000_tr1]:  11%|█         | 2121/20000 [00:46<07:25, 40.17it/s, acc=0.301, device=mps, eta=6m30s, loss=2.0089, sps=46.1]
BC[stage1_datasets_L40_stepsweep/bc_baseline_none_steps20000_tr1]:  11%|█         | 2129/20000 [00:46<06:14, 47.67it/s, acc=0.301, device=mps, eta=6m30s, loss=2.0089, sps=46.1]
BC[stage1_datasets_L40_stepsweep/bc_baseline_none_steps20000_tr1]:  11%|█         | 2137/20000 [00:46<05:34, 53.48it/s, acc=0.301, device=mps, eta=6m30s, loss=2.0089, sps=46.1]
BC[stage1_datasets_L40_stepsweep/bc_baseline_none_steps20000_tr1]:  11%|█         | 2143/20000 [00:46<06:35, 45.18it/s, acc=0.301, device=mps, eta=6m30s, loss=2.0089, sps=46.1]
BC[stage1_datasets_L40_stepsweep/bc_baseline_none_steps20000_tr1]:  11%|█         | 2151/20000 [00:46<05:42, 52.06it/s, acc=0.301, device=mps, eta=6m30s, loss=2.0089, sps=46.1]
BC[stage1_datasets_L40_stepsweep/bc_baseline_none_steps20000_tr1]:  11%|█         | 2159/20000 [00:46<05:09, 57.74it/s, acc=0.301, device=mps, eta=6m30s, loss=2.0089, sps=46.1]
BC[stage1_datasets_L40_stepsweep/bc_baseline_none_steps20000_tr1]:  11%|█         | 2166/20000 [00:47<06:14, 47.67it/s, acc=0.301, device=mps, eta=6m30s, loss=2.0089, sps=46.1]
BC[stage1_datasets_L40_stepsweep/bc_baseline_none_steps20000_tr1]:  11%|█         | 2172/20000 [00:47<05:55, 50.12it/s, acc=0.301, device=mps, eta=6m30s, loss=2.0089, sps=46.1]
BC[stage1_datasets_L40_stepsweep/bc_baseline_none_steps20000_tr1]:  11%|█         | 2178/20000 [00:47<05:48, 51.14it/s, acc=0.301, device=mps, eta=6m30s, loss=2.0089, sps=46.1]
BC[stage1_datasets_L40_stepsweep/bc_baseline_none_steps20000_tr1]:  11%|█         | 2184/20000 [00:47<07:08, 41.58it/s, acc=0.301, device=mps, eta=6m30s, loss=2.0089, sps=46.1]
BC[stage1_datasets_L40_stepsweep/bc_baseline_none_steps20000_tr1]:  11%|█         | 2190/20000 [00:47<06:33, 45.21it/s, acc=0.301, device=mps, eta=6m30s, loss=2.0089, sps=46.1]
BC[stage1_datasets_L40_stepsweep/bc_baseline_none_steps20000_tr1]:  11%|█         | 2196/20000 [00:47<06:07, 48.38it/s, acc=0.301, device=mps, eta=6m30s, loss=2.0089, sps=46.1]
BC[stage1_datasets_L40_stepsweep/bc_baseline_none_steps20000_tr1]:  11%|█         | 2196/20000 [00:47<06:07, 48.38it/s, acc=0.305, device=mps, eta=6m26s, loss=2.0000, sps=46.1]
BC[stage1_datasets_L40_stepsweep/bc_baseline_none_steps20000_tr1]:  11%|█         | 2202/20000 [00:47<07:22, 40.22it/s, acc=0.305, device=mps, eta=6m26s, loss=2.0000, sps=46.1]
BC[stage1_datasets_L40_stepsweep/bc_baseline_none_steps20000_tr1]:  11%|█         | 2208/20000 [00:47<06:42, 44.21it/s, acc=0.305, device=mps, eta=6m26s, loss=2.0000, sps=46.1]
BC[stage1_datasets_L40_stepsweep/bc_baseline_none_steps20000_tr1]:  11%|█         | 2214/20000 [00:48<06:14, 47.52it/s, acc=0.305, device=mps, eta=6m26s, loss=2.0000, sps=46.1]
BC[stage1_datasets_L40_stepsweep/bc_baseline_none_steps20000_tr1]:  11%|█         | 2220/20000 [00:48<05:51, 50.60it/s, acc=0.305, device=mps, eta=6m26s, loss=2.0000, sps=46.1]
BC[stage1_datasets_L40_stepsweep/bc_baseline_none_steps20000_tr1]:  11%|█         | 2226/20000 [00:48<07:29, 39.57it/s, acc=0.305, device=mps, eta=6m26s, loss=2.0000, sps=46.1]
BC[stage1_datasets_L40_stepsweep/bc_baseline_none_steps20000_tr1]:  11%|█         | 2232/20000 [00:48<06:59, 42.36it/s, acc=0.305, device=mps, eta=6m26s, loss=2.0000, sps=46.1]
BC[stage1_datasets_L40_stepsweep/bc_baseline_none_steps20000_tr1]:  11%|█         | 2238/20000 [00:48<06:32, 45.20it/s, acc=0.305, device=mps, eta=6m26s, loss=2.0000, sps=46.1]
BC[stage1_datasets_L40_stepsweep/bc_baseline_none_steps20000_tr1]:  11%|█         | 2243/20000 [00:48<07:46, 38.10it/s, acc=0.305, device=mps, eta=6m26s, loss=2.0000, sps=46.1]
BC[stage1_datasets_L40_stepsweep/bc_baseline_none_steps20000_tr1]:  11%|█         | 2249/20000 [00:48<07:02, 42.02it/s, acc=0.305, device=mps, eta=6m26s, loss=2.0000, sps=46.1]
BC[stage1_datasets_L40_stepsweep/bc_baseline_none_steps20000_tr1]:  11%|█▏        | 2256/20000 [00:49<06:18, 46.91it/s, acc=0.305, device=mps, eta=6m26s, loss=2.0000, sps=46.1]
BC[stage1_datasets_L40_stepsweep/bc_baseline_none_steps20000_tr1]:  11%|█▏        | 2262/20000 [00:49<07:21, 40.18it/s, acc=0.305, device=mps, eta=6m26s, loss=2.0000, sps=46.1]
BC[stage1_datasets_L40_stepsweep/bc_baseline_none_steps20000_tr1]:  11%|█▏        | 2269/20000 [00:49<06:29, 45.51it/s, acc=0.305, device=mps, eta=6m26s, loss=2.0000, sps=46.1]
BC[stage1_datasets_L40_stepsweep/bc_baseline_none_steps20000_tr1]:  11%|█▏        | 2276/20000 [00:49<05:54, 49.95it/s, acc=0.305, device=mps, eta=6m26s, loss=2.0000, sps=46.1]
BC[stage1_datasets_L40_stepsweep/bc_baseline_none_steps20000_tr1]:  11%|█▏        | 2282/20000 [00:49<07:09, 41.25it/s, acc=0.305, device=mps, eta=6m26s, loss=2.0000, sps=46.1]
BC[stage1_datasets_L40_stepsweep/bc_baseline_none_steps20000_tr1]:  11%|█▏        | 2289/20000 [00:49<06:14, 47.30it/s, acc=0.305, device=mps, eta=6m26s, loss=2.0000, sps=46.1]
BC[stage1_datasets_L40_stepsweep/bc_baseline_none_steps20000_tr1]:  11%|█▏        | 2295/20000 [00:49<05:54, 49.96it/s, acc=0.305, device=mps, eta=6m26s, loss=2.0000, sps=46.1]
BC[stage1_datasets_L40_stepsweep/bc_baseline_none_steps20000_tr1]:  12%|█▏        | 2301/20000 [00:50<07:02, 41.87it/s, acc=0.305, device=mps, eta=6m26s, loss=2.0000, sps=46.1]
BC[stage1_datasets_L40_stepsweep/bc_baseline_none_steps20000_tr1]:  12%|█▏        | 2309/20000 [00:50<05:58, 49.40it/s, acc=0.305, device=mps, eta=6m26s, loss=2.0000, sps=46.1]
BC[stage1_datasets_L40_stepsweep/bc_baseline_none_steps20000_tr1]:  12%|█▏        | 2317/20000 [00:50<05:19, 55.43it/s, acc=0.305, device=mps, eta=6m26s, loss=2.0000, sps=46.1]
BC[stage1_datasets_L40_stepsweep/bc_baseline_none_steps20000_tr1]:  12%|█▏        | 2324/20000 [00:50<06:17, 46.78it/s, acc=0.305, device=mps, eta=6m26s, loss=2.0000, sps=46.1]
BC[stage1_datasets_L40_stepsweep/bc_baseline_none_steps20000_tr1]:  12%|█▏        | 2330/20000 [00:50<05:55, 49.67it/s, acc=0.305, device=mps, eta=6m26s, loss=2.0000, sps=46.1]
BC[stage1_datasets_L40_stepsweep/bc_baseline_none_steps20000_tr1]:  12%|█▏        | 2336/20000 [00:50<05:42, 51.59it/s, acc=0.305, device=mps, eta=6m26s, loss=2.0000, sps=46.1]
BC[stage1_datasets_L40_stepsweep/bc_baseline_none_steps20000_tr1]:  12%|█▏        | 2342/20000 [00:50<07:04, 41.63it/s, acc=0.305, device=mps, eta=6m26s, loss=2.0000, sps=46.1]
BC[stage1_datasets_L40_stepsweep/bc_baseline_none_steps20000_tr1]:  12%|█▏        | 2350/20000 [00:51<05:58, 49.18it/s, acc=0.305, device=mps, eta=6m26s, loss=2.0000, sps=46.1]
BC[stage1_datasets_L40_stepsweep/bc_baseline_none_steps20000_tr1]:  12%|█▏        | 2358/20000 [00:51<05:21, 54.79it/s, acc=0.305, device=mps, eta=6m26s, loss=2.0000, sps=46.1]
BC[stage1_datasets_L40_stepsweep/bc_baseline_none_steps20000_tr1]:  12%|█▏        | 2365/20000 [00:51<06:18, 46.58it/s, acc=0.305, device=mps, eta=6m26s, loss=2.0000, sps=46.1]
BC[stage1_datasets_L40_stepsweep/bc_baseline_none_steps20000_tr1]:  12%|█▏        | 2373/20000 [00:51<05:32, 53.03it/s, acc=0.305, device=mps, eta=6m26s, loss=2.0000, sps=46.1]
BC[stage1_datasets_L40_stepsweep/bc_baseline_none_steps20000_tr1]:  12%|█▏        | 2381/20000 [00:51<06:22, 46.11it/s, acc=0.305, device=mps, eta=6m26s, loss=2.0000, sps=46.1]
BC[stage1_datasets_L40_stepsweep/bc_baseline_none_steps20000_tr1]:  12%|█▏        | 2389/20000 [00:51<05:36, 52.34it/s, acc=0.305, device=mps, eta=6m26s, loss=2.0000, sps=46.1]
BC[stage1_datasets_L40_stepsweep/bc_baseline_none_steps20000_tr1]:  12%|█▏        | 2397/20000 [00:51<05:04, 57.78it/s, acc=0.305, device=mps, eta=6m26s, loss=2.0000, sps=46.1]
BC[stage1_datasets_L40_stepsweep/bc_baseline_none_steps20000_tr1]:  12%|█▏        | 2397/20000 [00:51<05:04, 57.78it/s, acc=0.299, device=mps, eta=6m21s, loss=2.0095, sps=46.2]
BC[stage1_datasets_L40_stepsweep/bc_baseline_none_steps20000_tr1]:  12%|█▏        | 2404/20000 [00:52<05:59, 48.89it/s, acc=0.299, device=mps, eta=6m21s, loss=2.0095, sps=46.2]
BC[stage1_datasets_L40_stepsweep/bc_baseline_none_steps20000_tr1]:  12%|█▏        | 2411/20000 [00:52<05:36, 52.22it/s, acc=0.299, device=mps, eta=6m21s, loss=2.0095, sps=46.2]
BC[stage1_datasets_L40_stepsweep/bc_baseline_none_steps20000_tr1]:  12%|█▏        | 2417/20000 [00:52<05:29, 53.37it/s, acc=0.299, device=mps, eta=6m21s, loss=2.0095, sps=46.2]
BC[stage1_datasets_L40_stepsweep/bc_baseline_none_steps20000_tr1]:  12%|█▏        | 2423/20000 [00:52<06:46, 43.23it/s, acc=0.299, device=mps, eta=6m21s, loss=2.0095, sps=46.2]
BC[stage1_datasets_L40_stepsweep/bc_baseline_none_steps20000_tr1]:  12%|█▏        | 2429/20000 [00:52<06:22, 45.97it/s, acc=0.299, device=mps, eta=6m21s, loss=2.0095, sps=46.2]
BC[stage1_datasets_L40_stepsweep/bc_baseline_none_steps20000_tr1]:  12%|█▏        | 2435/20000 [00:52<05:59, 48.92it/s, acc=0.299, device=mps, eta=6m21s, loss=2.0095, sps=46.2]
BC[stage1_datasets_L40_stepsweep/bc_baseline_none_steps20000_tr1]:  12%|█▏        | 2441/20000 [00:52<07:16, 40.26it/s, acc=0.299, device=mps, eta=6m21s, loss=2.0095, sps=46.2]
BC[stage1_datasets_L40_stepsweep/bc_baseline_none_steps20000_tr1]:  12%|█▏        | 2449/20000 [00:53<06:04, 48.20it/s, acc=0.299, device=mps, eta=6m21s, loss=2.0095, sps=46.2]
BC[stage1_datasets_L40_stepsweep/bc_baseline_none_steps20000_tr1]:  12%|█▏        | 2457/20000 [00:53<05:18, 55.01it/s, acc=0.299, device=mps, eta=6m21s, loss=2.0095, sps=46.2]
BC[stage1_datasets_L40_stepsweep/bc_baseline_none_steps20000_tr1]:  12%|█▏        | 2464/20000 [00:53<06:10, 47.28it/s, acc=0.299, device=mps, eta=6m21s, loss=2.0095, sps=46.2]
BC[stage1_datasets_L40_stepsweep/bc_baseline_none_steps20000_tr1]:  12%|█▏        | 2472/20000 [00:53<05:29, 53.17it/s, acc=0.299, device=mps, eta=6m21s, loss=2.0095, sps=46.2]
BC[stage1_datasets_L40_stepsweep/bc_baseline_none_steps20000_tr1]:  12%|█▏        | 2480/20000 [00:53<04:58, 58.61it/s, acc=0.299, device=mps, eta=6m21s, loss=2.0095, sps=46.2]
BC[stage1_datasets_L40_stepsweep/bc_baseline_none_steps20000_tr1]:  12%|█▏        | 2487/20000 [00:53<06:11, 47.20it/s, acc=0.299, device=mps, eta=6m21s, loss=2.0095, sps=46.2]
BC[stage1_datasets_L40_stepsweep/bc_baseline_none_steps20000_tr1]:  12%|█▏        | 2493/20000 [00:53<05:55, 49.28it/s, acc=0.299, device=mps, eta=6m21s, loss=2.0095, sps=46.2]
BC[stage1_datasets_L40_stepsweep/bc_baseline_none_steps20000_tr1]:  12%|█▏        | 2499/20000 [00:54<05:46, 50.45it/s, acc=0.299, device=mps, eta=6m21s, loss=2.0095, sps=46.2]
BC[stage1_datasets_L40_stepsweep/bc_baseline_none_steps20000_tr1]:  13%|█▎        | 2505/20000 [00:54<07:04, 41.23it/s, acc=0.299, device=mps, eta=6m21s, loss=2.0095, sps=46.2]
BC[stage1_datasets_L40_stepsweep/bc_baseline_none_steps20000_tr1]:  13%|█▎        | 2511/20000 [00:54<06:35, 44.17it/s, acc=0.299, device=mps, eta=6m21s, loss=2.0095, sps=46.2]
BC[stage1_datasets_L40_stepsweep/bc_baseline_none_steps20000_tr1]:  13%|█▎        | 2517/20000 [00:54<06:09, 47.37it/s, acc=0.299, device=mps, eta=6m21s, loss=2.0095, sps=46.2]
BC[stage1_datasets_L40_stepsweep/bc_baseline_none_steps20000_tr1]:  13%|█▎        | 2523/20000 [00:54<07:11, 40.53it/s, acc=0.299, device=mps, eta=6m21s, loss=2.0095, sps=46.2]
BC[stage1_datasets_L40_stepsweep/bc_baseline_none_steps20000_tr1]:  13%|█▎        | 2531/20000 [00:54<05:59, 48.53it/s, acc=0.299, device=mps, eta=6m21s, loss=2.0095, sps=46.2]
BC[stage1_datasets_L40_stepsweep/bc_baseline_none_steps20000_tr1]:  13%|█▎        | 2539/20000 [00:54<05:18, 54.89it/s, acc=0.299, device=mps, eta=6m21s, loss=2.0095, sps=46.2]
BC[stage1_datasets_L40_stepsweep/bc_baseline_none_steps20000_tr1]:  13%|█▎        | 2545/20000 [00:55<06:28, 44.98it/s, acc=0.299, device=mps, eta=6m21s, loss=2.0095, sps=46.2]
BC[stage1_datasets_L40_stepsweep/bc_baseline_none_steps20000_tr1]:  13%|█▎        | 2551/20000 [00:55<06:03, 48.06it/s, acc=0.299, device=mps, eta=6m21s, loss=2.0095, sps=46.2]
BC[stage1_datasets_L40_stepsweep/bc_baseline_none_steps20000_tr1]:  13%|█▎        | 2557/20000 [00:55<05:42, 50.87it/s, acc=0.299, device=mps, eta=6m21s, loss=2.0095, sps=46.2]
BC[stage1_datasets_L40_stepsweep/bc_baseline_none_steps20000_tr1]:  13%|█▎        | 2563/20000 [00:55<07:06, 40.91it/s, acc=0.299, device=mps, eta=6m21s, loss=2.0095, sps=46.2]
BC[stage1_datasets_L40_stepsweep/bc_baseline_none_steps20000_tr1]:  13%|█▎        | 2569/20000 [00:55<06:27, 44.99it/s, acc=0.299, device=mps, eta=6m21s, loss=2.0095, sps=46.2]
BC[stage1_datasets_L40_stepsweep/bc_baseline_none_steps20000_tr1]:  13%|█▎        | 2576/20000 [00:55<05:54, 49.16it/s, acc=0.299, device=mps, eta=6m21s, loss=2.0095, sps=46.2]
BC[stage1_datasets_L40_stepsweep/bc_baseline_none_steps20000_tr1]:  13%|█▎        | 2582/20000 [00:55<06:52, 42.24it/s, acc=0.299, device=mps, eta=6m21s, loss=2.0095, sps=46.2]
BC[stage1_datasets_L40_stepsweep/bc_baseline_none_steps20000_tr1]:  13%|█▎        | 2590/20000 [00:55<05:47, 50.07it/s, acc=0.299, device=mps, eta=6m21s, loss=2.0095, sps=46.2]
BC[stage1_datasets_L40_stepsweep/bc_baseline_none_steps20000_tr1]:  13%|█▎        | 2598/20000 [00:56<05:04, 57.16it/s, acc=0.299, device=mps, eta=6m21s, loss=2.0095, sps=46.2]
BC[stage1_datasets_L40_stepsweep/bc_baseline_none_steps20000_tr1]:  13%|█▎        | 2598/20000 [00:56<05:04, 57.16it/s, acc=0.301, device=mps, eta=6m16s, loss=2.0007, sps=46.3]
BC[stage1_datasets_L40_stepsweep/bc_baseline_none_steps20000_tr1]:  13%|█▎        | 2605/20000 [00:56<05:57, 48.62it/s, acc=0.301, device=mps, eta=6m16s, loss=2.0007, sps=46.3]
BC[stage1_datasets_L40_stepsweep/bc_baseline_none_steps20000_tr1]:  13%|█▎        | 2613/20000 [00:56<05:19, 54.39it/s, acc=0.301, device=mps, eta=6m16s, loss=2.0007, sps=46.3]
BC[stage1_datasets_L40_stepsweep/bc_baseline_none_steps20000_tr1]:  13%|█▎        | 2621/20000 [00:56<06:17, 46.03it/s, acc=0.301, device=mps, eta=6m16s, loss=2.0007, sps=46.3]
BC[stage1_datasets_L40_stepsweep/bc_baseline_none_steps20000_tr1]:  13%|█▎        | 2629/20000 [00:56<05:30, 52.56it/s, acc=0.301, device=mps, eta=6m16s, loss=2.0007, sps=46.3]
BC[stage1_datasets_L40_stepsweep/bc_baseline_none_steps20000_tr1]:  13%|█▎        | 2637/20000 [00:56<04:58, 58.14it/s, acc=0.301, device=mps, eta=6m16s, loss=2.0007, sps=46.3]
BC[stage1_datasets_L40_stepsweep/bc_baseline_none_steps20000_tr1]:  13%|█▎        | 2644/20000 [00:57<06:12, 46.60it/s, acc=0.301, device=mps, eta=6m16s, loss=2.0007, sps=46.3]
BC[stage1_datasets_L40_stepsweep/bc_baseline_none_steps20000_tr1]:  13%|█▎        | 2650/20000 [00:57<06:00, 48.16it/s, acc=0.301, device=mps, eta=6m16s, loss=2.0007, sps=46.3]
BC[stage1_datasets_L40_stepsweep/bc_baseline_none_steps20000_tr1]:  13%|█▎        | 2657/20000 [00:57<05:35, 51.70it/s, acc=0.301, device=mps, eta=6m16s, loss=2.0007, sps=46.3]
BC[stage1_datasets_L40_stepsweep/bc_baseline_none_steps20000_tr1]:  13%|█▎        | 2663/20000 [00:57<06:34, 43.95it/s, acc=0.301, device=mps, eta=6m16s, loss=2.0007, sps=46.3]
BC[stage1_datasets_L40_stepsweep/bc_baseline_none_steps20000_tr1]:  13%|█▎        | 2671/20000 [00:57<05:41, 50.74it/s, acc=0.301, device=mps, eta=6m16s, loss=2.0007, sps=46.3]
BC[stage1_datasets_L40_stepsweep/bc_baseline_none_steps20000_tr1]:  13%|█▎        | 2679/20000 [00:57<05:01, 57.47it/s, acc=0.301, device=mps, eta=6m16s, loss=2.0007, sps=46.3]
BC[stage1_datasets_L40_stepsweep/bc_baseline_none_steps20000_tr1]:  13%|█▎        | 2686/20000 [00:57<05:57, 48.44it/s, acc=0.301, device=mps, eta=6m16s, loss=2.0007, sps=46.3]
BC[stage1_datasets_L40_stepsweep/bc_baseline_none_steps20000_tr1]:  13%|█▎        | 2694/20000 [00:57<05:16, 54.63it/s, acc=0.301, device=mps, eta=6m16s, loss=2.0007, sps=46.3]
BC[stage1_datasets_L40_stepsweep/bc_baseline_none_steps20000_tr1]:  14%|█▎        | 2701/20000 [00:58<06:15, 46.04it/s, acc=0.301, device=mps, eta=6m16s, loss=2.0007, sps=46.3]
BC[stage1_datasets_L40_stepsweep/bc_baseline_none_steps20000_tr1]:  14%|█▎        | 2709/20000 [00:58<05:28, 52.64it/s, acc=0.301, device=mps, eta=6m16s, loss=2.0007, sps=46.3]
BC[stage1_datasets_L40_stepsweep/bc_baseline_none_steps20000_tr1]:  14%|█▎        | 2717/20000 [00:58<04:57, 58.04it/s, acc=0.301, device=mps, eta=6m16s, loss=2.0007, sps=46.3]
BC[stage1_datasets_L40_stepsweep/bc_baseline_none_steps20000_tr1]:  14%|█▎        | 2724/20000 [00:58<05:55, 48.63it/s, acc=0.301, device=mps, eta=6m16s, loss=2.0007, sps=46.3]
BC[stage1_datasets_L40_stepsweep/bc_baseline_none_steps20000_tr1]:  14%|█▎        | 2731/20000 [00:58<05:31, 52.05it/s, acc=0.301, device=mps, eta=6m16s, loss=2.0007, sps=46.3]
BC[stage1_datasets_L40_stepsweep/bc_baseline_none_steps20000_tr1]:  14%|█▎        | 2737/20000 [00:58<05:21, 53.77it/s, acc=0.301, device=mps, eta=6m16s, loss=2.0007, sps=46.3]
BC[stage1_datasets_L40_stepsweep/bc_baseline_none_steps20000_tr1]:  14%|█▎        | 2743/20000 [00:59<06:46, 42.50it/s, acc=0.301, device=mps, eta=6m16s, loss=2.0007, sps=46.3]
BC[stage1_datasets_L40_stepsweep/bc_baseline_none_steps20000_tr1]:  14%|█▎        | 2749/20000 [00:59<06:22, 45.14it/s, acc=0.301, device=mps, eta=6m16s, loss=2.0007, sps=46.3]
BC[stage1_datasets_L40_stepsweep/bc_baseline_none_steps20000_tr1]:  14%|█▍        | 2755/20000 [00:59<05:57, 48.23it/s, acc=0.301, device=mps, eta=6m16s, loss=2.0007, sps=46.3]
BC[stage1_datasets_L40_stepsweep/bc_baseline_none_steps20000_tr1]:  14%|█▍        | 2761/20000 [00:59<07:16, 39.53it/s, acc=0.301, device=mps, eta=6m16s, loss=2.0007, sps=46.3]
BC[stage1_datasets_L40_stepsweep/bc_baseline_none_steps20000_tr1]:  14%|█▍        | 2769/20000 [00:59<06:01, 47.71it/s, acc=0.301, device=mps, eta=6m16s, loss=2.0007, sps=46.3]
BC[stage1_datasets_L40_stepsweep/bc_baseline_none_steps20000_tr1]:  14%|█▍        | 2777/20000 [00:59<05:15, 54.63it/s, acc=0.301, device=mps, eta=6m16s, loss=2.0007, sps=46.3]
BC[stage1_datasets_L40_stepsweep/bc_baseline_none_steps20000_tr1]:  14%|█▍        | 2784/20000 [00:59<06:11, 46.33it/s, acc=0.301, device=mps, eta=6m16s, loss=2.0007, sps=46.3]
BC[stage1_datasets_L40_stepsweep/bc_baseline_none_steps20000_tr1]:  14%|█▍        | 2791/20000 [01:00<05:45, 49.78it/s, acc=0.301, device=mps, eta=6m16s, loss=2.0007, sps=46.3]
BC[stage1_datasets_L40_stepsweep/bc_baseline_none_steps20000_tr1]:  14%|█▍        | 2797/20000 [01:00<05:31, 51.82it/s, acc=0.301, device=mps, eta=6m16s, loss=2.0007, sps=46.3]
BC[stage1_datasets_L40_stepsweep/bc_baseline_none_steps20000_tr1]:  14%|█▍        | 2797/20000 [01:00<05:31, 51.82it/s, acc=0.305, device=mps, eta=6m10s, loss=2.0050, sps=46.5]
BC[stage1_datasets_L40_stepsweep/bc_baseline_none_steps20000_tr1]:  14%|█▍        | 2803/20000 [01:00<06:52, 41.66it/s, acc=0.305, device=mps, eta=6m10s, loss=2.0050, sps=46.5]
BC[stage1_datasets_L40_stepsweep/bc_baseline_none_steps20000_tr1]:  14%|█▍        | 2811/20000 [01:00<05:56, 48.17it/s, acc=0.305, device=mps, eta=6m10s, loss=2.0050, sps=46.5]
BC[stage1_datasets_L40_stepsweep/bc_baseline_none_steps20000_tr1]:  14%|█▍        | 2817/20000 [01:00<05:44, 49.85it/s, acc=0.305, device=mps, eta=6m10s, loss=2.0050, sps=46.5]
BC[stage1_datasets_L40_stepsweep/bc_baseline_none_steps20000_tr1]:  14%|█▍        | 2823/20000 [01:00<06:53, 41.50it/s, acc=0.305, device=mps, eta=6m10s, loss=2.0050, sps=46.5]
BC[stage1_datasets_L40_stepsweep/bc_baseline_none_steps20000_tr1]:  14%|█▍        | 2829/20000 [01:00<06:18, 45.42it/s, acc=0.305, device=mps, eta=6m10s, loss=2.0050, sps=46.5]
BC[stage1_datasets_L40_stepsweep/bc_baseline_none_steps20000_tr1]:  14%|█▍        | 2836/20000 [01:00<05:46, 49.55it/s, acc=0.305, device=mps, eta=6m10s, loss=2.0050, sps=46.5]
BC[stage1_datasets_L40_stepsweep/bc_baseline_none_steps20000_tr1]:  14%|█▍        | 2842/20000 [01:01<06:51, 41.71it/s, acc=0.305, device=mps, eta=6m10s, loss=2.0050, sps=46.5]
BC[stage1_datasets_L40_stepsweep/bc_baseline_none_steps20000_tr1]:  14%|█▍        | 2850/20000 [01:01<05:49, 49.14it/s, acc=0.305, device=mps, eta=6m10s, loss=2.0050, sps=46.5]
BC[stage1_datasets_L40_stepsweep/bc_baseline_none_steps20000_tr1]:  14%|█▍        | 2858/20000 [01:01<05:13, 54.75it/s, acc=0.305, device=mps, eta=6m10s, loss=2.0050, sps=46.5]
BC[stage1_datasets_L40_stepsweep/bc_baseline_none_steps20000_tr1]:  14%|█▍        | 2864/20000 [01:01<06:16, 45.52it/s, acc=0.305, device=mps, eta=6m10s, loss=2.0050, sps=46.5]
BC[stage1_datasets_L40_stepsweep/bc_baseline_none_steps20000_tr1]:  14%|█▍        | 2870/20000 [01:01<06:04, 46.96it/s, acc=0.305, device=mps, eta=6m10s, loss=2.0050, sps=46.5]
BC[stage1_datasets_L40_stepsweep/bc_baseline_none_steps20000_tr1]:  14%|█▍        | 2876/20000 [01:01<05:58, 47.80it/s, acc=0.305, device=mps, eta=6m10s, loss=2.0050, sps=46.5]
BC[stage1_datasets_L40_stepsweep/bc_baseline_none_steps20000_tr1]:  14%|█▍        | 2882/20000 [01:02<07:19, 38.93it/s, acc=0.305, device=mps, eta=6m10s, loss=2.0050, sps=46.5]
BC[stage1_datasets_L40_stepsweep/bc_baseline_none_steps20000_tr1]:  14%|█▍        | 2890/20000 [01:02<06:12, 45.96it/s, acc=0.305, device=mps, eta=6m10s, loss=2.0050, sps=46.5]
BC[stage1_datasets_L40_stepsweep/bc_baseline_none_steps20000_tr1]:  14%|█▍        | 2896/20000 [01:02<05:50, 48.78it/s, acc=0.305, device=mps, eta=6m10s, loss=2.0050, sps=46.5]
BC[stage1_datasets_L40_stepsweep/bc_baseline_none_steps20000_tr1]:  15%|█▍        | 2902/20000 [01:02<06:54, 41.24it/s, acc=0.305, device=mps, eta=6m10s, loss=2.0050, sps=46.5]
BC[stage1_datasets_L40_stepsweep/bc_baseline_none_steps20000_tr1]:  15%|█▍        | 2910/20000 [01:02<05:51, 48.66it/s, acc=0.305, device=mps, eta=6m10s, loss=2.0050, sps=46.5]
BC[stage1_datasets_L40_stepsweep/bc_baseline_none_steps20000_tr1]:  15%|█▍        | 2918/20000 [01:02<05:13, 54.48it/s, acc=0.305, device=mps, eta=6m10s, loss=2.0050, sps=46.5]
BC[stage1_datasets_L40_stepsweep/bc_baseline_none_steps20000_tr1]:  15%|█▍        | 2924/20000 [01:02<06:23, 44.53it/s, acc=0.305, device=mps, eta=6m10s, loss=2.0050, sps=46.5]
BC[stage1_datasets_L40_stepsweep/bc_baseline_none_steps20000_tr1]:  15%|█▍        | 2930/20000 [01:03<06:04, 46.88it/s, acc=0.305, device=mps, eta=6m10s, loss=2.0050, sps=46.5]
BC[stage1_datasets_L40_stepsweep/bc_baseline_none_steps20000_tr1]:  15%|█▍        | 2936/20000 [01:03<05:49, 48.84it/s, acc=0.305, device=mps, eta=6m10s, loss=2.0050, sps=46.5]
BC[stage1_datasets_L40_stepsweep/bc_baseline_none_steps20000_tr1]:  15%|█▍        | 2942/20000 [01:03<07:06, 39.98it/s, acc=0.305, device=mps, eta=6m10s, loss=2.0050, sps=46.5]
BC[stage1_datasets_L40_stepsweep/bc_baseline_none_steps20000_tr1]:  15%|█▍        | 2947/20000 [01:03<06:55, 41.08it/s, acc=0.305, device=mps, eta=6m10s, loss=2.0050, sps=46.5]
BC[stage1_datasets_L40_stepsweep/bc_baseline_none_steps20000_tr1]:  15%|█▍        | 2953/20000 [01:03<06:25, 44.18it/s, acc=0.305, device=mps, eta=6m10s, loss=2.0050, sps=46.5]
BC[stage1_datasets_L40_stepsweep/bc_baseline_none_steps20000_tr1]:  15%|█▍        | 2960/20000 [01:03<05:40, 50.03it/s, acc=0.305, device=mps, eta=6m10s, loss=2.0050, sps=46.5]
BC[stage1_datasets_L40_stepsweep/bc_baseline_none_steps20000_tr1]:  15%|█▍        | 2966/20000 [01:03<06:46, 41.93it/s, acc=0.305, device=mps, eta=6m10s, loss=2.0050, sps=46.5]
BC[stage1_datasets_L40_stepsweep/bc_baseline_none_steps20000_tr1]:  15%|█▍        | 2974/20000 [01:03<05:42, 49.69it/s, acc=0.305, device=mps, eta=6m10s, loss=2.0050, sps=46.5]
BC[stage1_datasets_L40_stepsweep/bc_baseline_none_steps20000_tr1]:  15%|█▍        | 2981/20000 [01:04<06:29, 43.65it/s, acc=0.305, device=mps, eta=6m10s, loss=2.0050, sps=46.5]
BC[stage1_datasets_L40_stepsweep/bc_baseline_none_steps20000_tr1]:  15%|█▍        | 2989/20000 [01:04<05:35, 50.72it/s, acc=0.305, device=mps, eta=6m10s, loss=2.0050, sps=46.5]
BC[stage1_datasets_L40_stepsweep/bc_baseline_none_steps20000_tr1]:  15%|█▍        | 2997/20000 [01:04<05:00, 56.65it/s, acc=0.305, device=mps, eta=6m10s, loss=2.0050, sps=46.5]
BC[stage1_datasets_L40_stepsweep/bc_baseline_none_steps20000_tr1]:  15%|█▍        | 2997/20000 [01:04<05:00, 56.65it/s, acc=0.302, device=mps, eta=6m05s, loss=2.0022, sps=46.5]
BC[stage1_datasets_L40_stepsweep/bc_baseline_none_steps20000_tr1]:  15%|█▌        | 3004/20000 [01:04<05:59, 47.29it/s, acc=0.302, device=mps, eta=6m05s, loss=2.0022, sps=46.5]
BC[stage1_datasets_L40_stepsweep/bc_baseline_none_steps20000_tr1]:  15%|█▌        | 3010/20000 [01:04<05:42, 49.67it/s, acc=0.302, device=mps, eta=6m05s, loss=2.0022, sps=46.5]
BC[stage1_datasets_L40_stepsweep/bc_baseline_none_steps20000_tr1]:  15%|█▌        | 3016/20000 [01:04<05:29, 51.59it/s, acc=0.302, device=mps, eta=6m05s, loss=2.0022, sps=46.5]
BC[stage1_datasets_L40_stepsweep/bc_baseline_none_steps20000_tr1]:  15%|█▌        | 3022/20000 [01:05<06:46, 41.79it/s, acc=0.302, device=mps, eta=6m05s, loss=2.0022, sps=46.5]
BC[stage1_datasets_L40_stepsweep/bc_baseline_none_steps20000_tr1]:  15%|█▌        | 3030/20000 [01:05<05:49, 48.55it/s, acc=0.302, device=mps, eta=6m05s, loss=2.0022, sps=46.5]
BC[stage1_datasets_L40_stepsweep/bc_baseline_none_steps20000_tr1]:  15%|█▌        | 3036/20000 [01:05<05:31, 51.20it/s, acc=0.302, device=mps, eta=6m05s, loss=2.0022, sps=46.5]
BC[stage1_datasets_L40_stepsweep/bc_baseline_none_steps20000_tr1]:  15%|█▌        | 3042/20000 [01:05<06:39, 42.46it/s, acc=0.302, device=mps, eta=6m05s, loss=2.0022, sps=46.5]
BC[stage1_datasets_L40_stepsweep/bc_baseline_none_steps20000_tr1]:  15%|█▌        | 3050/20000 [01:05<05:39, 49.97it/s, acc=0.302, device=mps, eta=6m05s, loss=2.0022, sps=46.5]
BC[stage1_datasets_L40_stepsweep/bc_baseline_none_steps20000_tr1]:  15%|█▌        | 3058/20000 [01:05<05:01, 56.14it/s, acc=0.302, device=mps, eta=6m05s, loss=2.0022, sps=46.5]
BC[stage1_datasets_L40_stepsweep/bc_baseline_none_steps20000_tr1]:  15%|█▌        | 3065/20000 [01:05<06:02, 46.75it/s, acc=0.302, device=mps, eta=6m05s, loss=2.0022, sps=46.5]
BC[stage1_datasets_L40_stepsweep/bc_baseline_none_steps20000_tr1]:  15%|█▌        | 3072/20000 [01:05<05:37, 50.11it/s, acc=0.302, device=mps, eta=6m05s, loss=2.0022, sps=46.5]
BC[stage1_datasets_L40_stepsweep/bc_baseline_none_steps20000_tr1]:  15%|█▌        | 3078/20000 [01:06<05:28, 51.53it/s, acc=0.302, device=mps, eta=6m05s, loss=2.0022, sps=46.5]
BC[stage1_datasets_L40_stepsweep/bc_baseline_none_steps20000_tr1]:  15%|█▌        | 3084/20000 [01:06<06:42, 41.99it/s, acc=0.302, device=mps, eta=6m05s, loss=2.0022, sps=46.5]
BC[stage1_datasets_L40_stepsweep/bc_baseline_none_steps20000_tr1]:  15%|█▌        | 3089/20000 [01:06<06:30, 43.35it/s, acc=0.302, device=mps, eta=6m05s, loss=2.0022, sps=46.5]
BC[stage1_datasets_L40_stepsweep/bc_baseline_none_steps20000_tr1]:  15%|█▌        | 3095/20000 [01:06<06:02, 46.64it/s, acc=0.302, device=mps, eta=6m05s, loss=2.0022, sps=46.5]
BC[stage1_datasets_L40_stepsweep/bc_baseline_none_steps20000_tr1]:  16%|█▌        | 3101/20000 [01:06<07:05, 39.71it/s, acc=0.302, device=mps, eta=6m05s, loss=2.0022, sps=46.5]
BC[stage1_datasets_L40_stepsweep/bc_baseline_none_steps20000_tr1]:  16%|█▌        | 3109/20000 [01:06<05:53, 47.81it/s, acc=0.302, device=mps, eta=6m05s, loss=2.0022, sps=46.5]
BC[stage1_datasets_L40_stepsweep/bc_baseline_none_steps20000_tr1]:  16%|█▌        | 3117/20000 [01:06<05:08, 54.69it/s, acc=0.302, device=mps, eta=6m05s, loss=2.0022, sps=46.5]
BC[stage1_datasets_L40_stepsweep/bc_baseline_none_steps20000_tr1]:  16%|█▌        | 3123/20000 [01:07<06:12, 45.29it/s, acc=0.302, device=mps, eta=6m05s, loss=2.0022, sps=46.5]
BC[stage1_datasets_L40_stepsweep/bc_baseline_none_steps20000_tr1]:  16%|█▌        | 3131/20000 [01:07<05:20, 52.63it/s, acc=0.302, device=mps, eta=6m05s, loss=2.0022, sps=46.5]
BC[stage1_datasets_L40_stepsweep/bc_baseline_none_steps20000_tr1]:  16%|█▌        | 3139/20000 [01:07<04:46, 58.87it/s, acc=0.302, device=mps, eta=6m05s, loss=2.0022, sps=46.5]
BC[stage1_datasets_L40_stepsweep/bc_baseline_none_steps20000_tr1]:  16%|█▌        | 3146/20000 [01:07<05:47, 48.53it/s, acc=0.302, device=mps, eta=6m05s, loss=2.0022, sps=46.5]
BC[stage1_datasets_L40_stepsweep/bc_baseline_none_steps20000_tr1]:  16%|█▌        | 3153/20000 [01:07<05:26, 51.52it/s, acc=0.302, device=mps, eta=6m05s, loss=2.0022, sps=46.5]
BC[stage1_datasets_L40_stepsweep/bc_baseline_none_steps20000_tr1]:  16%|█▌        | 3159/20000 [01:07<05:17, 53.05it/s, acc=0.302, device=mps, eta=6m05s, loss=2.0022, sps=46.5]
BC[stage1_datasets_L40_stepsweep/bc_baseline_none_steps20000_tr1]:  16%|█▌        | 3165/20000 [01:07<06:38, 42.26it/s, acc=0.302, device=mps, eta=6m05s, loss=2.0022, sps=46.5]
BC[stage1_datasets_L40_stepsweep/bc_baseline_none_steps20000_tr1]:  16%|█▌        | 3171/20000 [01:08<06:10, 45.42it/s, acc=0.302, device=mps, eta=6m05s, loss=2.0022, sps=46.5]
BC[stage1_datasets_L40_stepsweep/bc_baseline_none_steps20000_tr1]:  16%|█▌        | 3178/20000 [01:08<05:39, 49.59it/s, acc=0.302, device=mps, eta=6m05s, loss=2.0022, sps=46.5]
BC[stage1_datasets_L40_stepsweep/bc_baseline_none_steps20000_tr1]:  16%|█▌        | 3184/20000 [01:08<06:58, 40.22it/s, acc=0.302, device=mps, eta=6m05s, loss=2.0022, sps=46.5]
BC[stage1_datasets_L40_stepsweep/bc_baseline_none_steps20000_tr1]:  16%|█▌        | 3190/20000 [01:08<06:29, 43.16it/s, acc=0.302, device=mps, eta=6m05s, loss=2.0022, sps=46.5]
BC[stage1_datasets_L40_stepsweep/bc_baseline_none_steps20000_tr1]:  16%|█▌        | 3197/20000 [01:08<05:49, 48.13it/s, acc=0.302, device=mps, eta=6m05s, loss=2.0022, sps=46.5]
BC[stage1_datasets_L40_stepsweep/bc_baseline_none_steps20000_tr1]:  16%|█▌        | 3197/20000 [01:08<05:49, 48.13it/s, acc=0.304, device=mps, eta=6m01s, loss=2.0037, sps=46.6]
BC[stage1_datasets_L40_stepsweep/bc_baseline_none_steps20000_tr1]:  16%|█▌        | 3203/20000 [01:08<06:41, 41.84it/s, acc=0.304, device=mps, eta=6m01s, loss=2.0037, sps=46.6]
BC[stage1_datasets_L40_stepsweep/bc_baseline_none_steps20000_tr1]:  16%|█▌        | 3211/20000 [01:08<05:41, 49.17it/s, acc=0.304, device=mps, eta=6m01s, loss=2.0037, sps=46.6]
BC[stage1_datasets_L40_stepsweep/bc_baseline_none_steps20000_tr1]:  16%|█▌        | 3219/20000 [01:09<05:01, 55.58it/s, acc=0.304, device=mps, eta=6m01s, loss=2.0037, sps=46.6]
BC[stage1_datasets_L40_stepsweep/bc_baseline_none_steps20000_tr1]:  16%|█▌        | 3226/20000 [01:09<06:00, 46.57it/s, acc=0.304, device=mps, eta=6m01s, loss=2.0037, sps=46.6]
BC[stage1_datasets_L40_stepsweep/bc_baseline_none_steps20000_tr1]:  16%|█▌        | 3233/20000 [01:09<05:35, 49.92it/s, acc=0.304, device=mps, eta=6m01s, loss=2.0037, sps=46.6]
BC[stage1_datasets_L40_stepsweep/bc_baseline_none_steps20000_tr1]:  16%|█▌        | 3239/20000 [01:09<05:23, 51.80it/s, acc=0.304, device=mps, eta=6m01s, loss=2.0037, sps=46.6]
BC[stage1_datasets_L40_stepsweep/bc_baseline_none_steps20000_tr1]:  16%|█▌        | 3245/20000 [01:09<06:38, 42.00it/s, acc=0.304, device=mps, eta=6m01s, loss=2.0037, sps=46.6]
BC[stage1_datasets_L40_stepsweep/bc_baseline_none_steps20000_tr1]:  16%|█▋        | 3251/20000 [01:09<06:14, 44.68it/s, acc=0.304, device=mps, eta=6m01s, loss=2.0037, sps=46.6]
BC[stage1_datasets_L40_stepsweep/bc_baseline_none_steps20000_tr1]:  16%|█▋        | 3257/20000 [01:09<05:53, 47.31it/s, acc=0.304, device=mps, eta=6m01s, loss=2.0037, sps=46.6]
BC[stage1_datasets_L40_stepsweep/bc_baseline_none_steps20000_tr1]:  16%|█▋        | 3263/20000 [01:10<07:02, 39.63it/s, acc=0.304, device=mps, eta=6m01s, loss=2.0037, sps=46.6]
BC[stage1_datasets_L40_stepsweep/bc_baseline_none_steps20000_tr1]:  16%|█▋        | 3271/20000 [01:10<05:49, 47.85it/s, acc=0.304, device=mps, eta=6m01s, loss=2.0037, sps=46.6]
BC[stage1_datasets_L40_stepsweep/bc_baseline_none_steps20000_tr1]:  16%|█▋        | 3279/20000 [01:10<05:04, 54.87it/s, acc=0.304, device=mps, eta=6m01s, loss=2.0037, sps=46.6]
BC[stage1_datasets_L40_stepsweep/bc_baseline_none_steps20000_tr1]:  16%|█▋        | 3286/20000 [01:10<05:59, 46.47it/s, acc=0.304, device=mps, eta=6m01s, loss=2.0037, sps=46.6]
BC[stage1_datasets_L40_stepsweep/bc_baseline_none_steps20000_tr1]:  16%|█▋        | 3293/20000 [01:10<05:26, 51.18it/s, acc=0.304, device=mps, eta=6m01s, loss=2.0037, sps=46.6]
BC[stage1_datasets_L40_stepsweep/bc_baseline_none_steps20000_tr1]:  17%|█▋        | 3301/20000 [01:10<06:22, 43.71it/s, acc=0.304, device=mps, eta=6m01s, loss=2.0037, sps=46.6]
BC[stage1_datasets_L40_stepsweep/bc_baseline_none_steps20000_tr1]:  17%|█▋        | 3307/20000 [01:11<06:05, 45.69it/s, acc=0.304, device=mps, eta=6m01s, loss=2.0037, sps=46.6]
BC[stage1_datasets_L40_stepsweep/bc_baseline_none_steps20000_tr1]:  17%|█▋        | 3313/20000 [01:11<05:42, 48.78it/s, acc=0.304, device=mps, eta=6m01s, loss=2.0037, sps=46.6]
BC[stage1_datasets_L40_stepsweep/bc_baseline_none_steps20000_tr1]:  17%|█▋        | 3321/20000 [01:11<06:33, 42.42it/s, acc=0.304, device=mps, eta=6m01s, loss=2.0037, sps=46.6]
BC[stage1_datasets_L40_stepsweep/bc_baseline_none_steps20000_tr1]:  17%|█▋        | 3327/20000 [01:11<06:15, 44.45it/s, acc=0.304, device=mps, eta=6m01s, loss=2.0037, sps=46.6]
BC[stage1_datasets_L40_stepsweep/bc_baseline_none_steps20000_tr1]:  17%|█▋        | 3334/20000 [01:11<05:41, 48.84it/s, acc=0.304, device=mps, eta=6m01s, loss=2.0037, sps=46.6]
BC[stage1_datasets_L40_stepsweep/bc_baseline_none_steps20000_tr1]:  17%|█▋        | 3341/20000 [01:11<06:38, 41.79it/s, acc=0.304, device=mps, eta=6m01s, loss=2.0037, sps=46.6]
BC[stage1_datasets_L40_stepsweep/bc_baseline_none_steps20000_tr1]:  17%|█▋        | 3349/20000 [01:11<05:39, 49.04it/s, acc=0.304, device=mps, eta=6m01s, loss=2.0037, sps=46.6]
BC[stage1_datasets_L40_stepsweep/bc_baseline_none_steps20000_tr1]:  17%|█▋        | 3357/20000 [01:12<05:01, 55.19it/s, acc=0.304, device=mps, eta=6m01s, loss=2.0037, sps=46.6]
BC[stage1_datasets_L40_stepsweep/bc_baseline_none_steps20000_tr1]:  17%|█▋        | 3364/20000 [01:12<05:58, 46.47it/s, acc=0.304, device=mps, eta=6m01s, loss=2.0037, sps=46.6]
BC[stage1_datasets_L40_stepsweep/bc_baseline_none_steps20000_tr1]:  17%|█▋        | 3372/20000 [01:12<05:14, 52.81it/s, acc=0.304, device=mps, eta=6m01s, loss=2.0037, sps=46.6]
BC[stage1_datasets_L40_stepsweep/bc_baseline_none_steps20000_tr1]:  17%|█▋        | 3380/20000 [01:12<04:44, 58.51it/s, acc=0.304, device=mps, eta=6m01s, loss=2.0037, sps=46.6]
BC[stage1_datasets_L40_stepsweep/bc_baseline_none_steps20000_tr1]:  17%|█▋        | 3387/20000 [01:12<05:54, 46.92it/s, acc=0.304, device=mps, eta=6m01s, loss=2.0037, sps=46.6]
BC[stage1_datasets_L40_stepsweep/bc_baseline_none_steps20000_tr1]:  17%|█▋        | 3393/20000 [01:12<05:37, 49.19it/s, acc=0.304, device=mps, eta=6m01s, loss=2.0037, sps=46.6]
BC[stage1_datasets_L40_stepsweep/bc_baseline_none_steps20000_tr1]:  17%|█▋        | 3399/20000 [01:12<05:24, 51.17it/s, acc=0.304, device=mps, eta=6m01s, loss=2.0037, sps=46.6]
BC[stage1_datasets_L40_stepsweep/bc_baseline_none_steps20000_tr1]:  17%|█▋        | 3399/20000 [01:12<05:24, 51.17it/s, acc=0.306, device=mps, eta=5m56s, loss=1.9927, sps=46.7]
BC[stage1_datasets_L40_stepsweep/bc_baseline_none_steps20000_tr1]:  17%|█▋        | 3405/20000 [01:13<06:29, 42.61it/s, acc=0.306, device=mps, eta=5m56s, loss=1.9927, sps=46.7]
BC[stage1_datasets_L40_stepsweep/bc_baseline_none_steps20000_tr1]:  17%|█▋        | 3411/20000 [01:13<06:09, 44.94it/s, acc=0.306, device=mps, eta=5m56s, loss=1.9927, sps=46.7]
BC[stage1_datasets_L40_stepsweep/bc_baseline_none_steps20000_tr1]:  17%|█▋        | 3417/20000 [01:13<05:48, 47.56it/s, acc=0.306, device=mps, eta=5m56s, loss=1.9927, sps=46.7]
BC[stage1_datasets_L40_stepsweep/bc_baseline_none_steps20000_tr1]:  17%|█▋        | 3423/20000 [01:13<06:59, 39.47it/s, acc=0.306, device=mps, eta=5m56s, loss=1.9927, sps=46.7]
BC[stage1_datasets_L40_stepsweep/bc_baseline_none_steps20000_tr1]:  17%|█▋        | 3429/20000 [01:13<06:30, 42.41it/s, acc=0.306, device=mps, eta=5m56s, loss=1.9927, sps=46.7]
BC[stage1_datasets_L40_stepsweep/bc_baseline_none_steps20000_tr1]:  17%|█▋        | 3435/20000 [01:13<05:59, 46.10it/s, acc=0.306, device=mps, eta=5m56s, loss=1.9927, sps=46.7]
BC[stage1_datasets_L40_stepsweep/bc_baseline_none_steps20000_tr1]:  17%|█▋        | 3441/20000 [01:13<07:01, 39.32it/s, acc=0.306, device=mps, eta=5m56s, loss=1.9927, sps=46.7]
BC[stage1_datasets_L40_stepsweep/bc_baseline_none_steps20000_tr1]:  17%|█▋        | 3449/20000 [01:14<05:49, 47.38it/s, acc=0.306, device=mps, eta=5m56s, loss=1.9927, sps=46.7]
BC[stage1_datasets_L40_stepsweep/bc_baseline_none_steps20000_tr1]:  17%|█▋        | 3457/20000 [01:14<05:06, 53.94it/s, acc=0.306, device=mps, eta=5m56s, loss=1.9927, sps=46.7]
BC[stage1_datasets_L40_stepsweep/bc_baseline_none_steps20000_tr1]:  17%|█▋        | 3463/20000 [01:14<06:07, 44.95it/s, acc=0.306, device=mps, eta=5m56s, loss=1.9927, sps=46.7]
BC[stage1_datasets_L40_stepsweep/bc_baseline_none_steps20000_tr1]:  17%|█▋        | 3471/20000 [01:14<05:19, 51.67it/s, acc=0.306, device=mps, eta=5m56s, loss=1.9927, sps=46.7]
BC[stage1_datasets_L40_stepsweep/bc_baseline_none_steps20000_tr1]:  17%|█▋        | 3479/20000 [01:14<04:49, 57.15it/s, acc=0.306, device=mps, eta=5m56s, loss=1.9927, sps=46.7]
BC[stage1_datasets_L40_stepsweep/bc_baseline_none_steps20000_tr1]:  17%|█▋        | 3486/20000 [01:14<05:53, 46.70it/s, acc=0.306, device=mps, eta=5m56s, loss=1.9927, sps=46.7]
BC[stage1_datasets_L40_stepsweep/bc_baseline_none_steps20000_tr1]:  17%|█▋        | 3492/20000 [01:14<05:37, 48.88it/s, acc=0.306, device=mps, eta=5m56s, loss=1.9927, sps=46.7]
BC[stage1_datasets_L40_stepsweep/bc_baseline_none_steps20000_tr1]:  17%|█▋        | 3498/20000 [01:14<05:28, 50.23it/s, acc=0.306, device=mps, eta=5m56s, loss=1.9927, sps=46.7]
BC[stage1_datasets_L40_stepsweep/bc_baseline_none_steps20000_tr1]:  18%|█▊        | 3504/20000 [01:15<06:30, 42.21it/s, acc=0.306, device=mps, eta=5m56s, loss=1.9927, sps=46.7]
BC[stage1_datasets_L40_stepsweep/bc_baseline_none_steps20000_tr1]:  18%|█▊        | 3510/20000 [01:15<06:08, 44.80it/s, acc=0.306, device=mps, eta=5m56s, loss=1.9927, sps=46.7]
BC[stage1_datasets_L40_stepsweep/bc_baseline_none_steps20000_tr1]:  18%|█▊        | 3516/20000 [01:15<05:42, 48.10it/s, acc=0.306, device=mps, eta=5m56s, loss=1.9927, sps=46.7]
BC[stage1_datasets_L40_stepsweep/bc_baseline_none_steps20000_tr1]:  18%|█▊        | 3522/20000 [01:15<06:45, 40.67it/s, acc=0.306, device=mps, eta=5m56s, loss=1.9927, sps=46.7]
BC[stage1_datasets_L40_stepsweep/bc_baseline_none_steps20000_tr1]:  18%|█▊        | 3530/20000 [01:15<05:40, 48.40it/s, acc=0.306, device=mps, eta=5m56s, loss=1.9927, sps=46.7]
BC[stage1_datasets_L40_stepsweep/bc_baseline_none_steps20000_tr1]:  18%|█▊        | 3538/20000 [01:15<04:59, 54.92it/s, acc=0.306, device=mps, eta=5m56s, loss=1.9927, sps=46.7]
BC[stage1_datasets_L40_stepsweep/bc_baseline_none_steps20000_tr1]:  18%|█▊        | 3544/20000 [01:16<06:01, 45.58it/s, acc=0.306, device=mps, eta=5m56s, loss=1.9927, sps=46.7]
BC[stage1_datasets_L40_stepsweep/bc_baseline_none_steps20000_tr1]:  18%|█▊        | 3551/20000 [01:16<05:29, 49.91it/s, acc=0.306, device=mps, eta=5m56s, loss=1.9927, sps=46.7]
BC[stage1_datasets_L40_stepsweep/bc_baseline_none_steps20000_tr1]:  18%|█▊        | 3558/20000 [01:16<05:11, 52.78it/s, acc=0.306, device=mps, eta=5m56s, loss=1.9927, sps=46.7]
BC[stage1_datasets_L40_stepsweep/bc_baseline_none_steps20000_tr1]:  18%|█▊        | 3564/20000 [01:16<06:44, 40.67it/s, acc=0.306, device=mps, eta=5m56s, loss=1.9927, sps=46.7]
BC[stage1_datasets_L40_stepsweep/bc_baseline_none_steps20000_tr1]:  18%|█▊        | 3570/20000 [01:16<06:12, 44.06it/s, acc=0.306, device=mps, eta=5m56s, loss=1.9927, sps=46.7]
BC[stage1_datasets_L40_stepsweep/bc_baseline_none_steps20000_tr1]:  18%|█▊        | 3577/20000 [01:16<05:32, 49.33it/s, acc=0.306, device=mps, eta=5m56s, loss=1.9927, sps=46.7]
BC[stage1_datasets_L40_stepsweep/bc_baseline_none_steps20000_tr1]:  18%|█▊        | 3583/20000 [01:16<06:23, 42.85it/s, acc=0.306, device=mps, eta=5m56s, loss=1.9927, sps=46.7]
BC[stage1_datasets_L40_stepsweep/bc_baseline_none_steps20000_tr1]:  18%|█▊        | 3591/20000 [01:16<05:21, 51.00it/s, acc=0.306, device=mps, eta=5m56s, loss=1.9927, sps=46.7]
BC[stage1_datasets_L40_stepsweep/bc_baseline_none_steps20000_tr1]:  18%|█▊        | 3591/20000 [01:17<05:21, 51.00it/s, acc=0.302, device=mps, eta=5m51s, loss=2.0096, sps=46.7]
BC[stage1_datasets_L40_stepsweep/bc_baseline_none_steps20000_tr1]:  18%|█▊        | 3600/20000 [01:17<04:33, 59.95it/s, acc=0.302, device=mps, eta=5m51s, loss=2.0096, sps=46.7]
BC[stage1_datasets_L40_stepsweep/bc_baseline_none_steps20000_tr1]:  18%|█▊        | 3607/20000 [01:17<05:24, 50.50it/s, acc=0.302, device=mps, eta=5m51s, loss=2.0096, sps=46.7]
BC[stage1_datasets_L40_stepsweep/bc_baseline_none_steps20000_tr1]:  18%|█▊        | 3616/20000 [01:17<04:42, 57.93it/s, acc=0.302, device=mps, eta=5m51s, loss=2.0096, sps=46.7]
BC[stage1_datasets_L40_stepsweep/bc_baseline_none_steps20000_tr1]:  18%|█▊        | 3623/20000 [01:17<05:44, 47.56it/s, acc=0.302, device=mps, eta=5m51s, loss=2.0096, sps=46.7]
BC[stage1_datasets_L40_stepsweep/bc_baseline_none_steps20000_tr1]:  18%|█▊        | 3629/20000 [01:17<05:28, 49.80it/s, acc=0.302, device=mps, eta=5m51s, loss=2.0096, sps=46.7]
BC[stage1_datasets_L40_stepsweep/bc_baseline_none_steps20000_tr1]:  18%|█▊        | 3636/20000 [01:17<05:10, 52.70it/s, acc=0.302, device=mps, eta=5m51s, loss=2.0096, sps=46.7]
BC[stage1_datasets_L40_stepsweep/bc_baseline_none_steps20000_tr1]:  18%|█▊        | 3642/20000 [01:18<06:13, 43.83it/s, acc=0.302, device=mps, eta=5m51s, loss=2.0096, sps=46.7]
BC[stage1_datasets_L40_stepsweep/bc_baseline_none_steps20000_tr1]:  18%|█▊        | 3650/20000 [01:18<05:21, 50.86it/s, acc=0.302, device=mps, eta=5m51s, loss=2.0096, sps=46.7]
BC[stage1_datasets_L40_stepsweep/bc_baseline_none_steps20000_tr1]:  18%|█▊        | 3658/20000 [01:18<04:47, 56.78it/s, acc=0.302, device=mps, eta=5m51s, loss=2.0096, sps=46.7]
BC[stage1_datasets_L40_stepsweep/bc_baseline_none_steps20000_tr1]:  18%|█▊        | 3665/20000 [01:18<05:41, 47.84it/s, acc=0.302, device=mps, eta=5m51s, loss=2.0096, sps=46.7]
BC[stage1_datasets_L40_stepsweep/bc_baseline_none_steps20000_tr1]:  18%|█▊        | 3672/20000 [01:18<05:16, 51.58it/s, acc=0.302, device=mps, eta=5m51s, loss=2.0096, sps=46.7]
BC[stage1_datasets_L40_stepsweep/bc_baseline_none_steps20000_tr1]:  18%|█▊        | 3679/20000 [01:18<04:54, 55.37it/s, acc=0.302, device=mps, eta=5m51s, loss=2.0096, sps=46.7]
BC[stage1_datasets_L40_stepsweep/bc_baseline_none_steps20000_tr1]:  18%|█▊        | 3685/20000 [01:18<05:58, 45.47it/s, acc=0.302, device=mps, eta=5m51s, loss=2.0096, sps=46.7]
BC[stage1_datasets_L40_stepsweep/bc_baseline_none_steps20000_tr1]:  18%|█▊        | 3692/20000 [01:18<05:29, 49.44it/s, acc=0.302, device=mps, eta=5m51s, loss=2.0096, sps=46.7]
BC[stage1_datasets_L40_stepsweep/bc_baseline_none_steps20000_tr1]:  18%|█▊        | 3699/20000 [01:19<05:10, 52.51it/s, acc=0.302, device=mps, eta=5m51s, loss=2.0096, sps=46.7]
BC[stage1_datasets_L40_stepsweep/bc_baseline_none_steps20000_tr1]:  19%|█▊        | 3705/20000 [01:19<06:19, 42.96it/s, acc=0.302, device=mps, eta=5m51s, loss=2.0096, sps=46.7]
BC[stage1_datasets_L40_stepsweep/bc_baseline_none_steps20000_tr1]:  19%|█▊        | 3711/20000 [01:19<05:49, 46.54it/s, acc=0.302, device=mps, eta=5m51s, loss=2.0096, sps=46.7]
BC[stage1_datasets_L40_stepsweep/bc_baseline_none_steps20000_tr1]:  19%|█▊        | 3717/20000 [01:19<05:30, 49.27it/s, acc=0.302, device=mps, eta=5m51s, loss=2.0096, sps=46.7]
BC[stage1_datasets_L40_stepsweep/bc_baseline_none_steps20000_tr1]:  19%|█▊        | 3723/20000 [01:19<06:37, 40.91it/s, acc=0.302, device=mps, eta=5m51s, loss=2.0096, sps=46.7]
BC[stage1_datasets_L40_stepsweep/bc_baseline_none_steps20000_tr1]:  19%|█▊        | 3731/20000 [01:19<05:33, 48.80it/s, acc=0.302, device=mps, eta=5m51s, loss=2.0096, sps=46.7]
BC[stage1_datasets_L40_stepsweep/bc_baseline_none_steps20000_tr1]:  19%|█▊        | 3739/20000 [01:19<04:56, 54.81it/s, acc=0.302, device=mps, eta=5m51s, loss=2.0096, sps=46.7]
BC[stage1_datasets_L40_stepsweep/bc_baseline_none_steps20000_tr1]:  19%|█▊        | 3746/20000 [01:20<05:57, 45.49it/s, acc=0.302, device=mps, eta=5m51s, loss=2.0096, sps=46.7]
BC[stage1_datasets_L40_stepsweep/bc_baseline_none_steps20000_tr1]:  19%|█▉        | 3752/20000 [01:20<05:35, 48.45it/s, acc=0.302, device=mps, eta=5m51s, loss=2.0096, sps=46.7]
BC[stage1_datasets_L40_stepsweep/bc_baseline_none_steps20000_tr1]:  19%|█▉        | 3759/20000 [01:20<05:15, 51.53it/s, acc=0.302, device=mps, eta=5m51s, loss=2.0096, sps=46.7]
BC[stage1_datasets_L40_stepsweep/bc_baseline_none_steps20000_tr1]:  19%|█▉        | 3765/20000 [01:20<06:21, 42.55it/s, acc=0.302, device=mps, eta=5m51s, loss=2.0096, sps=46.7]
BC[stage1_datasets_L40_stepsweep/bc_baseline_none_steps20000_tr1]:  19%|█▉        | 3770/20000 [01:20<06:07, 44.12it/s, acc=0.302, device=mps, eta=5m51s, loss=2.0096, sps=46.7]
BC[stage1_datasets_L40_stepsweep/bc_baseline_none_steps20000_tr1]:  19%|█▉        | 3776/20000 [01:20<05:52, 46.03it/s, acc=0.302, device=mps, eta=5m51s, loss=2.0096, sps=46.7]
BC[stage1_datasets_L40_stepsweep/bc_baseline_none_steps20000_tr1]:  19%|█▉        | 3781/20000 [01:20<07:19, 36.93it/s, acc=0.302, device=mps, eta=5m51s, loss=2.0096, sps=46.7]
BC[stage1_datasets_L40_stepsweep/bc_baseline_none_steps20000_tr1]:  19%|█▉        | 3789/20000 [01:21<06:02, 44.73it/s, acc=0.302, device=mps, eta=5m51s, loss=2.0096, sps=46.7]
BC[stage1_datasets_L40_stepsweep/bc_baseline_none_steps20000_tr1]:  19%|█▉        | 3794/20000 [01:21<05:53, 45.81it/s, acc=0.302, device=mps, eta=5m51s, loss=2.0096, sps=46.7]
BC[stage1_datasets_L40_stepsweep/bc_baseline_none_steps20000_tr1]:  19%|█▉        | 3794/20000 [01:21<05:53, 45.81it/s, acc=0.306, device=mps, eta=5m47s, loss=1.9998, sps=46.7]
BC[stage1_datasets_L40_stepsweep/bc_baseline_none_steps20000_tr1]:  19%|█▉        | 3801/20000 [01:21<06:47, 39.73it/s, acc=0.306, device=mps, eta=5m47s, loss=1.9998, sps=46.7]
BC[stage1_datasets_L40_stepsweep/bc_baseline_none_steps20000_tr1]:  19%|█▉        | 3808/20000 [01:21<06:02, 44.65it/s, acc=0.306, device=mps, eta=5m47s, loss=1.9998, sps=46.7]
BC[stage1_datasets_L40_stepsweep/bc_baseline_none_steps20000_tr1]:  19%|█▉        | 3814/20000 [01:21<05:37, 47.97it/s, acc=0.306, device=mps, eta=5m47s, loss=1.9998, sps=46.7]
BC[stage1_datasets_L40_stepsweep/bc_baseline_none_steps20000_tr1]:  19%|█▉        | 3821/20000 [01:21<06:39, 40.51it/s, acc=0.306, device=mps, eta=5m47s, loss=1.9998, sps=46.7]
BC[stage1_datasets_L40_stepsweep/bc_baseline_none_steps20000_tr1]:  19%|█▉        | 3829/20000 [01:21<05:37, 47.95it/s, acc=0.306, device=mps, eta=5m47s, loss=1.9998, sps=46.7]
BC[stage1_datasets_L40_stepsweep/bc_baseline_none_steps20000_tr1]:  19%|█▉        | 3837/20000 [01:22<04:58, 54.19it/s, acc=0.306, device=mps, eta=5m47s, loss=1.9998, sps=46.7]
BC[stage1_datasets_L40_stepsweep/bc_baseline_none_steps20000_tr1]:  19%|█▉        | 3843/20000 [01:22<05:54, 45.63it/s, acc=0.306, device=mps, eta=5m47s, loss=1.9998, sps=46.7]
BC[stage1_datasets_L40_stepsweep/bc_baseline_none_steps20000_tr1]:  19%|█▉        | 3850/20000 [01:22<05:26, 49.43it/s, acc=0.306, device=mps, eta=5m47s, loss=1.9998, sps=46.7]
BC[stage1_datasets_L40_stepsweep/bc_baseline_none_steps20000_tr1]:  19%|█▉        | 3857/20000 [01:22<05:08, 52.37it/s, acc=0.306, device=mps, eta=5m47s, loss=1.9998, sps=46.7]
BC[stage1_datasets_L40_stepsweep/bc_baseline_none_steps20000_tr1]:  19%|█▉        | 3863/20000 [01:22<06:13, 43.25it/s, acc=0.306, device=mps, eta=5m47s, loss=1.9998, sps=46.7]
BC[stage1_datasets_L40_stepsweep/bc_baseline_none_steps20000_tr1]:  19%|█▉        | 3869/20000 [01:22<05:46, 46.52it/s, acc=0.306, device=mps, eta=5m47s, loss=1.9998, sps=46.7]
BC[stage1_datasets_L40_stepsweep/bc_baseline_none_steps20000_tr1]:  19%|█▉        | 3875/20000 [01:22<05:26, 49.45it/s, acc=0.306, device=mps, eta=5m47s, loss=1.9998, sps=46.7]
BC[stage1_datasets_L40_stepsweep/bc_baseline_none_steps20000_tr1]:  19%|█▉        | 3881/20000 [01:23<06:30, 41.26it/s, acc=0.306, device=mps, eta=5m47s, loss=1.9998, sps=46.7]
BC[stage1_datasets_L40_stepsweep/bc_baseline_none_steps20000_tr1]:  19%|█▉        | 3889/20000 [01:23<05:29, 48.96it/s, acc=0.306, device=mps, eta=5m47s, loss=1.9998, sps=46.7]
BC[stage1_datasets_L40_stepsweep/bc_baseline_none_steps20000_tr1]:  19%|█▉        | 3897/20000 [01:23<04:52, 54.97it/s, acc=0.306, device=mps, eta=5m47s, loss=1.9998, sps=46.7]
BC[stage1_datasets_L40_stepsweep/bc_baseline_none_steps20000_tr1]:  20%|█▉        | 3903/20000 [01:23<05:51, 45.84it/s, acc=0.306, device=mps, eta=5m47s, loss=1.9998, sps=46.7]
BC[stage1_datasets_L40_stepsweep/bc_baseline_none_steps20000_tr1]:  20%|█▉        | 3910/20000 [01:23<05:22, 49.86it/s, acc=0.306, device=mps, eta=5m47s, loss=1.9998, sps=46.7]
BC[stage1_datasets_L40_stepsweep/bc_baseline_none_steps20000_tr1]:  20%|█▉        | 3916/20000 [01:23<05:11, 51.59it/s, acc=0.306, device=mps, eta=5m47s, loss=1.9998, sps=46.7]
BC[stage1_datasets_L40_stepsweep/bc_baseline_none_steps20000_tr1]:  20%|█▉        | 3922/20000 [01:23<06:31, 41.02it/s, acc=0.306, device=mps, eta=5m47s, loss=1.9998, sps=46.7]
BC[stage1_datasets_L40_stepsweep/bc_baseline_none_steps20000_tr1]:  20%|█▉        | 3930/20000 [01:24<05:35, 47.85it/s, acc=0.306, device=mps, eta=5m47s, loss=1.9998, sps=46.7]
BC[stage1_datasets_L40_stepsweep/bc_baseline_none_steps20000_tr1]:  20%|█▉        | 3936/20000 [01:24<05:27, 49.05it/s, acc=0.306, device=mps, eta=5m47s, loss=1.9998, sps=46.7]
BC[stage1_datasets_L40_stepsweep/bc_baseline_none_steps20000_tr1]:  20%|█▉        | 3942/20000 [01:24<06:36, 40.51it/s, acc=0.306, device=mps, eta=5m47s, loss=1.9998, sps=46.7]
BC[stage1_datasets_L40_stepsweep/bc_baseline_none_steps20000_tr1]:  20%|█▉        | 3948/20000 [01:24<06:00, 44.51it/s, acc=0.306, device=mps, eta=5m47s, loss=1.9998, sps=46.7]
BC[stage1_datasets_L40_stepsweep/bc_baseline_none_steps20000_tr1]:  20%|█▉        | 3955/20000 [01:24<05:26, 49.07it/s, acc=0.306, device=mps, eta=5m47s, loss=1.9998, sps=46.7]
BC[stage1_datasets_L40_stepsweep/bc_baseline_none_steps20000_tr1]:  20%|█▉        | 3961/20000 [01:24<06:30, 41.08it/s, acc=0.306, device=mps, eta=5m47s, loss=1.9998, sps=46.7]
BC[stage1_datasets_L40_stepsweep/bc_baseline_none_steps20000_tr1]:  20%|█▉        | 3969/20000 [01:24<05:29, 48.71it/s, acc=0.306, device=mps, eta=5m47s, loss=1.9998, sps=46.7]
BC[stage1_datasets_L40_stepsweep/bc_baseline_none_steps20000_tr1]:  20%|█▉        | 3977/20000 [01:25<04:51, 55.05it/s, acc=0.306, device=mps, eta=5m47s, loss=1.9998, sps=46.7]
BC[stage1_datasets_L40_stepsweep/bc_baseline_none_steps20000_tr1]:  20%|█▉        | 3984/20000 [01:25<05:41, 46.91it/s, acc=0.306, device=mps, eta=5m47s, loss=1.9998, sps=46.7]
BC[stage1_datasets_L40_stepsweep/bc_baseline_none_steps20000_tr1]:  20%|█▉        | 3991/20000 [01:25<05:12, 51.29it/s, acc=0.306, device=mps, eta=5m47s, loss=1.9998, sps=46.7]
BC[stage1_datasets_L40_stepsweep/bc_baseline_none_steps20000_tr1]:  20%|█▉        | 3998/20000 [01:25<04:53, 54.45it/s, acc=0.306, device=mps, eta=5m47s, loss=1.9998, sps=46.7]
BC[stage1_datasets_L40_stepsweep/bc_baseline_none_steps20000_tr1]:  20%|█▉        | 3998/20000 [01:25<04:53, 54.45it/s, acc=0.301, device=mps, eta=5m42s, loss=2.0041, sps=46.8]
BC[stage1_datasets_L40_stepsweep/bc_baseline_none_steps20000_tr1]:  20%|██        | 4004/20000 [01:25<06:08, 43.43it/s, acc=0.301, device=mps, eta=5m42s, loss=2.0041, sps=46.8]
BC[stage1_datasets_L40_stepsweep/bc_baseline_none_steps20000_tr1]:  20%|██        | 4010/20000 [01:25<05:52, 45.33it/s, acc=0.301, device=mps, eta=5m42s, loss=2.0041, sps=46.8]
BC[stage1_datasets_L40_stepsweep/bc_baseline_none_steps20000_tr1]:  20%|██        | 4016/20000 [01:25<05:29, 48.46it/s, acc=0.301, device=mps, eta=5m42s, loss=2.0041, sps=46.8]
BC[stage1_datasets_L40_stepsweep/bc_baseline_none_steps20000_tr1]:  20%|██        | 4022/20000 [01:26<06:41, 39.78it/s, acc=0.301, device=mps, eta=5m42s, loss=2.0041, sps=46.8]
BC[stage1_datasets_L40_stepsweep/bc_baseline_none_steps20000_tr1]:  20%|██        | 4030/20000 [01:26<05:40, 46.92it/s, acc=0.301, device=mps, eta=5m42s, loss=2.0041, sps=46.8]
BC[stage1_datasets_L40_stepsweep/bc_baseline_none_steps20000_tr1]:  20%|██        | 4036/20000 [01:26<05:28, 48.62it/s, acc=0.301, device=mps, eta=5m42s, loss=2.0041, sps=46.8]
BC[stage1_datasets_L40_stepsweep/bc_baseline_none_steps20000_tr1]:  20%|██        | 4042/20000 [01:26<06:41, 39.77it/s, acc=0.301, device=mps, eta=5m42s, loss=2.0041, sps=46.8]
BC[stage1_datasets_L40_stepsweep/bc_baseline_none_steps20000_tr1]:  20%|██        | 4048/20000 [01:26<06:05, 43.63it/s, acc=0.301, device=mps, eta=5m42s, loss=2.0041, sps=46.8]
BC[stage1_datasets_L40_stepsweep/bc_baseline_none_steps20000_tr1]:  20%|██        | 4054/20000 [01:26<05:41, 46.73it/s, acc=0.301, device=mps, eta=5m42s, loss=2.0041, sps=46.8]
BC[stage1_datasets_L40_stepsweep/bc_baseline_none_steps20000_tr1]:  20%|██        | 4061/20000 [01:27<06:36, 40.21it/s, acc=0.301, device=mps, eta=5m42s, loss=2.0041, sps=46.8]
BC[stage1_datasets_L40_stepsweep/bc_baseline_none_steps20000_tr1]:  20%|██        | 4069/20000 [01:27<05:33, 47.80it/s, acc=0.301, device=mps, eta=5m42s, loss=2.0041, sps=46.8]
BC[stage1_datasets_L40_stepsweep/bc_baseline_none_steps20000_tr1]:  20%|██        | 4077/20000 [01:27<04:53, 54.30it/s, acc=0.301, device=mps, eta=5m42s, loss=2.0041, sps=46.8]
BC[stage1_datasets_L40_stepsweep/bc_baseline_none_steps20000_tr1]:  20%|██        | 4084/20000 [01:27<05:40, 46.71it/s, acc=0.301, device=mps, eta=5m42s, loss=2.0041, sps=46.8]
BC[stage1_datasets_L40_stepsweep/bc_baseline_none_steps20000_tr1]:  20%|██        | 4091/20000 [01:27<05:13, 50.69it/s, acc=0.301, device=mps, eta=5m42s, loss=2.0041, sps=46.8]
BC[stage1_datasets_L40_stepsweep/bc_baseline_none_steps20000_tr1]:  20%|██        | 4097/20000 [01:27<05:02, 52.64it/s, acc=0.301, device=mps, eta=5m42s, loss=2.0041, sps=46.8]
BC[stage1_datasets_L40_stepsweep/bc_baseline_none_steps20000_tr1]:  21%|██        | 4103/20000 [01:27<06:08, 43.15it/s, acc=0.301, device=mps, eta=5m42s, loss=2.0041, sps=46.8]
BC[stage1_datasets_L40_stepsweep/bc_baseline_none_steps20000_tr1]:  21%|██        | 4109/20000 [01:27<05:43, 46.28it/s, acc=0.301, device=mps, eta=5m42s, loss=2.0041, sps=46.8]
BC[stage1_datasets_L40_stepsweep/bc_baseline_none_steps20000_tr1]:  21%|██        | 4115/20000 [01:28<05:28, 48.32it/s, acc=0.301, device=mps, eta=5m42s, loss=2.0041, sps=46.8]
BC[stage1_datasets_L40_stepsweep/bc_baseline_none_steps20000_tr1]:  21%|██        | 4121/20000 [01:28<06:40, 39.66it/s, acc=0.301, device=mps, eta=5m42s, loss=2.0041, sps=46.8]
BC[stage1_datasets_L40_stepsweep/bc_baseline_none_steps20000_tr1]:  21%|██        | 4129/20000 [01:28<05:32, 47.74it/s, acc=0.301, device=mps, eta=5m42s, loss=2.0041, sps=46.8]
BC[stage1_datasets_L40_stepsweep/bc_baseline_none_steps20000_tr1]:  21%|██        | 4137/20000 [01:28<04:52, 54.25it/s, acc=0.301, device=mps, eta=5m42s, loss=2.0041, sps=46.8]
BC[stage1_datasets_L40_stepsweep/bc_baseline_none_steps20000_tr1]:  21%|██        | 4143/20000 [01:28<05:44, 46.02it/s, acc=0.301, device=mps, eta=5m42s, loss=2.0041, sps=46.8]
BC[stage1_datasets_L40_stepsweep/bc_baseline_none_steps20000_tr1]:  21%|██        | 4150/20000 [01:28<05:10, 51.12it/s, acc=0.301, device=mps, eta=5m42s, loss=2.0041, sps=46.8]
BC[stage1_datasets_L40_stepsweep/bc_baseline_none_steps20000_tr1]:  21%|██        | 4158/20000 [01:28<04:41, 56.32it/s, acc=0.301, device=mps, eta=5m42s, loss=2.0041, sps=46.8]
BC[stage1_datasets_L40_stepsweep/bc_baseline_none_steps20000_tr1]:  21%|██        | 4165/20000 [01:29<05:42, 46.28it/s, acc=0.301, device=mps, eta=5m42s, loss=2.0041, sps=46.8]
BC[stage1_datasets_L40_stepsweep/bc_baseline_none_steps20000_tr1]:  21%|██        | 4171/20000 [01:29<05:22, 49.07it/s, acc=0.301, device=mps, eta=5m42s, loss=2.0041, sps=46.8]
BC[stage1_datasets_L40_stepsweep/bc_baseline_none_steps20000_tr1]:  21%|██        | 4177/20000 [01:29<05:13, 50.43it/s, acc=0.301, device=mps, eta=5m42s, loss=2.0041, sps=46.8]
BC[stage1_datasets_L40_stepsweep/bc_baseline_none_steps20000_tr1]:  21%|██        | 4183/20000 [01:29<06:26, 40.94it/s, acc=0.301, device=mps, eta=5m42s, loss=2.0041, sps=46.8]
BC[stage1_datasets_L40_stepsweep/bc_baseline_none_steps20000_tr1]:  21%|██        | 4191/20000 [01:29<05:26, 48.47it/s, acc=0.301, device=mps, eta=5m42s, loss=2.0041, sps=46.8]
BC[stage1_datasets_L40_stepsweep/bc_baseline_none_steps20000_tr1]:  21%|██        | 4199/20000 [01:29<04:49, 54.57it/s, acc=0.301, device=mps, eta=5m42s, loss=2.0041, sps=46.8]
BC[stage1_datasets_L40_stepsweep/bc_baseline_none_steps20000_tr1]:  21%|██        | 4199/20000 [01:29<04:49, 54.57it/s, acc=0.303, device=mps, eta=5m38s, loss=2.0034, sps=46.8]
BC[stage1_datasets_L40_stepsweep/bc_baseline_none_steps20000_tr1]:  21%|██        | 4206/20000 [01:29<05:49, 45.13it/s, acc=0.303, device=mps, eta=5m38s, loss=2.0034, sps=46.8]
BC[stage1_datasets_L40_stepsweep/bc_baseline_none_steps20000_tr1]:  21%|██        | 4213/20000 [01:30<05:21, 49.16it/s, acc=0.303, device=mps, eta=5m38s, loss=2.0034, sps=46.8]
BC[stage1_datasets_L40_stepsweep/bc_baseline_none_steps20000_tr1]:  21%|██        | 4220/20000 [01:30<04:56, 53.22it/s, acc=0.303, device=mps, eta=5m38s, loss=2.0034, sps=46.8]
BC[stage1_datasets_L40_stepsweep/bc_baseline_none_steps20000_tr1]:  21%|██        | 4226/20000 [01:30<05:58, 44.02it/s, acc=0.303, device=mps, eta=5m38s, loss=2.0034, sps=46.8]
BC[stage1_datasets_L40_stepsweep/bc_baseline_none_steps20000_tr1]:  21%|██        | 4232/20000 [01:30<05:43, 45.87it/s, acc=0.303, device=mps, eta=5m38s, loss=2.0034, sps=46.8]
BC[stage1_datasets_L40_stepsweep/bc_baseline_none_steps20000_tr1]:  21%|██        | 4238/20000 [01:30<05:33, 47.33it/s, acc=0.303, device=mps, eta=5m38s, loss=2.0034, sps=46.8]
BC[stage1_datasets_L40_stepsweep/bc_baseline_none_steps20000_tr1]:  21%|██        | 4244/20000 [01:30<06:41, 39.22it/s, acc=0.303, device=mps, eta=5m38s, loss=2.0034, sps=46.8]
BC[stage1_datasets_L40_stepsweep/bc_baseline_none_steps20000_tr1]:  21%|██▏       | 4250/20000 [01:30<06:12, 42.29it/s, acc=0.303, device=mps, eta=5m38s, loss=2.0034, sps=46.8]
BC[stage1_datasets_L40_stepsweep/bc_baseline_none_steps20000_tr1]:  21%|██▏       | 4257/20000 [01:31<05:35, 46.94it/s, acc=0.303, device=mps, eta=5m38s, loss=2.0034, sps=46.8]
BC[stage1_datasets_L40_stepsweep/bc_baseline_none_steps20000_tr1]:  21%|██▏       | 4263/20000 [01:31<06:36, 39.65it/s, acc=0.303, device=mps, eta=5m38s, loss=2.0034, sps=46.8]
BC[stage1_datasets_L40_stepsweep/bc_baseline_none_steps20000_tr1]:  21%|██▏       | 4268/20000 [01:31<06:22, 41.12it/s, acc=0.303, device=mps, eta=5m38s, loss=2.0034, sps=46.8]
BC[stage1_datasets_L40_stepsweep/bc_baseline_none_steps20000_tr1]:  21%|██▏       | 4274/20000 [01:31<05:48, 45.16it/s, acc=0.303, device=mps, eta=5m38s, loss=2.0034, sps=46.8]
BC[stage1_datasets_L40_stepsweep/bc_baseline_none_steps20000_tr1]:  21%|██▏       | 4281/20000 [01:31<06:35, 39.78it/s, acc=0.303, device=mps, eta=5m38s, loss=2.0034, sps=46.8]
BC[stage1_datasets_L40_stepsweep/bc_baseline_none_steps20000_tr1]:  21%|██▏       | 4289/20000 [01:31<05:29, 47.66it/s, acc=0.303, device=mps, eta=5m38s, loss=2.0034, sps=46.8]
BC[stage1_datasets_L40_stepsweep/bc_baseline_none_steps20000_tr1]:  21%|██▏       | 4297/20000 [01:31<04:49, 54.19it/s, acc=0.303, device=mps, eta=5m38s, loss=2.0034, sps=46.8]
BC[stage1_datasets_L40_stepsweep/bc_baseline_none_steps20000_tr1]:  22%|██▏       | 4303/20000 [01:32<05:44, 45.59it/s, acc=0.303, device=mps, eta=5m38s, loss=2.0034, sps=46.8]
BC[stage1_datasets_L40_stepsweep/bc_baseline_none_steps20000_tr1]:  22%|██▏       | 4310/20000 [01:32<05:17, 49.46it/s, acc=0.303, device=mps, eta=5m38s, loss=2.0034, sps=46.8]
BC[stage1_datasets_L40_stepsweep/bc_baseline_none_steps20000_tr1]:  22%|██▏       | 4316/20000 [01:32<05:05, 51.35it/s, acc=0.303, device=mps, eta=5m38s, loss=2.0034, sps=46.8]
BC[stage1_datasets_L40_stepsweep/bc_baseline_none_steps20000_tr1]:  22%|██▏       | 4322/20000 [01:32<06:21, 41.14it/s, acc=0.303, device=mps, eta=5m38s, loss=2.0034, sps=46.8]
BC[stage1_datasets_L40_stepsweep/bc_baseline_none_steps20000_tr1]:  22%|██▏       | 4329/20000 [01:32<05:32, 47.14it/s, acc=0.303, device=mps, eta=5m38s, loss=2.0034, sps=46.8]
BC[stage1_datasets_L40_stepsweep/bc_baseline_none_steps20000_tr1]:  22%|██▏       | 4335/20000 [01:32<05:12, 50.08it/s, acc=0.303, device=mps, eta=5m38s, loss=2.0034, sps=46.8]
BC[stage1_datasets_L40_stepsweep/bc_baseline_none_steps20000_tr1]:  22%|██▏       | 4341/20000 [01:32<06:15, 41.74it/s, acc=0.303, device=mps, eta=5m38s, loss=2.0034, sps=46.8]
BC[stage1_datasets_L40_stepsweep/bc_baseline_none_steps20000_tr1]:  22%|██▏       | 4349/20000 [01:33<05:15, 49.53it/s, acc=0.303, device=mps, eta=5m38s, loss=2.0034, sps=46.8]
BC[stage1_datasets_L40_stepsweep/bc_baseline_none_steps20000_tr1]:  22%|██▏       | 4357/20000 [01:33<04:41, 55.59it/s, acc=0.303, device=mps, eta=5m38s, loss=2.0034, sps=46.8]
BC[stage1_datasets_L40_stepsweep/bc_baseline_none_steps20000_tr1]:  22%|██▏       | 4364/20000 [01:33<05:35, 46.66it/s, acc=0.303, device=mps, eta=5m38s, loss=2.0034, sps=46.8]
BC[stage1_datasets_L40_stepsweep/bc_baseline_none_steps20000_tr1]:  22%|██▏       | 4372/20000 [01:33<04:52, 53.35it/s, acc=0.303, device=mps, eta=5m38s, loss=2.0034, sps=46.8]
BC[stage1_datasets_L40_stepsweep/bc_baseline_none_steps20000_tr1]:  22%|██▏       | 4381/20000 [01:33<05:32, 46.98it/s, acc=0.303, device=mps, eta=5m38s, loss=2.0034, sps=46.8]
BC[stage1_datasets_L40_stepsweep/bc_baseline_none_steps20000_tr1]:  22%|██▏       | 4387/20000 [01:33<05:15, 49.50it/s, acc=0.303, device=mps, eta=5m38s, loss=2.0034, sps=46.8]
BC[stage1_datasets_L40_stepsweep/bc_baseline_none_steps20000_tr1]:  22%|██▏       | 4393/20000 [01:33<05:08, 50.53it/s, acc=0.303, device=mps, eta=5m38s, loss=2.0034, sps=46.8]
BC[stage1_datasets_L40_stepsweep/bc_baseline_none_steps20000_tr1]:  22%|██▏       | 4393/20000 [01:34<05:08, 50.53it/s, acc=0.304, device=mps, eta=5m33s, loss=1.9967, sps=46.8]
BC[stage1_datasets_L40_stepsweep/bc_baseline_none_steps20000_tr1]:  22%|██▏       | 4400/20000 [01:34<04:48, 54.09it/s, acc=0.304, device=mps, eta=5m33s, loss=1.9967, sps=46.8]
BC[stage1_datasets_L40_stepsweep/bc_baseline_none_steps20000_tr1]:  22%|██▏       | 4406/20000 [01:34<05:55, 43.80it/s, acc=0.304, device=mps, eta=5m33s, loss=1.9967, sps=46.8]
BC[stage1_datasets_L40_stepsweep/bc_baseline_none_steps20000_tr1]:  22%|██▏       | 4413/20000 [01:34<05:25, 47.92it/s, acc=0.304, device=mps, eta=5m33s, loss=1.9967, sps=46.8]
BC[stage1_datasets_L40_stepsweep/bc_baseline_none_steps20000_tr1]:  22%|██▏       | 4420/20000 [01:34<05:00, 51.79it/s, acc=0.304, device=mps, eta=5m33s, loss=1.9967, sps=46.8]
BC[stage1_datasets_L40_stepsweep/bc_baseline_none_steps20000_tr1]:  22%|██▏       | 4426/20000 [01:34<06:10, 41.99it/s, acc=0.304, device=mps, eta=5m33s, loss=1.9967, sps=46.8]
BC[stage1_datasets_L40_stepsweep/bc_baseline_none_steps20000_tr1]:  22%|██▏       | 4432/20000 [01:34<05:50, 44.37it/s, acc=0.304, device=mps, eta=5m33s, loss=1.9967, sps=46.8]
BC[stage1_datasets_L40_stepsweep/bc_baseline_none_steps20000_tr1]:  22%|██▏       | 4438/20000 [01:34<05:34, 46.51it/s, acc=0.304, device=mps, eta=5m33s, loss=1.9967, sps=46.8]
BC[stage1_datasets_L40_stepsweep/bc_baseline_none_steps20000_tr1]:  22%|██▏       | 4443/20000 [01:35<06:43, 38.58it/s, acc=0.304, device=mps, eta=5m33s, loss=1.9967, sps=46.8]
BC[stage1_datasets_L40_stepsweep/bc_baseline_none_steps20000_tr1]:  22%|██▏       | 4449/20000 [01:35<06:02, 42.90it/s, acc=0.304, device=mps, eta=5m33s, loss=1.9967, sps=46.8]
BC[stage1_datasets_L40_stepsweep/bc_baseline_none_steps20000_tr1]:  22%|██▏       | 4455/20000 [01:35<05:35, 46.36it/s, acc=0.304, device=mps, eta=5m33s, loss=1.9967, sps=46.8]
BC[stage1_datasets_L40_stepsweep/bc_baseline_none_steps20000_tr1]:  22%|██▏       | 4461/20000 [01:35<06:41, 38.68it/s, acc=0.304, device=mps, eta=5m33s, loss=1.9967, sps=46.8]
BC[stage1_datasets_L40_stepsweep/bc_baseline_none_steps20000_tr1]:  22%|██▏       | 4469/20000 [01:35<05:31, 46.84it/s, acc=0.304, device=mps, eta=5m33s, loss=1.9967, sps=46.8]
BC[stage1_datasets_L40_stepsweep/bc_baseline_none_steps20000_tr1]:  22%|██▏       | 4477/20000 [01:35<04:52, 53.13it/s, acc=0.304, device=mps, eta=5m33s, loss=1.9967, sps=46.8]
BC[stage1_datasets_L40_stepsweep/bc_baseline_none_steps20000_tr1]:  22%|██▏       | 4483/20000 [01:35<05:46, 44.78it/s, acc=0.304, device=mps, eta=5m33s, loss=1.9967, sps=46.8]
BC[stage1_datasets_L40_stepsweep/bc_baseline_none_steps20000_tr1]:  22%|██▏       | 4489/20000 [01:36<05:23, 47.93it/s, acc=0.304, device=mps, eta=5m33s, loss=1.9967, sps=46.8]
BC[stage1_datasets_L40_stepsweep/bc_baseline_none_steps20000_tr1]:  22%|██▏       | 4495/20000 [01:36<05:10, 49.93it/s, acc=0.304, device=mps, eta=5m33s, loss=1.9967, sps=46.8]
BC[stage1_datasets_L40_stepsweep/bc_baseline_none_steps20000_tr1]:  23%|██▎       | 4501/20000 [01:36<06:30, 39.68it/s, acc=0.304, device=mps, eta=5m33s, loss=1.9967, sps=46.8]
BC[stage1_datasets_L40_stepsweep/bc_baseline_none_steps20000_tr1]:  23%|██▎       | 4509/20000 [01:36<05:32, 46.59it/s, acc=0.304, device=mps, eta=5m33s, loss=1.9967, sps=46.8]
BC[stage1_datasets_L40_stepsweep/bc_baseline_none_steps20000_tr1]:  23%|██▎       | 4515/20000 [01:36<05:22, 47.97it/s, acc=0.304, device=mps, eta=5m33s, loss=1.9967, sps=46.8]
BC[stage1_datasets_L40_stepsweep/bc_baseline_none_steps20000_tr1]:  23%|██▎       | 4521/20000 [01:36<06:29, 39.78it/s, acc=0.304, device=mps, eta=5m33s, loss=1.9967, sps=46.8]
BC[stage1_datasets_L40_stepsweep/bc_baseline_none_steps20000_tr1]:  23%|██▎       | 4527/20000 [01:36<05:52, 43.93it/s, acc=0.304, device=mps, eta=5m33s, loss=1.9967, sps=46.8]
BC[stage1_datasets_L40_stepsweep/bc_baseline_none_steps20000_tr1]:  23%|██▎       | 4533/20000 [01:37<05:30, 46.82it/s, acc=0.304, device=mps, eta=5m33s, loss=1.9967, sps=46.8]
BC[stage1_datasets_L40_stepsweep/bc_baseline_none_steps20000_tr1]:  23%|██▎       | 4540/20000 [01:37<04:56, 52.18it/s, acc=0.304, device=mps, eta=5m33s, loss=1.9967, sps=46.8]
BC[stage1_datasets_L40_stepsweep/bc_baseline_none_steps20000_tr1]:  23%|██▎       | 4546/20000 [01:37<05:57, 43.27it/s, acc=0.304, device=mps, eta=5m33s, loss=1.9967, sps=46.8]
BC[stage1_datasets_L40_stepsweep/bc_baseline_none_steps20000_tr1]:  23%|██▎       | 4554/20000 [01:37<05:06, 50.43it/s, acc=0.304, device=mps, eta=5m33s, loss=1.9967, sps=46.8]
BC[stage1_datasets_L40_stepsweep/bc_baseline_none_steps20000_tr1]:  23%|██▎       | 4561/20000 [01:37<05:49, 44.23it/s, acc=0.304, device=mps, eta=5m33s, loss=1.9967, sps=46.8]
BC[stage1_datasets_L40_stepsweep/bc_baseline_none_steps20000_tr1]:  23%|██▎       | 4569/20000 [01:37<05:02, 51.08it/s, acc=0.304, device=mps, eta=5m33s, loss=1.9967, sps=46.8]
BC[stage1_datasets_L40_stepsweep/bc_baseline_none_steps20000_tr1]:  23%|██▎       | 4577/20000 [01:37<04:32, 56.65it/s, acc=0.304, device=mps, eta=5m33s, loss=1.9967, sps=46.8]
BC[stage1_datasets_L40_stepsweep/bc_baseline_none_steps20000_tr1]:  23%|██▎       | 4584/20000 [01:38<05:24, 47.58it/s, acc=0.304, device=mps, eta=5m33s, loss=1.9967, sps=46.8]
BC[stage1_datasets_L40_stepsweep/bc_baseline_none_steps20000_tr1]:  23%|██▎       | 4590/20000 [01:38<05:07, 50.15it/s, acc=0.304, device=mps, eta=5m33s, loss=1.9967, sps=46.8]
BC[stage1_datasets_L40_stepsweep/bc_baseline_none_steps20000_tr1]:  23%|██▎       | 4596/20000 [01:38<04:55, 52.20it/s, acc=0.304, device=mps, eta=5m33s, loss=1.9967, sps=46.8]
BC[stage1_datasets_L40_stepsweep/bc_baseline_none_steps20000_tr1]:  23%|██▎       | 4596/20000 [01:38<04:55, 52.20it/s, acc=0.305, device=mps, eta=5m29s, loss=2.0039, sps=46.8]
BC[stage1_datasets_L40_stepsweep/bc_baseline_none_steps20000_tr1]:  23%|██▎       | 4602/20000 [01:38<05:59, 42.83it/s, acc=0.305, device=mps, eta=5m29s, loss=2.0039, sps=46.8]
BC[stage1_datasets_L40_stepsweep/bc_baseline_none_steps20000_tr1]:  23%|██▎       | 4608/20000 [01:38<05:39, 45.36it/s, acc=0.305, device=mps, eta=5m29s, loss=2.0039, sps=46.8]
BC[stage1_datasets_L40_stepsweep/bc_baseline_none_steps20000_tr1]:  23%|██▎       | 4614/20000 [01:38<05:21, 47.78it/s, acc=0.305, device=mps, eta=5m29s, loss=2.0039, sps=46.8]
BC[stage1_datasets_L40_stepsweep/bc_baseline_none_steps20000_tr1]:  23%|██▎       | 4620/20000 [01:38<05:05, 50.38it/s, acc=0.305, device=mps, eta=5m29s, loss=2.0039, sps=46.8]
BC[stage1_datasets_L40_stepsweep/bc_baseline_none_steps20000_tr1]:  23%|██▎       | 4626/20000 [01:39<06:14, 41.03it/s, acc=0.305, device=mps, eta=5m29s, loss=2.0039, sps=46.8]
BC[stage1_datasets_L40_stepsweep/bc_baseline_none_steps20000_tr1]:  23%|██▎       | 4631/20000 [01:39<05:57, 43.02it/s, acc=0.305, device=mps, eta=5m29s, loss=2.0039, sps=46.8]
BC[stage1_datasets_L40_stepsweep/bc_baseline_none_steps20000_tr1]:  23%|██▎       | 4637/20000 [01:39<05:35, 45.76it/s, acc=0.305, device=mps, eta=5m29s, loss=2.0039, sps=46.8]
BC[stage1_datasets_L40_stepsweep/bc_baseline_none_steps20000_tr1]:  23%|██▎       | 4642/20000 [01:39<06:46, 37.77it/s, acc=0.305, device=mps, eta=5m29s, loss=2.0039, sps=46.8]
BC[stage1_datasets_L40_stepsweep/bc_baseline_none_steps20000_tr1]:  23%|██▎       | 4650/20000 [01:39<05:25, 47.18it/s, acc=0.305, device=mps, eta=5m29s, loss=2.0039, sps=46.8]
BC[stage1_datasets_L40_stepsweep/bc_baseline_none_steps20000_tr1]:  23%|██▎       | 4658/20000 [01:39<04:44, 53.92it/s, acc=0.305, device=mps, eta=5m29s, loss=2.0039, sps=46.8]
BC[stage1_datasets_L40_stepsweep/bc_baseline_none_steps20000_tr1]:  23%|██▎       | 4664/20000 [01:39<05:40, 45.07it/s, acc=0.305, device=mps, eta=5m29s, loss=2.0039, sps=46.8]
BC[stage1_datasets_L40_stepsweep/bc_baseline_none_steps20000_tr1]:  23%|██▎       | 4671/20000 [01:39<05:11, 49.19it/s, acc=0.305, device=mps, eta=5m29s, loss=2.0039, sps=46.8]
BC[stage1_datasets_L40_stepsweep/bc_baseline_none_steps20000_tr1]:  23%|██▎       | 4677/20000 [01:40<04:59, 51.13it/s, acc=0.305, device=mps, eta=5m29s, loss=2.0039, sps=46.8]
BC[stage1_datasets_L40_stepsweep/bc_baseline_none_steps20000_tr1]:  23%|██▎       | 4683/20000 [01:40<06:07, 41.73it/s, acc=0.305, device=mps, eta=5m29s, loss=2.0039, sps=46.8]
BC[stage1_datasets_L40_stepsweep/bc_baseline_none_steps20000_tr1]:  23%|██▎       | 4691/20000 [01:40<05:07, 49.86it/s, acc=0.305, device=mps, eta=5m29s, loss=2.0039, sps=46.8]
BC[stage1_datasets_L40_stepsweep/bc_baseline_none_steps20000_tr1]:  23%|██▎       | 4699/20000 [01:40<04:34, 55.74it/s, acc=0.305, device=mps, eta=5m29s, loss=2.0039, sps=46.8]
BC[stage1_datasets_L40_stepsweep/bc_baseline_none_steps20000_tr1]:  24%|██▎       | 4706/20000 [01:40<05:28, 46.60it/s, acc=0.305, device=mps, eta=5m29s, loss=2.0039, sps=46.8]
BC[stage1_datasets_L40_stepsweep/bc_baseline_none_steps20000_tr1]:  24%|██▎       | 4712/20000 [01:40<05:09, 49.44it/s, acc=0.305, device=mps, eta=5m29s, loss=2.0039, sps=46.8]
BC[stage1_datasets_L40_stepsweep/bc_baseline_none_steps20000_tr1]:  24%|██▎       | 4718/20000 [01:40<05:00, 50.77it/s, acc=0.305, device=mps, eta=5m29s, loss=2.0039, sps=46.8]
BC[stage1_datasets_L40_stepsweep/bc_baseline_none_steps20000_tr1]:  24%|██▎       | 4724/20000 [01:41<06:13, 40.89it/s, acc=0.305, device=mps, eta=5m29s, loss=2.0039, sps=46.8]
BC[stage1_datasets_L40_stepsweep/bc_baseline_none_steps20000_tr1]:  24%|██▎       | 4730/20000 [01:41<05:42, 44.52it/s, acc=0.305, device=mps, eta=5m29s, loss=2.0039, sps=46.8]
BC[stage1_datasets_L40_stepsweep/bc_baseline_none_steps20000_tr1]:  24%|██▎       | 4737/20000 [01:41<05:09, 49.35it/s, acc=0.305, device=mps, eta=5m29s, loss=2.0039, sps=46.8]
BC[stage1_datasets_L40_stepsweep/bc_baseline_none_steps20000_tr1]:  24%|██▎       | 4743/20000 [01:41<06:25, 39.63it/s, acc=0.305, device=mps, eta=5m29s, loss=2.0039, sps=46.8]
BC[stage1_datasets_L40_stepsweep/bc_baseline_none_steps20000_tr1]:  24%|██▍       | 4750/20000 [01:41<05:36, 45.35it/s, acc=0.305, device=mps, eta=5m29s, loss=2.0039, sps=46.8]
BC[stage1_datasets_L40_stepsweep/bc_baseline_none_steps20000_tr1]:  24%|██▍       | 4757/20000 [01:41<05:01, 50.51it/s, acc=0.305, device=mps, eta=5m29s, loss=2.0039, sps=46.8]
BC[stage1_datasets_L40_stepsweep/bc_baseline_none_steps20000_tr1]:  24%|██▍       | 4763/20000 [01:41<06:02, 42.02it/s, acc=0.305, device=mps, eta=5m29s, loss=2.0039, sps=46.8]
BC[stage1_datasets_L40_stepsweep/bc_baseline_none_steps20000_tr1]:  24%|██▍       | 4769/20000 [01:42<05:34, 45.58it/s, acc=0.305, device=mps, eta=5m29s, loss=2.0039, sps=46.8]
BC[stage1_datasets_L40_stepsweep/bc_baseline_none_steps20000_tr1]:  24%|██▍       | 4775/20000 [01:42<05:19, 47.59it/s, acc=0.305, device=mps, eta=5m29s, loss=2.0039, sps=46.8]
BC[stage1_datasets_L40_stepsweep/bc_baseline_none_steps20000_tr1]:  24%|██▍       | 4781/20000 [01:42<06:37, 38.33it/s, acc=0.305, device=mps, eta=5m29s, loss=2.0039, sps=46.8]
BC[stage1_datasets_L40_stepsweep/bc_baseline_none_steps20000_tr1]:  24%|██▍       | 4786/20000 [01:42<06:18, 40.23it/s, acc=0.305, device=mps, eta=5m29s, loss=2.0039, sps=46.8]
BC[stage1_datasets_L40_stepsweep/bc_baseline_none_steps20000_tr1]:  24%|██▍       | 4792/20000 [01:42<05:47, 43.75it/s, acc=0.305, device=mps, eta=5m29s, loss=2.0039, sps=46.8]
BC[stage1_datasets_L40_stepsweep/bc_baseline_none_steps20000_tr1]:  24%|██▍       | 4799/20000 [01:42<05:12, 48.61it/s, acc=0.305, device=mps, eta=5m29s, loss=2.0039, sps=46.8]
BC[stage1_datasets_L40_stepsweep/bc_baseline_none_steps20000_tr1]:  24%|██▍       | 4799/20000 [01:42<05:12, 48.61it/s, acc=0.303, device=mps, eta=5m25s, loss=1.9961, sps=46.7]
BC[stage1_datasets_L40_stepsweep/bc_baseline_none_steps20000_tr1]:  24%|██▍       | 4805/20000 [01:42<06:08, 41.18it/s, acc=0.303, device=mps, eta=5m25s, loss=1.9961, sps=46.7]
BC[stage1_datasets_L40_stepsweep/bc_baseline_none_steps20000_tr1]:  24%|██▍       | 4812/20000 [01:43<05:30, 45.95it/s, acc=0.303, device=mps, eta=5m25s, loss=1.9961, sps=46.7]
BC[stage1_datasets_L40_stepsweep/bc_baseline_none_steps20000_tr1]:  24%|██▍       | 4819/20000 [01:43<05:04, 49.90it/s, acc=0.303, device=mps, eta=5m25s, loss=1.9961, sps=46.7]
BC[stage1_datasets_L40_stepsweep/bc_baseline_none_steps20000_tr1]:  24%|██▍       | 4825/20000 [01:43<06:05, 41.48it/s, acc=0.303, device=mps, eta=5m25s, loss=1.9961, sps=46.7]
BC[stage1_datasets_L40_stepsweep/bc_baseline_none_steps20000_tr1]:  24%|██▍       | 4831/20000 [01:43<05:41, 44.45it/s, acc=0.303, device=mps, eta=5m25s, loss=1.9961, sps=46.7]
BC[stage1_datasets_L40_stepsweep/bc_baseline_none_steps20000_tr1]:  24%|██▍       | 4837/20000 [01:43<05:21, 47.18it/s, acc=0.303, device=mps, eta=5m25s, loss=1.9961, sps=46.7]
BC[stage1_datasets_L40_stepsweep/bc_baseline_none_steps20000_tr1]:  24%|██▍       | 4843/20000 [01:43<06:18, 40.09it/s, acc=0.303, device=mps, eta=5m25s, loss=1.9961, sps=46.7]
BC[stage1_datasets_L40_stepsweep/bc_baseline_none_steps20000_tr1]:  24%|██▍       | 4849/20000 [01:43<05:43, 44.16it/s, acc=0.303, device=mps, eta=5m25s, loss=1.9961, sps=46.7]
BC[stage1_datasets_L40_stepsweep/bc_baseline_none_steps20000_tr1]:  24%|██▍       | 4855/20000 [01:44<05:20, 47.31it/s, acc=0.303, device=mps, eta=5m25s, loss=1.9961, sps=46.7]
BC[stage1_datasets_L40_stepsweep/bc_baseline_none_steps20000_tr1]:  24%|██▍       | 4861/20000 [01:44<06:28, 38.96it/s, acc=0.303, device=mps, eta=5m25s, loss=1.9961, sps=46.7]
BC[stage1_datasets_L40_stepsweep/bc_baseline_none_steps20000_tr1]:  24%|██▍       | 4867/20000 [01:44<05:58, 42.24it/s, acc=0.303, device=mps, eta=5m25s, loss=1.9961, sps=46.7]
BC[stage1_datasets_L40_stepsweep/bc_baseline_none_steps20000_tr1]:  24%|██▍       | 4874/20000 [01:44<05:21, 47.00it/s, acc=0.303, device=mps, eta=5m25s, loss=1.9961, sps=46.7]
BC[stage1_datasets_L40_stepsweep/bc_baseline_none_steps20000_tr1]:  24%|██▍       | 4881/20000 [01:44<06:11, 40.73it/s, acc=0.303, device=mps, eta=5m25s, loss=1.9961, sps=46.7]
BC[stage1_datasets_L40_stepsweep/bc_baseline_none_steps20000_tr1]:  24%|██▍       | 4887/20000 [01:44<05:44, 43.85it/s, acc=0.303, device=mps, eta=5m25s, loss=1.9961, sps=46.7]
BC[stage1_datasets_L40_stepsweep/bc_baseline_none_steps20000_tr1]:  24%|██▍       | 4893/20000 [01:44<05:17, 47.51it/s, acc=0.303, device=mps, eta=5m25s, loss=1.9961, sps=46.7]
BC[stage1_datasets_L40_stepsweep/bc_baseline_none_steps20000_tr1]:  25%|██▍       | 4901/20000 [01:45<05:58, 42.15it/s, acc=0.303, device=mps, eta=5m25s, loss=1.9961, sps=46.7]
BC[stage1_datasets_L40_stepsweep/bc_baseline_none_steps20000_tr1]:  25%|██▍       | 4909/20000 [01:45<05:04, 49.54it/s, acc=0.303, device=mps, eta=5m25s, loss=1.9961, sps=46.7]
BC[stage1_datasets_L40_stepsweep/bc_baseline_none_steps20000_tr1]:  25%|██▍       | 4917/20000 [01:45<04:28, 56.12it/s, acc=0.303, device=mps, eta=5m25s, loss=1.9961, sps=46.7]
BC[stage1_datasets_L40_stepsweep/bc_baseline_none_steps20000_tr1]:  25%|██▍       | 4924/20000 [01:45<05:20, 47.02it/s, acc=0.303, device=mps, eta=5m25s, loss=1.9961, sps=46.7]
BC[stage1_datasets_L40_stepsweep/bc_baseline_none_steps20000_tr1]:  25%|██▍       | 4932/20000 [01:45<04:41, 53.58it/s, acc=0.303, device=mps, eta=5m25s, loss=1.9961, sps=46.7]
BC[stage1_datasets_L40_stepsweep/bc_baseline_none_steps20000_tr1]:  25%|██▍       | 4941/20000 [01:45<05:14, 47.89it/s, acc=0.303, device=mps, eta=5m25s, loss=1.9961, sps=46.7]
BC[stage1_datasets_L40_stepsweep/bc_baseline_none_steps20000_tr1]:  25%|██▍       | 4949/20000 [01:45<04:39, 53.89it/s, acc=0.303, device=mps, eta=5m25s, loss=1.9961, sps=46.7]
BC[stage1_datasets_L40_stepsweep/bc_baseline_none_steps20000_tr1]:  25%|██▍       | 4957/20000 [01:46<04:12, 59.58it/s, acc=0.303, device=mps, eta=5m25s, loss=1.9961, sps=46.7]
BC[stage1_datasets_L40_stepsweep/bc_baseline_none_steps20000_tr1]:  25%|██▍       | 4964/20000 [01:46<04:57, 50.58it/s, acc=0.303, device=mps, eta=5m25s, loss=1.9961, sps=46.7]
BC[stage1_datasets_L40_stepsweep/bc_baseline_none_steps20000_tr1]:  25%|██▍       | 4972/20000 [01:46<04:23, 56.95it/s, acc=0.303, device=mps, eta=5m25s, loss=1.9961, sps=46.7]
BC[stage1_datasets_L40_stepsweep/bc_baseline_none_steps20000_tr1]:  25%|██▍       | 4981/20000 [01:46<05:03, 49.55it/s, acc=0.303, device=mps, eta=5m25s, loss=1.9961, sps=46.7]
BC[stage1_datasets_L40_stepsweep/bc_baseline_none_steps20000_tr1]:  25%|██▍       | 4989/20000 [01:46<04:32, 55.15it/s, acc=0.303, device=mps, eta=5m25s, loss=1.9961, sps=46.7]
BC[stage1_datasets_L40_stepsweep/bc_baseline_none_steps20000_tr1]:  25%|██▍       | 4997/20000 [01:46<04:11, 59.62it/s, acc=0.303, device=mps, eta=5m25s, loss=1.9961, sps=46.7]
BC[stage1_datasets_L40_stepsweep/bc_baseline_none_steps20000_tr1]:  25%|██▍       | 4997/20000 [01:46<04:11, 59.62it/s, acc=0.304, device=mps, eta=5m21s, loss=2.0033, sps=46.8]
BC[stage1_datasets_L40_stepsweep/bc_baseline_none_steps20000_tr1]:  25%|██▌       | 5004/20000 [01:47<05:04, 49.32it/s, acc=0.304, device=mps, eta=5m21s, loss=2.0033, sps=46.8]
BC[stage1_datasets_L40_stepsweep/bc_baseline_none_steps20000_tr1]:  25%|██▌       | 5010/20000 [01:47<04:53, 51.10it/s, acc=0.304, device=mps, eta=5m21s, loss=2.0033, sps=46.8]
BC[stage1_datasets_L40_stepsweep/bc_baseline_none_steps20000_tr1]:  25%|██▌       | 5016/20000 [01:47<04:43, 52.80it/s, acc=0.304, device=mps, eta=5m21s, loss=2.0033, sps=46.8]
BC[stage1_datasets_L40_stepsweep/bc_baseline_none_steps20000_tr1]:  25%|██▌       | 5022/20000 [01:47<05:44, 43.47it/s, acc=0.304, device=mps, eta=5m21s, loss=2.0033, sps=46.8]
BC[stage1_datasets_L40_stepsweep/bc_baseline_none_steps20000_tr1]:  25%|██▌       | 5030/20000 [01:47<04:54, 50.76it/s, acc=0.304, device=mps, eta=5m21s, loss=2.0033, sps=46.8]
BC[stage1_datasets_L40_stepsweep/bc_baseline_none_steps20000_tr1]:  25%|██▌       | 5038/20000 [01:47<04:24, 56.61it/s, acc=0.304, device=mps, eta=5m21s, loss=2.0033, sps=46.8]
BC[stage1_datasets_L40_stepsweep/bc_baseline_none_steps20000_tr1]:  25%|██▌       | 5045/20000 [01:47<05:17, 47.16it/s, acc=0.304, device=mps, eta=5m21s, loss=2.0033, sps=46.8]
BC[stage1_datasets_L40_stepsweep/bc_baseline_none_steps20000_tr1]:  25%|██▌       | 5051/20000 [01:47<05:00, 49.75it/s, acc=0.304, device=mps, eta=5m21s, loss=2.0033, sps=46.8]
BC[stage1_datasets_L40_stepsweep/bc_baseline_none_steps20000_tr1]:  25%|██▌       | 5057/20000 [01:48<04:46, 52.11it/s, acc=0.304, device=mps, eta=5m21s, loss=2.0033, sps=46.8]
BC[stage1_datasets_L40_stepsweep/bc_baseline_none_steps20000_tr1]:  25%|██▌       | 5063/20000 [01:48<05:48, 42.88it/s, acc=0.304, device=mps, eta=5m21s, loss=2.0033, sps=46.8]
BC[stage1_datasets_L40_stepsweep/bc_baseline_none_steps20000_tr1]:  25%|██▌       | 5071/20000 [01:48<04:55, 50.44it/s, acc=0.304, device=mps, eta=5m21s, loss=2.0033, sps=46.8]
BC[stage1_datasets_L40_stepsweep/bc_baseline_none_steps20000_tr1]:  25%|██▌       | 5079/20000 [01:48<04:24, 56.39it/s, acc=0.304, device=mps, eta=5m21s, loss=2.0033, sps=46.8]
BC[stage1_datasets_L40_stepsweep/bc_baseline_none_steps20000_tr1]:  25%|██▌       | 5086/20000 [01:48<05:24, 46.01it/s, acc=0.304, device=mps, eta=5m21s, loss=2.0033, sps=46.8]
BC[stage1_datasets_L40_stepsweep/bc_baseline_none_steps20000_tr1]:  25%|██▌       | 5093/20000 [01:48<04:59, 49.71it/s, acc=0.304, device=mps, eta=5m21s, loss=2.0033, sps=46.8]
BC[stage1_datasets_L40_stepsweep/bc_baseline_none_steps20000_tr1]:  26%|██▌       | 5100/20000 [01:48<04:40, 53.11it/s, acc=0.304, device=mps, eta=5m21s, loss=2.0033, sps=46.8]
BC[stage1_datasets_L40_stepsweep/bc_baseline_none_steps20000_tr1]:  26%|██▌       | 5106/20000 [01:49<05:50, 42.51it/s, acc=0.304, device=mps, eta=5m21s, loss=2.0033, sps=46.8]
BC[stage1_datasets_L40_stepsweep/bc_baseline_none_steps20000_tr1]:  26%|██▌       | 5112/20000 [01:49<05:30, 45.02it/s, acc=0.304, device=mps, eta=5m21s, loss=2.0033, sps=46.8]
BC[stage1_datasets_L40_stepsweep/bc_baseline_none_steps20000_tr1]:  26%|██▌       | 5118/20000 [01:49<05:08, 48.20it/s, acc=0.304, device=mps, eta=5m21s, loss=2.0033, sps=46.8]
BC[stage1_datasets_L40_stepsweep/bc_baseline_none_steps20000_tr1]:  26%|██▌       | 5124/20000 [01:49<06:09, 40.29it/s, acc=0.304, device=mps, eta=5m21s, loss=2.0033, sps=46.8]
BC[stage1_datasets_L40_stepsweep/bc_baseline_none_steps20000_tr1]:  26%|██▌       | 5130/20000 [01:49<05:33, 44.54it/s, acc=0.304, device=mps, eta=5m21s, loss=2.0033, sps=46.8]
BC[stage1_datasets_L40_stepsweep/bc_baseline_none_steps20000_tr1]:  26%|██▌       | 5137/20000 [01:49<05:04, 48.77it/s, acc=0.304, device=mps, eta=5m21s, loss=2.0033, sps=46.8]
BC[stage1_datasets_L40_stepsweep/bc_baseline_none_steps20000_tr1]:  26%|██▌       | 5143/20000 [01:49<05:58, 41.46it/s, acc=0.304, device=mps, eta=5m21s, loss=2.0033, sps=46.8]
BC[stage1_datasets_L40_stepsweep/bc_baseline_none_steps20000_tr1]:  26%|██▌       | 5150/20000 [01:50<05:21, 46.14it/s, acc=0.304, device=mps, eta=5m21s, loss=2.0033, sps=46.8]
BC[stage1_datasets_L40_stepsweep/bc_baseline_none_steps20000_tr1]:  26%|██▌       | 5156/20000 [01:50<05:02, 49.10it/s, acc=0.304, device=mps, eta=5m21s, loss=2.0033, sps=46.8]
BC[stage1_datasets_L40_stepsweep/bc_baseline_none_steps20000_tr1]:  26%|██▌       | 5162/20000 [01:50<06:09, 40.15it/s, acc=0.304, device=mps, eta=5m21s, loss=2.0033, sps=46.8]
BC[stage1_datasets_L40_stepsweep/bc_baseline_none_steps20000_tr1]:  26%|██▌       | 5169/20000 [01:50<05:31, 44.79it/s, acc=0.304, device=mps, eta=5m21s, loss=2.0033, sps=46.8]
BC[stage1_datasets_L40_stepsweep/bc_baseline_none_steps20000_tr1]:  26%|██▌       | 5175/20000 [01:50<05:10, 47.80it/s, acc=0.304, device=mps, eta=5m21s, loss=2.0033, sps=46.8]
BC[stage1_datasets_L40_stepsweep/bc_baseline_none_steps20000_tr1]:  26%|██▌       | 5181/20000 [01:50<06:12, 39.78it/s, acc=0.304, device=mps, eta=5m21s, loss=2.0033, sps=46.8]
BC[stage1_datasets_L40_stepsweep/bc_baseline_none_steps20000_tr1]:  26%|██▌       | 5189/20000 [01:50<05:07, 48.11it/s, acc=0.304, device=mps, eta=5m21s, loss=2.0033, sps=46.8]
BC[stage1_datasets_L40_stepsweep/bc_baseline_none_steps20000_tr1]:  26%|██▌       | 5197/20000 [01:51<04:26, 55.53it/s, acc=0.304, device=mps, eta=5m21s, loss=2.0033, sps=46.8]
BC[stage1_datasets_L40_stepsweep/bc_baseline_none_steps20000_tr1]:  26%|██▌       | 5197/20000 [01:51<04:26, 55.53it/s, acc=0.305, device=mps, eta=5m16s, loss=1.9942, sps=46.8]
BC[stage1_datasets_L40_stepsweep/bc_baseline_none_steps20000_tr1]:  26%|██▌       | 5204/20000 [01:51<05:11, 47.54it/s, acc=0.305, device=mps, eta=5m16s, loss=1.9942, sps=46.8]
BC[stage1_datasets_L40_stepsweep/bc_baseline_none_steps20000_tr1]:  26%|██▌       | 5211/20000 [01:51<04:47, 51.39it/s, acc=0.305, device=mps, eta=5m16s, loss=1.9942, sps=46.8]
BC[stage1_datasets_L40_stepsweep/bc_baseline_none_steps20000_tr1]:  26%|██▌       | 5217/20000 [01:51<04:38, 53.01it/s, acc=0.305, device=mps, eta=5m16s, loss=1.9942, sps=46.8]
BC[stage1_datasets_L40_stepsweep/bc_baseline_none_steps20000_tr1]:  26%|██▌       | 5223/20000 [01:51<05:46, 42.65it/s, acc=0.305, device=mps, eta=5m16s, loss=1.9942, sps=46.8]
BC[stage1_datasets_L40_stepsweep/bc_baseline_none_steps20000_tr1]:  26%|██▌       | 5229/20000 [01:51<05:22, 45.74it/s, acc=0.305, device=mps, eta=5m16s, loss=1.9942, sps=46.8]
BC[stage1_datasets_L40_stepsweep/bc_baseline_none_steps20000_tr1]:  26%|██▌       | 5235/20000 [01:51<05:12, 47.27it/s, acc=0.305, device=mps, eta=5m16s, loss=1.9942, sps=46.8]
BC[stage1_datasets_L40_stepsweep/bc_baseline_none_steps20000_tr1]:  26%|██▌       | 5241/20000 [01:52<06:16, 39.18it/s, acc=0.305, device=mps, eta=5m16s, loss=1.9942, sps=46.8]
BC[stage1_datasets_L40_stepsweep/bc_baseline_none_steps20000_tr1]:  26%|██▌       | 5249/20000 [01:52<05:13, 46.99it/s, acc=0.305, device=mps, eta=5m16s, loss=1.9942, sps=46.8]
BC[stage1_datasets_L40_stepsweep/bc_baseline_none_steps20000_tr1]:  26%|██▋       | 5257/20000 [01:52<04:35, 53.46it/s, acc=0.305, device=mps, eta=5m16s, loss=1.9942, sps=46.8]
BC[stage1_datasets_L40_stepsweep/bc_baseline_none_steps20000_tr1]:  26%|██▋       | 5263/20000 [01:52<05:26, 45.15it/s, acc=0.305, device=mps, eta=5m16s, loss=1.9942, sps=46.8]
BC[stage1_datasets_L40_stepsweep/bc_baseline_none_steps20000_tr1]:  26%|██▋       | 5270/20000 [01:52<05:01, 48.89it/s, acc=0.305, device=mps, eta=5m16s, loss=1.9942, sps=46.8]
BC[stage1_datasets_L40_stepsweep/bc_baseline_none_steps20000_tr1]:  26%|██▋       | 5276/20000 [01:52<04:48, 50.98it/s, acc=0.305, device=mps, eta=5m16s, loss=1.9942, sps=46.8]
BC[stage1_datasets_L40_stepsweep/bc_baseline_none_steps20000_tr1]:  26%|██▋       | 5282/20000 [01:52<05:48, 42.29it/s, acc=0.305, device=mps, eta=5m16s, loss=1.9942, sps=46.8]
BC[stage1_datasets_L40_stepsweep/bc_baseline_none_steps20000_tr1]:  26%|██▋       | 5290/20000 [01:53<04:55, 49.70it/s, acc=0.305, device=mps, eta=5m16s, loss=1.9942, sps=46.8]
BC[stage1_datasets_L40_stepsweep/bc_baseline_none_steps20000_tr1]:  26%|██▋       | 5298/20000 [01:53<04:25, 55.33it/s, acc=0.305, device=mps, eta=5m16s, loss=1.9942, sps=46.8]
BC[stage1_datasets_L40_stepsweep/bc_baseline_none_steps20000_tr1]:  27%|██▋       | 5305/20000 [01:53<05:22, 45.50it/s, acc=0.305, device=mps, eta=5m16s, loss=1.9942, sps=46.8]
BC[stage1_datasets_L40_stepsweep/bc_baseline_none_steps20000_tr1]:  27%|██▋       | 5311/20000 [01:53<05:07, 47.71it/s, acc=0.305, device=mps, eta=5m16s, loss=1.9942, sps=46.8]
BC[stage1_datasets_L40_stepsweep/bc_baseline_none_steps20000_tr1]:  27%|██▋       | 5318/20000 [01:53<04:43, 51.82it/s, acc=0.305, device=mps, eta=5m16s, loss=1.9942, sps=46.8]
BC[stage1_datasets_L40_stepsweep/bc_baseline_none_steps20000_tr1]:  27%|██▋       | 5324/20000 [01:53<05:34, 43.90it/s, acc=0.305, device=mps, eta=5m16s, loss=1.9942, sps=46.8]
BC[stage1_datasets_L40_stepsweep/bc_baseline_none_steps20000_tr1]:  27%|██▋       | 5332/20000 [01:53<04:49, 50.60it/s, acc=0.305, device=mps, eta=5m16s, loss=1.9942, sps=46.8]
BC[stage1_datasets_L40_stepsweep/bc_baseline_none_steps20000_tr1]:  27%|██▋       | 5340/20000 [01:54<04:16, 57.10it/s, acc=0.305, device=mps, eta=5m16s, loss=1.9942, sps=46.8]
BC[stage1_datasets_L40_stepsweep/bc_baseline_none_steps20000_tr1]:  27%|██▋       | 5347/20000 [01:54<05:13, 46.77it/s, acc=0.305, device=mps, eta=5m16s, loss=1.9942, sps=46.8]
BC[stage1_datasets_L40_stepsweep/bc_baseline_none_steps20000_tr1]:  27%|██▋       | 5354/20000 [01:54<04:52, 50.12it/s, acc=0.305, device=mps, eta=5m16s, loss=1.9942, sps=46.8]
BC[stage1_datasets_L40_stepsweep/bc_baseline_none_steps20000_tr1]:  27%|██▋       | 5361/20000 [01:54<05:51, 41.70it/s, acc=0.305, device=mps, eta=5m16s, loss=1.9942, sps=46.8]
BC[stage1_datasets_L40_stepsweep/bc_baseline_none_steps20000_tr1]:  27%|██▋       | 5367/20000 [01:54<05:24, 45.15it/s, acc=0.305, device=mps, eta=5m16s, loss=1.9942, sps=46.8]
BC[stage1_datasets_L40_stepsweep/bc_baseline_none_steps20000_tr1]:  27%|██▋       | 5373/20000 [01:54<05:10, 47.11it/s, acc=0.305, device=mps, eta=5m16s, loss=1.9942, sps=46.8]
BC[stage1_datasets_L40_stepsweep/bc_baseline_none_steps20000_tr1]:  27%|██▋       | 5380/20000 [01:54<04:43, 51.59it/s, acc=0.305, device=mps, eta=5m16s, loss=1.9942, sps=46.8]
BC[stage1_datasets_L40_stepsweep/bc_baseline_none_steps20000_tr1]:  27%|██▋       | 5386/20000 [01:55<05:43, 42.59it/s, acc=0.305, device=mps, eta=5m16s, loss=1.9942, sps=46.8]
BC[stage1_datasets_L40_stepsweep/bc_baseline_none_steps20000_tr1]:  27%|██▋       | 5393/20000 [01:55<05:09, 47.22it/s, acc=0.305, device=mps, eta=5m16s, loss=1.9942, sps=46.8]
BC[stage1_datasets_L40_stepsweep/bc_baseline_none_steps20000_tr1]:  27%|██▋       | 5393/20000 [01:55<05:09, 47.22it/s, acc=0.306, device=mps, eta=5m12s, loss=1.9948, sps=46.8]
BC[stage1_datasets_L40_stepsweep/bc_baseline_none_steps20000_tr1]:  27%|██▋       | 5400/20000 [01:55<04:42, 51.71it/s, acc=0.306, device=mps, eta=5m12s, loss=1.9948, sps=46.8]
BC[stage1_datasets_L40_stepsweep/bc_baseline_none_steps20000_tr1]:  27%|██▋       | 5406/20000 [01:55<05:46, 42.14it/s, acc=0.306, device=mps, eta=5m12s, loss=1.9948, sps=46.8]
BC[stage1_datasets_L40_stepsweep/bc_baseline_none_steps20000_tr1]:  27%|██▋       | 5412/20000 [01:55<05:23, 45.14it/s, acc=0.306, device=mps, eta=5m12s, loss=1.9948, sps=46.8]
BC[stage1_datasets_L40_stepsweep/bc_baseline_none_steps20000_tr1]:  27%|██▋       | 5418/20000 [01:55<05:02, 48.15it/s, acc=0.306, device=mps, eta=5m12s, loss=1.9948, sps=46.8]
BC[stage1_datasets_L40_stepsweep/bc_baseline_none_steps20000_tr1]:  27%|██▋       | 5424/20000 [01:55<06:04, 39.95it/s, acc=0.306, device=mps, eta=5m12s, loss=1.9948, sps=46.8]
BC[stage1_datasets_L40_stepsweep/bc_baseline_none_steps20000_tr1]:  27%|██▋       | 5430/20000 [01:56<05:33, 43.63it/s, acc=0.306, device=mps, eta=5m12s, loss=1.9948, sps=46.8]
BC[stage1_datasets_L40_stepsweep/bc_baseline_none_steps20000_tr1]:  27%|██▋       | 5436/20000 [01:56<05:13, 46.43it/s, acc=0.306, device=mps, eta=5m12s, loss=1.9948, sps=46.8]
BC[stage1_datasets_L40_stepsweep/bc_baseline_none_steps20000_tr1]:  27%|██▋       | 5442/20000 [01:56<06:14, 38.87it/s, acc=0.306, device=mps, eta=5m12s, loss=1.9948, sps=46.8]
BC[stage1_datasets_L40_stepsweep/bc_baseline_none_steps20000_tr1]:  27%|██▋       | 5450/20000 [01:56<05:09, 47.02it/s, acc=0.306, device=mps, eta=5m12s, loss=1.9948, sps=46.8]
BC[stage1_datasets_L40_stepsweep/bc_baseline_none_steps20000_tr1]:  27%|██▋       | 5458/20000 [01:56<04:32, 53.41it/s, acc=0.306, device=mps, eta=5m12s, loss=1.9948, sps=46.8]
BC[stage1_datasets_L40_stepsweep/bc_baseline_none_steps20000_tr1]:  27%|██▋       | 5464/20000 [01:56<05:26, 44.57it/s, acc=0.306, device=mps, eta=5m12s, loss=1.9948, sps=46.8]
BC[stage1_datasets_L40_stepsweep/bc_baseline_none_steps20000_tr1]:  27%|██▋       | 5470/20000 [01:56<05:04, 47.79it/s, acc=0.306, device=mps, eta=5m12s, loss=1.9948, sps=46.8]
BC[stage1_datasets_L40_stepsweep/bc_baseline_none_steps20000_tr1]:  27%|██▋       | 5476/20000 [01:57<04:46, 50.67it/s, acc=0.306, device=mps, eta=5m12s, loss=1.9948, sps=46.8]
BC[stage1_datasets_L40_stepsweep/bc_baseline_none_steps20000_tr1]:  27%|██▋       | 5482/20000 [01:57<05:46, 41.85it/s, acc=0.306, device=mps, eta=5m12s, loss=1.9948, sps=46.8]
BC[stage1_datasets_L40_stepsweep/bc_baseline_none_steps20000_tr1]:  27%|██▋       | 5490/20000 [01:57<04:54, 49.34it/s, acc=0.306, device=mps, eta=5m12s, loss=1.9948, sps=46.8]
BC[stage1_datasets_L40_stepsweep/bc_baseline_none_steps20000_tr1]:  27%|██▋       | 5498/20000 [01:57<04:20, 55.60it/s, acc=0.306, device=mps, eta=5m12s, loss=1.9948, sps=46.8]
BC[stage1_datasets_L40_stepsweep/bc_baseline_none_steps20000_tr1]:  28%|██▊       | 5505/20000 [01:57<05:11, 46.56it/s, acc=0.306, device=mps, eta=5m12s, loss=1.9948, sps=46.8]
BC[stage1_datasets_L40_stepsweep/bc_baseline_none_steps20000_tr1]:  28%|██▊       | 5512/20000 [01:57<04:50, 49.86it/s, acc=0.306, device=mps, eta=5m12s, loss=1.9948, sps=46.8]
BC[stage1_datasets_L40_stepsweep/bc_baseline_none_steps20000_tr1]:  28%|██▊       | 5518/20000 [01:57<04:42, 51.29it/s, acc=0.306, device=mps, eta=5m12s, loss=1.9948, sps=46.8]
BC[stage1_datasets_L40_stepsweep/bc_baseline_none_steps20000_tr1]:  28%|██▊       | 5524/20000 [01:58<05:42, 42.27it/s, acc=0.306, device=mps, eta=5m12s, loss=1.9948, sps=46.8]
BC[stage1_datasets_L40_stepsweep/bc_baseline_none_steps20000_tr1]:  28%|██▊       | 5532/20000 [01:58<04:52, 49.46it/s, acc=0.306, device=mps, eta=5m12s, loss=1.9948, sps=46.8]
BC[stage1_datasets_L40_stepsweep/bc_baseline_none_steps20000_tr1]:  28%|██▊       | 5540/20000 [01:58<04:18, 55.89it/s, acc=0.306, device=mps, eta=5m12s, loss=1.9948, sps=46.8]
BC[stage1_datasets_L40_stepsweep/bc_baseline_none_steps20000_tr1]:  28%|██▊       | 5547/20000 [01:58<05:19, 45.17it/s, acc=0.306, device=mps, eta=5m12s, loss=1.9948, sps=46.8]
BC[stage1_datasets_L40_stepsweep/bc_baseline_none_steps20000_tr1]:  28%|██▊       | 5553/20000 [01:58<05:06, 47.09it/s, acc=0.306, device=mps, eta=5m12s, loss=1.9948, sps=46.8]
BC[stage1_datasets_L40_stepsweep/bc_baseline_none_steps20000_tr1]:  28%|██▊       | 5559/20000 [01:58<04:52, 49.43it/s, acc=0.306, device=mps, eta=5m12s, loss=1.9948, sps=46.8]
BC[stage1_datasets_L40_stepsweep/bc_baseline_none_steps20000_tr1]:  28%|██▊       | 5565/20000 [01:58<05:51, 41.07it/s, acc=0.306, device=mps, eta=5m12s, loss=1.9948, sps=46.8]
BC[stage1_datasets_L40_stepsweep/bc_baseline_none_steps20000_tr1]:  28%|██▊       | 5570/20000 [01:59<05:35, 42.99it/s, acc=0.306, device=mps, eta=5m12s, loss=1.9948, sps=46.8]
BC[stage1_datasets_L40_stepsweep/bc_baseline_none_steps20000_tr1]:  28%|██▊       | 5576/20000 [01:59<05:18, 45.35it/s, acc=0.306, device=mps, eta=5m12s, loss=1.9948, sps=46.8]
BC[stage1_datasets_L40_stepsweep/bc_baseline_none_steps20000_tr1]:  28%|██▊       | 5581/20000 [01:59<06:21, 37.83it/s, acc=0.306, device=mps, eta=5m12s, loss=1.9948, sps=46.8]
BC[stage1_datasets_L40_stepsweep/bc_baseline_none_steps20000_tr1]:  28%|██▊       | 5587/20000 [01:59<05:44, 41.85it/s, acc=0.306, device=mps, eta=5m12s, loss=1.9948, sps=46.8]
BC[stage1_datasets_L40_stepsweep/bc_baseline_none_steps20000_tr1]:  28%|██▊       | 5593/20000 [01:59<05:12, 46.07it/s, acc=0.306, device=mps, eta=5m12s, loss=1.9948, sps=46.8]
BC[stage1_datasets_L40_stepsweep/bc_baseline_none_steps20000_tr1]:  28%|██▊       | 5593/20000 [01:59<05:12, 46.07it/s, acc=0.303, device=mps, eta=5m08s, loss=1.9998, sps=46.8]
BC[stage1_datasets_L40_stepsweep/bc_baseline_none_steps20000_tr1]:  28%|██▊       | 5600/20000 [01:59<04:39, 51.60it/s, acc=0.303, device=mps, eta=5m08s, loss=1.9998, sps=46.8]
BC[stage1_datasets_L40_stepsweep/bc_baseline_none_steps20000_tr1]:  28%|██▊       | 5606/20000 [01:59<05:47, 41.43it/s, acc=0.303, device=mps, eta=5m08s, loss=1.9998, sps=46.8]
BC[stage1_datasets_L40_stepsweep/bc_baseline_none_steps20000_tr1]:  28%|██▊       | 5612/20000 [01:59<05:16, 45.41it/s, acc=0.303, device=mps, eta=5m08s, loss=1.9998, sps=46.8]
BC[stage1_datasets_L40_stepsweep/bc_baseline_none_steps20000_tr1]:  28%|██▊       | 5618/20000 [02:00<04:56, 48.52it/s, acc=0.303, device=mps, eta=5m08s, loss=1.9998, sps=46.8]
BC[stage1_datasets_L40_stepsweep/bc_baseline_none_steps20000_tr1]:  28%|██▊       | 5624/20000 [02:00<06:00, 39.87it/s, acc=0.303, device=mps, eta=5m08s, loss=1.9998, sps=46.8]
BC[stage1_datasets_L40_stepsweep/bc_baseline_none_steps20000_tr1]:  28%|██▊       | 5630/20000 [02:00<05:35, 42.78it/s, acc=0.303, device=mps, eta=5m08s, loss=1.9998, sps=46.8]
BC[stage1_datasets_L40_stepsweep/bc_baseline_none_steps20000_tr1]:  28%|██▊       | 5636/20000 [02:00<05:07, 46.75it/s, acc=0.303, device=mps, eta=5m08s, loss=1.9998, sps=46.8]
BC[stage1_datasets_L40_stepsweep/bc_baseline_none_steps20000_tr1]:  28%|██▊       | 5642/20000 [02:00<06:09, 38.82it/s, acc=0.303, device=mps, eta=5m08s, loss=1.9998, sps=46.8]
BC[stage1_datasets_L40_stepsweep/bc_baseline_none_steps20000_tr1]:  28%|██▊       | 5647/20000 [02:00<05:50, 40.89it/s, acc=0.303, device=mps, eta=5m08s, loss=1.9998, sps=46.8]
BC[stage1_datasets_L40_stepsweep/bc_baseline_none_steps20000_tr1]:  28%|██▊       | 5654/20000 [02:00<05:10, 46.18it/s, acc=0.303, device=mps, eta=5m08s, loss=1.9998, sps=46.8]
BC[stage1_datasets_L40_stepsweep/bc_baseline_none_steps20000_tr1]:  28%|██▊       | 5661/20000 [02:01<05:55, 40.36it/s, acc=0.303, device=mps, eta=5m08s, loss=1.9998, sps=46.8]
BC[stage1_datasets_L40_stepsweep/bc_baseline_none_steps20000_tr1]:  28%|██▊       | 5669/20000 [02:01<04:59, 47.91it/s, acc=0.303, device=mps, eta=5m08s, loss=1.9998, sps=46.8]
BC[stage1_datasets_L40_stepsweep/bc_baseline_none_steps20000_tr1]:  28%|██▊       | 5677/20000 [02:01<04:26, 53.74it/s, acc=0.303, device=mps, eta=5m08s, loss=1.9998, sps=46.8]
BC[stage1_datasets_L40_stepsweep/bc_baseline_none_steps20000_tr1]:  28%|██▊       | 5683/20000 [02:01<05:16, 45.29it/s, acc=0.303, device=mps, eta=5m08s, loss=1.9998, sps=46.8]
BC[stage1_datasets_L40_stepsweep/bc_baseline_none_steps20000_tr1]:  28%|██▊       | 5691/20000 [02:01<04:34, 52.05it/s, acc=0.303, device=mps, eta=5m08s, loss=1.9998, sps=46.8]
BC[stage1_datasets_L40_stepsweep/bc_baseline_none_steps20000_tr1]:  28%|██▊       | 5699/20000 [02:01<04:09, 57.29it/s, acc=0.303, device=mps, eta=5m08s, loss=1.9998, sps=46.8]
BC[stage1_datasets_L40_stepsweep/bc_baseline_none_steps20000_tr1]:  29%|██▊       | 5706/20000 [02:02<05:04, 46.95it/s, acc=0.303, device=mps, eta=5m08s, loss=1.9998, sps=46.8]
BC[stage1_datasets_L40_stepsweep/bc_baseline_none_steps20000_tr1]:  29%|██▊       | 5712/20000 [02:02<04:47, 49.71it/s, acc=0.303, device=mps, eta=5m08s, loss=1.9998, sps=46.8]
BC[stage1_datasets_L40_stepsweep/bc_baseline_none_steps20000_tr1]:  29%|██▊       | 5718/20000 [02:02<04:35, 51.88it/s, acc=0.303, device=mps, eta=5m08s, loss=1.9998, sps=46.8]
BC[stage1_datasets_L40_stepsweep/bc_baseline_none_steps20000_tr1]:  29%|██▊       | 5724/20000 [02:02<05:38, 42.18it/s, acc=0.303, device=mps, eta=5m08s, loss=1.9998, sps=46.8]
BC[stage1_datasets_L40_stepsweep/bc_baseline_none_steps20000_tr1]:  29%|██▊       | 5730/20000 [02:02<05:12, 45.59it/s, acc=0.303, device=mps, eta=5m08s, loss=1.9998, sps=46.8]
BC[stage1_datasets_L40_stepsweep/bc_baseline_none_steps20000_tr1]:  29%|██▊       | 5736/20000 [02:02<04:52, 48.70it/s, acc=0.303, device=mps, eta=5m08s, loss=1.9998, sps=46.8]
BC[stage1_datasets_L40_stepsweep/bc_baseline_none_steps20000_tr1]:  29%|██▊       | 5742/20000 [02:02<05:54, 40.25it/s, acc=0.303, device=mps, eta=5m08s, loss=1.9998, sps=46.8]
BC[stage1_datasets_L40_stepsweep/bc_baseline_none_steps20000_tr1]:  29%|██▉       | 5750/20000 [02:02<04:56, 48.11it/s, acc=0.303, device=mps, eta=5m08s, loss=1.9998, sps=46.8]
BC[stage1_datasets_L40_stepsweep/bc_baseline_none_steps20000_tr1]:  29%|██▉       | 5758/20000 [02:03<04:22, 54.30it/s, acc=0.303, device=mps, eta=5m08s, loss=1.9998, sps=46.8]
BC[stage1_datasets_L40_stepsweep/bc_baseline_none_steps20000_tr1]:  29%|██▉       | 5764/20000 [02:03<05:16, 44.94it/s, acc=0.303, device=mps, eta=5m08s, loss=1.9998, sps=46.8]
BC[stage1_datasets_L40_stepsweep/bc_baseline_none_steps20000_tr1]:  29%|██▉       | 5771/20000 [02:03<04:48, 49.25it/s, acc=0.303, device=mps, eta=5m08s, loss=1.9998, sps=46.8]
BC[stage1_datasets_L40_stepsweep/bc_baseline_none_steps20000_tr1]:  29%|██▉       | 5778/20000 [02:03<04:30, 52.53it/s, acc=0.303, device=mps, eta=5m08s, loss=1.9998, sps=46.8]
BC[stage1_datasets_L40_stepsweep/bc_baseline_none_steps20000_tr1]:  29%|██▉       | 5784/20000 [02:03<05:27, 43.40it/s, acc=0.303, device=mps, eta=5m08s, loss=1.9998, sps=46.8]
BC[stage1_datasets_L40_stepsweep/bc_baseline_none_steps20000_tr1]:  29%|██▉       | 5790/20000 [02:03<05:08, 46.00it/s, acc=0.303, device=mps, eta=5m08s, loss=1.9998, sps=46.8]
BC[stage1_datasets_L40_stepsweep/bc_baseline_none_steps20000_tr1]:  29%|██▉       | 5797/20000 [02:03<04:42, 50.24it/s, acc=0.303, device=mps, eta=5m08s, loss=1.9998, sps=46.8]
BC[stage1_datasets_L40_stepsweep/bc_baseline_none_steps20000_tr1]:  29%|██▉       | 5797/20000 [02:03<04:42, 50.24it/s, acc=0.302, device=mps, eta=5m04s, loss=2.0039, sps=46.8]
BC[stage1_datasets_L40_stepsweep/bc_baseline_none_steps20000_tr1]:  29%|██▉       | 5803/20000 [02:04<05:35, 42.29it/s, acc=0.302, device=mps, eta=5m04s, loss=2.0039, sps=46.8]
BC[stage1_datasets_L40_stepsweep/bc_baseline_none_steps20000_tr1]:  29%|██▉       | 5809/20000 [02:04<05:09, 45.81it/s, acc=0.302, device=mps, eta=5m04s, loss=2.0039, sps=46.8]
BC[stage1_datasets_L40_stepsweep/bc_baseline_none_steps20000_tr1]:  29%|██▉       | 5815/20000 [02:04<04:50, 48.84it/s, acc=0.302, device=mps, eta=5m04s, loss=2.0039, sps=46.8]
BC[stage1_datasets_L40_stepsweep/bc_baseline_none_steps20000_tr1]:  29%|██▉       | 5821/20000 [02:04<05:55, 39.89it/s, acc=0.302, device=mps, eta=5m04s, loss=2.0039, sps=46.8]
BC[stage1_datasets_L40_stepsweep/bc_baseline_none_steps20000_tr1]:  29%|██▉       | 5829/20000 [02:04<04:55, 47.90it/s, acc=0.302, device=mps, eta=5m04s, loss=2.0039, sps=46.8]
BC[stage1_datasets_L40_stepsweep/bc_baseline_none_steps20000_tr1]:  29%|██▉       | 5837/20000 [02:04<04:19, 54.58it/s, acc=0.302, device=mps, eta=5m04s, loss=2.0039, sps=46.8]
BC[stage1_datasets_L40_stepsweep/bc_baseline_none_steps20000_tr1]:  29%|██▉       | 5844/20000 [02:04<05:01, 46.90it/s, acc=0.302, device=mps, eta=5m04s, loss=2.0039, sps=46.8]
BC[stage1_datasets_L40_stepsweep/bc_baseline_none_steps20000_tr1]:  29%|██▉       | 5851/20000 [02:05<04:36, 51.14it/s, acc=0.302, device=mps, eta=5m04s, loss=2.0039, sps=46.8]
BC[stage1_datasets_L40_stepsweep/bc_baseline_none_steps20000_tr1]:  29%|██▉       | 5858/20000 [02:05<04:19, 54.44it/s, acc=0.302, device=mps, eta=5m04s, loss=2.0039, sps=46.8]
BC[stage1_datasets_L40_stepsweep/bc_baseline_none_steps20000_tr1]:  29%|██▉       | 5864/20000 [02:05<05:32, 42.47it/s, acc=0.302, device=mps, eta=5m04s, loss=2.0039, sps=46.8]
BC[stage1_datasets_L40_stepsweep/bc_baseline_none_steps20000_tr1]:  29%|██▉       | 5869/20000 [02:05<05:24, 43.53it/s, acc=0.302, device=mps, eta=5m04s, loss=2.0039, sps=46.8]
BC[stage1_datasets_L40_stepsweep/bc_baseline_none_steps20000_tr1]:  29%|██▉       | 5876/20000 [02:05<04:51, 48.45it/s, acc=0.302, device=mps, eta=5m04s, loss=2.0039, sps=46.8]
BC[stage1_datasets_L40_stepsweep/bc_baseline_none_steps20000_tr1]:  29%|██▉       | 5882/20000 [02:05<05:31, 42.59it/s, acc=0.302, device=mps, eta=5m04s, loss=2.0039, sps=46.8]
BC[stage1_datasets_L40_stepsweep/bc_baseline_none_steps20000_tr1]:  29%|██▉       | 5890/20000 [02:05<04:41, 50.16it/s, acc=0.302, device=mps, eta=5m04s, loss=2.0039, sps=46.8]
BC[stage1_datasets_L40_stepsweep/bc_baseline_none_steps20000_tr1]:  29%|██▉       | 5898/20000 [02:06<04:09, 56.61it/s, acc=0.302, device=mps, eta=5m04s, loss=2.0039, sps=46.8]
BC[stage1_datasets_L40_stepsweep/bc_baseline_none_steps20000_tr1]:  30%|██▉       | 5905/20000 [02:06<04:53, 47.98it/s, acc=0.302, device=mps, eta=5m04s, loss=2.0039, sps=46.8]
BC[stage1_datasets_L40_stepsweep/bc_baseline_none_steps20000_tr1]:  30%|██▉       | 5912/20000 [02:06<04:28, 52.40it/s, acc=0.302, device=mps, eta=5m04s, loss=2.0039, sps=46.8]
BC[stage1_datasets_L40_stepsweep/bc_baseline_none_steps20000_tr1]:  30%|██▉       | 5919/20000 [02:06<04:14, 55.24it/s, acc=0.302, device=mps, eta=5m04s, loss=2.0039, sps=46.8]
BC[stage1_datasets_L40_stepsweep/bc_baseline_none_steps20000_tr1]:  30%|██▉       | 5925/20000 [02:06<05:18, 44.21it/s, acc=0.302, device=mps, eta=5m04s, loss=2.0039, sps=46.8]
BC[stage1_datasets_L40_stepsweep/bc_baseline_none_steps20000_tr1]:  30%|██▉       | 5931/20000 [02:06<04:59, 47.03it/s, acc=0.302, device=mps, eta=5m04s, loss=2.0039, sps=46.8]
BC[stage1_datasets_L40_stepsweep/bc_baseline_none_steps20000_tr1]:  30%|██▉       | 5937/20000 [02:06<04:41, 49.98it/s, acc=0.302, device=mps, eta=5m04s, loss=2.0039, sps=46.8]
BC[stage1_datasets_L40_stepsweep/bc_baseline_none_steps20000_tr1]:  30%|██▉       | 5943/20000 [02:07<05:41, 41.19it/s, acc=0.302, device=mps, eta=5m04s, loss=2.0039, sps=46.8]
BC[stage1_datasets_L40_stepsweep/bc_baseline_none_steps20000_tr1]:  30%|██▉       | 5949/20000 [02:07<05:13, 44.83it/s, acc=0.302, device=mps, eta=5m04s, loss=2.0039, sps=46.8]
BC[stage1_datasets_L40_stepsweep/bc_baseline_none_steps20000_tr1]:  30%|██▉       | 5956/20000 [02:07<04:44, 49.31it/s, acc=0.302, device=mps, eta=5m04s, loss=2.0039, sps=46.8]
BC[stage1_datasets_L40_stepsweep/bc_baseline_none_steps20000_tr1]:  30%|██▉       | 5962/20000 [02:07<05:40, 41.23it/s, acc=0.302, device=mps, eta=5m04s, loss=2.0039, sps=46.8]
BC[stage1_datasets_L40_stepsweep/bc_baseline_none_steps20000_tr1]:  30%|██▉       | 5970/20000 [02:07<04:44, 49.25it/s, acc=0.302, device=mps, eta=5m04s, loss=2.0039, sps=46.8]
BC[stage1_datasets_L40_stepsweep/bc_baseline_none_steps20000_tr1]:  30%|██▉       | 5978/20000 [02:07<04:10, 55.89it/s, acc=0.302, device=mps, eta=5m04s, loss=2.0039, sps=46.8]
BC[stage1_datasets_L40_stepsweep/bc_baseline_none_steps20000_tr1]:  30%|██▉       | 5985/20000 [02:07<05:03, 46.16it/s, acc=0.302, device=mps, eta=5m04s, loss=2.0039, sps=46.8]
BC[stage1_datasets_L40_stepsweep/bc_baseline_none_steps20000_tr1]:  30%|██▉       | 5991/20000 [02:08<04:51, 48.02it/s, acc=0.302, device=mps, eta=5m04s, loss=2.0039, sps=46.8]
BC[stage1_datasets_L40_stepsweep/bc_baseline_none_steps20000_tr1]:  30%|██▉       | 5998/20000 [02:08<04:29, 51.90it/s, acc=0.302, device=mps, eta=5m04s, loss=2.0039, sps=46.8]
BC[stage1_datasets_L40_stepsweep/bc_baseline_none_steps20000_tr1]:  30%|██▉       | 5998/20000 [02:08<04:29, 51.90it/s, acc=0.307, device=mps, eta=4m59s, loss=1.9896, sps=46.8]
BC[stage1_datasets_L40_stepsweep/bc_baseline_none_steps20000_tr1]:  30%|███       | 6004/20000 [02:08<05:18, 43.93it/s, acc=0.307, device=mps, eta=4m59s, loss=1.9896, sps=46.8]
BC[stage1_datasets_L40_stepsweep/bc_baseline_none_steps20000_tr1]:  30%|███       | 6012/20000 [02:08<04:36, 50.55it/s, acc=0.307, device=mps, eta=4m59s, loss=1.9896, sps=46.8]
BC[stage1_datasets_L40_stepsweep/bc_baseline_none_steps20000_tr1]:  30%|███       | 6020/20000 [02:08<04:05, 56.88it/s, acc=0.307, device=mps, eta=4m59s, loss=1.9896, sps=46.8]
BC[stage1_datasets_L40_stepsweep/bc_baseline_none_steps20000_tr1]:  30%|███       | 6027/20000 [02:08<05:00, 46.45it/s, acc=0.307, device=mps, eta=4m59s, loss=1.9896, sps=46.8]
BC[stage1_datasets_L40_stepsweep/bc_baseline_none_steps20000_tr1]:  30%|███       | 6033/20000 [02:08<04:44, 49.18it/s, acc=0.307, device=mps, eta=4m59s, loss=1.9896, sps=46.8]
BC[stage1_datasets_L40_stepsweep/bc_baseline_none_steps20000_tr1]:  30%|███       | 6039/20000 [02:08<04:35, 50.73it/s, acc=0.307, device=mps, eta=4m59s, loss=1.9896, sps=46.8]
BC[stage1_datasets_L40_stepsweep/bc_baseline_none_steps20000_tr1]:  30%|███       | 6045/20000 [02:09<05:35, 41.59it/s, acc=0.307, device=mps, eta=4m59s, loss=1.9896, sps=46.8]
BC[stage1_datasets_L40_stepsweep/bc_baseline_none_steps20000_tr1]:  30%|███       | 6051/20000 [02:09<05:18, 43.80it/s, acc=0.307, device=mps, eta=4m59s, loss=1.9896, sps=46.8]
BC[stage1_datasets_L40_stepsweep/bc_baseline_none_steps20000_tr1]:  30%|███       | 6057/20000 [02:09<04:55, 47.11it/s, acc=0.307, device=mps, eta=4m59s, loss=1.9896, sps=46.8]
BC[stage1_datasets_L40_stepsweep/bc_baseline_none_steps20000_tr1]:  30%|███       | 6063/20000 [02:09<05:52, 39.53it/s, acc=0.307, device=mps, eta=4m59s, loss=1.9896, sps=46.8]
BC[stage1_datasets_L40_stepsweep/bc_baseline_none_steps20000_tr1]:  30%|███       | 6071/20000 [02:09<04:51, 47.82it/s, acc=0.307, device=mps, eta=4m59s, loss=1.9896, sps=46.8]
BC[stage1_datasets_L40_stepsweep/bc_baseline_none_steps20000_tr1]:  30%|███       | 6079/20000 [02:09<04:13, 54.88it/s, acc=0.307, device=mps, eta=4m59s, loss=1.9896, sps=46.8]
BC[stage1_datasets_L40_stepsweep/bc_baseline_none_steps20000_tr1]:  30%|███       | 6086/20000 [02:10<04:59, 46.46it/s, acc=0.307, device=mps, eta=4m59s, loss=1.9896, sps=46.8]
BC[stage1_datasets_L40_stepsweep/bc_baseline_none_steps20000_tr1]:  30%|███       | 6093/20000 [02:10<04:31, 51.13it/s, acc=0.307, device=mps, eta=4m59s, loss=1.9896, sps=46.8]
BC[stage1_datasets_L40_stepsweep/bc_baseline_none_steps20000_tr1]:  31%|███       | 6101/20000 [02:10<05:17, 43.74it/s, acc=0.307, device=mps, eta=4m59s, loss=1.9896, sps=46.8]
BC[stage1_datasets_L40_stepsweep/bc_baseline_none_steps20000_tr1]:  31%|███       | 6107/20000 [02:10<04:56, 46.88it/s, acc=0.307, device=mps, eta=4m59s, loss=1.9896, sps=46.8]
BC[stage1_datasets_L40_stepsweep/bc_baseline_none_steps20000_tr1]:  31%|███       | 6113/20000 [02:10<04:41, 49.29it/s, acc=0.307, device=mps, eta=4m59s, loss=1.9896, sps=46.8]
BC[stage1_datasets_L40_stepsweep/bc_baseline_none_steps20000_tr1]:  31%|███       | 6120/20000 [02:10<04:17, 53.99it/s, acc=0.307, device=mps, eta=4m59s, loss=1.9896, sps=46.8]
BC[stage1_datasets_L40_stepsweep/bc_baseline_none_steps20000_tr1]:  31%|███       | 6126/20000 [02:10<05:13, 44.23it/s, acc=0.307, device=mps, eta=4m59s, loss=1.9896, sps=46.8]
BC[stage1_datasets_L40_stepsweep/bc_baseline_none_steps20000_tr1]:  31%|███       | 6134/20000 [02:10<04:32, 50.86it/s, acc=0.307, device=mps, eta=4m59s, loss=1.9896, sps=46.8]
BC[stage1_datasets_L40_stepsweep/bc_baseline_none_steps20000_tr1]:  31%|███       | 6141/20000 [02:11<05:17, 43.65it/s, acc=0.307, device=mps, eta=4m59s, loss=1.9896, sps=46.8]
BC[stage1_datasets_L40_stepsweep/bc_baseline_none_steps20000_tr1]:  31%|███       | 6147/20000 [02:11<05:03, 45.62it/s, acc=0.307, device=mps, eta=4m59s, loss=1.9896, sps=46.8]
BC[stage1_datasets_L40_stepsweep/bc_baseline_none_steps20000_tr1]:  31%|███       | 6153/20000 [02:11<04:47, 48.10it/s, acc=0.307, device=mps, eta=4m59s, loss=1.9896, sps=46.8]
BC[stage1_datasets_L40_stepsweep/bc_baseline_none_steps20000_tr1]:  31%|███       | 6160/20000 [02:11<04:23, 52.62it/s, acc=0.307, device=mps, eta=4m59s, loss=1.9896, sps=46.8]
BC[stage1_datasets_L40_stepsweep/bc_baseline_none_steps20000_tr1]:  31%|███       | 6166/20000 [02:11<05:20, 43.22it/s, acc=0.307, device=mps, eta=4m59s, loss=1.9896, sps=46.8]
BC[stage1_datasets_L40_stepsweep/bc_baseline_none_steps20000_tr1]:  31%|███       | 6173/20000 [02:11<04:47, 48.10it/s, acc=0.307, device=mps, eta=4m59s, loss=1.9896, sps=46.8]
BC[stage1_datasets_L40_stepsweep/bc_baseline_none_steps20000_tr1]:  31%|███       | 6180/20000 [02:11<04:21, 52.82it/s, acc=0.307, device=mps, eta=4m59s, loss=1.9896, sps=46.8]
BC[stage1_datasets_L40_stepsweep/bc_baseline_none_steps20000_tr1]:  31%|███       | 6186/20000 [02:12<05:18, 43.42it/s, acc=0.307, device=mps, eta=4m59s, loss=1.9896, sps=46.8]
BC[stage1_datasets_L40_stepsweep/bc_baseline_none_steps20000_tr1]:  31%|███       | 6192/20000 [02:12<04:58, 46.32it/s, acc=0.307, device=mps, eta=4m59s, loss=1.9896, sps=46.8]
BC[stage1_datasets_L40_stepsweep/bc_baseline_none_steps20000_tr1]:  31%|███       | 6198/20000 [02:12<04:45, 48.37it/s, acc=0.307, device=mps, eta=4m59s, loss=1.9896, sps=46.8]
BC[stage1_datasets_L40_stepsweep/bc_baseline_none_steps20000_tr1]:  31%|███       | 6198/20000 [02:12<04:45, 48.37it/s, acc=0.307, device=mps, eta=4m55s, loss=1.9918, sps=46.8]
BC[stage1_datasets_L40_stepsweep/bc_baseline_none_steps20000_tr1]:  31%|███       | 6204/20000 [02:12<05:45, 39.97it/s, acc=0.307, device=mps, eta=4m55s, loss=1.9918, sps=46.8]
BC[stage1_datasets_L40_stepsweep/bc_baseline_none_steps20000_tr1]:  31%|███       | 6210/20000 [02:12<05:16, 43.59it/s, acc=0.307, device=mps, eta=4m55s, loss=1.9918, sps=46.8]
BC[stage1_datasets_L40_stepsweep/bc_baseline_none_steps20000_tr1]:  31%|███       | 6216/20000 [02:12<04:51, 47.28it/s, acc=0.307, device=mps, eta=4m55s, loss=1.9918, sps=46.8]
BC[stage1_datasets_L40_stepsweep/bc_baseline_none_steps20000_tr1]:  31%|███       | 6222/20000 [02:12<05:47, 39.63it/s, acc=0.307, device=mps, eta=4m55s, loss=1.9918, sps=46.8]
BC[stage1_datasets_L40_stepsweep/bc_baseline_none_steps20000_tr1]:  31%|███       | 6230/20000 [02:13<04:48, 47.76it/s, acc=0.307, device=mps, eta=4m55s, loss=1.9918, sps=46.8]
BC[stage1_datasets_L40_stepsweep/bc_baseline_none_steps20000_tr1]:  31%|███       | 6238/20000 [02:13<04:13, 54.38it/s, acc=0.307, device=mps, eta=4m55s, loss=1.9918, sps=46.8]
BC[stage1_datasets_L40_stepsweep/bc_baseline_none_steps20000_tr1]:  31%|███       | 6244/20000 [02:13<05:04, 45.23it/s, acc=0.307, device=mps, eta=4m55s, loss=1.9918, sps=46.8]
BC[stage1_datasets_L40_stepsweep/bc_baseline_none_steps20000_tr1]:  31%|███▏      | 6251/20000 [02:13<04:40, 49.09it/s, acc=0.307, device=mps, eta=4m55s, loss=1.9918, sps=46.8]
BC[stage1_datasets_L40_stepsweep/bc_baseline_none_steps20000_tr1]:  31%|███▏      | 6257/20000 [02:13<04:30, 50.76it/s, acc=0.307, device=mps, eta=4m55s, loss=1.9918, sps=46.8]
BC[stage1_datasets_L40_stepsweep/bc_baseline_none_steps20000_tr1]:  31%|███▏      | 6263/20000 [02:13<05:34, 41.07it/s, acc=0.307, device=mps, eta=4m55s, loss=1.9918, sps=46.8]
BC[stage1_datasets_L40_stepsweep/bc_baseline_none_steps20000_tr1]:  31%|███▏      | 6269/20000 [02:13<05:06, 44.83it/s, acc=0.307, device=mps, eta=4m55s, loss=1.9918, sps=46.8]
BC[stage1_datasets_L40_stepsweep/bc_baseline_none_steps20000_tr1]:  31%|███▏      | 6275/20000 [02:14<04:44, 48.19it/s, acc=0.307, device=mps, eta=4m55s, loss=1.9918, sps=46.8]
BC[stage1_datasets_L40_stepsweep/bc_baseline_none_steps20000_tr1]:  31%|███▏      | 6281/20000 [02:14<05:37, 40.65it/s, acc=0.307, device=mps, eta=4m55s, loss=1.9918, sps=46.8]
BC[stage1_datasets_L40_stepsweep/bc_baseline_none_steps20000_tr1]:  31%|███▏      | 6289/20000 [02:14<04:42, 48.53it/s, acc=0.307, device=mps, eta=4m55s, loss=1.9918, sps=46.8]
BC[stage1_datasets_L40_stepsweep/bc_baseline_none_steps20000_tr1]:  31%|███▏      | 6297/20000 [02:14<04:08, 55.25it/s, acc=0.307, device=mps, eta=4m55s, loss=1.9918, sps=46.8]
BC[stage1_datasets_L40_stepsweep/bc_baseline_none_steps20000_tr1]:  32%|███▏      | 6304/20000 [02:14<04:52, 46.79it/s, acc=0.307, device=mps, eta=4m55s, loss=1.9918, sps=46.8]
BC[stage1_datasets_L40_stepsweep/bc_baseline_none_steps20000_tr1]:  32%|███▏      | 6311/20000 [02:14<04:28, 50.90it/s, acc=0.307, device=mps, eta=4m55s, loss=1.9918, sps=46.8]
BC[stage1_datasets_L40_stepsweep/bc_baseline_none_steps20000_tr1]:  32%|███▏      | 6318/20000 [02:14<04:16, 53.38it/s, acc=0.307, device=mps, eta=4m55s, loss=1.9918, sps=46.8]
BC[stage1_datasets_L40_stepsweep/bc_baseline_none_steps20000_tr1]:  32%|███▏      | 6324/20000 [02:15<05:15, 43.33it/s, acc=0.307, device=mps, eta=4m55s, loss=1.9918, sps=46.8]
BC[stage1_datasets_L40_stepsweep/bc_baseline_none_steps20000_tr1]:  32%|███▏      | 6329/20000 [02:15<05:05, 44.77it/s, acc=0.307, device=mps, eta=4m55s, loss=1.9918, sps=46.8]
BC[stage1_datasets_L40_stepsweep/bc_baseline_none_steps20000_tr1]:  32%|███▏      | 6335/20000 [02:15<04:47, 47.56it/s, acc=0.307, device=mps, eta=4m55s, loss=1.9918, sps=46.8]
BC[stage1_datasets_L40_stepsweep/bc_baseline_none_steps20000_tr1]:  32%|███▏      | 6341/20000 [02:15<05:41, 39.98it/s, acc=0.307, device=mps, eta=4m55s, loss=1.9918, sps=46.8]
BC[stage1_datasets_L40_stepsweep/bc_baseline_none_steps20000_tr1]:  32%|███▏      | 6349/20000 [02:15<04:44, 47.97it/s, acc=0.307, device=mps, eta=4m55s, loss=1.9918, sps=46.8]
BC[stage1_datasets_L40_stepsweep/bc_baseline_none_steps20000_tr1]:  32%|███▏      | 6357/20000 [02:15<04:08, 54.82it/s, acc=0.307, device=mps, eta=4m55s, loss=1.9918, sps=46.8]
BC[stage1_datasets_L40_stepsweep/bc_baseline_none_steps20000_tr1]:  32%|███▏      | 6364/20000 [02:15<04:50, 46.87it/s, acc=0.307, device=mps, eta=4m55s, loss=1.9918, sps=46.8]
BC[stage1_datasets_L40_stepsweep/bc_baseline_none_steps20000_tr1]:  32%|███▏      | 6371/20000 [02:16<04:26, 51.06it/s, acc=0.307, device=mps, eta=4m55s, loss=1.9918, sps=46.8]
BC[stage1_datasets_L40_stepsweep/bc_baseline_none_steps20000_tr1]:  32%|███▏      | 6378/20000 [02:16<04:14, 53.47it/s, acc=0.307, device=mps, eta=4m55s, loss=1.9918, sps=46.8]
BC[stage1_datasets_L40_stepsweep/bc_baseline_none_steps20000_tr1]:  32%|███▏      | 6384/20000 [02:16<05:11, 43.74it/s, acc=0.307, device=mps, eta=4m55s, loss=1.9918, sps=46.8]
BC[stage1_datasets_L40_stepsweep/bc_baseline_none_steps20000_tr1]:  32%|███▏      | 6390/20000 [02:16<04:48, 47.11it/s, acc=0.307, device=mps, eta=4m55s, loss=1.9918, sps=46.8]
BC[stage1_datasets_L40_stepsweep/bc_baseline_none_steps20000_tr1]:  32%|███▏      | 6397/20000 [02:16<04:28, 50.60it/s, acc=0.307, device=mps, eta=4m55s, loss=1.9918, sps=46.8]
BC[stage1_datasets_L40_stepsweep/bc_baseline_none_steps20000_tr1]:  32%|███▏      | 6397/20000 [02:16<04:28, 50.60it/s, acc=0.304, device=mps, eta=4m50s, loss=2.0001, sps=46.8]
BC[stage1_datasets_L40_stepsweep/bc_baseline_none_steps20000_tr1]:  32%|███▏      | 6403/20000 [02:16<05:27, 41.57it/s, acc=0.304, device=mps, eta=4m50s, loss=2.0001, sps=46.8]
BC[stage1_datasets_L40_stepsweep/bc_baseline_none_steps20000_tr1]:  32%|███▏      | 6409/20000 [02:16<05:00, 45.18it/s, acc=0.304, device=mps, eta=4m50s, loss=2.0001, sps=46.8]
BC[stage1_datasets_L40_stepsweep/bc_baseline_none_steps20000_tr1]:  32%|███▏      | 6414/20000 [02:16<04:55, 45.94it/s, acc=0.304, device=mps, eta=4m50s, loss=2.0001, sps=46.8]
BC[stage1_datasets_L40_stepsweep/bc_baseline_none_steps20000_tr1]:  32%|███▏      | 6421/20000 [02:17<05:38, 40.14it/s, acc=0.304, device=mps, eta=4m50s, loss=2.0001, sps=46.8]
BC[stage1_datasets_L40_stepsweep/bc_baseline_none_steps20000_tr1]:  32%|███▏      | 6429/20000 [02:17<04:43, 47.84it/s, acc=0.304, device=mps, eta=4m50s, loss=2.0001, sps=46.8]
BC[stage1_datasets_L40_stepsweep/bc_baseline_none_steps20000_tr1]:  32%|███▏      | 6437/20000 [02:17<04:09, 54.39it/s, acc=0.304, device=mps, eta=4m50s, loss=2.0001, sps=46.8]
BC[stage1_datasets_L40_stepsweep/bc_baseline_none_steps20000_tr1]:  32%|███▏      | 6443/20000 [02:17<04:56, 45.65it/s, acc=0.304, device=mps, eta=4m50s, loss=2.0001, sps=46.8]
BC[stage1_datasets_L40_stepsweep/bc_baseline_none_steps20000_tr1]:  32%|███▏      | 6450/20000 [02:17<04:32, 49.77it/s, acc=0.304, device=mps, eta=4m50s, loss=2.0001, sps=46.8]
BC[stage1_datasets_L40_stepsweep/bc_baseline_none_steps20000_tr1]:  32%|███▏      | 6456/20000 [02:17<04:20, 51.91it/s, acc=0.304, device=mps, eta=4m50s, loss=2.0001, sps=46.8]
BC[stage1_datasets_L40_stepsweep/bc_baseline_none_steps20000_tr1]:  32%|███▏      | 6462/20000 [02:18<05:15, 42.92it/s, acc=0.304, device=mps, eta=4m50s, loss=2.0001, sps=46.8]
BC[stage1_datasets_L40_stepsweep/bc_baseline_none_steps20000_tr1]:  32%|███▏      | 6470/20000 [02:18<04:29, 50.23it/s, acc=0.304, device=mps, eta=4m50s, loss=2.0001, sps=46.8]
BC[stage1_datasets_L40_stepsweep/bc_baseline_none_steps20000_tr1]:  32%|███▏      | 6478/20000 [02:18<04:01, 56.09it/s, acc=0.304, device=mps, eta=4m50s, loss=2.0001, sps=46.8]
BC[stage1_datasets_L40_stepsweep/bc_baseline_none_steps20000_tr1]:  32%|███▏      | 6485/20000 [02:18<05:04, 44.43it/s, acc=0.304, device=mps, eta=4m50s, loss=2.0001, sps=46.8]
BC[stage1_datasets_L40_stepsweep/bc_baseline_none_steps20000_tr1]:  32%|███▏      | 6491/20000 [02:18<04:46, 47.10it/s, acc=0.304, device=mps, eta=4m50s, loss=2.0001, sps=46.8]
BC[stage1_datasets_L40_stepsweep/bc_baseline_none_steps20000_tr1]:  32%|███▏      | 6498/20000 [02:18<04:22, 51.45it/s, acc=0.304, device=mps, eta=4m50s, loss=2.0001, sps=46.8]
BC[stage1_datasets_L40_stepsweep/bc_baseline_none_steps20000_tr1]:  33%|███▎      | 6504/20000 [02:18<05:07, 43.94it/s, acc=0.304, device=mps, eta=4m50s, loss=2.0001, sps=46.8]
BC[stage1_datasets_L40_stepsweep/bc_baseline_none_steps20000_tr1]:  33%|███▎      | 6512/20000 [02:18<04:22, 51.31it/s, acc=0.304, device=mps, eta=4m50s, loss=2.0001, sps=46.8]
BC[stage1_datasets_L40_stepsweep/bc_baseline_none_steps20000_tr1]:  33%|███▎      | 6521/20000 [02:19<04:51, 46.19it/s, acc=0.304, device=mps, eta=4m50s, loss=2.0001, sps=46.8]
BC[stage1_datasets_L40_stepsweep/bc_baseline_none_steps20000_tr1]:  33%|███▎      | 6529/20000 [02:19<04:17, 52.28it/s, acc=0.304, device=mps, eta=4m50s, loss=2.0001, sps=46.8]
BC[stage1_datasets_L40_stepsweep/bc_baseline_none_steps20000_tr1]:  33%|███▎      | 6537/20000 [02:19<03:53, 57.58it/s, acc=0.304, device=mps, eta=4m50s, loss=2.0001, sps=46.8]
BC[stage1_datasets_L40_stepsweep/bc_baseline_none_steps20000_tr1]:  33%|███▎      | 6544/20000 [02:19<04:40, 48.04it/s, acc=0.304, device=mps, eta=4m50s, loss=2.0001, sps=46.8]
BC[stage1_datasets_L40_stepsweep/bc_baseline_none_steps20000_tr1]:  33%|███▎      | 6552/20000 [02:19<04:09, 53.90it/s, acc=0.304, device=mps, eta=4m50s, loss=2.0001, sps=46.8]
BC[stage1_datasets_L40_stepsweep/bc_baseline_none_steps20000_tr1]:  33%|███▎      | 6560/20000 [02:19<03:47, 58.99it/s, acc=0.304, device=mps, eta=4m50s, loss=2.0001, sps=46.8]
BC[stage1_datasets_L40_stepsweep/bc_baseline_none_steps20000_tr1]:  33%|███▎      | 6567/20000 [02:20<04:44, 47.27it/s, acc=0.304, device=mps, eta=4m50s, loss=2.0001, sps=46.8]
BC[stage1_datasets_L40_stepsweep/bc_baseline_none_steps20000_tr1]:  33%|███▎      | 6573/20000 [02:20<04:29, 49.75it/s, acc=0.304, device=mps, eta=4m50s, loss=2.0001, sps=46.8]
BC[stage1_datasets_L40_stepsweep/bc_baseline_none_steps20000_tr1]:  33%|███▎      | 6579/20000 [02:20<04:20, 51.43it/s, acc=0.304, device=mps, eta=4m50s, loss=2.0001, sps=46.8]
BC[stage1_datasets_L40_stepsweep/bc_baseline_none_steps20000_tr1]:  33%|███▎      | 6585/20000 [02:20<05:21, 41.72it/s, acc=0.304, device=mps, eta=4m50s, loss=2.0001, sps=46.8]
BC[stage1_datasets_L40_stepsweep/bc_baseline_none_steps20000_tr1]:  33%|███▎      | 6591/20000 [02:20<05:04, 44.01it/s, acc=0.304, device=mps, eta=4m50s, loss=2.0001, sps=46.8]
BC[stage1_datasets_L40_stepsweep/bc_baseline_none_steps20000_tr1]:  33%|███▎      | 6597/20000 [02:20<04:48, 46.45it/s, acc=0.304, device=mps, eta=4m50s, loss=2.0001, sps=46.8]
BC[stage1_datasets_L40_stepsweep/bc_baseline_none_steps20000_tr1]:  33%|███▎      | 6597/20000 [02:20<04:48, 46.45it/s, acc=0.304, device=mps, eta=4m46s, loss=1.9885, sps=46.9]
BC[stage1_datasets_L40_stepsweep/bc_baseline_none_steps20000_tr1]:  33%|███▎      | 6603/20000 [02:20<05:38, 39.60it/s, acc=0.304, device=mps, eta=4m46s, loss=1.9885, sps=46.9]
BC[stage1_datasets_L40_stepsweep/bc_baseline_none_steps20000_tr1]:  33%|███▎      | 6609/20000 [02:21<05:08, 43.34it/s, acc=0.304, device=mps, eta=4m46s, loss=1.9885, sps=46.9]
BC[stage1_datasets_L40_stepsweep/bc_baseline_none_steps20000_tr1]:  33%|███▎      | 6615/20000 [02:21<04:44, 47.00it/s, acc=0.304, device=mps, eta=4m46s, loss=1.9885, sps=46.9]
BC[stage1_datasets_L40_stepsweep/bc_baseline_none_steps20000_tr1]:  33%|███▎      | 6621/20000 [02:21<05:37, 39.70it/s, acc=0.304, device=mps, eta=4m46s, loss=1.9885, sps=46.9]
BC[stage1_datasets_L40_stepsweep/bc_baseline_none_steps20000_tr1]:  33%|███▎      | 6629/20000 [02:21<04:39, 47.77it/s, acc=0.304, device=mps, eta=4m46s, loss=1.9885, sps=46.9]
BC[stage1_datasets_L40_stepsweep/bc_baseline_none_steps20000_tr1]:  33%|███▎      | 6637/20000 [02:21<04:07, 54.06it/s, acc=0.304, device=mps, eta=4m46s, loss=1.9885, sps=46.9]
BC[stage1_datasets_L40_stepsweep/bc_baseline_none_steps20000_tr1]:  33%|███▎      | 6643/20000 [02:21<04:55, 45.22it/s, acc=0.304, device=mps, eta=4m46s, loss=1.9885, sps=46.9]
BC[stage1_datasets_L40_stepsweep/bc_baseline_none_steps20000_tr1]:  33%|███▎      | 6651/20000 [02:21<04:13, 52.61it/s, acc=0.304, device=mps, eta=4m46s, loss=1.9885, sps=46.9]
BC[stage1_datasets_L40_stepsweep/bc_baseline_none_steps20000_tr1]:  33%|███▎      | 6659/20000 [02:21<03:46, 58.95it/s, acc=0.304, device=mps, eta=4m46s, loss=1.9885, sps=46.9]
BC[stage1_datasets_L40_stepsweep/bc_baseline_none_steps20000_tr1]:  33%|███▎      | 6666/20000 [02:22<04:29, 49.56it/s, acc=0.304, device=mps, eta=4m46s, loss=1.9885, sps=46.9]
BC[stage1_datasets_L40_stepsweep/bc_baseline_none_steps20000_tr1]:  33%|███▎      | 6674/20000 [02:22<04:02, 54.97it/s, acc=0.304, device=mps, eta=4m46s, loss=1.9885, sps=46.9]
BC[stage1_datasets_L40_stepsweep/bc_baseline_none_steps20000_tr1]:  33%|███▎      | 6681/20000 [02:22<04:52, 45.52it/s, acc=0.304, device=mps, eta=4m46s, loss=1.9885, sps=46.9]
BC[stage1_datasets_L40_stepsweep/bc_baseline_none_steps20000_tr1]:  33%|███▎      | 6687/20000 [02:22<04:45, 46.57it/s, acc=0.304, device=mps, eta=4m46s, loss=1.9885, sps=46.9]
BC[stage1_datasets_L40_stepsweep/bc_baseline_none_steps20000_tr1]:  33%|███▎      | 6694/20000 [02:22<04:24, 50.25it/s, acc=0.304, device=mps, eta=4m46s, loss=1.9885, sps=46.9]
BC[stage1_datasets_L40_stepsweep/bc_baseline_none_steps20000_tr1]:  34%|███▎      | 6701/20000 [02:22<05:10, 42.86it/s, acc=0.304, device=mps, eta=4m46s, loss=1.9885, sps=46.9]
BC[stage1_datasets_L40_stepsweep/bc_baseline_none_steps20000_tr1]:  34%|███▎      | 6709/20000 [02:23<04:26, 49.84it/s, acc=0.304, device=mps, eta=4m46s, loss=1.9885, sps=46.9]
BC[stage1_datasets_L40_stepsweep/bc_baseline_none_steps20000_tr1]:  34%|███▎      | 6717/20000 [02:23<03:58, 55.76it/s, acc=0.304, device=mps, eta=4m46s, loss=1.9885, sps=46.9]
BC[stage1_datasets_L40_stepsweep/bc_baseline_none_steps20000_tr1]:  34%|███▎      | 6724/20000 [02:23<04:43, 46.86it/s, acc=0.304, device=mps, eta=4m46s, loss=1.9885, sps=46.9]
BC[stage1_datasets_L40_stepsweep/bc_baseline_none_steps20000_tr1]:  34%|███▎      | 6732/20000 [02:23<04:09, 53.08it/s, acc=0.304, device=mps, eta=4m46s, loss=1.9885, sps=46.9]
BC[stage1_datasets_L40_stepsweep/bc_baseline_none_steps20000_tr1]:  34%|███▎      | 6740/20000 [02:23<03:45, 58.80it/s, acc=0.304, device=mps, eta=4m46s, loss=1.9885, sps=46.9]
BC[stage1_datasets_L40_stepsweep/bc_baseline_none_steps20000_tr1]:  34%|███▎      | 6747/20000 [02:23<04:42, 46.96it/s, acc=0.304, device=mps, eta=4m46s, loss=1.9885, sps=46.9]
BC[stage1_datasets_L40_stepsweep/bc_baseline_none_steps20000_tr1]:  34%|███▍      | 6753/20000 [02:23<04:31, 48.88it/s, acc=0.304, device=mps, eta=4m46s, loss=1.9885, sps=46.9]
BC[stage1_datasets_L40_stepsweep/bc_baseline_none_steps20000_tr1]:  34%|███▍      | 6759/20000 [02:24<04:24, 50.05it/s, acc=0.304, device=mps, eta=4m46s, loss=1.9885, sps=46.9]
BC[stage1_datasets_L40_stepsweep/bc_baseline_none_steps20000_tr1]:  34%|███▍      | 6765/20000 [02:24<05:20, 41.25it/s, acc=0.304, device=mps, eta=4m46s, loss=1.9885, sps=46.9]
BC[stage1_datasets_L40_stepsweep/bc_baseline_none_steps20000_tr1]:  34%|███▍      | 6771/20000 [02:24<04:54, 44.99it/s, acc=0.304, device=mps, eta=4m46s, loss=1.9885, sps=46.9]
BC[stage1_datasets_L40_stepsweep/bc_baseline_none_steps20000_tr1]:  34%|███▍      | 6778/20000 [02:24<04:26, 49.57it/s, acc=0.304, device=mps, eta=4m46s, loss=1.9885, sps=46.9]
BC[stage1_datasets_L40_stepsweep/bc_baseline_none_steps20000_tr1]:  34%|███▍      | 6784/20000 [02:24<05:13, 42.11it/s, acc=0.304, device=mps, eta=4m46s, loss=1.9885, sps=46.9]
BC[stage1_datasets_L40_stepsweep/bc_baseline_none_steps20000_tr1]:  34%|███▍      | 6791/20000 [02:24<04:41, 46.85it/s, acc=0.304, device=mps, eta=4m46s, loss=1.9885, sps=46.9]
BC[stage1_datasets_L40_stepsweep/bc_baseline_none_steps20000_tr1]:  34%|███▍      | 6798/20000 [02:24<04:20, 50.72it/s, acc=0.304, device=mps, eta=4m46s, loss=1.9885, sps=46.9]
BC[stage1_datasets_L40_stepsweep/bc_baseline_none_steps20000_tr1]:  34%|███▍      | 6798/20000 [02:24<04:20, 50.72it/s, acc=0.306, device=mps, eta=4m41s, loss=1.9995, sps=46.9]
BC[stage1_datasets_L40_stepsweep/bc_baseline_none_steps20000_tr1]:  34%|███▍      | 6804/20000 [02:25<05:10, 42.45it/s, acc=0.306, device=mps, eta=4m41s, loss=1.9995, sps=46.9]
BC[stage1_datasets_L40_stepsweep/bc_baseline_none_steps20000_tr1]:  34%|███▍      | 6810/20000 [02:25<04:46, 46.10it/s, acc=0.306, device=mps, eta=4m41s, loss=1.9995, sps=46.9]
BC[stage1_datasets_L40_stepsweep/bc_baseline_none_steps20000_tr1]:  34%|███▍      | 6817/20000 [02:25<04:23, 50.11it/s, acc=0.306, device=mps, eta=4m41s, loss=1.9995, sps=46.9]
BC[stage1_datasets_L40_stepsweep/bc_baseline_none_steps20000_tr1]:  34%|███▍      | 6823/20000 [02:25<05:14, 41.92it/s, acc=0.306, device=mps, eta=4m41s, loss=1.9995, sps=46.9]
BC[stage1_datasets_L40_stepsweep/bc_baseline_none_steps20000_tr1]:  34%|███▍      | 6829/20000 [02:25<04:52, 44.96it/s, acc=0.306, device=mps, eta=4m41s, loss=1.9995, sps=46.9]
BC[stage1_datasets_L40_stepsweep/bc_baseline_none_steps20000_tr1]:  34%|███▍      | 6835/20000 [02:25<04:40, 47.02it/s, acc=0.306, device=mps, eta=4m41s, loss=1.9995, sps=46.9]
BC[stage1_datasets_L40_stepsweep/bc_baseline_none_steps20000_tr1]:  34%|███▍      | 6841/20000 [02:25<05:42, 38.47it/s, acc=0.306, device=mps, eta=4m41s, loss=1.9995, sps=46.9]
BC[stage1_datasets_L40_stepsweep/bc_baseline_none_steps20000_tr1]:  34%|███▍      | 6847/20000 [02:26<05:09, 42.50it/s, acc=0.306, device=mps, eta=4m41s, loss=1.9995, sps=46.9]
BC[stage1_datasets_L40_stepsweep/bc_baseline_none_steps20000_tr1]:  34%|███▍      | 6853/20000 [02:26<04:50, 45.31it/s, acc=0.306, device=mps, eta=4m41s, loss=1.9995, sps=46.9]
BC[stage1_datasets_L40_stepsweep/bc_baseline_none_steps20000_tr1]:  34%|███▍      | 6860/20000 [02:26<04:19, 50.61it/s, acc=0.306, device=mps, eta=4m41s, loss=1.9995, sps=46.9]
BC[stage1_datasets_L40_stepsweep/bc_baseline_none_steps20000_tr1]:  34%|███▍      | 6866/20000 [02:26<05:13, 41.85it/s, acc=0.306, device=mps, eta=4m41s, loss=1.9995, sps=46.9]
BC[stage1_datasets_L40_stepsweep/bc_baseline_none_steps20000_tr1]:  34%|███▍      | 6873/20000 [02:26<04:41, 46.68it/s, acc=0.306, device=mps, eta=4m41s, loss=1.9995, sps=46.9]
BC[stage1_datasets_L40_stepsweep/bc_baseline_none_steps20000_tr1]:  34%|███▍      | 6880/20000 [02:26<04:16, 51.07it/s, acc=0.306, device=mps, eta=4m41s, loss=1.9995, sps=46.9]
BC[stage1_datasets_L40_stepsweep/bc_baseline_none_steps20000_tr1]:  34%|███▍      | 6886/20000 [02:26<05:16, 41.38it/s, acc=0.306, device=mps, eta=4m41s, loss=1.9995, sps=46.9]
BC[stage1_datasets_L40_stepsweep/bc_baseline_none_steps20000_tr1]:  34%|███▍      | 6893/20000 [02:27<04:45, 45.93it/s, acc=0.306, device=mps, eta=4m41s, loss=1.9995, sps=46.9]
BC[stage1_datasets_L40_stepsweep/bc_baseline_none_steps20000_tr1]:  34%|███▍      | 6899/20000 [02:27<04:27, 49.04it/s, acc=0.306, device=mps, eta=4m41s, loss=1.9995, sps=46.9]
BC[stage1_datasets_L40_stepsweep/bc_baseline_none_steps20000_tr1]:  35%|███▍      | 6905/20000 [02:27<05:21, 40.73it/s, acc=0.306, device=mps, eta=4m41s, loss=1.9995, sps=46.9]
BC[stage1_datasets_L40_stepsweep/bc_baseline_none_steps20000_tr1]:  35%|███▍      | 6911/20000 [02:27<04:57, 44.01it/s, acc=0.306, device=mps, eta=4m41s, loss=1.9995, sps=46.9]
BC[stage1_datasets_L40_stepsweep/bc_baseline_none_steps20000_tr1]:  35%|███▍      | 6917/20000 [02:27<04:34, 47.73it/s, acc=0.306, device=mps, eta=4m41s, loss=1.9995, sps=46.9]
BC[stage1_datasets_L40_stepsweep/bc_baseline_none_steps20000_tr1]:  35%|███▍      | 6923/20000 [02:27<05:27, 39.98it/s, acc=0.306, device=mps, eta=4m41s, loss=1.9995, sps=46.9]
BC[stage1_datasets_L40_stepsweep/bc_baseline_none_steps20000_tr1]:  35%|███▍      | 6931/20000 [02:27<04:31, 48.20it/s, acc=0.306, device=mps, eta=4m41s, loss=1.9995, sps=46.9]
BC[stage1_datasets_L40_stepsweep/bc_baseline_none_steps20000_tr1]:  35%|███▍      | 6939/20000 [02:27<03:57, 54.97it/s, acc=0.306, device=mps, eta=4m41s, loss=1.9995, sps=46.9]
BC[stage1_datasets_L40_stepsweep/bc_baseline_none_steps20000_tr1]:  35%|███▍      | 6946/20000 [02:28<04:40, 46.57it/s, acc=0.306, device=mps, eta=4m41s, loss=1.9995, sps=46.9]
BC[stage1_datasets_L40_stepsweep/bc_baseline_none_steps20000_tr1]:  35%|███▍      | 6953/20000 [02:28<04:19, 50.33it/s, acc=0.306, device=mps, eta=4m41s, loss=1.9995, sps=46.9]
BC[stage1_datasets_L40_stepsweep/bc_baseline_none_steps20000_tr1]:  35%|███▍      | 6960/20000 [02:28<04:02, 53.86it/s, acc=0.306, device=mps, eta=4m41s, loss=1.9995, sps=46.9]
BC[stage1_datasets_L40_stepsweep/bc_baseline_none_steps20000_tr1]:  35%|███▍      | 6966/20000 [02:28<05:04, 42.78it/s, acc=0.306, device=mps, eta=4m41s, loss=1.9995, sps=46.9]
BC[stage1_datasets_L40_stepsweep/bc_baseline_none_steps20000_tr1]:  35%|███▍      | 6972/20000 [02:28<04:42, 46.11it/s, acc=0.306, device=mps, eta=4m41s, loss=1.9995, sps=46.9]
BC[stage1_datasets_L40_stepsweep/bc_baseline_none_steps20000_tr1]:  35%|███▍      | 6979/20000 [02:28<04:21, 49.76it/s, acc=0.306, device=mps, eta=4m41s, loss=1.9995, sps=46.9]
BC[stage1_datasets_L40_stepsweep/bc_baseline_none_steps20000_tr1]:  35%|███▍      | 6985/20000 [02:29<05:17, 41.02it/s, acc=0.306, device=mps, eta=4m41s, loss=1.9995, sps=46.9]
BC[stage1_datasets_L40_stepsweep/bc_baseline_none_steps20000_tr1]:  35%|███▍      | 6991/20000 [02:29<04:49, 44.87it/s, acc=0.306, device=mps, eta=4m41s, loss=1.9995, sps=46.9]
BC[stage1_datasets_L40_stepsweep/bc_baseline_none_steps20000_tr1]:  35%|███▍      | 6998/20000 [02:29<04:25, 49.02it/s, acc=0.306, device=mps, eta=4m41s, loss=1.9995, sps=46.9]
BC[stage1_datasets_L40_stepsweep/bc_baseline_none_steps20000_tr1]:  35%|███▍      | 6998/20000 [02:29<04:25, 49.02it/s, acc=0.303, device=mps, eta=4m37s, loss=1.9960, sps=46.9]
BC[stage1_datasets_L40_stepsweep/bc_baseline_none_steps20000_tr1]:  35%|███▌      | 7004/20000 [02:29<05:16, 41.07it/s, acc=0.303, device=mps, eta=4m37s, loss=1.9960, sps=46.9]
BC[stage1_datasets_L40_stepsweep/bc_baseline_none_steps20000_tr1]:  35%|███▌      | 7010/20000 [02:29<04:56, 43.88it/s, acc=0.303, device=mps, eta=4m37s, loss=1.9960, sps=46.9]
BC[stage1_datasets_L40_stepsweep/bc_baseline_none_steps20000_tr1]:  35%|███▌      | 7016/20000 [02:29<04:39, 46.50it/s, acc=0.303, device=mps, eta=4m37s, loss=1.9960, sps=46.9]
BC[stage1_datasets_L40_stepsweep/bc_baseline_none_steps20000_tr1]:  35%|███▌      | 7021/20000 [02:29<05:42, 37.86it/s, acc=0.303, device=mps, eta=4m37s, loss=1.9960, sps=46.9]
BC[stage1_datasets_L40_stepsweep/bc_baseline_none_steps20000_tr1]:  35%|███▌      | 7027/20000 [02:30<05:04, 42.64it/s, acc=0.303, device=mps, eta=4m37s, loss=1.9960, sps=46.9]
BC[stage1_datasets_L40_stepsweep/bc_baseline_none_steps20000_tr1]:  35%|███▌      | 7034/20000 [02:30<04:31, 47.72it/s, acc=0.303, device=mps, eta=4m37s, loss=1.9960, sps=46.9]
BC[stage1_datasets_L40_stepsweep/bc_baseline_none_steps20000_tr1]:  35%|███▌      | 7041/20000 [02:30<05:02, 42.80it/s, acc=0.303, device=mps, eta=4m37s, loss=1.9960, sps=46.9]
BC[stage1_datasets_L40_stepsweep/bc_baseline_none_steps20000_tr1]:  35%|███▌      | 7049/20000 [02:30<04:18, 50.10it/s, acc=0.303, device=mps, eta=4m37s, loss=1.9960, sps=46.9]
BC[stage1_datasets_L40_stepsweep/bc_baseline_none_steps20000_tr1]:  35%|███▌      | 7057/20000 [02:30<03:51, 55.87it/s, acc=0.303, device=mps, eta=4m37s, loss=1.9960, sps=46.9]
BC[stage1_datasets_L40_stepsweep/bc_baseline_none_steps20000_tr1]:  35%|███▌      | 7064/20000 [02:30<04:38, 46.51it/s, acc=0.303, device=mps, eta=4m37s, loss=1.9960, sps=46.9]
BC[stage1_datasets_L40_stepsweep/bc_baseline_none_steps20000_tr1]:  35%|███▌      | 7072/20000 [02:30<04:04, 52.84it/s, acc=0.303, device=mps, eta=4m37s, loss=1.9960, sps=46.9]
BC[stage1_datasets_L40_stepsweep/bc_baseline_none_steps20000_tr1]:  35%|███▌      | 7080/20000 [02:30<03:41, 58.34it/s, acc=0.303, device=mps, eta=4m37s, loss=1.9960, sps=46.9]
BC[stage1_datasets_L40_stepsweep/bc_baseline_none_steps20000_tr1]:  35%|███▌      | 7087/20000 [02:31<04:37, 46.59it/s, acc=0.303, device=mps, eta=4m37s, loss=1.9960, sps=46.9]
BC[stage1_datasets_L40_stepsweep/bc_baseline_none_steps20000_tr1]:  35%|███▌      | 7093/20000 [02:31<04:22, 49.11it/s, acc=0.303, device=mps, eta=4m37s, loss=1.9960, sps=46.9]
BC[stage1_datasets_L40_stepsweep/bc_baseline_none_steps20000_tr1]:  35%|███▌      | 7099/20000 [02:31<04:18, 49.99it/s, acc=0.303, device=mps, eta=4m37s, loss=1.9960, sps=46.9]
BC[stage1_datasets_L40_stepsweep/bc_baseline_none_steps20000_tr1]:  36%|███▌      | 7105/20000 [02:31<05:16, 40.78it/s, acc=0.303, device=mps, eta=4m37s, loss=1.9960, sps=46.9]
BC[stage1_datasets_L40_stepsweep/bc_baseline_none_steps20000_tr1]:  36%|███▌      | 7111/20000 [02:31<04:49, 44.48it/s, acc=0.303, device=mps, eta=4m37s, loss=1.9960, sps=46.9]
BC[stage1_datasets_L40_stepsweep/bc_baseline_none_steps20000_tr1]:  36%|███▌      | 7117/20000 [02:31<04:29, 47.75it/s, acc=0.303, device=mps, eta=4m37s, loss=1.9960, sps=46.9]
BC[stage1_datasets_L40_stepsweep/bc_baseline_none_steps20000_tr1]:  36%|███▌      | 7123/20000 [02:32<05:19, 40.27it/s, acc=0.303, device=mps, eta=4m37s, loss=1.9960, sps=46.9]
BC[stage1_datasets_L40_stepsweep/bc_baseline_none_steps20000_tr1]:  36%|███▌      | 7131/20000 [02:32<04:28, 48.02it/s, acc=0.303, device=mps, eta=4m37s, loss=1.9960, sps=46.9]
BC[stage1_datasets_L40_stepsweep/bc_baseline_none_steps20000_tr1]:  36%|███▌      | 7139/20000 [02:32<03:57, 54.11it/s, acc=0.303, device=mps, eta=4m37s, loss=1.9960, sps=46.9]
BC[stage1_datasets_L40_stepsweep/bc_baseline_none_steps20000_tr1]:  36%|███▌      | 7145/20000 [02:32<04:46, 44.80it/s, acc=0.303, device=mps, eta=4m37s, loss=1.9960, sps=46.9]
BC[stage1_datasets_L40_stepsweep/bc_baseline_none_steps20000_tr1]:  36%|███▌      | 7151/20000 [02:32<04:28, 47.88it/s, acc=0.303, device=mps, eta=4m37s, loss=1.9960, sps=46.9]
BC[stage1_datasets_L40_stepsweep/bc_baseline_none_steps20000_tr1]:  36%|███▌      | 7157/20000 [02:32<04:18, 49.77it/s, acc=0.303, device=mps, eta=4m37s, loss=1.9960, sps=46.9]
BC[stage1_datasets_L40_stepsweep/bc_baseline_none_steps20000_tr1]:  36%|███▌      | 7163/20000 [02:32<05:15, 40.74it/s, acc=0.303, device=mps, eta=4m37s, loss=1.9960, sps=46.9]
BC[stage1_datasets_L40_stepsweep/bc_baseline_none_steps20000_tr1]:  36%|███▌      | 7170/20000 [02:32<04:43, 45.30it/s, acc=0.303, device=mps, eta=4m37s, loss=1.9960, sps=46.9]
BC[stage1_datasets_L40_stepsweep/bc_baseline_none_steps20000_tr1]:  36%|███▌      | 7176/20000 [02:33<04:28, 47.71it/s, acc=0.303, device=mps, eta=4m37s, loss=1.9960, sps=46.9]
BC[stage1_datasets_L40_stepsweep/bc_baseline_none_steps20000_tr1]:  36%|███▌      | 7182/20000 [02:33<05:15, 40.59it/s, acc=0.303, device=mps, eta=4m37s, loss=1.9960, sps=46.9]
BC[stage1_datasets_L40_stepsweep/bc_baseline_none_steps20000_tr1]:  36%|███▌      | 7190/20000 [02:33<04:25, 48.31it/s, acc=0.303, device=mps, eta=4m37s, loss=1.9960, sps=46.9]
BC[stage1_datasets_L40_stepsweep/bc_baseline_none_steps20000_tr1]:  36%|███▌      | 7198/20000 [02:33<03:54, 54.57it/s, acc=0.303, device=mps, eta=4m37s, loss=1.9960, sps=46.9]
BC[stage1_datasets_L40_stepsweep/bc_baseline_none_steps20000_tr1]:  36%|███▌      | 7198/20000 [02:33<03:54, 54.57it/s, acc=0.306, device=mps, eta=4m33s, loss=1.9891, sps=46.9]
BC[stage1_datasets_L40_stepsweep/bc_baseline_none_steps20000_tr1]:  36%|███▌      | 7204/20000 [02:33<04:41, 45.46it/s, acc=0.306, device=mps, eta=4m33s, loss=1.9891, sps=46.9]
BC[stage1_datasets_L40_stepsweep/bc_baseline_none_steps20000_tr1]:  36%|███▌      | 7210/20000 [02:33<04:23, 48.50it/s, acc=0.306, device=mps, eta=4m33s, loss=1.9891, sps=46.9]
BC[stage1_datasets_L40_stepsweep/bc_baseline_none_steps20000_tr1]:  36%|███▌      | 7216/20000 [02:33<04:10, 50.96it/s, acc=0.306, device=mps, eta=4m33s, loss=1.9891, sps=46.9]
BC[stage1_datasets_L40_stepsweep/bc_baseline_none_steps20000_tr1]:  36%|███▌      | 7222/20000 [02:34<05:09, 41.24it/s, acc=0.306, device=mps, eta=4m33s, loss=1.9891, sps=46.9]
BC[stage1_datasets_L40_stepsweep/bc_baseline_none_steps20000_tr1]:  36%|███▌      | 7230/20000 [02:34<04:21, 48.91it/s, acc=0.306, device=mps, eta=4m33s, loss=1.9891, sps=46.9]
BC[stage1_datasets_L40_stepsweep/bc_baseline_none_steps20000_tr1]:  36%|███▌      | 7238/20000 [02:34<03:52, 54.85it/s, acc=0.306, device=mps, eta=4m33s, loss=1.9891, sps=46.9]
BC[stage1_datasets_L40_stepsweep/bc_baseline_none_steps20000_tr1]:  36%|███▌      | 7245/20000 [02:34<04:38, 45.79it/s, acc=0.306, device=mps, eta=4m33s, loss=1.9891, sps=46.9]
BC[stage1_datasets_L40_stepsweep/bc_baseline_none_steps20000_tr1]:  36%|███▋      | 7252/20000 [02:34<04:18, 49.41it/s, acc=0.306, device=mps, eta=4m33s, loss=1.9891, sps=46.9]
BC[stage1_datasets_L40_stepsweep/bc_baseline_none_steps20000_tr1]:  36%|███▋      | 7258/20000 [02:34<04:06, 51.75it/s, acc=0.306, device=mps, eta=4m33s, loss=1.9891, sps=46.9]
BC[stage1_datasets_L40_stepsweep/bc_baseline_none_steps20000_tr1]:  36%|███▋      | 7264/20000 [02:34<04:55, 43.11it/s, acc=0.306, device=mps, eta=4m33s, loss=1.9891, sps=46.9]
BC[stage1_datasets_L40_stepsweep/bc_baseline_none_steps20000_tr1]:  36%|███▋      | 7270/20000 [02:35<04:33, 46.58it/s, acc=0.306, device=mps, eta=4m33s, loss=1.9891, sps=46.9]
BC[stage1_datasets_L40_stepsweep/bc_baseline_none_steps20000_tr1]:  36%|███▋      | 7277/20000 [02:35<04:12, 50.34it/s, acc=0.306, device=mps, eta=4m33s, loss=1.9891, sps=46.9]
BC[stage1_datasets_L40_stepsweep/bc_baseline_none_steps20000_tr1]:  36%|███▋      | 7283/20000 [02:35<05:08, 41.23it/s, acc=0.306, device=mps, eta=4m33s, loss=1.9891, sps=46.9]
BC[stage1_datasets_L40_stepsweep/bc_baseline_none_steps20000_tr1]:  36%|███▋      | 7289/20000 [02:35<04:49, 43.96it/s, acc=0.306, device=mps, eta=4m33s, loss=1.9891, sps=46.9]
BC[stage1_datasets_L40_stepsweep/bc_baseline_none_steps20000_tr1]:  36%|███▋      | 7295/20000 [02:35<04:35, 46.20it/s, acc=0.306, device=mps, eta=4m33s, loss=1.9891, sps=46.9]
BC[stage1_datasets_L40_stepsweep/bc_baseline_none_steps20000_tr1]:  37%|███▋      | 7301/20000 [02:35<05:26, 38.85it/s, acc=0.306, device=mps, eta=4m33s, loss=1.9891, sps=46.9]
BC[stage1_datasets_L40_stepsweep/bc_baseline_none_steps20000_tr1]:  37%|███▋      | 7307/20000 [02:35<04:52, 43.35it/s, acc=0.306, device=mps, eta=4m33s, loss=1.9891, sps=46.9]
BC[stage1_datasets_L40_stepsweep/bc_baseline_none_steps20000_tr1]:  37%|███▋      | 7313/20000 [02:36<04:29, 47.10it/s, acc=0.306, device=mps, eta=4m33s, loss=1.9891, sps=46.9]
BC[stage1_datasets_L40_stepsweep/bc_baseline_none_steps20000_tr1]:  37%|███▋      | 7321/20000 [02:36<05:05, 41.51it/s, acc=0.306, device=mps, eta=4m33s, loss=1.9891, sps=46.9]
BC[stage1_datasets_L40_stepsweep/bc_baseline_none_steps20000_tr1]:  37%|███▋      | 7329/20000 [02:36<04:19, 48.90it/s, acc=0.306, device=mps, eta=4m33s, loss=1.9891, sps=46.9]
BC[stage1_datasets_L40_stepsweep/bc_baseline_none_steps20000_tr1]:  37%|███▋      | 7337/20000 [02:36<03:50, 54.89it/s, acc=0.306, device=mps, eta=4m33s, loss=1.9891, sps=46.9]
BC[stage1_datasets_L40_stepsweep/bc_baseline_none_steps20000_tr1]:  37%|███▋      | 7344/20000 [02:36<04:33, 46.35it/s, acc=0.306, device=mps, eta=4m33s, loss=1.9891, sps=46.9]
BC[stage1_datasets_L40_stepsweep/bc_baseline_none_steps20000_tr1]:  37%|███▋      | 7352/20000 [02:36<03:59, 52.89it/s, acc=0.306, device=mps, eta=4m33s, loss=1.9891, sps=46.9]
BC[stage1_datasets_L40_stepsweep/bc_baseline_none_steps20000_tr1]:  37%|███▋      | 7360/20000 [02:36<03:33, 59.16it/s, acc=0.306, device=mps, eta=4m33s, loss=1.9891, sps=46.9]
BC[stage1_datasets_L40_stepsweep/bc_baseline_none_steps20000_tr1]:  37%|███▋      | 7367/20000 [02:37<04:24, 47.80it/s, acc=0.306, device=mps, eta=4m33s, loss=1.9891, sps=46.9]
BC[stage1_datasets_L40_stepsweep/bc_baseline_none_steps20000_tr1]:  37%|███▋      | 7373/20000 [02:37<04:18, 48.94it/s, acc=0.306, device=mps, eta=4m33s, loss=1.9891, sps=46.9]
BC[stage1_datasets_L40_stepsweep/bc_baseline_none_steps20000_tr1]:  37%|███▋      | 7379/20000 [02:37<04:13, 49.84it/s, acc=0.306, device=mps, eta=4m33s, loss=1.9891, sps=46.9]
BC[stage1_datasets_L40_stepsweep/bc_baseline_none_steps20000_tr1]:  37%|███▋      | 7385/20000 [02:37<05:13, 40.18it/s, acc=0.306, device=mps, eta=4m33s, loss=1.9891, sps=46.9]
BC[stage1_datasets_L40_stepsweep/bc_baseline_none_steps20000_tr1]:  37%|███▋      | 7391/20000 [02:37<04:51, 43.21it/s, acc=0.306, device=mps, eta=4m33s, loss=1.9891, sps=46.9]
BC[stage1_datasets_L40_stepsweep/bc_baseline_none_steps20000_tr1]:  37%|███▋      | 7398/20000 [02:37<04:23, 47.84it/s, acc=0.306, device=mps, eta=4m33s, loss=1.9891, sps=46.9]
BC[stage1_datasets_L40_stepsweep/bc_baseline_none_steps20000_tr1]:  37%|███▋      | 7398/20000 [02:37<04:23, 47.84it/s, acc=0.306, device=mps, eta=4m29s, loss=1.9890, sps=46.9]
BC[stage1_datasets_L40_stepsweep/bc_baseline_none_steps20000_tr1]:  37%|███▋      | 7404/20000 [02:38<05:07, 40.95it/s, acc=0.306, device=mps, eta=4m29s, loss=1.9890, sps=46.9]
BC[stage1_datasets_L40_stepsweep/bc_baseline_none_steps20000_tr1]:  37%|███▋      | 7411/20000 [02:38<04:35, 45.70it/s, acc=0.306, device=mps, eta=4m29s, loss=1.9890, sps=46.9]
BC[stage1_datasets_L40_stepsweep/bc_baseline_none_steps20000_tr1]:  37%|███▋      | 7418/20000 [02:38<04:13, 49.59it/s, acc=0.306, device=mps, eta=4m29s, loss=1.9890, sps=46.9]
BC[stage1_datasets_L40_stepsweep/bc_baseline_none_steps20000_tr1]:  37%|███▋      | 7424/20000 [02:38<05:02, 41.57it/s, acc=0.306, device=mps, eta=4m29s, loss=1.9890, sps=46.9]
BC[stage1_datasets_L40_stepsweep/bc_baseline_none_steps20000_tr1]:  37%|███▋      | 7430/20000 [02:38<04:38, 45.08it/s, acc=0.306, device=mps, eta=4m29s, loss=1.9890, sps=46.9]
BC[stage1_datasets_L40_stepsweep/bc_baseline_none_steps20000_tr1]:  37%|███▋      | 7437/20000 [02:38<04:15, 49.08it/s, acc=0.306, device=mps, eta=4m29s, loss=1.9890, sps=46.9]
BC[stage1_datasets_L40_stepsweep/bc_baseline_none_steps20000_tr1]:  37%|███▋      | 7443/20000 [02:38<05:02, 41.55it/s, acc=0.306, device=mps, eta=4m29s, loss=1.9890, sps=46.9]
BC[stage1_datasets_L40_stepsweep/bc_baseline_none_steps20000_tr1]:  37%|███▋      | 7450/20000 [02:38<04:30, 46.43it/s, acc=0.306, device=mps, eta=4m29s, loss=1.9890, sps=46.9]
BC[stage1_datasets_L40_stepsweep/bc_baseline_none_steps20000_tr1]:  37%|███▋      | 7457/20000 [02:39<04:10, 50.07it/s, acc=0.306, device=mps, eta=4m29s, loss=1.9890, sps=46.9]
BC[stage1_datasets_L40_stepsweep/bc_baseline_none_steps20000_tr1]:  37%|███▋      | 7463/20000 [02:39<05:01, 41.56it/s, acc=0.306, device=mps, eta=4m29s, loss=1.9890, sps=46.9]
BC[stage1_datasets_L40_stepsweep/bc_baseline_none_steps20000_tr1]:  37%|███▋      | 7469/20000 [02:39<04:44, 44.00it/s, acc=0.306, device=mps, eta=4m29s, loss=1.9890, sps=46.9]
BC[stage1_datasets_L40_stepsweep/bc_baseline_none_steps20000_tr1]:  37%|███▋      | 7475/20000 [02:39<04:29, 46.41it/s, acc=0.306, device=mps, eta=4m29s, loss=1.9890, sps=46.9]
BC[stage1_datasets_L40_stepsweep/bc_baseline_none_steps20000_tr1]:  37%|███▋      | 7481/20000 [02:39<05:22, 38.79it/s, acc=0.306, device=mps, eta=4m29s, loss=1.9890, sps=46.9]
BC[stage1_datasets_L40_stepsweep/bc_baseline_none_steps20000_tr1]:  37%|███▋      | 7489/20000 [02:39<04:26, 46.94it/s, acc=0.306, device=mps, eta=4m29s, loss=1.9890, sps=46.9]
BC[stage1_datasets_L40_stepsweep/bc_baseline_none_steps20000_tr1]:  37%|███▋      | 7497/20000 [02:39<03:53, 53.55it/s, acc=0.306, device=mps, eta=4m29s, loss=1.9890, sps=46.9]
BC[stage1_datasets_L40_stepsweep/bc_baseline_none_steps20000_tr1]:  38%|███▊      | 7503/20000 [02:40<04:40, 44.63it/s, acc=0.306, device=mps, eta=4m29s, loss=1.9890, sps=46.9]
BC[stage1_datasets_L40_stepsweep/bc_baseline_none_steps20000_tr1]:  38%|███▊      | 7511/20000 [02:40<04:01, 51.75it/s, acc=0.306, device=mps, eta=4m29s, loss=1.9890, sps=46.9]
BC[stage1_datasets_L40_stepsweep/bc_baseline_none_steps20000_tr1]:  38%|███▊      | 7519/20000 [02:40<03:37, 57.49it/s, acc=0.306, device=mps, eta=4m29s, loss=1.9890, sps=46.9]
BC[stage1_datasets_L40_stepsweep/bc_baseline_none_steps20000_tr1]:  38%|███▊      | 7526/20000 [02:40<04:21, 47.76it/s, acc=0.306, device=mps, eta=4m29s, loss=1.9890, sps=46.9]
BC[stage1_datasets_L40_stepsweep/bc_baseline_none_steps20000_tr1]:  38%|███▊      | 7533/20000 [02:40<04:05, 50.87it/s, acc=0.306, device=mps, eta=4m29s, loss=1.9890, sps=46.9]
BC[stage1_datasets_L40_stepsweep/bc_baseline_none_steps20000_tr1]:  38%|███▊      | 7539/20000 [02:40<04:00, 51.89it/s, acc=0.306, device=mps, eta=4m29s, loss=1.9890, sps=46.9]
BC[stage1_datasets_L40_stepsweep/bc_baseline_none_steps20000_tr1]:  38%|███▊      | 7545/20000 [02:41<04:51, 42.72it/s, acc=0.306, device=mps, eta=4m29s, loss=1.9890, sps=46.9]
BC[stage1_datasets_L40_stepsweep/bc_baseline_none_steps20000_tr1]:  38%|███▊      | 7551/20000 [02:41<04:37, 44.85it/s, acc=0.306, device=mps, eta=4m29s, loss=1.9890, sps=46.9]
BC[stage1_datasets_L40_stepsweep/bc_baseline_none_steps20000_tr1]:  38%|███▊      | 7557/20000 [02:41<04:26, 46.64it/s, acc=0.306, device=mps, eta=4m29s, loss=1.9890, sps=46.9]
BC[stage1_datasets_L40_stepsweep/bc_baseline_none_steps20000_tr1]:  38%|███▊      | 7562/20000 [02:41<05:25, 38.21it/s, acc=0.306, device=mps, eta=4m29s, loss=1.9890, sps=46.9]
BC[stage1_datasets_L40_stepsweep/bc_baseline_none_steps20000_tr1]:  38%|███▊      | 7570/20000 [02:41<04:27, 46.49it/s, acc=0.306, device=mps, eta=4m29s, loss=1.9890, sps=46.9]
BC[stage1_datasets_L40_stepsweep/bc_baseline_none_steps20000_tr1]:  38%|███▊      | 7578/20000 [02:41<03:52, 53.44it/s, acc=0.306, device=mps, eta=4m29s, loss=1.9890, sps=46.9]
BC[stage1_datasets_L40_stepsweep/bc_baseline_none_steps20000_tr1]:  38%|███▊      | 7584/20000 [02:41<04:36, 44.97it/s, acc=0.306, device=mps, eta=4m29s, loss=1.9890, sps=46.9]
BC[stage1_datasets_L40_stepsweep/bc_baseline_none_steps20000_tr1]:  38%|███▊      | 7591/20000 [02:41<04:12, 49.20it/s, acc=0.306, device=mps, eta=4m29s, loss=1.9890, sps=46.9]
BC[stage1_datasets_L40_stepsweep/bc_baseline_none_steps20000_tr1]:  38%|███▊      | 7597/20000 [02:42<04:00, 51.63it/s, acc=0.306, device=mps, eta=4m29s, loss=1.9890, sps=46.9]
BC[stage1_datasets_L40_stepsweep/bc_baseline_none_steps20000_tr1]:  38%|███▊      | 7597/20000 [02:42<04:00, 51.63it/s, acc=0.305, device=mps, eta=4m25s, loss=1.9920, sps=46.9]
BC[stage1_datasets_L40_stepsweep/bc_baseline_none_steps20000_tr1]:  38%|███▊      | 7603/20000 [02:42<04:53, 42.19it/s, acc=0.305, device=mps, eta=4m25s, loss=1.9920, sps=46.9]
BC[stage1_datasets_L40_stepsweep/bc_baseline_none_steps20000_tr1]:  38%|███▊      | 7609/20000 [02:42<04:35, 45.04it/s, acc=0.305, device=mps, eta=4m25s, loss=1.9920, sps=46.9]
BC[stage1_datasets_L40_stepsweep/bc_baseline_none_steps20000_tr1]:  38%|███▊      | 7615/20000 [02:42<04:19, 47.70it/s, acc=0.305, device=mps, eta=4m25s, loss=1.9920, sps=46.9]
BC[stage1_datasets_L40_stepsweep/bc_baseline_none_steps20000_tr1]:  38%|███▊      | 7621/20000 [02:42<05:17, 38.94it/s, acc=0.305, device=mps, eta=4m25s, loss=1.9920, sps=46.9]
BC[stage1_datasets_L40_stepsweep/bc_baseline_none_steps20000_tr1]:  38%|███▊      | 7629/20000 [02:42<04:28, 46.13it/s, acc=0.305, device=mps, eta=4m25s, loss=1.9920, sps=46.9]
BC[stage1_datasets_L40_stepsweep/bc_baseline_none_steps20000_tr1]:  38%|███▊      | 7635/20000 [02:42<04:16, 48.13it/s, acc=0.305, device=mps, eta=4m25s, loss=1.9920, sps=46.9]
BC[stage1_datasets_L40_stepsweep/bc_baseline_none_steps20000_tr1]:  38%|███▊      | 7641/20000 [02:43<05:07, 40.15it/s, acc=0.305, device=mps, eta=4m25s, loss=1.9920, sps=46.9]
BC[stage1_datasets_L40_stepsweep/bc_baseline_none_steps20000_tr1]:  38%|███▊      | 7649/20000 [02:43<04:17, 47.93it/s, acc=0.305, device=mps, eta=4m25s, loss=1.9920, sps=46.9]
BC[stage1_datasets_L40_stepsweep/bc_baseline_none_steps20000_tr1]:  38%|███▊      | 7657/20000 [02:43<03:45, 54.73it/s, acc=0.305, device=mps, eta=4m25s, loss=1.9920, sps=46.9]
BC[stage1_datasets_L40_stepsweep/bc_baseline_none_steps20000_tr1]:  38%|███▊      | 7664/20000 [02:43<04:27, 46.15it/s, acc=0.305, device=mps, eta=4m25s, loss=1.9920, sps=46.9]
BC[stage1_datasets_L40_stepsweep/bc_baseline_none_steps20000_tr1]:  38%|███▊      | 7672/20000 [02:43<03:52, 53.03it/s, acc=0.305, device=mps, eta=4m25s, loss=1.9920, sps=46.9]
BC[stage1_datasets_L40_stepsweep/bc_baseline_none_steps20000_tr1]:  38%|███▊      | 7681/20000 [02:43<04:18, 47.72it/s, acc=0.305, device=mps, eta=4m25s, loss=1.9920, sps=46.9]
BC[stage1_datasets_L40_stepsweep/bc_baseline_none_steps20000_tr1]:  38%|███▊      | 7689/20000 [02:44<03:49, 53.58it/s, acc=0.305, device=mps, eta=4m25s, loss=1.9920, sps=46.9]
BC[stage1_datasets_L40_stepsweep/bc_baseline_none_steps20000_tr1]:  38%|███▊      | 7697/20000 [02:44<03:29, 58.82it/s, acc=0.305, device=mps, eta=4m25s, loss=1.9920, sps=46.9]
BC[stage1_datasets_L40_stepsweep/bc_baseline_none_steps20000_tr1]:  39%|███▊      | 7704/20000 [02:44<04:07, 49.59it/s, acc=0.305, device=mps, eta=4m25s, loss=1.9920, sps=46.9]
BC[stage1_datasets_L40_stepsweep/bc_baseline_none_steps20000_tr1]:  39%|███▊      | 7711/20000 [02:44<03:50, 53.36it/s, acc=0.305, device=mps, eta=4m25s, loss=1.9920, sps=46.9]
BC[stage1_datasets_L40_stepsweep/bc_baseline_none_steps20000_tr1]:  39%|███▊      | 7718/20000 [02:44<03:37, 56.42it/s, acc=0.305, device=mps, eta=4m25s, loss=1.9920, sps=46.9]
BC[stage1_datasets_L40_stepsweep/bc_baseline_none_steps20000_tr1]:  39%|███▊      | 7725/20000 [02:44<04:27, 45.97it/s, acc=0.305, device=mps, eta=4m25s, loss=1.9920, sps=46.9]
BC[stage1_datasets_L40_stepsweep/bc_baseline_none_steps20000_tr1]:  39%|███▊      | 7731/20000 [02:44<04:13, 48.31it/s, acc=0.305, device=mps, eta=4m25s, loss=1.9920, sps=46.9]
BC[stage1_datasets_L40_stepsweep/bc_baseline_none_steps20000_tr1]:  39%|███▊      | 7737/20000 [02:44<04:01, 50.71it/s, acc=0.305, device=mps, eta=4m25s, loss=1.9920, sps=46.9]
BC[stage1_datasets_L40_stepsweep/bc_baseline_none_steps20000_tr1]:  39%|███▊      | 7743/20000 [02:45<04:51, 42.10it/s, acc=0.305, device=mps, eta=4m25s, loss=1.9920, sps=46.9]
BC[stage1_datasets_L40_stepsweep/bc_baseline_none_steps20000_tr1]:  39%|███▉      | 7751/20000 [02:45<04:05, 49.89it/s, acc=0.305, device=mps, eta=4m25s, loss=1.9920, sps=46.9]
BC[stage1_datasets_L40_stepsweep/bc_baseline_none_steps20000_tr1]:  39%|███▉      | 7759/20000 [02:45<03:37, 56.30it/s, acc=0.305, device=mps, eta=4m25s, loss=1.9920, sps=46.9]
BC[stage1_datasets_L40_stepsweep/bc_baseline_none_steps20000_tr1]:  39%|███▉      | 7766/20000 [02:45<04:18, 47.32it/s, acc=0.305, device=mps, eta=4m25s, loss=1.9920, sps=46.9]
BC[stage1_datasets_L40_stepsweep/bc_baseline_none_steps20000_tr1]:  39%|███▉      | 7773/20000 [02:45<04:00, 50.81it/s, acc=0.305, device=mps, eta=4m25s, loss=1.9920, sps=46.9]
BC[stage1_datasets_L40_stepsweep/bc_baseline_none_steps20000_tr1]:  39%|███▉      | 7779/20000 [02:45<03:54, 52.21it/s, acc=0.305, device=mps, eta=4m25s, loss=1.9920, sps=46.9]
BC[stage1_datasets_L40_stepsweep/bc_baseline_none_steps20000_tr1]:  39%|███▉      | 7785/20000 [02:46<04:52, 41.82it/s, acc=0.305, device=mps, eta=4m25s, loss=1.9920, sps=46.9]
BC[stage1_datasets_L40_stepsweep/bc_baseline_none_steps20000_tr1]:  39%|███▉      | 7791/20000 [02:46<04:33, 44.57it/s, acc=0.305, device=mps, eta=4m25s, loss=1.9920, sps=46.9]
BC[stage1_datasets_L40_stepsweep/bc_baseline_none_steps20000_tr1]:  39%|███▉      | 7797/20000 [02:46<04:15, 47.80it/s, acc=0.305, device=mps, eta=4m25s, loss=1.9920, sps=46.9]
BC[stage1_datasets_L40_stepsweep/bc_baseline_none_steps20000_tr1]:  39%|███▉      | 7797/20000 [02:46<04:15, 47.80it/s, acc=0.305, device=mps, eta=4m20s, loss=1.9900, sps=46.9]
BC[stage1_datasets_L40_stepsweep/bc_baseline_none_steps20000_tr1]:  39%|███▉      | 7803/20000 [02:46<04:59, 40.71it/s, acc=0.305, device=mps, eta=4m20s, loss=1.9900, sps=46.9]
BC[stage1_datasets_L40_stepsweep/bc_baseline_none_steps20000_tr1]:  39%|███▉      | 7809/20000 [02:46<04:33, 44.60it/s, acc=0.305, device=mps, eta=4m20s, loss=1.9900, sps=46.9]
BC[stage1_datasets_L40_stepsweep/bc_baseline_none_steps20000_tr1]:  39%|███▉      | 7815/20000 [02:46<04:13, 48.16it/s, acc=0.305, device=mps, eta=4m20s, loss=1.9900, sps=46.9]
BC[stage1_datasets_L40_stepsweep/bc_baseline_none_steps20000_tr1]:  39%|███▉      | 7821/20000 [02:46<05:07, 39.65it/s, acc=0.305, device=mps, eta=4m20s, loss=1.9900, sps=46.9]
BC[stage1_datasets_L40_stepsweep/bc_baseline_none_steps20000_tr1]:  39%|███▉      | 7829/20000 [02:46<04:14, 47.80it/s, acc=0.305, device=mps, eta=4m20s, loss=1.9900, sps=46.9]
BC[stage1_datasets_L40_stepsweep/bc_baseline_none_steps20000_tr1]:  39%|███▉      | 7837/20000 [02:47<03:43, 54.34it/s, acc=0.305, device=mps, eta=4m20s, loss=1.9900, sps=46.9]
BC[stage1_datasets_L40_stepsweep/bc_baseline_none_steps20000_tr1]:  39%|███▉      | 7843/20000 [02:47<04:29, 45.03it/s, acc=0.305, device=mps, eta=4m20s, loss=1.9900, sps=46.9]
BC[stage1_datasets_L40_stepsweep/bc_baseline_none_steps20000_tr1]:  39%|███▉      | 7851/20000 [02:47<03:53, 52.12it/s, acc=0.305, device=mps, eta=4m20s, loss=1.9900, sps=46.9]
BC[stage1_datasets_L40_stepsweep/bc_baseline_none_steps20000_tr1]:  39%|███▉      | 7859/20000 [02:47<03:30, 57.79it/s, acc=0.305, device=mps, eta=4m20s, loss=1.9900, sps=46.9]
BC[stage1_datasets_L40_stepsweep/bc_baseline_none_steps20000_tr1]:  39%|███▉      | 7866/20000 [02:47<04:13, 47.94it/s, acc=0.305, device=mps, eta=4m20s, loss=1.9900, sps=46.9]
BC[stage1_datasets_L40_stepsweep/bc_baseline_none_steps20000_tr1]:  39%|███▉      | 7873/20000 [02:47<03:57, 51.13it/s, acc=0.305, device=mps, eta=4m20s, loss=1.9900, sps=46.9]
BC[stage1_datasets_L40_stepsweep/bc_baseline_none_steps20000_tr1]:  39%|███▉      | 7879/20000 [02:47<03:47, 53.17it/s, acc=0.305, device=mps, eta=4m20s, loss=1.9900, sps=46.9]
BC[stage1_datasets_L40_stepsweep/bc_baseline_none_steps20000_tr1]:  39%|███▉      | 7885/20000 [02:48<04:40, 43.19it/s, acc=0.305, device=mps, eta=4m20s, loss=1.9900, sps=46.9]
BC[stage1_datasets_L40_stepsweep/bc_baseline_none_steps20000_tr1]:  39%|███▉      | 7891/20000 [02:48<04:28, 45.02it/s, acc=0.305, device=mps, eta=4m20s, loss=1.9900, sps=46.9]
BC[stage1_datasets_L40_stepsweep/bc_baseline_none_steps20000_tr1]:  39%|███▉      | 7897/20000 [02:48<04:15, 47.42it/s, acc=0.305, device=mps, eta=4m20s, loss=1.9900, sps=46.9]
BC[stage1_datasets_L40_stepsweep/bc_baseline_none_steps20000_tr1]:  40%|███▉      | 7903/20000 [02:48<05:00, 40.32it/s, acc=0.305, device=mps, eta=4m20s, loss=1.9900, sps=46.9]
BC[stage1_datasets_L40_stepsweep/bc_baseline_none_steps20000_tr1]:  40%|███▉      | 7909/20000 [02:48<04:34, 43.98it/s, acc=0.305, device=mps, eta=4m20s, loss=1.9900, sps=46.9]
BC[stage1_datasets_L40_stepsweep/bc_baseline_none_steps20000_tr1]:  40%|███▉      | 7915/20000 [02:48<04:16, 47.11it/s, acc=0.305, device=mps, eta=4m20s, loss=1.9900, sps=46.9]
BC[stage1_datasets_L40_stepsweep/bc_baseline_none_steps20000_tr1]:  40%|███▉      | 7921/20000 [02:48<05:02, 39.95it/s, acc=0.305, device=mps, eta=4m20s, loss=1.9900, sps=46.9]
BC[stage1_datasets_L40_stepsweep/bc_baseline_none_steps20000_tr1]:  40%|███▉      | 7929/20000 [02:49<04:11, 48.01it/s, acc=0.305, device=mps, eta=4m20s, loss=1.9900, sps=46.9]
BC[stage1_datasets_L40_stepsweep/bc_baseline_none_steps20000_tr1]:  40%|███▉      | 7937/20000 [02:49<03:41, 54.40it/s, acc=0.305, device=mps, eta=4m20s, loss=1.9900, sps=46.9]
BC[stage1_datasets_L40_stepsweep/bc_baseline_none_steps20000_tr1]:  40%|███▉      | 7943/20000 [02:49<04:25, 45.34it/s, acc=0.305, device=mps, eta=4m20s, loss=1.9900, sps=46.9]
BC[stage1_datasets_L40_stepsweep/bc_baseline_none_steps20000_tr1]:  40%|███▉      | 7951/20000 [02:49<03:51, 52.15it/s, acc=0.305, device=mps, eta=4m20s, loss=1.9900, sps=46.9]
BC[stage1_datasets_L40_stepsweep/bc_baseline_none_steps20000_tr1]:  40%|███▉      | 7959/20000 [02:49<03:30, 57.31it/s, acc=0.305, device=mps, eta=4m20s, loss=1.9900, sps=46.9]
BC[stage1_datasets_L40_stepsweep/bc_baseline_none_steps20000_tr1]:  40%|███▉      | 7966/20000 [02:49<04:16, 46.96it/s, acc=0.305, device=mps, eta=4m20s, loss=1.9900, sps=46.9]
BC[stage1_datasets_L40_stepsweep/bc_baseline_none_steps20000_tr1]:  40%|███▉      | 7972/20000 [02:49<04:02, 49.57it/s, acc=0.305, device=mps, eta=4m20s, loss=1.9900, sps=46.9]
BC[stage1_datasets_L40_stepsweep/bc_baseline_none_steps20000_tr1]:  40%|███▉      | 7978/20000 [02:50<03:56, 50.89it/s, acc=0.305, device=mps, eta=4m20s, loss=1.9900, sps=46.9]
BC[stage1_datasets_L40_stepsweep/bc_baseline_none_steps20000_tr1]:  40%|███▉      | 7984/20000 [02:50<04:51, 41.22it/s, acc=0.305, device=mps, eta=4m20s, loss=1.9900, sps=46.9]
BC[stage1_datasets_L40_stepsweep/bc_baseline_none_steps20000_tr1]:  40%|███▉      | 7990/20000 [02:50<04:32, 44.03it/s, acc=0.305, device=mps, eta=4m20s, loss=1.9900, sps=46.9]
BC[stage1_datasets_L40_stepsweep/bc_baseline_none_steps20000_tr1]:  40%|███▉      | 7996/20000 [02:50<04:15, 47.00it/s, acc=0.305, device=mps, eta=4m20s, loss=1.9900, sps=46.9]
BC[stage1_datasets_L40_stepsweep/bc_baseline_none_steps20000_tr1]:  40%|███▉      | 7996/20000 [02:50<04:15, 47.00it/s, acc=0.307, device=mps, eta=4m16s, loss=1.9916, sps=46.9]
BC[stage1_datasets_L40_stepsweep/bc_baseline_none_steps20000_tr1]:  40%|████      | 8002/20000 [02:50<04:59, 40.02it/s, acc=0.307, device=mps, eta=4m16s, loss=1.9916, sps=46.9]
BC[stage1_datasets_L40_stepsweep/bc_baseline_none_steps20000_tr1]:  40%|████      | 8009/20000 [02:50<04:26, 45.07it/s, acc=0.307, device=mps, eta=4m16s, loss=1.9916, sps=46.9]
BC[stage1_datasets_L40_stepsweep/bc_baseline_none_steps20000_tr1]:  40%|████      | 8016/20000 [02:50<04:03, 49.31it/s, acc=0.307, device=mps, eta=4m16s, loss=1.9916, sps=46.9]
BC[stage1_datasets_L40_stepsweep/bc_baseline_none_steps20000_tr1]:  40%|████      | 8022/20000 [02:51<04:49, 41.32it/s, acc=0.307, device=mps, eta=4m16s, loss=1.9916, sps=46.9]
BC[stage1_datasets_L40_stepsweep/bc_baseline_none_steps20000_tr1]:  40%|████      | 8030/20000 [02:51<04:04, 48.94it/s, acc=0.307, device=mps, eta=4m16s, loss=1.9916, sps=46.9]
BC[stage1_datasets_L40_stepsweep/bc_baseline_none_steps20000_tr1]:  40%|████      | 8038/20000 [02:51<03:37, 54.99it/s, acc=0.307, device=mps, eta=4m16s, loss=1.9916, sps=46.9]
BC[stage1_datasets_L40_stepsweep/bc_baseline_none_steps20000_tr1]:  40%|████      | 8045/20000 [02:51<04:18, 46.19it/s, acc=0.307, device=mps, eta=4m16s, loss=1.9916, sps=46.9]
BC[stage1_datasets_L40_stepsweep/bc_baseline_none_steps20000_tr1]:  40%|████      | 8051/20000 [02:51<04:05, 48.63it/s, acc=0.307, device=mps, eta=4m16s, loss=1.9916, sps=46.9]
BC[stage1_datasets_L40_stepsweep/bc_baseline_none_steps20000_tr1]:  40%|████      | 8057/20000 [02:51<03:55, 50.80it/s, acc=0.307, device=mps, eta=4m16s, loss=1.9916, sps=46.9]
BC[stage1_datasets_L40_stepsweep/bc_baseline_none_steps20000_tr1]:  40%|████      | 8063/20000 [02:51<04:45, 41.74it/s, acc=0.307, device=mps, eta=4m16s, loss=1.9916, sps=46.9]
BC[stage1_datasets_L40_stepsweep/bc_baseline_none_steps20000_tr1]:  40%|████      | 8071/20000 [02:52<04:00, 49.59it/s, acc=0.307, device=mps, eta=4m16s, loss=1.9916, sps=46.9]
BC[stage1_datasets_L40_stepsweep/bc_baseline_none_steps20000_tr1]:  40%|████      | 8079/20000 [02:52<03:32, 56.18it/s, acc=0.307, device=mps, eta=4m16s, loss=1.9916, sps=46.9]
BC[stage1_datasets_L40_stepsweep/bc_baseline_none_steps20000_tr1]:  40%|████      | 8086/20000 [02:52<04:12, 47.17it/s, acc=0.307, device=mps, eta=4m16s, loss=1.9916, sps=46.9]
BC[stage1_datasets_L40_stepsweep/bc_baseline_none_steps20000_tr1]:  40%|████      | 8093/20000 [02:52<03:54, 50.75it/s, acc=0.307, device=mps, eta=4m16s, loss=1.9916, sps=46.9]
BC[stage1_datasets_L40_stepsweep/bc_baseline_none_steps20000_tr1]:  40%|████      | 8099/20000 [02:52<03:45, 52.72it/s, acc=0.307, device=mps, eta=4m16s, loss=1.9916, sps=46.9]
BC[stage1_datasets_L40_stepsweep/bc_baseline_none_steps20000_tr1]:  41%|████      | 8105/20000 [02:52<04:38, 42.77it/s, acc=0.307, device=mps, eta=4m16s, loss=1.9916, sps=46.9]
BC[stage1_datasets_L40_stepsweep/bc_baseline_none_steps20000_tr1]:  41%|████      | 8111/20000 [02:52<04:21, 45.53it/s, acc=0.307, device=mps, eta=4m16s, loss=1.9916, sps=46.9]
BC[stage1_datasets_L40_stepsweep/bc_baseline_none_steps20000_tr1]:  41%|████      | 8117/20000 [02:52<04:04, 48.52it/s, acc=0.307, device=mps, eta=4m16s, loss=1.9916, sps=46.9]
BC[stage1_datasets_L40_stepsweep/bc_baseline_none_steps20000_tr1]:  41%|████      | 8123/20000 [02:53<04:58, 39.78it/s, acc=0.307, device=mps, eta=4m16s, loss=1.9916, sps=46.9]
BC[stage1_datasets_L40_stepsweep/bc_baseline_none_steps20000_tr1]:  41%|████      | 8128/20000 [02:53<04:49, 41.00it/s, acc=0.307, device=mps, eta=4m16s, loss=1.9916, sps=46.9]
BC[stage1_datasets_L40_stepsweep/bc_baseline_none_steps20000_tr1]:  41%|████      | 8134/20000 [02:53<04:22, 45.13it/s, acc=0.307, device=mps, eta=4m16s, loss=1.9916, sps=46.9]
BC[stage1_datasets_L40_stepsweep/bc_baseline_none_steps20000_tr1]:  41%|████      | 8141/20000 [02:53<05:00, 39.40it/s, acc=0.307, device=mps, eta=4m16s, loss=1.9916, sps=46.9]
BC[stage1_datasets_L40_stepsweep/bc_baseline_none_steps20000_tr1]:  41%|████      | 8149/20000 [02:53<04:10, 47.36it/s, acc=0.307, device=mps, eta=4m16s, loss=1.9916, sps=46.9]
BC[stage1_datasets_L40_stepsweep/bc_baseline_none_steps20000_tr1]:  41%|████      | 8157/20000 [02:53<03:39, 53.99it/s, acc=0.307, device=mps, eta=4m16s, loss=1.9916, sps=46.9]
BC[stage1_datasets_L40_stepsweep/bc_baseline_none_steps20000_tr1]:  41%|████      | 8163/20000 [02:54<04:18, 45.79it/s, acc=0.307, device=mps, eta=4m16s, loss=1.9916, sps=46.9]
BC[stage1_datasets_L40_stepsweep/bc_baseline_none_steps20000_tr1]:  41%|████      | 8170/20000 [02:54<03:53, 50.62it/s, acc=0.307, device=mps, eta=4m16s, loss=1.9916, sps=46.9]
BC[stage1_datasets_L40_stepsweep/bc_baseline_none_steps20000_tr1]:  41%|████      | 8177/20000 [02:54<03:36, 54.59it/s, acc=0.307, device=mps, eta=4m16s, loss=1.9916, sps=46.9]
BC[stage1_datasets_L40_stepsweep/bc_baseline_none_steps20000_tr1]:  41%|████      | 8183/20000 [02:54<04:21, 45.17it/s, acc=0.307, device=mps, eta=4m16s, loss=1.9916, sps=46.9]
BC[stage1_datasets_L40_stepsweep/bc_baseline_none_steps20000_tr1]:  41%|████      | 8190/20000 [02:54<03:58, 49.59it/s, acc=0.307, device=mps, eta=4m16s, loss=1.9916, sps=46.9]
BC[stage1_datasets_L40_stepsweep/bc_baseline_none_steps20000_tr1]:  41%|████      | 8197/20000 [02:54<03:43, 52.86it/s, acc=0.307, device=mps, eta=4m16s, loss=1.9916, sps=46.9]
BC[stage1_datasets_L40_stepsweep/bc_baseline_none_steps20000_tr1]:  41%|████      | 8197/20000 [02:54<03:43, 52.86it/s, acc=0.303, device=mps, eta=4m11s, loss=1.9899, sps=46.9]
BC[stage1_datasets_L40_stepsweep/bc_baseline_none_steps20000_tr1]:  41%|████      | 8203/20000 [02:54<04:31, 43.40it/s, acc=0.303, device=mps, eta=4m11s, loss=1.9899, sps=46.9]
BC[stage1_datasets_L40_stepsweep/bc_baseline_none_steps20000_tr1]:  41%|████      | 8209/20000 [02:54<04:15, 46.16it/s, acc=0.303, device=mps, eta=4m11s, loss=1.9899, sps=46.9]
BC[stage1_datasets_L40_stepsweep/bc_baseline_none_steps20000_tr1]:  41%|████      | 8215/20000 [02:55<04:01, 48.71it/s, acc=0.303, device=mps, eta=4m11s, loss=1.9899, sps=46.9]
BC[stage1_datasets_L40_stepsweep/bc_baseline_none_steps20000_tr1]:  41%|████      | 8221/20000 [02:55<04:48, 40.82it/s, acc=0.303, device=mps, eta=4m11s, loss=1.9899, sps=46.9]
BC[stage1_datasets_L40_stepsweep/bc_baseline_none_steps20000_tr1]:  41%|████      | 8229/20000 [02:55<04:01, 48.67it/s, acc=0.303, device=mps, eta=4m11s, loss=1.9899, sps=46.9]
BC[stage1_datasets_L40_stepsweep/bc_baseline_none_steps20000_tr1]:  41%|████      | 8237/20000 [02:55<03:34, 54.80it/s, acc=0.303, device=mps, eta=4m11s, loss=1.9899, sps=46.9]
BC[stage1_datasets_L40_stepsweep/bc_baseline_none_steps20000_tr1]:  41%|████      | 8243/20000 [02:55<04:17, 45.58it/s, acc=0.303, device=mps, eta=4m11s, loss=1.9899, sps=46.9]
BC[stage1_datasets_L40_stepsweep/bc_baseline_none_steps20000_tr1]:  41%|████▏     | 8251/20000 [02:55<03:44, 52.36it/s, acc=0.303, device=mps, eta=4m11s, loss=1.9899, sps=46.9]
BC[stage1_datasets_L40_stepsweep/bc_baseline_none_steps20000_tr1]:  41%|████▏     | 8259/20000 [02:55<03:23, 57.83it/s, acc=0.303, device=mps, eta=4m11s, loss=1.9899, sps=46.9]
BC[stage1_datasets_L40_stepsweep/bc_baseline_none_steps20000_tr1]:  41%|████▏     | 8266/20000 [02:56<04:08, 47.14it/s, acc=0.303, device=mps, eta=4m11s, loss=1.9899, sps=46.9]
BC[stage1_datasets_L40_stepsweep/bc_baseline_none_steps20000_tr1]:  41%|████▏     | 8272/20000 [02:56<03:55, 49.76it/s, acc=0.303, device=mps, eta=4m11s, loss=1.9899, sps=46.9]
BC[stage1_datasets_L40_stepsweep/bc_baseline_none_steps20000_tr1]:  41%|████▏     | 8279/20000 [02:56<03:43, 52.51it/s, acc=0.303, device=mps, eta=4m11s, loss=1.9899, sps=46.9]
BC[stage1_datasets_L40_stepsweep/bc_baseline_none_steps20000_tr1]:  41%|████▏     | 8285/20000 [02:56<04:30, 43.27it/s, acc=0.303, device=mps, eta=4m11s, loss=1.9899, sps=46.9]
BC[stage1_datasets_L40_stepsweep/bc_baseline_none_steps20000_tr1]:  41%|████▏     | 8291/20000 [02:56<04:12, 46.39it/s, acc=0.303, device=mps, eta=4m11s, loss=1.9899, sps=46.9]
BC[stage1_datasets_L40_stepsweep/bc_baseline_none_steps20000_tr1]:  41%|████▏     | 8297/20000 [02:56<04:00, 48.60it/s, acc=0.303, device=mps, eta=4m11s, loss=1.9899, sps=46.9]
BC[stage1_datasets_L40_stepsweep/bc_baseline_none_steps20000_tr1]:  42%|████▏     | 8303/20000 [02:56<04:47, 40.63it/s, acc=0.303, device=mps, eta=4m11s, loss=1.9899, sps=46.9]
BC[stage1_datasets_L40_stepsweep/bc_baseline_none_steps20000_tr1]:  42%|████▏     | 8309/20000 [02:57<04:26, 43.89it/s, acc=0.303, device=mps, eta=4m11s, loss=1.9899, sps=46.9]
BC[stage1_datasets_L40_stepsweep/bc_baseline_none_steps20000_tr1]:  42%|████▏     | 8315/20000 [02:57<04:05, 47.62it/s, acc=0.303, device=mps, eta=4m11s, loss=1.9899, sps=46.9]
BC[stage1_datasets_L40_stepsweep/bc_baseline_none_steps20000_tr1]:  42%|████▏     | 8321/20000 [02:57<04:56, 39.33it/s, acc=0.303, device=mps, eta=4m11s, loss=1.9899, sps=46.9]
BC[stage1_datasets_L40_stepsweep/bc_baseline_none_steps20000_tr1]:  42%|████▏     | 8327/20000 [02:57<04:27, 43.65it/s, acc=0.303, device=mps, eta=4m11s, loss=1.9899, sps=46.9]
BC[stage1_datasets_L40_stepsweep/bc_baseline_none_steps20000_tr1]:  42%|████▏     | 8333/20000 [02:57<04:07, 47.14it/s, acc=0.303, device=mps, eta=4m11s, loss=1.9899, sps=46.9]
BC[stage1_datasets_L40_stepsweep/bc_baseline_none_steps20000_tr1]:  42%|████▏     | 8340/20000 [02:57<03:41, 52.61it/s, acc=0.303, device=mps, eta=4m11s, loss=1.9899, sps=46.9]
BC[stage1_datasets_L40_stepsweep/bc_baseline_none_steps20000_tr1]:  42%|████▏     | 8346/20000 [02:57<04:30, 43.09it/s, acc=0.303, device=mps, eta=4m11s, loss=1.9899, sps=46.9]
BC[stage1_datasets_L40_stepsweep/bc_baseline_none_steps20000_tr1]:  42%|████▏     | 8353/20000 [02:58<03:58, 48.86it/s, acc=0.303, device=mps, eta=4m11s, loss=1.9899, sps=46.9]
BC[stage1_datasets_L40_stepsweep/bc_baseline_none_steps20000_tr1]:  42%|████▏     | 8361/20000 [02:58<04:29, 43.13it/s, acc=0.303, device=mps, eta=4m11s, loss=1.9899, sps=46.9]
BC[stage1_datasets_L40_stepsweep/bc_baseline_none_steps20000_tr1]:  42%|████▏     | 8369/20000 [02:58<03:51, 50.25it/s, acc=0.303, device=mps, eta=4m11s, loss=1.9899, sps=46.9]
BC[stage1_datasets_L40_stepsweep/bc_baseline_none_steps20000_tr1]:  42%|████▏     | 8377/20000 [02:58<03:28, 55.86it/s, acc=0.303, device=mps, eta=4m11s, loss=1.9899, sps=46.9]
BC[stage1_datasets_L40_stepsweep/bc_baseline_none_steps20000_tr1]:  42%|████▏     | 8384/20000 [02:58<04:07, 46.97it/s, acc=0.303, device=mps, eta=4m11s, loss=1.9899, sps=46.9]
BC[stage1_datasets_L40_stepsweep/bc_baseline_none_steps20000_tr1]:  42%|████▏     | 8390/20000 [02:58<03:53, 49.64it/s, acc=0.303, device=mps, eta=4m11s, loss=1.9899, sps=46.9]
BC[stage1_datasets_L40_stepsweep/bc_baseline_none_steps20000_tr1]:  42%|████▏     | 8396/20000 [02:58<03:44, 51.61it/s, acc=0.303, device=mps, eta=4m11s, loss=1.9899, sps=46.9]
BC[stage1_datasets_L40_stepsweep/bc_baseline_none_steps20000_tr1]:  42%|████▏     | 8396/20000 [02:58<03:44, 51.61it/s, acc=0.308, device=mps, eta=4m07s, loss=1.9871, sps=46.9]
BC[stage1_datasets_L40_stepsweep/bc_baseline_none_steps20000_tr1]:  42%|████▏     | 8402/20000 [02:59<04:35, 42.07it/s, acc=0.308, device=mps, eta=4m07s, loss=1.9871, sps=46.9]
BC[stage1_datasets_L40_stepsweep/bc_baseline_none_steps20000_tr1]:  42%|████▏     | 8408/20000 [02:59<04:16, 45.23it/s, acc=0.308, device=mps, eta=4m07s, loss=1.9871, sps=46.9]
BC[stage1_datasets_L40_stepsweep/bc_baseline_none_steps20000_tr1]:  42%|████▏     | 8414/20000 [02:59<04:04, 47.39it/s, acc=0.308, device=mps, eta=4m07s, loss=1.9871, sps=46.9]
BC[stage1_datasets_L40_stepsweep/bc_baseline_none_steps20000_tr1]:  42%|████▏     | 8421/20000 [02:59<04:45, 40.57it/s, acc=0.308, device=mps, eta=4m07s, loss=1.9871, sps=46.9]
BC[stage1_datasets_L40_stepsweep/bc_baseline_none_steps20000_tr1]:  42%|████▏     | 8429/20000 [02:59<03:59, 48.24it/s, acc=0.308, device=mps, eta=4m07s, loss=1.9871, sps=46.9]
BC[stage1_datasets_L40_stepsweep/bc_baseline_none_steps20000_tr1]:  42%|████▏     | 8437/20000 [02:59<03:30, 54.84it/s, acc=0.308, device=mps, eta=4m07s, loss=1.9871, sps=46.9]
BC[stage1_datasets_L40_stepsweep/bc_baseline_none_steps20000_tr1]:  42%|████▏     | 8444/20000 [02:59<04:10, 46.16it/s, acc=0.308, device=mps, eta=4m07s, loss=1.9871, sps=46.9]
BC[stage1_datasets_L40_stepsweep/bc_baseline_none_steps20000_tr1]:  42%|████▏     | 8450/20000 [03:00<03:58, 48.48it/s, acc=0.308, device=mps, eta=4m07s, loss=1.9871, sps=46.9]
BC[stage1_datasets_L40_stepsweep/bc_baseline_none_steps20000_tr1]:  42%|████▏     | 8457/20000 [03:00<03:43, 51.74it/s, acc=0.308, device=mps, eta=4m07s, loss=1.9871, sps=46.9]
BC[stage1_datasets_L40_stepsweep/bc_baseline_none_steps20000_tr1]:  42%|████▏     | 8463/20000 [03:00<04:30, 42.73it/s, acc=0.308, device=mps, eta=4m07s, loss=1.9871, sps=46.9]
BC[stage1_datasets_L40_stepsweep/bc_baseline_none_steps20000_tr1]:  42%|████▏     | 8469/20000 [03:00<04:15, 45.18it/s, acc=0.308, device=mps, eta=4m07s, loss=1.9871, sps=46.9]
BC[stage1_datasets_L40_stepsweep/bc_baseline_none_steps20000_tr1]:  42%|████▏     | 8475/20000 [03:00<03:57, 48.60it/s, acc=0.308, device=mps, eta=4m07s, loss=1.9871, sps=46.9]
BC[stage1_datasets_L40_stepsweep/bc_baseline_none_steps20000_tr1]:  42%|████▏     | 8481/20000 [03:00<04:48, 39.93it/s, acc=0.308, device=mps, eta=4m07s, loss=1.9871, sps=46.9]
BC[stage1_datasets_L40_stepsweep/bc_baseline_none_steps20000_tr1]:  42%|████▏     | 8487/20000 [03:00<04:28, 42.85it/s, acc=0.308, device=mps, eta=4m07s, loss=1.9871, sps=46.9]
BC[stage1_datasets_L40_stepsweep/bc_baseline_none_steps20000_tr1]:  42%|████▏     | 8494/20000 [03:01<04:01, 47.55it/s, acc=0.308, device=mps, eta=4m07s, loss=1.9871, sps=46.9]
BC[stage1_datasets_L40_stepsweep/bc_baseline_none_steps20000_tr1]:  43%|████▎     | 8501/20000 [03:01<04:40, 40.95it/s, acc=0.308, device=mps, eta=4m07s, loss=1.9871, sps=46.9]
BC[stage1_datasets_L40_stepsweep/bc_baseline_none_steps20000_tr1]:  43%|████▎     | 8509/20000 [03:01<03:57, 48.40it/s, acc=0.308, device=mps, eta=4m07s, loss=1.9871, sps=46.9]
BC[stage1_datasets_L40_stepsweep/bc_baseline_none_steps20000_tr1]:  43%|████▎     | 8517/20000 [03:01<03:28, 55.06it/s, acc=0.308, device=mps, eta=4m07s, loss=1.9871, sps=46.9]
BC[stage1_datasets_L40_stepsweep/bc_baseline_none_steps20000_tr1]:  43%|████▎     | 8524/20000 [03:01<04:12, 45.51it/s, acc=0.308, device=mps, eta=4m07s, loss=1.9871, sps=46.9]
BC[stage1_datasets_L40_stepsweep/bc_baseline_none_steps20000_tr1]:  43%|████▎     | 8530/20000 [03:01<04:07, 46.36it/s, acc=0.308, device=mps, eta=4m07s, loss=1.9871, sps=46.9]
BC[stage1_datasets_L40_stepsweep/bc_baseline_none_steps20000_tr1]:  43%|████▎     | 8536/20000 [03:01<03:55, 48.76it/s, acc=0.308, device=mps, eta=4m07s, loss=1.9871, sps=46.9]
BC[stage1_datasets_L40_stepsweep/bc_baseline_none_steps20000_tr1]:  43%|████▎     | 8542/20000 [03:02<04:40, 40.92it/s, acc=0.308, device=mps, eta=4m07s, loss=1.9871, sps=46.9]
BC[stage1_datasets_L40_stepsweep/bc_baseline_none_steps20000_tr1]:  43%|████▎     | 8550/20000 [03:02<03:53, 48.95it/s, acc=0.308, device=mps, eta=4m07s, loss=1.9871, sps=46.9]
BC[stage1_datasets_L40_stepsweep/bc_baseline_none_steps20000_tr1]:  43%|████▎     | 8558/20000 [03:02<03:25, 55.65it/s, acc=0.308, device=mps, eta=4m07s, loss=1.9871, sps=46.9]
BC[stage1_datasets_L40_stepsweep/bc_baseline_none_steps20000_tr1]:  43%|████▎     | 8565/20000 [03:02<04:01, 47.27it/s, acc=0.308, device=mps, eta=4m07s, loss=1.9871, sps=46.9]
BC[stage1_datasets_L40_stepsweep/bc_baseline_none_steps20000_tr1]:  43%|████▎     | 8572/20000 [03:02<03:43, 51.04it/s, acc=0.308, device=mps, eta=4m07s, loss=1.9871, sps=46.9]
BC[stage1_datasets_L40_stepsweep/bc_baseline_none_steps20000_tr1]:  43%|████▎     | 8578/20000 [03:02<03:35, 53.10it/s, acc=0.308, device=mps, eta=4m07s, loss=1.9871, sps=46.9]
BC[stage1_datasets_L40_stepsweep/bc_baseline_none_steps20000_tr1]:  43%|████▎     | 8584/20000 [03:02<04:25, 42.93it/s, acc=0.308, device=mps, eta=4m07s, loss=1.9871, sps=46.9]
BC[stage1_datasets_L40_stepsweep/bc_baseline_none_steps20000_tr1]:  43%|████▎     | 8590/20000 [03:03<04:06, 46.35it/s, acc=0.308, device=mps, eta=4m07s, loss=1.9871, sps=46.9]
BC[stage1_datasets_L40_stepsweep/bc_baseline_none_steps20000_tr1]:  43%|████▎     | 8596/20000 [03:03<03:51, 49.27it/s, acc=0.308, device=mps, eta=4m07s, loss=1.9871, sps=46.9]
BC[stage1_datasets_L40_stepsweep/bc_baseline_none_steps20000_tr1]:  43%|████▎     | 8596/20000 [03:03<03:51, 49.27it/s, acc=0.305, device=mps, eta=4m03s, loss=1.9861, sps=46.9]
BC[stage1_datasets_L40_stepsweep/bc_baseline_none_steps20000_tr1]:  43%|████▎     | 8602/20000 [03:03<04:37, 41.14it/s, acc=0.305, device=mps, eta=4m03s, loss=1.9861, sps=46.9]
BC[stage1_datasets_L40_stepsweep/bc_baseline_none_steps20000_tr1]:  43%|████▎     | 8608/20000 [03:03<04:15, 44.57it/s, acc=0.305, device=mps, eta=4m03s, loss=1.9861, sps=46.9]
BC[stage1_datasets_L40_stepsweep/bc_baseline_none_steps20000_tr1]:  43%|████▎     | 8615/20000 [03:03<03:53, 48.81it/s, acc=0.305, device=mps, eta=4m03s, loss=1.9861, sps=46.9]
BC[stage1_datasets_L40_stepsweep/bc_baseline_none_steps20000_tr1]:  43%|████▎     | 8621/20000 [03:03<04:39, 40.78it/s, acc=0.305, device=mps, eta=4m03s, loss=1.9861, sps=46.9]
BC[stage1_datasets_L40_stepsweep/bc_baseline_none_steps20000_tr1]:  43%|████▎     | 8629/20000 [03:03<03:54, 48.53it/s, acc=0.305, device=mps, eta=4m03s, loss=1.9861, sps=46.9]
BC[stage1_datasets_L40_stepsweep/bc_baseline_none_steps20000_tr1]:  43%|████▎     | 8637/20000 [03:04<03:28, 54.51it/s, acc=0.305, device=mps, eta=4m03s, loss=1.9861, sps=46.9]
BC[stage1_datasets_L40_stepsweep/bc_baseline_none_steps20000_tr1]:  43%|████▎     | 8643/20000 [03:04<04:09, 45.60it/s, acc=0.305, device=mps, eta=4m03s, loss=1.9861, sps=46.9]
BC[stage1_datasets_L40_stepsweep/bc_baseline_none_steps20000_tr1]:  43%|████▎     | 8650/20000 [03:04<03:49, 49.35it/s, acc=0.305, device=mps, eta=4m03s, loss=1.9861, sps=46.9]
BC[stage1_datasets_L40_stepsweep/bc_baseline_none_steps20000_tr1]:  43%|████▎     | 8657/20000 [03:04<03:36, 52.35it/s, acc=0.305, device=mps, eta=4m03s, loss=1.9861, sps=46.9]
BC[stage1_datasets_L40_stepsweep/bc_baseline_none_steps20000_tr1]:  43%|████▎     | 8663/20000 [03:04<04:21, 43.41it/s, acc=0.305, device=mps, eta=4m03s, loss=1.9861, sps=46.9]
BC[stage1_datasets_L40_stepsweep/bc_baseline_none_steps20000_tr1]:  43%|████▎     | 8671/20000 [03:04<03:41, 51.16it/s, acc=0.305, device=mps, eta=4m03s, loss=1.9861, sps=46.9]
BC[stage1_datasets_L40_stepsweep/bc_baseline_none_steps20000_tr1]:  43%|████▎     | 8680/20000 [03:04<03:10, 59.46it/s, acc=0.305, device=mps, eta=4m03s, loss=1.9861, sps=46.9]
BC[stage1_datasets_L40_stepsweep/bc_baseline_none_steps20000_tr1]:  43%|████▎     | 8687/20000 [03:05<03:50, 49.06it/s, acc=0.305, device=mps, eta=4m03s, loss=1.9861, sps=46.9]
BC[stage1_datasets_L40_stepsweep/bc_baseline_none_steps20000_tr1]:  43%|████▎     | 8694/20000 [03:05<03:31, 53.56it/s, acc=0.305, device=mps, eta=4m03s, loss=1.9861, sps=46.9]
BC[stage1_datasets_L40_stepsweep/bc_baseline_none_steps20000_tr1]:  44%|████▎     | 8701/20000 [03:05<04:12, 44.74it/s, acc=0.305, device=mps, eta=4m03s, loss=1.9861, sps=46.9]
BC[stage1_datasets_L40_stepsweep/bc_baseline_none_steps20000_tr1]:  44%|████▎     | 8707/20000 [03:05<03:58, 47.39it/s, acc=0.305, device=mps, eta=4m03s, loss=1.9861, sps=46.9]
BC[stage1_datasets_L40_stepsweep/bc_baseline_none_steps20000_tr1]:  44%|████▎     | 8713/20000 [03:05<03:49, 49.19it/s, acc=0.305, device=mps, eta=4m03s, loss=1.9861, sps=46.9]
BC[stage1_datasets_L40_stepsweep/bc_baseline_none_steps20000_tr1]:  44%|████▎     | 8720/20000 [03:05<03:29, 53.87it/s, acc=0.305, device=mps, eta=4m03s, loss=1.9861, sps=46.9]
BC[stage1_datasets_L40_stepsweep/bc_baseline_none_steps20000_tr1]:  44%|████▎     | 8726/20000 [03:05<04:13, 44.50it/s, acc=0.305, device=mps, eta=4m03s, loss=1.9861, sps=46.9]
BC[stage1_datasets_L40_stepsweep/bc_baseline_none_steps20000_tr1]:  44%|████▎     | 8734/20000 [03:05<03:37, 51.69it/s, acc=0.305, device=mps, eta=4m03s, loss=1.9861, sps=46.9]
BC[stage1_datasets_L40_stepsweep/bc_baseline_none_steps20000_tr1]:  44%|████▎     | 8741/20000 [03:06<04:09, 45.08it/s, acc=0.305, device=mps, eta=4m03s, loss=1.9861, sps=46.9]
BC[stage1_datasets_L40_stepsweep/bc_baseline_none_steps20000_tr1]:  44%|████▎     | 8749/20000 [03:06<03:36, 52.01it/s, acc=0.305, device=mps, eta=4m03s, loss=1.9861, sps=46.9]
BC[stage1_datasets_L40_stepsweep/bc_baseline_none_steps20000_tr1]:  44%|████▍     | 8757/20000 [03:06<03:13, 58.11it/s, acc=0.305, device=mps, eta=4m03s, loss=1.9861, sps=46.9]
BC[stage1_datasets_L40_stepsweep/bc_baseline_none_steps20000_tr1]:  44%|████▍     | 8764/20000 [03:06<03:56, 47.43it/s, acc=0.305, device=mps, eta=4m03s, loss=1.9861, sps=46.9]
BC[stage1_datasets_L40_stepsweep/bc_baseline_none_steps20000_tr1]:  44%|████▍     | 8770/20000 [03:06<03:47, 49.45it/s, acc=0.305, device=mps, eta=4m03s, loss=1.9861, sps=46.9]
BC[stage1_datasets_L40_stepsweep/bc_baseline_none_steps20000_tr1]:  44%|████▍     | 8777/20000 [03:06<03:31, 53.04it/s, acc=0.305, device=mps, eta=4m03s, loss=1.9861, sps=46.9]
BC[stage1_datasets_L40_stepsweep/bc_baseline_none_steps20000_tr1]:  44%|████▍     | 8783/20000 [03:07<04:15, 43.96it/s, acc=0.305, device=mps, eta=4m03s, loss=1.9861, sps=46.9]
BC[stage1_datasets_L40_stepsweep/bc_baseline_none_steps20000_tr1]:  44%|████▍     | 8791/20000 [03:07<03:39, 51.16it/s, acc=0.305, device=mps, eta=4m03s, loss=1.9861, sps=46.9]
BC[stage1_datasets_L40_stepsweep/bc_baseline_none_steps20000_tr1]:  44%|████▍     | 8799/20000 [03:07<03:16, 56.86it/s, acc=0.305, device=mps, eta=4m03s, loss=1.9861, sps=46.9]
BC[stage1_datasets_L40_stepsweep/bc_baseline_none_steps20000_tr1]:  44%|████▍     | 8799/20000 [03:07<03:16, 56.86it/s, acc=0.307, device=mps, eta=3m58s, loss=1.9868, sps=47.0]
BC[stage1_datasets_L40_stepsweep/bc_baseline_none_steps20000_tr1]:  44%|████▍     | 8806/20000 [03:07<03:58, 46.98it/s, acc=0.307, device=mps, eta=3m58s, loss=1.9868, sps=47.0]
BC[stage1_datasets_L40_stepsweep/bc_baseline_none_steps20000_tr1]:  44%|████▍     | 8812/20000 [03:07<03:47, 49.17it/s, acc=0.307, device=mps, eta=3m58s, loss=1.9868, sps=47.0]
BC[stage1_datasets_L40_stepsweep/bc_baseline_none_steps20000_tr1]:  44%|████▍     | 8818/20000 [03:07<03:39, 51.01it/s, acc=0.307, device=mps, eta=3m58s, loss=1.9868, sps=47.0]
BC[stage1_datasets_L40_stepsweep/bc_baseline_none_steps20000_tr1]:  44%|████▍     | 8824/20000 [03:07<04:24, 42.27it/s, acc=0.307, device=mps, eta=3m58s, loss=1.9868, sps=47.0]
BC[stage1_datasets_L40_stepsweep/bc_baseline_none_steps20000_tr1]:  44%|████▍     | 8832/20000 [03:07<03:44, 49.74it/s, acc=0.307, device=mps, eta=3m58s, loss=1.9868, sps=47.0]
BC[stage1_datasets_L40_stepsweep/bc_baseline_none_steps20000_tr1]:  44%|████▍     | 8840/20000 [03:08<03:18, 56.19it/s, acc=0.307, device=mps, eta=3m58s, loss=1.9868, sps=47.0]
BC[stage1_datasets_L40_stepsweep/bc_baseline_none_steps20000_tr1]:  44%|████▍     | 8847/20000 [03:08<04:04, 45.62it/s, acc=0.307, device=mps, eta=3m58s, loss=1.9868, sps=47.0]
BC[stage1_datasets_L40_stepsweep/bc_baseline_none_steps20000_tr1]:  44%|████▍     | 8853/20000 [03:08<03:53, 47.82it/s, acc=0.307, device=mps, eta=3m58s, loss=1.9868, sps=47.0]
BC[stage1_datasets_L40_stepsweep/bc_baseline_none_steps20000_tr1]:  44%|████▍     | 8859/20000 [03:08<03:42, 50.07it/s, acc=0.307, device=mps, eta=3m58s, loss=1.9868, sps=47.0]
BC[stage1_datasets_L40_stepsweep/bc_baseline_none_steps20000_tr1]:  44%|████▍     | 8865/20000 [03:08<04:26, 41.81it/s, acc=0.307, device=mps, eta=3m58s, loss=1.9868, sps=47.0]
BC[stage1_datasets_L40_stepsweep/bc_baseline_none_steps20000_tr1]:  44%|████▍     | 8871/20000 [03:08<04:06, 45.13it/s, acc=0.307, device=mps, eta=3m58s, loss=1.9868, sps=47.0]
BC[stage1_datasets_L40_stepsweep/bc_baseline_none_steps20000_tr1]:  44%|████▍     | 8877/20000 [03:08<03:49, 48.56it/s, acc=0.307, device=mps, eta=3m58s, loss=1.9868, sps=47.0]
BC[stage1_datasets_L40_stepsweep/bc_baseline_none_steps20000_tr1]:  44%|████▍     | 8883/20000 [03:09<04:31, 40.96it/s, acc=0.307, device=mps, eta=3m58s, loss=1.9868, sps=47.0]
BC[stage1_datasets_L40_stepsweep/bc_baseline_none_steps20000_tr1]:  44%|████▍     | 8889/20000 [03:09<04:06, 45.04it/s, acc=0.307, device=mps, eta=3m58s, loss=1.9868, sps=47.0]
BC[stage1_datasets_L40_stepsweep/bc_baseline_none_steps20000_tr1]:  44%|████▍     | 8895/20000 [03:09<03:50, 48.27it/s, acc=0.307, device=mps, eta=3m58s, loss=1.9868, sps=47.0]
BC[stage1_datasets_L40_stepsweep/bc_baseline_none_steps20000_tr1]:  45%|████▍     | 8901/20000 [03:09<04:39, 39.67it/s, acc=0.307, device=mps, eta=3m58s, loss=1.9868, sps=47.0]
BC[stage1_datasets_L40_stepsweep/bc_baseline_none_steps20000_tr1]:  45%|████▍     | 8909/20000 [03:09<03:51, 47.83it/s, acc=0.307, device=mps, eta=3m58s, loss=1.9868, sps=47.0]
BC[stage1_datasets_L40_stepsweep/bc_baseline_none_steps20000_tr1]:  45%|████▍     | 8917/20000 [03:09<03:20, 55.14it/s, acc=0.307, device=mps, eta=3m58s, loss=1.9868, sps=47.0]
BC[stage1_datasets_L40_stepsweep/bc_baseline_none_steps20000_tr1]:  45%|████▍     | 8924/20000 [03:09<04:00, 45.99it/s, acc=0.307, device=mps, eta=3m58s, loss=1.9868, sps=47.0]
BC[stage1_datasets_L40_stepsweep/bc_baseline_none_steps20000_tr1]:  45%|████▍     | 8930/20000 [03:10<03:54, 47.27it/s, acc=0.307, device=mps, eta=3m58s, loss=1.9868, sps=47.0]
BC[stage1_datasets_L40_stepsweep/bc_baseline_none_steps20000_tr1]:  45%|████▍     | 8936/20000 [03:10<03:41, 49.89it/s, acc=0.307, device=mps, eta=3m58s, loss=1.9868, sps=47.0]
BC[stage1_datasets_L40_stepsweep/bc_baseline_none_steps20000_tr1]:  45%|████▍     | 8942/20000 [03:10<04:25, 41.60it/s, acc=0.307, device=mps, eta=3m58s, loss=1.9868, sps=47.0]
BC[stage1_datasets_L40_stepsweep/bc_baseline_none_steps20000_tr1]:  45%|████▍     | 8950/20000 [03:10<03:42, 49.65it/s, acc=0.307, device=mps, eta=3m58s, loss=1.9868, sps=47.0]
BC[stage1_datasets_L40_stepsweep/bc_baseline_none_steps20000_tr1]:  45%|████▍     | 8958/20000 [03:10<03:15, 56.59it/s, acc=0.307, device=mps, eta=3m58s, loss=1.9868, sps=47.0]
BC[stage1_datasets_L40_stepsweep/bc_baseline_none_steps20000_tr1]:  45%|████▍     | 8965/20000 [03:10<03:49, 48.01it/s, acc=0.307, device=mps, eta=3m58s, loss=1.9868, sps=47.0]
BC[stage1_datasets_L40_stepsweep/bc_baseline_none_steps20000_tr1]:  45%|████▍     | 8972/20000 [03:10<03:29, 52.71it/s, acc=0.307, device=mps, eta=3m58s, loss=1.9868, sps=47.0]
BC[stage1_datasets_L40_stepsweep/bc_baseline_none_steps20000_tr1]:  45%|████▍     | 8979/20000 [03:11<03:15, 56.40it/s, acc=0.307, device=mps, eta=3m58s, loss=1.9868, sps=47.0]
BC[stage1_datasets_L40_stepsweep/bc_baseline_none_steps20000_tr1]:  45%|████▍     | 8986/20000 [03:11<03:59, 45.97it/s, acc=0.307, device=mps, eta=3m58s, loss=1.9868, sps=47.0]
BC[stage1_datasets_L40_stepsweep/bc_baseline_none_steps20000_tr1]:  45%|████▍     | 8992/20000 [03:11<03:47, 48.48it/s, acc=0.307, device=mps, eta=3m58s, loss=1.9868, sps=47.0]
BC[stage1_datasets_L40_stepsweep/bc_baseline_none_steps20000_tr1]:  45%|████▍     | 8998/20000 [03:11<03:34, 51.18it/s, acc=0.307, device=mps, eta=3m58s, loss=1.9868, sps=47.0]
BC[stage1_datasets_L40_stepsweep/bc_baseline_none_steps20000_tr1]:  45%|████▍     | 8998/20000 [03:11<03:34, 51.18it/s, acc=0.308, device=mps, eta=3m54s, loss=1.9815, sps=47.0]
BC[stage1_datasets_L40_stepsweep/bc_baseline_none_steps20000_tr1]:  45%|████▌     | 9004/20000 [03:11<04:19, 42.43it/s, acc=0.308, device=mps, eta=3m54s, loss=1.9815, sps=47.0]
BC[stage1_datasets_L40_stepsweep/bc_baseline_none_steps20000_tr1]:  45%|████▌     | 9010/20000 [03:11<04:02, 45.33it/s, acc=0.308, device=mps, eta=3m54s, loss=1.9815, sps=47.0]
BC[stage1_datasets_L40_stepsweep/bc_baseline_none_steps20000_tr1]:  45%|████▌     | 9017/20000 [03:11<03:40, 49.72it/s, acc=0.308, device=mps, eta=3m54s, loss=1.9815, sps=47.0]
BC[stage1_datasets_L40_stepsweep/bc_baseline_none_steps20000_tr1]:  45%|████▌     | 9023/20000 [03:12<04:23, 41.68it/s, acc=0.308, device=mps, eta=3m54s, loss=1.9815, sps=47.0]
BC[stage1_datasets_L40_stepsweep/bc_baseline_none_steps20000_tr1]:  45%|████▌     | 9031/20000 [03:12<03:41, 49.41it/s, acc=0.308, device=mps, eta=3m54s, loss=1.9815, sps=47.0]
BC[stage1_datasets_L40_stepsweep/bc_baseline_none_steps20000_tr1]:  45%|████▌     | 9039/20000 [03:12<03:14, 56.37it/s, acc=0.308, device=mps, eta=3m54s, loss=1.9815, sps=47.0]
BC[stage1_datasets_L40_stepsweep/bc_baseline_none_steps20000_tr1]:  45%|████▌     | 9046/20000 [03:12<03:49, 47.73it/s, acc=0.308, device=mps, eta=3m54s, loss=1.9815, sps=47.0]
BC[stage1_datasets_L40_stepsweep/bc_baseline_none_steps20000_tr1]:  45%|████▌     | 9054/20000 [03:12<03:25, 53.39it/s, acc=0.308, device=mps, eta=3m54s, loss=1.9815, sps=47.0]
BC[stage1_datasets_L40_stepsweep/bc_baseline_none_steps20000_tr1]:  45%|████▌     | 9061/20000 [03:12<04:04, 44.73it/s, acc=0.308, device=mps, eta=3m54s, loss=1.9815, sps=47.0]
BC[stage1_datasets_L40_stepsweep/bc_baseline_none_steps20000_tr1]:  45%|████▌     | 9069/20000 [03:12<03:32, 51.43it/s, acc=0.308, device=mps, eta=3m54s, loss=1.9815, sps=47.0]
BC[stage1_datasets_L40_stepsweep/bc_baseline_none_steps20000_tr1]:  45%|████▌     | 9077/20000 [03:13<03:11, 57.03it/s, acc=0.308, device=mps, eta=3m54s, loss=1.9815, sps=47.0]
BC[stage1_datasets_L40_stepsweep/bc_baseline_none_steps20000_tr1]:  45%|████▌     | 9084/20000 [03:13<03:46, 48.26it/s, acc=0.308, device=mps, eta=3m54s, loss=1.9815, sps=47.0]
BC[stage1_datasets_L40_stepsweep/bc_baseline_none_steps20000_tr1]:  45%|████▌     | 9091/20000 [03:13<03:30, 51.92it/s, acc=0.308, device=mps, eta=3m54s, loss=1.9815, sps=47.0]
BC[stage1_datasets_L40_stepsweep/bc_baseline_none_steps20000_tr1]:  45%|████▌     | 9098/20000 [03:13<03:20, 54.38it/s, acc=0.308, device=mps, eta=3m54s, loss=1.9815, sps=47.0]
BC[stage1_datasets_L40_stepsweep/bc_baseline_none_steps20000_tr1]:  46%|████▌     | 9104/20000 [03:13<04:07, 44.08it/s, acc=0.308, device=mps, eta=3m54s, loss=1.9815, sps=47.0]
BC[stage1_datasets_L40_stepsweep/bc_baseline_none_steps20000_tr1]:  46%|████▌     | 9110/20000 [03:13<03:53, 46.55it/s, acc=0.308, device=mps, eta=3m54s, loss=1.9815, sps=47.0]
BC[stage1_datasets_L40_stepsweep/bc_baseline_none_steps20000_tr1]:  46%|████▌     | 9116/20000 [03:13<03:44, 48.54it/s, acc=0.308, device=mps, eta=3m54s, loss=1.9815, sps=47.0]
BC[stage1_datasets_L40_stepsweep/bc_baseline_none_steps20000_tr1]:  46%|████▌     | 9122/20000 [03:14<04:30, 40.17it/s, acc=0.308, device=mps, eta=3m54s, loss=1.9815, sps=47.0]
BC[stage1_datasets_L40_stepsweep/bc_baseline_none_steps20000_tr1]:  46%|████▌     | 9130/20000 [03:14<03:46, 48.08it/s, acc=0.308, device=mps, eta=3m54s, loss=1.9815, sps=47.0]
BC[stage1_datasets_L40_stepsweep/bc_baseline_none_steps20000_tr1]:  46%|████▌     | 9138/20000 [03:14<03:19, 54.58it/s, acc=0.308, device=mps, eta=3m54s, loss=1.9815, sps=47.0]
BC[stage1_datasets_L40_stepsweep/bc_baseline_none_steps20000_tr1]:  46%|████▌     | 9145/20000 [03:14<03:55, 46.10it/s, acc=0.308, device=mps, eta=3m54s, loss=1.9815, sps=47.0]
BC[stage1_datasets_L40_stepsweep/bc_baseline_none_steps20000_tr1]:  46%|████▌     | 9152/20000 [03:14<03:36, 50.04it/s, acc=0.308, device=mps, eta=3m54s, loss=1.9815, sps=47.0]
BC[stage1_datasets_L40_stepsweep/bc_baseline_none_steps20000_tr1]:  46%|████▌     | 9159/20000 [03:14<03:24, 52.94it/s, acc=0.308, device=mps, eta=3m54s, loss=1.9815, sps=47.0]
BC[stage1_datasets_L40_stepsweep/bc_baseline_none_steps20000_tr1]:  46%|████▌     | 9165/20000 [03:14<04:08, 43.59it/s, acc=0.308, device=mps, eta=3m54s, loss=1.9815, sps=47.0]
BC[stage1_datasets_L40_stepsweep/bc_baseline_none_steps20000_tr1]:  46%|████▌     | 9171/20000 [03:15<03:52, 46.55it/s, acc=0.308, device=mps, eta=3m54s, loss=1.9815, sps=47.0]
BC[stage1_datasets_L40_stepsweep/bc_baseline_none_steps20000_tr1]:  46%|████▌     | 9177/20000 [03:15<03:43, 48.52it/s, acc=0.308, device=mps, eta=3m54s, loss=1.9815, sps=47.0]
BC[stage1_datasets_L40_stepsweep/bc_baseline_none_steps20000_tr1]:  46%|████▌     | 9183/20000 [03:15<04:30, 39.92it/s, acc=0.308, device=mps, eta=3m54s, loss=1.9815, sps=47.0]
BC[stage1_datasets_L40_stepsweep/bc_baseline_none_steps20000_tr1]:  46%|████▌     | 9189/20000 [03:15<04:08, 43.53it/s, acc=0.308, device=mps, eta=3m54s, loss=1.9815, sps=47.0]
BC[stage1_datasets_L40_stepsweep/bc_baseline_none_steps20000_tr1]:  46%|████▌     | 9195/20000 [03:15<03:51, 46.70it/s, acc=0.308, device=mps, eta=3m54s, loss=1.9815, sps=47.0]
BC[stage1_datasets_L40_stepsweep/bc_baseline_none_steps20000_tr1]:  46%|████▌     | 9195/20000 [03:15<03:51, 46.70it/s, acc=0.306, device=mps, eta=3m50s, loss=1.9866, sps=47.0]
BC[stage1_datasets_L40_stepsweep/bc_baseline_none_steps20000_tr1]:  46%|████▌     | 9201/20000 [03:15<04:29, 40.13it/s, acc=0.306, device=mps, eta=3m50s, loss=1.9866, sps=47.0]
BC[stage1_datasets_L40_stepsweep/bc_baseline_none_steps20000_tr1]:  46%|████▌     | 9208/20000 [03:15<03:55, 45.91it/s, acc=0.306, device=mps, eta=3m50s, loss=1.9866, sps=47.0]
BC[stage1_datasets_L40_stepsweep/bc_baseline_none_steps20000_tr1]:  46%|████▌     | 9214/20000 [03:16<04:46, 37.65it/s, acc=0.306, device=mps, eta=3m50s, loss=1.9866, sps=47.0]
BC[stage1_datasets_L40_stepsweep/bc_baseline_none_steps20000_tr1]:  46%|████▌     | 9220/20000 [03:16<04:18, 41.62it/s, acc=0.306, device=mps, eta=3m50s, loss=1.9866, sps=47.0]
BC[stage1_datasets_L40_stepsweep/bc_baseline_none_steps20000_tr1]:  46%|████▌     | 9225/20000 [03:16<05:09, 34.87it/s, acc=0.306, device=mps, eta=3m50s, loss=1.9866, sps=47.0]
BC[stage1_datasets_L40_stepsweep/bc_baseline_none_steps20000_tr1]:  46%|████▌     | 9231/20000 [03:16<04:32, 39.46it/s, acc=0.306, device=mps, eta=3m50s, loss=1.9866, sps=47.0]
BC[stage1_datasets_L40_stepsweep/bc_baseline_none_steps20000_tr1]:  46%|████▌     | 9237/20000 [03:16<04:08, 43.26it/s, acc=0.306, device=mps, eta=3m50s, loss=1.9866, sps=47.0]
BC[stage1_datasets_L40_stepsweep/bc_baseline_none_steps20000_tr1]:  46%|████▌     | 9242/20000 [03:16<04:55, 36.42it/s, acc=0.306, device=mps, eta=3m50s, loss=1.9866, sps=47.0]
BC[stage1_datasets_L40_stepsweep/bc_baseline_none_steps20000_tr1]:  46%|████▋     | 9250/20000 [03:16<03:58, 45.13it/s, acc=0.306, device=mps, eta=3m50s, loss=1.9866, sps=47.0]
BC[stage1_datasets_L40_stepsweep/bc_baseline_none_steps20000_tr1]:  46%|████▋     | 9258/20000 [03:17<03:25, 52.33it/s, acc=0.306, device=mps, eta=3m50s, loss=1.9866, sps=47.0]
BC[stage1_datasets_L40_stepsweep/bc_baseline_none_steps20000_tr1]:  46%|████▋     | 9264/20000 [03:17<04:02, 44.27it/s, acc=0.306, device=mps, eta=3m50s, loss=1.9866, sps=47.0]
BC[stage1_datasets_L40_stepsweep/bc_baseline_none_steps20000_tr1]:  46%|████▋     | 9271/20000 [03:17<03:40, 48.70it/s, acc=0.306, device=mps, eta=3m50s, loss=1.9866, sps=47.0]
BC[stage1_datasets_L40_stepsweep/bc_baseline_none_steps20000_tr1]:  46%|████▋     | 9278/20000 [03:17<03:26, 51.91it/s, acc=0.306, device=mps, eta=3m50s, loss=1.9866, sps=47.0]
BC[stage1_datasets_L40_stepsweep/bc_baseline_none_steps20000_tr1]:  46%|████▋     | 9284/20000 [03:17<04:10, 42.82it/s, acc=0.306, device=mps, eta=3m50s, loss=1.9866, sps=47.0]
BC[stage1_datasets_L40_stepsweep/bc_baseline_none_steps20000_tr1]:  46%|████▋     | 9290/20000 [03:17<03:57, 45.08it/s, acc=0.306, device=mps, eta=3m50s, loss=1.9866, sps=47.0]
BC[stage1_datasets_L40_stepsweep/bc_baseline_none_steps20000_tr1]:  46%|████▋     | 9296/20000 [03:17<03:46, 47.24it/s, acc=0.306, device=mps, eta=3m50s, loss=1.9866, sps=47.0]
BC[stage1_datasets_L40_stepsweep/bc_baseline_none_steps20000_tr1]:  47%|████▋     | 9302/20000 [03:18<04:34, 38.99it/s, acc=0.306, device=mps, eta=3m50s, loss=1.9866, sps=47.0]
BC[stage1_datasets_L40_stepsweep/bc_baseline_none_steps20000_tr1]:  47%|████▋     | 9310/20000 [03:18<03:48, 46.83it/s, acc=0.306, device=mps, eta=3m50s, loss=1.9866, sps=47.0]
BC[stage1_datasets_L40_stepsweep/bc_baseline_none_steps20000_tr1]:  47%|████▋     | 9318/20000 [03:18<03:20, 53.33it/s, acc=0.306, device=mps, eta=3m50s, loss=1.9866, sps=47.0]
BC[stage1_datasets_L40_stepsweep/bc_baseline_none_steps20000_tr1]:  47%|████▋     | 9324/20000 [03:18<03:56, 45.23it/s, acc=0.306, device=mps, eta=3m50s, loss=1.9866, sps=47.0]
BC[stage1_datasets_L40_stepsweep/bc_baseline_none_steps20000_tr1]:  47%|████▋     | 9331/20000 [03:18<03:36, 49.37it/s, acc=0.306, device=mps, eta=3m50s, loss=1.9866, sps=47.0]
BC[stage1_datasets_L40_stepsweep/bc_baseline_none_steps20000_tr1]:  47%|████▋     | 9337/20000 [03:18<03:26, 51.55it/s, acc=0.306, device=mps, eta=3m50s, loss=1.9866, sps=47.0]
BC[stage1_datasets_L40_stepsweep/bc_baseline_none_steps20000_tr1]:  47%|████▋     | 9343/20000 [03:18<04:13, 42.09it/s, acc=0.306, device=mps, eta=3m50s, loss=1.9866, sps=47.0]
BC[stage1_datasets_L40_stepsweep/bc_baseline_none_steps20000_tr1]:  47%|████▋     | 9351/20000 [03:19<03:35, 49.45it/s, acc=0.306, device=mps, eta=3m50s, loss=1.9866, sps=47.0]
BC[stage1_datasets_L40_stepsweep/bc_baseline_none_steps20000_tr1]:  47%|████▋     | 9359/20000 [03:19<03:12, 55.31it/s, acc=0.306, device=mps, eta=3m50s, loss=1.9866, sps=47.0]
BC[stage1_datasets_L40_stepsweep/bc_baseline_none_steps20000_tr1]:  47%|████▋     | 9366/20000 [03:19<03:52, 45.79it/s, acc=0.306, device=mps, eta=3m50s, loss=1.9866, sps=47.0]
BC[stage1_datasets_L40_stepsweep/bc_baseline_none_steps20000_tr1]:  47%|████▋     | 9372/20000 [03:19<03:40, 48.21it/s, acc=0.306, device=mps, eta=3m50s, loss=1.9866, sps=47.0]
BC[stage1_datasets_L40_stepsweep/bc_baseline_none_steps20000_tr1]:  47%|████▋     | 9378/20000 [03:19<03:34, 49.48it/s, acc=0.306, device=mps, eta=3m50s, loss=1.9866, sps=47.0]
BC[stage1_datasets_L40_stepsweep/bc_baseline_none_steps20000_tr1]:  47%|████▋     | 9384/20000 [03:19<04:21, 40.59it/s, acc=0.306, device=mps, eta=3m50s, loss=1.9866, sps=47.0]
BC[stage1_datasets_L40_stepsweep/bc_baseline_none_steps20000_tr1]:  47%|████▋     | 9391/20000 [03:19<03:53, 45.47it/s, acc=0.306, device=mps, eta=3m50s, loss=1.9866, sps=47.0]
BC[stage1_datasets_L40_stepsweep/bc_baseline_none_steps20000_tr1]:  47%|████▋     | 9398/20000 [03:20<03:33, 49.77it/s, acc=0.306, device=mps, eta=3m50s, loss=1.9866, sps=47.0]
BC[stage1_datasets_L40_stepsweep/bc_baseline_none_steps20000_tr1]:  47%|████▋     | 9398/20000 [03:20<03:33, 49.77it/s, acc=0.305, device=mps, eta=3m46s, loss=1.9849, sps=47.0]
BC[stage1_datasets_L40_stepsweep/bc_baseline_none_steps20000_tr1]:  47%|████▋     | 9404/20000 [03:20<04:12, 42.00it/s, acc=0.305, device=mps, eta=3m46s, loss=1.9849, sps=47.0]
BC[stage1_datasets_L40_stepsweep/bc_baseline_none_steps20000_tr1]:  47%|████▋     | 9410/20000 [03:20<03:53, 45.34it/s, acc=0.305, device=mps, eta=3m46s, loss=1.9849, sps=47.0]
BC[stage1_datasets_L40_stepsweep/bc_baseline_none_steps20000_tr1]:  47%|████▋     | 9416/20000 [03:20<03:39, 48.29it/s, acc=0.305, device=mps, eta=3m46s, loss=1.9849, sps=47.0]
BC[stage1_datasets_L40_stepsweep/bc_baseline_none_steps20000_tr1]:  47%|████▋     | 9422/20000 [03:20<04:24, 39.95it/s, acc=0.305, device=mps, eta=3m46s, loss=1.9849, sps=47.0]
BC[stage1_datasets_L40_stepsweep/bc_baseline_none_steps20000_tr1]:  47%|████▋     | 9430/20000 [03:20<03:41, 47.77it/s, acc=0.305, device=mps, eta=3m46s, loss=1.9849, sps=47.0]
BC[stage1_datasets_L40_stepsweep/bc_baseline_none_steps20000_tr1]:  47%|████▋     | 9438/20000 [03:20<03:15, 53.98it/s, acc=0.305, device=mps, eta=3m46s, loss=1.9849, sps=47.0]
BC[stage1_datasets_L40_stepsweep/bc_baseline_none_steps20000_tr1]:  47%|████▋     | 9444/20000 [03:21<03:53, 45.20it/s, acc=0.305, device=mps, eta=3m46s, loss=1.9849, sps=47.0]
BC[stage1_datasets_L40_stepsweep/bc_baseline_none_steps20000_tr1]:  47%|████▋     | 9452/20000 [03:21<03:23, 51.94it/s, acc=0.305, device=mps, eta=3m46s, loss=1.9849, sps=47.0]
BC[stage1_datasets_L40_stepsweep/bc_baseline_none_steps20000_tr1]:  47%|████▋     | 9460/20000 [03:21<03:02, 57.87it/s, acc=0.305, device=mps, eta=3m46s, loss=1.9849, sps=47.0]
BC[stage1_datasets_L40_stepsweep/bc_baseline_none_steps20000_tr1]:  47%|████▋     | 9467/20000 [03:21<03:44, 46.82it/s, acc=0.305, device=mps, eta=3m46s, loss=1.9849, sps=47.0]
BC[stage1_datasets_L40_stepsweep/bc_baseline_none_steps20000_tr1]:  47%|████▋     | 9473/20000 [03:21<03:33, 49.21it/s, acc=0.305, device=mps, eta=3m46s, loss=1.9849, sps=47.0]
BC[stage1_datasets_L40_stepsweep/bc_baseline_none_steps20000_tr1]:  47%|████▋     | 9480/20000 [03:21<03:18, 52.91it/s, acc=0.305, device=mps, eta=3m46s, loss=1.9849, sps=47.0]
BC[stage1_datasets_L40_stepsweep/bc_baseline_none_steps20000_tr1]:  47%|████▋     | 9486/20000 [03:21<04:01, 43.48it/s, acc=0.305, device=mps, eta=3m46s, loss=1.9849, sps=47.0]
BC[stage1_datasets_L40_stepsweep/bc_baseline_none_steps20000_tr1]:  47%|████▋     | 9492/20000 [03:22<03:44, 46.85it/s, acc=0.305, device=mps, eta=3m46s, loss=1.9849, sps=47.0]
BC[stage1_datasets_L40_stepsweep/bc_baseline_none_steps20000_tr1]:  47%|████▋     | 9498/20000 [03:22<03:30, 49.89it/s, acc=0.305, device=mps, eta=3m46s, loss=1.9849, sps=47.0]
BC[stage1_datasets_L40_stepsweep/bc_baseline_none_steps20000_tr1]:  48%|████▊     | 9504/20000 [03:22<04:12, 41.54it/s, acc=0.305, device=mps, eta=3m46s, loss=1.9849, sps=47.0]
BC[stage1_datasets_L40_stepsweep/bc_baseline_none_steps20000_tr1]:  48%|████▊     | 9510/20000 [03:22<03:52, 45.18it/s, acc=0.305, device=mps, eta=3m46s, loss=1.9849, sps=47.0]
BC[stage1_datasets_L40_stepsweep/bc_baseline_none_steps20000_tr1]:  48%|████▊     | 9516/20000 [03:22<03:44, 46.77it/s, acc=0.305, device=mps, eta=3m46s, loss=1.9849, sps=47.0]
BC[stage1_datasets_L40_stepsweep/bc_baseline_none_steps20000_tr1]:  48%|████▊     | 9522/20000 [03:22<04:33, 38.36it/s, acc=0.305, device=mps, eta=3m46s, loss=1.9849, sps=47.0]
BC[stage1_datasets_L40_stepsweep/bc_baseline_none_steps20000_tr1]:  48%|████▊     | 9527/20000 [03:22<04:18, 40.53it/s, acc=0.305, device=mps, eta=3m46s, loss=1.9849, sps=47.0]
BC[stage1_datasets_L40_stepsweep/bc_baseline_none_steps20000_tr1]:  48%|████▊     | 9534/20000 [03:23<03:48, 45.83it/s, acc=0.305, device=mps, eta=3m46s, loss=1.9849, sps=47.0]
BC[stage1_datasets_L40_stepsweep/bc_baseline_none_steps20000_tr1]:  48%|████▊     | 9541/20000 [03:23<04:20, 40.07it/s, acc=0.305, device=mps, eta=3m46s, loss=1.9849, sps=47.0]
BC[stage1_datasets_L40_stepsweep/bc_baseline_none_steps20000_tr1]:  48%|████▊     | 9549/20000 [03:23<03:39, 47.70it/s, acc=0.305, device=mps, eta=3m46s, loss=1.9849, sps=47.0]
BC[stage1_datasets_L40_stepsweep/bc_baseline_none_steps20000_tr1]:  48%|████▊     | 9557/20000 [03:23<03:14, 53.77it/s, acc=0.305, device=mps, eta=3m46s, loss=1.9849, sps=47.0]
BC[stage1_datasets_L40_stepsweep/bc_baseline_none_steps20000_tr1]:  48%|████▊     | 9563/20000 [03:23<03:51, 45.15it/s, acc=0.305, device=mps, eta=3m46s, loss=1.9849, sps=47.0]
BC[stage1_datasets_L40_stepsweep/bc_baseline_none_steps20000_tr1]:  48%|████▊     | 9571/20000 [03:23<03:20, 52.03it/s, acc=0.305, device=mps, eta=3m46s, loss=1.9849, sps=47.0]
BC[stage1_datasets_L40_stepsweep/bc_baseline_none_steps20000_tr1]:  48%|████▊     | 9579/20000 [03:23<03:01, 57.52it/s, acc=0.305, device=mps, eta=3m46s, loss=1.9849, sps=47.0]
BC[stage1_datasets_L40_stepsweep/bc_baseline_none_steps20000_tr1]:  48%|████▊     | 9586/20000 [03:24<03:40, 47.27it/s, acc=0.305, device=mps, eta=3m46s, loss=1.9849, sps=47.0]
BC[stage1_datasets_L40_stepsweep/bc_baseline_none_steps20000_tr1]:  48%|████▊     | 9592/20000 [03:24<03:30, 49.47it/s, acc=0.305, device=mps, eta=3m46s, loss=1.9849, sps=47.0]
BC[stage1_datasets_L40_stepsweep/bc_baseline_none_steps20000_tr1]:  48%|████▊     | 9598/20000 [03:24<03:23, 51.17it/s, acc=0.305, device=mps, eta=3m46s, loss=1.9849, sps=47.0]
BC[stage1_datasets_L40_stepsweep/bc_baseline_none_steps20000_tr1]:  48%|████▊     | 9598/20000 [03:24<03:23, 51.17it/s, acc=0.311, device=mps, eta=3m41s, loss=1.9835, sps=47.0]
BC[stage1_datasets_L40_stepsweep/bc_baseline_none_steps20000_tr1]:  48%|████▊     | 9604/20000 [03:24<04:08, 41.77it/s, acc=0.311, device=mps, eta=3m41s, loss=1.9835, sps=47.0]
BC[stage1_datasets_L40_stepsweep/bc_baseline_none_steps20000_tr1]:  48%|████▊     | 9610/20000 [03:24<03:54, 44.31it/s, acc=0.311, device=mps, eta=3m41s, loss=1.9835, sps=47.0]
BC[stage1_datasets_L40_stepsweep/bc_baseline_none_steps20000_tr1]:  48%|████▊     | 9616/20000 [03:24<03:38, 47.63it/s, acc=0.311, device=mps, eta=3m41s, loss=1.9835, sps=47.0]
BC[stage1_datasets_L40_stepsweep/bc_baseline_none_steps20000_tr1]:  48%|████▊     | 9622/20000 [03:24<04:24, 39.31it/s, acc=0.311, device=mps, eta=3m41s, loss=1.9835, sps=47.0]
BC[stage1_datasets_L40_stepsweep/bc_baseline_none_steps20000_tr1]:  48%|████▊     | 9628/20000 [03:25<03:57, 43.67it/s, acc=0.311, device=mps, eta=3m41s, loss=1.9835, sps=47.0]
BC[stage1_datasets_L40_stepsweep/bc_baseline_none_steps20000_tr1]:  48%|████▊     | 9635/20000 [03:25<03:34, 48.22it/s, acc=0.311, device=mps, eta=3m41s, loss=1.9835, sps=47.0]
BC[stage1_datasets_L40_stepsweep/bc_baseline_none_steps20000_tr1]:  48%|████▊     | 9641/20000 [03:25<04:13, 40.81it/s, acc=0.311, device=mps, eta=3m41s, loss=1.9835, sps=47.0]
BC[stage1_datasets_L40_stepsweep/bc_baseline_none_steps20000_tr1]:  48%|████▊     | 9649/20000 [03:25<03:33, 48.53it/s, acc=0.311, device=mps, eta=3m41s, loss=1.9835, sps=47.0]
BC[stage1_datasets_L40_stepsweep/bc_baseline_none_steps20000_tr1]:  48%|████▊     | 9657/20000 [03:25<03:06, 55.37it/s, acc=0.311, device=mps, eta=3m41s, loss=1.9835, sps=47.0]
BC[stage1_datasets_L40_stepsweep/bc_baseline_none_steps20000_tr1]:  48%|████▊     | 9664/20000 [03:25<03:42, 46.38it/s, acc=0.311, device=mps, eta=3m41s, loss=1.9835, sps=47.0]
BC[stage1_datasets_L40_stepsweep/bc_baseline_none_steps20000_tr1]:  48%|████▊     | 9672/20000 [03:25<03:15, 52.76it/s, acc=0.311, device=mps, eta=3m41s, loss=1.9835, sps=47.0]
BC[stage1_datasets_L40_stepsweep/bc_baseline_none_steps20000_tr1]:  48%|████▊     | 9680/20000 [03:25<02:56, 58.42it/s, acc=0.311, device=mps, eta=3m41s, loss=1.9835, sps=47.0]
BC[stage1_datasets_L40_stepsweep/bc_baseline_none_steps20000_tr1]:  48%|████▊     | 9687/20000 [03:26<03:41, 46.60it/s, acc=0.311, device=mps, eta=3m41s, loss=1.9835, sps=47.0]
BC[stage1_datasets_L40_stepsweep/bc_baseline_none_steps20000_tr1]:  48%|████▊     | 9693/20000 [03:26<03:29, 49.23it/s, acc=0.311, device=mps, eta=3m41s, loss=1.9835, sps=47.0]
BC[stage1_datasets_L40_stepsweep/bc_baseline_none_steps20000_tr1]:  48%|████▊     | 9700/20000 [03:26<03:14, 52.97it/s, acc=0.311, device=mps, eta=3m41s, loss=1.9835, sps=47.0]
BC[stage1_datasets_L40_stepsweep/bc_baseline_none_steps20000_tr1]:  49%|████▊     | 9706/20000 [03:26<04:07, 41.56it/s, acc=0.311, device=mps, eta=3m41s, loss=1.9835, sps=47.0]
BC[stage1_datasets_L40_stepsweep/bc_baseline_none_steps20000_tr1]:  49%|████▊     | 9712/20000 [03:26<03:53, 44.07it/s, acc=0.311, device=mps, eta=3m41s, loss=1.9835, sps=47.0]
BC[stage1_datasets_L40_stepsweep/bc_baseline_none_steps20000_tr1]:  49%|████▊     | 9718/20000 [03:26<03:41, 46.38it/s, acc=0.311, device=mps, eta=3m41s, loss=1.9835, sps=47.0]
BC[stage1_datasets_L40_stepsweep/bc_baseline_none_steps20000_tr1]:  49%|████▊     | 9724/20000 [03:27<04:18, 39.72it/s, acc=0.311, device=mps, eta=3m41s, loss=1.9835, sps=47.0]
BC[stage1_datasets_L40_stepsweep/bc_baseline_none_steps20000_tr1]:  49%|████▊     | 9730/20000 [03:27<03:56, 43.48it/s, acc=0.311, device=mps, eta=3m41s, loss=1.9835, sps=47.0]
BC[stage1_datasets_L40_stepsweep/bc_baseline_none_steps20000_tr1]:  49%|████▊     | 9736/20000 [03:27<03:39, 46.67it/s, acc=0.311, device=mps, eta=3m41s, loss=1.9835, sps=47.0]
BC[stage1_datasets_L40_stepsweep/bc_baseline_none_steps20000_tr1]:  49%|████▊     | 9742/20000 [03:27<04:25, 38.63it/s, acc=0.311, device=mps, eta=3m41s, loss=1.9835, sps=47.0]
BC[stage1_datasets_L40_stepsweep/bc_baseline_none_steps20000_tr1]:  49%|████▊     | 9748/20000 [03:27<03:58, 42.96it/s, acc=0.311, device=mps, eta=3m41s, loss=1.9835, sps=47.0]
BC[stage1_datasets_L40_stepsweep/bc_baseline_none_steps20000_tr1]:  49%|████▉     | 9754/20000 [03:27<03:39, 46.67it/s, acc=0.311, device=mps, eta=3m41s, loss=1.9835, sps=47.0]
BC[stage1_datasets_L40_stepsweep/bc_baseline_none_steps20000_tr1]:  49%|████▉     | 9761/20000 [03:27<04:15, 40.03it/s, acc=0.311, device=mps, eta=3m41s, loss=1.9835, sps=47.0]
BC[stage1_datasets_L40_stepsweep/bc_baseline_none_steps20000_tr1]:  49%|████▉     | 9766/20000 [03:28<04:04, 41.89it/s, acc=0.311, device=mps, eta=3m41s, loss=1.9835, sps=47.0]
BC[stage1_datasets_L40_stepsweep/bc_baseline_none_steps20000_tr1]:  49%|████▉     | 9772/20000 [03:28<03:43, 45.86it/s, acc=0.311, device=mps, eta=3m41s, loss=1.9835, sps=47.0]
BC[stage1_datasets_L40_stepsweep/bc_baseline_none_steps20000_tr1]:  49%|████▉     | 9779/20000 [03:28<03:20, 51.05it/s, acc=0.311, device=mps, eta=3m41s, loss=1.9835, sps=47.0]
BC[stage1_datasets_L40_stepsweep/bc_baseline_none_steps20000_tr1]:  49%|████▉     | 9785/20000 [03:28<03:55, 43.40it/s, acc=0.311, device=mps, eta=3m41s, loss=1.9835, sps=47.0]
BC[stage1_datasets_L40_stepsweep/bc_baseline_none_steps20000_tr1]:  49%|████▉     | 9793/20000 [03:28<03:20, 50.96it/s, acc=0.311, device=mps, eta=3m41s, loss=1.9835, sps=47.0]
BC[stage1_datasets_L40_stepsweep/bc_baseline_none_steps20000_tr1]:  49%|████▉     | 9793/20000 [03:28<03:20, 50.96it/s, acc=0.309, device=mps, eta=3m37s, loss=1.9798, sps=47.0]
BC[stage1_datasets_L40_stepsweep/bc_baseline_none_steps20000_tr1]:  49%|████▉     | 9801/20000 [03:28<03:42, 45.82it/s, acc=0.309, device=mps, eta=3m37s, loss=1.9798, sps=47.0]
BC[stage1_datasets_L40_stepsweep/bc_baseline_none_steps20000_tr1]:  49%|████▉     | 9808/20000 [03:28<03:22, 50.26it/s, acc=0.309, device=mps, eta=3m37s, loss=1.9798, sps=47.0]
BC[stage1_datasets_L40_stepsweep/bc_baseline_none_steps20000_tr1]:  49%|████▉     | 9815/20000 [03:28<03:08, 54.09it/s, acc=0.309, device=mps, eta=3m37s, loss=1.9798, sps=47.0]
BC[stage1_datasets_L40_stepsweep/bc_baseline_none_steps20000_tr1]:  49%|████▉     | 9821/20000 [03:29<03:51, 44.00it/s, acc=0.309, device=mps, eta=3m37s, loss=1.9798, sps=47.0]
BC[stage1_datasets_L40_stepsweep/bc_baseline_none_steps20000_tr1]:  49%|████▉     | 9829/20000 [03:29<03:19, 50.87it/s, acc=0.309, device=mps, eta=3m37s, loss=1.9798, sps=47.0]
BC[stage1_datasets_L40_stepsweep/bc_baseline_none_steps20000_tr1]:  49%|████▉     | 9837/20000 [03:29<03:00, 56.18it/s, acc=0.309, device=mps, eta=3m37s, loss=1.9798, sps=47.0]
BC[stage1_datasets_L40_stepsweep/bc_baseline_none_steps20000_tr1]:  49%|████▉     | 9844/20000 [03:29<03:35, 47.12it/s, acc=0.309, device=mps, eta=3m37s, loss=1.9798, sps=47.0]
BC[stage1_datasets_L40_stepsweep/bc_baseline_none_steps20000_tr1]:  49%|████▉     | 9851/20000 [03:29<03:21, 50.34it/s, acc=0.309, device=mps, eta=3m37s, loss=1.9798, sps=47.0]
BC[stage1_datasets_L40_stepsweep/bc_baseline_none_steps20000_tr1]:  49%|████▉     | 9857/20000 [03:29<03:13, 52.38it/s, acc=0.309, device=mps, eta=3m37s, loss=1.9798, sps=47.0]
BC[stage1_datasets_L40_stepsweep/bc_baseline_none_steps20000_tr1]:  49%|████▉     | 9863/20000 [03:30<04:03, 41.67it/s, acc=0.309, device=mps, eta=3m37s, loss=1.9798, sps=47.0]
BC[stage1_datasets_L40_stepsweep/bc_baseline_none_steps20000_tr1]:  49%|████▉     | 9870/20000 [03:30<03:33, 47.44it/s, acc=0.309, device=mps, eta=3m37s, loss=1.9798, sps=47.0]
BC[stage1_datasets_L40_stepsweep/bc_baseline_none_steps20000_tr1]:  49%|████▉     | 9876/20000 [03:30<03:27, 48.89it/s, acc=0.309, device=mps, eta=3m37s, loss=1.9798, sps=47.0]
BC[stage1_datasets_L40_stepsweep/bc_baseline_none_steps20000_tr1]:  49%|████▉     | 9882/20000 [03:30<04:05, 41.19it/s, acc=0.309, device=mps, eta=3m37s, loss=1.9798, sps=47.0]
BC[stage1_datasets_L40_stepsweep/bc_baseline_none_steps20000_tr1]:  49%|████▉     | 9889/20000 [03:30<03:38, 46.32it/s, acc=0.309, device=mps, eta=3m37s, loss=1.9798, sps=47.0]
BC[stage1_datasets_L40_stepsweep/bc_baseline_none_steps20000_tr1]:  49%|████▉     | 9895/20000 [03:30<03:24, 49.46it/s, acc=0.309, device=mps, eta=3m37s, loss=1.9798, sps=47.0]
BC[stage1_datasets_L40_stepsweep/bc_baseline_none_steps20000_tr1]:  50%|████▉     | 9901/20000 [03:30<04:10, 40.34it/s, acc=0.309, device=mps, eta=3m37s, loss=1.9798, sps=47.0]
BC[stage1_datasets_L40_stepsweep/bc_baseline_none_steps20000_tr1]:  50%|████▉     | 9906/20000 [03:31<03:58, 42.30it/s, acc=0.309, device=mps, eta=3m37s, loss=1.9798, sps=47.0]
BC[stage1_datasets_L40_stepsweep/bc_baseline_none_steps20000_tr1]:  50%|████▉     | 9912/20000 [03:31<03:40, 45.84it/s, acc=0.309, device=mps, eta=3m37s, loss=1.9798, sps=47.0]
BC[stage1_datasets_L40_stepsweep/bc_baseline_none_steps20000_tr1]:  50%|████▉     | 9919/20000 [03:31<03:18, 50.75it/s, acc=0.309, device=mps, eta=3m37s, loss=1.9798, sps=47.0]
BC[stage1_datasets_L40_stepsweep/bc_baseline_none_steps20000_tr1]:  50%|████▉     | 9925/20000 [03:31<04:18, 39.02it/s, acc=0.309, device=mps, eta=3m37s, loss=1.9798, sps=47.0]
BC[stage1_datasets_L40_stepsweep/bc_baseline_none_steps20000_tr1]:  50%|████▉     | 9931/20000 [03:31<03:56, 42.58it/s, acc=0.309, device=mps, eta=3m37s, loss=1.9798, sps=47.0]
BC[stage1_datasets_L40_stepsweep/bc_baseline_none_steps20000_tr1]:  50%|████▉     | 9938/20000 [03:31<03:30, 47.77it/s, acc=0.309, device=mps, eta=3m37s, loss=1.9798, sps=47.0]
BC[stage1_datasets_L40_stepsweep/bc_baseline_none_steps20000_tr1]:  50%|████▉     | 9944/20000 [03:31<04:02, 41.46it/s, acc=0.309, device=mps, eta=3m37s, loss=1.9798, sps=47.0]
BC[stage1_datasets_L40_stepsweep/bc_baseline_none_steps20000_tr1]:  50%|████▉     | 9952/20000 [03:31<03:25, 48.82it/s, acc=0.309, device=mps, eta=3m37s, loss=1.9798, sps=47.0]
BC[stage1_datasets_L40_stepsweep/bc_baseline_none_steps20000_tr1]:  50%|████▉     | 9961/20000 [03:32<03:42, 45.19it/s, acc=0.309, device=mps, eta=3m37s, loss=1.9798, sps=47.0]
BC[stage1_datasets_L40_stepsweep/bc_baseline_none_steps20000_tr1]:  50%|████▉     | 9969/20000 [03:32<03:15, 51.44it/s, acc=0.309, device=mps, eta=3m37s, loss=1.9798, sps=47.0]
BC[stage1_datasets_L40_stepsweep/bc_baseline_none_steps20000_tr1]:  50%|████▉     | 9977/20000 [03:32<02:55, 57.02it/s, acc=0.309, device=mps, eta=3m37s, loss=1.9798, sps=47.0]
BC[stage1_datasets_L40_stepsweep/bc_baseline_none_steps20000_tr1]:  50%|████▉     | 9984/20000 [03:32<03:27, 48.35it/s, acc=0.309, device=mps, eta=3m37s, loss=1.9798, sps=47.0]
BC[stage1_datasets_L40_stepsweep/bc_baseline_none_steps20000_tr1]:  50%|████▉     | 9991/20000 [03:32<03:11, 52.39it/s, acc=0.309, device=mps, eta=3m37s, loss=1.9798, sps=47.0]
BC[stage1_datasets_L40_stepsweep/bc_baseline_none_steps20000_tr1]:  50%|████▉     | 9998/20000 [03:32<03:02, 54.95it/s, acc=0.309, device=mps, eta=3m37s, loss=1.9798, sps=47.0]
BC[stage1_datasets_L40_stepsweep/bc_baseline_none_steps20000_tr1]:  50%|████▉     | 9998/20000 [03:32<03:02, 54.95it/s, acc=0.308, device=mps, eta=3m33s, loss=1.9834, sps=47.0]
BC[stage1_datasets_L40_stepsweep/bc_baseline_none_steps20000_tr1]:  50%|█████     | 10004/20000 [03:33<03:46, 44.16it/s, acc=0.308, device=mps, eta=3m33s, loss=1.9834, sps=47.0]
BC[stage1_datasets_L40_stepsweep/bc_baseline_none_steps20000_tr1]:  50%|█████     | 10010/20000 [03:33<03:30, 47.45it/s, acc=0.308, device=mps, eta=3m33s, loss=1.9834, sps=47.0]
BC[stage1_datasets_L40_stepsweep/bc_baseline_none_steps20000_tr1]:  50%|█████     | 10017/20000 [03:33<03:15, 51.14it/s, acc=0.308, device=mps, eta=3m33s, loss=1.9834, sps=47.0]
BC[stage1_datasets_L40_stepsweep/bc_baseline_none_steps20000_tr1]:  50%|█████     | 10023/20000 [03:33<04:01, 41.39it/s, acc=0.308, device=mps, eta=3m33s, loss=1.9834, sps=47.0]
BC[stage1_datasets_L40_stepsweep/bc_baseline_none_steps20000_tr1]:  50%|█████     | 10029/20000 [03:33<03:44, 44.47it/s, acc=0.308, device=mps, eta=3m33s, loss=1.9834, sps=47.0]
BC[stage1_datasets_L40_stepsweep/bc_baseline_none_steps20000_tr1]:  50%|█████     | 10035/20000 [03:33<03:31, 47.07it/s, acc=0.308, device=mps, eta=3m33s, loss=1.9834, sps=47.0]
BC[stage1_datasets_L40_stepsweep/bc_baseline_none_steps20000_tr1]:  50%|█████     | 10041/20000 [03:33<04:08, 40.03it/s, acc=0.308, device=mps, eta=3m33s, loss=1.9834, sps=47.0]
BC[stage1_datasets_L40_stepsweep/bc_baseline_none_steps20000_tr1]:  50%|█████     | 10049/20000 [03:34<03:27, 47.86it/s, acc=0.308, device=mps, eta=3m33s, loss=1.9834, sps=47.0]
BC[stage1_datasets_L40_stepsweep/bc_baseline_none_steps20000_tr1]:  50%|█████     | 10057/20000 [03:34<03:02, 54.58it/s, acc=0.308, device=mps, eta=3m33s, loss=1.9834, sps=47.0]
BC[stage1_datasets_L40_stepsweep/bc_baseline_none_steps20000_tr1]:  50%|█████     | 10063/20000 [03:34<03:35, 46.01it/s, acc=0.308, device=mps, eta=3m33s, loss=1.9834, sps=47.0]
BC[stage1_datasets_L40_stepsweep/bc_baseline_none_steps20000_tr1]:  50%|█████     | 10070/20000 [03:34<03:13, 51.25it/s, acc=0.308, device=mps, eta=3m33s, loss=1.9834, sps=47.0]
BC[stage1_datasets_L40_stepsweep/bc_baseline_none_steps20000_tr1]:  50%|█████     | 10077/20000 [03:34<02:58, 55.58it/s, acc=0.308, device=mps, eta=3m33s, loss=1.9834, sps=47.0]
BC[stage1_datasets_L40_stepsweep/bc_baseline_none_steps20000_tr1]:  50%|█████     | 10084/20000 [03:34<03:34, 46.13it/s, acc=0.308, device=mps, eta=3m33s, loss=1.9834, sps=47.0]
BC[stage1_datasets_L40_stepsweep/bc_baseline_none_steps20000_tr1]:  50%|█████     | 10090/20000 [03:34<03:22, 48.96it/s, acc=0.308, device=mps, eta=3m33s, loss=1.9834, sps=47.0]
BC[stage1_datasets_L40_stepsweep/bc_baseline_none_steps20000_tr1]:  50%|█████     | 10096/20000 [03:34<03:17, 50.08it/s, acc=0.308, device=mps, eta=3m33s, loss=1.9834, sps=47.0]
BC[stage1_datasets_L40_stepsweep/bc_baseline_none_steps20000_tr1]:  51%|█████     | 10102/20000 [03:35<04:02, 40.78it/s, acc=0.308, device=mps, eta=3m33s, loss=1.9834, sps=47.0]
BC[stage1_datasets_L40_stepsweep/bc_baseline_none_steps20000_tr1]:  51%|█████     | 10110/20000 [03:35<03:24, 48.47it/s, acc=0.308, device=mps, eta=3m33s, loss=1.9834, sps=47.0]
BC[stage1_datasets_L40_stepsweep/bc_baseline_none_steps20000_tr1]:  51%|█████     | 10118/20000 [03:35<02:59, 54.97it/s, acc=0.308, device=mps, eta=3m33s, loss=1.9834, sps=47.0]
BC[stage1_datasets_L40_stepsweep/bc_baseline_none_steps20000_tr1]:  51%|█████     | 10125/20000 [03:35<03:31, 46.77it/s, acc=0.308, device=mps, eta=3m33s, loss=1.9834, sps=47.0]
BC[stage1_datasets_L40_stepsweep/bc_baseline_none_steps20000_tr1]:  51%|█████     | 10132/20000 [03:35<03:15, 50.56it/s, acc=0.308, device=mps, eta=3m33s, loss=1.9834, sps=47.0]
BC[stage1_datasets_L40_stepsweep/bc_baseline_none_steps20000_tr1]:  51%|█████     | 10139/20000 [03:35<03:05, 53.05it/s, acc=0.308, device=mps, eta=3m33s, loss=1.9834, sps=47.0]
BC[stage1_datasets_L40_stepsweep/bc_baseline_none_steps20000_tr1]:  51%|█████     | 10145/20000 [03:36<03:47, 43.28it/s, acc=0.308, device=mps, eta=3m33s, loss=1.9834, sps=47.0]
BC[stage1_datasets_L40_stepsweep/bc_baseline_none_steps20000_tr1]:  51%|█████     | 10151/20000 [03:36<03:34, 45.91it/s, acc=0.308, device=mps, eta=3m33s, loss=1.9834, sps=47.0]
BC[stage1_datasets_L40_stepsweep/bc_baseline_none_steps20000_tr1]:  51%|█████     | 10157/20000 [03:36<03:20, 49.08it/s, acc=0.308, device=mps, eta=3m33s, loss=1.9834, sps=47.0]
BC[stage1_datasets_L40_stepsweep/bc_baseline_none_steps20000_tr1]:  51%|█████     | 10163/20000 [03:36<04:06, 39.95it/s, acc=0.308, device=mps, eta=3m33s, loss=1.9834, sps=47.0]
BC[stage1_datasets_L40_stepsweep/bc_baseline_none_steps20000_tr1]:  51%|█████     | 10170/20000 [03:36<03:32, 46.29it/s, acc=0.308, device=mps, eta=3m33s, loss=1.9834, sps=47.0]
BC[stage1_datasets_L40_stepsweep/bc_baseline_none_steps20000_tr1]:  51%|█████     | 10176/20000 [03:36<03:24, 48.00it/s, acc=0.308, device=mps, eta=3m33s, loss=1.9834, sps=47.0]
BC[stage1_datasets_L40_stepsweep/bc_baseline_none_steps20000_tr1]:  51%|█████     | 10182/20000 [03:36<04:06, 39.87it/s, acc=0.308, device=mps, eta=3m33s, loss=1.9834, sps=47.0]
BC[stage1_datasets_L40_stepsweep/bc_baseline_none_steps20000_tr1]:  51%|█████     | 10187/20000 [03:36<03:53, 41.99it/s, acc=0.308, device=mps, eta=3m33s, loss=1.9834, sps=47.0]
BC[stage1_datasets_L40_stepsweep/bc_baseline_none_steps20000_tr1]:  51%|█████     | 10193/20000 [03:37<03:33, 45.96it/s, acc=0.308, device=mps, eta=3m33s, loss=1.9834, sps=47.0]
BC[stage1_datasets_L40_stepsweep/bc_baseline_none_steps20000_tr1]:  51%|█████     | 10193/20000 [03:37<03:33, 45.96it/s, acc=0.306, device=mps, eta=3m29s, loss=1.9818, sps=47.0]
BC[stage1_datasets_L40_stepsweep/bc_baseline_none_steps20000_tr1]:  51%|█████     | 10200/20000 [03:37<03:10, 51.33it/s, acc=0.306, device=mps, eta=3m29s, loss=1.9818, sps=47.0]
BC[stage1_datasets_L40_stepsweep/bc_baseline_none_steps20000_tr1]:  51%|█████     | 10206/20000 [03:37<03:51, 42.25it/s, acc=0.306, device=mps, eta=3m29s, loss=1.9818, sps=47.0]
BC[stage1_datasets_L40_stepsweep/bc_baseline_none_steps20000_tr1]:  51%|█████     | 10213/20000 [03:37<03:25, 47.61it/s, acc=0.306, device=mps, eta=3m29s, loss=1.9818, sps=47.0]
BC[stage1_datasets_L40_stepsweep/bc_baseline_none_steps20000_tr1]:  51%|█████     | 10220/20000 [03:37<03:05, 52.59it/s, acc=0.306, device=mps, eta=3m29s, loss=1.9818, sps=47.0]
BC[stage1_datasets_L40_stepsweep/bc_baseline_none_steps20000_tr1]:  51%|█████     | 10226/20000 [03:37<03:50, 42.38it/s, acc=0.306, device=mps, eta=3m29s, loss=1.9818, sps=47.0]
BC[stage1_datasets_L40_stepsweep/bc_baseline_none_steps20000_tr1]:  51%|█████     | 10232/20000 [03:37<03:34, 45.54it/s, acc=0.306, device=mps, eta=3m29s, loss=1.9818, sps=47.0]
BC[stage1_datasets_L40_stepsweep/bc_baseline_none_steps20000_tr1]:  51%|█████     | 10238/20000 [03:38<03:26, 47.31it/s, acc=0.306, device=mps, eta=3m29s, loss=1.9818, sps=47.0]
BC[stage1_datasets_L40_stepsweep/bc_baseline_none_steps20000_tr1]:  51%|█████     | 10244/20000 [03:38<04:07, 39.37it/s, acc=0.306, device=mps, eta=3m29s, loss=1.9818, sps=47.0]
BC[stage1_datasets_L40_stepsweep/bc_baseline_none_steps20000_tr1]:  51%|█████▏    | 10250/20000 [03:38<03:46, 42.98it/s, acc=0.306, device=mps, eta=3m29s, loss=1.9818, sps=47.0]
BC[stage1_datasets_L40_stepsweep/bc_baseline_none_steps20000_tr1]:  51%|█████▏    | 10256/20000 [03:38<03:29, 46.60it/s, acc=0.306, device=mps, eta=3m29s, loss=1.9818, sps=47.0]
BC[stage1_datasets_L40_stepsweep/bc_baseline_none_steps20000_tr1]:  51%|█████▏    | 10262/20000 [03:38<04:04, 39.79it/s, acc=0.306, device=mps, eta=3m29s, loss=1.9818, sps=47.0]
BC[stage1_datasets_L40_stepsweep/bc_baseline_none_steps20000_tr1]:  51%|█████▏    | 10269/20000 [03:38<03:34, 45.32it/s, acc=0.306, device=mps, eta=3m29s, loss=1.9818, sps=47.0]
BC[stage1_datasets_L40_stepsweep/bc_baseline_none_steps20000_tr1]:  51%|█████▏    | 10276/20000 [03:38<03:14, 49.88it/s, acc=0.306, device=mps, eta=3m29s, loss=1.9818, sps=47.0]
BC[stage1_datasets_L40_stepsweep/bc_baseline_none_steps20000_tr1]:  51%|█████▏    | 10282/20000 [03:39<03:56, 41.14it/s, acc=0.306, device=mps, eta=3m29s, loss=1.9818, sps=47.0]
BC[stage1_datasets_L40_stepsweep/bc_baseline_none_steps20000_tr1]:  51%|█████▏    | 10287/20000 [03:39<03:47, 42.76it/s, acc=0.306, device=mps, eta=3m29s, loss=1.9818, sps=47.0]
BC[stage1_datasets_L40_stepsweep/bc_baseline_none_steps20000_tr1]:  51%|█████▏    | 10294/20000 [03:39<03:24, 47.53it/s, acc=0.306, device=mps, eta=3m29s, loss=1.9818, sps=47.0]
BC[stage1_datasets_L40_stepsweep/bc_baseline_none_steps20000_tr1]:  52%|█████▏    | 10301/20000 [03:39<03:55, 41.13it/s, acc=0.306, device=mps, eta=3m29s, loss=1.9818, sps=47.0]
BC[stage1_datasets_L40_stepsweep/bc_baseline_none_steps20000_tr1]:  52%|█████▏    | 10309/20000 [03:39<03:19, 48.62it/s, acc=0.306, device=mps, eta=3m29s, loss=1.9818, sps=47.0]
BC[stage1_datasets_L40_stepsweep/bc_baseline_none_steps20000_tr1]:  52%|█████▏    | 10317/20000 [03:39<02:57, 54.62it/s, acc=0.306, device=mps, eta=3m29s, loss=1.9818, sps=47.0]
BC[stage1_datasets_L40_stepsweep/bc_baseline_none_steps20000_tr1]:  52%|█████▏    | 10323/20000 [03:39<03:32, 45.49it/s, acc=0.306, device=mps, eta=3m29s, loss=1.9818, sps=47.0]
BC[stage1_datasets_L40_stepsweep/bc_baseline_none_steps20000_tr1]:  52%|█████▏    | 10331/20000 [03:40<03:05, 52.14it/s, acc=0.306, device=mps, eta=3m29s, loss=1.9818, sps=47.0]
BC[stage1_datasets_L40_stepsweep/bc_baseline_none_steps20000_tr1]:  52%|█████▏    | 10339/20000 [03:40<02:48, 57.31it/s, acc=0.306, device=mps, eta=3m29s, loss=1.9818, sps=47.0]
BC[stage1_datasets_L40_stepsweep/bc_baseline_none_steps20000_tr1]:  52%|█████▏    | 10346/20000 [03:40<03:25, 46.98it/s, acc=0.306, device=mps, eta=3m29s, loss=1.9818, sps=47.0]
BC[stage1_datasets_L40_stepsweep/bc_baseline_none_steps20000_tr1]:  52%|█████▏    | 10352/20000 [03:40<03:14, 49.63it/s, acc=0.306, device=mps, eta=3m29s, loss=1.9818, sps=47.0]
BC[stage1_datasets_L40_stepsweep/bc_baseline_none_steps20000_tr1]:  52%|█████▏    | 10358/20000 [03:40<03:08, 51.21it/s, acc=0.306, device=mps, eta=3m29s, loss=1.9818, sps=47.0]
BC[stage1_datasets_L40_stepsweep/bc_baseline_none_steps20000_tr1]:  52%|█████▏    | 10364/20000 [03:40<03:49, 41.98it/s, acc=0.306, device=mps, eta=3m29s, loss=1.9818, sps=47.0]
BC[stage1_datasets_L40_stepsweep/bc_baseline_none_steps20000_tr1]:  52%|█████▏    | 10370/20000 [03:40<03:32, 45.22it/s, acc=0.306, device=mps, eta=3m29s, loss=1.9818, sps=47.0]
BC[stage1_datasets_L40_stepsweep/bc_baseline_none_steps20000_tr1]:  52%|█████▏    | 10376/20000 [03:40<03:20, 48.04it/s, acc=0.306, device=mps, eta=3m29s, loss=1.9818, sps=47.0]
BC[stage1_datasets_L40_stepsweep/bc_baseline_none_steps20000_tr1]:  52%|█████▏    | 10382/20000 [03:41<04:03, 39.45it/s, acc=0.306, device=mps, eta=3m29s, loss=1.9818, sps=47.0]
BC[stage1_datasets_L40_stepsweep/bc_baseline_none_steps20000_tr1]:  52%|█████▏    | 10387/20000 [03:41<03:50, 41.70it/s, acc=0.306, device=mps, eta=3m29s, loss=1.9818, sps=47.0]
BC[stage1_datasets_L40_stepsweep/bc_baseline_none_steps20000_tr1]:  52%|█████▏    | 10394/20000 [03:41<03:25, 46.81it/s, acc=0.306, device=mps, eta=3m29s, loss=1.9818, sps=47.0]
BC[stage1_datasets_L40_stepsweep/bc_baseline_none_steps20000_tr1]:  52%|█████▏    | 10394/20000 [03:41<03:25, 46.81it/s, acc=0.311, device=mps, eta=3m24s, loss=1.9785, sps=46.9]
BC[stage1_datasets_L40_stepsweep/bc_baseline_none_steps20000_tr1]:  52%|█████▏    | 10401/20000 [03:41<03:48, 41.96it/s, acc=0.311, device=mps, eta=3m24s, loss=1.9785, sps=46.9]
BC[stage1_datasets_L40_stepsweep/bc_baseline_none_steps20000_tr1]:  52%|█████▏    | 10409/20000 [03:41<03:12, 49.82it/s, acc=0.311, device=mps, eta=3m24s, loss=1.9785, sps=46.9]
BC[stage1_datasets_L40_stepsweep/bc_baseline_none_steps20000_tr1]:  52%|█████▏    | 10418/20000 [03:41<02:44, 58.30it/s, acc=0.311, device=mps, eta=3m24s, loss=1.9785, sps=46.9]
BC[stage1_datasets_L40_stepsweep/bc_baseline_none_steps20000_tr1]:  52%|█████▏    | 10425/20000 [03:42<03:10, 50.23it/s, acc=0.311, device=mps, eta=3m24s, loss=1.9785, sps=46.9]
BC[stage1_datasets_L40_stepsweep/bc_baseline_none_steps20000_tr1]:  52%|█████▏    | 10434/20000 [03:42<02:45, 57.93it/s, acc=0.311, device=mps, eta=3m24s, loss=1.9785, sps=46.9]
BC[stage1_datasets_L40_stepsweep/bc_baseline_none_steps20000_tr1]:  52%|█████▏    | 10441/20000 [03:42<03:16, 48.55it/s, acc=0.311, device=mps, eta=3m24s, loss=1.9785, sps=46.9]
BC[stage1_datasets_L40_stepsweep/bc_baseline_none_steps20000_tr1]:  52%|█████▏    | 10447/20000 [03:42<03:15, 48.94it/s, acc=0.311, device=mps, eta=3m24s, loss=1.9785, sps=46.9]
BC[stage1_datasets_L40_stepsweep/bc_baseline_none_steps20000_tr1]:  52%|█████▏    | 10453/20000 [03:42<03:08, 50.58it/s, acc=0.311, device=mps, eta=3m24s, loss=1.9785, sps=46.9]
BC[stage1_datasets_L40_stepsweep/bc_baseline_none_steps20000_tr1]:  52%|█████▏    | 10460/20000 [03:42<02:54, 54.69it/s, acc=0.311, device=mps, eta=3m24s, loss=1.9785, sps=46.9]
BC[stage1_datasets_L40_stepsweep/bc_baseline_none_steps20000_tr1]:  52%|█████▏    | 10466/20000 [03:42<03:34, 44.45it/s, acc=0.311, device=mps, eta=3m24s, loss=1.9785, sps=46.9]
BC[stage1_datasets_L40_stepsweep/bc_baseline_none_steps20000_tr1]:  52%|█████▏    | 10473/20000 [03:42<03:12, 49.56it/s, acc=0.311, device=mps, eta=3m24s, loss=1.9785, sps=46.9]
BC[stage1_datasets_L40_stepsweep/bc_baseline_none_steps20000_tr1]:  52%|█████▏    | 10481/20000 [03:43<03:41, 43.07it/s, acc=0.311, device=mps, eta=3m24s, loss=1.9785, sps=46.9]
BC[stage1_datasets_L40_stepsweep/bc_baseline_none_steps20000_tr1]:  52%|█████▏    | 10489/20000 [03:43<03:10, 49.94it/s, acc=0.311, device=mps, eta=3m24s, loss=1.9785, sps=46.9]
BC[stage1_datasets_L40_stepsweep/bc_baseline_none_steps20000_tr1]:  52%|█████▏    | 10497/20000 [03:43<02:51, 55.49it/s, acc=0.311, device=mps, eta=3m24s, loss=1.9785, sps=46.9]
BC[stage1_datasets_L40_stepsweep/bc_baseline_none_steps20000_tr1]:  53%|█████▎    | 10504/20000 [03:43<03:22, 46.83it/s, acc=0.311, device=mps, eta=3m24s, loss=1.9785, sps=46.9]
BC[stage1_datasets_L40_stepsweep/bc_baseline_none_steps20000_tr1]:  53%|█████▎    | 10512/20000 [03:43<02:59, 52.92it/s, acc=0.311, device=mps, eta=3m24s, loss=1.9785, sps=46.9]
BC[stage1_datasets_L40_stepsweep/bc_baseline_none_steps20000_tr1]:  53%|█████▎    | 10520/20000 [03:43<02:42, 58.34it/s, acc=0.311, device=mps, eta=3m24s, loss=1.9785, sps=46.9]
BC[stage1_datasets_L40_stepsweep/bc_baseline_none_steps20000_tr1]:  53%|█████▎    | 10527/20000 [03:44<03:19, 47.39it/s, acc=0.311, device=mps, eta=3m24s, loss=1.9785, sps=46.9]
BC[stage1_datasets_L40_stepsweep/bc_baseline_none_steps20000_tr1]:  53%|█████▎    | 10533/20000 [03:44<03:11, 49.39it/s, acc=0.311, device=mps, eta=3m24s, loss=1.9785, sps=46.9]
BC[stage1_datasets_L40_stepsweep/bc_baseline_none_steps20000_tr1]:  53%|█████▎    | 10539/20000 [03:44<03:05, 51.12it/s, acc=0.311, device=mps, eta=3m24s, loss=1.9785, sps=46.9]
BC[stage1_datasets_L40_stepsweep/bc_baseline_none_steps20000_tr1]:  53%|█████▎    | 10545/20000 [03:44<03:43, 42.37it/s, acc=0.311, device=mps, eta=3m24s, loss=1.9785, sps=46.9]
BC[stage1_datasets_L40_stepsweep/bc_baseline_none_steps20000_tr1]:  53%|█████▎    | 10551/20000 [03:44<03:25, 45.87it/s, acc=0.311, device=mps, eta=3m24s, loss=1.9785, sps=46.9]
BC[stage1_datasets_L40_stepsweep/bc_baseline_none_steps20000_tr1]:  53%|█████▎    | 10558/20000 [03:44<03:08, 50.14it/s, acc=0.311, device=mps, eta=3m24s, loss=1.9785, sps=46.9]
BC[stage1_datasets_L40_stepsweep/bc_baseline_none_steps20000_tr1]:  53%|█████▎    | 10564/20000 [03:44<03:43, 42.18it/s, acc=0.311, device=mps, eta=3m24s, loss=1.9785, sps=46.9]
BC[stage1_datasets_L40_stepsweep/bc_baseline_none_steps20000_tr1]:  53%|█████▎    | 10570/20000 [03:45<03:25, 45.90it/s, acc=0.311, device=mps, eta=3m24s, loss=1.9785, sps=46.9]
BC[stage1_datasets_L40_stepsweep/bc_baseline_none_steps20000_tr1]:  53%|█████▎    | 10577/20000 [03:45<03:08, 49.95it/s, acc=0.311, device=mps, eta=3m24s, loss=1.9785, sps=46.9]
BC[stage1_datasets_L40_stepsweep/bc_baseline_none_steps20000_tr1]:  53%|█████▎    | 10583/20000 [03:45<03:45, 41.76it/s, acc=0.311, device=mps, eta=3m24s, loss=1.9785, sps=46.9]
BC[stage1_datasets_L40_stepsweep/bc_baseline_none_steps20000_tr1]:  53%|█████▎    | 10591/20000 [03:45<03:11, 49.17it/s, acc=0.311, device=mps, eta=3m24s, loss=1.9785, sps=46.9]
BC[stage1_datasets_L40_stepsweep/bc_baseline_none_steps20000_tr1]:  53%|█████▎    | 10599/20000 [03:45<02:50, 55.09it/s, acc=0.311, device=mps, eta=3m24s, loss=1.9785, sps=46.9]
BC[stage1_datasets_L40_stepsweep/bc_baseline_none_steps20000_tr1]:  53%|█████▎    | 10599/20000 [03:45<02:50, 55.09it/s, acc=0.308, device=mps, eta=3m20s, loss=1.9797, sps=47.0]
BC[stage1_datasets_L40_stepsweep/bc_baseline_none_steps20000_tr1]:  53%|█████▎    | 10605/20000 [03:45<03:28, 45.11it/s, acc=0.308, device=mps, eta=3m20s, loss=1.9797, sps=47.0]
BC[stage1_datasets_L40_stepsweep/bc_baseline_none_steps20000_tr1]:  53%|█████▎    | 10611/20000 [03:45<03:20, 46.76it/s, acc=0.308, device=mps, eta=3m20s, loss=1.9797, sps=47.0]
BC[stage1_datasets_L40_stepsweep/bc_baseline_none_steps20000_tr1]:  53%|█████▎    | 10617/20000 [03:45<03:14, 48.22it/s, acc=0.308, device=mps, eta=3m20s, loss=1.9797, sps=47.0]
BC[stage1_datasets_L40_stepsweep/bc_baseline_none_steps20000_tr1]:  53%|█████▎    | 10623/20000 [03:46<03:54, 39.97it/s, acc=0.308, device=mps, eta=3m20s, loss=1.9797, sps=47.0]
BC[stage1_datasets_L40_stepsweep/bc_baseline_none_steps20000_tr1]:  53%|█████▎    | 10629/20000 [03:46<03:33, 43.92it/s, acc=0.308, device=mps, eta=3m20s, loss=1.9797, sps=47.0]
BC[stage1_datasets_L40_stepsweep/bc_baseline_none_steps20000_tr1]:  53%|█████▎    | 10635/20000 [03:46<03:19, 46.90it/s, acc=0.308, device=mps, eta=3m20s, loss=1.9797, sps=47.0]
BC[stage1_datasets_L40_stepsweep/bc_baseline_none_steps20000_tr1]:  53%|█████▎    | 10641/20000 [03:46<03:58, 39.25it/s, acc=0.308, device=mps, eta=3m20s, loss=1.9797, sps=47.0]
BC[stage1_datasets_L40_stepsweep/bc_baseline_none_steps20000_tr1]:  53%|█████▎    | 10647/20000 [03:46<03:34, 43.66it/s, acc=0.308, device=mps, eta=3m20s, loss=1.9797, sps=47.0]
BC[stage1_datasets_L40_stepsweep/bc_baseline_none_steps20000_tr1]:  53%|█████▎    | 10653/20000 [03:46<03:17, 47.40it/s, acc=0.308, device=mps, eta=3m20s, loss=1.9797, sps=47.0]
BC[stage1_datasets_L40_stepsweep/bc_baseline_none_steps20000_tr1]:  53%|█████▎    | 10661/20000 [03:47<03:44, 41.68it/s, acc=0.308, device=mps, eta=3m20s, loss=1.9797, sps=47.0]
BC[stage1_datasets_L40_stepsweep/bc_baseline_none_steps20000_tr1]:  53%|█████▎    | 10669/20000 [03:47<03:10, 49.01it/s, acc=0.308, device=mps, eta=3m20s, loss=1.9797, sps=47.0]
BC[stage1_datasets_L40_stepsweep/bc_baseline_none_steps20000_tr1]:  53%|█████▎    | 10677/20000 [03:47<02:49, 54.98it/s, acc=0.308, device=mps, eta=3m20s, loss=1.9797, sps=47.0]
BC[stage1_datasets_L40_stepsweep/bc_baseline_none_steps20000_tr1]:  53%|█████▎    | 10684/20000 [03:47<03:20, 46.40it/s, acc=0.308, device=mps, eta=3m20s, loss=1.9797, sps=47.0]
BC[stage1_datasets_L40_stepsweep/bc_baseline_none_steps20000_tr1]:  53%|█████▎    | 10692/20000 [03:47<02:57, 52.59it/s, acc=0.308, device=mps, eta=3m20s, loss=1.9797, sps=47.0]
BC[stage1_datasets_L40_stepsweep/bc_baseline_none_steps20000_tr1]:  54%|█████▎    | 10700/20000 [03:47<02:39, 58.20it/s, acc=0.308, device=mps, eta=3m20s, loss=1.9797, sps=47.0]
BC[stage1_datasets_L40_stepsweep/bc_baseline_none_steps20000_tr1]:  54%|█████▎    | 10707/20000 [03:47<03:19, 46.55it/s, acc=0.308, device=mps, eta=3m20s, loss=1.9797, sps=47.0]
BC[stage1_datasets_L40_stepsweep/bc_baseline_none_steps20000_tr1]:  54%|█████▎    | 10713/20000 [03:48<03:14, 47.83it/s, acc=0.308, device=mps, eta=3m20s, loss=1.9797, sps=47.0]
BC[stage1_datasets_L40_stepsweep/bc_baseline_none_steps20000_tr1]:  54%|█████▎    | 10719/20000 [03:48<03:05, 49.97it/s, acc=0.308, device=mps, eta=3m20s, loss=1.9797, sps=47.0]
BC[stage1_datasets_L40_stepsweep/bc_baseline_none_steps20000_tr1]:  54%|█████▎    | 10725/20000 [03:48<03:45, 41.10it/s, acc=0.308, device=mps, eta=3m20s, loss=1.9797, sps=47.0]
BC[stage1_datasets_L40_stepsweep/bc_baseline_none_steps20000_tr1]:  54%|█████▎    | 10731/20000 [03:48<03:28, 44.44it/s, acc=0.308, device=mps, eta=3m20s, loss=1.9797, sps=47.0]
BC[stage1_datasets_L40_stepsweep/bc_baseline_none_steps20000_tr1]:  54%|█████▎    | 10738/20000 [03:48<03:10, 48.58it/s, acc=0.308, device=mps, eta=3m20s, loss=1.9797, sps=47.0]
BC[stage1_datasets_L40_stepsweep/bc_baseline_none_steps20000_tr1]:  54%|█████▎    | 10744/20000 [03:48<03:44, 41.28it/s, acc=0.308, device=mps, eta=3m20s, loss=1.9797, sps=47.0]
BC[stage1_datasets_L40_stepsweep/bc_baseline_none_steps20000_tr1]:  54%|█████▍    | 10750/20000 [03:48<03:25, 44.93it/s, acc=0.308, device=mps, eta=3m20s, loss=1.9797, sps=47.0]
BC[stage1_datasets_L40_stepsweep/bc_baseline_none_steps20000_tr1]:  54%|█████▍    | 10757/20000 [03:48<03:07, 49.30it/s, acc=0.308, device=mps, eta=3m20s, loss=1.9797, sps=47.0]
BC[stage1_datasets_L40_stepsweep/bc_baseline_none_steps20000_tr1]:  54%|█████▍    | 10763/20000 [03:49<03:42, 41.50it/s, acc=0.308, device=mps, eta=3m20s, loss=1.9797, sps=47.0]
BC[stage1_datasets_L40_stepsweep/bc_baseline_none_steps20000_tr1]:  54%|█████▍    | 10771/20000 [03:49<03:08, 48.90it/s, acc=0.308, device=mps, eta=3m20s, loss=1.9797, sps=47.0]
BC[stage1_datasets_L40_stepsweep/bc_baseline_none_steps20000_tr1]:  54%|█████▍    | 10779/20000 [03:49<02:48, 54.75it/s, acc=0.308, device=mps, eta=3m20s, loss=1.9797, sps=47.0]
BC[stage1_datasets_L40_stepsweep/bc_baseline_none_steps20000_tr1]:  54%|█████▍    | 10785/20000 [03:49<03:22, 45.47it/s, acc=0.308, device=mps, eta=3m20s, loss=1.9797, sps=47.0]
BC[stage1_datasets_L40_stepsweep/bc_baseline_none_steps20000_tr1]:  54%|█████▍    | 10791/20000 [03:49<03:10, 48.34it/s, acc=0.308, device=mps, eta=3m20s, loss=1.9797, sps=47.0]
BC[stage1_datasets_L40_stepsweep/bc_baseline_none_steps20000_tr1]:  54%|█████▍    | 10797/20000 [03:49<03:03, 50.29it/s, acc=0.308, device=mps, eta=3m20s, loss=1.9797, sps=47.0]
BC[stage1_datasets_L40_stepsweep/bc_baseline_none_steps20000_tr1]:  54%|█████▍    | 10797/20000 [03:49<03:03, 50.29it/s, acc=0.310, device=mps, eta=3m16s, loss=1.9758, sps=47.0]
BC[stage1_datasets_L40_stepsweep/bc_baseline_none_steps20000_tr1]:  54%|█████▍    | 10803/20000 [03:50<03:45, 40.86it/s, acc=0.310, device=mps, eta=3m16s, loss=1.9758, sps=47.0]
BC[stage1_datasets_L40_stepsweep/bc_baseline_none_steps20000_tr1]:  54%|█████▍    | 10809/20000 [03:50<03:30, 43.73it/s, acc=0.310, device=mps, eta=3m16s, loss=1.9758, sps=47.0]
BC[stage1_datasets_L40_stepsweep/bc_baseline_none_steps20000_tr1]:  54%|█████▍    | 10815/20000 [03:50<03:14, 47.23it/s, acc=0.310, device=mps, eta=3m16s, loss=1.9758, sps=47.0]
BC[stage1_datasets_L40_stepsweep/bc_baseline_none_steps20000_tr1]:  54%|█████▍    | 10821/20000 [03:50<03:53, 39.28it/s, acc=0.310, device=mps, eta=3m16s, loss=1.9758, sps=47.0]
BC[stage1_datasets_L40_stepsweep/bc_baseline_none_steps20000_tr1]:  54%|█████▍    | 10829/20000 [03:50<03:13, 47.36it/s, acc=0.310, device=mps, eta=3m16s, loss=1.9758, sps=47.0]
BC[stage1_datasets_L40_stepsweep/bc_baseline_none_steps20000_tr1]:  54%|█████▍    | 10837/20000 [03:50<02:50, 53.60it/s, acc=0.310, device=mps, eta=3m16s, loss=1.9758, sps=47.0]
BC[stage1_datasets_L40_stepsweep/bc_baseline_none_steps20000_tr1]:  54%|█████▍    | 10843/20000 [03:50<03:23, 44.96it/s, acc=0.310, device=mps, eta=3m16s, loss=1.9758, sps=47.0]
BC[stage1_datasets_L40_stepsweep/bc_baseline_none_steps20000_tr1]:  54%|█████▍    | 10849/20000 [03:50<03:10, 48.02it/s, acc=0.310, device=mps, eta=3m16s, loss=1.9758, sps=47.0]
BC[stage1_datasets_L40_stepsweep/bc_baseline_none_steps20000_tr1]:  54%|█████▍    | 10855/20000 [03:51<03:02, 50.14it/s, acc=0.310, device=mps, eta=3m16s, loss=1.9758, sps=47.0]
BC[stage1_datasets_L40_stepsweep/bc_baseline_none_steps20000_tr1]:  54%|█████▍    | 10861/20000 [03:51<03:50, 39.73it/s, acc=0.310, device=mps, eta=3m16s, loss=1.9758, sps=47.0]
BC[stage1_datasets_L40_stepsweep/bc_baseline_none_steps20000_tr1]:  54%|█████▍    | 10868/20000 [03:51<03:18, 46.07it/s, acc=0.310, device=mps, eta=3m16s, loss=1.9758, sps=47.0]
BC[stage1_datasets_L40_stepsweep/bc_baseline_none_steps20000_tr1]:  54%|█████▍    | 10874/20000 [03:51<03:06, 49.06it/s, acc=0.310, device=mps, eta=3m16s, loss=1.9758, sps=47.0]
BC[stage1_datasets_L40_stepsweep/bc_baseline_none_steps20000_tr1]:  54%|█████▍    | 10881/20000 [03:51<03:37, 42.01it/s, acc=0.310, device=mps, eta=3m16s, loss=1.9758, sps=47.0]
BC[stage1_datasets_L40_stepsweep/bc_baseline_none_steps20000_tr1]:  54%|█████▍    | 10889/20000 [03:51<03:04, 49.28it/s, acc=0.310, device=mps, eta=3m16s, loss=1.9758, sps=47.0]
BC[stage1_datasets_L40_stepsweep/bc_baseline_none_steps20000_tr1]:  54%|█████▍    | 10897/20000 [03:51<02:45, 54.95it/s, acc=0.310, device=mps, eta=3m16s, loss=1.9758, sps=47.0]
BC[stage1_datasets_L40_stepsweep/bc_baseline_none_steps20000_tr1]:  55%|█████▍    | 10904/20000 [03:52<03:19, 45.69it/s, acc=0.310, device=mps, eta=3m16s, loss=1.9758, sps=47.0]
BC[stage1_datasets_L40_stepsweep/bc_baseline_none_steps20000_tr1]:  55%|█████▍    | 10910/20000 [03:52<03:12, 47.17it/s, acc=0.310, device=mps, eta=3m16s, loss=1.9758, sps=47.0]
BC[stage1_datasets_L40_stepsweep/bc_baseline_none_steps20000_tr1]:  55%|█████▍    | 10916/20000 [03:52<03:05, 48.93it/s, acc=0.310, device=mps, eta=3m16s, loss=1.9758, sps=47.0]
BC[stage1_datasets_L40_stepsweep/bc_baseline_none_steps20000_tr1]:  55%|█████▍    | 10922/20000 [03:52<03:45, 40.30it/s, acc=0.310, device=mps, eta=3m16s, loss=1.9758, sps=47.0]
BC[stage1_datasets_L40_stepsweep/bc_baseline_none_steps20000_tr1]:  55%|█████▍    | 10928/20000 [03:52<03:25, 44.16it/s, acc=0.310, device=mps, eta=3m16s, loss=1.9758, sps=47.0]
BC[stage1_datasets_L40_stepsweep/bc_baseline_none_steps20000_tr1]:  55%|█████▍    | 10935/20000 [03:52<03:06, 48.53it/s, acc=0.310, device=mps, eta=3m16s, loss=1.9758, sps=47.0]
BC[stage1_datasets_L40_stepsweep/bc_baseline_none_steps20000_tr1]:  55%|█████▍    | 10941/20000 [03:53<03:40, 41.04it/s, acc=0.310, device=mps, eta=3m16s, loss=1.9758, sps=47.0]
BC[stage1_datasets_L40_stepsweep/bc_baseline_none_steps20000_tr1]:  55%|█████▍    | 10949/20000 [03:53<03:06, 48.65it/s, acc=0.310, device=mps, eta=3m16s, loss=1.9758, sps=47.0]
BC[stage1_datasets_L40_stepsweep/bc_baseline_none_steps20000_tr1]:  55%|█████▍    | 10957/20000 [03:53<02:44, 54.99it/s, acc=0.310, device=mps, eta=3m16s, loss=1.9758, sps=47.0]
BC[stage1_datasets_L40_stepsweep/bc_baseline_none_steps20000_tr1]:  55%|█████▍    | 10964/20000 [03:53<03:13, 46.82it/s, acc=0.310, device=mps, eta=3m16s, loss=1.9758, sps=47.0]
BC[stage1_datasets_L40_stepsweep/bc_baseline_none_steps20000_tr1]:  55%|█████▍    | 10971/20000 [03:53<02:58, 50.53it/s, acc=0.310, device=mps, eta=3m16s, loss=1.9758, sps=47.0]
BC[stage1_datasets_L40_stepsweep/bc_baseline_none_steps20000_tr1]:  55%|█████▍    | 10978/20000 [03:53<02:48, 53.39it/s, acc=0.310, device=mps, eta=3m16s, loss=1.9758, sps=47.0]
BC[stage1_datasets_L40_stepsweep/bc_baseline_none_steps20000_tr1]:  55%|█████▍    | 10984/20000 [03:53<03:27, 43.47it/s, acc=0.310, device=mps, eta=3m16s, loss=1.9758, sps=47.0]
BC[stage1_datasets_L40_stepsweep/bc_baseline_none_steps20000_tr1]:  55%|█████▍    | 10990/20000 [03:54<03:14, 46.26it/s, acc=0.310, device=mps, eta=3m16s, loss=1.9758, sps=47.0]
BC[stage1_datasets_L40_stepsweep/bc_baseline_none_steps20000_tr1]:  55%|█████▍    | 10997/20000 [03:54<02:59, 50.24it/s, acc=0.310, device=mps, eta=3m16s, loss=1.9758, sps=47.0]
BC[stage1_datasets_L40_stepsweep/bc_baseline_none_steps20000_tr1]:  55%|█████▍    | 10997/20000 [03:54<02:59, 50.24it/s, acc=0.309, device=mps, eta=3m12s, loss=1.9822, sps=47.0]
BC[stage1_datasets_L40_stepsweep/bc_baseline_none_steps20000_tr1]:  55%|█████▌    | 11003/20000 [03:54<03:32, 42.38it/s, acc=0.309, device=mps, eta=3m12s, loss=1.9822, sps=47.0]
BC[stage1_datasets_L40_stepsweep/bc_baseline_none_steps20000_tr1]:  55%|█████▌    | 11009/20000 [03:54<03:16, 45.70it/s, acc=0.309, device=mps, eta=3m12s, loss=1.9822, sps=47.0]
BC[stage1_datasets_L40_stepsweep/bc_baseline_none_steps20000_tr1]:  55%|█████▌    | 11015/20000 [03:54<03:03, 48.95it/s, acc=0.309, device=mps, eta=3m12s, loss=1.9822, sps=47.0]
BC[stage1_datasets_L40_stepsweep/bc_baseline_none_steps20000_tr1]:  55%|█████▌    | 11021/20000 [03:54<03:45, 39.89it/s, acc=0.309, device=mps, eta=3m12s, loss=1.9822, sps=47.0]
BC[stage1_datasets_L40_stepsweep/bc_baseline_none_steps20000_tr1]:  55%|█████▌    | 11026/20000 [03:54<03:33, 42.08it/s, acc=0.309, device=mps, eta=3m12s, loss=1.9822, sps=47.0]
BC[stage1_datasets_L40_stepsweep/bc_baseline_none_steps20000_tr1]:  55%|█████▌    | 11032/20000 [03:54<03:17, 45.33it/s, acc=0.309, device=mps, eta=3m12s, loss=1.9822, sps=47.0]
BC[stage1_datasets_L40_stepsweep/bc_baseline_none_steps20000_tr1]:  55%|█████▌    | 11039/20000 [03:55<03:00, 49.75it/s, acc=0.309, device=mps, eta=3m12s, loss=1.9822, sps=47.0]
BC[stage1_datasets_L40_stepsweep/bc_baseline_none_steps20000_tr1]:  55%|█████▌    | 11045/20000 [03:55<03:33, 41.99it/s, acc=0.309, device=mps, eta=3m12s, loss=1.9822, sps=47.0]
BC[stage1_datasets_L40_stepsweep/bc_baseline_none_steps20000_tr1]:  55%|█████▌    | 11052/20000 [03:55<03:09, 47.12it/s, acc=0.309, device=mps, eta=3m12s, loss=1.9822, sps=47.0]
BC[stage1_datasets_L40_stepsweep/bc_baseline_none_steps20000_tr1]:  55%|█████▌    | 11059/20000 [03:55<02:54, 51.14it/s, acc=0.309, device=mps, eta=3m12s, loss=1.9822, sps=47.0]
BC[stage1_datasets_L40_stepsweep/bc_baseline_none_steps20000_tr1]:  55%|█████▌    | 11065/20000 [03:55<03:30, 42.35it/s, acc=0.309, device=mps, eta=3m12s, loss=1.9822, sps=47.0]
BC[stage1_datasets_L40_stepsweep/bc_baseline_none_steps20000_tr1]:  55%|█████▌    | 11071/20000 [03:55<03:14, 45.98it/s, acc=0.309, device=mps, eta=3m12s, loss=1.9822, sps=47.0]
BC[stage1_datasets_L40_stepsweep/bc_baseline_none_steps20000_tr1]:  55%|█████▌    | 11077/20000 [03:55<03:03, 48.61it/s, acc=0.309, device=mps, eta=3m12s, loss=1.9822, sps=47.0]
BC[stage1_datasets_L40_stepsweep/bc_baseline_none_steps20000_tr1]:  55%|█████▌    | 11083/20000 [03:56<03:39, 40.66it/s, acc=0.309, device=mps, eta=3m12s, loss=1.9822, sps=47.0]
BC[stage1_datasets_L40_stepsweep/bc_baseline_none_steps20000_tr1]:  55%|█████▌    | 11091/20000 [03:56<03:03, 48.64it/s, acc=0.309, device=mps, eta=3m12s, loss=1.9822, sps=47.0]
BC[stage1_datasets_L40_stepsweep/bc_baseline_none_steps20000_tr1]:  55%|█████▌    | 11099/20000 [03:56<02:41, 55.08it/s, acc=0.309, device=mps, eta=3m12s, loss=1.9822, sps=47.0]
BC[stage1_datasets_L40_stepsweep/bc_baseline_none_steps20000_tr1]:  56%|█████▌    | 11106/20000 [03:56<03:12, 46.29it/s, acc=0.309, device=mps, eta=3m12s, loss=1.9822, sps=47.0]
BC[stage1_datasets_L40_stepsweep/bc_baseline_none_steps20000_tr1]:  56%|█████▌    | 11113/20000 [03:56<02:58, 49.92it/s, acc=0.309, device=mps, eta=3m12s, loss=1.9822, sps=47.0]
BC[stage1_datasets_L40_stepsweep/bc_baseline_none_steps20000_tr1]:  56%|█████▌    | 11119/20000 [03:56<02:52, 51.40it/s, acc=0.309, device=mps, eta=3m12s, loss=1.9822, sps=47.0]
BC[stage1_datasets_L40_stepsweep/bc_baseline_none_steps20000_tr1]:  56%|█████▌    | 11125/20000 [03:56<03:28, 42.52it/s, acc=0.309, device=mps, eta=3m12s, loss=1.9822, sps=47.0]
BC[stage1_datasets_L40_stepsweep/bc_baseline_none_steps20000_tr1]:  56%|█████▌    | 11131/20000 [03:57<03:13, 45.89it/s, acc=0.309, device=mps, eta=3m12s, loss=1.9822, sps=47.0]
BC[stage1_datasets_L40_stepsweep/bc_baseline_none_steps20000_tr1]:  56%|█████▌    | 11138/20000 [03:57<02:56, 50.13it/s, acc=0.309, device=mps, eta=3m12s, loss=1.9822, sps=47.0]
BC[stage1_datasets_L40_stepsweep/bc_baseline_none_steps20000_tr1]:  56%|█████▌    | 11144/20000 [03:57<03:28, 42.46it/s, acc=0.309, device=mps, eta=3m12s, loss=1.9822, sps=47.0]
BC[stage1_datasets_L40_stepsweep/bc_baseline_none_steps20000_tr1]:  56%|█████▌    | 11150/20000 [03:57<03:11, 46.23it/s, acc=0.309, device=mps, eta=3m12s, loss=1.9822, sps=47.0]
BC[stage1_datasets_L40_stepsweep/bc_baseline_none_steps20000_tr1]:  56%|█████▌    | 11156/20000 [03:57<03:00, 48.86it/s, acc=0.309, device=mps, eta=3m12s, loss=1.9822, sps=47.0]
BC[stage1_datasets_L40_stepsweep/bc_baseline_none_steps20000_tr1]:  56%|█████▌    | 11162/20000 [03:57<03:41, 39.84it/s, acc=0.309, device=mps, eta=3m12s, loss=1.9822, sps=47.0]
BC[stage1_datasets_L40_stepsweep/bc_baseline_none_steps20000_tr1]:  56%|█████▌    | 11169/20000 [03:57<03:17, 44.82it/s, acc=0.309, device=mps, eta=3m12s, loss=1.9822, sps=47.0]
BC[stage1_datasets_L40_stepsweep/bc_baseline_none_steps20000_tr1]:  56%|█████▌    | 11175/20000 [03:58<03:03, 48.09it/s, acc=0.309, device=mps, eta=3m12s, loss=1.9822, sps=47.0]
BC[stage1_datasets_L40_stepsweep/bc_baseline_none_steps20000_tr1]:  56%|█████▌    | 11181/20000 [03:58<03:37, 40.63it/s, acc=0.309, device=mps, eta=3m12s, loss=1.9822, sps=47.0]
BC[stage1_datasets_L40_stepsweep/bc_baseline_none_steps20000_tr1]:  56%|█████▌    | 11189/20000 [03:58<03:02, 48.39it/s, acc=0.309, device=mps, eta=3m12s, loss=1.9822, sps=47.0]
BC[stage1_datasets_L40_stepsweep/bc_baseline_none_steps20000_tr1]:  56%|█████▌    | 11197/20000 [03:58<02:40, 54.92it/s, acc=0.309, device=mps, eta=3m12s, loss=1.9822, sps=47.0]
BC[stage1_datasets_L40_stepsweep/bc_baseline_none_steps20000_tr1]:  56%|█████▌    | 11197/20000 [03:58<02:40, 54.92it/s, acc=0.309, device=mps, eta=3m07s, loss=1.9711, sps=47.0]
BC[stage1_datasets_L40_stepsweep/bc_baseline_none_steps20000_tr1]:  56%|█████▌    | 11204/20000 [03:58<03:09, 46.30it/s, acc=0.309, device=mps, eta=3m07s, loss=1.9711, sps=47.0]
BC[stage1_datasets_L40_stepsweep/bc_baseline_none_steps20000_tr1]:  56%|█████▌    | 11210/20000 [03:58<03:00, 48.72it/s, acc=0.309, device=mps, eta=3m07s, loss=1.9711, sps=47.0]
BC[stage1_datasets_L40_stepsweep/bc_baseline_none_steps20000_tr1]:  56%|█████▌    | 11216/20000 [03:58<02:51, 51.36it/s, acc=0.309, device=mps, eta=3m07s, loss=1.9711, sps=47.0]
BC[stage1_datasets_L40_stepsweep/bc_baseline_none_steps20000_tr1]:  56%|█████▌    | 11222/20000 [03:59<03:26, 42.47it/s, acc=0.309, device=mps, eta=3m07s, loss=1.9711, sps=47.0]
BC[stage1_datasets_L40_stepsweep/bc_baseline_none_steps20000_tr1]:  56%|█████▌    | 11228/20000 [03:59<03:12, 45.46it/s, acc=0.309, device=mps, eta=3m07s, loss=1.9711, sps=47.0]
BC[stage1_datasets_L40_stepsweep/bc_baseline_none_steps20000_tr1]:  56%|█████▌    | 11234/20000 [03:59<03:00, 48.62it/s, acc=0.309, device=mps, eta=3m07s, loss=1.9711, sps=47.0]
BC[stage1_datasets_L40_stepsweep/bc_baseline_none_steps20000_tr1]:  56%|█████▌    | 11241/20000 [03:59<03:30, 41.60it/s, acc=0.309, device=mps, eta=3m07s, loss=1.9711, sps=47.0]
BC[stage1_datasets_L40_stepsweep/bc_baseline_none_steps20000_tr1]:  56%|█████▌    | 11247/20000 [03:59<03:16, 44.46it/s, acc=0.309, device=mps, eta=3m07s, loss=1.9711, sps=47.0]
BC[stage1_datasets_L40_stepsweep/bc_baseline_none_steps20000_tr1]:  56%|█████▋    | 11253/20000 [03:59<03:07, 46.76it/s, acc=0.309, device=mps, eta=3m07s, loss=1.9711, sps=47.0]
BC[stage1_datasets_L40_stepsweep/bc_baseline_none_steps20000_tr1]:  56%|█████▋    | 11259/20000 [03:59<02:59, 48.81it/s, acc=0.309, device=mps, eta=3m07s, loss=1.9711, sps=47.0]
BC[stage1_datasets_L40_stepsweep/bc_baseline_none_steps20000_tr1]:  56%|█████▋    | 11265/20000 [04:00<03:40, 39.65it/s, acc=0.309, device=mps, eta=3m07s, loss=1.9711, sps=47.0]
BC[stage1_datasets_L40_stepsweep/bc_baseline_none_steps20000_tr1]:  56%|█████▋    | 11271/20000 [04:00<03:24, 42.72it/s, acc=0.309, device=mps, eta=3m07s, loss=1.9711, sps=47.0]
BC[stage1_datasets_L40_stepsweep/bc_baseline_none_steps20000_tr1]:  56%|█████▋    | 11277/20000 [04:00<03:08, 46.27it/s, acc=0.309, device=mps, eta=3m07s, loss=1.9711, sps=47.0]
BC[stage1_datasets_L40_stepsweep/bc_baseline_none_steps20000_tr1]:  56%|█████▋    | 11282/20000 [04:00<03:46, 38.56it/s, acc=0.309, device=mps, eta=3m07s, loss=1.9711, sps=47.0]
BC[stage1_datasets_L40_stepsweep/bc_baseline_none_steps20000_tr1]:  56%|█████▋    | 11289/20000 [04:00<03:17, 44.09it/s, acc=0.309, device=mps, eta=3m07s, loss=1.9711, sps=47.0]
BC[stage1_datasets_L40_stepsweep/bc_baseline_none_steps20000_tr1]:  56%|█████▋    | 11296/20000 [04:00<02:56, 49.24it/s, acc=0.309, device=mps, eta=3m07s, loss=1.9711, sps=47.0]
BC[stage1_datasets_L40_stepsweep/bc_baseline_none_steps20000_tr1]:  57%|█████▋    | 11302/20000 [04:00<03:28, 41.67it/s, acc=0.309, device=mps, eta=3m07s, loss=1.9711, sps=47.0]
BC[stage1_datasets_L40_stepsweep/bc_baseline_none_steps20000_tr1]:  57%|█████▋    | 11310/20000 [04:00<02:56, 49.10it/s, acc=0.309, device=mps, eta=3m07s, loss=1.9711, sps=47.0]
BC[stage1_datasets_L40_stepsweep/bc_baseline_none_steps20000_tr1]:  57%|█████▋    | 11318/20000 [04:01<02:37, 55.27it/s, acc=0.309, device=mps, eta=3m07s, loss=1.9711, sps=47.0]
BC[stage1_datasets_L40_stepsweep/bc_baseline_none_steps20000_tr1]:  57%|█████▋    | 11325/20000 [04:01<03:05, 46.74it/s, acc=0.309, device=mps, eta=3m07s, loss=1.9711, sps=47.0]
BC[stage1_datasets_L40_stepsweep/bc_baseline_none_steps20000_tr1]:  57%|█████▋    | 11332/20000 [04:01<02:52, 50.31it/s, acc=0.309, device=mps, eta=3m07s, loss=1.9711, sps=47.0]
BC[stage1_datasets_L40_stepsweep/bc_baseline_none_steps20000_tr1]:  57%|█████▋    | 11338/20000 [04:01<02:46, 51.94it/s, acc=0.309, device=mps, eta=3m07s, loss=1.9711, sps=47.0]
BC[stage1_datasets_L40_stepsweep/bc_baseline_none_steps20000_tr1]:  57%|█████▋    | 11344/20000 [04:01<03:20, 43.25it/s, acc=0.309, device=mps, eta=3m07s, loss=1.9711, sps=47.0]
BC[stage1_datasets_L40_stepsweep/bc_baseline_none_steps20000_tr1]:  57%|█████▋    | 11352/20000 [04:01<02:51, 50.43it/s, acc=0.309, device=mps, eta=3m07s, loss=1.9711, sps=47.0]
BC[stage1_datasets_L40_stepsweep/bc_baseline_none_steps20000_tr1]:  57%|█████▋    | 11360/20000 [04:01<02:32, 56.63it/s, acc=0.309, device=mps, eta=3m07s, loss=1.9711, sps=47.0]
BC[stage1_datasets_L40_stepsweep/bc_baseline_none_steps20000_tr1]:  57%|█████▋    | 11367/20000 [04:02<03:07, 45.98it/s, acc=0.309, device=mps, eta=3m07s, loss=1.9711, sps=47.0]
BC[stage1_datasets_L40_stepsweep/bc_baseline_none_steps20000_tr1]:  57%|█████▋    | 11373/20000 [04:02<02:56, 48.87it/s, acc=0.309, device=mps, eta=3m07s, loss=1.9711, sps=47.0]
BC[stage1_datasets_L40_stepsweep/bc_baseline_none_steps20000_tr1]:  57%|█████▋    | 11380/20000 [04:02<02:43, 52.57it/s, acc=0.309, device=mps, eta=3m07s, loss=1.9711, sps=47.0]
BC[stage1_datasets_L40_stepsweep/bc_baseline_none_steps20000_tr1]:  57%|█████▋    | 11386/20000 [04:02<03:25, 41.92it/s, acc=0.309, device=mps, eta=3m07s, loss=1.9711, sps=47.0]
BC[stage1_datasets_L40_stepsweep/bc_baseline_none_steps20000_tr1]:  57%|█████▋    | 11392/20000 [04:02<03:11, 45.05it/s, acc=0.309, device=mps, eta=3m07s, loss=1.9711, sps=47.0]
BC[stage1_datasets_L40_stepsweep/bc_baseline_none_steps20000_tr1]:  57%|█████▋    | 11398/20000 [04:02<02:59, 48.01it/s, acc=0.309, device=mps, eta=3m07s, loss=1.9711, sps=47.0]
BC[stage1_datasets_L40_stepsweep/bc_baseline_none_steps20000_tr1]:  57%|█████▋    | 11398/20000 [04:02<02:59, 48.01it/s, acc=0.309, device=mps, eta=3m03s, loss=1.9746, sps=46.9]
BC[stage1_datasets_L40_stepsweep/bc_baseline_none_steps20000_tr1]:  57%|█████▋    | 11404/20000 [04:02<03:34, 40.01it/s, acc=0.309, device=mps, eta=3m03s, loss=1.9746, sps=46.9]
BC[stage1_datasets_L40_stepsweep/bc_baseline_none_steps20000_tr1]:  57%|█████▋    | 11410/20000 [04:03<03:16, 43.64it/s, acc=0.309, device=mps, eta=3m03s, loss=1.9746, sps=46.9]
BC[stage1_datasets_L40_stepsweep/bc_baseline_none_steps20000_tr1]:  57%|█████▋    | 11416/20000 [04:03<03:02, 47.06it/s, acc=0.309, device=mps, eta=3m03s, loss=1.9746, sps=46.9]
BC[stage1_datasets_L40_stepsweep/bc_baseline_none_steps20000_tr1]:  57%|█████▋    | 11422/20000 [04:03<03:35, 39.85it/s, acc=0.309, device=mps, eta=3m03s, loss=1.9746, sps=46.9]
BC[stage1_datasets_L40_stepsweep/bc_baseline_none_steps20000_tr1]:  57%|█████▋    | 11430/20000 [04:03<02:59, 47.81it/s, acc=0.309, device=mps, eta=3m03s, loss=1.9746, sps=46.9]
BC[stage1_datasets_L40_stepsweep/bc_baseline_none_steps20000_tr1]:  57%|█████▋    | 11438/20000 [04:03<02:37, 54.45it/s, acc=0.309, device=mps, eta=3m03s, loss=1.9746, sps=46.9]
BC[stage1_datasets_L40_stepsweep/bc_baseline_none_steps20000_tr1]:  57%|█████▋    | 11444/20000 [04:03<03:08, 45.37it/s, acc=0.309, device=mps, eta=3m03s, loss=1.9746, sps=46.9]
BC[stage1_datasets_L40_stepsweep/bc_baseline_none_steps20000_tr1]:  57%|█████▋    | 11451/20000 [04:03<02:52, 49.58it/s, acc=0.309, device=mps, eta=3m03s, loss=1.9746, sps=46.9]
BC[stage1_datasets_L40_stepsweep/bc_baseline_none_steps20000_tr1]:  57%|█████▋    | 11457/20000 [04:04<02:44, 51.97it/s, acc=0.309, device=mps, eta=3m03s, loss=1.9746, sps=46.9]
BC[stage1_datasets_L40_stepsweep/bc_baseline_none_steps20000_tr1]:  57%|█████▋    | 11463/20000 [04:04<03:21, 42.45it/s, acc=0.309, device=mps, eta=3m03s, loss=1.9746, sps=46.9]
BC[stage1_datasets_L40_stepsweep/bc_baseline_none_steps20000_tr1]:  57%|█████▋    | 11471/20000 [04:04<02:50, 49.94it/s, acc=0.309, device=mps, eta=3m03s, loss=1.9746, sps=46.9]
BC[stage1_datasets_L40_stepsweep/bc_baseline_none_steps20000_tr1]:  57%|█████▋    | 11479/20000 [04:04<02:32, 55.84it/s, acc=0.309, device=mps, eta=3m03s, loss=1.9746, sps=46.9]
BC[stage1_datasets_L40_stepsweep/bc_baseline_none_steps20000_tr1]:  57%|█████▋    | 11486/20000 [04:04<03:03, 46.49it/s, acc=0.309, device=mps, eta=3m03s, loss=1.9746, sps=46.9]
BC[stage1_datasets_L40_stepsweep/bc_baseline_none_steps20000_tr1]:  57%|█████▋    | 11492/20000 [04:04<02:53, 49.05it/s, acc=0.309, device=mps, eta=3m03s, loss=1.9746, sps=46.9]
BC[stage1_datasets_L40_stepsweep/bc_baseline_none_steps20000_tr1]:  57%|█████▋    | 11498/20000 [04:04<02:46, 51.16it/s, acc=0.309, device=mps, eta=3m03s, loss=1.9746, sps=46.9]
BC[stage1_datasets_L40_stepsweep/bc_baseline_none_steps20000_tr1]:  58%|█████▊    | 11504/20000 [04:05<03:19, 42.54it/s, acc=0.309, device=mps, eta=3m03s, loss=1.9746, sps=46.9]
BC[stage1_datasets_L40_stepsweep/bc_baseline_none_steps20000_tr1]:  58%|█████▊    | 11510/20000 [04:05<03:03, 46.37it/s, acc=0.309, device=mps, eta=3m03s, loss=1.9746, sps=46.9]
BC[stage1_datasets_L40_stepsweep/bc_baseline_none_steps20000_tr1]:  58%|█████▊    | 11517/20000 [04:05<02:46, 50.89it/s, acc=0.309, device=mps, eta=3m03s, loss=1.9746, sps=46.9]
BC[stage1_datasets_L40_stepsweep/bc_baseline_none_steps20000_tr1]:  58%|█████▊    | 11523/20000 [04:05<03:16, 43.09it/s, acc=0.309, device=mps, eta=3m03s, loss=1.9746, sps=46.9]
BC[stage1_datasets_L40_stepsweep/bc_baseline_none_steps20000_tr1]:  58%|█████▊    | 11531/20000 [04:05<02:48, 50.31it/s, acc=0.309, device=mps, eta=3m03s, loss=1.9746, sps=46.9]
BC[stage1_datasets_L40_stepsweep/bc_baseline_none_steps20000_tr1]:  58%|█████▊    | 11539/20000 [04:05<02:27, 57.27it/s, acc=0.309, device=mps, eta=3m03s, loss=1.9746, sps=46.9]
BC[stage1_datasets_L40_stepsweep/bc_baseline_none_steps20000_tr1]:  58%|█████▊    | 11546/20000 [04:05<02:55, 48.31it/s, acc=0.309, device=mps, eta=3m03s, loss=1.9746, sps=46.9]
BC[stage1_datasets_L40_stepsweep/bc_baseline_none_steps20000_tr1]:  58%|█████▊    | 11554/20000 [04:05<02:34, 54.64it/s, acc=0.309, device=mps, eta=3m03s, loss=1.9746, sps=46.9]
BC[stage1_datasets_L40_stepsweep/bc_baseline_none_steps20000_tr1]:  58%|█████▊    | 11561/20000 [04:06<03:00, 46.88it/s, acc=0.309, device=mps, eta=3m03s, loss=1.9746, sps=46.9]
BC[stage1_datasets_L40_stepsweep/bc_baseline_none_steps20000_tr1]:  58%|█████▊    | 11569/20000 [04:06<02:38, 53.15it/s, acc=0.309, device=mps, eta=3m03s, loss=1.9746, sps=46.9]
BC[stage1_datasets_L40_stepsweep/bc_baseline_none_steps20000_tr1]:  58%|█████▊    | 11577/20000 [04:06<02:23, 58.65it/s, acc=0.309, device=mps, eta=3m03s, loss=1.9746, sps=46.9]
BC[stage1_datasets_L40_stepsweep/bc_baseline_none_steps20000_tr1]:  58%|█████▊    | 11584/20000 [04:06<02:53, 48.57it/s, acc=0.309, device=mps, eta=3m03s, loss=1.9746, sps=46.9]
BC[stage1_datasets_L40_stepsweep/bc_baseline_none_steps20000_tr1]:  58%|█████▊    | 11592/20000 [04:06<02:34, 54.37it/s, acc=0.309, device=mps, eta=3m03s, loss=1.9746, sps=46.9]
BC[stage1_datasets_L40_stepsweep/bc_baseline_none_steps20000_tr1]:  58%|█████▊    | 11592/20000 [04:06<02:34, 54.37it/s, acc=0.311, device=mps, eta=2m59s, loss=1.9749, sps=47.0]
BC[stage1_datasets_L40_stepsweep/bc_baseline_none_steps20000_tr1]:  58%|█████▊    | 11600/20000 [04:06<02:19, 60.15it/s, acc=0.311, device=mps, eta=2m59s, loss=1.9749, sps=47.0]
BC[stage1_datasets_L40_stepsweep/bc_baseline_none_steps20000_tr1]:  58%|█████▊    | 11607/20000 [04:07<02:53, 48.51it/s, acc=0.311, device=mps, eta=2m59s, loss=1.9749, sps=47.0]
BC[stage1_datasets_L40_stepsweep/bc_baseline_none_steps20000_tr1]:  58%|█████▊    | 11614/20000 [04:07<02:42, 51.50it/s, acc=0.311, device=mps, eta=2m59s, loss=1.9749, sps=47.0]
BC[stage1_datasets_L40_stepsweep/bc_baseline_none_steps20000_tr1]:  58%|█████▊    | 11621/20000 [04:07<03:17, 42.51it/s, acc=0.311, device=mps, eta=2m59s, loss=1.9749, sps=47.0]
BC[stage1_datasets_L40_stepsweep/bc_baseline_none_steps20000_tr1]:  58%|█████▊    | 11629/20000 [04:07<02:49, 49.47it/s, acc=0.311, device=mps, eta=2m59s, loss=1.9749, sps=47.0]
BC[stage1_datasets_L40_stepsweep/bc_baseline_none_steps20000_tr1]:  58%|█████▊    | 11637/20000 [04:07<02:31, 55.23it/s, acc=0.311, device=mps, eta=2m59s, loss=1.9749, sps=47.0]
BC[stage1_datasets_L40_stepsweep/bc_baseline_none_steps20000_tr1]:  58%|█████▊    | 11644/20000 [04:07<02:59, 46.64it/s, acc=0.311, device=mps, eta=2m59s, loss=1.9749, sps=47.0]
BC[stage1_datasets_L40_stepsweep/bc_baseline_none_steps20000_tr1]:  58%|█████▊    | 11652/20000 [04:07<02:37, 52.99it/s, acc=0.311, device=mps, eta=2m59s, loss=1.9749, sps=47.0]
BC[stage1_datasets_L40_stepsweep/bc_baseline_none_steps20000_tr1]:  58%|█████▊    | 11661/20000 [04:08<02:57, 47.00it/s, acc=0.311, device=mps, eta=2m59s, loss=1.9749, sps=47.0]
BC[stage1_datasets_L40_stepsweep/bc_baseline_none_steps20000_tr1]:  58%|█████▊    | 11668/20000 [04:08<02:47, 49.89it/s, acc=0.311, device=mps, eta=2m59s, loss=1.9749, sps=47.0]
BC[stage1_datasets_L40_stepsweep/bc_baseline_none_steps20000_tr1]:  58%|█████▊    | 11675/20000 [04:08<02:37, 52.93it/s, acc=0.311, device=mps, eta=2m59s, loss=1.9749, sps=47.0]
BC[stage1_datasets_L40_stepsweep/bc_baseline_none_steps20000_tr1]:  58%|█████▊    | 11681/20000 [04:08<03:09, 43.84it/s, acc=0.311, device=mps, eta=2m59s, loss=1.9749, sps=47.0]
BC[stage1_datasets_L40_stepsweep/bc_baseline_none_steps20000_tr1]:  58%|█████▊    | 11688/20000 [04:08<02:54, 47.57it/s, acc=0.311, device=mps, eta=2m59s, loss=1.9749, sps=47.0]
BC[stage1_datasets_L40_stepsweep/bc_baseline_none_steps20000_tr1]:  58%|█████▊    | 11695/20000 [04:08<02:41, 51.27it/s, acc=0.311, device=mps, eta=2m59s, loss=1.9749, sps=47.0]
BC[stage1_datasets_L40_stepsweep/bc_baseline_none_steps20000_tr1]:  59%|█████▊    | 11701/20000 [04:09<03:14, 42.74it/s, acc=0.311, device=mps, eta=2m59s, loss=1.9749, sps=47.0]
BC[stage1_datasets_L40_stepsweep/bc_baseline_none_steps20000_tr1]:  59%|█████▊    | 11709/20000 [04:09<02:44, 50.30it/s, acc=0.311, device=mps, eta=2m59s, loss=1.9749, sps=47.0]
BC[stage1_datasets_L40_stepsweep/bc_baseline_none_steps20000_tr1]:  59%|█████▊    | 11717/20000 [04:09<02:25, 56.84it/s, acc=0.311, device=mps, eta=2m59s, loss=1.9749, sps=47.0]
BC[stage1_datasets_L40_stepsweep/bc_baseline_none_steps20000_tr1]:  59%|█████▊    | 11724/20000 [04:09<02:51, 48.13it/s, acc=0.311, device=mps, eta=2m59s, loss=1.9749, sps=47.0]
BC[stage1_datasets_L40_stepsweep/bc_baseline_none_steps20000_tr1]:  59%|█████▊    | 11731/20000 [04:09<02:37, 52.55it/s, acc=0.311, device=mps, eta=2m59s, loss=1.9749, sps=47.0]
BC[stage1_datasets_L40_stepsweep/bc_baseline_none_steps20000_tr1]:  59%|█████▊    | 11738/20000 [04:09<02:26, 56.21it/s, acc=0.311, device=mps, eta=2m59s, loss=1.9749, sps=47.0]
BC[stage1_datasets_L40_stepsweep/bc_baseline_none_steps20000_tr1]:  59%|█████▊    | 11745/20000 [04:09<02:59, 46.03it/s, acc=0.311, device=mps, eta=2m59s, loss=1.9749, sps=47.0]
BC[stage1_datasets_L40_stepsweep/bc_baseline_none_steps20000_tr1]:  59%|█████▉    | 11751/20000 [04:09<02:50, 48.36it/s, acc=0.311, device=mps, eta=2m59s, loss=1.9749, sps=47.0]
BC[stage1_datasets_L40_stepsweep/bc_baseline_none_steps20000_tr1]:  59%|█████▉    | 11757/20000 [04:10<02:45, 49.85it/s, acc=0.311, device=mps, eta=2m59s, loss=1.9749, sps=47.0]
BC[stage1_datasets_L40_stepsweep/bc_baseline_none_steps20000_tr1]:  59%|█████▉    | 11763/20000 [04:10<03:19, 41.38it/s, acc=0.311, device=mps, eta=2m59s, loss=1.9749, sps=47.0]
BC[stage1_datasets_L40_stepsweep/bc_baseline_none_steps20000_tr1]:  59%|█████▉    | 11769/20000 [04:10<03:04, 44.62it/s, acc=0.311, device=mps, eta=2m59s, loss=1.9749, sps=47.0]
BC[stage1_datasets_L40_stepsweep/bc_baseline_none_steps20000_tr1]:  59%|█████▉    | 11775/20000 [04:10<02:51, 47.94it/s, acc=0.311, device=mps, eta=2m59s, loss=1.9749, sps=47.0]
BC[stage1_datasets_L40_stepsweep/bc_baseline_none_steps20000_tr1]:  59%|█████▉    | 11781/20000 [04:10<03:28, 39.48it/s, acc=0.311, device=mps, eta=2m59s, loss=1.9749, sps=47.0]
BC[stage1_datasets_L40_stepsweep/bc_baseline_none_steps20000_tr1]:  59%|█████▉    | 11789/20000 [04:10<02:52, 47.64it/s, acc=0.311, device=mps, eta=2m59s, loss=1.9749, sps=47.0]
BC[stage1_datasets_L40_stepsweep/bc_baseline_none_steps20000_tr1]:  59%|█████▉    | 11797/20000 [04:10<02:31, 54.09it/s, acc=0.311, device=mps, eta=2m59s, loss=1.9749, sps=47.0]
BC[stage1_datasets_L40_stepsweep/bc_baseline_none_steps20000_tr1]:  59%|█████▉    | 11797/20000 [04:10<02:31, 54.09it/s, acc=0.312, device=mps, eta=2m54s, loss=1.9675, sps=47.0]
BC[stage1_datasets_L40_stepsweep/bc_baseline_none_steps20000_tr1]:  59%|█████▉    | 11803/20000 [04:11<03:01, 45.19it/s, acc=0.312, device=mps, eta=2m54s, loss=1.9675, sps=47.0]
BC[stage1_datasets_L40_stepsweep/bc_baseline_none_steps20000_tr1]:  59%|█████▉    | 11809/20000 [04:11<02:50, 47.98it/s, acc=0.312, device=mps, eta=2m54s, loss=1.9675, sps=47.0]
BC[stage1_datasets_L40_stepsweep/bc_baseline_none_steps20000_tr1]:  59%|█████▉    | 11815/20000 [04:11<02:42, 50.46it/s, acc=0.312, device=mps, eta=2m54s, loss=1.9675, sps=47.0]
BC[stage1_datasets_L40_stepsweep/bc_baseline_none_steps20000_tr1]:  59%|█████▉    | 11821/20000 [04:11<03:20, 40.74it/s, acc=0.312, device=mps, eta=2m54s, loss=1.9675, sps=47.0]
BC[stage1_datasets_L40_stepsweep/bc_baseline_none_steps20000_tr1]:  59%|█████▉    | 11829/20000 [04:11<02:48, 48.57it/s, acc=0.312, device=mps, eta=2m54s, loss=1.9675, sps=47.0]
BC[stage1_datasets_L40_stepsweep/bc_baseline_none_steps20000_tr1]:  59%|█████▉    | 11837/20000 [04:11<02:28, 55.04it/s, acc=0.312, device=mps, eta=2m54s, loss=1.9675, sps=47.0]
BC[stage1_datasets_L40_stepsweep/bc_baseline_none_steps20000_tr1]:  59%|█████▉    | 11844/20000 [04:11<02:55, 46.48it/s, acc=0.312, device=mps, eta=2m54s, loss=1.9675, sps=47.0]
BC[stage1_datasets_L40_stepsweep/bc_baseline_none_steps20000_tr1]:  59%|█████▉    | 11851/20000 [04:12<02:41, 50.47it/s, acc=0.312, device=mps, eta=2m54s, loss=1.9675, sps=47.0]
BC[stage1_datasets_L40_stepsweep/bc_baseline_none_steps20000_tr1]:  59%|█████▉    | 11857/20000 [04:12<02:40, 50.65it/s, acc=0.312, device=mps, eta=2m54s, loss=1.9675, sps=47.0]
BC[stage1_datasets_L40_stepsweep/bc_baseline_none_steps20000_tr1]:  59%|█████▉    | 11863/20000 [04:12<03:24, 39.84it/s, acc=0.312, device=mps, eta=2m54s, loss=1.9675, sps=47.0]
BC[stage1_datasets_L40_stepsweep/bc_baseline_none_steps20000_tr1]:  59%|█████▉    | 11869/20000 [04:12<03:10, 42.71it/s, acc=0.312, device=mps, eta=2m54s, loss=1.9675, sps=47.0]
BC[stage1_datasets_L40_stepsweep/bc_baseline_none_steps20000_tr1]:  59%|█████▉    | 11876/20000 [04:12<02:48, 48.16it/s, acc=0.312, device=mps, eta=2m54s, loss=1.9675, sps=47.0]
BC[stage1_datasets_L40_stepsweep/bc_baseline_none_steps20000_tr1]:  59%|█████▉    | 11882/20000 [04:12<03:11, 42.32it/s, acc=0.312, device=mps, eta=2m54s, loss=1.9675, sps=47.0]
BC[stage1_datasets_L40_stepsweep/bc_baseline_none_steps20000_tr1]:  59%|█████▉    | 11890/20000 [04:12<02:40, 50.55it/s, acc=0.312, device=mps, eta=2m54s, loss=1.9675, sps=47.0]
BC[stage1_datasets_L40_stepsweep/bc_baseline_none_steps20000_tr1]:  59%|█████▉    | 11899/20000 [04:13<02:16, 59.19it/s, acc=0.312, device=mps, eta=2m54s, loss=1.9675, sps=47.0]
BC[stage1_datasets_L40_stepsweep/bc_baseline_none_steps20000_tr1]:  60%|█████▉    | 11906/20000 [04:13<02:39, 50.82it/s, acc=0.312, device=mps, eta=2m54s, loss=1.9675, sps=47.0]
BC[stage1_datasets_L40_stepsweep/bc_baseline_none_steps20000_tr1]:  60%|█████▉    | 11915/20000 [04:13<02:19, 58.15it/s, acc=0.312, device=mps, eta=2m54s, loss=1.9675, sps=47.0]
BC[stage1_datasets_L40_stepsweep/bc_baseline_none_steps20000_tr1]:  60%|█████▉    | 11922/20000 [04:13<02:45, 48.77it/s, acc=0.312, device=mps, eta=2m54s, loss=1.9675, sps=47.0]
BC[stage1_datasets_L40_stepsweep/bc_baseline_none_steps20000_tr1]:  60%|█████▉    | 11930/20000 [04:13<02:26, 54.90it/s, acc=0.312, device=mps, eta=2m54s, loss=1.9675, sps=47.0]
BC[stage1_datasets_L40_stepsweep/bc_baseline_none_steps20000_tr1]:  60%|█████▉    | 11938/20000 [04:13<02:14, 59.85it/s, acc=0.312, device=mps, eta=2m54s, loss=1.9675, sps=47.0]
BC[stage1_datasets_L40_stepsweep/bc_baseline_none_steps20000_tr1]:  60%|█████▉    | 11945/20000 [04:13<02:42, 49.58it/s, acc=0.312, device=mps, eta=2m54s, loss=1.9675, sps=47.0]
BC[stage1_datasets_L40_stepsweep/bc_baseline_none_steps20000_tr1]:  60%|█████▉    | 11952/20000 [04:14<02:33, 52.43it/s, acc=0.312, device=mps, eta=2m54s, loss=1.9675, sps=47.0]
BC[stage1_datasets_L40_stepsweep/bc_baseline_none_steps20000_tr1]:  60%|█████▉    | 11958/20000 [04:14<02:28, 54.06it/s, acc=0.312, device=mps, eta=2m54s, loss=1.9675, sps=47.0]
BC[stage1_datasets_L40_stepsweep/bc_baseline_none_steps20000_tr1]:  60%|█████▉    | 11964/20000 [04:14<03:05, 43.34it/s, acc=0.312, device=mps, eta=2m54s, loss=1.9675, sps=47.0]
BC[stage1_datasets_L40_stepsweep/bc_baseline_none_steps20000_tr1]:  60%|█████▉    | 11970/20000 [04:14<02:57, 45.25it/s, acc=0.312, device=mps, eta=2m54s, loss=1.9675, sps=47.0]
BC[stage1_datasets_L40_stepsweep/bc_baseline_none_steps20000_tr1]:  60%|█████▉    | 11976/20000 [04:14<02:45, 48.48it/s, acc=0.312, device=mps, eta=2m54s, loss=1.9675, sps=47.0]
BC[stage1_datasets_L40_stepsweep/bc_baseline_none_steps20000_tr1]:  60%|█████▉    | 11982/20000 [04:14<03:15, 40.97it/s, acc=0.312, device=mps, eta=2m54s, loss=1.9675, sps=47.0]
BC[stage1_datasets_L40_stepsweep/bc_baseline_none_steps20000_tr1]:  60%|█████▉    | 11990/20000 [04:14<02:42, 49.19it/s, acc=0.312, device=mps, eta=2m54s, loss=1.9675, sps=47.0]
BC[stage1_datasets_L40_stepsweep/bc_baseline_none_steps20000_tr1]:  60%|█████▉    | 11998/20000 [04:15<02:22, 56.26it/s, acc=0.312, device=mps, eta=2m54s, loss=1.9675, sps=47.0]
BC[stage1_datasets_L40_stepsweep/bc_baseline_none_steps20000_tr1]:  60%|█████▉    | 11998/20000 [04:15<02:22, 56.26it/s, acc=0.311, device=mps, eta=2m50s, loss=1.9797, sps=47.1]
BC[stage1_datasets_L40_stepsweep/bc_baseline_none_steps20000_tr1]:  60%|██████    | 12005/20000 [04:15<02:48, 47.39it/s, acc=0.311, device=mps, eta=2m50s, loss=1.9797, sps=47.1]
BC[stage1_datasets_L40_stepsweep/bc_baseline_none_steps20000_tr1]:  60%|██████    | 12011/20000 [04:15<02:39, 50.00it/s, acc=0.311, device=mps, eta=2m50s, loss=1.9797, sps=47.1]
BC[stage1_datasets_L40_stepsweep/bc_baseline_none_steps20000_tr1]:  60%|██████    | 12017/20000 [04:15<02:34, 51.56it/s, acc=0.311, device=mps, eta=2m50s, loss=1.9797, sps=47.1]
BC[stage1_datasets_L40_stepsweep/bc_baseline_none_steps20000_tr1]:  60%|██████    | 12023/20000 [04:15<03:13, 41.27it/s, acc=0.311, device=mps, eta=2m50s, loss=1.9797, sps=47.1]
BC[stage1_datasets_L40_stepsweep/bc_baseline_none_steps20000_tr1]:  60%|██████    | 12029/20000 [04:15<03:01, 43.84it/s, acc=0.311, device=mps, eta=2m50s, loss=1.9797, sps=47.1]
BC[stage1_datasets_L40_stepsweep/bc_baseline_none_steps20000_tr1]:  60%|██████    | 12036/20000 [04:15<02:42, 48.87it/s, acc=0.311, device=mps, eta=2m50s, loss=1.9797, sps=47.1]
BC[stage1_datasets_L40_stepsweep/bc_baseline_none_steps20000_tr1]:  60%|██████    | 12042/20000 [04:16<03:07, 42.42it/s, acc=0.311, device=mps, eta=2m50s, loss=1.9797, sps=47.1]
BC[stage1_datasets_L40_stepsweep/bc_baseline_none_steps20000_tr1]:  60%|██████    | 12050/20000 [04:16<02:37, 50.48it/s, acc=0.311, device=mps, eta=2m50s, loss=1.9797, sps=47.1]
BC[stage1_datasets_L40_stepsweep/bc_baseline_none_steps20000_tr1]:  60%|██████    | 12059/20000 [04:16<02:14, 59.13it/s, acc=0.311, device=mps, eta=2m50s, loss=1.9797, sps=47.1]
BC[stage1_datasets_L40_stepsweep/bc_baseline_none_steps20000_tr1]:  60%|██████    | 12066/20000 [04:16<02:36, 50.60it/s, acc=0.311, device=mps, eta=2m50s, loss=1.9797, sps=47.1]
BC[stage1_datasets_L40_stepsweep/bc_baseline_none_steps20000_tr1]:  60%|██████    | 12075/20000 [04:16<02:15, 58.53it/s, acc=0.311, device=mps, eta=2m50s, loss=1.9797, sps=47.1]
BC[stage1_datasets_L40_stepsweep/bc_baseline_none_steps20000_tr1]:  60%|██████    | 12082/20000 [04:16<02:39, 49.55it/s, acc=0.311, device=mps, eta=2m50s, loss=1.9797, sps=47.1]
BC[stage1_datasets_L40_stepsweep/bc_baseline_none_steps20000_tr1]:  60%|██████    | 12090/20000 [04:16<02:22, 55.64it/s, acc=0.311, device=mps, eta=2m50s, loss=1.9797, sps=47.1]
BC[stage1_datasets_L40_stepsweep/bc_baseline_none_steps20000_tr1]:  60%|██████    | 12098/20000 [04:16<02:09, 60.81it/s, acc=0.311, device=mps, eta=2m50s, loss=1.9797, sps=47.1]
BC[stage1_datasets_L40_stepsweep/bc_baseline_none_steps20000_tr1]:  61%|██████    | 12105/20000 [04:17<02:37, 50.12it/s, acc=0.311, device=mps, eta=2m50s, loss=1.9797, sps=47.1]
BC[stage1_datasets_L40_stepsweep/bc_baseline_none_steps20000_tr1]:  61%|██████    | 12112/20000 [04:17<02:27, 53.36it/s, acc=0.311, device=mps, eta=2m50s, loss=1.9797, sps=47.1]
BC[stage1_datasets_L40_stepsweep/bc_baseline_none_steps20000_tr1]:  61%|██████    | 12119/20000 [04:17<02:22, 55.35it/s, acc=0.311, device=mps, eta=2m50s, loss=1.9797, sps=47.1]
BC[stage1_datasets_L40_stepsweep/bc_baseline_none_steps20000_tr1]:  61%|██████    | 12125/20000 [04:17<02:58, 44.21it/s, acc=0.311, device=mps, eta=2m50s, loss=1.9797, sps=47.1]
BC[stage1_datasets_L40_stepsweep/bc_baseline_none_steps20000_tr1]:  61%|██████    | 12131/20000 [04:17<02:46, 47.15it/s, acc=0.311, device=mps, eta=2m50s, loss=1.9797, sps=47.1]
BC[stage1_datasets_L40_stepsweep/bc_baseline_none_steps20000_tr1]:  61%|██████    | 12137/20000 [04:17<02:39, 49.42it/s, acc=0.311, device=mps, eta=2m50s, loss=1.9797, sps=47.1]
BC[stage1_datasets_L40_stepsweep/bc_baseline_none_steps20000_tr1]:  61%|██████    | 12143/20000 [04:18<03:17, 39.85it/s, acc=0.311, device=mps, eta=2m50s, loss=1.9797, sps=47.1]
BC[stage1_datasets_L40_stepsweep/bc_baseline_none_steps20000_tr1]:  61%|██████    | 12150/20000 [04:18<02:50, 45.95it/s, acc=0.311, device=mps, eta=2m50s, loss=1.9797, sps=47.1]
BC[stage1_datasets_L40_stepsweep/bc_baseline_none_steps20000_tr1]:  61%|██████    | 12156/20000 [04:18<02:46, 47.17it/s, acc=0.311, device=mps, eta=2m50s, loss=1.9797, sps=47.1]
BC[stage1_datasets_L40_stepsweep/bc_baseline_none_steps20000_tr1]:  61%|██████    | 12162/20000 [04:18<03:17, 39.73it/s, acc=0.311, device=mps, eta=2m50s, loss=1.9797, sps=47.1]
BC[stage1_datasets_L40_stepsweep/bc_baseline_none_steps20000_tr1]:  61%|██████    | 12170/20000 [04:18<02:44, 47.54it/s, acc=0.311, device=mps, eta=2m50s, loss=1.9797, sps=47.1]
BC[stage1_datasets_L40_stepsweep/bc_baseline_none_steps20000_tr1]:  61%|██████    | 12178/20000 [04:18<02:24, 54.20it/s, acc=0.311, device=mps, eta=2m50s, loss=1.9797, sps=47.1]
BC[stage1_datasets_L40_stepsweep/bc_baseline_none_steps20000_tr1]:  61%|██████    | 12184/20000 [04:18<02:51, 45.62it/s, acc=0.311, device=mps, eta=2m50s, loss=1.9797, sps=47.1]
BC[stage1_datasets_L40_stepsweep/bc_baseline_none_steps20000_tr1]:  61%|██████    | 12191/20000 [04:18<02:35, 50.08it/s, acc=0.311, device=mps, eta=2m50s, loss=1.9797, sps=47.1]
BC[stage1_datasets_L40_stepsweep/bc_baseline_none_steps20000_tr1]:  61%|██████    | 12198/20000 [04:19<02:27, 52.80it/s, acc=0.311, device=mps, eta=2m50s, loss=1.9797, sps=47.1]
BC[stage1_datasets_L40_stepsweep/bc_baseline_none_steps20000_tr1]:  61%|██████    | 12198/20000 [04:19<02:27, 52.80it/s, acc=0.312, device=mps, eta=2m46s, loss=1.9687, sps=47.1]
BC[stage1_datasets_L40_stepsweep/bc_baseline_none_steps20000_tr1]:  61%|██████    | 12204/20000 [04:19<03:01, 43.06it/s, acc=0.312, device=mps, eta=2m46s, loss=1.9687, sps=47.1]
BC[stage1_datasets_L40_stepsweep/bc_baseline_none_steps20000_tr1]:  61%|██████    | 12209/20000 [04:19<02:55, 44.41it/s, acc=0.312, device=mps, eta=2m46s, loss=1.9687, sps=47.1]
BC[stage1_datasets_L40_stepsweep/bc_baseline_none_steps20000_tr1]:  61%|██████    | 12215/20000 [04:19<02:45, 46.93it/s, acc=0.312, device=mps, eta=2m46s, loss=1.9687, sps=47.1]
BC[stage1_datasets_L40_stepsweep/bc_baseline_none_steps20000_tr1]:  61%|██████    | 12221/20000 [04:19<03:19, 39.06it/s, acc=0.312, device=mps, eta=2m46s, loss=1.9687, sps=47.1]
BC[stage1_datasets_L40_stepsweep/bc_baseline_none_steps20000_tr1]:  61%|██████    | 12226/20000 [04:19<03:09, 41.08it/s, acc=0.312, device=mps, eta=2m46s, loss=1.9687, sps=47.1]
BC[stage1_datasets_L40_stepsweep/bc_baseline_none_steps20000_tr1]:  61%|██████    | 12232/20000 [04:19<02:56, 44.06it/s, acc=0.312, device=mps, eta=2m46s, loss=1.9687, sps=47.1]
BC[stage1_datasets_L40_stepsweep/bc_baseline_none_steps20000_tr1]:  61%|██████    | 12239/20000 [04:20<02:38, 48.84it/s, acc=0.312, device=mps, eta=2m46s, loss=1.9687, sps=47.1]
BC[stage1_datasets_L40_stepsweep/bc_baseline_none_steps20000_tr1]:  61%|██████    | 12245/20000 [04:20<03:07, 41.32it/s, acc=0.312, device=mps, eta=2m46s, loss=1.9687, sps=47.1]
BC[stage1_datasets_L40_stepsweep/bc_baseline_none_steps20000_tr1]:  61%|██████▏   | 12252/20000 [04:20<02:45, 46.81it/s, acc=0.312, device=mps, eta=2m46s, loss=1.9687, sps=47.1]
BC[stage1_datasets_L40_stepsweep/bc_baseline_none_steps20000_tr1]:  61%|██████▏   | 12259/20000 [04:20<02:30, 51.53it/s, acc=0.312, device=mps, eta=2m46s, loss=1.9687, sps=47.1]
BC[stage1_datasets_L40_stepsweep/bc_baseline_none_steps20000_tr1]:  61%|██████▏   | 12265/20000 [04:20<03:01, 42.63it/s, acc=0.312, device=mps, eta=2m46s, loss=1.9687, sps=47.1]
BC[stage1_datasets_L40_stepsweep/bc_baseline_none_steps20000_tr1]:  61%|██████▏   | 12271/20000 [04:20<02:46, 46.29it/s, acc=0.312, device=mps, eta=2m46s, loss=1.9687, sps=47.1]
BC[stage1_datasets_L40_stepsweep/bc_baseline_none_steps20000_tr1]:  61%|██████▏   | 12277/20000 [04:20<02:36, 49.40it/s, acc=0.312, device=mps, eta=2m46s, loss=1.9687, sps=47.1]
BC[stage1_datasets_L40_stepsweep/bc_baseline_none_steps20000_tr1]:  61%|██████▏   | 12283/20000 [04:21<03:09, 40.62it/s, acc=0.312, device=mps, eta=2m46s, loss=1.9687, sps=47.1]
BC[stage1_datasets_L40_stepsweep/bc_baseline_none_steps20000_tr1]:  61%|██████▏   | 12291/20000 [04:21<02:39, 48.41it/s, acc=0.312, device=mps, eta=2m46s, loss=1.9687, sps=47.1]
BC[stage1_datasets_L40_stepsweep/bc_baseline_none_steps20000_tr1]:  61%|██████▏   | 12299/20000 [04:21<02:19, 55.36it/s, acc=0.312, device=mps, eta=2m46s, loss=1.9687, sps=47.1]
BC[stage1_datasets_L40_stepsweep/bc_baseline_none_steps20000_tr1]:  62%|██████▏   | 12306/20000 [04:21<02:42, 47.48it/s, acc=0.312, device=mps, eta=2m46s, loss=1.9687, sps=47.1]
BC[stage1_datasets_L40_stepsweep/bc_baseline_none_steps20000_tr1]:  62%|██████▏   | 12314/20000 [04:21<02:23, 53.51it/s, acc=0.312, device=mps, eta=2m46s, loss=1.9687, sps=47.1]
BC[stage1_datasets_L40_stepsweep/bc_baseline_none_steps20000_tr1]:  62%|██████▏   | 12321/20000 [04:21<02:47, 45.76it/s, acc=0.312, device=mps, eta=2m46s, loss=1.9687, sps=47.1]
BC[stage1_datasets_L40_stepsweep/bc_baseline_none_steps20000_tr1]:  62%|██████▏   | 12329/20000 [04:21<02:26, 52.23it/s, acc=0.312, device=mps, eta=2m46s, loss=1.9687, sps=47.1]
BC[stage1_datasets_L40_stepsweep/bc_baseline_none_steps20000_tr1]:  62%|██████▏   | 12337/20000 [04:22<02:13, 57.49it/s, acc=0.312, device=mps, eta=2m46s, loss=1.9687, sps=47.1]
BC[stage1_datasets_L40_stepsweep/bc_baseline_none_steps20000_tr1]:  62%|██████▏   | 12344/20000 [04:22<02:38, 48.27it/s, acc=0.312, device=mps, eta=2m46s, loss=1.9687, sps=47.1]
BC[stage1_datasets_L40_stepsweep/bc_baseline_none_steps20000_tr1]:  62%|██████▏   | 12351/20000 [04:22<02:29, 51.21it/s, acc=0.312, device=mps, eta=2m46s, loss=1.9687, sps=47.1]
BC[stage1_datasets_L40_stepsweep/bc_baseline_none_steps20000_tr1]:  62%|██████▏   | 12357/20000 [04:22<02:25, 52.57it/s, acc=0.312, device=mps, eta=2m46s, loss=1.9687, sps=47.1]
BC[stage1_datasets_L40_stepsweep/bc_baseline_none_steps20000_tr1]:  62%|██████▏   | 12363/20000 [04:22<03:01, 41.98it/s, acc=0.312, device=mps, eta=2m46s, loss=1.9687, sps=47.1]
BC[stage1_datasets_L40_stepsweep/bc_baseline_none_steps20000_tr1]:  62%|██████▏   | 12368/20000 [04:22<02:55, 43.48it/s, acc=0.312, device=mps, eta=2m46s, loss=1.9687, sps=47.1]
BC[stage1_datasets_L40_stepsweep/bc_baseline_none_steps20000_tr1]:  62%|██████▏   | 12375/20000 [04:22<02:37, 48.34it/s, acc=0.312, device=mps, eta=2m46s, loss=1.9687, sps=47.1]
BC[stage1_datasets_L40_stepsweep/bc_baseline_none_steps20000_tr1]:  62%|██████▏   | 12381/20000 [04:23<03:06, 40.77it/s, acc=0.312, device=mps, eta=2m46s, loss=1.9687, sps=47.1]
BC[stage1_datasets_L40_stepsweep/bc_baseline_none_steps20000_tr1]:  62%|██████▏   | 12389/20000 [04:23<02:36, 48.63it/s, acc=0.312, device=mps, eta=2m46s, loss=1.9687, sps=47.1]
BC[stage1_datasets_L40_stepsweep/bc_baseline_none_steps20000_tr1]:  62%|██████▏   | 12397/20000 [04:23<02:17, 55.43it/s, acc=0.312, device=mps, eta=2m46s, loss=1.9687, sps=47.1]
BC[stage1_datasets_L40_stepsweep/bc_baseline_none_steps20000_tr1]:  62%|██████▏   | 12397/20000 [04:23<02:17, 55.43it/s, acc=0.311, device=mps, eta=2m41s, loss=1.9725, sps=47.1]
BC[stage1_datasets_L40_stepsweep/bc_baseline_none_steps20000_tr1]:  62%|██████▏   | 12404/20000 [04:23<02:40, 47.33it/s, acc=0.311, device=mps, eta=2m41s, loss=1.9725, sps=47.1]
BC[stage1_datasets_L40_stepsweep/bc_baseline_none_steps20000_tr1]:  62%|██████▏   | 12411/20000 [04:23<02:27, 51.62it/s, acc=0.311, device=mps, eta=2m41s, loss=1.9725, sps=47.1]
BC[stage1_datasets_L40_stepsweep/bc_baseline_none_steps20000_tr1]:  62%|██████▏   | 12418/20000 [04:23<02:19, 54.52it/s, acc=0.311, device=mps, eta=2m41s, loss=1.9725, sps=47.1]
BC[stage1_datasets_L40_stepsweep/bc_baseline_none_steps20000_tr1]:  62%|██████▏   | 12424/20000 [04:23<02:51, 44.09it/s, acc=0.311, device=mps, eta=2m41s, loss=1.9725, sps=47.1]
BC[stage1_datasets_L40_stepsweep/bc_baseline_none_steps20000_tr1]:  62%|██████▏   | 12430/20000 [04:24<02:39, 47.54it/s, acc=0.311, device=mps, eta=2m41s, loss=1.9725, sps=47.1]
BC[stage1_datasets_L40_stepsweep/bc_baseline_none_steps20000_tr1]:  62%|██████▏   | 12436/20000 [04:24<02:33, 49.21it/s, acc=0.311, device=mps, eta=2m41s, loss=1.9725, sps=47.1]
BC[stage1_datasets_L40_stepsweep/bc_baseline_none_steps20000_tr1]:  62%|██████▏   | 12442/20000 [04:24<03:02, 41.36it/s, acc=0.311, device=mps, eta=2m41s, loss=1.9725, sps=47.1]
BC[stage1_datasets_L40_stepsweep/bc_baseline_none_steps20000_tr1]:  62%|██████▏   | 12450/20000 [04:24<02:33, 49.22it/s, acc=0.311, device=mps, eta=2m41s, loss=1.9725, sps=47.1]
BC[stage1_datasets_L40_stepsweep/bc_baseline_none_steps20000_tr1]:  62%|██████▏   | 12458/20000 [04:24<02:16, 55.42it/s, acc=0.311, device=mps, eta=2m41s, loss=1.9725, sps=47.1]
BC[stage1_datasets_L40_stepsweep/bc_baseline_none_steps20000_tr1]:  62%|██████▏   | 12465/20000 [04:24<02:42, 46.36it/s, acc=0.311, device=mps, eta=2m41s, loss=1.9725, sps=47.1]
BC[stage1_datasets_L40_stepsweep/bc_baseline_none_steps20000_tr1]:  62%|██████▏   | 12471/20000 [04:24<02:32, 49.21it/s, acc=0.311, device=mps, eta=2m41s, loss=1.9725, sps=47.1]
BC[stage1_datasets_L40_stepsweep/bc_baseline_none_steps20000_tr1]:  62%|██████▏   | 12477/20000 [04:24<02:27, 51.10it/s, acc=0.311, device=mps, eta=2m41s, loss=1.9725, sps=47.1]
BC[stage1_datasets_L40_stepsweep/bc_baseline_none_steps20000_tr1]:  62%|██████▏   | 12483/20000 [04:25<02:58, 41.99it/s, acc=0.311, device=mps, eta=2m41s, loss=1.9725, sps=47.1]
BC[stage1_datasets_L40_stepsweep/bc_baseline_none_steps20000_tr1]:  62%|██████▏   | 12490/20000 [04:25<02:39, 47.10it/s, acc=0.311, device=mps, eta=2m41s, loss=1.9725, sps=47.1]
BC[stage1_datasets_L40_stepsweep/bc_baseline_none_steps20000_tr1]:  62%|██████▏   | 12496/20000 [04:25<02:30, 49.76it/s, acc=0.311, device=mps, eta=2m41s, loss=1.9725, sps=47.1]
BC[stage1_datasets_L40_stepsweep/bc_baseline_none_steps20000_tr1]:  63%|██████▎   | 12502/20000 [04:25<03:05, 40.50it/s, acc=0.311, device=mps, eta=2m41s, loss=1.9725, sps=47.1]
BC[stage1_datasets_L40_stepsweep/bc_baseline_none_steps20000_tr1]:  63%|██████▎   | 12508/20000 [04:25<02:48, 44.56it/s, acc=0.311, device=mps, eta=2m41s, loss=1.9725, sps=47.1]
BC[stage1_datasets_L40_stepsweep/bc_baseline_none_steps20000_tr1]:  63%|██████▎   | 12514/20000 [04:25<02:38, 47.11it/s, acc=0.311, device=mps, eta=2m41s, loss=1.9725, sps=47.1]
BC[stage1_datasets_L40_stepsweep/bc_baseline_none_steps20000_tr1]:  63%|██████▎   | 12521/20000 [04:26<03:04, 40.47it/s, acc=0.311, device=mps, eta=2m41s, loss=1.9725, sps=47.1]
BC[stage1_datasets_L40_stepsweep/bc_baseline_none_steps20000_tr1]:  63%|██████▎   | 12529/20000 [04:26<02:35, 48.18it/s, acc=0.311, device=mps, eta=2m41s, loss=1.9725, sps=47.1]
BC[stage1_datasets_L40_stepsweep/bc_baseline_none_steps20000_tr1]:  63%|██████▎   | 12537/20000 [04:26<02:15, 54.93it/s, acc=0.311, device=mps, eta=2m41s, loss=1.9725, sps=47.1]
BC[stage1_datasets_L40_stepsweep/bc_baseline_none_steps20000_tr1]:  63%|██████▎   | 12544/20000 [04:26<02:40, 46.33it/s, acc=0.311, device=mps, eta=2m41s, loss=1.9725, sps=47.1]
BC[stage1_datasets_L40_stepsweep/bc_baseline_none_steps20000_tr1]:  63%|██████▎   | 12552/20000 [04:26<02:20, 52.87it/s, acc=0.311, device=mps, eta=2m41s, loss=1.9725, sps=47.1]
BC[stage1_datasets_L40_stepsweep/bc_baseline_none_steps20000_tr1]:  63%|██████▎   | 12560/20000 [04:26<02:06, 58.94it/s, acc=0.311, device=mps, eta=2m41s, loss=1.9725, sps=47.1]
BC[stage1_datasets_L40_stepsweep/bc_baseline_none_steps20000_tr1]:  63%|██████▎   | 12567/20000 [04:26<02:35, 47.85it/s, acc=0.311, device=mps, eta=2m41s, loss=1.9725, sps=47.1]
BC[stage1_datasets_L40_stepsweep/bc_baseline_none_steps20000_tr1]:  63%|██████▎   | 12574/20000 [04:27<02:25, 51.09it/s, acc=0.311, device=mps, eta=2m41s, loss=1.9725, sps=47.1]
BC[stage1_datasets_L40_stepsweep/bc_baseline_none_steps20000_tr1]:  63%|██████▎   | 12581/20000 [04:27<02:51, 43.17it/s, acc=0.311, device=mps, eta=2m41s, loss=1.9725, sps=47.1]
BC[stage1_datasets_L40_stepsweep/bc_baseline_none_steps20000_tr1]:  63%|██████▎   | 12589/20000 [04:27<02:28, 49.97it/s, acc=0.311, device=mps, eta=2m41s, loss=1.9725, sps=47.1]
BC[stage1_datasets_L40_stepsweep/bc_baseline_none_steps20000_tr1]:  63%|██████▎   | 12597/20000 [04:27<02:12, 55.68it/s, acc=0.311, device=mps, eta=2m41s, loss=1.9725, sps=47.1]
BC[stage1_datasets_L40_stepsweep/bc_baseline_none_steps20000_tr1]:  63%|██████▎   | 12597/20000 [04:27<02:12, 55.68it/s, acc=0.310, device=mps, eta=2m37s, loss=1.9709, sps=47.1]
BC[stage1_datasets_L40_stepsweep/bc_baseline_none_steps20000_tr1]:  63%|██████▎   | 12604/20000 [04:27<02:38, 46.70it/s, acc=0.310, device=mps, eta=2m37s, loss=1.9709, sps=47.1]
BC[stage1_datasets_L40_stepsweep/bc_baseline_none_steps20000_tr1]:  63%|██████▎   | 12610/20000 [04:27<02:29, 49.50it/s, acc=0.310, device=mps, eta=2m37s, loss=1.9709, sps=47.1]
BC[stage1_datasets_L40_stepsweep/bc_baseline_none_steps20000_tr1]:  63%|██████▎   | 12616/20000 [04:27<02:22, 51.81it/s, acc=0.310, device=mps, eta=2m37s, loss=1.9709, sps=47.1]
BC[stage1_datasets_L40_stepsweep/bc_baseline_none_steps20000_tr1]:  63%|██████▎   | 12622/20000 [04:28<02:57, 41.50it/s, acc=0.310, device=mps, eta=2m37s, loss=1.9709, sps=47.1]
BC[stage1_datasets_L40_stepsweep/bc_baseline_none_steps20000_tr1]:  63%|██████▎   | 12627/20000 [04:28<02:52, 42.72it/s, acc=0.310, device=mps, eta=2m37s, loss=1.9709, sps=47.1]
BC[stage1_datasets_L40_stepsweep/bc_baseline_none_steps20000_tr1]:  63%|██████▎   | 12633/20000 [04:28<02:41, 45.68it/s, acc=0.310, device=mps, eta=2m37s, loss=1.9709, sps=47.1]
BC[stage1_datasets_L40_stepsweep/bc_baseline_none_steps20000_tr1]:  63%|██████▎   | 12640/20000 [04:28<02:23, 51.14it/s, acc=0.310, device=mps, eta=2m37s, loss=1.9709, sps=47.1]
BC[stage1_datasets_L40_stepsweep/bc_baseline_none_steps20000_tr1]:  63%|██████▎   | 12646/20000 [04:28<02:54, 42.15it/s, acc=0.310, device=mps, eta=2m37s, loss=1.9709, sps=47.1]
BC[stage1_datasets_L40_stepsweep/bc_baseline_none_steps20000_tr1]:  63%|██████▎   | 12653/20000 [04:28<02:36, 46.96it/s, acc=0.310, device=mps, eta=2m37s, loss=1.9709, sps=47.1]
BC[stage1_datasets_L40_stepsweep/bc_baseline_none_steps20000_tr1]:  63%|██████▎   | 12660/20000 [04:28<02:22, 51.65it/s, acc=0.310, device=mps, eta=2m37s, loss=1.9709, sps=47.1]
BC[stage1_datasets_L40_stepsweep/bc_baseline_none_steps20000_tr1]:  63%|██████▎   | 12666/20000 [04:29<02:53, 42.23it/s, acc=0.310, device=mps, eta=2m37s, loss=1.9709, sps=47.1]
BC[stage1_datasets_L40_stepsweep/bc_baseline_none_steps20000_tr1]:  63%|██████▎   | 12672/20000 [04:29<02:43, 44.81it/s, acc=0.310, device=mps, eta=2m37s, loss=1.9709, sps=47.1]
BC[stage1_datasets_L40_stepsweep/bc_baseline_none_steps20000_tr1]:  63%|██████▎   | 12678/20000 [04:29<02:32, 48.15it/s, acc=0.310, device=mps, eta=2m37s, loss=1.9709, sps=47.1]
BC[stage1_datasets_L40_stepsweep/bc_baseline_none_steps20000_tr1]:  63%|██████▎   | 12684/20000 [04:29<02:59, 40.84it/s, acc=0.310, device=mps, eta=2m37s, loss=1.9709, sps=47.1]
BC[stage1_datasets_L40_stepsweep/bc_baseline_none_steps20000_tr1]:  63%|██████▎   | 12691/20000 [04:29<02:39, 45.85it/s, acc=0.310, device=mps, eta=2m37s, loss=1.9709, sps=47.1]
BC[stage1_datasets_L40_stepsweep/bc_baseline_none_steps20000_tr1]:  63%|██████▎   | 12697/20000 [04:29<02:29, 48.79it/s, acc=0.310, device=mps, eta=2m37s, loss=1.9709, sps=47.1]
BC[stage1_datasets_L40_stepsweep/bc_baseline_none_steps20000_tr1]:  64%|██████▎   | 12703/20000 [04:29<02:58, 40.80it/s, acc=0.310, device=mps, eta=2m37s, loss=1.9709, sps=47.1]
BC[stage1_datasets_L40_stepsweep/bc_baseline_none_steps20000_tr1]:  64%|██████▎   | 12709/20000 [04:29<02:44, 44.45it/s, acc=0.310, device=mps, eta=2m37s, loss=1.9709, sps=47.1]
BC[stage1_datasets_L40_stepsweep/bc_baseline_none_steps20000_tr1]:  64%|██████▎   | 12715/20000 [04:30<02:31, 48.14it/s, acc=0.310, device=mps, eta=2m37s, loss=1.9709, sps=47.1]
BC[stage1_datasets_L40_stepsweep/bc_baseline_none_steps20000_tr1]:  64%|██████▎   | 12721/20000 [04:30<03:04, 39.53it/s, acc=0.310, device=mps, eta=2m37s, loss=1.9709, sps=47.1]
BC[stage1_datasets_L40_stepsweep/bc_baseline_none_steps20000_tr1]:  64%|██████▎   | 12727/20000 [04:30<02:46, 43.76it/s, acc=0.310, device=mps, eta=2m37s, loss=1.9709, sps=47.1]
BC[stage1_datasets_L40_stepsweep/bc_baseline_none_steps20000_tr1]:  64%|██████▎   | 12733/20000 [04:30<02:36, 46.44it/s, acc=0.310, device=mps, eta=2m37s, loss=1.9709, sps=47.1]
BC[stage1_datasets_L40_stepsweep/bc_baseline_none_steps20000_tr1]:  64%|██████▎   | 12740/20000 [04:30<02:21, 51.41it/s, acc=0.310, device=mps, eta=2m37s, loss=1.9709, sps=47.1]
BC[stage1_datasets_L40_stepsweep/bc_baseline_none_steps20000_tr1]:  64%|██████▎   | 12746/20000 [04:30<02:51, 42.35it/s, acc=0.310, device=mps, eta=2m37s, loss=1.9709, sps=47.1]
BC[stage1_datasets_L40_stepsweep/bc_baseline_none_steps20000_tr1]:  64%|██████▍   | 12753/20000 [04:30<02:31, 47.79it/s, acc=0.310, device=mps, eta=2m37s, loss=1.9709, sps=47.1]
BC[stage1_datasets_L40_stepsweep/bc_baseline_none_steps20000_tr1]:  64%|██████▍   | 12761/20000 [04:31<02:53, 41.83it/s, acc=0.310, device=mps, eta=2m37s, loss=1.9709, sps=47.1]
BC[stage1_datasets_L40_stepsweep/bc_baseline_none_steps20000_tr1]:  64%|██████▍   | 12767/20000 [04:31<02:40, 45.07it/s, acc=0.310, device=mps, eta=2m37s, loss=1.9709, sps=47.1]
BC[stage1_datasets_L40_stepsweep/bc_baseline_none_steps20000_tr1]:  64%|██████▍   | 12773/20000 [04:31<02:33, 47.09it/s, acc=0.310, device=mps, eta=2m37s, loss=1.9709, sps=47.1]
BC[stage1_datasets_L40_stepsweep/bc_baseline_none_steps20000_tr1]:  64%|██████▍   | 12780/20000 [04:31<02:18, 52.16it/s, acc=0.310, device=mps, eta=2m37s, loss=1.9709, sps=47.1]
BC[stage1_datasets_L40_stepsweep/bc_baseline_none_steps20000_tr1]:  64%|██████▍   | 12786/20000 [04:31<02:46, 43.44it/s, acc=0.310, device=mps, eta=2m37s, loss=1.9709, sps=47.1]
BC[stage1_datasets_L40_stepsweep/bc_baseline_none_steps20000_tr1]:  64%|██████▍   | 12793/20000 [04:31<02:27, 48.79it/s, acc=0.310, device=mps, eta=2m37s, loss=1.9709, sps=47.1]
BC[stage1_datasets_L40_stepsweep/bc_baseline_none_steps20000_tr1]:  64%|██████▍   | 12793/20000 [04:31<02:27, 48.79it/s, acc=0.313, device=mps, eta=2m33s, loss=1.9666, sps=47.1]
BC[stage1_datasets_L40_stepsweep/bc_baseline_none_steps20000_tr1]:  64%|██████▍   | 12801/20000 [04:32<02:44, 43.81it/s, acc=0.313, device=mps, eta=2m33s, loss=1.9666, sps=47.1]
BC[stage1_datasets_L40_stepsweep/bc_baseline_none_steps20000_tr1]:  64%|██████▍   | 12808/20000 [04:32<02:30, 47.93it/s, acc=0.313, device=mps, eta=2m33s, loss=1.9666, sps=47.1]
BC[stage1_datasets_L40_stepsweep/bc_baseline_none_steps20000_tr1]:  64%|██████▍   | 12815/20000 [04:32<02:20, 51.30it/s, acc=0.313, device=mps, eta=2m33s, loss=1.9666, sps=47.1]
BC[stage1_datasets_L40_stepsweep/bc_baseline_none_steps20000_tr1]:  64%|██████▍   | 12821/20000 [04:32<02:50, 42.01it/s, acc=0.313, device=mps, eta=2m33s, loss=1.9666, sps=47.1]
BC[stage1_datasets_L40_stepsweep/bc_baseline_none_steps20000_tr1]:  64%|██████▍   | 12828/20000 [04:32<02:35, 46.15it/s, acc=0.313, device=mps, eta=2m33s, loss=1.9666, sps=47.1]
BC[stage1_datasets_L40_stepsweep/bc_baseline_none_steps20000_tr1]:  64%|██████▍   | 12834/20000 [04:32<02:26, 49.07it/s, acc=0.313, device=mps, eta=2m33s, loss=1.9666, sps=47.1]
BC[stage1_datasets_L40_stepsweep/bc_baseline_none_steps20000_tr1]:  64%|██████▍   | 12841/20000 [04:32<02:50, 42.08it/s, acc=0.313, device=mps, eta=2m33s, loss=1.9666, sps=47.1]
BC[stage1_datasets_L40_stepsweep/bc_baseline_none_steps20000_tr1]:  64%|██████▍   | 12849/20000 [04:32<02:24, 49.49it/s, acc=0.313, device=mps, eta=2m33s, loss=1.9666, sps=47.1]
BC[stage1_datasets_L40_stepsweep/bc_baseline_none_steps20000_tr1]:  64%|██████▍   | 12857/20000 [04:33<02:08, 55.70it/s, acc=0.313, device=mps, eta=2m33s, loss=1.9666, sps=47.1]
BC[stage1_datasets_L40_stepsweep/bc_baseline_none_steps20000_tr1]:  64%|██████▍   | 12864/20000 [04:33<02:32, 46.84it/s, acc=0.313, device=mps, eta=2m33s, loss=1.9666, sps=47.1]
BC[stage1_datasets_L40_stepsweep/bc_baseline_none_steps20000_tr1]:  64%|██████▍   | 12872/20000 [04:33<02:13, 53.24it/s, acc=0.313, device=mps, eta=2m33s, loss=1.9666, sps=47.1]
BC[stage1_datasets_L40_stepsweep/bc_baseline_none_steps20000_tr1]:  64%|██████▍   | 12880/20000 [04:33<02:00, 58.91it/s, acc=0.313, device=mps, eta=2m33s, loss=1.9666, sps=47.1]
BC[stage1_datasets_L40_stepsweep/bc_baseline_none_steps20000_tr1]:  64%|██████▍   | 12887/20000 [04:33<02:29, 47.69it/s, acc=0.313, device=mps, eta=2m33s, loss=1.9666, sps=47.1]
BC[stage1_datasets_L40_stepsweep/bc_baseline_none_steps20000_tr1]:  64%|██████▍   | 12893/20000 [04:33<02:23, 49.47it/s, acc=0.313, device=mps, eta=2m33s, loss=1.9666, sps=47.1]
BC[stage1_datasets_L40_stepsweep/bc_baseline_none_steps20000_tr1]:  64%|██████▍   | 12899/20000 [04:33<02:20, 50.58it/s, acc=0.313, device=mps, eta=2m33s, loss=1.9666, sps=47.1]
BC[stage1_datasets_L40_stepsweep/bc_baseline_none_steps20000_tr1]:  65%|██████▍   | 12905/20000 [04:34<02:50, 41.62it/s, acc=0.313, device=mps, eta=2m33s, loss=1.9666, sps=47.1]
BC[stage1_datasets_L40_stepsweep/bc_baseline_none_steps20000_tr1]:  65%|██████▍   | 12911/20000 [04:34<02:38, 44.82it/s, acc=0.313, device=mps, eta=2m33s, loss=1.9666, sps=47.1]
BC[stage1_datasets_L40_stepsweep/bc_baseline_none_steps20000_tr1]:  65%|██████▍   | 12917/20000 [04:34<02:29, 47.46it/s, acc=0.313, device=mps, eta=2m33s, loss=1.9666, sps=47.1]
BC[stage1_datasets_L40_stepsweep/bc_baseline_none_steps20000_tr1]:  65%|██████▍   | 12923/20000 [04:34<02:58, 39.75it/s, acc=0.313, device=mps, eta=2m33s, loss=1.9666, sps=47.1]
BC[stage1_datasets_L40_stepsweep/bc_baseline_none_steps20000_tr1]:  65%|██████▍   | 12931/20000 [04:34<02:27, 48.00it/s, acc=0.313, device=mps, eta=2m33s, loss=1.9666, sps=47.1]
BC[stage1_datasets_L40_stepsweep/bc_baseline_none_steps20000_tr1]:  65%|██████▍   | 12939/20000 [04:34<02:09, 54.68it/s, acc=0.313, device=mps, eta=2m33s, loss=1.9666, sps=47.1]
BC[stage1_datasets_L40_stepsweep/bc_baseline_none_steps20000_tr1]:  65%|██████▍   | 12946/20000 [04:35<02:32, 46.14it/s, acc=0.313, device=mps, eta=2m33s, loss=1.9666, sps=47.1]
BC[stage1_datasets_L40_stepsweep/bc_baseline_none_steps20000_tr1]:  65%|██████▍   | 12953/20000 [04:35<02:22, 49.51it/s, acc=0.313, device=mps, eta=2m33s, loss=1.9666, sps=47.1]
BC[stage1_datasets_L40_stepsweep/bc_baseline_none_steps20000_tr1]:  65%|██████▍   | 12959/20000 [04:35<02:15, 51.83it/s, acc=0.313, device=mps, eta=2m33s, loss=1.9666, sps=47.1]
BC[stage1_datasets_L40_stepsweep/bc_baseline_none_steps20000_tr1]:  65%|██████▍   | 12965/20000 [04:35<02:44, 42.68it/s, acc=0.313, device=mps, eta=2m33s, loss=1.9666, sps=47.1]
BC[stage1_datasets_L40_stepsweep/bc_baseline_none_steps20000_tr1]:  65%|██████▍   | 12971/20000 [04:35<02:35, 45.07it/s, acc=0.313, device=mps, eta=2m33s, loss=1.9666, sps=47.1]
BC[stage1_datasets_L40_stepsweep/bc_baseline_none_steps20000_tr1]:  65%|██████▍   | 12977/20000 [04:35<02:27, 47.63it/s, acc=0.313, device=mps, eta=2m33s, loss=1.9666, sps=47.1]
BC[stage1_datasets_L40_stepsweep/bc_baseline_none_steps20000_tr1]:  65%|██████▍   | 12983/20000 [04:35<02:54, 40.27it/s, acc=0.313, device=mps, eta=2m33s, loss=1.9666, sps=47.1]
BC[stage1_datasets_L40_stepsweep/bc_baseline_none_steps20000_tr1]:  65%|██████▍   | 12991/20000 [04:35<02:24, 48.57it/s, acc=0.313, device=mps, eta=2m33s, loss=1.9666, sps=47.1]
BC[stage1_datasets_L40_stepsweep/bc_baseline_none_steps20000_tr1]:  65%|██████▍   | 12999/20000 [04:36<02:06, 55.44it/s, acc=0.313, device=mps, eta=2m33s, loss=1.9666, sps=47.1]
BC[stage1_datasets_L40_stepsweep/bc_baseline_none_steps20000_tr1]:  65%|██████▍   | 12999/20000 [04:36<02:06, 55.44it/s, acc=0.311, device=mps, eta=2m29s, loss=1.9652, sps=47.1]
BC[stage1_datasets_L40_stepsweep/bc_baseline_none_steps20000_tr1]:  65%|██████▌   | 13006/20000 [04:36<02:29, 46.66it/s, acc=0.311, device=mps, eta=2m29s, loss=1.9652, sps=47.1]
BC[stage1_datasets_L40_stepsweep/bc_baseline_none_steps20000_tr1]:  65%|██████▌   | 13013/20000 [04:36<02:18, 50.36it/s, acc=0.311, device=mps, eta=2m29s, loss=1.9652, sps=47.1]
BC[stage1_datasets_L40_stepsweep/bc_baseline_none_steps20000_tr1]:  65%|██████▌   | 13019/20000 [04:36<02:12, 52.51it/s, acc=0.311, device=mps, eta=2m29s, loss=1.9652, sps=47.1]
BC[stage1_datasets_L40_stepsweep/bc_baseline_none_steps20000_tr1]:  65%|██████▌   | 13025/20000 [04:36<02:43, 42.68it/s, acc=0.311, device=mps, eta=2m29s, loss=1.9652, sps=47.1]
BC[stage1_datasets_L40_stepsweep/bc_baseline_none_steps20000_tr1]:  65%|██████▌   | 13031/20000 [04:36<02:32, 45.66it/s, acc=0.311, device=mps, eta=2m29s, loss=1.9652, sps=47.1]
BC[stage1_datasets_L40_stepsweep/bc_baseline_none_steps20000_tr1]:  65%|██████▌   | 13037/20000 [04:36<02:24, 48.27it/s, acc=0.311, device=mps, eta=2m29s, loss=1.9652, sps=47.1]
BC[stage1_datasets_L40_stepsweep/bc_baseline_none_steps20000_tr1]:  65%|██████▌   | 13043/20000 [04:37<02:53, 40.08it/s, acc=0.311, device=mps, eta=2m29s, loss=1.9652, sps=47.1]
BC[stage1_datasets_L40_stepsweep/bc_baseline_none_steps20000_tr1]:  65%|██████▌   | 13049/20000 [04:37<02:37, 44.13it/s, acc=0.311, device=mps, eta=2m29s, loss=1.9652, sps=47.1]
BC[stage1_datasets_L40_stepsweep/bc_baseline_none_steps20000_tr1]:  65%|██████▌   | 13056/20000 [04:37<02:22, 48.73it/s, acc=0.311, device=mps, eta=2m29s, loss=1.9652, sps=47.1]
BC[stage1_datasets_L40_stepsweep/bc_baseline_none_steps20000_tr1]:  65%|██████▌   | 13062/20000 [04:37<02:51, 40.51it/s, acc=0.311, device=mps, eta=2m29s, loss=1.9652, sps=47.1]
BC[stage1_datasets_L40_stepsweep/bc_baseline_none_steps20000_tr1]:  65%|██████▌   | 13070/20000 [04:37<02:25, 47.69it/s, acc=0.311, device=mps, eta=2m29s, loss=1.9652, sps=47.1]
BC[stage1_datasets_L40_stepsweep/bc_baseline_none_steps20000_tr1]:  65%|██████▌   | 13076/20000 [04:37<02:18, 50.13it/s, acc=0.311, device=mps, eta=2m29s, loss=1.9652, sps=47.1]
BC[stage1_datasets_L40_stepsweep/bc_baseline_none_steps20000_tr1]:  65%|██████▌   | 13082/20000 [04:37<02:48, 41.02it/s, acc=0.311, device=mps, eta=2m29s, loss=1.9652, sps=47.1]
BC[stage1_datasets_L40_stepsweep/bc_baseline_none_steps20000_tr1]:  65%|██████▌   | 13089/20000 [04:38<02:31, 45.53it/s, acc=0.311, device=mps, eta=2m29s, loss=1.9652, sps=47.1]
BC[stage1_datasets_L40_stepsweep/bc_baseline_none_steps20000_tr1]:  65%|██████▌   | 13095/20000 [04:38<02:22, 48.49it/s, acc=0.311, device=mps, eta=2m29s, loss=1.9652, sps=47.1]
BC[stage1_datasets_L40_stepsweep/bc_baseline_none_steps20000_tr1]:  66%|██████▌   | 13101/20000 [04:38<02:51, 40.29it/s, acc=0.311, device=mps, eta=2m29s, loss=1.9652, sps=47.1]
BC[stage1_datasets_L40_stepsweep/bc_baseline_none_steps20000_tr1]:  66%|██████▌   | 13107/20000 [04:38<02:35, 44.47it/s, acc=0.311, device=mps, eta=2m29s, loss=1.9652, sps=47.1]
BC[stage1_datasets_L40_stepsweep/bc_baseline_none_steps20000_tr1]:  66%|██████▌   | 13113/20000 [04:38<02:25, 47.29it/s, acc=0.311, device=mps, eta=2m29s, loss=1.9652, sps=47.1]
BC[stage1_datasets_L40_stepsweep/bc_baseline_none_steps20000_tr1]:  66%|██████▌   | 13120/20000 [04:38<02:11, 52.30it/s, acc=0.311, device=mps, eta=2m29s, loss=1.9652, sps=47.1]
BC[stage1_datasets_L40_stepsweep/bc_baseline_none_steps20000_tr1]:  66%|██████▌   | 13126/20000 [04:38<02:40, 42.90it/s, acc=0.311, device=mps, eta=2m29s, loss=1.9652, sps=47.1]
BC[stage1_datasets_L40_stepsweep/bc_baseline_none_steps20000_tr1]:  66%|██████▌   | 13133/20000 [04:39<02:22, 48.23it/s, acc=0.311, device=mps, eta=2m29s, loss=1.9652, sps=47.1]
BC[stage1_datasets_L40_stepsweep/bc_baseline_none_steps20000_tr1]:  66%|██████▌   | 13141/20000 [04:39<02:40, 42.63it/s, acc=0.311, device=mps, eta=2m29s, loss=1.9652, sps=47.1]
BC[stage1_datasets_L40_stepsweep/bc_baseline_none_steps20000_tr1]:  66%|██████▌   | 13149/20000 [04:39<02:17, 49.66it/s, acc=0.311, device=mps, eta=2m29s, loss=1.9652, sps=47.1]
BC[stage1_datasets_L40_stepsweep/bc_baseline_none_steps20000_tr1]:  66%|██████▌   | 13157/20000 [04:39<02:02, 55.79it/s, acc=0.311, device=mps, eta=2m29s, loss=1.9652, sps=47.1]
BC[stage1_datasets_L40_stepsweep/bc_baseline_none_steps20000_tr1]:  66%|██████▌   | 13164/20000 [04:39<02:23, 47.74it/s, acc=0.311, device=mps, eta=2m29s, loss=1.9652, sps=47.1]
BC[stage1_datasets_L40_stepsweep/bc_baseline_none_steps20000_tr1]:  66%|██████▌   | 13171/20000 [04:39<02:12, 51.43it/s, acc=0.311, device=mps, eta=2m29s, loss=1.9652, sps=47.1]
BC[stage1_datasets_L40_stepsweep/bc_baseline_none_steps20000_tr1]:  66%|██████▌   | 13178/20000 [04:39<02:05, 54.35it/s, acc=0.311, device=mps, eta=2m29s, loss=1.9652, sps=47.1]
BC[stage1_datasets_L40_stepsweep/bc_baseline_none_steps20000_tr1]:  66%|██████▌   | 13184/20000 [04:40<02:33, 44.39it/s, acc=0.311, device=mps, eta=2m29s, loss=1.9652, sps=47.1]
BC[stage1_datasets_L40_stepsweep/bc_baseline_none_steps20000_tr1]:  66%|██████▌   | 13190/20000 [04:40<02:25, 46.70it/s, acc=0.311, device=mps, eta=2m29s, loss=1.9652, sps=47.1]
BC[stage1_datasets_L40_stepsweep/bc_baseline_none_steps20000_tr1]:  66%|██████▌   | 13196/20000 [04:40<02:18, 48.98it/s, acc=0.311, device=mps, eta=2m29s, loss=1.9652, sps=47.1]
BC[stage1_datasets_L40_stepsweep/bc_baseline_none_steps20000_tr1]:  66%|██████▌   | 13196/20000 [04:40<02:18, 48.98it/s, acc=0.313, device=mps, eta=2m24s, loss=1.9675, sps=47.1]
BC[stage1_datasets_L40_stepsweep/bc_baseline_none_steps20000_tr1]:  66%|██████▌   | 13202/20000 [04:40<02:45, 41.19it/s, acc=0.313, device=mps, eta=2m24s, loss=1.9675, sps=47.1]
BC[stage1_datasets_L40_stepsweep/bc_baseline_none_steps20000_tr1]:  66%|██████▌   | 13208/20000 [04:40<02:30, 45.22it/s, acc=0.313, device=mps, eta=2m24s, loss=1.9675, sps=47.1]
BC[stage1_datasets_L40_stepsweep/bc_baseline_none_steps20000_tr1]:  66%|██████▌   | 13214/20000 [04:40<02:19, 48.66it/s, acc=0.313, device=mps, eta=2m24s, loss=1.9675, sps=47.1]
BC[stage1_datasets_L40_stepsweep/bc_baseline_none_steps20000_tr1]:  66%|██████▌   | 13221/20000 [04:40<02:44, 41.25it/s, acc=0.313, device=mps, eta=2m24s, loss=1.9675, sps=47.1]
BC[stage1_datasets_L40_stepsweep/bc_baseline_none_steps20000_tr1]:  66%|██████▌   | 13229/20000 [04:41<02:18, 48.90it/s, acc=0.313, device=mps, eta=2m24s, loss=1.9675, sps=47.1]
BC[stage1_datasets_L40_stepsweep/bc_baseline_none_steps20000_tr1]:  66%|██████▌   | 13237/20000 [04:41<02:03, 54.95it/s, acc=0.313, device=mps, eta=2m24s, loss=1.9675, sps=47.1]
BC[stage1_datasets_L40_stepsweep/bc_baseline_none_steps20000_tr1]:  66%|██████▌   | 13244/20000 [04:41<02:25, 46.36it/s, acc=0.313, device=mps, eta=2m24s, loss=1.9675, sps=47.1]
BC[stage1_datasets_L40_stepsweep/bc_baseline_none_steps20000_tr1]:  66%|██████▋   | 13252/20000 [04:41<02:06, 53.17it/s, acc=0.313, device=mps, eta=2m24s, loss=1.9675, sps=47.1]
BC[stage1_datasets_L40_stepsweep/bc_baseline_none_steps20000_tr1]:  66%|██████▋   | 13261/20000 [04:41<02:23, 47.01it/s, acc=0.313, device=mps, eta=2m24s, loss=1.9675, sps=47.1]
BC[stage1_datasets_L40_stepsweep/bc_baseline_none_steps20000_tr1]:  66%|██████▋   | 13267/20000 [04:41<02:19, 48.14it/s, acc=0.313, device=mps, eta=2m24s, loss=1.9675, sps=47.1]
BC[stage1_datasets_L40_stepsweep/bc_baseline_none_steps20000_tr1]:  66%|██████▋   | 13273/20000 [04:41<02:13, 50.50it/s, acc=0.313, device=mps, eta=2m24s, loss=1.9675, sps=47.1]
BC[stage1_datasets_L40_stepsweep/bc_baseline_none_steps20000_tr1]:  66%|██████▋   | 13280/20000 [04:42<02:02, 54.64it/s, acc=0.313, device=mps, eta=2m24s, loss=1.9675, sps=47.1]
BC[stage1_datasets_L40_stepsweep/bc_baseline_none_steps20000_tr1]:  66%|██████▋   | 13286/20000 [04:42<02:29, 44.80it/s, acc=0.313, device=mps, eta=2m24s, loss=1.9675, sps=47.1]
BC[stage1_datasets_L40_stepsweep/bc_baseline_none_steps20000_tr1]:  66%|██████▋   | 13293/20000 [04:42<02:14, 50.01it/s, acc=0.313, device=mps, eta=2m24s, loss=1.9675, sps=47.1]
BC[stage1_datasets_L40_stepsweep/bc_baseline_none_steps20000_tr1]:  67%|██████▋   | 13301/20000 [04:42<02:33, 43.70it/s, acc=0.313, device=mps, eta=2m24s, loss=1.9675, sps=47.1]
BC[stage1_datasets_L40_stepsweep/bc_baseline_none_steps20000_tr1]:  67%|██████▋   | 13309/20000 [04:42<02:12, 50.60it/s, acc=0.313, device=mps, eta=2m24s, loss=1.9675, sps=47.1]
BC[stage1_datasets_L40_stepsweep/bc_baseline_none_steps20000_tr1]:  67%|██████▋   | 13317/20000 [04:42<01:58, 56.35it/s, acc=0.313, device=mps, eta=2m24s, loss=1.9675, sps=47.1]
BC[stage1_datasets_L40_stepsweep/bc_baseline_none_steps20000_tr1]:  67%|██████▋   | 13324/20000 [04:42<02:20, 47.66it/s, acc=0.313, device=mps, eta=2m24s, loss=1.9675, sps=47.1]
BC[stage1_datasets_L40_stepsweep/bc_baseline_none_steps20000_tr1]:  67%|██████▋   | 13331/20000 [04:43<02:10, 51.05it/s, acc=0.313, device=mps, eta=2m24s, loss=1.9675, sps=47.1]
BC[stage1_datasets_L40_stepsweep/bc_baseline_none_steps20000_tr1]:  67%|██████▋   | 13337/20000 [04:43<02:07, 52.31it/s, acc=0.313, device=mps, eta=2m24s, loss=1.9675, sps=47.1]
BC[stage1_datasets_L40_stepsweep/bc_baseline_none_steps20000_tr1]:  67%|██████▋   | 13343/20000 [04:43<02:39, 41.70it/s, acc=0.313, device=mps, eta=2m24s, loss=1.9675, sps=47.1]
BC[stage1_datasets_L40_stepsweep/bc_baseline_none_steps20000_tr1]:  67%|██████▋   | 13349/20000 [04:43<02:26, 45.36it/s, acc=0.313, device=mps, eta=2m24s, loss=1.9675, sps=47.1]
BC[stage1_datasets_L40_stepsweep/bc_baseline_none_steps20000_tr1]:  67%|██████▋   | 13355/20000 [04:43<02:17, 48.46it/s, acc=0.313, device=mps, eta=2m24s, loss=1.9675, sps=47.1]
BC[stage1_datasets_L40_stepsweep/bc_baseline_none_steps20000_tr1]:  67%|██████▋   | 13361/20000 [04:43<02:42, 40.75it/s, acc=0.313, device=mps, eta=2m24s, loss=1.9675, sps=47.1]
BC[stage1_datasets_L40_stepsweep/bc_baseline_none_steps20000_tr1]:  67%|██████▋   | 13369/20000 [04:43<02:16, 48.67it/s, acc=0.313, device=mps, eta=2m24s, loss=1.9675, sps=47.1]
BC[stage1_datasets_L40_stepsweep/bc_baseline_none_steps20000_tr1]:  67%|██████▋   | 13377/20000 [04:44<01:59, 55.31it/s, acc=0.313, device=mps, eta=2m24s, loss=1.9675, sps=47.1]
BC[stage1_datasets_L40_stepsweep/bc_baseline_none_steps20000_tr1]:  67%|██████▋   | 13384/20000 [04:44<02:20, 47.08it/s, acc=0.313, device=mps, eta=2m24s, loss=1.9675, sps=47.1]
BC[stage1_datasets_L40_stepsweep/bc_baseline_none_steps20000_tr1]:  67%|██████▋   | 13391/20000 [04:44<02:09, 50.93it/s, acc=0.313, device=mps, eta=2m24s, loss=1.9675, sps=47.1]
BC[stage1_datasets_L40_stepsweep/bc_baseline_none_steps20000_tr1]:  67%|██████▋   | 13397/20000 [04:44<02:04, 52.85it/s, acc=0.313, device=mps, eta=2m24s, loss=1.9675, sps=47.1]
BC[stage1_datasets_L40_stepsweep/bc_baseline_none_steps20000_tr1]:  67%|██████▋   | 13397/20000 [04:44<02:04, 52.85it/s, acc=0.314, device=mps, eta=2m20s, loss=1.9607, sps=47.1]
BC[stage1_datasets_L40_stepsweep/bc_baseline_none_steps20000_tr1]:  67%|██████▋   | 13403/20000 [04:44<02:32, 43.19it/s, acc=0.314, device=mps, eta=2m20s, loss=1.9607, sps=47.1]
BC[stage1_datasets_L40_stepsweep/bc_baseline_none_steps20000_tr1]:  67%|██████▋   | 13409/20000 [04:44<02:25, 45.42it/s, acc=0.314, device=mps, eta=2m20s, loss=1.9607, sps=47.1]
BC[stage1_datasets_L40_stepsweep/bc_baseline_none_steps20000_tr1]:  67%|██████▋   | 13415/20000 [04:44<02:18, 47.63it/s, acc=0.314, device=mps, eta=2m20s, loss=1.9607, sps=47.1]
BC[stage1_datasets_L40_stepsweep/bc_baseline_none_steps20000_tr1]:  67%|██████▋   | 13421/20000 [04:45<02:48, 39.13it/s, acc=0.314, device=mps, eta=2m20s, loss=1.9607, sps=47.1]
BC[stage1_datasets_L40_stepsweep/bc_baseline_none_steps20000_tr1]:  67%|██████▋   | 13428/20000 [04:45<02:32, 43.05it/s, acc=0.314, device=mps, eta=2m20s, loss=1.9607, sps=47.1]
BC[stage1_datasets_L40_stepsweep/bc_baseline_none_steps20000_tr1]:  67%|██████▋   | 13433/20000 [04:45<02:28, 44.23it/s, acc=0.314, device=mps, eta=2m20s, loss=1.9607, sps=47.1]
BC[stage1_datasets_L40_stepsweep/bc_baseline_none_steps20000_tr1]:  67%|██████▋   | 13439/20000 [04:45<02:17, 47.80it/s, acc=0.314, device=mps, eta=2m20s, loss=1.9607, sps=47.1]
BC[stage1_datasets_L40_stepsweep/bc_baseline_none_steps20000_tr1]:  67%|██████▋   | 13445/20000 [04:45<02:40, 40.84it/s, acc=0.314, device=mps, eta=2m20s, loss=1.9607, sps=47.1]
BC[stage1_datasets_L40_stepsweep/bc_baseline_none_steps20000_tr1]:  67%|██████▋   | 13452/20000 [04:45<02:21, 46.38it/s, acc=0.314, device=mps, eta=2m20s, loss=1.9607, sps=47.1]
BC[stage1_datasets_L40_stepsweep/bc_baseline_none_steps20000_tr1]:  67%|██████▋   | 13460/20000 [04:45<02:01, 53.63it/s, acc=0.314, device=mps, eta=2m20s, loss=1.9607, sps=47.1]
BC[stage1_datasets_L40_stepsweep/bc_baseline_none_steps20000_tr1]:  67%|██████▋   | 13466/20000 [04:46<02:26, 44.65it/s, acc=0.314, device=mps, eta=2m20s, loss=1.9607, sps=47.1]
BC[stage1_datasets_L40_stepsweep/bc_baseline_none_steps20000_tr1]:  67%|██████▋   | 13474/20000 [04:46<02:06, 51.63it/s, acc=0.314, device=mps, eta=2m20s, loss=1.9607, sps=47.1]
BC[stage1_datasets_L40_stepsweep/bc_baseline_none_steps20000_tr1]:  67%|██████▋   | 13481/20000 [04:46<02:28, 43.77it/s, acc=0.314, device=mps, eta=2m20s, loss=1.9607, sps=47.1]
BC[stage1_datasets_L40_stepsweep/bc_baseline_none_steps20000_tr1]:  67%|██████▋   | 13486/20000 [04:46<02:25, 44.81it/s, acc=0.314, device=mps, eta=2m20s, loss=1.9607, sps=47.1]
BC[stage1_datasets_L40_stepsweep/bc_baseline_none_steps20000_tr1]:  67%|██████▋   | 13492/20000 [04:46<02:15, 47.99it/s, acc=0.314, device=mps, eta=2m20s, loss=1.9607, sps=47.1]
BC[stage1_datasets_L40_stepsweep/bc_baseline_none_steps20000_tr1]:  67%|██████▋   | 13499/20000 [04:46<02:03, 52.56it/s, acc=0.314, device=mps, eta=2m20s, loss=1.9607, sps=47.1]
BC[stage1_datasets_L40_stepsweep/bc_baseline_none_steps20000_tr1]:  68%|██████▊   | 13505/20000 [04:46<02:26, 44.20it/s, acc=0.314, device=mps, eta=2m20s, loss=1.9607, sps=47.1]
BC[stage1_datasets_L40_stepsweep/bc_baseline_none_steps20000_tr1]:  68%|██████▊   | 13513/20000 [04:46<02:06, 51.23it/s, acc=0.314, device=mps, eta=2m20s, loss=1.9607, sps=47.1]
BC[stage1_datasets_L40_stepsweep/bc_baseline_none_steps20000_tr1]:  68%|██████▊   | 13521/20000 [04:47<02:24, 44.77it/s, acc=0.314, device=mps, eta=2m20s, loss=1.9607, sps=47.1]
BC[stage1_datasets_L40_stepsweep/bc_baseline_none_steps20000_tr1]:  68%|██████▊   | 13529/20000 [04:47<02:05, 51.45it/s, acc=0.314, device=mps, eta=2m20s, loss=1.9607, sps=47.1]
BC[stage1_datasets_L40_stepsweep/bc_baseline_none_steps20000_tr1]:  68%|██████▊   | 13537/20000 [04:47<01:53, 57.08it/s, acc=0.314, device=mps, eta=2m20s, loss=1.9607, sps=47.1]
BC[stage1_datasets_L40_stepsweep/bc_baseline_none_steps20000_tr1]:  68%|██████▊   | 13544/20000 [04:47<02:15, 47.63it/s, acc=0.314, device=mps, eta=2m20s, loss=1.9607, sps=47.1]
BC[stage1_datasets_L40_stepsweep/bc_baseline_none_steps20000_tr1]:  68%|██████▊   | 13552/20000 [04:47<02:00, 53.67it/s, acc=0.314, device=mps, eta=2m20s, loss=1.9607, sps=47.1]
BC[stage1_datasets_L40_stepsweep/bc_baseline_none_steps20000_tr1]:  68%|██████▊   | 13560/20000 [04:47<01:48, 59.11it/s, acc=0.314, device=mps, eta=2m20s, loss=1.9607, sps=47.1]
BC[stage1_datasets_L40_stepsweep/bc_baseline_none_steps20000_tr1]:  68%|██████▊   | 13567/20000 [04:48<02:17, 46.86it/s, acc=0.314, device=mps, eta=2m20s, loss=1.9607, sps=47.1]
BC[stage1_datasets_L40_stepsweep/bc_baseline_none_steps20000_tr1]:  68%|██████▊   | 13573/20000 [04:48<02:10, 49.31it/s, acc=0.314, device=mps, eta=2m20s, loss=1.9607, sps=47.1]
BC[stage1_datasets_L40_stepsweep/bc_baseline_none_steps20000_tr1]:  68%|██████▊   | 13579/20000 [04:48<02:04, 51.62it/s, acc=0.314, device=mps, eta=2m20s, loss=1.9607, sps=47.1]
BC[stage1_datasets_L40_stepsweep/bc_baseline_none_steps20000_tr1]:  68%|██████▊   | 13585/20000 [04:48<02:29, 43.04it/s, acc=0.314, device=mps, eta=2m20s, loss=1.9607, sps=47.1]
BC[stage1_datasets_L40_stepsweep/bc_baseline_none_steps20000_tr1]:  68%|██████▊   | 13591/20000 [04:48<02:19, 46.05it/s, acc=0.314, device=mps, eta=2m20s, loss=1.9607, sps=47.1]
BC[stage1_datasets_L40_stepsweep/bc_baseline_none_steps20000_tr1]:  68%|██████▊   | 13597/20000 [04:48<02:10, 48.90it/s, acc=0.314, device=mps, eta=2m20s, loss=1.9607, sps=47.1]
BC[stage1_datasets_L40_stepsweep/bc_baseline_none_steps20000_tr1]:  68%|██████▊   | 13597/20000 [04:48<02:10, 48.90it/s, acc=0.312, device=mps, eta=2m16s, loss=1.9673, sps=47.1]
BC[stage1_datasets_L40_stepsweep/bc_baseline_none_steps20000_tr1]:  68%|██████▊   | 13603/20000 [04:48<02:35, 41.19it/s, acc=0.312, device=mps, eta=2m16s, loss=1.9673, sps=47.1]
BC[stage1_datasets_L40_stepsweep/bc_baseline_none_steps20000_tr1]:  68%|██████▊   | 13610/20000 [04:49<02:18, 46.23it/s, acc=0.312, device=mps, eta=2m16s, loss=1.9673, sps=47.1]
BC[stage1_datasets_L40_stepsweep/bc_baseline_none_steps20000_tr1]:  68%|██████▊   | 13617/20000 [04:49<02:05, 50.89it/s, acc=0.312, device=mps, eta=2m16s, loss=1.9673, sps=47.1]
BC[stage1_datasets_L40_stepsweep/bc_baseline_none_steps20000_tr1]:  68%|██████▊   | 13623/20000 [04:49<02:27, 43.14it/s, acc=0.312, device=mps, eta=2m16s, loss=1.9673, sps=47.1]
BC[stage1_datasets_L40_stepsweep/bc_baseline_none_steps20000_tr1]:  68%|██████▊   | 13631/20000 [04:49<02:05, 50.59it/s, acc=0.312, device=mps, eta=2m16s, loss=1.9673, sps=47.1]
BC[stage1_datasets_L40_stepsweep/bc_baseline_none_steps20000_tr1]:  68%|██████▊   | 13639/20000 [04:49<01:52, 56.39it/s, acc=0.312, device=mps, eta=2m16s, loss=1.9673, sps=47.1]
BC[stage1_datasets_L40_stepsweep/bc_baseline_none_steps20000_tr1]:  68%|██████▊   | 13646/20000 [04:49<02:17, 46.19it/s, acc=0.312, device=mps, eta=2m16s, loss=1.9673, sps=47.1]
BC[stage1_datasets_L40_stepsweep/bc_baseline_none_steps20000_tr1]:  68%|██████▊   | 13653/20000 [04:49<02:07, 49.70it/s, acc=0.312, device=mps, eta=2m16s, loss=1.9673, sps=47.1]
BC[stage1_datasets_L40_stepsweep/bc_baseline_none_steps20000_tr1]:  68%|██████▊   | 13660/20000 [04:49<01:58, 53.67it/s, acc=0.312, device=mps, eta=2m16s, loss=1.9673, sps=47.1]
BC[stage1_datasets_L40_stepsweep/bc_baseline_none_steps20000_tr1]:  68%|██████▊   | 13666/20000 [04:50<02:26, 43.30it/s, acc=0.312, device=mps, eta=2m16s, loss=1.9673, sps=47.1]
BC[stage1_datasets_L40_stepsweep/bc_baseline_none_steps20000_tr1]:  68%|██████▊   | 13673/20000 [04:50<02:11, 48.17it/s, acc=0.312, device=mps, eta=2m16s, loss=1.9673, sps=47.1]
BC[stage1_datasets_L40_stepsweep/bc_baseline_none_steps20000_tr1]:  68%|██████▊   | 13681/20000 [04:50<02:28, 42.64it/s, acc=0.312, device=mps, eta=2m16s, loss=1.9673, sps=47.1]
BC[stage1_datasets_L40_stepsweep/bc_baseline_none_steps20000_tr1]:  68%|██████▊   | 13689/20000 [04:50<02:07, 49.47it/s, acc=0.312, device=mps, eta=2m16s, loss=1.9673, sps=47.1]
BC[stage1_datasets_L40_stepsweep/bc_baseline_none_steps20000_tr1]:  68%|██████▊   | 13697/20000 [04:50<01:54, 55.12it/s, acc=0.312, device=mps, eta=2m16s, loss=1.9673, sps=47.1]
BC[stage1_datasets_L40_stepsweep/bc_baseline_none_steps20000_tr1]:  69%|██████▊   | 13704/20000 [04:50<02:14, 46.86it/s, acc=0.312, device=mps, eta=2m16s, loss=1.9673, sps=47.1]
BC[stage1_datasets_L40_stepsweep/bc_baseline_none_steps20000_tr1]:  69%|██████▊   | 13712/20000 [04:51<01:58, 52.91it/s, acc=0.312, device=mps, eta=2m16s, loss=1.9673, sps=47.1]
BC[stage1_datasets_L40_stepsweep/bc_baseline_none_steps20000_tr1]:  69%|██████▊   | 13720/20000 [04:51<01:47, 58.42it/s, acc=0.312, device=mps, eta=2m16s, loss=1.9673, sps=47.1]
BC[stage1_datasets_L40_stepsweep/bc_baseline_none_steps20000_tr1]:  69%|██████▊   | 13727/20000 [04:51<02:13, 47.14it/s, acc=0.312, device=mps, eta=2m16s, loss=1.9673, sps=47.1]
BC[stage1_datasets_L40_stepsweep/bc_baseline_none_steps20000_tr1]:  69%|██████▊   | 13733/20000 [04:51<02:06, 49.60it/s, acc=0.312, device=mps, eta=2m16s, loss=1.9673, sps=47.1]
BC[stage1_datasets_L40_stepsweep/bc_baseline_none_steps20000_tr1]:  69%|██████▊   | 13739/20000 [04:51<02:01, 51.73it/s, acc=0.312, device=mps, eta=2m16s, loss=1.9673, sps=47.1]
BC[stage1_datasets_L40_stepsweep/bc_baseline_none_steps20000_tr1]:  69%|██████▊   | 13745/20000 [04:51<02:29, 41.74it/s, acc=0.312, device=mps, eta=2m16s, loss=1.9673, sps=47.1]
BC[stage1_datasets_L40_stepsweep/bc_baseline_none_steps20000_tr1]:  69%|██████▉   | 13751/20000 [04:51<02:17, 45.55it/s, acc=0.312, device=mps, eta=2m16s, loss=1.9673, sps=47.1]
BC[stage1_datasets_L40_stepsweep/bc_baseline_none_steps20000_tr1]:  69%|██████▉   | 13758/20000 [04:52<02:05, 49.87it/s, acc=0.312, device=mps, eta=2m16s, loss=1.9673, sps=47.1]
BC[stage1_datasets_L40_stepsweep/bc_baseline_none_steps20000_tr1]:  69%|██████▉   | 13764/20000 [04:52<02:27, 42.18it/s, acc=0.312, device=mps, eta=2m16s, loss=1.9673, sps=47.1]
BC[stage1_datasets_L40_stepsweep/bc_baseline_none_steps20000_tr1]:  69%|██████▉   | 13771/20000 [04:52<02:12, 47.19it/s, acc=0.312, device=mps, eta=2m16s, loss=1.9673, sps=47.1]
BC[stage1_datasets_L40_stepsweep/bc_baseline_none_steps20000_tr1]:  69%|██████▉   | 13778/20000 [04:52<02:00, 51.81it/s, acc=0.312, device=mps, eta=2m16s, loss=1.9673, sps=47.1]
BC[stage1_datasets_L40_stepsweep/bc_baseline_none_steps20000_tr1]:  69%|██████▉   | 13784/20000 [04:52<02:23, 43.34it/s, acc=0.312, device=mps, eta=2m16s, loss=1.9673, sps=47.1]
BC[stage1_datasets_L40_stepsweep/bc_baseline_none_steps20000_tr1]:  69%|██████▉   | 13790/20000 [04:52<02:12, 46.72it/s, acc=0.312, device=mps, eta=2m16s, loss=1.9673, sps=47.1]
BC[stage1_datasets_L40_stepsweep/bc_baseline_none_steps20000_tr1]:  69%|██████▉   | 13797/20000 [04:52<02:03, 50.40it/s, acc=0.312, device=mps, eta=2m16s, loss=1.9673, sps=47.1]
BC[stage1_datasets_L40_stepsweep/bc_baseline_none_steps20000_tr1]:  69%|██████▉   | 13797/20000 [04:52<02:03, 50.40it/s, acc=0.316, device=mps, eta=2m12s, loss=1.9613, sps=47.1]
BC[stage1_datasets_L40_stepsweep/bc_baseline_none_steps20000_tr1]:  69%|██████▉   | 13803/20000 [04:53<02:25, 42.46it/s, acc=0.316, device=mps, eta=2m12s, loss=1.9613, sps=47.1]
BC[stage1_datasets_L40_stepsweep/bc_baseline_none_steps20000_tr1]:  69%|██████▉   | 13810/20000 [04:53<02:11, 47.15it/s, acc=0.316, device=mps, eta=2m12s, loss=1.9613, sps=47.1]
BC[stage1_datasets_L40_stepsweep/bc_baseline_none_steps20000_tr1]:  69%|██████▉   | 13817/20000 [04:53<02:01, 50.83it/s, acc=0.316, device=mps, eta=2m12s, loss=1.9613, sps=47.1]
BC[stage1_datasets_L40_stepsweep/bc_baseline_none_steps20000_tr1]:  69%|██████▉   | 13823/20000 [04:53<02:25, 42.52it/s, acc=0.316, device=mps, eta=2m12s, loss=1.9613, sps=47.1]
BC[stage1_datasets_L40_stepsweep/bc_baseline_none_steps20000_tr1]:  69%|██████▉   | 13829/20000 [04:53<02:16, 45.11it/s, acc=0.316, device=mps, eta=2m12s, loss=1.9613, sps=47.1]
BC[stage1_datasets_L40_stepsweep/bc_baseline_none_steps20000_tr1]:  69%|██████▉   | 13836/20000 [04:53<02:04, 49.32it/s, acc=0.316, device=mps, eta=2m12s, loss=1.9613, sps=47.1]
BC[stage1_datasets_L40_stepsweep/bc_baseline_none_steps20000_tr1]:  69%|██████▉   | 13842/20000 [04:53<02:31, 40.58it/s, acc=0.316, device=mps, eta=2m12s, loss=1.9613, sps=47.1]
BC[stage1_datasets_L40_stepsweep/bc_baseline_none_steps20000_tr1]:  69%|██████▉   | 13848/20000 [04:54<02:19, 44.13it/s, acc=0.316, device=mps, eta=2m12s, loss=1.9613, sps=47.1]
BC[stage1_datasets_L40_stepsweep/bc_baseline_none_steps20000_tr1]:  69%|██████▉   | 13854/20000 [04:54<02:09, 47.30it/s, acc=0.316, device=mps, eta=2m12s, loss=1.9613, sps=47.1]
BC[stage1_datasets_L40_stepsweep/bc_baseline_none_steps20000_tr1]:  69%|██████▉   | 13861/20000 [04:54<02:32, 40.36it/s, acc=0.316, device=mps, eta=2m12s, loss=1.9613, sps=47.1]
BC[stage1_datasets_L40_stepsweep/bc_baseline_none_steps20000_tr1]:  69%|██████▉   | 13869/20000 [04:54<02:06, 48.41it/s, acc=0.316, device=mps, eta=2m12s, loss=1.9613, sps=47.1]
BC[stage1_datasets_L40_stepsweep/bc_baseline_none_steps20000_tr1]:  69%|██████▉   | 13877/20000 [04:54<01:50, 55.35it/s, acc=0.316, device=mps, eta=2m12s, loss=1.9613, sps=47.1]
BC[stage1_datasets_L40_stepsweep/bc_baseline_none_steps20000_tr1]:  69%|██████▉   | 13884/20000 [04:54<02:09, 47.14it/s, acc=0.316, device=mps, eta=2m12s, loss=1.9613, sps=47.1]
BC[stage1_datasets_L40_stepsweep/bc_baseline_none_steps20000_tr1]:  69%|██████▉   | 13891/20000 [04:54<01:59, 51.24it/s, acc=0.316, device=mps, eta=2m12s, loss=1.9613, sps=47.1]
BC[stage1_datasets_L40_stepsweep/bc_baseline_none_steps20000_tr1]:  69%|██████▉   | 13898/20000 [04:54<01:53, 53.74it/s, acc=0.316, device=mps, eta=2m12s, loss=1.9613, sps=47.1]
BC[stage1_datasets_L40_stepsweep/bc_baseline_none_steps20000_tr1]:  70%|██████▉   | 13904/20000 [04:55<02:20, 43.43it/s, acc=0.316, device=mps, eta=2m12s, loss=1.9613, sps=47.1]
BC[stage1_datasets_L40_stepsweep/bc_baseline_none_steps20000_tr1]:  70%|██████▉   | 13910/20000 [04:55<02:12, 46.13it/s, acc=0.316, device=mps, eta=2m12s, loss=1.9613, sps=47.1]
BC[stage1_datasets_L40_stepsweep/bc_baseline_none_steps20000_tr1]:  70%|██████▉   | 13916/20000 [04:55<02:05, 48.31it/s, acc=0.316, device=mps, eta=2m12s, loss=1.9613, sps=47.1]
BC[stage1_datasets_L40_stepsweep/bc_baseline_none_steps20000_tr1]:  70%|██████▉   | 13922/20000 [04:55<02:33, 39.55it/s, acc=0.316, device=mps, eta=2m12s, loss=1.9613, sps=47.1]
BC[stage1_datasets_L40_stepsweep/bc_baseline_none_steps20000_tr1]:  70%|██████▉   | 13928/20000 [04:55<02:23, 42.28it/s, acc=0.316, device=mps, eta=2m12s, loss=1.9613, sps=47.1]
BC[stage1_datasets_L40_stepsweep/bc_baseline_none_steps20000_tr1]:  70%|██████▉   | 13935/20000 [04:55<02:08, 47.19it/s, acc=0.316, device=mps, eta=2m12s, loss=1.9613, sps=47.1]
BC[stage1_datasets_L40_stepsweep/bc_baseline_none_steps20000_tr1]:  70%|██████▉   | 13941/20000 [04:56<02:30, 40.14it/s, acc=0.316, device=mps, eta=2m12s, loss=1.9613, sps=47.1]
BC[stage1_datasets_L40_stepsweep/bc_baseline_none_steps20000_tr1]:  70%|██████▉   | 13949/20000 [04:56<02:05, 48.03it/s, acc=0.316, device=mps, eta=2m12s, loss=1.9613, sps=47.1]
BC[stage1_datasets_L40_stepsweep/bc_baseline_none_steps20000_tr1]:  70%|██████▉   | 13957/20000 [04:56<01:50, 54.68it/s, acc=0.316, device=mps, eta=2m12s, loss=1.9613, sps=47.1]
BC[stage1_datasets_L40_stepsweep/bc_baseline_none_steps20000_tr1]:  70%|██████▉   | 13964/20000 [04:56<02:09, 46.48it/s, acc=0.316, device=mps, eta=2m12s, loss=1.9613, sps=47.1]
BC[stage1_datasets_L40_stepsweep/bc_baseline_none_steps20000_tr1]:  70%|██████▉   | 13971/20000 [04:56<01:59, 50.42it/s, acc=0.316, device=mps, eta=2m12s, loss=1.9613, sps=47.1]
BC[stage1_datasets_L40_stepsweep/bc_baseline_none_steps20000_tr1]:  70%|██████▉   | 13977/20000 [04:56<01:55, 52.26it/s, acc=0.316, device=mps, eta=2m12s, loss=1.9613, sps=47.1]
BC[stage1_datasets_L40_stepsweep/bc_baseline_none_steps20000_tr1]:  70%|██████▉   | 13983/20000 [04:56<02:20, 42.72it/s, acc=0.316, device=mps, eta=2m12s, loss=1.9613, sps=47.1]
BC[stage1_datasets_L40_stepsweep/bc_baseline_none_steps20000_tr1]:  70%|██████▉   | 13990/20000 [04:57<02:06, 47.52it/s, acc=0.316, device=mps, eta=2m12s, loss=1.9613, sps=47.1]
BC[stage1_datasets_L40_stepsweep/bc_baseline_none_steps20000_tr1]:  70%|██████▉   | 13996/20000 [04:57<02:01, 49.48it/s, acc=0.316, device=mps, eta=2m12s, loss=1.9613, sps=47.1]
BC[stage1_datasets_L40_stepsweep/bc_baseline_none_steps20000_tr1]:  70%|██████▉   | 13996/20000 [04:57<02:01, 49.48it/s, acc=0.312, device=mps, eta=2m07s, loss=1.9636, sps=47.1]
BC[stage1_datasets_L40_stepsweep/bc_baseline_none_steps20000_tr1]:  70%|███████   | 14002/20000 [04:57<02:25, 41.33it/s, acc=0.312, device=mps, eta=2m07s, loss=1.9636, sps=47.1]
BC[stage1_datasets_L40_stepsweep/bc_baseline_none_steps20000_tr1]:  70%|███████   | 14009/20000 [04:57<02:09, 46.44it/s, acc=0.312, device=mps, eta=2m07s, loss=1.9636, sps=47.1]
BC[stage1_datasets_L40_stepsweep/bc_baseline_none_steps20000_tr1]:  70%|███████   | 14016/20000 [04:57<01:57, 51.11it/s, acc=0.312, device=mps, eta=2m07s, loss=1.9636, sps=47.1]
BC[stage1_datasets_L40_stepsweep/bc_baseline_none_steps20000_tr1]:  70%|███████   | 14022/20000 [04:57<02:19, 42.72it/s, acc=0.312, device=mps, eta=2m07s, loss=1.9636, sps=47.1]
BC[stage1_datasets_L40_stepsweep/bc_baseline_none_steps20000_tr1]:  70%|███████   | 14030/20000 [04:57<01:59, 50.16it/s, acc=0.312, device=mps, eta=2m07s, loss=1.9636, sps=47.1]
BC[stage1_datasets_L40_stepsweep/bc_baseline_none_steps20000_tr1]:  70%|███████   | 14038/20000 [04:57<01:46, 56.03it/s, acc=0.312, device=mps, eta=2m07s, loss=1.9636, sps=47.1]
BC[stage1_datasets_L40_stepsweep/bc_baseline_none_steps20000_tr1]:  70%|███████   | 14045/20000 [04:58<02:08, 46.46it/s, acc=0.312, device=mps, eta=2m07s, loss=1.9636, sps=47.1]
BC[stage1_datasets_L40_stepsweep/bc_baseline_none_steps20000_tr1]:  70%|███████   | 14052/20000 [04:58<01:58, 50.03it/s, acc=0.312, device=mps, eta=2m07s, loss=1.9636, sps=47.1]
BC[stage1_datasets_L40_stepsweep/bc_baseline_none_steps20000_tr1]:  70%|███████   | 14059/20000 [04:58<01:51, 53.34it/s, acc=0.312, device=mps, eta=2m07s, loss=1.9636, sps=47.1]
BC[stage1_datasets_L40_stepsweep/bc_baseline_none_steps20000_tr1]:  70%|███████   | 14065/20000 [04:58<02:13, 44.30it/s, acc=0.312, device=mps, eta=2m07s, loss=1.9636, sps=47.1]
BC[stage1_datasets_L40_stepsweep/bc_baseline_none_steps20000_tr1]:  70%|███████   | 14072/20000 [04:58<02:02, 48.51it/s, acc=0.312, device=mps, eta=2m07s, loss=1.9636, sps=47.1]
BC[stage1_datasets_L40_stepsweep/bc_baseline_none_steps20000_tr1]:  70%|███████   | 14079/20000 [04:58<01:53, 52.03it/s, acc=0.312, device=mps, eta=2m07s, loss=1.9636, sps=47.1]
BC[stage1_datasets_L40_stepsweep/bc_baseline_none_steps20000_tr1]:  70%|███████   | 14085/20000 [04:59<02:17, 43.02it/s, acc=0.312, device=mps, eta=2m07s, loss=1.9636, sps=47.1]
BC[stage1_datasets_L40_stepsweep/bc_baseline_none_steps20000_tr1]:  70%|███████   | 14091/20000 [04:59<02:07, 46.41it/s, acc=0.312, device=mps, eta=2m07s, loss=1.9636, sps=47.1]
BC[stage1_datasets_L40_stepsweep/bc_baseline_none_steps20000_tr1]:  70%|███████   | 14097/20000 [04:59<02:00, 48.96it/s, acc=0.312, device=mps, eta=2m07s, loss=1.9636, sps=47.1]
BC[stage1_datasets_L40_stepsweep/bc_baseline_none_steps20000_tr1]:  71%|███████   | 14103/20000 [04:59<02:25, 40.57it/s, acc=0.312, device=mps, eta=2m07s, loss=1.9636, sps=47.1]
BC[stage1_datasets_L40_stepsweep/bc_baseline_none_steps20000_tr1]:  71%|███████   | 14109/20000 [04:59<02:14, 43.66it/s, acc=0.312, device=mps, eta=2m07s, loss=1.9636, sps=47.1]
BC[stage1_datasets_L40_stepsweep/bc_baseline_none_steps20000_tr1]:  71%|███████   | 14115/20000 [04:59<02:04, 47.16it/s, acc=0.312, device=mps, eta=2m07s, loss=1.9636, sps=47.1]
BC[stage1_datasets_L40_stepsweep/bc_baseline_none_steps20000_tr1]:  71%|███████   | 14121/20000 [04:59<02:27, 39.90it/s, acc=0.312, device=mps, eta=2m07s, loss=1.9636, sps=47.1]
BC[stage1_datasets_L40_stepsweep/bc_baseline_none_steps20000_tr1]:  71%|███████   | 14127/20000 [04:59<02:15, 43.19it/s, acc=0.312, device=mps, eta=2m07s, loss=1.9636, sps=47.1]
BC[stage1_datasets_L40_stepsweep/bc_baseline_none_steps20000_tr1]:  71%|███████   | 14133/20000 [05:00<02:04, 46.97it/s, acc=0.312, device=mps, eta=2m07s, loss=1.9636, sps=47.1]
BC[stage1_datasets_L40_stepsweep/bc_baseline_none_steps20000_tr1]:  71%|███████   | 14139/20000 [05:00<01:56, 50.18it/s, acc=0.312, device=mps, eta=2m07s, loss=1.9636, sps=47.1]
BC[stage1_datasets_L40_stepsweep/bc_baseline_none_steps20000_tr1]:  71%|███████   | 14145/20000 [05:00<02:21, 41.26it/s, acc=0.312, device=mps, eta=2m07s, loss=1.9636, sps=47.1]
BC[stage1_datasets_L40_stepsweep/bc_baseline_none_steps20000_tr1]:  71%|███████   | 14151/20000 [05:00<02:12, 44.22it/s, acc=0.312, device=mps, eta=2m07s, loss=1.9636, sps=47.1]
BC[stage1_datasets_L40_stepsweep/bc_baseline_none_steps20000_tr1]:  71%|███████   | 14157/20000 [05:00<02:04, 46.94it/s, acc=0.312, device=mps, eta=2m07s, loss=1.9636, sps=47.1]
BC[stage1_datasets_L40_stepsweep/bc_baseline_none_steps20000_tr1]:  71%|███████   | 14163/20000 [05:00<02:31, 38.53it/s, acc=0.312, device=mps, eta=2m07s, loss=1.9636, sps=47.1]
BC[stage1_datasets_L40_stepsweep/bc_baseline_none_steps20000_tr1]:  71%|███████   | 14168/20000 [05:00<02:22, 40.88it/s, acc=0.312, device=mps, eta=2m07s, loss=1.9636, sps=47.1]
BC[stage1_datasets_L40_stepsweep/bc_baseline_none_steps20000_tr1]:  71%|███████   | 14175/20000 [05:01<02:05, 46.41it/s, acc=0.312, device=mps, eta=2m07s, loss=1.9636, sps=47.1]
BC[stage1_datasets_L40_stepsweep/bc_baseline_none_steps20000_tr1]:  71%|███████   | 14181/20000 [05:01<02:26, 39.68it/s, acc=0.312, device=mps, eta=2m07s, loss=1.9636, sps=47.1]
BC[stage1_datasets_L40_stepsweep/bc_baseline_none_steps20000_tr1]:  71%|███████   | 14189/20000 [05:01<02:02, 47.57it/s, acc=0.312, device=mps, eta=2m07s, loss=1.9636, sps=47.1]
BC[stage1_datasets_L40_stepsweep/bc_baseline_none_steps20000_tr1]:  71%|███████   | 14197/20000 [05:01<01:47, 53.89it/s, acc=0.312, device=mps, eta=2m07s, loss=1.9636, sps=47.1]
BC[stage1_datasets_L40_stepsweep/bc_baseline_none_steps20000_tr1]:  71%|███████   | 14197/20000 [05:01<01:47, 53.89it/s, acc=0.314, device=mps, eta=2m03s, loss=1.9606, sps=47.1]
BC[stage1_datasets_L40_stepsweep/bc_baseline_none_steps20000_tr1]:  71%|███████   | 14203/20000 [05:01<02:08, 45.29it/s, acc=0.314, device=mps, eta=2m03s, loss=1.9606, sps=47.1]
BC[stage1_datasets_L40_stepsweep/bc_baseline_none_steps20000_tr1]:  71%|███████   | 14209/20000 [05:01<02:00, 48.14it/s, acc=0.314, device=mps, eta=2m03s, loss=1.9606, sps=47.1]
BC[stage1_datasets_L40_stepsweep/bc_baseline_none_steps20000_tr1]:  71%|███████   | 14215/20000 [05:01<01:54, 50.67it/s, acc=0.314, device=mps, eta=2m03s, loss=1.9606, sps=47.1]
BC[stage1_datasets_L40_stepsweep/bc_baseline_none_steps20000_tr1]:  71%|███████   | 14221/20000 [05:02<02:21, 40.71it/s, acc=0.314, device=mps, eta=2m03s, loss=1.9606, sps=47.1]
BC[stage1_datasets_L40_stepsweep/bc_baseline_none_steps20000_tr1]:  71%|███████   | 14229/20000 [05:02<01:59, 48.41it/s, acc=0.314, device=mps, eta=2m03s, loss=1.9606, sps=47.1]
BC[stage1_datasets_L40_stepsweep/bc_baseline_none_steps20000_tr1]:  71%|███████   | 14237/20000 [05:02<01:45, 54.46it/s, acc=0.314, device=mps, eta=2m03s, loss=1.9606, sps=47.1]
BC[stage1_datasets_L40_stepsweep/bc_baseline_none_steps20000_tr1]:  71%|███████   | 14243/20000 [05:02<02:04, 46.41it/s, acc=0.314, device=mps, eta=2m03s, loss=1.9606, sps=47.1]
BC[stage1_datasets_L40_stepsweep/bc_baseline_none_steps20000_tr1]:  71%|███████▏  | 14251/20000 [05:02<01:48, 53.03it/s, acc=0.314, device=mps, eta=2m03s, loss=1.9606, sps=47.1]
BC[stage1_datasets_L40_stepsweep/bc_baseline_none_steps20000_tr1]:  71%|███████▏  | 14259/20000 [05:02<01:38, 58.52it/s, acc=0.314, device=mps, eta=2m03s, loss=1.9606, sps=47.1]
BC[stage1_datasets_L40_stepsweep/bc_baseline_none_steps20000_tr1]:  71%|███████▏  | 14266/20000 [05:02<01:58, 48.34it/s, acc=0.314, device=mps, eta=2m03s, loss=1.9606, sps=47.1]
BC[stage1_datasets_L40_stepsweep/bc_baseline_none_steps20000_tr1]:  71%|███████▏  | 14273/20000 [05:03<01:51, 51.43it/s, acc=0.314, device=mps, eta=2m03s, loss=1.9606, sps=47.1]
BC[stage1_datasets_L40_stepsweep/bc_baseline_none_steps20000_tr1]:  71%|███████▏  | 14279/20000 [05:03<01:47, 53.41it/s, acc=0.314, device=mps, eta=2m03s, loss=1.9606, sps=47.1]
BC[stage1_datasets_L40_stepsweep/bc_baseline_none_steps20000_tr1]:  71%|███████▏  | 14285/20000 [05:03<02:10, 43.81it/s, acc=0.314, device=mps, eta=2m03s, loss=1.9606, sps=47.1]
BC[stage1_datasets_L40_stepsweep/bc_baseline_none_steps20000_tr1]:  71%|███████▏  | 14291/20000 [05:03<02:00, 47.27it/s, acc=0.314, device=mps, eta=2m03s, loss=1.9606, sps=47.1]
BC[stage1_datasets_L40_stepsweep/bc_baseline_none_steps20000_tr1]:  71%|███████▏  | 14298/20000 [05:03<01:51, 51.26it/s, acc=0.314, device=mps, eta=2m03s, loss=1.9606, sps=47.1]
BC[stage1_datasets_L40_stepsweep/bc_baseline_none_steps20000_tr1]:  72%|███████▏  | 14304/20000 [05:03<02:13, 42.70it/s, acc=0.314, device=mps, eta=2m03s, loss=1.9606, sps=47.1]
BC[stage1_datasets_L40_stepsweep/bc_baseline_none_steps20000_tr1]:  72%|███████▏  | 14312/20000 [05:03<01:53, 50.08it/s, acc=0.314, device=mps, eta=2m03s, loss=1.9606, sps=47.1]
BC[stage1_datasets_L40_stepsweep/bc_baseline_none_steps20000_tr1]:  72%|███████▏  | 14320/20000 [05:03<01:40, 56.59it/s, acc=0.314, device=mps, eta=2m03s, loss=1.9606, sps=47.1]
BC[stage1_datasets_L40_stepsweep/bc_baseline_none_steps20000_tr1]:  72%|███████▏  | 14327/20000 [05:04<02:04, 45.67it/s, acc=0.314, device=mps, eta=2m03s, loss=1.9606, sps=47.1]
BC[stage1_datasets_L40_stepsweep/bc_baseline_none_steps20000_tr1]:  72%|███████▏  | 14334/20000 [05:04<01:55, 49.24it/s, acc=0.314, device=mps, eta=2m03s, loss=1.9606, sps=47.1]
BC[stage1_datasets_L40_stepsweep/bc_baseline_none_steps20000_tr1]:  72%|███████▏  | 14341/20000 [05:04<02:14, 42.02it/s, acc=0.314, device=mps, eta=2m03s, loss=1.9606, sps=47.1]
BC[stage1_datasets_L40_stepsweep/bc_baseline_none_steps20000_tr1]:  72%|███████▏  | 14349/20000 [05:04<01:55, 49.01it/s, acc=0.314, device=mps, eta=2m03s, loss=1.9606, sps=47.1]
BC[stage1_datasets_L40_stepsweep/bc_baseline_none_steps20000_tr1]:  72%|███████▏  | 14357/20000 [05:04<01:42, 55.10it/s, acc=0.314, device=mps, eta=2m03s, loss=1.9606, sps=47.1]
BC[stage1_datasets_L40_stepsweep/bc_baseline_none_steps20000_tr1]:  72%|███████▏  | 14364/20000 [05:04<02:00, 46.60it/s, acc=0.314, device=mps, eta=2m03s, loss=1.9606, sps=47.1]
BC[stage1_datasets_L40_stepsweep/bc_baseline_none_steps20000_tr1]:  72%|███████▏  | 14372/20000 [05:05<01:46, 52.89it/s, acc=0.314, device=mps, eta=2m03s, loss=1.9606, sps=47.1]
BC[stage1_datasets_L40_stepsweep/bc_baseline_none_steps20000_tr1]:  72%|███████▏  | 14380/20000 [05:05<01:35, 59.09it/s, acc=0.314, device=mps, eta=2m03s, loss=1.9606, sps=47.1]
BC[stage1_datasets_L40_stepsweep/bc_baseline_none_steps20000_tr1]:  72%|███████▏  | 14387/20000 [05:05<01:55, 48.43it/s, acc=0.314, device=mps, eta=2m03s, loss=1.9606, sps=47.1]
BC[stage1_datasets_L40_stepsweep/bc_baseline_none_steps20000_tr1]:  72%|███████▏  | 14394/20000 [05:05<01:47, 52.11it/s, acc=0.314, device=mps, eta=2m03s, loss=1.9606, sps=47.1]
BC[stage1_datasets_L40_stepsweep/bc_baseline_none_steps20000_tr1]:  72%|███████▏  | 14394/20000 [05:05<01:47, 52.11it/s, acc=0.314, device=mps, eta=1m59s, loss=1.9602, sps=47.1]
BC[stage1_datasets_L40_stepsweep/bc_baseline_none_steps20000_tr1]:  72%|███████▏  | 14401/20000 [05:05<02:06, 44.24it/s, acc=0.314, device=mps, eta=1m59s, loss=1.9602, sps=47.1]
BC[stage1_datasets_L40_stepsweep/bc_baseline_none_steps20000_tr1]:  72%|███████▏  | 14407/20000 [05:05<02:02, 45.49it/s, acc=0.314, device=mps, eta=1m59s, loss=1.9602, sps=47.1]
BC[stage1_datasets_L40_stepsweep/bc_baseline_none_steps20000_tr1]:  72%|███████▏  | 14413/20000 [05:05<01:57, 47.71it/s, acc=0.314, device=mps, eta=1m59s, loss=1.9602, sps=47.1]
BC[stage1_datasets_L40_stepsweep/bc_baseline_none_steps20000_tr1]:  72%|███████▏  | 14420/20000 [05:06<01:47, 51.79it/s, acc=0.314, device=mps, eta=1m59s, loss=1.9602, sps=47.1]
BC[stage1_datasets_L40_stepsweep/bc_baseline_none_steps20000_tr1]:  72%|███████▏  | 14426/20000 [05:06<02:11, 42.25it/s, acc=0.314, device=mps, eta=1m59s, loss=1.9602, sps=47.1]
BC[stage1_datasets_L40_stepsweep/bc_baseline_none_steps20000_tr1]:  72%|███████▏  | 14432/20000 [05:06<02:04, 44.67it/s, acc=0.314, device=mps, eta=1m59s, loss=1.9602, sps=47.1]
BC[stage1_datasets_L40_stepsweep/bc_baseline_none_steps20000_tr1]:  72%|███████▏  | 14438/20000 [05:06<01:56, 47.73it/s, acc=0.314, device=mps, eta=1m59s, loss=1.9602, sps=47.1]
BC[stage1_datasets_L40_stepsweep/bc_baseline_none_steps20000_tr1]:  72%|███████▏  | 14444/20000 [05:06<02:17, 40.37it/s, acc=0.314, device=mps, eta=1m59s, loss=1.9602, sps=47.1]
BC[stage1_datasets_L40_stepsweep/bc_baseline_none_steps20000_tr1]:  72%|███████▏  | 14450/20000 [05:06<02:05, 44.10it/s, acc=0.314, device=mps, eta=1m59s, loss=1.9602, sps=47.1]
BC[stage1_datasets_L40_stepsweep/bc_baseline_none_steps20000_tr1]:  72%|███████▏  | 14457/20000 [05:06<01:54, 48.45it/s, acc=0.314, device=mps, eta=1m59s, loss=1.9602, sps=47.1]
BC[stage1_datasets_L40_stepsweep/bc_baseline_none_steps20000_tr1]:  72%|███████▏  | 14463/20000 [05:07<02:17, 40.21it/s, acc=0.314, device=mps, eta=1m59s, loss=1.9602, sps=47.1]
BC[stage1_datasets_L40_stepsweep/bc_baseline_none_steps20000_tr1]:  72%|███████▏  | 14469/20000 [05:07<02:06, 43.70it/s, acc=0.314, device=mps, eta=1m59s, loss=1.9602, sps=47.1]
BC[stage1_datasets_L40_stepsweep/bc_baseline_none_steps20000_tr1]:  72%|███████▏  | 14475/20000 [05:07<01:58, 46.79it/s, acc=0.314, device=mps, eta=1m59s, loss=1.9602, sps=47.1]
BC[stage1_datasets_L40_stepsweep/bc_baseline_none_steps20000_tr1]:  72%|███████▏  | 14481/20000 [05:07<02:20, 39.35it/s, acc=0.314, device=mps, eta=1m59s, loss=1.9602, sps=47.1]
BC[stage1_datasets_L40_stepsweep/bc_baseline_none_steps20000_tr1]:  72%|███████▏  | 14489/20000 [05:07<01:55, 47.57it/s, acc=0.314, device=mps, eta=1m59s, loss=1.9602, sps=47.1]
BC[stage1_datasets_L40_stepsweep/bc_baseline_none_steps20000_tr1]:  72%|███████▏  | 14497/20000 [05:07<01:41, 54.46it/s, acc=0.314, device=mps, eta=1m59s, loss=1.9602, sps=47.1]
BC[stage1_datasets_L40_stepsweep/bc_baseline_none_steps20000_tr1]:  73%|███████▎  | 14504/20000 [05:07<02:03, 44.33it/s, acc=0.314, device=mps, eta=1m59s, loss=1.9602, sps=47.1]
BC[stage1_datasets_L40_stepsweep/bc_baseline_none_steps20000_tr1]:  73%|███████▎  | 14510/20000 [05:08<01:57, 46.73it/s, acc=0.314, device=mps, eta=1m59s, loss=1.9602, sps=47.1]
BC[stage1_datasets_L40_stepsweep/bc_baseline_none_steps20000_tr1]:  73%|███████▎  | 14517/20000 [05:08<01:47, 51.04it/s, acc=0.314, device=mps, eta=1m59s, loss=1.9602, sps=47.1]
BC[stage1_datasets_L40_stepsweep/bc_baseline_none_steps20000_tr1]:  73%|███████▎  | 14523/20000 [05:08<02:05, 43.76it/s, acc=0.314, device=mps, eta=1m59s, loss=1.9602, sps=47.1]
BC[stage1_datasets_L40_stepsweep/bc_baseline_none_steps20000_tr1]:  73%|███████▎  | 14531/20000 [05:08<01:45, 51.69it/s, acc=0.314, device=mps, eta=1m59s, loss=1.9602, sps=47.1]
BC[stage1_datasets_L40_stepsweep/bc_baseline_none_steps20000_tr1]:  73%|███████▎  | 14541/20000 [05:08<01:54, 47.88it/s, acc=0.314, device=mps, eta=1m59s, loss=1.9602, sps=47.1]
BC[stage1_datasets_L40_stepsweep/bc_baseline_none_steps20000_tr1]:  73%|███████▎  | 14547/20000 [05:08<01:52, 48.60it/s, acc=0.314, device=mps, eta=1m59s, loss=1.9602, sps=47.1]
BC[stage1_datasets_L40_stepsweep/bc_baseline_none_steps20000_tr1]:  73%|███████▎  | 14553/20000 [05:08<01:47, 50.60it/s, acc=0.314, device=mps, eta=1m59s, loss=1.9602, sps=47.1]
BC[stage1_datasets_L40_stepsweep/bc_baseline_none_steps20000_tr1]:  73%|███████▎  | 14560/20000 [05:09<01:39, 54.61it/s, acc=0.314, device=mps, eta=1m59s, loss=1.9602, sps=47.1]
BC[stage1_datasets_L40_stepsweep/bc_baseline_none_steps20000_tr1]:  73%|███████▎  | 14566/20000 [05:09<02:02, 44.50it/s, acc=0.314, device=mps, eta=1m59s, loss=1.9602, sps=47.1]
BC[stage1_datasets_L40_stepsweep/bc_baseline_none_steps20000_tr1]:  73%|███████▎  | 14574/20000 [05:09<01:46, 51.03it/s, acc=0.314, device=mps, eta=1m59s, loss=1.9602, sps=47.1]
BC[stage1_datasets_L40_stepsweep/bc_baseline_none_steps20000_tr1]:  73%|███████▎  | 14581/20000 [05:09<02:03, 44.04it/s, acc=0.314, device=mps, eta=1m59s, loss=1.9602, sps=47.1]
BC[stage1_datasets_L40_stepsweep/bc_baseline_none_steps20000_tr1]:  73%|███████▎  | 14588/20000 [05:09<01:52, 48.12it/s, acc=0.314, device=mps, eta=1m59s, loss=1.9602, sps=47.1]
BC[stage1_datasets_L40_stepsweep/bc_baseline_none_steps20000_tr1]:  73%|███████▎  | 14594/20000 [05:09<01:47, 50.26it/s, acc=0.314, device=mps, eta=1m59s, loss=1.9602, sps=47.1]
BC[stage1_datasets_L40_stepsweep/bc_baseline_none_steps20000_tr1]:  73%|███████▎  | 14594/20000 [05:09<01:47, 50.26it/s, acc=0.313, device=mps, eta=1m55s, loss=1.9527, sps=47.1]
BC[stage1_datasets_L40_stepsweep/bc_baseline_none_steps20000_tr1]:  73%|███████▎  | 14601/20000 [05:09<02:04, 43.28it/s, acc=0.313, device=mps, eta=1m55s, loss=1.9527, sps=47.1]
BC[stage1_datasets_L40_stepsweep/bc_baseline_none_steps20000_tr1]:  73%|███████▎  | 14608/20000 [05:10<01:51, 48.29it/s, acc=0.313, device=mps, eta=1m55s, loss=1.9527, sps=47.1]
BC[stage1_datasets_L40_stepsweep/bc_baseline_none_steps20000_tr1]:  73%|███████▎  | 14616/20000 [05:10<01:38, 54.66it/s, acc=0.313, device=mps, eta=1m55s, loss=1.9527, sps=47.1]
BC[stage1_datasets_L40_stepsweep/bc_baseline_none_steps20000_tr1]:  73%|███████▎  | 14622/20000 [05:10<02:00, 44.60it/s, acc=0.313, device=mps, eta=1m55s, loss=1.9527, sps=47.1]
BC[stage1_datasets_L40_stepsweep/bc_baseline_none_steps20000_tr1]:  73%|███████▎  | 14628/20000 [05:10<01:52, 47.74it/s, acc=0.313, device=mps, eta=1m55s, loss=1.9527, sps=47.1]
BC[stage1_datasets_L40_stepsweep/bc_baseline_none_steps20000_tr1]:  73%|███████▎  | 14634/20000 [05:10<01:48, 49.52it/s, acc=0.313, device=mps, eta=1m55s, loss=1.9527, sps=47.1]
BC[stage1_datasets_L40_stepsweep/bc_baseline_none_steps20000_tr1]:  73%|███████▎  | 14641/20000 [05:10<02:08, 41.69it/s, acc=0.313, device=mps, eta=1m55s, loss=1.9527, sps=47.1]
BC[stage1_datasets_L40_stepsweep/bc_baseline_none_steps20000_tr1]:  73%|███████▎  | 14649/20000 [05:10<01:48, 49.10it/s, acc=0.313, device=mps, eta=1m55s, loss=1.9527, sps=47.1]
BC[stage1_datasets_L40_stepsweep/bc_baseline_none_steps20000_tr1]:  73%|███████▎  | 14657/20000 [05:11<01:36, 55.63it/s, acc=0.313, device=mps, eta=1m55s, loss=1.9527, sps=47.1]
BC[stage1_datasets_L40_stepsweep/bc_baseline_none_steps20000_tr1]:  73%|███████▎  | 14664/20000 [05:11<01:51, 47.78it/s, acc=0.313, device=mps, eta=1m55s, loss=1.9527, sps=47.1]
BC[stage1_datasets_L40_stepsweep/bc_baseline_none_steps20000_tr1]:  73%|███████▎  | 14672/20000 [05:11<01:39, 53.50it/s, acc=0.313, device=mps, eta=1m55s, loss=1.9527, sps=47.1]
BC[stage1_datasets_L40_stepsweep/bc_baseline_none_steps20000_tr1]:  73%|███████▎  | 14680/20000 [05:11<01:30, 58.92it/s, acc=0.313, device=mps, eta=1m55s, loss=1.9527, sps=47.1]
BC[stage1_datasets_L40_stepsweep/bc_baseline_none_steps20000_tr1]:  73%|███████▎  | 14687/20000 [05:11<01:51, 47.54it/s, acc=0.313, device=mps, eta=1m55s, loss=1.9527, sps=47.1]
BC[stage1_datasets_L40_stepsweep/bc_baseline_none_steps20000_tr1]:  73%|███████▎  | 14693/20000 [05:11<01:46, 49.83it/s, acc=0.313, device=mps, eta=1m55s, loss=1.9527, sps=47.1]
BC[stage1_datasets_L40_stepsweep/bc_baseline_none_steps20000_tr1]:  73%|███████▎  | 14699/20000 [05:11<01:44, 50.50it/s, acc=0.313, device=mps, eta=1m55s, loss=1.9527, sps=47.1]
BC[stage1_datasets_L40_stepsweep/bc_baseline_none_steps20000_tr1]:  74%|███████▎  | 14705/20000 [05:12<02:08, 41.18it/s, acc=0.313, device=mps, eta=1m55s, loss=1.9527, sps=47.1]
BC[stage1_datasets_L40_stepsweep/bc_baseline_none_steps20000_tr1]:  74%|███████▎  | 14712/20000 [05:12<01:54, 46.10it/s, acc=0.313, device=mps, eta=1m55s, loss=1.9527, sps=47.1]
BC[stage1_datasets_L40_stepsweep/bc_baseline_none_steps20000_tr1]:  74%|███████▎  | 14719/20000 [05:12<01:42, 51.41it/s, acc=0.313, device=mps, eta=1m55s, loss=1.9527, sps=47.1]
BC[stage1_datasets_L40_stepsweep/bc_baseline_none_steps20000_tr1]:  74%|███████▎  | 14725/20000 [05:12<02:01, 43.33it/s, acc=0.313, device=mps, eta=1m55s, loss=1.9527, sps=47.1]
BC[stage1_datasets_L40_stepsweep/bc_baseline_none_steps20000_tr1]:  74%|███████▎  | 14732/20000 [05:12<01:49, 48.02it/s, acc=0.313, device=mps, eta=1m55s, loss=1.9527, sps=47.1]
BC[stage1_datasets_L40_stepsweep/bc_baseline_none_steps20000_tr1]:  74%|███████▎  | 14739/20000 [05:12<01:40, 52.45it/s, acc=0.313, device=mps, eta=1m55s, loss=1.9527, sps=47.1]
BC[stage1_datasets_L40_stepsweep/bc_baseline_none_steps20000_tr1]:  74%|███████▎  | 14745/20000 [05:12<01:59, 44.03it/s, acc=0.313, device=mps, eta=1m55s, loss=1.9527, sps=47.1]
BC[stage1_datasets_L40_stepsweep/bc_baseline_none_steps20000_tr1]:  74%|███████▍  | 14752/20000 [05:13<01:47, 48.66it/s, acc=0.313, device=mps, eta=1m55s, loss=1.9527, sps=47.1]
BC[stage1_datasets_L40_stepsweep/bc_baseline_none_steps20000_tr1]:  74%|███████▍  | 14759/20000 [05:13<01:39, 52.73it/s, acc=0.313, device=mps, eta=1m55s, loss=1.9527, sps=47.1]
BC[stage1_datasets_L40_stepsweep/bc_baseline_none_steps20000_tr1]:  74%|███████▍  | 14765/20000 [05:13<02:00, 43.27it/s, acc=0.313, device=mps, eta=1m55s, loss=1.9527, sps=47.1]
BC[stage1_datasets_L40_stepsweep/bc_baseline_none_steps20000_tr1]:  74%|███████▍  | 14771/20000 [05:13<01:52, 46.52it/s, acc=0.313, device=mps, eta=1m55s, loss=1.9527, sps=47.1]
BC[stage1_datasets_L40_stepsweep/bc_baseline_none_steps20000_tr1]:  74%|███████▍  | 14778/20000 [05:13<01:43, 50.36it/s, acc=0.313, device=mps, eta=1m55s, loss=1.9527, sps=47.1]
BC[stage1_datasets_L40_stepsweep/bc_baseline_none_steps20000_tr1]:  74%|███████▍  | 14784/20000 [05:13<02:03, 42.22it/s, acc=0.313, device=mps, eta=1m55s, loss=1.9527, sps=47.1]
BC[stage1_datasets_L40_stepsweep/bc_baseline_none_steps20000_tr1]:  74%|███████▍  | 14791/20000 [05:13<01:51, 46.83it/s, acc=0.313, device=mps, eta=1m55s, loss=1.9527, sps=47.1]
BC[stage1_datasets_L40_stepsweep/bc_baseline_none_steps20000_tr1]:  74%|███████▍  | 14798/20000 [05:14<01:42, 50.66it/s, acc=0.313, device=mps, eta=1m55s, loss=1.9527, sps=47.1]
BC[stage1_datasets_L40_stepsweep/bc_baseline_none_steps20000_tr1]:  74%|███████▍  | 14798/20000 [05:14<01:42, 50.66it/s, acc=0.317, device=mps, eta=1m50s, loss=1.9624, sps=47.1]
BC[stage1_datasets_L40_stepsweep/bc_baseline_none_steps20000_tr1]:  74%|███████▍  | 14804/20000 [05:14<02:03, 41.98it/s, acc=0.317, device=mps, eta=1m50s, loss=1.9624, sps=47.1]
BC[stage1_datasets_L40_stepsweep/bc_baseline_none_steps20000_tr1]:  74%|███████▍  | 14810/20000 [05:14<01:53, 45.78it/s, acc=0.317, device=mps, eta=1m50s, loss=1.9624, sps=47.1]
BC[stage1_datasets_L40_stepsweep/bc_baseline_none_steps20000_tr1]:  74%|███████▍  | 14817/20000 [05:14<01:44, 49.69it/s, acc=0.317, device=mps, eta=1m50s, loss=1.9624, sps=47.1]
BC[stage1_datasets_L40_stepsweep/bc_baseline_none_steps20000_tr1]:  74%|███████▍  | 14823/20000 [05:14<02:07, 40.53it/s, acc=0.317, device=mps, eta=1m50s, loss=1.9624, sps=47.1]
BC[stage1_datasets_L40_stepsweep/bc_baseline_none_steps20000_tr1]:  74%|███████▍  | 14828/20000 [05:14<02:01, 42.50it/s, acc=0.317, device=mps, eta=1m50s, loss=1.9624, sps=47.1]
BC[stage1_datasets_L40_stepsweep/bc_baseline_none_steps20000_tr1]:  74%|███████▍  | 14835/20000 [05:14<01:48, 47.44it/s, acc=0.317, device=mps, eta=1m50s, loss=1.9624, sps=47.1]
BC[stage1_datasets_L40_stepsweep/bc_baseline_none_steps20000_tr1]:  74%|███████▍  | 14841/20000 [05:15<02:08, 40.18it/s, acc=0.317, device=mps, eta=1m50s, loss=1.9624, sps=47.1]
BC[stage1_datasets_L40_stepsweep/bc_baseline_none_steps20000_tr1]:  74%|███████▍  | 14849/20000 [05:15<01:46, 48.21it/s, acc=0.317, device=mps, eta=1m50s, loss=1.9624, sps=47.1]
BC[stage1_datasets_L40_stepsweep/bc_baseline_none_steps20000_tr1]:  74%|███████▍  | 14857/20000 [05:15<01:33, 54.89it/s, acc=0.317, device=mps, eta=1m50s, loss=1.9624, sps=47.1]
BC[stage1_datasets_L40_stepsweep/bc_baseline_none_steps20000_tr1]:  74%|███████▍  | 14864/20000 [05:15<01:50, 46.66it/s, acc=0.317, device=mps, eta=1m50s, loss=1.9624, sps=47.1]
BC[stage1_datasets_L40_stepsweep/bc_baseline_none_steps20000_tr1]:  74%|███████▍  | 14871/20000 [05:15<01:41, 50.64it/s, acc=0.317, device=mps, eta=1m50s, loss=1.9624, sps=47.1]
BC[stage1_datasets_L40_stepsweep/bc_baseline_none_steps20000_tr1]:  74%|███████▍  | 14877/20000 [05:15<01:37, 52.75it/s, acc=0.317, device=mps, eta=1m50s, loss=1.9624, sps=47.1]
BC[stage1_datasets_L40_stepsweep/bc_baseline_none_steps20000_tr1]:  74%|███████▍  | 14883/20000 [05:15<02:00, 42.63it/s, acc=0.317, device=mps, eta=1m50s, loss=1.9624, sps=47.1]
BC[stage1_datasets_L40_stepsweep/bc_baseline_none_steps20000_tr1]:  74%|███████▍  | 14890/20000 [05:16<01:48, 46.96it/s, acc=0.317, device=mps, eta=1m50s, loss=1.9624, sps=47.1]
BC[stage1_datasets_L40_stepsweep/bc_baseline_none_steps20000_tr1]:  74%|███████▍  | 14896/20000 [05:16<01:43, 49.30it/s, acc=0.317, device=mps, eta=1m50s, loss=1.9624, sps=47.1]
BC[stage1_datasets_L40_stepsweep/bc_baseline_none_steps20000_tr1]:  75%|███████▍  | 14902/20000 [05:16<02:06, 40.32it/s, acc=0.317, device=mps, eta=1m50s, loss=1.9624, sps=47.1]
BC[stage1_datasets_L40_stepsweep/bc_baseline_none_steps20000_tr1]:  75%|███████▍  | 14908/20000 [05:16<01:58, 42.96it/s, acc=0.317, device=mps, eta=1m50s, loss=1.9624, sps=47.1]
BC[stage1_datasets_L40_stepsweep/bc_baseline_none_steps20000_tr1]:  75%|███████▍  | 14914/20000 [05:16<01:50, 45.95it/s, acc=0.317, device=mps, eta=1m50s, loss=1.9624, sps=47.1]
BC[stage1_datasets_L40_stepsweep/bc_baseline_none_steps20000_tr1]:  75%|███████▍  | 14921/20000 [05:16<02:06, 40.11it/s, acc=0.317, device=mps, eta=1m50s, loss=1.9624, sps=47.1]
BC[stage1_datasets_L40_stepsweep/bc_baseline_none_steps20000_tr1]:  75%|███████▍  | 14927/20000 [05:16<01:59, 42.53it/s, acc=0.317, device=mps, eta=1m50s, loss=1.9624, sps=47.1]
BC[stage1_datasets_L40_stepsweep/bc_baseline_none_steps20000_tr1]:  75%|███████▍  | 14933/20000 [05:17<01:52, 45.12it/s, acc=0.317, device=mps, eta=1m50s, loss=1.9624, sps=47.1]
BC[stage1_datasets_L40_stepsweep/bc_baseline_none_steps20000_tr1]:  75%|███████▍  | 14940/20000 [05:17<01:40, 50.15it/s, acc=0.317, device=mps, eta=1m50s, loss=1.9624, sps=47.1]
BC[stage1_datasets_L40_stepsweep/bc_baseline_none_steps20000_tr1]:  75%|███████▍  | 14946/20000 [05:17<02:00, 41.81it/s, acc=0.317, device=mps, eta=1m50s, loss=1.9624, sps=47.1]
BC[stage1_datasets_L40_stepsweep/bc_baseline_none_steps20000_tr1]:  75%|███████▍  | 14953/20000 [05:17<01:47, 47.02it/s, acc=0.317, device=mps, eta=1m50s, loss=1.9624, sps=47.1]
BC[stage1_datasets_L40_stepsweep/bc_baseline_none_steps20000_tr1]:  75%|███████▍  | 14961/20000 [05:17<01:59, 42.26it/s, acc=0.317, device=mps, eta=1m50s, loss=1.9624, sps=47.1]
BC[stage1_datasets_L40_stepsweep/bc_baseline_none_steps20000_tr1]:  75%|███████▍  | 14969/20000 [05:17<01:41, 49.47it/s, acc=0.317, device=mps, eta=1m50s, loss=1.9624, sps=47.1]
BC[stage1_datasets_L40_stepsweep/bc_baseline_none_steps20000_tr1]:  75%|███████▍  | 14977/20000 [05:17<01:30, 55.66it/s, acc=0.317, device=mps, eta=1m50s, loss=1.9624, sps=47.1]
BC[stage1_datasets_L40_stepsweep/bc_baseline_none_steps20000_tr1]:  75%|███████▍  | 14984/20000 [05:18<01:44, 47.80it/s, acc=0.317, device=mps, eta=1m50s, loss=1.9624, sps=47.1]
BC[stage1_datasets_L40_stepsweep/bc_baseline_none_steps20000_tr1]:  75%|███████▍  | 14991/20000 [05:18<01:36, 52.05it/s, acc=0.317, device=mps, eta=1m50s, loss=1.9624, sps=47.1]
BC[stage1_datasets_L40_stepsweep/bc_baseline_none_steps20000_tr1]:  75%|███████▍  | 14998/20000 [05:18<01:30, 55.18it/s, acc=0.317, device=mps, eta=1m50s, loss=1.9624, sps=47.1]
BC[stage1_datasets_L40_stepsweep/bc_baseline_none_steps20000_tr1]:  75%|███████▍  | 14998/20000 [05:18<01:30, 55.18it/s, acc=0.316, device=mps, eta=1m46s, loss=1.9522, sps=47.1]
BC[stage1_datasets_L40_stepsweep/bc_baseline_none_steps20000_tr1]:  75%|███████▌  | 15004/20000 [05:18<01:51, 44.61it/s, acc=0.316, device=mps, eta=1m46s, loss=1.9522, sps=47.1]
BC[stage1_datasets_L40_stepsweep/bc_baseline_none_steps20000_tr1]:  75%|███████▌  | 15010/20000 [05:18<01:44, 47.66it/s, acc=0.316, device=mps, eta=1m46s, loss=1.9522, sps=47.1]
BC[stage1_datasets_L40_stepsweep/bc_baseline_none_steps20000_tr1]:  75%|███████▌  | 15016/20000 [05:18<01:38, 50.44it/s, acc=0.316, device=mps, eta=1m46s, loss=1.9522, sps=47.1]
BC[stage1_datasets_L40_stepsweep/bc_baseline_none_steps20000_tr1]:  75%|███████▌  | 15022/20000 [05:18<02:00, 41.28it/s, acc=0.316, device=mps, eta=1m46s, loss=1.9522, sps=47.1]
BC[stage1_datasets_L40_stepsweep/bc_baseline_none_steps20000_tr1]:  75%|███████▌  | 15030/20000 [05:19<01:41, 49.20it/s, acc=0.316, device=mps, eta=1m46s, loss=1.9522, sps=47.1]
BC[stage1_datasets_L40_stepsweep/bc_baseline_none_steps20000_tr1]:  75%|███████▌  | 15038/20000 [05:19<01:29, 55.30it/s, acc=0.316, device=mps, eta=1m46s, loss=1.9522, sps=47.1]
BC[stage1_datasets_L40_stepsweep/bc_baseline_none_steps20000_tr1]:  75%|███████▌  | 15045/20000 [05:19<01:46, 46.39it/s, acc=0.316, device=mps, eta=1m46s, loss=1.9522, sps=47.1]
BC[stage1_datasets_L40_stepsweep/bc_baseline_none_steps20000_tr1]:  75%|███████▌  | 15052/20000 [05:19<01:38, 50.47it/s, acc=0.316, device=mps, eta=1m46s, loss=1.9522, sps=47.1]
BC[stage1_datasets_L40_stepsweep/bc_baseline_none_steps20000_tr1]:  75%|███████▌  | 15059/20000 [05:19<01:30, 54.40it/s, acc=0.316, device=mps, eta=1m46s, loss=1.9522, sps=47.1]
BC[stage1_datasets_L40_stepsweep/bc_baseline_none_steps20000_tr1]:  75%|███████▌  | 15065/20000 [05:19<01:49, 44.94it/s, acc=0.316, device=mps, eta=1m46s, loss=1.9522, sps=47.1]
BC[stage1_datasets_L40_stepsweep/bc_baseline_none_steps20000_tr1]:  75%|███████▌  | 15072/20000 [05:19<01:40, 48.93it/s, acc=0.316, device=mps, eta=1m46s, loss=1.9522, sps=47.1]
BC[stage1_datasets_L40_stepsweep/bc_baseline_none_steps20000_tr1]:  75%|███████▌  | 15078/20000 [05:19<01:35, 51.48it/s, acc=0.316, device=mps, eta=1m46s, loss=1.9522, sps=47.1]
BC[stage1_datasets_L40_stepsweep/bc_baseline_none_steps20000_tr1]:  75%|███████▌  | 15084/20000 [05:20<01:54, 42.78it/s, acc=0.316, device=mps, eta=1m46s, loss=1.9522, sps=47.1]
BC[stage1_datasets_L40_stepsweep/bc_baseline_none_steps20000_tr1]:  75%|███████▌  | 15091/20000 [05:20<01:43, 47.61it/s, acc=0.316, device=mps, eta=1m46s, loss=1.9522, sps=47.1]
BC[stage1_datasets_L40_stepsweep/bc_baseline_none_steps20000_tr1]:  75%|███████▌  | 15097/20000 [05:20<01:37, 50.45it/s, acc=0.316, device=mps, eta=1m46s, loss=1.9522, sps=47.1]
BC[stage1_datasets_L40_stepsweep/bc_baseline_none_steps20000_tr1]:  76%|███████▌  | 15103/20000 [05:20<01:54, 42.67it/s, acc=0.316, device=mps, eta=1m46s, loss=1.9522, sps=47.1]
BC[stage1_datasets_L40_stepsweep/bc_baseline_none_steps20000_tr1]:  76%|███████▌  | 15110/20000 [05:20<01:40, 48.52it/s, acc=0.316, device=mps, eta=1m46s, loss=1.9522, sps=47.1]
BC[stage1_datasets_L40_stepsweep/bc_baseline_none_steps20000_tr1]:  76%|███████▌  | 15118/20000 [05:20<01:29, 54.60it/s, acc=0.316, device=mps, eta=1m46s, loss=1.9522, sps=47.1]
BC[stage1_datasets_L40_stepsweep/bc_baseline_none_steps20000_tr1]:  76%|███████▌  | 15124/20000 [05:20<01:46, 45.67it/s, acc=0.316, device=mps, eta=1m46s, loss=1.9522, sps=47.1]
BC[stage1_datasets_L40_stepsweep/bc_baseline_none_steps20000_tr1]:  76%|███████▌  | 15131/20000 [05:21<01:36, 50.62it/s, acc=0.316, device=mps, eta=1m46s, loss=1.9522, sps=47.1]
BC[stage1_datasets_L40_stepsweep/bc_baseline_none_steps20000_tr1]:  76%|███████▌  | 15138/20000 [05:21<01:29, 54.55it/s, acc=0.316, device=mps, eta=1m46s, loss=1.9522, sps=47.1]
BC[stage1_datasets_L40_stepsweep/bc_baseline_none_steps20000_tr1]:  76%|███████▌  | 15144/20000 [05:21<01:48, 44.70it/s, acc=0.316, device=mps, eta=1m46s, loss=1.9522, sps=47.1]
BC[stage1_datasets_L40_stepsweep/bc_baseline_none_steps20000_tr1]:  76%|███████▌  | 15150/20000 [05:21<01:43, 47.00it/s, acc=0.316, device=mps, eta=1m46s, loss=1.9522, sps=47.1]
BC[stage1_datasets_L40_stepsweep/bc_baseline_none_steps20000_tr1]:  76%|███████▌  | 15156/20000 [05:21<01:37, 49.53it/s, acc=0.316, device=mps, eta=1m46s, loss=1.9522, sps=47.1]
BC[stage1_datasets_L40_stepsweep/bc_baseline_none_steps20000_tr1]:  76%|███████▌  | 15162/20000 [05:21<01:58, 40.72it/s, acc=0.316, device=mps, eta=1m46s, loss=1.9522, sps=47.1]
BC[stage1_datasets_L40_stepsweep/bc_baseline_none_steps20000_tr1]:  76%|███████▌  | 15170/20000 [05:21<01:38, 49.12it/s, acc=0.316, device=mps, eta=1m46s, loss=1.9522, sps=47.1]
BC[stage1_datasets_L40_stepsweep/bc_baseline_none_steps20000_tr1]:  76%|███████▌  | 15178/20000 [05:22<01:25, 56.17it/s, acc=0.316, device=mps, eta=1m46s, loss=1.9522, sps=47.1]
BC[stage1_datasets_L40_stepsweep/bc_baseline_none_steps20000_tr1]:  76%|███████▌  | 15185/20000 [05:22<01:41, 47.64it/s, acc=0.316, device=mps, eta=1m46s, loss=1.9522, sps=47.1]
BC[stage1_datasets_L40_stepsweep/bc_baseline_none_steps20000_tr1]:  76%|███████▌  | 15192/20000 [05:22<01:32, 52.00it/s, acc=0.316, device=mps, eta=1m46s, loss=1.9522, sps=47.1]
BC[stage1_datasets_L40_stepsweep/bc_baseline_none_steps20000_tr1]:  76%|███████▌  | 15199/20000 [05:22<01:27, 54.86it/s, acc=0.316, device=mps, eta=1m46s, loss=1.9522, sps=47.1]
BC[stage1_datasets_L40_stepsweep/bc_baseline_none_steps20000_tr1]:  76%|███████▌  | 15199/20000 [05:22<01:27, 54.86it/s, acc=0.314, device=mps, eta=1m42s, loss=1.9608, sps=47.1]
BC[stage1_datasets_L40_stepsweep/bc_baseline_none_steps20000_tr1]:  76%|███████▌  | 15205/20000 [05:22<01:48, 44.06it/s, acc=0.314, device=mps, eta=1m42s, loss=1.9608, sps=47.1]
BC[stage1_datasets_L40_stepsweep/bc_baseline_none_steps20000_tr1]:  76%|███████▌  | 15211/20000 [05:22<01:44, 45.77it/s, acc=0.314, device=mps, eta=1m42s, loss=1.9608, sps=47.1]
BC[stage1_datasets_L40_stepsweep/bc_baseline_none_steps20000_tr1]:  76%|███████▌  | 15217/20000 [05:22<01:38, 48.64it/s, acc=0.314, device=mps, eta=1m42s, loss=1.9608, sps=47.1]
BC[stage1_datasets_L40_stepsweep/bc_baseline_none_steps20000_tr1]:  76%|███████▌  | 15223/20000 [05:23<01:59, 39.84it/s, acc=0.314, device=mps, eta=1m42s, loss=1.9608, sps=47.1]
BC[stage1_datasets_L40_stepsweep/bc_baseline_none_steps20000_tr1]:  76%|███████▌  | 15228/20000 [05:23<01:53, 41.93it/s, acc=0.314, device=mps, eta=1m42s, loss=1.9608, sps=47.1]
BC[stage1_datasets_L40_stepsweep/bc_baseline_none_steps20000_tr1]:  76%|███████▌  | 15235/20000 [05:23<01:40, 47.27it/s, acc=0.314, device=mps, eta=1m42s, loss=1.9608, sps=47.1]
BC[stage1_datasets_L40_stepsweep/bc_baseline_none_steps20000_tr1]:  76%|███████▌  | 15241/20000 [05:23<01:58, 40.10it/s, acc=0.314, device=mps, eta=1m42s, loss=1.9608, sps=47.1]
BC[stage1_datasets_L40_stepsweep/bc_baseline_none_steps20000_tr1]:  76%|███████▌  | 15249/20000 [05:23<01:38, 48.14it/s, acc=0.314, device=mps, eta=1m42s, loss=1.9608, sps=47.1]
BC[stage1_datasets_L40_stepsweep/bc_baseline_none_steps20000_tr1]:  76%|███████▋  | 15257/20000 [05:23<01:26, 54.57it/s, acc=0.314, device=mps, eta=1m42s, loss=1.9608, sps=47.1]
BC[stage1_datasets_L40_stepsweep/bc_baseline_none_steps20000_tr1]:  76%|███████▋  | 15263/20000 [05:23<01:43, 45.85it/s, acc=0.314, device=mps, eta=1m42s, loss=1.9608, sps=47.1]
BC[stage1_datasets_L40_stepsweep/bc_baseline_none_steps20000_tr1]:  76%|███████▋  | 15270/20000 [05:24<01:32, 51.17it/s, acc=0.314, device=mps, eta=1m42s, loss=1.9608, sps=47.1]
BC[stage1_datasets_L40_stepsweep/bc_baseline_none_steps20000_tr1]:  76%|███████▋  | 15278/20000 [05:24<01:22, 56.97it/s, acc=0.314, device=mps, eta=1m42s, loss=1.9608, sps=47.1]
BC[stage1_datasets_L40_stepsweep/bc_baseline_none_steps20000_tr1]:  76%|███████▋  | 15285/20000 [05:24<01:39, 47.36it/s, acc=0.314, device=mps, eta=1m42s, loss=1.9608, sps=47.1]
BC[stage1_datasets_L40_stepsweep/bc_baseline_none_steps20000_tr1]:  76%|███████▋  | 15292/20000 [05:24<01:32, 50.67it/s, acc=0.314, device=mps, eta=1m42s, loss=1.9608, sps=47.1]
BC[stage1_datasets_L40_stepsweep/bc_baseline_none_steps20000_tr1]:  76%|███████▋  | 15298/20000 [05:24<01:30, 51.78it/s, acc=0.314, device=mps, eta=1m42s, loss=1.9608, sps=47.1]
BC[stage1_datasets_L40_stepsweep/bc_baseline_none_steps20000_tr1]:  77%|███████▋  | 15304/20000 [05:24<01:51, 41.94it/s, acc=0.314, device=mps, eta=1m42s, loss=1.9608, sps=47.1]
BC[stage1_datasets_L40_stepsweep/bc_baseline_none_steps20000_tr1]:  77%|███████▋  | 15310/20000 [05:24<01:44, 44.92it/s, acc=0.314, device=mps, eta=1m42s, loss=1.9608, sps=47.1]
BC[stage1_datasets_L40_stepsweep/bc_baseline_none_steps20000_tr1]:  77%|███████▋  | 15316/20000 [05:24<01:36, 48.40it/s, acc=0.314, device=mps, eta=1m42s, loss=1.9608, sps=47.1]
BC[stage1_datasets_L40_stepsweep/bc_baseline_none_steps20000_tr1]:  77%|███████▋  | 15322/20000 [05:25<01:56, 40.20it/s, acc=0.314, device=mps, eta=1m42s, loss=1.9608, sps=47.1]
BC[stage1_datasets_L40_stepsweep/bc_baseline_none_steps20000_tr1]:  77%|███████▋  | 15330/20000 [05:25<01:36, 48.38it/s, acc=0.314, device=mps, eta=1m42s, loss=1.9608, sps=47.1]
BC[stage1_datasets_L40_stepsweep/bc_baseline_none_steps20000_tr1]:  77%|███████▋  | 15338/20000 [05:25<01:24, 55.10it/s, acc=0.314, device=mps, eta=1m42s, loss=1.9608, sps=47.1]
BC[stage1_datasets_L40_stepsweep/bc_baseline_none_steps20000_tr1]:  77%|███████▋  | 15345/20000 [05:25<01:39, 46.65it/s, acc=0.314, device=mps, eta=1m42s, loss=1.9608, sps=47.1]
BC[stage1_datasets_L40_stepsweep/bc_baseline_none_steps20000_tr1]:  77%|███████▋  | 15352/20000 [05:25<01:32, 50.04it/s, acc=0.314, device=mps, eta=1m42s, loss=1.9608, sps=47.1]
BC[stage1_datasets_L40_stepsweep/bc_baseline_none_steps20000_tr1]:  77%|███████▋  | 15358/20000 [05:25<01:29, 51.82it/s, acc=0.314, device=mps, eta=1m42s, loss=1.9608, sps=47.1]
BC[stage1_datasets_L40_stepsweep/bc_baseline_none_steps20000_tr1]:  77%|███████▋  | 15364/20000 [05:26<01:50, 41.89it/s, acc=0.314, device=mps, eta=1m42s, loss=1.9608, sps=47.1]
BC[stage1_datasets_L40_stepsweep/bc_baseline_none_steps20000_tr1]:  77%|███████▋  | 15369/20000 [05:26<01:46, 43.33it/s, acc=0.314, device=mps, eta=1m42s, loss=1.9608, sps=47.1]
BC[stage1_datasets_L40_stepsweep/bc_baseline_none_steps20000_tr1]:  77%|███████▋  | 15375/20000 [05:26<01:41, 45.59it/s, acc=0.314, device=mps, eta=1m42s, loss=1.9608, sps=47.1]
BC[stage1_datasets_L40_stepsweep/bc_baseline_none_steps20000_tr1]:  77%|███████▋  | 15381/20000 [05:26<02:00, 38.27it/s, acc=0.314, device=mps, eta=1m42s, loss=1.9608, sps=47.1]
BC[stage1_datasets_L40_stepsweep/bc_baseline_none_steps20000_tr1]:  77%|███████▋  | 15389/20000 [05:26<01:40, 45.99it/s, acc=0.314, device=mps, eta=1m42s, loss=1.9608, sps=47.1]
BC[stage1_datasets_L40_stepsweep/bc_baseline_none_steps20000_tr1]:  77%|███████▋  | 15395/20000 [05:26<01:34, 48.93it/s, acc=0.314, device=mps, eta=1m42s, loss=1.9608, sps=47.1]
BC[stage1_datasets_L40_stepsweep/bc_baseline_none_steps20000_tr1]:  77%|███████▋  | 15395/20000 [05:26<01:34, 48.93it/s, acc=0.316, device=mps, eta=1m38s, loss=1.9537, sps=47.1]
BC[stage1_datasets_L40_stepsweep/bc_baseline_none_steps20000_tr1]:  77%|███████▋  | 15401/20000 [05:26<01:49, 42.08it/s, acc=0.316, device=mps, eta=1m38s, loss=1.9537, sps=47.1]
BC[stage1_datasets_L40_stepsweep/bc_baseline_none_steps20000_tr1]:  77%|███████▋  | 15409/20000 [05:26<01:33, 49.24it/s, acc=0.316, device=mps, eta=1m38s, loss=1.9537, sps=47.1]
BC[stage1_datasets_L40_stepsweep/bc_baseline_none_steps20000_tr1]:  77%|███████▋  | 15417/20000 [05:27<01:21, 55.96it/s, acc=0.316, device=mps, eta=1m38s, loss=1.9537, sps=47.1]
BC[stage1_datasets_L40_stepsweep/bc_baseline_none_steps20000_tr1]:  77%|███████▋  | 15424/20000 [05:27<01:35, 47.76it/s, acc=0.316, device=mps, eta=1m38s, loss=1.9537, sps=47.1]
BC[stage1_datasets_L40_stepsweep/bc_baseline_none_steps20000_tr1]:  77%|███████▋  | 15432/20000 [05:27<01:25, 53.66it/s, acc=0.316, device=mps, eta=1m38s, loss=1.9537, sps=47.1]
BC[stage1_datasets_L40_stepsweep/bc_baseline_none_steps20000_tr1]:  77%|███████▋  | 15440/20000 [05:27<01:17, 58.72it/s, acc=0.316, device=mps, eta=1m38s, loss=1.9537, sps=47.1]
BC[stage1_datasets_L40_stepsweep/bc_baseline_none_steps20000_tr1]:  77%|███████▋  | 15447/20000 [05:27<01:36, 47.16it/s, acc=0.316, device=mps, eta=1m38s, loss=1.9537, sps=47.1]
BC[stage1_datasets_L40_stepsweep/bc_baseline_none_steps20000_tr1]:  77%|███████▋  | 15453/20000 [05:27<01:31, 49.64it/s, acc=0.316, device=mps, eta=1m38s, loss=1.9537, sps=47.1]
BC[stage1_datasets_L40_stepsweep/bc_baseline_none_steps20000_tr1]:  77%|███████▋  | 15460/20000 [05:27<01:24, 53.46it/s, acc=0.316, device=mps, eta=1m38s, loss=1.9537, sps=47.1]
BC[stage1_datasets_L40_stepsweep/bc_baseline_none_steps20000_tr1]:  77%|███████▋  | 15466/20000 [05:28<01:44, 43.29it/s, acc=0.316, device=mps, eta=1m38s, loss=1.9537, sps=47.1]
BC[stage1_datasets_L40_stepsweep/bc_baseline_none_steps20000_tr1]:  77%|███████▋  | 15472/20000 [05:28<01:37, 46.42it/s, acc=0.316, device=mps, eta=1m38s, loss=1.9537, sps=47.1]
BC[stage1_datasets_L40_stepsweep/bc_baseline_none_steps20000_tr1]:  77%|███████▋  | 15478/20000 [05:28<01:33, 48.57it/s, acc=0.316, device=mps, eta=1m38s, loss=1.9537, sps=47.1]
BC[stage1_datasets_L40_stepsweep/bc_baseline_none_steps20000_tr1]:  77%|███████▋  | 15484/20000 [05:28<01:51, 40.33it/s, acc=0.316, device=mps, eta=1m38s, loss=1.9537, sps=47.1]
BC[stage1_datasets_L40_stepsweep/bc_baseline_none_steps20000_tr1]:  77%|███████▋  | 15492/20000 [05:28<01:33, 48.36it/s, acc=0.316, device=mps, eta=1m38s, loss=1.9537, sps=47.1]
BC[stage1_datasets_L40_stepsweep/bc_baseline_none_steps20000_tr1]:  78%|███████▊  | 15500/20000 [05:28<01:20, 55.61it/s, acc=0.316, device=mps, eta=1m38s, loss=1.9537, sps=47.1]
BC[stage1_datasets_L40_stepsweep/bc_baseline_none_steps20000_tr1]:  78%|███████▊  | 15507/20000 [05:28<01:37, 46.20it/s, acc=0.316, device=mps, eta=1m38s, loss=1.9537, sps=47.1]
BC[stage1_datasets_L40_stepsweep/bc_baseline_none_steps20000_tr1]:  78%|███████▊  | 15514/20000 [05:29<01:29, 49.91it/s, acc=0.316, device=mps, eta=1m38s, loss=1.9537, sps=47.1]
BC[stage1_datasets_L40_stepsweep/bc_baseline_none_steps20000_tr1]:  78%|███████▊  | 15521/20000 [05:29<01:47, 41.85it/s, acc=0.316, device=mps, eta=1m38s, loss=1.9537, sps=47.1]
BC[stage1_datasets_L40_stepsweep/bc_baseline_none_steps20000_tr1]:  78%|███████▊  | 15529/20000 [05:29<01:31, 48.90it/s, acc=0.316, device=mps, eta=1m38s, loss=1.9537, sps=47.1]
BC[stage1_datasets_L40_stepsweep/bc_baseline_none_steps20000_tr1]:  78%|███████▊  | 15537/20000 [05:29<01:20, 55.12it/s, acc=0.316, device=mps, eta=1m38s, loss=1.9537, sps=47.1]
BC[stage1_datasets_L40_stepsweep/bc_baseline_none_steps20000_tr1]:  78%|███████▊  | 15544/20000 [05:29<01:34, 47.11it/s, acc=0.316, device=mps, eta=1m38s, loss=1.9537, sps=47.1]
BC[stage1_datasets_L40_stepsweep/bc_baseline_none_steps20000_tr1]:  78%|███████▊  | 15551/20000 [05:29<01:27, 50.97it/s, acc=0.316, device=mps, eta=1m38s, loss=1.9537, sps=47.1]
BC[stage1_datasets_L40_stepsweep/bc_baseline_none_steps20000_tr1]:  78%|███████▊  | 15558/20000 [05:29<01:22, 53.63it/s, acc=0.316, device=mps, eta=1m38s, loss=1.9537, sps=47.1]
BC[stage1_datasets_L40_stepsweep/bc_baseline_none_steps20000_tr1]:  78%|███████▊  | 15564/20000 [05:30<01:40, 44.06it/s, acc=0.316, device=mps, eta=1m38s, loss=1.9537, sps=47.1]
BC[stage1_datasets_L40_stepsweep/bc_baseline_none_steps20000_tr1]:  78%|███████▊  | 15571/20000 [05:30<01:31, 48.48it/s, acc=0.316, device=mps, eta=1m38s, loss=1.9537, sps=47.1]
BC[stage1_datasets_L40_stepsweep/bc_baseline_none_steps20000_tr1]:  78%|███████▊  | 15578/20000 [05:30<01:24, 52.43it/s, acc=0.316, device=mps, eta=1m38s, loss=1.9537, sps=47.1]
BC[stage1_datasets_L40_stepsweep/bc_baseline_none_steps20000_tr1]:  78%|███████▊  | 15584/20000 [05:30<01:42, 43.10it/s, acc=0.316, device=mps, eta=1m38s, loss=1.9537, sps=47.1]
BC[stage1_datasets_L40_stepsweep/bc_baseline_none_steps20000_tr1]:  78%|███████▊  | 15590/20000 [05:30<01:37, 45.01it/s, acc=0.316, device=mps, eta=1m38s, loss=1.9537, sps=47.1]
BC[stage1_datasets_L40_stepsweep/bc_baseline_none_steps20000_tr1]:  78%|███████▊  | 15596/20000 [05:30<01:32, 47.56it/s, acc=0.316, device=mps, eta=1m38s, loss=1.9537, sps=47.1]
BC[stage1_datasets_L40_stepsweep/bc_baseline_none_steps20000_tr1]:  78%|███████▊  | 15596/20000 [05:30<01:32, 47.56it/s, acc=0.314, device=mps, eta=1m33s, loss=1.9558, sps=47.1]
BC[stage1_datasets_L40_stepsweep/bc_baseline_none_steps20000_tr1]:  78%|███████▊  | 15602/20000 [05:31<01:47, 40.72it/s, acc=0.314, device=mps, eta=1m33s, loss=1.9558, sps=47.1]
BC[stage1_datasets_L40_stepsweep/bc_baseline_none_steps20000_tr1]:  78%|███████▊  | 15609/20000 [05:31<01:34, 46.27it/s, acc=0.314, device=mps, eta=1m33s, loss=1.9558, sps=47.1]
BC[stage1_datasets_L40_stepsweep/bc_baseline_none_steps20000_tr1]:  78%|███████▊  | 15617/20000 [05:31<01:23, 52.63it/s, acc=0.314, device=mps, eta=1m33s, loss=1.9558, sps=47.1]
BC[stage1_datasets_L40_stepsweep/bc_baseline_none_steps20000_tr1]:  78%|███████▊  | 15623/20000 [05:31<01:38, 44.37it/s, acc=0.314, device=mps, eta=1m33s, loss=1.9558, sps=47.1]
BC[stage1_datasets_L40_stepsweep/bc_baseline_none_steps20000_tr1]:  78%|███████▊  | 15631/20000 [05:31<01:24, 51.41it/s, acc=0.314, device=mps, eta=1m33s, loss=1.9558, sps=47.1]
BC[stage1_datasets_L40_stepsweep/bc_baseline_none_steps20000_tr1]:  78%|███████▊  | 15639/20000 [05:31<01:16, 56.94it/s, acc=0.314, device=mps, eta=1m33s, loss=1.9558, sps=47.1]
BC[stage1_datasets_L40_stepsweep/bc_baseline_none_steps20000_tr1]:  78%|███████▊  | 15646/20000 [05:31<01:33, 46.56it/s, acc=0.314, device=mps, eta=1m33s, loss=1.9558, sps=47.1]
BC[stage1_datasets_L40_stepsweep/bc_baseline_none_steps20000_tr1]:  78%|███████▊  | 15652/20000 [05:31<01:28, 49.29it/s, acc=0.314, device=mps, eta=1m33s, loss=1.9558, sps=47.1]
BC[stage1_datasets_L40_stepsweep/bc_baseline_none_steps20000_tr1]:  78%|███████▊  | 15658/20000 [05:32<01:24, 51.58it/s, acc=0.314, device=mps, eta=1m33s, loss=1.9558, sps=47.1]
BC[stage1_datasets_L40_stepsweep/bc_baseline_none_steps20000_tr1]:  78%|███████▊  | 15664/20000 [05:32<01:43, 41.80it/s, acc=0.314, device=mps, eta=1m33s, loss=1.9558, sps=47.1]
BC[stage1_datasets_L40_stepsweep/bc_baseline_none_steps20000_tr1]:  78%|███████▊  | 15670/20000 [05:32<01:38, 44.08it/s, acc=0.314, device=mps, eta=1m33s, loss=1.9558, sps=47.1]
BC[stage1_datasets_L40_stepsweep/bc_baseline_none_steps20000_tr1]:  78%|███████▊  | 15676/20000 [05:32<01:32, 46.94it/s, acc=0.314, device=mps, eta=1m33s, loss=1.9558, sps=47.1]
BC[stage1_datasets_L40_stepsweep/bc_baseline_none_steps20000_tr1]:  78%|███████▊  | 15682/20000 [05:32<01:49, 39.42it/s, acc=0.314, device=mps, eta=1m33s, loss=1.9558, sps=47.1]
BC[stage1_datasets_L40_stepsweep/bc_baseline_none_steps20000_tr1]:  78%|███████▊  | 15690/20000 [05:32<01:30, 47.41it/s, acc=0.314, device=mps, eta=1m33s, loss=1.9558, sps=47.1]
BC[stage1_datasets_L40_stepsweep/bc_baseline_none_steps20000_tr1]:  78%|███████▊  | 15698/20000 [05:32<01:19, 53.93it/s, acc=0.314, device=mps, eta=1m33s, loss=1.9558, sps=47.1]
BC[stage1_datasets_L40_stepsweep/bc_baseline_none_steps20000_tr1]:  79%|███████▊  | 15704/20000 [05:33<01:34, 45.24it/s, acc=0.314, device=mps, eta=1m33s, loss=1.9558, sps=47.1]
BC[stage1_datasets_L40_stepsweep/bc_baseline_none_steps20000_tr1]:  79%|███████▊  | 15711/20000 [05:33<01:26, 49.38it/s, acc=0.314, device=mps, eta=1m33s, loss=1.9558, sps=47.1]
BC[stage1_datasets_L40_stepsweep/bc_baseline_none_steps20000_tr1]:  79%|███████▊  | 15717/20000 [05:33<01:22, 51.83it/s, acc=0.314, device=mps, eta=1m33s, loss=1.9558, sps=47.1]
BC[stage1_datasets_L40_stepsweep/bc_baseline_none_steps20000_tr1]:  79%|███████▊  | 15723/20000 [05:33<01:41, 42.32it/s, acc=0.314, device=mps, eta=1m33s, loss=1.9558, sps=47.1]
BC[stage1_datasets_L40_stepsweep/bc_baseline_none_steps20000_tr1]:  79%|███████▊  | 15731/20000 [05:33<01:25, 50.07it/s, acc=0.314, device=mps, eta=1m33s, loss=1.9558, sps=47.1]
BC[stage1_datasets_L40_stepsweep/bc_baseline_none_steps20000_tr1]:  79%|███████▊  | 15739/20000 [05:33<01:15, 56.36it/s, acc=0.314, device=mps, eta=1m33s, loss=1.9558, sps=47.1]
BC[stage1_datasets_L40_stepsweep/bc_baseline_none_steps20000_tr1]:  79%|███████▊  | 15746/20000 [05:33<01:29, 47.31it/s, acc=0.314, device=mps, eta=1m33s, loss=1.9558, sps=47.1]
BC[stage1_datasets_L40_stepsweep/bc_baseline_none_steps20000_tr1]:  79%|███████▉  | 15753/20000 [05:34<01:24, 50.45it/s, acc=0.314, device=mps, eta=1m33s, loss=1.9558, sps=47.1]
BC[stage1_datasets_L40_stepsweep/bc_baseline_none_steps20000_tr1]:  79%|███████▉  | 15759/20000 [05:34<01:21, 52.13it/s, acc=0.314, device=mps, eta=1m33s, loss=1.9558, sps=47.1]
BC[stage1_datasets_L40_stepsweep/bc_baseline_none_steps20000_tr1]:  79%|███████▉  | 15765/20000 [05:34<01:39, 42.62it/s, acc=0.314, device=mps, eta=1m33s, loss=1.9558, sps=47.1]
BC[stage1_datasets_L40_stepsweep/bc_baseline_none_steps20000_tr1]:  79%|███████▉  | 15771/20000 [05:34<01:32, 45.62it/s, acc=0.314, device=mps, eta=1m33s, loss=1.9558, sps=47.1]
BC[stage1_datasets_L40_stepsweep/bc_baseline_none_steps20000_tr1]:  79%|███████▉  | 15777/20000 [05:34<01:26, 48.97it/s, acc=0.314, device=mps, eta=1m33s, loss=1.9558, sps=47.1]
BC[stage1_datasets_L40_stepsweep/bc_baseline_none_steps20000_tr1]:  79%|███████▉  | 15783/20000 [05:34<01:45, 40.06it/s, acc=0.314, device=mps, eta=1m33s, loss=1.9558, sps=47.1]
BC[stage1_datasets_L40_stepsweep/bc_baseline_none_steps20000_tr1]:  79%|███████▉  | 15789/20000 [05:34<01:36, 43.68it/s, acc=0.314, device=mps, eta=1m33s, loss=1.9558, sps=47.1]
BC[stage1_datasets_L40_stepsweep/bc_baseline_none_steps20000_tr1]:  79%|███████▉  | 15796/20000 [05:35<01:25, 49.22it/s, acc=0.314, device=mps, eta=1m33s, loss=1.9558, sps=47.1]
BC[stage1_datasets_L40_stepsweep/bc_baseline_none_steps20000_tr1]:  79%|███████▉  | 15796/20000 [05:35<01:25, 49.22it/s, acc=0.320, device=mps, eta=1m29s, loss=1.9472, sps=47.1]
BC[stage1_datasets_L40_stepsweep/bc_baseline_none_steps20000_tr1]:  79%|███████▉  | 15802/20000 [05:35<01:38, 42.78it/s, acc=0.320, device=mps, eta=1m29s, loss=1.9472, sps=47.1]
BC[stage1_datasets_L40_stepsweep/bc_baseline_none_steps20000_tr1]:  79%|███████▉  | 15810/20000 [05:35<01:23, 50.29it/s, acc=0.320, device=mps, eta=1m29s, loss=1.9472, sps=47.1]
BC[stage1_datasets_L40_stepsweep/bc_baseline_none_steps20000_tr1]:  79%|███████▉  | 15818/20000 [05:35<01:13, 57.17it/s, acc=0.320, device=mps, eta=1m29s, loss=1.9472, sps=47.1]
BC[stage1_datasets_L40_stepsweep/bc_baseline_none_steps20000_tr1]:  79%|███████▉  | 15825/20000 [05:35<01:29, 46.89it/s, acc=0.320, device=mps, eta=1m29s, loss=1.9472, sps=47.1]
BC[stage1_datasets_L40_stepsweep/bc_baseline_none_steps20000_tr1]:  79%|███████▉  | 15831/20000 [05:35<01:29, 46.56it/s, acc=0.320, device=mps, eta=1m29s, loss=1.9472, sps=47.1]
BC[stage1_datasets_L40_stepsweep/bc_baseline_none_steps20000_tr1]:  79%|███████▉  | 15838/20000 [05:35<01:22, 50.28it/s, acc=0.320, device=mps, eta=1m29s, loss=1.9472, sps=47.1]
BC[stage1_datasets_L40_stepsweep/bc_baseline_none_steps20000_tr1]:  79%|███████▉  | 15844/20000 [05:36<01:36, 42.94it/s, acc=0.320, device=mps, eta=1m29s, loss=1.9472, sps=47.1]
BC[stage1_datasets_L40_stepsweep/bc_baseline_none_steps20000_tr1]:  79%|███████▉  | 15852/20000 [05:36<01:22, 50.17it/s, acc=0.320, device=mps, eta=1m29s, loss=1.9472, sps=47.1]
BC[stage1_datasets_L40_stepsweep/bc_baseline_none_steps20000_tr1]:  79%|███████▉  | 15860/20000 [05:36<01:13, 56.51it/s, acc=0.320, device=mps, eta=1m29s, loss=1.9472, sps=47.1]
BC[stage1_datasets_L40_stepsweep/bc_baseline_none_steps20000_tr1]:  79%|███████▉  | 15867/20000 [05:36<01:30, 45.86it/s, acc=0.320, device=mps, eta=1m29s, loss=1.9472, sps=47.1]
BC[stage1_datasets_L40_stepsweep/bc_baseline_none_steps20000_tr1]:  79%|███████▉  | 15873/20000 [05:36<01:24, 48.86it/s, acc=0.320, device=mps, eta=1m29s, loss=1.9472, sps=47.1]
BC[stage1_datasets_L40_stepsweep/bc_baseline_none_steps20000_tr1]:  79%|███████▉  | 15880/20000 [05:36<01:18, 52.68it/s, acc=0.320, device=mps, eta=1m29s, loss=1.9472, sps=47.1]
BC[stage1_datasets_L40_stepsweep/bc_baseline_none_steps20000_tr1]:  79%|███████▉  | 15886/20000 [05:36<01:36, 42.66it/s, acc=0.320, device=mps, eta=1m29s, loss=1.9472, sps=47.1]
BC[stage1_datasets_L40_stepsweep/bc_baseline_none_steps20000_tr1]:  79%|███████▉  | 15892/20000 [05:37<01:31, 45.04it/s, acc=0.320, device=mps, eta=1m29s, loss=1.9472, sps=47.1]
BC[stage1_datasets_L40_stepsweep/bc_baseline_none_steps20000_tr1]:  79%|███████▉  | 15898/20000 [05:37<01:25, 48.18it/s, acc=0.320, device=mps, eta=1m29s, loss=1.9472, sps=47.1]
BC[stage1_datasets_L40_stepsweep/bc_baseline_none_steps20000_tr1]:  80%|███████▉  | 15904/20000 [05:37<01:40, 40.59it/s, acc=0.320, device=mps, eta=1m29s, loss=1.9472, sps=47.1]
BC[stage1_datasets_L40_stepsweep/bc_baseline_none_steps20000_tr1]:  80%|███████▉  | 15912/20000 [05:37<01:24, 48.37it/s, acc=0.320, device=mps, eta=1m29s, loss=1.9472, sps=47.1]
BC[stage1_datasets_L40_stepsweep/bc_baseline_none_steps20000_tr1]:  80%|███████▉  | 15920/20000 [05:37<01:13, 55.63it/s, acc=0.320, device=mps, eta=1m29s, loss=1.9472, sps=47.1]
BC[stage1_datasets_L40_stepsweep/bc_baseline_none_steps20000_tr1]:  80%|███████▉  | 15927/20000 [05:37<01:28, 46.01it/s, acc=0.320, device=mps, eta=1m29s, loss=1.9472, sps=47.1]
BC[stage1_datasets_L40_stepsweep/bc_baseline_none_steps20000_tr1]:  80%|███████▉  | 15934/20000 [05:37<01:21, 49.70it/s, acc=0.320, device=mps, eta=1m29s, loss=1.9472, sps=47.1]
BC[stage1_datasets_L40_stepsweep/bc_baseline_none_steps20000_tr1]:  80%|███████▉  | 15941/20000 [05:38<01:36, 42.19it/s, acc=0.320, device=mps, eta=1m29s, loss=1.9472, sps=47.1]
BC[stage1_datasets_L40_stepsweep/bc_baseline_none_steps20000_tr1]:  80%|███████▉  | 15949/20000 [05:38<01:22, 49.34it/s, acc=0.320, device=mps, eta=1m29s, loss=1.9472, sps=47.1]
BC[stage1_datasets_L40_stepsweep/bc_baseline_none_steps20000_tr1]:  80%|███████▉  | 15957/20000 [05:38<01:12, 55.52it/s, acc=0.320, device=mps, eta=1m29s, loss=1.9472, sps=47.1]
BC[stage1_datasets_L40_stepsweep/bc_baseline_none_steps20000_tr1]:  80%|███████▉  | 15964/20000 [05:38<01:24, 47.64it/s, acc=0.320, device=mps, eta=1m29s, loss=1.9472, sps=47.1]
BC[stage1_datasets_L40_stepsweep/bc_baseline_none_steps20000_tr1]:  80%|███████▉  | 15971/20000 [05:38<01:18, 51.32it/s, acc=0.320, device=mps, eta=1m29s, loss=1.9472, sps=47.1]
BC[stage1_datasets_L40_stepsweep/bc_baseline_none_steps20000_tr1]:  80%|███████▉  | 15977/20000 [05:38<01:15, 53.00it/s, acc=0.320, device=mps, eta=1m29s, loss=1.9472, sps=47.1]
BC[stage1_datasets_L40_stepsweep/bc_baseline_none_steps20000_tr1]:  80%|███████▉  | 15983/20000 [05:38<01:32, 43.53it/s, acc=0.320, device=mps, eta=1m29s, loss=1.9472, sps=47.1]
BC[stage1_datasets_L40_stepsweep/bc_baseline_none_steps20000_tr1]:  80%|███████▉  | 15991/20000 [05:39<01:19, 50.49it/s, acc=0.320, device=mps, eta=1m29s, loss=1.9472, sps=47.1]
BC[stage1_datasets_L40_stepsweep/bc_baseline_none_steps20000_tr1]:  80%|███████▉  | 15999/20000 [05:39<01:11, 56.32it/s, acc=0.320, device=mps, eta=1m29s, loss=1.9472, sps=47.1]
BC[stage1_datasets_L40_stepsweep/bc_baseline_none_steps20000_tr1]:  80%|███████▉  | 15999/20000 [05:39<01:11, 56.32it/s, acc=0.314, device=mps, eta=1m25s, loss=1.9588, sps=47.2]
BC[stage1_datasets_L40_stepsweep/bc_baseline_none_steps20000_tr1]:  80%|████████  | 16006/20000 [05:39<01:25, 46.77it/s, acc=0.314, device=mps, eta=1m25s, loss=1.9588, sps=47.2]
BC[stage1_datasets_L40_stepsweep/bc_baseline_none_steps20000_tr1]:  80%|████████  | 16012/20000 [05:39<01:21, 49.07it/s, acc=0.314, device=mps, eta=1m25s, loss=1.9588, sps=47.2]
BC[stage1_datasets_L40_stepsweep/bc_baseline_none_steps20000_tr1]:  80%|████████  | 16018/20000 [05:39<01:18, 50.87it/s, acc=0.314, device=mps, eta=1m25s, loss=1.9588, sps=47.2]
BC[stage1_datasets_L40_stepsweep/bc_baseline_none_steps20000_tr1]:  80%|████████  | 16024/20000 [05:39<01:35, 41.63it/s, acc=0.314, device=mps, eta=1m25s, loss=1.9588, sps=47.2]
BC[stage1_datasets_L40_stepsweep/bc_baseline_none_steps20000_tr1]:  80%|████████  | 16030/20000 [05:39<01:29, 44.57it/s, acc=0.314, device=mps, eta=1m25s, loss=1.9588, sps=47.2]
BC[stage1_datasets_L40_stepsweep/bc_baseline_none_steps20000_tr1]:  80%|████████  | 16036/20000 [05:40<01:22, 47.85it/s, acc=0.314, device=mps, eta=1m25s, loss=1.9588, sps=47.2]
BC[stage1_datasets_L40_stepsweep/bc_baseline_none_steps20000_tr1]:  80%|████████  | 16042/20000 [05:40<01:37, 40.45it/s, acc=0.314, device=mps, eta=1m25s, loss=1.9588, sps=47.2]
BC[stage1_datasets_L40_stepsweep/bc_baseline_none_steps20000_tr1]:  80%|████████  | 16050/20000 [05:40<01:21, 48.23it/s, acc=0.314, device=mps, eta=1m25s, loss=1.9588, sps=47.2]
BC[stage1_datasets_L40_stepsweep/bc_baseline_none_steps20000_tr1]:  80%|████████  | 16058/20000 [05:40<01:12, 54.24it/s, acc=0.314, device=mps, eta=1m25s, loss=1.9588, sps=47.2]
BC[stage1_datasets_L40_stepsweep/bc_baseline_none_steps20000_tr1]:  80%|████████  | 16064/20000 [05:40<01:26, 45.27it/s, acc=0.314, device=mps, eta=1m25s, loss=1.9588, sps=47.2]
BC[stage1_datasets_L40_stepsweep/bc_baseline_none_steps20000_tr1]:  80%|████████  | 16071/20000 [05:40<01:19, 49.12it/s, acc=0.314, device=mps, eta=1m25s, loss=1.9588, sps=47.2]
BC[stage1_datasets_L40_stepsweep/bc_baseline_none_steps20000_tr1]:  80%|████████  | 16077/20000 [05:40<01:16, 51.54it/s, acc=0.314, device=mps, eta=1m25s, loss=1.9588, sps=47.2]
BC[stage1_datasets_L40_stepsweep/bc_baseline_none_steps20000_tr1]:  80%|████████  | 16083/20000 [05:41<01:33, 41.73it/s, acc=0.314, device=mps, eta=1m25s, loss=1.9588, sps=47.2]
BC[stage1_datasets_L40_stepsweep/bc_baseline_none_steps20000_tr1]:  80%|████████  | 16089/20000 [05:41<01:27, 44.53it/s, acc=0.314, device=mps, eta=1m25s, loss=1.9588, sps=47.2]
BC[stage1_datasets_L40_stepsweep/bc_baseline_none_steps20000_tr1]:  80%|████████  | 16095/20000 [05:41<01:22, 47.54it/s, acc=0.314, device=mps, eta=1m25s, loss=1.9588, sps=47.2]
BC[stage1_datasets_L40_stepsweep/bc_baseline_none_steps20000_tr1]:  81%|████████  | 16101/20000 [05:41<01:37, 39.96it/s, acc=0.314, device=mps, eta=1m25s, loss=1.9588, sps=47.2]
BC[stage1_datasets_L40_stepsweep/bc_baseline_none_steps20000_tr1]:  81%|████████  | 16109/20000 [05:41<01:21, 47.89it/s, acc=0.314, device=mps, eta=1m25s, loss=1.9588, sps=47.2]
BC[stage1_datasets_L40_stepsweep/bc_baseline_none_steps20000_tr1]:  81%|████████  | 16117/20000 [05:41<01:10, 54.77it/s, acc=0.314, device=mps, eta=1m25s, loss=1.9588, sps=47.2]
BC[stage1_datasets_L40_stepsweep/bc_baseline_none_steps20000_tr1]:  81%|████████  | 16124/20000 [05:41<01:22, 46.94it/s, acc=0.314, device=mps, eta=1m25s, loss=1.9588, sps=47.2]
BC[stage1_datasets_L40_stepsweep/bc_baseline_none_steps20000_tr1]:  81%|████████  | 16131/20000 [05:42<01:15, 51.16it/s, acc=0.314, device=mps, eta=1m25s, loss=1.9588, sps=47.2]
BC[stage1_datasets_L40_stepsweep/bc_baseline_none_steps20000_tr1]:  81%|████████  | 16138/20000 [05:42<01:11, 54.02it/s, acc=0.314, device=mps, eta=1m25s, loss=1.9588, sps=47.2]
BC[stage1_datasets_L40_stepsweep/bc_baseline_none_steps20000_tr1]:  81%|████████  | 16144/20000 [05:42<01:29, 42.85it/s, acc=0.314, device=mps, eta=1m25s, loss=1.9588, sps=47.2]
BC[stage1_datasets_L40_stepsweep/bc_baseline_none_steps20000_tr1]:  81%|████████  | 16150/20000 [05:42<01:25, 45.20it/s, acc=0.314, device=mps, eta=1m25s, loss=1.9588, sps=47.2]
BC[stage1_datasets_L40_stepsweep/bc_baseline_none_steps20000_tr1]:  81%|████████  | 16157/20000 [05:42<01:17, 49.38it/s, acc=0.314, device=mps, eta=1m25s, loss=1.9588, sps=47.2]
BC[stage1_datasets_L40_stepsweep/bc_baseline_none_steps20000_tr1]:  81%|████████  | 16163/20000 [05:42<01:30, 42.25it/s, acc=0.314, device=mps, eta=1m25s, loss=1.9588, sps=47.2]
BC[stage1_datasets_L40_stepsweep/bc_baseline_none_steps20000_tr1]:  81%|████████  | 16171/20000 [05:42<01:17, 49.21it/s, acc=0.314, device=mps, eta=1m25s, loss=1.9588, sps=47.2]
BC[stage1_datasets_L40_stepsweep/bc_baseline_none_steps20000_tr1]:  81%|████████  | 16179/20000 [05:42<01:08, 55.86it/s, acc=0.314, device=mps, eta=1m25s, loss=1.9588, sps=47.2]
BC[stage1_datasets_L40_stepsweep/bc_baseline_none_steps20000_tr1]:  81%|████████  | 16186/20000 [05:43<01:20, 47.54it/s, acc=0.314, device=mps, eta=1m25s, loss=1.9588, sps=47.2]
BC[stage1_datasets_L40_stepsweep/bc_baseline_none_steps20000_tr1]:  81%|████████  | 16193/20000 [05:43<01:12, 52.28it/s, acc=0.314, device=mps, eta=1m25s, loss=1.9588, sps=47.2]
BC[stage1_datasets_L40_stepsweep/bc_baseline_none_steps20000_tr1]:  81%|████████  | 16193/20000 [05:43<01:12, 52.28it/s, acc=0.319, device=mps, eta=1m21s, loss=1.9434, sps=47.2]
BC[stage1_datasets_L40_stepsweep/bc_baseline_none_steps20000_tr1]:  81%|████████  | 16200/20000 [05:43<01:07, 56.50it/s, acc=0.319, device=mps, eta=1m21s, loss=1.9434, sps=47.2]
BC[stage1_datasets_L40_stepsweep/bc_baseline_none_steps20000_tr1]:  81%|████████  | 16207/20000 [05:43<01:24, 44.74it/s, acc=0.319, device=mps, eta=1m21s, loss=1.9434, sps=47.2]
BC[stage1_datasets_L40_stepsweep/bc_baseline_none_steps20000_tr1]:  81%|████████  | 16213/20000 [05:43<01:20, 47.18it/s, acc=0.319, device=mps, eta=1m21s, loss=1.9434, sps=47.2]
BC[stage1_datasets_L40_stepsweep/bc_baseline_none_steps20000_tr1]:  81%|████████  | 16219/20000 [05:43<01:16, 49.66it/s, acc=0.319, device=mps, eta=1m21s, loss=1.9434, sps=47.2]
BC[stage1_datasets_L40_stepsweep/bc_baseline_none_steps20000_tr1]:  81%|████████  | 16225/20000 [05:44<01:31, 41.26it/s, acc=0.319, device=mps, eta=1m21s, loss=1.9434, sps=47.2]
BC[stage1_datasets_L40_stepsweep/bc_baseline_none_steps20000_tr1]:  81%|████████  | 16232/20000 [05:44<01:22, 45.90it/s, acc=0.319, device=mps, eta=1m21s, loss=1.9434, sps=47.2]
BC[stage1_datasets_L40_stepsweep/bc_baseline_none_steps20000_tr1]:  81%|████████  | 16239/20000 [05:44<01:15, 49.79it/s, acc=0.319, device=mps, eta=1m21s, loss=1.9434, sps=47.2]
BC[stage1_datasets_L40_stepsweep/bc_baseline_none_steps20000_tr1]:  81%|████████  | 16245/20000 [05:44<01:29, 41.84it/s, acc=0.319, device=mps, eta=1m21s, loss=1.9434, sps=47.2]
BC[stage1_datasets_L40_stepsweep/bc_baseline_none_steps20000_tr1]:  81%|████████▏ | 16251/20000 [05:44<01:22, 45.26it/s, acc=0.319, device=mps, eta=1m21s, loss=1.9434, sps=47.2]
BC[stage1_datasets_L40_stepsweep/bc_baseline_none_steps20000_tr1]:  81%|████████▏ | 16257/20000 [05:44<01:18, 47.60it/s, acc=0.319, device=mps, eta=1m21s, loss=1.9434, sps=47.2]
BC[stage1_datasets_L40_stepsweep/bc_baseline_none_steps20000_tr1]:  81%|████████▏ | 16263/20000 [05:44<01:35, 39.23it/s, acc=0.319, device=mps, eta=1m21s, loss=1.9434, sps=47.2]
BC[stage1_datasets_L40_stepsweep/bc_baseline_none_steps20000_tr1]:  81%|████████▏ | 16269/20000 [05:45<01:25, 43.63it/s, acc=0.319, device=mps, eta=1m21s, loss=1.9434, sps=47.2]
BC[stage1_datasets_L40_stepsweep/bc_baseline_none_steps20000_tr1]:  81%|████████▏ | 16276/20000 [05:45<01:17, 48.18it/s, acc=0.319, device=mps, eta=1m21s, loss=1.9434, sps=47.2]
BC[stage1_datasets_L40_stepsweep/bc_baseline_none_steps20000_tr1]:  81%|████████▏ | 16282/20000 [05:45<01:31, 40.81it/s, acc=0.319, device=mps, eta=1m21s, loss=1.9434, sps=47.2]
BC[stage1_datasets_L40_stepsweep/bc_baseline_none_steps20000_tr1]:  81%|████████▏ | 16290/20000 [05:45<01:15, 49.03it/s, acc=0.319, device=mps, eta=1m21s, loss=1.9434, sps=47.2]
BC[stage1_datasets_L40_stepsweep/bc_baseline_none_steps20000_tr1]:  81%|████████▏ | 16298/20000 [05:45<01:06, 56.09it/s, acc=0.319, device=mps, eta=1m21s, loss=1.9434, sps=47.2]
BC[stage1_datasets_L40_stepsweep/bc_baseline_none_steps20000_tr1]:  82%|████████▏ | 16305/20000 [05:45<01:17, 47.47it/s, acc=0.319, device=mps, eta=1m21s, loss=1.9434, sps=47.2]
BC[stage1_datasets_L40_stepsweep/bc_baseline_none_steps20000_tr1]:  82%|████████▏ | 16313/20000 [05:45<01:08, 53.71it/s, acc=0.319, device=mps, eta=1m21s, loss=1.9434, sps=47.2]
BC[stage1_datasets_L40_stepsweep/bc_baseline_none_steps20000_tr1]:  82%|████████▏ | 16321/20000 [05:46<01:18, 46.65it/s, acc=0.319, device=mps, eta=1m21s, loss=1.9434, sps=47.2]
BC[stage1_datasets_L40_stepsweep/bc_baseline_none_steps20000_tr1]:  82%|████████▏ | 16329/20000 [05:46<01:09, 52.75it/s, acc=0.319, device=mps, eta=1m21s, loss=1.9434, sps=47.2]
BC[stage1_datasets_L40_stepsweep/bc_baseline_none_steps20000_tr1]:  82%|████████▏ | 16337/20000 [05:46<01:02, 58.15it/s, acc=0.319, device=mps, eta=1m21s, loss=1.9434, sps=47.2]
BC[stage1_datasets_L40_stepsweep/bc_baseline_none_steps20000_tr1]:  82%|████████▏ | 16344/20000 [05:46<01:15, 48.35it/s, acc=0.319, device=mps, eta=1m21s, loss=1.9434, sps=47.2]
BC[stage1_datasets_L40_stepsweep/bc_baseline_none_steps20000_tr1]:  82%|████████▏ | 16352/20000 [05:46<01:06, 54.70it/s, acc=0.319, device=mps, eta=1m21s, loss=1.9434, sps=47.2]
BC[stage1_datasets_L40_stepsweep/bc_baseline_none_steps20000_tr1]:  82%|████████▏ | 16361/20000 [05:46<01:14, 48.64it/s, acc=0.319, device=mps, eta=1m21s, loss=1.9434, sps=47.2]
BC[stage1_datasets_L40_stepsweep/bc_baseline_none_steps20000_tr1]:  82%|████████▏ | 16369/20000 [05:46<01:06, 54.23it/s, acc=0.319, device=mps, eta=1m21s, loss=1.9434, sps=47.2]
BC[stage1_datasets_L40_stepsweep/bc_baseline_none_steps20000_tr1]:  82%|████████▏ | 16377/20000 [05:47<01:01, 59.33it/s, acc=0.319, device=mps, eta=1m21s, loss=1.9434, sps=47.2]
BC[stage1_datasets_L40_stepsweep/bc_baseline_none_steps20000_tr1]:  82%|████████▏ | 16384/20000 [05:47<01:13, 49.16it/s, acc=0.319, device=mps, eta=1m21s, loss=1.9434, sps=47.2]
BC[stage1_datasets_L40_stepsweep/bc_baseline_none_steps20000_tr1]:  82%|████████▏ | 16392/20000 [05:47<01:05, 54.80it/s, acc=0.319, device=mps, eta=1m21s, loss=1.9434, sps=47.2]
BC[stage1_datasets_L40_stepsweep/bc_baseline_none_steps20000_tr1]:  82%|████████▏ | 16392/20000 [05:47<01:05, 54.80it/s, acc=0.314, device=mps, eta=1m16s, loss=1.9572, sps=47.2]
BC[stage1_datasets_L40_stepsweep/bc_baseline_none_steps20000_tr1]:  82%|████████▏ | 16400/20000 [05:47<01:00, 59.64it/s, acc=0.314, device=mps, eta=1m16s, loss=1.9572, sps=47.2]
BC[stage1_datasets_L40_stepsweep/bc_baseline_none_steps20000_tr1]:  82%|████████▏ | 16407/20000 [05:47<01:15, 47.61it/s, acc=0.314, device=mps, eta=1m16s, loss=1.9572, sps=47.2]
BC[stage1_datasets_L40_stepsweep/bc_baseline_none_steps20000_tr1]:  82%|████████▏ | 16413/20000 [05:47<01:11, 50.13it/s, acc=0.314, device=mps, eta=1m16s, loss=1.9572, sps=47.2]
BC[stage1_datasets_L40_stepsweep/bc_baseline_none_steps20000_tr1]:  82%|████████▏ | 16419/20000 [05:47<01:08, 52.23it/s, acc=0.314, device=mps, eta=1m16s, loss=1.9572, sps=47.2]
BC[stage1_datasets_L40_stepsweep/bc_baseline_none_steps20000_tr1]:  82%|████████▏ | 16425/20000 [05:48<01:22, 43.48it/s, acc=0.314, device=mps, eta=1m16s, loss=1.9572, sps=47.2]
BC[stage1_datasets_L40_stepsweep/bc_baseline_none_steps20000_tr1]:  82%|████████▏ | 16430/20000 [05:48<01:20, 44.60it/s, acc=0.314, device=mps, eta=1m16s, loss=1.9572, sps=47.2]
BC[stage1_datasets_L40_stepsweep/bc_baseline_none_steps20000_tr1]:  82%|████████▏ | 16436/20000 [05:48<01:16, 46.38it/s, acc=0.314, device=mps, eta=1m16s, loss=1.9572, sps=47.2]
BC[stage1_datasets_L40_stepsweep/bc_baseline_none_steps20000_tr1]:  82%|████████▏ | 16441/20000 [05:48<01:33, 38.03it/s, acc=0.314, device=mps, eta=1m16s, loss=1.9572, sps=47.2]
BC[stage1_datasets_L40_stepsweep/bc_baseline_none_steps20000_tr1]:  82%|████████▏ | 16449/20000 [05:48<01:16, 46.29it/s, acc=0.314, device=mps, eta=1m16s, loss=1.9572, sps=47.2]
BC[stage1_datasets_L40_stepsweep/bc_baseline_none_steps20000_tr1]:  82%|████████▏ | 16457/20000 [05:48<01:05, 53.79it/s, acc=0.314, device=mps, eta=1m16s, loss=1.9572, sps=47.2]
BC[stage1_datasets_L40_stepsweep/bc_baseline_none_steps20000_tr1]:  82%|████████▏ | 16463/20000 [05:48<01:17, 45.86it/s, acc=0.314, device=mps, eta=1m16s, loss=1.9572, sps=47.2]
BC[stage1_datasets_L40_stepsweep/bc_baseline_none_steps20000_tr1]:  82%|████████▏ | 16470/20000 [05:49<01:09, 50.91it/s, acc=0.314, device=mps, eta=1m16s, loss=1.9572, sps=47.2]
BC[stage1_datasets_L40_stepsweep/bc_baseline_none_steps20000_tr1]:  82%|████████▏ | 16477/20000 [05:49<01:04, 54.63it/s, acc=0.314, device=mps, eta=1m16s, loss=1.9572, sps=47.2]
BC[stage1_datasets_L40_stepsweep/bc_baseline_none_steps20000_tr1]:  82%|████████▏ | 16483/20000 [05:49<01:19, 44.50it/s, acc=0.314, device=mps, eta=1m16s, loss=1.9572, sps=47.2]
BC[stage1_datasets_L40_stepsweep/bc_baseline_none_steps20000_tr1]:  82%|████████▏ | 16489/20000 [05:49<01:14, 47.31it/s, acc=0.314, device=mps, eta=1m16s, loss=1.9572, sps=47.2]
BC[stage1_datasets_L40_stepsweep/bc_baseline_none_steps20000_tr1]:  82%|████████▏ | 16495/20000 [05:49<01:10, 49.48it/s, acc=0.314, device=mps, eta=1m16s, loss=1.9572, sps=47.2]
BC[stage1_datasets_L40_stepsweep/bc_baseline_none_steps20000_tr1]:  83%|████████▎ | 16501/20000 [05:49<01:28, 39.48it/s, acc=0.314, device=mps, eta=1m16s, loss=1.9572, sps=47.2]
BC[stage1_datasets_L40_stepsweep/bc_baseline_none_steps20000_tr1]:  83%|████████▎ | 16509/20000 [05:49<01:13, 47.65it/s, acc=0.314, device=mps, eta=1m16s, loss=1.9572, sps=47.2]
BC[stage1_datasets_L40_stepsweep/bc_baseline_none_steps20000_tr1]:  83%|████████▎ | 16517/20000 [05:49<01:04, 54.32it/s, acc=0.314, device=mps, eta=1m16s, loss=1.9572, sps=47.2]
BC[stage1_datasets_L40_stepsweep/bc_baseline_none_steps20000_tr1]:  83%|████████▎ | 16524/20000 [05:50<01:18, 44.27it/s, acc=0.314, device=mps, eta=1m16s, loss=1.9572, sps=47.2]
BC[stage1_datasets_L40_stepsweep/bc_baseline_none_steps20000_tr1]:  83%|████████▎ | 16530/20000 [05:50<01:14, 46.62it/s, acc=0.314, device=mps, eta=1m16s, loss=1.9572, sps=47.2]
BC[stage1_datasets_L40_stepsweep/bc_baseline_none_steps20000_tr1]:  83%|████████▎ | 16537/20000 [05:50<01:08, 50.92it/s, acc=0.314, device=mps, eta=1m16s, loss=1.9572, sps=47.2]
BC[stage1_datasets_L40_stepsweep/bc_baseline_none_steps20000_tr1]:  83%|████████▎ | 16543/20000 [05:50<01:19, 43.65it/s, acc=0.314, device=mps, eta=1m16s, loss=1.9572, sps=47.2]
BC[stage1_datasets_L40_stepsweep/bc_baseline_none_steps20000_tr1]:  83%|████████▎ | 16551/20000 [05:50<01:07, 50.97it/s, acc=0.314, device=mps, eta=1m16s, loss=1.9572, sps=47.2]
BC[stage1_datasets_L40_stepsweep/bc_baseline_none_steps20000_tr1]:  83%|████████▎ | 16559/20000 [05:50<00:59, 57.75it/s, acc=0.314, device=mps, eta=1m16s, loss=1.9572, sps=47.2]
BC[stage1_datasets_L40_stepsweep/bc_baseline_none_steps20000_tr1]:  83%|████████▎ | 16566/20000 [05:51<01:10, 48.94it/s, acc=0.314, device=mps, eta=1m16s, loss=1.9572, sps=47.2]
BC[stage1_datasets_L40_stepsweep/bc_baseline_none_steps20000_tr1]:  83%|████████▎ | 16574/20000 [05:51<01:02, 54.86it/s, acc=0.314, device=mps, eta=1m16s, loss=1.9572, sps=47.2]
BC[stage1_datasets_L40_stepsweep/bc_baseline_none_steps20000_tr1]:  83%|████████▎ | 16581/20000 [05:51<01:13, 46.32it/s, acc=0.314, device=mps, eta=1m16s, loss=1.9572, sps=47.2]
BC[stage1_datasets_L40_stepsweep/bc_baseline_none_steps20000_tr1]:  83%|████████▎ | 16589/20000 [05:51<01:04, 52.67it/s, acc=0.314, device=mps, eta=1m16s, loss=1.9572, sps=47.2]
BC[stage1_datasets_L40_stepsweep/bc_baseline_none_steps20000_tr1]:  83%|████████▎ | 16597/20000 [05:51<00:58, 57.82it/s, acc=0.314, device=mps, eta=1m16s, loss=1.9572, sps=47.2]
BC[stage1_datasets_L40_stepsweep/bc_baseline_none_steps20000_tr1]:  83%|████████▎ | 16597/20000 [05:51<00:58, 57.82it/s, acc=0.316, device=mps, eta=1m12s, loss=1.9449, sps=47.2]
BC[stage1_datasets_L40_stepsweep/bc_baseline_none_steps20000_tr1]:  83%|████████▎ | 16604/20000 [05:51<01:10, 48.07it/s, acc=0.316, device=mps, eta=1m12s, loss=1.9449, sps=47.2]
BC[stage1_datasets_L40_stepsweep/bc_baseline_none_steps20000_tr1]:  83%|████████▎ | 16610/20000 [05:51<01:07, 50.43it/s, acc=0.316, device=mps, eta=1m12s, loss=1.9449, sps=47.2]
BC[stage1_datasets_L40_stepsweep/bc_baseline_none_steps20000_tr1]:  83%|████████▎ | 16616/20000 [05:51<01:04, 52.60it/s, acc=0.316, device=mps, eta=1m12s, loss=1.9449, sps=47.2]
BC[stage1_datasets_L40_stepsweep/bc_baseline_none_steps20000_tr1]:  83%|████████▎ | 16622/20000 [05:52<01:18, 43.20it/s, acc=0.316, device=mps, eta=1m12s, loss=1.9449, sps=47.2]
BC[stage1_datasets_L40_stepsweep/bc_baseline_none_steps20000_tr1]:  83%|████████▎ | 16630/20000 [05:52<01:06, 50.44it/s, acc=0.316, device=mps, eta=1m12s, loss=1.9449, sps=47.2]
BC[stage1_datasets_L40_stepsweep/bc_baseline_none_steps20000_tr1]:  83%|████████▎ | 16638/20000 [05:52<00:59, 56.51it/s, acc=0.316, device=mps, eta=1m12s, loss=1.9449, sps=47.2]
BC[stage1_datasets_L40_stepsweep/bc_baseline_none_steps20000_tr1]:  83%|████████▎ | 16645/20000 [05:52<01:10, 47.42it/s, acc=0.316, device=mps, eta=1m12s, loss=1.9449, sps=47.2]
BC[stage1_datasets_L40_stepsweep/bc_baseline_none_steps20000_tr1]:  83%|████████▎ | 16652/20000 [05:52<01:05, 51.00it/s, acc=0.316, device=mps, eta=1m12s, loss=1.9449, sps=47.2]
BC[stage1_datasets_L40_stepsweep/bc_baseline_none_steps20000_tr1]:  83%|████████▎ | 16658/20000 [05:52<01:03, 52.96it/s, acc=0.316, device=mps, eta=1m12s, loss=1.9449, sps=47.2]
BC[stage1_datasets_L40_stepsweep/bc_baseline_none_steps20000_tr1]:  83%|████████▎ | 16664/20000 [05:53<01:18, 42.67it/s, acc=0.316, device=mps, eta=1m12s, loss=1.9449, sps=47.2]
BC[stage1_datasets_L40_stepsweep/bc_baseline_none_steps20000_tr1]:  83%|████████▎ | 16670/20000 [05:53<01:13, 45.14it/s, acc=0.316, device=mps, eta=1m12s, loss=1.9449, sps=47.2]
BC[stage1_datasets_L40_stepsweep/bc_baseline_none_steps20000_tr1]:  83%|████████▎ | 16676/20000 [05:53<01:10, 47.26it/s, acc=0.316, device=mps, eta=1m12s, loss=1.9449, sps=47.2]
BC[stage1_datasets_L40_stepsweep/bc_baseline_none_steps20000_tr1]:  83%|████████▎ | 16682/20000 [05:53<01:23, 39.66it/s, acc=0.316, device=mps, eta=1m12s, loss=1.9449, sps=47.2]
BC[stage1_datasets_L40_stepsweep/bc_baseline_none_steps20000_tr1]:  83%|████████▎ | 16690/20000 [05:53<01:09, 47.73it/s, acc=0.316, device=mps, eta=1m12s, loss=1.9449, sps=47.2]
BC[stage1_datasets_L40_stepsweep/bc_baseline_none_steps20000_tr1]:  83%|████████▎ | 16698/20000 [05:53<01:00, 54.17it/s, acc=0.316, device=mps, eta=1m12s, loss=1.9449, sps=47.2]
BC[stage1_datasets_L40_stepsweep/bc_baseline_none_steps20000_tr1]:  84%|████████▎ | 16704/20000 [05:53<01:12, 45.32it/s, acc=0.316, device=mps, eta=1m12s, loss=1.9449, sps=47.2]
BC[stage1_datasets_L40_stepsweep/bc_baseline_none_steps20000_tr1]:  84%|████████▎ | 16710/20000 [05:53<01:07, 48.40it/s, acc=0.316, device=mps, eta=1m12s, loss=1.9449, sps=47.2]
BC[stage1_datasets_L40_stepsweep/bc_baseline_none_steps20000_tr1]:  84%|████████▎ | 16716/20000 [05:54<01:05, 50.43it/s, acc=0.316, device=mps, eta=1m12s, loss=1.9449, sps=47.2]
BC[stage1_datasets_L40_stepsweep/bc_baseline_none_steps20000_tr1]:  84%|████████▎ | 16722/20000 [05:54<01:19, 40.98it/s, acc=0.316, device=mps, eta=1m12s, loss=1.9449, sps=47.2]
BC[stage1_datasets_L40_stepsweep/bc_baseline_none_steps20000_tr1]:  84%|████████▎ | 16730/20000 [05:54<01:06, 49.27it/s, acc=0.316, device=mps, eta=1m12s, loss=1.9449, sps=47.2]
BC[stage1_datasets_L40_stepsweep/bc_baseline_none_steps20000_tr1]:  84%|████████▎ | 16738/20000 [05:54<00:58, 56.14it/s, acc=0.316, device=mps, eta=1m12s, loss=1.9449, sps=47.2]
BC[stage1_datasets_L40_stepsweep/bc_baseline_none_steps20000_tr1]:  84%|████████▎ | 16745/20000 [05:54<01:08, 47.81it/s, acc=0.316, device=mps, eta=1m12s, loss=1.9449, sps=47.2]
BC[stage1_datasets_L40_stepsweep/bc_baseline_none_steps20000_tr1]:  84%|████████▍ | 16753/20000 [05:54<01:00, 53.32it/s, acc=0.316, device=mps, eta=1m12s, loss=1.9449, sps=47.2]
BC[stage1_datasets_L40_stepsweep/bc_baseline_none_steps20000_tr1]:  84%|████████▍ | 16760/20000 [05:54<00:56, 56.92it/s, acc=0.316, device=mps, eta=1m12s, loss=1.9449, sps=47.2]
BC[stage1_datasets_L40_stepsweep/bc_baseline_none_steps20000_tr1]:  84%|████████▍ | 16767/20000 [05:55<01:12, 44.84it/s, acc=0.316, device=mps, eta=1m12s, loss=1.9449, sps=47.2]
BC[stage1_datasets_L40_stepsweep/bc_baseline_none_steps20000_tr1]:  84%|████████▍ | 16773/20000 [05:55<01:09, 46.50it/s, acc=0.316, device=mps, eta=1m12s, loss=1.9449, sps=47.2]
BC[stage1_datasets_L40_stepsweep/bc_baseline_none_steps20000_tr1]:  84%|████████▍ | 16779/20000 [05:55<01:06, 48.40it/s, acc=0.316, device=mps, eta=1m12s, loss=1.9449, sps=47.2]
BC[stage1_datasets_L40_stepsweep/bc_baseline_none_steps20000_tr1]:  84%|████████▍ | 16785/20000 [05:55<01:17, 41.73it/s, acc=0.316, device=mps, eta=1m12s, loss=1.9449, sps=47.2]
BC[stage1_datasets_L40_stepsweep/bc_baseline_none_steps20000_tr1]:  84%|████████▍ | 16793/20000 [05:55<01:05, 49.26it/s, acc=0.316, device=mps, eta=1m12s, loss=1.9449, sps=47.2]
BC[stage1_datasets_L40_stepsweep/bc_baseline_none_steps20000_tr1]:  84%|████████▍ | 16793/20000 [05:55<01:05, 49.26it/s, acc=0.317, device=mps, eta=1m08s, loss=1.9512, sps=47.2]
BC[stage1_datasets_L40_stepsweep/bc_baseline_none_steps20000_tr1]:  84%|████████▍ | 16801/20000 [05:55<01:11, 44.95it/s, acc=0.317, device=mps, eta=1m08s, loss=1.9512, sps=47.2]
BC[stage1_datasets_L40_stepsweep/bc_baseline_none_steps20000_tr1]:  84%|████████▍ | 16808/20000 [05:55<01:04, 49.39it/s, acc=0.317, device=mps, eta=1m08s, loss=1.9512, sps=47.2]
BC[stage1_datasets_L40_stepsweep/bc_baseline_none_steps20000_tr1]:  84%|████████▍ | 16815/20000 [05:56<01:00, 52.66it/s, acc=0.317, device=mps, eta=1m08s, loss=1.9512, sps=47.2]
BC[stage1_datasets_L40_stepsweep/bc_baseline_none_steps20000_tr1]:  84%|████████▍ | 16821/20000 [05:56<01:15, 42.11it/s, acc=0.317, device=mps, eta=1m08s, loss=1.9512, sps=47.2]
BC[stage1_datasets_L40_stepsweep/bc_baseline_none_steps20000_tr1]:  84%|████████▍ | 16827/20000 [05:56<01:11, 44.51it/s, acc=0.317, device=mps, eta=1m08s, loss=1.9512, sps=47.2]
BC[stage1_datasets_L40_stepsweep/bc_baseline_none_steps20000_tr1]:  84%|████████▍ | 16834/20000 [05:56<01:04, 48.72it/s, acc=0.317, device=mps, eta=1m08s, loss=1.9512, sps=47.2]
BC[stage1_datasets_L40_stepsweep/bc_baseline_none_steps20000_tr1]:  84%|████████▍ | 16841/20000 [05:56<01:14, 42.65it/s, acc=0.317, device=mps, eta=1m08s, loss=1.9512, sps=47.2]
BC[stage1_datasets_L40_stepsweep/bc_baseline_none_steps20000_tr1]:  84%|████████▍ | 16849/20000 [05:56<01:03, 49.83it/s, acc=0.317, device=mps, eta=1m08s, loss=1.9512, sps=47.2]
BC[stage1_datasets_L40_stepsweep/bc_baseline_none_steps20000_tr1]:  84%|████████▍ | 16857/20000 [05:56<00:56, 56.07it/s, acc=0.317, device=mps, eta=1m08s, loss=1.9512, sps=47.2]
BC[stage1_datasets_L40_stepsweep/bc_baseline_none_steps20000_tr1]:  84%|████████▍ | 16864/20000 [05:57<01:05, 47.69it/s, acc=0.317, device=mps, eta=1m08s, loss=1.9512, sps=47.2]
BC[stage1_datasets_L40_stepsweep/bc_baseline_none_steps20000_tr1]:  84%|████████▍ | 16871/20000 [05:57<01:00, 51.44it/s, acc=0.317, device=mps, eta=1m08s, loss=1.9512, sps=47.2]
BC[stage1_datasets_L40_stepsweep/bc_baseline_none_steps20000_tr1]:  84%|████████▍ | 16878/20000 [05:57<00:57, 53.98it/s, acc=0.317, device=mps, eta=1m08s, loss=1.9512, sps=47.2]
BC[stage1_datasets_L40_stepsweep/bc_baseline_none_steps20000_tr1]:  84%|████████▍ | 16884/20000 [05:57<01:10, 43.91it/s, acc=0.317, device=mps, eta=1m08s, loss=1.9512, sps=47.2]
BC[stage1_datasets_L40_stepsweep/bc_baseline_none_steps20000_tr1]:  84%|████████▍ | 16890/20000 [05:57<01:06, 46.92it/s, acc=0.317, device=mps, eta=1m08s, loss=1.9512, sps=47.2]
BC[stage1_datasets_L40_stepsweep/bc_baseline_none_steps20000_tr1]:  84%|████████▍ | 16897/20000 [05:57<01:01, 50.57it/s, acc=0.317, device=mps, eta=1m08s, loss=1.9512, sps=47.2]
BC[stage1_datasets_L40_stepsweep/bc_baseline_none_steps20000_tr1]:  85%|████████▍ | 16903/20000 [05:58<01:12, 42.72it/s, acc=0.317, device=mps, eta=1m08s, loss=1.9512, sps=47.2]
BC[stage1_datasets_L40_stepsweep/bc_baseline_none_steps20000_tr1]:  85%|████████▍ | 16910/20000 [05:58<01:05, 47.33it/s, acc=0.317, device=mps, eta=1m08s, loss=1.9512, sps=47.2]
BC[stage1_datasets_L40_stepsweep/bc_baseline_none_steps20000_tr1]:  85%|████████▍ | 16917/20000 [05:58<01:00, 50.88it/s, acc=0.317, device=mps, eta=1m08s, loss=1.9512, sps=47.2]
BC[stage1_datasets_L40_stepsweep/bc_baseline_none_steps20000_tr1]:  85%|████████▍ | 16923/20000 [05:58<01:14, 41.09it/s, acc=0.317, device=mps, eta=1m08s, loss=1.9512, sps=47.2]
BC[stage1_datasets_L40_stepsweep/bc_baseline_none_steps20000_tr1]:  85%|████████▍ | 16928/20000 [05:58<01:12, 42.29it/s, acc=0.317, device=mps, eta=1m08s, loss=1.9512, sps=47.2]
BC[stage1_datasets_L40_stepsweep/bc_baseline_none_steps20000_tr1]:  85%|████████▍ | 16935/20000 [05:58<01:04, 47.43it/s, acc=0.317, device=mps, eta=1m08s, loss=1.9512, sps=47.2]
BC[stage1_datasets_L40_stepsweep/bc_baseline_none_steps20000_tr1]:  85%|████████▍ | 16941/20000 [05:58<01:15, 40.43it/s, acc=0.317, device=mps, eta=1m08s, loss=1.9512, sps=47.2]
BC[stage1_datasets_L40_stepsweep/bc_baseline_none_steps20000_tr1]:  85%|████████▍ | 16949/20000 [05:58<01:03, 48.38it/s, acc=0.317, device=mps, eta=1m08s, loss=1.9512, sps=47.2]
BC[stage1_datasets_L40_stepsweep/bc_baseline_none_steps20000_tr1]:  85%|████████▍ | 16957/20000 [05:59<00:55, 54.93it/s, acc=0.317, device=mps, eta=1m08s, loss=1.9512, sps=47.2]
BC[stage1_datasets_L40_stepsweep/bc_baseline_none_steps20000_tr1]:  85%|████████▍ | 16964/20000 [05:59<01:04, 46.74it/s, acc=0.317, device=mps, eta=1m08s, loss=1.9512, sps=47.2]
BC[stage1_datasets_L40_stepsweep/bc_baseline_none_steps20000_tr1]:  85%|████████▍ | 16971/20000 [05:59<01:00, 50.36it/s, acc=0.317, device=mps, eta=1m08s, loss=1.9512, sps=47.2]
BC[stage1_datasets_L40_stepsweep/bc_baseline_none_steps20000_tr1]:  85%|████████▍ | 16977/20000 [05:59<00:58, 51.45it/s, acc=0.317, device=mps, eta=1m08s, loss=1.9512, sps=47.2]
BC[stage1_datasets_L40_stepsweep/bc_baseline_none_steps20000_tr1]:  85%|████████▍ | 16983/20000 [05:59<01:12, 41.74it/s, acc=0.317, device=mps, eta=1m08s, loss=1.9512, sps=47.2]
BC[stage1_datasets_L40_stepsweep/bc_baseline_none_steps20000_tr1]:  85%|████████▍ | 16989/20000 [05:59<01:08, 44.16it/s, acc=0.317, device=mps, eta=1m08s, loss=1.9512, sps=47.2]
BC[stage1_datasets_L40_stepsweep/bc_baseline_none_steps20000_tr1]:  85%|████████▍ | 16995/20000 [05:59<01:04, 46.73it/s, acc=0.317, device=mps, eta=1m08s, loss=1.9512, sps=47.2]
BC[stage1_datasets_L40_stepsweep/bc_baseline_none_steps20000_tr1]:  85%|████████▍ | 16995/20000 [06:00<01:04, 46.73it/s, acc=0.319, device=mps, eta=1m04s, loss=1.9423, sps=47.2]
BC[stage1_datasets_L40_stepsweep/bc_baseline_none_steps20000_tr1]:  85%|████████▌ | 17001/20000 [06:00<01:16, 39.23it/s, acc=0.319, device=mps, eta=1m04s, loss=1.9423, sps=47.2]
BC[stage1_datasets_L40_stepsweep/bc_baseline_none_steps20000_tr1]:  85%|████████▌ | 17008/20000 [06:00<01:05, 45.78it/s, acc=0.319, device=mps, eta=1m04s, loss=1.9423, sps=47.2]
BC[stage1_datasets_L40_stepsweep/bc_baseline_none_steps20000_tr1]:  85%|████████▌ | 17014/20000 [06:00<01:01, 48.82it/s, acc=0.319, device=mps, eta=1m04s, loss=1.9423, sps=47.2]
BC[stage1_datasets_L40_stepsweep/bc_baseline_none_steps20000_tr1]:  85%|████████▌ | 17021/20000 [06:00<01:12, 41.36it/s, acc=0.319, device=mps, eta=1m04s, loss=1.9423, sps=47.2]
BC[stage1_datasets_L40_stepsweep/bc_baseline_none_steps20000_tr1]:  85%|████████▌ | 17029/20000 [06:00<01:00, 48.75it/s, acc=0.319, device=mps, eta=1m04s, loss=1.9423, sps=47.2]
BC[stage1_datasets_L40_stepsweep/bc_baseline_none_steps20000_tr1]:  85%|████████▌ | 17037/20000 [06:00<00:54, 54.62it/s, acc=0.319, device=mps, eta=1m04s, loss=1.9423, sps=47.2]
BC[stage1_datasets_L40_stepsweep/bc_baseline_none_steps20000_tr1]:  85%|████████▌ | 17044/20000 [06:01<01:03, 46.22it/s, acc=0.319, device=mps, eta=1m04s, loss=1.9423, sps=47.2]
BC[stage1_datasets_L40_stepsweep/bc_baseline_none_steps20000_tr1]:  85%|████████▌ | 17051/20000 [06:01<00:59, 49.65it/s, acc=0.319, device=mps, eta=1m04s, loss=1.9423, sps=47.2]
BC[stage1_datasets_L40_stepsweep/bc_baseline_none_steps20000_tr1]:  85%|████████▌ | 17057/20000 [06:01<00:57, 51.46it/s, acc=0.319, device=mps, eta=1m04s, loss=1.9423, sps=47.2]
BC[stage1_datasets_L40_stepsweep/bc_baseline_none_steps20000_tr1]:  85%|████████▌ | 17063/20000 [06:01<01:10, 41.39it/s, acc=0.319, device=mps, eta=1m04s, loss=1.9423, sps=47.2]
BC[stage1_datasets_L40_stepsweep/bc_baseline_none_steps20000_tr1]:  85%|████████▌ | 17069/20000 [06:01<01:06, 44.37it/s, acc=0.319, device=mps, eta=1m04s, loss=1.9423, sps=47.2]
BC[stage1_datasets_L40_stepsweep/bc_baseline_none_steps20000_tr1]:  85%|████████▌ | 17076/20000 [06:01<00:59, 48.96it/s, acc=0.319, device=mps, eta=1m04s, loss=1.9423, sps=47.2]
BC[stage1_datasets_L40_stepsweep/bc_baseline_none_steps20000_tr1]:  85%|████████▌ | 17082/20000 [06:01<01:10, 41.20it/s, acc=0.319, device=mps, eta=1m04s, loss=1.9423, sps=47.2]
BC[stage1_datasets_L40_stepsweep/bc_baseline_none_steps20000_tr1]:  85%|████████▌ | 17090/20000 [06:01<00:58, 49.49it/s, acc=0.319, device=mps, eta=1m04s, loss=1.9423, sps=47.2]
BC[stage1_datasets_L40_stepsweep/bc_baseline_none_steps20000_tr1]:  85%|████████▌ | 17099/20000 [06:02<00:50, 57.98it/s, acc=0.319, device=mps, eta=1m04s, loss=1.9423, sps=47.2]
BC[stage1_datasets_L40_stepsweep/bc_baseline_none_steps20000_tr1]:  86%|████████▌ | 17106/20000 [06:02<00:58, 49.86it/s, acc=0.319, device=mps, eta=1m04s, loss=1.9423, sps=47.2]
BC[stage1_datasets_L40_stepsweep/bc_baseline_none_steps20000_tr1]:  86%|████████▌ | 17115/20000 [06:02<00:50, 57.59it/s, acc=0.319, device=mps, eta=1m04s, loss=1.9423, sps=47.2]
BC[stage1_datasets_L40_stepsweep/bc_baseline_none_steps20000_tr1]:  86%|████████▌ | 17122/20000 [06:02<00:59, 48.14it/s, acc=0.319, device=mps, eta=1m04s, loss=1.9423, sps=47.2]
BC[stage1_datasets_L40_stepsweep/bc_baseline_none_steps20000_tr1]:  86%|████████▌ | 17130/20000 [06:02<00:53, 54.07it/s, acc=0.319, device=mps, eta=1m04s, loss=1.9423, sps=47.2]
BC[stage1_datasets_L40_stepsweep/bc_baseline_none_steps20000_tr1]:  86%|████████▌ | 17138/20000 [06:02<00:48, 58.85it/s, acc=0.319, device=mps, eta=1m04s, loss=1.9423, sps=47.2]
BC[stage1_datasets_L40_stepsweep/bc_baseline_none_steps20000_tr1]:  86%|████████▌ | 17145/20000 [06:03<00:58, 48.61it/s, acc=0.319, device=mps, eta=1m04s, loss=1.9423, sps=47.2]
BC[stage1_datasets_L40_stepsweep/bc_baseline_none_steps20000_tr1]:  86%|████████▌ | 17151/20000 [06:03<00:56, 50.34it/s, acc=0.319, device=mps, eta=1m04s, loss=1.9423, sps=47.2]
BC[stage1_datasets_L40_stepsweep/bc_baseline_none_steps20000_tr1]:  86%|████████▌ | 17157/20000 [06:03<00:54, 52.04it/s, acc=0.319, device=mps, eta=1m04s, loss=1.9423, sps=47.2]
BC[stage1_datasets_L40_stepsweep/bc_baseline_none_steps20000_tr1]:  86%|████████▌ | 17163/20000 [06:03<01:07, 42.26it/s, acc=0.319, device=mps, eta=1m04s, loss=1.9423, sps=47.2]
BC[stage1_datasets_L40_stepsweep/bc_baseline_none_steps20000_tr1]:  86%|████████▌ | 17170/20000 [06:03<00:59, 47.81it/s, acc=0.319, device=mps, eta=1m04s, loss=1.9423, sps=47.2]
BC[stage1_datasets_L40_stepsweep/bc_baseline_none_steps20000_tr1]:  86%|████████▌ | 17176/20000 [06:03<00:56, 49.81it/s, acc=0.319, device=mps, eta=1m04s, loss=1.9423, sps=47.2]
BC[stage1_datasets_L40_stepsweep/bc_baseline_none_steps20000_tr1]:  86%|████████▌ | 17182/20000 [06:03<01:10, 39.94it/s, acc=0.319, device=mps, eta=1m04s, loss=1.9423, sps=47.2]
BC[stage1_datasets_L40_stepsweep/bc_baseline_none_steps20000_tr1]:  86%|████████▌ | 17188/20000 [06:04<01:05, 42.80it/s, acc=0.319, device=mps, eta=1m04s, loss=1.9423, sps=47.2]
BC[stage1_datasets_L40_stepsweep/bc_baseline_none_steps20000_tr1]:  86%|████████▌ | 17195/20000 [06:04<00:59, 47.30it/s, acc=0.319, device=mps, eta=1m04s, loss=1.9423, sps=47.2]
BC[stage1_datasets_L40_stepsweep/bc_baseline_none_steps20000_tr1]:  86%|████████▌ | 17195/20000 [06:04<00:59, 47.30it/s, acc=0.316, device=mps, eta=59s, loss=1.9500, sps=47.2]  
BC[stage1_datasets_L40_stepsweep/bc_baseline_none_steps20000_tr1]:  86%|████████▌ | 17201/20000 [06:04<01:08, 40.84it/s, acc=0.316, device=mps, eta=59s, loss=1.9500, sps=47.2]
BC[stage1_datasets_L40_stepsweep/bc_baseline_none_steps20000_tr1]:  86%|████████▌ | 17208/20000 [06:04<01:00, 46.23it/s, acc=0.316, device=mps, eta=59s, loss=1.9500, sps=47.2]
BC[stage1_datasets_L40_stepsweep/bc_baseline_none_steps20000_tr1]:  86%|████████▌ | 17215/20000 [06:04<00:54, 51.31it/s, acc=0.316, device=mps, eta=59s, loss=1.9500, sps=47.2]
BC[stage1_datasets_L40_stepsweep/bc_baseline_none_steps20000_tr1]:  86%|████████▌ | 17221/20000 [06:04<01:05, 42.26it/s, acc=0.316, device=mps, eta=59s, loss=1.9500, sps=47.2]
BC[stage1_datasets_L40_stepsweep/bc_baseline_none_steps20000_tr1]:  86%|████████▌ | 17228/20000 [06:04<00:59, 46.55it/s, acc=0.316, device=mps, eta=59s, loss=1.9500, sps=47.2]
BC[stage1_datasets_L40_stepsweep/bc_baseline_none_steps20000_tr1]:  86%|████████▌ | 17234/20000 [06:04<00:56, 49.11it/s, acc=0.316, device=mps, eta=59s, loss=1.9500, sps=47.2]
BC[stage1_datasets_L40_stepsweep/bc_baseline_none_steps20000_tr1]:  86%|████████▌ | 17241/20000 [06:05<01:06, 41.37it/s, acc=0.316, device=mps, eta=59s, loss=1.9500, sps=47.2]
BC[stage1_datasets_L40_stepsweep/bc_baseline_none_steps20000_tr1]:  86%|████████▌ | 17247/20000 [06:05<01:00, 45.19it/s, acc=0.316, device=mps, eta=59s, loss=1.9500, sps=47.2]
BC[stage1_datasets_L40_stepsweep/bc_baseline_none_steps20000_tr1]:  86%|████████▋ | 17253/20000 [06:05<00:58, 47.22it/s, acc=0.316, device=mps, eta=59s, loss=1.9500, sps=47.2]
BC[stage1_datasets_L40_stepsweep/bc_baseline_none_steps20000_tr1]:  86%|████████▋ | 17260/20000 [06:05<00:52, 51.83it/s, acc=0.316, device=mps, eta=59s, loss=1.9500, sps=47.2]
BC[stage1_datasets_L40_stepsweep/bc_baseline_none_steps20000_tr1]:  86%|████████▋ | 17266/20000 [06:05<01:03, 42.90it/s, acc=0.316, device=mps, eta=59s, loss=1.9500, sps=47.2]
BC[stage1_datasets_L40_stepsweep/bc_baseline_none_steps20000_tr1]:  86%|████████▋ | 17273/20000 [06:05<00:56, 48.32it/s, acc=0.316, device=mps, eta=59s, loss=1.9500, sps=47.2]
BC[stage1_datasets_L40_stepsweep/bc_baseline_none_steps20000_tr1]:  86%|████████▋ | 17281/20000 [06:06<01:03, 42.83it/s, acc=0.316, device=mps, eta=59s, loss=1.9500, sps=47.2]
BC[stage1_datasets_L40_stepsweep/bc_baseline_none_steps20000_tr1]:  86%|████████▋ | 17289/20000 [06:06<00:54, 49.77it/s, acc=0.316, device=mps, eta=59s, loss=1.9500, sps=47.2]
BC[stage1_datasets_L40_stepsweep/bc_baseline_none_steps20000_tr1]:  86%|████████▋ | 17297/20000 [06:06<00:48, 55.82it/s, acc=0.316, device=mps, eta=59s, loss=1.9500, sps=47.2]
BC[stage1_datasets_L40_stepsweep/bc_baseline_none_steps20000_tr1]:  87%|████████▋ | 17304/20000 [06:06<00:56, 47.65it/s, acc=0.316, device=mps, eta=59s, loss=1.9500, sps=47.2]
BC[stage1_datasets_L40_stepsweep/bc_baseline_none_steps20000_tr1]:  87%|████████▋ | 17311/20000 [06:06<00:52, 51.56it/s, acc=0.316, device=mps, eta=59s, loss=1.9500, sps=47.2]
BC[stage1_datasets_L40_stepsweep/bc_baseline_none_steps20000_tr1]:  87%|████████▋ | 17318/20000 [06:06<00:49, 54.38it/s, acc=0.316, device=mps, eta=59s, loss=1.9500, sps=47.2]
BC[stage1_datasets_L40_stepsweep/bc_baseline_none_steps20000_tr1]:  87%|████████▋ | 17324/20000 [06:06<00:59, 44.67it/s, acc=0.316, device=mps, eta=59s, loss=1.9500, sps=47.2]
BC[stage1_datasets_L40_stepsweep/bc_baseline_none_steps20000_tr1]:  87%|████████▋ | 17332/20000 [06:06<00:51, 51.70it/s, acc=0.316, device=mps, eta=59s, loss=1.9500, sps=47.2]
BC[stage1_datasets_L40_stepsweep/bc_baseline_none_steps20000_tr1]:  87%|████████▋ | 17340/20000 [06:07<00:45, 57.98it/s, acc=0.316, device=mps, eta=59s, loss=1.9500, sps=47.2]
BC[stage1_datasets_L40_stepsweep/bc_baseline_none_steps20000_tr1]:  87%|████████▋ | 17347/20000 [06:07<00:57, 46.36it/s, acc=0.316, device=mps, eta=59s, loss=1.9500, sps=47.2]
BC[stage1_datasets_L40_stepsweep/bc_baseline_none_steps20000_tr1]:  87%|████████▋ | 17353/20000 [06:07<00:55, 47.97it/s, acc=0.316, device=mps, eta=59s, loss=1.9500, sps=47.2]
BC[stage1_datasets_L40_stepsweep/bc_baseline_none_steps20000_tr1]:  87%|████████▋ | 17359/20000 [06:07<00:53, 49.37it/s, acc=0.316, device=mps, eta=59s, loss=1.9500, sps=47.2]
BC[stage1_datasets_L40_stepsweep/bc_baseline_none_steps20000_tr1]:  87%|████████▋ | 17365/20000 [06:07<01:05, 40.30it/s, acc=0.316, device=mps, eta=59s, loss=1.9500, sps=47.2]
BC[stage1_datasets_L40_stepsweep/bc_baseline_none_steps20000_tr1]:  87%|████████▋ | 17373/20000 [06:07<00:54, 47.77it/s, acc=0.316, device=mps, eta=59s, loss=1.9500, sps=47.2]
BC[stage1_datasets_L40_stepsweep/bc_baseline_none_steps20000_tr1]:  87%|████████▋ | 17381/20000 [06:08<01:00, 43.07it/s, acc=0.316, device=mps, eta=59s, loss=1.9500, sps=47.2]
BC[stage1_datasets_L40_stepsweep/bc_baseline_none_steps20000_tr1]:  87%|████████▋ | 17389/20000 [06:08<00:52, 49.89it/s, acc=0.316, device=mps, eta=59s, loss=1.9500, sps=47.2]
BC[stage1_datasets_L40_stepsweep/bc_baseline_none_steps20000_tr1]:  87%|████████▋ | 17397/20000 [06:08<00:46, 55.55it/s, acc=0.316, device=mps, eta=59s, loss=1.9500, sps=47.2]
BC[stage1_datasets_L40_stepsweep/bc_baseline_none_steps20000_tr1]:  87%|████████▋ | 17397/20000 [06:08<00:46, 55.55it/s, acc=0.320, device=mps, eta=55s, loss=1.9395, sps=47.2]
BC[stage1_datasets_L40_stepsweep/bc_baseline_none_steps20000_tr1]:  87%|████████▋ | 17404/20000 [06:08<00:55, 46.61it/s, acc=0.320, device=mps, eta=55s, loss=1.9395, sps=47.2]
BC[stage1_datasets_L40_stepsweep/bc_baseline_none_steps20000_tr1]:  87%|████████▋ | 17410/20000 [06:08<00:53, 48.86it/s, acc=0.320, device=mps, eta=55s, loss=1.9395, sps=47.2]
BC[stage1_datasets_L40_stepsweep/bc_baseline_none_steps20000_tr1]:  87%|████████▋ | 17416/20000 [06:08<00:51, 50.04it/s, acc=0.320, device=mps, eta=55s, loss=1.9395, sps=47.2]
BC[stage1_datasets_L40_stepsweep/bc_baseline_none_steps20000_tr1]:  87%|████████▋ | 17422/20000 [06:08<01:03, 40.74it/s, acc=0.320, device=mps, eta=55s, loss=1.9395, sps=47.2]
BC[stage1_datasets_L40_stepsweep/bc_baseline_none_steps20000_tr1]:  87%|████████▋ | 17430/20000 [06:09<00:53, 48.37it/s, acc=0.320, device=mps, eta=55s, loss=1.9395, sps=47.2]
BC[stage1_datasets_L40_stepsweep/bc_baseline_none_steps20000_tr1]:  87%|████████▋ | 17438/20000 [06:09<00:46, 54.56it/s, acc=0.320, device=mps, eta=55s, loss=1.9395, sps=47.2]
BC[stage1_datasets_L40_stepsweep/bc_baseline_none_steps20000_tr1]:  87%|████████▋ | 17445/20000 [06:09<00:55, 46.20it/s, acc=0.320, device=mps, eta=55s, loss=1.9395, sps=47.2]
BC[stage1_datasets_L40_stepsweep/bc_baseline_none_steps20000_tr1]:  87%|████████▋ | 17452/20000 [06:09<00:51, 49.76it/s, acc=0.320, device=mps, eta=55s, loss=1.9395, sps=47.2]
BC[stage1_datasets_L40_stepsweep/bc_baseline_none_steps20000_tr1]:  87%|████████▋ | 17458/20000 [06:09<00:49, 51.26it/s, acc=0.320, device=mps, eta=55s, loss=1.9395, sps=47.2]
BC[stage1_datasets_L40_stepsweep/bc_baseline_none_steps20000_tr1]:  87%|████████▋ | 17464/20000 [06:09<00:59, 42.80it/s, acc=0.320, device=mps, eta=55s, loss=1.9395, sps=47.2]
BC[stage1_datasets_L40_stepsweep/bc_baseline_none_steps20000_tr1]:  87%|████████▋ | 17472/20000 [06:09<00:49, 50.58it/s, acc=0.320, device=mps, eta=55s, loss=1.9395, sps=47.2]
BC[stage1_datasets_L40_stepsweep/bc_baseline_none_steps20000_tr1]:  87%|████████▋ | 17481/20000 [06:10<00:54, 46.29it/s, acc=0.320, device=mps, eta=55s, loss=1.9395, sps=47.2]
BC[stage1_datasets_L40_stepsweep/bc_baseline_none_steps20000_tr1]:  87%|████████▋ | 17489/20000 [06:10<00:47, 52.54it/s, acc=0.320, device=mps, eta=55s, loss=1.9395, sps=47.2]
BC[stage1_datasets_L40_stepsweep/bc_baseline_none_steps20000_tr1]:  87%|████████▋ | 17497/20000 [06:10<00:43, 57.85it/s, acc=0.320, device=mps, eta=55s, loss=1.9395, sps=47.2]
BC[stage1_datasets_L40_stepsweep/bc_baseline_none_steps20000_tr1]:  88%|████████▊ | 17504/20000 [06:10<00:51, 48.26it/s, acc=0.320, device=mps, eta=55s, loss=1.9395, sps=47.2]
BC[stage1_datasets_L40_stepsweep/bc_baseline_none_steps20000_tr1]:  88%|████████▊ | 17512/20000 [06:10<00:45, 54.42it/s, acc=0.320, device=mps, eta=55s, loss=1.9395, sps=47.2]
BC[stage1_datasets_L40_stepsweep/bc_baseline_none_steps20000_tr1]:  88%|████████▊ | 17520/20000 [06:10<00:41, 60.11it/s, acc=0.320, device=mps, eta=55s, loss=1.9395, sps=47.2]
BC[stage1_datasets_L40_stepsweep/bc_baseline_none_steps20000_tr1]:  88%|████████▊ | 17527/20000 [06:10<00:50, 48.70it/s, acc=0.320, device=mps, eta=55s, loss=1.9395, sps=47.2]
BC[stage1_datasets_L40_stepsweep/bc_baseline_none_steps20000_tr1]:  88%|████████▊ | 17534/20000 [06:11<00:47, 52.05it/s, acc=0.320, device=mps, eta=55s, loss=1.9395, sps=47.2]
BC[stage1_datasets_L40_stepsweep/bc_baseline_none_steps20000_tr1]:  88%|████████▊ | 17541/20000 [06:11<00:56, 43.54it/s, acc=0.320, device=mps, eta=55s, loss=1.9395, sps=47.2]
BC[stage1_datasets_L40_stepsweep/bc_baseline_none_steps20000_tr1]:  88%|████████▊ | 17549/20000 [06:11<00:48, 50.49it/s, acc=0.320, device=mps, eta=55s, loss=1.9395, sps=47.2]
BC[stage1_datasets_L40_stepsweep/bc_baseline_none_steps20000_tr1]:  88%|████████▊ | 17557/20000 [06:11<00:43, 56.22it/s, acc=0.320, device=mps, eta=55s, loss=1.9395, sps=47.2]
BC[stage1_datasets_L40_stepsweep/bc_baseline_none_steps20000_tr1]:  88%|████████▊ | 17564/20000 [06:11<00:50, 47.86it/s, acc=0.320, device=mps, eta=55s, loss=1.9395, sps=47.2]
BC[stage1_datasets_L40_stepsweep/bc_baseline_none_steps20000_tr1]:  88%|████████▊ | 17571/20000 [06:11<00:47, 51.41it/s, acc=0.320, device=mps, eta=55s, loss=1.9395, sps=47.2]
BC[stage1_datasets_L40_stepsweep/bc_baseline_none_steps20000_tr1]:  88%|████████▊ | 17578/20000 [06:11<00:44, 53.96it/s, acc=0.320, device=mps, eta=55s, loss=1.9395, sps=47.2]
BC[stage1_datasets_L40_stepsweep/bc_baseline_none_steps20000_tr1]:  88%|████████▊ | 17584/20000 [06:12<00:54, 44.48it/s, acc=0.320, device=mps, eta=55s, loss=1.9395, sps=47.2]
BC[stage1_datasets_L40_stepsweep/bc_baseline_none_steps20000_tr1]:  88%|████████▊ | 17592/20000 [06:12<00:46, 51.52it/s, acc=0.320, device=mps, eta=55s, loss=1.9395, sps=47.2]
BC[stage1_datasets_L40_stepsweep/bc_baseline_none_steps20000_tr1]:  88%|████████▊ | 17592/20000 [06:12<00:46, 51.52it/s, acc=0.316, device=mps, eta=51s, loss=1.9506, sps=47.3]
BC[stage1_datasets_L40_stepsweep/bc_baseline_none_steps20000_tr1]:  88%|████████▊ | 17601/20000 [06:12<00:50, 47.25it/s, acc=0.316, device=mps, eta=51s, loss=1.9506, sps=47.3]
BC[stage1_datasets_L40_stepsweep/bc_baseline_none_steps20000_tr1]:  88%|████████▊ | 17608/20000 [06:12<00:46, 51.92it/s, acc=0.316, device=mps, eta=51s, loss=1.9506, sps=47.3]
BC[stage1_datasets_L40_stepsweep/bc_baseline_none_steps20000_tr1]:  88%|████████▊ | 17615/20000 [06:12<00:42, 56.04it/s, acc=0.316, device=mps, eta=51s, loss=1.9506, sps=47.3]
BC[stage1_datasets_L40_stepsweep/bc_baseline_none_steps20000_tr1]:  88%|████████▊ | 17622/20000 [06:12<00:51, 46.36it/s, acc=0.316, device=mps, eta=51s, loss=1.9506, sps=47.3]
BC[stage1_datasets_L40_stepsweep/bc_baseline_none_steps20000_tr1]:  88%|████████▊ | 17630/20000 [06:12<00:44, 53.05it/s, acc=0.316, device=mps, eta=51s, loss=1.9506, sps=47.3]
BC[stage1_datasets_L40_stepsweep/bc_baseline_none_steps20000_tr1]:  88%|████████▊ | 17638/20000 [06:13<00:40, 58.63it/s, acc=0.316, device=mps, eta=51s, loss=1.9506, sps=47.3]
BC[stage1_datasets_L40_stepsweep/bc_baseline_none_steps20000_tr1]:  88%|████████▊ | 17645/20000 [06:13<00:48, 48.92it/s, acc=0.316, device=mps, eta=51s, loss=1.9506, sps=47.3]
BC[stage1_datasets_L40_stepsweep/bc_baseline_none_steps20000_tr1]:  88%|████████▊ | 17652/20000 [06:13<00:45, 51.77it/s, acc=0.316, device=mps, eta=51s, loss=1.9506, sps=47.3]
BC[stage1_datasets_L40_stepsweep/bc_baseline_none_steps20000_tr1]:  88%|████████▊ | 17658/20000 [06:13<00:43, 53.54it/s, acc=0.316, device=mps, eta=51s, loss=1.9506, sps=47.3]
BC[stage1_datasets_L40_stepsweep/bc_baseline_none_steps20000_tr1]:  88%|████████▊ | 17664/20000 [06:13<00:53, 43.81it/s, acc=0.316, device=mps, eta=51s, loss=1.9506, sps=47.3]
BC[stage1_datasets_L40_stepsweep/bc_baseline_none_steps20000_tr1]:  88%|████████▊ | 17670/20000 [06:13<00:49, 47.10it/s, acc=0.316, device=mps, eta=51s, loss=1.9506, sps=47.3]
BC[stage1_datasets_L40_stepsweep/bc_baseline_none_steps20000_tr1]:  88%|████████▊ | 17677/20000 [06:13<00:45, 50.78it/s, acc=0.316, device=mps, eta=51s, loss=1.9506, sps=47.3]
BC[stage1_datasets_L40_stepsweep/bc_baseline_none_steps20000_tr1]:  88%|████████▊ | 17683/20000 [06:14<00:56, 41.23it/s, acc=0.316, device=mps, eta=51s, loss=1.9506, sps=47.3]
BC[stage1_datasets_L40_stepsweep/bc_baseline_none_steps20000_tr1]:  88%|████████▊ | 17688/20000 [06:14<00:53, 42.93it/s, acc=0.316, device=mps, eta=51s, loss=1.9506, sps=47.3]
BC[stage1_datasets_L40_stepsweep/bc_baseline_none_steps20000_tr1]:  88%|████████▊ | 17695/20000 [06:14<00:48, 47.58it/s, acc=0.316, device=mps, eta=51s, loss=1.9506, sps=47.3]
BC[stage1_datasets_L40_stepsweep/bc_baseline_none_steps20000_tr1]:  89%|████████▊ | 17701/20000 [06:14<00:56, 40.49it/s, acc=0.316, device=mps, eta=51s, loss=1.9506, sps=47.3]
BC[stage1_datasets_L40_stepsweep/bc_baseline_none_steps20000_tr1]:  89%|████████▊ | 17709/20000 [06:14<00:47, 48.56it/s, acc=0.316, device=mps, eta=51s, loss=1.9506, sps=47.3]
BC[stage1_datasets_L40_stepsweep/bc_baseline_none_steps20000_tr1]:  89%|████████▊ | 17717/20000 [06:14<00:41, 55.39it/s, acc=0.316, device=mps, eta=51s, loss=1.9506, sps=47.3]
BC[stage1_datasets_L40_stepsweep/bc_baseline_none_steps20000_tr1]:  89%|████████▊ | 17724/20000 [06:14<00:48, 47.00it/s, acc=0.316, device=mps, eta=51s, loss=1.9506, sps=47.3]
BC[stage1_datasets_L40_stepsweep/bc_baseline_none_steps20000_tr1]:  89%|████████▊ | 17731/20000 [06:15<00:44, 50.57it/s, acc=0.316, device=mps, eta=51s, loss=1.9506, sps=47.3]
BC[stage1_datasets_L40_stepsweep/bc_baseline_none_steps20000_tr1]:  89%|████████▊ | 17737/20000 [06:15<00:43, 52.43it/s, acc=0.316, device=mps, eta=51s, loss=1.9506, sps=47.3]
BC[stage1_datasets_L40_stepsweep/bc_baseline_none_steps20000_tr1]:  89%|████████▊ | 17743/20000 [06:15<00:53, 42.46it/s, acc=0.316, device=mps, eta=51s, loss=1.9506, sps=47.3]
BC[stage1_datasets_L40_stepsweep/bc_baseline_none_steps20000_tr1]:  89%|████████▉ | 17751/20000 [06:15<00:44, 50.03it/s, acc=0.316, device=mps, eta=51s, loss=1.9506, sps=47.3]
BC[stage1_datasets_L40_stepsweep/bc_baseline_none_steps20000_tr1]:  89%|████████▉ | 17759/20000 [06:15<00:39, 56.41it/s, acc=0.316, device=mps, eta=51s, loss=1.9506, sps=47.3]
BC[stage1_datasets_L40_stepsweep/bc_baseline_none_steps20000_tr1]:  89%|████████▉ | 17766/20000 [06:15<00:47, 47.14it/s, acc=0.316, device=mps, eta=51s, loss=1.9506, sps=47.3]
BC[stage1_datasets_L40_stepsweep/bc_baseline_none_steps20000_tr1]:  89%|████████▉ | 17773/20000 [06:15<00:43, 50.65it/s, acc=0.316, device=mps, eta=51s, loss=1.9506, sps=47.3]
BC[stage1_datasets_L40_stepsweep/bc_baseline_none_steps20000_tr1]:  89%|████████▉ | 17780/20000 [06:16<00:40, 54.16it/s, acc=0.316, device=mps, eta=51s, loss=1.9506, sps=47.3]
BC[stage1_datasets_L40_stepsweep/bc_baseline_none_steps20000_tr1]:  89%|████████▉ | 17786/20000 [06:16<00:51, 43.18it/s, acc=0.316, device=mps, eta=51s, loss=1.9506, sps=47.3]
BC[stage1_datasets_L40_stepsweep/bc_baseline_none_steps20000_tr1]:  89%|████████▉ | 17792/20000 [06:16<00:47, 46.29it/s, acc=0.316, device=mps, eta=51s, loss=1.9506, sps=47.3]
BC[stage1_datasets_L40_stepsweep/bc_baseline_none_steps20000_tr1]:  89%|████████▉ | 17798/20000 [06:16<00:45, 48.83it/s, acc=0.316, device=mps, eta=51s, loss=1.9506, sps=47.3]
BC[stage1_datasets_L40_stepsweep/bc_baseline_none_steps20000_tr1]:  89%|████████▉ | 17798/20000 [06:16<00:45, 48.83it/s, acc=0.318, device=mps, eta=47s, loss=1.9391, sps=47.3]
BC[stage1_datasets_L40_stepsweep/bc_baseline_none_steps20000_tr1]:  89%|████████▉ | 17804/20000 [06:16<00:54, 40.45it/s, acc=0.318, device=mps, eta=47s, loss=1.9391, sps=47.3]
BC[stage1_datasets_L40_stepsweep/bc_baseline_none_steps20000_tr1]:  89%|████████▉ | 17810/20000 [06:16<00:50, 43.74it/s, acc=0.318, device=mps, eta=47s, loss=1.9391, sps=47.3]
BC[stage1_datasets_L40_stepsweep/bc_baseline_none_steps20000_tr1]:  89%|████████▉ | 17817/20000 [06:16<00:45, 48.24it/s, acc=0.318, device=mps, eta=47s, loss=1.9391, sps=47.3]
BC[stage1_datasets_L40_stepsweep/bc_baseline_none_steps20000_tr1]:  89%|████████▉ | 17823/20000 [06:17<00:52, 41.08it/s, acc=0.318, device=mps, eta=47s, loss=1.9391, sps=47.3]
BC[stage1_datasets_L40_stepsweep/bc_baseline_none_steps20000_tr1]:  89%|████████▉ | 17831/20000 [06:17<00:44, 48.87it/s, acc=0.318, device=mps, eta=47s, loss=1.9391, sps=47.3]
BC[stage1_datasets_L40_stepsweep/bc_baseline_none_steps20000_tr1]:  89%|████████▉ | 17839/20000 [06:17<00:39, 55.12it/s, acc=0.318, device=mps, eta=47s, loss=1.9391, sps=47.3]
BC[stage1_datasets_L40_stepsweep/bc_baseline_none_steps20000_tr1]:  89%|████████▉ | 17846/20000 [06:17<00:47, 45.76it/s, acc=0.318, device=mps, eta=47s, loss=1.9391, sps=47.3]
BC[stage1_datasets_L40_stepsweep/bc_baseline_none_steps20000_tr1]:  89%|████████▉ | 17852/20000 [06:17<00:44, 48.40it/s, acc=0.318, device=mps, eta=47s, loss=1.9391, sps=47.3]
BC[stage1_datasets_L40_stepsweep/bc_baseline_none_steps20000_tr1]:  89%|████████▉ | 17858/20000 [06:17<00:42, 50.70it/s, acc=0.318, device=mps, eta=47s, loss=1.9391, sps=47.3]
BC[stage1_datasets_L40_stepsweep/bc_baseline_none_steps20000_tr1]:  89%|████████▉ | 17864/20000 [06:17<00:51, 41.37it/s, acc=0.318, device=mps, eta=47s, loss=1.9391, sps=47.3]
BC[stage1_datasets_L40_stepsweep/bc_baseline_none_steps20000_tr1]:  89%|████████▉ | 17870/20000 [06:18<00:48, 44.03it/s, acc=0.318, device=mps, eta=47s, loss=1.9391, sps=47.3]
BC[stage1_datasets_L40_stepsweep/bc_baseline_none_steps20000_tr1]:  89%|████████▉ | 17877/20000 [06:18<00:43, 48.43it/s, acc=0.318, device=mps, eta=47s, loss=1.9391, sps=47.3]
BC[stage1_datasets_L40_stepsweep/bc_baseline_none_steps20000_tr1]:  89%|████████▉ | 17883/20000 [06:18<00:51, 41.19it/s, acc=0.318, device=mps, eta=47s, loss=1.9391, sps=47.3]
BC[stage1_datasets_L40_stepsweep/bc_baseline_none_steps20000_tr1]:  89%|████████▉ | 17891/20000 [06:18<00:42, 49.30it/s, acc=0.318, device=mps, eta=47s, loss=1.9391, sps=47.3]
BC[stage1_datasets_L40_stepsweep/bc_baseline_none_steps20000_tr1]:  90%|████████▉ | 17900/20000 [06:18<00:36, 58.00it/s, acc=0.318, device=mps, eta=47s, loss=1.9391, sps=47.3]
BC[stage1_datasets_L40_stepsweep/bc_baseline_none_steps20000_tr1]:  90%|████████▉ | 17907/20000 [06:18<00:42, 48.71it/s, acc=0.318, device=mps, eta=47s, loss=1.9391, sps=47.3]
BC[stage1_datasets_L40_stepsweep/bc_baseline_none_steps20000_tr1]:  90%|████████▉ | 17915/20000 [06:18<00:38, 54.29it/s, acc=0.318, device=mps, eta=47s, loss=1.9391, sps=47.3]
BC[stage1_datasets_L40_stepsweep/bc_baseline_none_steps20000_tr1]:  90%|████████▉ | 17922/20000 [06:19<00:45, 45.54it/s, acc=0.318, device=mps, eta=47s, loss=1.9391, sps=47.3]
BC[stage1_datasets_L40_stepsweep/bc_baseline_none_steps20000_tr1]:  90%|████████▉ | 17930/20000 [06:19<00:39, 52.03it/s, acc=0.318, device=mps, eta=47s, loss=1.9391, sps=47.3]
BC[stage1_datasets_L40_stepsweep/bc_baseline_none_steps20000_tr1]:  90%|████████▉ | 17938/20000 [06:19<00:35, 57.39it/s, acc=0.318, device=mps, eta=47s, loss=1.9391, sps=47.3]
BC[stage1_datasets_L40_stepsweep/bc_baseline_none_steps20000_tr1]:  90%|████████▉ | 17945/20000 [06:19<00:42, 48.10it/s, acc=0.318, device=mps, eta=47s, loss=1.9391, sps=47.3]
BC[stage1_datasets_L40_stepsweep/bc_baseline_none_steps20000_tr1]:  90%|████████▉ | 17952/20000 [06:19<00:39, 51.79it/s, acc=0.318, device=mps, eta=47s, loss=1.9391, sps=47.3]
BC[stage1_datasets_L40_stepsweep/bc_baseline_none_steps20000_tr1]:  90%|████████▉ | 17959/20000 [06:19<00:37, 54.52it/s, acc=0.318, device=mps, eta=47s, loss=1.9391, sps=47.3]
BC[stage1_datasets_L40_stepsweep/bc_baseline_none_steps20000_tr1]:  90%|████████▉ | 17965/20000 [06:19<00:45, 44.52it/s, acc=0.318, device=mps, eta=47s, loss=1.9391, sps=47.3]
BC[stage1_datasets_L40_stepsweep/bc_baseline_none_steps20000_tr1]:  90%|████████▉ | 17971/20000 [06:20<00:44, 45.95it/s, acc=0.318, device=mps, eta=47s, loss=1.9391, sps=47.3]
BC[stage1_datasets_L40_stepsweep/bc_baseline_none_steps20000_tr1]:  90%|████████▉ | 17977/20000 [06:20<00:42, 48.00it/s, acc=0.318, device=mps, eta=47s, loss=1.9391, sps=47.3]
BC[stage1_datasets_L40_stepsweep/bc_baseline_none_steps20000_tr1]:  90%|████████▉ | 17983/20000 [06:20<00:49, 40.51it/s, acc=0.318, device=mps, eta=47s, loss=1.9391, sps=47.3]
BC[stage1_datasets_L40_stepsweep/bc_baseline_none_steps20000_tr1]:  90%|████████▉ | 17991/20000 [06:20<00:41, 48.87it/s, acc=0.318, device=mps, eta=47s, loss=1.9391, sps=47.3]
BC[stage1_datasets_L40_stepsweep/bc_baseline_none_steps20000_tr1]:  90%|████████▉ | 17991/20000 [06:20<00:41, 48.87it/s, acc=0.317, device=mps, eta=42s, loss=1.9455, sps=47.3]
BC[stage1_datasets_L40_stepsweep/bc_baseline_none_steps20000_tr1]:  90%|█████████ | 18000/20000 [06:20<00:34, 57.58it/s, acc=0.317, device=mps, eta=42s, loss=1.9455, sps=47.3]
BC[stage1_datasets_L40_stepsweep/bc_baseline_none_steps20000_tr1]:  90%|█████████ | 18007/20000 [06:20<00:41, 47.91it/s, acc=0.317, device=mps, eta=42s, loss=1.9455, sps=47.3]
BC[stage1_datasets_L40_stepsweep/bc_baseline_none_steps20000_tr1]:  90%|█████████ | 18014/20000 [06:20<00:37, 52.73it/s, acc=0.317, device=mps, eta=42s, loss=1.9455, sps=47.3]
BC[stage1_datasets_L40_stepsweep/bc_baseline_none_steps20000_tr1]:  90%|█████████ | 18021/20000 [06:21<00:44, 44.34it/s, acc=0.317, device=mps, eta=42s, loss=1.9455, sps=47.3]
BC[stage1_datasets_L40_stepsweep/bc_baseline_none_steps20000_tr1]:  90%|█████████ | 18027/20000 [06:21<00:41, 47.53it/s, acc=0.317, device=mps, eta=42s, loss=1.9455, sps=47.3]
BC[stage1_datasets_L40_stepsweep/bc_baseline_none_steps20000_tr1]:  90%|█████████ | 18033/20000 [06:21<00:39, 49.45it/s, acc=0.317, device=mps, eta=42s, loss=1.9455, sps=47.3]
BC[stage1_datasets_L40_stepsweep/bc_baseline_none_steps20000_tr1]:  90%|█████████ | 18040/20000 [06:21<00:36, 54.44it/s, acc=0.317, device=mps, eta=42s, loss=1.9455, sps=47.3]
BC[stage1_datasets_L40_stepsweep/bc_baseline_none_steps20000_tr1]:  90%|█████████ | 18046/20000 [06:21<00:43, 44.65it/s, acc=0.317, device=mps, eta=42s, loss=1.9455, sps=47.3]
BC[stage1_datasets_L40_stepsweep/bc_baseline_none_steps20000_tr1]:  90%|█████████ | 18054/20000 [06:21<00:37, 51.91it/s, acc=0.317, device=mps, eta=42s, loss=1.9455, sps=47.3]
BC[stage1_datasets_L40_stepsweep/bc_baseline_none_steps20000_tr1]:  90%|█████████ | 18061/20000 [06:21<00:43, 44.77it/s, acc=0.317, device=mps, eta=42s, loss=1.9455, sps=47.3]
BC[stage1_datasets_L40_stepsweep/bc_baseline_none_steps20000_tr1]:  90%|█████████ | 18069/20000 [06:22<00:37, 51.75it/s, acc=0.317, device=mps, eta=42s, loss=1.9455, sps=47.3]
BC[stage1_datasets_L40_stepsweep/bc_baseline_none_steps20000_tr1]:  90%|█████████ | 18077/20000 [06:22<00:33, 57.46it/s, acc=0.317, device=mps, eta=42s, loss=1.9455, sps=47.3]
BC[stage1_datasets_L40_stepsweep/bc_baseline_none_steps20000_tr1]:  90%|█████████ | 18084/20000 [06:22<00:39, 48.37it/s, acc=0.317, device=mps, eta=42s, loss=1.9455, sps=47.3]
BC[stage1_datasets_L40_stepsweep/bc_baseline_none_steps20000_tr1]:  90%|█████████ | 18091/20000 [06:22<00:36, 51.82it/s, acc=0.317, device=mps, eta=42s, loss=1.9455, sps=47.3]
BC[stage1_datasets_L40_stepsweep/bc_baseline_none_steps20000_tr1]:  90%|█████████ | 18098/20000 [06:22<00:34, 55.45it/s, acc=0.317, device=mps, eta=42s, loss=1.9455, sps=47.3]
BC[stage1_datasets_L40_stepsweep/bc_baseline_none_steps20000_tr1]:  91%|█████████ | 18104/20000 [06:22<00:41, 45.47it/s, acc=0.317, device=mps, eta=42s, loss=1.9455, sps=47.3]
BC[stage1_datasets_L40_stepsweep/bc_baseline_none_steps20000_tr1]:  91%|█████████ | 18111/20000 [06:22<00:38, 49.41it/s, acc=0.317, device=mps, eta=42s, loss=1.9455, sps=47.3]
BC[stage1_datasets_L40_stepsweep/bc_baseline_none_steps20000_tr1]:  91%|█████████ | 18118/20000 [06:23<00:35, 52.74it/s, acc=0.317, device=mps, eta=42s, loss=1.9455, sps=47.3]
BC[stage1_datasets_L40_stepsweep/bc_baseline_none_steps20000_tr1]:  91%|█████████ | 18124/20000 [06:23<00:43, 43.56it/s, acc=0.317, device=mps, eta=42s, loss=1.9455, sps=47.3]
BC[stage1_datasets_L40_stepsweep/bc_baseline_none_steps20000_tr1]:  91%|█████████ | 18130/20000 [06:23<00:40, 46.43it/s, acc=0.317, device=mps, eta=42s, loss=1.9455, sps=47.3]
BC[stage1_datasets_L40_stepsweep/bc_baseline_none_steps20000_tr1]:  91%|█████████ | 18136/20000 [06:23<00:37, 49.62it/s, acc=0.317, device=mps, eta=42s, loss=1.9455, sps=47.3]
BC[stage1_datasets_L40_stepsweep/bc_baseline_none_steps20000_tr1]:  91%|█████████ | 18142/20000 [06:23<00:45, 40.43it/s, acc=0.317, device=mps, eta=42s, loss=1.9455, sps=47.3]
BC[stage1_datasets_L40_stepsweep/bc_baseline_none_steps20000_tr1]:  91%|█████████ | 18148/20000 [06:23<00:42, 43.86it/s, acc=0.317, device=mps, eta=42s, loss=1.9455, sps=47.3]
BC[stage1_datasets_L40_stepsweep/bc_baseline_none_steps20000_tr1]:  91%|█████████ | 18155/20000 [06:23<00:37, 49.43it/s, acc=0.317, device=mps, eta=42s, loss=1.9455, sps=47.3]
BC[stage1_datasets_L40_stepsweep/bc_baseline_none_steps20000_tr1]:  91%|█████████ | 18161/20000 [06:24<00:43, 42.33it/s, acc=0.317, device=mps, eta=42s, loss=1.9455, sps=47.3]
BC[stage1_datasets_L40_stepsweep/bc_baseline_none_steps20000_tr1]:  91%|█████████ | 18169/20000 [06:24<00:36, 50.10it/s, acc=0.317, device=mps, eta=42s, loss=1.9455, sps=47.3]
BC[stage1_datasets_L40_stepsweep/bc_baseline_none_steps20000_tr1]:  91%|█████████ | 18177/20000 [06:24<00:32, 56.45it/s, acc=0.317, device=mps, eta=42s, loss=1.9455, sps=47.3]
BC[stage1_datasets_L40_stepsweep/bc_baseline_none_steps20000_tr1]:  91%|█████████ | 18184/20000 [06:24<00:38, 47.05it/s, acc=0.317, device=mps, eta=42s, loss=1.9455, sps=47.3]
BC[stage1_datasets_L40_stepsweep/bc_baseline_none_steps20000_tr1]:  91%|█████████ | 18192/20000 [06:24<00:33, 53.58it/s, acc=0.317, device=mps, eta=42s, loss=1.9455, sps=47.3]
BC[stage1_datasets_L40_stepsweep/bc_baseline_none_steps20000_tr1]:  91%|█████████ | 18192/20000 [06:24<00:33, 53.58it/s, acc=0.319, device=mps, eta=38s, loss=1.9291, sps=47.3]
BC[stage1_datasets_L40_stepsweep/bc_baseline_none_steps20000_tr1]:  91%|█████████ | 18200/20000 [06:24<00:30, 59.58it/s, acc=0.319, device=mps, eta=38s, loss=1.9291, sps=47.3]
BC[stage1_datasets_L40_stepsweep/bc_baseline_none_steps20000_tr1]:  91%|█████████ | 18207/20000 [06:24<00:37, 48.07it/s, acc=0.319, device=mps, eta=38s, loss=1.9291, sps=47.3]
BC[stage1_datasets_L40_stepsweep/bc_baseline_none_steps20000_tr1]:  91%|█████████ | 18214/20000 [06:25<00:34, 51.04it/s, acc=0.319, device=mps, eta=38s, loss=1.9291, sps=47.3]
BC[stage1_datasets_L40_stepsweep/bc_baseline_none_steps20000_tr1]:  91%|█████████ | 18221/20000 [06:25<00:42, 42.15it/s, acc=0.319, device=mps, eta=38s, loss=1.9291, sps=47.3]
BC[stage1_datasets_L40_stepsweep/bc_baseline_none_steps20000_tr1]:  91%|█████████ | 18229/20000 [06:25<00:35, 49.20it/s, acc=0.319, device=mps, eta=38s, loss=1.9291, sps=47.3]
BC[stage1_datasets_L40_stepsweep/bc_baseline_none_steps20000_tr1]:  91%|█████████ | 18237/20000 [06:25<00:32, 55.03it/s, acc=0.319, device=mps, eta=38s, loss=1.9291, sps=47.3]
BC[stage1_datasets_L40_stepsweep/bc_baseline_none_steps20000_tr1]:  91%|█████████ | 18244/20000 [06:25<00:37, 46.55it/s, acc=0.319, device=mps, eta=38s, loss=1.9291, sps=47.3]
BC[stage1_datasets_L40_stepsweep/bc_baseline_none_steps20000_tr1]:  91%|█████████▏| 18252/20000 [06:25<00:33, 52.80it/s, acc=0.319, device=mps, eta=38s, loss=1.9291, sps=47.3]
BC[stage1_datasets_L40_stepsweep/bc_baseline_none_steps20000_tr1]:  91%|█████████▏| 18260/20000 [06:25<00:29, 58.66it/s, acc=0.319, device=mps, eta=38s, loss=1.9291, sps=47.3]
BC[stage1_datasets_L40_stepsweep/bc_baseline_none_steps20000_tr1]:  91%|█████████▏| 18267/20000 [06:26<00:36, 47.84it/s, acc=0.319, device=mps, eta=38s, loss=1.9291, sps=47.3]
BC[stage1_datasets_L40_stepsweep/bc_baseline_none_steps20000_tr1]:  91%|█████████▏| 18274/20000 [06:26<00:33, 50.81it/s, acc=0.319, device=mps, eta=38s, loss=1.9291, sps=47.3]
BC[stage1_datasets_L40_stepsweep/bc_baseline_none_steps20000_tr1]:  91%|█████████▏| 18281/20000 [06:26<00:40, 42.18it/s, acc=0.319, device=mps, eta=38s, loss=1.9291, sps=47.3]
BC[stage1_datasets_L40_stepsweep/bc_baseline_none_steps20000_tr1]:  91%|█████████▏| 18289/20000 [06:26<00:34, 49.09it/s, acc=0.319, device=mps, eta=38s, loss=1.9291, sps=47.3]
BC[stage1_datasets_L40_stepsweep/bc_baseline_none_steps20000_tr1]:  91%|█████████▏| 18297/20000 [06:26<00:31, 54.91it/s, acc=0.319, device=mps, eta=38s, loss=1.9291, sps=47.3]
BC[stage1_datasets_L40_stepsweep/bc_baseline_none_steps20000_tr1]:  92%|█████████▏| 18304/20000 [06:26<00:36, 46.50it/s, acc=0.319, device=mps, eta=38s, loss=1.9291, sps=47.3]
BC[stage1_datasets_L40_stepsweep/bc_baseline_none_steps20000_tr1]:  92%|█████████▏| 18312/20000 [06:26<00:31, 52.84it/s, acc=0.319, device=mps, eta=38s, loss=1.9291, sps=47.3]
BC[stage1_datasets_L40_stepsweep/bc_baseline_none_steps20000_tr1]:  92%|█████████▏| 18320/20000 [06:27<00:28, 58.41it/s, acc=0.319, device=mps, eta=38s, loss=1.9291, sps=47.3]
BC[stage1_datasets_L40_stepsweep/bc_baseline_none_steps20000_tr1]:  92%|█████████▏| 18327/20000 [06:27<00:35, 47.33it/s, acc=0.319, device=mps, eta=38s, loss=1.9291, sps=47.3]
BC[stage1_datasets_L40_stepsweep/bc_baseline_none_steps20000_tr1]:  92%|█████████▏| 18333/20000 [06:27<00:34, 48.85it/s, acc=0.319, device=mps, eta=38s, loss=1.9291, sps=47.3]
BC[stage1_datasets_L40_stepsweep/bc_baseline_none_steps20000_tr1]:  92%|█████████▏| 18339/20000 [06:27<00:33, 50.32it/s, acc=0.319, device=mps, eta=38s, loss=1.9291, sps=47.3]
BC[stage1_datasets_L40_stepsweep/bc_baseline_none_steps20000_tr1]:  92%|█████████▏| 18345/20000 [06:27<00:39, 41.62it/s, acc=0.319, device=mps, eta=38s, loss=1.9291, sps=47.3]
BC[stage1_datasets_L40_stepsweep/bc_baseline_none_steps20000_tr1]:  92%|█████████▏| 18350/20000 [06:27<00:38, 43.23it/s, acc=0.319, device=mps, eta=38s, loss=1.9291, sps=47.3]
BC[stage1_datasets_L40_stepsweep/bc_baseline_none_steps20000_tr1]:  92%|█████████▏| 18356/20000 [06:27<00:35, 45.89it/s, acc=0.319, device=mps, eta=38s, loss=1.9291, sps=47.3]
BC[stage1_datasets_L40_stepsweep/bc_baseline_none_steps20000_tr1]:  92%|█████████▏| 18361/20000 [06:28<00:43, 37.63it/s, acc=0.319, device=mps, eta=38s, loss=1.9291, sps=47.3]
BC[stage1_datasets_L40_stepsweep/bc_baseline_none_steps20000_tr1]:  92%|█████████▏| 18369/20000 [06:28<00:35, 46.50it/s, acc=0.319, device=mps, eta=38s, loss=1.9291, sps=47.3]
BC[stage1_datasets_L40_stepsweep/bc_baseline_none_steps20000_tr1]:  92%|█████████▏| 18377/20000 [06:28<00:30, 53.86it/s, acc=0.319, device=mps, eta=38s, loss=1.9291, sps=47.3]
BC[stage1_datasets_L40_stepsweep/bc_baseline_none_steps20000_tr1]:  92%|█████████▏| 18383/20000 [06:28<00:36, 43.99it/s, acc=0.319, device=mps, eta=38s, loss=1.9291, sps=47.3]
BC[stage1_datasets_L40_stepsweep/bc_baseline_none_steps20000_tr1]:  92%|█████████▏| 18389/20000 [06:28<00:35, 45.60it/s, acc=0.319, device=mps, eta=38s, loss=1.9291, sps=47.3]
BC[stage1_datasets_L40_stepsweep/bc_baseline_none_steps20000_tr1]:  92%|█████████▏| 18396/20000 [06:28<00:31, 50.37it/s, acc=0.319, device=mps, eta=38s, loss=1.9291, sps=47.3]
BC[stage1_datasets_L40_stepsweep/bc_baseline_none_steps20000_tr1]:  92%|█████████▏| 18396/20000 [06:28<00:31, 50.37it/s, acc=0.319, device=mps, eta=34s, loss=1.9502, sps=47.3]
BC[stage1_datasets_L40_stepsweep/bc_baseline_none_steps20000_tr1]:  92%|█████████▏| 18402/20000 [06:28<00:36, 43.53it/s, acc=0.319, device=mps, eta=34s, loss=1.9502, sps=47.3]
BC[stage1_datasets_L40_stepsweep/bc_baseline_none_steps20000_tr1]:  92%|█████████▏| 18411/20000 [06:29<00:30, 52.80it/s, acc=0.319, device=mps, eta=34s, loss=1.9502, sps=47.3]
BC[stage1_datasets_L40_stepsweep/bc_baseline_none_steps20000_tr1]:  92%|█████████▏| 18421/20000 [06:29<00:32, 48.92it/s, acc=0.319, device=mps, eta=34s, loss=1.9502, sps=47.3]
BC[stage1_datasets_L40_stepsweep/bc_baseline_none_steps20000_tr1]:  92%|█████████▏| 18427/20000 [06:29<00:32, 48.57it/s, acc=0.319, device=mps, eta=34s, loss=1.9502, sps=47.3]
BC[stage1_datasets_L40_stepsweep/bc_baseline_none_steps20000_tr1]:  92%|█████████▏| 18433/20000 [06:29<00:30, 50.74it/s, acc=0.319, device=mps, eta=34s, loss=1.9502, sps=47.3]
BC[stage1_datasets_L40_stepsweep/bc_baseline_none_steps20000_tr1]:  92%|█████████▏| 18441/20000 [06:29<00:35, 43.50it/s, acc=0.319, device=mps, eta=34s, loss=1.9502, sps=47.3]
BC[stage1_datasets_L40_stepsweep/bc_baseline_none_steps20000_tr1]:  92%|█████████▏| 18447/20000 [06:29<00:34, 45.40it/s, acc=0.319, device=mps, eta=34s, loss=1.9502, sps=47.3]
BC[stage1_datasets_L40_stepsweep/bc_baseline_none_steps20000_tr1]:  92%|█████████▏| 18453/20000 [06:30<00:32, 48.27it/s, acc=0.319, device=mps, eta=34s, loss=1.9502, sps=47.3]
BC[stage1_datasets_L40_stepsweep/bc_baseline_none_steps20000_tr1]:  92%|█████████▏| 18460/20000 [06:30<00:29, 52.81it/s, acc=0.319, device=mps, eta=34s, loss=1.9502, sps=47.3]
BC[stage1_datasets_L40_stepsweep/bc_baseline_none_steps20000_tr1]:  92%|█████████▏| 18466/20000 [06:30<00:35, 43.41it/s, acc=0.319, device=mps, eta=34s, loss=1.9502, sps=47.3]
BC[stage1_datasets_L40_stepsweep/bc_baseline_none_steps20000_tr1]:  92%|█████████▏| 18473/20000 [06:30<00:31, 48.90it/s, acc=0.319, device=mps, eta=34s, loss=1.9502, sps=47.3]
BC[stage1_datasets_L40_stepsweep/bc_baseline_none_steps20000_tr1]:  92%|█████████▏| 18481/20000 [06:30<00:35, 43.39it/s, acc=0.319, device=mps, eta=34s, loss=1.9502, sps=47.3]
BC[stage1_datasets_L40_stepsweep/bc_baseline_none_steps20000_tr1]:  92%|█████████▏| 18489/20000 [06:30<00:30, 50.34it/s, acc=0.319, device=mps, eta=34s, loss=1.9502, sps=47.3]
BC[stage1_datasets_L40_stepsweep/bc_baseline_none_steps20000_tr1]:  92%|█████████▏| 18497/20000 [06:30<00:26, 56.48it/s, acc=0.319, device=mps, eta=34s, loss=1.9502, sps=47.3]
BC[stage1_datasets_L40_stepsweep/bc_baseline_none_steps20000_tr1]:  93%|█████████▎| 18504/20000 [06:31<00:31, 48.22it/s, acc=0.319, device=mps, eta=34s, loss=1.9502, sps=47.3]
BC[stage1_datasets_L40_stepsweep/bc_baseline_none_steps20000_tr1]:  93%|█████████▎| 18511/20000 [06:31<00:28, 52.88it/s, acc=0.319, device=mps, eta=34s, loss=1.9502, sps=47.3]
BC[stage1_datasets_L40_stepsweep/bc_baseline_none_steps20000_tr1]:  93%|█████████▎| 18519/20000 [06:31<00:25, 57.71it/s, acc=0.319, device=mps, eta=34s, loss=1.9502, sps=47.3]
BC[stage1_datasets_L40_stepsweep/bc_baseline_none_steps20000_tr1]:  93%|█████████▎| 18526/20000 [06:31<00:31, 47.48it/s, acc=0.319, device=mps, eta=34s, loss=1.9502, sps=47.3]
BC[stage1_datasets_L40_stepsweep/bc_baseline_none_steps20000_tr1]:  93%|█████████▎| 18532/20000 [06:31<00:29, 49.63it/s, acc=0.319, device=mps, eta=34s, loss=1.9502, sps=47.3]
BC[stage1_datasets_L40_stepsweep/bc_baseline_none_steps20000_tr1]:  93%|█████████▎| 18538/20000 [06:31<00:28, 51.82it/s, acc=0.319, device=mps, eta=34s, loss=1.9502, sps=47.3]
BC[stage1_datasets_L40_stepsweep/bc_baseline_none_steps20000_tr1]:  93%|█████████▎| 18544/20000 [06:31<00:33, 43.02it/s, acc=0.319, device=mps, eta=34s, loss=1.9502, sps=47.3]
BC[stage1_datasets_L40_stepsweep/bc_baseline_none_steps20000_tr1]:  93%|█████████▎| 18551/20000 [06:31<00:30, 47.52it/s, acc=0.319, device=mps, eta=34s, loss=1.9502, sps=47.3]
BC[stage1_datasets_L40_stepsweep/bc_baseline_none_steps20000_tr1]:  93%|█████████▎| 18558/20000 [06:32<00:28, 50.96it/s, acc=0.319, device=mps, eta=34s, loss=1.9502, sps=47.3]
BC[stage1_datasets_L40_stepsweep/bc_baseline_none_steps20000_tr1]:  93%|█████████▎| 18564/20000 [06:32<00:33, 42.37it/s, acc=0.319, device=mps, eta=34s, loss=1.9502, sps=47.3]
BC[stage1_datasets_L40_stepsweep/bc_baseline_none_steps20000_tr1]:  93%|█████████▎| 18570/20000 [06:32<00:31, 46.10it/s, acc=0.319, device=mps, eta=34s, loss=1.9502, sps=47.3]
BC[stage1_datasets_L40_stepsweep/bc_baseline_none_steps20000_tr1]:  93%|█████████▎| 18576/20000 [06:32<00:28, 49.34it/s, acc=0.319, device=mps, eta=34s, loss=1.9502, sps=47.3]
BC[stage1_datasets_L40_stepsweep/bc_baseline_none_steps20000_tr1]:  93%|█████████▎| 18582/20000 [06:32<00:35, 40.26it/s, acc=0.319, device=mps, eta=34s, loss=1.9502, sps=47.3]
BC[stage1_datasets_L40_stepsweep/bc_baseline_none_steps20000_tr1]:  93%|█████████▎| 18587/20000 [06:32<00:33, 42.15it/s, acc=0.319, device=mps, eta=34s, loss=1.9502, sps=47.3]
BC[stage1_datasets_L40_stepsweep/bc_baseline_none_steps20000_tr1]:  93%|█████████▎| 18594/20000 [06:32<00:29, 47.47it/s, acc=0.319, device=mps, eta=34s, loss=1.9502, sps=47.3]
BC[stage1_datasets_L40_stepsweep/bc_baseline_none_steps20000_tr1]:  93%|█████████▎| 18594/20000 [06:33<00:29, 47.47it/s, acc=0.318, device=mps, eta=30s, loss=1.9377, sps=47.3]
BC[stage1_datasets_L40_stepsweep/bc_baseline_none_steps20000_tr1]:  93%|█████████▎| 18601/20000 [06:33<00:33, 41.97it/s, acc=0.318, device=mps, eta=30s, loss=1.9377, sps=47.3]
BC[stage1_datasets_L40_stepsweep/bc_baseline_none_steps20000_tr1]:  93%|█████████▎| 18609/20000 [06:33<00:28, 49.18it/s, acc=0.318, device=mps, eta=30s, loss=1.9377, sps=47.3]
BC[stage1_datasets_L40_stepsweep/bc_baseline_none_steps20000_tr1]:  93%|█████████▎| 18617/20000 [06:33<00:24, 55.86it/s, acc=0.318, device=mps, eta=30s, loss=1.9377, sps=47.3]
BC[stage1_datasets_L40_stepsweep/bc_baseline_none_steps20000_tr1]:  93%|█████████▎| 18624/20000 [06:33<00:29, 46.89it/s, acc=0.318, device=mps, eta=30s, loss=1.9377, sps=47.3]
BC[stage1_datasets_L40_stepsweep/bc_baseline_none_steps20000_tr1]:  93%|█████████▎| 18632/20000 [06:33<00:25, 53.32it/s, acc=0.318, device=mps, eta=30s, loss=1.9377, sps=47.3]
BC[stage1_datasets_L40_stepsweep/bc_baseline_none_steps20000_tr1]:  93%|█████████▎| 18640/20000 [06:33<00:22, 59.42it/s, acc=0.318, device=mps, eta=30s, loss=1.9377, sps=47.3]
BC[stage1_datasets_L40_stepsweep/bc_baseline_none_steps20000_tr1]:  93%|█████████▎| 18647/20000 [06:34<00:28, 48.01it/s, acc=0.318, device=mps, eta=30s, loss=1.9377, sps=47.3]
BC[stage1_datasets_L40_stepsweep/bc_baseline_none_steps20000_tr1]:  93%|█████████▎| 18654/20000 [06:34<00:26, 51.66it/s, acc=0.318, device=mps, eta=30s, loss=1.9377, sps=47.3]
BC[stage1_datasets_L40_stepsweep/bc_baseline_none_steps20000_tr1]:  93%|█████████▎| 18661/20000 [06:34<00:30, 43.59it/s, acc=0.318, device=mps, eta=30s, loss=1.9377, sps=47.3]
BC[stage1_datasets_L40_stepsweep/bc_baseline_none_steps20000_tr1]:  93%|█████████▎| 18667/20000 [06:34<00:28, 46.50it/s, acc=0.318, device=mps, eta=30s, loss=1.9377, sps=47.3]
BC[stage1_datasets_L40_stepsweep/bc_baseline_none_steps20000_tr1]:  93%|█████████▎| 18673/20000 [06:34<00:27, 49.10it/s, acc=0.318, device=mps, eta=30s, loss=1.9377, sps=47.3]
BC[stage1_datasets_L40_stepsweep/bc_baseline_none_steps20000_tr1]:  93%|█████████▎| 18681/20000 [06:34<00:30, 42.97it/s, acc=0.318, device=mps, eta=30s, loss=1.9377, sps=47.3]
BC[stage1_datasets_L40_stepsweep/bc_baseline_none_steps20000_tr1]:  93%|█████████▎| 18689/20000 [06:34<00:26, 50.04it/s, acc=0.318, device=mps, eta=30s, loss=1.9377, sps=47.3]
BC[stage1_datasets_L40_stepsweep/bc_baseline_none_steps20000_tr1]:  93%|█████████▎| 18697/20000 [06:34<00:23, 56.05it/s, acc=0.318, device=mps, eta=30s, loss=1.9377, sps=47.3]
BC[stage1_datasets_L40_stepsweep/bc_baseline_none_steps20000_tr1]:  94%|█████████▎| 18704/20000 [06:35<00:27, 47.67it/s, acc=0.318, device=mps, eta=30s, loss=1.9377, sps=47.3]
BC[stage1_datasets_L40_stepsweep/bc_baseline_none_steps20000_tr1]:  94%|█████████▎| 18711/20000 [06:35<00:25, 51.28it/s, acc=0.318, device=mps, eta=30s, loss=1.9377, sps=47.3]
BC[stage1_datasets_L40_stepsweep/bc_baseline_none_steps20000_tr1]:  94%|█████████▎| 18717/20000 [06:35<00:24, 52.98it/s, acc=0.318, device=mps, eta=30s, loss=1.9377, sps=47.3]
BC[stage1_datasets_L40_stepsweep/bc_baseline_none_steps20000_tr1]:  94%|█████████▎| 18723/20000 [06:35<00:30, 42.34it/s, acc=0.318, device=mps, eta=30s, loss=1.9377, sps=47.3]
BC[stage1_datasets_L40_stepsweep/bc_baseline_none_steps20000_tr1]:  94%|█████████▎| 18729/20000 [06:35<00:27, 45.96it/s, acc=0.318, device=mps, eta=30s, loss=1.9377, sps=47.3]
BC[stage1_datasets_L40_stepsweep/bc_baseline_none_steps20000_tr1]:  94%|█████████▎| 18736/20000 [06:35<00:25, 50.15it/s, acc=0.318, device=mps, eta=30s, loss=1.9377, sps=47.3]
BC[stage1_datasets_L40_stepsweep/bc_baseline_none_steps20000_tr1]:  94%|█████████▎| 18742/20000 [06:36<00:29, 42.03it/s, acc=0.318, device=mps, eta=30s, loss=1.9377, sps=47.3]
BC[stage1_datasets_L40_stepsweep/bc_baseline_none_steps20000_tr1]:  94%|█████████▍| 18750/20000 [06:36<00:25, 49.95it/s, acc=0.318, device=mps, eta=30s, loss=1.9377, sps=47.3]
BC[stage1_datasets_L40_stepsweep/bc_baseline_none_steps20000_tr1]:  94%|█████████▍| 18758/20000 [06:36<00:21, 56.57it/s, acc=0.318, device=mps, eta=30s, loss=1.9377, sps=47.3]
BC[stage1_datasets_L40_stepsweep/bc_baseline_none_steps20000_tr1]:  94%|█████████▍| 18765/20000 [06:36<00:27, 44.37it/s, acc=0.318, device=mps, eta=30s, loss=1.9377, sps=47.3]
BC[stage1_datasets_L40_stepsweep/bc_baseline_none_steps20000_tr1]:  94%|█████████▍| 18771/20000 [06:36<00:26, 46.67it/s, acc=0.318, device=mps, eta=30s, loss=1.9377, sps=47.3]
BC[stage1_datasets_L40_stepsweep/bc_baseline_none_steps20000_tr1]:  94%|█████████▍| 18778/20000 [06:36<00:23, 51.08it/s, acc=0.318, device=mps, eta=30s, loss=1.9377, sps=47.3]
BC[stage1_datasets_L40_stepsweep/bc_baseline_none_steps20000_tr1]:  94%|█████████▍| 18784/20000 [06:36<00:27, 43.60it/s, acc=0.318, device=mps, eta=30s, loss=1.9377, sps=47.3]
BC[stage1_datasets_L40_stepsweep/bc_baseline_none_steps20000_tr1]:  94%|█████████▍| 18792/20000 [06:36<00:23, 50.72it/s, acc=0.318, device=mps, eta=30s, loss=1.9377, sps=47.3]
BC[stage1_datasets_L40_stepsweep/bc_baseline_none_steps20000_tr1]:  94%|█████████▍| 18792/20000 [06:37<00:23, 50.72it/s, acc=0.320, device=mps, eta=25s, loss=1.9401, sps=47.3]
BC[stage1_datasets_L40_stepsweep/bc_baseline_none_steps20000_tr1]:  94%|█████████▍| 18801/20000 [06:37<00:25, 46.99it/s, acc=0.320, device=mps, eta=25s, loss=1.9401, sps=47.3]
BC[stage1_datasets_L40_stepsweep/bc_baseline_none_steps20000_tr1]:  94%|█████████▍| 18809/20000 [06:37<00:22, 52.99it/s, acc=0.320, device=mps, eta=25s, loss=1.9401, sps=47.3]
BC[stage1_datasets_L40_stepsweep/bc_baseline_none_steps20000_tr1]:  94%|█████████▍| 18817/20000 [06:37<00:20, 58.61it/s, acc=0.320, device=mps, eta=25s, loss=1.9401, sps=47.3]
BC[stage1_datasets_L40_stepsweep/bc_baseline_none_steps20000_tr1]:  94%|█████████▍| 18824/20000 [06:37<00:23, 49.24it/s, acc=0.320, device=mps, eta=25s, loss=1.9401, sps=47.3]
BC[stage1_datasets_L40_stepsweep/bc_baseline_none_steps20000_tr1]:  94%|█████████▍| 18832/20000 [06:37<00:21, 55.38it/s, acc=0.320, device=mps, eta=25s, loss=1.9401, sps=47.3]
BC[stage1_datasets_L40_stepsweep/bc_baseline_none_steps20000_tr1]:  94%|█████████▍| 18840/20000 [06:37<00:18, 61.16it/s, acc=0.320, device=mps, eta=25s, loss=1.9401, sps=47.3]
BC[stage1_datasets_L40_stepsweep/bc_baseline_none_steps20000_tr1]:  94%|█████████▍| 18847/20000 [06:38<00:23, 49.15it/s, acc=0.320, device=mps, eta=25s, loss=1.9401, sps=47.3]
BC[stage1_datasets_L40_stepsweep/bc_baseline_none_steps20000_tr1]:  94%|█████████▍| 18854/20000 [06:38<00:22, 52.09it/s, acc=0.320, device=mps, eta=25s, loss=1.9401, sps=47.3]
BC[stage1_datasets_L40_stepsweep/bc_baseline_none_steps20000_tr1]:  94%|█████████▍| 18861/20000 [06:38<00:26, 43.72it/s, acc=0.320, device=mps, eta=25s, loss=1.9401, sps=47.3]
BC[stage1_datasets_L40_stepsweep/bc_baseline_none_steps20000_tr1]:  94%|█████████▍| 18869/20000 [06:38<00:22, 50.43it/s, acc=0.320, device=mps, eta=25s, loss=1.9401, sps=47.3]
BC[stage1_datasets_L40_stepsweep/bc_baseline_none_steps20000_tr1]:  94%|█████████▍| 18877/20000 [06:38<00:20, 56.08it/s, acc=0.320, device=mps, eta=25s, loss=1.9401, sps=47.3]
BC[stage1_datasets_L40_stepsweep/bc_baseline_none_steps20000_tr1]:  94%|█████████▍| 18884/20000 [06:38<00:23, 47.21it/s, acc=0.320, device=mps, eta=25s, loss=1.9401, sps=47.3]
BC[stage1_datasets_L40_stepsweep/bc_baseline_none_steps20000_tr1]:  94%|█████████▍| 18892/20000 [06:38<00:20, 53.46it/s, acc=0.320, device=mps, eta=25s, loss=1.9401, sps=47.3]
BC[stage1_datasets_L40_stepsweep/bc_baseline_none_steps20000_tr1]:  94%|█████████▍| 18900/20000 [06:39<00:18, 59.21it/s, acc=0.320, device=mps, eta=25s, loss=1.9401, sps=47.3]
BC[stage1_datasets_L40_stepsweep/bc_baseline_none_steps20000_tr1]:  95%|█████████▍| 18907/20000 [06:39<00:22, 47.75it/s, acc=0.320, device=mps, eta=25s, loss=1.9401, sps=47.3]
BC[stage1_datasets_L40_stepsweep/bc_baseline_none_steps20000_tr1]:  95%|█████████▍| 18913/20000 [06:39<00:21, 49.41it/s, acc=0.320, device=mps, eta=25s, loss=1.9401, sps=47.3]
BC[stage1_datasets_L40_stepsweep/bc_baseline_none_steps20000_tr1]:  95%|█████████▍| 18919/20000 [06:39<00:21, 51.32it/s, acc=0.320, device=mps, eta=25s, loss=1.9401, sps=47.3]
BC[stage1_datasets_L40_stepsweep/bc_baseline_none_steps20000_tr1]:  95%|█████████▍| 18925/20000 [06:39<00:24, 43.09it/s, acc=0.320, device=mps, eta=25s, loss=1.9401, sps=47.3]
BC[stage1_datasets_L40_stepsweep/bc_baseline_none_steps20000_tr1]:  95%|█████████▍| 18931/20000 [06:39<00:22, 46.52it/s, acc=0.320, device=mps, eta=25s, loss=1.9401, sps=47.3]
BC[stage1_datasets_L40_stepsweep/bc_baseline_none_steps20000_tr1]:  95%|█████████▍| 18937/20000 [06:39<00:21, 49.54it/s, acc=0.320, device=mps, eta=25s, loss=1.9401, sps=47.3]
BC[stage1_datasets_L40_stepsweep/bc_baseline_none_steps20000_tr1]:  95%|█████████▍| 18943/20000 [06:40<00:25, 40.97it/s, acc=0.320, device=mps, eta=25s, loss=1.9401, sps=47.3]
BC[stage1_datasets_L40_stepsweep/bc_baseline_none_steps20000_tr1]:  95%|█████████▍| 18951/20000 [06:40<00:21, 48.84it/s, acc=0.320, device=mps, eta=25s, loss=1.9401, sps=47.3]
BC[stage1_datasets_L40_stepsweep/bc_baseline_none_steps20000_tr1]:  95%|█████████▍| 18959/20000 [06:40<00:18, 55.06it/s, acc=0.320, device=mps, eta=25s, loss=1.9401, sps=47.3]
BC[stage1_datasets_L40_stepsweep/bc_baseline_none_steps20000_tr1]:  95%|█████████▍| 18966/20000 [06:40<00:22, 46.15it/s, acc=0.320, device=mps, eta=25s, loss=1.9401, sps=47.3]
BC[stage1_datasets_L40_stepsweep/bc_baseline_none_steps20000_tr1]:  95%|█████████▍| 18973/20000 [06:40<00:20, 49.94it/s, acc=0.320, device=mps, eta=25s, loss=1.9401, sps=47.3]
BC[stage1_datasets_L40_stepsweep/bc_baseline_none_steps20000_tr1]:  95%|█████████▍| 18979/20000 [06:40<00:19, 51.80it/s, acc=0.320, device=mps, eta=25s, loss=1.9401, sps=47.3]
BC[stage1_datasets_L40_stepsweep/bc_baseline_none_steps20000_tr1]:  95%|█████████▍| 18985/20000 [06:40<00:23, 42.72it/s, acc=0.320, device=mps, eta=25s, loss=1.9401, sps=47.3]
BC[stage1_datasets_L40_stepsweep/bc_baseline_none_steps20000_tr1]:  95%|█████████▍| 18991/20000 [06:41<00:22, 45.70it/s, acc=0.320, device=mps, eta=25s, loss=1.9401, sps=47.3]
BC[stage1_datasets_L40_stepsweep/bc_baseline_none_steps20000_tr1]:  95%|█████████▍| 18997/20000 [06:41<00:20, 48.85it/s, acc=0.320, device=mps, eta=25s, loss=1.9401, sps=47.3]
BC[stage1_datasets_L40_stepsweep/bc_baseline_none_steps20000_tr1]:  95%|█████████▍| 18997/20000 [06:41<00:20, 48.85it/s, acc=0.321, device=mps, eta=21s, loss=1.9293, sps=47.4]
BC[stage1_datasets_L40_stepsweep/bc_baseline_none_steps20000_tr1]:  95%|█████████▌| 19003/20000 [06:41<00:24, 40.65it/s, acc=0.321, device=mps, eta=21s, loss=1.9293, sps=47.4]
BC[stage1_datasets_L40_stepsweep/bc_baseline_none_steps20000_tr1]:  95%|█████████▌| 19009/20000 [06:41<00:22, 44.25it/s, acc=0.321, device=mps, eta=21s, loss=1.9293, sps=47.4]
BC[stage1_datasets_L40_stepsweep/bc_baseline_none_steps20000_tr1]:  95%|█████████▌| 19016/20000 [06:41<00:20, 48.73it/s, acc=0.321, device=mps, eta=21s, loss=1.9293, sps=47.4]
BC[stage1_datasets_L40_stepsweep/bc_baseline_none_steps20000_tr1]:  95%|█████████▌| 19022/20000 [06:41<00:23, 41.01it/s, acc=0.321, device=mps, eta=21s, loss=1.9293, sps=47.4]
BC[stage1_datasets_L40_stepsweep/bc_baseline_none_steps20000_tr1]:  95%|█████████▌| 19030/20000 [06:41<00:19, 48.88it/s, acc=0.321, device=mps, eta=21s, loss=1.9293, sps=47.4]
BC[stage1_datasets_L40_stepsweep/bc_baseline_none_steps20000_tr1]:  95%|█████████▌| 19038/20000 [06:41<00:17, 55.00it/s, acc=0.321, device=mps, eta=21s, loss=1.9293, sps=47.4]
BC[stage1_datasets_L40_stepsweep/bc_baseline_none_steps20000_tr1]:  95%|█████████▌| 19045/20000 [06:42<00:20, 46.28it/s, acc=0.321, device=mps, eta=21s, loss=1.9293, sps=47.4]
BC[stage1_datasets_L40_stepsweep/bc_baseline_none_steps20000_tr1]:  95%|█████████▌| 19051/20000 [06:42<00:19, 49.19it/s, acc=0.321, device=mps, eta=21s, loss=1.9293, sps=47.4]
BC[stage1_datasets_L40_stepsweep/bc_baseline_none_steps20000_tr1]:  95%|█████████▌| 19057/20000 [06:42<00:18, 51.51it/s, acc=0.321, device=mps, eta=21s, loss=1.9293, sps=47.4]
BC[stage1_datasets_L40_stepsweep/bc_baseline_none_steps20000_tr1]:  95%|█████████▌| 19063/20000 [06:42<00:22, 42.56it/s, acc=0.321, device=mps, eta=21s, loss=1.9293, sps=47.4]
BC[stage1_datasets_L40_stepsweep/bc_baseline_none_steps20000_tr1]:  95%|█████████▌| 19071/20000 [06:42<00:18, 50.11it/s, acc=0.321, device=mps, eta=21s, loss=1.9293, sps=47.4]
BC[stage1_datasets_L40_stepsweep/bc_baseline_none_steps20000_tr1]:  95%|█████████▌| 19079/20000 [06:42<00:16, 56.20it/s, acc=0.321, device=mps, eta=21s, loss=1.9293, sps=47.4]
BC[stage1_datasets_L40_stepsweep/bc_baseline_none_steps20000_tr1]:  95%|█████████▌| 19086/20000 [06:43<00:19, 46.16it/s, acc=0.321, device=mps, eta=21s, loss=1.9293, sps=47.4]
BC[stage1_datasets_L40_stepsweep/bc_baseline_none_steps20000_tr1]:  95%|█████████▌| 19093/20000 [06:43<00:18, 49.79it/s, acc=0.321, device=mps, eta=21s, loss=1.9293, sps=47.4]
BC[stage1_datasets_L40_stepsweep/bc_baseline_none_steps20000_tr1]:  96%|█████████▌| 19100/20000 [06:43<00:16, 54.09it/s, acc=0.321, device=mps, eta=21s, loss=1.9293, sps=47.4]
BC[stage1_datasets_L40_stepsweep/bc_baseline_none_steps20000_tr1]:  96%|█████████▌| 19106/20000 [06:43<00:20, 44.09it/s, acc=0.321, device=mps, eta=21s, loss=1.9293, sps=47.4]
BC[stage1_datasets_L40_stepsweep/bc_baseline_none_steps20000_tr1]:  96%|█████████▌| 19112/20000 [06:43<00:18, 46.93it/s, acc=0.321, device=mps, eta=21s, loss=1.9293, sps=47.4]
BC[stage1_datasets_L40_stepsweep/bc_baseline_none_steps20000_tr1]:  96%|█████████▌| 19118/20000 [06:43<00:17, 49.04it/s, acc=0.321, device=mps, eta=21s, loss=1.9293, sps=47.4]
BC[stage1_datasets_L40_stepsweep/bc_baseline_none_steps20000_tr1]:  96%|█████████▌| 19124/20000 [06:43<00:21, 41.12it/s, acc=0.321, device=mps, eta=21s, loss=1.9293, sps=47.4]
BC[stage1_datasets_L40_stepsweep/bc_baseline_none_steps20000_tr1]:  96%|█████████▌| 19130/20000 [06:43<00:19, 44.76it/s, acc=0.321, device=mps, eta=21s, loss=1.9293, sps=47.4]
BC[stage1_datasets_L40_stepsweep/bc_baseline_none_steps20000_tr1]:  96%|█████████▌| 19136/20000 [06:44<00:18, 47.65it/s, acc=0.321, device=mps, eta=21s, loss=1.9293, sps=47.4]
BC[stage1_datasets_L40_stepsweep/bc_baseline_none_steps20000_tr1]:  96%|█████████▌| 19142/20000 [06:44<00:21, 39.28it/s, acc=0.321, device=mps, eta=21s, loss=1.9293, sps=47.4]
BC[stage1_datasets_L40_stepsweep/bc_baseline_none_steps20000_tr1]:  96%|█████████▌| 19147/20000 [06:44<00:20, 41.31it/s, acc=0.321, device=mps, eta=21s, loss=1.9293, sps=47.4]
BC[stage1_datasets_L40_stepsweep/bc_baseline_none_steps20000_tr1]:  96%|█████████▌| 19154/20000 [06:44<00:18, 46.57it/s, acc=0.321, device=mps, eta=21s, loss=1.9293, sps=47.4]
BC[stage1_datasets_L40_stepsweep/bc_baseline_none_steps20000_tr1]:  96%|█████████▌| 19161/20000 [06:44<00:20, 40.49it/s, acc=0.321, device=mps, eta=21s, loss=1.9293, sps=47.4]
BC[stage1_datasets_L40_stepsweep/bc_baseline_none_steps20000_tr1]:  96%|█████████▌| 19169/20000 [06:44<00:17, 48.19it/s, acc=0.321, device=mps, eta=21s, loss=1.9293, sps=47.4]
BC[stage1_datasets_L40_stepsweep/bc_baseline_none_steps20000_tr1]:  96%|█████████▌| 19177/20000 [06:44<00:15, 54.50it/s, acc=0.321, device=mps, eta=21s, loss=1.9293, sps=47.4]
BC[stage1_datasets_L40_stepsweep/bc_baseline_none_steps20000_tr1]:  96%|█████████▌| 19183/20000 [06:45<00:18, 45.32it/s, acc=0.321, device=mps, eta=21s, loss=1.9293, sps=47.4]
BC[stage1_datasets_L40_stepsweep/bc_baseline_none_steps20000_tr1]:  96%|█████████▌| 19191/20000 [06:45<00:15, 52.16it/s, acc=0.321, device=mps, eta=21s, loss=1.9293, sps=47.4]
BC[stage1_datasets_L40_stepsweep/bc_baseline_none_steps20000_tr1]:  96%|█████████▌| 19199/20000 [06:45<00:13, 57.41it/s, acc=0.321, device=mps, eta=21s, loss=1.9293, sps=47.4]
BC[stage1_datasets_L40_stepsweep/bc_baseline_none_steps20000_tr1]:  96%|█████████▌| 19199/20000 [06:45<00:13, 57.41it/s, acc=0.319, device=mps, eta=17s, loss=1.9412, sps=47.4]
BC[stage1_datasets_L40_stepsweep/bc_baseline_none_steps20000_tr1]:  96%|█████████▌| 19206/20000 [06:45<00:16, 47.14it/s, acc=0.319, device=mps, eta=17s, loss=1.9412, sps=47.4]
BC[stage1_datasets_L40_stepsweep/bc_baseline_none_steps20000_tr1]:  96%|█████████▌| 19212/20000 [06:45<00:16, 49.23it/s, acc=0.319, device=mps, eta=17s, loss=1.9412, sps=47.4]
BC[stage1_datasets_L40_stepsweep/bc_baseline_none_steps20000_tr1]:  96%|█████████▌| 19218/20000 [06:45<00:15, 51.17it/s, acc=0.319, device=mps, eta=17s, loss=1.9412, sps=47.4]
BC[stage1_datasets_L40_stepsweep/bc_baseline_none_steps20000_tr1]:  96%|█████████▌| 19224/20000 [06:45<00:18, 42.34it/s, acc=0.319, device=mps, eta=17s, loss=1.9412, sps=47.4]
BC[stage1_datasets_L40_stepsweep/bc_baseline_none_steps20000_tr1]:  96%|█████████▌| 19232/20000 [06:46<00:15, 49.58it/s, acc=0.319, device=mps, eta=17s, loss=1.9412, sps=47.4]
BC[stage1_datasets_L40_stepsweep/bc_baseline_none_steps20000_tr1]:  96%|█████████▌| 19240/20000 [06:46<00:13, 55.96it/s, acc=0.319, device=mps, eta=17s, loss=1.9412, sps=47.4]
BC[stage1_datasets_L40_stepsweep/bc_baseline_none_steps20000_tr1]:  96%|█████████▌| 19247/20000 [06:46<00:16, 45.30it/s, acc=0.319, device=mps, eta=17s, loss=1.9412, sps=47.4]
BC[stage1_datasets_L40_stepsweep/bc_baseline_none_steps20000_tr1]:  96%|█████████▋| 19253/20000 [06:46<00:15, 46.76it/s, acc=0.319, device=mps, eta=17s, loss=1.9412, sps=47.4]
BC[stage1_datasets_L40_stepsweep/bc_baseline_none_steps20000_tr1]:  96%|█████████▋| 19259/20000 [06:46<00:14, 49.43it/s, acc=0.319, device=mps, eta=17s, loss=1.9412, sps=47.4]
BC[stage1_datasets_L40_stepsweep/bc_baseline_none_steps20000_tr1]:  96%|█████████▋| 19265/20000 [06:46<00:18, 40.78it/s, acc=0.319, device=mps, eta=17s, loss=1.9412, sps=47.4]
BC[stage1_datasets_L40_stepsweep/bc_baseline_none_steps20000_tr1]:  96%|█████████▋| 19272/20000 [06:46<00:15, 45.59it/s, acc=0.319, device=mps, eta=17s, loss=1.9412, sps=47.4]
BC[stage1_datasets_L40_stepsweep/bc_baseline_none_steps20000_tr1]:  96%|█████████▋| 19279/20000 [06:47<00:14, 49.71it/s, acc=0.319, device=mps, eta=17s, loss=1.9412, sps=47.4]
BC[stage1_datasets_L40_stepsweep/bc_baseline_none_steps20000_tr1]:  96%|█████████▋| 19285/20000 [06:47<00:16, 42.23it/s, acc=0.319, device=mps, eta=17s, loss=1.9412, sps=47.4]
BC[stage1_datasets_L40_stepsweep/bc_baseline_none_steps20000_tr1]:  96%|█████████▋| 19291/20000 [06:47<00:15, 45.78it/s, acc=0.319, device=mps, eta=17s, loss=1.9412, sps=47.4]
BC[stage1_datasets_L40_stepsweep/bc_baseline_none_steps20000_tr1]:  96%|█████████▋| 19297/20000 [06:47<00:14, 49.03it/s, acc=0.319, device=mps, eta=17s, loss=1.9412, sps=47.4]
BC[stage1_datasets_L40_stepsweep/bc_baseline_none_steps20000_tr1]:  97%|█████████▋| 19303/20000 [06:47<00:16, 41.22it/s, acc=0.319, device=mps, eta=17s, loss=1.9412, sps=47.4]
BC[stage1_datasets_L40_stepsweep/bc_baseline_none_steps20000_tr1]:  97%|█████████▋| 19311/20000 [06:47<00:14, 48.96it/s, acc=0.319, device=mps, eta=17s, loss=1.9412, sps=47.4]
BC[stage1_datasets_L40_stepsweep/bc_baseline_none_steps20000_tr1]:  97%|█████████▋| 19319/20000 [06:47<00:12, 55.18it/s, acc=0.319, device=mps, eta=17s, loss=1.9412, sps=47.4]
BC[stage1_datasets_L40_stepsweep/bc_baseline_none_steps20000_tr1]:  97%|█████████▋| 19326/20000 [06:48<00:14, 45.69it/s, acc=0.319, device=mps, eta=17s, loss=1.9412, sps=47.4]
BC[stage1_datasets_L40_stepsweep/bc_baseline_none_steps20000_tr1]:  97%|█████████▋| 19332/20000 [06:48<00:13, 48.67it/s, acc=0.319, device=mps, eta=17s, loss=1.9412, sps=47.4]
BC[stage1_datasets_L40_stepsweep/bc_baseline_none_steps20000_tr1]:  97%|█████████▋| 19338/20000 [06:48<00:12, 51.24it/s, acc=0.319, device=mps, eta=17s, loss=1.9412, sps=47.4]
BC[stage1_datasets_L40_stepsweep/bc_baseline_none_steps20000_tr1]:  97%|█████████▋| 19344/20000 [06:48<00:15, 42.34it/s, acc=0.319, device=mps, eta=17s, loss=1.9412, sps=47.4]
BC[stage1_datasets_L40_stepsweep/bc_baseline_none_steps20000_tr1]:  97%|█████████▋| 19350/20000 [06:48<00:14, 45.07it/s, acc=0.319, device=mps, eta=17s, loss=1.9412, sps=47.4]
BC[stage1_datasets_L40_stepsweep/bc_baseline_none_steps20000_tr1]:  97%|█████████▋| 19356/20000 [06:48<00:13, 47.29it/s, acc=0.319, device=mps, eta=17s, loss=1.9412, sps=47.4]
BC[stage1_datasets_L40_stepsweep/bc_baseline_none_steps20000_tr1]:  97%|█████████▋| 19362/20000 [06:48<00:16, 38.93it/s, acc=0.319, device=mps, eta=17s, loss=1.9412, sps=47.4]
BC[stage1_datasets_L40_stepsweep/bc_baseline_none_steps20000_tr1]:  97%|█████████▋| 19367/20000 [06:49<00:15, 40.54it/s, acc=0.319, device=mps, eta=17s, loss=1.9412, sps=47.4]
BC[stage1_datasets_L40_stepsweep/bc_baseline_none_steps20000_tr1]:  97%|█████████▋| 19373/20000 [06:49<00:14, 44.17it/s, acc=0.319, device=mps, eta=17s, loss=1.9412, sps=47.4]
BC[stage1_datasets_L40_stepsweep/bc_baseline_none_steps20000_tr1]:  97%|█████████▋| 19380/20000 [06:49<00:12, 49.94it/s, acc=0.319, device=mps, eta=17s, loss=1.9412, sps=47.4]
BC[stage1_datasets_L40_stepsweep/bc_baseline_none_steps20000_tr1]:  97%|█████████▋| 19386/20000 [06:49<00:14, 41.75it/s, acc=0.319, device=mps, eta=17s, loss=1.9412, sps=47.4]
BC[stage1_datasets_L40_stepsweep/bc_baseline_none_steps20000_tr1]:  97%|█████████▋| 19393/20000 [06:49<00:12, 47.59it/s, acc=0.319, device=mps, eta=17s, loss=1.9412, sps=47.4]
BC[stage1_datasets_L40_stepsweep/bc_baseline_none_steps20000_tr1]:  97%|█████████▋| 19393/20000 [06:49<00:12, 47.59it/s, acc=0.322, device=mps, eta=13s, loss=1.9260, sps=47.4]
BC[stage1_datasets_L40_stepsweep/bc_baseline_none_steps20000_tr1]:  97%|█████████▋| 19401/20000 [06:49<00:13, 42.97it/s, acc=0.322, device=mps, eta=13s, loss=1.9260, sps=47.4]
BC[stage1_datasets_L40_stepsweep/bc_baseline_none_steps20000_tr1]:  97%|█████████▋| 19408/20000 [06:49<00:12, 47.29it/s, acc=0.322, device=mps, eta=13s, loss=1.9260, sps=47.4]
BC[stage1_datasets_L40_stepsweep/bc_baseline_none_steps20000_tr1]:  97%|█████████▋| 19415/20000 [06:50<00:11, 50.62it/s, acc=0.322, device=mps, eta=13s, loss=1.9260, sps=47.4]
BC[stage1_datasets_L40_stepsweep/bc_baseline_none_steps20000_tr1]:  97%|█████████▋| 19421/20000 [06:50<00:13, 41.65it/s, acc=0.322, device=mps, eta=13s, loss=1.9260, sps=47.4]
BC[stage1_datasets_L40_stepsweep/bc_baseline_none_steps20000_tr1]:  97%|█████████▋| 19429/20000 [06:50<00:11, 49.05it/s, acc=0.322, device=mps, eta=13s, loss=1.9260, sps=47.4]
BC[stage1_datasets_L40_stepsweep/bc_baseline_none_steps20000_tr1]:  97%|█████████▋| 19437/20000 [06:50<00:10, 54.85it/s, acc=0.322, device=mps, eta=13s, loss=1.9260, sps=47.4]
BC[stage1_datasets_L40_stepsweep/bc_baseline_none_steps20000_tr1]:  97%|█████████▋| 19444/20000 [06:50<00:11, 46.35it/s, acc=0.322, device=mps, eta=13s, loss=1.9260, sps=47.4]
BC[stage1_datasets_L40_stepsweep/bc_baseline_none_steps20000_tr1]:  97%|█████████▋| 19450/20000 [06:50<00:11, 49.07it/s, acc=0.322, device=mps, eta=13s, loss=1.9260, sps=47.4]
BC[stage1_datasets_L40_stepsweep/bc_baseline_none_steps20000_tr1]:  97%|█████████▋| 19456/20000 [06:50<00:10, 51.56it/s, acc=0.322, device=mps, eta=13s, loss=1.9260, sps=47.4]
BC[stage1_datasets_L40_stepsweep/bc_baseline_none_steps20000_tr1]:  97%|█████████▋| 19462/20000 [06:51<00:13, 41.35it/s, acc=0.322, device=mps, eta=13s, loss=1.9260, sps=47.4]
BC[stage1_datasets_L40_stepsweep/bc_baseline_none_steps20000_tr1]:  97%|█████████▋| 19468/20000 [06:51<00:11, 44.83it/s, acc=0.322, device=mps, eta=13s, loss=1.9260, sps=47.4]
BC[stage1_datasets_L40_stepsweep/bc_baseline_none_steps20000_tr1]:  97%|█████████▋| 19474/20000 [06:51<00:11, 47.36it/s, acc=0.322, device=mps, eta=13s, loss=1.9260, sps=47.4]
BC[stage1_datasets_L40_stepsweep/bc_baseline_none_steps20000_tr1]:  97%|█████████▋| 19481/20000 [06:51<00:12, 41.42it/s, acc=0.322, device=mps, eta=13s, loss=1.9260, sps=47.4]
BC[stage1_datasets_L40_stepsweep/bc_baseline_none_steps20000_tr1]:  97%|█████████▋| 19489/20000 [06:51<00:10, 48.96it/s, acc=0.322, device=mps, eta=13s, loss=1.9260, sps=47.4]
BC[stage1_datasets_L40_stepsweep/bc_baseline_none_steps20000_tr1]:  97%|█████████▋| 19497/20000 [06:51<00:09, 55.49it/s, acc=0.322, device=mps, eta=13s, loss=1.9260, sps=47.4]
BC[stage1_datasets_L40_stepsweep/bc_baseline_none_steps20000_tr1]:  98%|█████████▊| 19504/20000 [06:51<00:10, 47.92it/s, acc=0.322, device=mps, eta=13s, loss=1.9260, sps=47.4]
BC[stage1_datasets_L40_stepsweep/bc_baseline_none_steps20000_tr1]:  98%|█████████▊| 19512/20000 [06:52<00:09, 54.11it/s, acc=0.322, device=mps, eta=13s, loss=1.9260, sps=47.4]
BC[stage1_datasets_L40_stepsweep/bc_baseline_none_steps20000_tr1]:  98%|█████████▊| 19521/20000 [06:52<00:09, 48.14it/s, acc=0.322, device=mps, eta=13s, loss=1.9260, sps=47.4]
BC[stage1_datasets_L40_stepsweep/bc_baseline_none_steps20000_tr1]:  98%|█████████▊| 19529/20000 [06:52<00:08, 53.86it/s, acc=0.322, device=mps, eta=13s, loss=1.9260, sps=47.4]
BC[stage1_datasets_L40_stepsweep/bc_baseline_none_steps20000_tr1]:  98%|█████████▊| 19537/20000 [06:52<00:07, 58.85it/s, acc=0.322, device=mps, eta=13s, loss=1.9260, sps=47.4]
BC[stage1_datasets_L40_stepsweep/bc_baseline_none_steps20000_tr1]:  98%|█████████▊| 19544/20000 [06:52<00:09, 49.42it/s, acc=0.322, device=mps, eta=13s, loss=1.9260, sps=47.4]
BC[stage1_datasets_L40_stepsweep/bc_baseline_none_steps20000_tr1]:  98%|█████████▊| 19551/20000 [06:52<00:08, 53.00it/s, acc=0.322, device=mps, eta=13s, loss=1.9260, sps=47.4]
BC[stage1_datasets_L40_stepsweep/bc_baseline_none_steps20000_tr1]:  98%|█████████▊| 19558/20000 [06:52<00:07, 55.62it/s, acc=0.322, device=mps, eta=13s, loss=1.9260, sps=47.4]
BC[stage1_datasets_L40_stepsweep/bc_baseline_none_steps20000_tr1]:  98%|█████████▊| 19564/20000 [06:53<00:09, 45.37it/s, acc=0.322, device=mps, eta=13s, loss=1.9260, sps=47.4]
BC[stage1_datasets_L40_stepsweep/bc_baseline_none_steps20000_tr1]:  98%|█████████▊| 19572/20000 [06:53<00:08, 52.11it/s, acc=0.322, device=mps, eta=13s, loss=1.9260, sps=47.4]
BC[stage1_datasets_L40_stepsweep/bc_baseline_none_steps20000_tr1]:  98%|█████████▊| 19580/20000 [06:53<00:07, 58.07it/s, acc=0.322, device=mps, eta=13s, loss=1.9260, sps=47.4]
BC[stage1_datasets_L40_stepsweep/bc_baseline_none_steps20000_tr1]:  98%|█████████▊| 19587/20000 [06:53<00:08, 46.71it/s, acc=0.322, device=mps, eta=13s, loss=1.9260, sps=47.4]
BC[stage1_datasets_L40_stepsweep/bc_baseline_none_steps20000_tr1]:  98%|█████████▊| 19593/20000 [06:53<00:08, 48.59it/s, acc=0.322, device=mps, eta=13s, loss=1.9260, sps=47.4]
BC[stage1_datasets_L40_stepsweep/bc_baseline_none_steps20000_tr1]:  98%|█████████▊| 19599/20000 [06:53<00:07, 50.89it/s, acc=0.322, device=mps, eta=13s, loss=1.9260, sps=47.4]
BC[stage1_datasets_L40_stepsweep/bc_baseline_none_steps20000_tr1]:  98%|█████████▊| 19599/20000 [06:53<00:07, 50.89it/s, acc=0.317, device=mps, eta=8s, loss=1.9433, sps=47.4] 
BC[stage1_datasets_L40_stepsweep/bc_baseline_none_steps20000_tr1]:  98%|█████████▊| 19605/20000 [06:53<00:09, 41.45it/s, acc=0.317, device=mps, eta=8s, loss=1.9433, sps=47.4]
BC[stage1_datasets_L40_stepsweep/bc_baseline_none_steps20000_tr1]:  98%|█████████▊| 19611/20000 [06:54<00:08, 44.47it/s, acc=0.317, device=mps, eta=8s, loss=1.9433, sps=47.4]
BC[stage1_datasets_L40_stepsweep/bc_baseline_none_steps20000_tr1]:  98%|█████████▊| 19617/20000 [06:54<00:08, 47.60it/s, acc=0.317, device=mps, eta=8s, loss=1.9433, sps=47.4]
BC[stage1_datasets_L40_stepsweep/bc_baseline_none_steps20000_tr1]:  98%|█████████▊| 19623/20000 [06:54<00:09, 39.67it/s, acc=0.317, device=mps, eta=8s, loss=1.9433, sps=47.4]
BC[stage1_datasets_L40_stepsweep/bc_baseline_none_steps20000_tr1]:  98%|█████████▊| 19628/20000 [06:54<00:08, 41.90it/s, acc=0.317, device=mps, eta=8s, loss=1.9433, sps=47.4]
BC[stage1_datasets_L40_stepsweep/bc_baseline_none_steps20000_tr1]:  98%|█████████▊| 19634/20000 [06:54<00:08, 44.76it/s, acc=0.317, device=mps, eta=8s, loss=1.9433, sps=47.4]
BC[stage1_datasets_L40_stepsweep/bc_baseline_none_steps20000_tr1]:  98%|█████████▊| 19641/20000 [06:54<00:09, 38.61it/s, acc=0.317, device=mps, eta=8s, loss=1.9433, sps=47.4]
BC[stage1_datasets_L40_stepsweep/bc_baseline_none_steps20000_tr1]:  98%|█████████▊| 19649/20000 [06:54<00:07, 46.56it/s, acc=0.317, device=mps, eta=8s, loss=1.9433, sps=47.4]
BC[stage1_datasets_L40_stepsweep/bc_baseline_none_steps20000_tr1]:  98%|█████████▊| 19657/20000 [06:55<00:06, 53.67it/s, acc=0.317, device=mps, eta=8s, loss=1.9433, sps=47.4]
BC[stage1_datasets_L40_stepsweep/bc_baseline_none_steps20000_tr1]:  98%|█████████▊| 19663/20000 [06:55<00:07, 45.73it/s, acc=0.317, device=mps, eta=8s, loss=1.9433, sps=47.4]
BC[stage1_datasets_L40_stepsweep/bc_baseline_none_steps20000_tr1]:  98%|█████████▊| 19670/20000 [06:55<00:06, 50.81it/s, acc=0.317, device=mps, eta=8s, loss=1.9433, sps=47.4]
BC[stage1_datasets_L40_stepsweep/bc_baseline_none_steps20000_tr1]:  98%|█████████▊| 19677/20000 [06:55<00:05, 54.64it/s, acc=0.317, device=mps, eta=8s, loss=1.9433, sps=47.4]
BC[stage1_datasets_L40_stepsweep/bc_baseline_none_steps20000_tr1]:  98%|█████████▊| 19683/20000 [06:55<00:07, 44.23it/s, acc=0.317, device=mps, eta=8s, loss=1.9433, sps=47.4]
BC[stage1_datasets_L40_stepsweep/bc_baseline_none_steps20000_tr1]:  98%|█████████▊| 19689/20000 [06:55<00:06, 47.47it/s, acc=0.317, device=mps, eta=8s, loss=1.9433, sps=47.4]
BC[stage1_datasets_L40_stepsweep/bc_baseline_none_steps20000_tr1]:  98%|█████████▊| 19695/20000 [06:55<00:06, 49.88it/s, acc=0.317, device=mps, eta=8s, loss=1.9433, sps=47.4]
BC[stage1_datasets_L40_stepsweep/bc_baseline_none_steps20000_tr1]:  99%|█████████▊| 19701/20000 [06:56<00:07, 40.60it/s, acc=0.317, device=mps, eta=8s, loss=1.9433, sps=47.4]
BC[stage1_datasets_L40_stepsweep/bc_baseline_none_steps20000_tr1]:  99%|█████████▊| 19709/20000 [06:56<00:06, 48.38it/s, acc=0.317, device=mps, eta=8s, loss=1.9433, sps=47.4]
BC[stage1_datasets_L40_stepsweep/bc_baseline_none_steps20000_tr1]:  99%|█████████▊| 19717/20000 [06:56<00:05, 55.34it/s, acc=0.317, device=mps, eta=8s, loss=1.9433, sps=47.4]
BC[stage1_datasets_L40_stepsweep/bc_baseline_none_steps20000_tr1]:  99%|█████████▊| 19724/20000 [06:56<00:05, 47.51it/s, acc=0.317, device=mps, eta=8s, loss=1.9433, sps=47.4]
BC[stage1_datasets_L40_stepsweep/bc_baseline_none_steps20000_tr1]:  99%|█████████▊| 19732/20000 [06:56<00:04, 54.06it/s, acc=0.317, device=mps, eta=8s, loss=1.9433, sps=47.4]
BC[stage1_datasets_L40_stepsweep/bc_baseline_none_steps20000_tr1]:  99%|█████████▊| 19741/20000 [06:56<00:05, 47.51it/s, acc=0.317, device=mps, eta=8s, loss=1.9433, sps=47.4]
BC[stage1_datasets_L40_stepsweep/bc_baseline_none_steps20000_tr1]:  99%|█████████▊| 19749/20000 [06:56<00:04, 53.33it/s, acc=0.317, device=mps, eta=8s, loss=1.9433, sps=47.4]
BC[stage1_datasets_L40_stepsweep/bc_baseline_none_steps20000_tr1]:  99%|█████████▉| 19757/20000 [06:57<00:04, 58.40it/s, acc=0.317, device=mps, eta=8s, loss=1.9433, sps=47.4]
BC[stage1_datasets_L40_stepsweep/bc_baseline_none_steps20000_tr1]:  99%|█████████▉| 19764/20000 [06:57<00:04, 48.41it/s, acc=0.317, device=mps, eta=8s, loss=1.9433, sps=47.4]
BC[stage1_datasets_L40_stepsweep/bc_baseline_none_steps20000_tr1]:  99%|█████████▉| 19772/20000 [06:57<00:04, 54.13it/s, acc=0.317, device=mps, eta=8s, loss=1.9433, sps=47.4]
BC[stage1_datasets_L40_stepsweep/bc_baseline_none_steps20000_tr1]:  99%|█████████▉| 19780/20000 [06:57<00:03, 59.57it/s, acc=0.317, device=mps, eta=8s, loss=1.9433, sps=47.4]
BC[stage1_datasets_L40_stepsweep/bc_baseline_none_steps20000_tr1]:  99%|█████████▉| 19787/20000 [06:57<00:04, 47.39it/s, acc=0.317, device=mps, eta=8s, loss=1.9433, sps=47.4]
BC[stage1_datasets_L40_stepsweep/bc_baseline_none_steps20000_tr1]:  99%|█████████▉| 19793/20000 [06:57<00:04, 49.01it/s, acc=0.317, device=mps, eta=8s, loss=1.9433, sps=47.4]
BC[stage1_datasets_L40_stepsweep/bc_baseline_none_steps20000_tr1]:  99%|█████████▉| 19799/20000 [06:57<00:03, 50.54it/s, acc=0.317, device=mps, eta=8s, loss=1.9433, sps=47.4]
BC[stage1_datasets_L40_stepsweep/bc_baseline_none_steps20000_tr1]:  99%|█████████▉| 19799/20000 [06:57<00:03, 50.54it/s, acc=0.322, device=mps, eta=4s, loss=1.9255, sps=47.4]
BC[stage1_datasets_L40_stepsweep/bc_baseline_none_steps20000_tr1]:  99%|█████████▉| 19805/20000 [06:58<00:04, 41.62it/s, acc=0.322, device=mps, eta=4s, loss=1.9255, sps=47.4]
BC[stage1_datasets_L40_stepsweep/bc_baseline_none_steps20000_tr1]:  99%|█████████▉| 19811/20000 [06:58<00:04, 44.35it/s, acc=0.322, device=mps, eta=4s, loss=1.9255, sps=47.4]
BC[stage1_datasets_L40_stepsweep/bc_baseline_none_steps20000_tr1]:  99%|█████████▉| 19817/20000 [06:58<00:03, 46.83it/s, acc=0.322, device=mps, eta=4s, loss=1.9255, sps=47.4]
BC[stage1_datasets_L40_stepsweep/bc_baseline_none_steps20000_tr1]:  99%|█████████▉| 19823/20000 [06:58<00:04, 39.78it/s, acc=0.322, device=mps, eta=4s, loss=1.9255, sps=47.4]
BC[stage1_datasets_L40_stepsweep/bc_baseline_none_steps20000_tr1]:  99%|█████████▉| 19829/20000 [06:58<00:03, 43.49it/s, acc=0.322, device=mps, eta=4s, loss=1.9255, sps=47.4]
BC[stage1_datasets_L40_stepsweep/bc_baseline_none_steps20000_tr1]:  99%|█████████▉| 19835/20000 [06:58<00:03, 47.08it/s, acc=0.322, device=mps, eta=4s, loss=1.9255, sps=47.4]
BC[stage1_datasets_L40_stepsweep/bc_baseline_none_steps20000_tr1]:  99%|█████████▉| 19841/20000 [06:58<00:04, 38.98it/s, acc=0.322, device=mps, eta=4s, loss=1.9255, sps=47.4]
BC[stage1_datasets_L40_stepsweep/bc_baseline_none_steps20000_tr1]:  99%|█████████▉| 19847/20000 [06:59<00:03, 43.43it/s, acc=0.322, device=mps, eta=4s, loss=1.9255, sps=47.4]
BC[stage1_datasets_L40_stepsweep/bc_baseline_none_steps20000_tr1]:  99%|█████████▉| 19853/20000 [06:59<00:03, 46.50it/s, acc=0.322, device=mps, eta=4s, loss=1.9255, sps=47.4]
BC[stage1_datasets_L40_stepsweep/bc_baseline_none_steps20000_tr1]:  99%|█████████▉| 19860/20000 [06:59<00:02, 51.82it/s, acc=0.322, device=mps, eta=4s, loss=1.9255, sps=47.4]
BC[stage1_datasets_L40_stepsweep/bc_baseline_none_steps20000_tr1]:  99%|█████████▉| 19866/20000 [06:59<00:03, 42.27it/s, acc=0.322, device=mps, eta=4s, loss=1.9255, sps=47.4]
BC[stage1_datasets_L40_stepsweep/bc_baseline_none_steps20000_tr1]:  99%|█████████▉| 19873/20000 [06:59<00:02, 47.17it/s, acc=0.322, device=mps, eta=4s, loss=1.9255, sps=47.4]
BC[stage1_datasets_L40_stepsweep/bc_baseline_none_steps20000_tr1]:  99%|█████████▉| 19880/20000 [06:59<00:02, 51.38it/s, acc=0.322, device=mps, eta=4s, loss=1.9255, sps=47.4]
BC[stage1_datasets_L40_stepsweep/bc_baseline_none_steps20000_tr1]:  99%|█████████▉| 19886/20000 [06:59<00:02, 40.48it/s, acc=0.322, device=mps, eta=4s, loss=1.9255, sps=47.4]
BC[stage1_datasets_L40_stepsweep/bc_baseline_none_steps20000_tr1]:  99%|█████████▉| 19892/20000 [07:00<00:02, 43.40it/s, acc=0.322, device=mps, eta=4s, loss=1.9255, sps=47.4]
BC[stage1_datasets_L40_stepsweep/bc_baseline_none_steps20000_tr1]:  99%|█████████▉| 19898/20000 [07:00<00:02, 46.08it/s, acc=0.322, device=mps, eta=4s, loss=1.9255, sps=47.4]
BC[stage1_datasets_L40_stepsweep/bc_baseline_none_steps20000_tr1]: 100%|█████████▉| 19904/20000 [07:00<00:02, 38.97it/s, acc=0.322, device=mps, eta=4s, loss=1.9255, sps=47.4]
BC[stage1_datasets_L40_stepsweep/bc_baseline_none_steps20000_tr1]: 100%|█████████▉| 19912/20000 [07:00<00:01, 46.80it/s, acc=0.322, device=mps, eta=4s, loss=1.9255, sps=47.4]
BC[stage1_datasets_L40_stepsweep/bc_baseline_none_steps20000_tr1]: 100%|█████████▉| 19920/20000 [07:00<00:01, 53.69it/s, acc=0.322, device=mps, eta=4s, loss=1.9255, sps=47.4]
BC[stage1_datasets_L40_stepsweep/bc_baseline_none_steps20000_tr1]: 100%|█████████▉| 19926/20000 [07:00<00:01, 43.74it/s, acc=0.322, device=mps, eta=4s, loss=1.9255, sps=47.4]
BC[stage1_datasets_L40_stepsweep/bc_baseline_none_steps20000_tr1]: 100%|█████████▉| 19932/20000 [07:00<00:01, 46.96it/s, acc=0.322, device=mps, eta=4s, loss=1.9255, sps=47.4]
BC[stage1_datasets_L40_stepsweep/bc_baseline_none_steps20000_tr1]: 100%|█████████▉| 19938/20000 [07:01<00:01, 49.65it/s, acc=0.322, device=mps, eta=4s, loss=1.9255, sps=47.4]
BC[stage1_datasets_L40_stepsweep/bc_baseline_none_steps20000_tr1]: 100%|█████████▉| 19944/20000 [07:01<00:01, 41.42it/s, acc=0.322, device=mps, eta=4s, loss=1.9255, sps=47.4]
BC[stage1_datasets_L40_stepsweep/bc_baseline_none_steps20000_tr1]: 100%|█████████▉| 19951/20000 [07:01<00:01, 46.76it/s, acc=0.322, device=mps, eta=4s, loss=1.9255, sps=47.4]
BC[stage1_datasets_L40_stepsweep/bc_baseline_none_steps20000_tr1]: 100%|█████████▉| 19957/20000 [07:01<00:00, 49.49it/s, acc=0.322, device=mps, eta=4s, loss=1.9255, sps=47.4]
BC[stage1_datasets_L40_stepsweep/bc_baseline_none_steps20000_tr1]: 100%|█████████▉| 19963/20000 [07:01<00:00, 40.88it/s, acc=0.322, device=mps, eta=4s, loss=1.9255, sps=47.4]
BC[stage1_datasets_L40_stepsweep/bc_baseline_none_steps20000_tr1]: 100%|█████████▉| 19969/20000 [07:01<00:00, 43.87it/s, acc=0.322, device=mps, eta=4s, loss=1.9255, sps=47.4]
BC[stage1_datasets_L40_stepsweep/bc_baseline_none_steps20000_tr1]: 100%|█████████▉| 19975/20000 [07:01<00:00, 46.69it/s, acc=0.322, device=mps, eta=4s, loss=1.9255, sps=47.4]
BC[stage1_datasets_L40_stepsweep/bc_baseline_none_steps20000_tr1]: 100%|█████████▉| 19981/20000 [07:02<00:00, 38.96it/s, acc=0.322, device=mps, eta=4s, loss=1.9255, sps=47.4]
BC[stage1_datasets_L40_stepsweep/bc_baseline_none_steps20000_tr1]: 100%|█████████▉| 19987/20000 [07:02<00:00, 42.67it/s, acc=0.322, device=mps, eta=4s, loss=1.9255, sps=47.4]
BC[stage1_datasets_L40_stepsweep/bc_baseline_none_steps20000_tr1]: 100%|█████████▉| 19992/20000 [07:02<00:00, 44.31it/s, acc=0.322, device=mps, eta=4s, loss=1.9255, sps=47.4]
BC[stage1_datasets_L40_stepsweep/bc_baseline_none_steps20000_tr1]: 100%|█████████▉| 19998/20000 [07:02<00:00, 47.59it/s, acc=0.322, device=mps, eta=4s, loss=1.9255, sps=47.4]
BC[stage1_datasets_L40_stepsweep/bc_baseline_none_steps20000_tr1]: 100%|█████████▉| 19998/20000 [07:02<00:00, 47.59it/s, acc=0.320, device=mps, eta=0s, loss=1.9386, sps=47.3]
BC[stage1_datasets_L40_stepsweep/bc_baseline_none_steps20000_tr1]: 100%|██████████| 20000/20000 [07:02<00:00, 47.35it/s, acc=0.320, device=mps, eta=0s, loss=1.9386, sps=47.3]
Saved checkpoint: runs/stage1_datasets_L40_stepsweep/bc_baseline_none_steps20000_tr1/bc_ckpt.pt (elapsed 7m02s)
