$ /Users/marcovizcarra/miniforge3/envs/procgen-augmented-rl/bin/python -u scripts/train_bc_min.py --dataset-root data/stage1_datasets_L40/baseline_none --run-name stage1_datasets_L40_stepsweep/bc_baseline_none_steps10000_tr2 --steps 10000 --batch-size 256 --lr 0.0003 --seed 2 --device auto

Device: mps
Run: stage1_datasets_L40_stepsweep/bc_baseline_none_steps10000_tr2 | steps=10000 | batch_size=256 | lr=0.0003 | seed=2
Data: NPZ(manifest=data/stage1_datasets_L40/baseline_none/manifest.json)

BC[stage1_datasets_L40_stepsweep/bc_baseline_none_steps10000_tr2]:   0%|          | 0/10000 [00:00<?, ?it/s]
BC[stage1_datasets_L40_stepsweep/bc_baseline_none_steps10000_tr2]:   0%|          | 0/10000 [00:00<?, ?it/s, acc=0.176, device=mps, eta=1h36m31s, loss=2.6958, sps=1.7]
BC[stage1_datasets_L40_stepsweep/bc_baseline_none_steps10000_tr2]:   0%|          | 1/10000 [00:00<1:34:17,  1.77it/s, acc=0.176, device=mps, eta=1h36m31s, loss=2.6958, sps=1.7]
BC[stage1_datasets_L40_stepsweep/bc_baseline_none_steps10000_tr2]:   0%|          | 4/10000 [00:00<22:55,  7.27it/s, acc=0.176, device=mps, eta=1h36m31s, loss=2.6958, sps=1.7]  
BC[stage1_datasets_L40_stepsweep/bc_baseline_none_steps10000_tr2]:   0%|          | 9/10000 [00:00<10:14, 16.26it/s, acc=0.176, device=mps, eta=1h36m31s, loss=2.6958, sps=1.7]
BC[stage1_datasets_L40_stepsweep/bc_baseline_none_steps10000_tr2]:   0%|          | 15/10000 [00:00<06:25, 25.93it/s, acc=0.176, device=mps, eta=1h36m31s, loss=2.6958, sps=1.7]
BC[stage1_datasets_L40_stepsweep/bc_baseline_none_steps10000_tr2]:   0%|          | 20/10000 [00:01<06:40, 24.93it/s, acc=0.176, device=mps, eta=1h36m31s, loss=2.6958, sps=1.7]
BC[stage1_datasets_L40_stepsweep/bc_baseline_none_steps10000_tr2]:   0%|          | 24/10000 [00:01<07:01, 23.68it/s, acc=0.176, device=mps, eta=1h36m31s, loss=2.6958, sps=1.7]
BC[stage1_datasets_L40_stepsweep/bc_baseline_none_steps10000_tr2]:   0%|          | 32/10000 [00:01<04:49, 34.39it/s, acc=0.176, device=mps, eta=1h36m31s, loss=2.6958, sps=1.7]
BC[stage1_datasets_L40_stepsweep/bc_baseline_none_steps10000_tr2]:   0%|          | 39/10000 [00:01<03:56, 42.11it/s, acc=0.176, device=mps, eta=1h36m31s, loss=2.6958, sps=1.7]
BC[stage1_datasets_L40_stepsweep/bc_baseline_none_steps10000_tr2]:   0%|          | 45/10000 [00:01<04:37, 35.89it/s, acc=0.176, device=mps, eta=1h36m31s, loss=2.6958, sps=1.7]
BC[stage1_datasets_L40_stepsweep/bc_baseline_none_steps10000_tr2]:   1%|          | 51/10000 [00:01<04:07, 40.26it/s, acc=0.176, device=mps, eta=1h36m31s, loss=2.6958, sps=1.7]
BC[stage1_datasets_L40_stepsweep/bc_baseline_none_steps10000_tr2]:   1%|          | 57/10000 [00:01<03:47, 43.68it/s, acc=0.176, device=mps, eta=1h36m31s, loss=2.6958, sps=1.7]
BC[stage1_datasets_L40_stepsweep/bc_baseline_none_steps10000_tr2]:   1%|          | 62/10000 [00:02<04:33, 36.35it/s, acc=0.176, device=mps, eta=1h36m31s, loss=2.6958, sps=1.7]
BC[stage1_datasets_L40_stepsweep/bc_baseline_none_steps10000_tr2]:   1%|          | 67/10000 [00:02<04:13, 39.19it/s, acc=0.176, device=mps, eta=1h36m31s, loss=2.6958, sps=1.7]
BC[stage1_datasets_L40_stepsweep/bc_baseline_none_steps10000_tr2]:   1%|          | 73/10000 [00:02<03:49, 43.30it/s, acc=0.176, device=mps, eta=1h36m31s, loss=2.6958, sps=1.7]
BC[stage1_datasets_L40_stepsweep/bc_baseline_none_steps10000_tr2]:   1%|          | 80/10000 [00:02<03:23, 48.81it/s, acc=0.176, device=mps, eta=1h36m31s, loss=2.6958, sps=1.7]
BC[stage1_datasets_L40_stepsweep/bc_baseline_none_steps10000_tr2]:   1%|          | 86/10000 [00:02<04:09, 39.79it/s, acc=0.176, device=mps, eta=1h36m31s, loss=2.6958, sps=1.7]
BC[stage1_datasets_L40_stepsweep/bc_baseline_none_steps10000_tr2]:   1%|          | 92/10000 [00:02<03:50, 42.99it/s, acc=0.176, device=mps, eta=1h36m31s, loss=2.6958, sps=1.7]
BC[stage1_datasets_L40_stepsweep/bc_baseline_none_steps10000_tr2]:   1%|          | 98/10000 [00:02<03:38, 45.35it/s, acc=0.176, device=mps, eta=1h36m31s, loss=2.6958, sps=1.7]
BC[stage1_datasets_L40_stepsweep/bc_baseline_none_steps10000_tr2]:   1%|          | 103/10000 [00:03<04:22, 37.67it/s, acc=0.176, device=mps, eta=1h36m31s, loss=2.6958, sps=1.7]
BC[stage1_datasets_L40_stepsweep/bc_baseline_none_steps10000_tr2]:   1%|          | 109/10000 [00:03<04:00, 41.17it/s, acc=0.176, device=mps, eta=1h36m31s, loss=2.6958, sps=1.7]
BC[stage1_datasets_L40_stepsweep/bc_baseline_none_steps10000_tr2]:   1%|          | 115/10000 [00:03<03:41, 44.66it/s, acc=0.176, device=mps, eta=1h36m31s, loss=2.6958, sps=1.7]
BC[stage1_datasets_L40_stepsweep/bc_baseline_none_steps10000_tr2]:   1%|          | 121/10000 [00:03<04:18, 38.25it/s, acc=0.176, device=mps, eta=1h36m31s, loss=2.6958, sps=1.7]
BC[stage1_datasets_L40_stepsweep/bc_baseline_none_steps10000_tr2]:   1%|▏         | 127/10000 [00:03<03:55, 41.88it/s, acc=0.176, device=mps, eta=1h36m31s, loss=2.6958, sps=1.7]
BC[stage1_datasets_L40_stepsweep/bc_baseline_none_steps10000_tr2]:   1%|▏         | 133/10000 [00:03<03:35, 45.71it/s, acc=0.176, device=mps, eta=1h36m31s, loss=2.6958, sps=1.7]
BC[stage1_datasets_L40_stepsweep/bc_baseline_none_steps10000_tr2]:   1%|▏         | 140/10000 [00:03<03:13, 51.01it/s, acc=0.176, device=mps, eta=1h36m31s, loss=2.6958, sps=1.7]
BC[stage1_datasets_L40_stepsweep/bc_baseline_none_steps10000_tr2]:   1%|▏         | 146/10000 [00:04<03:52, 42.47it/s, acc=0.176, device=mps, eta=1h36m31s, loss=2.6958, sps=1.7]
BC[stage1_datasets_L40_stepsweep/bc_baseline_none_steps10000_tr2]:   2%|▏         | 153/10000 [00:04<03:26, 47.61it/s, acc=0.176, device=mps, eta=1h36m31s, loss=2.6958, sps=1.7]
BC[stage1_datasets_L40_stepsweep/bc_baseline_none_steps10000_tr2]:   2%|▏         | 160/10000 [00:04<03:08, 52.23it/s, acc=0.176, device=mps, eta=1h36m31s, loss=2.6958, sps=1.7]
BC[stage1_datasets_L40_stepsweep/bc_baseline_none_steps10000_tr2]:   2%|▏         | 166/10000 [00:04<04:01, 40.73it/s, acc=0.176, device=mps, eta=1h36m31s, loss=2.6958, sps=1.7]
BC[stage1_datasets_L40_stepsweep/bc_baseline_none_steps10000_tr2]:   2%|▏         | 172/10000 [00:04<03:41, 44.33it/s, acc=0.176, device=mps, eta=1h36m31s, loss=2.6958, sps=1.7]
BC[stage1_datasets_L40_stepsweep/bc_baseline_none_steps10000_tr2]:   2%|▏         | 178/10000 [00:04<03:24, 47.95it/s, acc=0.176, device=mps, eta=1h36m31s, loss=2.6958, sps=1.7]
BC[stage1_datasets_L40_stepsweep/bc_baseline_none_steps10000_tr2]:   2%|▏         | 184/10000 [00:04<04:08, 39.56it/s, acc=0.176, device=mps, eta=1h36m31s, loss=2.6958, sps=1.7]
BC[stage1_datasets_L40_stepsweep/bc_baseline_none_steps10000_tr2]:   2%|▏         | 190/10000 [00:05<03:49, 42.81it/s, acc=0.176, device=mps, eta=1h36m31s, loss=2.6958, sps=1.7]
BC[stage1_datasets_L40_stepsweep/bc_baseline_none_steps10000_tr2]:   2%|▏         | 196/10000 [00:05<03:30, 46.56it/s, acc=0.176, device=mps, eta=1h36m31s, loss=2.6958, sps=1.7]
BC[stage1_datasets_L40_stepsweep/bc_baseline_none_steps10000_tr2]:   2%|▏         | 196/10000 [00:05<03:30, 46.56it/s, acc=0.274, device=mps, eta=4m16s, loss=2.1066, sps=38.3]  
BC[stage1_datasets_L40_stepsweep/bc_baseline_none_steps10000_tr2]:   2%|▏         | 202/10000 [00:05<04:06, 39.83it/s, acc=0.274, device=mps, eta=4m16s, loss=2.1066, sps=38.3]
BC[stage1_datasets_L40_stepsweep/bc_baseline_none_steps10000_tr2]:   2%|▏         | 208/10000 [00:05<03:47, 43.00it/s, acc=0.274, device=mps, eta=4m16s, loss=2.1066, sps=38.3]
BC[stage1_datasets_L40_stepsweep/bc_baseline_none_steps10000_tr2]:   2%|▏         | 214/10000 [00:05<03:29, 46.61it/s, acc=0.274, device=mps, eta=4m16s, loss=2.1066, sps=38.3]
BC[stage1_datasets_L40_stepsweep/bc_baseline_none_steps10000_tr2]:   2%|▏         | 221/10000 [00:05<04:01, 40.53it/s, acc=0.274, device=mps, eta=4m16s, loss=2.1066, sps=38.3]
BC[stage1_datasets_L40_stepsweep/bc_baseline_none_steps10000_tr2]:   2%|▏         | 227/10000 [00:05<03:46, 43.18it/s, acc=0.274, device=mps, eta=4m16s, loss=2.1066, sps=38.3]
BC[stage1_datasets_L40_stepsweep/bc_baseline_none_steps10000_tr2]:   2%|▏         | 233/10000 [00:06<03:35, 45.41it/s, acc=0.274, device=mps, eta=4m16s, loss=2.1066, sps=38.3]
BC[stage1_datasets_L40_stepsweep/bc_baseline_none_steps10000_tr2]:   2%|▏         | 239/10000 [00:06<03:23, 47.91it/s, acc=0.274, device=mps, eta=4m16s, loss=2.1066, sps=38.3]
BC[stage1_datasets_L40_stepsweep/bc_baseline_none_steps10000_tr2]:   2%|▏         | 245/10000 [00:06<04:07, 39.35it/s, acc=0.274, device=mps, eta=4m16s, loss=2.1066, sps=38.3]
BC[stage1_datasets_L40_stepsweep/bc_baseline_none_steps10000_tr2]:   3%|▎         | 251/10000 [00:06<03:47, 42.93it/s, acc=0.274, device=mps, eta=4m16s, loss=2.1066, sps=38.3]
BC[stage1_datasets_L40_stepsweep/bc_baseline_none_steps10000_tr2]:   3%|▎         | 257/10000 [00:06<03:28, 46.65it/s, acc=0.274, device=mps, eta=4m16s, loss=2.1066, sps=38.3]
BC[stage1_datasets_L40_stepsweep/bc_baseline_none_steps10000_tr2]:   3%|▎         | 263/10000 [00:06<04:08, 39.18it/s, acc=0.274, device=mps, eta=4m16s, loss=2.1066, sps=38.3]
BC[stage1_datasets_L40_stepsweep/bc_baseline_none_steps10000_tr2]:   3%|▎         | 269/10000 [00:06<03:51, 42.07it/s, acc=0.274, device=mps, eta=4m16s, loss=2.1066, sps=38.3]
BC[stage1_datasets_L40_stepsweep/bc_baseline_none_steps10000_tr2]:   3%|▎         | 275/10000 [00:06<03:34, 45.39it/s, acc=0.274, device=mps, eta=4m16s, loss=2.1066, sps=38.3]
BC[stage1_datasets_L40_stepsweep/bc_baseline_none_steps10000_tr2]:   3%|▎         | 281/10000 [00:07<04:14, 38.18it/s, acc=0.274, device=mps, eta=4m16s, loss=2.1066, sps=38.3]
BC[stage1_datasets_L40_stepsweep/bc_baseline_none_steps10000_tr2]:   3%|▎         | 287/10000 [00:07<03:54, 41.42it/s, acc=0.274, device=mps, eta=4m16s, loss=2.1066, sps=38.3]
BC[stage1_datasets_L40_stepsweep/bc_baseline_none_steps10000_tr2]:   3%|▎         | 293/10000 [00:07<03:37, 44.71it/s, acc=0.274, device=mps, eta=4m16s, loss=2.1066, sps=38.3]
BC[stage1_datasets_L40_stepsweep/bc_baseline_none_steps10000_tr2]:   3%|▎         | 299/10000 [00:07<03:21, 48.22it/s, acc=0.274, device=mps, eta=4m16s, loss=2.1066, sps=38.3]
BC[stage1_datasets_L40_stepsweep/bc_baseline_none_steps10000_tr2]:   3%|▎         | 305/10000 [00:07<04:06, 39.35it/s, acc=0.274, device=mps, eta=4m16s, loss=2.1066, sps=38.3]
BC[stage1_datasets_L40_stepsweep/bc_baseline_none_steps10000_tr2]:   3%|▎         | 311/10000 [00:07<03:47, 42.50it/s, acc=0.274, device=mps, eta=4m16s, loss=2.1066, sps=38.3]
BC[stage1_datasets_L40_stepsweep/bc_baseline_none_steps10000_tr2]:   3%|▎         | 318/10000 [00:07<03:24, 47.39it/s, acc=0.274, device=mps, eta=4m16s, loss=2.1066, sps=38.3]
BC[stage1_datasets_L40_stepsweep/bc_baseline_none_steps10000_tr2]:   3%|▎         | 324/10000 [00:08<04:00, 40.29it/s, acc=0.274, device=mps, eta=4m16s, loss=2.1066, sps=38.3]
BC[stage1_datasets_L40_stepsweep/bc_baseline_none_steps10000_tr2]:   3%|▎         | 330/10000 [00:08<03:37, 44.43it/s, acc=0.274, device=mps, eta=4m16s, loss=2.1066, sps=38.3]
BC[stage1_datasets_L40_stepsweep/bc_baseline_none_steps10000_tr2]:   3%|▎         | 336/10000 [00:08<03:23, 47.58it/s, acc=0.274, device=mps, eta=4m16s, loss=2.1066, sps=38.3]
BC[stage1_datasets_L40_stepsweep/bc_baseline_none_steps10000_tr2]:   3%|▎         | 342/10000 [00:08<04:07, 39.08it/s, acc=0.274, device=mps, eta=4m16s, loss=2.1066, sps=38.3]
BC[stage1_datasets_L40_stepsweep/bc_baseline_none_steps10000_tr2]:   3%|▎         | 348/10000 [00:08<03:44, 42.96it/s, acc=0.274, device=mps, eta=4m16s, loss=2.1066, sps=38.3]
BC[stage1_datasets_L40_stepsweep/bc_baseline_none_steps10000_tr2]:   4%|▎         | 354/10000 [00:08<03:29, 46.05it/s, acc=0.274, device=mps, eta=4m16s, loss=2.1066, sps=38.3]
BC[stage1_datasets_L40_stepsweep/bc_baseline_none_steps10000_tr2]:   4%|▎         | 361/10000 [00:09<04:02, 39.68it/s, acc=0.274, device=mps, eta=4m16s, loss=2.1066, sps=38.3]
BC[stage1_datasets_L40_stepsweep/bc_baseline_none_steps10000_tr2]:   4%|▎         | 368/10000 [00:09<03:35, 44.65it/s, acc=0.274, device=mps, eta=4m16s, loss=2.1066, sps=38.3]
BC[stage1_datasets_L40_stepsweep/bc_baseline_none_steps10000_tr2]:   4%|▍         | 375/10000 [00:09<03:17, 48.85it/s, acc=0.274, device=mps, eta=4m16s, loss=2.1066, sps=38.3]
BC[stage1_datasets_L40_stepsweep/bc_baseline_none_steps10000_tr2]:   4%|▍         | 381/10000 [00:09<03:49, 41.97it/s, acc=0.274, device=mps, eta=4m16s, loss=2.1066, sps=38.3]
BC[stage1_datasets_L40_stepsweep/bc_baseline_none_steps10000_tr2]:   4%|▍         | 387/10000 [00:09<03:32, 45.29it/s, acc=0.274, device=mps, eta=4m16s, loss=2.1066, sps=38.3]
BC[stage1_datasets_L40_stepsweep/bc_baseline_none_steps10000_tr2]:   4%|▍         | 394/10000 [00:09<03:13, 49.52it/s, acc=0.274, device=mps, eta=4m16s, loss=2.1066, sps=38.3]
BC[stage1_datasets_L40_stepsweep/bc_baseline_none_steps10000_tr2]:   4%|▍         | 394/10000 [00:09<03:13, 49.52it/s, acc=0.295, device=mps, eta=3m55s, loss=2.0166, sps=40.8]
BC[stage1_datasets_L40_stepsweep/bc_baseline_none_steps10000_tr2]:   4%|▍         | 401/10000 [00:09<03:45, 42.61it/s, acc=0.295, device=mps, eta=3m55s, loss=2.0166, sps=40.8]
BC[stage1_datasets_L40_stepsweep/bc_baseline_none_steps10000_tr2]:   4%|▍         | 407/10000 [00:10<03:31, 45.27it/s, acc=0.295, device=mps, eta=3m55s, loss=2.0166, sps=40.8]
BC[stage1_datasets_L40_stepsweep/bc_baseline_none_steps10000_tr2]:   4%|▍         | 413/10000 [00:10<03:21, 47.58it/s, acc=0.295, device=mps, eta=3m55s, loss=2.0166, sps=40.8]
BC[stage1_datasets_L40_stepsweep/bc_baseline_none_steps10000_tr2]:   4%|▍         | 419/10000 [00:10<03:10, 50.28it/s, acc=0.295, device=mps, eta=3m55s, loss=2.0166, sps=40.8]
BC[stage1_datasets_L40_stepsweep/bc_baseline_none_steps10000_tr2]:   4%|▍         | 425/10000 [00:10<03:56, 40.45it/s, acc=0.295, device=mps, eta=3m55s, loss=2.0166, sps=40.8]
BC[stage1_datasets_L40_stepsweep/bc_baseline_none_steps10000_tr2]:   4%|▍         | 431/10000 [00:10<03:35, 44.44it/s, acc=0.295, device=mps, eta=3m55s, loss=2.0166, sps=40.8]
BC[stage1_datasets_L40_stepsweep/bc_baseline_none_steps10000_tr2]:   4%|▍         | 438/10000 [00:10<03:15, 48.92it/s, acc=0.295, device=mps, eta=3m55s, loss=2.0166, sps=40.8]
BC[stage1_datasets_L40_stepsweep/bc_baseline_none_steps10000_tr2]:   4%|▍         | 444/10000 [00:10<03:54, 40.69it/s, acc=0.295, device=mps, eta=3m55s, loss=2.0166, sps=40.8]
BC[stage1_datasets_L40_stepsweep/bc_baseline_none_steps10000_tr2]:   4%|▍         | 449/10000 [00:10<03:43, 42.66it/s, acc=0.295, device=mps, eta=3m55s, loss=2.0166, sps=40.8]
BC[stage1_datasets_L40_stepsweep/bc_baseline_none_steps10000_tr2]:   5%|▍         | 455/10000 [00:11<03:31, 45.23it/s, acc=0.295, device=mps, eta=3m55s, loss=2.0166, sps=40.8]
BC[stage1_datasets_L40_stepsweep/bc_baseline_none_steps10000_tr2]:   5%|▍         | 461/10000 [00:11<04:09, 38.22it/s, acc=0.295, device=mps, eta=3m55s, loss=2.0166, sps=40.8]
BC[stage1_datasets_L40_stepsweep/bc_baseline_none_steps10000_tr2]:   5%|▍         | 467/10000 [00:11<03:48, 41.65it/s, acc=0.295, device=mps, eta=3m55s, loss=2.0166, sps=40.8]
BC[stage1_datasets_L40_stepsweep/bc_baseline_none_steps10000_tr2]:   5%|▍         | 473/10000 [00:11<03:29, 45.46it/s, acc=0.295, device=mps, eta=3m55s, loss=2.0166, sps=40.8]
BC[stage1_datasets_L40_stepsweep/bc_baseline_none_steps10000_tr2]:   5%|▍         | 479/10000 [00:11<03:15, 48.77it/s, acc=0.295, device=mps, eta=3m55s, loss=2.0166, sps=40.8]
BC[stage1_datasets_L40_stepsweep/bc_baseline_none_steps10000_tr2]:   5%|▍         | 485/10000 [00:11<03:58, 39.90it/s, acc=0.295, device=mps, eta=3m55s, loss=2.0166, sps=40.8]
BC[stage1_datasets_L40_stepsweep/bc_baseline_none_steps10000_tr2]:   5%|▍         | 491/10000 [00:11<03:38, 43.52it/s, acc=0.295, device=mps, eta=3m55s, loss=2.0166, sps=40.8]
BC[stage1_datasets_L40_stepsweep/bc_baseline_none_steps10000_tr2]:   5%|▍         | 498/10000 [00:12<03:16, 48.25it/s, acc=0.295, device=mps, eta=3m55s, loss=2.0166, sps=40.8]
BC[stage1_datasets_L40_stepsweep/bc_baseline_none_steps10000_tr2]:   5%|▌         | 504/10000 [00:12<03:54, 40.56it/s, acc=0.295, device=mps, eta=3m55s, loss=2.0166, sps=40.8]
BC[stage1_datasets_L40_stepsweep/bc_baseline_none_steps10000_tr2]:   5%|▌         | 511/10000 [00:12<03:28, 45.51it/s, acc=0.295, device=mps, eta=3m55s, loss=2.0166, sps=40.8]
BC[stage1_datasets_L40_stepsweep/bc_baseline_none_steps10000_tr2]:   5%|▌         | 518/10000 [00:12<03:10, 49.66it/s, acc=0.295, device=mps, eta=3m55s, loss=2.0166, sps=40.8]
BC[stage1_datasets_L40_stepsweep/bc_baseline_none_steps10000_tr2]:   5%|▌         | 524/10000 [00:12<03:48, 41.56it/s, acc=0.295, device=mps, eta=3m55s, loss=2.0166, sps=40.8]
BC[stage1_datasets_L40_stepsweep/bc_baseline_none_steps10000_tr2]:   5%|▌         | 530/10000 [00:12<03:30, 45.03it/s, acc=0.295, device=mps, eta=3m55s, loss=2.0166, sps=40.8]
BC[stage1_datasets_L40_stepsweep/bc_baseline_none_steps10000_tr2]:   5%|▌         | 536/10000 [00:12<03:19, 47.43it/s, acc=0.295, device=mps, eta=3m55s, loss=2.0166, sps=40.8]
BC[stage1_datasets_L40_stepsweep/bc_baseline_none_steps10000_tr2]:   5%|▌         | 542/10000 [00:13<03:59, 39.54it/s, acc=0.295, device=mps, eta=3m55s, loss=2.0166, sps=40.8]
BC[stage1_datasets_L40_stepsweep/bc_baseline_none_steps10000_tr2]:   5%|▌         | 547/10000 [00:13<03:46, 41.75it/s, acc=0.295, device=mps, eta=3m55s, loss=2.0166, sps=40.8]
BC[stage1_datasets_L40_stepsweep/bc_baseline_none_steps10000_tr2]:   6%|▌         | 553/10000 [00:13<03:26, 45.64it/s, acc=0.295, device=mps, eta=3m55s, loss=2.0166, sps=40.8]
BC[stage1_datasets_L40_stepsweep/bc_baseline_none_steps10000_tr2]:   6%|▌         | 560/10000 [00:13<03:04, 51.26it/s, acc=0.295, device=mps, eta=3m55s, loss=2.0166, sps=40.8]
BC[stage1_datasets_L40_stepsweep/bc_baseline_none_steps10000_tr2]:   6%|▌         | 566/10000 [00:13<03:49, 41.19it/s, acc=0.295, device=mps, eta=3m55s, loss=2.0166, sps=40.8]
BC[stage1_datasets_L40_stepsweep/bc_baseline_none_steps10000_tr2]:   6%|▌         | 573/10000 [00:13<03:24, 45.99it/s, acc=0.295, device=mps, eta=3m55s, loss=2.0166, sps=40.8]
BC[stage1_datasets_L40_stepsweep/bc_baseline_none_steps10000_tr2]:   6%|▌         | 580/10000 [00:13<03:06, 50.59it/s, acc=0.295, device=mps, eta=3m55s, loss=2.0166, sps=40.8]
BC[stage1_datasets_L40_stepsweep/bc_baseline_none_steps10000_tr2]:   6%|▌         | 586/10000 [00:14<04:24, 35.65it/s, acc=0.295, device=mps, eta=3m55s, loss=2.0166, sps=40.8]
BC[stage1_datasets_L40_stepsweep/bc_baseline_none_steps10000_tr2]:   6%|▌         | 592/10000 [00:14<04:01, 38.94it/s, acc=0.295, device=mps, eta=3m55s, loss=2.0166, sps=40.8]
BC[stage1_datasets_L40_stepsweep/bc_baseline_none_steps10000_tr2]:   6%|▌         | 598/10000 [00:14<03:41, 42.41it/s, acc=0.295, device=mps, eta=3m55s, loss=2.0166, sps=40.8]
BC[stage1_datasets_L40_stepsweep/bc_baseline_none_steps10000_tr2]:   6%|▌         | 598/10000 [00:14<03:41, 42.41it/s, acc=0.295, device=mps, eta=3m46s, loss=2.0073, sps=41.5]
BC[stage1_datasets_L40_stepsweep/bc_baseline_none_steps10000_tr2]:   6%|▌         | 603/10000 [00:14<04:22, 35.85it/s, acc=0.295, device=mps, eta=3m46s, loss=2.0073, sps=41.5]
BC[stage1_datasets_L40_stepsweep/bc_baseline_none_steps10000_tr2]:   6%|▌         | 609/10000 [00:14<03:56, 39.65it/s, acc=0.295, device=mps, eta=3m46s, loss=2.0073, sps=41.5]
BC[stage1_datasets_L40_stepsweep/bc_baseline_none_steps10000_tr2]:   6%|▌         | 615/10000 [00:14<03:33, 44.03it/s, acc=0.295, device=mps, eta=3m46s, loss=2.0073, sps=41.5]
BC[stage1_datasets_L40_stepsweep/bc_baseline_none_steps10000_tr2]:   6%|▌         | 621/10000 [00:15<04:05, 38.24it/s, acc=0.295, device=mps, eta=3m46s, loss=2.0073, sps=41.5]
BC[stage1_datasets_L40_stepsweep/bc_baseline_none_steps10000_tr2]:   6%|▋         | 627/10000 [00:15<03:46, 41.34it/s, acc=0.295, device=mps, eta=3m46s, loss=2.0073, sps=41.5]
BC[stage1_datasets_L40_stepsweep/bc_baseline_none_steps10000_tr2]:   6%|▋         | 633/10000 [00:15<03:28, 44.86it/s, acc=0.295, device=mps, eta=3m46s, loss=2.0073, sps=41.5]
BC[stage1_datasets_L40_stepsweep/bc_baseline_none_steps10000_tr2]:   6%|▋         | 639/10000 [00:15<03:13, 48.50it/s, acc=0.295, device=mps, eta=3m46s, loss=2.0073, sps=41.5]
BC[stage1_datasets_L40_stepsweep/bc_baseline_none_steps10000_tr2]:   6%|▋         | 645/10000 [00:15<03:53, 40.00it/s, acc=0.295, device=mps, eta=3m46s, loss=2.0073, sps=41.5]
BC[stage1_datasets_L40_stepsweep/bc_baseline_none_steps10000_tr2]:   7%|▋         | 651/10000 [00:15<03:33, 43.74it/s, acc=0.295, device=mps, eta=3m46s, loss=2.0073, sps=41.5]
BC[stage1_datasets_L40_stepsweep/bc_baseline_none_steps10000_tr2]:   7%|▋         | 657/10000 [00:15<03:17, 47.29it/s, acc=0.295, device=mps, eta=3m46s, loss=2.0073, sps=41.5]
BC[stage1_datasets_L40_stepsweep/bc_baseline_none_steps10000_tr2]:   7%|▋         | 663/10000 [00:15<04:01, 38.65it/s, acc=0.295, device=mps, eta=3m46s, loss=2.0073, sps=41.5]
BC[stage1_datasets_L40_stepsweep/bc_baseline_none_steps10000_tr2]:   7%|▋         | 668/10000 [00:16<03:51, 40.23it/s, acc=0.295, device=mps, eta=3m46s, loss=2.0073, sps=41.5]
BC[stage1_datasets_L40_stepsweep/bc_baseline_none_steps10000_tr2]:   7%|▋         | 673/10000 [00:16<03:41, 42.20it/s, acc=0.295, device=mps, eta=3m46s, loss=2.0073, sps=41.5]
BC[stage1_datasets_L40_stepsweep/bc_baseline_none_steps10000_tr2]:   7%|▋         | 679/10000 [00:16<03:25, 45.40it/s, acc=0.295, device=mps, eta=3m46s, loss=2.0073, sps=41.5]
BC[stage1_datasets_L40_stepsweep/bc_baseline_none_steps10000_tr2]:   7%|▋         | 684/10000 [00:16<04:11, 37.06it/s, acc=0.295, device=mps, eta=3m46s, loss=2.0073, sps=41.5]
BC[stage1_datasets_L40_stepsweep/bc_baseline_none_steps10000_tr2]:   7%|▋         | 690/10000 [00:16<03:49, 40.56it/s, acc=0.295, device=mps, eta=3m46s, loss=2.0073, sps=41.5]
BC[stage1_datasets_L40_stepsweep/bc_baseline_none_steps10000_tr2]:   7%|▋         | 696/10000 [00:16<03:34, 43.40it/s, acc=0.295, device=mps, eta=3m46s, loss=2.0073, sps=41.5]
BC[stage1_datasets_L40_stepsweep/bc_baseline_none_steps10000_tr2]:   7%|▋         | 701/10000 [00:16<04:13, 36.72it/s, acc=0.295, device=mps, eta=3m46s, loss=2.0073, sps=41.5]
BC[stage1_datasets_L40_stepsweep/bc_baseline_none_steps10000_tr2]:   7%|▋         | 707/10000 [00:17<03:48, 40.62it/s, acc=0.295, device=mps, eta=3m46s, loss=2.0073, sps=41.5]
BC[stage1_datasets_L40_stepsweep/bc_baseline_none_steps10000_tr2]:   7%|▋         | 713/10000 [00:17<03:30, 44.18it/s, acc=0.295, device=mps, eta=3m46s, loss=2.0073, sps=41.5]
BC[stage1_datasets_L40_stepsweep/bc_baseline_none_steps10000_tr2]:   7%|▋         | 719/10000 [00:17<03:17, 47.06it/s, acc=0.295, device=mps, eta=3m46s, loss=2.0073, sps=41.5]
BC[stage1_datasets_L40_stepsweep/bc_baseline_none_steps10000_tr2]:   7%|▋         | 724/10000 [00:17<04:06, 37.60it/s, acc=0.295, device=mps, eta=3m46s, loss=2.0073, sps=41.5]
BC[stage1_datasets_L40_stepsweep/bc_baseline_none_steps10000_tr2]:   7%|▋         | 730/10000 [00:17<03:44, 41.33it/s, acc=0.295, device=mps, eta=3m46s, loss=2.0073, sps=41.5]
BC[stage1_datasets_L40_stepsweep/bc_baseline_none_steps10000_tr2]:   7%|▋         | 736/10000 [00:17<03:23, 45.52it/s, acc=0.295, device=mps, eta=3m46s, loss=2.0073, sps=41.5]
BC[stage1_datasets_L40_stepsweep/bc_baseline_none_steps10000_tr2]:   7%|▋         | 741/10000 [00:17<04:01, 38.41it/s, acc=0.295, device=mps, eta=3m46s, loss=2.0073, sps=41.5]
BC[stage1_datasets_L40_stepsweep/bc_baseline_none_steps10000_tr2]:   7%|▋         | 747/10000 [00:17<03:36, 42.80it/s, acc=0.295, device=mps, eta=3m46s, loss=2.0073, sps=41.5]
BC[stage1_datasets_L40_stepsweep/bc_baseline_none_steps10000_tr2]:   8%|▊         | 753/10000 [00:18<03:22, 45.64it/s, acc=0.295, device=mps, eta=3m46s, loss=2.0073, sps=41.5]
BC[stage1_datasets_L40_stepsweep/bc_baseline_none_steps10000_tr2]:   8%|▊         | 759/10000 [00:18<03:13, 47.82it/s, acc=0.295, device=mps, eta=3m46s, loss=2.0073, sps=41.5]
BC[stage1_datasets_L40_stepsweep/bc_baseline_none_steps10000_tr2]:   8%|▊         | 765/10000 [00:18<04:04, 37.77it/s, acc=0.295, device=mps, eta=3m46s, loss=2.0073, sps=41.5]
BC[stage1_datasets_L40_stepsweep/bc_baseline_none_steps10000_tr2]:   8%|▊         | 770/10000 [00:18<03:56, 39.05it/s, acc=0.295, device=mps, eta=3m46s, loss=2.0073, sps=41.5]
BC[stage1_datasets_L40_stepsweep/bc_baseline_none_steps10000_tr2]:   8%|▊         | 776/10000 [00:18<03:37, 42.45it/s, acc=0.295, device=mps, eta=3m46s, loss=2.0073, sps=41.5]
BC[stage1_datasets_L40_stepsweep/bc_baseline_none_steps10000_tr2]:   8%|▊         | 781/10000 [00:18<04:14, 36.24it/s, acc=0.295, device=mps, eta=3m46s, loss=2.0073, sps=41.5]
BC[stage1_datasets_L40_stepsweep/bc_baseline_none_steps10000_tr2]:   8%|▊         | 787/10000 [00:18<03:50, 40.06it/s, acc=0.295, device=mps, eta=3m46s, loss=2.0073, sps=41.5]
BC[stage1_datasets_L40_stepsweep/bc_baseline_none_steps10000_tr2]:   8%|▊         | 793/10000 [00:19<03:32, 43.40it/s, acc=0.295, device=mps, eta=3m46s, loss=2.0073, sps=41.5]
BC[stage1_datasets_L40_stepsweep/bc_baseline_none_steps10000_tr2]:   8%|▊         | 799/10000 [00:19<03:18, 46.45it/s, acc=0.295, device=mps, eta=3m46s, loss=2.0073, sps=41.5]
BC[stage1_datasets_L40_stepsweep/bc_baseline_none_steps10000_tr2]:   8%|▊         | 799/10000 [00:19<03:18, 46.45it/s, acc=0.301, device=mps, eta=3m41s, loss=2.0200, sps=41.6]
BC[stage1_datasets_L40_stepsweep/bc_baseline_none_steps10000_tr2]:   8%|▊         | 804/10000 [00:19<04:02, 37.94it/s, acc=0.301, device=mps, eta=3m41s, loss=2.0200, sps=41.6]
BC[stage1_datasets_L40_stepsweep/bc_baseline_none_steps10000_tr2]:   8%|▊         | 810/10000 [00:19<03:38, 42.09it/s, acc=0.301, device=mps, eta=3m41s, loss=2.0200, sps=41.6]
BC[stage1_datasets_L40_stepsweep/bc_baseline_none_steps10000_tr2]:   8%|▊         | 816/10000 [00:19<03:18, 46.15it/s, acc=0.301, device=mps, eta=3m41s, loss=2.0200, sps=41.6]
BC[stage1_datasets_L40_stepsweep/bc_baseline_none_steps10000_tr2]:   8%|▊         | 821/10000 [00:19<03:53, 39.28it/s, acc=0.301, device=mps, eta=3m41s, loss=2.0200, sps=41.6]
BC[stage1_datasets_L40_stepsweep/bc_baseline_none_steps10000_tr2]:   8%|▊         | 828/10000 [00:19<03:24, 44.83it/s, acc=0.301, device=mps, eta=3m41s, loss=2.0200, sps=41.6]
BC[stage1_datasets_L40_stepsweep/bc_baseline_none_steps10000_tr2]:   8%|▊         | 835/10000 [00:20<03:04, 49.59it/s, acc=0.301, device=mps, eta=3m41s, loss=2.0200, sps=41.6]
BC[stage1_datasets_L40_stepsweep/bc_baseline_none_steps10000_tr2]:   8%|▊         | 841/10000 [00:20<03:38, 41.98it/s, acc=0.301, device=mps, eta=3m41s, loss=2.0200, sps=41.6]
BC[stage1_datasets_L40_stepsweep/bc_baseline_none_steps10000_tr2]:   8%|▊         | 846/10000 [00:20<03:29, 43.75it/s, acc=0.301, device=mps, eta=3m41s, loss=2.0200, sps=41.6]
BC[stage1_datasets_L40_stepsweep/bc_baseline_none_steps10000_tr2]:   9%|▊         | 852/10000 [00:20<03:19, 45.74it/s, acc=0.301, device=mps, eta=3m41s, loss=2.0200, sps=41.6]
BC[stage1_datasets_L40_stepsweep/bc_baseline_none_steps10000_tr2]:   9%|▊         | 858/10000 [00:20<03:10, 48.10it/s, acc=0.301, device=mps, eta=3m41s, loss=2.0200, sps=41.6]
BC[stage1_datasets_L40_stepsweep/bc_baseline_none_steps10000_tr2]:   9%|▊         | 864/10000 [00:20<03:53, 39.13it/s, acc=0.301, device=mps, eta=3m41s, loss=2.0200, sps=41.6]
BC[stage1_datasets_L40_stepsweep/bc_baseline_none_steps10000_tr2]:   9%|▊         | 869/10000 [00:20<03:40, 41.39it/s, acc=0.301, device=mps, eta=3m41s, loss=2.0200, sps=41.6]
BC[stage1_datasets_L40_stepsweep/bc_baseline_none_steps10000_tr2]:   9%|▉         | 876/10000 [00:20<03:15, 46.57it/s, acc=0.301, device=mps, eta=3m41s, loss=2.0200, sps=41.6]
BC[stage1_datasets_L40_stepsweep/bc_baseline_none_steps10000_tr2]:   9%|▉         | 881/10000 [00:21<03:51, 39.37it/s, acc=0.301, device=mps, eta=3m41s, loss=2.0200, sps=41.6]
BC[stage1_datasets_L40_stepsweep/bc_baseline_none_steps10000_tr2]:   9%|▉         | 887/10000 [00:21<03:27, 43.81it/s, acc=0.301, device=mps, eta=3m41s, loss=2.0200, sps=41.6]
BC[stage1_datasets_L40_stepsweep/bc_baseline_none_steps10000_tr2]:   9%|▉         | 893/10000 [00:21<03:10, 47.71it/s, acc=0.301, device=mps, eta=3m41s, loss=2.0200, sps=41.6]
BC[stage1_datasets_L40_stepsweep/bc_baseline_none_steps10000_tr2]:   9%|▉         | 899/10000 [00:21<03:04, 49.29it/s, acc=0.301, device=mps, eta=3m41s, loss=2.0200, sps=41.6]
BC[stage1_datasets_L40_stepsweep/bc_baseline_none_steps10000_tr2]:   9%|▉         | 905/10000 [00:21<03:43, 40.64it/s, acc=0.301, device=mps, eta=3m41s, loss=2.0200, sps=41.6]
BC[stage1_datasets_L40_stepsweep/bc_baseline_none_steps10000_tr2]:   9%|▉         | 911/10000 [00:21<03:25, 44.19it/s, acc=0.301, device=mps, eta=3m41s, loss=2.0200, sps=41.6]
BC[stage1_datasets_L40_stepsweep/bc_baseline_none_steps10000_tr2]:   9%|▉         | 917/10000 [00:21<03:11, 47.49it/s, acc=0.301, device=mps, eta=3m41s, loss=2.0200, sps=41.6]
BC[stage1_datasets_L40_stepsweep/bc_baseline_none_steps10000_tr2]:   9%|▉         | 923/10000 [00:22<03:46, 40.15it/s, acc=0.301, device=mps, eta=3m41s, loss=2.0200, sps=41.6]
BC[stage1_datasets_L40_stepsweep/bc_baseline_none_steps10000_tr2]:   9%|▉         | 929/10000 [00:22<03:28, 43.49it/s, acc=0.301, device=mps, eta=3m41s, loss=2.0200, sps=41.6]
BC[stage1_datasets_L40_stepsweep/bc_baseline_none_steps10000_tr2]:   9%|▉         | 935/10000 [00:22<03:11, 47.39it/s, acc=0.301, device=mps, eta=3m41s, loss=2.0200, sps=41.6]
BC[stage1_datasets_L40_stepsweep/bc_baseline_none_steps10000_tr2]:   9%|▉         | 941/10000 [00:22<03:43, 40.59it/s, acc=0.301, device=mps, eta=3m41s, loss=2.0200, sps=41.6]
BC[stage1_datasets_L40_stepsweep/bc_baseline_none_steps10000_tr2]:   9%|▉         | 947/10000 [00:22<03:23, 44.50it/s, acc=0.301, device=mps, eta=3m41s, loss=2.0200, sps=41.6]
BC[stage1_datasets_L40_stepsweep/bc_baseline_none_steps10000_tr2]:  10%|▉         | 954/10000 [00:22<03:05, 48.70it/s, acc=0.301, device=mps, eta=3m41s, loss=2.0200, sps=41.6]
BC[stage1_datasets_L40_stepsweep/bc_baseline_none_steps10000_tr2]:  10%|▉         | 961/10000 [00:22<03:37, 41.47it/s, acc=0.301, device=mps, eta=3m41s, loss=2.0200, sps=41.6]
BC[stage1_datasets_L40_stepsweep/bc_baseline_none_steps10000_tr2]:  10%|▉         | 967/10000 [00:23<03:26, 43.82it/s, acc=0.301, device=mps, eta=3m41s, loss=2.0200, sps=41.6]
BC[stage1_datasets_L40_stepsweep/bc_baseline_none_steps10000_tr2]:  10%|▉         | 973/10000 [00:23<03:17, 45.69it/s, acc=0.301, device=mps, eta=3m41s, loss=2.0200, sps=41.6]
BC[stage1_datasets_L40_stepsweep/bc_baseline_none_steps10000_tr2]:  10%|▉         | 979/10000 [00:23<03:08, 47.83it/s, acc=0.301, device=mps, eta=3m41s, loss=2.0200, sps=41.6]
BC[stage1_datasets_L40_stepsweep/bc_baseline_none_steps10000_tr2]:  10%|▉         | 985/10000 [00:23<03:50, 39.06it/s, acc=0.301, device=mps, eta=3m41s, loss=2.0200, sps=41.6]
BC[stage1_datasets_L40_stepsweep/bc_baseline_none_steps10000_tr2]:  10%|▉         | 991/10000 [00:23<03:32, 42.43it/s, acc=0.301, device=mps, eta=3m41s, loss=2.0200, sps=41.6]
BC[stage1_datasets_L40_stepsweep/bc_baseline_none_steps10000_tr2]:  10%|▉         | 997/10000 [00:23<03:14, 46.36it/s, acc=0.301, device=mps, eta=3m41s, loss=2.0200, sps=41.6]
BC[stage1_datasets_L40_stepsweep/bc_baseline_none_steps10000_tr2]:  10%|▉         | 997/10000 [00:23<03:14, 46.36it/s, acc=0.302, device=mps, eta=3m34s, loss=2.0065, sps=42.0]
BC[stage1_datasets_L40_stepsweep/bc_baseline_none_steps10000_tr2]:  10%|█         | 1003/10000 [00:23<03:54, 38.39it/s, acc=0.302, device=mps, eta=3m34s, loss=2.0065, sps=42.0]
BC[stage1_datasets_L40_stepsweep/bc_baseline_none_steps10000_tr2]:  10%|█         | 1009/10000 [00:24<03:34, 41.88it/s, acc=0.302, device=mps, eta=3m34s, loss=2.0065, sps=42.0]
BC[stage1_datasets_L40_stepsweep/bc_baseline_none_steps10000_tr2]:  10%|█         | 1016/10000 [00:24<03:11, 46.97it/s, acc=0.302, device=mps, eta=3m34s, loss=2.0065, sps=42.0]
BC[stage1_datasets_L40_stepsweep/bc_baseline_none_steps10000_tr2]:  10%|█         | 1022/10000 [00:24<03:41, 40.52it/s, acc=0.302, device=mps, eta=3m34s, loss=2.0065, sps=42.0]
BC[stage1_datasets_L40_stepsweep/bc_baseline_none_steps10000_tr2]:  10%|█         | 1028/10000 [00:24<03:22, 44.20it/s, acc=0.302, device=mps, eta=3m34s, loss=2.0065, sps=42.0]
BC[stage1_datasets_L40_stepsweep/bc_baseline_none_steps10000_tr2]:  10%|█         | 1034/10000 [00:24<03:07, 47.85it/s, acc=0.302, device=mps, eta=3m34s, loss=2.0065, sps=42.0]
BC[stage1_datasets_L40_stepsweep/bc_baseline_none_steps10000_tr2]:  10%|█         | 1041/10000 [00:24<03:39, 40.74it/s, acc=0.302, device=mps, eta=3m34s, loss=2.0065, sps=42.0]
BC[stage1_datasets_L40_stepsweep/bc_baseline_none_steps10000_tr2]:  10%|█         | 1046/10000 [00:24<03:31, 42.29it/s, acc=0.302, device=mps, eta=3m34s, loss=2.0065, sps=42.0]
BC[stage1_datasets_L40_stepsweep/bc_baseline_none_steps10000_tr2]:  11%|█         | 1052/10000 [00:25<03:16, 45.63it/s, acc=0.302, device=mps, eta=3m34s, loss=2.0065, sps=42.0]
BC[stage1_datasets_L40_stepsweep/bc_baseline_none_steps10000_tr2]:  11%|█         | 1059/10000 [00:25<02:59, 49.73it/s, acc=0.302, device=mps, eta=3m34s, loss=2.0065, sps=42.0]
BC[stage1_datasets_L40_stepsweep/bc_baseline_none_steps10000_tr2]:  11%|█         | 1065/10000 [00:25<03:38, 40.85it/s, acc=0.302, device=mps, eta=3m34s, loss=2.0065, sps=42.0]
BC[stage1_datasets_L40_stepsweep/bc_baseline_none_steps10000_tr2]:  11%|█         | 1071/10000 [00:25<03:19, 44.87it/s, acc=0.302, device=mps, eta=3m34s, loss=2.0065, sps=42.0]
BC[stage1_datasets_L40_stepsweep/bc_baseline_none_steps10000_tr2]:  11%|█         | 1078/10000 [00:25<02:59, 49.58it/s, acc=0.302, device=mps, eta=3m34s, loss=2.0065, sps=42.0]
BC[stage1_datasets_L40_stepsweep/bc_baseline_none_steps10000_tr2]:  11%|█         | 1084/10000 [00:25<03:34, 41.48it/s, acc=0.302, device=mps, eta=3m34s, loss=2.0065, sps=42.0]
BC[stage1_datasets_L40_stepsweep/bc_baseline_none_steps10000_tr2]:  11%|█         | 1090/10000 [00:25<03:16, 45.27it/s, acc=0.302, device=mps, eta=3m34s, loss=2.0065, sps=42.0]
BC[stage1_datasets_L40_stepsweep/bc_baseline_none_steps10000_tr2]:  11%|█         | 1097/10000 [00:25<02:59, 49.55it/s, acc=0.302, device=mps, eta=3m34s, loss=2.0065, sps=42.0]
BC[stage1_datasets_L40_stepsweep/bc_baseline_none_steps10000_tr2]:  11%|█         | 1103/10000 [00:26<03:34, 41.44it/s, acc=0.302, device=mps, eta=3m34s, loss=2.0065, sps=42.0]
BC[stage1_datasets_L40_stepsweep/bc_baseline_none_steps10000_tr2]:  11%|█         | 1109/10000 [00:26<03:15, 45.38it/s, acc=0.302, device=mps, eta=3m34s, loss=2.0065, sps=42.0]
BC[stage1_datasets_L40_stepsweep/bc_baseline_none_steps10000_tr2]:  11%|█         | 1116/10000 [00:26<02:58, 49.67it/s, acc=0.302, device=mps, eta=3m34s, loss=2.0065, sps=42.0]
BC[stage1_datasets_L40_stepsweep/bc_baseline_none_steps10000_tr2]:  11%|█         | 1122/10000 [00:26<03:31, 41.95it/s, acc=0.302, device=mps, eta=3m34s, loss=2.0065, sps=42.0]
BC[stage1_datasets_L40_stepsweep/bc_baseline_none_steps10000_tr2]:  11%|█▏        | 1129/10000 [00:26<03:09, 46.88it/s, acc=0.302, device=mps, eta=3m34s, loss=2.0065, sps=42.0]
BC[stage1_datasets_L40_stepsweep/bc_baseline_none_steps10000_tr2]:  11%|█▏        | 1136/10000 [00:26<02:53, 51.18it/s, acc=0.302, device=mps, eta=3m34s, loss=2.0065, sps=42.0]
BC[stage1_datasets_L40_stepsweep/bc_baseline_none_steps10000_tr2]:  11%|█▏        | 1142/10000 [00:27<03:26, 42.89it/s, acc=0.302, device=mps, eta=3m34s, loss=2.0065, sps=42.0]
BC[stage1_datasets_L40_stepsweep/bc_baseline_none_steps10000_tr2]:  11%|█▏        | 1148/10000 [00:27<03:13, 45.76it/s, acc=0.302, device=mps, eta=3m34s, loss=2.0065, sps=42.0]
BC[stage1_datasets_L40_stepsweep/bc_baseline_none_steps10000_tr2]:  12%|█▏        | 1154/10000 [00:27<03:02, 48.35it/s, acc=0.302, device=mps, eta=3m34s, loss=2.0065, sps=42.0]
BC[stage1_datasets_L40_stepsweep/bc_baseline_none_steps10000_tr2]:  12%|█▏        | 1161/10000 [00:27<03:32, 41.54it/s, acc=0.302, device=mps, eta=3m34s, loss=2.0065, sps=42.0]
BC[stage1_datasets_L40_stepsweep/bc_baseline_none_steps10000_tr2]:  12%|█▏        | 1167/10000 [00:27<03:20, 44.13it/s, acc=0.302, device=mps, eta=3m34s, loss=2.0065, sps=42.0]
BC[stage1_datasets_L40_stepsweep/bc_baseline_none_steps10000_tr2]:  12%|█▏        | 1173/10000 [00:27<03:06, 47.28it/s, acc=0.302, device=mps, eta=3m34s, loss=2.0065, sps=42.0]
BC[stage1_datasets_L40_stepsweep/bc_baseline_none_steps10000_tr2]:  12%|█▏        | 1179/10000 [00:27<02:56, 50.11it/s, acc=0.302, device=mps, eta=3m34s, loss=2.0065, sps=42.0]
BC[stage1_datasets_L40_stepsweep/bc_baseline_none_steps10000_tr2]:  12%|█▏        | 1185/10000 [00:28<03:43, 39.39it/s, acc=0.302, device=mps, eta=3m34s, loss=2.0065, sps=42.0]
BC[stage1_datasets_L40_stepsweep/bc_baseline_none_steps10000_tr2]:  12%|█▏        | 1191/10000 [00:28<03:26, 42.64it/s, acc=0.302, device=mps, eta=3m34s, loss=2.0065, sps=42.0]
BC[stage1_datasets_L40_stepsweep/bc_baseline_none_steps10000_tr2]:  12%|█▏        | 1197/10000 [00:28<03:10, 46.24it/s, acc=0.302, device=mps, eta=3m34s, loss=2.0065, sps=42.0]
BC[stage1_datasets_L40_stepsweep/bc_baseline_none_steps10000_tr2]:  12%|█▏        | 1197/10000 [00:28<03:10, 46.24it/s, acc=0.297, device=mps, eta=3m27s, loss=2.0127, sps=42.4]
BC[stage1_datasets_L40_stepsweep/bc_baseline_none_steps10000_tr2]:  12%|█▏        | 1203/10000 [00:28<03:46, 38.78it/s, acc=0.297, device=mps, eta=3m27s, loss=2.0127, sps=42.4]
BC[stage1_datasets_L40_stepsweep/bc_baseline_none_steps10000_tr2]:  12%|█▏        | 1209/10000 [00:28<03:24, 43.00it/s, acc=0.297, device=mps, eta=3m27s, loss=2.0127, sps=42.4]
BC[stage1_datasets_L40_stepsweep/bc_baseline_none_steps10000_tr2]:  12%|█▏        | 1215/10000 [00:28<03:07, 46.89it/s, acc=0.297, device=mps, eta=3m27s, loss=2.0127, sps=42.4]
BC[stage1_datasets_L40_stepsweep/bc_baseline_none_steps10000_tr2]:  12%|█▏        | 1221/10000 [00:28<03:43, 39.24it/s, acc=0.297, device=mps, eta=3m27s, loss=2.0127, sps=42.4]
BC[stage1_datasets_L40_stepsweep/bc_baseline_none_steps10000_tr2]:  12%|█▏        | 1227/10000 [00:28<03:27, 42.18it/s, acc=0.297, device=mps, eta=3m27s, loss=2.0127, sps=42.4]
BC[stage1_datasets_L40_stepsweep/bc_baseline_none_steps10000_tr2]:  12%|█▏        | 1233/10000 [00:29<03:09, 46.14it/s, acc=0.297, device=mps, eta=3m27s, loss=2.0127, sps=42.4]
BC[stage1_datasets_L40_stepsweep/bc_baseline_none_steps10000_tr2]:  12%|█▏        | 1240/10000 [00:29<02:51, 50.95it/s, acc=0.297, device=mps, eta=3m27s, loss=2.0127, sps=42.4]
BC[stage1_datasets_L40_stepsweep/bc_baseline_none_steps10000_tr2]:  12%|█▏        | 1246/10000 [00:29<03:37, 40.21it/s, acc=0.297, device=mps, eta=3m27s, loss=2.0127, sps=42.4]
BC[stage1_datasets_L40_stepsweep/bc_baseline_none_steps10000_tr2]:  13%|█▎        | 1252/10000 [00:29<03:20, 43.64it/s, acc=0.297, device=mps, eta=3m27s, loss=2.0127, sps=42.4]
BC[stage1_datasets_L40_stepsweep/bc_baseline_none_steps10000_tr2]:  13%|█▎        | 1259/10000 [00:29<03:01, 48.15it/s, acc=0.297, device=mps, eta=3m27s, loss=2.0127, sps=42.4]
BC[stage1_datasets_L40_stepsweep/bc_baseline_none_steps10000_tr2]:  13%|█▎        | 1265/10000 [00:29<03:34, 40.64it/s, acc=0.297, device=mps, eta=3m27s, loss=2.0127, sps=42.4]
BC[stage1_datasets_L40_stepsweep/bc_baseline_none_steps10000_tr2]:  13%|█▎        | 1271/10000 [00:29<03:14, 44.80it/s, acc=0.297, device=mps, eta=3m27s, loss=2.0127, sps=42.4]
BC[stage1_datasets_L40_stepsweep/bc_baseline_none_steps10000_tr2]:  13%|█▎        | 1278/10000 [00:30<02:58, 48.92it/s, acc=0.297, device=mps, eta=3m27s, loss=2.0127, sps=42.4]
BC[stage1_datasets_L40_stepsweep/bc_baseline_none_steps10000_tr2]:  13%|█▎        | 1284/10000 [00:30<03:33, 40.86it/s, acc=0.297, device=mps, eta=3m27s, loss=2.0127, sps=42.4]
BC[stage1_datasets_L40_stepsweep/bc_baseline_none_steps10000_tr2]:  13%|█▎        | 1289/10000 [00:30<03:25, 42.37it/s, acc=0.297, device=mps, eta=3m27s, loss=2.0127, sps=42.4]
BC[stage1_datasets_L40_stepsweep/bc_baseline_none_steps10000_tr2]:  13%|█▎        | 1295/10000 [00:30<03:08, 46.14it/s, acc=0.297, device=mps, eta=3m27s, loss=2.0127, sps=42.4]
BC[stage1_datasets_L40_stepsweep/bc_baseline_none_steps10000_tr2]:  13%|█▎        | 1301/10000 [00:30<03:39, 39.56it/s, acc=0.297, device=mps, eta=3m27s, loss=2.0127, sps=42.4]
BC[stage1_datasets_L40_stepsweep/bc_baseline_none_steps10000_tr2]:  13%|█▎        | 1308/10000 [00:30<03:12, 45.08it/s, acc=0.297, device=mps, eta=3m27s, loss=2.0127, sps=42.4]
BC[stage1_datasets_L40_stepsweep/bc_baseline_none_steps10000_tr2]:  13%|█▎        | 1315/10000 [00:30<02:52, 50.45it/s, acc=0.297, device=mps, eta=3m27s, loss=2.0127, sps=42.4]
BC[stage1_datasets_L40_stepsweep/bc_baseline_none_steps10000_tr2]:  13%|█▎        | 1321/10000 [00:31<03:21, 43.13it/s, acc=0.297, device=mps, eta=3m27s, loss=2.0127, sps=42.4]
BC[stage1_datasets_L40_stepsweep/bc_baseline_none_steps10000_tr2]:  13%|█▎        | 1328/10000 [00:31<03:02, 47.44it/s, acc=0.297, device=mps, eta=3m27s, loss=2.0127, sps=42.4]
BC[stage1_datasets_L40_stepsweep/bc_baseline_none_steps10000_tr2]:  13%|█▎        | 1334/10000 [00:31<02:55, 49.50it/s, acc=0.297, device=mps, eta=3m27s, loss=2.0127, sps=42.4]
BC[stage1_datasets_L40_stepsweep/bc_baseline_none_steps10000_tr2]:  13%|█▎        | 1341/10000 [00:31<03:23, 42.56it/s, acc=0.297, device=mps, eta=3m27s, loss=2.0127, sps=42.4]
BC[stage1_datasets_L40_stepsweep/bc_baseline_none_steps10000_tr2]:  13%|█▎        | 1348/10000 [00:31<03:03, 47.19it/s, acc=0.297, device=mps, eta=3m27s, loss=2.0127, sps=42.4]
BC[stage1_datasets_L40_stepsweep/bc_baseline_none_steps10000_tr2]:  14%|█▎        | 1355/10000 [00:31<02:49, 51.04it/s, acc=0.297, device=mps, eta=3m27s, loss=2.0127, sps=42.4]
BC[stage1_datasets_L40_stepsweep/bc_baseline_none_steps10000_tr2]:  14%|█▎        | 1361/10000 [00:31<03:25, 42.04it/s, acc=0.297, device=mps, eta=3m27s, loss=2.0127, sps=42.4]
BC[stage1_datasets_L40_stepsweep/bc_baseline_none_steps10000_tr2]:  14%|█▎        | 1367/10000 [00:32<03:13, 44.68it/s, acc=0.297, device=mps, eta=3m27s, loss=2.0127, sps=42.4]
BC[stage1_datasets_L40_stepsweep/bc_baseline_none_steps10000_tr2]:  14%|█▎        | 1373/10000 [00:32<03:03, 46.93it/s, acc=0.297, device=mps, eta=3m27s, loss=2.0127, sps=42.4]
BC[stage1_datasets_L40_stepsweep/bc_baseline_none_steps10000_tr2]:  14%|█▍        | 1379/10000 [00:32<02:54, 49.51it/s, acc=0.297, device=mps, eta=3m27s, loss=2.0127, sps=42.4]
BC[stage1_datasets_L40_stepsweep/bc_baseline_none_steps10000_tr2]:  14%|█▍        | 1385/10000 [00:32<03:29, 41.09it/s, acc=0.297, device=mps, eta=3m27s, loss=2.0127, sps=42.4]
BC[stage1_datasets_L40_stepsweep/bc_baseline_none_steps10000_tr2]:  14%|█▍        | 1391/10000 [00:32<03:10, 45.14it/s, acc=0.297, device=mps, eta=3m27s, loss=2.0127, sps=42.4]
BC[stage1_datasets_L40_stepsweep/bc_baseline_none_steps10000_tr2]:  14%|█▍        | 1398/10000 [00:32<02:53, 49.59it/s, acc=0.297, device=mps, eta=3m27s, loss=2.0127, sps=42.4]
BC[stage1_datasets_L40_stepsweep/bc_baseline_none_steps10000_tr2]:  14%|█▍        | 1398/10000 [00:32<02:53, 49.59it/s, acc=0.301, device=mps, eta=3m21s, loss=2.0062, sps=42.8]
BC[stage1_datasets_L40_stepsweep/bc_baseline_none_steps10000_tr2]:  14%|█▍        | 1404/10000 [00:32<03:26, 41.71it/s, acc=0.301, device=mps, eta=3m21s, loss=2.0062, sps=42.8]
BC[stage1_datasets_L40_stepsweep/bc_baseline_none_steps10000_tr2]:  14%|█▍        | 1411/10000 [00:33<03:05, 46.31it/s, acc=0.301, device=mps, eta=3m21s, loss=2.0062, sps=42.8]
BC[stage1_datasets_L40_stepsweep/bc_baseline_none_steps10000_tr2]:  14%|█▍        | 1418/10000 [00:33<02:50, 50.29it/s, acc=0.301, device=mps, eta=3m21s, loss=2.0062, sps=42.8]
BC[stage1_datasets_L40_stepsweep/bc_baseline_none_steps10000_tr2]:  14%|█▍        | 1424/10000 [00:33<03:22, 42.41it/s, acc=0.301, device=mps, eta=3m21s, loss=2.0062, sps=42.8]
BC[stage1_datasets_L40_stepsweep/bc_baseline_none_steps10000_tr2]:  14%|█▍        | 1430/10000 [00:33<03:09, 45.27it/s, acc=0.301, device=mps, eta=3m21s, loss=2.0062, sps=42.8]
BC[stage1_datasets_L40_stepsweep/bc_baseline_none_steps10000_tr2]:  14%|█▍        | 1437/10000 [00:33<02:52, 49.58it/s, acc=0.301, device=mps, eta=3m21s, loss=2.0062, sps=42.8]
BC[stage1_datasets_L40_stepsweep/bc_baseline_none_steps10000_tr2]:  14%|█▍        | 1443/10000 [00:33<03:24, 41.93it/s, acc=0.301, device=mps, eta=3m21s, loss=2.0062, sps=42.8]
BC[stage1_datasets_L40_stepsweep/bc_baseline_none_steps10000_tr2]:  14%|█▍        | 1450/10000 [00:33<03:04, 46.44it/s, acc=0.301, device=mps, eta=3m21s, loss=2.0062, sps=42.8]
BC[stage1_datasets_L40_stepsweep/bc_baseline_none_steps10000_tr2]:  15%|█▍        | 1456/10000 [00:33<02:53, 49.36it/s, acc=0.301, device=mps, eta=3m21s, loss=2.0062, sps=42.8]
BC[stage1_datasets_L40_stepsweep/bc_baseline_none_steps10000_tr2]:  15%|█▍        | 1462/10000 [00:34<03:26, 41.43it/s, acc=0.301, device=mps, eta=3m21s, loss=2.0062, sps=42.8]
BC[stage1_datasets_L40_stepsweep/bc_baseline_none_steps10000_tr2]:  15%|█▍        | 1468/10000 [00:34<03:07, 45.47it/s, acc=0.301, device=mps, eta=3m21s, loss=2.0062, sps=42.8]
BC[stage1_datasets_L40_stepsweep/bc_baseline_none_steps10000_tr2]:  15%|█▍        | 1474/10000 [00:34<02:56, 48.40it/s, acc=0.301, device=mps, eta=3m21s, loss=2.0062, sps=42.8]
BC[stage1_datasets_L40_stepsweep/bc_baseline_none_steps10000_tr2]:  15%|█▍        | 1480/10000 [00:34<02:46, 51.29it/s, acc=0.301, device=mps, eta=3m21s, loss=2.0062, sps=42.8]
BC[stage1_datasets_L40_stepsweep/bc_baseline_none_steps10000_tr2]:  15%|█▍        | 1486/10000 [00:34<03:35, 39.52it/s, acc=0.301, device=mps, eta=3m21s, loss=2.0062, sps=42.8]
BC[stage1_datasets_L40_stepsweep/bc_baseline_none_steps10000_tr2]:  15%|█▍        | 1492/10000 [00:34<03:20, 42.37it/s, acc=0.301, device=mps, eta=3m21s, loss=2.0062, sps=42.8]
BC[stage1_datasets_L40_stepsweep/bc_baseline_none_steps10000_tr2]:  15%|█▍        | 1498/10000 [00:34<03:05, 45.76it/s, acc=0.301, device=mps, eta=3m21s, loss=2.0062, sps=42.8]
BC[stage1_datasets_L40_stepsweep/bc_baseline_none_steps10000_tr2]:  15%|█▌        | 1504/10000 [00:35<03:36, 39.29it/s, acc=0.301, device=mps, eta=3m21s, loss=2.0062, sps=42.8]
BC[stage1_datasets_L40_stepsweep/bc_baseline_none_steps10000_tr2]:  15%|█▌        | 1510/10000 [00:35<03:19, 42.52it/s, acc=0.301, device=mps, eta=3m21s, loss=2.0062, sps=42.8]
BC[stage1_datasets_L40_stepsweep/bc_baseline_none_steps10000_tr2]:  15%|█▌        | 1516/10000 [00:35<03:08, 45.03it/s, acc=0.301, device=mps, eta=3m21s, loss=2.0062, sps=42.8]
BC[stage1_datasets_L40_stepsweep/bc_baseline_none_steps10000_tr2]:  15%|█▌        | 1521/10000 [00:35<03:43, 37.96it/s, acc=0.301, device=mps, eta=3m21s, loss=2.0062, sps=42.8]
BC[stage1_datasets_L40_stepsweep/bc_baseline_none_steps10000_tr2]:  15%|█▌        | 1528/10000 [00:35<03:12, 43.98it/s, acc=0.301, device=mps, eta=3m21s, loss=2.0062, sps=42.8]
BC[stage1_datasets_L40_stepsweep/bc_baseline_none_steps10000_tr2]:  15%|█▌        | 1535/10000 [00:35<02:52, 49.06it/s, acc=0.301, device=mps, eta=3m21s, loss=2.0062, sps=42.8]
BC[stage1_datasets_L40_stepsweep/bc_baseline_none_steps10000_tr2]:  15%|█▌        | 1541/10000 [00:35<03:21, 42.07it/s, acc=0.301, device=mps, eta=3m21s, loss=2.0062, sps=42.8]
BC[stage1_datasets_L40_stepsweep/bc_baseline_none_steps10000_tr2]:  15%|█▌        | 1547/10000 [00:36<03:03, 45.97it/s, acc=0.301, device=mps, eta=3m21s, loss=2.0062, sps=42.8]
BC[stage1_datasets_L40_stepsweep/bc_baseline_none_steps10000_tr2]:  16%|█▌        | 1553/10000 [00:36<02:54, 48.51it/s, acc=0.301, device=mps, eta=3m21s, loss=2.0062, sps=42.8]
BC[stage1_datasets_L40_stepsweep/bc_baseline_none_steps10000_tr2]:  16%|█▌        | 1559/10000 [00:36<02:47, 50.35it/s, acc=0.301, device=mps, eta=3m21s, loss=2.0062, sps=42.8]
BC[stage1_datasets_L40_stepsweep/bc_baseline_none_steps10000_tr2]:  16%|█▌        | 1565/10000 [00:36<03:24, 41.21it/s, acc=0.301, device=mps, eta=3m21s, loss=2.0062, sps=42.8]
BC[stage1_datasets_L40_stepsweep/bc_baseline_none_steps10000_tr2]:  16%|█▌        | 1570/10000 [00:36<03:15, 43.18it/s, acc=0.301, device=mps, eta=3m21s, loss=2.0062, sps=42.8]
BC[stage1_datasets_L40_stepsweep/bc_baseline_none_steps10000_tr2]:  16%|█▌        | 1576/10000 [00:36<03:01, 46.42it/s, acc=0.301, device=mps, eta=3m21s, loss=2.0062, sps=42.8]
BC[stage1_datasets_L40_stepsweep/bc_baseline_none_steps10000_tr2]:  16%|█▌        | 1581/10000 [00:36<03:35, 39.04it/s, acc=0.301, device=mps, eta=3m21s, loss=2.0062, sps=42.8]
BC[stage1_datasets_L40_stepsweep/bc_baseline_none_steps10000_tr2]:  16%|█▌        | 1588/10000 [00:36<03:07, 44.85it/s, acc=0.301, device=mps, eta=3m21s, loss=2.0062, sps=42.8]
BC[stage1_datasets_L40_stepsweep/bc_baseline_none_steps10000_tr2]:  16%|█▌        | 1595/10000 [00:37<02:48, 49.82it/s, acc=0.301, device=mps, eta=3m21s, loss=2.0062, sps=42.8]
BC[stage1_datasets_L40_stepsweep/bc_baseline_none_steps10000_tr2]:  16%|█▌        | 1595/10000 [00:37<02:48, 49.82it/s, acc=0.301, device=mps, eta=3m15s, loss=2.0079, sps=43.0]
BC[stage1_datasets_L40_stepsweep/bc_baseline_none_steps10000_tr2]:  16%|█▌        | 1601/10000 [00:37<03:19, 42.10it/s, acc=0.301, device=mps, eta=3m15s, loss=2.0079, sps=43.0]
BC[stage1_datasets_L40_stepsweep/bc_baseline_none_steps10000_tr2]:  16%|█▌        | 1607/10000 [00:37<03:08, 44.49it/s, acc=0.301, device=mps, eta=3m15s, loss=2.0079, sps=43.0]
BC[stage1_datasets_L40_stepsweep/bc_baseline_none_steps10000_tr2]:  16%|█▌        | 1613/10000 [00:37<02:54, 47.97it/s, acc=0.301, device=mps, eta=3m15s, loss=2.0079, sps=43.0]
BC[stage1_datasets_L40_stepsweep/bc_baseline_none_steps10000_tr2]:  16%|█▌        | 1619/10000 [00:37<02:44, 50.91it/s, acc=0.301, device=mps, eta=3m15s, loss=2.0079, sps=43.0]
BC[stage1_datasets_L40_stepsweep/bc_baseline_none_steps10000_tr2]:  16%|█▋        | 1625/10000 [00:37<03:22, 41.38it/s, acc=0.301, device=mps, eta=3m15s, loss=2.0079, sps=43.0]
BC[stage1_datasets_L40_stepsweep/bc_baseline_none_steps10000_tr2]:  16%|█▋        | 1631/10000 [00:37<03:10, 44.02it/s, acc=0.301, device=mps, eta=3m15s, loss=2.0079, sps=43.0]
BC[stage1_datasets_L40_stepsweep/bc_baseline_none_steps10000_tr2]:  16%|█▋        | 1637/10000 [00:38<02:56, 47.46it/s, acc=0.301, device=mps, eta=3m15s, loss=2.0079, sps=43.0]
BC[stage1_datasets_L40_stepsweep/bc_baseline_none_steps10000_tr2]:  16%|█▋        | 1643/10000 [00:38<03:29, 39.96it/s, acc=0.301, device=mps, eta=3m15s, loss=2.0079, sps=43.0]
BC[stage1_datasets_L40_stepsweep/bc_baseline_none_steps10000_tr2]:  16%|█▋        | 1649/10000 [00:38<03:13, 43.12it/s, acc=0.301, device=mps, eta=3m15s, loss=2.0079, sps=43.0]
BC[stage1_datasets_L40_stepsweep/bc_baseline_none_steps10000_tr2]:  17%|█▋        | 1655/10000 [00:38<02:59, 46.53it/s, acc=0.301, device=mps, eta=3m15s, loss=2.0079, sps=43.0]
BC[stage1_datasets_L40_stepsweep/bc_baseline_none_steps10000_tr2]:  17%|█▋        | 1661/10000 [00:38<03:30, 39.65it/s, acc=0.301, device=mps, eta=3m15s, loss=2.0079, sps=43.0]
BC[stage1_datasets_L40_stepsweep/bc_baseline_none_steps10000_tr2]:  17%|█▋        | 1667/10000 [00:38<03:12, 43.40it/s, acc=0.301, device=mps, eta=3m15s, loss=2.0079, sps=43.0]
BC[stage1_datasets_L40_stepsweep/bc_baseline_none_steps10000_tr2]:  17%|█▋        | 1674/10000 [00:38<02:52, 48.22it/s, acc=0.301, device=mps, eta=3m15s, loss=2.0079, sps=43.0]
BC[stage1_datasets_L40_stepsweep/bc_baseline_none_steps10000_tr2]:  17%|█▋        | 1681/10000 [00:39<03:21, 41.36it/s, acc=0.301, device=mps, eta=3m15s, loss=2.0079, sps=43.0]
BC[stage1_datasets_L40_stepsweep/bc_baseline_none_steps10000_tr2]:  17%|█▋        | 1687/10000 [00:39<03:03, 45.28it/s, acc=0.301, device=mps, eta=3m15s, loss=2.0079, sps=43.0]
BC[stage1_datasets_L40_stepsweep/bc_baseline_none_steps10000_tr2]:  17%|█▋        | 1693/10000 [00:39<02:52, 48.28it/s, acc=0.301, device=mps, eta=3m15s, loss=2.0079, sps=43.0]
BC[stage1_datasets_L40_stepsweep/bc_baseline_none_steps10000_tr2]:  17%|█▋        | 1699/10000 [00:39<02:44, 50.35it/s, acc=0.301, device=mps, eta=3m15s, loss=2.0079, sps=43.0]
BC[stage1_datasets_L40_stepsweep/bc_baseline_none_steps10000_tr2]:  17%|█▋        | 1705/10000 [00:39<03:27, 39.94it/s, acc=0.301, device=mps, eta=3m15s, loss=2.0079, sps=43.0]
BC[stage1_datasets_L40_stepsweep/bc_baseline_none_steps10000_tr2]:  17%|█▋        | 1711/10000 [00:39<03:11, 43.32it/s, acc=0.301, device=mps, eta=3m15s, loss=2.0079, sps=43.0]
BC[stage1_datasets_L40_stepsweep/bc_baseline_none_steps10000_tr2]:  17%|█▋        | 1717/10000 [00:39<02:56, 46.80it/s, acc=0.301, device=mps, eta=3m15s, loss=2.0079, sps=43.0]
BC[stage1_datasets_L40_stepsweep/bc_baseline_none_steps10000_tr2]:  17%|█▋        | 1723/10000 [00:40<03:26, 40.08it/s, acc=0.301, device=mps, eta=3m15s, loss=2.0079, sps=43.0]
BC[stage1_datasets_L40_stepsweep/bc_baseline_none_steps10000_tr2]:  17%|█▋        | 1729/10000 [00:40<03:08, 43.93it/s, acc=0.301, device=mps, eta=3m15s, loss=2.0079, sps=43.0]
BC[stage1_datasets_L40_stepsweep/bc_baseline_none_steps10000_tr2]:  17%|█▋        | 1735/10000 [00:40<02:55, 47.04it/s, acc=0.301, device=mps, eta=3m15s, loss=2.0079, sps=43.0]
BC[stage1_datasets_L40_stepsweep/bc_baseline_none_steps10000_tr2]:  17%|█▋        | 1741/10000 [00:40<03:25, 40.21it/s, acc=0.301, device=mps, eta=3m15s, loss=2.0079, sps=43.0]
BC[stage1_datasets_L40_stepsweep/bc_baseline_none_steps10000_tr2]:  17%|█▋        | 1748/10000 [00:40<03:00, 45.74it/s, acc=0.301, device=mps, eta=3m15s, loss=2.0079, sps=43.0]
BC[stage1_datasets_L40_stepsweep/bc_baseline_none_steps10000_tr2]:  18%|█▊        | 1755/10000 [00:40<02:43, 50.31it/s, acc=0.301, device=mps, eta=3m15s, loss=2.0079, sps=43.0]
BC[stage1_datasets_L40_stepsweep/bc_baseline_none_steps10000_tr2]:  18%|█▊        | 1761/10000 [00:40<03:15, 42.23it/s, acc=0.301, device=mps, eta=3m15s, loss=2.0079, sps=43.0]
BC[stage1_datasets_L40_stepsweep/bc_baseline_none_steps10000_tr2]:  18%|█▊        | 1768/10000 [00:41<02:54, 47.22it/s, acc=0.301, device=mps, eta=3m15s, loss=2.0079, sps=43.0]
BC[stage1_datasets_L40_stepsweep/bc_baseline_none_steps10000_tr2]:  18%|█▊        | 1775/10000 [00:41<02:39, 51.49it/s, acc=0.301, device=mps, eta=3m15s, loss=2.0079, sps=43.0]
BC[stage1_datasets_L40_stepsweep/bc_baseline_none_steps10000_tr2]:  18%|█▊        | 1781/10000 [00:41<03:10, 43.19it/s, acc=0.301, device=mps, eta=3m15s, loss=2.0079, sps=43.0]
BC[stage1_datasets_L40_stepsweep/bc_baseline_none_steps10000_tr2]:  18%|█▊        | 1787/10000 [00:41<02:55, 46.70it/s, acc=0.301, device=mps, eta=3m15s, loss=2.0079, sps=43.0]
BC[stage1_datasets_L40_stepsweep/bc_baseline_none_steps10000_tr2]:  18%|█▊        | 1793/10000 [00:41<02:48, 48.74it/s, acc=0.301, device=mps, eta=3m15s, loss=2.0079, sps=43.0]
BC[stage1_datasets_L40_stepsweep/bc_baseline_none_steps10000_tr2]:  18%|█▊        | 1799/10000 [00:41<02:39, 51.47it/s, acc=0.301, device=mps, eta=3m15s, loss=2.0079, sps=43.0]
BC[stage1_datasets_L40_stepsweep/bc_baseline_none_steps10000_tr2]:  18%|█▊        | 1799/10000 [00:41<02:39, 51.47it/s, acc=0.300, device=mps, eta=3m10s, loss=2.0070, sps=43.2]
BC[stage1_datasets_L40_stepsweep/bc_baseline_none_steps10000_tr2]:  18%|█▊        | 1805/10000 [00:41<03:16, 41.73it/s, acc=0.300, device=mps, eta=3m10s, loss=2.0070, sps=43.2]
BC[stage1_datasets_L40_stepsweep/bc_baseline_none_steps10000_tr2]:  18%|█▊        | 1811/10000 [00:41<03:03, 44.64it/s, acc=0.300, device=mps, eta=3m10s, loss=2.0070, sps=43.2]
BC[stage1_datasets_L40_stepsweep/bc_baseline_none_steps10000_tr2]:  18%|█▊        | 1818/10000 [00:42<02:46, 49.12it/s, acc=0.300, device=mps, eta=3m10s, loss=2.0070, sps=43.2]
BC[stage1_datasets_L40_stepsweep/bc_baseline_none_steps10000_tr2]:  18%|█▊        | 1824/10000 [00:42<03:17, 41.39it/s, acc=0.300, device=mps, eta=3m10s, loss=2.0070, sps=43.2]
BC[stage1_datasets_L40_stepsweep/bc_baseline_none_steps10000_tr2]:  18%|█▊        | 1829/10000 [00:42<03:09, 43.13it/s, acc=0.300, device=mps, eta=3m10s, loss=2.0070, sps=43.2]
BC[stage1_datasets_L40_stepsweep/bc_baseline_none_steps10000_tr2]:  18%|█▊        | 1835/10000 [00:42<02:55, 46.65it/s, acc=0.300, device=mps, eta=3m10s, loss=2.0070, sps=43.2]
BC[stage1_datasets_L40_stepsweep/bc_baseline_none_steps10000_tr2]:  18%|█▊        | 1841/10000 [00:42<03:28, 39.09it/s, acc=0.300, device=mps, eta=3m10s, loss=2.0070, sps=43.2]
BC[stage1_datasets_L40_stepsweep/bc_baseline_none_steps10000_tr2]:  18%|█▊        | 1848/10000 [00:42<03:03, 44.32it/s, acc=0.300, device=mps, eta=3m10s, loss=2.0070, sps=43.2]
BC[stage1_datasets_L40_stepsweep/bc_baseline_none_steps10000_tr2]:  19%|█▊        | 1855/10000 [00:42<02:47, 48.63it/s, acc=0.300, device=mps, eta=3m10s, loss=2.0070, sps=43.2]
BC[stage1_datasets_L40_stepsweep/bc_baseline_none_steps10000_tr2]:  19%|█▊        | 1861/10000 [00:43<03:18, 41.01it/s, acc=0.300, device=mps, eta=3m10s, loss=2.0070, sps=43.2]
BC[stage1_datasets_L40_stepsweep/bc_baseline_none_steps10000_tr2]:  19%|█▊        | 1868/10000 [00:43<02:52, 47.02it/s, acc=0.300, device=mps, eta=3m10s, loss=2.0070, sps=43.2]
BC[stage1_datasets_L40_stepsweep/bc_baseline_none_steps10000_tr2]:  19%|█▉        | 1875/10000 [00:43<02:40, 50.68it/s, acc=0.300, device=mps, eta=3m10s, loss=2.0070, sps=43.2]
BC[stage1_datasets_L40_stepsweep/bc_baseline_none_steps10000_tr2]:  19%|█▉        | 1881/10000 [00:43<03:10, 42.70it/s, acc=0.300, device=mps, eta=3m10s, loss=2.0070, sps=43.2]
BC[stage1_datasets_L40_stepsweep/bc_baseline_none_steps10000_tr2]:  19%|█▉        | 1887/10000 [00:43<02:55, 46.14it/s, acc=0.300, device=mps, eta=3m10s, loss=2.0070, sps=43.2]
BC[stage1_datasets_L40_stepsweep/bc_baseline_none_steps10000_tr2]:  19%|█▉        | 1893/10000 [00:43<02:47, 48.35it/s, acc=0.300, device=mps, eta=3m10s, loss=2.0070, sps=43.2]
BC[stage1_datasets_L40_stepsweep/bc_baseline_none_steps10000_tr2]:  19%|█▉        | 1900/10000 [00:43<02:33, 52.82it/s, acc=0.300, device=mps, eta=3m10s, loss=2.0070, sps=43.2]
BC[stage1_datasets_L40_stepsweep/bc_baseline_none_steps10000_tr2]:  19%|█▉        | 1906/10000 [00:44<03:07, 43.13it/s, acc=0.300, device=mps, eta=3m10s, loss=2.0070, sps=43.2]
BC[stage1_datasets_L40_stepsweep/bc_baseline_none_steps10000_tr2]:  19%|█▉        | 1913/10000 [00:44<02:49, 47.63it/s, acc=0.300, device=mps, eta=3m10s, loss=2.0070, sps=43.2]
BC[stage1_datasets_L40_stepsweep/bc_baseline_none_steps10000_tr2]:  19%|█▉        | 1920/10000 [00:44<02:35, 52.11it/s, acc=0.300, device=mps, eta=3m10s, loss=2.0070, sps=43.2]
BC[stage1_datasets_L40_stepsweep/bc_baseline_none_steps10000_tr2]:  19%|█▉        | 1926/10000 [00:44<03:15, 41.31it/s, acc=0.300, device=mps, eta=3m10s, loss=2.0070, sps=43.2]
BC[stage1_datasets_L40_stepsweep/bc_baseline_none_steps10000_tr2]:  19%|█▉        | 1932/10000 [00:44<03:03, 43.99it/s, acc=0.300, device=mps, eta=3m10s, loss=2.0070, sps=43.2]
BC[stage1_datasets_L40_stepsweep/bc_baseline_none_steps10000_tr2]:  19%|█▉        | 1939/10000 [00:44<02:46, 48.41it/s, acc=0.300, device=mps, eta=3m10s, loss=2.0070, sps=43.2]
BC[stage1_datasets_L40_stepsweep/bc_baseline_none_steps10000_tr2]:  19%|█▉        | 1945/10000 [00:44<03:19, 40.46it/s, acc=0.300, device=mps, eta=3m10s, loss=2.0070, sps=43.2]
BC[stage1_datasets_L40_stepsweep/bc_baseline_none_steps10000_tr2]:  20%|█▉        | 1951/10000 [00:45<03:03, 43.85it/s, acc=0.300, device=mps, eta=3m10s, loss=2.0070, sps=43.2]
BC[stage1_datasets_L40_stepsweep/bc_baseline_none_steps10000_tr2]:  20%|█▉        | 1957/10000 [00:45<02:49, 47.46it/s, acc=0.300, device=mps, eta=3m10s, loss=2.0070, sps=43.2]
BC[stage1_datasets_L40_stepsweep/bc_baseline_none_steps10000_tr2]:  20%|█▉        | 1963/10000 [00:45<03:19, 40.28it/s, acc=0.300, device=mps, eta=3m10s, loss=2.0070, sps=43.2]
BC[stage1_datasets_L40_stepsweep/bc_baseline_none_steps10000_tr2]:  20%|█▉        | 1969/10000 [00:45<03:03, 43.72it/s, acc=0.300, device=mps, eta=3m10s, loss=2.0070, sps=43.2]
BC[stage1_datasets_L40_stepsweep/bc_baseline_none_steps10000_tr2]:  20%|█▉        | 1975/10000 [00:45<02:49, 47.44it/s, acc=0.300, device=mps, eta=3m10s, loss=2.0070, sps=43.2]
BC[stage1_datasets_L40_stepsweep/bc_baseline_none_steps10000_tr2]:  20%|█▉        | 1981/10000 [00:45<03:18, 40.45it/s, acc=0.300, device=mps, eta=3m10s, loss=2.0070, sps=43.2]
BC[stage1_datasets_L40_stepsweep/bc_baseline_none_steps10000_tr2]:  20%|█▉        | 1987/10000 [00:45<03:00, 44.40it/s, acc=0.300, device=mps, eta=3m10s, loss=2.0070, sps=43.2]
BC[stage1_datasets_L40_stepsweep/bc_baseline_none_steps10000_tr2]:  20%|█▉        | 1993/10000 [00:45<02:46, 48.03it/s, acc=0.300, device=mps, eta=3m10s, loss=2.0070, sps=43.2]
BC[stage1_datasets_L40_stepsweep/bc_baseline_none_steps10000_tr2]:  20%|█▉        | 1993/10000 [00:46<02:46, 48.03it/s, acc=0.302, device=mps, eta=3m04s, loss=2.0064, sps=43.4]
BC[stage1_datasets_L40_stepsweep/bc_baseline_none_steps10000_tr2]:  20%|██        | 2000/10000 [00:46<02:32, 52.48it/s, acc=0.302, device=mps, eta=3m04s, loss=2.0064, sps=43.4]
BC[stage1_datasets_L40_stepsweep/bc_baseline_none_steps10000_tr2]:  20%|██        | 2006/10000 [00:46<03:14, 41.18it/s, acc=0.302, device=mps, eta=3m04s, loss=2.0064, sps=43.4]
BC[stage1_datasets_L40_stepsweep/bc_baseline_none_steps10000_tr2]:  20%|██        | 2011/10000 [00:46<03:07, 42.59it/s, acc=0.302, device=mps, eta=3m04s, loss=2.0064, sps=43.4]
BC[stage1_datasets_L40_stepsweep/bc_baseline_none_steps10000_tr2]:  20%|██        | 2017/10000 [00:46<02:52, 46.31it/s, acc=0.302, device=mps, eta=3m04s, loss=2.0064, sps=43.4]
BC[stage1_datasets_L40_stepsweep/bc_baseline_none_steps10000_tr2]:  20%|██        | 2023/10000 [00:46<03:21, 39.57it/s, acc=0.302, device=mps, eta=3m04s, loss=2.0064, sps=43.4]
BC[stage1_datasets_L40_stepsweep/bc_baseline_none_steps10000_tr2]:  20%|██        | 2029/10000 [00:46<03:01, 43.87it/s, acc=0.302, device=mps, eta=3m04s, loss=2.0064, sps=43.4]
BC[stage1_datasets_L40_stepsweep/bc_baseline_none_steps10000_tr2]:  20%|██        | 2036/10000 [00:46<02:44, 48.37it/s, acc=0.302, device=mps, eta=3m04s, loss=2.0064, sps=43.4]
BC[stage1_datasets_L40_stepsweep/bc_baseline_none_steps10000_tr2]:  20%|██        | 2042/10000 [00:47<03:13, 41.18it/s, acc=0.302, device=mps, eta=3m04s, loss=2.0064, sps=43.4]
BC[stage1_datasets_L40_stepsweep/bc_baseline_none_steps10000_tr2]:  20%|██        | 2048/10000 [00:47<02:57, 44.73it/s, acc=0.302, device=mps, eta=3m04s, loss=2.0064, sps=43.4]
BC[stage1_datasets_L40_stepsweep/bc_baseline_none_steps10000_tr2]:  21%|██        | 2055/10000 [00:47<02:41, 49.15it/s, acc=0.302, device=mps, eta=3m04s, loss=2.0064, sps=43.4]
BC[stage1_datasets_L40_stepsweep/bc_baseline_none_steps10000_tr2]:  21%|██        | 2061/10000 [00:47<03:13, 40.97it/s, acc=0.302, device=mps, eta=3m04s, loss=2.0064, sps=43.4]
BC[stage1_datasets_L40_stepsweep/bc_baseline_none_steps10000_tr2]:  21%|██        | 2067/10000 [00:47<02:59, 44.23it/s, acc=0.302, device=mps, eta=3m04s, loss=2.0064, sps=43.4]
BC[stage1_datasets_L40_stepsweep/bc_baseline_none_steps10000_tr2]:  21%|██        | 2073/10000 [00:47<02:48, 47.03it/s, acc=0.302, device=mps, eta=3m04s, loss=2.0064, sps=43.4]
BC[stage1_datasets_L40_stepsweep/bc_baseline_none_steps10000_tr2]:  21%|██        | 2079/10000 [00:47<02:38, 49.92it/s, acc=0.302, device=mps, eta=3m04s, loss=2.0064, sps=43.4]
BC[stage1_datasets_L40_stepsweep/bc_baseline_none_steps10000_tr2]:  21%|██        | 2085/10000 [00:48<03:12, 41.04it/s, acc=0.302, device=mps, eta=3m04s, loss=2.0064, sps=43.4]
BC[stage1_datasets_L40_stepsweep/bc_baseline_none_steps10000_tr2]:  21%|██        | 2091/10000 [00:48<02:54, 45.29it/s, acc=0.302, device=mps, eta=3m04s, loss=2.0064, sps=43.4]
BC[stage1_datasets_L40_stepsweep/bc_baseline_none_steps10000_tr2]:  21%|██        | 2098/10000 [00:48<02:40, 49.35it/s, acc=0.302, device=mps, eta=3m04s, loss=2.0064, sps=43.4]
BC[stage1_datasets_L40_stepsweep/bc_baseline_none_steps10000_tr2]:  21%|██        | 2104/10000 [00:48<03:10, 41.40it/s, acc=0.302, device=mps, eta=3m04s, loss=2.0064, sps=43.4]
BC[stage1_datasets_L40_stepsweep/bc_baseline_none_steps10000_tr2]:  21%|██        | 2109/10000 [00:48<03:02, 43.29it/s, acc=0.302, device=mps, eta=3m04s, loss=2.0064, sps=43.4]
BC[stage1_datasets_L40_stepsweep/bc_baseline_none_steps10000_tr2]:  21%|██        | 2115/10000 [00:48<02:50, 46.25it/s, acc=0.302, device=mps, eta=3m04s, loss=2.0064, sps=43.4]
BC[stage1_datasets_L40_stepsweep/bc_baseline_none_steps10000_tr2]:  21%|██        | 2121/10000 [00:48<03:23, 38.77it/s, acc=0.302, device=mps, eta=3m04s, loss=2.0064, sps=43.4]
BC[stage1_datasets_L40_stepsweep/bc_baseline_none_steps10000_tr2]:  21%|██▏       | 2127/10000 [00:49<03:04, 42.61it/s, acc=0.302, device=mps, eta=3m04s, loss=2.0064, sps=43.4]
BC[stage1_datasets_L40_stepsweep/bc_baseline_none_steps10000_tr2]:  21%|██▏       | 2133/10000 [00:49<02:49, 46.44it/s, acc=0.302, device=mps, eta=3m04s, loss=2.0064, sps=43.4]
BC[stage1_datasets_L40_stepsweep/bc_baseline_none_steps10000_tr2]:  21%|██▏       | 2140/10000 [00:49<02:33, 51.18it/s, acc=0.302, device=mps, eta=3m04s, loss=2.0064, sps=43.4]
BC[stage1_datasets_L40_stepsweep/bc_baseline_none_steps10000_tr2]:  21%|██▏       | 2146/10000 [00:49<03:15, 40.19it/s, acc=0.302, device=mps, eta=3m04s, loss=2.0064, sps=43.4]
BC[stage1_datasets_L40_stepsweep/bc_baseline_none_steps10000_tr2]:  22%|██▏       | 2152/10000 [00:49<03:02, 43.02it/s, acc=0.302, device=mps, eta=3m04s, loss=2.0064, sps=43.4]
BC[stage1_datasets_L40_stepsweep/bc_baseline_none_steps10000_tr2]:  22%|██▏       | 2158/10000 [00:49<02:50, 46.00it/s, acc=0.302, device=mps, eta=3m04s, loss=2.0064, sps=43.4]
BC[stage1_datasets_L40_stepsweep/bc_baseline_none_steps10000_tr2]:  22%|██▏       | 2163/10000 [00:49<03:23, 38.47it/s, acc=0.302, device=mps, eta=3m04s, loss=2.0064, sps=43.4]
BC[stage1_datasets_L40_stepsweep/bc_baseline_none_steps10000_tr2]:  22%|██▏       | 2169/10000 [00:50<03:07, 41.72it/s, acc=0.302, device=mps, eta=3m04s, loss=2.0064, sps=43.4]
BC[stage1_datasets_L40_stepsweep/bc_baseline_none_steps10000_tr2]:  22%|██▏       | 2175/10000 [00:50<02:54, 44.97it/s, acc=0.302, device=mps, eta=3m04s, loss=2.0064, sps=43.4]
BC[stage1_datasets_L40_stepsweep/bc_baseline_none_steps10000_tr2]:  22%|██▏       | 2181/10000 [00:50<03:22, 38.68it/s, acc=0.302, device=mps, eta=3m04s, loss=2.0064, sps=43.4]
BC[stage1_datasets_L40_stepsweep/bc_baseline_none_steps10000_tr2]:  22%|██▏       | 2187/10000 [00:50<03:00, 43.30it/s, acc=0.302, device=mps, eta=3m04s, loss=2.0064, sps=43.4]
BC[stage1_datasets_L40_stepsweep/bc_baseline_none_steps10000_tr2]:  22%|██▏       | 2193/10000 [00:50<02:45, 47.05it/s, acc=0.302, device=mps, eta=3m04s, loss=2.0064, sps=43.4]
BC[stage1_datasets_L40_stepsweep/bc_baseline_none_steps10000_tr2]:  22%|██▏       | 2199/10000 [00:50<02:37, 49.52it/s, acc=0.302, device=mps, eta=3m04s, loss=2.0064, sps=43.4]
BC[stage1_datasets_L40_stepsweep/bc_baseline_none_steps10000_tr2]:  22%|██▏       | 2199/10000 [00:50<02:37, 49.52it/s, acc=0.301, device=mps, eta=3m00s, loss=2.0070, sps=43.4]
BC[stage1_datasets_L40_stepsweep/bc_baseline_none_steps10000_tr2]:  22%|██▏       | 2205/10000 [00:50<03:14, 40.08it/s, acc=0.301, device=mps, eta=3m00s, loss=2.0070, sps=43.4]
BC[stage1_datasets_L40_stepsweep/bc_baseline_none_steps10000_tr2]:  22%|██▏       | 2210/10000 [00:50<03:05, 42.10it/s, acc=0.301, device=mps, eta=3m00s, loss=2.0070, sps=43.4]
BC[stage1_datasets_L40_stepsweep/bc_baseline_none_steps10000_tr2]:  22%|██▏       | 2216/10000 [00:51<02:47, 46.34it/s, acc=0.301, device=mps, eta=3m00s, loss=2.0070, sps=43.4]
BC[stage1_datasets_L40_stepsweep/bc_baseline_none_steps10000_tr2]:  22%|██▏       | 2222/10000 [00:51<03:15, 39.87it/s, acc=0.301, device=mps, eta=3m00s, loss=2.0070, sps=43.4]
BC[stage1_datasets_L40_stepsweep/bc_baseline_none_steps10000_tr2]:  22%|██▏       | 2229/10000 [00:51<02:50, 45.61it/s, acc=0.301, device=mps, eta=3m00s, loss=2.0070, sps=43.4]
BC[stage1_datasets_L40_stepsweep/bc_baseline_none_steps10000_tr2]:  22%|██▏       | 2236/10000 [00:51<02:36, 49.76it/s, acc=0.301, device=mps, eta=3m00s, loss=2.0070, sps=43.4]
BC[stage1_datasets_L40_stepsweep/bc_baseline_none_steps10000_tr2]:  22%|██▏       | 2242/10000 [00:51<03:05, 41.73it/s, acc=0.301, device=mps, eta=3m00s, loss=2.0070, sps=43.4]
BC[stage1_datasets_L40_stepsweep/bc_baseline_none_steps10000_tr2]:  22%|██▏       | 2248/10000 [00:51<02:53, 44.62it/s, acc=0.301, device=mps, eta=3m00s, loss=2.0070, sps=43.4]
BC[stage1_datasets_L40_stepsweep/bc_baseline_none_steps10000_tr2]:  23%|██▎       | 2255/10000 [00:51<02:38, 48.94it/s, acc=0.301, device=mps, eta=3m00s, loss=2.0070, sps=43.4]
BC[stage1_datasets_L40_stepsweep/bc_baseline_none_steps10000_tr2]:  23%|██▎       | 2261/10000 [00:52<03:04, 41.90it/s, acc=0.301, device=mps, eta=3m00s, loss=2.0070, sps=43.4]
BC[stage1_datasets_L40_stepsweep/bc_baseline_none_steps10000_tr2]:  23%|██▎       | 2268/10000 [00:52<02:46, 46.53it/s, acc=0.301, device=mps, eta=3m00s, loss=2.0070, sps=43.4]
BC[stage1_datasets_L40_stepsweep/bc_baseline_none_steps10000_tr2]:  23%|██▎       | 2274/10000 [00:52<02:36, 49.49it/s, acc=0.301, device=mps, eta=3m00s, loss=2.0070, sps=43.4]
BC[stage1_datasets_L40_stepsweep/bc_baseline_none_steps10000_tr2]:  23%|██▎       | 2281/10000 [00:52<03:07, 41.19it/s, acc=0.301, device=mps, eta=3m00s, loss=2.0070, sps=43.4]
BC[stage1_datasets_L40_stepsweep/bc_baseline_none_steps10000_tr2]:  23%|██▎       | 2287/10000 [00:52<02:55, 44.06it/s, acc=0.301, device=mps, eta=3m00s, loss=2.0070, sps=43.4]
BC[stage1_datasets_L40_stepsweep/bc_baseline_none_steps10000_tr2]:  23%|██▎       | 2293/10000 [00:52<02:45, 46.44it/s, acc=0.301, device=mps, eta=3m00s, loss=2.0070, sps=43.4]
BC[stage1_datasets_L40_stepsweep/bc_baseline_none_steps10000_tr2]:  23%|██▎       | 2299/10000 [00:52<02:36, 49.24it/s, acc=0.301, device=mps, eta=3m00s, loss=2.0070, sps=43.4]
BC[stage1_datasets_L40_stepsweep/bc_baseline_none_steps10000_tr2]:  23%|██▎       | 2305/10000 [00:53<03:07, 40.94it/s, acc=0.301, device=mps, eta=3m00s, loss=2.0070, sps=43.4]
BC[stage1_datasets_L40_stepsweep/bc_baseline_none_steps10000_tr2]:  23%|██▎       | 2310/10000 [00:53<02:59, 42.74it/s, acc=0.301, device=mps, eta=3m00s, loss=2.0070, sps=43.4]
BC[stage1_datasets_L40_stepsweep/bc_baseline_none_steps10000_tr2]:  23%|██▎       | 2316/10000 [00:53<02:47, 45.75it/s, acc=0.301, device=mps, eta=3m00s, loss=2.0070, sps=43.4]
BC[stage1_datasets_L40_stepsweep/bc_baseline_none_steps10000_tr2]:  23%|██▎       | 2321/10000 [00:53<03:20, 38.37it/s, acc=0.301, device=mps, eta=3m00s, loss=2.0070, sps=43.4]
BC[stage1_datasets_L40_stepsweep/bc_baseline_none_steps10000_tr2]:  23%|██▎       | 2327/10000 [00:53<03:02, 41.98it/s, acc=0.301, device=mps, eta=3m00s, loss=2.0070, sps=43.4]
BC[stage1_datasets_L40_stepsweep/bc_baseline_none_steps10000_tr2]:  23%|██▎       | 2334/10000 [00:53<02:42, 47.31it/s, acc=0.301, device=mps, eta=3m00s, loss=2.0070, sps=43.4]
BC[stage1_datasets_L40_stepsweep/bc_baseline_none_steps10000_tr2]:  23%|██▎       | 2341/10000 [00:53<03:03, 41.85it/s, acc=0.301, device=mps, eta=3m00s, loss=2.0070, sps=43.4]
BC[stage1_datasets_L40_stepsweep/bc_baseline_none_steps10000_tr2]:  23%|██▎       | 2348/10000 [00:54<02:43, 46.91it/s, acc=0.301, device=mps, eta=3m00s, loss=2.0070, sps=43.4]
BC[stage1_datasets_L40_stepsweep/bc_baseline_none_steps10000_tr2]:  24%|██▎       | 2355/10000 [00:54<02:30, 50.96it/s, acc=0.301, device=mps, eta=3m00s, loss=2.0070, sps=43.4]
BC[stage1_datasets_L40_stepsweep/bc_baseline_none_steps10000_tr2]:  24%|██▎       | 2361/10000 [00:54<03:00, 42.43it/s, acc=0.301, device=mps, eta=3m00s, loss=2.0070, sps=43.4]
BC[stage1_datasets_L40_stepsweep/bc_baseline_none_steps10000_tr2]:  24%|██▎       | 2367/10000 [00:54<02:46, 45.76it/s, acc=0.301, device=mps, eta=3m00s, loss=2.0070, sps=43.4]
BC[stage1_datasets_L40_stepsweep/bc_baseline_none_steps10000_tr2]:  24%|██▎       | 2373/10000 [00:54<02:37, 48.39it/s, acc=0.301, device=mps, eta=3m00s, loss=2.0070, sps=43.4]
BC[stage1_datasets_L40_stepsweep/bc_baseline_none_steps10000_tr2]:  24%|██▍       | 2379/10000 [00:54<02:30, 50.68it/s, acc=0.301, device=mps, eta=3m00s, loss=2.0070, sps=43.4]
BC[stage1_datasets_L40_stepsweep/bc_baseline_none_steps10000_tr2]:  24%|██▍       | 2385/10000 [00:54<03:03, 41.40it/s, acc=0.301, device=mps, eta=3m00s, loss=2.0070, sps=43.4]
BC[stage1_datasets_L40_stepsweep/bc_baseline_none_steps10000_tr2]:  24%|██▍       | 2390/10000 [00:54<02:58, 42.57it/s, acc=0.301, device=mps, eta=3m00s, loss=2.0070, sps=43.4]
BC[stage1_datasets_L40_stepsweep/bc_baseline_none_steps10000_tr2]:  24%|██▍       | 2396/10000 [00:55<02:46, 45.57it/s, acc=0.301, device=mps, eta=3m00s, loss=2.0070, sps=43.4]
BC[stage1_datasets_L40_stepsweep/bc_baseline_none_steps10000_tr2]:  24%|██▍       | 2396/10000 [00:55<02:46, 45.57it/s, acc=0.302, device=mps, eta=2m55s, loss=2.0038, sps=43.5]
BC[stage1_datasets_L40_stepsweep/bc_baseline_none_steps10000_tr2]:  24%|██▍       | 2401/10000 [00:55<03:21, 37.79it/s, acc=0.302, device=mps, eta=2m55s, loss=2.0038, sps=43.5]
BC[stage1_datasets_L40_stepsweep/bc_baseline_none_steps10000_tr2]:  24%|██▍       | 2408/10000 [00:55<02:52, 44.07it/s, acc=0.302, device=mps, eta=2m55s, loss=2.0038, sps=43.5]
BC[stage1_datasets_L40_stepsweep/bc_baseline_none_steps10000_tr2]:  24%|██▍       | 2415/10000 [00:55<02:31, 50.18it/s, acc=0.302, device=mps, eta=2m55s, loss=2.0038, sps=43.5]
BC[stage1_datasets_L40_stepsweep/bc_baseline_none_steps10000_tr2]:  24%|██▍       | 2421/10000 [00:55<02:56, 43.05it/s, acc=0.302, device=mps, eta=2m55s, loss=2.0038, sps=43.5]
BC[stage1_datasets_L40_stepsweep/bc_baseline_none_steps10000_tr2]:  24%|██▍       | 2428/10000 [00:55<02:38, 47.92it/s, acc=0.302, device=mps, eta=2m55s, loss=2.0038, sps=43.5]
BC[stage1_datasets_L40_stepsweep/bc_baseline_none_steps10000_tr2]:  24%|██▍       | 2435/10000 [00:55<02:24, 52.39it/s, acc=0.302, device=mps, eta=2m55s, loss=2.0038, sps=43.5]
BC[stage1_datasets_L40_stepsweep/bc_baseline_none_steps10000_tr2]:  24%|██▍       | 2441/10000 [00:56<02:54, 43.37it/s, acc=0.302, device=mps, eta=2m55s, loss=2.0038, sps=43.5]
BC[stage1_datasets_L40_stepsweep/bc_baseline_none_steps10000_tr2]:  24%|██▍       | 2448/10000 [00:56<02:37, 47.88it/s, acc=0.302, device=mps, eta=2m55s, loss=2.0038, sps=43.5]
BC[stage1_datasets_L40_stepsweep/bc_baseline_none_steps10000_tr2]:  25%|██▍       | 2455/10000 [00:56<02:27, 51.31it/s, acc=0.302, device=mps, eta=2m55s, loss=2.0038, sps=43.5]
BC[stage1_datasets_L40_stepsweep/bc_baseline_none_steps10000_tr2]:  25%|██▍       | 2461/10000 [00:56<02:54, 43.10it/s, acc=0.302, device=mps, eta=2m55s, loss=2.0038, sps=43.5]
BC[stage1_datasets_L40_stepsweep/bc_baseline_none_steps10000_tr2]:  25%|██▍       | 2467/10000 [00:56<02:42, 46.22it/s, acc=0.302, device=mps, eta=2m55s, loss=2.0038, sps=43.5]
BC[stage1_datasets_L40_stepsweep/bc_baseline_none_steps10000_tr2]:  25%|██▍       | 2474/10000 [00:56<02:28, 50.63it/s, acc=0.302, device=mps, eta=2m55s, loss=2.0038, sps=43.5]
BC[stage1_datasets_L40_stepsweep/bc_baseline_none_steps10000_tr2]:  25%|██▍       | 2481/10000 [00:56<02:50, 44.18it/s, acc=0.302, device=mps, eta=2m55s, loss=2.0038, sps=43.5]
BC[stage1_datasets_L40_stepsweep/bc_baseline_none_steps10000_tr2]:  25%|██▍       | 2488/10000 [00:57<02:33, 48.98it/s, acc=0.302, device=mps, eta=2m55s, loss=2.0038, sps=43.5]
BC[stage1_datasets_L40_stepsweep/bc_baseline_none_steps10000_tr2]:  25%|██▍       | 2495/10000 [00:57<02:22, 52.77it/s, acc=0.302, device=mps, eta=2m55s, loss=2.0038, sps=43.5]
BC[stage1_datasets_L40_stepsweep/bc_baseline_none_steps10000_tr2]:  25%|██▌       | 2501/10000 [00:57<02:50, 44.01it/s, acc=0.302, device=mps, eta=2m55s, loss=2.0038, sps=43.5]
BC[stage1_datasets_L40_stepsweep/bc_baseline_none_steps10000_tr2]:  25%|██▌       | 2507/10000 [00:57<02:39, 46.94it/s, acc=0.302, device=mps, eta=2m55s, loss=2.0038, sps=43.5]
BC[stage1_datasets_L40_stepsweep/bc_baseline_none_steps10000_tr2]:  25%|██▌       | 2514/10000 [00:57<02:26, 51.03it/s, acc=0.302, device=mps, eta=2m55s, loss=2.0038, sps=43.5]
BC[stage1_datasets_L40_stepsweep/bc_baseline_none_steps10000_tr2]:  25%|██▌       | 2521/10000 [00:57<02:52, 43.43it/s, acc=0.302, device=mps, eta=2m55s, loss=2.0038, sps=43.5]
BC[stage1_datasets_L40_stepsweep/bc_baseline_none_steps10000_tr2]:  25%|██▌       | 2528/10000 [00:57<02:36, 47.64it/s, acc=0.302, device=mps, eta=2m55s, loss=2.0038, sps=43.5]
BC[stage1_datasets_L40_stepsweep/bc_baseline_none_steps10000_tr2]:  25%|██▌       | 2534/10000 [00:57<02:29, 49.83it/s, acc=0.302, device=mps, eta=2m55s, loss=2.0038, sps=43.5]
BC[stage1_datasets_L40_stepsweep/bc_baseline_none_steps10000_tr2]:  25%|██▌       | 2541/10000 [00:58<02:57, 41.99it/s, acc=0.302, device=mps, eta=2m55s, loss=2.0038, sps=43.5]
BC[stage1_datasets_L40_stepsweep/bc_baseline_none_steps10000_tr2]:  25%|██▌       | 2547/10000 [00:58<02:43, 45.60it/s, acc=0.302, device=mps, eta=2m55s, loss=2.0038, sps=43.5]
BC[stage1_datasets_L40_stepsweep/bc_baseline_none_steps10000_tr2]:  26%|██▌       | 2553/10000 [00:58<02:34, 48.11it/s, acc=0.302, device=mps, eta=2m55s, loss=2.0038, sps=43.5]
BC[stage1_datasets_L40_stepsweep/bc_baseline_none_steps10000_tr2]:  26%|██▌       | 2559/10000 [00:58<02:26, 50.95it/s, acc=0.302, device=mps, eta=2m55s, loss=2.0038, sps=43.5]
BC[stage1_datasets_L40_stepsweep/bc_baseline_none_steps10000_tr2]:  26%|██▌       | 2565/10000 [00:58<02:58, 41.73it/s, acc=0.302, device=mps, eta=2m55s, loss=2.0038, sps=43.5]
BC[stage1_datasets_L40_stepsweep/bc_baseline_none_steps10000_tr2]:  26%|██▌       | 2571/10000 [00:58<02:47, 44.25it/s, acc=0.302, device=mps, eta=2m55s, loss=2.0038, sps=43.5]
BC[stage1_datasets_L40_stepsweep/bc_baseline_none_steps10000_tr2]:  26%|██▌       | 2578/10000 [00:58<02:32, 48.66it/s, acc=0.302, device=mps, eta=2m55s, loss=2.0038, sps=43.5]
BC[stage1_datasets_L40_stepsweep/bc_baseline_none_steps10000_tr2]:  26%|██▌       | 2584/10000 [00:59<03:04, 40.26it/s, acc=0.302, device=mps, eta=2m55s, loss=2.0038, sps=43.5]
BC[stage1_datasets_L40_stepsweep/bc_baseline_none_steps10000_tr2]:  26%|██▌       | 2590/10000 [00:59<02:47, 44.24it/s, acc=0.302, device=mps, eta=2m55s, loss=2.0038, sps=43.5]
BC[stage1_datasets_L40_stepsweep/bc_baseline_none_steps10000_tr2]:  26%|██▌       | 2597/10000 [00:59<02:31, 48.72it/s, acc=0.302, device=mps, eta=2m55s, loss=2.0038, sps=43.5]
BC[stage1_datasets_L40_stepsweep/bc_baseline_none_steps10000_tr2]:  26%|██▌       | 2597/10000 [00:59<02:31, 48.72it/s, acc=0.302, device=mps, eta=2m49s, loss=2.0016, sps=43.7]
BC[stage1_datasets_L40_stepsweep/bc_baseline_none_steps10000_tr2]:  26%|██▌       | 2603/10000 [00:59<03:00, 40.95it/s, acc=0.302, device=mps, eta=2m49s, loss=2.0016, sps=43.7]
BC[stage1_datasets_L40_stepsweep/bc_baseline_none_steps10000_tr2]:  26%|██▌       | 2609/10000 [00:59<02:48, 43.89it/s, acc=0.302, device=mps, eta=2m49s, loss=2.0016, sps=43.7]
BC[stage1_datasets_L40_stepsweep/bc_baseline_none_steps10000_tr2]:  26%|██▌       | 2616/10000 [00:59<02:32, 48.28it/s, acc=0.302, device=mps, eta=2m49s, loss=2.0016, sps=43.7]
BC[stage1_datasets_L40_stepsweep/bc_baseline_none_steps10000_tr2]:  26%|██▌       | 2622/10000 [01:00<02:58, 41.25it/s, acc=0.302, device=mps, eta=2m49s, loss=2.0016, sps=43.7]
BC[stage1_datasets_L40_stepsweep/bc_baseline_none_steps10000_tr2]:  26%|██▋       | 2628/10000 [01:00<02:43, 45.17it/s, acc=0.302, device=mps, eta=2m49s, loss=2.0016, sps=43.7]
BC[stage1_datasets_L40_stepsweep/bc_baseline_none_steps10000_tr2]:  26%|██▋       | 2635/10000 [01:00<02:26, 50.36it/s, acc=0.302, device=mps, eta=2m49s, loss=2.0016, sps=43.7]
BC[stage1_datasets_L40_stepsweep/bc_baseline_none_steps10000_tr2]:  26%|██▋       | 2641/10000 [01:00<02:51, 42.80it/s, acc=0.302, device=mps, eta=2m49s, loss=2.0016, sps=43.7]
BC[stage1_datasets_L40_stepsweep/bc_baseline_none_steps10000_tr2]:  26%|██▋       | 2648/10000 [01:00<02:32, 48.12it/s, acc=0.302, device=mps, eta=2m49s, loss=2.0016, sps=43.7]
BC[stage1_datasets_L40_stepsweep/bc_baseline_none_steps10000_tr2]:  27%|██▋       | 2655/10000 [01:00<02:18, 53.00it/s, acc=0.302, device=mps, eta=2m49s, loss=2.0016, sps=43.7]
BC[stage1_datasets_L40_stepsweep/bc_baseline_none_steps10000_tr2]:  27%|██▋       | 2661/10000 [01:00<02:44, 44.49it/s, acc=0.302, device=mps, eta=2m49s, loss=2.0016, sps=43.7]
BC[stage1_datasets_L40_stepsweep/bc_baseline_none_steps10000_tr2]:  27%|██▋       | 2667/10000 [01:00<02:33, 47.62it/s, acc=0.302, device=mps, eta=2m49s, loss=2.0016, sps=43.7]
BC[stage1_datasets_L40_stepsweep/bc_baseline_none_steps10000_tr2]:  27%|██▋       | 2674/10000 [01:01<02:22, 51.33it/s, acc=0.302, device=mps, eta=2m49s, loss=2.0016, sps=43.7]
BC[stage1_datasets_L40_stepsweep/bc_baseline_none_steps10000_tr2]:  27%|██▋       | 2681/10000 [01:01<02:47, 43.62it/s, acc=0.302, device=mps, eta=2m49s, loss=2.0016, sps=43.7]
BC[stage1_datasets_L40_stepsweep/bc_baseline_none_steps10000_tr2]:  27%|██▋       | 2687/10000 [01:01<02:37, 46.46it/s, acc=0.302, device=mps, eta=2m49s, loss=2.0016, sps=43.7]
BC[stage1_datasets_L40_stepsweep/bc_baseline_none_steps10000_tr2]:  27%|██▋       | 2693/10000 [01:01<02:27, 49.43it/s, acc=0.302, device=mps, eta=2m49s, loss=2.0016, sps=43.7]
BC[stage1_datasets_L40_stepsweep/bc_baseline_none_steps10000_tr2]:  27%|██▋       | 2699/10000 [01:01<02:21, 51.73it/s, acc=0.302, device=mps, eta=2m49s, loss=2.0016, sps=43.7]
BC[stage1_datasets_L40_stepsweep/bc_baseline_none_steps10000_tr2]:  27%|██▋       | 2705/10000 [01:01<02:55, 41.68it/s, acc=0.302, device=mps, eta=2m49s, loss=2.0016, sps=43.7]
BC[stage1_datasets_L40_stepsweep/bc_baseline_none_steps10000_tr2]:  27%|██▋       | 2711/10000 [01:01<02:43, 44.70it/s, acc=0.302, device=mps, eta=2m49s, loss=2.0016, sps=43.7]
BC[stage1_datasets_L40_stepsweep/bc_baseline_none_steps10000_tr2]:  27%|██▋       | 2717/10000 [01:02<02:32, 47.86it/s, acc=0.302, device=mps, eta=2m49s, loss=2.0016, sps=43.7]
BC[stage1_datasets_L40_stepsweep/bc_baseline_none_steps10000_tr2]:  27%|██▋       | 2723/10000 [01:02<02:59, 40.60it/s, acc=0.302, device=mps, eta=2m49s, loss=2.0016, sps=43.7]
BC[stage1_datasets_L40_stepsweep/bc_baseline_none_steps10000_tr2]:  27%|██▋       | 2730/10000 [01:02<02:37, 46.28it/s, acc=0.302, device=mps, eta=2m49s, loss=2.0016, sps=43.7]
BC[stage1_datasets_L40_stepsweep/bc_baseline_none_steps10000_tr2]:  27%|██▋       | 2737/10000 [01:02<02:21, 51.43it/s, acc=0.302, device=mps, eta=2m49s, loss=2.0016, sps=43.7]
BC[stage1_datasets_L40_stepsweep/bc_baseline_none_steps10000_tr2]:  27%|██▋       | 2743/10000 [01:02<02:47, 43.26it/s, acc=0.302, device=mps, eta=2m49s, loss=2.0016, sps=43.7]
BC[stage1_datasets_L40_stepsweep/bc_baseline_none_steps10000_tr2]:  27%|██▋       | 2749/10000 [01:02<02:36, 46.30it/s, acc=0.302, device=mps, eta=2m49s, loss=2.0016, sps=43.7]
BC[stage1_datasets_L40_stepsweep/bc_baseline_none_steps10000_tr2]:  28%|██▊       | 2756/10000 [01:02<02:24, 50.19it/s, acc=0.302, device=mps, eta=2m49s, loss=2.0016, sps=43.7]
BC[stage1_datasets_L40_stepsweep/bc_baseline_none_steps10000_tr2]:  28%|██▊       | 2762/10000 [01:03<02:52, 41.96it/s, acc=0.302, device=mps, eta=2m49s, loss=2.0016, sps=43.7]
BC[stage1_datasets_L40_stepsweep/bc_baseline_none_steps10000_tr2]:  28%|██▊       | 2768/10000 [01:03<02:37, 45.80it/s, acc=0.302, device=mps, eta=2m49s, loss=2.0016, sps=43.7]
BC[stage1_datasets_L40_stepsweep/bc_baseline_none_steps10000_tr2]:  28%|██▊       | 2775/10000 [01:03<02:23, 50.36it/s, acc=0.302, device=mps, eta=2m49s, loss=2.0016, sps=43.7]
BC[stage1_datasets_L40_stepsweep/bc_baseline_none_steps10000_tr2]:  28%|██▊       | 2781/10000 [01:03<02:50, 42.44it/s, acc=0.302, device=mps, eta=2m49s, loss=2.0016, sps=43.7]
BC[stage1_datasets_L40_stepsweep/bc_baseline_none_steps10000_tr2]:  28%|██▊       | 2787/10000 [01:03<02:36, 45.96it/s, acc=0.302, device=mps, eta=2m49s, loss=2.0016, sps=43.7]
BC[stage1_datasets_L40_stepsweep/bc_baseline_none_steps10000_tr2]:  28%|██▊       | 2794/10000 [01:03<02:23, 50.35it/s, acc=0.302, device=mps, eta=2m49s, loss=2.0016, sps=43.7]
BC[stage1_datasets_L40_stepsweep/bc_baseline_none_steps10000_tr2]:  28%|██▊       | 2794/10000 [01:03<02:23, 50.35it/s, acc=0.300, device=mps, eta=2m44s, loss=2.0066, sps=43.9]
BC[stage1_datasets_L40_stepsweep/bc_baseline_none_steps10000_tr2]:  28%|██▊       | 2801/10000 [01:03<02:45, 43.57it/s, acc=0.300, device=mps, eta=2m44s, loss=2.0066, sps=43.9]
BC[stage1_datasets_L40_stepsweep/bc_baseline_none_steps10000_tr2]:  28%|██▊       | 2807/10000 [01:03<02:32, 47.06it/s, acc=0.300, device=mps, eta=2m44s, loss=2.0066, sps=43.9]
BC[stage1_datasets_L40_stepsweep/bc_baseline_none_steps10000_tr2]:  28%|██▊       | 2814/10000 [01:04<02:21, 50.92it/s, acc=0.300, device=mps, eta=2m44s, loss=2.0066, sps=43.9]
BC[stage1_datasets_L40_stepsweep/bc_baseline_none_steps10000_tr2]:  28%|██▊       | 2821/10000 [01:04<02:43, 43.85it/s, acc=0.300, device=mps, eta=2m44s, loss=2.0066, sps=43.9]
BC[stage1_datasets_L40_stepsweep/bc_baseline_none_steps10000_tr2]:  28%|██▊       | 2827/10000 [01:04<02:32, 46.90it/s, acc=0.300, device=mps, eta=2m44s, loss=2.0066, sps=43.9]
BC[stage1_datasets_L40_stepsweep/bc_baseline_none_steps10000_tr2]:  28%|██▊       | 2833/10000 [01:04<02:26, 48.88it/s, acc=0.300, device=mps, eta=2m44s, loss=2.0066, sps=43.9]
BC[stage1_datasets_L40_stepsweep/bc_baseline_none_steps10000_tr2]:  28%|██▊       | 2839/10000 [01:04<02:19, 51.41it/s, acc=0.300, device=mps, eta=2m44s, loss=2.0066, sps=43.9]
BC[stage1_datasets_L40_stepsweep/bc_baseline_none_steps10000_tr2]:  28%|██▊       | 2845/10000 [01:04<02:51, 41.61it/s, acc=0.300, device=mps, eta=2m44s, loss=2.0066, sps=43.9]
BC[stage1_datasets_L40_stepsweep/bc_baseline_none_steps10000_tr2]:  29%|██▊       | 2851/10000 [01:04<02:42, 44.06it/s, acc=0.300, device=mps, eta=2m44s, loss=2.0066, sps=43.9]
BC[stage1_datasets_L40_stepsweep/bc_baseline_none_steps10000_tr2]:  29%|██▊       | 2857/10000 [01:05<02:29, 47.77it/s, acc=0.300, device=mps, eta=2m44s, loss=2.0066, sps=43.9]
BC[stage1_datasets_L40_stepsweep/bc_baseline_none_steps10000_tr2]:  29%|██▊       | 2863/10000 [01:05<02:55, 40.59it/s, acc=0.300, device=mps, eta=2m44s, loss=2.0066, sps=43.9]
BC[stage1_datasets_L40_stepsweep/bc_baseline_none_steps10000_tr2]:  29%|██▊       | 2870/10000 [01:05<02:36, 45.49it/s, acc=0.300, device=mps, eta=2m44s, loss=2.0066, sps=43.9]
BC[stage1_datasets_L40_stepsweep/bc_baseline_none_steps10000_tr2]:  29%|██▉       | 2876/10000 [01:05<02:25, 48.89it/s, acc=0.300, device=mps, eta=2m44s, loss=2.0066, sps=43.9]
BC[stage1_datasets_L40_stepsweep/bc_baseline_none_steps10000_tr2]:  29%|██▉       | 2882/10000 [01:05<02:54, 40.84it/s, acc=0.300, device=mps, eta=2m44s, loss=2.0066, sps=43.9]
BC[stage1_datasets_L40_stepsweep/bc_baseline_none_steps10000_tr2]:  29%|██▉       | 2888/10000 [01:05<02:42, 43.78it/s, acc=0.300, device=mps, eta=2m44s, loss=2.0066, sps=43.9]
BC[stage1_datasets_L40_stepsweep/bc_baseline_none_steps10000_tr2]:  29%|██▉       | 2894/10000 [01:05<02:32, 46.45it/s, acc=0.300, device=mps, eta=2m44s, loss=2.0066, sps=43.9]
BC[stage1_datasets_L40_stepsweep/bc_baseline_none_steps10000_tr2]:  29%|██▉       | 2900/10000 [01:05<02:23, 49.60it/s, acc=0.300, device=mps, eta=2m44s, loss=2.0066, sps=43.9]
BC[stage1_datasets_L40_stepsweep/bc_baseline_none_steps10000_tr2]:  29%|██▉       | 2906/10000 [01:06<02:51, 41.46it/s, acc=0.300, device=mps, eta=2m44s, loss=2.0066, sps=43.9]
BC[stage1_datasets_L40_stepsweep/bc_baseline_none_steps10000_tr2]:  29%|██▉       | 2912/10000 [01:06<02:41, 43.94it/s, acc=0.300, device=mps, eta=2m44s, loss=2.0066, sps=43.9]
BC[stage1_datasets_L40_stepsweep/bc_baseline_none_steps10000_tr2]:  29%|██▉       | 2918/10000 [01:06<02:28, 47.54it/s, acc=0.300, device=mps, eta=2m44s, loss=2.0066, sps=43.9]
BC[stage1_datasets_L40_stepsweep/bc_baseline_none_steps10000_tr2]:  29%|██▉       | 2924/10000 [01:06<02:55, 40.34it/s, acc=0.300, device=mps, eta=2m44s, loss=2.0066, sps=43.9]
BC[stage1_datasets_L40_stepsweep/bc_baseline_none_steps10000_tr2]:  29%|██▉       | 2930/10000 [01:06<02:38, 44.57it/s, acc=0.300, device=mps, eta=2m44s, loss=2.0066, sps=43.9]
BC[stage1_datasets_L40_stepsweep/bc_baseline_none_steps10000_tr2]:  29%|██▉       | 2936/10000 [01:06<02:28, 47.60it/s, acc=0.300, device=mps, eta=2m44s, loss=2.0066, sps=43.9]
BC[stage1_datasets_L40_stepsweep/bc_baseline_none_steps10000_tr2]:  29%|██▉       | 2942/10000 [01:07<03:01, 38.96it/s, acc=0.300, device=mps, eta=2m44s, loss=2.0066, sps=43.9]
BC[stage1_datasets_L40_stepsweep/bc_baseline_none_steps10000_tr2]:  29%|██▉       | 2949/10000 [01:07<02:40, 43.86it/s, acc=0.300, device=mps, eta=2m44s, loss=2.0066, sps=43.9]
BC[stage1_datasets_L40_stepsweep/bc_baseline_none_steps10000_tr2]:  30%|██▉       | 2955/10000 [01:07<02:33, 45.75it/s, acc=0.300, device=mps, eta=2m44s, loss=2.0066, sps=43.9]
BC[stage1_datasets_L40_stepsweep/bc_baseline_none_steps10000_tr2]:  30%|██▉       | 2961/10000 [01:07<02:59, 39.23it/s, acc=0.300, device=mps, eta=2m44s, loss=2.0066, sps=43.9]
BC[stage1_datasets_L40_stepsweep/bc_baseline_none_steps10000_tr2]:  30%|██▉       | 2968/10000 [01:07<02:37, 44.72it/s, acc=0.300, device=mps, eta=2m44s, loss=2.0066, sps=43.9]
BC[stage1_datasets_L40_stepsweep/bc_baseline_none_steps10000_tr2]:  30%|██▉       | 2975/10000 [01:07<02:23, 48.96it/s, acc=0.300, device=mps, eta=2m44s, loss=2.0066, sps=43.9]
BC[stage1_datasets_L40_stepsweep/bc_baseline_none_steps10000_tr2]:  30%|██▉       | 2981/10000 [01:07<02:47, 41.78it/s, acc=0.300, device=mps, eta=2m44s, loss=2.0066, sps=43.9]
BC[stage1_datasets_L40_stepsweep/bc_baseline_none_steps10000_tr2]:  30%|██▉       | 2987/10000 [01:07<02:34, 45.25it/s, acc=0.300, device=mps, eta=2m44s, loss=2.0066, sps=43.9]
BC[stage1_datasets_L40_stepsweep/bc_baseline_none_steps10000_tr2]:  30%|██▉       | 2993/10000 [01:08<02:26, 47.85it/s, acc=0.300, device=mps, eta=2m44s, loss=2.0066, sps=43.9]
BC[stage1_datasets_L40_stepsweep/bc_baseline_none_steps10000_tr2]:  30%|██▉       | 2999/10000 [01:08<02:21, 49.64it/s, acc=0.300, device=mps, eta=2m44s, loss=2.0066, sps=43.9]
BC[stage1_datasets_L40_stepsweep/bc_baseline_none_steps10000_tr2]:  30%|██▉       | 2999/10000 [01:08<02:21, 49.64it/s, acc=0.308, device=mps, eta=2m39s, loss=1.9943, sps=44.0]
BC[stage1_datasets_L40_stepsweep/bc_baseline_none_steps10000_tr2]:  30%|███       | 3005/10000 [01:08<02:49, 41.24it/s, acc=0.308, device=mps, eta=2m39s, loss=1.9943, sps=44.0]
BC[stage1_datasets_L40_stepsweep/bc_baseline_none_steps10000_tr2]:  30%|███       | 3010/10000 [01:08<02:46, 41.89it/s, acc=0.308, device=mps, eta=2m39s, loss=1.9943, sps=44.0]
BC[stage1_datasets_L40_stepsweep/bc_baseline_none_steps10000_tr2]:  30%|███       | 3015/10000 [01:08<02:40, 43.39it/s, acc=0.308, device=mps, eta=2m39s, loss=1.9943, sps=44.0]
BC[stage1_datasets_L40_stepsweep/bc_baseline_none_steps10000_tr2]:  30%|███       | 3021/10000 [01:08<03:08, 37.01it/s, acc=0.308, device=mps, eta=2m39s, loss=1.9943, sps=44.0]
BC[stage1_datasets_L40_stepsweep/bc_baseline_none_steps10000_tr2]:  30%|███       | 3028/10000 [01:08<02:43, 42.66it/s, acc=0.308, device=mps, eta=2m39s, loss=1.9943, sps=44.0]
BC[stage1_datasets_L40_stepsweep/bc_baseline_none_steps10000_tr2]:  30%|███       | 3034/10000 [01:09<02:30, 46.28it/s, acc=0.308, device=mps, eta=2m39s, loss=1.9943, sps=44.0]
BC[stage1_datasets_L40_stepsweep/bc_baseline_none_steps10000_tr2]:  30%|███       | 3041/10000 [01:09<02:52, 40.37it/s, acc=0.308, device=mps, eta=2m39s, loss=1.9943, sps=44.0]
BC[stage1_datasets_L40_stepsweep/bc_baseline_none_steps10000_tr2]:  30%|███       | 3047/10000 [01:09<02:36, 44.57it/s, acc=0.308, device=mps, eta=2m39s, loss=1.9943, sps=44.0]
BC[stage1_datasets_L40_stepsweep/bc_baseline_none_steps10000_tr2]:  31%|███       | 3053/10000 [01:09<02:27, 47.13it/s, acc=0.308, device=mps, eta=2m39s, loss=1.9943, sps=44.0]
BC[stage1_datasets_L40_stepsweep/bc_baseline_none_steps10000_tr2]:  31%|███       | 3060/10000 [01:09<02:14, 51.78it/s, acc=0.308, device=mps, eta=2m39s, loss=1.9943, sps=44.0]
BC[stage1_datasets_L40_stepsweep/bc_baseline_none_steps10000_tr2]:  31%|███       | 3066/10000 [01:09<02:44, 42.02it/s, acc=0.308, device=mps, eta=2m39s, loss=1.9943, sps=44.0]
BC[stage1_datasets_L40_stepsweep/bc_baseline_none_steps10000_tr2]:  31%|███       | 3072/10000 [01:09<02:31, 45.78it/s, acc=0.308, device=mps, eta=2m39s, loss=1.9943, sps=44.0]
BC[stage1_datasets_L40_stepsweep/bc_baseline_none_steps10000_tr2]:  31%|███       | 3078/10000 [01:10<02:22, 48.49it/s, acc=0.308, device=mps, eta=2m39s, loss=1.9943, sps=44.0]
BC[stage1_datasets_L40_stepsweep/bc_baseline_none_steps10000_tr2]:  31%|███       | 3084/10000 [01:10<02:49, 40.88it/s, acc=0.308, device=mps, eta=2m39s, loss=1.9943, sps=44.0]
BC[stage1_datasets_L40_stepsweep/bc_baseline_none_steps10000_tr2]:  31%|███       | 3091/10000 [01:10<02:31, 45.53it/s, acc=0.308, device=mps, eta=2m39s, loss=1.9943, sps=44.0]
BC[stage1_datasets_L40_stepsweep/bc_baseline_none_steps10000_tr2]:  31%|███       | 3097/10000 [01:10<02:22, 48.27it/s, acc=0.308, device=mps, eta=2m39s, loss=1.9943, sps=44.0]
BC[stage1_datasets_L40_stepsweep/bc_baseline_none_steps10000_tr2]:  31%|███       | 3103/10000 [01:10<02:47, 41.07it/s, acc=0.308, device=mps, eta=2m39s, loss=1.9943, sps=44.0]
BC[stage1_datasets_L40_stepsweep/bc_baseline_none_steps10000_tr2]:  31%|███       | 3110/10000 [01:10<02:30, 45.87it/s, acc=0.308, device=mps, eta=2m39s, loss=1.9943, sps=44.0]
BC[stage1_datasets_L40_stepsweep/bc_baseline_none_steps10000_tr2]:  31%|███       | 3117/10000 [01:10<02:18, 49.74it/s, acc=0.308, device=mps, eta=2m39s, loss=1.9943, sps=44.0]
BC[stage1_datasets_L40_stepsweep/bc_baseline_none_steps10000_tr2]:  31%|███       | 3123/10000 [01:11<02:45, 41.61it/s, acc=0.308, device=mps, eta=2m39s, loss=1.9943, sps=44.0]
BC[stage1_datasets_L40_stepsweep/bc_baseline_none_steps10000_tr2]:  31%|███▏      | 3128/10000 [01:11<02:38, 43.31it/s, acc=0.308, device=mps, eta=2m39s, loss=1.9943, sps=44.0]
BC[stage1_datasets_L40_stepsweep/bc_baseline_none_steps10000_tr2]:  31%|███▏      | 3134/10000 [01:11<02:31, 45.45it/s, acc=0.308, device=mps, eta=2m39s, loss=1.9943, sps=44.0]
BC[stage1_datasets_L40_stepsweep/bc_baseline_none_steps10000_tr2]:  31%|███▏      | 3141/10000 [01:11<02:55, 39.07it/s, acc=0.308, device=mps, eta=2m39s, loss=1.9943, sps=44.0]
BC[stage1_datasets_L40_stepsweep/bc_baseline_none_steps10000_tr2]:  31%|███▏      | 3148/10000 [01:11<02:35, 44.15it/s, acc=0.308, device=mps, eta=2m39s, loss=1.9943, sps=44.0]
BC[stage1_datasets_L40_stepsweep/bc_baseline_none_steps10000_tr2]:  32%|███▏      | 3155/10000 [01:11<02:21, 48.53it/s, acc=0.308, device=mps, eta=2m39s, loss=1.9943, sps=44.0]
BC[stage1_datasets_L40_stepsweep/bc_baseline_none_steps10000_tr2]:  32%|███▏      | 3161/10000 [01:11<02:43, 41.75it/s, acc=0.308, device=mps, eta=2m39s, loss=1.9943, sps=44.0]
BC[stage1_datasets_L40_stepsweep/bc_baseline_none_steps10000_tr2]:  32%|███▏      | 3167/10000 [01:12<02:32, 44.79it/s, acc=0.308, device=mps, eta=2m39s, loss=1.9943, sps=44.0]
BC[stage1_datasets_L40_stepsweep/bc_baseline_none_steps10000_tr2]:  32%|███▏      | 3174/10000 [01:12<02:16, 50.02it/s, acc=0.308, device=mps, eta=2m39s, loss=1.9943, sps=44.0]
BC[stage1_datasets_L40_stepsweep/bc_baseline_none_steps10000_tr2]:  32%|███▏      | 3181/10000 [01:12<02:34, 44.21it/s, acc=0.308, device=mps, eta=2m39s, loss=1.9943, sps=44.0]
BC[stage1_datasets_L40_stepsweep/bc_baseline_none_steps10000_tr2]:  32%|███▏      | 3188/10000 [01:12<02:19, 48.95it/s, acc=0.308, device=mps, eta=2m39s, loss=1.9943, sps=44.0]
BC[stage1_datasets_L40_stepsweep/bc_baseline_none_steps10000_tr2]:  32%|███▏      | 3195/10000 [01:12<02:09, 52.56it/s, acc=0.308, device=mps, eta=2m39s, loss=1.9943, sps=44.0]
BC[stage1_datasets_L40_stepsweep/bc_baseline_none_steps10000_tr2]:  32%|███▏      | 3195/10000 [01:12<02:09, 52.56it/s, acc=0.298, device=mps, eta=2m34s, loss=2.0129, sps=44.0]
BC[stage1_datasets_L40_stepsweep/bc_baseline_none_steps10000_tr2]:  32%|███▏      | 3201/10000 [01:12<02:36, 43.32it/s, acc=0.298, device=mps, eta=2m34s, loss=2.0129, sps=44.0]
BC[stage1_datasets_L40_stepsweep/bc_baseline_none_steps10000_tr2]:  32%|███▏      | 3207/10000 [01:12<02:27, 45.96it/s, acc=0.298, device=mps, eta=2m34s, loss=2.0129, sps=44.0]
BC[stage1_datasets_L40_stepsweep/bc_baseline_none_steps10000_tr2]:  32%|███▏      | 3213/10000 [01:13<02:21, 48.07it/s, acc=0.298, device=mps, eta=2m34s, loss=2.0129, sps=44.0]
BC[stage1_datasets_L40_stepsweep/bc_baseline_none_steps10000_tr2]:  32%|███▏      | 3219/10000 [01:13<02:13, 50.71it/s, acc=0.298, device=mps, eta=2m34s, loss=2.0129, sps=44.0]
BC[stage1_datasets_L40_stepsweep/bc_baseline_none_steps10000_tr2]:  32%|███▏      | 3225/10000 [01:13<02:41, 41.97it/s, acc=0.298, device=mps, eta=2m34s, loss=2.0129, sps=44.0]
BC[stage1_datasets_L40_stepsweep/bc_baseline_none_steps10000_tr2]:  32%|███▏      | 3230/10000 [01:13<02:37, 42.94it/s, acc=0.298, device=mps, eta=2m34s, loss=2.0129, sps=44.0]
BC[stage1_datasets_L40_stepsweep/bc_baseline_none_steps10000_tr2]:  32%|███▏      | 3236/10000 [01:13<02:27, 45.90it/s, acc=0.298, device=mps, eta=2m34s, loss=2.0129, sps=44.0]
BC[stage1_datasets_L40_stepsweep/bc_baseline_none_steps10000_tr2]:  32%|███▏      | 3241/10000 [01:13<02:57, 38.08it/s, acc=0.298, device=mps, eta=2m34s, loss=2.0129, sps=44.0]
BC[stage1_datasets_L40_stepsweep/bc_baseline_none_steps10000_tr2]:  32%|███▏      | 3247/10000 [01:13<02:41, 41.94it/s, acc=0.298, device=mps, eta=2m34s, loss=2.0129, sps=44.0]
BC[stage1_datasets_L40_stepsweep/bc_baseline_none_steps10000_tr2]:  33%|███▎      | 3253/10000 [01:13<02:27, 45.59it/s, acc=0.298, device=mps, eta=2m34s, loss=2.0129, sps=44.0]
BC[stage1_datasets_L40_stepsweep/bc_baseline_none_steps10000_tr2]:  33%|███▎      | 3260/10000 [01:14<02:12, 50.90it/s, acc=0.298, device=mps, eta=2m34s, loss=2.0129, sps=44.0]
BC[stage1_datasets_L40_stepsweep/bc_baseline_none_steps10000_tr2]:  33%|███▎      | 3266/10000 [01:14<02:42, 41.47it/s, acc=0.298, device=mps, eta=2m34s, loss=2.0129, sps=44.0]
BC[stage1_datasets_L40_stepsweep/bc_baseline_none_steps10000_tr2]:  33%|███▎      | 3273/10000 [01:14<02:25, 46.22it/s, acc=0.298, device=mps, eta=2m34s, loss=2.0129, sps=44.0]
BC[stage1_datasets_L40_stepsweep/bc_baseline_none_steps10000_tr2]:  33%|███▎      | 3280/10000 [01:14<02:11, 51.08it/s, acc=0.298, device=mps, eta=2m34s, loss=2.0129, sps=44.0]
BC[stage1_datasets_L40_stepsweep/bc_baseline_none_steps10000_tr2]:  33%|███▎      | 3286/10000 [01:14<02:41, 41.62it/s, acc=0.298, device=mps, eta=2m34s, loss=2.0129, sps=44.0]
BC[stage1_datasets_L40_stepsweep/bc_baseline_none_steps10000_tr2]:  33%|███▎      | 3292/10000 [01:14<02:28, 45.31it/s, acc=0.298, device=mps, eta=2m34s, loss=2.0129, sps=44.0]
BC[stage1_datasets_L40_stepsweep/bc_baseline_none_steps10000_tr2]:  33%|███▎      | 3298/10000 [01:14<02:17, 48.59it/s, acc=0.298, device=mps, eta=2m34s, loss=2.0129, sps=44.0]
BC[stage1_datasets_L40_stepsweep/bc_baseline_none_steps10000_tr2]:  33%|███▎      | 3304/10000 [01:15<02:47, 39.99it/s, acc=0.298, device=mps, eta=2m34s, loss=2.0129, sps=44.0]
BC[stage1_datasets_L40_stepsweep/bc_baseline_none_steps10000_tr2]:  33%|███▎      | 3310/10000 [01:15<02:36, 42.86it/s, acc=0.298, device=mps, eta=2m34s, loss=2.0129, sps=44.0]
BC[stage1_datasets_L40_stepsweep/bc_baseline_none_steps10000_tr2]:  33%|███▎      | 3317/10000 [01:15<02:20, 47.70it/s, acc=0.298, device=mps, eta=2m34s, loss=2.0129, sps=44.0]
BC[stage1_datasets_L40_stepsweep/bc_baseline_none_steps10000_tr2]:  33%|███▎      | 3323/10000 [01:15<02:43, 40.85it/s, acc=0.298, device=mps, eta=2m34s, loss=2.0129, sps=44.0]
BC[stage1_datasets_L40_stepsweep/bc_baseline_none_steps10000_tr2]:  33%|███▎      | 3329/10000 [01:15<02:28, 44.84it/s, acc=0.298, device=mps, eta=2m34s, loss=2.0129, sps=44.0]
BC[stage1_datasets_L40_stepsweep/bc_baseline_none_steps10000_tr2]:  33%|███▎      | 3336/10000 [01:15<02:15, 49.20it/s, acc=0.298, device=mps, eta=2m34s, loss=2.0129, sps=44.0]
BC[stage1_datasets_L40_stepsweep/bc_baseline_none_steps10000_tr2]:  33%|███▎      | 3342/10000 [01:15<02:40, 41.58it/s, acc=0.298, device=mps, eta=2m34s, loss=2.0129, sps=44.0]
BC[stage1_datasets_L40_stepsweep/bc_baseline_none_steps10000_tr2]:  33%|███▎      | 3348/10000 [01:16<02:27, 45.16it/s, acc=0.298, device=mps, eta=2m34s, loss=2.0129, sps=44.0]
BC[stage1_datasets_L40_stepsweep/bc_baseline_none_steps10000_tr2]:  34%|███▎      | 3355/10000 [01:16<02:14, 49.36it/s, acc=0.298, device=mps, eta=2m34s, loss=2.0129, sps=44.0]
BC[stage1_datasets_L40_stepsweep/bc_baseline_none_steps10000_tr2]:  34%|███▎      | 3361/10000 [01:16<02:39, 41.65it/s, acc=0.298, device=mps, eta=2m34s, loss=2.0129, sps=44.0]
BC[stage1_datasets_L40_stepsweep/bc_baseline_none_steps10000_tr2]:  34%|███▎      | 3367/10000 [01:16<02:25, 45.50it/s, acc=0.298, device=mps, eta=2m34s, loss=2.0129, sps=44.0]
BC[stage1_datasets_L40_stepsweep/bc_baseline_none_steps10000_tr2]:  34%|███▎      | 3373/10000 [01:16<02:16, 48.73it/s, acc=0.298, device=mps, eta=2m34s, loss=2.0129, sps=44.0]
BC[stage1_datasets_L40_stepsweep/bc_baseline_none_steps10000_tr2]:  34%|███▍      | 3380/10000 [01:16<02:05, 52.94it/s, acc=0.298, device=mps, eta=2m34s, loss=2.0129, sps=44.0]
BC[stage1_datasets_L40_stepsweep/bc_baseline_none_steps10000_tr2]:  34%|███▍      | 3386/10000 [01:16<02:37, 41.87it/s, acc=0.298, device=mps, eta=2m34s, loss=2.0129, sps=44.0]
BC[stage1_datasets_L40_stepsweep/bc_baseline_none_steps10000_tr2]:  34%|███▍      | 3392/10000 [01:17<02:26, 45.04it/s, acc=0.298, device=mps, eta=2m34s, loss=2.0129, sps=44.0]
BC[stage1_datasets_L40_stepsweep/bc_baseline_none_steps10000_tr2]:  34%|███▍      | 3399/10000 [01:17<02:14, 49.12it/s, acc=0.298, device=mps, eta=2m34s, loss=2.0129, sps=44.0]
BC[stage1_datasets_L40_stepsweep/bc_baseline_none_steps10000_tr2]:  34%|███▍      | 3399/10000 [01:17<02:14, 49.12it/s, acc=0.302, device=mps, eta=2m30s, loss=1.9993, sps=44.1]
BC[stage1_datasets_L40_stepsweep/bc_baseline_none_steps10000_tr2]:  34%|███▍      | 3405/10000 [01:17<02:42, 40.64it/s, acc=0.302, device=mps, eta=2m30s, loss=1.9993, sps=44.1]
BC[stage1_datasets_L40_stepsweep/bc_baseline_none_steps10000_tr2]:  34%|███▍      | 3411/10000 [01:17<02:31, 43.51it/s, acc=0.302, device=mps, eta=2m30s, loss=1.9993, sps=44.1]
BC[stage1_datasets_L40_stepsweep/bc_baseline_none_steps10000_tr2]:  34%|███▍      | 3418/10000 [01:17<02:17, 47.92it/s, acc=0.302, device=mps, eta=2m30s, loss=1.9993, sps=44.1]
BC[stage1_datasets_L40_stepsweep/bc_baseline_none_steps10000_tr2]:  34%|███▍      | 3424/10000 [01:17<02:41, 40.78it/s, acc=0.302, device=mps, eta=2m30s, loss=1.9993, sps=44.1]
BC[stage1_datasets_L40_stepsweep/bc_baseline_none_steps10000_tr2]:  34%|███▍      | 3431/10000 [01:17<02:23, 45.67it/s, acc=0.302, device=mps, eta=2m30s, loss=1.9993, sps=44.1]
BC[stage1_datasets_L40_stepsweep/bc_baseline_none_steps10000_tr2]:  34%|███▍      | 3438/10000 [01:18<02:09, 50.66it/s, acc=0.302, device=mps, eta=2m30s, loss=1.9993, sps=44.1]
BC[stage1_datasets_L40_stepsweep/bc_baseline_none_steps10000_tr2]:  34%|███▍      | 3444/10000 [01:18<02:32, 43.01it/s, acc=0.302, device=mps, eta=2m30s, loss=1.9993, sps=44.1]
BC[stage1_datasets_L40_stepsweep/bc_baseline_none_steps10000_tr2]:  35%|███▍      | 3451/10000 [01:18<02:17, 47.68it/s, acc=0.302, device=mps, eta=2m30s, loss=1.9993, sps=44.1]
BC[stage1_datasets_L40_stepsweep/bc_baseline_none_steps10000_tr2]:  35%|███▍      | 3458/10000 [01:18<02:07, 51.31it/s, acc=0.302, device=mps, eta=2m30s, loss=1.9993, sps=44.1]
BC[stage1_datasets_L40_stepsweep/bc_baseline_none_steps10000_tr2]:  35%|███▍      | 3464/10000 [01:18<02:32, 42.73it/s, acc=0.302, device=mps, eta=2m30s, loss=1.9993, sps=44.1]
BC[stage1_datasets_L40_stepsweep/bc_baseline_none_steps10000_tr2]:  35%|███▍      | 3470/10000 [01:18<02:25, 44.79it/s, acc=0.302, device=mps, eta=2m30s, loss=1.9993, sps=44.1]
BC[stage1_datasets_L40_stepsweep/bc_baseline_none_steps10000_tr2]:  35%|███▍      | 3476/10000 [01:18<02:18, 47.13it/s, acc=0.302, device=mps, eta=2m30s, loss=1.9993, sps=44.1]
BC[stage1_datasets_L40_stepsweep/bc_baseline_none_steps10000_tr2]:  35%|███▍      | 3482/10000 [01:19<02:43, 39.82it/s, acc=0.302, device=mps, eta=2m30s, loss=1.9993, sps=44.1]
BC[stage1_datasets_L40_stepsweep/bc_baseline_none_steps10000_tr2]:  35%|███▍      | 3488/10000 [01:19<02:29, 43.44it/s, acc=0.302, device=mps, eta=2m30s, loss=1.9993, sps=44.1]
BC[stage1_datasets_L40_stepsweep/bc_baseline_none_steps10000_tr2]:  35%|███▍      | 3494/10000 [01:19<02:20, 46.22it/s, acc=0.302, device=mps, eta=2m30s, loss=1.9993, sps=44.1]
BC[stage1_datasets_L40_stepsweep/bc_baseline_none_steps10000_tr2]:  35%|███▌      | 3501/10000 [01:19<02:40, 40.55it/s, acc=0.302, device=mps, eta=2m30s, loss=1.9993, sps=44.1]
BC[stage1_datasets_L40_stepsweep/bc_baseline_none_steps10000_tr2]:  35%|███▌      | 3507/10000 [01:19<02:25, 44.64it/s, acc=0.302, device=mps, eta=2m30s, loss=1.9993, sps=44.1]
BC[stage1_datasets_L40_stepsweep/bc_baseline_none_steps10000_tr2]:  35%|███▌      | 3513/10000 [01:19<02:14, 48.09it/s, acc=0.302, device=mps, eta=2m30s, loss=1.9993, sps=44.1]
BC[stage1_datasets_L40_stepsweep/bc_baseline_none_steps10000_tr2]:  35%|███▌      | 3520/10000 [01:19<02:01, 53.25it/s, acc=0.302, device=mps, eta=2m30s, loss=1.9993, sps=44.1]
BC[stage1_datasets_L40_stepsweep/bc_baseline_none_steps10000_tr2]:  35%|███▌      | 3526/10000 [01:20<02:30, 43.00it/s, acc=0.302, device=mps, eta=2m30s, loss=1.9993, sps=44.1]
BC[stage1_datasets_L40_stepsweep/bc_baseline_none_steps10000_tr2]:  35%|███▌      | 3532/10000 [01:20<02:20, 46.05it/s, acc=0.302, device=mps, eta=2m30s, loss=1.9993, sps=44.1]
BC[stage1_datasets_L40_stepsweep/bc_baseline_none_steps10000_tr2]:  35%|███▌      | 3538/10000 [01:20<02:12, 48.67it/s, acc=0.302, device=mps, eta=2m30s, loss=1.9993, sps=44.1]
BC[stage1_datasets_L40_stepsweep/bc_baseline_none_steps10000_tr2]:  35%|███▌      | 3544/10000 [01:20<02:37, 40.93it/s, acc=0.302, device=mps, eta=2m30s, loss=1.9993, sps=44.1]
BC[stage1_datasets_L40_stepsweep/bc_baseline_none_steps10000_tr2]:  35%|███▌      | 3549/10000 [01:20<02:31, 42.71it/s, acc=0.302, device=mps, eta=2m30s, loss=1.9993, sps=44.1]
BC[stage1_datasets_L40_stepsweep/bc_baseline_none_steps10000_tr2]:  36%|███▌      | 3555/10000 [01:20<02:21, 45.52it/s, acc=0.302, device=mps, eta=2m30s, loss=1.9993, sps=44.1]
BC[stage1_datasets_L40_stepsweep/bc_baseline_none_steps10000_tr2]:  36%|███▌      | 3561/10000 [01:20<02:45, 38.99it/s, acc=0.302, device=mps, eta=2m30s, loss=1.9993, sps=44.1]
BC[stage1_datasets_L40_stepsweep/bc_baseline_none_steps10000_tr2]:  36%|███▌      | 3567/10000 [01:20<02:29, 42.93it/s, acc=0.302, device=mps, eta=2m30s, loss=1.9993, sps=44.1]
BC[stage1_datasets_L40_stepsweep/bc_baseline_none_steps10000_tr2]:  36%|███▌      | 3573/10000 [01:21<02:18, 46.56it/s, acc=0.302, device=mps, eta=2m30s, loss=1.9993, sps=44.1]
BC[stage1_datasets_L40_stepsweep/bc_baseline_none_steps10000_tr2]:  36%|███▌      | 3580/10000 [01:21<02:04, 51.57it/s, acc=0.302, device=mps, eta=2m30s, loss=1.9993, sps=44.1]
BC[stage1_datasets_L40_stepsweep/bc_baseline_none_steps10000_tr2]:  36%|███▌      | 3586/10000 [01:21<02:32, 42.10it/s, acc=0.302, device=mps, eta=2m30s, loss=1.9993, sps=44.1]
BC[stage1_datasets_L40_stepsweep/bc_baseline_none_steps10000_tr2]:  36%|███▌      | 3592/10000 [01:21<02:19, 45.82it/s, acc=0.302, device=mps, eta=2m30s, loss=1.9993, sps=44.1]
BC[stage1_datasets_L40_stepsweep/bc_baseline_none_steps10000_tr2]:  36%|███▌      | 3599/10000 [01:21<02:07, 50.32it/s, acc=0.302, device=mps, eta=2m30s, loss=1.9993, sps=44.1]
BC[stage1_datasets_L40_stepsweep/bc_baseline_none_steps10000_tr2]:  36%|███▌      | 3599/10000 [01:21<02:07, 50.32it/s, acc=0.301, device=mps, eta=2m25s, loss=2.0061, sps=44.1]
BC[stage1_datasets_L40_stepsweep/bc_baseline_none_steps10000_tr2]:  36%|███▌      | 3605/10000 [01:21<02:31, 42.10it/s, acc=0.301, device=mps, eta=2m25s, loss=2.0061, sps=44.1]
BC[stage1_datasets_L40_stepsweep/bc_baseline_none_steps10000_tr2]:  36%|███▌      | 3611/10000 [01:21<02:19, 45.75it/s, acc=0.301, device=mps, eta=2m25s, loss=2.0061, sps=44.1]
BC[stage1_datasets_L40_stepsweep/bc_baseline_none_steps10000_tr2]:  36%|███▌      | 3618/10000 [01:21<02:07, 49.97it/s, acc=0.301, device=mps, eta=2m25s, loss=2.0061, sps=44.1]
BC[stage1_datasets_L40_stepsweep/bc_baseline_none_steps10000_tr2]:  36%|███▌      | 3624/10000 [01:22<02:34, 41.40it/s, acc=0.301, device=mps, eta=2m25s, loss=2.0061, sps=44.1]
BC[stage1_datasets_L40_stepsweep/bc_baseline_none_steps10000_tr2]:  36%|███▋      | 3631/10000 [01:22<02:16, 46.58it/s, acc=0.301, device=mps, eta=2m25s, loss=2.0061, sps=44.1]
BC[stage1_datasets_L40_stepsweep/bc_baseline_none_steps10000_tr2]:  36%|███▋      | 3638/10000 [01:22<02:03, 51.32it/s, acc=0.301, device=mps, eta=2m25s, loss=2.0061, sps=44.1]
BC[stage1_datasets_L40_stepsweep/bc_baseline_none_steps10000_tr2]:  36%|███▋      | 3644/10000 [01:22<02:27, 43.07it/s, acc=0.301, device=mps, eta=2m25s, loss=2.0061, sps=44.1]
BC[stage1_datasets_L40_stepsweep/bc_baseline_none_steps10000_tr2]:  36%|███▋      | 3650/10000 [01:22<02:16, 46.68it/s, acc=0.301, device=mps, eta=2m25s, loss=2.0061, sps=44.1]
BC[stage1_datasets_L40_stepsweep/bc_baseline_none_steps10000_tr2]:  37%|███▋      | 3657/10000 [01:22<02:04, 50.77it/s, acc=0.301, device=mps, eta=2m25s, loss=2.0061, sps=44.1]
BC[stage1_datasets_L40_stepsweep/bc_baseline_none_steps10000_tr2]:  37%|███▋      | 3663/10000 [01:23<02:28, 42.63it/s, acc=0.301, device=mps, eta=2m25s, loss=2.0061, sps=44.1]
BC[stage1_datasets_L40_stepsweep/bc_baseline_none_steps10000_tr2]:  37%|███▋      | 3670/10000 [01:23<02:13, 47.55it/s, acc=0.301, device=mps, eta=2m25s, loss=2.0061, sps=44.1]
BC[stage1_datasets_L40_stepsweep/bc_baseline_none_steps10000_tr2]:  37%|███▋      | 3676/10000 [01:23<02:08, 49.09it/s, acc=0.301, device=mps, eta=2m25s, loss=2.0061, sps=44.1]
BC[stage1_datasets_L40_stepsweep/bc_baseline_none_steps10000_tr2]:  37%|███▋      | 3682/10000 [01:23<02:35, 40.76it/s, acc=0.301, device=mps, eta=2m25s, loss=2.0061, sps=44.1]
BC[stage1_datasets_L40_stepsweep/bc_baseline_none_steps10000_tr2]:  37%|███▋      | 3688/10000 [01:23<02:22, 44.30it/s, acc=0.301, device=mps, eta=2m25s, loss=2.0061, sps=44.1]
BC[stage1_datasets_L40_stepsweep/bc_baseline_none_steps10000_tr2]:  37%|███▋      | 3694/10000 [01:23<02:16, 46.30it/s, acc=0.301, device=mps, eta=2m25s, loss=2.0061, sps=44.1]
BC[stage1_datasets_L40_stepsweep/bc_baseline_none_steps10000_tr2]:  37%|███▋      | 3700/10000 [01:23<02:06, 49.62it/s, acc=0.301, device=mps, eta=2m25s, loss=2.0061, sps=44.1]
BC[stage1_datasets_L40_stepsweep/bc_baseline_none_steps10000_tr2]:  37%|███▋      | 3706/10000 [01:24<02:38, 39.77it/s, acc=0.301, device=mps, eta=2m25s, loss=2.0061, sps=44.1]
BC[stage1_datasets_L40_stepsweep/bc_baseline_none_steps10000_tr2]:  37%|███▋      | 3712/10000 [01:24<02:26, 42.99it/s, acc=0.301, device=mps, eta=2m25s, loss=2.0061, sps=44.1]
BC[stage1_datasets_L40_stepsweep/bc_baseline_none_steps10000_tr2]:  37%|███▋      | 3719/10000 [01:24<02:11, 47.67it/s, acc=0.301, device=mps, eta=2m25s, loss=2.0061, sps=44.1]
BC[stage1_datasets_L40_stepsweep/bc_baseline_none_steps10000_tr2]:  37%|███▋      | 3725/10000 [01:24<02:34, 40.61it/s, acc=0.301, device=mps, eta=2m25s, loss=2.0061, sps=44.1]
BC[stage1_datasets_L40_stepsweep/bc_baseline_none_steps10000_tr2]:  37%|███▋      | 3731/10000 [01:24<02:20, 44.50it/s, acc=0.301, device=mps, eta=2m25s, loss=2.0061, sps=44.1]
BC[stage1_datasets_L40_stepsweep/bc_baseline_none_steps10000_tr2]:  37%|███▋      | 3737/10000 [01:24<02:12, 47.31it/s, acc=0.301, device=mps, eta=2m25s, loss=2.0061, sps=44.1]
BC[stage1_datasets_L40_stepsweep/bc_baseline_none_steps10000_tr2]:  37%|███▋      | 3743/10000 [01:24<02:39, 39.34it/s, acc=0.301, device=mps, eta=2m25s, loss=2.0061, sps=44.1]
BC[stage1_datasets_L40_stepsweep/bc_baseline_none_steps10000_tr2]:  37%|███▋      | 3749/10000 [01:24<02:26, 42.62it/s, acc=0.301, device=mps, eta=2m25s, loss=2.0061, sps=44.1]
BC[stage1_datasets_L40_stepsweep/bc_baseline_none_steps10000_tr2]:  38%|███▊      | 3755/10000 [01:25<02:15, 46.14it/s, acc=0.301, device=mps, eta=2m25s, loss=2.0061, sps=44.1]
BC[stage1_datasets_L40_stepsweep/bc_baseline_none_steps10000_tr2]:  38%|███▊      | 3761/10000 [01:25<02:37, 39.60it/s, acc=0.301, device=mps, eta=2m25s, loss=2.0061, sps=44.1]
BC[stage1_datasets_L40_stepsweep/bc_baseline_none_steps10000_tr2]:  38%|███▊      | 3767/10000 [01:25<02:22, 43.83it/s, acc=0.301, device=mps, eta=2m25s, loss=2.0061, sps=44.1]
BC[stage1_datasets_L40_stepsweep/bc_baseline_none_steps10000_tr2]:  38%|███▊      | 3774/10000 [01:25<02:08, 48.28it/s, acc=0.301, device=mps, eta=2m25s, loss=2.0061, sps=44.1]
BC[stage1_datasets_L40_stepsweep/bc_baseline_none_steps10000_tr2]:  38%|███▊      | 3781/10000 [01:25<02:30, 41.31it/s, acc=0.301, device=mps, eta=2m25s, loss=2.0061, sps=44.1]
BC[stage1_datasets_L40_stepsweep/bc_baseline_none_steps10000_tr2]:  38%|███▊      | 3788/10000 [01:25<02:14, 46.06it/s, acc=0.301, device=mps, eta=2m25s, loss=2.0061, sps=44.1]
BC[stage1_datasets_L40_stepsweep/bc_baseline_none_steps10000_tr2]:  38%|███▊      | 3795/10000 [01:25<02:04, 49.93it/s, acc=0.301, device=mps, eta=2m25s, loss=2.0061, sps=44.1]
BC[stage1_datasets_L40_stepsweep/bc_baseline_none_steps10000_tr2]:  38%|███▊      | 3795/10000 [01:26<02:04, 49.93it/s, acc=0.304, device=mps, eta=2m20s, loss=1.9976, sps=44.2]
BC[stage1_datasets_L40_stepsweep/bc_baseline_none_steps10000_tr2]:  38%|███▊      | 3801/10000 [01:26<02:27, 41.98it/s, acc=0.304, device=mps, eta=2m20s, loss=1.9976, sps=44.2]
BC[stage1_datasets_L40_stepsweep/bc_baseline_none_steps10000_tr2]:  38%|███▊      | 3808/10000 [01:26<02:10, 47.57it/s, acc=0.304, device=mps, eta=2m20s, loss=1.9976, sps=44.2]
BC[stage1_datasets_L40_stepsweep/bc_baseline_none_steps10000_tr2]:  38%|███▊      | 3815/10000 [01:26<02:00, 51.36it/s, acc=0.304, device=mps, eta=2m20s, loss=1.9976, sps=44.2]
BC[stage1_datasets_L40_stepsweep/bc_baseline_none_steps10000_tr2]:  38%|███▊      | 3821/10000 [01:26<02:21, 43.59it/s, acc=0.304, device=mps, eta=2m20s, loss=1.9976, sps=44.2]
BC[stage1_datasets_L40_stepsweep/bc_baseline_none_steps10000_tr2]:  38%|███▊      | 3828/10000 [01:26<02:06, 48.65it/s, acc=0.304, device=mps, eta=2m20s, loss=1.9976, sps=44.2]
BC[stage1_datasets_L40_stepsweep/bc_baseline_none_steps10000_tr2]:  38%|███▊      | 3836/10000 [01:26<01:53, 54.35it/s, acc=0.304, device=mps, eta=2m20s, loss=1.9976, sps=44.2]
BC[stage1_datasets_L40_stepsweep/bc_baseline_none_steps10000_tr2]:  38%|███▊      | 3842/10000 [01:26<02:15, 45.56it/s, acc=0.304, device=mps, eta=2m20s, loss=1.9976, sps=44.2]
BC[stage1_datasets_L40_stepsweep/bc_baseline_none_steps10000_tr2]:  38%|███▊      | 3849/10000 [01:27<02:04, 49.22it/s, acc=0.304, device=mps, eta=2m20s, loss=1.9976, sps=44.2]
BC[stage1_datasets_L40_stepsweep/bc_baseline_none_steps10000_tr2]:  39%|███▊      | 3855/10000 [01:27<02:01, 50.63it/s, acc=0.304, device=mps, eta=2m20s, loss=1.9976, sps=44.2]
BC[stage1_datasets_L40_stepsweep/bc_baseline_none_steps10000_tr2]:  39%|███▊      | 3861/10000 [01:27<02:28, 41.22it/s, acc=0.304, device=mps, eta=2m20s, loss=1.9976, sps=44.2]
BC[stage1_datasets_L40_stepsweep/bc_baseline_none_steps10000_tr2]:  39%|███▊      | 3867/10000 [01:27<02:17, 44.53it/s, acc=0.304, device=mps, eta=2m20s, loss=1.9976, sps=44.2]
BC[stage1_datasets_L40_stepsweep/bc_baseline_none_steps10000_tr2]:  39%|███▊      | 3873/10000 [01:27<02:11, 46.46it/s, acc=0.304, device=mps, eta=2m20s, loss=1.9976, sps=44.2]
BC[stage1_datasets_L40_stepsweep/bc_baseline_none_steps10000_tr2]:  39%|███▉      | 3879/10000 [01:27<02:05, 48.63it/s, acc=0.304, device=mps, eta=2m20s, loss=1.9976, sps=44.2]
BC[stage1_datasets_L40_stepsweep/bc_baseline_none_steps10000_tr2]:  39%|███▉      | 3885/10000 [01:27<02:30, 40.51it/s, acc=0.304, device=mps, eta=2m20s, loss=1.9976, sps=44.2]
BC[stage1_datasets_L40_stepsweep/bc_baseline_none_steps10000_tr2]:  39%|███▉      | 3892/10000 [01:28<02:13, 45.80it/s, acc=0.304, device=mps, eta=2m20s, loss=1.9976, sps=44.2]
BC[stage1_datasets_L40_stepsweep/bc_baseline_none_steps10000_tr2]:  39%|███▉      | 3900/10000 [01:28<01:55, 52.90it/s, acc=0.304, device=mps, eta=2m20s, loss=1.9976, sps=44.2]
BC[stage1_datasets_L40_stepsweep/bc_baseline_none_steps10000_tr2]:  39%|███▉      | 3906/10000 [01:28<02:19, 43.64it/s, acc=0.304, device=mps, eta=2m20s, loss=1.9976, sps=44.2]
BC[stage1_datasets_L40_stepsweep/bc_baseline_none_steps10000_tr2]:  39%|███▉      | 3913/10000 [01:28<02:07, 47.81it/s, acc=0.304, device=mps, eta=2m20s, loss=1.9976, sps=44.2]
BC[stage1_datasets_L40_stepsweep/bc_baseline_none_steps10000_tr2]:  39%|███▉      | 3919/10000 [01:28<02:01, 49.89it/s, acc=0.304, device=mps, eta=2m20s, loss=1.9976, sps=44.2]
BC[stage1_datasets_L40_stepsweep/bc_baseline_none_steps10000_tr2]:  39%|███▉      | 3925/10000 [01:28<02:28, 40.92it/s, acc=0.304, device=mps, eta=2m20s, loss=1.9976, sps=44.2]
BC[stage1_datasets_L40_stepsweep/bc_baseline_none_steps10000_tr2]:  39%|███▉      | 3931/10000 [01:28<02:17, 43.99it/s, acc=0.304, device=mps, eta=2m20s, loss=1.9976, sps=44.2]
BC[stage1_datasets_L40_stepsweep/bc_baseline_none_steps10000_tr2]:  39%|███▉      | 3938/10000 [01:29<02:04, 48.55it/s, acc=0.304, device=mps, eta=2m20s, loss=1.9976, sps=44.2]
BC[stage1_datasets_L40_stepsweep/bc_baseline_none_steps10000_tr2]:  39%|███▉      | 3944/10000 [01:29<02:27, 41.13it/s, acc=0.304, device=mps, eta=2m20s, loss=1.9976, sps=44.2]
BC[stage1_datasets_L40_stepsweep/bc_baseline_none_steps10000_tr2]:  40%|███▉      | 3951/10000 [01:29<02:11, 46.00it/s, acc=0.304, device=mps, eta=2m20s, loss=1.9976, sps=44.2]
BC[stage1_datasets_L40_stepsweep/bc_baseline_none_steps10000_tr2]:  40%|███▉      | 3958/10000 [01:29<02:00, 50.29it/s, acc=0.304, device=mps, eta=2m20s, loss=1.9976, sps=44.2]
BC[stage1_datasets_L40_stepsweep/bc_baseline_none_steps10000_tr2]:  40%|███▉      | 3964/10000 [01:29<02:23, 41.97it/s, acc=0.304, device=mps, eta=2m20s, loss=1.9976, sps=44.2]
BC[stage1_datasets_L40_stepsweep/bc_baseline_none_steps10000_tr2]:  40%|███▉      | 3970/10000 [01:29<02:13, 45.08it/s, acc=0.304, device=mps, eta=2m20s, loss=1.9976, sps=44.2]
BC[stage1_datasets_L40_stepsweep/bc_baseline_none_steps10000_tr2]:  40%|███▉      | 3976/10000 [01:29<02:06, 47.74it/s, acc=0.304, device=mps, eta=2m20s, loss=1.9976, sps=44.2]
BC[stage1_datasets_L40_stepsweep/bc_baseline_none_steps10000_tr2]:  40%|███▉      | 3982/10000 [01:30<02:31, 39.66it/s, acc=0.304, device=mps, eta=2m20s, loss=1.9976, sps=44.2]
BC[stage1_datasets_L40_stepsweep/bc_baseline_none_steps10000_tr2]:  40%|███▉      | 3988/10000 [01:30<02:21, 42.60it/s, acc=0.304, device=mps, eta=2m20s, loss=1.9976, sps=44.2]
BC[stage1_datasets_L40_stepsweep/bc_baseline_none_steps10000_tr2]:  40%|███▉      | 3994/10000 [01:30<02:10, 45.96it/s, acc=0.304, device=mps, eta=2m20s, loss=1.9976, sps=44.2]
BC[stage1_datasets_L40_stepsweep/bc_baseline_none_steps10000_tr2]:  40%|███▉      | 3994/10000 [01:30<02:10, 45.96it/s, acc=0.303, device=mps, eta=2m16s, loss=2.0056, sps=44.2]
BC[stage1_datasets_L40_stepsweep/bc_baseline_none_steps10000_tr2]:  40%|████      | 4001/10000 [01:30<02:29, 40.12it/s, acc=0.303, device=mps, eta=2m16s, loss=2.0056, sps=44.2]
BC[stage1_datasets_L40_stepsweep/bc_baseline_none_steps10000_tr2]:  40%|████      | 4007/10000 [01:30<02:15, 44.21it/s, acc=0.303, device=mps, eta=2m16s, loss=2.0056, sps=44.2]
BC[stage1_datasets_L40_stepsweep/bc_baseline_none_steps10000_tr2]:  40%|████      | 4014/10000 [01:30<02:02, 48.93it/s, acc=0.303, device=mps, eta=2m16s, loss=2.0056, sps=44.2]
BC[stage1_datasets_L40_stepsweep/bc_baseline_none_steps10000_tr2]:  40%|████      | 4021/10000 [01:30<02:20, 42.62it/s, acc=0.303, device=mps, eta=2m16s, loss=2.0056, sps=44.2]
BC[stage1_datasets_L40_stepsweep/bc_baseline_none_steps10000_tr2]:  40%|████      | 4027/10000 [01:31<02:09, 46.25it/s, acc=0.303, device=mps, eta=2m16s, loss=2.0056, sps=44.2]
BC[stage1_datasets_L40_stepsweep/bc_baseline_none_steps10000_tr2]:  40%|████      | 4033/10000 [01:31<02:01, 48.97it/s, acc=0.303, device=mps, eta=2m16s, loss=2.0056, sps=44.2]
BC[stage1_datasets_L40_stepsweep/bc_baseline_none_steps10000_tr2]:  40%|████      | 4039/10000 [01:31<02:08, 46.50it/s, acc=0.303, device=mps, eta=2m16s, loss=2.0056, sps=44.2]
BC[stage1_datasets_L40_stepsweep/bc_baseline_none_steps10000_tr2]:  40%|████      | 4044/10000 [01:31<03:00, 33.01it/s, acc=0.303, device=mps, eta=2m16s, loss=2.0056, sps=44.2]
BC[stage1_datasets_L40_stepsweep/bc_baseline_none_steps10000_tr2]:  41%|████      | 4052/10000 [01:31<02:23, 41.32it/s, acc=0.303, device=mps, eta=2m16s, loss=2.0056, sps=44.2]
BC[stage1_datasets_L40_stepsweep/bc_baseline_none_steps10000_tr2]:  41%|████      | 4060/10000 [01:31<02:01, 49.00it/s, acc=0.303, device=mps, eta=2m16s, loss=2.0056, sps=44.2]
BC[stage1_datasets_L40_stepsweep/bc_baseline_none_steps10000_tr2]:  41%|████      | 4066/10000 [01:32<02:25, 40.78it/s, acc=0.303, device=mps, eta=2m16s, loss=2.0056, sps=44.2]
BC[stage1_datasets_L40_stepsweep/bc_baseline_none_steps10000_tr2]:  41%|████      | 4072/10000 [01:32<02:14, 44.16it/s, acc=0.303, device=mps, eta=2m16s, loss=2.0056, sps=44.2]
BC[stage1_datasets_L40_stepsweep/bc_baseline_none_steps10000_tr2]:  41%|████      | 4079/10000 [01:32<02:03, 48.06it/s, acc=0.303, device=mps, eta=2m16s, loss=2.0056, sps=44.2]
BC[stage1_datasets_L40_stepsweep/bc_baseline_none_steps10000_tr2]:  41%|████      | 4085/10000 [01:32<02:31, 38.95it/s, acc=0.303, device=mps, eta=2m16s, loss=2.0056, sps=44.2]
BC[stage1_datasets_L40_stepsweep/bc_baseline_none_steps10000_tr2]:  41%|████      | 4091/10000 [01:32<02:18, 42.82it/s, acc=0.303, device=mps, eta=2m16s, loss=2.0056, sps=44.2]
BC[stage1_datasets_L40_stepsweep/bc_baseline_none_steps10000_tr2]:  41%|████      | 4097/10000 [01:32<02:06, 46.52it/s, acc=0.303, device=mps, eta=2m16s, loss=2.0056, sps=44.2]
BC[stage1_datasets_L40_stepsweep/bc_baseline_none_steps10000_tr2]:  41%|████      | 4103/10000 [01:32<02:29, 39.44it/s, acc=0.303, device=mps, eta=2m16s, loss=2.0056, sps=44.2]
BC[stage1_datasets_L40_stepsweep/bc_baseline_none_steps10000_tr2]:  41%|████      | 4110/10000 [01:32<02:11, 44.72it/s, acc=0.303, device=mps, eta=2m16s, loss=2.0056, sps=44.2]
BC[stage1_datasets_L40_stepsweep/bc_baseline_none_steps10000_tr2]:  41%|████      | 4117/10000 [01:33<01:59, 49.43it/s, acc=0.303, device=mps, eta=2m16s, loss=2.0056, sps=44.2]
BC[stage1_datasets_L40_stepsweep/bc_baseline_none_steps10000_tr2]:  41%|████      | 4123/10000 [01:33<02:19, 42.08it/s, acc=0.303, device=mps, eta=2m16s, loss=2.0056, sps=44.2]
BC[stage1_datasets_L40_stepsweep/bc_baseline_none_steps10000_tr2]:  41%|████▏     | 4129/10000 [01:33<02:09, 45.28it/s, acc=0.303, device=mps, eta=2m16s, loss=2.0056, sps=44.2]
BC[stage1_datasets_L40_stepsweep/bc_baseline_none_steps10000_tr2]:  41%|████▏     | 4135/10000 [01:33<02:02, 47.89it/s, acc=0.303, device=mps, eta=2m16s, loss=2.0056, sps=44.2]
BC[stage1_datasets_L40_stepsweep/bc_baseline_none_steps10000_tr2]:  41%|████▏     | 4141/10000 [01:33<02:27, 39.69it/s, acc=0.303, device=mps, eta=2m16s, loss=2.0056, sps=44.2]
BC[stage1_datasets_L40_stepsweep/bc_baseline_none_steps10000_tr2]:  41%|████▏     | 4147/10000 [01:33<02:16, 42.81it/s, acc=0.303, device=mps, eta=2m16s, loss=2.0056, sps=44.2]
BC[stage1_datasets_L40_stepsweep/bc_baseline_none_steps10000_tr2]:  42%|████▏     | 4153/10000 [01:33<02:07, 45.72it/s, acc=0.303, device=mps, eta=2m16s, loss=2.0056, sps=44.2]
BC[stage1_datasets_L40_stepsweep/bc_baseline_none_steps10000_tr2]:  42%|████▏     | 4159/10000 [01:34<01:58, 49.18it/s, acc=0.303, device=mps, eta=2m16s, loss=2.0056, sps=44.2]
BC[stage1_datasets_L40_stepsweep/bc_baseline_none_steps10000_tr2]:  42%|████▏     | 4165/10000 [01:34<02:24, 40.40it/s, acc=0.303, device=mps, eta=2m16s, loss=2.0056, sps=44.2]
BC[stage1_datasets_L40_stepsweep/bc_baseline_none_steps10000_tr2]:  42%|████▏     | 4171/10000 [01:34<02:11, 44.28it/s, acc=0.303, device=mps, eta=2m16s, loss=2.0056, sps=44.2]
BC[stage1_datasets_L40_stepsweep/bc_baseline_none_steps10000_tr2]:  42%|████▏     | 4177/10000 [01:34<02:03, 47.34it/s, acc=0.303, device=mps, eta=2m16s, loss=2.0056, sps=44.2]
BC[stage1_datasets_L40_stepsweep/bc_baseline_none_steps10000_tr2]:  42%|████▏     | 4183/10000 [01:34<02:26, 39.84it/s, acc=0.303, device=mps, eta=2m16s, loss=2.0056, sps=44.2]
BC[stage1_datasets_L40_stepsweep/bc_baseline_none_steps10000_tr2]:  42%|████▏     | 4189/10000 [01:34<02:15, 42.80it/s, acc=0.303, device=mps, eta=2m16s, loss=2.0056, sps=44.2]
BC[stage1_datasets_L40_stepsweep/bc_baseline_none_steps10000_tr2]:  42%|████▏     | 4196/10000 [01:34<02:02, 47.56it/s, acc=0.303, device=mps, eta=2m16s, loss=2.0056, sps=44.2]
BC[stage1_datasets_L40_stepsweep/bc_baseline_none_steps10000_tr2]:  42%|████▏     | 4196/10000 [01:34<02:02, 47.56it/s, acc=0.304, device=mps, eta=2m11s, loss=1.9971, sps=44.2]
BC[stage1_datasets_L40_stepsweep/bc_baseline_none_steps10000_tr2]:  42%|████▏     | 4202/10000 [01:35<02:22, 40.57it/s, acc=0.304, device=mps, eta=2m11s, loss=1.9971, sps=44.2]
BC[stage1_datasets_L40_stepsweep/bc_baseline_none_steps10000_tr2]:  42%|████▏     | 4209/10000 [01:35<02:06, 45.64it/s, acc=0.304, device=mps, eta=2m11s, loss=1.9971, sps=44.2]
BC[stage1_datasets_L40_stepsweep/bc_baseline_none_steps10000_tr2]:  42%|████▏     | 4216/10000 [01:35<01:53, 50.76it/s, acc=0.304, device=mps, eta=2m11s, loss=1.9971, sps=44.2]
BC[stage1_datasets_L40_stepsweep/bc_baseline_none_steps10000_tr2]:  42%|████▏     | 4222/10000 [01:35<02:14, 43.11it/s, acc=0.304, device=mps, eta=2m11s, loss=1.9971, sps=44.2]
BC[stage1_datasets_L40_stepsweep/bc_baseline_none_steps10000_tr2]:  42%|████▏     | 4228/10000 [01:35<02:03, 46.74it/s, acc=0.304, device=mps, eta=2m11s, loss=1.9971, sps=44.2]
BC[stage1_datasets_L40_stepsweep/bc_baseline_none_steps10000_tr2]:  42%|████▏     | 4235/10000 [01:35<01:53, 50.96it/s, acc=0.304, device=mps, eta=2m11s, loss=1.9971, sps=44.2]
BC[stage1_datasets_L40_stepsweep/bc_baseline_none_steps10000_tr2]:  42%|████▏     | 4241/10000 [01:35<02:14, 42.79it/s, acc=0.304, device=mps, eta=2m11s, loss=1.9971, sps=44.2]
BC[stage1_datasets_L40_stepsweep/bc_baseline_none_steps10000_tr2]:  42%|████▏     | 4248/10000 [01:36<02:01, 47.43it/s, acc=0.304, device=mps, eta=2m11s, loss=1.9971, sps=44.2]
BC[stage1_datasets_L40_stepsweep/bc_baseline_none_steps10000_tr2]:  43%|████▎     | 4255/10000 [01:36<01:53, 50.75it/s, acc=0.304, device=mps, eta=2m11s, loss=1.9971, sps=44.2]
BC[stage1_datasets_L40_stepsweep/bc_baseline_none_steps10000_tr2]:  43%|████▎     | 4261/10000 [01:36<02:18, 41.44it/s, acc=0.304, device=mps, eta=2m11s, loss=1.9971, sps=44.2]
BC[stage1_datasets_L40_stepsweep/bc_baseline_none_steps10000_tr2]:  43%|████▎     | 4267/10000 [01:36<02:09, 44.37it/s, acc=0.304, device=mps, eta=2m11s, loss=1.9971, sps=44.2]
BC[stage1_datasets_L40_stepsweep/bc_baseline_none_steps10000_tr2]:  43%|████▎     | 4273/10000 [01:36<02:01, 47.18it/s, acc=0.304, device=mps, eta=2m11s, loss=1.9971, sps=44.2]
BC[stage1_datasets_L40_stepsweep/bc_baseline_none_steps10000_tr2]:  43%|████▎     | 4280/10000 [01:36<01:49, 52.07it/s, acc=0.304, device=mps, eta=2m11s, loss=1.9971, sps=44.2]
BC[stage1_datasets_L40_stepsweep/bc_baseline_none_steps10000_tr2]:  43%|████▎     | 4286/10000 [01:36<02:15, 42.29it/s, acc=0.304, device=mps, eta=2m11s, loss=1.9971, sps=44.2]
BC[stage1_datasets_L40_stepsweep/bc_baseline_none_steps10000_tr2]:  43%|████▎     | 4293/10000 [01:37<02:01, 46.81it/s, acc=0.304, device=mps, eta=2m11s, loss=1.9971, sps=44.2]
BC[stage1_datasets_L40_stepsweep/bc_baseline_none_steps10000_tr2]:  43%|████▎     | 4300/10000 [01:37<01:50, 51.37it/s, acc=0.304, device=mps, eta=2m11s, loss=1.9971, sps=44.2]
BC[stage1_datasets_L40_stepsweep/bc_baseline_none_steps10000_tr2]:  43%|████▎     | 4306/10000 [01:37<02:15, 42.01it/s, acc=0.304, device=mps, eta=2m11s, loss=1.9971, sps=44.2]
BC[stage1_datasets_L40_stepsweep/bc_baseline_none_steps10000_tr2]:  43%|████▎     | 4312/10000 [01:37<02:04, 45.73it/s, acc=0.304, device=mps, eta=2m11s, loss=1.9971, sps=44.2]
BC[stage1_datasets_L40_stepsweep/bc_baseline_none_steps10000_tr2]:  43%|████▎     | 4319/10000 [01:37<01:54, 49.67it/s, acc=0.304, device=mps, eta=2m11s, loss=1.9971, sps=44.2]
BC[stage1_datasets_L40_stepsweep/bc_baseline_none_steps10000_tr2]:  43%|████▎     | 4325/10000 [01:37<02:18, 41.07it/s, acc=0.304, device=mps, eta=2m11s, loss=1.9971, sps=44.2]
BC[stage1_datasets_L40_stepsweep/bc_baseline_none_steps10000_tr2]:  43%|████▎     | 4330/10000 [01:37<02:16, 41.49it/s, acc=0.304, device=mps, eta=2m11s, loss=1.9971, sps=44.2]
BC[stage1_datasets_L40_stepsweep/bc_baseline_none_steps10000_tr2]:  43%|████▎     | 4336/10000 [01:37<02:05, 45.21it/s, acc=0.304, device=mps, eta=2m11s, loss=1.9971, sps=44.2]
BC[stage1_datasets_L40_stepsweep/bc_baseline_none_steps10000_tr2]:  43%|████▎     | 4341/10000 [01:38<02:26, 38.65it/s, acc=0.304, device=mps, eta=2m11s, loss=1.9971, sps=44.2]
BC[stage1_datasets_L40_stepsweep/bc_baseline_none_steps10000_tr2]:  43%|████▎     | 4348/10000 [01:38<02:06, 44.75it/s, acc=0.304, device=mps, eta=2m11s, loss=1.9971, sps=44.2]
BC[stage1_datasets_L40_stepsweep/bc_baseline_none_steps10000_tr2]:  44%|████▎     | 4355/10000 [01:38<01:52, 50.04it/s, acc=0.304, device=mps, eta=2m11s, loss=1.9971, sps=44.2]
BC[stage1_datasets_L40_stepsweep/bc_baseline_none_steps10000_tr2]:  44%|████▎     | 4361/10000 [01:38<02:12, 42.71it/s, acc=0.304, device=mps, eta=2m11s, loss=1.9971, sps=44.2]
BC[stage1_datasets_L40_stepsweep/bc_baseline_none_steps10000_tr2]:  44%|████▎     | 4368/10000 [01:38<01:58, 47.39it/s, acc=0.304, device=mps, eta=2m11s, loss=1.9971, sps=44.2]
BC[stage1_datasets_L40_stepsweep/bc_baseline_none_steps10000_tr2]:  44%|████▎     | 4374/10000 [01:38<01:54, 49.27it/s, acc=0.304, device=mps, eta=2m11s, loss=1.9971, sps=44.2]
BC[stage1_datasets_L40_stepsweep/bc_baseline_none_steps10000_tr2]:  44%|████▍     | 4380/10000 [01:38<01:48, 51.80it/s, acc=0.304, device=mps, eta=2m11s, loss=1.9971, sps=44.2]
BC[stage1_datasets_L40_stepsweep/bc_baseline_none_steps10000_tr2]:  44%|████▍     | 4386/10000 [01:39<02:16, 41.02it/s, acc=0.304, device=mps, eta=2m11s, loss=1.9971, sps=44.2]
BC[stage1_datasets_L40_stepsweep/bc_baseline_none_steps10000_tr2]:  44%|████▍     | 4392/10000 [01:39<02:06, 44.16it/s, acc=0.304, device=mps, eta=2m11s, loss=1.9971, sps=44.2]
BC[stage1_datasets_L40_stepsweep/bc_baseline_none_steps10000_tr2]:  44%|████▍     | 4398/10000 [01:39<01:56, 47.89it/s, acc=0.304, device=mps, eta=2m11s, loss=1.9971, sps=44.2]
BC[stage1_datasets_L40_stepsweep/bc_baseline_none_steps10000_tr2]:  44%|████▍     | 4398/10000 [01:39<01:56, 47.89it/s, acc=0.304, device=mps, eta=2m06s, loss=2.0017, sps=44.3]
BC[stage1_datasets_L40_stepsweep/bc_baseline_none_steps10000_tr2]:  44%|████▍     | 4404/10000 [01:39<02:18, 40.30it/s, acc=0.304, device=mps, eta=2m06s, loss=2.0017, sps=44.3]
BC[stage1_datasets_L40_stepsweep/bc_baseline_none_steps10000_tr2]:  44%|████▍     | 4411/10000 [01:39<02:02, 45.47it/s, acc=0.304, device=mps, eta=2m06s, loss=2.0017, sps=44.3]
BC[stage1_datasets_L40_stepsweep/bc_baseline_none_steps10000_tr2]:  44%|████▍     | 4418/10000 [01:39<01:50, 50.62it/s, acc=0.304, device=mps, eta=2m06s, loss=2.0017, sps=44.3]
BC[stage1_datasets_L40_stepsweep/bc_baseline_none_steps10000_tr2]:  44%|████▍     | 4424/10000 [01:39<02:11, 42.50it/s, acc=0.304, device=mps, eta=2m06s, loss=2.0017, sps=44.3]
BC[stage1_datasets_L40_stepsweep/bc_baseline_none_steps10000_tr2]:  44%|████▍     | 4430/10000 [01:40<02:00, 46.31it/s, acc=0.304, device=mps, eta=2m06s, loss=2.0017, sps=44.3]
BC[stage1_datasets_L40_stepsweep/bc_baseline_none_steps10000_tr2]:  44%|████▍     | 4437/10000 [01:40<01:51, 50.01it/s, acc=0.304, device=mps, eta=2m06s, loss=2.0017, sps=44.3]
BC[stage1_datasets_L40_stepsweep/bc_baseline_none_steps10000_tr2]:  44%|████▍     | 4443/10000 [01:40<02:12, 41.80it/s, acc=0.304, device=mps, eta=2m06s, loss=2.0017, sps=44.3]
BC[stage1_datasets_L40_stepsweep/bc_baseline_none_steps10000_tr2]:  44%|████▍     | 4449/10000 [01:40<02:05, 44.34it/s, acc=0.304, device=mps, eta=2m06s, loss=2.0017, sps=44.3]
BC[stage1_datasets_L40_stepsweep/bc_baseline_none_steps10000_tr2]:  45%|████▍     | 4455/10000 [01:40<01:56, 47.68it/s, acc=0.304, device=mps, eta=2m06s, loss=2.0017, sps=44.3]
BC[stage1_datasets_L40_stepsweep/bc_baseline_none_steps10000_tr2]:  45%|████▍     | 4461/10000 [01:40<02:17, 40.35it/s, acc=0.304, device=mps, eta=2m06s, loss=2.0017, sps=44.3]
BC[stage1_datasets_L40_stepsweep/bc_baseline_none_steps10000_tr2]:  45%|████▍     | 4467/10000 [01:40<02:06, 43.73it/s, acc=0.304, device=mps, eta=2m06s, loss=2.0017, sps=44.3]
BC[stage1_datasets_L40_stepsweep/bc_baseline_none_steps10000_tr2]:  45%|████▍     | 4473/10000 [01:41<01:56, 47.50it/s, acc=0.304, device=mps, eta=2m06s, loss=2.0017, sps=44.3]
BC[stage1_datasets_L40_stepsweep/bc_baseline_none_steps10000_tr2]:  45%|████▍     | 4480/10000 [01:41<01:46, 52.04it/s, acc=0.304, device=mps, eta=2m06s, loss=2.0017, sps=44.3]
BC[stage1_datasets_L40_stepsweep/bc_baseline_none_steps10000_tr2]:  45%|████▍     | 4486/10000 [01:41<02:11, 41.81it/s, acc=0.304, device=mps, eta=2m06s, loss=2.0017, sps=44.3]
BC[stage1_datasets_L40_stepsweep/bc_baseline_none_steps10000_tr2]:  45%|████▍     | 4491/10000 [01:41<02:06, 43.58it/s, acc=0.304, device=mps, eta=2m06s, loss=2.0017, sps=44.3]
BC[stage1_datasets_L40_stepsweep/bc_baseline_none_steps10000_tr2]:  45%|████▍     | 4497/10000 [01:41<01:58, 46.30it/s, acc=0.304, device=mps, eta=2m06s, loss=2.0017, sps=44.3]
BC[stage1_datasets_L40_stepsweep/bc_baseline_none_steps10000_tr2]:  45%|████▌     | 4502/10000 [01:41<02:23, 38.22it/s, acc=0.304, device=mps, eta=2m06s, loss=2.0017, sps=44.3]
BC[stage1_datasets_L40_stepsweep/bc_baseline_none_steps10000_tr2]:  45%|████▌     | 4508/10000 [01:41<02:09, 42.53it/s, acc=0.304, device=mps, eta=2m06s, loss=2.0017, sps=44.3]
BC[stage1_datasets_L40_stepsweep/bc_baseline_none_steps10000_tr2]:  45%|████▌     | 4514/10000 [01:41<01:59, 45.74it/s, acc=0.304, device=mps, eta=2m06s, loss=2.0017, sps=44.3]
BC[stage1_datasets_L40_stepsweep/bc_baseline_none_steps10000_tr2]:  45%|████▌     | 4520/10000 [01:42<01:51, 49.29it/s, acc=0.304, device=mps, eta=2m06s, loss=2.0017, sps=44.3]
BC[stage1_datasets_L40_stepsweep/bc_baseline_none_steps10000_tr2]:  45%|████▌     | 4526/10000 [01:42<02:13, 41.10it/s, acc=0.304, device=mps, eta=2m06s, loss=2.0017, sps=44.3]
BC[stage1_datasets_L40_stepsweep/bc_baseline_none_steps10000_tr2]:  45%|████▌     | 4532/10000 [01:42<02:05, 43.72it/s, acc=0.304, device=mps, eta=2m06s, loss=2.0017, sps=44.3]
BC[stage1_datasets_L40_stepsweep/bc_baseline_none_steps10000_tr2]:  45%|████▌     | 4538/10000 [01:42<01:55, 47.27it/s, acc=0.304, device=mps, eta=2m06s, loss=2.0017, sps=44.3]
BC[stage1_datasets_L40_stepsweep/bc_baseline_none_steps10000_tr2]:  45%|████▌     | 4544/10000 [01:42<02:15, 40.13it/s, acc=0.304, device=mps, eta=2m06s, loss=2.0017, sps=44.3]
BC[stage1_datasets_L40_stepsweep/bc_baseline_none_steps10000_tr2]:  46%|████▌     | 4550/10000 [01:42<02:03, 44.08it/s, acc=0.304, device=mps, eta=2m06s, loss=2.0017, sps=44.3]
BC[stage1_datasets_L40_stepsweep/bc_baseline_none_steps10000_tr2]:  46%|████▌     | 4556/10000 [01:42<01:56, 46.78it/s, acc=0.304, device=mps, eta=2m06s, loss=2.0017, sps=44.3]
BC[stage1_datasets_L40_stepsweep/bc_baseline_none_steps10000_tr2]:  46%|████▌     | 4562/10000 [01:43<02:17, 39.61it/s, acc=0.304, device=mps, eta=2m06s, loss=2.0017, sps=44.3]
BC[stage1_datasets_L40_stepsweep/bc_baseline_none_steps10000_tr2]:  46%|████▌     | 4568/10000 [01:43<02:04, 43.74it/s, acc=0.304, device=mps, eta=2m06s, loss=2.0017, sps=44.3]
BC[stage1_datasets_L40_stepsweep/bc_baseline_none_steps10000_tr2]:  46%|████▌     | 4574/10000 [01:43<01:55, 46.82it/s, acc=0.304, device=mps, eta=2m06s, loss=2.0017, sps=44.3]
BC[stage1_datasets_L40_stepsweep/bc_baseline_none_steps10000_tr2]:  46%|████▌     | 4581/10000 [01:43<02:14, 40.43it/s, acc=0.304, device=mps, eta=2m06s, loss=2.0017, sps=44.3]
BC[stage1_datasets_L40_stepsweep/bc_baseline_none_steps10000_tr2]:  46%|████▌     | 4587/10000 [01:43<02:01, 44.53it/s, acc=0.304, device=mps, eta=2m06s, loss=2.0017, sps=44.3]
BC[stage1_datasets_L40_stepsweep/bc_baseline_none_steps10000_tr2]:  46%|████▌     | 4593/10000 [01:43<01:55, 46.79it/s, acc=0.304, device=mps, eta=2m06s, loss=2.0017, sps=44.3]
BC[stage1_datasets_L40_stepsweep/bc_baseline_none_steps10000_tr2]:  46%|████▌     | 4599/10000 [01:43<01:49, 49.32it/s, acc=0.304, device=mps, eta=2m06s, loss=2.0017, sps=44.3]
BC[stage1_datasets_L40_stepsweep/bc_baseline_none_steps10000_tr2]:  46%|████▌     | 4599/10000 [01:43<01:49, 49.32it/s, acc=0.305, device=mps, eta=2m02s, loss=1.9999, sps=44.3]
BC[stage1_datasets_L40_stepsweep/bc_baseline_none_steps10000_tr2]:  46%|████▌     | 4605/10000 [01:44<02:13, 40.36it/s, acc=0.305, device=mps, eta=2m02s, loss=1.9999, sps=44.3]
BC[stage1_datasets_L40_stepsweep/bc_baseline_none_steps10000_tr2]:  46%|████▌     | 4611/10000 [01:44<02:02, 44.08it/s, acc=0.305, device=mps, eta=2m02s, loss=1.9999, sps=44.3]
BC[stage1_datasets_L40_stepsweep/bc_baseline_none_steps10000_tr2]:  46%|████▌     | 4618/10000 [01:44<01:50, 48.60it/s, acc=0.305, device=mps, eta=2m02s, loss=1.9999, sps=44.3]
BC[stage1_datasets_L40_stepsweep/bc_baseline_none_steps10000_tr2]:  46%|████▌     | 4624/10000 [01:44<02:09, 41.48it/s, acc=0.305, device=mps, eta=2m02s, loss=1.9999, sps=44.3]
BC[stage1_datasets_L40_stepsweep/bc_baseline_none_steps10000_tr2]:  46%|████▋     | 4631/10000 [01:44<01:55, 46.39it/s, acc=0.305, device=mps, eta=2m02s, loss=1.9999, sps=44.3]
BC[stage1_datasets_L40_stepsweep/bc_baseline_none_steps10000_tr2]:  46%|████▋     | 4638/10000 [01:44<01:46, 50.23it/s, acc=0.305, device=mps, eta=2m02s, loss=1.9999, sps=44.3]
BC[stage1_datasets_L40_stepsweep/bc_baseline_none_steps10000_tr2]:  46%|████▋     | 4644/10000 [01:44<02:07, 42.08it/s, acc=0.305, device=mps, eta=2m02s, loss=1.9999, sps=44.3]
BC[stage1_datasets_L40_stepsweep/bc_baseline_none_steps10000_tr2]:  46%|████▋     | 4650/10000 [01:45<02:00, 44.41it/s, acc=0.305, device=mps, eta=2m02s, loss=1.9999, sps=44.3]
BC[stage1_datasets_L40_stepsweep/bc_baseline_none_steps10000_tr2]:  47%|████▋     | 4656/10000 [01:45<01:54, 46.55it/s, acc=0.305, device=mps, eta=2m02s, loss=1.9999, sps=44.3]
BC[stage1_datasets_L40_stepsweep/bc_baseline_none_steps10000_tr2]:  47%|████▋     | 4661/10000 [01:45<02:17, 38.96it/s, acc=0.305, device=mps, eta=2m02s, loss=1.9999, sps=44.3]
BC[stage1_datasets_L40_stepsweep/bc_baseline_none_steps10000_tr2]:  47%|████▋     | 4668/10000 [01:45<01:59, 44.61it/s, acc=0.305, device=mps, eta=2m02s, loss=1.9999, sps=44.3]
BC[stage1_datasets_L40_stepsweep/bc_baseline_none_steps10000_tr2]:  47%|████▋     | 4675/10000 [01:45<01:48, 49.11it/s, acc=0.305, device=mps, eta=2m02s, loss=1.9999, sps=44.3]
BC[stage1_datasets_L40_stepsweep/bc_baseline_none_steps10000_tr2]:  47%|████▋     | 4681/10000 [01:45<02:08, 41.52it/s, acc=0.305, device=mps, eta=2m02s, loss=1.9999, sps=44.3]
BC[stage1_datasets_L40_stepsweep/bc_baseline_none_steps10000_tr2]:  47%|████▋     | 4687/10000 [01:45<01:57, 45.15it/s, acc=0.305, device=mps, eta=2m02s, loss=1.9999, sps=44.3]
BC[stage1_datasets_L40_stepsweep/bc_baseline_none_steps10000_tr2]:  47%|████▋     | 4693/10000 [01:45<01:51, 47.81it/s, acc=0.305, device=mps, eta=2m02s, loss=1.9999, sps=44.3]
BC[stage1_datasets_L40_stepsweep/bc_baseline_none_steps10000_tr2]:  47%|████▋     | 4699/10000 [01:46<01:44, 50.51it/s, acc=0.305, device=mps, eta=2m02s, loss=1.9999, sps=44.3]
BC[stage1_datasets_L40_stepsweep/bc_baseline_none_steps10000_tr2]:  47%|████▋     | 4705/10000 [01:46<02:07, 41.45it/s, acc=0.305, device=mps, eta=2m02s, loss=1.9999, sps=44.3]
BC[stage1_datasets_L40_stepsweep/bc_baseline_none_steps10000_tr2]:  47%|████▋     | 4711/10000 [01:46<01:57, 45.15it/s, acc=0.305, device=mps, eta=2m02s, loss=1.9999, sps=44.3]
BC[stage1_datasets_L40_stepsweep/bc_baseline_none_steps10000_tr2]:  47%|████▋     | 4717/10000 [01:46<01:48, 48.74it/s, acc=0.305, device=mps, eta=2m02s, loss=1.9999, sps=44.3]
BC[stage1_datasets_L40_stepsweep/bc_baseline_none_steps10000_tr2]:  47%|████▋     | 4723/10000 [01:46<02:09, 40.83it/s, acc=0.305, device=mps, eta=2m02s, loss=1.9999, sps=44.3]
BC[stage1_datasets_L40_stepsweep/bc_baseline_none_steps10000_tr2]:  47%|████▋     | 4729/10000 [01:46<01:59, 44.16it/s, acc=0.305, device=mps, eta=2m02s, loss=1.9999, sps=44.3]
BC[stage1_datasets_L40_stepsweep/bc_baseline_none_steps10000_tr2]:  47%|████▋     | 4736/10000 [01:46<01:48, 48.58it/s, acc=0.305, device=mps, eta=2m02s, loss=1.9999, sps=44.3]
BC[stage1_datasets_L40_stepsweep/bc_baseline_none_steps10000_tr2]:  47%|████▋     | 4742/10000 [01:47<02:07, 41.11it/s, acc=0.305, device=mps, eta=2m02s, loss=1.9999, sps=44.3]
BC[stage1_datasets_L40_stepsweep/bc_baseline_none_steps10000_tr2]:  47%|████▋     | 4749/10000 [01:47<01:53, 46.33it/s, acc=0.305, device=mps, eta=2m02s, loss=1.9999, sps=44.3]
BC[stage1_datasets_L40_stepsweep/bc_baseline_none_steps10000_tr2]:  48%|████▊     | 4756/10000 [01:47<01:41, 51.50it/s, acc=0.305, device=mps, eta=2m02s, loss=1.9999, sps=44.3]
BC[stage1_datasets_L40_stepsweep/bc_baseline_none_steps10000_tr2]:  48%|████▊     | 4762/10000 [01:47<01:59, 43.82it/s, acc=0.305, device=mps, eta=2m02s, loss=1.9999, sps=44.3]
BC[stage1_datasets_L40_stepsweep/bc_baseline_none_steps10000_tr2]:  48%|████▊     | 4769/10000 [01:47<01:48, 48.11it/s, acc=0.305, device=mps, eta=2m02s, loss=1.9999, sps=44.3]
BC[stage1_datasets_L40_stepsweep/bc_baseline_none_steps10000_tr2]:  48%|████▊     | 4775/10000 [01:47<01:45, 49.64it/s, acc=0.305, device=mps, eta=2m02s, loss=1.9999, sps=44.3]
BC[stage1_datasets_L40_stepsweep/bc_baseline_none_steps10000_tr2]:  48%|████▊     | 4781/10000 [01:47<02:09, 40.42it/s, acc=0.305, device=mps, eta=2m02s, loss=1.9999, sps=44.3]
BC[stage1_datasets_L40_stepsweep/bc_baseline_none_steps10000_tr2]:  48%|████▊     | 4787/10000 [01:48<01:58, 44.01it/s, acc=0.305, device=mps, eta=2m02s, loss=1.9999, sps=44.3]
BC[stage1_datasets_L40_stepsweep/bc_baseline_none_steps10000_tr2]:  48%|████▊     | 4793/10000 [01:48<01:50, 46.92it/s, acc=0.305, device=mps, eta=2m02s, loss=1.9999, sps=44.3]
BC[stage1_datasets_L40_stepsweep/bc_baseline_none_steps10000_tr2]:  48%|████▊     | 4799/10000 [01:48<01:44, 49.93it/s, acc=0.305, device=mps, eta=2m02s, loss=1.9999, sps=44.3]
BC[stage1_datasets_L40_stepsweep/bc_baseline_none_steps10000_tr2]:  48%|████▊     | 4799/10000 [01:48<01:44, 49.93it/s, acc=0.302, device=mps, eta=1m57s, loss=2.0000, sps=44.3]
BC[stage1_datasets_L40_stepsweep/bc_baseline_none_steps10000_tr2]:  48%|████▊     | 4805/10000 [01:48<02:04, 41.73it/s, acc=0.302, device=mps, eta=1m57s, loss=2.0000, sps=44.3]
BC[stage1_datasets_L40_stepsweep/bc_baseline_none_steps10000_tr2]:  48%|████▊     | 4811/10000 [01:48<01:54, 45.50it/s, acc=0.302, device=mps, eta=1m57s, loss=2.0000, sps=44.3]
BC[stage1_datasets_L40_stepsweep/bc_baseline_none_steps10000_tr2]:  48%|████▊     | 4817/10000 [01:48<01:46, 48.87it/s, acc=0.302, device=mps, eta=1m57s, loss=2.0000, sps=44.3]
BC[stage1_datasets_L40_stepsweep/bc_baseline_none_steps10000_tr2]:  48%|████▊     | 4823/10000 [01:48<02:06, 40.79it/s, acc=0.302, device=mps, eta=1m57s, loss=2.0000, sps=44.3]
BC[stage1_datasets_L40_stepsweep/bc_baseline_none_steps10000_tr2]:  48%|████▊     | 4829/10000 [01:49<01:58, 43.78it/s, acc=0.302, device=mps, eta=1m57s, loss=2.0000, sps=44.3]
BC[stage1_datasets_L40_stepsweep/bc_baseline_none_steps10000_tr2]:  48%|████▊     | 4835/10000 [01:49<01:49, 47.15it/s, acc=0.302, device=mps, eta=1m57s, loss=2.0000, sps=44.3]
BC[stage1_datasets_L40_stepsweep/bc_baseline_none_steps10000_tr2]:  48%|████▊     | 4841/10000 [01:49<02:11, 39.38it/s, acc=0.302, device=mps, eta=1m57s, loss=2.0000, sps=44.3]
BC[stage1_datasets_L40_stepsweep/bc_baseline_none_steps10000_tr2]:  48%|████▊     | 4848/10000 [01:49<01:55, 44.70it/s, acc=0.302, device=mps, eta=1m57s, loss=2.0000, sps=44.3]
BC[stage1_datasets_L40_stepsweep/bc_baseline_none_steps10000_tr2]:  49%|████▊     | 4855/10000 [01:49<01:45, 48.88it/s, acc=0.302, device=mps, eta=1m57s, loss=2.0000, sps=44.3]
BC[stage1_datasets_L40_stepsweep/bc_baseline_none_steps10000_tr2]:  49%|████▊     | 4861/10000 [01:49<02:03, 41.61it/s, acc=0.302, device=mps, eta=1m57s, loss=2.0000, sps=44.3]
BC[stage1_datasets_L40_stepsweep/bc_baseline_none_steps10000_tr2]:  49%|████▊     | 4867/10000 [01:49<01:53, 45.37it/s, acc=0.302, device=mps, eta=1m57s, loss=2.0000, sps=44.3]
BC[stage1_datasets_L40_stepsweep/bc_baseline_none_steps10000_tr2]:  49%|████▊     | 4874/10000 [01:49<01:43, 49.62it/s, acc=0.302, device=mps, eta=1m57s, loss=2.0000, sps=44.3]
BC[stage1_datasets_L40_stepsweep/bc_baseline_none_steps10000_tr2]:  49%|████▉     | 4881/10000 [01:50<01:58, 43.14it/s, acc=0.302, device=mps, eta=1m57s, loss=2.0000, sps=44.3]
BC[stage1_datasets_L40_stepsweep/bc_baseline_none_steps10000_tr2]:  49%|████▉     | 4888/10000 [01:50<01:46, 47.99it/s, acc=0.302, device=mps, eta=1m57s, loss=2.0000, sps=44.3]
BC[stage1_datasets_L40_stepsweep/bc_baseline_none_steps10000_tr2]:  49%|████▉     | 4895/10000 [01:50<01:38, 51.62it/s, acc=0.302, device=mps, eta=1m57s, loss=2.0000, sps=44.3]
BC[stage1_datasets_L40_stepsweep/bc_baseline_none_steps10000_tr2]:  49%|████▉     | 4901/10000 [01:50<01:58, 42.91it/s, acc=0.302, device=mps, eta=1m57s, loss=2.0000, sps=44.3]
BC[stage1_datasets_L40_stepsweep/bc_baseline_none_steps10000_tr2]:  49%|████▉     | 4907/10000 [01:50<01:50, 46.08it/s, acc=0.302, device=mps, eta=1m57s, loss=2.0000, sps=44.3]
BC[stage1_datasets_L40_stepsweep/bc_baseline_none_steps10000_tr2]:  49%|████▉     | 4913/10000 [01:50<01:43, 49.26it/s, acc=0.302, device=mps, eta=1m57s, loss=2.0000, sps=44.3]
BC[stage1_datasets_L40_stepsweep/bc_baseline_none_steps10000_tr2]:  49%|████▉     | 4920/10000 [01:50<01:34, 53.50it/s, acc=0.302, device=mps, eta=1m57s, loss=2.0000, sps=44.3]
BC[stage1_datasets_L40_stepsweep/bc_baseline_none_steps10000_tr2]:  49%|████▉     | 4926/10000 [01:51<01:59, 42.52it/s, acc=0.302, device=mps, eta=1m57s, loss=2.0000, sps=44.3]
BC[stage1_datasets_L40_stepsweep/bc_baseline_none_steps10000_tr2]:  49%|████▉     | 4932/10000 [01:51<01:52, 45.14it/s, acc=0.302, device=mps, eta=1m57s, loss=2.0000, sps=44.3]
BC[stage1_datasets_L40_stepsweep/bc_baseline_none_steps10000_tr2]:  49%|████▉     | 4939/10000 [01:51<01:42, 49.40it/s, acc=0.302, device=mps, eta=1m57s, loss=2.0000, sps=44.3]
BC[stage1_datasets_L40_stepsweep/bc_baseline_none_steps10000_tr2]:  49%|████▉     | 4945/10000 [01:51<02:03, 40.98it/s, acc=0.302, device=mps, eta=1m57s, loss=2.0000, sps=44.3]
BC[stage1_datasets_L40_stepsweep/bc_baseline_none_steps10000_tr2]:  50%|████▉     | 4951/10000 [01:51<01:54, 43.91it/s, acc=0.302, device=mps, eta=1m57s, loss=2.0000, sps=44.3]
BC[stage1_datasets_L40_stepsweep/bc_baseline_none_steps10000_tr2]:  50%|████▉     | 4958/10000 [01:51<01:44, 48.29it/s, acc=0.302, device=mps, eta=1m57s, loss=2.0000, sps=44.3]
BC[stage1_datasets_L40_stepsweep/bc_baseline_none_steps10000_tr2]:  50%|████▉     | 4964/10000 [01:51<02:01, 41.36it/s, acc=0.302, device=mps, eta=1m57s, loss=2.0000, sps=44.3]
BC[stage1_datasets_L40_stepsweep/bc_baseline_none_steps10000_tr2]:  50%|████▉     | 4970/10000 [01:52<01:51, 45.24it/s, acc=0.302, device=mps, eta=1m57s, loss=2.0000, sps=44.3]
BC[stage1_datasets_L40_stepsweep/bc_baseline_none_steps10000_tr2]:  50%|████▉     | 4976/10000 [01:52<01:43, 48.51it/s, acc=0.302, device=mps, eta=1m57s, loss=2.0000, sps=44.3]
BC[stage1_datasets_L40_stepsweep/bc_baseline_none_steps10000_tr2]:  50%|████▉     | 4982/10000 [01:52<02:04, 40.22it/s, acc=0.302, device=mps, eta=1m57s, loss=2.0000, sps=44.3]
BC[stage1_datasets_L40_stepsweep/bc_baseline_none_steps10000_tr2]:  50%|████▉     | 4988/10000 [01:52<01:53, 43.99it/s, acc=0.302, device=mps, eta=1m57s, loss=2.0000, sps=44.3]
BC[stage1_datasets_L40_stepsweep/bc_baseline_none_steps10000_tr2]:  50%|████▉     | 4994/10000 [01:52<01:44, 47.74it/s, acc=0.302, device=mps, eta=1m57s, loss=2.0000, sps=44.3]
BC[stage1_datasets_L40_stepsweep/bc_baseline_none_steps10000_tr2]:  50%|████▉     | 4994/10000 [01:52<01:44, 47.74it/s, acc=0.305, device=mps, eta=1m53s, loss=1.9956, sps=44.4]
BC[stage1_datasets_L40_stepsweep/bc_baseline_none_steps10000_tr2]:  50%|█████     | 5001/10000 [01:52<02:01, 41.13it/s, acc=0.305, device=mps, eta=1m53s, loss=1.9956, sps=44.4]
BC[stage1_datasets_L40_stepsweep/bc_baseline_none_steps10000_tr2]:  50%|█████     | 5007/10000 [01:52<01:50, 45.19it/s, acc=0.305, device=mps, eta=1m53s, loss=1.9956, sps=44.4]
BC[stage1_datasets_L40_stepsweep/bc_baseline_none_steps10000_tr2]:  50%|█████     | 5013/10000 [01:53<01:44, 47.56it/s, acc=0.305, device=mps, eta=1m53s, loss=1.9956, sps=44.4]
BC[stage1_datasets_L40_stepsweep/bc_baseline_none_steps10000_tr2]:  50%|█████     | 5019/10000 [01:53<01:39, 49.87it/s, acc=0.305, device=mps, eta=1m53s, loss=1.9956, sps=44.4]
BC[stage1_datasets_L40_stepsweep/bc_baseline_none_steps10000_tr2]:  50%|█████     | 5025/10000 [01:53<02:00, 41.20it/s, acc=0.305, device=mps, eta=1m53s, loss=1.9956, sps=44.4]
BC[stage1_datasets_L40_stepsweep/bc_baseline_none_steps10000_tr2]:  50%|█████     | 5030/10000 [01:53<01:55, 42.94it/s, acc=0.305, device=mps, eta=1m53s, loss=1.9956, sps=44.4]
BC[stage1_datasets_L40_stepsweep/bc_baseline_none_steps10000_tr2]:  50%|█████     | 5036/10000 [01:53<01:46, 46.74it/s, acc=0.305, device=mps, eta=1m53s, loss=1.9956, sps=44.4]
BC[stage1_datasets_L40_stepsweep/bc_baseline_none_steps10000_tr2]:  50%|█████     | 5042/10000 [01:53<02:04, 39.82it/s, acc=0.305, device=mps, eta=1m53s, loss=1.9956, sps=44.4]
BC[stage1_datasets_L40_stepsweep/bc_baseline_none_steps10000_tr2]:  50%|█████     | 5048/10000 [01:53<01:53, 43.72it/s, acc=0.305, device=mps, eta=1m53s, loss=1.9956, sps=44.4]
BC[stage1_datasets_L40_stepsweep/bc_baseline_none_steps10000_tr2]:  51%|█████     | 5054/10000 [01:53<01:46, 46.54it/s, acc=0.305, device=mps, eta=1m53s, loss=1.9956, sps=44.4]
BC[stage1_datasets_L40_stepsweep/bc_baseline_none_steps10000_tr2]:  51%|█████     | 5061/10000 [01:54<02:03, 39.89it/s, acc=0.305, device=mps, eta=1m53s, loss=1.9956, sps=44.4]
BC[stage1_datasets_L40_stepsweep/bc_baseline_none_steps10000_tr2]:  51%|█████     | 5067/10000 [01:54<01:53, 43.40it/s, acc=0.305, device=mps, eta=1m53s, loss=1.9956, sps=44.4]
BC[stage1_datasets_L40_stepsweep/bc_baseline_none_steps10000_tr2]:  51%|█████     | 5073/10000 [01:54<01:45, 46.87it/s, acc=0.305, device=mps, eta=1m53s, loss=1.9956, sps=44.4]
BC[stage1_datasets_L40_stepsweep/bc_baseline_none_steps10000_tr2]:  51%|█████     | 5080/10000 [01:54<01:35, 51.62it/s, acc=0.305, device=mps, eta=1m53s, loss=1.9956, sps=44.4]
BC[stage1_datasets_L40_stepsweep/bc_baseline_none_steps10000_tr2]:  51%|█████     | 5086/10000 [01:54<01:58, 41.40it/s, acc=0.305, device=mps, eta=1m53s, loss=1.9956, sps=44.4]
BC[stage1_datasets_L40_stepsweep/bc_baseline_none_steps10000_tr2]:  51%|█████     | 5091/10000 [01:54<01:53, 43.28it/s, acc=0.305, device=mps, eta=1m53s, loss=1.9956, sps=44.4]
BC[stage1_datasets_L40_stepsweep/bc_baseline_none_steps10000_tr2]:  51%|█████     | 5097/10000 [01:54<01:46, 46.05it/s, acc=0.305, device=mps, eta=1m53s, loss=1.9956, sps=44.4]
BC[stage1_datasets_L40_stepsweep/bc_baseline_none_steps10000_tr2]:  51%|█████     | 5102/10000 [01:55<02:06, 38.80it/s, acc=0.305, device=mps, eta=1m53s, loss=1.9956, sps=44.4]
BC[stage1_datasets_L40_stepsweep/bc_baseline_none_steps10000_tr2]:  51%|█████     | 5108/10000 [01:55<01:52, 43.55it/s, acc=0.305, device=mps, eta=1m53s, loss=1.9956, sps=44.4]
BC[stage1_datasets_L40_stepsweep/bc_baseline_none_steps10000_tr2]:  51%|█████     | 5114/10000 [01:55<01:43, 47.08it/s, acc=0.305, device=mps, eta=1m53s, loss=1.9956, sps=44.4]
BC[stage1_datasets_L40_stepsweep/bc_baseline_none_steps10000_tr2]:  51%|█████     | 5121/10000 [01:55<02:00, 40.37it/s, acc=0.305, device=mps, eta=1m53s, loss=1.9956, sps=44.4]
BC[stage1_datasets_L40_stepsweep/bc_baseline_none_steps10000_tr2]:  51%|█████▏    | 5128/10000 [01:55<01:47, 45.47it/s, acc=0.305, device=mps, eta=1m53s, loss=1.9956, sps=44.4]
BC[stage1_datasets_L40_stepsweep/bc_baseline_none_steps10000_tr2]:  51%|█████▏    | 5135/10000 [01:55<01:37, 49.97it/s, acc=0.305, device=mps, eta=1m53s, loss=1.9956, sps=44.4]
BC[stage1_datasets_L40_stepsweep/bc_baseline_none_steps10000_tr2]:  51%|█████▏    | 5141/10000 [01:55<01:54, 42.57it/s, acc=0.305, device=mps, eta=1m53s, loss=1.9956, sps=44.4]
BC[stage1_datasets_L40_stepsweep/bc_baseline_none_steps10000_tr2]:  51%|█████▏    | 5147/10000 [01:56<01:47, 44.99it/s, acc=0.305, device=mps, eta=1m53s, loss=1.9956, sps=44.4]
BC[stage1_datasets_L40_stepsweep/bc_baseline_none_steps10000_tr2]:  52%|█████▏    | 5153/10000 [01:56<01:42, 47.47it/s, acc=0.305, device=mps, eta=1m53s, loss=1.9956, sps=44.4]
BC[stage1_datasets_L40_stepsweep/bc_baseline_none_steps10000_tr2]:  52%|█████▏    | 5159/10000 [01:56<01:37, 49.77it/s, acc=0.305, device=mps, eta=1m53s, loss=1.9956, sps=44.4]
BC[stage1_datasets_L40_stepsweep/bc_baseline_none_steps10000_tr2]:  52%|█████▏    | 5165/10000 [01:56<01:58, 40.67it/s, acc=0.305, device=mps, eta=1m53s, loss=1.9956, sps=44.4]
BC[stage1_datasets_L40_stepsweep/bc_baseline_none_steps10000_tr2]:  52%|█████▏    | 5171/10000 [01:56<01:51, 43.18it/s, acc=0.305, device=mps, eta=1m53s, loss=1.9956, sps=44.4]
BC[stage1_datasets_L40_stepsweep/bc_baseline_none_steps10000_tr2]:  52%|█████▏    | 5177/10000 [01:56<01:43, 46.70it/s, acc=0.305, device=mps, eta=1m53s, loss=1.9956, sps=44.4]
BC[stage1_datasets_L40_stepsweep/bc_baseline_none_steps10000_tr2]:  52%|█████▏    | 5183/10000 [01:56<02:00, 39.82it/s, acc=0.305, device=mps, eta=1m53s, loss=1.9956, sps=44.4]
BC[stage1_datasets_L40_stepsweep/bc_baseline_none_steps10000_tr2]:  52%|█████▏    | 5189/10000 [01:57<01:52, 42.79it/s, acc=0.305, device=mps, eta=1m53s, loss=1.9956, sps=44.4]
BC[stage1_datasets_L40_stepsweep/bc_baseline_none_steps10000_tr2]:  52%|█████▏    | 5195/10000 [01:57<01:44, 45.93it/s, acc=0.305, device=mps, eta=1m53s, loss=1.9956, sps=44.4]
BC[stage1_datasets_L40_stepsweep/bc_baseline_none_steps10000_tr2]:  52%|█████▏    | 5195/10000 [01:57<01:44, 45.93it/s, acc=0.304, device=mps, eta=1m48s, loss=2.0006, sps=44.3]
BC[stage1_datasets_L40_stepsweep/bc_baseline_none_steps10000_tr2]:  52%|█████▏    | 5201/10000 [01:57<02:03, 38.84it/s, acc=0.304, device=mps, eta=1m48s, loss=2.0006, sps=44.3]
BC[stage1_datasets_L40_stepsweep/bc_baseline_none_steps10000_tr2]:  52%|█████▏    | 5207/10000 [01:57<01:53, 42.35it/s, acc=0.304, device=mps, eta=1m48s, loss=2.0006, sps=44.3]
BC[stage1_datasets_L40_stepsweep/bc_baseline_none_steps10000_tr2]:  52%|█████▏    | 5213/10000 [01:57<01:45, 45.42it/s, acc=0.304, device=mps, eta=1m48s, loss=2.0006, sps=44.3]
BC[stage1_datasets_L40_stepsweep/bc_baseline_none_steps10000_tr2]:  52%|█████▏    | 5219/10000 [01:57<01:39, 48.09it/s, acc=0.304, device=mps, eta=1m48s, loss=2.0006, sps=44.3]
BC[stage1_datasets_L40_stepsweep/bc_baseline_none_steps10000_tr2]:  52%|█████▏    | 5225/10000 [01:57<01:58, 40.33it/s, acc=0.304, device=mps, eta=1m48s, loss=2.0006, sps=44.3]
BC[stage1_datasets_L40_stepsweep/bc_baseline_none_steps10000_tr2]:  52%|█████▏    | 5231/10000 [01:58<01:49, 43.62it/s, acc=0.304, device=mps, eta=1m48s, loss=2.0006, sps=44.3]
BC[stage1_datasets_L40_stepsweep/bc_baseline_none_steps10000_tr2]:  52%|█████▏    | 5237/10000 [01:58<01:41, 47.14it/s, acc=0.304, device=mps, eta=1m48s, loss=2.0006, sps=44.3]
BC[stage1_datasets_L40_stepsweep/bc_baseline_none_steps10000_tr2]:  52%|█████▏    | 5243/10000 [01:58<01:59, 39.76it/s, acc=0.304, device=mps, eta=1m48s, loss=2.0006, sps=44.3]
BC[stage1_datasets_L40_stepsweep/bc_baseline_none_steps10000_tr2]:  52%|█████▏    | 5249/10000 [01:58<01:49, 43.53it/s, acc=0.304, device=mps, eta=1m48s, loss=2.0006, sps=44.3]
BC[stage1_datasets_L40_stepsweep/bc_baseline_none_steps10000_tr2]:  53%|█████▎    | 5256/10000 [01:58<01:38, 48.23it/s, acc=0.304, device=mps, eta=1m48s, loss=2.0006, sps=44.3]
BC[stage1_datasets_L40_stepsweep/bc_baseline_none_steps10000_tr2]:  53%|█████▎    | 5262/10000 [01:58<01:55, 41.19it/s, acc=0.304, device=mps, eta=1m48s, loss=2.0006, sps=44.3]
BC[stage1_datasets_L40_stepsweep/bc_baseline_none_steps10000_tr2]:  53%|█████▎    | 5269/10000 [01:58<01:42, 46.01it/s, acc=0.304, device=mps, eta=1m48s, loss=2.0006, sps=44.3]
BC[stage1_datasets_L40_stepsweep/bc_baseline_none_steps10000_tr2]:  53%|█████▎    | 5276/10000 [01:58<01:34, 50.25it/s, acc=0.304, device=mps, eta=1m48s, loss=2.0006, sps=44.3]
BC[stage1_datasets_L40_stepsweep/bc_baseline_none_steps10000_tr2]:  53%|█████▎    | 5282/10000 [01:59<01:52, 42.07it/s, acc=0.304, device=mps, eta=1m48s, loss=2.0006, sps=44.3]
BC[stage1_datasets_L40_stepsweep/bc_baseline_none_steps10000_tr2]:  53%|█████▎    | 5288/10000 [01:59<01:45, 44.73it/s, acc=0.304, device=mps, eta=1m48s, loss=2.0006, sps=44.3]
BC[stage1_datasets_L40_stepsweep/bc_baseline_none_steps10000_tr2]:  53%|█████▎    | 5294/10000 [01:59<01:40, 46.89it/s, acc=0.304, device=mps, eta=1m48s, loss=2.0006, sps=44.3]
BC[stage1_datasets_L40_stepsweep/bc_baseline_none_steps10000_tr2]:  53%|█████▎    | 5301/10000 [01:59<01:55, 40.70it/s, acc=0.304, device=mps, eta=1m48s, loss=2.0006, sps=44.3]
BC[stage1_datasets_L40_stepsweep/bc_baseline_none_steps10000_tr2]:  53%|█████▎    | 5307/10000 [01:59<01:47, 43.81it/s, acc=0.304, device=mps, eta=1m48s, loss=2.0006, sps=44.3]
BC[stage1_datasets_L40_stepsweep/bc_baseline_none_steps10000_tr2]:  53%|█████▎    | 5313/10000 [01:59<01:38, 47.47it/s, acc=0.304, device=mps, eta=1m48s, loss=2.0006, sps=44.3]
BC[stage1_datasets_L40_stepsweep/bc_baseline_none_steps10000_tr2]:  53%|█████▎    | 5321/10000 [02:00<01:49, 42.63it/s, acc=0.304, device=mps, eta=1m48s, loss=2.0006, sps=44.3]
BC[stage1_datasets_L40_stepsweep/bc_baseline_none_steps10000_tr2]:  53%|█████▎    | 5328/10000 [02:00<01:39, 47.10it/s, acc=0.304, device=mps, eta=1m48s, loss=2.0006, sps=44.3]
BC[stage1_datasets_L40_stepsweep/bc_baseline_none_steps10000_tr2]:  53%|█████▎    | 5334/10000 [02:00<01:33, 49.88it/s, acc=0.304, device=mps, eta=1m48s, loss=2.0006, sps=44.3]
BC[stage1_datasets_L40_stepsweep/bc_baseline_none_steps10000_tr2]:  53%|█████▎    | 5341/10000 [02:00<01:51, 41.73it/s, acc=0.304, device=mps, eta=1m48s, loss=2.0006, sps=44.3]
BC[stage1_datasets_L40_stepsweep/bc_baseline_none_steps10000_tr2]:  53%|█████▎    | 5347/10000 [02:00<01:44, 44.50it/s, acc=0.304, device=mps, eta=1m48s, loss=2.0006, sps=44.3]
BC[stage1_datasets_L40_stepsweep/bc_baseline_none_steps10000_tr2]:  54%|█████▎    | 5353/10000 [02:00<01:39, 46.79it/s, acc=0.304, device=mps, eta=1m48s, loss=2.0006, sps=44.3]
BC[stage1_datasets_L40_stepsweep/bc_baseline_none_steps10000_tr2]:  54%|█████▎    | 5359/10000 [02:00<01:33, 49.79it/s, acc=0.304, device=mps, eta=1m48s, loss=2.0006, sps=44.3]
BC[stage1_datasets_L40_stepsweep/bc_baseline_none_steps10000_tr2]:  54%|█████▎    | 5365/10000 [02:01<01:54, 40.51it/s, acc=0.304, device=mps, eta=1m48s, loss=2.0006, sps=44.3]
BC[stage1_datasets_L40_stepsweep/bc_baseline_none_steps10000_tr2]:  54%|█████▎    | 5371/10000 [02:01<01:45, 44.01it/s, acc=0.304, device=mps, eta=1m48s, loss=2.0006, sps=44.3]
BC[stage1_datasets_L40_stepsweep/bc_baseline_none_steps10000_tr2]:  54%|█████▍    | 5377/10000 [02:01<01:38, 46.91it/s, acc=0.304, device=mps, eta=1m48s, loss=2.0006, sps=44.3]
BC[stage1_datasets_L40_stepsweep/bc_baseline_none_steps10000_tr2]:  54%|█████▍    | 5383/10000 [02:01<01:55, 39.96it/s, acc=0.304, device=mps, eta=1m48s, loss=2.0006, sps=44.3]
BC[stage1_datasets_L40_stepsweep/bc_baseline_none_steps10000_tr2]:  54%|█████▍    | 5389/10000 [02:01<01:44, 44.02it/s, acc=0.304, device=mps, eta=1m48s, loss=2.0006, sps=44.3]
BC[stage1_datasets_L40_stepsweep/bc_baseline_none_steps10000_tr2]:  54%|█████▍    | 5395/10000 [02:01<01:37, 47.04it/s, acc=0.304, device=mps, eta=1m48s, loss=2.0006, sps=44.3]
BC[stage1_datasets_L40_stepsweep/bc_baseline_none_steps10000_tr2]:  54%|█████▍    | 5395/10000 [02:01<01:37, 47.04it/s, acc=0.307, device=mps, eta=1m44s, loss=1.9896, sps=44.4]
BC[stage1_datasets_L40_stepsweep/bc_baseline_none_steps10000_tr2]:  54%|█████▍    | 5401/10000 [02:01<01:55, 39.75it/s, acc=0.307, device=mps, eta=1m44s, loss=1.9896, sps=44.4]
BC[stage1_datasets_L40_stepsweep/bc_baseline_none_steps10000_tr2]:  54%|█████▍    | 5407/10000 [02:01<01:45, 43.42it/s, acc=0.307, device=mps, eta=1m44s, loss=1.9896, sps=44.4]
BC[stage1_datasets_L40_stepsweep/bc_baseline_none_steps10000_tr2]:  54%|█████▍    | 5413/10000 [02:02<01:39, 46.19it/s, acc=0.307, device=mps, eta=1m44s, loss=1.9896, sps=44.4]
BC[stage1_datasets_L40_stepsweep/bc_baseline_none_steps10000_tr2]:  54%|█████▍    | 5419/10000 [02:02<01:33, 49.01it/s, acc=0.307, device=mps, eta=1m44s, loss=1.9896, sps=44.4]
BC[stage1_datasets_L40_stepsweep/bc_baseline_none_steps10000_tr2]:  54%|█████▍    | 5425/10000 [02:02<01:52, 40.52it/s, acc=0.307, device=mps, eta=1m44s, loss=1.9896, sps=44.4]
BC[stage1_datasets_L40_stepsweep/bc_baseline_none_steps10000_tr2]:  54%|█████▍    | 5430/10000 [02:02<01:47, 42.64it/s, acc=0.307, device=mps, eta=1m44s, loss=1.9896, sps=44.4]
BC[stage1_datasets_L40_stepsweep/bc_baseline_none_steps10000_tr2]:  54%|█████▍    | 5436/10000 [02:02<01:37, 46.80it/s, acc=0.307, device=mps, eta=1m44s, loss=1.9896, sps=44.4]
BC[stage1_datasets_L40_stepsweep/bc_baseline_none_steps10000_tr2]:  54%|█████▍    | 5442/10000 [02:02<01:55, 39.57it/s, acc=0.307, device=mps, eta=1m44s, loss=1.9896, sps=44.4]
BC[stage1_datasets_L40_stepsweep/bc_baseline_none_steps10000_tr2]:  54%|█████▍    | 5448/10000 [02:02<01:44, 43.51it/s, acc=0.307, device=mps, eta=1m44s, loss=1.9896, sps=44.4]
BC[stage1_datasets_L40_stepsweep/bc_baseline_none_steps10000_tr2]:  55%|█████▍    | 5455/10000 [02:03<01:34, 48.32it/s, acc=0.307, device=mps, eta=1m44s, loss=1.9896, sps=44.4]
BC[stage1_datasets_L40_stepsweep/bc_baseline_none_steps10000_tr2]:  55%|█████▍    | 5461/10000 [02:03<01:49, 41.44it/s, acc=0.307, device=mps, eta=1m44s, loss=1.9896, sps=44.4]
BC[stage1_datasets_L40_stepsweep/bc_baseline_none_steps10000_tr2]:  55%|█████▍    | 5468/10000 [02:03<01:37, 46.36it/s, acc=0.307, device=mps, eta=1m44s, loss=1.9896, sps=44.4]
BC[stage1_datasets_L40_stepsweep/bc_baseline_none_steps10000_tr2]:  55%|█████▍    | 5474/10000 [02:03<01:32, 48.95it/s, acc=0.307, device=mps, eta=1m44s, loss=1.9896, sps=44.4]
BC[stage1_datasets_L40_stepsweep/bc_baseline_none_steps10000_tr2]:  55%|█████▍    | 5481/10000 [02:03<01:49, 41.42it/s, acc=0.307, device=mps, eta=1m44s, loss=1.9896, sps=44.4]
BC[stage1_datasets_L40_stepsweep/bc_baseline_none_steps10000_tr2]:  55%|█████▍    | 5487/10000 [02:03<01:40, 45.12it/s, acc=0.307, device=mps, eta=1m44s, loss=1.9896, sps=44.4]
BC[stage1_datasets_L40_stepsweep/bc_baseline_none_steps10000_tr2]:  55%|█████▍    | 5494/10000 [02:03<01:31, 49.28it/s, acc=0.307, device=mps, eta=1m44s, loss=1.9896, sps=44.4]
BC[stage1_datasets_L40_stepsweep/bc_baseline_none_steps10000_tr2]:  55%|█████▌    | 5501/10000 [02:04<01:46, 42.39it/s, acc=0.307, device=mps, eta=1m44s, loss=1.9896, sps=44.4]
BC[stage1_datasets_L40_stepsweep/bc_baseline_none_steps10000_tr2]:  55%|█████▌    | 5507/10000 [02:04<01:37, 46.04it/s, acc=0.307, device=mps, eta=1m44s, loss=1.9896, sps=44.4]
BC[stage1_datasets_L40_stepsweep/bc_baseline_none_steps10000_tr2]:  55%|█████▌    | 5514/10000 [02:04<01:29, 50.17it/s, acc=0.307, device=mps, eta=1m44s, loss=1.9896, sps=44.4]
BC[stage1_datasets_L40_stepsweep/bc_baseline_none_steps10000_tr2]:  55%|█████▌    | 5521/10000 [02:04<01:44, 43.02it/s, acc=0.307, device=mps, eta=1m44s, loss=1.9896, sps=44.4]
BC[stage1_datasets_L40_stepsweep/bc_baseline_none_steps10000_tr2]:  55%|█████▌    | 5527/10000 [02:04<01:37, 45.93it/s, acc=0.307, device=mps, eta=1m44s, loss=1.9896, sps=44.4]
BC[stage1_datasets_L40_stepsweep/bc_baseline_none_steps10000_tr2]:  55%|█████▌    | 5534/10000 [02:04<01:28, 50.66it/s, acc=0.307, device=mps, eta=1m44s, loss=1.9896, sps=44.4]
BC[stage1_datasets_L40_stepsweep/bc_baseline_none_steps10000_tr2]:  55%|█████▌    | 5541/10000 [02:04<01:39, 44.65it/s, acc=0.307, device=mps, eta=1m44s, loss=1.9896, sps=44.4]
BC[stage1_datasets_L40_stepsweep/bc_baseline_none_steps10000_tr2]:  55%|█████▌    | 5548/10000 [02:05<01:30, 49.27it/s, acc=0.307, device=mps, eta=1m44s, loss=1.9896, sps=44.4]
BC[stage1_datasets_L40_stepsweep/bc_baseline_none_steps10000_tr2]:  56%|█████▌    | 5555/10000 [02:05<01:23, 53.09it/s, acc=0.307, device=mps, eta=1m44s, loss=1.9896, sps=44.4]
BC[stage1_datasets_L40_stepsweep/bc_baseline_none_steps10000_tr2]:  56%|█████▌    | 5561/10000 [02:05<01:41, 43.68it/s, acc=0.307, device=mps, eta=1m44s, loss=1.9896, sps=44.4]
BC[stage1_datasets_L40_stepsweep/bc_baseline_none_steps10000_tr2]:  56%|█████▌    | 5567/10000 [02:05<01:36, 46.16it/s, acc=0.307, device=mps, eta=1m44s, loss=1.9896, sps=44.4]
BC[stage1_datasets_L40_stepsweep/bc_baseline_none_steps10000_tr2]:  56%|█████▌    | 5573/10000 [02:05<01:32, 47.97it/s, acc=0.307, device=mps, eta=1m44s, loss=1.9896, sps=44.4]
BC[stage1_datasets_L40_stepsweep/bc_baseline_none_steps10000_tr2]:  56%|█████▌    | 5579/10000 [02:05<01:27, 50.27it/s, acc=0.307, device=mps, eta=1m44s, loss=1.9896, sps=44.4]
BC[stage1_datasets_L40_stepsweep/bc_baseline_none_steps10000_tr2]:  56%|█████▌    | 5585/10000 [02:05<01:48, 40.80it/s, acc=0.307, device=mps, eta=1m44s, loss=1.9896, sps=44.4]
BC[stage1_datasets_L40_stepsweep/bc_baseline_none_steps10000_tr2]:  56%|█████▌    | 5591/10000 [02:06<01:41, 43.57it/s, acc=0.307, device=mps, eta=1m44s, loss=1.9896, sps=44.4]
BC[stage1_datasets_L40_stepsweep/bc_baseline_none_steps10000_tr2]:  56%|█████▌    | 5597/10000 [02:06<01:32, 47.37it/s, acc=0.307, device=mps, eta=1m44s, loss=1.9896, sps=44.4]
BC[stage1_datasets_L40_stepsweep/bc_baseline_none_steps10000_tr2]:  56%|█████▌    | 5597/10000 [02:06<01:32, 47.37it/s, acc=0.302, device=mps, eta=1m39s, loss=2.0053, sps=44.4]
BC[stage1_datasets_L40_stepsweep/bc_baseline_none_steps10000_tr2]:  56%|█████▌    | 5603/10000 [02:06<01:49, 40.24it/s, acc=0.302, device=mps, eta=1m39s, loss=2.0053, sps=44.4]
BC[stage1_datasets_L40_stepsweep/bc_baseline_none_steps10000_tr2]:  56%|█████▌    | 5609/10000 [02:06<01:41, 43.11it/s, acc=0.302, device=mps, eta=1m39s, loss=2.0053, sps=44.4]
BC[stage1_datasets_L40_stepsweep/bc_baseline_none_steps10000_tr2]:  56%|█████▌    | 5615/10000 [02:06<01:35, 45.84it/s, acc=0.302, device=mps, eta=1m39s, loss=2.0053, sps=44.4]
BC[stage1_datasets_L40_stepsweep/bc_baseline_none_steps10000_tr2]:  56%|█████▌    | 5621/10000 [02:06<01:52, 39.02it/s, acc=0.302, device=mps, eta=1m39s, loss=2.0053, sps=44.4]
BC[stage1_datasets_L40_stepsweep/bc_baseline_none_steps10000_tr2]:  56%|█████▋    | 5627/10000 [02:06<01:42, 42.54it/s, acc=0.302, device=mps, eta=1m39s, loss=2.0053, sps=44.4]
BC[stage1_datasets_L40_stepsweep/bc_baseline_none_steps10000_tr2]:  56%|█████▋    | 5633/10000 [02:06<01:34, 46.43it/s, acc=0.302, device=mps, eta=1m39s, loss=2.0053, sps=44.4]
BC[stage1_datasets_L40_stepsweep/bc_baseline_none_steps10000_tr2]:  56%|█████▋    | 5640/10000 [02:07<01:25, 51.17it/s, acc=0.302, device=mps, eta=1m39s, loss=2.0053, sps=44.4]
BC[stage1_datasets_L40_stepsweep/bc_baseline_none_steps10000_tr2]:  56%|█████▋    | 5646/10000 [02:07<01:45, 41.10it/s, acc=0.302, device=mps, eta=1m39s, loss=2.0053, sps=44.4]
BC[stage1_datasets_L40_stepsweep/bc_baseline_none_steps10000_tr2]:  57%|█████▋    | 5651/10000 [02:07<01:41, 42.98it/s, acc=0.302, device=mps, eta=1m39s, loss=2.0053, sps=44.4]
BC[stage1_datasets_L40_stepsweep/bc_baseline_none_steps10000_tr2]:  57%|█████▋    | 5658/10000 [02:07<01:30, 47.74it/s, acc=0.302, device=mps, eta=1m39s, loss=2.0053, sps=44.4]
BC[stage1_datasets_L40_stepsweep/bc_baseline_none_steps10000_tr2]:  57%|█████▋    | 5664/10000 [02:07<01:48, 39.99it/s, acc=0.302, device=mps, eta=1m39s, loss=2.0053, sps=44.4]
BC[stage1_datasets_L40_stepsweep/bc_baseline_none_steps10000_tr2]:  57%|█████▋    | 5671/10000 [02:07<01:36, 44.97it/s, acc=0.302, device=mps, eta=1m39s, loss=2.0053, sps=44.4]
BC[stage1_datasets_L40_stepsweep/bc_baseline_none_steps10000_tr2]:  57%|█████▋    | 5678/10000 [02:07<01:28, 49.04it/s, acc=0.302, device=mps, eta=1m39s, loss=2.0053, sps=44.4]
BC[stage1_datasets_L40_stepsweep/bc_baseline_none_steps10000_tr2]:  57%|█████▋    | 5684/10000 [02:08<01:44, 41.14it/s, acc=0.302, device=mps, eta=1m39s, loss=2.0053, sps=44.4]
BC[stage1_datasets_L40_stepsweep/bc_baseline_none_steps10000_tr2]:  57%|█████▋    | 5689/10000 [02:08<01:40, 42.98it/s, acc=0.302, device=mps, eta=1m39s, loss=2.0053, sps=44.4]
BC[stage1_datasets_L40_stepsweep/bc_baseline_none_steps10000_tr2]:  57%|█████▋    | 5695/10000 [02:08<01:34, 45.64it/s, acc=0.302, device=mps, eta=1m39s, loss=2.0053, sps=44.4]
BC[stage1_datasets_L40_stepsweep/bc_baseline_none_steps10000_tr2]:  57%|█████▋    | 5701/10000 [02:08<01:50, 38.75it/s, acc=0.302, device=mps, eta=1m39s, loss=2.0053, sps=44.4]
BC[stage1_datasets_L40_stepsweep/bc_baseline_none_steps10000_tr2]:  57%|█████▋    | 5707/10000 [02:08<01:39, 42.96it/s, acc=0.302, device=mps, eta=1m39s, loss=2.0053, sps=44.4]
BC[stage1_datasets_L40_stepsweep/bc_baseline_none_steps10000_tr2]:  57%|█████▋    | 5714/10000 [02:08<01:29, 47.75it/s, acc=0.302, device=mps, eta=1m39s, loss=2.0053, sps=44.4]
BC[stage1_datasets_L40_stepsweep/bc_baseline_none_steps10000_tr2]:  57%|█████▋    | 5721/10000 [02:09<01:40, 42.37it/s, acc=0.302, device=mps, eta=1m39s, loss=2.0053, sps=44.4]
BC[stage1_datasets_L40_stepsweep/bc_baseline_none_steps10000_tr2]:  57%|█████▋    | 5728/10000 [02:09<01:31, 46.90it/s, acc=0.302, device=mps, eta=1m39s, loss=2.0053, sps=44.4]
BC[stage1_datasets_L40_stepsweep/bc_baseline_none_steps10000_tr2]:  57%|█████▋    | 5734/10000 [02:09<01:25, 49.89it/s, acc=0.302, device=mps, eta=1m39s, loss=2.0053, sps=44.4]
BC[stage1_datasets_L40_stepsweep/bc_baseline_none_steps10000_tr2]:  57%|█████▋    | 5741/10000 [02:09<01:41, 41.84it/s, acc=0.302, device=mps, eta=1m39s, loss=2.0053, sps=44.4]
BC[stage1_datasets_L40_stepsweep/bc_baseline_none_steps10000_tr2]:  57%|█████▋    | 5747/10000 [02:09<01:35, 44.65it/s, acc=0.302, device=mps, eta=1m39s, loss=2.0053, sps=44.4]
BC[stage1_datasets_L40_stepsweep/bc_baseline_none_steps10000_tr2]:  58%|█████▊    | 5753/10000 [02:09<01:28, 47.87it/s, acc=0.302, device=mps, eta=1m39s, loss=2.0053, sps=44.4]
BC[stage1_datasets_L40_stepsweep/bc_baseline_none_steps10000_tr2]:  58%|█████▊    | 5759/10000 [02:09<01:23, 50.72it/s, acc=0.302, device=mps, eta=1m39s, loss=2.0053, sps=44.4]
BC[stage1_datasets_L40_stepsweep/bc_baseline_none_steps10000_tr2]:  58%|█████▊    | 5765/10000 [02:09<01:41, 41.88it/s, acc=0.302, device=mps, eta=1m39s, loss=2.0053, sps=44.4]
BC[stage1_datasets_L40_stepsweep/bc_baseline_none_steps10000_tr2]:  58%|█████▊    | 5770/10000 [02:10<01:37, 43.50it/s, acc=0.302, device=mps, eta=1m39s, loss=2.0053, sps=44.4]
BC[stage1_datasets_L40_stepsweep/bc_baseline_none_steps10000_tr2]:  58%|█████▊    | 5776/10000 [02:10<01:30, 46.83it/s, acc=0.302, device=mps, eta=1m39s, loss=2.0053, sps=44.4]
BC[stage1_datasets_L40_stepsweep/bc_baseline_none_steps10000_tr2]:  58%|█████▊    | 5782/10000 [02:10<01:45, 39.83it/s, acc=0.302, device=mps, eta=1m39s, loss=2.0053, sps=44.4]
BC[stage1_datasets_L40_stepsweep/bc_baseline_none_steps10000_tr2]:  58%|█████▊    | 5788/10000 [02:10<01:36, 43.49it/s, acc=0.302, device=mps, eta=1m39s, loss=2.0053, sps=44.4]
BC[stage1_datasets_L40_stepsweep/bc_baseline_none_steps10000_tr2]:  58%|█████▊    | 5794/10000 [02:10<01:30, 46.42it/s, acc=0.302, device=mps, eta=1m39s, loss=2.0053, sps=44.4]
BC[stage1_datasets_L40_stepsweep/bc_baseline_none_steps10000_tr2]:  58%|█████▊    | 5794/10000 [02:10<01:30, 46.42it/s, acc=0.303, device=mps, eta=1m35s, loss=2.0015, sps=44.4]
BC[stage1_datasets_L40_stepsweep/bc_baseline_none_steps10000_tr2]:  58%|█████▊    | 5800/10000 [02:10<01:25, 48.90it/s, acc=0.303, device=mps, eta=1m35s, loss=2.0015, sps=44.4]
BC[stage1_datasets_L40_stepsweep/bc_baseline_none_steps10000_tr2]:  58%|█████▊    | 5806/10000 [02:10<01:45, 39.80it/s, acc=0.303, device=mps, eta=1m35s, loss=2.0015, sps=44.4]
BC[stage1_datasets_L40_stepsweep/bc_baseline_none_steps10000_tr2]:  58%|█████▊    | 5812/10000 [02:11<01:37, 43.03it/s, acc=0.303, device=mps, eta=1m35s, loss=2.0015, sps=44.4]
BC[stage1_datasets_L40_stepsweep/bc_baseline_none_steps10000_tr2]:  58%|█████▊    | 5818/10000 [02:11<01:30, 46.24it/s, acc=0.303, device=mps, eta=1m35s, loss=2.0015, sps=44.4]
BC[stage1_datasets_L40_stepsweep/bc_baseline_none_steps10000_tr2]:  58%|█████▊    | 5823/10000 [02:11<01:49, 38.25it/s, acc=0.303, device=mps, eta=1m35s, loss=2.0015, sps=44.4]
BC[stage1_datasets_L40_stepsweep/bc_baseline_none_steps10000_tr2]:  58%|█████▊    | 5829/10000 [02:11<01:40, 41.68it/s, acc=0.303, device=mps, eta=1m35s, loss=2.0015, sps=44.4]
BC[stage1_datasets_L40_stepsweep/bc_baseline_none_steps10000_tr2]:  58%|█████▊    | 5835/10000 [02:11<01:32, 45.27it/s, acc=0.303, device=mps, eta=1m35s, loss=2.0015, sps=44.4]
BC[stage1_datasets_L40_stepsweep/bc_baseline_none_steps10000_tr2]:  58%|█████▊    | 5841/10000 [02:11<01:46, 38.89it/s, acc=0.303, device=mps, eta=1m35s, loss=2.0015, sps=44.4]
BC[stage1_datasets_L40_stepsweep/bc_baseline_none_steps10000_tr2]:  58%|█████▊    | 5848/10000 [02:11<01:33, 44.45it/s, acc=0.303, device=mps, eta=1m35s, loss=2.0015, sps=44.4]
BC[stage1_datasets_L40_stepsweep/bc_baseline_none_steps10000_tr2]:  59%|█████▊    | 5855/10000 [02:11<01:22, 50.18it/s, acc=0.303, device=mps, eta=1m35s, loss=2.0015, sps=44.4]
BC[stage1_datasets_L40_stepsweep/bc_baseline_none_steps10000_tr2]:  59%|█████▊    | 5861/10000 [02:12<01:35, 43.17it/s, acc=0.303, device=mps, eta=1m35s, loss=2.0015, sps=44.4]
BC[stage1_datasets_L40_stepsweep/bc_baseline_none_steps10000_tr2]:  59%|█████▊    | 5868/10000 [02:12<01:25, 48.10it/s, acc=0.303, device=mps, eta=1m35s, loss=2.0015, sps=44.4]
BC[stage1_datasets_L40_stepsweep/bc_baseline_none_steps10000_tr2]:  59%|█████▉    | 5875/10000 [02:12<01:19, 52.02it/s, acc=0.303, device=mps, eta=1m35s, loss=2.0015, sps=44.4]
BC[stage1_datasets_L40_stepsweep/bc_baseline_none_steps10000_tr2]:  59%|█████▉    | 5881/10000 [02:12<01:35, 43.05it/s, acc=0.303, device=mps, eta=1m35s, loss=2.0015, sps=44.4]
BC[stage1_datasets_L40_stepsweep/bc_baseline_none_steps10000_tr2]:  59%|█████▉    | 5887/10000 [02:12<01:29, 45.92it/s, acc=0.303, device=mps, eta=1m35s, loss=2.0015, sps=44.4]
BC[stage1_datasets_L40_stepsweep/bc_baseline_none_steps10000_tr2]:  59%|█████▉    | 5894/10000 [02:12<01:22, 49.74it/s, acc=0.303, device=mps, eta=1m35s, loss=2.0015, sps=44.4]
BC[stage1_datasets_L40_stepsweep/bc_baseline_none_steps10000_tr2]:  59%|█████▉    | 5901/10000 [02:13<01:37, 41.92it/s, acc=0.303, device=mps, eta=1m35s, loss=2.0015, sps=44.4]
BC[stage1_datasets_L40_stepsweep/bc_baseline_none_steps10000_tr2]:  59%|█████▉    | 5907/10000 [02:13<01:31, 44.79it/s, acc=0.303, device=mps, eta=1m35s, loss=2.0015, sps=44.4]
BC[stage1_datasets_L40_stepsweep/bc_baseline_none_steps10000_tr2]:  59%|█████▉    | 5913/10000 [02:13<01:25, 47.75it/s, acc=0.303, device=mps, eta=1m35s, loss=2.0015, sps=44.4]
BC[stage1_datasets_L40_stepsweep/bc_baseline_none_steps10000_tr2]:  59%|█████▉    | 5919/10000 [02:13<01:20, 50.52it/s, acc=0.303, device=mps, eta=1m35s, loss=2.0015, sps=44.4]
BC[stage1_datasets_L40_stepsweep/bc_baseline_none_steps10000_tr2]:  59%|█████▉    | 5925/10000 [02:13<01:38, 41.54it/s, acc=0.303, device=mps, eta=1m35s, loss=2.0015, sps=44.4]
BC[stage1_datasets_L40_stepsweep/bc_baseline_none_steps10000_tr2]:  59%|█████▉    | 5931/10000 [02:13<01:31, 44.32it/s, acc=0.303, device=mps, eta=1m35s, loss=2.0015, sps=44.4]
BC[stage1_datasets_L40_stepsweep/bc_baseline_none_steps10000_tr2]:  59%|█████▉    | 5937/10000 [02:13<01:25, 47.37it/s, acc=0.303, device=mps, eta=1m35s, loss=2.0015, sps=44.4]
BC[stage1_datasets_L40_stepsweep/bc_baseline_none_steps10000_tr2]:  59%|█████▉    | 5943/10000 [02:13<01:42, 39.48it/s, acc=0.303, device=mps, eta=1m35s, loss=2.0015, sps=44.4]
BC[stage1_datasets_L40_stepsweep/bc_baseline_none_steps10000_tr2]:  59%|█████▉    | 5949/10000 [02:14<01:32, 43.60it/s, acc=0.303, device=mps, eta=1m35s, loss=2.0015, sps=44.4]
BC[stage1_datasets_L40_stepsweep/bc_baseline_none_steps10000_tr2]:  60%|█████▉    | 5956/10000 [02:14<01:22, 48.79it/s, acc=0.303, device=mps, eta=1m35s, loss=2.0015, sps=44.4]
BC[stage1_datasets_L40_stepsweep/bc_baseline_none_steps10000_tr2]:  60%|█████▉    | 5962/10000 [02:14<01:36, 41.72it/s, acc=0.303, device=mps, eta=1m35s, loss=2.0015, sps=44.4]
BC[stage1_datasets_L40_stepsweep/bc_baseline_none_steps10000_tr2]:  60%|█████▉    | 5969/10000 [02:14<01:26, 46.75it/s, acc=0.303, device=mps, eta=1m35s, loss=2.0015, sps=44.4]
BC[stage1_datasets_L40_stepsweep/bc_baseline_none_steps10000_tr2]:  60%|█████▉    | 5976/10000 [02:14<01:19, 50.79it/s, acc=0.303, device=mps, eta=1m35s, loss=2.0015, sps=44.4]
BC[stage1_datasets_L40_stepsweep/bc_baseline_none_steps10000_tr2]:  60%|█████▉    | 5982/10000 [02:14<01:35, 42.17it/s, acc=0.303, device=mps, eta=1m35s, loss=2.0015, sps=44.4]
BC[stage1_datasets_L40_stepsweep/bc_baseline_none_steps10000_tr2]:  60%|█████▉    | 5989/10000 [02:14<01:25, 46.74it/s, acc=0.303, device=mps, eta=1m35s, loss=2.0015, sps=44.4]
BC[stage1_datasets_L40_stepsweep/bc_baseline_none_steps10000_tr2]:  60%|█████▉    | 5996/10000 [02:15<01:17, 51.39it/s, acc=0.303, device=mps, eta=1m35s, loss=2.0015, sps=44.4]
BC[stage1_datasets_L40_stepsweep/bc_baseline_none_steps10000_tr2]:  60%|█████▉    | 5996/10000 [02:15<01:17, 51.39it/s, acc=0.306, device=mps, eta=1m30s, loss=1.9900, sps=44.4]
BC[stage1_datasets_L40_stepsweep/bc_baseline_none_steps10000_tr2]:  60%|██████    | 6002/10000 [02:15<01:31, 43.89it/s, acc=0.306, device=mps, eta=1m30s, loss=1.9900, sps=44.4]
BC[stage1_datasets_L40_stepsweep/bc_baseline_none_steps10000_tr2]:  60%|██████    | 6009/10000 [02:15<01:22, 48.28it/s, acc=0.306, device=mps, eta=1m30s, loss=1.9900, sps=44.4]
BC[stage1_datasets_L40_stepsweep/bc_baseline_none_steps10000_tr2]:  60%|██████    | 6016/10000 [02:15<01:17, 51.68it/s, acc=0.306, device=mps, eta=1m30s, loss=1.9900, sps=44.4]
BC[stage1_datasets_L40_stepsweep/bc_baseline_none_steps10000_tr2]:  60%|██████    | 6022/10000 [02:15<01:33, 42.57it/s, acc=0.306, device=mps, eta=1m30s, loss=1.9900, sps=44.4]
BC[stage1_datasets_L40_stepsweep/bc_baseline_none_steps10000_tr2]:  60%|██████    | 6028/10000 [02:15<01:27, 45.34it/s, acc=0.306, device=mps, eta=1m30s, loss=1.9900, sps=44.4]
BC[stage1_datasets_L40_stepsweep/bc_baseline_none_steps10000_tr2]:  60%|██████    | 6034/10000 [02:15<01:23, 47.49it/s, acc=0.306, device=mps, eta=1m30s, loss=1.9900, sps=44.4]
BC[stage1_datasets_L40_stepsweep/bc_baseline_none_steps10000_tr2]:  60%|██████    | 6041/10000 [02:16<01:38, 40.30it/s, acc=0.306, device=mps, eta=1m30s, loss=1.9900, sps=44.4]
BC[stage1_datasets_L40_stepsweep/bc_baseline_none_steps10000_tr2]:  60%|██████    | 6047/10000 [02:16<01:30, 43.75it/s, acc=0.306, device=mps, eta=1m30s, loss=1.9900, sps=44.4]
BC[stage1_datasets_L40_stepsweep/bc_baseline_none_steps10000_tr2]:  61%|██████    | 6053/10000 [02:16<01:23, 47.39it/s, acc=0.306, device=mps, eta=1m30s, loss=1.9900, sps=44.4]
BC[stage1_datasets_L40_stepsweep/bc_baseline_none_steps10000_tr2]:  61%|██████    | 6059/10000 [02:16<01:18, 50.37it/s, acc=0.306, device=mps, eta=1m30s, loss=1.9900, sps=44.4]
BC[stage1_datasets_L40_stepsweep/bc_baseline_none_steps10000_tr2]:  61%|██████    | 6065/10000 [02:16<01:34, 41.68it/s, acc=0.306, device=mps, eta=1m30s, loss=1.9900, sps=44.4]
BC[stage1_datasets_L40_stepsweep/bc_baseline_none_steps10000_tr2]:  61%|██████    | 6071/10000 [02:16<01:27, 44.97it/s, acc=0.306, device=mps, eta=1m30s, loss=1.9900, sps=44.4]
BC[stage1_datasets_L40_stepsweep/bc_baseline_none_steps10000_tr2]:  61%|██████    | 6078/10000 [02:16<01:18, 49.72it/s, acc=0.306, device=mps, eta=1m30s, loss=1.9900, sps=44.4]
BC[stage1_datasets_L40_stepsweep/bc_baseline_none_steps10000_tr2]:  61%|██████    | 6084/10000 [02:17<01:33, 42.05it/s, acc=0.306, device=mps, eta=1m30s, loss=1.9900, sps=44.4]
BC[stage1_datasets_L40_stepsweep/bc_baseline_none_steps10000_tr2]:  61%|██████    | 6090/10000 [02:17<01:26, 45.08it/s, acc=0.306, device=mps, eta=1m30s, loss=1.9900, sps=44.4]
BC[stage1_datasets_L40_stepsweep/bc_baseline_none_steps10000_tr2]:  61%|██████    | 6097/10000 [02:17<01:18, 49.52it/s, acc=0.306, device=mps, eta=1m30s, loss=1.9900, sps=44.4]
BC[stage1_datasets_L40_stepsweep/bc_baseline_none_steps10000_tr2]:  61%|██████    | 6103/10000 [02:17<01:33, 41.68it/s, acc=0.306, device=mps, eta=1m30s, loss=1.9900, sps=44.4]
BC[stage1_datasets_L40_stepsweep/bc_baseline_none_steps10000_tr2]:  61%|██████    | 6110/10000 [02:17<01:23, 46.58it/s, acc=0.306, device=mps, eta=1m30s, loss=1.9900, sps=44.4]
BC[stage1_datasets_L40_stepsweep/bc_baseline_none_steps10000_tr2]:  61%|██████    | 6117/10000 [02:17<01:14, 51.81it/s, acc=0.306, device=mps, eta=1m30s, loss=1.9900, sps=44.4]
BC[stage1_datasets_L40_stepsweep/bc_baseline_none_steps10000_tr2]:  61%|██████    | 6123/10000 [02:17<01:28, 43.83it/s, acc=0.306, device=mps, eta=1m30s, loss=1.9900, sps=44.4]
BC[stage1_datasets_L40_stepsweep/bc_baseline_none_steps10000_tr2]:  61%|██████▏   | 6130/10000 [02:17<01:20, 48.09it/s, acc=0.306, device=mps, eta=1m30s, loss=1.9900, sps=44.4]
BC[stage1_datasets_L40_stepsweep/bc_baseline_none_steps10000_tr2]:  61%|██████▏   | 6136/10000 [02:18<01:17, 49.92it/s, acc=0.306, device=mps, eta=1m30s, loss=1.9900, sps=44.4]
BC[stage1_datasets_L40_stepsweep/bc_baseline_none_steps10000_tr2]:  61%|██████▏   | 6142/10000 [02:18<01:34, 40.90it/s, acc=0.306, device=mps, eta=1m30s, loss=1.9900, sps=44.4]
BC[stage1_datasets_L40_stepsweep/bc_baseline_none_steps10000_tr2]:  61%|██████▏   | 6148/10000 [02:18<01:27, 43.81it/s, acc=0.306, device=mps, eta=1m30s, loss=1.9900, sps=44.4]
BC[stage1_datasets_L40_stepsweep/bc_baseline_none_steps10000_tr2]:  62%|██████▏   | 6154/10000 [02:18<01:23, 46.17it/s, acc=0.306, device=mps, eta=1m30s, loss=1.9900, sps=44.4]
BC[stage1_datasets_L40_stepsweep/bc_baseline_none_steps10000_tr2]:  62%|██████▏   | 6161/10000 [02:18<01:36, 39.93it/s, acc=0.306, device=mps, eta=1m30s, loss=1.9900, sps=44.4]
BC[stage1_datasets_L40_stepsweep/bc_baseline_none_steps10000_tr2]:  62%|██████▏   | 6168/10000 [02:18<01:25, 44.89it/s, acc=0.306, device=mps, eta=1m30s, loss=1.9900, sps=44.4]
BC[stage1_datasets_L40_stepsweep/bc_baseline_none_steps10000_tr2]:  62%|██████▏   | 6174/10000 [02:18<01:19, 48.03it/s, acc=0.306, device=mps, eta=1m30s, loss=1.9900, sps=44.4]
BC[stage1_datasets_L40_stepsweep/bc_baseline_none_steps10000_tr2]:  62%|██████▏   | 6181/10000 [02:19<01:33, 40.63it/s, acc=0.306, device=mps, eta=1m30s, loss=1.9900, sps=44.4]
BC[stage1_datasets_L40_stepsweep/bc_baseline_none_steps10000_tr2]:  62%|██████▏   | 6187/10000 [02:19<01:25, 44.50it/s, acc=0.306, device=mps, eta=1m30s, loss=1.9900, sps=44.4]
BC[stage1_datasets_L40_stepsweep/bc_baseline_none_steps10000_tr2]:  62%|██████▏   | 6193/10000 [02:19<01:21, 46.73it/s, acc=0.306, device=mps, eta=1m30s, loss=1.9900, sps=44.4]
BC[stage1_datasets_L40_stepsweep/bc_baseline_none_steps10000_tr2]:  62%|██████▏   | 6193/10000 [02:19<01:21, 46.73it/s, acc=0.305, device=mps, eta=1m26s, loss=1.9953, sps=44.4]
BC[stage1_datasets_L40_stepsweep/bc_baseline_none_steps10000_tr2]:  62%|██████▏   | 6200/10000 [02:19<01:14, 51.14it/s, acc=0.305, device=mps, eta=1m26s, loss=1.9953, sps=44.4]
BC[stage1_datasets_L40_stepsweep/bc_baseline_none_steps10000_tr2]:  62%|██████▏   | 6206/10000 [02:19<01:31, 41.39it/s, acc=0.305, device=mps, eta=1m26s, loss=1.9953, sps=44.4]
BC[stage1_datasets_L40_stepsweep/bc_baseline_none_steps10000_tr2]:  62%|██████▏   | 6211/10000 [02:19<01:28, 43.01it/s, acc=0.305, device=mps, eta=1m26s, loss=1.9953, sps=44.4]
BC[stage1_datasets_L40_stepsweep/bc_baseline_none_steps10000_tr2]:  62%|██████▏   | 6217/10000 [02:19<01:21, 46.61it/s, acc=0.305, device=mps, eta=1m26s, loss=1.9953, sps=44.4]
BC[stage1_datasets_L40_stepsweep/bc_baseline_none_steps10000_tr2]:  62%|██████▏   | 6223/10000 [02:20<01:34, 39.79it/s, acc=0.305, device=mps, eta=1m26s, loss=1.9953, sps=44.4]
BC[stage1_datasets_L40_stepsweep/bc_baseline_none_steps10000_tr2]:  62%|██████▏   | 6229/10000 [02:20<01:28, 42.61it/s, acc=0.305, device=mps, eta=1m26s, loss=1.9953, sps=44.4]
BC[stage1_datasets_L40_stepsweep/bc_baseline_none_steps10000_tr2]:  62%|██████▏   | 6235/10000 [02:20<01:21, 45.99it/s, acc=0.305, device=mps, eta=1m26s, loss=1.9953, sps=44.4]
BC[stage1_datasets_L40_stepsweep/bc_baseline_none_steps10000_tr2]:  62%|██████▏   | 6241/10000 [02:20<01:36, 39.07it/s, acc=0.305, device=mps, eta=1m26s, loss=1.9953, sps=44.4]
BC[stage1_datasets_L40_stepsweep/bc_baseline_none_steps10000_tr2]:  62%|██████▏   | 6247/10000 [02:20<01:26, 43.47it/s, acc=0.305, device=mps, eta=1m26s, loss=1.9953, sps=44.4]
BC[stage1_datasets_L40_stepsweep/bc_baseline_none_steps10000_tr2]:  63%|██████▎   | 6254/10000 [02:20<01:18, 48.02it/s, acc=0.305, device=mps, eta=1m26s, loss=1.9953, sps=44.4]
BC[stage1_datasets_L40_stepsweep/bc_baseline_none_steps10000_tr2]:  63%|██████▎   | 6261/10000 [02:21<01:30, 41.38it/s, acc=0.305, device=mps, eta=1m26s, loss=1.9953, sps=44.4]
BC[stage1_datasets_L40_stepsweep/bc_baseline_none_steps10000_tr2]:  63%|██████▎   | 6267/10000 [02:21<01:22, 45.36it/s, acc=0.305, device=mps, eta=1m26s, loss=1.9953, sps=44.4]
BC[stage1_datasets_L40_stepsweep/bc_baseline_none_steps10000_tr2]:  63%|██████▎   | 6273/10000 [02:21<01:16, 48.69it/s, acc=0.305, device=mps, eta=1m26s, loss=1.9953, sps=44.4]
BC[stage1_datasets_L40_stepsweep/bc_baseline_none_steps10000_tr2]:  63%|██████▎   | 6280/10000 [02:21<01:10, 52.62it/s, acc=0.305, device=mps, eta=1m26s, loss=1.9953, sps=44.4]
BC[stage1_datasets_L40_stepsweep/bc_baseline_none_steps10000_tr2]:  63%|██████▎   | 6286/10000 [02:21<01:28, 42.07it/s, acc=0.305, device=mps, eta=1m26s, loss=1.9953, sps=44.4]
BC[stage1_datasets_L40_stepsweep/bc_baseline_none_steps10000_tr2]:  63%|██████▎   | 6291/10000 [02:21<01:25, 43.62it/s, acc=0.305, device=mps, eta=1m26s, loss=1.9953, sps=44.4]
BC[stage1_datasets_L40_stepsweep/bc_baseline_none_steps10000_tr2]:  63%|██████▎   | 6297/10000 [02:21<01:19, 46.48it/s, acc=0.305, device=mps, eta=1m26s, loss=1.9953, sps=44.4]
BC[stage1_datasets_L40_stepsweep/bc_baseline_none_steps10000_tr2]:  63%|██████▎   | 6303/10000 [02:21<01:33, 39.40it/s, acc=0.305, device=mps, eta=1m26s, loss=1.9953, sps=44.4]
BC[stage1_datasets_L40_stepsweep/bc_baseline_none_steps10000_tr2]:  63%|██████▎   | 6309/10000 [02:22<01:25, 43.20it/s, acc=0.305, device=mps, eta=1m26s, loss=1.9953, sps=44.4]
BC[stage1_datasets_L40_stepsweep/bc_baseline_none_steps10000_tr2]:  63%|██████▎   | 6315/10000 [02:22<01:18, 46.91it/s, acc=0.305, device=mps, eta=1m26s, loss=1.9953, sps=44.4]
BC[stage1_datasets_L40_stepsweep/bc_baseline_none_steps10000_tr2]:  63%|██████▎   | 6321/10000 [02:22<01:31, 40.34it/s, acc=0.305, device=mps, eta=1m26s, loss=1.9953, sps=44.4]
BC[stage1_datasets_L40_stepsweep/bc_baseline_none_steps10000_tr2]:  63%|██████▎   | 6328/10000 [02:22<01:20, 45.68it/s, acc=0.305, device=mps, eta=1m26s, loss=1.9953, sps=44.4]
BC[stage1_datasets_L40_stepsweep/bc_baseline_none_steps10000_tr2]:  63%|██████▎   | 6335/10000 [02:22<01:13, 49.64it/s, acc=0.305, device=mps, eta=1m26s, loss=1.9953, sps=44.4]
BC[stage1_datasets_L40_stepsweep/bc_baseline_none_steps10000_tr2]:  63%|██████▎   | 6341/10000 [02:22<01:28, 41.31it/s, acc=0.305, device=mps, eta=1m26s, loss=1.9953, sps=44.4]
BC[stage1_datasets_L40_stepsweep/bc_baseline_none_steps10000_tr2]:  63%|██████▎   | 6347/10000 [02:22<01:21, 44.87it/s, acc=0.305, device=mps, eta=1m26s, loss=1.9953, sps=44.4]
BC[stage1_datasets_L40_stepsweep/bc_baseline_none_steps10000_tr2]:  64%|██████▎   | 6352/10000 [02:23<01:19, 46.03it/s, acc=0.305, device=mps, eta=1m26s, loss=1.9953, sps=44.4]
BC[stage1_datasets_L40_stepsweep/bc_baseline_none_steps10000_tr2]:  64%|██████▎   | 6358/10000 [02:23<01:15, 48.51it/s, acc=0.305, device=mps, eta=1m26s, loss=1.9953, sps=44.4]
BC[stage1_datasets_L40_stepsweep/bc_baseline_none_steps10000_tr2]:  64%|██████▎   | 6364/10000 [02:23<01:29, 40.50it/s, acc=0.305, device=mps, eta=1m26s, loss=1.9953, sps=44.4]
BC[stage1_datasets_L40_stepsweep/bc_baseline_none_steps10000_tr2]:  64%|██████▎   | 6370/10000 [02:23<01:23, 43.68it/s, acc=0.305, device=mps, eta=1m26s, loss=1.9953, sps=44.4]
BC[stage1_datasets_L40_stepsweep/bc_baseline_none_steps10000_tr2]:  64%|██████▍   | 6376/10000 [02:23<01:16, 47.29it/s, acc=0.305, device=mps, eta=1m26s, loss=1.9953, sps=44.4]
BC[stage1_datasets_L40_stepsweep/bc_baseline_none_steps10000_tr2]:  64%|██████▍   | 6382/10000 [02:23<01:29, 40.22it/s, acc=0.305, device=mps, eta=1m26s, loss=1.9953, sps=44.4]
BC[stage1_datasets_L40_stepsweep/bc_baseline_none_steps10000_tr2]:  64%|██████▍   | 6388/10000 [02:23<01:21, 44.48it/s, acc=0.305, device=mps, eta=1m26s, loss=1.9953, sps=44.4]
BC[stage1_datasets_L40_stepsweep/bc_baseline_none_steps10000_tr2]:  64%|██████▍   | 6395/10000 [02:23<01:13, 49.16it/s, acc=0.305, device=mps, eta=1m26s, loss=1.9953, sps=44.4]
BC[stage1_datasets_L40_stepsweep/bc_baseline_none_steps10000_tr2]:  64%|██████▍   | 6395/10000 [02:24<01:13, 49.16it/s, acc=0.305, device=mps, eta=1m21s, loss=1.9944, sps=44.4]
BC[stage1_datasets_L40_stepsweep/bc_baseline_none_steps10000_tr2]:  64%|██████▍   | 6401/10000 [02:24<01:27, 41.37it/s, acc=0.305, device=mps, eta=1m21s, loss=1.9944, sps=44.4]
BC[stage1_datasets_L40_stepsweep/bc_baseline_none_steps10000_tr2]:  64%|██████▍   | 6407/10000 [02:24<01:20, 44.63it/s, acc=0.305, device=mps, eta=1m21s, loss=1.9944, sps=44.4]
BC[stage1_datasets_L40_stepsweep/bc_baseline_none_steps10000_tr2]:  64%|██████▍   | 6413/10000 [02:24<01:14, 47.89it/s, acc=0.305, device=mps, eta=1m21s, loss=1.9944, sps=44.4]
BC[stage1_datasets_L40_stepsweep/bc_baseline_none_steps10000_tr2]:  64%|██████▍   | 6420/10000 [02:24<01:07, 52.99it/s, acc=0.305, device=mps, eta=1m21s, loss=1.9944, sps=44.4]
BC[stage1_datasets_L40_stepsweep/bc_baseline_none_steps10000_tr2]:  64%|██████▍   | 6426/10000 [02:24<01:24, 42.34it/s, acc=0.305, device=mps, eta=1m21s, loss=1.9944, sps=44.4]
BC[stage1_datasets_L40_stepsweep/bc_baseline_none_steps10000_tr2]:  64%|██████▍   | 6432/10000 [02:24<01:17, 46.18it/s, acc=0.305, device=mps, eta=1m21s, loss=1.9944, sps=44.4]
BC[stage1_datasets_L40_stepsweep/bc_baseline_none_steps10000_tr2]:  64%|██████▍   | 6439/10000 [02:24<01:11, 50.15it/s, acc=0.305, device=mps, eta=1m21s, loss=1.9944, sps=44.4]
BC[stage1_datasets_L40_stepsweep/bc_baseline_none_steps10000_tr2]:  64%|██████▍   | 6445/10000 [02:25<01:25, 41.61it/s, acc=0.305, device=mps, eta=1m21s, loss=1.9944, sps=44.4]
BC[stage1_datasets_L40_stepsweep/bc_baseline_none_steps10000_tr2]:  64%|██████▍   | 6450/10000 [02:25<01:22, 43.10it/s, acc=0.305, device=mps, eta=1m21s, loss=1.9944, sps=44.4]
BC[stage1_datasets_L40_stepsweep/bc_baseline_none_steps10000_tr2]:  65%|██████▍   | 6456/10000 [02:25<01:16, 46.08it/s, acc=0.305, device=mps, eta=1m21s, loss=1.9944, sps=44.4]
BC[stage1_datasets_L40_stepsweep/bc_baseline_none_steps10000_tr2]:  65%|██████▍   | 6461/10000 [02:25<01:32, 38.44it/s, acc=0.305, device=mps, eta=1m21s, loss=1.9944, sps=44.4]
BC[stage1_datasets_L40_stepsweep/bc_baseline_none_steps10000_tr2]:  65%|██████▍   | 6467/10000 [02:25<01:22, 42.71it/s, acc=0.305, device=mps, eta=1m21s, loss=1.9944, sps=44.4]
BC[stage1_datasets_L40_stepsweep/bc_baseline_none_steps10000_tr2]:  65%|██████▍   | 6473/10000 [02:25<01:15, 46.41it/s, acc=0.305, device=mps, eta=1m21s, loss=1.9944, sps=44.4]
BC[stage1_datasets_L40_stepsweep/bc_baseline_none_steps10000_tr2]:  65%|██████▍   | 6480/10000 [02:25<01:07, 51.91it/s, acc=0.305, device=mps, eta=1m21s, loss=1.9944, sps=44.4]
BC[stage1_datasets_L40_stepsweep/bc_baseline_none_steps10000_tr2]:  65%|██████▍   | 6486/10000 [02:26<01:24, 41.70it/s, acc=0.305, device=mps, eta=1m21s, loss=1.9944, sps=44.4]
BC[stage1_datasets_L40_stepsweep/bc_baseline_none_steps10000_tr2]:  65%|██████▍   | 6492/10000 [02:26<01:16, 45.81it/s, acc=0.305, device=mps, eta=1m21s, loss=1.9944, sps=44.4]
BC[stage1_datasets_L40_stepsweep/bc_baseline_none_steps10000_tr2]:  65%|██████▍   | 6499/10000 [02:26<01:09, 50.13it/s, acc=0.305, device=mps, eta=1m21s, loss=1.9944, sps=44.4]
BC[stage1_datasets_L40_stepsweep/bc_baseline_none_steps10000_tr2]:  65%|██████▌   | 6505/10000 [02:26<01:23, 41.85it/s, acc=0.305, device=mps, eta=1m21s, loss=1.9944, sps=44.4]
BC[stage1_datasets_L40_stepsweep/bc_baseline_none_steps10000_tr2]:  65%|██████▌   | 6512/10000 [02:26<01:14, 46.57it/s, acc=0.305, device=mps, eta=1m21s, loss=1.9944, sps=44.4]
BC[stage1_datasets_L40_stepsweep/bc_baseline_none_steps10000_tr2]:  65%|██████▌   | 6519/10000 [02:26<01:07, 51.59it/s, acc=0.305, device=mps, eta=1m21s, loss=1.9944, sps=44.4]
BC[stage1_datasets_L40_stepsweep/bc_baseline_none_steps10000_tr2]:  65%|██████▌   | 6525/10000 [02:26<01:20, 43.03it/s, acc=0.305, device=mps, eta=1m21s, loss=1.9944, sps=44.4]
BC[stage1_datasets_L40_stepsweep/bc_baseline_none_steps10000_tr2]:  65%|██████▌   | 6532/10000 [02:26<01:13, 47.33it/s, acc=0.305, device=mps, eta=1m21s, loss=1.9944, sps=44.4]
BC[stage1_datasets_L40_stepsweep/bc_baseline_none_steps10000_tr2]:  65%|██████▌   | 6539/10000 [02:27<01:08, 50.79it/s, acc=0.305, device=mps, eta=1m21s, loss=1.9944, sps=44.4]
BC[stage1_datasets_L40_stepsweep/bc_baseline_none_steps10000_tr2]:  65%|██████▌   | 6545/10000 [02:27<01:21, 42.28it/s, acc=0.305, device=mps, eta=1m21s, loss=1.9944, sps=44.4]
BC[stage1_datasets_L40_stepsweep/bc_baseline_none_steps10000_tr2]:  66%|██████▌   | 6551/10000 [02:27<01:17, 44.67it/s, acc=0.305, device=mps, eta=1m21s, loss=1.9944, sps=44.4]
BC[stage1_datasets_L40_stepsweep/bc_baseline_none_steps10000_tr2]:  66%|██████▌   | 6557/10000 [02:27<01:11, 48.03it/s, acc=0.305, device=mps, eta=1m21s, loss=1.9944, sps=44.4]
BC[stage1_datasets_L40_stepsweep/bc_baseline_none_steps10000_tr2]:  66%|██████▌   | 6563/10000 [02:27<01:24, 40.55it/s, acc=0.305, device=mps, eta=1m21s, loss=1.9944, sps=44.4]
BC[stage1_datasets_L40_stepsweep/bc_baseline_none_steps10000_tr2]:  66%|██████▌   | 6569/10000 [02:27<01:18, 43.79it/s, acc=0.305, device=mps, eta=1m21s, loss=1.9944, sps=44.4]
BC[stage1_datasets_L40_stepsweep/bc_baseline_none_steps10000_tr2]:  66%|██████▌   | 6576/10000 [02:27<01:10, 48.48it/s, acc=0.305, device=mps, eta=1m21s, loss=1.9944, sps=44.4]
BC[stage1_datasets_L40_stepsweep/bc_baseline_none_steps10000_tr2]:  66%|██████▌   | 6582/10000 [02:28<01:22, 41.19it/s, acc=0.305, device=mps, eta=1m21s, loss=1.9944, sps=44.4]
BC[stage1_datasets_L40_stepsweep/bc_baseline_none_steps10000_tr2]:  66%|██████▌   | 6588/10000 [02:28<01:15, 45.29it/s, acc=0.305, device=mps, eta=1m21s, loss=1.9944, sps=44.4]
BC[stage1_datasets_L40_stepsweep/bc_baseline_none_steps10000_tr2]:  66%|██████▌   | 6595/10000 [02:28<01:08, 49.93it/s, acc=0.305, device=mps, eta=1m21s, loss=1.9944, sps=44.4]
BC[stage1_datasets_L40_stepsweep/bc_baseline_none_steps10000_tr2]:  66%|██████▌   | 6595/10000 [02:28<01:08, 49.93it/s, acc=0.306, device=mps, eta=1m16s, loss=1.9919, sps=44.5]
BC[stage1_datasets_L40_stepsweep/bc_baseline_none_steps10000_tr2]:  66%|██████▌   | 6601/10000 [02:28<01:20, 42.05it/s, acc=0.306, device=mps, eta=1m16s, loss=1.9919, sps=44.5]
BC[stage1_datasets_L40_stepsweep/bc_baseline_none_steps10000_tr2]:  66%|██████▌   | 6607/10000 [02:28<01:14, 45.82it/s, acc=0.306, device=mps, eta=1m16s, loss=1.9919, sps=44.5]
BC[stage1_datasets_L40_stepsweep/bc_baseline_none_steps10000_tr2]:  66%|██████▌   | 6613/10000 [02:28<01:10, 48.08it/s, acc=0.306, device=mps, eta=1m16s, loss=1.9919, sps=44.5]
BC[stage1_datasets_L40_stepsweep/bc_baseline_none_steps10000_tr2]:  66%|██████▌   | 6619/10000 [02:28<01:07, 50.26it/s, acc=0.306, device=mps, eta=1m16s, loss=1.9919, sps=44.5]
BC[stage1_datasets_L40_stepsweep/bc_baseline_none_steps10000_tr2]:  66%|██████▋   | 6625/10000 [02:29<01:23, 40.60it/s, acc=0.306, device=mps, eta=1m16s, loss=1.9919, sps=44.5]
BC[stage1_datasets_L40_stepsweep/bc_baseline_none_steps10000_tr2]:  66%|██████▋   | 6630/10000 [02:29<01:19, 42.53it/s, acc=0.306, device=mps, eta=1m16s, loss=1.9919, sps=44.5]
BC[stage1_datasets_L40_stepsweep/bc_baseline_none_steps10000_tr2]:  66%|██████▋   | 6636/10000 [02:29<01:12, 46.41it/s, acc=0.306, device=mps, eta=1m16s, loss=1.9919, sps=44.5]
BC[stage1_datasets_L40_stepsweep/bc_baseline_none_steps10000_tr2]:  66%|██████▋   | 6642/10000 [02:29<01:24, 39.69it/s, acc=0.306, device=mps, eta=1m16s, loss=1.9919, sps=44.5]
BC[stage1_datasets_L40_stepsweep/bc_baseline_none_steps10000_tr2]:  66%|██████▋   | 6648/10000 [02:29<01:15, 44.12it/s, acc=0.306, device=mps, eta=1m16s, loss=1.9919, sps=44.5]
BC[stage1_datasets_L40_stepsweep/bc_baseline_none_steps10000_tr2]:  67%|██████▋   | 6654/10000 [02:29<01:10, 47.73it/s, acc=0.306, device=mps, eta=1m16s, loss=1.9919, sps=44.5]
BC[stage1_datasets_L40_stepsweep/bc_baseline_none_steps10000_tr2]:  67%|██████▋   | 6661/10000 [02:29<01:21, 40.78it/s, acc=0.306, device=mps, eta=1m16s, loss=1.9919, sps=44.5]
BC[stage1_datasets_L40_stepsweep/bc_baseline_none_steps10000_tr2]:  67%|██████▋   | 6667/10000 [02:30<01:15, 44.43it/s, acc=0.306, device=mps, eta=1m16s, loss=1.9919, sps=44.5]
BC[stage1_datasets_L40_stepsweep/bc_baseline_none_steps10000_tr2]:  67%|██████▋   | 6673/10000 [02:30<01:10, 46.97it/s, acc=0.306, device=mps, eta=1m16s, loss=1.9919, sps=44.5]
BC[stage1_datasets_L40_stepsweep/bc_baseline_none_steps10000_tr2]:  67%|██████▋   | 6679/10000 [02:30<01:06, 49.88it/s, acc=0.306, device=mps, eta=1m16s, loss=1.9919, sps=44.5]
BC[stage1_datasets_L40_stepsweep/bc_baseline_none_steps10000_tr2]:  67%|██████▋   | 6685/10000 [02:30<01:19, 41.53it/s, acc=0.306, device=mps, eta=1m16s, loss=1.9919, sps=44.5]
BC[stage1_datasets_L40_stepsweep/bc_baseline_none_steps10000_tr2]:  67%|██████▋   | 6691/10000 [02:30<01:14, 44.64it/s, acc=0.306, device=mps, eta=1m16s, loss=1.9919, sps=44.5]
BC[stage1_datasets_L40_stepsweep/bc_baseline_none_steps10000_tr2]:  67%|██████▋   | 6698/10000 [02:30<01:07, 48.98it/s, acc=0.306, device=mps, eta=1m16s, loss=1.9919, sps=44.5]
BC[stage1_datasets_L40_stepsweep/bc_baseline_none_steps10000_tr2]:  67%|██████▋   | 6704/10000 [02:30<01:21, 40.27it/s, acc=0.306, device=mps, eta=1m16s, loss=1.9919, sps=44.5]
BC[stage1_datasets_L40_stepsweep/bc_baseline_none_steps10000_tr2]:  67%|██████▋   | 6709/10000 [02:30<01:18, 42.08it/s, acc=0.306, device=mps, eta=1m16s, loss=1.9919, sps=44.5]
BC[stage1_datasets_L40_stepsweep/bc_baseline_none_steps10000_tr2]:  67%|██████▋   | 6715/10000 [02:31<01:12, 45.05it/s, acc=0.306, device=mps, eta=1m16s, loss=1.9919, sps=44.5]
BC[stage1_datasets_L40_stepsweep/bc_baseline_none_steps10000_tr2]:  67%|██████▋   | 6721/10000 [02:31<01:26, 38.11it/s, acc=0.306, device=mps, eta=1m16s, loss=1.9919, sps=44.5]
BC[stage1_datasets_L40_stepsweep/bc_baseline_none_steps10000_tr2]:  67%|██████▋   | 6727/10000 [02:31<01:17, 41.97it/s, acc=0.306, device=mps, eta=1m16s, loss=1.9919, sps=44.5]
BC[stage1_datasets_L40_stepsweep/bc_baseline_none_steps10000_tr2]:  67%|██████▋   | 6733/10000 [02:31<01:11, 45.45it/s, acc=0.306, device=mps, eta=1m16s, loss=1.9919, sps=44.5]
BC[stage1_datasets_L40_stepsweep/bc_baseline_none_steps10000_tr2]:  67%|██████▋   | 6739/10000 [02:31<01:06, 48.88it/s, acc=0.306, device=mps, eta=1m16s, loss=1.9919, sps=44.5]
BC[stage1_datasets_L40_stepsweep/bc_baseline_none_steps10000_tr2]:  67%|██████▋   | 6745/10000 [02:31<01:20, 40.54it/s, acc=0.306, device=mps, eta=1m16s, loss=1.9919, sps=44.5]
BC[stage1_datasets_L40_stepsweep/bc_baseline_none_steps10000_tr2]:  68%|██████▊   | 6752/10000 [02:31<01:11, 45.74it/s, acc=0.306, device=mps, eta=1m16s, loss=1.9919, sps=44.5]
BC[stage1_datasets_L40_stepsweep/bc_baseline_none_steps10000_tr2]:  68%|██████▊   | 6759/10000 [02:32<01:03, 51.04it/s, acc=0.306, device=mps, eta=1m16s, loss=1.9919, sps=44.5]
BC[stage1_datasets_L40_stepsweep/bc_baseline_none_steps10000_tr2]:  68%|██████▊   | 6765/10000 [02:32<01:16, 42.54it/s, acc=0.306, device=mps, eta=1m16s, loss=1.9919, sps=44.5]
BC[stage1_datasets_L40_stepsweep/bc_baseline_none_steps10000_tr2]:  68%|██████▊   | 6771/10000 [02:32<01:10, 45.65it/s, acc=0.306, device=mps, eta=1m16s, loss=1.9919, sps=44.5]
BC[stage1_datasets_L40_stepsweep/bc_baseline_none_steps10000_tr2]:  68%|██████▊   | 6777/10000 [02:32<01:06, 48.26it/s, acc=0.306, device=mps, eta=1m16s, loss=1.9919, sps=44.5]
BC[stage1_datasets_L40_stepsweep/bc_baseline_none_steps10000_tr2]:  68%|██████▊   | 6783/10000 [02:32<01:19, 40.25it/s, acc=0.306, device=mps, eta=1m16s, loss=1.9919, sps=44.5]
BC[stage1_datasets_L40_stepsweep/bc_baseline_none_steps10000_tr2]:  68%|██████▊   | 6789/10000 [02:32<01:13, 43.90it/s, acc=0.306, device=mps, eta=1m16s, loss=1.9919, sps=44.5]
BC[stage1_datasets_L40_stepsweep/bc_baseline_none_steps10000_tr2]:  68%|██████▊   | 6796/10000 [02:32<01:06, 48.43it/s, acc=0.306, device=mps, eta=1m16s, loss=1.9919, sps=44.5]
BC[stage1_datasets_L40_stepsweep/bc_baseline_none_steps10000_tr2]:  68%|██████▊   | 6796/10000 [02:32<01:06, 48.43it/s, acc=0.305, device=mps, eta=1m12s, loss=1.9959, sps=44.5]
BC[stage1_datasets_L40_stepsweep/bc_baseline_none_steps10000_tr2]:  68%|██████▊   | 6802/10000 [02:33<01:17, 41.40it/s, acc=0.305, device=mps, eta=1m12s, loss=1.9959, sps=44.5]
BC[stage1_datasets_L40_stepsweep/bc_baseline_none_steps10000_tr2]:  68%|██████▊   | 6808/10000 [02:33<01:10, 45.33it/s, acc=0.305, device=mps, eta=1m12s, loss=1.9959, sps=44.5]
BC[stage1_datasets_L40_stepsweep/bc_baseline_none_steps10000_tr2]:  68%|██████▊   | 6814/10000 [02:33<01:05, 48.32it/s, acc=0.305, device=mps, eta=1m12s, loss=1.9959, sps=44.5]
BC[stage1_datasets_L40_stepsweep/bc_baseline_none_steps10000_tr2]:  68%|██████▊   | 6821/10000 [02:33<01:17, 41.06it/s, acc=0.305, device=mps, eta=1m12s, loss=1.9959, sps=44.5]
BC[stage1_datasets_L40_stepsweep/bc_baseline_none_steps10000_tr2]:  68%|██████▊   | 6827/10000 [02:33<01:12, 43.91it/s, acc=0.305, device=mps, eta=1m12s, loss=1.9959, sps=44.5]
BC[stage1_datasets_L40_stepsweep/bc_baseline_none_steps10000_tr2]:  68%|██████▊   | 6833/10000 [02:33<01:07, 46.78it/s, acc=0.305, device=mps, eta=1m12s, loss=1.9959, sps=44.5]
BC[stage1_datasets_L40_stepsweep/bc_baseline_none_steps10000_tr2]:  68%|██████▊   | 6839/10000 [02:33<01:04, 49.32it/s, acc=0.305, device=mps, eta=1m12s, loss=1.9959, sps=44.5]
BC[stage1_datasets_L40_stepsweep/bc_baseline_none_steps10000_tr2]:  68%|██████▊   | 6845/10000 [02:34<01:17, 40.53it/s, acc=0.305, device=mps, eta=1m12s, loss=1.9959, sps=44.5]
BC[stage1_datasets_L40_stepsweep/bc_baseline_none_steps10000_tr2]:  68%|██████▊   | 6850/10000 [02:34<01:14, 42.17it/s, acc=0.305, device=mps, eta=1m12s, loss=1.9959, sps=44.5]
BC[stage1_datasets_L40_stepsweep/bc_baseline_none_steps10000_tr2]:  69%|██████▊   | 6856/10000 [02:34<01:07, 46.34it/s, acc=0.305, device=mps, eta=1m12s, loss=1.9959, sps=44.5]
BC[stage1_datasets_L40_stepsweep/bc_baseline_none_steps10000_tr2]:  69%|██████▊   | 6861/10000 [02:34<01:19, 39.42it/s, acc=0.305, device=mps, eta=1m12s, loss=1.9959, sps=44.5]
BC[stage1_datasets_L40_stepsweep/bc_baseline_none_steps10000_tr2]:  69%|██████▊   | 6868/10000 [02:34<01:08, 45.72it/s, acc=0.305, device=mps, eta=1m12s, loss=1.9959, sps=44.5]
BC[stage1_datasets_L40_stepsweep/bc_baseline_none_steps10000_tr2]:  69%|██████▉   | 6875/10000 [02:34<01:01, 50.79it/s, acc=0.305, device=mps, eta=1m12s, loss=1.9959, sps=44.5]
BC[stage1_datasets_L40_stepsweep/bc_baseline_none_steps10000_tr2]:  69%|██████▉   | 6881/10000 [02:34<01:12, 42.88it/s, acc=0.305, device=mps, eta=1m12s, loss=1.9959, sps=44.5]
BC[stage1_datasets_L40_stepsweep/bc_baseline_none_steps10000_tr2]:  69%|██████▉   | 6887/10000 [02:34<01:06, 46.52it/s, acc=0.305, device=mps, eta=1m12s, loss=1.9959, sps=44.5]
BC[stage1_datasets_L40_stepsweep/bc_baseline_none_steps10000_tr2]:  69%|██████▉   | 6893/10000 [02:35<01:04, 48.44it/s, acc=0.305, device=mps, eta=1m12s, loss=1.9959, sps=44.5]
BC[stage1_datasets_L40_stepsweep/bc_baseline_none_steps10000_tr2]:  69%|██████▉   | 6899/10000 [02:35<01:01, 50.33it/s, acc=0.305, device=mps, eta=1m12s, loss=1.9959, sps=44.5]
BC[stage1_datasets_L40_stepsweep/bc_baseline_none_steps10000_tr2]:  69%|██████▉   | 6905/10000 [02:35<01:13, 42.36it/s, acc=0.305, device=mps, eta=1m12s, loss=1.9959, sps=44.5]
BC[stage1_datasets_L40_stepsweep/bc_baseline_none_steps10000_tr2]:  69%|██████▉   | 6911/10000 [02:35<01:06, 46.12it/s, acc=0.305, device=mps, eta=1m12s, loss=1.9959, sps=44.5]
BC[stage1_datasets_L40_stepsweep/bc_baseline_none_steps10000_tr2]:  69%|██████▉   | 6917/10000 [02:35<01:03, 48.73it/s, acc=0.305, device=mps, eta=1m12s, loss=1.9959, sps=44.5]
BC[stage1_datasets_L40_stepsweep/bc_baseline_none_steps10000_tr2]:  69%|██████▉   | 6923/10000 [02:35<01:15, 40.73it/s, acc=0.305, device=mps, eta=1m12s, loss=1.9959, sps=44.5]
BC[stage1_datasets_L40_stepsweep/bc_baseline_none_steps10000_tr2]:  69%|██████▉   | 6930/10000 [02:35<01:06, 46.01it/s, acc=0.305, device=mps, eta=1m12s, loss=1.9959, sps=44.5]
BC[stage1_datasets_L40_stepsweep/bc_baseline_none_steps10000_tr2]:  69%|██████▉   | 6937/10000 [02:36<01:00, 50.91it/s, acc=0.305, device=mps, eta=1m12s, loss=1.9959, sps=44.5]
BC[stage1_datasets_L40_stepsweep/bc_baseline_none_steps10000_tr2]:  69%|██████▉   | 6943/10000 [02:36<01:11, 42.60it/s, acc=0.305, device=mps, eta=1m12s, loss=1.9959, sps=44.5]
BC[stage1_datasets_L40_stepsweep/bc_baseline_none_steps10000_tr2]:  70%|██████▉   | 6950/10000 [02:36<01:04, 47.14it/s, acc=0.305, device=mps, eta=1m12s, loss=1.9959, sps=44.5]
BC[stage1_datasets_L40_stepsweep/bc_baseline_none_steps10000_tr2]:  70%|██████▉   | 6957/10000 [02:36<00:59, 50.75it/s, acc=0.305, device=mps, eta=1m12s, loss=1.9959, sps=44.5]
BC[stage1_datasets_L40_stepsweep/bc_baseline_none_steps10000_tr2]:  70%|██████▉   | 6963/10000 [02:36<01:11, 42.33it/s, acc=0.305, device=mps, eta=1m12s, loss=1.9959, sps=44.5]
BC[stage1_datasets_L40_stepsweep/bc_baseline_none_steps10000_tr2]:  70%|██████▉   | 6970/10000 [02:36<01:04, 46.93it/s, acc=0.305, device=mps, eta=1m12s, loss=1.9959, sps=44.5]
BC[stage1_datasets_L40_stepsweep/bc_baseline_none_steps10000_tr2]:  70%|██████▉   | 6977/10000 [02:36<00:58, 51.29it/s, acc=0.305, device=mps, eta=1m12s, loss=1.9959, sps=44.5]
BC[stage1_datasets_L40_stepsweep/bc_baseline_none_steps10000_tr2]:  70%|██████▉   | 6983/10000 [02:37<01:09, 43.21it/s, acc=0.305, device=mps, eta=1m12s, loss=1.9959, sps=44.5]
BC[stage1_datasets_L40_stepsweep/bc_baseline_none_steps10000_tr2]:  70%|██████▉   | 6990/10000 [02:37<01:03, 47.49it/s, acc=0.305, device=mps, eta=1m12s, loss=1.9959, sps=44.5]
BC[stage1_datasets_L40_stepsweep/bc_baseline_none_steps10000_tr2]:  70%|██████▉   | 6996/10000 [02:37<00:59, 50.41it/s, acc=0.305, device=mps, eta=1m12s, loss=1.9959, sps=44.5]
BC[stage1_datasets_L40_stepsweep/bc_baseline_none_steps10000_tr2]:  70%|██████▉   | 6996/10000 [02:37<00:59, 50.41it/s, acc=0.306, device=mps, eta=1m07s, loss=1.9931, sps=44.5]
BC[stage1_datasets_L40_stepsweep/bc_baseline_none_steps10000_tr2]:  70%|███████   | 7002/10000 [02:37<01:11, 42.03it/s, acc=0.306, device=mps, eta=1m07s, loss=1.9931, sps=44.5]
BC[stage1_datasets_L40_stepsweep/bc_baseline_none_steps10000_tr2]:  70%|███████   | 7008/10000 [02:37<01:06, 45.07it/s, acc=0.306, device=mps, eta=1m07s, loss=1.9931, sps=44.5]
BC[stage1_datasets_L40_stepsweep/bc_baseline_none_steps10000_tr2]:  70%|███████   | 7014/10000 [02:37<01:02, 48.14it/s, acc=0.306, device=mps, eta=1m07s, loss=1.9931, sps=44.5]
BC[stage1_datasets_L40_stepsweep/bc_baseline_none_steps10000_tr2]:  70%|███████   | 7021/10000 [02:37<01:12, 41.33it/s, acc=0.306, device=mps, eta=1m07s, loss=1.9931, sps=44.5]
BC[stage1_datasets_L40_stepsweep/bc_baseline_none_steps10000_tr2]:  70%|███████   | 7028/10000 [02:38<01:04, 45.91it/s, acc=0.306, device=mps, eta=1m07s, loss=1.9931, sps=44.5]
BC[stage1_datasets_L40_stepsweep/bc_baseline_none_steps10000_tr2]:  70%|███████   | 7034/10000 [02:38<01:00, 48.66it/s, acc=0.306, device=mps, eta=1m07s, loss=1.9931, sps=44.5]
BC[stage1_datasets_L40_stepsweep/bc_baseline_none_steps10000_tr2]:  70%|███████   | 7040/10000 [02:38<00:57, 51.29it/s, acc=0.306, device=mps, eta=1m07s, loss=1.9931, sps=44.5]
BC[stage1_datasets_L40_stepsweep/bc_baseline_none_steps10000_tr2]:  70%|███████   | 7046/10000 [02:38<01:10, 41.71it/s, acc=0.306, device=mps, eta=1m07s, loss=1.9931, sps=44.5]
BC[stage1_datasets_L40_stepsweep/bc_baseline_none_steps10000_tr2]:  71%|███████   | 7051/10000 [02:38<01:08, 43.28it/s, acc=0.306, device=mps, eta=1m07s, loss=1.9931, sps=44.5]
BC[stage1_datasets_L40_stepsweep/bc_baseline_none_steps10000_tr2]:  71%|███████   | 7057/10000 [02:38<01:04, 45.90it/s, acc=0.306, device=mps, eta=1m07s, loss=1.9931, sps=44.5]
BC[stage1_datasets_L40_stepsweep/bc_baseline_none_steps10000_tr2]:  71%|███████   | 7062/10000 [02:38<01:17, 37.86it/s, acc=0.306, device=mps, eta=1m07s, loss=1.9931, sps=44.5]
BC[stage1_datasets_L40_stepsweep/bc_baseline_none_steps10000_tr2]:  71%|███████   | 7068/10000 [02:38<01:09, 42.26it/s, acc=0.306, device=mps, eta=1m07s, loss=1.9931, sps=44.5]
BC[stage1_datasets_L40_stepsweep/bc_baseline_none_steps10000_tr2]:  71%|███████   | 7074/10000 [02:39<01:02, 46.46it/s, acc=0.306, device=mps, eta=1m07s, loss=1.9931, sps=44.5]
BC[stage1_datasets_L40_stepsweep/bc_baseline_none_steps10000_tr2]:  71%|███████   | 7081/10000 [02:39<01:12, 40.04it/s, acc=0.306, device=mps, eta=1m07s, loss=1.9931, sps=44.5]
BC[stage1_datasets_L40_stepsweep/bc_baseline_none_steps10000_tr2]:  71%|███████   | 7087/10000 [02:39<01:06, 43.85it/s, acc=0.306, device=mps, eta=1m07s, loss=1.9931, sps=44.5]
BC[stage1_datasets_L40_stepsweep/bc_baseline_none_steps10000_tr2]:  71%|███████   | 7093/10000 [02:39<01:01, 47.31it/s, acc=0.306, device=mps, eta=1m07s, loss=1.9931, sps=44.5]
BC[stage1_datasets_L40_stepsweep/bc_baseline_none_steps10000_tr2]:  71%|███████   | 7100/10000 [02:39<00:55, 52.37it/s, acc=0.306, device=mps, eta=1m07s, loss=1.9931, sps=44.5]
BC[stage1_datasets_L40_stepsweep/bc_baseline_none_steps10000_tr2]:  71%|███████   | 7106/10000 [02:39<01:08, 41.95it/s, acc=0.306, device=mps, eta=1m07s, loss=1.9931, sps=44.5]
BC[stage1_datasets_L40_stepsweep/bc_baseline_none_steps10000_tr2]:  71%|███████   | 7112/10000 [02:39<01:03, 45.43it/s, acc=0.306, device=mps, eta=1m07s, loss=1.9931, sps=44.5]
BC[stage1_datasets_L40_stepsweep/bc_baseline_none_steps10000_tr2]:  71%|███████   | 7118/10000 [02:40<00:59, 48.32it/s, acc=0.306, device=mps, eta=1m07s, loss=1.9931, sps=44.5]
BC[stage1_datasets_L40_stepsweep/bc_baseline_none_steps10000_tr2]:  71%|███████   | 7124/10000 [02:40<01:10, 40.60it/s, acc=0.306, device=mps, eta=1m07s, loss=1.9931, sps=44.5]
BC[stage1_datasets_L40_stepsweep/bc_baseline_none_steps10000_tr2]:  71%|███████▏  | 7130/10000 [02:40<01:04, 44.33it/s, acc=0.306, device=mps, eta=1m07s, loss=1.9931, sps=44.5]
BC[stage1_datasets_L40_stepsweep/bc_baseline_none_steps10000_tr2]:  71%|███████▏  | 7136/10000 [02:40<01:00, 47.40it/s, acc=0.306, device=mps, eta=1m07s, loss=1.9931, sps=44.5]
BC[stage1_datasets_L40_stepsweep/bc_baseline_none_steps10000_tr2]:  71%|███████▏  | 7142/10000 [02:40<01:12, 39.68it/s, acc=0.306, device=mps, eta=1m07s, loss=1.9931, sps=44.5]
BC[stage1_datasets_L40_stepsweep/bc_baseline_none_steps10000_tr2]:  71%|███████▏  | 7149/10000 [02:40<01:03, 45.15it/s, acc=0.306, device=mps, eta=1m07s, loss=1.9931, sps=44.5]
BC[stage1_datasets_L40_stepsweep/bc_baseline_none_steps10000_tr2]:  72%|███████▏  | 7156/10000 [02:40<00:56, 50.33it/s, acc=0.306, device=mps, eta=1m07s, loss=1.9931, sps=44.5]
BC[stage1_datasets_L40_stepsweep/bc_baseline_none_steps10000_tr2]:  72%|███████▏  | 7162/10000 [02:41<01:06, 42.59it/s, acc=0.306, device=mps, eta=1m07s, loss=1.9931, sps=44.5]
BC[stage1_datasets_L40_stepsweep/bc_baseline_none_steps10000_tr2]:  72%|███████▏  | 7169/10000 [02:41<00:59, 47.44it/s, acc=0.306, device=mps, eta=1m07s, loss=1.9931, sps=44.5]
BC[stage1_datasets_L40_stepsweep/bc_baseline_none_steps10000_tr2]:  72%|███████▏  | 7176/10000 [02:41<00:54, 51.74it/s, acc=0.306, device=mps, eta=1m07s, loss=1.9931, sps=44.5]
BC[stage1_datasets_L40_stepsweep/bc_baseline_none_steps10000_tr2]:  72%|███████▏  | 7182/10000 [02:41<01:05, 43.05it/s, acc=0.306, device=mps, eta=1m07s, loss=1.9931, sps=44.5]
BC[stage1_datasets_L40_stepsweep/bc_baseline_none_steps10000_tr2]:  72%|███████▏  | 7188/10000 [02:41<01:00, 46.21it/s, acc=0.306, device=mps, eta=1m07s, loss=1.9931, sps=44.5]
BC[stage1_datasets_L40_stepsweep/bc_baseline_none_steps10000_tr2]:  72%|███████▏  | 7194/10000 [02:41<00:56, 49.39it/s, acc=0.306, device=mps, eta=1m07s, loss=1.9931, sps=44.5]
BC[stage1_datasets_L40_stepsweep/bc_baseline_none_steps10000_tr2]:  72%|███████▏  | 7194/10000 [02:41<00:56, 49.39it/s, acc=0.304, device=mps, eta=1m03s, loss=1.9918, sps=44.5]
BC[stage1_datasets_L40_stepsweep/bc_baseline_none_steps10000_tr2]:  72%|███████▏  | 7201/10000 [02:41<01:06, 42.35it/s, acc=0.304, device=mps, eta=1m03s, loss=1.9918, sps=44.5]
BC[stage1_datasets_L40_stepsweep/bc_baseline_none_steps10000_tr2]:  72%|███████▏  | 7207/10000 [02:42<01:01, 45.29it/s, acc=0.304, device=mps, eta=1m03s, loss=1.9918, sps=44.5]
BC[stage1_datasets_L40_stepsweep/bc_baseline_none_steps10000_tr2]:  72%|███████▏  | 7213/10000 [02:42<00:58, 48.02it/s, acc=0.304, device=mps, eta=1m03s, loss=1.9918, sps=44.5]
BC[stage1_datasets_L40_stepsweep/bc_baseline_none_steps10000_tr2]:  72%|███████▏  | 7219/10000 [02:42<00:55, 50.45it/s, acc=0.304, device=mps, eta=1m03s, loss=1.9918, sps=44.5]
BC[stage1_datasets_L40_stepsweep/bc_baseline_none_steps10000_tr2]:  72%|███████▏  | 7225/10000 [02:42<01:06, 41.59it/s, acc=0.304, device=mps, eta=1m03s, loss=1.9918, sps=44.5]
BC[stage1_datasets_L40_stepsweep/bc_baseline_none_steps10000_tr2]:  72%|███████▏  | 7231/10000 [02:42<01:00, 45.44it/s, acc=0.304, device=mps, eta=1m03s, loss=1.9918, sps=44.5]
BC[stage1_datasets_L40_stepsweep/bc_baseline_none_steps10000_tr2]:  72%|███████▏  | 7238/10000 [02:42<00:55, 49.78it/s, acc=0.304, device=mps, eta=1m03s, loss=1.9918, sps=44.5]
BC[stage1_datasets_L40_stepsweep/bc_baseline_none_steps10000_tr2]:  72%|███████▏  | 7244/10000 [02:42<01:05, 41.85it/s, acc=0.304, device=mps, eta=1m03s, loss=1.9918, sps=44.5]
BC[stage1_datasets_L40_stepsweep/bc_baseline_none_steps10000_tr2]:  73%|███████▎  | 7251/10000 [02:42<00:58, 46.94it/s, acc=0.304, device=mps, eta=1m03s, loss=1.9918, sps=44.5]
BC[stage1_datasets_L40_stepsweep/bc_baseline_none_steps10000_tr2]:  73%|███████▎  | 7259/10000 [02:43<00:51, 53.39it/s, acc=0.304, device=mps, eta=1m03s, loss=1.9918, sps=44.5]
BC[stage1_datasets_L40_stepsweep/bc_baseline_none_steps10000_tr2]:  73%|███████▎  | 7265/10000 [02:43<01:01, 44.36it/s, acc=0.304, device=mps, eta=1m03s, loss=1.9918, sps=44.5]
BC[stage1_datasets_L40_stepsweep/bc_baseline_none_steps10000_tr2]:  73%|███████▎  | 7272/10000 [02:43<00:56, 48.53it/s, acc=0.304, device=mps, eta=1m03s, loss=1.9918, sps=44.5]
BC[stage1_datasets_L40_stepsweep/bc_baseline_none_steps10000_tr2]:  73%|███████▎  | 7278/10000 [02:43<00:53, 51.19it/s, acc=0.304, device=mps, eta=1m03s, loss=1.9918, sps=44.5]
BC[stage1_datasets_L40_stepsweep/bc_baseline_none_steps10000_tr2]:  73%|███████▎  | 7284/10000 [02:43<01:03, 42.52it/s, acc=0.304, device=mps, eta=1m03s, loss=1.9918, sps=44.5]
BC[stage1_datasets_L40_stepsweep/bc_baseline_none_steps10000_tr2]:  73%|███████▎  | 7290/10000 [02:43<00:59, 45.23it/s, acc=0.304, device=mps, eta=1m03s, loss=1.9918, sps=44.5]
BC[stage1_datasets_L40_stepsweep/bc_baseline_none_steps10000_tr2]:  73%|███████▎  | 7296/10000 [02:43<00:57, 46.87it/s, acc=0.304, device=mps, eta=1m03s, loss=1.9918, sps=44.5]
BC[stage1_datasets_L40_stepsweep/bc_baseline_none_steps10000_tr2]:  73%|███████▎  | 7301/10000 [02:44<01:09, 38.90it/s, acc=0.304, device=mps, eta=1m03s, loss=1.9918, sps=44.5]
BC[stage1_datasets_L40_stepsweep/bc_baseline_none_steps10000_tr2]:  73%|███████▎  | 7307/10000 [02:44<01:01, 43.51it/s, acc=0.304, device=mps, eta=1m03s, loss=1.9918, sps=44.5]
BC[stage1_datasets_L40_stepsweep/bc_baseline_none_steps10000_tr2]:  73%|███████▎  | 7313/10000 [02:44<00:57, 46.34it/s, acc=0.304, device=mps, eta=1m03s, loss=1.9918, sps=44.5]
BC[stage1_datasets_L40_stepsweep/bc_baseline_none_steps10000_tr2]:  73%|███████▎  | 7320/10000 [02:44<00:52, 51.35it/s, acc=0.304, device=mps, eta=1m03s, loss=1.9918, sps=44.5]
BC[stage1_datasets_L40_stepsweep/bc_baseline_none_steps10000_tr2]:  73%|███████▎  | 7326/10000 [02:44<01:04, 41.42it/s, acc=0.304, device=mps, eta=1m03s, loss=1.9918, sps=44.5]
BC[stage1_datasets_L40_stepsweep/bc_baseline_none_steps10000_tr2]:  73%|███████▎  | 7333/10000 [02:44<00:57, 46.71it/s, acc=0.304, device=mps, eta=1m03s, loss=1.9918, sps=44.5]
BC[stage1_datasets_L40_stepsweep/bc_baseline_none_steps10000_tr2]:  73%|███████▎  | 7341/10000 [02:44<01:02, 42.27it/s, acc=0.304, device=mps, eta=1m03s, loss=1.9918, sps=44.5]
BC[stage1_datasets_L40_stepsweep/bc_baseline_none_steps10000_tr2]:  73%|███████▎  | 7348/10000 [02:45<00:56, 46.65it/s, acc=0.304, device=mps, eta=1m03s, loss=1.9918, sps=44.5]
BC[stage1_datasets_L40_stepsweep/bc_baseline_none_steps10000_tr2]:  74%|███████▎  | 7355/10000 [02:45<00:52, 50.14it/s, acc=0.304, device=mps, eta=1m03s, loss=1.9918, sps=44.5]
BC[stage1_datasets_L40_stepsweep/bc_baseline_none_steps10000_tr2]:  74%|███████▎  | 7361/10000 [02:45<01:03, 41.78it/s, acc=0.304, device=mps, eta=1m03s, loss=1.9918, sps=44.5]
BC[stage1_datasets_L40_stepsweep/bc_baseline_none_steps10000_tr2]:  74%|███████▎  | 7367/10000 [02:45<00:58, 44.73it/s, acc=0.304, device=mps, eta=1m03s, loss=1.9918, sps=44.5]
BC[stage1_datasets_L40_stepsweep/bc_baseline_none_steps10000_tr2]:  74%|███████▎  | 7373/10000 [02:45<00:56, 46.20it/s, acc=0.304, device=mps, eta=1m03s, loss=1.9918, sps=44.5]
BC[stage1_datasets_L40_stepsweep/bc_baseline_none_steps10000_tr2]:  74%|███████▍  | 7380/10000 [02:45<00:50, 51.38it/s, acc=0.304, device=mps, eta=1m03s, loss=1.9918, sps=44.5]
BC[stage1_datasets_L40_stepsweep/bc_baseline_none_steps10000_tr2]:  74%|███████▍  | 7386/10000 [02:45<01:02, 41.95it/s, acc=0.304, device=mps, eta=1m03s, loss=1.9918, sps=44.5]
BC[stage1_datasets_L40_stepsweep/bc_baseline_none_steps10000_tr2]:  74%|███████▍  | 7393/10000 [02:46<00:55, 46.57it/s, acc=0.304, device=mps, eta=1m03s, loss=1.9918, sps=44.5]
BC[stage1_datasets_L40_stepsweep/bc_baseline_none_steps10000_tr2]:  74%|███████▍  | 7393/10000 [02:46<00:55, 46.57it/s, acc=0.308, device=mps, eta=58s, loss=1.9882, sps=44.5]  
BC[stage1_datasets_L40_stepsweep/bc_baseline_none_steps10000_tr2]:  74%|███████▍  | 7400/10000 [02:46<00:50, 51.41it/s, acc=0.308, device=mps, eta=58s, loss=1.9882, sps=44.5]
BC[stage1_datasets_L40_stepsweep/bc_baseline_none_steps10000_tr2]:  74%|███████▍  | 7406/10000 [02:46<01:02, 41.50it/s, acc=0.308, device=mps, eta=58s, loss=1.9882, sps=44.5]
BC[stage1_datasets_L40_stepsweep/bc_baseline_none_steps10000_tr2]:  74%|███████▍  | 7412/10000 [02:46<00:58, 44.33it/s, acc=0.308, device=mps, eta=58s, loss=1.9882, sps=44.5]
BC[stage1_datasets_L40_stepsweep/bc_baseline_none_steps10000_tr2]:  74%|███████▍  | 7418/10000 [02:46<00:54, 47.69it/s, acc=0.308, device=mps, eta=58s, loss=1.9882, sps=44.5]
BC[stage1_datasets_L40_stepsweep/bc_baseline_none_steps10000_tr2]:  74%|███████▍  | 7424/10000 [02:46<01:03, 40.37it/s, acc=0.308, device=mps, eta=58s, loss=1.9882, sps=44.5]
BC[stage1_datasets_L40_stepsweep/bc_baseline_none_steps10000_tr2]:  74%|███████▍  | 7429/10000 [02:46<01:00, 42.43it/s, acc=0.308, device=mps, eta=58s, loss=1.9882, sps=44.5]
BC[stage1_datasets_L40_stepsweep/bc_baseline_none_steps10000_tr2]:  74%|███████▍  | 7435/10000 [02:46<00:56, 45.65it/s, acc=0.308, device=mps, eta=58s, loss=1.9882, sps=44.5]
BC[stage1_datasets_L40_stepsweep/bc_baseline_none_steps10000_tr2]:  74%|███████▍  | 7441/10000 [02:47<01:05, 39.06it/s, acc=0.308, device=mps, eta=58s, loss=1.9882, sps=44.5]
BC[stage1_datasets_L40_stepsweep/bc_baseline_none_steps10000_tr2]:  74%|███████▍  | 7448/10000 [02:47<00:57, 44.46it/s, acc=0.308, device=mps, eta=58s, loss=1.9882, sps=44.5]
BC[stage1_datasets_L40_stepsweep/bc_baseline_none_steps10000_tr2]:  75%|███████▍  | 7455/10000 [02:47<00:52, 48.61it/s, acc=0.308, device=mps, eta=58s, loss=1.9882, sps=44.5]
BC[stage1_datasets_L40_stepsweep/bc_baseline_none_steps10000_tr2]:  75%|███████▍  | 7461/10000 [02:47<01:01, 41.16it/s, acc=0.308, device=mps, eta=58s, loss=1.9882, sps=44.5]
BC[stage1_datasets_L40_stepsweep/bc_baseline_none_steps10000_tr2]:  75%|███████▍  | 7467/10000 [02:47<00:56, 44.92it/s, acc=0.308, device=mps, eta=58s, loss=1.9882, sps=44.5]
BC[stage1_datasets_L40_stepsweep/bc_baseline_none_steps10000_tr2]:  75%|███████▍  | 7474/10000 [02:47<00:51, 49.29it/s, acc=0.308, device=mps, eta=58s, loss=1.9882, sps=44.5]
BC[stage1_datasets_L40_stepsweep/bc_baseline_none_steps10000_tr2]:  75%|███████▍  | 7481/10000 [02:48<00:59, 42.08it/s, acc=0.308, device=mps, eta=58s, loss=1.9882, sps=44.5]
BC[stage1_datasets_L40_stepsweep/bc_baseline_none_steps10000_tr2]:  75%|███████▍  | 7487/10000 [02:48<00:56, 44.45it/s, acc=0.308, device=mps, eta=58s, loss=1.9882, sps=44.5]
BC[stage1_datasets_L40_stepsweep/bc_baseline_none_steps10000_tr2]:  75%|███████▍  | 7494/10000 [02:48<00:51, 48.54it/s, acc=0.308, device=mps, eta=58s, loss=1.9882, sps=44.5]
BC[stage1_datasets_L40_stepsweep/bc_baseline_none_steps10000_tr2]:  75%|███████▌  | 7501/10000 [02:48<00:59, 41.97it/s, acc=0.308, device=mps, eta=58s, loss=1.9882, sps=44.5]
BC[stage1_datasets_L40_stepsweep/bc_baseline_none_steps10000_tr2]:  75%|███████▌  | 7508/10000 [02:48<00:53, 46.53it/s, acc=0.308, device=mps, eta=58s, loss=1.9882, sps=44.5]
BC[stage1_datasets_L40_stepsweep/bc_baseline_none_steps10000_tr2]:  75%|███████▌  | 7515/10000 [02:48<00:48, 50.76it/s, acc=0.308, device=mps, eta=58s, loss=1.9882, sps=44.5]
BC[stage1_datasets_L40_stepsweep/bc_baseline_none_steps10000_tr2]:  75%|███████▌  | 7521/10000 [02:48<00:57, 43.18it/s, acc=0.308, device=mps, eta=58s, loss=1.9882, sps=44.5]
BC[stage1_datasets_L40_stepsweep/bc_baseline_none_steps10000_tr2]:  75%|███████▌  | 7528/10000 [02:49<00:52, 47.48it/s, acc=0.308, device=mps, eta=58s, loss=1.9882, sps=44.5]
BC[stage1_datasets_L40_stepsweep/bc_baseline_none_steps10000_tr2]:  75%|███████▌  | 7534/10000 [02:49<00:49, 49.90it/s, acc=0.308, device=mps, eta=58s, loss=1.9882, sps=44.5]
BC[stage1_datasets_L40_stepsweep/bc_baseline_none_steps10000_tr2]:  75%|███████▌  | 7540/10000 [02:49<00:47, 51.97it/s, acc=0.308, device=mps, eta=58s, loss=1.9882, sps=44.5]
BC[stage1_datasets_L40_stepsweep/bc_baseline_none_steps10000_tr2]:  75%|███████▌  | 7546/10000 [02:49<00:58, 42.29it/s, acc=0.308, device=mps, eta=58s, loss=1.9882, sps=44.5]
BC[stage1_datasets_L40_stepsweep/bc_baseline_none_steps10000_tr2]:  76%|███████▌  | 7551/10000 [02:49<00:55, 43.91it/s, acc=0.308, device=mps, eta=58s, loss=1.9882, sps=44.5]
BC[stage1_datasets_L40_stepsweep/bc_baseline_none_steps10000_tr2]:  76%|███████▌  | 7557/10000 [02:49<00:52, 46.12it/s, acc=0.308, device=mps, eta=58s, loss=1.9882, sps=44.5]
BC[stage1_datasets_L40_stepsweep/bc_baseline_none_steps10000_tr2]:  76%|███████▌  | 7562/10000 [02:49<01:03, 38.14it/s, acc=0.308, device=mps, eta=58s, loss=1.9882, sps=44.5]
BC[stage1_datasets_L40_stepsweep/bc_baseline_none_steps10000_tr2]:  76%|███████▌  | 7569/10000 [02:49<00:55, 43.85it/s, acc=0.308, device=mps, eta=58s, loss=1.9882, sps=44.5]
BC[stage1_datasets_L40_stepsweep/bc_baseline_none_steps10000_tr2]:  76%|███████▌  | 7576/10000 [02:50<00:49, 48.51it/s, acc=0.308, device=mps, eta=58s, loss=1.9882, sps=44.5]
BC[stage1_datasets_L40_stepsweep/bc_baseline_none_steps10000_tr2]:  76%|███████▌  | 7582/10000 [02:50<00:59, 40.85it/s, acc=0.308, device=mps, eta=58s, loss=1.9882, sps=44.5]
BC[stage1_datasets_L40_stepsweep/bc_baseline_none_steps10000_tr2]:  76%|███████▌  | 7588/10000 [02:50<00:54, 44.26it/s, acc=0.308, device=mps, eta=58s, loss=1.9882, sps=44.5]
BC[stage1_datasets_L40_stepsweep/bc_baseline_none_steps10000_tr2]:  76%|███████▌  | 7593/10000 [02:50<00:53, 45.33it/s, acc=0.308, device=mps, eta=58s, loss=1.9882, sps=44.5]
BC[stage1_datasets_L40_stepsweep/bc_baseline_none_steps10000_tr2]:  76%|███████▌  | 7593/10000 [02:50<00:53, 45.33it/s, acc=0.303, device=mps, eta=54s, loss=1.9961, sps=44.5]
BC[stage1_datasets_L40_stepsweep/bc_baseline_none_steps10000_tr2]:  76%|███████▌  | 7600/10000 [02:50<00:47, 50.30it/s, acc=0.303, device=mps, eta=54s, loss=1.9961, sps=44.5]
BC[stage1_datasets_L40_stepsweep/bc_baseline_none_steps10000_tr2]:  76%|███████▌  | 7606/10000 [02:50<00:58, 40.65it/s, acc=0.303, device=mps, eta=54s, loss=1.9961, sps=44.5]
BC[stage1_datasets_L40_stepsweep/bc_baseline_none_steps10000_tr2]:  76%|███████▌  | 7612/10000 [02:50<00:54, 44.14it/s, acc=0.303, device=mps, eta=54s, loss=1.9961, sps=44.5]
BC[stage1_datasets_L40_stepsweep/bc_baseline_none_steps10000_tr2]:  76%|███████▌  | 7619/10000 [02:51<00:48, 48.82it/s, acc=0.303, device=mps, eta=54s, loss=1.9961, sps=44.5]
BC[stage1_datasets_L40_stepsweep/bc_baseline_none_steps10000_tr2]:  76%|███████▋  | 7625/10000 [02:51<00:57, 41.10it/s, acc=0.303, device=mps, eta=54s, loss=1.9961, sps=44.5]
BC[stage1_datasets_L40_stepsweep/bc_baseline_none_steps10000_tr2]:  76%|███████▋  | 7631/10000 [02:51<00:52, 45.22it/s, acc=0.303, device=mps, eta=54s, loss=1.9961, sps=44.5]
BC[stage1_datasets_L40_stepsweep/bc_baseline_none_steps10000_tr2]:  76%|███████▋  | 7637/10000 [02:51<00:48, 48.74it/s, acc=0.303, device=mps, eta=54s, loss=1.9961, sps=44.5]
BC[stage1_datasets_L40_stepsweep/bc_baseline_none_steps10000_tr2]:  76%|███████▋  | 7643/10000 [02:51<00:57, 40.92it/s, acc=0.303, device=mps, eta=54s, loss=1.9961, sps=44.5]
BC[stage1_datasets_L40_stepsweep/bc_baseline_none_steps10000_tr2]:  76%|███████▋  | 7649/10000 [02:51<00:53, 43.73it/s, acc=0.303, device=mps, eta=54s, loss=1.9961, sps=44.5]
BC[stage1_datasets_L40_stepsweep/bc_baseline_none_steps10000_tr2]:  77%|███████▋  | 7656/10000 [02:51<00:48, 48.52it/s, acc=0.303, device=mps, eta=54s, loss=1.9961, sps=44.5]
BC[stage1_datasets_L40_stepsweep/bc_baseline_none_steps10000_tr2]:  77%|███████▋  | 7662/10000 [02:52<00:56, 41.55it/s, acc=0.303, device=mps, eta=54s, loss=1.9961, sps=44.5]
BC[stage1_datasets_L40_stepsweep/bc_baseline_none_steps10000_tr2]:  77%|███████▋  | 7668/10000 [02:52<00:51, 45.45it/s, acc=0.303, device=mps, eta=54s, loss=1.9961, sps=44.5]
BC[stage1_datasets_L40_stepsweep/bc_baseline_none_steps10000_tr2]:  77%|███████▋  | 7675/10000 [02:52<00:46, 49.83it/s, acc=0.303, device=mps, eta=54s, loss=1.9961, sps=44.5]
BC[stage1_datasets_L40_stepsweep/bc_baseline_none_steps10000_tr2]:  77%|███████▋  | 7681/10000 [02:52<00:54, 42.20it/s, acc=0.303, device=mps, eta=54s, loss=1.9961, sps=44.5]
BC[stage1_datasets_L40_stepsweep/bc_baseline_none_steps10000_tr2]:  77%|███████▋  | 7687/10000 [02:52<00:50, 46.07it/s, acc=0.303, device=mps, eta=54s, loss=1.9961, sps=44.5]
BC[stage1_datasets_L40_stepsweep/bc_baseline_none_steps10000_tr2]:  77%|███████▋  | 7693/10000 [02:52<00:48, 48.02it/s, acc=0.303, device=mps, eta=54s, loss=1.9961, sps=44.5]
BC[stage1_datasets_L40_stepsweep/bc_baseline_none_steps10000_tr2]:  77%|███████▋  | 7699/10000 [02:52<00:45, 50.89it/s, acc=0.303, device=mps, eta=54s, loss=1.9961, sps=44.5]
BC[stage1_datasets_L40_stepsweep/bc_baseline_none_steps10000_tr2]:  77%|███████▋  | 7705/10000 [02:53<00:56, 40.44it/s, acc=0.303, device=mps, eta=54s, loss=1.9961, sps=44.5]
BC[stage1_datasets_L40_stepsweep/bc_baseline_none_steps10000_tr2]:  77%|███████▋  | 7711/10000 [02:53<00:52, 43.56it/s, acc=0.303, device=mps, eta=54s, loss=1.9961, sps=44.5]
BC[stage1_datasets_L40_stepsweep/bc_baseline_none_steps10000_tr2]:  77%|███████▋  | 7718/10000 [02:53<00:47, 48.02it/s, acc=0.303, device=mps, eta=54s, loss=1.9961, sps=44.5]
BC[stage1_datasets_L40_stepsweep/bc_baseline_none_steps10000_tr2]:  77%|███████▋  | 7724/10000 [02:53<00:55, 40.79it/s, acc=0.303, device=mps, eta=54s, loss=1.9961, sps=44.5]
BC[stage1_datasets_L40_stepsweep/bc_baseline_none_steps10000_tr2]:  77%|███████▋  | 7730/10000 [02:53<00:52, 43.45it/s, acc=0.303, device=mps, eta=54s, loss=1.9961, sps=44.5]
BC[stage1_datasets_L40_stepsweep/bc_baseline_none_steps10000_tr2]:  77%|███████▋  | 7737/10000 [02:53<00:47, 47.84it/s, acc=0.303, device=mps, eta=54s, loss=1.9961, sps=44.5]
BC[stage1_datasets_L40_stepsweep/bc_baseline_none_steps10000_tr2]:  77%|███████▋  | 7743/10000 [02:53<00:55, 40.34it/s, acc=0.303, device=mps, eta=54s, loss=1.9961, sps=44.5]
BC[stage1_datasets_L40_stepsweep/bc_baseline_none_steps10000_tr2]:  77%|███████▋  | 7749/10000 [02:54<00:52, 42.95it/s, acc=0.303, device=mps, eta=54s, loss=1.9961, sps=44.5]
BC[stage1_datasets_L40_stepsweep/bc_baseline_none_steps10000_tr2]:  78%|███████▊  | 7755/10000 [02:54<00:49, 45.67it/s, acc=0.303, device=mps, eta=54s, loss=1.9961, sps=44.5]
BC[stage1_datasets_L40_stepsweep/bc_baseline_none_steps10000_tr2]:  78%|███████▊  | 7761/10000 [02:54<00:56, 39.29it/s, acc=0.303, device=mps, eta=54s, loss=1.9961, sps=44.5]
BC[stage1_datasets_L40_stepsweep/bc_baseline_none_steps10000_tr2]:  78%|███████▊  | 7767/10000 [02:54<00:51, 43.32it/s, acc=0.303, device=mps, eta=54s, loss=1.9961, sps=44.5]
BC[stage1_datasets_L40_stepsweep/bc_baseline_none_steps10000_tr2]:  78%|███████▊  | 7773/10000 [02:54<00:47, 46.74it/s, acc=0.303, device=mps, eta=54s, loss=1.9961, sps=44.5]
BC[stage1_datasets_L40_stepsweep/bc_baseline_none_steps10000_tr2]:  78%|███████▊  | 7780/10000 [02:54<00:43, 51.43it/s, acc=0.303, device=mps, eta=54s, loss=1.9961, sps=44.5]
BC[stage1_datasets_L40_stepsweep/bc_baseline_none_steps10000_tr2]:  78%|███████▊  | 7786/10000 [02:54<00:53, 41.69it/s, acc=0.303, device=mps, eta=54s, loss=1.9961, sps=44.5]
BC[stage1_datasets_L40_stepsweep/bc_baseline_none_steps10000_tr2]:  78%|███████▊  | 7792/10000 [02:54<00:49, 44.50it/s, acc=0.303, device=mps, eta=54s, loss=1.9961, sps=44.5]
BC[stage1_datasets_L40_stepsweep/bc_baseline_none_steps10000_tr2]:  78%|███████▊  | 7798/10000 [02:55<00:46, 47.19it/s, acc=0.303, device=mps, eta=54s, loss=1.9961, sps=44.5]
BC[stage1_datasets_L40_stepsweep/bc_baseline_none_steps10000_tr2]:  78%|███████▊  | 7798/10000 [02:55<00:46, 47.19it/s, acc=0.308, device=mps, eta=49s, loss=1.9844, sps=44.5]
BC[stage1_datasets_L40_stepsweep/bc_baseline_none_steps10000_tr2]:  78%|███████▊  | 7804/10000 [02:55<00:55, 39.72it/s, acc=0.308, device=mps, eta=49s, loss=1.9844, sps=44.5]
BC[stage1_datasets_L40_stepsweep/bc_baseline_none_steps10000_tr2]:  78%|███████▊  | 7810/10000 [02:55<00:50, 43.71it/s, acc=0.308, device=mps, eta=49s, loss=1.9844, sps=44.5]
BC[stage1_datasets_L40_stepsweep/bc_baseline_none_steps10000_tr2]:  78%|███████▊  | 7817/10000 [02:55<00:45, 48.49it/s, acc=0.308, device=mps, eta=49s, loss=1.9844, sps=44.5]
BC[stage1_datasets_L40_stepsweep/bc_baseline_none_steps10000_tr2]:  78%|███████▊  | 7823/10000 [02:55<00:52, 41.19it/s, acc=0.308, device=mps, eta=49s, loss=1.9844, sps=44.5]
BC[stage1_datasets_L40_stepsweep/bc_baseline_none_steps10000_tr2]:  78%|███████▊  | 7830/10000 [02:55<00:46, 46.28it/s, acc=0.308, device=mps, eta=49s, loss=1.9844, sps=44.5]
BC[stage1_datasets_L40_stepsweep/bc_baseline_none_steps10000_tr2]:  78%|███████▊  | 7837/10000 [02:55<00:42, 50.76it/s, acc=0.308, device=mps, eta=49s, loss=1.9844, sps=44.5]
BC[stage1_datasets_L40_stepsweep/bc_baseline_none_steps10000_tr2]:  78%|███████▊  | 7843/10000 [02:56<00:50, 42.38it/s, acc=0.308, device=mps, eta=49s, loss=1.9844, sps=44.5]
BC[stage1_datasets_L40_stepsweep/bc_baseline_none_steps10000_tr2]:  78%|███████▊  | 7849/10000 [02:56<00:47, 44.82it/s, acc=0.308, device=mps, eta=49s, loss=1.9844, sps=44.5]
BC[stage1_datasets_L40_stepsweep/bc_baseline_none_steps10000_tr2]:  79%|███████▊  | 7855/10000 [02:56<00:45, 46.92it/s, acc=0.308, device=mps, eta=49s, loss=1.9844, sps=44.5]
BC[stage1_datasets_L40_stepsweep/bc_baseline_none_steps10000_tr2]:  79%|███████▊  | 7861/10000 [02:56<00:54, 39.35it/s, acc=0.308, device=mps, eta=49s, loss=1.9844, sps=44.5]
BC[stage1_datasets_L40_stepsweep/bc_baseline_none_steps10000_tr2]:  79%|███████▊  | 7868/10000 [02:56<00:48, 44.30it/s, acc=0.308, device=mps, eta=49s, loss=1.9844, sps=44.5]
BC[stage1_datasets_L40_stepsweep/bc_baseline_none_steps10000_tr2]:  79%|███████▊  | 7874/10000 [02:56<00:44, 47.50it/s, acc=0.308, device=mps, eta=49s, loss=1.9844, sps=44.5]
BC[stage1_datasets_L40_stepsweep/bc_baseline_none_steps10000_tr2]:  79%|███████▉  | 7881/10000 [02:57<00:51, 41.47it/s, acc=0.308, device=mps, eta=49s, loss=1.9844, sps=44.5]
BC[stage1_datasets_L40_stepsweep/bc_baseline_none_steps10000_tr2]:  79%|███████▉  | 7887/10000 [02:57<00:46, 45.42it/s, acc=0.308, device=mps, eta=49s, loss=1.9844, sps=44.5]
BC[stage1_datasets_L40_stepsweep/bc_baseline_none_steps10000_tr2]:  79%|███████▉  | 7893/10000 [02:57<00:43, 48.69it/s, acc=0.308, device=mps, eta=49s, loss=1.9844, sps=44.5]
BC[stage1_datasets_L40_stepsweep/bc_baseline_none_steps10000_tr2]:  79%|███████▉  | 7900/10000 [02:57<00:39, 52.94it/s, acc=0.308, device=mps, eta=49s, loss=1.9844, sps=44.5]
BC[stage1_datasets_L40_stepsweep/bc_baseline_none_steps10000_tr2]:  79%|███████▉  | 7906/10000 [02:57<00:49, 42.62it/s, acc=0.308, device=mps, eta=49s, loss=1.9844, sps=44.5]
BC[stage1_datasets_L40_stepsweep/bc_baseline_none_steps10000_tr2]:  79%|███████▉  | 7912/10000 [02:57<00:44, 46.45it/s, acc=0.308, device=mps, eta=49s, loss=1.9844, sps=44.5]
BC[stage1_datasets_L40_stepsweep/bc_baseline_none_steps10000_tr2]:  79%|███████▉  | 7919/10000 [02:57<00:41, 50.37it/s, acc=0.308, device=mps, eta=49s, loss=1.9844, sps=44.5]
BC[stage1_datasets_L40_stepsweep/bc_baseline_none_steps10000_tr2]:  79%|███████▉  | 7925/10000 [02:57<00:49, 42.01it/s, acc=0.308, device=mps, eta=49s, loss=1.9844, sps=44.5]
BC[stage1_datasets_L40_stepsweep/bc_baseline_none_steps10000_tr2]:  79%|███████▉  | 7932/10000 [02:58<00:44, 46.70it/s, acc=0.308, device=mps, eta=49s, loss=1.9844, sps=44.5]
BC[stage1_datasets_L40_stepsweep/bc_baseline_none_steps10000_tr2]:  79%|███████▉  | 7939/10000 [02:58<00:40, 50.89it/s, acc=0.308, device=mps, eta=49s, loss=1.9844, sps=44.5]
BC[stage1_datasets_L40_stepsweep/bc_baseline_none_steps10000_tr2]:  79%|███████▉  | 7945/10000 [02:58<00:48, 42.31it/s, acc=0.308, device=mps, eta=49s, loss=1.9844, sps=44.5]
BC[stage1_datasets_L40_stepsweep/bc_baseline_none_steps10000_tr2]:  80%|███████▉  | 7951/10000 [02:58<00:45, 44.97it/s, acc=0.308, device=mps, eta=49s, loss=1.9844, sps=44.5]
BC[stage1_datasets_L40_stepsweep/bc_baseline_none_steps10000_tr2]:  80%|███████▉  | 7957/10000 [02:58<00:42, 48.14it/s, acc=0.308, device=mps, eta=49s, loss=1.9844, sps=44.5]
BC[stage1_datasets_L40_stepsweep/bc_baseline_none_steps10000_tr2]:  80%|███████▉  | 7963/10000 [02:58<00:49, 40.80it/s, acc=0.308, device=mps, eta=49s, loss=1.9844, sps=44.5]
BC[stage1_datasets_L40_stepsweep/bc_baseline_none_steps10000_tr2]:  80%|███████▉  | 7969/10000 [02:58<00:45, 44.94it/s, acc=0.308, device=mps, eta=49s, loss=1.9844, sps=44.5]
BC[stage1_datasets_L40_stepsweep/bc_baseline_none_steps10000_tr2]:  80%|███████▉  | 7976/10000 [02:59<00:40, 49.78it/s, acc=0.308, device=mps, eta=49s, loss=1.9844, sps=44.5]
BC[stage1_datasets_L40_stepsweep/bc_baseline_none_steps10000_tr2]:  80%|███████▉  | 7982/10000 [02:59<00:47, 42.35it/s, acc=0.308, device=mps, eta=49s, loss=1.9844, sps=44.5]
BC[stage1_datasets_L40_stepsweep/bc_baseline_none_steps10000_tr2]:  80%|███████▉  | 7989/10000 [02:59<00:42, 47.42it/s, acc=0.308, device=mps, eta=49s, loss=1.9844, sps=44.5]
BC[stage1_datasets_L40_stepsweep/bc_baseline_none_steps10000_tr2]:  80%|███████▉  | 7996/10000 [02:59<00:38, 52.31it/s, acc=0.308, device=mps, eta=49s, loss=1.9844, sps=44.5]
BC[stage1_datasets_L40_stepsweep/bc_baseline_none_steps10000_tr2]:  80%|███████▉  | 7996/10000 [02:59<00:38, 52.31it/s, acc=0.304, device=mps, eta=45s, loss=1.9975, sps=44.6]
BC[stage1_datasets_L40_stepsweep/bc_baseline_none_steps10000_tr2]:  80%|████████  | 8002/10000 [02:59<00:45, 43.67it/s, acc=0.304, device=mps, eta=45s, loss=1.9975, sps=44.6]
BC[stage1_datasets_L40_stepsweep/bc_baseline_none_steps10000_tr2]:  80%|████████  | 8008/10000 [02:59<00:42, 46.93it/s, acc=0.304, device=mps, eta=45s, loss=1.9975, sps=44.6]
BC[stage1_datasets_L40_stepsweep/bc_baseline_none_steps10000_tr2]:  80%|████████  | 8014/10000 [02:59<00:39, 49.95it/s, acc=0.304, device=mps, eta=45s, loss=1.9975, sps=44.6]
BC[stage1_datasets_L40_stepsweep/bc_baseline_none_steps10000_tr2]:  80%|████████  | 8021/10000 [03:00<00:47, 41.54it/s, acc=0.304, device=mps, eta=45s, loss=1.9975, sps=44.6]
BC[stage1_datasets_L40_stepsweep/bc_baseline_none_steps10000_tr2]:  80%|████████  | 8027/10000 [03:00<00:44, 44.51it/s, acc=0.304, device=mps, eta=45s, loss=1.9975, sps=44.6]
BC[stage1_datasets_L40_stepsweep/bc_baseline_none_steps10000_tr2]:  80%|████████  | 8033/10000 [03:00<00:42, 46.73it/s, acc=0.304, device=mps, eta=45s, loss=1.9975, sps=44.6]
BC[stage1_datasets_L40_stepsweep/bc_baseline_none_steps10000_tr2]:  80%|████████  | 8041/10000 [03:00<00:46, 42.34it/s, acc=0.304, device=mps, eta=45s, loss=1.9975, sps=44.6]
BC[stage1_datasets_L40_stepsweep/bc_baseline_none_steps10000_tr2]:  80%|████████  | 8048/10000 [03:00<00:40, 48.00it/s, acc=0.304, device=mps, eta=45s, loss=1.9975, sps=44.6]
BC[stage1_datasets_L40_stepsweep/bc_baseline_none_steps10000_tr2]:  81%|████████  | 8056/10000 [03:00<00:35, 54.14it/s, acc=0.304, device=mps, eta=45s, loss=1.9975, sps=44.6]
BC[stage1_datasets_L40_stepsweep/bc_baseline_none_steps10000_tr2]:  81%|████████  | 8062/10000 [03:00<00:42, 45.67it/s, acc=0.304, device=mps, eta=45s, loss=1.9975, sps=44.6]
BC[stage1_datasets_L40_stepsweep/bc_baseline_none_steps10000_tr2]:  81%|████████  | 8069/10000 [03:01<00:38, 49.67it/s, acc=0.304, device=mps, eta=45s, loss=1.9975, sps=44.6]
BC[stage1_datasets_L40_stepsweep/bc_baseline_none_steps10000_tr2]:  81%|████████  | 8076/10000 [03:01<00:36, 52.41it/s, acc=0.304, device=mps, eta=45s, loss=1.9975, sps=44.6]
BC[stage1_datasets_L40_stepsweep/bc_baseline_none_steps10000_tr2]:  81%|████████  | 8082/10000 [03:01<00:45, 42.52it/s, acc=0.304, device=mps, eta=45s, loss=1.9975, sps=44.6]
BC[stage1_datasets_L40_stepsweep/bc_baseline_none_steps10000_tr2]:  81%|████████  | 8088/10000 [03:01<00:42, 45.03it/s, acc=0.304, device=mps, eta=45s, loss=1.9975, sps=44.6]
BC[stage1_datasets_L40_stepsweep/bc_baseline_none_steps10000_tr2]:  81%|████████  | 8094/10000 [03:01<00:39, 47.89it/s, acc=0.304, device=mps, eta=45s, loss=1.9975, sps=44.6]
BC[stage1_datasets_L40_stepsweep/bc_baseline_none_steps10000_tr2]:  81%|████████  | 8101/10000 [03:01<00:45, 41.49it/s, acc=0.304, device=mps, eta=45s, loss=1.9975, sps=44.6]
BC[stage1_datasets_L40_stepsweep/bc_baseline_none_steps10000_tr2]:  81%|████████  | 8107/10000 [03:01<00:41, 45.44it/s, acc=0.304, device=mps, eta=45s, loss=1.9975, sps=44.6]
BC[stage1_datasets_L40_stepsweep/bc_baseline_none_steps10000_tr2]:  81%|████████  | 8114/10000 [03:01<00:38, 49.43it/s, acc=0.304, device=mps, eta=45s, loss=1.9975, sps=44.6]
BC[stage1_datasets_L40_stepsweep/bc_baseline_none_steps10000_tr2]:  81%|████████  | 8121/10000 [03:02<00:44, 42.03it/s, acc=0.304, device=mps, eta=45s, loss=1.9975, sps=44.6]
BC[stage1_datasets_L40_stepsweep/bc_baseline_none_steps10000_tr2]:  81%|████████▏ | 8127/10000 [03:02<00:42, 44.43it/s, acc=0.304, device=mps, eta=45s, loss=1.9975, sps=44.6]
BC[stage1_datasets_L40_stepsweep/bc_baseline_none_steps10000_tr2]:  81%|████████▏ | 8133/10000 [03:02<00:38, 47.94it/s, acc=0.304, device=mps, eta=45s, loss=1.9975, sps=44.6]
BC[stage1_datasets_L40_stepsweep/bc_baseline_none_steps10000_tr2]:  81%|████████▏ | 8140/10000 [03:02<00:35, 52.09it/s, acc=0.304, device=mps, eta=45s, loss=1.9975, sps=44.6]
BC[stage1_datasets_L40_stepsweep/bc_baseline_none_steps10000_tr2]:  81%|████████▏ | 8146/10000 [03:02<00:44, 41.33it/s, acc=0.304, device=mps, eta=45s, loss=1.9975, sps=44.6]
BC[stage1_datasets_L40_stepsweep/bc_baseline_none_steps10000_tr2]:  82%|████████▏ | 8151/10000 [03:02<00:43, 42.95it/s, acc=0.304, device=mps, eta=45s, loss=1.9975, sps=44.6]
BC[stage1_datasets_L40_stepsweep/bc_baseline_none_steps10000_tr2]:  82%|████████▏ | 8157/10000 [03:02<00:39, 46.15it/s, acc=0.304, device=mps, eta=45s, loss=1.9975, sps=44.6]
BC[stage1_datasets_L40_stepsweep/bc_baseline_none_steps10000_tr2]:  82%|████████▏ | 8162/10000 [03:03<00:48, 37.86it/s, acc=0.304, device=mps, eta=45s, loss=1.9975, sps=44.6]
BC[stage1_datasets_L40_stepsweep/bc_baseline_none_steps10000_tr2]:  82%|████████▏ | 8168/10000 [03:03<00:43, 41.97it/s, acc=0.304, device=mps, eta=45s, loss=1.9975, sps=44.6]
BC[stage1_datasets_L40_stepsweep/bc_baseline_none_steps10000_tr2]:  82%|████████▏ | 8174/10000 [03:03<00:40, 45.13it/s, acc=0.304, device=mps, eta=45s, loss=1.9975, sps=44.6]
BC[stage1_datasets_L40_stepsweep/bc_baseline_none_steps10000_tr2]:  82%|████████▏ | 8181/10000 [03:03<00:45, 40.25it/s, acc=0.304, device=mps, eta=45s, loss=1.9975, sps=44.6]
BC[stage1_datasets_L40_stepsweep/bc_baseline_none_steps10000_tr2]:  82%|████████▏ | 8188/10000 [03:03<00:39, 45.38it/s, acc=0.304, device=mps, eta=45s, loss=1.9975, sps=44.6]
BC[stage1_datasets_L40_stepsweep/bc_baseline_none_steps10000_tr2]:  82%|████████▏ | 8194/10000 [03:03<00:37, 48.72it/s, acc=0.304, device=mps, eta=45s, loss=1.9975, sps=44.6]
BC[stage1_datasets_L40_stepsweep/bc_baseline_none_steps10000_tr2]:  82%|████████▏ | 8194/10000 [03:03<00:37, 48.72it/s, acc=0.311, device=mps, eta=40s, loss=1.9830, sps=44.6]
BC[stage1_datasets_L40_stepsweep/bc_baseline_none_steps10000_tr2]:  82%|████████▏ | 8201/10000 [03:04<00:43, 41.79it/s, acc=0.311, device=mps, eta=40s, loss=1.9830, sps=44.6]
BC[stage1_datasets_L40_stepsweep/bc_baseline_none_steps10000_tr2]:  82%|████████▏ | 8207/10000 [03:04<00:40, 44.65it/s, acc=0.311, device=mps, eta=40s, loss=1.9830, sps=44.6]
BC[stage1_datasets_L40_stepsweep/bc_baseline_none_steps10000_tr2]:  82%|████████▏ | 8213/10000 [03:04<00:37, 47.19it/s, acc=0.311, device=mps, eta=40s, loss=1.9830, sps=44.6]
BC[stage1_datasets_L40_stepsweep/bc_baseline_none_steps10000_tr2]:  82%|████████▏ | 8220/10000 [03:04<00:34, 51.91it/s, acc=0.311, device=mps, eta=40s, loss=1.9830, sps=44.6]
BC[stage1_datasets_L40_stepsweep/bc_baseline_none_steps10000_tr2]:  82%|████████▏ | 8226/10000 [03:04<00:42, 41.86it/s, acc=0.311, device=mps, eta=40s, loss=1.9830, sps=44.6]
BC[stage1_datasets_L40_stepsweep/bc_baseline_none_steps10000_tr2]:  82%|████████▏ | 8232/10000 [03:04<00:39, 44.60it/s, acc=0.311, device=mps, eta=40s, loss=1.9830, sps=44.6]
BC[stage1_datasets_L40_stepsweep/bc_baseline_none_steps10000_tr2]:  82%|████████▏ | 8238/10000 [03:04<00:37, 47.49it/s, acc=0.311, device=mps, eta=40s, loss=1.9830, sps=44.6]
BC[stage1_datasets_L40_stepsweep/bc_baseline_none_steps10000_tr2]:  82%|████████▏ | 8244/10000 [03:04<00:43, 40.21it/s, acc=0.311, device=mps, eta=40s, loss=1.9830, sps=44.6]
BC[stage1_datasets_L40_stepsweep/bc_baseline_none_steps10000_tr2]:  82%|████████▎ | 8250/10000 [03:05<00:40, 43.43it/s, acc=0.311, device=mps, eta=40s, loss=1.9830, sps=44.6]
BC[stage1_datasets_L40_stepsweep/bc_baseline_none_steps10000_tr2]:  83%|████████▎ | 8256/10000 [03:05<00:37, 46.68it/s, acc=0.311, device=mps, eta=40s, loss=1.9830, sps=44.6]
BC[stage1_datasets_L40_stepsweep/bc_baseline_none_steps10000_tr2]:  83%|████████▎ | 8262/10000 [03:05<00:43, 39.83it/s, acc=0.311, device=mps, eta=40s, loss=1.9830, sps=44.6]
BC[stage1_datasets_L40_stepsweep/bc_baseline_none_steps10000_tr2]:  83%|████████▎ | 8268/10000 [03:05<00:39, 43.98it/s, acc=0.311, device=mps, eta=40s, loss=1.9830, sps=44.6]
BC[stage1_datasets_L40_stepsweep/bc_baseline_none_steps10000_tr2]:  83%|████████▎ | 8274/10000 [03:05<00:37, 46.49it/s, acc=0.311, device=mps, eta=40s, loss=1.9830, sps=44.6]
BC[stage1_datasets_L40_stepsweep/bc_baseline_none_steps10000_tr2]:  83%|████████▎ | 8281/10000 [03:05<00:43, 39.21it/s, acc=0.311, device=mps, eta=40s, loss=1.9830, sps=44.6]
BC[stage1_datasets_L40_stepsweep/bc_baseline_none_steps10000_tr2]:  83%|████████▎ | 8287/10000 [03:05<00:39, 43.23it/s, acc=0.311, device=mps, eta=40s, loss=1.9830, sps=44.6]
BC[stage1_datasets_L40_stepsweep/bc_baseline_none_steps10000_tr2]:  83%|████████▎ | 8293/10000 [03:06<00:37, 46.06it/s, acc=0.311, device=mps, eta=40s, loss=1.9830, sps=44.6]
BC[stage1_datasets_L40_stepsweep/bc_baseline_none_steps10000_tr2]:  83%|████████▎ | 8299/10000 [03:06<00:34, 49.20it/s, acc=0.311, device=mps, eta=40s, loss=1.9830, sps=44.6]
BC[stage1_datasets_L40_stepsweep/bc_baseline_none_steps10000_tr2]:  83%|████████▎ | 8305/10000 [03:06<00:41, 40.71it/s, acc=0.311, device=mps, eta=40s, loss=1.9830, sps=44.6]
BC[stage1_datasets_L40_stepsweep/bc_baseline_none_steps10000_tr2]:  83%|████████▎ | 8310/10000 [03:06<00:39, 42.67it/s, acc=0.311, device=mps, eta=40s, loss=1.9830, sps=44.6]
BC[stage1_datasets_L40_stepsweep/bc_baseline_none_steps10000_tr2]:  83%|████████▎ | 8316/10000 [03:06<00:36, 46.39it/s, acc=0.311, device=mps, eta=40s, loss=1.9830, sps=44.6]
BC[stage1_datasets_L40_stepsweep/bc_baseline_none_steps10000_tr2]:  83%|████████▎ | 8321/10000 [03:06<00:43, 38.84it/s, acc=0.311, device=mps, eta=40s, loss=1.9830, sps=44.6]
BC[stage1_datasets_L40_stepsweep/bc_baseline_none_steps10000_tr2]:  83%|████████▎ | 8327/10000 [03:06<00:38, 43.52it/s, acc=0.311, device=mps, eta=40s, loss=1.9830, sps=44.6]
BC[stage1_datasets_L40_stepsweep/bc_baseline_none_steps10000_tr2]:  83%|████████▎ | 8334/10000 [03:06<00:34, 48.20it/s, acc=0.311, device=mps, eta=40s, loss=1.9830, sps=44.6]
BC[stage1_datasets_L40_stepsweep/bc_baseline_none_steps10000_tr2]:  83%|████████▎ | 8341/10000 [03:07<00:40, 41.20it/s, acc=0.311, device=mps, eta=40s, loss=1.9830, sps=44.6]
BC[stage1_datasets_L40_stepsweep/bc_baseline_none_steps10000_tr2]:  83%|████████▎ | 8347/10000 [03:07<00:36, 45.09it/s, acc=0.311, device=mps, eta=40s, loss=1.9830, sps=44.6]
BC[stage1_datasets_L40_stepsweep/bc_baseline_none_steps10000_tr2]:  84%|████████▎ | 8353/10000 [03:07<00:34, 47.34it/s, acc=0.311, device=mps, eta=40s, loss=1.9830, sps=44.6]
BC[stage1_datasets_L40_stepsweep/bc_baseline_none_steps10000_tr2]:  84%|████████▎ | 8360/10000 [03:07<00:31, 51.97it/s, acc=0.311, device=mps, eta=40s, loss=1.9830, sps=44.6]
BC[stage1_datasets_L40_stepsweep/bc_baseline_none_steps10000_tr2]:  84%|████████▎ | 8366/10000 [03:07<00:39, 41.77it/s, acc=0.311, device=mps, eta=40s, loss=1.9830, sps=44.6]
BC[stage1_datasets_L40_stepsweep/bc_baseline_none_steps10000_tr2]:  84%|████████▎ | 8372/10000 [03:07<00:36, 44.32it/s, acc=0.311, device=mps, eta=40s, loss=1.9830, sps=44.6]
BC[stage1_datasets_L40_stepsweep/bc_baseline_none_steps10000_tr2]:  84%|████████▍ | 8378/10000 [03:07<00:34, 47.61it/s, acc=0.311, device=mps, eta=40s, loss=1.9830, sps=44.6]
BC[stage1_datasets_L40_stepsweep/bc_baseline_none_steps10000_tr2]:  84%|████████▍ | 8384/10000 [03:08<00:40, 40.00it/s, acc=0.311, device=mps, eta=40s, loss=1.9830, sps=44.6]
BC[stage1_datasets_L40_stepsweep/bc_baseline_none_steps10000_tr2]:  84%|████████▍ | 8390/10000 [03:08<00:36, 44.24it/s, acc=0.311, device=mps, eta=40s, loss=1.9830, sps=44.6]
BC[stage1_datasets_L40_stepsweep/bc_baseline_none_steps10000_tr2]:  84%|████████▍ | 8397/10000 [03:08<00:32, 49.07it/s, acc=0.311, device=mps, eta=40s, loss=1.9830, sps=44.6]
BC[stage1_datasets_L40_stepsweep/bc_baseline_none_steps10000_tr2]:  84%|████████▍ | 8397/10000 [03:08<00:32, 49.07it/s, acc=0.302, device=mps, eta=36s, loss=1.9944, sps=44.6]
BC[stage1_datasets_L40_stepsweep/bc_baseline_none_steps10000_tr2]:  84%|████████▍ | 8403/10000 [03:08<00:38, 41.69it/s, acc=0.302, device=mps, eta=36s, loss=1.9944, sps=44.6]
BC[stage1_datasets_L40_stepsweep/bc_baseline_none_steps10000_tr2]:  84%|████████▍ | 8409/10000 [03:08<00:35, 45.19it/s, acc=0.302, device=mps, eta=36s, loss=1.9944, sps=44.6]
BC[stage1_datasets_L40_stepsweep/bc_baseline_none_steps10000_tr2]:  84%|████████▍ | 8416/10000 [03:08<00:31, 49.58it/s, acc=0.302, device=mps, eta=36s, loss=1.9944, sps=44.6]
BC[stage1_datasets_L40_stepsweep/bc_baseline_none_steps10000_tr2]:  84%|████████▍ | 8422/10000 [03:08<00:37, 42.14it/s, acc=0.302, device=mps, eta=36s, loss=1.9944, sps=44.6]
BC[stage1_datasets_L40_stepsweep/bc_baseline_none_steps10000_tr2]:  84%|████████▍ | 8429/10000 [03:09<00:33, 46.58it/s, acc=0.302, device=mps, eta=36s, loss=1.9944, sps=44.6]
BC[stage1_datasets_L40_stepsweep/bc_baseline_none_steps10000_tr2]:  84%|████████▍ | 8435/10000 [03:09<00:31, 48.98it/s, acc=0.302, device=mps, eta=36s, loss=1.9944, sps=44.6]
BC[stage1_datasets_L40_stepsweep/bc_baseline_none_steps10000_tr2]:  84%|████████▍ | 8441/10000 [03:09<00:38, 40.89it/s, acc=0.302, device=mps, eta=36s, loss=1.9944, sps=44.6]
BC[stage1_datasets_L40_stepsweep/bc_baseline_none_steps10000_tr2]:  84%|████████▍ | 8447/10000 [03:09<00:35, 43.50it/s, acc=0.302, device=mps, eta=36s, loss=1.9944, sps=44.6]
BC[stage1_datasets_L40_stepsweep/bc_baseline_none_steps10000_tr2]:  85%|████████▍ | 8453/10000 [03:09<00:32, 46.92it/s, acc=0.302, device=mps, eta=36s, loss=1.9944, sps=44.6]
BC[stage1_datasets_L40_stepsweep/bc_baseline_none_steps10000_tr2]:  85%|████████▍ | 8459/10000 [03:09<00:30, 49.81it/s, acc=0.302, device=mps, eta=36s, loss=1.9944, sps=44.6]
BC[stage1_datasets_L40_stepsweep/bc_baseline_none_steps10000_tr2]:  85%|████████▍ | 8465/10000 [03:09<00:37, 40.97it/s, acc=0.302, device=mps, eta=36s, loss=1.9944, sps=44.6]
BC[stage1_datasets_L40_stepsweep/bc_baseline_none_steps10000_tr2]:  85%|████████▍ | 8471/10000 [03:10<00:33, 45.22it/s, acc=0.302, device=mps, eta=36s, loss=1.9944, sps=44.6]
BC[stage1_datasets_L40_stepsweep/bc_baseline_none_steps10000_tr2]:  85%|████████▍ | 8478/10000 [03:10<00:30, 49.32it/s, acc=0.302, device=mps, eta=36s, loss=1.9944, sps=44.6]
BC[stage1_datasets_L40_stepsweep/bc_baseline_none_steps10000_tr2]:  85%|████████▍ | 8484/10000 [03:10<00:36, 41.20it/s, acc=0.302, device=mps, eta=36s, loss=1.9944, sps=44.6]
BC[stage1_datasets_L40_stepsweep/bc_baseline_none_steps10000_tr2]:  85%|████████▍ | 8490/10000 [03:10<00:34, 43.64it/s, acc=0.302, device=mps, eta=36s, loss=1.9944, sps=44.6]
BC[stage1_datasets_L40_stepsweep/bc_baseline_none_steps10000_tr2]:  85%|████████▍ | 8496/10000 [03:10<00:32, 46.32it/s, acc=0.302, device=mps, eta=36s, loss=1.9944, sps=44.6]
BC[stage1_datasets_L40_stepsweep/bc_baseline_none_steps10000_tr2]:  85%|████████▌ | 8501/10000 [03:10<00:38, 38.63it/s, acc=0.302, device=mps, eta=36s, loss=1.9944, sps=44.6]
BC[stage1_datasets_L40_stepsweep/bc_baseline_none_steps10000_tr2]:  85%|████████▌ | 8507/10000 [03:10<00:34, 42.87it/s, acc=0.302, device=mps, eta=36s, loss=1.9944, sps=44.6]
BC[stage1_datasets_L40_stepsweep/bc_baseline_none_steps10000_tr2]:  85%|████████▌ | 8514/10000 [03:11<00:31, 47.71it/s, acc=0.302, device=mps, eta=36s, loss=1.9944, sps=44.6]
BC[stage1_datasets_L40_stepsweep/bc_baseline_none_steps10000_tr2]:  85%|████████▌ | 8521/10000 [03:11<00:35, 42.00it/s, acc=0.302, device=mps, eta=36s, loss=1.9944, sps=44.6]
BC[stage1_datasets_L40_stepsweep/bc_baseline_none_steps10000_tr2]:  85%|████████▌ | 8528/10000 [03:11<00:31, 46.69it/s, acc=0.302, device=mps, eta=36s, loss=1.9944, sps=44.6]
BC[stage1_datasets_L40_stepsweep/bc_baseline_none_steps10000_tr2]:  85%|████████▌ | 8535/10000 [03:11<00:29, 50.43it/s, acc=0.302, device=mps, eta=36s, loss=1.9944, sps=44.6]
BC[stage1_datasets_L40_stepsweep/bc_baseline_none_steps10000_tr2]:  85%|████████▌ | 8541/10000 [03:11<00:34, 42.48it/s, acc=0.302, device=mps, eta=36s, loss=1.9944, sps=44.6]
BC[stage1_datasets_L40_stepsweep/bc_baseline_none_steps10000_tr2]:  85%|████████▌ | 8547/10000 [03:11<00:31, 45.95it/s, acc=0.302, device=mps, eta=36s, loss=1.9944, sps=44.6]
BC[stage1_datasets_L40_stepsweep/bc_baseline_none_steps10000_tr2]:  86%|████████▌ | 8554/10000 [03:11<00:28, 50.15it/s, acc=0.302, device=mps, eta=36s, loss=1.9944, sps=44.6]
BC[stage1_datasets_L40_stepsweep/bc_baseline_none_steps10000_tr2]:  86%|████████▌ | 8561/10000 [03:12<00:33, 43.42it/s, acc=0.302, device=mps, eta=36s, loss=1.9944, sps=44.6]
BC[stage1_datasets_L40_stepsweep/bc_baseline_none_steps10000_tr2]:  86%|████████▌ | 8568/10000 [03:12<00:29, 48.08it/s, acc=0.302, device=mps, eta=36s, loss=1.9944, sps=44.6]
BC[stage1_datasets_L40_stepsweep/bc_baseline_none_steps10000_tr2]:  86%|████████▌ | 8575/10000 [03:12<00:27, 51.72it/s, acc=0.302, device=mps, eta=36s, loss=1.9944, sps=44.6]
BC[stage1_datasets_L40_stepsweep/bc_baseline_none_steps10000_tr2]:  86%|████████▌ | 8581/10000 [03:12<00:32, 43.09it/s, acc=0.302, device=mps, eta=36s, loss=1.9944, sps=44.6]
BC[stage1_datasets_L40_stepsweep/bc_baseline_none_steps10000_tr2]:  86%|████████▌ | 8587/10000 [03:12<00:30, 45.74it/s, acc=0.302, device=mps, eta=36s, loss=1.9944, sps=44.6]
BC[stage1_datasets_L40_stepsweep/bc_baseline_none_steps10000_tr2]:  86%|████████▌ | 8593/10000 [03:12<00:29, 47.82it/s, acc=0.302, device=mps, eta=36s, loss=1.9944, sps=44.6]
BC[stage1_datasets_L40_stepsweep/bc_baseline_none_steps10000_tr2]:  86%|████████▌ | 8599/10000 [03:12<00:27, 50.54it/s, acc=0.302, device=mps, eta=36s, loss=1.9944, sps=44.6]
BC[stage1_datasets_L40_stepsweep/bc_baseline_none_steps10000_tr2]:  86%|████████▌ | 8599/10000 [03:12<00:27, 50.54it/s, acc=0.309, device=mps, eta=31s, loss=1.9800, sps=44.6]
BC[stage1_datasets_L40_stepsweep/bc_baseline_none_steps10000_tr2]:  86%|████████▌ | 8605/10000 [03:13<00:33, 41.52it/s, acc=0.309, device=mps, eta=31s, loss=1.9800, sps=44.6]
BC[stage1_datasets_L40_stepsweep/bc_baseline_none_steps10000_tr2]:  86%|████████▌ | 8610/10000 [03:13<00:32, 43.31it/s, acc=0.309, device=mps, eta=31s, loss=1.9800, sps=44.6]
BC[stage1_datasets_L40_stepsweep/bc_baseline_none_steps10000_tr2]:  86%|████████▌ | 8616/10000 [03:13<00:29, 46.31it/s, acc=0.309, device=mps, eta=31s, loss=1.9800, sps=44.6]
BC[stage1_datasets_L40_stepsweep/bc_baseline_none_steps10000_tr2]:  86%|████████▌ | 8621/10000 [03:13<00:35, 38.70it/s, acc=0.309, device=mps, eta=31s, loss=1.9800, sps=44.6]
BC[stage1_datasets_L40_stepsweep/bc_baseline_none_steps10000_tr2]:  86%|████████▋ | 8628/10000 [03:13<00:31, 44.13it/s, acc=0.309, device=mps, eta=31s, loss=1.9800, sps=44.6]
BC[stage1_datasets_L40_stepsweep/bc_baseline_none_steps10000_tr2]:  86%|████████▋ | 8634/10000 [03:13<00:28, 47.24it/s, acc=0.309, device=mps, eta=31s, loss=1.9800, sps=44.6]
BC[stage1_datasets_L40_stepsweep/bc_baseline_none_steps10000_tr2]:  86%|████████▋ | 8641/10000 [03:13<00:33, 40.91it/s, acc=0.309, device=mps, eta=31s, loss=1.9800, sps=44.6]
BC[stage1_datasets_L40_stepsweep/bc_baseline_none_steps10000_tr2]:  86%|████████▋ | 8648/10000 [03:13<00:29, 45.77it/s, acc=0.309, device=mps, eta=31s, loss=1.9800, sps=44.6]
BC[stage1_datasets_L40_stepsweep/bc_baseline_none_steps10000_tr2]:  87%|████████▋ | 8655/10000 [03:14<00:26, 50.63it/s, acc=0.309, device=mps, eta=31s, loss=1.9800, sps=44.6]
BC[stage1_datasets_L40_stepsweep/bc_baseline_none_steps10000_tr2]:  87%|████████▋ | 8661/10000 [03:14<00:31, 43.00it/s, acc=0.309, device=mps, eta=31s, loss=1.9800, sps=44.6]
BC[stage1_datasets_L40_stepsweep/bc_baseline_none_steps10000_tr2]:  87%|████████▋ | 8668/10000 [03:14<00:28, 47.15it/s, acc=0.309, device=mps, eta=31s, loss=1.9800, sps=44.6]
BC[stage1_datasets_L40_stepsweep/bc_baseline_none_steps10000_tr2]:  87%|████████▋ | 8674/10000 [03:14<00:26, 49.62it/s, acc=0.309, device=mps, eta=31s, loss=1.9800, sps=44.6]
BC[stage1_datasets_L40_stepsweep/bc_baseline_none_steps10000_tr2]:  87%|████████▋ | 8681/10000 [03:14<00:31, 42.23it/s, acc=0.309, device=mps, eta=31s, loss=1.9800, sps=44.6]
BC[stage1_datasets_L40_stepsweep/bc_baseline_none_steps10000_tr2]:  87%|████████▋ | 8687/10000 [03:14<00:28, 45.99it/s, acc=0.309, device=mps, eta=31s, loss=1.9800, sps=44.6]
BC[stage1_datasets_L40_stepsweep/bc_baseline_none_steps10000_tr2]:  87%|████████▋ | 8693/10000 [03:14<00:27, 48.07it/s, acc=0.309, device=mps, eta=31s, loss=1.9800, sps=44.6]
BC[stage1_datasets_L40_stepsweep/bc_baseline_none_steps10000_tr2]:  87%|████████▋ | 8699/10000 [03:15<00:25, 50.78it/s, acc=0.309, device=mps, eta=31s, loss=1.9800, sps=44.6]
BC[stage1_datasets_L40_stepsweep/bc_baseline_none_steps10000_tr2]:  87%|████████▋ | 8705/10000 [03:15<00:31, 41.54it/s, acc=0.309, device=mps, eta=31s, loss=1.9800, sps=44.6]
BC[stage1_datasets_L40_stepsweep/bc_baseline_none_steps10000_tr2]:  87%|████████▋ | 8711/10000 [03:15<00:28, 44.70it/s, acc=0.309, device=mps, eta=31s, loss=1.9800, sps=44.6]
BC[stage1_datasets_L40_stepsweep/bc_baseline_none_steps10000_tr2]:  87%|████████▋ | 8718/10000 [03:15<00:26, 49.16it/s, acc=0.309, device=mps, eta=31s, loss=1.9800, sps=44.6]
BC[stage1_datasets_L40_stepsweep/bc_baseline_none_steps10000_tr2]:  87%|████████▋ | 8724/10000 [03:15<00:30, 41.36it/s, acc=0.309, device=mps, eta=31s, loss=1.9800, sps=44.6]
BC[stage1_datasets_L40_stepsweep/bc_baseline_none_steps10000_tr2]:  87%|████████▋ | 8731/10000 [03:15<00:27, 46.14it/s, acc=0.309, device=mps, eta=31s, loss=1.9800, sps=44.6]
BC[stage1_datasets_L40_stepsweep/bc_baseline_none_steps10000_tr2]:  87%|████████▋ | 8738/10000 [03:15<00:25, 49.86it/s, acc=0.309, device=mps, eta=31s, loss=1.9800, sps=44.6]
BC[stage1_datasets_L40_stepsweep/bc_baseline_none_steps10000_tr2]:  87%|████████▋ | 8744/10000 [03:16<00:29, 42.19it/s, acc=0.309, device=mps, eta=31s, loss=1.9800, sps=44.6]
BC[stage1_datasets_L40_stepsweep/bc_baseline_none_steps10000_tr2]:  88%|████████▊ | 8750/10000 [03:16<00:27, 45.58it/s, acc=0.309, device=mps, eta=31s, loss=1.9800, sps=44.6]
BC[stage1_datasets_L40_stepsweep/bc_baseline_none_steps10000_tr2]:  88%|████████▊ | 8756/10000 [03:16<00:25, 48.12it/s, acc=0.309, device=mps, eta=31s, loss=1.9800, sps=44.6]
BC[stage1_datasets_L40_stepsweep/bc_baseline_none_steps10000_tr2]:  88%|████████▊ | 8762/10000 [03:16<00:31, 39.61it/s, acc=0.309, device=mps, eta=31s, loss=1.9800, sps=44.6]
BC[stage1_datasets_L40_stepsweep/bc_baseline_none_steps10000_tr2]:  88%|████████▊ | 8768/10000 [03:16<00:28, 43.09it/s, acc=0.309, device=mps, eta=31s, loss=1.9800, sps=44.6]
BC[stage1_datasets_L40_stepsweep/bc_baseline_none_steps10000_tr2]:  88%|████████▊ | 8774/10000 [03:16<00:26, 45.90it/s, acc=0.309, device=mps, eta=31s, loss=1.9800, sps=44.6]
BC[stage1_datasets_L40_stepsweep/bc_baseline_none_steps10000_tr2]:  88%|████████▊ | 8781/10000 [03:16<00:30, 39.63it/s, acc=0.309, device=mps, eta=31s, loss=1.9800, sps=44.6]
BC[stage1_datasets_L40_stepsweep/bc_baseline_none_steps10000_tr2]:  88%|████████▊ | 8787/10000 [03:17<00:27, 43.66it/s, acc=0.309, device=mps, eta=31s, loss=1.9800, sps=44.6]
BC[stage1_datasets_L40_stepsweep/bc_baseline_none_steps10000_tr2]:  88%|████████▊ | 8793/10000 [03:17<00:26, 46.39it/s, acc=0.309, device=mps, eta=31s, loss=1.9800, sps=44.6]
BC[stage1_datasets_L40_stepsweep/bc_baseline_none_steps10000_tr2]:  88%|████████▊ | 8799/10000 [03:17<00:24, 49.64it/s, acc=0.309, device=mps, eta=31s, loss=1.9800, sps=44.6]
BC[stage1_datasets_L40_stepsweep/bc_baseline_none_steps10000_tr2]:  88%|████████▊ | 8799/10000 [03:17<00:24, 49.64it/s, acc=0.304, device=mps, eta=27s, loss=1.9955, sps=44.6]
BC[stage1_datasets_L40_stepsweep/bc_baseline_none_steps10000_tr2]:  88%|████████▊ | 8805/10000 [03:17<00:29, 40.94it/s, acc=0.304, device=mps, eta=27s, loss=1.9955, sps=44.6]
BC[stage1_datasets_L40_stepsweep/bc_baseline_none_steps10000_tr2]:  88%|████████▊ | 8811/10000 [03:17<00:27, 44.00it/s, acc=0.304, device=mps, eta=27s, loss=1.9955, sps=44.6]
BC[stage1_datasets_L40_stepsweep/bc_baseline_none_steps10000_tr2]:  88%|████████▊ | 8817/10000 [03:17<00:25, 47.13it/s, acc=0.304, device=mps, eta=27s, loss=1.9955, sps=44.6]
BC[stage1_datasets_L40_stepsweep/bc_baseline_none_steps10000_tr2]:  88%|████████▊ | 8823/10000 [03:17<00:29, 39.39it/s, acc=0.304, device=mps, eta=27s, loss=1.9955, sps=44.6]
BC[stage1_datasets_L40_stepsweep/bc_baseline_none_steps10000_tr2]:  88%|████████▊ | 8828/10000 [03:18<00:28, 41.48it/s, acc=0.304, device=mps, eta=27s, loss=1.9955, sps=44.6]
BC[stage1_datasets_L40_stepsweep/bc_baseline_none_steps10000_tr2]:  88%|████████▊ | 8834/10000 [03:18<00:26, 44.41it/s, acc=0.304, device=mps, eta=27s, loss=1.9955, sps=44.6]
BC[stage1_datasets_L40_stepsweep/bc_baseline_none_steps10000_tr2]:  88%|████████▊ | 8840/10000 [03:18<00:24, 47.70it/s, acc=0.304, device=mps, eta=27s, loss=1.9955, sps=44.6]
BC[stage1_datasets_L40_stepsweep/bc_baseline_none_steps10000_tr2]:  88%|████████▊ | 8846/10000 [03:18<00:30, 38.07it/s, acc=0.304, device=mps, eta=27s, loss=1.9955, sps=44.6]
BC[stage1_datasets_L40_stepsweep/bc_baseline_none_steps10000_tr2]:  89%|████████▊ | 8852/10000 [03:18<00:27, 41.51it/s, acc=0.304, device=mps, eta=27s, loss=1.9955, sps=44.6]
BC[stage1_datasets_L40_stepsweep/bc_baseline_none_steps10000_tr2]:  89%|████████▊ | 8858/10000 [03:18<00:24, 45.71it/s, acc=0.304, device=mps, eta=27s, loss=1.9955, sps=44.6]
BC[stage1_datasets_L40_stepsweep/bc_baseline_none_steps10000_tr2]:  89%|████████▊ | 8864/10000 [03:18<00:29, 39.12it/s, acc=0.304, device=mps, eta=27s, loss=1.9955, sps=44.6]
BC[stage1_datasets_L40_stepsweep/bc_baseline_none_steps10000_tr2]:  89%|████████▊ | 8870/10000 [03:19<00:26, 42.78it/s, acc=0.304, device=mps, eta=27s, loss=1.9955, sps=44.6]
BC[stage1_datasets_L40_stepsweep/bc_baseline_none_steps10000_tr2]:  89%|████████▉ | 8876/10000 [03:19<00:24, 45.98it/s, acc=0.304, device=mps, eta=27s, loss=1.9955, sps=44.6]
BC[stage1_datasets_L40_stepsweep/bc_baseline_none_steps10000_tr2]:  89%|████████▉ | 8881/10000 [03:19<00:29, 38.23it/s, acc=0.304, device=mps, eta=27s, loss=1.9955, sps=44.6]
BC[stage1_datasets_L40_stepsweep/bc_baseline_none_steps10000_tr2]:  89%|████████▉ | 8887/10000 [03:19<00:25, 43.10it/s, acc=0.304, device=mps, eta=27s, loss=1.9955, sps=44.6]
BC[stage1_datasets_L40_stepsweep/bc_baseline_none_steps10000_tr2]:  89%|████████▉ | 8893/10000 [03:19<00:24, 46.11it/s, acc=0.304, device=mps, eta=27s, loss=1.9955, sps=44.6]
BC[stage1_datasets_L40_stepsweep/bc_baseline_none_steps10000_tr2]:  89%|████████▉ | 8899/10000 [03:19<00:22, 48.88it/s, acc=0.304, device=mps, eta=27s, loss=1.9955, sps=44.6]
BC[stage1_datasets_L40_stepsweep/bc_baseline_none_steps10000_tr2]:  89%|████████▉ | 8905/10000 [03:19<00:26, 40.71it/s, acc=0.304, device=mps, eta=27s, loss=1.9955, sps=44.6]
BC[stage1_datasets_L40_stepsweep/bc_baseline_none_steps10000_tr2]:  89%|████████▉ | 8911/10000 [03:19<00:24, 43.77it/s, acc=0.304, device=mps, eta=27s, loss=1.9955, sps=44.6]
BC[stage1_datasets_L40_stepsweep/bc_baseline_none_steps10000_tr2]:  89%|████████▉ | 8917/10000 [03:20<00:22, 47.60it/s, acc=0.304, device=mps, eta=27s, loss=1.9955, sps=44.6]
BC[stage1_datasets_L40_stepsweep/bc_baseline_none_steps10000_tr2]:  89%|████████▉ | 8923/10000 [03:20<00:26, 40.03it/s, acc=0.304, device=mps, eta=27s, loss=1.9955, sps=44.6]
BC[stage1_datasets_L40_stepsweep/bc_baseline_none_steps10000_tr2]:  89%|████████▉ | 8929/10000 [03:20<00:24, 43.02it/s, acc=0.304, device=mps, eta=27s, loss=1.9955, sps=44.6]
BC[stage1_datasets_L40_stepsweep/bc_baseline_none_steps10000_tr2]:  89%|████████▉ | 8935/10000 [03:20<00:23, 45.68it/s, acc=0.304, device=mps, eta=27s, loss=1.9955, sps=44.6]
BC[stage1_datasets_L40_stepsweep/bc_baseline_none_steps10000_tr2]:  89%|████████▉ | 8941/10000 [03:20<00:27, 38.68it/s, acc=0.304, device=mps, eta=27s, loss=1.9955, sps=44.6]
BC[stage1_datasets_L40_stepsweep/bc_baseline_none_steps10000_tr2]:  89%|████████▉ | 8947/10000 [03:20<00:24, 42.73it/s, acc=0.304, device=mps, eta=27s, loss=1.9955, sps=44.6]
BC[stage1_datasets_L40_stepsweep/bc_baseline_none_steps10000_tr2]:  90%|████████▉ | 8953/10000 [03:20<00:22, 46.43it/s, acc=0.304, device=mps, eta=27s, loss=1.9955, sps=44.6]
BC[stage1_datasets_L40_stepsweep/bc_baseline_none_steps10000_tr2]:  90%|████████▉ | 8959/10000 [03:20<00:20, 49.62it/s, acc=0.304, device=mps, eta=27s, loss=1.9955, sps=44.6]
BC[stage1_datasets_L40_stepsweep/bc_baseline_none_steps10000_tr2]:  90%|████████▉ | 8965/10000 [03:21<00:25, 41.09it/s, acc=0.304, device=mps, eta=27s, loss=1.9955, sps=44.6]
BC[stage1_datasets_L40_stepsweep/bc_baseline_none_steps10000_tr2]:  90%|████████▉ | 8971/10000 [03:21<00:23, 44.28it/s, acc=0.304, device=mps, eta=27s, loss=1.9955, sps=44.6]
BC[stage1_datasets_L40_stepsweep/bc_baseline_none_steps10000_tr2]:  90%|████████▉ | 8977/10000 [03:21<00:21, 47.81it/s, acc=0.304, device=mps, eta=27s, loss=1.9955, sps=44.6]
BC[stage1_datasets_L40_stepsweep/bc_baseline_none_steps10000_tr2]:  90%|████████▉ | 8983/10000 [03:21<00:25, 40.11it/s, acc=0.304, device=mps, eta=27s, loss=1.9955, sps=44.6]
BC[stage1_datasets_L40_stepsweep/bc_baseline_none_steps10000_tr2]:  90%|████████▉ | 8989/10000 [03:21<00:23, 43.85it/s, acc=0.304, device=mps, eta=27s, loss=1.9955, sps=44.6]
BC[stage1_datasets_L40_stepsweep/bc_baseline_none_steps10000_tr2]:  90%|████████▉ | 8996/10000 [03:21<00:20, 48.52it/s, acc=0.304, device=mps, eta=27s, loss=1.9955, sps=44.6]
BC[stage1_datasets_L40_stepsweep/bc_baseline_none_steps10000_tr2]:  90%|████████▉ | 8996/10000 [03:21<00:20, 48.52it/s, acc=0.306, device=mps, eta=22s, loss=1.9858, sps=44.6]
BC[stage1_datasets_L40_stepsweep/bc_baseline_none_steps10000_tr2]:  90%|█████████ | 9002/10000 [03:22<00:24, 40.68it/s, acc=0.306, device=mps, eta=22s, loss=1.9858, sps=44.6]
BC[stage1_datasets_L40_stepsweep/bc_baseline_none_steps10000_tr2]:  90%|█████████ | 9008/10000 [03:22<00:22, 44.46it/s, acc=0.306, device=mps, eta=22s, loss=1.9858, sps=44.6]
BC[stage1_datasets_L40_stepsweep/bc_baseline_none_steps10000_tr2]:  90%|█████████ | 9014/10000 [03:22<00:21, 46.34it/s, acc=0.306, device=mps, eta=22s, loss=1.9858, sps=44.6]
BC[stage1_datasets_L40_stepsweep/bc_baseline_none_steps10000_tr2]:  90%|█████████ | 9021/10000 [03:22<00:24, 39.95it/s, acc=0.306, device=mps, eta=22s, loss=1.9858, sps=44.6]
BC[stage1_datasets_L40_stepsweep/bc_baseline_none_steps10000_tr2]:  90%|█████████ | 9028/10000 [03:22<00:21, 44.83it/s, acc=0.306, device=mps, eta=22s, loss=1.9858, sps=44.6]
BC[stage1_datasets_L40_stepsweep/bc_baseline_none_steps10000_tr2]:  90%|█████████ | 9034/10000 [03:22<00:20, 47.74it/s, acc=0.306, device=mps, eta=22s, loss=1.9858, sps=44.6]
BC[stage1_datasets_L40_stepsweep/bc_baseline_none_steps10000_tr2]:  90%|█████████ | 9041/10000 [03:22<00:23, 40.35it/s, acc=0.306, device=mps, eta=22s, loss=1.9858, sps=44.6]
BC[stage1_datasets_L40_stepsweep/bc_baseline_none_steps10000_tr2]:  90%|█████████ | 9047/10000 [03:23<00:21, 44.40it/s, acc=0.306, device=mps, eta=22s, loss=1.9858, sps=44.6]
BC[stage1_datasets_L40_stepsweep/bc_baseline_none_steps10000_tr2]:  91%|█████████ | 9053/10000 [03:23<00:19, 47.85it/s, acc=0.306, device=mps, eta=22s, loss=1.9858, sps=44.6]
BC[stage1_datasets_L40_stepsweep/bc_baseline_none_steps10000_tr2]:  91%|█████████ | 9060/10000 [03:23<00:17, 52.42it/s, acc=0.306, device=mps, eta=22s, loss=1.9858, sps=44.6]
BC[stage1_datasets_L40_stepsweep/bc_baseline_none_steps10000_tr2]:  91%|█████████ | 9066/10000 [03:23<00:22, 42.28it/s, acc=0.306, device=mps, eta=22s, loss=1.9858, sps=44.6]
BC[stage1_datasets_L40_stepsweep/bc_baseline_none_steps10000_tr2]:  91%|█████████ | 9071/10000 [03:23<00:21, 43.96it/s, acc=0.306, device=mps, eta=22s, loss=1.9858, sps=44.6]
BC[stage1_datasets_L40_stepsweep/bc_baseline_none_steps10000_tr2]:  91%|█████████ | 9077/10000 [03:23<00:19, 46.35it/s, acc=0.306, device=mps, eta=22s, loss=1.9858, sps=44.6]
BC[stage1_datasets_L40_stepsweep/bc_baseline_none_steps10000_tr2]:  91%|█████████ | 9082/10000 [03:23<00:23, 38.42it/s, acc=0.306, device=mps, eta=22s, loss=1.9858, sps=44.6]
BC[stage1_datasets_L40_stepsweep/bc_baseline_none_steps10000_tr2]:  91%|█████████ | 9088/10000 [03:23<00:21, 42.44it/s, acc=0.306, device=mps, eta=22s, loss=1.9858, sps=44.6]
BC[stage1_datasets_L40_stepsweep/bc_baseline_none_steps10000_tr2]:  91%|█████████ | 9094/10000 [03:24<00:19, 45.98it/s, acc=0.306, device=mps, eta=22s, loss=1.9858, sps=44.6]
BC[stage1_datasets_L40_stepsweep/bc_baseline_none_steps10000_tr2]:  91%|█████████ | 9101/10000 [03:24<00:22, 39.32it/s, acc=0.306, device=mps, eta=22s, loss=1.9858, sps=44.6]
BC[stage1_datasets_L40_stepsweep/bc_baseline_none_steps10000_tr2]:  91%|█████████ | 9107/10000 [03:24<00:20, 42.93it/s, acc=0.306, device=mps, eta=22s, loss=1.9858, sps=44.6]
BC[stage1_datasets_L40_stepsweep/bc_baseline_none_steps10000_tr2]:  91%|█████████ | 9113/10000 [03:24<00:19, 45.85it/s, acc=0.306, device=mps, eta=22s, loss=1.9858, sps=44.6]
BC[stage1_datasets_L40_stepsweep/bc_baseline_none_steps10000_tr2]:  91%|█████████ | 9119/10000 [03:24<00:18, 48.88it/s, acc=0.306, device=mps, eta=22s, loss=1.9858, sps=44.6]
BC[stage1_datasets_L40_stepsweep/bc_baseline_none_steps10000_tr2]:  91%|█████████▏| 9125/10000 [03:24<00:21, 40.65it/s, acc=0.306, device=mps, eta=22s, loss=1.9858, sps=44.6]
BC[stage1_datasets_L40_stepsweep/bc_baseline_none_steps10000_tr2]:  91%|█████████▏| 9132/10000 [03:24<00:18, 45.75it/s, acc=0.306, device=mps, eta=22s, loss=1.9858, sps=44.6]
BC[stage1_datasets_L40_stepsweep/bc_baseline_none_steps10000_tr2]:  91%|█████████▏| 9139/10000 [03:25<00:17, 50.54it/s, acc=0.306, device=mps, eta=22s, loss=1.9858, sps=44.6]
BC[stage1_datasets_L40_stepsweep/bc_baseline_none_steps10000_tr2]:  91%|█████████▏| 9145/10000 [03:25<00:20, 42.66it/s, acc=0.306, device=mps, eta=22s, loss=1.9858, sps=44.6]
BC[stage1_datasets_L40_stepsweep/bc_baseline_none_steps10000_tr2]:  92%|█████████▏| 9151/10000 [03:25<00:18, 46.24it/s, acc=0.306, device=mps, eta=22s, loss=1.9858, sps=44.6]
BC[stage1_datasets_L40_stepsweep/bc_baseline_none_steps10000_tr2]:  92%|█████████▏| 9157/10000 [03:25<00:17, 49.21it/s, acc=0.306, device=mps, eta=22s, loss=1.9858, sps=44.6]
BC[stage1_datasets_L40_stepsweep/bc_baseline_none_steps10000_tr2]:  92%|█████████▏| 9163/10000 [03:25<00:20, 40.91it/s, acc=0.306, device=mps, eta=22s, loss=1.9858, sps=44.6]
BC[stage1_datasets_L40_stepsweep/bc_baseline_none_steps10000_tr2]:  92%|█████████▏| 9169/10000 [03:25<00:18, 45.01it/s, acc=0.306, device=mps, eta=22s, loss=1.9858, sps=44.6]
BC[stage1_datasets_L40_stepsweep/bc_baseline_none_steps10000_tr2]:  92%|█████████▏| 9176/10000 [03:25<00:16, 49.98it/s, acc=0.306, device=mps, eta=22s, loss=1.9858, sps=44.6]
BC[stage1_datasets_L40_stepsweep/bc_baseline_none_steps10000_tr2]:  92%|█████████▏| 9182/10000 [03:26<00:19, 42.48it/s, acc=0.306, device=mps, eta=22s, loss=1.9858, sps=44.6]
BC[stage1_datasets_L40_stepsweep/bc_baseline_none_steps10000_tr2]:  92%|█████████▏| 9188/10000 [03:26<00:17, 45.93it/s, acc=0.306, device=mps, eta=22s, loss=1.9858, sps=44.6]
BC[stage1_datasets_L40_stepsweep/bc_baseline_none_steps10000_tr2]:  92%|█████████▏| 9194/10000 [03:26<00:16, 47.99it/s, acc=0.306, device=mps, eta=22s, loss=1.9858, sps=44.6]
BC[stage1_datasets_L40_stepsweep/bc_baseline_none_steps10000_tr2]:  92%|█████████▏| 9194/10000 [03:26<00:16, 47.99it/s, acc=0.307, device=mps, eta=18s, loss=1.9870, sps=44.6]
BC[stage1_datasets_L40_stepsweep/bc_baseline_none_steps10000_tr2]:  92%|█████████▏| 9201/10000 [03:26<00:19, 40.94it/s, acc=0.307, device=mps, eta=18s, loss=1.9870, sps=44.6]
BC[stage1_datasets_L40_stepsweep/bc_baseline_none_steps10000_tr2]:  92%|█████████▏| 9207/10000 [03:26<00:17, 44.37it/s, acc=0.307, device=mps, eta=18s, loss=1.9870, sps=44.6]
BC[stage1_datasets_L40_stepsweep/bc_baseline_none_steps10000_tr2]:  92%|█████████▏| 9213/10000 [03:26<00:16, 47.97it/s, acc=0.307, device=mps, eta=18s, loss=1.9870, sps=44.6]
BC[stage1_datasets_L40_stepsweep/bc_baseline_none_steps10000_tr2]:  92%|█████████▏| 9221/10000 [03:26<00:18, 43.23it/s, acc=0.307, device=mps, eta=18s, loss=1.9870, sps=44.6]
BC[stage1_datasets_L40_stepsweep/bc_baseline_none_steps10000_tr2]:  92%|█████████▏| 9228/10000 [03:27<00:15, 48.75it/s, acc=0.307, device=mps, eta=18s, loss=1.9870, sps=44.6]
BC[stage1_datasets_L40_stepsweep/bc_baseline_none_steps10000_tr2]:  92%|█████████▏| 9236/10000 [03:27<00:13, 54.95it/s, acc=0.307, device=mps, eta=18s, loss=1.9870, sps=44.6]
BC[stage1_datasets_L40_stepsweep/bc_baseline_none_steps10000_tr2]:  92%|█████████▏| 9242/10000 [03:27<00:16, 46.61it/s, acc=0.307, device=mps, eta=18s, loss=1.9870, sps=44.6]
BC[stage1_datasets_L40_stepsweep/bc_baseline_none_steps10000_tr2]:  92%|█████████▏| 9249/10000 [03:27<00:14, 51.08it/s, acc=0.307, device=mps, eta=18s, loss=1.9870, sps=44.6]
BC[stage1_datasets_L40_stepsweep/bc_baseline_none_steps10000_tr2]:  93%|█████████▎| 9256/10000 [03:27<00:13, 54.67it/s, acc=0.307, device=mps, eta=18s, loss=1.9870, sps=44.6]
BC[stage1_datasets_L40_stepsweep/bc_baseline_none_steps10000_tr2]:  93%|█████████▎| 9262/10000 [03:27<00:16, 44.96it/s, acc=0.307, device=mps, eta=18s, loss=1.9870, sps=44.6]
BC[stage1_datasets_L40_stepsweep/bc_baseline_none_steps10000_tr2]:  93%|█████████▎| 9268/10000 [03:27<00:15, 47.31it/s, acc=0.307, device=mps, eta=18s, loss=1.9870, sps=44.6]
BC[stage1_datasets_L40_stepsweep/bc_baseline_none_steps10000_tr2]:  93%|█████████▎| 9274/10000 [03:27<00:14, 49.68it/s, acc=0.307, device=mps, eta=18s, loss=1.9870, sps=44.6]
BC[stage1_datasets_L40_stepsweep/bc_baseline_none_steps10000_tr2]:  93%|█████████▎| 9281/10000 [03:28<00:17, 41.75it/s, acc=0.307, device=mps, eta=18s, loss=1.9870, sps=44.6]
BC[stage1_datasets_L40_stepsweep/bc_baseline_none_steps10000_tr2]:  93%|█████████▎| 9287/10000 [03:28<00:15, 44.72it/s, acc=0.307, device=mps, eta=18s, loss=1.9870, sps=44.6]
BC[stage1_datasets_L40_stepsweep/bc_baseline_none_steps10000_tr2]:  93%|█████████▎| 9293/10000 [03:28<00:15, 46.98it/s, acc=0.307, device=mps, eta=18s, loss=1.9870, sps=44.6]
BC[stage1_datasets_L40_stepsweep/bc_baseline_none_steps10000_tr2]:  93%|█████████▎| 9299/10000 [03:28<00:14, 49.80it/s, acc=0.307, device=mps, eta=18s, loss=1.9870, sps=44.6]
BC[stage1_datasets_L40_stepsweep/bc_baseline_none_steps10000_tr2]:  93%|█████████▎| 9305/10000 [03:28<00:16, 41.15it/s, acc=0.307, device=mps, eta=18s, loss=1.9870, sps=44.6]
BC[stage1_datasets_L40_stepsweep/bc_baseline_none_steps10000_tr2]:  93%|█████████▎| 9311/10000 [03:28<00:15, 44.00it/s, acc=0.307, device=mps, eta=18s, loss=1.9870, sps=44.6]
BC[stage1_datasets_L40_stepsweep/bc_baseline_none_steps10000_tr2]:  93%|█████████▎| 9317/10000 [03:28<00:14, 46.36it/s, acc=0.307, device=mps, eta=18s, loss=1.9870, sps=44.6]
BC[stage1_datasets_L40_stepsweep/bc_baseline_none_steps10000_tr2]:  93%|█████████▎| 9322/10000 [03:29<00:17, 38.82it/s, acc=0.307, device=mps, eta=18s, loss=1.9870, sps=44.6]
BC[stage1_datasets_L40_stepsweep/bc_baseline_none_steps10000_tr2]:  93%|█████████▎| 9328/10000 [03:29<00:15, 42.85it/s, acc=0.307, device=mps, eta=18s, loss=1.9870, sps=44.6]
BC[stage1_datasets_L40_stepsweep/bc_baseline_none_steps10000_tr2]:  93%|█████████▎| 9334/10000 [03:29<00:14, 46.07it/s, acc=0.307, device=mps, eta=18s, loss=1.9870, sps=44.6]
BC[stage1_datasets_L40_stepsweep/bc_baseline_none_steps10000_tr2]:  93%|█████████▎| 9341/10000 [03:29<00:16, 40.31it/s, acc=0.307, device=mps, eta=18s, loss=1.9870, sps=44.6]
BC[stage1_datasets_L40_stepsweep/bc_baseline_none_steps10000_tr2]:  93%|█████████▎| 9347/10000 [03:29<00:14, 44.41it/s, acc=0.307, device=mps, eta=18s, loss=1.9870, sps=44.6]
BC[stage1_datasets_L40_stepsweep/bc_baseline_none_steps10000_tr2]:  94%|█████████▎| 9353/10000 [03:29<00:13, 47.72it/s, acc=0.307, device=mps, eta=18s, loss=1.9870, sps=44.6]
BC[stage1_datasets_L40_stepsweep/bc_baseline_none_steps10000_tr2]:  94%|█████████▎| 9359/10000 [03:29<00:12, 50.27it/s, acc=0.307, device=mps, eta=18s, loss=1.9870, sps=44.6]
BC[stage1_datasets_L40_stepsweep/bc_baseline_none_steps10000_tr2]:  94%|█████████▎| 9365/10000 [03:30<00:15, 40.92it/s, acc=0.307, device=mps, eta=18s, loss=1.9870, sps=44.6]
BC[stage1_datasets_L40_stepsweep/bc_baseline_none_steps10000_tr2]:  94%|█████████▎| 9371/10000 [03:30<00:14, 43.81it/s, acc=0.307, device=mps, eta=18s, loss=1.9870, sps=44.6]
BC[stage1_datasets_L40_stepsweep/bc_baseline_none_steps10000_tr2]:  94%|█████████▍| 9378/10000 [03:30<00:12, 48.42it/s, acc=0.307, device=mps, eta=18s, loss=1.9870, sps=44.6]
BC[stage1_datasets_L40_stepsweep/bc_baseline_none_steps10000_tr2]:  94%|█████████▍| 9384/10000 [03:30<00:14, 41.12it/s, acc=0.307, device=mps, eta=18s, loss=1.9870, sps=44.6]
BC[stage1_datasets_L40_stepsweep/bc_baseline_none_steps10000_tr2]:  94%|█████████▍| 9390/10000 [03:30<00:13, 44.86it/s, acc=0.307, device=mps, eta=18s, loss=1.9870, sps=44.6]
BC[stage1_datasets_L40_stepsweep/bc_baseline_none_steps10000_tr2]:  94%|█████████▍| 9396/10000 [03:30<00:12, 47.41it/s, acc=0.307, device=mps, eta=18s, loss=1.9870, sps=44.6]
BC[stage1_datasets_L40_stepsweep/bc_baseline_none_steps10000_tr2]:  94%|█████████▍| 9396/10000 [03:30<00:12, 47.41it/s, acc=0.309, device=mps, eta=13s, loss=1.9762, sps=44.6]
BC[stage1_datasets_L40_stepsweep/bc_baseline_none_steps10000_tr2]:  94%|█████████▍| 9402/10000 [03:30<00:15, 39.86it/s, acc=0.309, device=mps, eta=13s, loss=1.9762, sps=44.6]
BC[stage1_datasets_L40_stepsweep/bc_baseline_none_steps10000_tr2]:  94%|█████████▍| 9409/10000 [03:31<00:13, 45.15it/s, acc=0.309, device=mps, eta=13s, loss=1.9762, sps=44.6]
BC[stage1_datasets_L40_stepsweep/bc_baseline_none_steps10000_tr2]:  94%|█████████▍| 9415/10000 [03:31<00:12, 47.23it/s, acc=0.309, device=mps, eta=13s, loss=1.9762, sps=44.6]
BC[stage1_datasets_L40_stepsweep/bc_baseline_none_steps10000_tr2]:  94%|█████████▍| 9421/10000 [03:31<00:14, 39.84it/s, acc=0.309, device=mps, eta=13s, loss=1.9762, sps=44.6]
BC[stage1_datasets_L40_stepsweep/bc_baseline_none_steps10000_tr2]:  94%|█████████▍| 9426/10000 [03:31<00:13, 41.06it/s, acc=0.309, device=mps, eta=13s, loss=1.9762, sps=44.6]
BC[stage1_datasets_L40_stepsweep/bc_baseline_none_steps10000_tr2]:  94%|█████████▍| 9432/10000 [03:31<00:12, 45.18it/s, acc=0.309, device=mps, eta=13s, loss=1.9762, sps=44.6]
BC[stage1_datasets_L40_stepsweep/bc_baseline_none_steps10000_tr2]:  94%|█████████▍| 9439/10000 [03:31<00:11, 50.14it/s, acc=0.309, device=mps, eta=13s, loss=1.9762, sps=44.6]
BC[stage1_datasets_L40_stepsweep/bc_baseline_none_steps10000_tr2]:  94%|█████████▍| 9445/10000 [03:31<00:13, 41.94it/s, acc=0.309, device=mps, eta=13s, loss=1.9762, sps=44.6]
BC[stage1_datasets_L40_stepsweep/bc_baseline_none_steps10000_tr2]:  95%|█████████▍| 9452/10000 [03:31<00:11, 47.37it/s, acc=0.309, device=mps, eta=13s, loss=1.9762, sps=44.6]
BC[stage1_datasets_L40_stepsweep/bc_baseline_none_steps10000_tr2]:  95%|█████████▍| 9459/10000 [03:32<00:10, 52.20it/s, acc=0.309, device=mps, eta=13s, loss=1.9762, sps=44.6]
BC[stage1_datasets_L40_stepsweep/bc_baseline_none_steps10000_tr2]:  95%|█████████▍| 9465/10000 [03:32<00:12, 42.67it/s, acc=0.309, device=mps, eta=13s, loss=1.9762, sps=44.6]
BC[stage1_datasets_L40_stepsweep/bc_baseline_none_steps10000_tr2]:  95%|█████████▍| 9471/10000 [03:32<00:11, 46.26it/s, acc=0.309, device=mps, eta=13s, loss=1.9762, sps=44.6]
BC[stage1_datasets_L40_stepsweep/bc_baseline_none_steps10000_tr2]:  95%|█████████▍| 9477/10000 [03:32<00:10, 48.73it/s, acc=0.309, device=mps, eta=13s, loss=1.9762, sps=44.6]
BC[stage1_datasets_L40_stepsweep/bc_baseline_none_steps10000_tr2]:  95%|█████████▍| 9483/10000 [03:32<00:12, 39.97it/s, acc=0.309, device=mps, eta=13s, loss=1.9762, sps=44.6]
BC[stage1_datasets_L40_stepsweep/bc_baseline_none_steps10000_tr2]:  95%|█████████▍| 9489/10000 [03:32<00:11, 42.74it/s, acc=0.309, device=mps, eta=13s, loss=1.9762, sps=44.6]
BC[stage1_datasets_L40_stepsweep/bc_baseline_none_steps10000_tr2]:  95%|█████████▍| 9495/10000 [03:32<00:11, 45.30it/s, acc=0.309, device=mps, eta=13s, loss=1.9762, sps=44.6]
BC[stage1_datasets_L40_stepsweep/bc_baseline_none_steps10000_tr2]:  95%|█████████▌| 9501/10000 [03:33<00:12, 38.57it/s, acc=0.309, device=mps, eta=13s, loss=1.9762, sps=44.6]
BC[stage1_datasets_L40_stepsweep/bc_baseline_none_steps10000_tr2]:  95%|█████████▌| 9508/10000 [03:33<00:11, 43.97it/s, acc=0.309, device=mps, eta=13s, loss=1.9762, sps=44.6]
BC[stage1_datasets_L40_stepsweep/bc_baseline_none_steps10000_tr2]:  95%|█████████▌| 9515/10000 [03:33<00:09, 49.72it/s, acc=0.309, device=mps, eta=13s, loss=1.9762, sps=44.6]
BC[stage1_datasets_L40_stepsweep/bc_baseline_none_steps10000_tr2]:  95%|█████████▌| 9521/10000 [03:33<00:11, 43.10it/s, acc=0.309, device=mps, eta=13s, loss=1.9762, sps=44.6]
BC[stage1_datasets_L40_stepsweep/bc_baseline_none_steps10000_tr2]:  95%|█████████▌| 9528/10000 [03:33<00:09, 47.96it/s, acc=0.309, device=mps, eta=13s, loss=1.9762, sps=44.6]
BC[stage1_datasets_L40_stepsweep/bc_baseline_none_steps10000_tr2]:  95%|█████████▌| 9534/10000 [03:33<00:09, 50.66it/s, acc=0.309, device=mps, eta=13s, loss=1.9762, sps=44.6]
BC[stage1_datasets_L40_stepsweep/bc_baseline_none_steps10000_tr2]:  95%|█████████▌| 9541/10000 [03:34<00:10, 42.20it/s, acc=0.309, device=mps, eta=13s, loss=1.9762, sps=44.6]
BC[stage1_datasets_L40_stepsweep/bc_baseline_none_steps10000_tr2]:  95%|█████████▌| 9547/10000 [03:34<00:10, 44.77it/s, acc=0.309, device=mps, eta=13s, loss=1.9762, sps=44.6]
BC[stage1_datasets_L40_stepsweep/bc_baseline_none_steps10000_tr2]:  96%|█████████▌| 9553/10000 [03:34<00:09, 47.00it/s, acc=0.309, device=mps, eta=13s, loss=1.9762, sps=44.6]
BC[stage1_datasets_L40_stepsweep/bc_baseline_none_steps10000_tr2]:  96%|█████████▌| 9560/10000 [03:34<00:08, 51.90it/s, acc=0.309, device=mps, eta=13s, loss=1.9762, sps=44.6]
BC[stage1_datasets_L40_stepsweep/bc_baseline_none_steps10000_tr2]:  96%|█████████▌| 9566/10000 [03:34<00:10, 42.89it/s, acc=0.309, device=mps, eta=13s, loss=1.9762, sps=44.6]
BC[stage1_datasets_L40_stepsweep/bc_baseline_none_steps10000_tr2]:  96%|█████████▌| 9573/10000 [03:34<00:08, 47.56it/s, acc=0.309, device=mps, eta=13s, loss=1.9762, sps=44.6]
BC[stage1_datasets_L40_stepsweep/bc_baseline_none_steps10000_tr2]:  96%|█████████▌| 9580/10000 [03:34<00:08, 51.63it/s, acc=0.309, device=mps, eta=13s, loss=1.9762, sps=44.6]
BC[stage1_datasets_L40_stepsweep/bc_baseline_none_steps10000_tr2]:  96%|█████████▌| 9586/10000 [03:34<00:10, 41.01it/s, acc=0.309, device=mps, eta=13s, loss=1.9762, sps=44.6]
BC[stage1_datasets_L40_stepsweep/bc_baseline_none_steps10000_tr2]:  96%|█████████▌| 9592/10000 [03:35<00:09, 44.03it/s, acc=0.309, device=mps, eta=13s, loss=1.9762, sps=44.6]
BC[stage1_datasets_L40_stepsweep/bc_baseline_none_steps10000_tr2]:  96%|█████████▌| 9599/10000 [03:35<00:08, 48.30it/s, acc=0.309, device=mps, eta=13s, loss=1.9762, sps=44.6]
BC[stage1_datasets_L40_stepsweep/bc_baseline_none_steps10000_tr2]:  96%|█████████▌| 9599/10000 [03:35<00:08, 48.30it/s, acc=0.305, device=mps, eta=9s, loss=1.9932, sps=44.6] 
BC[stage1_datasets_L40_stepsweep/bc_baseline_none_steps10000_tr2]:  96%|█████████▌| 9605/10000 [03:35<00:09, 41.11it/s, acc=0.305, device=mps, eta=9s, loss=1.9932, sps=44.6]
BC[stage1_datasets_L40_stepsweep/bc_baseline_none_steps10000_tr2]:  96%|█████████▌| 9612/10000 [03:35<00:08, 46.00it/s, acc=0.305, device=mps, eta=9s, loss=1.9932, sps=44.6]
BC[stage1_datasets_L40_stepsweep/bc_baseline_none_steps10000_tr2]:  96%|█████████▌| 9619/10000 [03:35<00:07, 51.07it/s, acc=0.305, device=mps, eta=9s, loss=1.9932, sps=44.6]
BC[stage1_datasets_L40_stepsweep/bc_baseline_none_steps10000_tr2]:  96%|█████████▋| 9625/10000 [03:35<00:08, 42.63it/s, acc=0.305, device=mps, eta=9s, loss=1.9932, sps=44.6]
BC[stage1_datasets_L40_stepsweep/bc_baseline_none_steps10000_tr2]:  96%|█████████▋| 9632/10000 [03:35<00:07, 47.12it/s, acc=0.305, device=mps, eta=9s, loss=1.9932, sps=44.6]
BC[stage1_datasets_L40_stepsweep/bc_baseline_none_steps10000_tr2]:  96%|█████████▋| 9639/10000 [03:36<00:07, 51.12it/s, acc=0.305, device=mps, eta=9s, loss=1.9932, sps=44.6]
BC[stage1_datasets_L40_stepsweep/bc_baseline_none_steps10000_tr2]:  96%|█████████▋| 9645/10000 [03:36<00:08, 42.63it/s, acc=0.305, device=mps, eta=9s, loss=1.9932, sps=44.6]
BC[stage1_datasets_L40_stepsweep/bc_baseline_none_steps10000_tr2]:  97%|█████████▋| 9651/10000 [03:36<00:07, 45.70it/s, acc=0.305, device=mps, eta=9s, loss=1.9932, sps=44.6]
BC[stage1_datasets_L40_stepsweep/bc_baseline_none_steps10000_tr2]:  97%|█████████▋| 9658/10000 [03:36<00:06, 49.85it/s, acc=0.305, device=mps, eta=9s, loss=1.9932, sps=44.6]
BC[stage1_datasets_L40_stepsweep/bc_baseline_none_steps10000_tr2]:  97%|█████████▋| 9664/10000 [03:36<00:08, 41.83it/s, acc=0.305, device=mps, eta=9s, loss=1.9932, sps=44.6]
BC[stage1_datasets_L40_stepsweep/bc_baseline_none_steps10000_tr2]:  97%|█████████▋| 9670/10000 [03:36<00:07, 45.11it/s, acc=0.305, device=mps, eta=9s, loss=1.9932, sps=44.6]
BC[stage1_datasets_L40_stepsweep/bc_baseline_none_steps10000_tr2]:  97%|█████████▋| 9676/10000 [03:36<00:06, 47.67it/s, acc=0.305, device=mps, eta=9s, loss=1.9932, sps=44.6]
BC[stage1_datasets_L40_stepsweep/bc_baseline_none_steps10000_tr2]:  97%|█████████▋| 9682/10000 [03:37<00:07, 40.35it/s, acc=0.305, device=mps, eta=9s, loss=1.9932, sps=44.6]
BC[stage1_datasets_L40_stepsweep/bc_baseline_none_steps10000_tr2]:  97%|█████████▋| 9688/10000 [03:37<00:07, 44.54it/s, acc=0.305, device=mps, eta=9s, loss=1.9932, sps=44.6]
BC[stage1_datasets_L40_stepsweep/bc_baseline_none_steps10000_tr2]:  97%|█████████▋| 9694/10000 [03:37<00:06, 47.10it/s, acc=0.305, device=mps, eta=9s, loss=1.9932, sps=44.6]
BC[stage1_datasets_L40_stepsweep/bc_baseline_none_steps10000_tr2]:  97%|█████████▋| 9701/10000 [03:37<00:07, 40.60it/s, acc=0.305, device=mps, eta=9s, loss=1.9932, sps=44.6]
BC[stage1_datasets_L40_stepsweep/bc_baseline_none_steps10000_tr2]:  97%|█████████▋| 9707/10000 [03:37<00:06, 44.07it/s, acc=0.305, device=mps, eta=9s, loss=1.9932, sps=44.6]
BC[stage1_datasets_L40_stepsweep/bc_baseline_none_steps10000_tr2]:  97%|█████████▋| 9713/10000 [03:37<00:06, 46.75it/s, acc=0.305, device=mps, eta=9s, loss=1.9932, sps=44.6]
BC[stage1_datasets_L40_stepsweep/bc_baseline_none_steps10000_tr2]:  97%|█████████▋| 9719/10000 [03:37<00:05, 49.65it/s, acc=0.305, device=mps, eta=9s, loss=1.9932, sps=44.6]
BC[stage1_datasets_L40_stepsweep/bc_baseline_none_steps10000_tr2]:  97%|█████████▋| 9725/10000 [03:38<00:06, 41.62it/s, acc=0.305, device=mps, eta=9s, loss=1.9932, sps=44.6]
BC[stage1_datasets_L40_stepsweep/bc_baseline_none_steps10000_tr2]:  97%|█████████▋| 9731/10000 [03:38<00:05, 45.38it/s, acc=0.305, device=mps, eta=9s, loss=1.9932, sps=44.6]
BC[stage1_datasets_L40_stepsweep/bc_baseline_none_steps10000_tr2]:  97%|█████████▋| 9737/10000 [03:38<00:05, 47.88it/s, acc=0.305, device=mps, eta=9s, loss=1.9932, sps=44.6]
BC[stage1_datasets_L40_stepsweep/bc_baseline_none_steps10000_tr2]:  97%|█████████▋| 9743/10000 [03:38<00:06, 40.12it/s, acc=0.305, device=mps, eta=9s, loss=1.9932, sps=44.6]
BC[stage1_datasets_L40_stepsweep/bc_baseline_none_steps10000_tr2]:  97%|█████████▋| 9749/10000 [03:38<00:05, 43.86it/s, acc=0.305, device=mps, eta=9s, loss=1.9932, sps=44.6]
BC[stage1_datasets_L40_stepsweep/bc_baseline_none_steps10000_tr2]:  98%|█████████▊| 9755/10000 [03:38<00:05, 47.19it/s, acc=0.305, device=mps, eta=9s, loss=1.9932, sps=44.6]
BC[stage1_datasets_L40_stepsweep/bc_baseline_none_steps10000_tr2]:  98%|█████████▊| 9761/10000 [03:38<00:05, 39.96it/s, acc=0.305, device=mps, eta=9s, loss=1.9932, sps=44.6]
BC[stage1_datasets_L40_stepsweep/bc_baseline_none_steps10000_tr2]:  98%|█████████▊| 9767/10000 [03:38<00:05, 43.63it/s, acc=0.305, device=mps, eta=9s, loss=1.9932, sps=44.6]
BC[stage1_datasets_L40_stepsweep/bc_baseline_none_steps10000_tr2]:  98%|█████████▊| 9773/10000 [03:39<00:04, 46.82it/s, acc=0.305, device=mps, eta=9s, loss=1.9932, sps=44.6]
BC[stage1_datasets_L40_stepsweep/bc_baseline_none_steps10000_tr2]:  98%|█████████▊| 9780/10000 [03:39<00:04, 52.03it/s, acc=0.305, device=mps, eta=9s, loss=1.9932, sps=44.6]
BC[stage1_datasets_L40_stepsweep/bc_baseline_none_steps10000_tr2]:  98%|█████████▊| 9786/10000 [03:39<00:05, 42.10it/s, acc=0.305, device=mps, eta=9s, loss=1.9932, sps=44.6]
BC[stage1_datasets_L40_stepsweep/bc_baseline_none_steps10000_tr2]:  98%|█████████▊| 9792/10000 [03:39<00:04, 45.30it/s, acc=0.305, device=mps, eta=9s, loss=1.9932, sps=44.6]
BC[stage1_datasets_L40_stepsweep/bc_baseline_none_steps10000_tr2]:  98%|█████████▊| 9798/10000 [03:39<00:04, 48.03it/s, acc=0.305, device=mps, eta=9s, loss=1.9932, sps=44.6]
BC[stage1_datasets_L40_stepsweep/bc_baseline_none_steps10000_tr2]:  98%|█████████▊| 9798/10000 [03:39<00:04, 48.03it/s, acc=0.310, device=mps, eta=4s, loss=1.9802, sps=44.6]
BC[stage1_datasets_L40_stepsweep/bc_baseline_none_steps10000_tr2]:  98%|█████████▊| 9804/10000 [03:39<00:04, 40.52it/s, acc=0.310, device=mps, eta=4s, loss=1.9802, sps=44.6]
BC[stage1_datasets_L40_stepsweep/bc_baseline_none_steps10000_tr2]:  98%|█████████▊| 9810/10000 [03:39<00:04, 44.31it/s, acc=0.310, device=mps, eta=4s, loss=1.9802, sps=44.6]
BC[stage1_datasets_L40_stepsweep/bc_baseline_none_steps10000_tr2]:  98%|█████████▊| 9816/10000 [03:40<00:03, 47.46it/s, acc=0.310, device=mps, eta=4s, loss=1.9802, sps=44.6]
BC[stage1_datasets_L40_stepsweep/bc_baseline_none_steps10000_tr2]:  98%|█████████▊| 9822/10000 [03:40<00:04, 37.21it/s, acc=0.310, device=mps, eta=4s, loss=1.9802, sps=44.6]
BC[stage1_datasets_L40_stepsweep/bc_baseline_none_steps10000_tr2]:  98%|█████████▊| 9827/10000 [03:40<00:04, 39.39it/s, acc=0.310, device=mps, eta=4s, loss=1.9802, sps=44.6]
BC[stage1_datasets_L40_stepsweep/bc_baseline_none_steps10000_tr2]:  98%|█████████▊| 9833/10000 [03:40<00:03, 43.93it/s, acc=0.310, device=mps, eta=4s, loss=1.9802, sps=44.6]
BC[stage1_datasets_L40_stepsweep/bc_baseline_none_steps10000_tr2]:  98%|█████████▊| 9841/10000 [03:40<00:03, 40.73it/s, acc=0.310, device=mps, eta=4s, loss=1.9802, sps=44.6]
BC[stage1_datasets_L40_stepsweep/bc_baseline_none_steps10000_tr2]:  98%|█████████▊| 9849/10000 [03:40<00:03, 47.78it/s, acc=0.310, device=mps, eta=4s, loss=1.9802, sps=44.6]
BC[stage1_datasets_L40_stepsweep/bc_baseline_none_steps10000_tr2]:  99%|█████████▊| 9857/10000 [03:40<00:02, 53.39it/s, acc=0.310, device=mps, eta=4s, loss=1.9802, sps=44.6]
BC[stage1_datasets_L40_stepsweep/bc_baseline_none_steps10000_tr2]:  99%|█████████▊| 9863/10000 [03:41<00:03, 44.36it/s, acc=0.310, device=mps, eta=4s, loss=1.9802, sps=44.6]
BC[stage1_datasets_L40_stepsweep/bc_baseline_none_steps10000_tr2]:  99%|█████████▊| 9869/10000 [03:41<00:02, 46.86it/s, acc=0.310, device=mps, eta=4s, loss=1.9802, sps=44.6]
BC[stage1_datasets_L40_stepsweep/bc_baseline_none_steps10000_tr2]:  99%|█████████▉| 9875/10000 [03:41<00:02, 49.44it/s, acc=0.310, device=mps, eta=4s, loss=1.9802, sps=44.6]
BC[stage1_datasets_L40_stepsweep/bc_baseline_none_steps10000_tr2]:  99%|█████████▉| 9881/10000 [03:41<00:02, 40.73it/s, acc=0.310, device=mps, eta=4s, loss=1.9802, sps=44.6]
BC[stage1_datasets_L40_stepsweep/bc_baseline_none_steps10000_tr2]:  99%|█████████▉| 9887/10000 [03:41<00:02, 44.42it/s, acc=0.310, device=mps, eta=4s, loss=1.9802, sps=44.6]
BC[stage1_datasets_L40_stepsweep/bc_baseline_none_steps10000_tr2]:  99%|█████████▉| 9893/10000 [03:41<00:02, 47.26it/s, acc=0.310, device=mps, eta=4s, loss=1.9802, sps=44.6]
BC[stage1_datasets_L40_stepsweep/bc_baseline_none_steps10000_tr2]:  99%|█████████▉| 9900/10000 [03:41<00:01, 52.39it/s, acc=0.310, device=mps, eta=4s, loss=1.9802, sps=44.6]
BC[stage1_datasets_L40_stepsweep/bc_baseline_none_steps10000_tr2]:  99%|█████████▉| 9906/10000 [03:42<00:02, 42.09it/s, acc=0.310, device=mps, eta=4s, loss=1.9802, sps=44.6]
BC[stage1_datasets_L40_stepsweep/bc_baseline_none_steps10000_tr2]:  99%|█████████▉| 9912/10000 [03:42<00:01, 45.79it/s, acc=0.310, device=mps, eta=4s, loss=1.9802, sps=44.6]
BC[stage1_datasets_L40_stepsweep/bc_baseline_none_steps10000_tr2]:  99%|█████████▉| 9919/10000 [03:42<00:01, 49.73it/s, acc=0.310, device=mps, eta=4s, loss=1.9802, sps=44.6]
BC[stage1_datasets_L40_stepsweep/bc_baseline_none_steps10000_tr2]:  99%|█████████▉| 9925/10000 [03:42<00:01, 41.97it/s, acc=0.310, device=mps, eta=4s, loss=1.9802, sps=44.6]
BC[stage1_datasets_L40_stepsweep/bc_baseline_none_steps10000_tr2]:  99%|█████████▉| 9930/10000 [03:42<00:01, 43.70it/s, acc=0.310, device=mps, eta=4s, loss=1.9802, sps=44.6]
BC[stage1_datasets_L40_stepsweep/bc_baseline_none_steps10000_tr2]:  99%|█████████▉| 9935/10000 [03:42<00:01, 45.14it/s, acc=0.310, device=mps, eta=4s, loss=1.9802, sps=44.6]
BC[stage1_datasets_L40_stepsweep/bc_baseline_none_steps10000_tr2]:  99%|█████████▉| 9941/10000 [03:42<00:01, 37.40it/s, acc=0.310, device=mps, eta=4s, loss=1.9802, sps=44.6]
BC[stage1_datasets_L40_stepsweep/bc_baseline_none_steps10000_tr2]:  99%|█████████▉| 9947/10000 [03:43<00:01, 41.77it/s, acc=0.310, device=mps, eta=4s, loss=1.9802, sps=44.6]
BC[stage1_datasets_L40_stepsweep/bc_baseline_none_steps10000_tr2]: 100%|█████████▉| 9953/10000 [03:43<00:01, 45.31it/s, acc=0.310, device=mps, eta=4s, loss=1.9802, sps=44.6]
BC[stage1_datasets_L40_stepsweep/bc_baseline_none_steps10000_tr2]: 100%|█████████▉| 9960/10000 [03:43<00:00, 50.68it/s, acc=0.310, device=mps, eta=4s, loss=1.9802, sps=44.6]
BC[stage1_datasets_L40_stepsweep/bc_baseline_none_steps10000_tr2]: 100%|█████████▉| 9966/10000 [03:43<00:00, 41.32it/s, acc=0.310, device=mps, eta=4s, loss=1.9802, sps=44.6]
BC[stage1_datasets_L40_stepsweep/bc_baseline_none_steps10000_tr2]: 100%|█████████▉| 9972/10000 [03:43<00:00, 45.02it/s, acc=0.310, device=mps, eta=4s, loss=1.9802, sps=44.6]
BC[stage1_datasets_L40_stepsweep/bc_baseline_none_steps10000_tr2]: 100%|█████████▉| 9978/10000 [03:43<00:00, 47.08it/s, acc=0.310, device=mps, eta=4s, loss=1.9802, sps=44.6]
BC[stage1_datasets_L40_stepsweep/bc_baseline_none_steps10000_tr2]: 100%|█████████▉| 9984/10000 [03:43<00:00, 38.75it/s, acc=0.310, device=mps, eta=4s, loss=1.9802, sps=44.6]
BC[stage1_datasets_L40_stepsweep/bc_baseline_none_steps10000_tr2]: 100%|█████████▉| 9990/10000 [03:44<00:00, 42.13it/s, acc=0.310, device=mps, eta=4s, loss=1.9802, sps=44.6]
BC[stage1_datasets_L40_stepsweep/bc_baseline_none_steps10000_tr2]: 100%|█████████▉| 9997/10000 [03:44<00:00, 46.99it/s, acc=0.310, device=mps, eta=4s, loss=1.9802, sps=44.6]
BC[stage1_datasets_L40_stepsweep/bc_baseline_none_steps10000_tr2]: 100%|█████████▉| 9997/10000 [03:44<00:00, 46.99it/s, acc=0.306, device=mps, eta=0s, loss=1.9843, sps=44.6]
BC[stage1_datasets_L40_stepsweep/bc_baseline_none_steps10000_tr2]: 100%|██████████| 10000/10000 [03:44<00:00, 44.61it/s, acc=0.306, device=mps, eta=0s, loss=1.9843, sps=44.6]
Saved checkpoint: runs/stage1_datasets_L40_stepsweep/bc_baseline_none_steps10000_tr2/bc_ckpt.pt (elapsed 3m44s)
